outer_fold,tree_number,n_leaves,stump,min_leaf_samples,median_leaf_samples,max_leaf_samples,min_leaf_sum_hessian,median_leaf_sum_hessian,max_leaf_sum_hessian,zero_sum_hessian_leaf_count,all_zero_hessian_sample_leaf_count
0,1,30,False,1,46.5,489,1.0,11.522786458333334,137.00260416666666,0,0
0,2,29,False,2,37.0,374,2.0130208333333335,8.078125,101.24088541666667,0,0
0,3,27,False,2,52.0,443,2.0,11.09765625,104.625,0,0
0,4,30,False,2,40.0,373,1.0065104166666667,11.029296875,97.49479166666667,0,0
0,5,28,False,2,40.0,370,1.0065104166666667,11.048828125,101.6640625,0,0
0,6,27,False,3,57.0,423,2.01953125,10.188802083333334,104.625,0,0
0,7,26,False,3,39.5,522,1.01953125,8.750651041666668,132.015625,0,0
0,8,28,False,2,44.5,370,2.0130208333333335,12.516276041666668,98.22135416666667,0,0
0,9,28,False,2,42.5,443,2.0,12.081380208333334,90.31901041666667,0,0
0,10,27,False,2,39.0,694,1.0130208333333335,9.045572916666666,166.85286458333334,0,0
0,11,27,False,2,41.0,437,2.0130208333333335,10.026041666666666,98.22135416666667,0,0
0,12,26,False,1,42.5,812,1.0065104166666667,10.620442708333332,197.97005208333334,0,0
0,13,29,False,2,39.0,340,1.078125,10.09765625,97.49479166666667,0,0
0,14,29,False,2,48.0,340,2.0130208333333335,12.01953125,97.49479166666667,0,0
0,15,25,False,3,51.0,740,2.01953125,9.01953125,177.93098958333334,0,0
0,16,28,False,2,56.5,340,2.0130208333333335,16.581380208333336,92.22135416666667,0,0
0,17,28,False,2,69.0,335,1.0065104166666667,15.532552083333332,86.22786458333333,0,0
0,18,26,False,2,42.5,740,1.0,8.113932291666666,177.93098958333334,0,0
0,19,29,False,2,37.0,479,2.0130208333333335,9.026041666666666,98.22135416666667,0,0
0,20,28,False,2,40.0,498,2.0130208333333335,11.01953125,116.37760416666667,0,0
0,21,27,False,2,29.0,740,1.0,6.123697916666667,177.93098958333334,0,0
0,22,31,False,15,64.0,343,1.078125,13.09765625,91.20833333333333,0,0
0,23,28,False,2,51.0,445,2.0130208333333335,12.107421875,116.43619791666667,0,0
0,24,29,False,11,42.0,506,3.0455729166666665,10.032552083333334,65.24088541666667,0,0
0,25,30,False,2,41.0,498,1.0065104166666667,11.029296875,116.37760416666667,0,0
0,26,25,False,3,42.0,800,2.01953125,8.078125,200.90494791666666,0,0
0,27,28,False,2,50.5,425,1.0260416666666667,11.022786458333332,83.20833333333333,0,0
0,28,23,False,2,43.0,692,1.0260416666666667,9.260416666666668,168.78125,0,0
0,29,29,False,2,49.0,425,1.078125,10.091145833333334,83.20833333333333,0,0
0,30,27,False,2,50.0,371,2.0130208333333335,9.01953125,111.33203125,0,0
0,31,25,False,2,36.0,800,2.0,8.078125,200.90494791666666,0,0
0,32,28,False,3,48.0,379,2.01953125,11.110677083333332,109.98958333333333,0,0
0,33,27,False,3,44.0,496,2.01953125,11.162760416666666,104.15234375,0,0
0,34,29,False,10,54.0,498,4.026041666666667,16.026041666666668,116.37760416666667,0,0
0,35,27,False,2,44.0,425,2.0130208333333335,10.013020833333334,111.33203125,0,0
0,36,22,False,4,30.5,740,1.0260416666666667,8.094401041666668,177.93098958333334,0,0
0,37,29,False,3,46.0,489,2.01953125,8.1171875,140.9765625,0,0
0,38,26,False,13,47.5,525,2.0716145833333335,8.581380208333332,121.61848958333333,0,0
0,39,27,False,3,44.0,653,2.01953125,10.182291666666666,153.37369791666666,0,0
0,40,28,False,3,43.0,498,2.0130208333333335,12.5390625,116.37760416666667,0,0
0,41,26,False,2,38.0,800,1.0130208333333335,7.074869791666666,200.90494791666666,0,0
0,42,27,False,3,44.0,379,2.01953125,12.071614583333334,111.33203125,0,0
0,43,24,False,2,28.5,840,1.0130208333333335,8.035807291666668,199.02864583333334,0,0
0,44,29,False,3,46.0,379,2.01953125,6.149739583333334,109.98958333333333,0,0
0,45,26,False,13,45.0,431,2.0716145833333335,13.09765625,90.31901041666667,0,0
0,46,31,False,2,54.0,305,2.0130208333333335,10.026041666666666,83.22786458333333,0,0
0,47,26,False,13,40.5,815,2.0716145833333335,9.561848958333332,189.08723958333334,0,0
0,48,27,False,3,44.0,379,2.01953125,12.071614583333334,111.33203125,0,0
0,49,23,False,4,43.0,800,1.0260416666666667,9.065104166666666,200.90494791666666,0,0
0,50,28,False,21,49.0,409,5.0390625,13.571614583333332,99.52734375,0,0
0,51,31,False,14,58.0,228,5.026041666666667,16.013020833333332,59.3125,0,0
0,52,26,False,21,59.5,344,4.071614583333333,12.721354166666668,93.69010416666667,0,0
0,53,24,False,10,54.5,492,3.01953125,9.061848958333334,127.56640625,0,0
0,54,27,False,3,44.0,379,2.01953125,12.071614583333334,111.33203125,0,0
0,55,28,False,1,47.5,601,1.0,7.59765625,163.32161458333334,0,0
0,56,24,False,11,28.0,800,2.0716145833333335,7.565104166666667,200.90494791666666,0,0
0,57,29,False,12,43.0,395,4.0,12.026041666666666,88.20833333333333,0,0
0,58,28,False,4,61.0,374,2.026041666666667,11.120442708333334,115.37760416666667,0,0
0,59,26,False,5,49.0,639,1.0260416666666667,10.055338541666668,169.46484375,0,0
0,60,30,False,3,38.5,533,2.01953125,6.169270833333334,144.25651041666666,0,0
0,61,30,False,13,36.0,434,2.0716145833333335,9.532552083333334,94.76822916666667,0,0
0,62,27,False,2,36.0,505,2.0,6.052083333333333,116.625,0,0
0,63,27,False,11,53.0,428,4.032552083333333,12.149739583333334,111.33203125,0,0
0,64,29,False,7,42.0,623,2.045572916666667,9.091145833333334,132.04817708333334,0,0
0,65,29,False,13,39.0,374,2.065104166666667,9.065104166666666,115.37760416666667,0,0
0,66,26,False,10,30.0,623,2.065104166666667,8.685546875,163.72265625,0,0
0,67,27,False,9,44.0,537,2.182291666666667,7.01953125,133.61197916666666,0,0
0,68,30,False,8,41.5,388,2.0520833333333335,10.25390625,111.35807291666667,0,0
0,69,26,False,11,49.5,530,2.182291666666667,10.068359375,126.80729166666667,0,0
0,70,25,False,2,64.0,495,1.0130208333333333,12.071614583333334,149.50130208333334,0,0
0,71,28,False,4,46.5,637,1.0130208333333333,9.604166666666668,134.06119791666666,0,0
0,72,24,False,11,46.5,530,3.0716145833333335,10.035807291666668,127.60546875,0,0
0,73,27,False,11,46.0,530,3.0130208333333335,11.032552083333334,126.80729166666667,0,0
0,74,27,False,11,42.0,530,3.0130208333333335,11.143229166666668,126.80729166666667,0,0
0,75,28,False,7,50.0,639,1.0325520833333333,9.188802083333332,169.46484375,0,0
0,76,26,False,11,44.0,530,2.182291666666667,8.003255208333332,126.80729166666667,0,0
0,77,25,False,3,54.0,496,2.0065104166666665,11.15625,114.78125,0,0
0,78,28,False,6,52.5,567,3.0325520833333335,10.594401041666668,149.35416666666666,0,0
0,79,24,False,5,48.0,406,1.01953125,14.591145833333332,111.33203125,0,0
0,80,27,False,2,55.0,537,1.0065104166666667,14.013020833333334,133.61197916666666,0,0
0,81,29,False,2,56.0,567,1.0065104166666667,11.032552083333334,149.35416666666666,0,0
0,82,29,False,5,42.0,538,1.0260416666666667,8.032552083333334,133.61197916666666,0,0
0,83,29,False,7,52.0,538,2.0325520833333335,10.032552083333334,133.61197916666666,0,0
0,84,29,False,4,26.0,825,1.0158682137433561,9.01953125,176.70572916666666,0,0
0,85,28,False,2,56.5,537,1.0065104166666667,10.016276041666666,133.61197916666666,0,0
0,86,25,False,3,41.0,880,1.0,11.026041666666666,180.80338541666666,0,0
0,87,29,False,10,43.0,416,2.104166666666667,9.065104166666666,139.29947916666666,0,0
0,88,25,False,2,49.0,510,1.0065104166666667,9.130208333333334,141.41666666666666,0,0
0,89,27,False,12,49.0,497,3.0390625,13.0390625,128.4296875,0,0
0,90,26,False,2,37.0,662,1.0065104166666667,9.087890625,187.64453125,0,0
0,91,29,False,3,54.0,388,1.0130208333333333,11.013020833333334,120.74869791666667,0,0
0,92,27,False,8,42.0,476,2.0325520833333335,9.01953125,113.43619791666667,0,0
0,93,28,False,4,60.5,314,1.01953125,14.565104166666666,79.32552083333333,0,0
0,94,22,False,3,30.0,601,1.01953125,9.022786458333332,189.55338541666666,0,0
0,95,28,False,5,56.0,406,1.01953125,12.045572916666668,109.30598958333333,0,0
0,96,21,False,8,53.0,737,3.078125,14.013020833333334,145.46890719912682,0,0
0,97,26,False,5,28.5,568,1.01953125,7.071614583333334,148.57942708333334,0,0
0,98,29,False,2,48.0,609,1.0065104166666667,11.05859375,144.1328125,0,0
0,99,25,False,2,34.0,661,1.0130208333333335,11.026041666666666,187.64453125,0,0
0,100,24,False,3,46.0,604,1.01953125,9.93863746915338,190.55989583333334,0,0
0,101,27,False,4,58.0,314,3.0,11.09765625,80.45572916666667,0,0
0,102,18,False,2,35.5,737,1.0130208333333335,15.035807291666668,187.64453125,0,0
0,103,24,False,5,48.5,425,3.0,11.084635416666668,113.43619791666667,0,0
0,104,26,False,10,48.5,633,5.01953125,11.407916903948369,155.56640625,0,0
0,105,23,False,3,32.0,603,1.01953125,9.149739583333334,191.56640625,0,0
0,106,31,False,3,43.0,573,2.0130208333333335,9.032552083333334,162.69010416666666,0,0
0,107,28,False,11,47.5,630,3.0325520833333335,14.532552083333334,128.4296875,0,0
0,108,27,False,5,34.0,582,1.0,10.05859375,131.64453125,0,0
0,109,25,False,4,48.0,513,1.0353994637433561,11.071614583333334,133.4296875,0,0
0,110,23,False,2,35.0,849,1.0130208333333335,10.455729166666666,187.64453125,0,0
0,111,29,False,2,51.0,590,1.30354261579347,9.084635416666666,147.78125,0,0
0,112,27,False,8,34.0,435,3.0130208333333335,9.013020833333334,116.41015625,0,0
0,113,27,False,2,49.0,394,1.0028473804100229,8.065104166666666,118.5078125,0,0
0,114,27,False,5,41.0,547,1.01953125,9.026041666666666,128.4296875,0,0
0,115,24,False,7,34.5,571,3.01953125,10.267942945615035,128.63151041666666,0,0
0,116,23,False,2,35.0,711,1.0065104166666667,9.0390625,204.79427083333334,0,0
0,117,24,False,2,54.5,582,1.0,16.032552083333336,95.00234612281702,0,0
0,118,26,False,6,64.0,425,3.0130208333333335,9.552083333333334,113.43619791666667,0,0
0,119,28,False,7,57.5,497,1.0353994637433561,12.035807291666668,128.4296875,0,0
0,120,30,False,2,41.5,514,1.0130208333333335,7.079548690205011,147.42317708333334,0,0
0,121,23,False,3,82.0,546,1.0,18.25390625,112.38345612661351,0,0
0,122,25,False,19,46.0,571,4.032552083333334,12.05859375,128.63151041666666,0,0
0,123,25,False,2,39.0,662,1.0130208333333335,10.026041666666666,187.64453125,0,0
0,124,20,False,3,38.0,710,1.01953125,9.633463541666668,204.78125,0,0
0,125,28,False,8,43.0,625,3.0130208333333335,10.032552083333332,169.55989583333334,0,0
0,126,24,False,5,45.5,708,1.01953125,11.146484375,157.50960101082003,0,0
0,127,25,False,2,70.0,554,1.0,15.026041666666666,133.63151041666666,0,0
0,128,27,False,6,47.0,543,1.01953125,10.05859375,119.18774321374336,0,0
0,129,18,False,2,38.5,731,1.0065104166666667,13.542317708333332,187.64453125,0,0
0,130,25,False,4,56.0,580,1.0,16.05859375,143.67057291666666,0,0
0,131,26,False,5,32.0,446,1.0,8.01953125,113.43619791666667,0,0
0,132,22,False,3,39.0,710,1.0130208333333333,7.074869791666667,204.78125,0,0
0,133,19,False,13,33.0,699,4.032552083333334,13.0,145.40909738041003,0,0
0,134,22,False,6,50.0,539,1.0353994637433561,12.535807291666668,145.41015625,0,0
0,135,20,False,9,43.0,742,4.0,9.048828125,146.48965451784358,0,0
0,136,22,False,2,23.0,946,1.0,7.071614583333333,185.87962106112377,0,0
0,137,26,False,2,36.0,497,2.0,10.561848958333332,137.41666666666666,0,0
0,138,26,False,1,51.0,546,1.0,12.127968987281701,112.38915088743356,0,0
0,139,23,False,4,104.0,410,1.0130208333333333,19.065104166666668,101.75154529707669,0,0
0,140,27,False,3,34.0,491,3.0,10.0390625,106.87239583333333,0,0
0,141,21,False,17,33.0,662,4.0390625,9.0390625,158.46223958333334,0,0
0,142,27,False,2,39.0,514,2.0,10.051267677486711,140.76822916666666,0,0
0,143,30,False,2,48.0,367,2.0,8.720130682896736,85.65755208333333,0,0
0,144,22,False,11,47.0,945,3.0390625,10.055338541666668,177.7343601698937,0,0
0,145,25,False,3,34.0,580,3.0,11.065104166666666,171.47526041666666,0,0
0,146,25,False,2,30.0,564,1.0065104166666667,7.074461963743356,162.81380208333334,0,0
0,147,23,False,16,35.0,544,4.006510416666667,11.013020833333334,116.29947916666667,0,0
0,148,23,False,11,30.0,674,5.0,10.032552083333334,119.33854166666667,0,0
0,149,23,False,16,47.0,674,6.0,12.065104166666666,118.221096122817,0,0
0,150,22,False,4,30.5,769,1.1778129745634016,9.05859375,202.94401041666666,0,0
0,151,22,False,16,45.0,674,6.0,13.061848958333332,118.21458570615034,0,0
0,152,24,False,14,36.5,576,3.0130208333333335,11.022786458333334,115.36026184035687,0,0
0,153,24,False,11,37.5,1028,4.013020833333333,11.535807291666668,249.66666666666666,0,0
0,154,29,False,2,45.0,939,2.0,10.208333333333334,239.15885416666666,0,0
0,155,21,False,14,48.0,674,3.0130208333333335,11.032552083333334,118.22312784738041,0,0
0,156,28,False,2,43.0,465,1.0512676774867122,9.5390625,103.9375,0,0
0,157,25,False,8,28.0,580,3.065104166666667,7.139566130410023,171.47526041666666,0,0
0,158,24,False,13,29.5,650,3.0130208333333335,10.026041666666666,110.87173737661352,0,0
0,159,23,False,16,42.0,501,6.0,12.065104166666666,115.9920154707669,0,0
0,160,23,False,16,75.0,475,6.0,13.09765625,101.66039946374336,0,0
0,161,24,False,12,31.5,811,3.0130208333333335,10.0390625,173.18382213363705,0,0
0,162,21,False,11,44.0,601,2.0382468441533788,10.045572916666666,144.33203125,0,0
0,163,20,False,15,35.5,711,3.0325520833333335,9.087890625,129.546875,0,0
0,164,23,False,2,29.0,925,1.0512676774867122,6.032552083333333,247.11979166666666,0,0
0,165,22,False,12,33.0,769,2.0911458333333335,8.055338541666668,202.94401041666666,0,0
0,166,24,False,12,36.0,735,3.01953125,10.548828125,160.2212533219438,0,0
0,167,23,False,12,35.0,928,3.01953125,10.01953125,189.3189095719438,0,0
0,168,21,False,5,32.0,871,3.0,6.41015625,243.02213541666666,0,0
0,169,23,False,12,35.0,928,3.01953125,11.065104166666666,189.32094129650721,0,0
0,170,29,False,4,35.0,491,3.0028473804100226,8.045572916666666,149.55338541666666,0,0
0,171,22,False,12,32.0,501,3.0455729166666665,14.516276041666668,115.99119981492028,0,0
0,172,20,False,15,34.0,711,3.0325520833333335,9.084635416666668,129.546875,0,0
0,173,20,False,15,40.5,711,2.0911458333333335,9.084635416666668,156.9765625,0,0
0,174,24,False,6,65.0,474,3.0390625,9.687986427486713,106.45668719153379,0,0
0,175,24,False,8,31.0,1121,2.0520833333333335,8.59765625,260.01291998861046,0,0
0,176,19,False,15,42.0,711,2.0911458333333335,12.071614583333334,156.97940988041003,0,0
0,177,23,False,7,59.0,469,3.0260416666666665,16.071614583333332,106.4977814160972,0,0
0,178,17,False,6,32.0,1355,3.0716145833333335,8.006510416666666,387.6276041666667,0,0
0,179,23,False,13,31.0,953,2.0520833333333335,9.01953125,204.6157845719438,0,0
0,180,20,False,14,32.0,501,3.0390625,10.529296875,144.33203125,0,0
0,181,28,False,10,36.0,580,2.2579696991268032,8.042317708333332,184.57942708333334,0,0
0,182,23,False,12,40.0,475,4.0,13.078125,101.66324684415338,0,0
0,183,21,False,3,29.0,711,1.0130208333333333,9.052083333333334,137.56640625,0,0
0,184,24,False,2,43.0,953,1.0,8.068359375,260.04369839123007,0,0
0,185,23,False,5,69.0,766,2.32307386579347,10.035399463743357,200.81664946374335,0,0
0,186,23,False,15,52.0,501,6.0,12.052083333333334,115.99974195615034,0,0
0,187,21,False,15,32.0,715,3.0679515470766896,12.026041666666666,128.90371701784358,0,0
0,188,23,False,8,30.0,735,3.0,10.01953125,160.21148028189066,0,0
0,189,20,False,10,28.5,909,3.0390625,10.029296875,184.26722665148063,0,0
0,190,20,False,11,29.5,1340,3.0716145833333335,8.114948153948369,381.9848614274867,0,0
0,191,26,False,9,32.0,954,3.0065104166666665,8.064696338743357,241.06038226082003,0,0
0,192,23,False,9,34.0,895,3.0325520833333335,9.40974100702354,176.23833760440394,0,0
0,193,22,False,15,29.0,833,1.0085421412300684,8.565304373101746,210.9468577970767,0,0
0,194,21,False,15,38.0,715,3.0846354166666665,12.013020833333334,128.89069618451026,0,0
0,195,23,False,12,35.0,909,3.01953125,12.052083333333334,184.26274795937738,0,0
0,196,25,False,7,40.0,1050,2.412588387433561,7.122882260820046,266.2369791666667,0,0
0,197,25,False,6,34.0,953,2.25390625,8.045572916666666,260.04369839123007,0,0
0,198,23,False,8,34.0,909,3.01953125,9.05859375,184.2655953397874,0,0
0,199,23,False,10,31.0,605,2.0390625,9.065104166666666,161.71694665907364,0,0
0,200,24,False,7,45.5,453,1.01953125,10.809037170178437,133.50130208333334,0,0
0,201,25,False,7,38.0,954,2.325921246203493,8.045572916666666,241.06038226082003,0,0
0,202,22,False,10,37.0,537,4.0,12.571614583333332,140.23288605732725,0,0
0,203,23,False,9,35.0,671,4.002847380410023,9.080972380410023,140.92527999240698,0,0
0,204,24,False,9,32.5,909,3.0,10.513020833333334,184.2554218868641,0,0
0,205,22,False,9,29.5,951,3.0,10.51953125,204.60397980732725,0,0
0,206,24,False,12,38.0,905,2.035399463743356,10.05859375,208.63939410117692,0,0
0,207,22,False,8,41.5,623,1.0252260108200457,9.532552083333332,191.70597238041003,0,0
0,208,25,False,8,37.0,422,3.0,10.071614583333334,121.63069476082005,0,0
0,209,21,False,5,47.0,871,2.045572916666667,10.170486902050113,156.99135701404708,0,0
0,210,21,False,7,43.0,740,2.01953125,10.01953125,232.92651089123007,0,0
0,211,24,False,8,31.5,909,3.0,9.052083333333332,184.25460623101748,0,0
0,212,26,False,6,31.0,831,1.0085421412300684,6.540078362281701,234.015625,0,0
0,213,23,False,10,30.0,1036,4.035399463743356,10.006510416666666,208.68616825645407,0,0
0,214,27,False,9,30.0,1016,3.080972380410023,10.0,168.3107678435839,0,0
0,215,24,False,3,41.5,954,1.0,7.593993213743357,241.06038226082003,0,0
0,216,26,False,8,47.0,920,2.113524463743356,9.0390625,230.38644587604404,0,0
0,217,21,False,9,32.0,1121,3.0,10.045572916666668,259.9909417710706,0,0
0,218,25,False,15,56.0,500,2.113524463743356,13.20670202164009,92.91918481871679,0,0
0,219,24,False,7,35.5,1012,2.1489239274867122,8.029296875,273.24185827164007,0,0
0,220,26,False,8,51.5,483,2.113524463743356,9.542317708333332,90.84757023538344,0,0
0,221,27,False,7,41.0,815,1.0756780324601367,7.149739583333334,264.03800363041,0,0
0,222,28,False,5,48.0,501,1.0122051774867122,12.584635416666668,90.92772695994685,0,0
0,223,25,False,6,45.0,820,1.1334561266135155,8.045572916666666,245.95255255789672,0,0
0,224,25,False,8,30.0,1133,3.0,9.045572916666666,227.94347949886105,0,0
0,225,24,False,3,37.0,740,1.0,8.599687974563402,232.9200004745634,0,0
0,226,22,False,11,30.5,1058,4.013020833333333,9.055338541666668,211.73458855353076,0,0
0,227,28,False,8,32.0,795,2.113524463743356,8.045572916666668,174.58120076404708,0,0
0,228,23,False,13,25.0,901,2.0130208333333335,8.1171875,199.68292046317387,0,0
0,229,25,False,9,35.0,666,3.0484202970766896,10.065104166666666,156.1698284453303,0,0
0,230,24,False,7,36.5,813,2.1489239274867122,9.059609612281701,218.13850726082003,0,0
0,231,24,False,9,33.5,909,3.0,12.045572916666668,184.2029233105543,0,0
0,232,22,False,7,41.0,813,2.1489239274867122,9.57791737851177,218.13850726082003,0,0
0,233,22,False,14,36.0,892,2.045572916666667,13.035807291666666,186.54253867691725,0,0
0,234,21,False,8,34.0,1174,3.0,9.0,220.02851532839787,0,0
0,235,23,False,7,37.0,634,1.06916761579347,9.045572916666666,197.6856254745634,0,0
0,236,27,False,9,33.0,460,4.002847380410023,10.013020833333334,95.87929183276385,0,0
0,237,26,False,15,35.5,726,2.078125,8.604774701025057,205.4237346953303,0,0
0,238,27,False,11,43.0,843,3.1424135108200457,8.102535354973424,226.7525033219438,0,0
0,239,25,False,12,42.0,886,2.078125,7.135903094153379,247.9282845719438,0,0
0,240,25,False,7,38.0,494,2.1489239274867122,8.045572916666666,117.5590801774867,0,0
0,241,24,False,13,32.5,863,3.0223786304100226,8.045165088743357,237.78465499240698,0,0
0,242,23,False,7,37.0,1012,2.1489239274867122,8.013020833333334,273.23534785497344,0,0
0,243,27,False,5,42.0,795,1.0122051774867122,9.148923927486713,174.5746903473804,0,0
0,244,24,False,13,32.0,814,3.0223786304100226,7.538654672076689,226.71019302866364,0,0
0,245,20,False,5,41.5,967,2.0130208333333335,9.642821338743357,267.35253535497344,0,0
0,246,24,False,19,35.5,863,2.0671358912300684,7.082396070615035,237.78750237281702,0,0
0,247,20,False,10,32.5,669,2.045572916666667,6.561848958333334,230.83902809415338,0,0
0,248,25,False,14,34.0,670,2.1147405324601367,8.065104166666666,172.7246879745634,0,0
0,249,24,False,7,36.5,730,2.1489239274867122,6.1275611593583905,217.05020880789672,0,0
0,250,25,False,11,43.0,886,3.0130208333333335,8.102535354973424,247.93397933276387,0,0
0,251,24,False,6,42.5,623,1.0056947608200455,9.059609612281701,191.6929515470767,0,0
0,252,26,False,8,51.0,501,3.01953125,10.543741398538344,90.9240639236902,0,0
0,253,24,False,7,37.5,988,2.1489239274867122,7.037230981871678,268.48925410497344,0,0
0,254,26,False,8,35.5,726,2.10823011579347,7.543741398538344,205.42942945615033,0,0
0,255,26,False,10,37.5,602,3.01953125,8.124713778948367,143.62418434415338,0,0
0,256,20,False,11,30.0,730,2.027257735383447,6.556354403948367,217.05020880789672,0,0
0,257,26,False,8,45.0,501,2.0093577970766896,9.065104166666668,90.9240639236902,0,0
0,258,25,False,11,33.0,843,3.1424135108200457,7.051267677486712,226.75453504650721,0,0
0,259,31,False,11,36.0,559,1.0260416666666667,8.013020833333334,158.0559035687168,0,0
0,260,27,False,4,47.0,501,2.0065104166666665,11.045572916666666,90.9240639236902,0,0
0,261,18,False,3,26.0,669,1.0065104166666667,4.564288510820045,230.8418754745634,0,0
0,262,30,False,4,35.5,562,1.01953125,7.51953125,168.15925457953682,0,0
0,263,30,False,11,43.5,556,3.0866671412300684,8.101927320615035,153.71491493451026,0,0
0,264,19,False,4,23.0,1032,1.0065104166666667,6.041909880410023,316.3012676774867,0,0
0,265,26,False,6,36.5,573,1.0260416666666667,7.55859375,163.1462337462035,0,0
0,266,23,False,6,39.0,926,1.0085421412300684,7.0390625,276.1649493403569,0,0
0,267,26,False,10,72.0,501,2.0093577970766896,9.611285117691724,90.9240639236902,0,0
0,268,29,False,7,36.0,556,1.0288890470766896,7.0,168.1267024962035,0,0
0,269,23,False,9,35.0,698,3.09765625,8.083819760820045,195.84024416287016,0,0
0,270,27,False,10,47.0,411,2.0028473804100226,8.190018152050113,90.80118166287016,0,0
0,271,29,False,7,36.0,466,1.0260416666666667,7.0390625,140.84757023538344,0,0
0,272,26,False,12,28.0,636,3.01953125,7.660721277050113,194.6856254745634,0,0
0,273,27,False,4,47.0,411,2.0028473804100226,11.0390625,88.71409927866362,0,0
0,274,25,False,17,47.0,603,1.0260416666666667,8.080972380410023,167.2870159453303,0,0
0,275,27,False,10,33.0,873,2.0028473804100226,9.052083333333334,217.02186254271072,0,0
0,276,26,False,15,41.0,646,1.0520833333333333,9.132240057896734,207.61848958333334,0,0
0,277,23,False,9,55.0,620,4.015868213743357,10.112708807896736,200.9016852932802,0,0
0,278,25,False,7,30.0,857,1.0288890470766896,7.052083333333333,236.84283349943053,0,0
0,279,20,False,14,45.0,572,5.05859375,13.063272648538344,104.61415326025057,0,0
0,280,24,False,9,41.0,612,2.027257735383447,13.083819760820045,191.65022601082003,0,0
0,281,24,False,8,37.0,793,1.01953125,8.058185922076689,195.8943592207669,0,0
0,282,24,False,12,35.0,686,3.09765625,9.624305951025057,207.61848958333334,0,0
0,283,22,False,9,45.0,846,3.0325520833333335,8.657058240793472,178.69838826404708,0,0
0,284,25,False,12,36.0,595,3.01953125,10.112708807896736,164.79630255789672,0,0
0,285,24,False,10,37.5,708,2.0,9.135495266230068,150.45383981112377,0,0
0,286,22,False,5,58.0,993,1.0093577970766894,14.042317708333332,255.78708712984056,0,0
0,287,26,False,17,39.0,704,1.0260416666666667,7.57771717207669,190.45587153568718,0,0
0,288,24,False,14,42.5,819,2.31411648158694,6.5390625,239.15111285117692,0,0
0,289,18,False,9,39.5,1104,3.0260416666666665,12.062864820615035,334.59585290907364,0,0
0,290,19,False,11,42.0,921,4.015868213743356,8.083819760820045,234.94536885440394,0,0
0,291,26,False,7,42.5,646,2.01953125,9.029296875,207.61848958333334,0,0
0,292,22,False,13,35.0,572,5.013020833333333,11.526041666666668,104.5881115935839,0,0
0,293,19,False,9,33.0,1148,3.0260416666666665,8.204255054100228,349.6825200503037,0,0
0,294,26,False,11,37.5,603,3.0520833333333335,8.056762231871678,167.27033207574033,0,0
0,295,23,False,13,40.0,595,3.0260416666666665,8.204255054100228,164.79630255789672,0,0
0,296,21,False,6,31.0,907,2.0,5.067135891230069,255.2613895216401,0,0
0,297,20,False,5,50.5,982,2.0679515470766896,7.603758838743357,257.9899837462035,0,0
0,298,26,False,17,36.5,802,1.0260416666666667,7.548420297076689,216.62147933276387,0,0
0,299,19,False,18,50.0,691,3.0455729166666665,12.0390625,170.9415634491268,0,0
0,300,17,False,11,35.0,982,3.0809723804100226,7.093177557896735,285.46605981871676,0,0
0,301,22,False,7,35.5,921,1.0260416666666667,7.55818592207669,234.9417058181473,0,0
0,302,20,False,12,35.0,851,4.071614583333333,10.532552083333334,177.70693040527715,0,0
0,303,15,False,9,40.0,641,3.0130208333333335,7.114740532460137,162.60099005789672,0,0
0,304,20,False,9,54.0,768,3.01953125,9.121658777050115,208.2870159453303,0,0
0,305,25,False,16,32.0,685,2.05859375,8.139566130410023,186.8552967207669,0,0
0,306,25,False,16,34.0,674,1.078125,10.065104166666666,169.07054088363705,0,0
0,307,21,False,5,45.0,700,1.0130208333333333,8.035399463743357,165.96109469912682,0,0
0,308,21,False,12,35.0,684,4.01953125,13.035399463743357,161.61781629650721,0,0
0,309,19,False,14,77.0,851,5.05859375,16.36050505410023,177.7004199886105,0,0
0,310,19,False,12,37.0,580,3.0093577970766896,8.006510416666666,145.09331992691725,0,0
0,311,14,False,11,47.5,1425,4.032552083333333,14.1171875,378.84366398538344,0,0
0,312,20,False,5,39.0,505,3.0065104166666665,8.669471039768414,120.50699684415338,0,0
0,313,16,False,11,37.5,982,3.0838197608200457,7.103959045178436,285.46605981871676,0,0
0,314,26,False,6,38.5,541,3.0056947608200457,7.605590356871678,152.53507023538344,0,0
0,315,27,False,6,46.0,556,3.0056947608200457,8.133055713743357,153.71206755410023,0,0
0,316,26,False,9,41.0,925,1.0028473804100229,8.549843987281701,228.46564457574033,0,0
0,317,17,False,11,34.0,982,1.0390625,7.065104166666667,285.46605981871676,0,0
0,318,22,False,10,46.0,851,3.0130208333333335,14.085243451025057,177.68739915527715,0,0
0,319,21,False,9,57.0,703,3.0065104166666665,10.0390625,187.13158160117692,0,0
0,320,15,False,11,74.0,1425,4.023594699126804,7.05859375,378.83715356871676,0,0
0,321,26,False,8,30.5,991,1.1236979166666667,6.595416903948367,285.3610626660972,0,0
0,322,21,False,13,31.0,821,2.107414459946849,7.0,196.37734612281702,0,0
0,323,27,False,2,36.0,770,1.0,8.12857702164009,181.96597380410023,0,0
0,324,15,False,9,25.0,1850,1.2278645833333335,7.0,492.7368071374336,0,0
0,325,18,False,15,109.5,453,2.054930713743356,20.844028805998484,103.39631976082005,0,0
0,326,21,False,4,37.0,1051,2.03010511579347,6.133055713743357,343.2532477932802,0,0
0,327,22,False,8,39.0,453,2.015868213743356,7.550251815205012,103.39631976082005,0,0
0,328,27,False,9,60.0,491,5.013020833333333,13.142413510820045,143.50536553246013,0,0
0,329,22,False,8,40.0,540,2.0484202970766896,6.566120028948368,123.79630255789674,0,0
0,330,23,False,11,54.0,677,4.015868213743356,8.124913985383447,196.36432528948367,0,0
0,331,18,False,15,43.5,1372,2.0484202970766896,8.053099195615033,372.8843429669704,0,0
0,332,15,False,17,34.0,1800,1.0846354166666667,6.086667141230069,482.6525573035307,0,0
0,333,15,False,11,58.0,1425,4.032552083333333,9.139150887433562,378.83715356871676,0,0
0,334,16,False,4,32.0,1922,1.0028473804100229,5.080156724563402,503.8804218868641,0,0
0,335,15,False,12,32.0,1488,1.0846354166666667,7.01953125,410.0898289198937,0,0
0,336,18,False,4,32.5,952,1.0520833333333335,6.063272648538344,204.63408492312072,0,0
0,337,15,False,17,31.0,1800,1.0846354166666667,6.01953125,482.6525573035307,0,0
0,338,21,False,12,39.0,491,5.013020833333333,12.035399463743357,143.82925505410023,0,0
0,339,14,False,3,32.5,1317,1.0,8.046588778948367,304.7158877894837,0,0
0,340,15,False,21,92.0,1019,5.05859375,23.065104166666668,272.0564463506074,0,0
0,341,24,False,6,33.5,936,2.041094224563402,7.04842029707669,249.43064552486712,0,0
0,342,13,False,8,45.0,641,2.074461963743356,9.1171875,200.6998623766135,0,0
0,343,14,False,6,33.5,1053,1.0215629745634016,7.072630445615034,315.647936242407,0,0
0,344,15,False,2,32.0,1922,1.0158682137433561,8.05859375,503.8739114701974,0,0
0,345,14,False,12,32.5,1800,1.0846354166666667,5.570391099563402,482.64319950645404,0,0
0,346,17,False,7,70.0,974,1.077309344153379,16.231928032460136,222.72847854973423,0,0
0,347,12,False,15,42.5,1906,1.0520833333333335,11.09684059415338,495.1229237851177,0,0
0,348,19,False,8,34.0,1363,1.1460765470766894,6.091145833333333,362.8184231444571,0,0
0,349,13,False,16,40.0,1213,1.0716145833333333,9.0390625,334.9384431947608,0,0
0,350,16,False,9,36.5,1491,1.0960249383067577,4.559609612281701,392.0576772494305,0,0
0,351,21,False,3,46.0,1686,1.0065104166666667,6.0390625,413.586222238041,0,0
0,352,13,False,16,32.0,1240,2.074461963743356,8.032552083333334,337.99052652809416,0,0
0,353,15,False,3,43.0,1053,1.0960249383067577,5.060625474563402,315.647936242407,0,0
0,354,17,False,13,26.0,910,1.0394629128701596,5.04842029707669,203.1942388003037,0,0
0,355,17,False,3,28.0,1418,1.0,6.064288510820045,374.1085296839408,0,0
0,356,16,False,9,53.5,980,3.1106770833333335,9.670894729973424,260.6336845102506,0,0
0,357,14,False,8,24.0,1053,1.0846354166666667,5.053099195615035,315.647936242407,0,0
0,358,14,False,6,31.5,1241,1.0,7.042317708333333,336.99255825265755,0,0
0,359,16,False,14,35.5,1491,1.1025353549734245,9.560017440205012,392.0540142131739,0,0
0,360,15,False,3,24.0,1317,1.0,6.064288510820045,304.7158877894837,0,0
0,361,16,False,3,39.5,1179,1.0,7.545165088743357,323.8143596953303,0,0
0,362,20,False,1,50.5,915,1.0,6.594193420178437,297.3574144599468,0,0
0,363,15,False,9,34.0,1119,3.1106770833333335,6.103351010820045,275.9180962889142,0,0
0,364,14,False,3,29.5,1825,1.0,7.561441130410023,452.85518104593774,0,0
0,365,14,False,9,29.0,1423,1.0960249383067577,7.553099195615034,369.2151433181473,0,0
0,366,19,False,3,33.0,717,1.0065104166666667,6.0390625,242.25364820615033,0,0
0,367,15,False,17,35.0,1931,1.1025353549734245,8.045572916666666,489.84379152429767,0,0
0,368,15,False,9,32.0,1304,3.1106770833333335,5.006510416666667,373.9750735573273,0,0
0,369,15,False,5,36.0,752,2.09765625,6.0390625,242.25364820615033,0,0
0,370,12,False,7,34.5,1445,1.0260416666666667,11.558185922076689,376.2562375427107,0,0
0,371,17,False,1,30.0,878,1.0,8.035399463743357,230.7968453397874,0,0
0,372,16,False,7,31.5,1304,1.077309344153379,4.550251815205011,373.9750735573273,0,0
0,373,14,False,12,29.0,1800,1.1025353549734245,5.567135891230068,482.6387208143508,0,0
0,374,10,False,15,38.0,1988,1.0651041666666667,9.230504342255125,529.0684083143508,0,0
0,375,15,False,4,34.0,1935,1.0028473804100229,6.106198391230069,502.1310655134776,0,0
0,376,18,False,1,54.0,878,1.0,7.569375237281701,230.7968453397874,0,0
0,377,19,False,4,49.0,1305,1.0260416666666667,6.026041666666667,299.65985371583145,0,0
0,378,14,False,10,39.5,1246,2.096024938306758,9.591753867691724,289.41938354214125,0,0
0,379,14,False,4,33.5,1999,1.0028473804100229,6.556354403948367,521.2612738468109,0,0
0,380,14,False,12,33.0,1931,1.1025353549734245,5.567135891230068,489.840128488041,0,0
0,381,16,False,6,34.0,707,1.01953125,4.542317708333334,202.49208665527715,0,0
0,382,15,False,4,33.0,1999,1.0028473804100229,6.103351010820045,521.2612738468109,0,0
0,383,12,False,7,35.0,1004,1.0260416666666667,11.551675505410024,250.77488195235384,0,0
0,384,17,False,3,29.0,915,1.0065104166666667,6.047604641230068,240.60682718773728,0,0
0,385,16,False,8,39.0,1235,2.09765625,9.08707496915338,254.68020062167807,0,0
0,386,11,False,7,29.0,1988,1.0260416666666667,8.035399463743357,529.0488770643508,0,0
0,387,17,False,3,40.0,1693,1.0,7.145260891230069,417.59191699886105,0,0
0,388,15,False,9,86.0,805,3.0065104166666665,14.20710243451025,247.10757165907364,0,0
0,389,10,False,20,48.0,2048,1.0764936883067577,7.5390625,545.2543630172742,0,0
0,390,15,False,9,31.0,1734,3.0065104166666665,4.080972380410023,475.60738479973423,0,0
0,391,16,False,7,39.5,1235,2.104166666666667,9.08707496915338,254.68020062167807,0,0
0,392,16,False,3,37.5,717,1.0065104166666667,5.017699731871678,242.25364820615033,0,0
0,393,14,False,2,28.5,1348,1.1025353549734245,8.033975773538344,338.8900228976841,0,0
0,394,15,False,4,33.0,1999,1.0028473804100229,6.103351010820045,521.2482530134776,0,0
0,395,15,False,7,44.0,1235,2.096024938306758,16.032552083333332,254.67369020501138,0,0
0,396,21,False,9,56.0,619,1.0158682137433561,6.01953125,180.18894445235384,0,0
0,397,12,False,7,34.5,1004,1.0260416666666667,10.041909880410023,250.76837153568718,0,0
0,398,16,False,6,32.5,1422,1.0028473804100229,4.574461963743357,359.37992062927106,0,0
0,399,17,False,6,27.0,1185,1.0158682137433561,4.02888904707669,357.770818503227,0,0
0,400,11,False,7,29.0,2023,1.0260416666666667,7.155434344153379,556.1986166476842,0,0
0,401,13,False,12,32.0,1051,3.01953125,9.054930713743357,198.9160497342445,0,0
0,402,11,False,6,50.0,1113,2.0065104166666665,21.10701404707669,318.52790136199695,0,0
0,403,13,False,7,38.0,988,2.0390625,9.054930713743357,281.5421382640471,0,0
0,404,11,False,13,21.0,834,1.0447572608200455,5.013020833333334,259.3309575503037,0,0
0,405,17,False,2,28.0,1999,1.0028473804100229,6.01953125,521.2352321801443,0,0
0,406,12,False,11,54.0,1311,5.013020833333334,8.072222617691724,338.8257343868641,0,0
0,407,18,False,3,43.5,1693,1.0,6.092569523538344,417.59476437927106,0,0
0,408,16,False,6,45.5,1235,3.0655045795368263,9.61637184415338,254.6765375854214,0,0
0,409,11,False,7,29.0,1688,1.0260416666666667,6.01953125,452.5317215973804,0,0
0,410,11,False,6,67.0,1141,2.0065104166666665,20.16479214123007,322.52708570615033,0,0
0,411,18,False,5,31.0,1470,1.0158682137433561,6.545572916666667,345.62445425208807,0,0
0,412,14,False,9,32.5,1422,3.1041666666666665,4.070798927486712,359.37992062927106,0,0
0,413,15,False,9,35.0,1418,1.1025353549734245,6.073646307896735,323.9368118830676,0,0
0,414,15,False,6,87.0,1075,3.104166666666667,9.054930713743357,225.36445282839787,0,0
0,415,19,False,2,19.0,1693,1.0,5.060625474563402,417.5976117596811,0,0
0,416,15,False,9,35.0,1986,1.1025353549734245,6.073646307896735,517.0146788392179,0,0
0,417,14,False,9,29.0,1850,2.0419098804100226,4.043741398538344,508.7497983105543,0,0
0,418,13,False,8,34.0,1366,1.0028473804100229,5.0390625,368.2004911731207,0,0
0,419,19,False,9,46.0,918,1.0223786304100229,7.01953125,178.69551122342446,0,0
0,420,16,False,9,30.0,1986,1.1025353549734245,6.01953125,517.0081684225513,0,0
0,421,13,False,1,50.0,1029,1.0,11.084635416666666,280.8973638003037,0,0
0,422,13,False,10,43.0,1972,1.034583807896735,5.013020833333333,500.1176294371678,0,0
0,423,18,False,6,45.0,805,1.0028473804100229,6.644245028948367,247.10757165907364,0,0
0,424,9,False,8,34.0,1116,2.0028473804100226,10.015868213743357,286.3664993830676,0,0
0,425,10,False,24,31.5,2156,3.0484202970766896,6.051675505410023,549.8252182991648,0,0
0,426,12,False,9,49.5,1444,2.091546246203493,5.558185922076689,386.2212384918375,0,0
0,427,15,False,9,35.0,1408,1.0874827970766894,6.073646307896735,319.9005967634776,0,0
0,428,15,False,17,32.0,946,3.0520833333333335,14.013020833333334,182.6393644409643,0,0
0,429,14,False,8,26.0,1823,1.0158682137433561,6.013020833333333,482.688787253227,0,0
0,430,17,False,5,26.0,707,1.0130208333333335,4.0,202.4790658219438,0,0
0,431,15,False,10,25.0,1800,1.0874827970766894,5.032552083333334,482.61186349183754,0,0
0,432,9,False,26,87.0,1146,5.061441130410023,32.13305571374335,288.57102731112377,0,0
0,433,7,False,11,26.0,906,5.013020833333333,15.01953125,218.3085789198937,0,0
0,434,19,False,14,88.0,766,1.0447572608200455,8.169671246203492,242.93179040907364,0,0
0,435,18,False,6,32.5,1923,1.0028473804100229,5.108845565205011,502.8759283646545,0,0
0,436,15,False,8,42.0,1418,1.1025353549734245,8.078125,323.92379104973423,0,0
0,437,11,False,5,37.0,1266,2.0130208333333335,7.195712912870159,372.05849290527715,0,0
0,438,16,False,3,29.5,1363,1.0065104166666667,5.569783065205011,347.6979730210706,0,0
0,439,7,False,11,26.0,906,5.013020833333333,15.01953125,218.3085789198937,0,0
0,440,15,False,9,35.0,1986,1.0874827970766894,6.0764936883067575,516.9979949696279,0,0
0,441,13,False,5,32.0,1755,1.0028473804100229,5.032552083333333,470.5768644409643,0,0
0,442,11,False,5,33.0,1227,2.0130208333333335,9.090330177486713,357.8973638003037,0,0
0,443,18,False,6,48.0,922,1.01953125,13.053507023538344,179.69103253132118,0,0
0,444,16,False,2,33.0,1850,1.0260416666666667,5.046996606871678,508.7331144409643,0,0
0,445,17,False,10,25.0,1972,1.0874827970766894,7.064288510820045,503.0712408646545,0,0
0,446,13,False,8,46.0,1675,2.021562974563402,12.15625,399.2050974041382,0,0
0,447,7,False,11,26.0,906,5.013020833333333,15.01953125,218.30573153948367,0,0
0,448,14,False,9,36.0,1317,3.0065104166666665,6.591753867691724,360.85991778189066,0,0
0,449,15,False,3,41.0,1513,1.1025353549734245,6.2197228549734245,408.0938775389142,0,0
0,450,13,False,5,32.0,1585,1.0028473804100229,5.032552083333333,419.8962752705011,0,0
0,451,17,False,3,39.0,976,1.0158682137433561,6.06956802866363,291.34927273158695,0,0
0,452,7,False,11,26.0,906,5.013020833333333,15.01953125,218.29922112281702,0,0
0,453,17,False,14,36.0,894,3.0130208333333335,10.093177557896736,249.51040183656036,0,0
0,454,15,False,18,55.0,757,5.096840594153379,17.110677083333332,171.59908587224754,0,0
0,455,14,False,10,25.0,1293,1.0874827970766894,5.046588778948368,337.686998742407,0,0
0,456,16,False,4,36.5,695,1.0028473804100229,4.608437737281701,224.03432576404708,0,0
0,457,15,False,3,24.0,1704,1.0065104166666667,7.054930713743357,455.5223638003037,0,0
0,458,18,False,8,31.5,1095,2.0280733912300684,4.052083333333333,326.5596377894837,0,0
0,459,14,False,9,32.5,1788,1.234375,4.040486190205011,517.5369862851177,0,0
0,460,16,False,4,32.5,1196,1.0028473804100229,4.592161695615034,335.84323391230066,0,0
0,461,7,False,11,43.0,1264,5.013020833333333,12.056962438306758,286.388062357631,0,0
0,462,19,False,5,46.0,922,1.0130208333333335,7.01953125,179.66580652050115,0,0
0,463,13,False,18,128.0,793,6.041909880410023,22.303943028663628,178.68005825265755,0,0
0,464,19,False,7,44.0,766,1.0260416666666667,8.10823011579347,242.93179040907364,0,0
0,465,13,False,13,134.0,711,1.1025353549734245,11.214428507023538,221.08437737281702,0,0
0,466,12,False,18,42.0,951,3.1236979166666665,17.048828125,184.92772695994685,0,0
0,467,16,False,2,45.0,1246,0.20833333333333334,4.033975773538344,381.73988290148066,0,0
0,468,13,False,7,31.0,1624,3.0288890470766896,8.01953125,427.4442388003037,0,0
0,469,7,False,11,96.0,1220,5.032552083333333,31.12857702164009,269.2220541476841,0,0
0,470,17,False,6,48.0,856,0.1171875,5.013020833333333,267.218248742407,0,0
0,471,17,False,4,34.0,1498,1.1041666666666667,7.052083333333333,368.3815519409643,0,0
0,472,19,False,5,38.0,918,1.0130208333333335,7.01953125,178.64545961465453,0,0
0,473,12,False,4,35.5,1097,3.0065104166666665,7.087890625,308.9469853359909,0,0
0,474,19,False,18,43.0,1133,1.0390625,8.109861427486711,316.40054040907364,0,0
0,475,16,False,10,32.5,771,1.0716145833333333,6.070798927486712,221.70230934415338,0,0
0,476,20,False,7,36.0,752,2.0,7.079140862281701,230.11692945615033,0,0
0,477,7,False,11,96.0,1220,5.032552083333333,31.12857702164009,269.2192067672741,0,0
0,478,15,False,9,33.0,1593,1.2437327970766894,9.002847380410023,430.4897820567578,0,0
0,479,11,False,7,29.0,1807,1.0260416666666667,6.013020833333333,486.6090309415338,0,0
0,480,19,False,5,25.0,1050,1.0130208333333335,6.026041666666667,304.83713873861046,0,0
0,481,13,False,13,55.0,790,3.0065104166666665,20.33039993830676,238.2593429669704,0,0
0,482,14,False,9,42.0,1986,1.1025353549734245,8.602335148538344,516.9849741362946,0,0
0,483,14,False,13,28.5,849,3.1265452970766896,8.013020833333332,181.75532104214122,0,0
0,484,14,False,18,40.0,771,1.0716145833333333,10.116371844153377,221.70230934415338,0,0
0,485,15,False,2,33.0,1317,1.01953125,4.065104166666667,360.85910212604404,0,0
0,486,12,False,12,45.5,1280,1.1399665432801822,6.059609612281701,384.9323480210706,0,0
0,487,18,False,6,39.0,1210,1.0130208333333335,7.532144255410023,351.89531724563403,0,0
0,488,19,False,6,44.0,664,3.0,8.120034880410023,202.0371731444571,0,0
0,489,7,False,11,96.0,1220,5.032552083333333,31.12857702164009,269.2183911114275,0,0
0,490,16,False,19,78.5,781,3.0130208333333335,16.18818663392179,236.79630255789672,0,0
0,491,12,False,13,39.5,1109,1.1399665432801822,7.556354403948367,324.608873742407,0,0
0,492,19,False,7,31.0,635,2.0,8.032552083333334,200.8068764236902,0,0
0,493,14,False,11,51.5,1684,1.057778094153379,8.18696315015186,475.44911790527715,0,0
0,494,16,False,6,60.5,790,3.0,12.653803032460136,238.2621903473804,0,0
0,495,11,False,12,31.0,1941,3.01953125,8.05859375,460.587565845672,0,0
0,496,15,False,2,33.0,1344,0.20833333333333334,3.1302083333333335,396.9970369447608,0,0
0,497,13,False,13,134.0,711,1.1025353549734245,11.217275887433562,221.09007213363705,0,0
0,498,18,False,5,27.0,1249,1.0130208333333335,4.571206755410023,326.0462728976841,0,0
0,499,11,False,5,63.0,726,2.0065104166666665,27.12654529707669,227.00788368451026,0,0
0,500,17,False,5,37.0,1323,1.0028473804100229,5.032552083333333,359.0145364701974,0,0
0,501,7,False,19,42.0,1767,12.104166666666666,24.01953125,355.38534251613515,0,0
0,502,14,False,9,39.5,1986,1.1025353549734245,7.607421875,516.9784637196279,0,0
0,503,6,False,6,23.5,1984,2.0260416666666665,12.003255208333332,471.5916441249051,0,0
0,504,14,False,8,70.5,869,1.2437327970766894,9.558185922076689,272.2853846336371,0,0
0,505,14,False,3,26.5,2020,1.0093577970766896,5.055338541666666,533.3845416903948,0,0
0,506,8,False,11,68.0,1444,2.0325520833333335,19.620034880410024,320.87061918659833,0,0
0,507,17,False,9,33.0,1383,3.0716145833333335,8.0390625,323.5565027050114,0,0
0,508,12,False,6,28.5,1860,1.2136128511769173,5.022786458333333,488.8218133067578,0,0
0,509,10,False,22,70.0,1484,3.1200348804100226,19.187370978075172,370.37096324506456,0,0
0,510,15,False,12,37.0,959,1.0716145833333333,5.074461963743356,245.2499851698937,0,0
0,511,6,False,11,23.5,1979,4.05859375,12.003255208333332,468.5822863278284,0,0
0,512,12,False,15,42.0,1243,1.124098329536826,6.546588778948367,368.9400893365604,0,0
0,513,17,False,1,32.0,703,1.0,7.052083333333333,193.1161138003037,0,0
0,514,19,False,14,28.0,680,2.0028473804100226,6.052083333333333,183.9126595719438,0,0
0,515,18,False,2,34.0,1770,0.20833333333333334,3.516276041666667,525.4446243830675,0,0
0,516,8,False,11,67.5,1087,2.0325520833333335,19.633055713743357,294.4806971336371,0,0
0,517,13,False,12,51.0,798,1.1025353549734245,5.013020833333333,256.204412253227,0,0
0,518,22,False,10,84.5,406,1.1590973804100229,13.59765625,115.79588731492028,0,0
0,519,10,False,14,32.5,1702,1.0447572608200455,8.532552083333334,412.8238450313212,0,0
0,520,13,False,10,58.0,1287,1.1590973804100229,7.121250949126804,383.2126963506074,0,0
0,521,13,False,6,31.0,790,3.0065104166666665,6.054930713743356,238.2621903473804,0,0
0,522,19,False,14,35.0,664,2.0028473804100226,8.013020833333334,202.03066272779043,0,0
0,523,10,False,11,27.5,2047,3.2075176774867122,5.05859375,533.4134307374716,0,0
0,524,8,False,11,67.5,1087,2.0325520833333335,19.62654529707669,294.4835445140471,0,0
0,525,10,False,22,113.0,1500,3.113524463743356,28.274861190205012,373.40269967255125,0,0
0,526,15,False,5,25.0,1098,1.0130208333333335,6.01953125,209.78705746962794,0,0
0,527,10,False,10,26.5,828,3.0065104166666665,5.056762231871678,248.3301418944571,0,0
0,528,14,False,7,33.5,1684,1.0260416666666667,6.016276041666666,475.43609707194383,0,0
0,529,17,False,5,30.0,1187,1.0028473804100229,4.0390625,354.66502052486715,0,0
0,530,15,False,2,42.0,1344,0.20833333333333334,4.017084282460137,396.9840161114275,0,0
0,531,10,False,6,152.0,726,0.06510416666666667,28.364776124715263,227.00137326784358,0,0
0,532,6,False,7,23.5,1980,4.05859375,10.5,468.5749602553151,0,0
0,533,15,False,12,46.0,785,1.0716145833333333,6.1171875,226.71533017748672,0,0
0,534,8,False,11,28.0,2167,1.0911458333333333,10.550251815205012,495.919597095672,0,0
0,535,15,False,7,36.0,919,1.0260416666666667,6.0374311883067575,259.2760268365604,0,0
0,536,12,False,20,30.0,2173,3.01953125,6.602943182896735,540.5623546649582,0,0
0,537,10,False,5,24.0,1554,4.0,6.051675505410023,419.1020192672741,0,0
0,538,12,False,9,39.5,1422,3.1171875,8.029296875,385.1113622342445,0,0
0,539,12,False,13,56.0,986,1.1399665432801822,8.600503630410023,292.33991493451026,0,0
0,540,17,False,4,41.0,1323,1.0028473804100229,6.013020833333333,359.0043630172741,0,0
0,541,18,False,8,96.0,766,1.01953125,16.689002289768414,242.92527999240698,0,0
0,542,8,False,11,22.5,2150,2.0325520833333335,15.517699731871678,486.8935554290053,0,0
0,543,10,False,5,25.5,810,4.0,6.051675505410023,235.11896118071374,0,0
0,544,6,False,4,27.5,2360,3.0,14.016276041666666,558.059163226082,0,0
0,545,11,False,17,37.0,1085,3.0130208333333335,11.122066604973424,322.64630493071377,0,0
0,546,16,False,12,41.0,630,3.074461963743356,8.555338541666666,199.01397885820046,0,0
0,547,15,False,12,42.0,822,1.0716145833333333,6.1171875,241.80932339123007,0,0
0,548,20,False,5,32.0,682,2.0,6.053099195615035,183.8996387386105,0,0
0,549,15,False,5,20.0,1141,1.0130208333333335,4.041909880410023,333.98321528568715,0,0
0,550,12,False,9,27.0,1535,3.035399463743356,5.556762231871678,415.08004104973423,0,0
0,551,18,False,7,97.0,766,1.0260416666666667,11.713212438306758,242.92527999240698,0,0
0,552,10,False,5,25.5,1299,4.0,5.561441130410023,343.56694903189066,0,0
0,553,11,False,11,31.0,1960,3.01953125,7.052083333333333,449.5985549544419,0,0
0,554,19,False,5,34.0,1655,2.0,7.0390625,442.80594509301443,0,0
0,555,12,False,3,39.5,1883,1.0,5.545572916666667,512.1257563354214,0,0
0,556,16,False,1,46.5,1405,1.0,11.593585385820045,376.29203741932423,0,0
0,557,18,False,9,109.5,889,1.057778094153379,11.713212438306758,281.0416518365604,0,0
0,558,11,False,11,36.0,1966,2.0325520833333335,17.026041666666668,438.5586767985953,0,0
0,559,11,False,9,40.0,1290,3.0065104166666665,13.041909880410023,349.6837361190205,0,0
0,560,12,False,11,85.0,814,5.01953125,15.186963150151861,249.29392677486712,0,0
0,561,15,False,5,25.0,1098,1.0130208333333335,6.01953125,209.792752230448,0,0
0,562,16,False,5,29.5,1672,1.0028473804100229,3.563272648538345,438.91254389711463,0,0
0,563,10,False,6,65.5,1748,0.06510416666666667,9.184731219153377,453.40066794798787,0,0
0,564,15,False,15,33.0,703,3.0968405941533788,8.257154043280183,193.12180856112377,0,0
0,565,10,False,6,30.0,2102,6.0,14.561848958333332,473.8341460231587,0,0
0,566,14,False,8,39.0,1410,1.01953125,7.563272648538344,341.5788813354214,0,0
0,567,7,False,4,35.0,2192,3.0,13.130208333333334,511.9216288202354,0,0
0,568,13,False,12,28.0,626,4.01953125,8.052083333333334,222.09861427486712,0,0
0,569,10,False,11,90.0,908,2.0325520833333335,21.543333570615033,169.29962153568718,0,0
0,570,16,False,8,29.0,1383,0.17578125,6.077717172076689,338.0690519409643,0,0
0,571,12,False,10,38.0,1883,1.0065104166666667,5.545572916666667,512.1286037158314,0,0
0,572,14,False,13,59.0,1405,2.1692708333333335,12.589106693716781,376.28552700265755,0,0
0,573,17,False,5,33.0,1323,1.0028473804100229,5.0390625,359.0072103976841,0,0
0,574,15,False,9,38.0,1986,1.1025353549734245,4.0634728549734245,516.9674746108581,0,0
0,575,11,False,11,23.0,1807,1.057778094153379,6.013020833333333,486.6017048690205,0,0
0,576,8,False,13,32.5,2311,4.05859375,7.086059106871678,554.9289548927487,0,0
0,577,19,False,8,35.0,620,2.014236902050114,7.125729641230069,152.5025181520501,0,0
0,578,8,False,11,38.0,2150,2.0325520833333335,16.548828125,486.88622935649204,0,0
0,579,9,False,14,58.0,809,0.06510416666666667,7.061441130410023,262.2101070140471,0,0
0,580,10,False,5,25.5,859,2.0065104166666665,6.051675505410023,224.7564244020501,0,0
0,581,14,False,7,41.5,1211,1.1379348187167806,7.06896740935839,360.6292058181473,0,0
0,582,14,False,11,33.5,854,4.01953125,8.053507023538344,246.22882260820046,0,0
0,583,14,False,5,42.5,1986,1.1025353549734245,6.677812974563402,516.9703219912681,0,0
0,584,12,False,13,28.0,2205,3.0,5.024210148538344,547.9623226319286,0,0
0,585,19,False,5,34.0,1044,1.0028473804100229,5.064288510820045,283.66378962604404,0,0
0,586,6,False,4,27.5,2360,3.0,14.016276041666666,558.0546845339787,0,0
0,587,10,False,11,27.0,1510,4.032552083333333,6.051675505410023,450.37056283219437,0,0
0,588,11,False,20,29.0,2256,3.021562974563402,8.013020833333334,549.9407596573652,0,0
0,589,11,False,6,44.0,1442,0.07161458333333334,7.057778094153379,342.02835812927106,0,0
0,590,14,False,8,47.5,1208,1.1379348187167806,7.590330177486712,360.61618498481397,0,0
0,591,17,False,6,40.0,1277,1.0130208333333333,6.041094224563402,348.27005920178436,0,0
0,592,10,False,12,55.0,1290,0.06510416666666667,5.1611291049734245,343.5812007640471,0,0
0,593,10,False,10,37.0,1758,0.06144113041002278,8.526041666666668,416.22298251233866,0,0
0,594,18,False,5,34.5,1868,2.0,5.565712201025057,503.7986190205011,0,0
0,595,12,False,7,166.0,919,0.05493071374335612,26.402214728075172,289.1002455865604,0,0
0,596,10,False,11,55.0,2032,0.06510416666666667,6.062456992691724,532.9499750854214,0,0
0,597,21,False,3,49.0,706,1.0065104166666667,8.0390625,217.41314599943053,0,0
0,598,8,False,11,22.5,2108,2.0325520833333335,15.009765625,475.71126376233866,0,0
0,599,16,False,12,34.5,1156,3.1359030941533788,9.071614583333334,349.9128019409643,0,0
0,600,15,False,7,33.0,706,0.02807339123006834,7.0390625,224.0782673690205,0,0
0,601,11,False,6,53.0,1070,1.0122051774867122,9.0390625,329.4957496915338,0,0
0,602,12,False,4,34.0,1510,1.0130208333333333,5.582396070615035,463.27005920178436,0,0
0,603,12,False,12,48.0,1220,1.1399665432801822,7.120442708333334,358.77569760820046,0,0
0,604,11,False,11,27.0,1826,2.0325520833333335,15.110677083333334,419.3230857298785,0,0
0,605,21,False,9,34.0,713,0.09765625,7.006510416666667,146.5140500427107,0,0
0,606,13,False,17,30.0,1061,3.0,8.048420297076689,208.71585812927108,0,0
0,607,10,False,6,107.5,1442,0.07161458333333334,17.798048061408505,342.0218477126044,0,0
0,608,19,False,5,30.0,1044,1.0028473804100229,5.032552083333333,283.65727920937735,0,0
0,609,7,False,4,30.0,2387,3.0,4.05859375,575.0481741173121,0,0
0,610,11,False,14,28.0,2223,1.124098329536826,7.041909880410023,556.7625462699317,0,0
0,611,10,False,12,29.0,1189,0.06144113041002278,5.067135891230068,360.00394777429767,0,0
0,612,9,False,5,24.0,1393,4.0,8.026041666666666,390.8123131406606,0,0
0,613,11,False,13,40.0,1290,3.0,13.041909880410023,349.6837361190205,0,0
0,614,11,False,6,47.0,1868,1.0122051774867122,7.169270833333333,488.7774416287016,0,0
0,615,24,False,3,43.0,616,0.13305571374335612,9.114948153948369,144.65347380410023,0,0
0,616,8,False,18,40.0,2069,0.06144113041002278,7.548012469153378,517.6217640708048,0,0
0,617,9,False,14,52.0,1528,0.06510416666666667,7.061441130410023,467.29610086845105,0,0
0,618,7,False,4,31.0,2354,3.0,5.078125,568.9924277477221,0,0
0,619,15,False,7,33.0,701,0.02807339123006834,7.0390625,217.8654701736902,0,0
0,620,8,False,11,45.5,2093,2.0325520833333335,20.069783065205012,468.66853822608203,0,0
0,621,19,False,5,34.0,1115,1.0028473804100229,5.064288510820045,325.7764984339408,0,0
0,622,9,False,16,27.0,1554,4.032552083333333,8.054115057896736,419.10974575265755,0,0
0,623,14,False,9,39.5,1680,0.1171875,3.5618489583333335,470.5984125854214,0,0
0,624,10,False,14,59.5,1290,0.06510416666666667,7.15604237851177,343.5840481444571,0,0
0,625,21,False,3,47.0,783,0.06510416666666667,9.022378630410023,217.5779381406606,0,0
0,626,15,False,9,33.0,1336,0.02807339123006834,7.0390625,357.07068325265755,0,0
0,627,12,False,11,55.5,825,5.01953125,11.053507023538344,249.29677415527715,0,0
0,628,8,False,11,27.5,2108,2.0325520833333335,17.016276041666668,466.72062155941535,0,0
0,629,19,False,12,37.0,1044,0.0390625,7.032552083333333,283.6601265897874,0,0
0,630,12,False,13,31.5,1134,0.0390625,8.503255208333332,242.010443360858,0,0
0,631,21,False,3,34.0,713,0.09765625,7.006510416666667,146.5140500427107,0,0
0,632,9,False,8,33.0,2294,1.1399665432801822,5.06795154707669,583.8500290670083,0,0
0,633,15,False,3,66.0,793,2.0065104166666665,13.174149938306758,178.65523265470767,0,0
0,634,10,False,11,34.5,2061,2.0325520833333335,15.04048619020501,467.58390280941535,0,0
0,635,10,False,12,58.0,1290,0.0968405941533789,6.615964016230068,343.57753772779046,0,0
0,636,10,False,11,55.5,2048,0.09033017748671222,6.592361902050114,541.0553578208048,0,0
0,637,10,False,7,55.0,894,0.09033017748671222,4.533567945615034,276.2760268365604,0,0
0,638,14,False,5,49.0,1110,0.09033017748671222,6.048420297076689,302.73662027809416,0,0
0,639,9,False,11,29.0,2311,4.032552083333333,5.074461963743356,554.9106397114655,0,0
0,640,15,False,9,31.0,706,0.02807339123006834,7.0390625,224.07094129650721,0,0
0,641,8,False,8,29.5,2356,0.052083333333333336,3.5526913676917236,588.9423909690585,0,0
0,642,10,False,4,17.0,2061,0.07161458333333334,4.507934106871678,506.13551454536827,0,0
0,643,10,False,10,27.5,2047,3.210365057896735,5.051675505410023,533.3922681757783,0,0
0,644,11,False,7,24.0,2114,1.018715594153379,5.013020833333333,559.5558442482916,0,0
0,645,11,False,7,34.0,1551,1.0260416666666667,12.071614583333334,374.4804242596811,0,0
0,646,14,False,9,37.0,1680,0.17862863041002278,3.55859375,470.59108651290813,0,0
0,647,9,False,8,33.0,2294,1.1399665432801822,5.06795154707669,583.8296821611617,0,0
0,648,8,False,11,23.5,2093,2.0390625,17.016276041666664,468.6416809035687,0,0
0,649,11,False,13,28.0,1944,0.0390625,6.013020833333333,461.54808810269554,0,0
0,650,10,False,15,101.0,811,0.09033017748671222,20.191649463743353,229.80239773158695,0,0
0,651,18,False,19,37.0,680,3.074461963743356,7.038246844153379,186.94521165527715,0,0
0,652,14,False,8,31.0,1155,1.0260416666666667,3.045165088743356,360.9331488468109,0,0
0,653,11,False,6,52.0,1868,1.0122051774867122,9.0390625,488.759942103265,0,0
0,654,7,False,11,20.0,2114,2.0390625,15.035399463743357,473.6583647731587,0,0
0,655,10,False,12,47.0,2048,0.09033017748671222,5.154210860383447,541.061052581625,0,0
0,656,9,False,7,34.0,1195,1.0260416666666667,12.071614583333334,348.5844485573273,0,0
0,657,11,False,6,36.0,2058,1.0130208333333333,6.120034880410023,511.52898692577827,0,0
0,658,19,False,10,28.0,1360,0.0390625,5.025226010820045,360.49344509301443,0,0
0,659,15,False,17,41.0,1176,3.1106770833333335,9.045572916666666,307.00514901290813,0,0
0,660,12,False,19,34.0,1396,4.110677083333333,8.565104166666668,346.47674639331814,0,0
0,661,19,False,5,31.0,777,2.0,6.108630528663629,223.0965825503037,0,0
0,662,9,False,16,34.0,1510,4.032552083333333,9.025226010820045,450.35754199886105,0,0
0,663,8,False,11,45.5,2093,2.0390625,20.069783065205012,468.6286600702354,0,0
0,664,26,False,3,33.0,723,2.0,7.560017440205012,137.40770928246013,0,0
0,665,8,False,8,27.5,2249,0.09033017748671222,16.563272648538344,509.86140375854217,0,0
0,666,10,False,15,30.5,2161,0.06428851082004557,6.009765625,512.8288516752089,0,0
0,667,10,False,5,25.5,859,2.0065104166666665,6.051675505410023,224.75927178246013,0,0
0,668,28,False,9,41.5,459,2.1627604166666665,8.071206755410023,150.45897695994685,0,0
0,669,9,False,16,41.0,1072,0.09033017748671222,10.07730934415338,337.6015328397874,0,0
0,670,20,False,11,53.5,820,3.0065104166666665,10.061033302486713,234.19993356112377,0,0
0,671,15,False,7,35.0,853,1.1590973804100229,7.0390625,285.33583665527715,0,0
0,672,19,False,13,33.0,1044,0.0390625,5.032552083333333,283.6536161731207,0,0
0,673,13,False,20,67.0,907,0.06428851082004557,14.246580177486713,221.5234078397874,0,0
0,674,8,False,13,32.5,2311,4.05859375,7.080972380410023,554.9004662585421,0,0
0,675,10,False,7,37.0,1289,4.015868213743356,5.065304373101746,355.59910070235384,0,0
0,676,12,False,6,37.5,1597,0.057778094153378895,7.056762231871678,379.9251346573652,0,0
0,677,11,False,6,28.0,2149,0.052884159073652244,4.00935779707669,574.552181212035,0,0
0,678,15,False,4,35.0,1680,1.0260416666666667,3.080156724563402,470.5780656795748,0,0
0,679,7,False,8,20.0,2191,0.06510416666666667,10.01953125,507.9061610193622,0,0
0,680,12,False,9,28.5,1802,0.03092077164009112,5.0266497010250575,469.6313799117312,0,0
0,681,29,False,4,28.0,511,1.1822916666666667,8.013020833333334,145.42602446374335,0,0
0,682,8,False,10,34.5,2260,1.1399665432801822,6.061033302486712,557.7816622769552,0,0
0,683,9,False,8,34.0,1266,1.01953125,12.071614583333334,312.3489850275247,0,0
0,684,15,False,8,31.0,1680,1.0260416666666667,3.080156724563402,470.5809130599848,0,0
0,685,20,False,9,40.0,796,3.026041666666667,11.17516580058846,235.07786695615033,0,0
0,686,7,False,3,24.0,1695,2.0065104166666665,4.05859375,384.27140280941535,0,0
0,687,8,False,8,27.0,2249,0.09033017748671222,17.01953125,509.87076155561886,0,0
0,688,18,False,13,49.0,560,1.0439416049734245,7.67658949079347,192.95416903948367,0,0
0,689,30,False,12,39.0,460,2.1627604166666665,7.581380208333334,143.4264248766135,0,0
0,690,8,False,4,32.0,1402,0.01953125,5.054115057896736,385.8021396877373,0,0
0,691,27,False,8,36.0,490,4.0390625,10.006510416666666,145.42602446374335,0,0
0,692,14,False,5,40.5,1936,0.09033017748671222,5.532144255410023,515.3056010345482,0,0
0,693,13,False,10,34.0,945,0.05411505789673501,7.041909880410023,295.2955580865604,0,0
0,694,9,False,7,28.0,2156,5.052083333333333,10.01953125,491.85610941059224,0,0
0,695,15,False,3,33.0,1679,0.14322916666666669,3.080156724563402,464.52598234624145,0,0
0,696,9,False,6,28.0,2073,0.04557291666666667,3.0618415432801824,510.06389996203495,0,0
0,697,20,False,5,40.0,796,1.0671358912300684,10.61779553435839,235.08071433656036,0,0
0,698,9,False,15,27.0,948,4.032552083333333,11.013020833333334,265.4102837889142,0,0
0,699,10,False,7,26.5,2116,0.06428851082004557,5.007934106871678,557.7080159690585,0,0
0,700,7,False,11,39.0,1077,2.0390625,17.032552083333332,290.46319760820046,0,0
0,701,10,False,19,58.0,1290,0.09033017748671222,6.612708807896735,343.57753772779046,0,0
0,702,8,False,12,32.5,2311,4.0390625,7.571206755410023,554.9126714360289,0,0
0,703,12,False,24,31.5,1765,0.05411505789673501,6.540078362281701,497.556532365224,0,0
0,704,20,False,5,43.0,858,1.0260416666666667,10.066120028948367,208.44894587604404,0,0
0,705,10,False,11,25.5,2166,3.0288890470766896,5.544757260820045,539.6579643602886,0,0
0,706,8,False,10,34.5,2260,1.1399665432801822,6.061033302486712,557.7816622769552,0,0
0,707,11,False,7,24.0,1993,1.018715594153379,5.013020833333333,524.3336744257783,0,0
0,708,13,False,13,48.0,1011,4.013020833333333,17.096840594153377,316.32851058276384,0,0
0,709,10,False,30,80.0,1454,0.06428851082004557,22.061848958333336,335.9051881643888,0,0
0,710,15,False,3,31.0,2156,1.0,2.0,574.3763851319286,0,0
0,711,11,False,7,28.0,1362,0.04760464123006834,5.01953125,394.9530953397874,0,0
0,712,12,False,12,30.0,1308,0.03092077164009112,5.523394492691724,360.7321564160972,0,0
0,713,29,False,8,32.0,499,2.1293926774867122,9.035399463743357,143.4264248766135,0,0
0,714,10,False,11,29.0,2239,2.0390625,14.55859375,499.92487661351555,0,0
0,715,14,False,6,45.0,1011,3.0325520833333335,9.582396070615035,316.32851058276384,0,0
0,716,6,False,8,20.5,2432,0.09317755789673501,12.535399463743357,573.1181573889521,0,0
0,717,9,False,6,24.0,2073,0.04557291666666667,3.0618415432801824,510.05738954536827,0,0
0,718,26,False,8,35.0,487,2.1293926774867122,10.037230981871678,145.42602446374335,0,0
0,719,15,False,7,32.0,1679,1.0260416666666667,3.0874827970766896,464.52964538249813,0,0
0,720,10,False,5,25.5,2118,0.05411505789673501,5.017699731871678,557.7015055523918,0,0
0,721,9,False,12,32.0,2294,1.1399665432801822,5.06795154707669,583.8345612661352,0,0
0,722,11,False,8,29.0,2149,0.05003677866362946,4.018715594153379,574.5672337699317,0,0
0,723,14,False,2,31.0,2156,1.0260416666666667,2.6000958024867122,574.3857429290053,0,0
0,724,15,False,12,29.0,1336,0.03092077164009112,6.022378630410023,357.075562357631,0,0
0,725,9,False,19,70.0,1839,0.09317755789673501,14.09805666287016,505.72863574886105,0,0
0,726,9,False,6,24.0,2073,0.04557291666666667,3.0618415432801824,510.06023692577827,0,0
0,727,30,False,1,31.5,487,1.0,6.556762231871678,133.36376767748672,0,0
0,728,10,False,7,61.0,972,2.0390625,21.543333570615033,268.18651231492026,0,0
0,729,13,False,4,35.0,1864,0.11067708333333334,5.109861427486712,482.6846793137813,0,0
0,730,21,False,4,36.0,874,1.0028473804100229,7.013020833333333,179.62349622722095,0,0
0,731,21,False,9,31.0,858,0.04557291666666667,7.054115057896735,176.61129104973423,0,0
0,732,10,False,3,55.5,1769,0.09317755789673501,7.609446184510251,483.70177842634774,0,0
0,733,20,False,9,53.0,858,4.0,9.048420297076689,208.4554562927107,0,0
0,734,16,False,12,42.0,903,0.06428851082004557,11.535807291666666,268.20522790907364,0,0
0,735,14,False,17,37.5,1265,3.0455729166666665,7.545165088743356,347.97099527809416,0,0
0,736,6,False,11,22.5,2337,2.0390625,15.007934106871678,535.9806229831055,0,0
0,737,18,False,12,27.5,1227,0.05859375,6.0,356.6633892131739,0,0
0,738,10,False,10,25.5,2166,3.0288890470766896,5.054522885820045,539.6636591211086,0,0
0,739,11,False,6,28.0,1966,0.06510416666666667,3.0065104166666665,487.4065050778284,0,0
0,740,8,False,11,28.0,2167,1.0911458333333333,10.550251815205012,495.8813354214123,0,0
0,741,9,False,19,57.0,1830,0.09317755789673501,13.210365057896736,505.37056283219437,0,0
0,742,17,False,4,32.0,1539,1.1786286304100229,5.018715594153379,459.99662170178436,0,0
0,743,11,False,7,29.0,1045,0.05045202164009112,5.032552083333333,279.4672610573273,0,0
0,744,7,False,8,20.0,2107,0.08666714123006834,14.01953125,478.6111605447988,0,0
0,745,18,False,4,32.5,832,0.026041666666666668,6.530720565205011,246.06850915907364,0,0
0,746,13,False,20,38.0,1936,0.08666714123006834,6.0,515.3112957953682,0,0
0,747,8,False,8,27.0,2249,0.08666714123006834,17.01953125,509.8626198272589,0,0
0,748,22,False,2,30.0,756,0.0968405941533789,7.023802320615035,152.40580509681092,0,0
0,749,9,False,6,115.0,1591,0.026041666666666668,31.217691130410024,349.001628345672,0,0
0,750,7,False,17,34.0,2338,0.08666714123006834,5.06795154707669,583.8878606681852,0,0
0,751,17,False,5,35.0,1732,0.20833333333333334,3.041094224563402,520.2871583143508,0,0
0,752,8,False,12,32.5,2311,4.0390625,7.56795154707669,554.9016823272589,0,0
0,753,21,False,10,32.0,795,2.0028473804100226,8.028889047076689,156.4709092634776,0,0
0,754,16,False,15,26.5,761,2.0,9.51953125,158.79955035117692,0,0
0,755,16,False,11,52.5,783,5.013020833333333,13.175981456435078,244.99567850702354,0,0
0,756,14,False,20,37.0,1568,0.08666714123006834,5.52888904707669,410.7391947845482,0,0
0,757,9,False,6,70.0,799,0.026041666666666668,25.026041666666668,162.41191510060744,0,0
0,758,9,False,10,33.0,1554,5.013020833333333,8.054115057896736,419.10160402429767,0,0
0,759,11,False,15,57.0,821,6.13793481871678,12.09765625,250.14377194855732,0,0
0,760,17,False,8,32.0,1307,2.0,8.070798927486713,370.13660307517085,0,0
0,761,10,False,20,74.5,830,0.05696243830675778,13.092569523538344,240.27724290527715,0,0
0,762,8,False,10,34.5,2260,1.1399665432801822,6.061033302486712,557.7792153094153,0,0
0,763,9,False,19,57.0,1596,0.08666714123006834,13.197344224563402,409.462509491268,0,0
0,764,11,False,6,24.0,1966,0.0585789198936978,4.00935779707669,487.39266858864846,0,0
0,765,15,False,11,31.0,970,0.02725773538344723,6.015868213743357,290.2882320140471,0,0
0,766,8,False,11,28.0,2167,1.0911458333333333,10.550251815205012,495.8731936930524,0,0
0,767,20,False,5,37.0,682,1.0065104166666667,8.059609612281701,186.18812879650721,0,0
0,768,14,False,7,29.0,1315,1.01953125,5.071814789768413,375.8379395643508,0,0
0,769,14,False,5,38.0,1055,1.1424135108200455,3.043333570615034,303.2857850465072,0,0
0,770,9,False,19,57.0,1596,0.08666714123006834,13.197344224563402,409.4559990746014,0,0
0,771,9,False,6,67.0,2123,0.026041666666666668,4.026041666666667,551.738121084852,0,0
0,772,14,False,16,65.5,997,3.0065104166666665,17.131224195615033,269.4513928435839,0,0
0,773,17,False,16,31.0,550,0.052083333333333336,7.077309344153379,137.6538742169704,0,0
0,774,10,False,5,25.5,1148,4.0,6.051675505410023,313.41720944855734,0,0
0,775,16,False,3,49.5,779,2.0,16.51953125,233.1926074886105,0,0
0,776,10,False,6,46.0,1951,1.0085421412300684,5.553099195615035,505.0240366362946,0,0
0,777,9,False,12,36.0,2254,1.1399665432801822,6.006510416666667,579.760499715262,0,0
0,778,9,False,6,28.0,1623,1.01953125,11.093993213743357,420.36648455296125,0,0
0,779,6,False,8,20.5,2432,0.08666714123006834,12.535399463743357,573.102689588079,0,0
0,780,16,False,12,26.0,1568,2.0065104166666665,7.009765625,377.74204216495826,0,0
0,781,23,False,5,39.0,1120,3.0065104166666665,8.067135891230068,278.94655526290813,0,0
0,782,9,False,9,31.0,1994,4.05859375,9.120034880410023,450.57331411351555,0,0
0,783,12,False,11,31.5,1308,0.02725773538344723,5.552283539768413,360.7406985573273,0,0
0,784,8,False,11,29.5,2277,0.08666714123006834,8.588906487281701,566.6669069143887,0,0
0,785,21,False,5,43.0,992,3.0065104166666665,8.146076547076689,306.2857850465072,0,0
0,786,11,False,6,28.0,2114,0.06510416666666667,3.0056947608200457,536.4069203208048,0,0
0,787,7,False,4,30.0,1813,0.01953125,5.045572916666667,439.1957099468489,0,0
0,788,11,False,15,29.0,2133,0.053299402050113895,8.022378630410023,535.7499258494685,0,0
0,789,16,False,5,33.0,1402,1.1814760108200455,6.548828125,365.44093168659833,0,0
0,790,7,False,4,18.0,2415,3.0,4.05859375,573.1299473234624,0,0
0,791,11,False,6,23.0,1230,0.026041666666666668,4.045572916666667,328.9811539009112,0,0
0,792,9,False,18,26.0,1881,4.022378630410023,10.048420297076689,468.0675629982916,0,0
0,793,14,False,13,45.5,1148,2.0911458333333335,10.545165088743357,311.4265820757403,0,0
0,794,10,False,16,75.5,1075,4.032552083333333,16.660928898538344,265.4094681330676,0,0
0,795,14,False,7,29.0,1315,1.01953125,4.5634728549734245,375.8314291476841,0,0
0,796,7,False,4,42.0,2177,4.0,9.078125,502.89557232346243,0,0
0,797,17,False,12,49.0,714,0.052083333333333336,8.028889047076689,218.38913605732725,0,0
0,798,10,False,16,83.5,1189,0.08666714123006834,23.130816367691725,351.6011324269172,0,0
0,799,10,False,14,38.0,1234,0.05859375,3.5317364274867122,378.6629739701974,0,0
0,800,14,False,1,38.0,1408,0.14973958333333334,3.5349916358200453,416.08695187927106,0,0
0,801,9,False,6,94.0,1591,0.026041666666666668,25.05859375,348.9841288202354,0,0
0,802,11,False,6,30.0,2222,1.0085421412300684,4.106198391230069,574.5371138240318,0,0
0,803,6,False,11,22.5,1397,2.0325520833333335,15.007934106871678,396.0503363468109,0,0
0,804,10,False,8,30.5,1995,5.006510416666667,8.573038273538344,447.55093548310555,0,0
0,805,10,False,6,29.5,1775,0.026041666666666668,5.597641419893698,486.05007830296125,0,0
0,806,7,False,19,30.0,2339,0.059809818716780566,7.119219224563402,591.8585563781321,0,0
0,807,14,False,1,38.0,1408,0.14973958333333334,3.5349916358200453,416.0804414626044,0,0
0,808,9,False,8,33.0,2294,1.124098329536826,5.06795154707669,583.7910200740318,0,0
0,809,13,False,10,43.0,1295,2.124913985383447,10.091145833333334,258.43198913249813,0,0
0,810,25,False,6,34.0,1102,2.0093577970766896,8.0,279.8635511579347,0,0
0,811,7,False,4,42.0,2177,4.0,9.078125,502.8910936313591,0,0
0,812,6,False,8,20.5,2432,0.08666714123006834,12.535399463743357,573.0982108959757,0,0
0,813,11,False,10,44.0,1858,0.03539946374335611,6.078125,537.6037069333713,0,0
0,814,17,False,2,50.0,782,0.03539946374335611,13.204670297076689,251.0937351698937,0,0
0,815,11,False,6,21.0,1782,0.026041666666666668,4.01953125,488.0362418137813,0,0
0,816,14,False,9,23.0,2025,0.03539946374335611,5.536823153948367,503.56030811028853,0,0
0,817,11,False,6,31.0,1355,0.03539946374335611,6.124913985383447,388.9274540859909,0,0
0,818,16,False,2,61.0,637,0.08015672456340167,14.620034880410024,189.58145880789672,0,0
0,819,9,False,17,23.0,2337,0.059809818716780566,4.052083333333333,578.8280360193622,0,0
0,820,24,False,6,32.0,1301,0.026041666666666668,7.535807291666667,373.1020044371678,0,0
0,821,26,False,5,44.0,932,1.0065104166666667,8.067951547076689,288.07868261199695,0,0
0,822,7,False,4,42.0,2177,4.0,11.071614583333334,502.88173583428244,0,0
0,823,7,False,6,30.0,2171,0.04557291666666667,3.0,569.7279476319286,0,0
0,824,16,False,5,30.5,915,1.174965594153379,6.548828125,304.2691011769172,0,0
0,825,18,False,5,39.0,628,1.0353994637433561,8.069575443716781,168.95741683276387,0,0
0,826,12,False,6,50.5,969,0.03539946374335611,4.10863794371678,257.6528005172741,0,0
0,827,20,False,5,33.5,903,0.0390625,8.048012469153377,223.48068230353076,0,0
0,828,14,False,16,63.0,1108,0.059809818716780566,17.618611190205012,295.3081785070235,0,0
0,829,11,False,6,37.0,2114,0.0585789198936978,4.00935779707669,536.398778592445,0,0
0,830,10,False,10,27.0,1995,5.035399463743356,9.035807291666666,447.5464567910023,0,0
0,831,11,False,10,138.0,1416,4.074461963743356,24.32104214123007,390.04421151290813,0,0
0,832,10,False,10,33.5,1782,0.04557291666666667,5.597641419893698,488.0362418137813,0,0
0,833,12,False,12,30.5,1490,0.08015672456340167,6.048828125,381.5613669798785,0,0
0,834,17,False,7,59.0,737,3.015868213743356,7.184323391230068,248.0054367169704,0,0
0,835,10,False,8,25.5,1914,0.032552083333333336,4.037230981871678,489.9283972807517,0,0
0,836,9,False,6,24.0,2294,0.0390625,1.1525869637433561,595.740968465262,0,0
0,837,8,False,6,37.5,2099,0.0390625,7.073038273538344,520.4752574506454,0,0
0,838,7,False,10,49.0,2192,0.0390625,14.100503630410023,520.7429853597191,0,0
0,839,8,False,10,29.0,2198,0.0390625,7.552691367691724,549.6538860810555,0,0
0,840,7,False,2,20.0,2433,0.0728306520501139,2.0,583.0896687547456,0,0
0,841,9,False,10,32.0,1412,0.03010511579347001,8.028889047076689,390.88229641230066,0,0
0,842,8,False,10,34.5,2281,0.0390625,3.554115057896735,586.7653788202354,0,0
0,843,12,False,10,45.5,835,0.0390625,11.0390625,258.3276949269172,0,0
0,844,10,False,20,38.0,1234,0.059809818716780566,3.5284812191533788,378.6528005172741,0,0
0,845,8,False,8,24.5,2339,0.026041666666666668,9.064696338743357,563.8524463743356,0,0
0,846,17,False,7,38.0,779,3.015868213743356,7.096840594153379,233.1954548690205,0,0
0,847,9,False,5,24.0,1393,4.0,8.026041666666666,390.8118978976841,0,0
0,848,24,False,10,35.0,593,2.0065104166666665,9.045572916666668,141.88335528189066,0,0
0,849,13,False,2,32.0,2060,0.03539946374335611,4.152586963743357,525.9621654328018,0,0
0,850,7,False,28,168.0,1284,7.103351010820045,28.352763738610477,316.37664317577827,0,0
0,851,8,False,19,27.0,2294,0.059809818716780566,5.037230981871678,583.7767683418755,0,0
0,852,10,False,10,70.5,1075,5.013020833333333,17.159097380410024,265.4123155134776,0,0
0,853,9,False,6,32.0,2183,0.026041666666666668,4.0244103549734245,566.8137991173121,0,0
0,854,16,False,10,63.0,767,3.015868213743356,7.199983983485193,192.25443420178436,0,0
0,855,14,False,4,58.0,1251,0.032552083333333336,9.56021764664009,368.1142096146545,0,0
0,856,11,False,6,24.0,2198,0.0585789198936978,2.0028473804100226,573.5741445994685,0,0
0,857,26,False,4,32.0,1115,0.07161458333333334,7.022786458333333,330.54457040148066,0,0
0,858,15,False,15,52.0,872,0.052083333333333336,13.080156724563402,274.10797207194383,0,0
0,859,7,False,28,168.0,1284,7.103351010820045,28.352763738610477,316.3672853787016,0,0
0,860,10,False,10,29.0,2239,2.0325520833333335,11.540486190205012,499.8910936313591,0,0
0,861,16,False,5,38.0,1539,1.174965594153379,5.582396070615034,459.97993783219437,0,0
0,862,16,False,7,40.0,740,1.01953125,14.69632094722855,181.2446759918375,0,0
0,863,17,False,7,63.0,731,3.015868213743356,7.210365057896735,233.08193040527715,0,0
0,864,11,False,6,23.0,1775,0.026041666666666668,4.0390625,486.0325787775247,0,0
0,865,10,False,10,45.5,1399,0.059809818716780566,4.085651278948367,352.43198913249813,0,0
0,866,7,False,28,36.0,1636,5.069983271640091,11.093993213743357,399.5369714550114,0,0
0,867,8,False,6,28.0,1643,0.026041666666666668,7.073038273538344,465.2070015897874,0,0
0,868,9,False,12,36.0,1977,1.1399665432801822,5.06795154707669,526.9422486000379,0,0
0,869,8,False,4,36.0,2042,0.01953125,8.028889047076689,518.233155965262,0,0
0,870,6,False,11,22.5,1397,2.0325520833333335,15.007934106871678,396.03283682137436,0,0
0,871,11,False,17,33.0,1155,0.06510416666666667,7.015868213743357,352.5388756406606,0,0
0,872,14,False,12,37.0,1732,0.06510416666666667,7.631424402050114,426.1163688781321,0,0
0,873,9,False,24,83.0,1476,0.059809818716780566,8.145260891230068,434.2611018175778,0,0
0,874,15,False,7,50.0,985,1.0260416666666667,8.064288510820045,250.37245218773728,0,0
0,875,13,False,10,30.0,1309,0.035799876613515566,5.01953125,360.73337248481397,0,0
0,876,21,False,4,48.0,711,1.0866671412300684,9.022378630410023,220.34274748481397,0,0
0,877,9,False,6,69.0,2123,0.026041666666666668,4.0244103549734245,551.7124798310555,0,0
0,878,12,False,13,67.0,825,4.064288510820045,15.102735561408505,226.26706945235384,0,0
0,879,17,False,4,34.0,1419,0.04557291666666667,11.032552083333334,394.5117454441913,0,0
0,880,11,False,7,32.0,1715,2.0065104166666665,6.075678032460137,447.8042989512149,0,0
0,881,15,False,6,43.0,1379,0.032552083333333336,8.064288510820045,338.0425950313212,0,0
0,882,7,False,2,20.0,2433,0.07446196374335612,2.0,583.0656588126424,0,0
0,883,8,False,8,24.5,2316,0.026041666666666668,9.545165088743357,567.8276207763857,0,0
0,884,17,False,4,31.0,1211,1.0056947608200455,6.121250949126804,360.6149540859909,0,0
0,885,10,False,5,125.5,1574,0.05859375,22.82265862281701,394.2049550351177,0,0
0,886,11,False,6,24.0,2136,0.05493071374335611,2.0056947608200457,564.298274962035,0,0
0,887,13,False,6,71.0,1744,0.026041666666666668,8.107014047076689,426.18716780561886,0,0
0,888,14,False,3,33.0,1951,0.04557291666666667,7.05025181520501,515.2148407839787,0,0
0,889,16,False,2,28.5,1722,1.0028473804100229,4.018715594153379,475.42264616552774,0,0
0,890,7,False,4,42.0,2215,4.0,9.0,516.8634206529993,0,0
0,891,14,False,13,42.5,928,1.136703919893698,4.045565501613515,290.42413510820046,0,0
0,892,7,False,2,21.0,2090,0.0728306520501139,14.009357797076689,478.5130890518223,0,0
0,893,16,False,4,31.0,1555,0.09033017748671222,3.043333570615034,418.5597356681853,0,0
0,894,8,False,8,24.5,2339,0.026041666666666668,9.545165088743357,563.8386098851556,0,0
0,895,14,False,13,39.0,928,1.1424135108200455,4.026041666666666,290.42413510820046,0,0
0,896,11,False,5,24.0,2198,0.0585789198936978,2.0065104166666665,573.5509503132118,0,0
0,897,14,False,11,27.5,1646,2.0419098804100226,5.55859375,415.57195567577827,0,0
0,898,17,False,7,53.0,906,2.0065104166666665,12.084635416666666,264.22515957194383,0,0
0,899,16,False,4,24.0,1457,0.026041666666666668,6.007934106871678,356.18134550588456,0,0
0,900,9,False,8,33.0,2294,1.1399665432801822,5.06795154707669,583.7653788202354,0,0
0,901,16,False,10,38.0,896,0.039462912870159454,5.045773123101746,198.66174307137433,0,0
0,902,21,False,8,35.0,1159,2.0642885108200457,7.006510416666667,331.61129104973423,0,0
0,903,8,False,6,37.5,2018,0.026041666666666668,7.069783065205011,496.2254294798785,0,0
0,904,24,False,6,28.5,837,0.210365057896735,5.01953125,262.1616867169704,0,0
0,905,6,False,8,20.5,2432,0.08300410497342445,12.535399463743357,573.0762326784359,0,0
0,906,20,False,6,47.0,1208,1.0056947608200455,7.1415978549734245,273.3095072845482,0,0
0,907,17,False,7,29.0,1457,1.0260416666666667,6.05859375,356.1841928862946,0,0
0,908,8,False,6,35.5,2018,0.026041666666666668,7.069783065205012,496.21891906321184,0,0
0,909,7,False,1,44.0,2216,1.0,7.129392677486712,517.8597576167426,0,0
0,910,11,False,20,93.0,1759,0.06265719912680334,14.316563449126804,457.70176359624145,0,0
0,911,14,False,13,35.5,1033,3.0260416666666665,11.553099195615033,282.590128488041,0,0
0,912,25,False,5,37.0,1218,0.026041666666666668,8.138750474563402,335.9921430096811,0,0
0,913,17,False,6,52.0,740,1.0056947608200455,10.105382735383447,181.23734991932423,0,0
0,914,11,False,6,68.0,1204,0.026041666666666668,13.196528568716781,339.40745123861046,0,0
0,915,6,False,1,20.5,2388,1.0,8.5,575.0672752942293,0,0
0,916,17,False,4,27.0,1419,0.026041666666666668,6.041909880410023,343.1740194333713,0,0
0,917,12,False,4,31.5,1795,0.08300410497342445,3.1293926774867122,520.3693319333713,0,0
0,918,17,False,12,39.0,691,2.0903301774867122,9.022378630410023,159.20764521640092,0,0
0,919,11,False,6,60.0,1931,2.01953125,16.052083333333332,435.3918232725892,0,0
0,920,14,False,4,20.0,1003,0.0390625,4.023802320615035,244.50752479593774,0,0
0,921,11,False,17,33.0,996,0.06510416666666667,7.015868213743357,319.30694760820046,0,0
0,922,10,False,10,25.5,2039,5.041909880410023,8.522786458333334,461.5134894646925,0,0
0,923,11,False,6,23.0,1987,0.026041666666666668,4.0390625,503.24454548690204,0,0
0,924,6,False,11,20.0,2114,2.0325520833333335,15.007934106871678,473.60545095387243,0,0
0,925,10,False,8,86.5,1459,0.026041666666666668,10.182692079536826,346.51620930618833,0,0
0,926,14,False,7,35.0,1208,1.1676395216400912,7.02013928435839,360.5982702164009,0,0
0,927,17,False,7,29.0,823,1.0260416666666667,7.032552083333333,250.34071576025056,0,0
0,928,14,False,12,62.0,1144,2.1171875,11.116164222665148,279.13332562167807,0,0
0,929,7,False,2,20.0,2433,0.06998327164009112,2.0,583.0705379176158,0,0
0,930,11,False,8,89.0,1287,0.026041666666666668,23.203439398253607,344.1317091400911,0,0
0,931,6,False,4,21.0,2381,3.0,4.546996606871678,565.0094972000759,0,0
0,932,19,False,8,27.0,1250,0.052083333333333336,4.032552083333333,363.68413653189066,0,0
0,933,8,False,6,27.0,1643,0.026041666666666668,7.069783065205012,465.2155437310175,0,0
0,934,17,False,12,38.0,877,3.0130208333333335,16.04842029707669,189.54414032839787,0,0
0,935,21,False,8,41.0,711,3.0065104166666665,7.0,220.348442245634,0,0
0,936,10,False,16,41.0,1975,0.058994162870159454,6.033160117691724,500.4386419181853,0,0
0,937,20,False,6,40.5,1121,1.2079180903568716,8.528889047076689,321.76429325645404,0,0
0,938,17,False,9,46.0,1493,0.052083333333333336,8.064288510820045,433.42223092255125,0,0
0,939,15,False,7,30.0,1222,1.0260416666666667,5.098056662870159,350.77893057137436,0,0
0,940,8,False,6,34.5,2099,0.026041666666666668,7.069783065205012,520.4597896497722,0,0
0,941,7,False,1,31.0,2237,1.0,7.05859375,517.9297408883826,0,0
0,942,13,False,9,23.0,1988,2.0911458333333335,4.026041666666667,512.1237097807517,0,0
0,943,6,False,8,20.5,2326,0.08300410497342445,15.007934106871678,549.9061461892559,0,0
0,944,19,False,11,36.0,952,0.052083333333333336,9.052083333333334,278.7545350465072,0,0
0,945,9,False,5,22.0,1751,0.01953125,4.022378630410023,429.79655763572515,0,0
0,946,15,False,9,36.0,1830,3.01953125,7.074461963743356,474.1782252515186,0,0
0,947,16,False,18,66.0,928,5.032552083333333,16.055338541666668,275.25486427486715,0,0
0,948,9,False,17,23.0,2111,0.06184154328018224,4.052083333333333,524.5887819143887,0,0
0,949,10,False,5,108.0,1302,0.05859375,19.843005528663628,324.66743783219437,0,0
0,950,15,False,9,40.0,1030,4.12654529707669,8.067951547076689,206.9848021070615,0,0
0,951,7,False,7,55.0,2195,3.05859375,11.123697916666666,502.86545237756263,0,0
0,952,14,False,13,42.5,928,1.1395513003037205,4.045565501613515,290.42413510820046,0,0
0,953,7,False,6,30.0,1636,0.032552083333333336,11.071614583333334,399.53249276290813,0,0
0,954,14,False,2,30.0,1222,1.0056947608200455,4.543333570615035,350.77893057137436,0,0
0,955,15,False,3,32.0,1767,0.052083333333333336,4.0390625,486.60124513572515,0,0
0,956,13,False,5,59.0,964,1.135903094153379,7.061441130410023,317.2882320140471,0,0
0,957,12,False,12,29.0,2025,4.00935779707669,6.529296875,531.4435210231587,0,0
0,958,15,False,3,28.0,1739,2.0065104166666665,6.07934106871678,455.05331126613515,0,0
0,959,13,False,9,23.0,1973,2.0911458333333335,4.026041666666667,522.083431212035,0,0
0,960,11,False,10,47.0,1123,4.026041666666667,9.073646307896736,222.30218121203492,0,0
0,961,14,False,14,34.0,1196,0.04557291666666667,9.058185922076689,302.1675238468109,0,0
0,962,10,False,3,61.5,1735,0.06428851082004557,7.649331755410023,482.60818562547456,0,0
0,963,10,False,20,47.0,1590,0.06184154328018224,3.5154603858200457,424.704195733675,0,0
0,964,7,False,11,21.0,2289,2.0325520833333335,14.009357797076689,537.8272055334093,0,0
0,965,17,False,6,29.0,1457,1.0056947608200455,6.054930713743356,356.18052985003794,0,0
0,966,15,False,3,27.0,1767,0.04557291666666667,4.0390625,486.60124513572515,0,0
0,967,9,False,12,36.0,2254,1.1399665432801822,6.013020833333333,579.7324114939256,0,0
0,968,13,False,2,24.0,1722,0.032552083333333336,5.00935779707669,447.6806010345482,0,0
0,969,11,False,10,24.0,1992,2.0056947608200457,8.045572916666666,486.19327780941535,0,0
0,970,11,False,8,155.0,827,0.026041666666666668,21.389379271070617,204.35738479973423,0,0
0,971,12,False,5,22.5,2178,2.0,5.056354403948367,537.5940614322324,0,0
0,972,11,False,5,29.0,1611,0.05859375,12.054930713743357,410.3619910307517,0,0
0,973,9,False,14,64.0,1835,0.06428851082004557,15.141597854973424,503.61957514711463,0,0
0,974,16,False,11,53.0,811,0.026041666666666668,13.680052320615033,261.0575200503037,0,0
0,975,16,False,4,29.5,892,0.026041666666666668,6.007934106871678,210.45219366932423,0,0
0,976,22,False,9,38.0,1445,0.04557291666666667,6.014444523538344,401.1215208570615,0,0
0,977,15,False,16,64.0,928,5.032552083333333,14.071614583333334,275.25486427486715,0,0
0,978,14,False,6,24.0,1101,1.0056947608200455,4.032144255410023,290.6055962889142,0,0
0,979,8,False,6,37.5,2027,0.026041666666666668,7.069783065205011,499.2294929290053,0,0
0,980,7,False,28,179.0,1709,7.103351010820045,47.29010653948367,436.4889515708049,0,0
0,981,7,False,2,18.0,2444,0.06998327164009112,2.0,592.0530383921792,0,0
0,982,14,False,1,22.5,1973,1.0,4.01953125,522.086278592445,0,0
0,983,24,False,6,55.5,401,2.0,9.115148360383447,115.4943764236902,0,0
0,984,13,False,8,41.0,1733,5.026041666666667,8.013020833333334,398.9385559035687,0,0
0,985,12,False,9,35.5,1833,4.006510416666667,9.059609612281701,478.1875830485953,0,0
0,986,12,False,10,46.5,2048,0.04557291666666667,4.6243059510250575,550.2030508494685,0,0
0,987,7,False,1,44.0,2177,1.0,12.01953125,502.8638210658694,0,0
0,988,8,False,11,32.5,2273,2.0325520833333335,16.009765625,526.8076742834093,0,0
0,989,19,False,10,31.0,715,0.026041666666666668,8.05859375,207.1677818906606,0,0
0,990,22,False,12,43.5,1216,2.119219224563402,8.552691367691724,296.1569203208049,0,0
0,991,10,False,3,26.0,1802,0.06468892369020501,4.5201392843583905,489.6415533646545,0,0
0,992,16,False,8,27.0,2003,0.04557291666666667,5.0364153260250575,525.4276528094153,0,0
0,993,14,False,5,42.5,1524,2.0,6.050859849563402,393.3579275816249,0,0
0,994,8,False,17,106.0,1282,0.05045202164009112,26.809645204536825,358.55271212984053,0,0
0,995,13,False,10,43.0,1492,1.2115811266135155,5.006510416666667,413.1475773538345,0,0
0,996,10,False,5,118.5,1574,0.05859375,21.84483704679195,394.2155289009112,0,0
0,997,8,False,6,36.0,2033,0.032552083333333336,7.103758838743356,457.54765802961276,0,0
0,998,9,False,10,20.0,2131,0.032552083333333336,4.0390625,516.766980471716,0,0
0,999,11,False,6,34.0,1342,0.04557291666666667,5.223385891230068,387.8505451547077,0,0
0,1000,6,False,10,33.0,1660,0.026041666666666668,11.076293481871678,404.59148692577827,0,0
1,1,27,False,16,61.0,425,4.266579973992197,14.117035110533159,81.55266579973993,0,0
1,2,20,False,21,75.0,357,5.032509752925877,19.416124837451235,85.23407022106632,0,0
1,3,24,False,15,69.0,369,4.0,19.084525357607284,77.69570871261378,0,0
1,4,28,False,9,65.5,318,1.5916775032509753,16.695058517555267,81.57867360208063,0,0
1,5,24,False,16,59.5,462,5.1820546163849155,14.535760728218465,109.61768530559168,0,0
1,6,28,False,16,46.5,462,5.130039011703511,13.591027308192459,62.468140442132636,0,0
1,7,23,False,16,53.0,793,7.097529258777633,12.04551365409623,229.00130039011702,0,0
1,8,26,False,17,62.5,468,6.188556566970091,14.604031209362809,106.24707412223667,0,0
1,9,24,False,16,60.0,462,6.0650195058517555,16.08777633289987,76.1040312093628,0,0
1,10,27,False,16,61.0,462,6.071521456436931,18.039011703511054,51.16254876462939,0,0
1,11,25,False,21,59.0,431,4.266579973992197,16.097529258777634,106.24707412223667,0,0
1,12,25,False,16,66.0,283,5.045513654096228,18.05851755526658,81.57867360208063,0,0
1,13,19,False,8,66.0,527,2.0390117035110533,16.182054616384914,143.63068920676204,0,0
1,14,23,False,30,61.0,424,4.266579973992197,14.032509752925877,125.40962288686606,0,0
1,15,23,False,28,54.0,547,6.0650195058517555,14.026007802340702,130.7737321196359,0,0
1,16,23,False,26,62.0,356,4.0650195058517555,16.123537061118334,83.42912873862159,0,0
1,17,26,False,16,59.5,468,6.240572171651495,15.623537061118334,106.24707412223667,0,0
1,18,26,False,21,68.5,344,3.0325097529258778,13.607282184655396,106.24707412223667,0,0
1,19,27,False,14,50.0,462,5.013003901170351,14.006501950585175,94.63068920676203,0,0
1,20,25,False,9,52.0,455,2.0390117035110533,11.052015604681404,124.40962288686606,0,0
1,21,24,False,16,56.5,481,7.104031209362809,14.01300390117035,126.46814044213264,0,0
1,22,28,False,9,55.0,412,1.5916775032509753,15.57152145643693,81.50065019505851,0,0
1,23,25,False,11,50.0,454,1.598179453836151,14.136540962288686,82.51365409622886,0,0
1,24,26,False,23,69.0,237,6.0650195058517555,18.035760728218463,60.25357607282184,0,0
1,25,26,False,15,55.5,456,6.0650195058517555,15.539011703511052,69.31859557867361,0,0
1,26,24,False,10,49.0,401,3.0910273081924577,12.539011703511054,120.41612483745124,0,0
1,27,26,False,16,60.5,281,5.019505851755526,13.539011703511052,80.57867360208063,0,0
1,28,19,False,29,64.0,654,6.052015604681404,13.032509752925877,190.76723016905072,0,0
1,29,26,False,21,54.5,537,4.136540962288686,15.578023407022105,80.57867360208063,0,0
1,30,21,False,16,91.0,387,5.045513654096228,21.624187256176853,81.73472041612484,0,0
1,31,24,False,21,60.0,378,3.0910273081924577,13.571521456436932,121.39661898569571,0,0
1,32,23,False,35,61.0,348,3.0325097529258778,15.01300390117035,101.47464239271781,0,0
1,33,24,False,9,80.5,415,1.598179453836151,18.136540962288684,106.61768530559168,0,0
1,34,24,False,14,59.5,418,5.045513654096228,18.844603381014302,95.64369310793238,0,0
1,35,21,False,20,82.0,681,9.18855656697009,20.10403120936281,106.61768530559168,0,0
1,36,23,False,15,65.0,352,5.045513654096228,20.05851755526658,102.40962288686606,0,0
1,37,24,False,16,102.0,240,5.045513654096228,19.325097529258777,61.24707412223667,0,0
1,38,24,False,28,57.5,794,7.032509752925877,13.526007802340702,228.99479843953185,0,0
1,39,24,False,31,61.5,290,6.026007802340702,17.74382314694408,80.57867360208063,0,0
1,40,27,False,11,58.0,353,1.598179453836151,16.0260078023407,69.08452535760728,0,0
1,41,23,False,5,60.0,512,2.026007802340702,13.019505851755527,104.37711313394018,0,0
1,42,24,False,11,73.0,412,1.5786736020806242,18.685305591677505,68.44863459037711,0,0
1,43,25,False,19,56.0,540,4.11703511053316,17.247074122236672,81.57867360208063,0,0
1,44,23,False,24,58.0,763,7.403120936280884,13.026007802340702,218.92327698309492,0,0
1,45,21,False,21,74.0,387,4.156046814044213,18.13003901170351,95.57867360208063,0,0
1,46,22,False,25,64.0,802,6.0650195058517555,15.633289986996099,237.98829648894667,0,0
1,47,22,False,14,55.5,854,6.0650195058517555,13.039011703511054,240.09882964889468,0,0
1,48,25,False,23,84.0,270,6.071521456436931,20.39011703511053,68.35760728218466,0,0
1,49,26,False,11,63.5,418,1.598179453836151,17.16579973992198,96.66970091027308,0,0
1,50,22,False,30,63.0,529,7.247074122236671,14.542262678803642,157.66319895968792,0,0
1,51,28,False,11,70.0,302,1.598179453836151,18.068270481144342,56.42262678803641,0,0
1,52,21,False,22,60.0,667,9.006501950585175,20.253576072821847,88.42912873862159,0,0
1,53,28,False,11,62.0,353,1.598179453836151,16.53901170351105,66.40962288686606,0,0
1,54,25,False,23,57.0,559,3.4616384915474643,10.344603381014304,138.6046814044213,0,0
1,55,27,False,23,79.0,237,7.078023407022107,18.110533159947984,59.273081924577376,0,0
1,56,22,False,21,65.5,356,7.019505851755526,12.607282184655396,105.32509752925878,0,0
1,57,27,False,9,65.0,412,1.598179453836151,18.039011703511054,88.42912873862159,0,0
1,58,25,False,15,50.0,583,4.0585175552665795,15.01300390117035,150.65669700910274,0,0
1,59,22,False,15,61.0,780,6.078023407022107,13.02925877763329,201.94928478543562,0,0
1,60,26,False,27,67.0,283,9.006501950585175,18.43888166449935,75.40962288686606,0,0
1,61,25,False,9,55.0,418,1.598179453836151,15.117035110533159,96.66970091027308,0,0
1,62,26,False,7,62.5,386,2.0195058517555267,15.652795838751626,96.20806241872562,0,0
1,63,27,False,23,68.0,328,5.019505851755526,16.0260078023407,81.50065019505851,0,0
1,64,22,False,22,84.0,451,5.039011703511053,19.12678803641092,117.60468140442133,0,0
1,65,19,False,21,64.0,529,5.721716514954486,18.09102730819246,121.6111833550065,0,0
1,66,26,False,27,59.0,375,8.598179453836151,15.23081924577373,89.57867360208063,0,0
1,67,27,False,20,61.0,444,6.0650195058517555,13.05851755526658,119.60468140442133,0,0
1,68,27,False,14,68.0,415,6.026007802340702,14.026007802340702,94.63068920676203,0,0
1,69,25,False,9,67.0,415,1.598179453836151,15.18855656697009,106.61768530559168,0,0
1,70,22,False,14,72.5,527,4.026007802340702,16.63003901170351,158.6436931079324,0,0
1,71,27,False,19,67.0,335,6.039011703511053,16.16254876462939,95.40312093628089,0,0
1,72,27,False,31,67.0,426,6.4291287386215865,16.617685305591678,120.5331599479844,0,0
1,73,26,False,7,61.0,508,2.0195058517555267,15.042262678803642,136.59817945383614,0,0
1,74,22,False,31,59.5,847,6.0650195058517555,17.11703511053316,240.16384915474643,0,0
1,75,25,False,27,67.0,308,6.0650195058517555,16.13003901170351,81.55266579973993,0,0
1,76,27,False,16,51.0,433,6.071521456436931,12.301937107328099,75.45513654096229,0,0
1,77,28,False,19,56.5,300,5.039011703511053,15.591027308192459,69.08452535760728,0,0
1,78,24,False,15,68.5,351,2.188556566970091,15.035760728218465,93.04681404421326,0,0
1,79,24,False,22,58.5,527,7.208062418725618,14.156046814044213,139.70871261378414,0,0
1,80,23,False,21,70.0,664,6.156046814044213,13.221066319895968,164.80624187256177,0,0
1,81,27,False,14,46.0,433,5.130039011703511,12.097529258777634,74.55266579973993,0,0
1,82,25,False,27,57.0,447,5.130039011703511,15.162548764629388,72.12353706111834,0,0
1,83,26,False,22,55.5,415,5.130039011703511,15.08777633289987,117.50715214564369,0,0
1,84,24,False,21,77.5,484,5.0585175552665795,16.584525357607284,115.6892067620286,0,0
1,85,23,False,2,53.0,652,1.013003901170351,12.05851755526658,186.81924577373212,0,0
1,86,26,False,13,57.5,421,1.5099995260537158,15.198309492847855,79.13654096228869,0,0
1,87,23,False,3,59.0,524,2.0065019505851756,14.097529258777634,139.76072821846554,0,0
1,88,23,False,15,64.0,406,2.1820546163849155,17.07152145643693,134.25357607282186,0,0
1,89,26,False,28,67.0,361,7.071521456436931,20.831599479843952,108.43563068920676,0,0
1,90,24,False,15,46.5,623,2.1820546163849155,10.815344603381014,179.5591677503251,0,0
1,91,25,False,3,51.0,394,2.0065019505851756,11.026007802340702,122.42262678803641,0,0
1,92,23,False,30,57.0,457,7.071521456436931,18.039011703511054,99.56566970091028,0,0
1,93,24,False,21,61.0,508,6.071521456436931,16.519505851755525,136.59817945383614,0,0
1,94,24,False,17,61.0,393,6.0650195058517555,11.584525357607282,110.27958387516254,0,0
1,95,24,False,15,64.0,353,2.1820546163849155,15.595701973690058,96.13654096228869,0,0
1,96,24,False,2,56.5,652,1.013003901170351,14.097529258777634,186.81924577373212,0,0
1,97,25,False,22,56.0,410,6.078023407022107,16.01300390117035,111.48114434330299,0,0
1,98,26,False,16,61.0,438,7.026007802340702,16.029258777633288,66.13654096228869,0,0
1,99,22,False,8,58.0,419,1.0390117035110533,13.86878389826743,141.25357607282186,0,0
1,100,24,False,24,59.0,440,7.091027308192458,16.597529258777634,118.57867360208063,0,0
1,101,26,False,28,55.0,380,3.026007802340702,13.117035110533159,118.27308192457737,0,0
1,102,23,False,3,64.0,465,2.0065019505851756,12.071521456436932,121.37061118335501,0,0
1,103,26,False,9,55.0,383,3.026007802340702,13.813517318293439,119.27308192457737,0,0
1,104,25,False,14,52.0,527,5.130039011703511,13.149544863459038,139.70871261378414,0,0
1,105,21,False,3,62.0,657,2.0065019505851756,13.04551365409623,139.61768530559166,0,0
1,106,24,False,12,60.0,385,5.156046814044213,16.133289986996097,92.49414824447334,0,0
1,107,22,False,28,62.5,496,5.026007802340702,13.136540962288688,138.5851755526658,0,0
1,108,24,False,24,62.0,274,7.136540962288686,19.22249001010098,79.37061118335501,0,0
1,109,20,False,27,66.5,448,9.006501950585175,24.74016857676893,80.2857718363345,0,0
1,110,21,False,7,63.0,630,1.0390117035110533,17.119882490943183,183.65019505851757,0,0
1,111,21,False,9,58.0,1006,1.537240329274181,12.006501950585175,277.2483745123537,0,0
1,112,23,False,21,60.0,465,6.078023407022107,14.43197611903161,136.67620286085827,0,0
1,113,24,False,28,54.0,501,3.026007802340702,13.04551365409623,119.70505804360899,0,0
1,114,22,False,3,64.0,515,2.0065019505851756,12.14629388816645,112.19505851755527,0,0
1,115,25,False,18,56.0,527,4.0650195058517555,11.097529258777634,139.70871261378414,0,0
1,116,24,False,25,60.5,394,4.039011703511053,12.591027308192459,122.42262678803641,0,0
1,117,22,False,17,49.5,490,6.039011703511053,13.042262678803642,123.72821846553965,0,0
1,118,24,False,17,55.5,415,5.026007802340702,14.052015604681404,125.61768530559168,0,0
1,119,19,False,5,71.0,473,1.0325097529258778,17.109725970182854,124.18205461638492,0,0
1,120,24,False,17,56.5,683,4.074368836846954,12.532509752925877,184.51365409622886,0,0
1,121,24,False,25,54.5,501,4.1755526657997395,12.571521456436932,119.70505804360899,0,0
1,122,23,False,24,67.0,410,7.09387468860248,17.184901996794938,90.20451967025187,0,0
1,123,23,False,5,64.0,631,1.0325097529258778,15.327944909668801,182.5591677503251,0,0
1,124,19,False,14,62.0,1031,4.0585175552665795,15.05851755526658,238.1233348934065,0,0
1,125,23,False,17,58.0,374,5.0650195058517555,16.084525357607284,108.22756827048114,0,0
1,126,19,False,19,62.0,518,7.2369176014763426,21.51569428687376,130.97813996818635,0,0
1,127,19,False,3,71.0,527,2.0065019505851756,13.169050715214563,141.7477243172952,0,0
1,128,20,False,30,67.0,576,7.208062418725618,17.656046814044213,110.5851755526658,0,0
1,129,21,False,15,67.0,655,1.434016309676502,17.13003901170351,104.70221066319895,0,0
1,130,21,False,11,93.0,455,4.032509752925877,23.98995530094108,142.4551365409623,0,0
1,131,21,False,7,66.0,635,1.4376708798516549,17.052015604681404,122.42262678803641,0,0
1,132,24,False,17,63.0,379,5.1755526657997395,17.393984510843,104.25357607282184,0,0
1,133,24,False,35,63.0,395,5.227568270481144,16.552015604681404,105.25357607282184,0,0
1,134,23,False,37,54.0,541,9.052015604681404,15.032509752925877,151.38361508452536,0,0
1,135,17,False,15,53.0,1006,1.3978519865754715,11.006501950585175,277.2483745123537,0,0
1,136,24,False,30,60.0,386,7.218644750600578,15.258250738319447,105.63068920676203,0,0
1,137,24,False,9,57.0,805,3.2389577921212354,13.130039011703511,180.79785598549725,0,0
1,138,22,False,25,73.5,487,7.006501950585175,13.857416592859407,126.89361461057908,0,0
1,139,19,False,13,118.0,469,1.434016309676502,27.221066319895968,114.30559167750324,0,0
1,140,22,False,25,64.0,855,4.479529963772731,14.28629873130504,214.40726870680794,0,0
1,141,22,False,8,57.5,355,1.0390117035110533,15.077619812139542,124.17555266579974,0,0
1,142,18,False,27,60.5,974,7.090220118427328,18.54551365409623,239.61533112553357,0,0
1,143,23,False,22,56.0,379,8.006501950585175,13.052015604681404,104.44863459037711,0,0
1,144,22,False,5,60.5,706,1.0325097529258778,11.623133466235771,214.6725482906831,0,0
1,145,25,False,21,82.0,508,3.1235370611183355,18.47549401494708,131.79608535180145,0,0
1,146,26,False,14,57.0,362,2.126384441528358,14.653412339191506,67.28462770038301,0,0
1,147,24,False,16,64.5,715,3.354378523124135,13.677189261562066,197.14353611322576,0,0
1,148,23,False,8,53.0,826,1.0390117035110533,13.184094807029808,248.80624187256177,0,0
1,149,22,False,7,56.0,898,1.0390117035110533,16.334872671368608,284.8481009564828,0,0
1,150,19,False,8,55.0,774,2.249114312881564,11.006501950585175,185.58201418284256,0,0
1,151,15,False,20,76.0,537,7.039011703511053,24.097529258777634,125.6631989596879,0,0
1,152,23,False,1,53.0,646,1.0,12.019505851755527,163.65669700910274,0,0
1,153,25,False,15,55.0,694,3.0670596964966483,11.006501950585175,177.5006501950585,0,0
1,154,27,False,19,62.0,304,3.3763059441750523,17.039011703511054,77.14304291287387,0,0
1,155,26,False,3,53.0,834,1.0195058517555267,11.565019505851755,240.30608487785517,0,0
1,156,22,False,18,65.0,886,2.1523922438690604,13.144466603078873,220.636877167934,0,0
1,157,19,False,4,51.0,835,1.0195058517555267,10.103224019597679,157.44405952765328,0,0
1,158,15,False,23,86.0,658,6.006501950585175,24.04551365409623,194.65019505851757,0,0
1,159,20,False,16,59.5,1052,9.0,15.561768530559167,275.6917401530254,0,0
1,160,23,False,1,48.0,667,1.0,10.200753278375313,153.32032177990527,0,0
1,161,20,False,3,47.5,886,1.0065019505851756,10.603627614480244,245.17604586615164,0,0
1,162,18,False,22,53.5,1045,6.15158505410393,12.081274382314694,218.59118282181694,0,0
1,163,27,False,24,50.0,417,3.3820007049950975,13.04551365409623,132.2925877763329,0,0
1,164,25,False,3,59.0,834,1.0195058517555267,11.039011703511052,240.30608487785517,0,0
1,165,21,False,7,52.0,902,1.0390117035110533,11.15239224386906,285.854602907068,0,0
1,166,23,False,21,56.0,392,3.3763059441750523,19.158894194454238,94.45513654096229,0,0
1,167,23,False,3,62.0,834,1.0195058517555267,12.039011703511052,240.30893225826517,0,0
1,168,22,False,23,60.0,507,4.397851986575471,15.06238503099905,137.53600732839442,0,0
1,169,19,False,36,61.0,667,6.083718167842152,15.071521456436932,153.3260165407253,0,0
1,170,16,False,19,61.5,502,1.518967478398417,16.019505851755525,155.63068920676204,0,0
1,171,22,False,1,49.0,990,1.0,12.543686369008652,261.7596070392872,0,0
1,172,21,False,16,64.0,639,5.045513654096228,12.019505851755527,177.71521456436932,0,0
1,173,21,False,16,53.0,691,9.019505851755527,15.052015604681404,190.88630547022876,0,0
1,174,15,False,16,48.0,737,1.0325097529258778,16.052015604681404,171.481144343303,0,0
1,175,18,False,22,62.0,616,6.026007802340702,15.568270481144342,131.27308192457738,0,0
1,176,18,False,22,62.0,617,6.026007802340702,15.568270481144342,131.27308192457738,0,0
1,177,15,False,3,64.0,780,1.0195058517555267,16.301937107328097,161.64003853775722,0,0
1,178,19,False,20,81.0,770,6.097529258777633,20.13003901170351,185.55809100361088,0,0
1,179,23,False,14,45.0,898,6.091027308192458,12.113380540358007,179.34449007823076,0,0
1,180,20,False,7,55.0,962,1.0390117035110533,12.061768530559167,291.8611048576532,0,0
1,181,16,False,2,64.0,786,1.0,15.128211726615934,144.3319564206392,0,0
1,182,23,False,22,70.0,448,4.162548764629388,14.128424632173251,131.27308192457738,0,0
1,183,17,False,5,50.0,997,1.0325097529258778,9.039011703511052,318.9976458199419,0,0
1,184,21,False,5,56.0,1016,1.0325097529258778,11.27920249651205,316.96513606701603,0,0
1,185,14,False,20,71.5,616,3.113380540358007,18.08777633289987,180.6111833550065,0,0
1,186,22,False,30,53.0,1262,6.091027308192458,14.04551365409623,257.34668652304117,0,0
1,187,18,False,18,64.0,616,7.0650195058517555,18.07152145643693,118.2925877763329,0,0
1,188,17,False,2,61.0,782,1.0,13.46571887283725,225.75422626788037,0,0
1,189,23,False,20,46.0,1021,6.026007802340702,11.05771036550145,246.13846785015002,0,0
1,190,23,False,21,54.0,1107,1.318595578673602,15.01300390117035,223.60580110251755,0,0
1,191,20,False,26,55.0,525,5.078023407022107,15.12923182193838,149.66319895968792,0,0
1,192,15,False,3,63.0,898,1.0195058517555267,15.640464348871859,204.9482969036497,0,0
1,193,16,False,23,87.0,982,7.084525357607282,20.615207825445584,212.14862437091037,0,0
1,194,17,False,25,56.0,704,6.019505851755526,16.01300390117035,175.10338027376324,0,0
1,195,15,False,7,69.0,705,1.0390117035110533,11.253576072821847,214.77007754946075,0,0
1,196,21,False,19,55.0,416,7.039011703511053,17.17474547603461,109.62338006641173,0,0
1,197,17,False,13,51.0,1111,3.0650195058517555,13.019505851755527,309.63768435769913,0,0
1,198,13,False,23,76.0,617,8.074368836846954,18.16254876462939,156.34094881083917,0,0
1,199,16,False,28,78.0,616,4.039011703511053,29.598952948982646,116.22756827048114,0,0
1,200,21,False,18,45.0,1240,5.0585175552665795,13.04551365409623,266.80982757241753,0,0
1,201,18,False,20,46.0,1240,4.091027308192458,13.085949047812292,266.80982757241753,0,0
1,202,25,False,6,56.0,1030,1.0260078023407022,10.051208414916275,297.4174252275683,0,0
1,203,17,False,12,59.0,910,3.026007802340702,16.01300390117035,174.57864916422534,0,0
1,204,14,False,30,67.5,1188,9.091027308192457,19.10168776715019,328.5763194220225,0,0
1,205,18,False,20,57.0,1010,4.091027308192458,16.04226267880364,183.1847886940114,0,0
1,206,19,False,1,56.0,554,1.0,16.039011703511054,126.40312093628089,0,0
1,207,17,False,13,62.0,1204,6.019505851755526,16.01300390117035,263.34857045952054,0,0
1,208,19,False,33,65.0,803,4.1617415748642586,12.188175188319594,213.96228868660597,0,0
1,209,19,False,25,54.0,1287,5.245459742706411,13.01300390117035,284.1207326320903,0,0
1,210,13,False,38,63.0,554,9.130039011703511,18.087372738017304,154.28875251413692,0,0
1,211,20,False,21,66.0,743,6.095914879247373,14.666416240361858,201.98829648894667,0,0
1,212,16,False,13,58.5,704,8.006501950585175,16.54551365409623,175.10622765417324,0,0
1,213,16,False,29,57.5,620,9.084525357607282,18.192827637585125,118.53154556845413,0,0
1,214,16,False,22,55.0,1291,4.084525357607282,17.04226267880364,278.0683356487584,0,0
1,215,16,False,19,62.0,973,7.006501950585175,13.037184418423477,245.52715119775112,0,0
1,216,22,False,13,48.0,1193,4.028855182750725,10.006501950585175,354.4109232769831,0,0
1,217,14,False,23,76.5,1139,8.0,12.611149660387866,324.595825273778,0,0
1,218,18,False,2,44.5,835,1.0,14.56929057646679,154.29444727495698,0,0
1,219,15,False,21,62.0,638,5.0650195058517555,17.13003901170351,130.8214866510067,0,0
1,220,23,False,6,55.0,1053,1.0260078023407022,10.051208414916275,304.44993498049416,0,0
1,221,21,False,12,37.0,854,4.097529258777633,12.05851755526658,189.25758758379223,0,0
1,222,16,False,26,52.0,1099,10.061364935676602,15.069694171349354,228.0797251703985,0,0
1,223,16,False,19,54.0,954,5.045513654096228,15.612976945475442,210.13201033202898,0,0
1,224,15,False,23,67.0,898,4.097529258777633,27.052015604681404,197.20841935952083,0,0
1,225,21,False,22,46.0,898,4.084525357607282,14.05851755526658,197.20841935952083,0,0
1,226,21,False,10,54.0,1085,2.0065019505851756,11.304403109087623,338.0858257477243,0,0
1,227,19,False,27,47.0,1134,7.006501950585175,13.077216217256977,315.63768435769913,0,0
1,228,22,False,24,49.0,910,4.097529258777633,19.032509752925876,174.60142820750553,0,0
1,229,14,False,24,93.5,620,10.019505851755527,19.043686369008654,118.53439294886415,0,0
1,230,19,False,18,48.0,890,6.019505851755526,13.01300390117035,183.4705820060369,0,0
1,231,14,False,11,63.5,1412,2.40477974827528,12.606878589772831,408.64133892787424,0,0
1,232,23,False,22,39.0,898,4.084525357607282,14.039011703511052,197.2096523604006,0,0
1,233,15,False,1,117.0,452,1.0,27.944060268194352,150.43482349944162,0,0
1,234,15,False,17,53.0,1328,4.122729871353205,10.108918780417724,395.56331552085214,0,0
1,235,21,False,21,43.0,732,4.097529258777633,12.039011703511052,176.25173656880662,0,0
1,236,19,False,15,53.0,898,4.084525357607282,24.03250975292588,197.2124997408106,0,0
1,237,18,False,27,57.5,1003,7.134119392993297,16.13533017764099,289.12403026147024,0,0
1,238,14,False,30,61.0,1247,8.171090905859456,12.286915231744922,368.5336531483363,0,0
1,239,25,False,5,42.0,1336,1.0065019505851756,13.01300390117035,251.91210814269337,0,0
1,240,24,False,18,63.0,447,4.19629151843503,14.094278283485046,144.39581179593057,0,0
1,241,27,False,19,63.0,630,5.0650195058517555,14.093874688602481,186.58764155442532,0,0
1,242,19,False,7,50.0,1046,1.0325097529258778,15.048361034506252,327.0590107556185,0,0
1,243,23,False,5,47.0,1336,1.0065019505851756,13.04551365409623,251.91780290351343,0,0
1,244,28,False,19,53.5,630,6.032509752925877,13.056690270179004,186.58764155442532,0,0
1,245,28,False,19,47.5,630,5.090220118427328,11.660934385099129,186.58764155442532,0,0
1,246,25,False,19,51.0,464,6.032509752925877,14.171090905859456,141.5161200979884,0,0
1,247,25,False,19,62.0,292,5.0650195058517555,16.176785666679503,82.31902138978823,0,0
1,248,26,False,18,48.5,513,6.032509752925877,12.585949047812292,155.39135003599029,0,0
1,249,16,False,24,74.0,1054,8.0,13.231245056888365,297.5495044299167,0,0
1,250,23,False,15,49.0,588,3.0,12.065019505851755,141.99322849246573,0,0
1,251,16,False,7,65.5,805,1.0325097529258778,12.135733772523556,244.7432625573549,0,0
1,252,23,False,21,58.0,357,4.067866886261778,14.169050715214563,90.38404089563998,0,0
1,253,24,False,5,41.0,1336,1.0065019505851756,14.019505851755525,251.92269047456833,0,0
1,254,17,False,13,55.0,1386,2.037397323980793,9.272700545926876,420.83606049924316,0,0
1,255,26,False,19,48.0,534,6.032509752925877,13.088796428222317,156.44051826026168,0,0
1,256,17,False,31,67.0,488,8.099569449422527,17.086565548252175,146.0488986673223,0,0
1,257,20,False,21,60.0,457,4.067866886261778,13.579043502344554,120.59129612460048,0,0
1,258,15,False,5,54.0,733,1.141428533343602,13.183287617264678,234.6786688626178,0,0
1,259,20,False,10,57.5,531,1.0195058517555267,12.077216217256975,155.81117387608083,0,0
1,260,18,False,31,94.0,488,8.143468723988494,21.352977049151193,146.0488986673223,0,0
1,261,21,False,24,53.0,910,4.097529258777633,12.110533159947984,174.6189383010803,0,0
1,262,24,False,17,60.0,638,4.032509752925877,12.587372738017304,176.6807090532627,0,0
1,263,19,False,16,53.0,1339,2.0195058517555267,11.047553844741122,394.6738486808001,0,0
1,264,22,False,26,47.0,783,7.013003901170351,12.027431492545713,143.4531607773904,0,0
1,265,16,False,19,59.5,1052,6.0585175552665795,13.115824325885464,217.03791051894157,0,0
1,266,25,False,21,51.0,615,4.067866886261778,11.11622792076803,174.68194205414244,0,0
1,267,16,False,22,90.5,685,4.097529258777633,17.6341193929933,167.94814064948415,0,0
1,268,24,False,30,55.0,683,5.271086166396616,12.06238503099905,193.6693195316226,0,0
1,269,22,False,5,59.0,878,2.0,10.24242167297114,278.7965111629161,0,0
1,270,20,False,5,46.0,1070,1.577485033664997,10.546533749418675,303.7263345290603,0,0
1,271,27,False,12,51.0,708,3.1775928564446327,11.095914879247374,191.75142331993447,0,0
1,272,21,False,15,49.0,672,6.019505851755526,17.04551365409623,171.68945188112244,0,0
1,273,23,False,19,53.0,629,4.067866886261778,14.052015604681404,175.65916301086224,0,0
1,274,21,False,9,54.0,488,2.0195058517555267,17.086565548252175,146.05459342814234,0,0
1,275,23,False,17,62.0,567,6.032509752925877,13.085758358487045,156.67786167285266,0,0
1,276,22,False,5,45.0,1075,1.013003901170351,7.60464770980269,339.1740501079709,0,0
1,277,25,False,20,61.0,510,3.1775928564446327,12.246692743586173,142.57098308307982,0,0
1,278,22,False,5,48.0,504,1.577485033664997,10.096318474129939,151.47222082342242,0,0
1,279,15,False,3,57.0,1414,1.013003901170351,12.039011703511052,341.49934832385935,0,0
1,280,27,False,19,57.0,381,6.09387468860248,14.061364935676602,112.39462322751496,0,0
1,281,22,False,14,61.0,603,3.0,12.13390648743598,182.64658492080653,0,0
1,282,23,False,16,49.0,638,4.078023407022107,13.100376639187656,176.6807090532627,0,0
1,283,19,False,20,61.0,733,3.269045975751723,10.141854344458235,234.68436362343783,0,0
1,284,16,False,22,56.5,889,5.070714266671801,12.604053425594877,223.30455936325316,0,0
1,285,21,False,31,60.0,488,8.053248605561167,16.366575234529357,146.04443690738202,0,0
1,286,21,False,18,53.0,638,4.201986279255075,12.087372738017304,176.6807090532627,0,0
1,287,23,False,3,54.0,465,1.013003901170351,13.052015604681404,114.65062086963219,0,0
1,288,20,False,5,68.0,547,1.144275913753625,16.5707142666718,107.25642345323187,0,0
1,289,19,False,14,58.0,860,7.006501950585175,17.03250975292588,199.5846134819945,0,0
1,290,21,False,18,59.0,615,2.0028473804100226,15.135733772523556,174.68478943455247,0,0
1,291,14,False,21,60.0,1143,5.064212316086626,13.611553255270431,256.7103914203874,0,0
1,292,27,False,12,64.0,292,3.0,14.093874688602481,81.3182142000231,0,0
1,293,24,False,3,36.5,547,1.013003901170351,9.107495090212712,114.65346825004221,0,0
1,294,19,False,11,61.0,671,6.052015604681404,13.295860967857555,168.1809778696707,0,0
1,295,17,False,5,57.0,1394,1.0260078023407022,14.039011703511052,318.049636986768,0,0
1,296,21,False,19,59.0,727,6.0662525067315185,15.0353571333359,186.01553729216715,0,0
1,297,24,False,3,49.5,547,1.013003901170351,12.075792527051966,114.65062086963219,0,0
1,298,20,False,15,65.0,742,4.039011703511053,15.121922681588075,193.8457238196516,0,0
1,299,16,False,26,54.5,850,7.039011703511053,16.60464770980269,179.7706596147409,0,0
1,300,17,False,24,49.0,635,5.064212316086626,14.143468723988494,141.51934885704893,0,0
1,301,17,False,20,51.0,1354,6.067059696496648,14.05851755526658,328.5363642691896,0,0
1,302,19,False,13,47.0,1257,5.061364935676603,11.147930483928779,365.07021958523774,0,0
1,303,19,False,32,59.0,983,5.097529258777633,14.196291518435029,249.0747257776422,0,0
1,304,21,False,16,55.0,742,5.11461354123777,13.072754457316694,193.8457238196516,0,0
1,305,17,False,11,58.0,531,6.052015604681404,13.206448039195358,141.51934885704893,0,0
1,306,18,False,8,52.5,859,1.0390117035110533,13.548764629388817,208.75281257497977,0,0
1,307,20,False,9,60.0,849,2.028855182750725,12.249540123996198,239.23669247699138,0,0
1,308,18,False,11,70.5,722,7.097955069892266,18.551612009798838,163.8554989617614,0,0
1,309,17,False,20,56.0,765,6.197905897965289,15.132079202348404,217.0846371793087,0,0
1,310,18,False,26,70.0,964,4.335679861133739,15.182076832616984,227.11315541587305,0,0
1,311,13,False,3,63.0,1620,1.013003901170351,11.270278976631486,458.98845274311225,0,0
1,312,22,False,14,57.5,999,3.621384308230966,13.20319706390277,294.4134337112068,0,0
1,313,18,False,30,52.0,1450,6.0650195058517555,15.559941245471592,306.37074299966525,0,0
1,314,15,False,3,60.0,829,1.013003901170351,14.225146701185754,220.83334641622554,0,0
1,315,17,False,17,50.0,1257,7.102416829832549,12.17474547603461,365.07021958523774,0,0
1,316,13,False,3,55.0,1866,1.013003901170351,10.09306749883735,471.08304279438727,0,0
1,317,26,False,28,57.0,660,5.099569449422526,12.564615910969192,157.81606144713572,0,0
1,318,14,False,3,85.0,720,1.013003901170351,21.851318237156796,182.72418251671402,0,0
1,319,17,False,3,72.0,912,1.013003901170351,15.28855182750725,271.27077217698337,0,0
1,320,25,False,27,53.0,534,4.048361034506252,14.316981199143342,134.60187845647545,0,0
1,321,18,False,33,67.0,983,5.097529258777633,15.607898685095277,249.071071207467,0,0
1,322,13,False,3,61.0,1017,1.013003901170351,12.127617442408122,296.6735561670779,0,0
1,323,14,False,38,54.0,1447,5.11461354123777,17.640408438021154,384.3611929820404,0,0
1,324,17,False,3,73.0,660,1.013003901170351,15.28855182750725,205.76727460151486,0,0
1,325,15,False,11,58.0,1160,6.039011703511053,17.106071400007703,263.2880571460732,0,0
1,326,13,False,3,42.0,1866,1.013003901170351,9.125577251763229,471.0858901747973,0,0
1,327,11,False,30,50.0,1609,7.069907076906671,12.199946088610183,417.0037419540213,0,0
1,328,17,False,3,65.0,902,1.013003901170351,16.1154207310029,268.25126632522785,0,0
1,329,19,False,4,55.0,966,2.013003901170351,14.065019505851755,264.6597895086066,0,0
1,330,14,False,22,58.5,697,5.070714266671801,15.125790157320544,182.0534048597267,0,0
1,331,13,False,24,87.0,1475,4.05448160644093,9.165396145039411,433.98925993287736,0,0
1,332,14,False,14,41.5,764,1.0520156046814044,12.112169755710312,196.83653074282194,0,0
1,333,15,False,3,72.0,829,1.013003901170351,14.309672058793037,220.83619379663557,0,0
1,334,11,False,20,60.0,1079,3.071521456436931,13.054862985091427,211.5075979513672,0,0
1,335,16,False,1,51.5,860,1.0,10.226592607622834,215.92744622931298,0,0
1,336,17,False,36,84.0,446,8.080063597667,17.28086130850645,110.4807629646525,0,0
1,337,13,False,3,59.0,1128,1.0065019505851756,12.064212316086625,271.2027690311649,0,0
1,338,13,False,3,69.0,1493,1.013003901170351,12.085758358487045,386.24377649285674,0,0
1,339,14,False,3,71.0,934,1.013003901170351,13.940731165818995,250.91724527608852,0,0
1,340,16,False,18,70.5,801,4.1068785897728315,13.10932237530029,182.73420277791766,0,0
1,341,18,False,36,67.0,1051,6.129231821938381,13.602820424715112,232.40029355047972,0,0
1,342,17,False,26,58.0,927,6.145890293283885,14.019505851755527,273.32771978518383,0,0
1,343,14,False,3,87.5,1340,1.013003901170351,16.992578297407217,342.3392655609895,0,0
1,344,10,False,25,61.5,1475,7.076409027491847,8.572754457316694,427.52331593555516,0,0
1,345,19,False,17,63.0,917,5.128850443287884,14.130464822818144,225.20460853518014,0,0
1,346,17,False,21,78.0,660,5.0585175552665795,15.156472625158846,145.35011744981352,0,0
1,347,15,False,3,60.0,1041,1.013003901170351,9.272700545926876,250.91724527608852,0,0
1,348,12,False,20,59.5,1065,3.071521456436931,15.119882490943183,202.9903811120557,0,0
1,349,18,False,26,65.5,984,6.144275913753625,12.630464822818144,228.26027871003672,0,0
1,350,15,False,3,55.0,844,1.013003901170351,8.2308414620058,230.01928072727057,0,0
1,351,11,False,10,90.0,692,1.0325097529258778,24.269471786866355,188.01069415357637,0,0
1,352,17,False,20,63.0,828,8.050401225151145,13.194251327790136,218.1671667787352,0,0
1,353,18,False,33,62.5,1124,5.1629745757440215,12.646719699281082,299.85404083639673,0,0
1,354,13,False,3,61.0,1081,1.013003901170351,10.095914879247374,292.36269553986926,0,0
1,355,13,False,5,54.0,994,3.013003901170351,10.019505851755527,225.45387910222726,0,0
1,356,11,False,22,54.0,1609,7.054862985091427,10.240997982766128,417.00293476425617,0,0
1,357,13,False,20,59.0,881,3.071521456436931,12.100376639187656,297.4663009381174,0,0
1,358,19,False,26,49.0,618,5.086565548252175,12.032509752925877,166.12815507522416,0,0
1,359,15,False,3,60.0,1041,1.013003901170351,9.272700545926876,230.01928072727057,0,0
1,360,16,False,4,55.0,1141,1.0195058517555267,11.694464233347453,329.8523820244023,0,0
1,361,12,False,3,88.5,1198,1.013003901170351,14.653815934074071,365.7454590021653,0,0
1,362,17,False,27,66.0,1349,7.02154604240042,16.173556907618984,364.36446617356506,0,0
1,363,18,False,25,45.5,1371,4.219877751480341,10.042879179243522,378.3299162299943,0,0
1,364,13,False,24,66.0,1170,8.0,16.16786214679894,253.08470160638169,0,0
1,365,10,False,6,133.0,1304,1.0325097529258778,31.809481369467786,336.1571665121404,0,0
1,366,10,False,28,52.5,1891,7.102416829832549,12.149567079691106,491.00540076601567,0,0
1,367,14,False,3,79.0,962,1.013003901170351,13.940731165818995,218.97457426293948,0,0
1,368,13,False,16,40.0,1065,2.05851755526658,11.061364935676602,305.08929962587865,0,0
1,369,15,False,3,62.0,1041,1.013003901170351,8.030895373395618,250.92009265649855,0,0
1,370,19,False,5,74.0,659,4.013003901170351,15.156472625158846,145.35011744981352,0,0
1,371,16,False,4,61.0,853,1.0195058517555267,11.279606091394617,213.92744622931298,0,0
1,372,10,False,17,55.5,1891,7.041859083921076,12.19771520864004,490.9988988154305,0,0
1,373,16,False,10,115.5,557,3.026007802340702,19.345051408361005,192.64535191992678,0,0
1,374,11,False,20,59.0,1065,3.0650195058517555,12.100376639187656,210.9851121623503,0,0
1,375,16,False,3,156.0,506,1.013003901170351,26.438713191406173,137.64497054127628,0,0
1,376,14,False,14,58.0,1016,4.044706464331099,12.622135587145392,265.8738836343386,0,0
1,377,11,False,24,49.0,1600,6.044706464331099,9.181247426619786,417.05414317917246,0,0
1,378,14,False,3,63.0,1400,1.013003901170351,11.585545452929729,391.3230329007586,0,0
1,379,13,False,3,36.0,1648,1.013003901170351,9.1154207310029,391.96127636696474,0,0
1,380,16,False,18,50.5,1252,4.109725970182854,12.087989238457187,278.5825488534943,0,0
1,381,9,False,6,93.0,900,1.0325097529258778,10.427940170205959,277.3033263623734,0,0
1,382,18,False,27,65.5,1272,6.371036994469639,12.181863927059666,354.2807480057229,0,0
1,383,9,False,6,51.0,1617,1.0260078023407022,13.158087004689106,430.5778419744602,0,0
1,384,12,False,22,47.5,1954,4.05771036550145,8.572754457316694,485.79422140993097,0,0
1,385,15,False,3,75.0,622,1.013003901170351,17.086565548252175,188.2907482723177,0,0
1,386,18,False,6,48.5,738,3.013003901170351,11.078236312579424,148.0977299454073,0,0
1,387,17,False,4,51.0,1185,1.013003901170351,9.225146701185755,314.8487718866913,0,0
1,388,16,False,31,52.0,1456,4.109725970182854,11.58087078743213,357.67599773098215,0,0
1,389,18,False,24,46.0,1537,6.132886392113534,11.05771036550145,403.67983299317814,0,0
1,390,11,False,20,59.0,1076,3.05851755526658,11.307250489497646,318.91009238990375,0,0
1,391,11,False,37,66.0,762,6.144275913753625,11.039011703511052,215.4346428074208,0,0
1,392,15,False,3,61.0,788,1.013003901170351,12.271467545047113,218.9680723123543,0,0
1,393,11,False,24,60.0,1451,4.110958971062617,14.148737673693908,386.16898184489514,0,0
1,394,17,False,3,92.0,544,1.013003901170351,15.144275913753624,135.70837566759778,0,0
1,395,16,False,10,77.5,1144,2.1422357231087323,18.18309692793943,349.5922595685312,0,0
1,396,16,False,26,44.5,1016,5.11299916170751,11.640812032903721,265.86087973316825,0,0
1,397,16,False,19,50.0,1016,5.042284895035709,12.087182048692057,265.86087973316825,0,0
1,398,12,False,9,68.5,1427,3.026007802340702,11.192636948259876,368.516051227669,0,0
1,399,18,False,22,51.5,615,6.048361034506252,15.024180517253125,173.17579778489355,0,0
1,400,14,False,3,79.0,891,1.013003901170351,16.70910473028013,229.26617415748643,0,0
1,401,12,False,19,51.5,896,6.0,11.121519086705511,212.23850754315134,0,0
1,402,15,False,3,59.0,1050,1.013003901170351,8.030895373395618,218.9680723123543,0,0
1,403,10,False,6,119.0,1392,1.0260078023407022,22.28145559271426,374.19256807794045,0,0
1,404,13,False,14,44.0,1091,5.083718167842152,10.028855182750725,329.24700525191724,0,0
1,405,11,False,10,53.0,963,2.045513654096229,13.111766160827747,260.9426021428296,0,0
1,406,9,False,6,57.0,953,1.0260078023407022,23.136540962288688,319.5521037290686,0,0
1,407,18,False,24,56.5,624,6.125577251763228,12.594704094599678,183.89204466351296,0,0
1,408,10,False,23,55.0,1616,7.043899274565969,12.235112532620835,421.0228664271263,0,0
1,409,16,False,27,59.5,1146,6.013003901170351,13.564615910969192,248.9769713943796,0,0
1,410,17,False,27,52.0,1456,4.1133805403580075,10.093874688602481,357.67234316080703,0,0
1,411,16,False,3,104.0,584,1.013003901170351,21.86213569082114,156.78801345415013,0,0
1,412,11,False,23,53.0,1383,6.043899274565969,13.116653731882662,349.3045349253979,0,0
1,413,17,False,26,67.0,887,6.167436335684305,16.041859083921075,257.44921665565727,0,0
1,414,9,False,6,110.0,883,1.0260078023407022,15.40558693804041,272.3090211231935,0,0
1,415,14,False,21,93.5,667,4.110958971062617,18.145083103518754,186.22045981676052,0,0
1,416,14,False,3,77.0,731,1.013003901170351,19.616227920768033,173.88047444985204,0,0
1,417,20,False,16,54.0,474,3.037397323980793,11.57396524196439,136.54459390208862,0,0
1,418,10,False,6,54.5,1512,1.0260078023407022,13.662358075304141,391.33969137210414,0,0
1,419,10,False,6,128.0,865,1.0260078023407022,28.254292916576567,206.44964246677193,0,0
1,420,13,False,25,107.0,625,7.197098708200159,16.30848349037741,201.92906060884326,0,0
1,421,13,False,24,65.0,637,4.110958971062617,12.076409027491847,168.15055273985385,0,0
1,422,14,False,3,142.0,572,1.013003901170351,38.58970396130229,137.84899701117624,0,0
1,423,14,False,24,49.5,1536,5.042284895035709,11.12538656243798,377.1028855923292,0,0
1,424,15,False,24,60.0,1084,4.110958971062617,16.1247700619981,245.75263188295898,0,0
1,425,16,False,10,99.5,502,3.026007802340702,26.35278635982594,138.71933937812324,0,0
1,426,14,False,17,47.5,1244,4.109725970182854,8.631059107025958,290.4013014268745,0,0
1,427,13,False,3,51.0,930,1.013003901170351,11.125577251763229,267.2501221892764,0,0
1,428,16,False,8,43.0,1625,2.0325097529258778,9.028855182750725,427.87740194495706,0,0
1,429,12,False,10,64.0,1008,1.0223532321655495,10.107495090212712,315.6934878299481,0,0
1,430,12,False,3,58.0,1445,1.013003901170351,12.634119392993297,388.3295348513438,0,0
1,431,17,False,8,46.0,793,2.0325097529258778,10.051208414916275,254.29890903489726,0,0
1,432,10,False,14,58.0,1890,4.039011703511053,13.213779395777731,456.74590480788885,0,0
1,433,17,False,3,94.0,518,1.013003901170351,20.20768104007512,162.67463291379212,0,0
1,434,11,False,28,53.0,1383,7.028047992985595,13.11461354123777,349.3037277356328,0,0
1,435,16,False,10,56.5,749,2.028855182750725,11.638581152933579,181.89836592207732,0,0
1,436,16,False,26,62.5,591,4.109725970182854,14.538608108628488,189.14405078926868,0,0
1,437,15,False,23,56.0,841,5.091027308192458,9.112573350592877,191.55613967789427,0,0
1,438,9,False,6,136.0,857,1.0260078023407022,31.785210506204255,253.4211686626717,0,0
1,439,11,False,12,54.0,1149,5.225146701185754,6.173556907618983,292.34984789286443,0,0
1,440,14,False,3,71.5,731,1.013003901170351,19.616227920768033,173.88616921067208,0,0
1,441,10,False,6,70.0,1783,1.0260078023407022,8.222915821215611,488.8720885627875,0,0
1,442,13,False,33,58.0,1501,5.11299916170751,13.233688842415823,361.0138984747816,0,0
1,443,17,False,24,72.0,671,4.09387468860248,16.019505851755525,196.0879548032975,0,0
1,444,17,False,8,46.0,793,2.0325097529258778,11.053248605561167,254.29890903489726,0,0
1,445,12,False,3,55.0,1152,1.013003901170351,12.115824325885466,302.96376680657954,0,0
1,446,11,False,2,58.0,1650,1.0065019505851756,11.202793469020206,406.87778332360756,0,0
1,447,15,False,20,51.0,841,5.091027308192458,10.006501950585175,191.55329229748423,0,0
1,448,10,False,6,98.0,1141,1.0260078023407022,16.62111549182295,304.93206424341884,0,0
1,449,12,False,33,72.5,946,8.128424632173251,23.171303811416774,206.4707626980577,0,0
1,450,12,False,34,59.0,1618,6.235303221946083,9.703622875017404,453.1996076613417,0,0
1,451,12,False,21,57.0,1391,6.045513654096228,11.714799491100177,370.43683925223127,0,0
1,452,15,False,14,63.0,654,3.0325097529258778,13.087372738017304,191.28225056355174,0,0
1,453,10,False,3,68.0,1490,1.013003901170351,12.189789567849854,389.4344176829359,0,0
1,454,13,False,24,66.0,758,4.110958971062617,12.069907076906672,191.27940318314174,0,0
1,455,10,False,6,101.5,1139,1.0260078023407022,15.25319469417135,229.24785687414652,0,0
1,456,12,False,25,44.5,1439,7.028047992985595,10.039628203950935,447.72496526862386,0,0
1,457,11,False,26,53.0,1167,5.186134997674701,10.121922681588076,352.3555426536845,0,0
1,458,14,False,14,61.0,1064,4.053248605561167,11.664398265949032,302.44921665565727,0,0
1,459,12,False,3,62.0,1445,1.013003901170351,12.634119392993297,388.3295348513438,0,0
1,460,9,False,6,115.0,1117,1.0260078023407022,16.46775906348214,306.5459387246698,0,0
1,461,17,False,26,46.0,912,3.0780234070221066,8.08087078743213,257.8361937966356,0,0
1,462,11,False,9,46.0,2027,3.0195058517555267,11.221110752360104,496.9246862327491,0,0
1,463,17,False,24,52.0,906,4.09387468860248,10.077216217256977,227.9198675320136,0,0
1,464,14,False,3,78.5,866,1.013003901170351,17.131675607465837,227.1877249393497,0,0
1,465,17,False,7,47.0,793,2.026007802340702,9.139814153813342,254.3017564153073,0,0
1,466,15,False,3,68.0,714,1.013003901170351,13.100376639187656,176.82926603493576,0,0
1,467,12,False,10,53.5,721,3.026007802340702,16.12700094196824,159.64981367986707,0,0
1,468,13,False,33,62.0,1064,6.122729871353205,13.17232390673922,302.44921665565727,0,0
1,469,14,False,21,102.0,667,4.078023407022107,24.168243525449434,186.22045981676052,0,0
1,470,21,False,21,51.0,859,6.070714266671801,11.160127195333999,185.5394367740846,0,0
1,471,13,False,10,57.0,620,3.026007802340702,18.158087004689108,147.71241161642342,0,0
1,472,12,False,2,39.5,1642,1.0065019505851756,9.308864869027907,408.9176022168837,0,0
1,473,13,False,10,56.0,976,2.045513654096229,10.10160964006742,269.560982816485,0,0
1,474,12,False,34,57.5,1457,7.082910978077022,11.780222591834498,384.1998772182908,0,0
1,475,11,False,25,61.0,1497,2.103224019597679,11.140621343578472,397.4287229221158,0,0
1,476,16,False,20,57.5,1299,6.145083103518755,13.080467192549564,317.6062713460963,0,0
1,477,16,False,3,55.5,542,1.013003901170351,13.10241682983255,176.90181980562278,0,0
1,478,16,False,1,64.0,871,1.0,11.132695702788286,269.4354055647218,0,0
1,479,10,False,5,56.0,1139,1.0260078023407022,8.327563531018303,253.5541439197135,0,0
1,480,16,False,23,45.0,1451,3.261311024286785,9.58758564357462,402.4478029627567,0,0
1,481,15,False,3,67.0,731,1.013003901170351,17.080063597667,173.88251464049694,0,0
1,482,16,False,31,65.0,594,6.084951168721915,15.123749966675652,170.78720626438502,0,0
1,483,12,False,18,59.5,1061,5.122729871353205,11.675574882031807,302.94952990452947,0,0
1,484,14,False,15,69.0,808,5.0382045137459235,12.630251917260829,175.04833659665098,0,0
1,485,16,False,28,46.0,988,4.015044091815244,9.058326865941332,297.5199309223291,0,0
1,486,16,False,7,61.5,853,1.391350035990296,9.592663903954787,221.9918592320293,0,0
1,487,10,False,6,201.0,599,1.0260078023407022,58.866384545204106,207.13835602844864,0,0
1,488,14,False,25,82.5,932,3.336912862013502,14.603627614480244,286.80321380013095,0,0
1,489,13,False,3,64.0,1712,1.013003901170351,8.071521456436932,467.79691253617545,0,0
1,490,12,False,24,96.5,924,4.110958971062617,23.269449570634286,238.56752919953436,0,0
1,491,13,False,24,58.0,986,4.041859083921076,8.186134997674701,209.13023969833318,0,0
1,492,20,False,11,50.0,598,5.0,11.586565548252175,115.84980420094138,0,0
1,493,13,False,24,129.0,639,4.110958971062617,20.263351214931678,206.95587560094907,0,0
1,494,15,False,3,50.0,1091,1.013003901170351,6.129231821938381,284.52567011561325,0,0
1,495,17,False,20,67.0,617,6.145083103518755,14.254853506165745,180.90058680474303,0,0
1,496,13,False,24,67.0,884,4.041859083921076,9.275122115222265,209.13023969833318,0,0
1,497,10,False,2,58.0,1137,1.0065019505851756,12.82777643657562,325.7361541036343,0,0
1,498,14,False,10,90.5,972,2.0215460424004195,13.170093026769077,295.8739280668027,0,0
1,499,10,False,29,47.0,1129,7.083718167842152,9.689173067409971,283.5860027370398,0,0
1,500,20,False,10,60.0,940,2.045513654096229,13.594491189042362,203.06864963817165,0,0
1,501,15,False,4,64.0,865,1.013003901170351,9.105264210242572,268.2159536243561,0,0
1,502,15,False,3,67.0,1161,1.013003901170351,13.213757179545663,279.1763354177096,0,0
1,503,17,False,26,41.0,1550,3.071521456436931,8.08087078743213,445.8623578531418,0,0
1,504,16,False,10,66.0,825,2.045513654096229,17.13839046360833,186.53217206619846,0,0
1,505,8,False,6,78.0,1287,1.0260078023407022,24.688791688759473,345.26128658643154,0,0
1,506,8,False,30,62.0,2009,4.074368836846954,14.583718167842152,495.4534732857215,0,0
1,507,11,False,18,53.0,936,7.083718167842152,13.041051894155945,261.44376701393105,0,0
1,508,18,False,7,48.0,1365,2.026007802340702,9.649567079691106,366.33726980280875,0,0
1,509,11,False,25,74.0,1546,5.139006964048212,15.290592018152143,391.97815996279525,0,0
1,510,17,False,3,74.0,477,1.013003901170351,13.108111590652594,176.90181980562278,0,0
1,511,12,False,10,54.5,1517,3.028047992985595,6.155856124718965,423.1752586709954,0,0
1,512,10,False,35,51.5,1063,7.083718167842152,12.081083692989445,203.29384077182152,0,0
1,513,14,False,3,60.5,850,1.013003901170351,10.172514596064469,172.5736053390049,0,0
1,514,16,False,14,82.0,1265,5.019505851755526,13.302979418882611,320.466457192283,0,0
1,515,16,False,27,58.5,1265,6.145083103518755,14.166225551036609,320.466457192283,0,0
1,516,9,False,24,48.0,2073,7.065445316966389,10.090220118427327,506.31365913190814,0,0
1,517,12,False,27,65.5,811,4.078023407022107,14.653008744308941,204.4224460960156,0,0
1,518,14,False,10,96.0,729,3.026007802340702,19.146103198841203,171.87601268991176,0,0
1,519,14,False,22,58.0,993,4.095914879247373,16.06848338670166,274.7097649226431,0,0
1,520,14,False,10,82.0,818,2.0215460424004195,9.683287617264678,262.1171913646987,0,0
1,521,16,False,3,57.5,1159,1.013003901170351,12.59774216433495,349.1649458960695,0,0
1,522,10,False,35,60.5,1104,9.13696677340332,15.585354763604482,271.4541486591763,0,0
1,523,11,False,32,70.0,1002,6.112573350592877,16.197524519314793,257.8027879890163,0,0
1,524,10,False,27,57.0,1673,2.269853165516853,8.630655512143392,395.2972257850476,0,0
1,525,10,False,6,82.0,1139,1.0260078023407022,12.812945250317693,297.72684920510324,0,0
1,526,18,False,21,50.5,866,5.2113356102502735,12.658916410686304,243.23346371793087,0,0
1,527,9,False,29,51.0,1227,5.119882490943183,11.050401225151145,329.47746533527254,0,0
1,528,12,False,24,49.5,1512,4.110958971062617,7.604244114920125,385.95903548969017,0,0
1,529,14,False,3,66.0,1159,1.013003901170351,15.624366467115534,349.1649458960695,0,0
1,530,14,False,27,83.5,632,9.108918780417724,21.115207825445584,137.37769519922037,0,0
1,531,13,False,21,48.0,1487,6.212949989780533,9.115846542117533,410.62292981744184,0,0
1,532,15,False,10,63.0,636,2.045513654096229,16.12761744240812,162.37204487086444,0,0
1,533,9,False,6,82.0,734,1.0260078023407022,14.117035110533159,182.12131617845262,0,0
1,534,17,False,20,45.0,1289,3.0682926973764113,7.0650195058517555,370.4401124437559,0,0
1,535,11,False,27,61.0,1617,8.1154207310029,17.122729871353204,327.82558702690534,0,0
1,536,14,False,3,80.0,793,1.013003901170351,20.200562589050065,218.3309929767085,0,0
1,537,16,False,28,58.5,801,6.2787766853974185,11.118884611852804,233.1005328933532,0,0
1,538,12,False,20,37.0,1092,3.05851755526658,9.596722069012504,318.16328708407514,0,0
1,539,15,False,3,46.0,996,1.015851281580374,6.063405126321496,275.0219029831956,0,0
1,540,18,False,21,61.0,511,6.028855182750725,11.648546984368659,149.23061633752084,0,0
1,541,11,False,23,59.0,1620,8.1154207310029,23.01300390117035,327.82843440731534,0,0
1,542,10,False,6,105.5,734,1.0260078023407022,25.703006374577523,207.13185407786344,0,0
1,543,17,False,21,49.0,1119,4.129231821938381,13.073561647081824,293.86011697586724,0,0
1,544,18,False,8,46.5,753,2.045513654096229,10.591240213749774,216.21310624394607,0,0
1,545,11,False,13,79.0,1291,7.065445316966389,14.30074853891247,323.49697118702807,0,0
1,546,12,False,17,59.0,973,1.0418590839210762,7.278989590954735,246.37612525215422,0,0
1,547,11,False,17,48.0,697,7.065445316966389,11.103224019597679,171.97966252062406,0,0
1,548,14,False,3,69.0,838,1.013003901170351,19.124153561558217,219.35130601822917,0,0
1,549,15,False,3,43.0,1288,1.015851281580374,7.089412928662198,383.85603659457746,0,0
1,550,8,False,28,49.5,1220,5.080870787432129,8.116037231442782,296.33953511793857,0,0
1,551,11,False,19,51.0,2006,6.17313109650435,9.085758358487045,512.0815846690226,0,0
1,552,10,False,6,108.0,734,1.0260078023407022,22.665205455714165,213.200953965005,0,0
1,553,9,False,38,56.0,1093,4.184094807029808,14.26458421581144,248.84688795021194,0,0
1,554,7,False,11,71.0,1836,7.17313109650435,18.08860573889707,442.6410664087609,0,0
1,555,15,False,3,82.0,711,1.013003901170351,17.12681025264299,165.25743132962668,0,0
1,556,10,False,29,42.0,1817,6.07925640790187,9.120498991383064,498.34392800755944,0,0
1,557,11,False,13,70.0,1002,7.061364935676603,15.121922681588076,257.792631468256,0,0
1,558,19,False,28,54.0,1181,5.127617442408122,12.099569449422527,304.4116386396557,0,0
1,559,13,False,27,59.0,1110,0.40316536874501985,17.05851755526658,302.1434442861332,0,0
1,560,11,False,27,67.0,1617,8.1154207310029,23.01300390117035,327.812583125735,0,0
1,561,15,False,3,43.0,711,1.013003901170351,10.096722069012504,195.27817018226196,0,0
1,562,14,False,10,51.5,644,2.045513654096229,10.634926582758427,165.3683903006893,0,0
1,563,15,False,43,90.0,673,12.190215378964487,20.36619385587886,222.09160937347264,0,0
1,564,10,False,20,56.0,1947,3.0390117035110533,8.678422262441831,552.5467659090438,0,0
1,565,7,False,10,60.0,2214,9.0,12.190215378964487,535.6505719939216,0,0
1,566,13,False,11,62.0,1240,6.045513654096228,13.318640011137738,338.4567709151014,0,0
1,567,10,False,6,98.5,950,1.0195058517555267,27.1375832738432,215.33464754688364,0,0
1,568,14,False,3,53.5,1288,1.015851281580374,7.567463291379214,383.8523820244023,0,0
1,569,20,False,28,53.5,797,5.199138898845052,10.633502892553416,180.761399148674,0,0
1,570,14,False,25,66.5,1529,8.071521456436932,21.128021037290686,300.6329500786455,0,0
1,571,17,False,9,73.0,646,1.028047992985595,8.160934385099129,193.83884049041592,0,0
1,572,12,False,22,60.0,1469,5.060557745911473,15.170283716094328,392.46934900515714,0,0
1,573,15,False,3,82.0,857,1.013003901170351,15.183287617264678,232.58380629222935,0,0
1,574,11,False,29,52.0,1820,5.17151671697409,6.178825857324395,504.2980329748127,0,0
1,575,11,False,32,97.0,1291,6.112573350592877,16.201179089489944,323.4868146662678,0,0
1,576,10,False,6,146.5,734,1.0195058517555267,48.76904597575172,207.11600279628308,0,0
1,577,7,False,10,71.0,2214,7.17313109650435,12.190215378964487,535.6347207123413,0,0
1,578,21,False,6,59.0,1005,0.4511005921366387,9.130464822818144,239.0788505913961,0,0
1,579,13,False,24,62.0,1515,0.0963406903620061,11.05690317573632,392.7814870657097,0,0
1,580,15,False,33,72.0,606,4.1349265827584265,18.11622792076803,181.88473552316265,0,0
1,581,14,False,3,67.5,1420,1.013003901170351,12.652201554543812,351.65306243353643,0,0
1,582,11,False,19,59.0,2011,3.127617442408121,10.146316104398517,521.1998527804355,0,0
1,583,10,False,29,47.0,1079,7.083718167842152,11.639388342698709,313.0230915516113,0,0
1,584,7,False,11,103.0,1005,10.0,23.01300390117035,233.98939323026977,0,0
1,585,11,False,21,56.0,1692,3.1772114777941356,15.283664256452335,441.2927640251073,0,0
1,586,13,False,41,102.0,700,4.09387468860248,22.279202496512053,200.2619375220311,0,0
1,587,15,False,10,63.0,717,3.026007802340702,17.109725970182854,179.8134147533554,0,0
1,588,10,False,37,64.5,998,8.150777864338801,13.59693497456982,269.2290019579906,0,0
1,589,15,False,24,58.0,846,4.110958971062617,10.238150602356106,191.57403115011954,0,0
1,590,15,False,3,84.0,793,1.013003901170351,18.14873767369391,218.3309929767085,0,0
1,591,12,False,14,41.5,1574,3.0325097529258778,7.100780234070221,433.95423678356354,0,0
1,592,10,False,3,56.0,1219,1.015851281580374,10.075792527051966,375.87962282762277,0,0
1,593,15,False,26,50.0,1250,5.161360196213762,10.041859083921077,365.244628115086,0,0
1,594,7,False,10,83.0,1724,8.164207576623784,23.01300390117035,383.6588690160579,0,0
1,595,13,False,13,58.0,1762,0.14589029328388492,6.099569449422526,497.56750476167906,0,0
1,596,13,False,3,126.0,784,1.013003901170351,17.14793048392878,227.9517952196593,0,0
1,597,18,False,21,53.5,1365,5.2048336596650975,12.10160964006742,366.34011718321875,0,0
1,598,11,False,19,113.0,1237,5.019505851755526,11.642930350631385,379.30922180982316,0,0
1,599,13,False,13,58.0,1483,0.18205461638491546,8.201986279255076,430.4165262107106,0,0
1,600,8,False,6,42.0,1387,1.0195058517555267,12.581487287872012,361.4307631127607,0,0
1,601,15,False,21,52.0,917,5.2048336596650975,12.086565548252175,269.54721615801367,0,0
1,602,14,False,9,84.5,678,2.0215460424004195,17.112169755710312,220.15705469043903,0,0
1,603,10,False,10,44.0,2050,3.026007802340702,9.696695113317595,521.1324117052884,0,0
1,604,7,False,11,130.0,1004,10.0,23.01300390117035,234.00809189226015,0,0
1,605,14,False,6,59.0,1746,1.015851281580374,7.675574882031808,457.08503855256805,0,0
1,606,11,False,29,80.0,798,5.133312203228167,25.17232390673922,253.12369331528387,0,0
1,607,11,False,15,48.0,1204,8.006501950585175,13.151585054103931,304.6979940223525,0,0
1,608,17,False,3,49.0,692,1.013003901170351,12.17393828626948,160.25012218927637,0,0
1,609,8,False,9,62.5,1257,0.03250975292587776,11.191829758494746,321.2116925510455,0,0
1,610,11,False,26,54.0,1668,0.18205461638491546,8.201986279255076,452.94977502362326,0,0
1,611,9,False,27,54.0,1662,7.064212316086626,10.09306749883735,391.3984096140004,0,0
1,612,7,False,10,103.0,1363,9.0,23.01300390117035,300.56122793557887,0,0
1,613,16,False,9,79.5,960,2.0215460424004195,8.57315805219926,284.65044017761136,0,0
1,614,7,False,11,103.0,1005,10.0,23.01300390117035,234.00809189226015,0,0
1,615,16,False,3,115.5,567,1.013003901170351,30.850129668741168,109.43809669096629,0,0
1,616,13,False,13,52.0,1053,4.041859083921076,9.178400046209763,269.08207935045664,0,0
1,617,16,False,28,53.0,665,6.054862985091427,15.06705969649665,126.42794017020596,0,0
1,618,11,False,29,80.0,798,5.133312203228167,25.17232390673922,227.06844895154197,0,0
1,619,9,False,6,109.0,1009,1.0195058517555267,23.11257335059288,276.6613594556727,0,0
1,620,14,False,35,71.0,544,9.05771036550145,15.078639907461987,113.82094901819065,0,0
1,621,11,False,26,51.0,1617,0.18205461638491546,8.201986279255076,393.0029791967203,0,0
1,622,12,False,19,58.0,1559,4.077216217256977,13.738980008353302,433.93065055051824,0,0
1,623,11,False,24,105.0,1277,9.054055795326297,21.160127195334,413.33603680192897,0,0
1,624,12,False,10,43.0,1534,1.0325097529258778,8.193040543142441,461.6314719586719,0,0
1,625,8,False,30,64.0,1162,7.184094807029808,11.127404536850804,291.788033448759,0,0
1,626,15,False,10,67.0,701,3.026007802340702,17.20402646989997,158.11927598780773,0,0
1,627,10,False,1,89.0,880,1.0,12.05771036550145,247.61019547322056,0,0
1,628,16,False,3,38.0,981,1.013003901170351,9.565636006291637,263.0714970185817,0,0
1,629,11,False,1,54.0,979,1.0,19.086565548252175,280.62647256591555,0,0
1,630,11,False,13,98.0,1291,7.061364935676603,26.109725970182854,323.48885485691267,0,0
1,631,12,False,5,60.5,1478,0.02600780234070221,9.20848822984025,390.65021505312643,0,0
1,632,10,False,9,97.5,1159,8.006501950585175,22.016254876462938,253.61001478119974,0,0
1,633,6,False,3,36.0,1873,1.013003901170351,17.57152145643693,461.8455186897755,0,0
1,634,12,False,10,83.5,1413,1.0325097529258778,14.939968408517998,423.3307234197594,0,0
1,635,12,False,13,54.5,1512,0.11053315994798439,7.195080733787335,392.78025406482993,0,0
1,636,9,False,6,42.0,2223,0.03250975292587776,9.065019505851755,555.6237570018158,0,0
1,637,12,False,4,67.0,1418,4.0,16.17619138247169,378.4100242601254,0,0
1,638,11,False,1,52.0,979,1.0,13.120308302057815,280.6293199463256,0,0
1,639,16,False,32,54.0,662,6.046746654975991,15.157492720481294,166.50089531415233,0,0
1,640,13,False,9,87.0,1023,2.0215460424004195,12.161360196213762,322.7438890550992,0,0
1,641,11,False,24,105.0,1074,9.054055795326297,21.160127195334,354.8178765132957,0,0
1,642,14,False,3,71.0,781,1.013003901170351,10.821868770198257,227.9517952196593,0,0
1,643,11,False,9,56.0,1010,0.03250975292587776,12.135733772523556,248.08492673086664,0,0
1,644,8,False,9,57.0,1063,0.03250975292587776,10.693847732907571,271.09223587121693,0,0
1,645,10,False,6,62.0,734,1.0195058517555267,11.543282774126087,212.39116934396947,0,0
1,646,12,False,13,57.0,1497,0.18205461638491546,6.143872318871059,401.76848316453936,0,0
1,647,12,False,1,79.5,1494,1.0,21.657896315363857,403.47665814550743,0,0
1,648,13,False,6,57.0,1749,1.015851281580374,6.077216217256977,457.08788593297805,0,0
1,649,11,False,24,105.0,1357,9.054055795326297,20.390161467574668,411.5611835031147,0,0
1,650,12,False,13,58.5,1896,0.13492658275842662,6.143872318871059,532.5516534800987,0,0
1,651,16,False,3,101.0,507,1.013003901170351,23.335320698715307,155.77092917169,0,0
1,652,13,False,36,58.0,803,4.074368836846954,9.078023407022107,178.15947625973442,0,0
1,653,8,False,1,95.0,1631,1.0,16.184924213027006,393.3573577198444,0,0
1,654,11,False,30,123.0,717,7.047553844741122,32.38608108628488,227.06844895154197,0,0
1,655,10,False,29,62.5,1043,0.18205461638491546,7.150777864338801,302.31718188577304,0,0
1,656,15,False,22,62.0,1352,5.0930674988373505,15.125577251763229,308.75458320867557,0,0
1,657,10,False,9,47.0,1592,2.045513654096229,17.045110059213663,382.46181474032187,0,0
1,658,13,False,3,44.0,1965,1.013003901170351,10.019505851755527,479.4291242953752,0,0
1,659,10,False,18,101.5,1161,6.067866886261778,25.23328524753326,220.35316551685324,0,0
1,660,6,False,6,52.0,1851,1.0195058517555267,15.693040543142441,476.12575350053766,0,0
1,661,12,False,24,51.5,1499,4.057328986850953,10.111149660387866,404.71689337097257,0,0
1,662,13,False,15,83.0,818,2.3125194392030592,14.145083103518754,253.94571908018875,0,0
1,663,13,False,1,57.0,1834,1.0,9.07764202837161,487.9682485611287,0,0
1,664,12,False,12,63.5,1199,0.041859083921076096,15.113380540358008,364.81094875159584,0,0
1,665,12,False,35,46.0,1134,2.1796330470895255,6.633099297670851,282.5368345127684,0,0
1,666,15,False,25,56.0,1366,5.0930674988373505,12.192636948259876,323.7436194981501,0,0
1,667,14,False,3,63.5,1420,1.013003901170351,12.634926582758427,351.67014671599657,0,0
1,668,14,False,1,57.5,1105,1.0,16.710315514927828,302.37000468021955,0,0
1,669,16,False,35,58.5,1041,3.1219226815880754,17.558113960384013,278.0442562153612,0,0
1,670,9,False,9,44.0,1698,0.03250975292587776,7.041859083921076,486.2728323622371,0,0
1,671,13,False,14,55.0,1483,0.245459742706411,8.065019505851755,430.41937359112063,0,0
1,672,15,False,3,79.0,781,1.013003901170351,15.160934385099129,227.9517952196593,0,0
1,673,10,False,32,89.5,828,0.12638444152835826,34.234092437298386,210.95773509957314,0,0
1,674,13,False,24,49.0,778,5.1154207310029,10.153625244748824,173.69333157578254,0,0
1,675,12,False,19,50.5,1654,3.041859083921076,8.603627614480244,458.048111472166,0,0
1,676,9,False,6,61.0,1702,1.0223532321655495,9.297475347387815,407.4573529803816,0,0
1,677,12,False,13,59.5,1849,0.18490199679493824,6.143872318871059,534.5024852558273,0,0
1,678,14,False,1,49.0,1057,1.0,11.607898685095279,263.15079785894767,0,0
1,679,16,False,10,53.5,1209,2.045513654096229,12.077832717696857,314.4612326750417,0,0
1,680,16,False,14,67.0,1067,4.17070952720896,12.201391995047262,332.55329229748423,0,0
1,681,7,False,10,56.0,2110,3.026007802340702,17.12557725176323,520.0239187359853,0,0
1,682,16,False,10,62.5,636,2.045513654096229,14.657279814923974,136.2529695696864,0,0
1,683,10,False,9,124.0,1091,8.006501950585175,22.21864475060058,248.49340548178122,0,0
1,684,10,False,18,111.0,1161,6.067866886261778,24.71641387063044,220.3730971797234,0,0
1,685,16,False,28,54.0,672,6.087372738017305,15.06705969649665,127.42998036085085,0,0
1,686,11,False,6,43.0,1668,3.013003901170351,8.18855656697009,435.21597361896494,0,0
1,687,16,False,26,64.0,1107,0.1377739631684494,9.098762259657397,347.16821908759414,0,0
1,688,9,False,23,61.0,917,7.061364935676603,14.177211477794135,280.4382529451318,0,0
1,689,7,False,3,121.0,1014,1.013003901170351,23.01300390117035,245.1076613416827,0,0
1,690,14,False,3,60.5,1709,1.015851281580374,7.576812622374412,451.8944417949531,0,0
1,691,12,False,1,79.5,1494,1.0,20.650374269456236,401.5534929841139,0,0
1,692,11,False,1,63.0,1282,1.0,19.219877751480343,325.65590981394644,0,0
1,693,16,False,27,108.5,501,9.026007802340702,17.564615910969188,151.95753441294346,0,0
1,694,10,False,8,41.5,2177,0.03250975292587776,9.120498991383064,538.3596430295831,0,0
1,695,11,False,1,60.0,1282,1.0,17.052015604681404,325.65590981394644,0,0
1,696,13,False,26,60.0,1272,0.18774937720496102,12.038204513745923,358.1994958396403,0,0
1,697,15,False,1,57.0,712,1.0,10.318214200023105,227.06802314042733,0,0
1,698,9,False,32,100.0,941,10.097529258777634,34.16174157486426,224.93822924781762,0,0
1,699,17,False,22,92.0,453,7.050401225151145,19.26458421581144,149.87500481351694,0,0
1,700,16,False,25,67.5,561,7.09387468860248,12.190193162732418,177.72498970647914,0,0
1,701,11,False,1,98.0,1375,1.0,16.121115491822945,344.0777738446819,0,0
1,702,6,False,6,59.0,2316,1.0195058517555267,10.74161448320601,573.4880676617564,0,0
1,703,10,False,9,85.5,1112,8.006501950585175,22.016254876462938,305.2795594373073,0,0
1,704,9,False,9,59.0,1904,0.03250975292587776,8.19709870820016,536.4037229961699,0,0
1,705,10,False,32,72.5,847,10.097529258777634,21.640408438021154,211.3956755363739,0,0
1,706,13,False,1,67.0,1494,1.0,16.130464822818144,401.559187744934,0,0
1,707,13,False,1,63.0,774,1.0,11.171090905859456,193.3797798223294,0,0
1,708,12,False,24,143.0,760,4.110958971062617,24.83752936245338,193.85408526886084,0,0
1,709,15,False,3,49.0,767,1.013003901170351,13.389735656460036,217.25704995097618,0,0
1,710,14,False,38,70.5,645,8.0353571333359,17.560961340794037,163.4834296530417,0,0
1,711,13,False,9,96.0,787,2.0215460424004195,15.263777026046311,241.24153561558217,0,0
1,712,8,False,9,57.0,1606,0.03250975292587776,12.107898685095279,390.0648143759757,0,0
1,713,13,False,17,67.0,954,0.21010260937051045,12.105264210242572,310.57199095947465,0,0
1,714,13,False,1,74.0,1030,1.0,14.54497528073912,214.26337120954054,0,0
1,715,6,False,10,49.0,2345,3.026007802340702,13.69161685293743,547.7489973073926,0,0
1,716,11,False,6,42.0,1522,3.013003901170351,8.139388342698709,434.5149070917175,0,0
1,717,10,False,6,74.5,923,1.0195058517555267,23.16764924124162,220.21599805682024,0,0
1,718,14,False,1,60.5,1170,1.0,12.683287617264678,309.62808694544583,0,0
1,719,11,False,33,63.0,1499,0.1934441380250066,8.201986279255076,400.7339332209686,0,0
1,720,9,False,1,40.0,1307,1.0,13.078023407022107,326.5991399356026,0,0
1,721,9,False,18,49.0,1200,1.4287473599710894,10.124770061998099,355.7629690957401,0,0
1,722,8,False,9,55.5,2209,0.03250975292587776,9.667839930566869,556.2089095977085,0,0
1,723,12,False,4,53.0,806,1.013003901170351,12.101800329392667,218.12454493751315,0,0
1,724,12,False,1,62.5,1494,1.0,20.137370368285886,401.562035125344,0,0
1,725,11,False,10,60.0,1816,0.05201560468140442,6.188175188319594,497.4021086166397,0,0
1,726,8,False,10,47.5,2128,0.045513654096228866,16.080063597667,478.45840528924055,0,0
1,727,7,False,1,31.0,2168,0.045513654096228866,13.006501950585175,483.89208465273066,0,0
1,728,10,False,10,49.0,2016,0.045513654096228866,8.237152723265726,532.5626171906241,0,0
1,729,12,False,19,52.0,1761,0.11703511053315994,11.065019505851755,471.555352482738,0,0
1,730,10,False,3,40.5,2009,0.045513654096228866,8.075198242844152,524.4080040640894,0,0
1,731,10,False,1,66.0,1048,0.045513654096228866,13.56319222076418,308.5939628129897,0,0
1,732,10,False,10,57.5,1662,0.045513654096228866,8.699542493727616,461.8640166651362,0,0
1,733,9,False,1,67.0,1856,1.0,14.109725970182854,409.5938021155777,0,0
1,734,8,False,10,45.5,1954,0.045513654096228866,6.621922681588075,529.702812723088,0,0
1,735,7,False,6,86.0,1036,0.045513654096228866,19.119882490943183,249.051183977061,0,0
1,736,12,False,13,58.5,1762,0.17232390673921993,6.148950579251224,473.5841632330246,0,0
1,737,9,False,30,61.0,917,7.061364935676603,13.039011703511052,280.44110032554187,0,0
1,738,13,False,9,68.0,1709,1.3673824242944865,8.521433480157942,451.90867869700315,0,0
1,739,6,False,1,39.0,2138,1.0,14.559537650589027,480.84453080798954,0,0
1,740,15,False,3,85.0,589,1.013003901170351,12.203600658785335,199.0457143407259,0,0
1,741,7,False,10,63.0,1996,0.045513654096228866,17.13615958363819,506.9194617155078,0,0
1,742,13,False,10,84.0,752,3.026007802340702,16.215797370190558,205.87623781439672,0,0
1,743,9,False,23,61.0,1059,7.062597936556366,12.147123294163649,300.5557138667796,0,0
1,744,12,False,1,56.5,1942,0.11053315994798439,10.11155325527043,502.2998924734368,0,0
1,745,6,False,1,39.0,2138,1.0,14.559537650589027,480.84453080798954,0,0
1,746,9,False,6,41.0,2100,0.03250975292587776,9.067866886261779,534.3356309854232,0,0
1,747,7,False,10,66.0,1038,0.045513654096228866,14.160934385099129,259.08331235133636,0,0
1,748,11,False,17,49.0,1043,0.19629151843502937,6.090220118427328,302.31637469600787,0,0
1,749,13,False,6,64.0,894,2.0065019505851756,15.199564709959684,163.96181548086295,0,0
1,750,9,False,6,43.0,1007,1.0195058517555267,10.074368836846954,223.17234390134809,0,0
1,751,14,False,1,52.0,1152,1.0,14.666225551036609,316.57241677058926,0,0
1,752,11,False,18,58.0,1557,0.08452535760728218,12.135733772523556,388.03268600170026,0,0
1,753,11,False,1,44.0,2091,0.11053315994798439,9.181247426619786,525.4108514444994,0,0
1,754,13,False,9,62.0,1709,1.4157434588007383,9.07925640790187,451.90867869700315,0,0
1,755,10,False,3,81.0,1323,1.013003901170351,14.06990707690667,353.25236306655097,0,0
1,756,8,False,9,46.5,2076,0.03250975292587776,14.114804230563019,513.2133269251847,0,0
1,757,11,False,24,105.0,1074,9.054055795326297,16.02520061257557,354.8199167039406,0,0
1,758,14,False,17,49.0,1571,0.17232390673921993,7.579043502344553,455.72904564991364,0,0
1,759,9,False,1,46.0,1890,1.0,13.006501950585175,422.63119943955854,0,0
1,760,13,False,1,59.0,1499,1.0,7.338527241543762,398.418185022705,0,0
1,761,10,False,9,94.5,1545,0.03250975292587776,23.725146701185754,383.9810962081335,0,0
1,762,12,False,22,43.5,1094,0.11053315994798439,10.05851755526658,278.06342512093033,0,0
1,763,9,False,10,60.0,2040,0.045513654096228866,11.269045975751723,513.0905970538314,0,0
1,764,11,False,17,126.0,790,0.04470646433109887,28.362113474589073,265.2103032960002,0,0
1,765,16,False,3,90.0,767,1.013003901170351,19.335724293597877,217.2647849024411,0,0
1,766,10,False,6,146.5,947,1.0195058517555267,48.76904597575172,207.1123482261079,0,0
1,767,13,False,1,55.0,887,1.0,12.145508914633387,195.73012239662788,0,0
1,768,10,False,27,63.5,1619,5.037397323980794,14.174554786709361,380.04891866193117,0,0
1,769,11,False,10,52.0,2078,0.045513654096228866,6.065445316966389,560.8085471769093,0,0
1,770,11,False,24,66.0,1492,8.147123294163649,15.026007802340702,418.307651862757,0,0
1,771,12,False,1,60.0,1018,1.0,16.63086841770071,278.8378081761658,0,0
1,772,12,False,35,51.0,1053,4.047553844741121,8.621922681588076,269.0947018729765,0,0
1,773,12,False,1,92.5,692,1.0,20.798114064059767,139.59010755618485,0,0
1,774,9,False,6,42.0,2223,0.03250975292587776,9.067866886261779,555.6213798649845,0,0
1,775,15,False,3,45.0,981,1.013003901170351,10.096722069012504,263.08331235133636,0,0
1,776,15,False,20,64.0,1234,3.071140077786434,10.187367998554464,364.23409021567517,0,0
1,777,9,False,10,165.0,1107,0.045513654096228866,42.373884374879665,264.9146430147723,0,0
1,778,13,False,26,62.0,1611,7.193444138025007,11.03454994357077,433.5311397519484,0,0
1,779,10,False,19,54.5,2090,5.080063597666999,8.600376639187655,544.0129550254599,0,0
1,780,7,False,10,47.0,2149,0.10526421024257163,5.015044091815244,546.1239139965224,0,0
1,781,13,False,30,39.0,1850,0.11907530117805273,6.085758358487045,503.33224597219714,0,0
1,782,7,False,1,45.0,1386,1.0,13.006501950585175,416.0954201978133,0,0
1,783,11,False,30,43.0,1188,5.1361595836381895,9.083718167842152,379.68860025889313,0,0
1,784,14,False,1,90.0,846,1.0,18.15485824562859,237.19402620330519,0,0
1,785,17,False,19,51.0,1735,3.3487281947682255,8.11299916170751,460.8609885927054,0,0
1,786,9,False,10,62.0,1228,0.045513654096228866,12.0447064643311,383.92964267412344,0,0
1,787,14,False,1,58.0,968,1.0,17.56929057646679,193.53853775722695,0,0
1,788,15,False,17,79.0,986,0.17232390673921993,16.1507778643388,283.70449597293765,0,0
1,789,9,False,1,54.0,1527,0.045513654096228866,14.131272012583274,397.4787427686165,0,0
1,790,14,False,13,53.0,1422,0.2174561821849516,7.618268111412923,424.46488724521686,0,0
1,791,10,False,6,87.5,923,1.0195058517555267,19.2001589941675,234.97396775980403,0,0
1,792,12,False,19,46.0,2046,0.11703511053315994,10.074368836846954,511.2901617637911,0,0
1,793,13,False,1,43.0,787,1.0,10.041859083921077,198.86020584079552,0,0
1,794,10,False,29,44.0,2132,7.041051894155946,9.611979066385064,529.2474954901049,0,0
1,795,12,False,1,62.5,572,1.0,22.107495090212712,152.9449118904236,0,0
1,796,7,False,10,63.0,2012,0.045513654096228866,15.1154207310029,514.9515900897832,0,0
1,797,7,False,10,47.0,2304,0.1081115906525944,5.015044091815244,580.5023489962706,0,0
1,798,12,False,14,56.5,1019,2.1422357231087323,9.103033330272432,302.8166879448801,0,0
1,799,7,False,1,59.0,1783,1.0,17.161360196213764,426.71301367631247,0,0
1,800,13,False,10,56.0,1029,3.026007802340702,19.09306749883735,214.27029897124035,0,0
1,801,10,False,25,53.0,1638,5.133312203228167,8.151394364778682,484.7115355563389,0,0
1,802,16,False,22,42.0,1207,0.11988249094318272,8.566656101614083,307.24263235690523,0,0
1,803,6,False,3,52.5,2301,0.045513654096228866,8.696695113317595,553.5807982144074,0,0
1,804,6,False,9,51.0,2036,8.006501950585175,18.06929057646679,499.112950285997,0,0
1,805,12,False,30,51.5,1175,4.275122115222266,13.06990707690667,321.10808715279734,0,0
1,806,13,False,1,117.0,765,1.0,23.168243525449434,201.55333672994837,0,0
1,807,8,False,21,42.0,1136,3.0504012251511443,11.570310671789237,269.3610367278749,0,0
1,808,9,False,23,61.0,1587,7.061364935676603,14.17070952720896,362.25621832335577,0,0
1,809,10,False,1,62.0,1120,1.0,8.125577251763229,340.247475495496,0,0
1,810,10,False,30,71.0,1532,6.073987458196457,13.172940407179102,459.5209387987239,0,0
1,811,7,False,10,43.0,2085,0.045513654096228866,14.0353571333359,516.3860766430385,0,0
1,812,16,False,13,48.5,1718,0.11988249094318272,8.072137956876812,467.39479947628934,0,0
1,813,12,False,1,49.0,1158,1.0,10.608302279977842,351.3202299528127,0,0
1,814,8,False,24,52.5,1252,7.051208414916275,12.652201554543812,331.51694728236237,0,0
1,815,10,False,9,102.0,934,8.006501950585175,27.71601027574787,210.92199658758676,0,0
1,816,11,False,27,50.0,1962,5.102416829832549,8.028047992985595,515.7110623505959,0,0
1,817,11,False,29,58.0,1957,5.0943004997171135,11.147123294163647,511.8053184178488,0,0
1,818,12,False,1,50.0,1834,1.0,11.086565548252175,487.97764232458803,0,0
1,819,8,False,10,146.0,893,0.045513654096228866,28.80926846391047,292.3687716793398,0,0
1,820,12,False,13,51.5,1832,0.1751712871492427,6.1456996039586365,500.2773829871057,0,0
1,821,13,False,35,62.0,1254,2.1629745757440215,14.145083103518754,318.500333243481,0,0
1,822,16,False,3,69.0,767,1.013003901170351,16.122729871353204,217.2733270436712,0,0
1,823,16,False,26,44.0,1691,0.1227298713532055,8.583314572959587,467.35901653183885,0,0
1,824,9,False,1,54.0,1258,1.0,16.074368836846954,316.51015281805496,0,0
1,825,9,False,23,61.0,917,7.061364935676603,14.17070952720896,280.44394770595187,0,0
1,826,6,False,3,55.0,1657,1.013003901170351,8.70787172940037,443.64703072653003,0,0
1,827,9,False,19,58.0,1943,6.039011703511053,9.3109050596728,501.46028922571986,0,0
1,828,13,False,15,63.0,883,3.1247700619980985,14.145083103518754,249.12131617845262,0,0
1,829,7,False,10,60.0,1815,0.045513654096228866,14.329603721663196,476.0420797651596,0,0
1,830,14,False,1,82.0,731,1.0,15.227803392270529,179.1048583937368,0,0
1,831,10,False,1,72.0,1893,1.0,13.04551365409623,417.42679159100805,0,0
1,832,11,False,30,56.0,1720,9.060557745911472,13.11380635147264,387.94024500060726,0,0
1,833,11,False,9,57.0,697,3.0195058517555267,11.103224019597679,171.9398436273479,0,0
1,834,14,False,23,48.0,1483,0.11095897106261719,6.101800329392667,430.42264678264524,0,0
1,835,8,False,9,53.5,2016,0.03250975292587776,10.532610096240717,553.5655534359624,0,0
1,836,6,False,3,52.5,2246,0.045513654096228866,8.698118803522606,522.5799910246423,0,0
1,837,11,False,30,80.0,783,7.047553844741122,25.17232390673922,253.12003874510873,0,0
1,838,14,False,1,48.5,622,1.0,11.56238503099905,230.8693100526969,0,0
1,839,9,False,1,133.0,786,0.045513654096228866,43.3296037216632,215.5277547387223,0,0
1,840,9,False,23,61.0,917,7.064212316086626,14.17070952720896,280.4374457553667,0,0
1,841,14,False,3,62.5,503,1.013003901170351,11.088796428222317,175.97172688252945,0,0
1,842,9,False,9,54.0,2013,0.03250975292587776,11.140621343578472,525.886189205281,0,0
1,843,11,False,24,55.0,1704,4.201179089489945,8.028047992985595,493.9164136484681,0,0
1,844,9,False,1,50.0,1890,1.0,13.084525357607282,422.62635630096776,0,0
1,845,11,False,30,43.0,1188,5.141854344458235,9.083718167842152,379.684945688718,0,0
1,846,12,False,13,57.5,1435,0.21052842048514325,6.147123294163648,433.4494617747511,0,0
1,847,12,False,28,50.0,1032,2.112573350592877,12.537184418423475,274.28994108255256,0,0
1,848,8,False,10,56.5,1780,0.045513654096228866,19.074985337286837,415.40500042951385,0,0
1,849,12,False,1,41.5,1158,1.0,8.586969143134741,351.31372800222755,0,0
1,850,7,False,6,35.0,1864,1.0195058517555267,9.28855182750725,464.33713354325204,0,0
1,851,9,False,29,53.0,1862,5.102416829832549,10.194251327790136,526.2285961414848,0,0
1,852,9,False,22,62.0,1616,7.064212316086626,10.05609598597119,389.4004942371094,0,0
1,853,9,False,26,43.0,1418,7.067866886261778,14.0353571333359,368.8079651116292,0,0
1,854,11,False,9,43.0,1880,0.03250975292587776,7.051208414916275,468.7594233851021,0,0
1,855,15,False,3,70.0,1012,1.013003901170351,15.183287617264678,240.0459150273556,0,0
1,856,13,False,1,77.0,753,1.0,15.212568611130036,136.6527054927412,0,0
1,857,8,False,9,46.5,2076,0.03250975292587776,14.114804230563019,513.2149857371791,0,0
1,858,11,False,18,58.0,1532,4.05771036550145,11.211335610250273,459.5042803273784,0,0
1,859,13,False,17,45.0,1408,1.7201910003524976,7.083718167842152,397.6575686259409,0,0
1,860,15,False,1,57.0,1100,1.0,16.06990707690667,298.99181479956513,0,0
1,861,9,False,22,62.0,1106,7.061364935676603,16.19306275937451,323.2698287276616,0,0
1,862,14,False,15,65.0,1430,1.0670596964966483,15.238172818588174,328.92058289468616,0,0
1,863,6,False,3,27.5,2402,0.045513654096228866,2.102820424715114,596.7819773038973,0,0
1,864,10,False,1,44.0,2086,1.0,14.542262678803642,460.78240311501196,0,0
1,865,10,False,10,63.0,1948,0.051208414916274425,13.191639069169497,500.7837279429843,0,0
1,866,14,False,12,55.0,836,4.028855182750725,10.61461354123777,245.30545541794658,0,0
1,867,8,False,9,46.5,2076,0.03250975292587776,14.114804230563019,513.2149857371791,0,0
1,868,9,False,1,71.0,1890,1.0,16.110533159947984,422.6161997802074,0,0
1,869,18,False,18,51.5,1106,4.090220118427328,9.086161953369611,297.80126247441433,0,0
1,870,15,False,13,64.0,976,0.29263220879703544,9.07844921813674,283.69718683258736,0,0
1,871,13,False,18,55.0,1161,4.0650195058517555,12.12315568246784,214.5649713706823,0,0
1,872,9,False,10,59.0,1998,0.051208414916274425,12.262544025166548,509.9024218655118,0,0
1,873,13,False,1,54.0,1001,1.0,16.065019505851755,205.24998592971968,0,0
1,874,8,False,9,49.5,2214,0.03250975292587776,8.18471130746969,579.2320700196392,0,0
1,875,16,False,29,55.0,1187,4.123537061118335,12.065636006291637,258.8616839607691,0,0
1,876,9,False,1,71.0,1307,1.0,16.110533159947984,326.5938709858971,0,0
1,877,11,False,10,45.0,2106,0.045513654096228866,8.065019505851755,520.284467002971,0,0
1,878,7,False,6,35.0,1207,1.0195058517555267,11.061364935676602,322.1686448987088,0,0
1,879,9,False,10,59.0,1998,0.051208414916274425,13.095914879247374,509.89591991492665,0,0
1,880,9,False,24,57.0,1449,0.10526421024257163,11.211335610250273,404.4186108338196,0,0
1,881,15,False,12,48.0,1700,4.028855182750725,11.097955069892267,455.0302644324049,0,0
1,882,13,False,15,56.0,1792,0.16743633568430438,6.181673237734419,484.23225071165996,0,0
1,883,13,False,6,76.0,1248,0.045513654096228866,14.147123294163649,341.65324312555725,0,0
1,884,13,False,1,74.0,1030,1.0,17.188175188319594,214.27314635165038,0,0
1,885,22,False,10,47.0,1612,1.0142369020501139,7.605880710682453,431.54699103352874,0,0
1,886,19,False,10,47.0,1497,2.0776420283716095,10.019505851755527,417.3258802811686,0,0
1,887,10,False,1,65.5,1258,1.0,16.11703511053316,316.50649824787985,0,0
1,888,12,False,10,57.5,1455,0.051208414916274425,10.611362565945182,407.4807385267972,0,0
1,889,15,False,27,43.0,1647,0.11622792076802994,8.106071400007702,449.1144084113617,0,0
1,890,13,False,10,73.0,743,0.045513654096228866,17.178825857324394,173.3635471620985,0,0
1,891,16,False,28,70.5,721,4.0930674988373505,10.204833659665098,233.17651610973041,0,0
1,892,7,False,1,30.0,2317,1.0,16.17393828626948,516.9124421267155,0,0
1,893,10,False,6,87.5,923,1.0195058517555267,20.256467885696004,234.96015666886854,0,0
1,894,13,False,1,66.0,1038,1.0,15.106878589772831,293.5569468676594,0,0
1,895,9,False,10,59.0,1998,0.051208414916274425,13.095914879247374,509.90526924592183,0,0
1,896,15,False,25,49.0,986,0.12115992428708111,11.041859083921077,221.24866406391166,0,0
1,897,16,False,26,47.0,1684,0.1227298713532055,9.0707142666718,467.3236593985029,0,0
1,898,9,False,9,48.0,1643,0.03250975292587776,7.069907076906671,397.2164438625437,0,0
1,899,9,False,1,59.0,1307,1.0,14.039011703511052,326.58452165490195,0,0
1,900,24,False,17,51.0,1204,1.11380635147264,8.036377228658347,373.0723042083468,0,0
1,901,10,False,6,245.0,646,1.0195058517555267,70.97632342094428,129.407827815315,0,0
1,902,19,False,7,53.0,1340,3.009349330995198,8.210528420485144,358.7975190393109,0,0
1,903,11,False,8,51.0,914,0.02600780234070221,10.140621343578472,263.2505035679269,0,0
1,904,18,False,19,54.5,616,3.243845363176151,13.087989238457187,173.820523207076,0,0
1,905,6,False,10,54.0,1357,0.045513654096228866,14.107495090212714,338.9426910077579,0,0
1,906,17,False,10,59.0,1377,4.013003901170351,12.05690317573632,403.33603680192897,0,0
1,907,10,False,16,48.5,1086,0.05201560468140442,10.1200953965005,251.03428038662167,0,0
1,908,14,False,17,48.0,1647,0.1642075766237844,10.026007802340702,449.1144084113617,0,0
1,909,13,False,1,68.0,1152,1.0,16.156472625158845,316.57160958082414,0,0
1,910,14,False,1,70.5,611,1.0,13.181460332177103,165.92217727960758,0,0
1,911,9,False,10,92.0,1570,0.045513654096228866,15.184094807029808,383.05304347568506,0,0
1,912,9,False,1,83.0,1473,0.051208414916274425,14.041859083921077,319.4188559529134,0,0
1,913,8,False,8,42.0,1192,0.02600780234070221,9.612169755710312,352.7463106243946,0,0
1,914,7,False,1,43.0,2317,1.0,16.17393828626948,516.9144823173604,0,0
1,915,16,False,21,65.5,1177,6.05771036550145,12.590220118427329,343.94800438992746,0,0
1,916,13,False,20,68.0,1627,0.0540557953262972,12.404824180739416,429.46977481627175,0,0
1,917,16,False,26,46.0,1684,0.1227298713532055,8.072137956876812,467.3236593985029,0,0
1,918,9,False,10,51.0,1833,0.045513654096228866,11.120308302057815,490.35621358389295,0,0
1,919,16,False,10,47.5,1525,0.06501950585175552,8.300154254704658,452.8587477154308,0,0
1,920,14,False,1,56.5,753,1.0,11.179229452206961,230.86280810211173,0,0
1,921,13,False,1,66.0,1038,1.0,15.106878589772831,293.5626416284794,0,0
1,922,10,False,9,57.0,1632,0.03250975292587776,16.59854935410008,396.17662496926755,0,0
1,923,7,False,10,264.0,1355,0.06501950585175552,49.925831849782725,380.33085671715185,0,0
1,924,16,False,10,55.5,1412,0.045513654096228866,8.131888513023156,430.4990558101371,0,0
1,925,11,False,10,176.0,772,0.051208414916274425,37.61046503016964,219.42125752759998,0,0
1,926,13,False,23,60.0,1853,0.19913889884505215,6.0178914722252665,539.320856450557,0,0
1,927,13,False,10,54.0,847,3.026007802340702,16.083718167842154,222.7415563507321,0,0
1,928,7,False,10,264.0,1355,0.06501950585175552,49.925831849782725,380.3215073861566,0,0
1,929,14,False,20,63.5,767,4.180440236854656,11.152414460101129,219.13028413079732,0,0
1,930,7,False,8,39.0,2060,0.0540557953262972,17.03250975292588,470.49750585767987,0,0
1,931,9,False,1,40.0,1890,1.0,13.078023407022107,422.60646907056173,0,0
1,932,12,False,1,54.0,1287,0.11703511053315994,10.03393344313089,352.6490264847108,0,0
1,933,6,False,3,52.5,2210,0.045513654096228866,8.694867828230018,554.3406074214064,0,0
1,934,13,False,8,72.0,1301,0.03901170351105331,12.225953890950885,367.6471669860867,0,0
1,935,11,False,32,52.0,1547,0.18209904884905107,10.212142800015403,458.7339776534327,0,0
1,936,16,False,10,80.5,436,0.03901170351105331,18.638177558051016,162.80509773661026,0,0
1,937,9,False,10,47.0,1833,0.03901170351105331,10.110958971062617,490.3489044435426,0,0
1,938,11,False,18,73.0,1357,1.3637278541193338,15.175978476914374,365.0922803036811,0,0
1,939,7,False,1,31.0,2173,0.03901170351105331,16.0,485.8750892351988,0,0
1,940,6,False,10,37.5,2204,0.03901170351105331,6.083123883634339,557.3697995503435,0,0
1,941,22,False,12,60.0,671,3.041051894155946,14.09306749883735,194.39686410478953,0,0
1,942,6,False,9,19.0,2231,0.03901170351105331,16.506501950585175,502.9531126422209,0,0
1,943,11,False,10,39.0,2052,0.03901170351105331,5.167436335684305,549.7720014751578,0,0
1,944,9,False,3,98.0,1348,0.03901170351105331,15.121922681588076,378.82884022382115,0,0
1,945,8,False,9,46.5,2076,0.03250975292587776,14.114804230563019,513.1995602667133,0,0
1,946,15,False,22,54.0,1359,0.11703511053315994,10.039011703511052,306.094095369841,0,0
1,947,11,False,10,93.0,801,0.03250975292587776,24.20768104007512,177.95748998047935,0,0
1,948,14,False,1,57.5,1154,1.0,9.198118803522606,325.41352257613505,0,0
1,949,10,False,10,74.5,1762,0.03250975292587776,9.178422262441831,470.03752914029104,0,0
1,950,6,False,1,14.5,2194,0.03250975292587776,8.5,493.9222172688253,0,0
1,951,6,False,10,51.5,2129,0.03250975292587776,8.688365877644843,529.4341007313584,0,0
1,952,15,False,10,60.0,1412,0.03250975292587776,11.191829758494746,430.4962084297271,0,0
1,953,7,False,10,43.0,1195,0.03250975292587776,10.134119392993297,352.73330672322425,0,0
1,954,7,False,6,401.0,937,0.03250975292587776,71.98724121792347,249.01055789401968,0,0
1,955,15,False,21,66.0,1191,7.060557745911472,14.35845890441392,334.00125299548864,0,0
1,956,7,False,1,31.0,2173,0.03250975292587776,16.0,485.8657399042036,0,0
1,957,7,False,8,39.0,2060,0.0540557953262972,17.03250975292588,470.48165457609946,0,0
1,958,9,False,10,56.0,1833,0.03250975292587776,11.118268111412922,490.3489044435426,0,0
1,959,6,False,10,37.5,1872,0.03250975292587776,6.083123883634339,488.66631145380063,0,0
1,960,9,False,10,67.0,1753,0.02600780234070221,24.27474073657177,426.667970265795,0,0
1,961,11,False,10,132.0,937,0.02600780234070221,35.239383603235865,215.1115410363428,0,0
1,962,6,False,6,21.5,1347,0.02600780234070221,6.043686369008652,354.74213841601227,0,0
1,963,8,False,9,55.5,1643,0.02600780234070221,12.614400635680454,397.2111749128383,0,0
1,964,13,False,1,107.0,893,1.0,29.266243027805835,251.28343913196738,0,0
1,965,9,False,7,83.0,1198,0.02600780234070221,10.30525473131689,352.6906404495381,0,0
1,966,17,False,17,64.0,807,4.314985440962585,12.09226030907222,244.49562636444693,0,0
1,967,9,False,10,58.0,1908,0.051208414916274425,12.245078364055914,514.5386940113925,0,0
1,968,11,False,10,56.0,2031,0.02600780234070221,5.006501950585175,562.8516392617101,0,0
1,969,6,False,6,12.5,2452,0.02600780234070221,5.014427591375362,596.9973932954374,0,0
1,970,7,False,1,43.0,2317,1.0,16.17393828626948,516.8832055653143,0,0
1,971,9,False,10,64.0,1112,0.02600780234070221,8.053248605561167,338.56999520129386,0,0
1,972,16,False,10,60.5,1412,0.02600780234070221,9.64997067457367,430.4990558101371,0,0
1,973,13,False,10,55.0,1827,0.06501950585175552,10.083718167842152,488.88542644797997,0,0
1,974,8,False,10,56.5,1783,0.02600780234070221,5.634119392993297,477.43105266431866,0,0
1,975,6,False,9,26.5,1695,0.02600780234070221,15.5353571333359,399.7264878210616,0,0
1,976,12,False,10,43.5,2058,0.02600780234070221,5.592663903954786,562.798390656149,0,0
1,977,6,False,6,21.5,1347,0.02600780234070221,6.043686369008652,354.7356364654271,0,0
1,978,6,False,1,19.0,1828,1.0,10.003250975292588,419.01432132373196,0,0
1,979,11,False,10,46.0,2081,0.06501950585175552,10.084525357607282,520.3344868494717,0,0
1,980,9,False,10,48.0,2047,0.051208414916274425,11.09226030907222,528.8069772298433,0,0
1,981,19,False,17,45.0,1512,0.06421231608662553,11.048361034506252,356.28592512833575,0,0
1,982,7,False,7,88.0,1641,0.02600780234070221,19.18328761726468,341.86715359710416,0,0
1,983,16,False,1,54.0,956,1.0,14.657492720481292,251.83173203669529,0,0
1,984,15,False,10,56.0,1395,1.0325097529258778,17.0894129286622,267.9543700809559,0,0
1,985,7,False,13,29.0,1744,1.0902201184273277,9.006501950585175,475.3651371037735,0,0
1,986,7,False,1,43.0,2317,1.0,16.167436335684304,516.8702016641439,0,0
1,987,7,False,6,85.0,1038,1.0195058517555267,19.119882490943183,241.96219685951343,0,0
1,988,8,False,39,95.5,1464,9.106071400007702,16.077216217256975,375.67137971687634,0,0
1,989,11,False,18,92.0,617,1.3572259035341583,15.175978476914374,234.97946183399438,0,0
1,990,10,False,10,89.5,1724,0.02600780234070221,18.17455478670936,432.4744816953059,0,0
1,991,10,False,10,40.5,2103,0.06501950585175552,10.541051894155947,507.5954609275721,0,0
1,992,17,False,31,60.0,953,6.034549943570771,13.178018667559266,301.36753867846005,0,0
1,993,14,False,17,56.5,1519,0.2061110930089961,7.077832717696858,439.72301394290724,0,0
1,994,7,False,1,59.0,1541,1.0,16.11257335059288,326.20106282454213,0,0
1,995,7,False,6,85.0,1038,1.0195058517555267,19.119882490943183,230.21178141597377,0,0
1,996,10,False,20,57.0,1121,0.0540557953262972,7.659936506008751,316.6797656039409,0,0
1,997,12,False,18,47.5,980,1.3442220023638072,9.105880710682452,325.5065900749724,0,0
1,998,7,False,13,29.0,1744,1.0902201184273277,15.0,475.35213320260317,0,0
1,999,7,False,1,177.0,1420,0.02600780234070221,39.54013214214834,389.4742810086762,0,0
1,1000,13,False,1,44.0,1145,0.05201560468140442,11.06705969649665,337.3287720940428,0,0
2,1,8,False,22,318.5,812,18.006501950585175,67.36736020806242,210.94928478543562,0,0
2,2,8,False,22,214.5,895,18.006501950585175,65.64954486345904,240.21586475942783,0,0
2,3,8,False,22,318.5,812,18.006501950585175,67.36736020806242,210.94928478543562,0,0
2,4,8,False,20,215.5,895,16.006501950585175,64.35435630689207,240.21586475942783,0,0
2,5,8,False,22,334.5,812,18.006501950585175,61.37191157347204,210.94928478543562,0,0
2,6,8,False,75,322.0,633,5.780234070221066,76.53966189856956,145.5851755526658,0,0
2,7,7,False,72,191.0,841,5.416124837451235,66.23407022106632,197.05331599479845,0,0
2,8,8,False,20,221.5,895,8.812743823146944,52.92262678803641,240.21586475942783,0,0
2,9,8,False,96,312.0,672,21.30559167750325,77.53641092327697,145.5851755526658,0,0
2,10,8,False,90,222.5,723,8.747724317295189,63.70806241872562,189.94278283485045,0,0
2,11,8,False,47,212.5,779,11.266579973992197,51.072821846553964,223.98829648894667,0,0
2,12,8,False,22,267.0,695,11.221066319895968,55.06957087126138,193.84525357607282,0,0
2,13,8,False,28,253.5,880,9.130039011703511,65.8218465539662,198.11963589076723,0,0
2,14,8,False,22,267.0,695,11.266579973992197,55.06957087126138,193.84525357607282,0,0
2,15,8,False,51,338.0,469,19.09102730819246,71.84460338101431,145.5851755526658,0,0
2,16,8,False,47,212.5,779,11.266579973992197,51.072821846553964,223.98829648894667,0,0
2,17,8,False,47,212.5,779,7.520156046814044,67.99154746423928,223.98829648894667,0,0
2,18,8,False,78,254.5,766,8.819245773732119,65.8218465539662,170.92457737321197,0,0
2,19,8,False,22,170.5,895,9.130039011703511,33.54876462938881,240.21586475942783,0,0
2,20,8,False,75,272.0,590,11.266579973992197,58.07932379713914,164.83224967490247,0,0
2,21,8,False,47,212.5,779,11.266579973992197,51.072821846553964,223.98829648894667,0,0
2,22,8,False,28,254.5,880,8.819245773732119,65.8218465539662,198.11963589076723,0,0
2,23,8,False,22,267.0,695,10.71521456436931,55.34525357607282,193.84525357607282,0,0
2,24,8,False,103,308.5,610,25.123537061118334,67.96879063719115,165.88426527958387,0,0
2,25,8,False,75,272.0,590,11.266579973992197,58.07932379713914,164.83224967490247,0,0
2,26,8,False,81,172.5,766,9.83224967490247,58.62678803641093,170.92457737321197,0,0
2,27,8,False,22,267.0,695,11.266579973992197,55.06957087126138,193.84525357607282,0,0
2,28,8,False,22,308.5,812,18.006501950585175,61.37191157347204,210.94928478543562,0,0
2,29,8,False,84,258.5,640,7.559167750325098,60.50130039011703,184.84525357607282,0,0
2,30,8,False,75,212.5,640,11.266579973992197,66.1183355006502,184.84525357607282,0,0
2,31,8,False,22,180.5,868,7.520156046814044,56.94278283485046,234.04681404421328,0,0
2,32,8,False,78,174.0,766,8.819245773732119,51.62028608582575,170.92457737321197,0,0
2,33,8,False,81,253.0,766,9.83224967490247,65.8218465539662,170.92457737321197,0,0
2,34,8,False,52,232.0,1151,12.130039011703511,49.81599479843953,297.4629388816645,0,0
2,35,8,False,62,379.5,579,11.266579973992197,90.83615084525357,144.9817945383615,0,0
2,36,8,False,66,257.5,789,11.448634590377113,65.28608582574773,168.65669700910274,0,0
2,37,8,False,62,379.5,579,11.266579973992197,90.83615084525357,144.9817945383615,0,0
2,38,8,False,84,168.0,789,9.370611183355006,51.62028608582575,158.98829648894667,0,0
2,39,8,False,52,254.5,1151,12.130039011703511,46.046163849154745,297.4629388816645,0,0
2,40,8,False,62,329.0,619,11.767230169050714,69.01690507152145,173.65019505851757,0,0
2,41,8,False,62,189.5,867,8.65669700910273,50.390117035110535,177.84005201560467,0,0
2,42,8,False,73,254.0,789,11.448634590377113,67.16254876462938,158.90507152145645,0,0
2,43,8,False,110,206.0,867,8.65669700910273,72.25357607282186,177.84005201560467,0,0
2,44,8,False,23,165.5,817,9.373458563765029,44.87061118335501,238.88426527958387,0,0
2,45,8,False,62,339.5,776,8.389309845345403,79.96371237681099,158.53446033810144,0,0
2,46,8,False,110,201.5,867,8.65669700910273,66.81534460338102,177.84005201560467,0,0
2,47,8,False,102,256.5,789,11.451481970787135,71.84460338101431,158.90507152145645,0,0
2,48,8,False,62,282.0,776,13.91150608280434,77.20688532869656,158.53446033810144,0,0
2,49,8,False,75,224.5,776,8.395004606165449,66.81534460338102,173.65019505851757,0,0
2,50,8,False,22,253.5,817,9.382807894760228,66.31534460338102,238.88426527958387,0,0
2,51,8,False,62,285.0,740,21.149544863459038,51.54291287386216,173.65019505851757,0,0
2,52,8,False,22,200.0,868,13.914353463214363,41.440305354704364,234.04681404421328,0,0
2,53,8,False,22,253.5,817,11.454329351197158,72.4297789336801,212.9557867360208,0,0
2,54,8,False,64,223.0,740,14.149544863459038,37.940305354704364,202.63068920676204,0,0
2,55,8,False,72,254.5,789,9.385655275170251,64.09492847854357,168.65669700910274,0,0
2,56,8,False,94,228.0,695,26.110533159947984,62.279583875162544,173.65019505851757,0,0
2,57,8,False,102,220.5,700,11.454329351197158,68.68205461638492,159.69985648314085,0,0
2,58,8,False,61,223.0,740,15.110533159947984,37.46265858686991,202.63068920676204,0,0
2,59,8,False,22,128.0,1077,9.474261014067318,31.341352405721715,301.3914174252276,0,0
2,60,8,False,62,233.5,893,17.286085825747723,52.22456389536451,173.65019505851757,0,0
2,61,8,False,40,211.5,1085,10.078023407022107,47.15935370018751,281.63198959687907,0,0
2,62,8,False,52,241.5,1042,12.132886392113534,49.83592646130969,281.43042912873864,0,0
2,63,8,False,64,260.0,631,13.925742984854454,57.455136540962286,202.63068920676204,0,0
2,64,8,False,90,211.5,1035,17.483184533947885,47.16077739039251,259.4109232769831,0,0
2,65,8,False,64,223.0,740,14.149544863459038,37.9445764253194,202.63068920676204,0,0
2,66,8,False,30,186.5,1209,10.071521456436932,47.846295887627335,317.69050715214564,0,0
2,67,8,False,22,174.5,975,9.479955774887364,44.97748977312784,255.15734720416125,0,0
2,68,8,False,66,344.0,762,18.11257335059288,78.70973270910659,151.59066814577403,0,0
2,69,8,False,15,186.5,1085,6.091027308192458,54.48853161073607,281.63198959687907,0,0
2,70,8,False,64,293.5,631,14.149544863459038,54.4319761190316,202.63068920676204,0,0
2,71,8,False,88,240.5,1151,20.447020210846855,45.685978002968085,297.4629388816645,0,0
2,72,8,False,72,299.0,700,11.45717673160718,74.69997978322883,159.70839862437091,0,0
2,73,8,False,15,186.5,1085,6.091027308192458,54.495650061761125,281.63198959687907,0,0
2,74,8,False,59,223.0,769,14.149544863459038,38.94417283043683,202.63068920676204,0,0
2,75,8,False,93,165.5,844,17.4880721050028,53.79401146653791,210.30893225826517,0,0
2,76,8,False,15,196.0,1151,6.091027308192458,54.50276851278618,297.4629388816645,0,0
2,77,8,False,89,263.0,726,27.06228394714314,64.73081924577373,183.38330109511213,0,0
2,78,8,False,89,195.0,653,16.634769588051814,77.69830949284786,145.21586475942783,0,0
2,79,7,False,17,264.0,947,8.04551365409623,74.34556682494498,281.9882964889467,0,0
2,80,8,False,21,227.5,774,10.032509752925877,79.72431729518856,159.34428939160108,0,0
2,81,8,False,94,204.5,844,17.49946162664289,66.70481144343303,210.30893225826517,0,0
2,82,8,False,110,209.0,917,23.768507602394614,61.65604681404422,229.85063434747966,0,0
2,83,8,False,17,217.0,868,8.04551365409623,49.71781534460338,267.9297789336801,0,0
2,84,8,False,89,199.5,726,17.50230900705291,64.73081924577373,183.38330109511213,0,0
2,85,8,False,23,237.5,1248,10.026007802340702,54.35024149044257,313.9554727466076,0,0
2,86,8,False,61,221.0,844,16.05851755526658,69.15902823238771,210.30893225826517,0,0
2,87,7,False,59,245.0,947,23.109725970182854,37.85953491058707,281.9882964889467,0,0
2,88,8,False,25,236.5,1248,10.026007802340702,54.35593625126263,313.9554727466076,0,0
2,89,8,False,45,254.5,844,11.04551365409623,51.44973281278233,210.30893225826517,0,0
2,90,8,False,89,239.5,844,27.119231555343596,55.67880364109233,210.30893225826517,0,0
2,91,8,False,49,233.5,774,3.2946279669777927,98.79258777633291,159.34428939160108,0,0
2,92,8,False,44,211.0,1248,10.026007802340702,47.584525357607276,313.9554727466076,0,0
2,93,8,False,36,156.0,1134,12.087372738017304,42.484921473025054,269.3671358241185,0,0
2,94,8,False,17,270.0,674,8.04551365409623,60.34634032009147,223.54616384915474,0,0
2,95,8,False,75,197.5,863,15.097529258777634,61.34701273138206,210.62672064717364,0,0
2,96,8,False,34,147.5,987,14.123537061118336,31.43261483570356,256.31989596879066,0,0
2,97,8,False,44,211.0,1248,10.026007802340702,47.584525357607276,313.9554727466076,0,0
2,98,8,False,28,121.0,968,8.091027308192457,35.133289986996104,220.24187256176853,0,0
2,99,8,False,36,120.5,1368,8.095107689482242,27.675574882031807,291.7017833710022,0,0
2,100,8,False,17,271.0,674,8.04551365409623,58.40039611541776,223.54616384915474,0,0
2,101,8,False,28,147.5,1007,14.05851755526658,31.60403120936281,255.54096228868661,0,0
2,102,8,False,28,68.0,968,8.091027308192457,20.10403120936281,220.24471994217856,0,0
2,103,8,False,36,127.5,1368,8.095107689482242,27.67880364109233,291.7188676534623,0,0
2,104,7,False,36,107.0,1053,3.2946279669777927,56.10403120936281,267.37841352405724,0,0
2,105,8,False,53,239.0,775,17.10160964006742,40.128906354138586,223.54616384915474,0,0
2,106,8,False,18,142.5,1545,7.048361034506252,37.11792042738106,373.8024295671389,0,0
2,107,8,False,33,117.0,915,10.078023407022107,42.08777633289987,223.2642257939341,0,0
2,108,8,False,18,169.0,848,6.052015604681404,53.349513168301286,180.07856103983815,0,0
2,109,8,False,68,233.0,829,14.097529258777634,71.80534433678623,189.77554718579583,0,0
2,110,8,False,28,111.5,968,8.091027308192457,33.623537061118334,223.2642257939341,0,0
2,111,7,False,38,195.0,1293,9.177592856444633,41.3487955840055,289.9008993130741,0,0
2,112,8,False,50,146.0,1545,8.679901863497546,24.032823001798032,431.87175457876543,0,0
2,113,7,False,49,227.0,994,10.187367998554464,81.2405721716515,233.5145731076954,0,0
2,114,8,False,50,146.0,953,8.679901863497546,24.038517762618078,296.1081789798899,0,0
2,115,6,False,48,437.5,777,4.310479248558167,97.88188814275262,236.01430429128737,0,0
2,116,8,False,28,195.5,1075,12.255234884816241,40.72778117603846,246.75131001715093,0,0
2,117,7,False,36,371.0,887,11.139388342698709,57.78023407022106,295.9037711313394,0,0
2,118,8,False,28,74.0,1523,6.063405126321496,19.11378413524057,335.8741961426697,0,0
2,119,6,False,48,437.5,777,4.3133266289681895,97.88900659377768,236.01430429128737,0,0
2,120,7,False,49,227.0,1170,12.15239224386906,81.24341955206152,267.1531749957789,0,0
2,121,8,False,41,278.0,606,13.028855182750725,70.13073363922616,165.5266579973992,0,0
2,122,8,False,63,116.0,1540,9.286511636862357,22.354400739356205,413.29846174809165,0,0
2,123,8,False,33,136.5,1523,6.069099887141541,44.13796465249369,335.88273828389976,0,0
2,124,8,False,68,264.5,829,14.097529258777634,63.45523688427713,189.8211052723562,0,0
2,125,8,False,50,153.0,1545,4.417783649445631,33.864444697874056,431.8774493395855,0,0
2,126,7,False,33,227.0,1523,6.069099887141541,73.54093933191346,335.8969751859499,0,0
2,127,8,False,87,273.5,590,15.438903880731418,68.10940050238307,157.64669674250794,0,0
2,128,6,False,48,318.0,1012,4.3133266289681895,87.43157252414903,236.01430429128737,0,0
2,129,8,False,28,81.0,1170,12.15239224386906,16.62170977603076,267.18449618028916,0,0
2,130,8,False,15,96.0,1475,4.061364935676603,18.25381119461123,413.94735641649214,0,0
2,131,8,False,28,57.0,1622,6.069099887141541,16.62170977603076,368.16187339117454,0,0
2,132,8,False,41,284.5,590,13.028855182750725,73.14333394551394,157.652391503328,0,0
2,133,7,False,49,227.0,1170,12.15239224386906,81.24341955206152,267.18734356069916,0,0
2,134,8,False,60,168.0,1475,7.513272717578372,32.33236075606281,413.94735641649214,0,0
2,135,8,False,70,292.5,590,15.444598641551464,71.62200080867085,157.652391503328,0,0
2,136,8,False,33,54.0,1523,6.069099887141541,16.58920002310488,335.9282963704601,0,0
2,137,8,False,15,96.0,1540,4.061364935676603,18.258082265226264,413.29846174809165,0,0
2,138,7,False,49,227.0,1303,17.084525357607284,58.590533367299486,273.2636192907986,0,0
2,139,8,False,41,276.5,606,13.028855182750725,69.13642840004621,165.5266579973992,0,0
2,140,8,False,12,51.0,913,3.037397323980793,12.113380540358008,282.32682373049045,0,0
2,141,6,False,26,72.0,1863,11.026007802340702,33.63309929767085,406.6167403751877,0,0
2,142,7,False,43,56.0,1216,4.303977297972991,14.130039011703511,360.2613784135241,0,0
2,143,8,False,28,74.0,1523,6.069099887141541,19.11378413524057,335.9388787023351,0,0
2,144,8,False,12,50.0,913,3.0345499435707706,12.114804230563019,282.32682373049045,0,0
2,145,8,False,37,148.5,1463,10.015851281580375,41.24830712311643,302.8397794964913,0,0
2,146,8,False,166,298.0,573,25.527509619628486,60.85184439158627,166.66362477080253,0,0
2,147,8,False,33,82.0,1622,6.069099887141541,28.176841577530205,368.20662428796976,0,0
2,148,7,False,33,108.0,1057,10.135733772523556,28.097955069892265,254.81659907995177,0,0
2,149,8,False,39,58.5,1658,8.359266094179052,12.114804230563019,476.2687993755758,0,0
2,150,8,False,42,175.0,921,12.338527241543762,35.940753382051064,240.02105136096637,0,0
2,151,8,False,37,146.5,1463,10.01300390117035,55.17759285644463,302.87110068100156,0,0
2,152,8,False,80,229.0,734,12.338527241543762,51.099031076065415,205.9217070360288,0,0
2,153,7,False,33,122.0,1064,9.382000704995098,28.10080245030229,256.83529774194216,0,0
2,154,8,False,42,211.0,847,12.338527241543762,51.48161458688176,208.94136914194988,0,0
2,155,8,False,32,102.5,1843,4.171090905859457,17.30174641800285,499.4436781490028,0,0
2,156,8,False,37,214.5,727,10.01300390117035,55.80215001288541,182.20014677523986,0,0
2,157,8,False,28,74.0,1104,6.069099887141541,19.11378413524057,289.3002094250143,0,0
2,158,8,False,32,192.0,1167,10.132886392113534,52.529403553412266,271.34776326975543,0,0
2,159,8,False,37,144.0,1463,10.01300390117035,37.72310651054086,302.862177161121,0,0
2,160,8,False,80,213.0,731,12.338527241543762,49.47326313497694,205.9123577050336,0,0
2,161,7,False,33,122.0,1064,9.375498754409922,28.10080245030229,256.8430326934071,0,0
2,162,7,False,43,56.0,1216,4.284471446217465,14.130039011703511,360.2613784135241,0,0
2,163,8,False,42,145.5,921,12.338527241543762,23.437333933665293,240.02228436184615,0,0
2,164,8,False,37,148.5,1463,10.01300390117035,41.24830712311643,302.8670647321759,0,0
2,165,8,False,80,213.0,731,12.338527241543762,49.47468682518195,205.9123577050336,0,0
2,166,7,False,32,96.0,1223,4.164588955274281,16.1154207310029,300.6942950197132,0,0
2,167,7,False,32,230.0,1167,10.132886392113534,45.8982541003759,271.3620001718055,0,0
2,168,8,False,27,139.0,1463,11.071521456436932,40.65666331448409,302.87275949299595,0,0
2,169,8,False,34,73.0,1170,11.026007802340702,19.081274382314696,267.25121893059946,0,0
2,170,7,False,70,230.0,1064,8.365342233649594,45.8982541003759,256.8544222150472,0,0
2,171,5,False,77,252.0,1840,12.285704447097228,92.28243125557258,397.3778714479948,0,0
2,172,8,False,80,205.0,731,12.338527241543762,47.56106168410888,205.9095103246236,0,0
2,173,7,False,70,178.0,1226,8.363727854119334,25.074368836846954,334.0888293822999,0,0
2,174,8,False,55,115.5,962,5.250347313761327,20.051330974463184,308.696290777894,0,0
2,175,8,False,80,230.5,731,12.338527241543762,51.59639660121271,205.9123577050336,0,0
2,176,7,False,37,152.0,1598,6.126003062877861,33.159745816683504,387.3328754321057,0,0
2,177,5,False,77,451.0,917,19.178018667559265,85.67667310443703,238.221603952712,0,0
2,178,8,False,26,107.5,1467,4.109725970182854,23.252174598848903,388.44172682328616,0,0
2,179,5,False,77,274.0,1129,19.178018667559265,96.33159947984396,291.442445148123,0,0
2,180,7,False,70,178.0,1030,8.360073283944182,25.074368836846954,325.7418044319902,0,0
2,181,8,False,176,252.0,575,23.3735474286933,60.16549648835425,165.29521003225796,0,0
2,182,8,False,26,107.5,1467,4.109725970182854,23.252174598848903,388.4360320624661,0,0
2,183,8,False,32,192.0,1167,10.135733772523556,52.51884343776937,271.3819318346757,0,0
2,184,5,False,53,451.0,1027,11.240997982766128,75.30949136677222,273.49089504755756,0,0
2,185,8,False,23,80.0,1826,10.083718167842152,30.074772431729517,386.71843888018344,0,0
2,186,5,False,3,175.0,1588,1.013003901170351,32.77092917169001,417.6148579197905,0,0
2,187,5,False,77,451.0,917,19.178018667559265,75.31518612759227,238.221603952712,0,0
2,188,5,False,3,322.0,1515,1.013003901170351,76.71772499859297,383.4088356917098,0,0
2,189,7,False,74,150.0,1564,12.369848426054013,24.51165833804811,401.34330150981515,0,0
2,190,5,False,77,252.0,1840,12.272700545926876,92.28243125557258,397.3746426889342,0,0
2,191,5,False,3,179.0,1794,1.013003901170351,32.79693697403071,447.8500722768083,0,0
2,192,8,False,31,205.0,951,4.039011703511053,66.7086789191655,238.2263108317461,0,0
2,193,5,False,77,373.0,995,19.178018667559265,85.67667310443703,236.46387936882203,0,0
2,194,5,False,3,170.0,1794,1.013003901170351,31.751423319934478,447.8500722768083,0,0
2,195,5,False,3,179.0,1794,1.013003901170351,32.79693697403071,447.8500722768083,0,0
2,196,8,False,55,121.0,962,5.250347313761327,20.050927379580617,308.701985538714,0,0
2,197,5,False,77,373.0,995,19.178018667559265,77.06925614130708,236.46387936882203,0,0
2,198,8,False,31,205.0,765,4.039011703511053,66.7086789191655,207.4614133670625,0,0
2,199,5,False,3,170.0,1132,1.013003901170351,31.751423319934478,333.8462614524676,0,0
2,200,5,False,3,170.0,1588,1.013003901170351,31.751423319934478,417.6148579197905,0,0
2,201,8,False,33,93.0,850,4.214990180425426,22.886697586724765,212.0218585507315,0,0
2,202,7,False,31,98.0,1692,6.126003062877861,19.08087078743213,443.88058627155345,0,0
2,203,5,False,77,373.0,995,19.178018667559265,77.06560157113194,236.46387936882203,0,0
2,204,7,False,41,187.0,855,9.176785666679503,47.63319964098569,201.15232337354965,0,0
2,205,5,False,3,588.0,811,1.013003901170351,104.37166349221395,218.24072842581705,0,0
2,206,5,False,56,163.0,2020,10.20848822984025,30.60970227286865,507.6104635490875,0,0
2,207,5,False,77,274.0,1129,19.178018667559265,96.33159947984396,291.4148229662521,0,0
2,208,5,False,3,170.0,1794,1.013003901170351,31.744921369349303,447.86146179844843,0,0
2,209,8,False,35,193.5,765,3.071521456436931,64.58785445998265,207.46426074747254,0,0
2,210,5,False,56,163.0,2020,10.20848822984025,30.60970227286865,507.6104635490875,0,0
2,211,8,False,49,143.5,1238,12.05851755526658,34.6320792023484,330.33859166861674,0,0
2,212,5,False,3,175.0,1794,1.013003901170351,32.764427221104825,447.85861441803837,0,0
2,213,6,False,26,78.5,2030,8.076409027491847,15.199946088610181,542.465469310497,0,0
2,214,5,False,3,170.0,1794,1.013003901170351,31.744921369349303,447.85861441803837,0,0
2,215,5,False,63,107.0,1261,16.1954843286699,22.17070952720896,291.3551168425698,0,0
2,216,6,False,26,248.5,999,8.076409027491847,70.82920012678062,256.1831743144811,0,0
2,217,5,False,3,170.0,1794,1.013003901170351,31.738419418764124,447.85861441803837,0,0
2,218,5,False,56,226.0,1144,10.20848822984025,56.79982878690487,318.6863349437633,0,0
2,219,5,False,63,373.0,1017,16.1954843286699,77.06194700095678,268.5051319496077,0,0
2,220,6,False,26,248.5,999,8.076409027491847,70.82920012678062,256.179519744306,0,0
2,221,5,False,3,175.0,1794,1.013003901170351,32.75792527051965,447.85861441803837,0,0
2,222,5,False,77,170.0,1261,19.178018667559265,52.34830238365359,291.3543096528047,0,0
2,223,5,False,3,170.0,1794,1.013003901170351,31.738419418764124,447.85861441803837,0,0
2,224,5,False,56,226.0,1144,10.199138898845053,56.802676167314885,318.6863349437633,0,0
2,225,5,False,56,226.0,1144,10.199138898845053,56.802676167314885,318.6863349437633,0,0
2,226,6,False,26,248.5,999,8.076409027491847,70.82920012678062,256.179519744306,0,0
2,227,5,False,3,175.0,1794,1.013003901170351,32.75792527051965,447.85576703762837,0,0
2,228,8,False,34,69.5,1177,11.077216217256977,14.22635748583345,284.13770509284905,0,0
2,229,5,False,77,373.0,995,19.178018667559265,77.05829243078162,236.4602247986469,0,0
2,230,5,False,3,170.0,1588,1.013003901170351,31.738419418764124,417.61770530020056,0,0
2,231,6,False,26,150.5,1651,8.076409027491847,37.41372548438791,425.77863968529965,0,0
2,232,5,False,3,170.0,1794,1.013003901170351,31.738419418764124,447.85576703762837,0,0
2,233,5,False,77,435.0,803,19.178018667559265,124.16963278049474,236.24599737552245,0,0
2,234,5,False,56,485.0,1058,7.201179089489945,161.85953491058706,235.76135471620987,0,0
2,235,6,False,26,248.5,1327,8.076409027491847,70.82920012678063,319.2204353789052,0,0
2,236,5,False,3,170.0,1588,1.013003901170351,31.74126679917415,417.62055268061056,0,0
2,237,5,False,63,107.0,1261,16.198331709079923,22.164207576623784,291.3571570332148,0,0
2,238,5,False,56,73.0,2110,10.199138898845053,20.223106510540863,517.99748512253,0,0
2,239,6,False,35,211.0,1446,7.106071400007702,59.98575087902225,370.2479013066107,0,0
2,240,5,False,3,170.0,1794,1.013003901170351,31.74126679917415,447.85576703762837,0,0
2,241,4,False,45,541.5,1397,11.10080245030229,146.34755110473918,313.5959785657793,0,0
2,242,5,False,77,589.0,801,19.178018667559265,151.90666294421356,208.4988106910433,0,0
2,243,6,False,26,159.5,1445,8.07925640790187,18.66245841861898,373.6872309984567,0,0
2,244,4,False,45,106.0,2268,11.10080245030229,25.185518497234817,555.9257385416081,0,0
2,245,5,False,3,99.0,2135,1.013003901170351,16.232074462885564,556.8520206403607,0,0
2,246,8,False,42,128.5,955,12.336912862013502,20.234731153970337,249.24462811508602,0,0
2,247,5,False,77,435.0,803,19.178018667559265,124.15662887932439,236.24884475593248,0,0
2,248,6,False,26,248.5,1327,8.07925640790187,70.82920012678062,319.20662428796976,0,0
2,249,5,False,3,99.0,2135,1.013003901170351,16.22922708247554,556.8569082114155,0,0
2,250,5,False,53,714.0,861,12.175978476914374,121.64360128083983,246.06575782529748,0,0
2,251,5,False,24,581.0,1164,8.009349330995198,166.33706911617904,237.7259057557814,0,0
2,252,6,False,5,128.5,1448,3.0065019505851756,35.226379702065515,384.41325301918596,0,0
2,253,6,False,28,221.5,1446,7.095914879247373,60.591934841272426,370.23855197561545,0,0
2,254,5,False,77,589.0,801,19.178018667559265,151.90666294421356,208.50450545186334,0,0
2,255,8,False,33,89.5,1945,6.142280155572868,11.777206738331294,509.773819503482,0,0
2,256,5,False,3,123.0,2111,1.013003901170351,25.34464781347844,547.7443348608227,0,0
2,257,5,False,53,679.0,1023,12.175978476914374,121.64644866124985,258.18241155718016,0,0
2,258,7,False,47,154.0,1504,7.110533159947984,26.310479248558167,407.53326880752155,0,0
2,259,6,False,41,110.5,1986,10.086991359366808,17.829244559244767,515.7161091379805,0,0
2,260,6,False,31,142.0,1277,8.176785666679503,33.50233122328498,323.0109837051343,0,0
2,261,5,False,3,123.0,2111,1.013003901170351,25.34464781347844,547.7386401000026,0,0
2,262,5,False,77,234.0,1261,19.178018667559265,86.66813096320696,291.34984789286443,0,0
2,263,5,False,15,53.0,1955,2.0382045137459235,13.151585054103931,436.74045516616263,0,0
2,264,6,False,31,142.0,1277,8.176785666679503,33.499080247992396,323.0109837051343,0,0
2,265,5,False,3,208.0,1549,1.013003901170351,33.85507315064679,384.00226087188344,0,0
2,266,5,False,45,581.0,1095,11.097955069892267,166.33422173576903,228.42634578528455,0,0
2,267,6,False,26,57.0,1858,9.084143978956785,11.586565548252175,440.38926096963485,0,0
2,268,5,False,60,74.0,2237,14.069907076906672,19.0447064643311,544.7810812492039,0,0
2,269,5,False,56,485.0,900,12.175978476914374,158.35648314084202,235.74754362527437,0,0
2,270,5,False,3,118.0,2135,1.013003901170351,16.22922708247554,556.8569082114155,0,0
2,271,7,False,39,106.0,861,11.032509752925877,18.18328761726468,220.83913004197387,0,0
2,272,7,False,29,199.0,710,9.15239224386906,53.37307718511453,221.28097313020785,0,0
2,273,5,False,77,435.0,803,19.178018667559265,124.1521671193841,236.24884475593248,0,0
2,274,5,False,3,208.0,1549,1.013003901170351,33.86076791146684,384.0079556327035,0,0
2,275,5,False,15,53.0,1955,2.0382045137459235,13.151585054103931,436.71568036470165,0,0
2,276,5,False,28,57.0,1888,10.201560468140443,15.095914879247374,446.44008800590063,0,0
2,277,5,False,53,679.0,1023,12.175978476914374,121.6240954290843,258.1649458960695,0,0
2,278,7,False,47,154.0,1504,7.110533159947984,26.303977297972992,407.52880704758127,0,0
2,279,8,False,45,89.5,1884,6.139432775162845,11.772532072833695,493.41820797947815,0,0
2,280,5,False,3,123.0,2111,1.013003901170351,25.347495193888463,547.7357927195926,0,0
2,281,8,False,32,65.5,1239,11.064212316086625,15.642235723108731,287.24135492356135,0,0
2,282,5,False,77,170.0,1261,19.178018667559265,52.34260762283355,291.34253875251414,0,0
2,283,6,False,31,142.0,1277,8.176785666679503,33.49400198761223,323.0130238957792,0,0
2,284,5,False,3,170.0,1513,1.013003901170351,31.724608327828644,364.298121839741,0,0
2,285,7,False,29,225.0,830,9.15239224386906,48.6128421670009,229.4960077430974,0,0
2,286,6,False,28,375.0,1042,7.095914879247373,105.47528110938977,203.86760680823838,0,0
2,287,7,False,54,376.0,804,13.165014766388914,71.74624323515734,251.26023427757258,0,0
2,288,5,False,15,53.0,1955,2.0382045137459235,13.151585054103931,436.68682518195095,0,0
2,289,8,False,45,89.5,1884,6.139432775162845,11.764606432043507,493.4108988391278,0,0
2,290,5,False,3,170.0,1494,1.013003901170351,49.35357133335901,405.60261677592115,0,0
2,291,6,False,42,54.5,2245,10.141428533343602,13.647123294163649,548.4641000500606,0,0
2,292,4,False,60,410.0,1645,10.169476526329197,118.76589534377398,369.5963599444298,0,0
2,293,5,False,22,63.0,1888,10.064212316086625,15.095914879247374,446.40838544273987,0,0
2,294,6,False,31,142.0,1277,8.176785666679503,33.49075101231964,323.0101765153692,0,0
2,295,5,False,24,581.0,1164,8.009349330995198,166.31837045418865,237.68731986338497,0,0
2,296,5,False,3,224.0,1620,1.013003901170351,52.631159450340796,420.6587571943565,0,0
2,297,7,False,54,376.0,804,13.15851281580374,71.74054847433729,251.26023427757258,0,0
2,298,7,False,48,313.0,1218,7.110533159947984,44.10214727288346,357.1190508633228,0,0
2,299,7,False,40,58.0,2138,7.39751504038911,12.122729871353206,547.0815846690226,0,0
2,300,5,False,31,54.0,1888,10.181247426619786,15.095914879247374,446.41042563338476,0,0
2,301,5,False,3,140.0,1494,1.013003901170351,45.263351214931674,405.6083115367412,0,0
2,302,4,False,60,102.5,2260,10.169476526329197,29.801555728677602,547.5270793652675,0,0
2,303,8,False,38,98.5,1884,7.217500614649087,11.275760831894216,493.4072442689527,0,0
2,304,6,False,31,354.0,901,8.176785666679503,90.33091484962574,214.06584669022575,0,0
2,305,7,False,67,104.0,887,8.213375800895166,24.1507778643388,242.67398197819256,0,0
2,306,7,False,40,58.0,2138,7.400362420799133,12.164588955274281,547.0844320494326,0,0
2,307,7,False,32,172.0,1215,5.158512815803739,21.51246552781324,291.977867449073,0,0
2,308,5,False,3,208.0,1626,1.013003901170351,33.841262059711305,344.0400395745147,0,0
2,309,6,False,28,375.0,992,7.095914879247373,77.04063608034575,266.42264678264524,0,0
2,310,5,False,15,53.0,1955,2.0382045137459235,13.151585054103931,436.6673193301954,0,0
2,311,7,False,67,187.0,1510,8.219877751480341,31.640508781335996,363.1058662701316,0,0
2,312,4,False,60,410.0,1645,10.169476526329197,118.76264436848139,369.59270537425465,0,0
2,313,5,False,22,63.0,2129,10.064212316086625,15.095914879247374,522.1913995041338,0,0
2,314,5,False,3,118.0,2135,1.013003901170351,16.232074462885564,556.8447115000104,0,0
2,315,7,False,48,154.0,1523,7.110533159947984,26.301129917562967,412.66088624992966,0,0
2,316,6,False,31,76.5,2080,8.176785666679503,16.741401577648695,512.8195108874348,0,0
2,317,8,False,40,67.5,1239,6.104457020477442,22.612382661267628,287.2246964522158,0,0
2,318,4,False,10,44.5,2426,3.026007802340702,13.134522987875862,587.9859149088691,0,0
2,319,7,False,67,233.0,887,8.213375800895166,59.52912399915875,242.67113459778253,0,0
2,320,7,False,29,76.0,1146,5.270704787746118,17.10241682983255,282.3539282741542,0,0
2,321,7,False,32,172.0,1215,5.161360196213762,21.51246552781324,291.9685181180778,0,0
2,322,5,False,77,435.0,803,19.178018667559265,124.15705469043903,236.24599737552245,0,0
2,323,5,False,20,231.0,1374,2.0646381272012584,27.99659054891866,354.62297424990595,0,0
2,324,6,False,39,65.0,2080,8.112573350592877,15.210719109810391,512.83455497925,0,0
2,325,5,False,3,139.0,1494,1.013003901170351,44.32106158043313,405.6054641563312,0,0
2,326,8,False,45,89.5,1884,6.136585394752823,11.758508076340897,493.4121318400076,0,0
2,327,7,False,59,104.0,887,8.206873850309991,33.05771036550145,242.6682872173725,0,0
2,328,6,False,37,284.0,1048,11.105264210242572,83.86557735543897,249.44206376947253,0,0
2,329,4,False,10,44.5,2426,3.026007802340702,13.134522987875862,587.9916096696891,0,0
2,330,8,False,20,90.0,1177,9.083718167842152,22.612382661267628,284.1251270027933,0,0
2,331,7,False,67,225.0,911,9.219451940365708,50.67140415473161,260.4329839954264,0,0
2,332,7,False,67,187.0,1510,10.204026469899969,31.640508781335996,363.10871365054163,0,0
2,333,5,False,20,552.0,1177,2.0646381272012584,112.58869386328428,262.9154502045374,0,0
2,334,5,False,3,99.0,2135,1.013003901170351,16.22922708247554,556.8447115000104,0,0
2,335,4,False,60,106.0,2253,10.169476526329197,23.710124825602577,559.7005918404222,0,0
2,336,6,False,41,48.5,2283,10.165821956154044,13.63148491814059,550.6615801369112,0,0
2,337,6,False,31,77.0,1822,8.176785666679503,19.6954843286699,449.3273584011422,0,0
2,338,5,False,31,54.0,2129,10.181247426619786,15.095914879247374,522.1905923143686,0,0
2,339,4,False,10,573.5,1368,3.026007802340702,107.30666620259427,399.6416284794322,0,0
2,340,7,False,67,165.0,1595,9.212949989780533,47.33852724154376,410.79653115752495,0,0
2,341,8,False,68,220.5,774,8.6490953550302,50.427536575323394,218.09113912989386,0,0
2,342,6,False,28,376.5,992,7.095914879247373,67.43416108545547,266.41979940223524,0,0
2,343,5,False,3,118.0,2135,1.013003901170351,16.22637970206552,556.8447115000104,0,0
2,344,7,False,32,172.0,1215,5.161360196213762,21.51246552781324,291.9591687870826,0,0
2,345,7,False,48,313.0,1218,7.1133805403580075,44.076139470542756,357.1247456241428,0,0
2,346,5,False,20,700.0,960,2.071140077786434,158.01548989753874,251.08815548992717,0,0
2,347,5,False,10,99.0,2194,3.026007802340702,22.237343412590974,535.3986547330942,0,0
2,348,6,False,41,48.5,2283,10.165821956154044,13.628233942848002,550.6485762357408,0,0
2,349,4,False,60,101.0,2263,10.162974575744022,21.702602779694956,563.698977460892,0,0
2,350,7,False,63,297.0,887,8.293439398562166,70.67871329508192,242.66178526678732,0,0
2,351,7,False,26,66.0,2042,3.041859083921076,12.074368836846954,517.5871668676001,0,0
2,352,5,False,31,54.0,2129,10.181247426619786,15.095914879247374,522.1796286038431,0,0
2,353,6,False,32,70.5,1352,21.039011703511054,23.065019505851758,322.8311255335598,0,0
2,354,4,False,10,573.5,1368,3.026007802340702,107.30301163241911,399.6379739092571,0,0
2,355,6,False,32,344.5,1055,8.141428533343602,100.21025738245392,200.84444638630768,0,0
2,356,5,False,20,518.0,819,2.071140077786434,130.98311640416955,213.2305719050567,0,0
2,357,5,False,3,209.0,1212,1.013003901170351,33.833952919361,333.86011697586724,0,0
2,358,7,False,67,105.0,1510,8.201179089489944,24.153625244748824,363.0965169391364,0,0
2,359,7,False,27,76.0,1964,9.08087078743213,12.276399548566165,504.6889127672242,0,0
2,360,6,False,31,142.0,1277,8.176785666679503,33.47997799111943,323.000827184374,0,0
2,361,5,False,10,137.0,1492,3.026007802340702,43.2568492643465,405.59815501598086,0,0
2,362,6,False,56,137.5,1211,7.269427354402221,36.25625498013869,288.13082176361337,0,0
2,363,5,False,29,74.0,1350,10.0353571333359,26.21945194036571,298.39157071722883,0,0
2,364,7,False,27,66.0,2135,3.0837181678421524,12.067866886261779,548.4782480871825,0,0
2,365,5,False,34,54.0,2129,10.112573350592877,15.095914879247374,522.1601227520875,0,0
2,366,6,False,55,177.0,1215,8.168669336564067,30.47243372897974,291.944550506382,0,0
2,367,5,False,3,194.0,1748,1.013003901170351,60.90190867055105,443.512215965473,0,0
2,368,4,False,18,417.0,1673,3.0642123160866257,119.26976281950644,375.64595397981583,0,0
2,369,5,False,20,688.0,956,2.0646381272012584,160.07239307327507,250.0751515887568,0,0
2,370,4,False,10,44.5,2426,3.026007802340702,13.135946678080874,587.9395940650077,0,0
2,371,5,False,63,76.0,2072,11.17232390673922,16.109725970182854,538.1076369038274,0,0
2,372,7,False,27,66.0,2135,3.0837181678421524,12.067866886261779,548.462396805602,0,0
2,373,7,False,31,85.0,1712,12.006501950585175,19.08087078743213,445.9501119698096,0,0
2,374,7,False,63,187.0,1510,8.296286778972188,31.63685421116084,363.0863604183761,0,0
2,375,5,False,31,58.0,1792,8.176785666679503,14.074368836846954,430.4533614640201,0,0
2,376,6,False,56,168.5,1211,7.262925403817045,54.914958485267675,288.11862505220813,0,0
2,377,4,False,10,573.5,1368,3.026007802340702,107.29610608695137,399.6156206770915,0,0
2,378,5,False,29,74.0,1350,10.0353571333359,26.21945194036571,298.3749122458833,0,0
2,379,5,False,20,76.0,2260,2.0617907467912358,23.03250975292588,529.8997751717314,0,0
2,380,7,False,29,70.0,1193,5.092260309072221,15.579614089238161,322.8991286793783,0,0
2,381,7,False,26,66.0,2135,3.041859083921076,12.067866886261779,548.4680915664221,0,0
2,382,5,False,3,170.0,1513,1.013003901170351,31.713644617303185,364.2908126993907,0,0
2,383,7,False,16,68.0,2120,5.009349330995199,12.073561647081824,535.0035168295364,0,0
2,384,5,False,29,74.0,1350,10.0353571333359,26.21945194036571,298.3741050561182,0,0
2,385,4,False,60,106.0,2253,10.162974575744022,23.7129722060126,559.6376125252154,0,0
2,386,5,False,20,552.0,1177,2.0617907467912358,112.55983868053355,262.8979845434268,0,0
2,387,7,False,48,313.0,1151,7.110533159947984,44.050131668202056,339.7679455317233,0,0
2,388,5,False,10,137.0,1492,3.026007802340702,43.250347313761324,405.59815501598086,0,0
2,389,6,False,56,497.5,842,7.262925403817045,119.17475547333905,213.41352257613502,0,0
2,390,5,False,31,54.0,1888,10.181247426619786,15.095914879247374,446.3259002757775,0,0
2,391,7,False,63,297.0,887,8.299134159382211,70.66570939391157,242.65528331620214,0,0
2,392,6,False,58,266.5,1032,7.080063597666999,85.95171709257653,238.77112985831968,0,0
2,393,5,False,3,209.0,1513,1.013003901170351,33.81444706760548,364.2843107488055,0,0
2,394,5,False,39,52.0,2249,8.162167385978892,14.074368836846954,553.4986055611672,0,0
2,395,6,False,38,63.0,2214,11.018698661990397,14.0753889321694,540.6632389489056,0,0
2,396,7,False,29,52.0,2138,5.092260309072221,11.220684941245471,547.0539624871516,0,0
2,397,6,False,36,100.0,1868,2.1292318219383812,21.25381119461123,484.6353716479409,0,0
2,398,5,False,31,58.0,2265,8.176785666679503,14.074368836846954,570.6872509930656,0,0
2,399,6,False,19,77.0,2137,16.006501950585175,25.54551365409623,500.672632712365,0,0
2,400,8,False,27,87.0,1757,8.10241682983255,10.233329679997393,470.0138984747816,0,0
2,401,6,False,55,293.0,1082,8.168669336564067,53.67712113178373,328.56217138490064,0,0
2,402,4,False,10,44.5,2426,3.026007802340702,13.135946678080874,587.9233614047768,0,0
2,403,6,False,27,72.0,2191,3.0837181678421524,11.580063597667,572.5233803626281,0,0
2,404,6,False,29,75.0,2175,10.0353571333359,21.59714788012714,501.7424953568075,0,0
2,405,6,False,56,163.5,1485,7.262925403817045,36.3245476775151,366.0403765207011,0,0
2,406,5,False,3,194.0,1748,1.013003901170351,60.90679624160597,443.4825535929572,0,0
2,407,4,False,18,417.0,1673,3.0642123160866257,119.26793553441887,375.61833179794485,0,0
2,408,5,False,55,76.0,2245,8.168669336564067,18.209721230720014,559.351100888353,0,0
2,409,5,False,31,58.0,1522,8.176785666679503,14.074368836846954,375.82058763414904,0,0
2,410,5,False,20,426.0,1177,2.0617907467912358,99.15463312114363,262.8914825928416,0,0
2,411,6,False,56,260.5,1189,7.262925403817045,55.64193247154101,253.18875725359976,0,0
2,412,7,False,48,154.0,1523,7.1133805403580075,26.298282537152947,412.656850301104,0,0
2,413,7,False,67,257.0,887,24.153625244748824,58.45275940413104,242.651628746027,0,0
2,414,4,False,10,536.0,1443,3.026007802340702,112.24817086355975,389.69891303381905,0,0
2,415,5,False,56,253.0,1123,8.176022909378508,76.24142379388076,327.4599552416978,0,0
2,416,6,False,36,100.0,1868,2.1292318219383812,21.250560219318643,484.6410664087609,0,0
2,417,6,False,58,266.5,1032,7.080063597666999,85.95496806786912,238.77032266855454,0,0
2,418,6,False,28,375.0,1055,7.095914879247373,105.45862263804426,200.84444638630768,0,0
2,419,6,False,58,177.0,1215,9.138581152933579,30.465528183512,291.91977570492105,0,0
2,420,7,False,26,78.0,2133,5.129276254402517,8.221110752360104,543.4360076246109,0,0
2,421,5,False,3,170.0,1626,1.013003901170351,31.696986145957684,344.04777452597966,0,0
2,422,5,False,63,76.0,2072,11.17232390673922,16.109725970182854,538.0820549126014,0,0
2,423,6,False,29,86.5,2013,10.0353571333359,33.54876462938882,426.5112725161512,0,0
2,424,5,False,20,688.0,956,2.0617907467912358,160.06062217298447,250.05403135747102,0,0
2,425,6,False,56,163.5,1485,7.25642345323187,36.32739505792512,366.03021999994075,0,0
2,426,6,False,32,54.0,2094,9.084143978956785,11.637157462728567,517.0690954438951,0,0
2,427,5,False,3,404.0,1203,1.013003901170351,60.90029429102079,338.19537102588635,0,0
2,428,6,False,31,374.0,1065,8.176785666679503,104.45212068745909,198.83144248513733,0,0
2,429,7,False,29,70.0,1147,6.067866886261778,17.105264210242574,282.33280804286846,0,0
2,430,7,False,32,170.0,1173,7.0585175552665795,26.353145522244372,357.7611066349518,0,0
2,431,5,False,10,166.0,1492,3.026007802340702,47.33406548160348,405.5892314961003,0,0
2,432,6,False,36,100.0,1868,2.1292318219383812,21.250560219318643,484.6345644581757,0,0
2,433,8,False,98,236.0,843,25.588111798004093,43.49706227357957,234.5622158173648,0,0
2,434,7,False,26,69.0,2133,6.125577251763229,8.019505851755527,543.4266582936157,0,0
2,435,6,False,58,186.5,1196,9.138581152933579,31.00396781904731,290.8298925326801,0,0
2,436,6,False,56,260.5,1189,7.25642345323187,55.64335616174602,253.18590987318976,0,0
2,437,6,False,32,73.5,2164,18.18409480702981,23.0260078023407,503.7323832685113,0,0
2,438,5,False,10,137.0,1492,3.026007802340702,43.250347313761324,405.59003868586547,0,0
2,439,5,False,63,76.0,2092,11.17232390673922,16.109725970182854,503.2913947646709,0,0
2,440,7,False,26,78.0,2133,5.129276254402517,8.21460880177493,543.4360076246109,0,0
2,441,4,False,60,106.0,2253,10.162974575744022,23.711144920925022,559.6258416249249,0,0
2,442,7,False,31,279.0,1295,9.11461354123777,71.84657544188086,358.41121282854107,0,0
2,443,6,False,36,100.0,1868,2.1292318219383812,21.250560219318643,484.6382190283509,0,0
2,444,8,False,47,106.5,1371,9.321576256476032,19.726996202505397,360.6128177291456,0,0
2,445,6,False,31,103.0,1623,8.176785666679503,26.26477490513669,369.8833862573351,0,0
2,446,8,False,38,80.5,1757,8.1154207310029,9.705068781454482,470.01309128501646,0,0
2,447,5,False,3,404.0,1203,1.013003901170351,60.90394886119594,338.1982184062964,0,0
2,448,6,False,50,270.5,1173,6.149544863459037,43.06329256407902,357.7619138247169,0,0
2,449,6,False,56,230.5,1087,7.25642345323187,70.03809195150345,257.8642417896212,0,0
2,450,5,False,20,203.0,1810,2.0617907467912358,74.43852250208091,399.66061669298057,0,0
2,451,5,False,58,73.0,2106,9.141428533343602,17.242656794760524,536.7986831698712,0,0
2,452,7,False,32,185.0,1751,9.119075301178052,30.545019713203256,423.22617457218945,0,0
2,453,5,False,36,54.0,1888,10.106071400007702,15.095914879247374,446.31047480531174,0,0
2,454,4,False,18,417.0,1673,3.0642123160866257,119.26326086892128,375.6045207070094,0,0
2,455,5,False,31,58.0,2265,8.176785666679503,14.071521456436932,570.6697853319549,0,0
2,456,8,False,27,302.5,982,7.002847380410023,60.31532090606681,249.0202886036654,0,0
2,457,4,False,10,55.0,2405,3.026007802340702,12.209911920045261,589.7587724495025,0,0
2,458,5,False,56,253.0,1123,12.168669336564067,76.24142379388076,327.4571078612878,0,0
2,459,6,False,32,73.5,2164,18.18409480702981,23.0260078023407,503.7230339375161,0,0
2,460,7,False,31,63.0,2047,4.076409027491847,10.576766708828139,550.8576709687165,0,0
2,461,8,False,28,206.0,1013,9.121922681588076,61.41920733965064,249.8967071100829,0,0
2,462,6,False,36,100.0,1868,2.1292318219383812,21.250560219318643,484.6317170777657,0,0
2,463,5,False,48,69.0,1311,7.25642345323187,9.173131096504349,309.2653669677213,0,0
2,464,5,False,3,417.0,1173,1.013003901170351,58.91002500066649,351.7653906650355,0,0
2,465,7,False,63,187.0,1510,8.292632208797036,31.629545070810536,363.07174213767547,0,0
2,466,6,False,58,456.0,844,7.080063597666999,99.72539182027957,238.77032266855454,0,0
2,467,5,False,31,54.0,1888,10.181247426619786,15.09306749883735,446.3169767558969,0,0
2,468,5,False,20,73.0,2271,2.0617907467912358,23.0260078023407,530.8835425115007,0,0
2,469,5,False,41,56.0,2160,10.061364935676602,12.168669336564067,541.086853618728,0,0
2,470,5,False,3,209.0,1513,1.013003901170351,33.794941215849946,364.30220222103077,0,0
2,471,6,False,35,134.0,1766,8.175978476914374,26.393008847984692,426.33186459354664,0,0
2,472,8,False,98,236.0,795,25.58526441759407,43.49706227357957,219.47403588958235,0,0
2,473,6,False,36,100.0,1868,2.1227298713532057,21.250560219318643,484.62156055700535,0,0
2,474,7,False,26,72.0,2133,6.125577251763229,8.10160964006742,543.4128472026802,0,0
2,475,6,False,58,177.0,1215,9.141428533343602,30.466951873717015,291.8880731417603,0,0
2,476,7,False,31,63.0,1991,4.076409027491847,10.570264758242963,535.724784576603,0,0
2,477,6,False,43,121.0,1617,8.165014766388914,41.646506793723766,367.86914935528495,0,0
2,478,5,False,10,209.0,1620,3.026007802340702,52.55598342372871,420.6656849560563,0,0
2,479,4,False,60,106.0,2253,10.162974575744022,23.709721230720014,559.6055285834042,0,0
2,480,6,False,33,67.0,2214,10.025200612575572,15.096318474129939,540.6421187176198,0,0
2,481,8,False,28,209.0,1013,9.121922681588076,61.41920733965064,249.89305253990776,0,0
2,482,7,False,26,78.0,2048,5.126428873992494,8.211761421364907,517.5347698842683,0,0
2,483,6,False,41,97.5,2078,11.229652893590172,15.098571570332147,534.8852487181234,0,0
2,484,6,False,24,69.5,1355,19.006501950585175,23.57802340702211,322.79538702157345,0,0
2,485,5,False,10,166.0,1492,3.026007802340702,47.33406548160348,405.59207887651036,0,0
2,486,6,False,60,163.5,1485,7.21090979913564,36.316218441842345,366.02575824000047,0,0
2,487,6,False,49,346.5,1049,6.149544863459037,69.20723153164629,311.54921191619445,0,0
2,488,5,False,3,404.0,1203,1.013003901170351,60.89744691061077,338.19090926594606,0,0
2,489,7,False,19,90.0,1958,14.032509752925877,36.045513654096226,427.2828526234408,0,0
2,490,6,False,56,67.0,2120,7.097147880127136,10.587585643574622,555.2689971000411,0,0
2,491,6,False,43,121.0,1617,8.165014766388914,41.646506793723766,367.8561454541146,0,0
2,492,8,False,28,197.0,1013,5.087372738017305,56.59032046174217,249.8958999203178,0,0
2,493,6,False,53,83.0,1297,10.11380635147264,20.15383815030614,385.27505324490284,0,0
2,494,6,False,44,325.5,1032,9.04551365409623,87.66855677432159,234.32079202348405,0,0
2,495,7,False,31,63.0,2047,4.076409027491847,10.569457568477834,550.841012497371,0,0
2,496,5,False,10,116.0,2134,3.026007802340702,16.22841989271041,555.8601814029403,0,0
2,497,7,False,26,69.0,2133,6.125577251763229,8.019505851755527,543.4026906819198,0,0
2,498,6,False,35,134.0,1766,8.175978476914374,26.382852327224363,426.33186459354664,0,0
2,499,5,False,31,54.0,2129,10.181247426619786,15.09306749883735,522.0882199170002,0,0
2,500,6,False,34,71.5,1259,18.18409480702981,23.0260078023407,318.5571031218249,0,0
2,501,5,False,3,170.0,1626,1.013003901170351,31.686829625197355,344.0319232443993,0,0
2,502,5,False,20,197.0,1287,2.0617907467912358,59.35765171464879,375.07098234253874,0,0
2,503,6,False,53,83.0,1297,10.11380635147264,20.15383815030614,385.26285653349765,0,0
2,504,6,False,58,177.0,1215,9.141428533343602,30.463700898424428,291.8742620508248,0,0
2,505,7,False,37,109.0,1821,7.1987575201945555,16.371888616698904,506.1266051227669,0,0
2,506,7,False,26,78.0,2133,5.126428873992494,8.20525947077973,543.3933413509246,0,0
2,507,5,False,57,82.0,2072,11.17232390673922,16.16866933656407,538.0552399204955,0,0
2,508,8,False,98,236.0,795,25.578762467008897,43.490963917876954,219.47688326999238,0,0
2,509,7,False,19,90.0,1958,14.032509752925877,36.045513654096226,427.2670013418604,0,0
2,510,7,False,50,198.0,1044,6.149544863459037,41.39177584710493,332.5274177925359,0,0
2,511,7,False,26,62.0,2141,6.125577251763229,9.109725970182854,548.406345252095,0,0
2,512,7,False,43,105.0,1146,14.28935901727238,28.05851755526658,342.8053872881682,0,0
2,513,5,False,10,209.0,1620,3.026007802340702,52.54948147314354,420.66853233646634,0,0
2,514,6,False,35,313.5,978,8.175978476914374,74.78888729261148,273.4390157024328,0,0
2,515,8,False,45,144.5,1268,6.142280155572868,32.145014973740416,374.98564979516635,0,0
2,516,7,False,20,42.0,1490,5.071521456436931,10.095107689482242,322.1692713964531,0,0
2,517,6,False,56,163.5,1485,7.252768883056716,36.31946941713493,366.0127543388301,0,0
2,518,6,False,36,100.0,1868,2.1227298713532057,21.249136529113635,484.61425141665507,0,0
2,519,5,False,3,435.0,1227,1.013003901170351,81.92668347201199,335.80924550713735,0,0
2,520,5,False,58,73.0,1944,9.141428533343602,17.242656794760524,429.84271574182964,0,0
2,521,6,False,28,117.0,2005,5.082910978077022,15.660362317123383,494.4990313722818,0,0
2,522,5,False,48,69.0,1749,7.252768883056716,9.175978476914374,423.2684594672251,0,0
2,523,8,False,15,126.5,1507,4.106497211122335,12.389589399598922,424.3831648355555,0,0
2,524,8,False,45,206.5,935,9.141428533343602,48.87775185061213,256.47403588958235,0,0
2,525,6,False,36,95.5,1868,2.1227298713532057,18.752791099288785,484.6105968464799,0,0
2,526,6,False,44,99.0,1623,9.04551365409623,33.12374996667565,370.9589880950618,0,0
2,527,5,False,31,58.0,2265,8.176785666679503,14.077216217256977,570.6328138190888,0,0
2,528,8,False,78,108.0,1371,11.138581152933579,30.27393354680664,360.60631577856043,0,0
2,529,5,False,3,435.0,1167,1.013003901170351,81.92668347201199,349.7653906650355,0,0
2,530,5,False,57,82.0,2072,11.17232390673922,16.17151671697409,538.0515853503204,0,0
2,531,8,False,44,73.0,1757,6.1451275359828905,10.684733523701757,470.0179788560714,0,0
2,532,4,False,60,383.0,1699,10.162974575744022,85.24377723339782,436.51914372717283,0,0
2,533,8,False,74,225.0,1086,20.400317988334997,51.37893893794562,290.86049835451774,0,0
2,534,5,False,10,209.0,1620,3.026007802340702,52.54663409273351,420.6656849560563,0,0
2,535,8,False,67,236.0,795,22.192636948259878,43.489540227671945,219.47688326999238,0,0
2,536,8,False,45,189.5,935,9.141428533343602,38.92794017020596,256.4776904597575,0,0
2,537,6,False,36,100.0,1868,2.1227298713532057,21.249136529113635,484.608556655835,0,0
2,538,5,False,35,54.0,2265,8.175978476914374,14.077216217256977,570.6307736284439,0,0
2,539,6,False,31,67.0,2214,11.090220118427327,14.09226030907222,540.6275004369193,0,0
2,540,6,False,28,103.0,2077,5.082910978077022,15.65751493671336,508.5713600184839,0,0
2,541,5,False,3,435.0,1167,1.013003901170351,81.92383609160197,349.7718926156207,0,0
2,542,8,False,14,72.0,1614,5.048361034506252,15.605454899567821,338.543244636261,0,0
2,543,6,False,22,51.5,2106,8.062597936556365,10.63390648743598,520.0451278321993,0,0
2,544,8,False,42,177.5,1003,6.1133805403580075,35.83204750719065,243.0863404237672,0,0
2,545,6,False,56,177.0,1215,12.188982378084724,30.46654827883445,291.87141467041477,0,0
2,546,8,False,48,228.5,1086,14.093874688602481,51.3807662230332,290.86049835451774,0,0
2,547,8,False,45,206.5,935,9.141428533343602,48.87775185061213,256.48053784016753,0,0
2,548,6,False,17,118.5,1485,4.054862985091427,12.792441519471787,366.0192562894153,0,0
2,549,6,False,43,121.0,1617,8.165014766388914,41.647930483928775,367.84598893335425,0,0
2,550,7,False,20,42.0,1490,5.071521456436931,10.095107689482242,322.1692713964531,0,0
2,551,5,False,10,111.0,2113,3.026007802340702,27.15158505410393,524.1304603795718,0,0
2,552,8,False,78,108.0,1371,11.138581152933579,30.272509856601626,360.6006210177404,0,0
2,553,7,False,26,80.0,2133,4.17313109650435,9.155709867857851,543.3868394003395,0,0
2,554,5,False,20,241.0,1810,2.0589433663812127,73.48892372723206,399.64030365145993,0,0
2,555,6,False,31,188.0,1340,7.032509752925877,29.530210743177395,368.5871468729913,0,0
2,556,5,False,3,118.0,2135,1.013003901170351,16.232074462885564,556.8536794523551,0,0
2,557,6,False,56,67.0,1988,7.0877985491319375,10.587585643574622,510.02519616932915,0,0
2,558,8,False,28,161.5,1497,9.10241682983255,30.896259823277276,312.07624833007986,0,0
2,559,7,False,37,150.0,1496,10.143468723988494,26.407245750034807,359.7449857964223,0,0
2,560,6,False,28,113.5,2005,5.082910978077022,15.65751493671336,494.48602747111147,0,0
2,561,7,False,31,105.0,1146,9.40639412780554,31.100376639187655,342.79969252734816,0,0
2,562,8,False,40,189.5,1036,9.141428533343602,38.46678340062383,282.85646240569207,0,0
2,563,6,False,36,95.5,1868,2.1227298713532057,18.752791099288785,484.5984001350747,0,0
2,564,6,False,31,101.5,1832,8.176785666679503,15.261523929844103,443.91105287167017,0,0
2,565,8,False,14,108.5,1598,5.048361034506252,36.179823736414775,330.4615666590638,0,0
2,566,6,False,22,51.5,2106,8.059750556146343,10.63390648743598,520.040666072259,0,0
2,567,4,False,10,55.0,2405,3.026007802340702,12.20848822984025,589.7173391766961,0,0
2,568,6,False,36,185.5,1340,7.051208414916275,29.52513248279723,368.57779754199606,0,0
2,569,8,False,28,187.0,1497,9.122729871353206,45.81536681961308,312.0790957104899,0,0
2,570,6,False,56,70.0,1988,7.246266932471541,9.60770799577003,510.02234878891915,0,0
2,571,5,False,51,87.0,1587,12.077216217256977,22.132886392113534,446.0716532727472,0,0
2,572,8,False,21,127.5,804,9.30857235530568,33.73347593685851,226.41224514279114,0,0
2,573,5,False,27,53.0,1929,10.093067498837351,12.048361034506252,446.161018806781,0,0
2,574,6,False,33,59.5,2214,11.047553844741122,14.585141858047162,540.6266932471541,0,0
2,575,6,False,43,121.0,1617,8.162167385978892,41.64935417413379,367.84314155294425,0,0
2,576,6,False,26,118.0,2005,8.019505851755527,14.19064119007912,494.48602747111147,0,0
2,577,8,False,40,204.0,1036,9.141428533343602,46.53118640603571,282.85930978610213,0,0
2,578,5,False,3,435.0,1167,1.013003901170351,81.92668347201199,349.76254328462545,0,0
2,579,5,False,20,295.0,1213,2.0589433663812127,108.5697945146642,295.90814106418713,0,0
2,580,5,False,63,76.0,2072,11.175171287149242,16.109725970182854,538.04427620997,0,0
2,581,6,False,44,161.5,1800,9.04551365409623,24.5336746240273,514.4382285072766,0,0
2,582,5,False,10,209.0,1603,3.026007802340702,52.54663409273351,419.6258660627801,0,0
2,583,8,False,45,206.5,935,9.141428533343602,48.867998924734366,256.4890799813976,0,0
2,584,7,False,20,42.0,1490,5.071521456436931,10.095107689482242,322.1656168262779,0,0
2,585,7,False,22,178.0,1496,8.041051894155945,34.454373783661296,359.74133122624715,0,0
2,586,7,False,43,105.0,1146,9.40639412780554,28.05851755526658,342.8025399077582,0,0
2,587,7,False,67,286.0,887,8.291825019031906,70.65840025356127,242.6378176550915,0,0
2,588,8,False,55,197.5,762,25.076409027491845,41.341800433068414,198.93917269713944,0,0
2,589,6,False,43,116.0,1949,12.063405126321495,21.401595421678895,503.64790530553245,0,0
2,590,8,False,14,80.0,1598,5.048361034506252,19.64446660307887,330.45221732806857,0,0
2,591,6,False,14,210.5,1301,3.041859083921076,23.510704891421867,344.57826778557484,0,0
2,592,5,False,10,167.0,1213,3.026007802340702,34.5860716073592,332.8633901673919,0,0
2,593,7,False,26,80.0,2141,4.17313109650435,9.152862487447829,548.3880724012192,0,0
2,594,7,False,12,73.0,1991,4.097147880127136,10.607662082223756,535.7166682464876,0,0
2,595,7,False,46,76.0,1294,9.060557745911472,19.21703037107032,317.1690707098234,0,0
2,596,5,False,35,54.0,2265,8.175978476914374,14.077216217256977,570.6068060167481,0,0
2,597,7,False,26,51.0,2005,7.142661534223365,11.008542141230068,494.46571442959083,0,0
2,598,5,False,3,209.0,1212,1.013003901170351,33.761624273158944,333.8633901673919,0,0
2,599,8,False,40,189.5,1036,9.141428533343602,38.45885775983365,282.85280783551696,0,0
2,600,5,False,27,53.0,1929,10.093067498837351,12.048361034506252,446.1378583848503,0,0
2,601,7,False,20,42.0,1490,5.071521456436931,10.095107689482242,322.15626749528275,0,0
2,602,5,False,48,69.0,1711,7.239764981886365,9.175978476914374,405.61272590205306,0,0
2,603,7,False,25,76.0,1761,9.238150602356106,10.168669336564067,395.00288736962773,0,0
2,604,5,False,3,435.0,1167,1.013003901170351,81.92383609160197,349.7653906650355,0,0
2,605,8,False,8,139.0,1286,4.310568113486438,35.629970881925175,375.07302253318363,0,0
2,606,6,False,44,99.0,1623,9.04551365409623,33.12374996667565,370.9309401020762,0,0
2,607,6,False,31,72.0,2213,10.009349330995198,17.13696677340332,539.5714044509481,0,0
2,608,7,False,16,126.0,1659,5.054862985091427,42.17840004620976,350.5489393970811,0,0
2,609,5,False,10,194.0,1603,3.026007802340702,33.22229932077573,419.6287134431901,0,0
2,610,5,False,20,203.0,1810,2.0589433663812127,74.42755879155547,399.61999060993924,0,0
2,611,8,False,45,189.5,935,9.141428533343602,38.91493626903561,256.4862326009876,0,0
2,612,6,False,46,87.5,2001,9.060557745911472,17.258889454991394,505.89961891756593,0,0
2,613,8,False,21,129.5,1333,9.299223024310482,29.844244218595875,344.3336152326336,0,0
2,614,5,False,35,54.0,2265,8.175978476914374,14.077216217256977,570.603958636338,0,0
2,615,7,False,11,59.0,2051,4.039011703511053,13.05448160644093,530.9816338409496,0,0
2,616,8,False,42,312.0,841,7.080063597666999,86.42468919491338,157.02093953926496,0,0
2,617,6,False,14,118.5,1485,3.041859083921076,12.792441519471787,366.011947149065,0,0
2,618,6,False,24,48.0,1212,8.009349330995198,10.148950579251224,346.154744942845,0,0
2,619,7,False,35,47.0,1340,6.035357133335901,9.01300390117035,368.5611390706506,0,0
2,620,5,False,57,82.0,2229,11.17232390673922,16.16866933656407,557.499075804746,0,0
2,621,6,False,34,45.5,2106,8.059750556146343,10.63390648743598,520.0175056503283,0,0
2,622,5,False,10,167.0,1213,3.026007802340702,34.588918987769226,332.8633901673919,0,0
2,623,8,False,12,74.0,1913,4.097147880127136,12.353615765823141,548.3077636844585,0,0
2,624,6,False,43,240.0,1036,8.162167385978892,70.84339259636661,230.69790219525996,0,0
2,625,8,False,40,187.0,1036,12.096722069012504,48.867998924734366,282.8239526527662,0,0
2,626,7,False,46,241.0,977,9.060557745911472,55.49257829740722,288.8121373200115,0,0
2,627,6,False,52,102.0,2012,17.168243525449434,35.608705874860405,436.32480057229014,0,0
2,628,6,False,68,221.0,1253,14.11622792076803,27.082439253416116,318.5604207458137,0,0
2,629,5,False,20,295.0,1213,2.0589433663812127,108.57264189507421,295.90814106418713,0,0
2,630,5,False,3,111.0,2113,1.013003901170351,27.15158505410393,524.0934888667056,0,0
2,631,7,False,22,168.0,1063,7.099569449422526,16.33253996700149,257.29482865360745,0,0
2,632,6,False,22,96.5,2076,8.067866886261779,17.770088287306237,521.9414335690228,0,0
2,633,8,False,28,202.0,1013,9.122729871353206,60.39870360880474,249.8820888293823,0,0
2,634,8,False,21,151.5,1377,6.168669336564068,33.8462621930087,380.45349772357673,0,0
2,635,7,False,48,303.0,887,14.093874688602481,63.57871803454476,242.64066503550154,0,0
2,636,7,False,35,103.0,1800,6.035357133335901,19.355611524003898,514.3992168037655,0,0
2,637,6,False,17,115.5,1491,4.054862985091427,12.279437618301436,367.017641909885,0,0
2,638,6,False,24,46.5,1212,8.009349330995198,10.104244114920125,346.1315845209144,0,0
2,639,7,False,76,131.0,977,19.219877751480343,33.23691760147634,288.8121373200115,0,0
2,640,8,False,21,125.5,1390,6.168669336564068,17.148950579251224,382.47300357533226,0,0
2,641,7,False,35,77.0,2050,9.171090905859458,44.03901170351105,445.4511850138185,0,0
2,642,8,False,40,237.0,1036,8.1154207310029,56.543573806766176,282.817450702181,0,0
2,643,5,False,20,311.0,1716,2.0589433663812127,96.49295967605771,397.7061747795409,0,0
2,644,6,False,43,116.0,1949,12.063405126321495,21.39041880559612,503.6349014043621,0,0
2,645,6,False,31,331.5,1143,8.067866886261779,82.63196664010593,233.51176719758524,0,0
2,646,5,False,3,435.0,1167,1.013003901170351,81.92098871119194,349.7653906650355,0,0
2,647,7,False,26,80.0,2141,4.17313109650435,9.150015107037806,548.3649119792885,0,0
2,648,5,False,10,137.0,2089,3.026007802340702,26.358884715528553,531.1357293292772,0,0
2,649,8,False,45,189.5,935,9.141428533343602,38.89868139257267,256.49192736180765,0,0
2,650,8,False,15,126.5,1507,4.132930824577669,12.352595670500694,424.3888595963755,0,0
2,651,8,False,21,135.5,1409,6.168669336564068,21.90480196450735,384.51932441919365,0,0
2,652,5,False,57,82.0,2072,11.169476526329197,16.16866933656407,537.9902204146438,0,0
2,653,6,False,22,67.0,2165,14.158087004689106,21.022756827048113,512.5434008904266,0,0
2,654,8,False,57,116.5,977,14.134926582758427,26.678209356884516,288.8121373200115,0,0
2,655,5,False,27,49.0,1766,10.095914879247374,12.048361034506252,406.81675237195304,0,0
2,656,5,False,18,57.0,1668,3.05771036550145,12.104457020477442,374.53992701227224,0,0
2,657,6,False,30,58.5,2263,6.061790746791235,10.598762259657395,569.5011159953908,0,0
2,658,6,False,33,83.0,1988,6.052441415796038,11.109535280857607,509.9841442751732,0,0
2,659,6,False,43,121.0,1617,8.162167385978892,41.64935417413379,367.794780518438,0,0
2,660,7,False,37,55.0,1121,6.051208414916275,13.05851755526658,334.2612421539674,0,0
2,661,6,False,24,155.0,1160,8.009349330995198,37.414532674153044,291.6134242322811,0,0
2,662,5,False,51,83.0,2248,12.074368836846954,14.143894535103128,556.581986782823,0,0
2,663,5,False,10,209.0,1603,3.026007802340702,52.54663409273351,419.6287134431901,0,0
2,664,7,False,15,70.0,2047,3.0914531193070904,11.578806899473031,550.8479402590709,0,0
2,665,7,False,43,105.0,1146,9.403546747395517,28.05851755526658,342.8082346685782,0,0
2,666,8,False,21,136.5,1331,11.0353571333359,21.90297467941977,342.54779822329385,0,0
2,667,6,False,35,101.5,1832,8.175978476914374,15.267218690664148,443.8647320278088,0,0
2,668,7,False,30,69.0,2141,4.0735616470818234,12.173175528968486,548.3612574091134,0,0
2,669,7,False,45,252.0,948,9.141428533343602,55.72384557052765,268.6471669860867,0,0
2,670,5,False,20,364.0,1213,2.0589433663812127,135.68075348572683,295.90814106418713,0,0
2,671,5,False,57,82.0,2072,11.17232390673922,16.16866933656407,537.9959151754638,0,0
2,672,6,False,21,71.0,2158,14.158087004689106,21.022756827048113,512.5490956512466,0,0
2,673,5,False,3,435.0,1167,1.013003901170351,81.93033804218715,349.7653906650355,0,0
2,674,7,False,67,286.0,887,8.269471786866356,70.66124763397129,242.6378176550915,0,0
2,675,7,False,20,42.0,1490,5.071521456436931,10.095107689482242,322.13310707335205,0,0
2,676,8,False,21,125.5,1409,6.165014766388914,17.148950579251224,384.52217179960365,0,0
2,677,6,False,58,177.0,1215,9.132079202348404,30.460046328249273,291.8409451081338,0,0
2,678,6,False,40,195.5,1351,8.063405126321495,51.42755879155547,356.56891845457966,0,0
2,679,5,False,27,49.0,1766,10.095914879247374,12.048361034506252,406.8261017029482,0,0
2,680,5,False,35,54.0,2265,8.175978476914374,14.074368836846954,570.5893403556374,0,0
2,681,8,False,8,99.0,1443,4.310568113486438,13.665014766388914,416.3547354639194,0,0
2,682,7,False,30,51.0,1297,7.142661534223365,15.10160964006742,385.24173630221185,0,0
2,683,7,False,48,303.0,1372,14.093874688602481,30.18452061814444,366.74783317683233,0,0
2,684,7,False,26,80.0,2141,4.166629145919175,9.14432034621776,548.3641047895234,0,0
2,685,7,False,36,45.0,1490,7.089412928662198,12.080063597667,322.1180629815368,0,0
2,686,6,False,33,83.0,1988,6.052441415796038,11.109535280857607,509.97114037400286,0,0
2,687,7,False,45,211.0,948,9.141428533343602,37.54910009449304,268.6435124159116,0,0
2,688,6,False,31,67.0,2214,11.090220118427327,14.089009333779632,540.5795652135276,0,0
2,689,7,False,46,416.0,937,15.126810252642992,96.06441300271631,181.07324469550431,0,0
2,690,5,False,29,51.0,2346,11.088605738897067,13.1154207310029,564.6417373389694,0,0
2,691,5,False,10,209.0,1603,3.026007802340702,52.54948147314354,419.625058873015,0,0
2,692,8,False,15,127.5,1507,4.132930824577669,9.824951272397664,424.38805240661037,0,0
2,693,8,False,21,103.0,1063,6.037397323980794,12.776399548566165,257.29482865360745,0,0
2,694,7,False,41,107.0,1651,9.175978476914374,30.194251327790138,372.84071998364885,0,0
2,695,7,False,35,54.0,2156,6.077216217256977,13.096722069012504,526.4694134322301,0,0
2,696,5,False,20,364.0,1213,2.0654453169663882,135.68360086613683,295.8959443527819,0,0
2,697,7,False,32,73.0,2050,9.171090905859458,23.0260078023407,445.44753044364336,0,0
2,698,4,False,10,55.0,2405,3.026007802340702,12.209911920045261,589.6645163822495,0,0
2,699,6,False,26,164.5,1617,8.07925640790187,46.74994371887877,367.79397332867285,0,0
2,700,7,False,27,316.0,944,8.019505851755527,51.87428648868009,243.82480427499547,0,0
2,701,6,False,43,116.0,1949,12.063405126321495,21.385744140098524,503.6556402569974,0,0
2,702,5,False,42,44.0,2346,11.077216217256977,13.1154207310029,564.6388899585593,0,0
2,703,7,False,31,195.0,1027,20.03250975292588,62.299089726918076,215.9077152530725,0,0
2,704,7,False,50,137.0,1864,7.099569449422526,16.073987458196456,514.6324798350666,0,0
2,705,5,False,56,70.0,1998,12.17151671697409,21.100376639187655,519.0727055816061,0,0
2,706,5,False,3,111.0,2113,1.013003901170351,27.15158505410393,524.0926816769404,0,0
2,707,5,False,27,53.0,2171,10.093067498837351,12.048361034506252,547.140616900332,0,0
2,708,6,False,31,101.5,1832,8.179633047089526,15.263967715371558,443.86553921757394,0,0
2,709,7,False,27,292.0,1390,7.005694760820045,51.88078843926527,395.819265768341,0,0
2,710,6,False,31,71.0,1419,10.009349330995198,16.64631610439852,346.4259199741699,0,0
2,711,6,False,36,95.5,1793,2.1227298713532057,18.754214789493794,519.277719933292,0,0
2,712,7,False,26,62.0,2005,6.061790746791235,11.008542141230068,494.4624856705303,0,0
2,713,5,False,57,82.0,2229,11.175171287149244,16.16866933656407,557.4844575240454,0,0
2,714,5,False,72,196.0,1483,17.14997067457367,32.392157225755426,404.5032250563552,0,0
2,715,5,False,3,118.0,2135,1.013003901170351,16.22841989271041,556.8557196429999,0,0
2,716,6,False,24,155.0,1160,8.009349330995198,37.414532674153044,291.6134242322811,0,0
2,717,8,False,17,71.5,1986,2.059750556146343,9.85603733511853,556.58658480232,0,0
2,718,8,False,42,150.5,1215,7.089412928662198,43.68347830658993,242.85314181953902,0,0
2,719,7,False,45,168.0,1301,9.141428533343602,34.342652055297684,347.36123741450456,0,0
2,720,4,False,10,55.0,2405,3.026007802340702,12.209911920045261,589.6730585234797,0,0
2,721,5,False,20,498.0,943,2.0654453169663882,78.2615561433806,251.09488256499728,0,0
2,722,6,False,58,177.0,1215,9.132079202348404,30.460046328249273,291.83729053795867,0,0
2,723,5,False,29,51.0,2346,11.088605738897067,13.121922681588076,564.6352353883842,0,0
2,724,7,False,50,141.0,1697,7.0930674988373505,24.26539140557657,478.36504823884525,0,0
2,725,5,False,72,196.0,1483,17.14997067457367,32.392157225755426,404.4975302955351,0,0
2,726,5,False,57,82.0,2072,11.178018667559266,16.16866933656407,537.9857586547034,0,0
2,727,6,False,59,362.0,944,7.254427695051112,70.15151692432559,243.82480427499547,0,0
2,728,8,False,17,70.0,1989,2.059750556146343,9.852786359825943,556.625596505831,0,0
2,729,8,False,41,312.0,841,7.070714266671801,86.42611288511839,157.01363039891467,0,0
2,730,8,False,36,133.0,770,7.097955069892266,19.69144837984425,213.50735283227337,0,0
2,731,8,False,41,140.5,1409,6.167862146798937,26.891988752662247,384.5112080890782,0,0
2,732,5,False,31,58.0,2265,8.179633047089526,14.074368836846954,570.5633325532967,0,0
2,733,6,False,14,68.0,2247,5.028855182750725,8.57987290834175,577.505533322867,0,0
2,734,7,False,67,122.0,1488,21.162974575744023,33.07436883684695,331.5981076213525,0,0
2,735,5,False,20,480.0,1287,2.0654453169663882,84.21642386793486,375.08441205482376,0,0
2,736,6,False,21,71.0,2158,14.158087004689106,21.022756827048113,512.540172131366,0,0
2,737,6,False,38,205.0,1332,8.059750556146343,57.420036745647835,344.57015145545944,0,0
2,738,7,False,27,316.0,944,7.005694760820045,51.87713386909011,243.82480427499547,0,0
2,739,4,False,10,55.0,2405,3.026007802340702,12.20848822984025,589.6629020027193,0,0
2,740,6,False,31,71.0,2213,10.009349330995198,16.64773979460353,539.543782269077,0,0
2,741,5,False,56,300.0,1402,12.17151671697409,69.50477500881244,400.7383949809089,0,0
2,742,6,False,44,111.5,1800,9.04551365409623,23.298921253824894,514.4163010862256,0,0
2,743,8,False,45,206.5,935,9.141428533343602,48.866171639646794,256.47811627087214,0,0
2,744,5,False,22,123.0,1983,7.051208414916275,24.25319469417135,527.8008122254444,0,0
2,745,6,False,29,65.0,2208,5.199183331309188,10.640621343578472,568.4303572962549,0,0
2,746,6,False,31,72.0,2213,10.009349330995198,17.13839046360833,539.543782269077,0,0
2,747,6,False,33,83.0,1988,6.052441415796038,11.110958971062617,509.9768351348229,0,0
2,748,7,False,72,277.0,967,16.19709870820016,63.487690726352305,222.4890325867692,0,0
2,749,7,False,42,141.0,1347,8.118268111412922,29.478341395357106,360.4022893086605,0,0
2,750,6,False,24,155.0,1160,8.009349330995198,37.41595636435805,291.6134242322811,0,0
2,751,5,False,10,209.0,1603,3.026007802340702,52.54663409273351,419.630753633835,0,0
2,752,7,False,41,107.0,1651,9.181673237734419,33.07436883684695,372.8370654134737,0,0
2,753,5,False,29,51.0,2346,11.088605738897067,13.121922681588076,564.628733437799,0,0
2,754,7,False,36,77.0,2050,9.171090905859458,44.03901170351105,445.4467232538782,0,0
2,755,8,False,21,109.0,1784,6.037397323980794,18.715819586422626,492.5166777254133,0,0
2,756,6,False,43,116.0,1949,11.24673717605031,21.811756681902068,503.64344354559216,0,0
2,757,6,False,55,78.5,1961,10.09306749883735,22.61765161097304,506.0804405330711,0,0
2,758,6,False,30,58.5,1631,6.061790746791235,10.595511284364807,477.5460505463712,0,0
2,759,5,False,3,255.0,1681,1.013003901170351,31.664476393031805,478.061541184451,0,0
2,760,5,False,32,91.0,1525,6.0662525067315185,32.103224019597675,404.6523885411637,0,0
2,761,5,False,72,382.0,1214,17.14997067457367,63.86365972434099,369.86879241448975,0,0
2,762,7,False,37,85.0,1861,7.1146135412377705,16.19709870820016,449.96795604740646,0,0
2,763,7,False,16,126.0,1659,5.054862985091427,42.17840004620976,350.52862635556045,0,0
2,764,6,False,33,81.0,1988,6.052441415796038,11.133715798110732,509.9768351348229,0,0
2,765,5,False,20,172.0,1934,2.0654453169663882,46.38081213657947,415.89392415674587,0,0
2,766,6,False,58,193.5,1215,9.132079202348404,44.37734825572957,291.8250938265534,0,0
2,767,6,False,35,312.0,1259,8.178825857324396,55.21207467023706,344.2470496843814,0,0
2,768,8,False,21,135.5,1409,6.167862146798937,21.90662924959492,384.5112080890782,0,0
2,769,6,False,13,80.5,2213,4.028855182750725,8.57987290834175,552.5226176053271,0,0
2,770,6,False,43,63.0,1419,12.063405126321495,15.604457020477442,346.41657064317474,0,0
2,771,8,False,27,151.5,1342,7.005694760820045,35.25848586010883,398.6058899674458,0,0
2,772,4,False,27,133.0,2232,6.067059696496648,20.867852667873255,569.3067758026725,0,0
2,773,6,False,33,81.0,2128,6.052441415796038,11.133715798110732,556.2592663903955,0,0
2,774,5,False,42,44.0,1540,11.077216217256977,13.121922681588076,399.790880829169,0,0
2,775,7,False,16,73.0,1659,5.054862985091427,17.168243525449434,350.53147373597045,0,0
2,776,8,False,38,103.0,1786,8.032509752925877,37.23632331726853,388.17891027900623,0,0
2,777,5,False,10,116.0,2134,3.026007802340702,16.22841989271041,555.8565268327651,0,0
2,778,6,False,38,312.0,1259,8.169476526329197,55.21207467023706,344.2377003533862,0,0
2,779,8,False,25,155.0,1429,8.026007802340702,37.21762465527813,339.9278920350365,0,0
2,780,5,False,36,382.0,1214,4.091027308192458,63.866507104751015,369.86879241448975,0,0
2,781,6,False,55,78.5,1961,10.09306749883735,22.61765161097304,506.07393858248594,0,0
2,782,4,False,27,57.0,2384,6.067059696496648,9.192042664052064,592.6547412401397,0,0
2,783,8,False,25,155.0,1561,8.026007802340702,30.241401577648695,376.31027411868206,0,0
2,784,7,False,32,55.0,1830,15.032509752925877,24.039011703511054,423.56517205731194,0,0
2,785,6,False,56,67.0,2128,7.09064592954196,10.591856714189657,556.2584592006303,0,0
2,786,7,False,25,275.0,990,9.041859083921077,59.866507104751015,260.6459784176711,0,0
2,787,7,False,27,306.0,944,7.005694760820045,47.919374331661686,243.82480427499547,0,0
2,788,8,False,17,71.5,1986,2.059750556146343,9.852786359825943,556.58658480232,0,0
2,789,5,False,50,88.0,1998,11.074368836846954,23.135733772523558,519.0531997298506,0,0
2,790,5,False,3,109.0,2107,1.013003901170351,24.13858115293358,512.9280927216662,0,0
2,791,6,False,50,75.5,2012,14.05851755526658,26.097529258777634,436.29717839041916,0,0
2,792,6,False,31,71.0,1419,10.009349330995198,16.64773979460353,346.4157634534096,0,0
2,793,5,False,20,172.0,1934,2.0654453169663882,46.38081213657947,415.8874222061607,0,0
2,794,7,False,42,141.0,1347,8.118268111412922,29.478341395357106,360.3864380270801,0,0
2,795,5,False,32,77.0,2286,6.0662525067315185,21.09306749883735,542.6962189454102,0,0
2,796,5,False,42,44.0,1540,11.080063597667,13.1154207310029,399.7815314981738,0,0
2,797,7,False,37,74.0,1861,7.1146135412377705,16.19709870820016,449.9549521462361,0,0
2,798,4,False,39,63.0,2360,10.132079202348404,12.595511284364807,581.7762825430773,0,0
2,799,6,False,14,115.5,1491,3.041859083921076,12.274359357921272,367.02252948093997,0,0
2,800,5,False,10,209.0,1603,3.026007802340702,52.54948147314354,419.6270990636599,0,0
2,801,5,False,72,196.0,1483,17.14997067457367,32.392157225755426,404.4946829151251,0,0
2,802,4,False,27,133.0,2232,6.067059696496648,20.869276358078267,569.3031212324973,0,0
2,803,6,False,36,78.5,1961,7.1223484927027085,22.61765161097304,506.07028401231076,0,0
2,804,8,False,38,103.0,1786,8.032509752925877,36.57802340702211,388.1659063778359,0,0
2,805,6,False,38,261.5,1219,8.059750556146343,58.62081224025522,342.16860046624464,0,0
2,806,5,False,32,329.0,1639,6.069099887141541,44.668264260599365,458.03264156923615,0,0
2,807,6,False,33,83.0,1988,6.052441415796038,11.110958971062617,509.9695259944726,0,0
2,808,6,False,59,362.0,944,7.257275075461135,70.14968963923802,243.82480427499547,0,0
2,809,6,False,31,312.0,1259,8.179633047089526,55.21207467023706,344.23404578321106,0,0
2,810,4,False,59,95.5,2275,14.13696677340332,22.642448628666045,557.6832150442399,0,0
2,811,7,False,11,62.0,2051,4.039011703511053,11.008542141230068,530.9654011807187,0,0
2,812,8,False,38,103.0,1786,8.032509752925877,36.57802340702211,388.16875375824594,0,0
2,813,7,False,21,71.0,1276,6.037397323980794,11.070714266671802,373.5831553566298,0,0
2,814,5,False,10,167.0,1957,3.026007802340702,34.58811179800409,501.5561596725031,0,0
2,815,8,False,25,137.5,1429,8.028855182750725,37.21762465527813,339.92058289468616,0,0
2,816,8,False,11,74.5,1986,2.059750556146343,9.735538343735467,556.5857776125548,0,0
2,817,6,False,55,78.5,1961,10.09306749883735,22.61765161097304,506.0637820617256,0,0
2,818,5,False,42,81.0,2186,7.075601837726717,29.225953890950883,528.6043844474527,0,0
2,819,4,False,27,57.0,2384,6.067059696496648,9.193466354257074,592.6417373389694,0,0
2,820,8,False,25,184.0,1429,8.028855182750725,40.826543435695854,339.92058289468616,0,0
2,821,6,False,58,91.5,1964,9.132079202348404,16.749562340228266,503.51548915699766,0,0
2,822,5,False,50,88.0,1998,11.080063597667,23.135733772523558,519.0495451596755,0,0
2,823,6,False,13,80.5,2213,4.028855182750725,8.581296598546762,552.5210032257969,0,0
2,824,8,False,38,103.0,1786,8.032509752925877,37.23774700747354,388.17160113865594,0,0
2,825,7,False,48,88.0,1513,10.117886732762425,16.21622318130519,363.2444474230652,0,0
2,826,6,False,29,48.0,2266,8.059750556146343,10.635330177640991,561.443831441004,0,0
2,827,5,False,3,435.0,1089,1.013003901170351,81.93318542259716,326.6138056109316,0,0
2,828,5,False,31,58.0,1522,8.179633047089526,14.077216217256977,375.76980503034736,0,0
2,829,6,False,14,115.5,1491,3.041859083921076,12.271108382628684,367.02252948093997,0,0
2,830,8,False,17,70.0,1989,2.059750556146343,9.849535384533356,556.6247893160659,0,0
2,831,8,False,41,150.0,1390,6.167862146798937,27.911898199300335,382.4612326750417,0,0
2,832,6,False,58,186.5,1196,9.132079202348404,30.9885201323495,290.7514877470075,0,0
2,833,4,False,27,281.0,1936,6.067059696496648,60.2667025335391,490.4944577906402,0,0
2,834,7,False,44,478.0,665,6.153625244748824,95.43273591416833,176.29725022290287,0,0
2,835,7,False,19,171.0,948,5.026007802340702,35.47549401494708,268.63620327556123,0,0
2,836,5,False,10,195.0,1969,3.026007802340702,62.62019573981534,464.73180120323116,0,0
2,837,5,False,42,44.0,2346,11.1154207310029,13.108918780417724,564.6299664386787,0,0
2,838,8,False,38,92.0,1903,8.032509752925877,25.10403120936281,417.387017130196,0,0
2,839,8,False,17,71.5,1986,2.0495940353860145,9.736962033940479,556.5849704227898,0,0
2,840,5,False,32,113.0,1483,4.084525357607282,29.23776922370561,404.48167901395476,0,0
2,841,8,False,25,137.5,1429,8.028855182750725,37.219048345483145,339.91692832451105,0,0
2,842,5,False,39,77.0,2286,7.075601837726717,22.10322401959768,542.69175718547,0,0
2,843,5,False,56,70.0,1998,12.17151671697409,21.100376639187655,519.0487379699103,0,0
2,844,6,False,43,116.0,1949,11.237387845055112,21.815007657194656,503.64467654647194,0,0
2,845,4,False,39,63.0,2360,10.132079202348404,12.59693497456982,581.7746681635471,0,0
2,846,6,False,31,312.0,1259,8.179633047089526,55.21492205064708,344.2238892624507,0,0
2,847,6,False,24,204.5,1557,12.015851281580375,40.460090760713406,398.9643933043239,0,0
2,848,4,False,27,133.0,2232,6.067059696496648,20.869276358078267,569.2921575219718,0,0
2,849,7,False,42,168.0,1347,9.144275913753624,34.342652055297684,360.385630837315,0,0
2,850,8,False,25,153.5,1429,8.028855182750725,37.53749766729563,339.911233563691,0,0
2,851,8,False,38,103.0,1786,8.032509752925877,36.57802340702211,388.17160113865594,0,0
2,852,7,False,21,71.0,1510,6.037397323980794,11.070714266671802,432.7412423613189,0,0
2,853,4,False,59,95.5,2275,14.13696677340332,22.642448628666045,557.6795604740648,0,0
2,854,5,False,42,81.0,2186,7.075601837726717,29.235303221946083,528.6007298772776,0,0
2,855,6,False,56,67.0,2128,7.09064592954196,10.591856714189657,556.2474954901049,0,0
2,856,7,False,25,318.0,628,9.041859083921077,84.61815554917045,195.05829243078162,0,0
2,857,7,False,44,478.0,660,6.153625244748824,96.44004505451863,175.28424632173252,0,0
2,858,5,False,56,121.0,1581,12.17151671697409,17.347113815237964,452.8924016043082,0,0
2,859,5,False,3,217.0,1935,1.013003901170351,46.77994155649884,466.7045604000107,0,0
2,860,7,False,25,216.0,990,9.041859083921077,48.52793543074312,260.65167317849114,0,0
2,861,8,False,20,64.5,1989,2.0625979365563656,9.814178251197454,556.6239821263008,0,0
2,862,7,False,16,126.0,1659,5.054862985091427,42.17840004620976,350.5213172152101,0,0
2,863,5,False,32,382.0,1214,4.084525357607282,63.86081234393097,369.85294113290934,0,0
2,864,5,False,45,64.0,1746,12.108918780417724,22.12396287223297,433.1526129251076,0,0
2,865,5,False,41,183.0,1472,15.083718167842152,53.27597373745153,369.63934020752924,0,0
2,866,5,False,50,395.0,1573,10.132079202348404,61.101003136931965,469.88033819029533,0,0
2,867,5,False,10,167.0,1957,3.026007802340702,34.59461374858927,501.555352482738,0,0
2,868,5,False,32,260.0,1196,13.086991359366808,54.566184376953174,348.4474215841062,0,0
2,869,5,False,42,81.0,2186,7.075601837726717,29.235303221946083,528.6007298772776,0,0
2,870,7,False,65,137.0,1519,7.141854344458235,27.27474073657177,431.7700975440696,0,0
2,871,8,False,21,116.5,1784,6.037397323980794,18.25141184154791,492.5077542055327,0,0
2,872,5,False,42,44.0,2346,11.1154207310029,13.108918780417724,564.6234644880935,0,0
2,873,6,False,31,72.0,1419,10.009349330995198,17.135139488315744,346.42145821422963,0,0
2,874,5,False,45,64.0,1746,12.108918780417724,22.12396287223297,433.15830768592764,0,0
2,875,4,False,10,55.0,2405,3.026007802340702,12.209911920045261,589.6482837220186,0,0
2,876,4,False,39,63.0,2360,10.132079202348404,12.59693497456982,581.7746681635471,0,0
2,877,8,False,27,151.5,1342,7.008542141230069,35.261736835401415,398.59858082709553,0,0
2,878,5,False,27,79.0,2240,13.072754457316694,27.071140077786435,529.5214734693757,0,0
2,879,5,False,55,83.0,1998,12.17151671697409,17.13858115293358,519.03003930792,0,0
2,880,5,False,20,289.0,1686,2.0719472675515638,55.812451309424716,444.14572959587196,0,0
2,881,6,False,14,115.5,1491,3.041859083921076,12.275379453243719,367.0123729601796,0,0
2,882,6,False,31,312.0,1259,8.179633047089526,55.21776943105711,344.2210418820407,0,0
2,883,4,False,59,95.5,2275,14.13696677340332,22.642448628666045,557.6722513337145,0,0
2,884,6,False,40,116.0,1912,11.065445316966388,21.38106947460092,499.54145252687425,0,0
2,885,5,False,3,255.0,1681,1.013003901170351,31.67017115385185,478.03391900258003,0,0
2,886,8,False,25,153.5,1429,8.028855182750725,37.54074864258822,339.9104263739259,0,0
2,887,5,False,45,64.0,2188,12.108918780417724,22.12396287223297,530.3211015696509,0,0
2,888,5,False,56,76.0,1967,9.191874190958883,13.184094807029808,526.7577201406435,0,0
2,889,5,False,32,167.0,1429,4.084525357607282,32.394667659979085,401.3219331972713,0,0
2,890,7,False,46,119.0,1798,14.052015604681404,32.19629151843503,405.1842236611758,0,0
2,891,8,False,24,64.5,1989,2.0625979365563656,9.736962033940479,556.6174801757156,0,0
2,892,5,False,55,83.0,1998,12.17151671697409,17.13858115293358,519.0271919275099,0,0
2,893,5,False,39,70.0,2240,13.167436335684304,27.071140077786435,529.5186260889657,0,0
2,894,5,False,10,195.0,1969,3.026007802340702,62.62019573981534,464.7261064424111,0,0
2,895,6,False,31,155.0,1143,8.067866886261779,37.4216511251781,291.59961314134557,0,0
2,896,8,False,42,150.5,1215,7.089412928662198,36.28226278247939,242.8263268274332,0,0
2,897,5,False,72,86.0,1497,11.217456182184952,20.203600658785334,412.5466985198065,0,0
2,898,8,False,31,101.0,1785,10.054862985091427,28.673321785829597,383.9793900015107,0,0
2,899,5,False,21,67.0,1981,4.067059696496648,16.03374275380564,534.0470347254518,0,0
2,900,5,False,39,77.0,2286,7.075601837726717,22.10322401959768,542.6694039533045,0,0
2,901,4,False,59,95.5,2275,14.13696677340332,22.642448628666045,557.6629020027193,0,0
2,902,7,False,26,84.0,2127,4.1694765263291975,11.089412928662197,547.3291734673021,0,0
2,903,8,False,20,105.5,1564,2.0625979365563656,9.817429226490043,432.6091631589705,0,0
2,904,7,False,19,171.0,948,5.026007802340702,35.47549401494708,268.62685394456605,0,0
2,905,5,False,10,116.0,2134,3.026007802340702,16.231267273120434,555.8455631222396,0,0
2,906,6,False,31,164.5,1673,8.179633047089526,22.466996306181148,464.0623483742161,0,0
2,907,7,False,24,160.0,1409,6.167862146798937,23.649476733680697,384.5059391393728,0,0
2,908,8,False,25,190.5,1429,8.028855182750725,41.578740250776825,339.9039244233407,0,0
2,909,4,False,27,141.0,2216,6.067059696496648,39.320680201782636,532.3633420322225,0,0
2,910,5,False,32,329.0,1639,6.069099887141541,44.668264260599365,458.0029791967203,0,0
2,911,8,False,33,244.0,667,7.095914879247373,71.46161479423326,181.24770061998098,0,0
2,912,5,False,27,79.0,2240,13.072754457316694,27.071140077786435,529.5019676176202,0,0
2,913,8,False,33,140.5,1409,6.193062759374509,26.886910492282084,384.5059391393728,0,0
2,914,8,False,25,125.5,1561,8.028855182750725,19.34163195997524,376.2956558379815,0,0
2,915,8,False,33,244.0,660,7.095914879247373,74.44659291865008,175.27774437114735,0,0
2,916,5,False,27,73.0,2276,13.072754457316694,16.160127195334,545.5881073547577,0,0
2,917,6,False,31,177.5,1265,8.067866886261779,34.45133571392602,388.0690310168221,0,0
2,918,7,False,20,136.0,1564,2.0719472675515638,13.435719554135034,432.6026612083853,0,0
2,919,5,False,57,62.0,2280,8.080063597667,14.130464822818144,566.7905194451274,0,0
2,920,5,False,30,103.0,2206,5.006501950585175,11.371507238048407,575.4080484965535,0,0
2,921,4,False,27,57.0,2384,6.067059696496648,9.198141019754674,592.6055730158683,0,0
2,922,5,False,32,329.0,1639,6.069099887141541,44.66541688018934,458.0029791967203,0,0
2,923,5,False,3,255.0,1681,1.013003901170351,31.663669203266675,478.0209151014097,0,0
2,924,5,False,55,83.0,1998,12.17151671697409,17.13858115293358,519.0113406459295,0,0
2,925,6,False,56,72.5,1756,17.05851755526658,25.58371816784215,363.76435538862114,0,0
2,926,8,False,25,159.0,1561,8.028855182750725,23.384298233661443,376.30500516897666,0,0
2,927,5,False,27,79.0,1341,13.072754457316694,27.06829269737641,297.6458865905785,0,0
2,928,5,False,72,86.0,1497,11.217456182184952,20.203600658785334,412.5523932806266,0,0
2,929,5,False,57,82.0,2229,11.178018667559266,16.16866933656407,557.4401768708289,0,0
2,930,4,False,39,63.0,2360,10.132079202348404,12.593683999277232,581.7616642623767,0,0
2,931,4,False,33,68.0,2356,10.046746654975992,15.151797959661247,576.7307688889811,0,0
2,932,6,False,38,393.0,1001,8.059750556146343,110.21162664289037,193.3427164823707,0,0
2,933,7,False,24,160.0,1409,6.167862146798937,40.36130628482395,384.515288470368,0,0
2,934,5,False,32,330.0,1639,6.069099887141541,36.716625295105615,458.00582657713034,0,0
2,935,6,False,33,83.0,2128,6.052441415796038,11.110958971062617,556.2178331175891,0,0
2,936,7,False,27,233.0,1449,8.019505851755527,51.84908587610452,408.75709364289924,0,0
2,937,6,False,25,109.5,1801,8.039011703511052,29.237959913030856,408.85865588833826,0,0
2,938,4,False,10,55.0,2405,3.026007802340702,12.213162895337849,589.6259304898531,0,0
2,939,5,False,39,70.0,2240,13.167436335684304,27.06829269737641,529.5019676176202,0,0
2,940,8,False,36,133.0,770,7.097955069892266,19.68677371434665,213.5102002126834,0,0
2,941,8,False,29,145.5,1308,10.04551365409623,28.658916410686306,314.90141398911703,0,0
2,942,7,False,19,87.0,1347,5.026007802340702,18.12923182193838,360.3559684647991,0,0
2,943,4,False,39,63.0,2360,10.132079202348404,12.593683999277232,581.7458129807962,0,0
2,944,7,False,35,121.0,1564,5.089412928662198,11.381663758808736,432.6026612083853,0,0
2,945,6,False,57,101.0,1800,7.208914040954883,16.203409969460086,514.4073775663451,0,0
2,946,6,False,56,72.5,1756,17.05851755526658,25.58371816784215,363.7485041070408,0,0
2,947,4,False,33,70.5,2351,10.046746654975992,20.614209946355203,565.7900936340128,0,0
2,948,7,False,27,233.0,1449,7.008542141230069,51.84623849569449,408.75059169231406,0,0
2,949,4,False,27,141.0,2216,6.067059696496648,39.31885291669506,532.3633420322225,0,0
2,950,6,False,68,222.0,1135,14.119075301178054,84.83791074110388,258.2935038256352,0,0
2,951,6,False,24,134.0,1559,11.141428533343602,18.35461364491352,413.984324967194,0,0
2,952,8,False,25,153.5,1429,8.028855182750725,37.53749766729563,339.9059646139856,0,0
2,953,7,False,26,84.0,2127,4.1694765263291975,11.089412928662197,547.3210571371867,0,0
2,954,7,False,10,138.0,1564,4.013003901170351,13.432064983959881,432.6026612083853,0,0
2,955,7,False,42,169.0,1347,14.1154207310029,23.445068885130233,360.3624704153843,0,0
2,956,6,False,31,71.0,2213,10.009349330995198,16.645912509515952,539.512505517031,0,0
2,957,5,False,18,44.0,1668,3.05771036550145,12.071140077786435,374.51353783128104,0,0
2,958,4,False,27,133.0,2232,6.067059696496648,20.869276358078267,569.2653425298661,0,0
2,959,4,False,10,55.0,2405,3.026007802340702,12.213162895337849,589.6214687299129,0,0
2,960,6,False,56,71.5,1756,20.10241682983255,24.061768530559167,363.75704624827085,0,0
2,961,6,False,68,236.5,1213,14.119075301178054,55.601306388499694,282.9443498197523,0,0
2,962,7,False,39,89.0,2001,5.224339511420625,15.062597936556365,505.8537238848192,0,0
2,963,6,False,25,90.0,1391,8.041859083921077,22.747309244026056,398.28691301012174,0,0
2,964,7,False,33,135.0,1632,6.090220118427328,16.10241682983255,430.2708810365205,0,0
2,965,5,False,45,64.0,2188,12.108918780417724,22.121115491822945,530.3028287187751,0,0
2,966,5,False,72,86.0,1497,11.217456182184952,20.203600658785334,412.5552406610366,0,0
2,967,8,False,40,160.0,1465,14.121922681588076,29.945237358223416,348.9909157827075,0,0
2,968,7,False,39,89.0,1653,5.220684941245471,16.141428533343603,450.0355333821103,0,0
2,969,5,False,56,269.0,1525,12.167862146798937,29.46614468395188,440.7697161654191,0,0
2,970,6,False,43,63.0,1419,12.063405126321495,15.601206045184854,346.41495626364446,0,0
2,971,5,False,57,82.0,2072,11.178018667559266,16.16866933656407,537.9528675231271,0,0
2,972,5,False,32,91.0,2186,6.069099887141541,29.235303221946083,528.5694531252315,0,0
2,973,8,False,19,150.5,1215,6.039011703511053,38.31012008613973,242.81251573649772,0,0
2,974,7,False,25,460.0,614,9.0447064643311,104.05387510330549,155.02616405650625,0,0
2,975,4,False,59,95.5,2275,14.13696677340332,22.64387231887106,557.6482837220186,0,0
2,976,5,False,56,86.0,1768,7.080870787432129,15.295098210556562,463.2672264663454,0,0
2,977,7,False,56,285.0,936,9.135733772523556,67.48403615617715,217.38419418764127,0,0
2,978,7,False,61,169.0,1301,14.1154207310029,31.186134997674703,347.308414620058,0,0
2,979,5,False,42,44.0,1540,11.108918780417724,13.108918780417724,399.77260797829325,0,0
2,980,5,False,10,195.0,1969,3.026007802340702,62.60719183864499,464.7273394432909,0,0
2,981,8,False,52,306.0,817,9.223532321655494,81.03161221715034,154.20707453693967,0,0
2,982,5,False,41,72.0,2279,6.160934385099129,15.083718167842152,570.6235089205577,0,0
2,983,4,False,27,324.5,1849,6.067059696496648,62.23483149728517,486.53911982250713,0,0
2,984,6,False,52,101.5,2012,17.168243525449434,29.11155325527043,436.27078920942796,0,0
2,985,6,False,56,67.0,2128,7.09064592954196,10.591856714189657,556.2190661184688,0,0
2,986,7,False,25,318.0,628,9.0447064643311,84.60799902841012,195.0574852410165,0,0
2,987,5,False,36,301.0,1293,13.077216217256977,57.73238771175772,396.1669860867144,0,0
2,988,5,False,56,86.0,1967,7.080870787432129,15.297945590966584,526.7329453391826,0,0
2,989,8,False,98,176.5,1200,18.232500274000195,54.02793543074311,246.74503022888643,0,0
2,990,8,False,36,266.5,834,7.080870787432129,44.57022032577883,247.54522039983294,0,0
2,991,7,False,24,160.0,1409,6.161360196213762,23.64216759333039,384.51813585077804,0,0
2,992,7,False,37,68.0,1861,7.117460921647793,10.082910978077022,449.9257155848349,0,0
2,993,6,False,29,85.0,1988,6.036590134215663,11.118884611852804,509.94679138365655,0,0
2,994,5,False,27,73.0,2276,13.072754457316694,16.160127195334,545.5950351164574,0,0
2,995,8,False,33,244.0,660,7.095914879247373,79.96752246061062,175.27774437114735,0,0
2,996,6,False,56,72.5,1756,17.05851755526658,25.58371816784215,363.7554318687406,0,0
2,997,7,False,25,98.0,1197,9.0447064643311,21.153625244748824,309.2682143481313,0,0
2,998,8,False,19,150.5,1215,6.039011703511053,38.31012008613973,242.80886116632257,0,0
2,999,5,False,41,106.0,1499,15.083718167842152,25.199564709959684,371.71778942566596,0,0
2,1000,7,False,37,358.0,748,13.064212316086625,53.10071062320974,190.2383512889858,0,0
3,1,8,False,57,249.0,700,6.2990897269180754,53.273732119635895,175.94278283485045,0,0
3,2,8,False,57,249.0,700,6.2990897269180754,53.273732119635895,175.94278283485045,0,0
3,3,8,False,98,228.0,720,7.572171651495449,60.130039011703516,171.94278283485045,0,0
3,4,8,False,58,253.5,690,6.2990897269180754,53.78348504551366,175.94278283485045,0,0
3,5,8,False,107,268.5,652,7.572171651495449,53.146944083224966,175.94278283485045,0,0
3,6,8,False,110,263.5,592,9.559167750325097,57.20221066319896,162.79323797139142,0,0
3,7,8,False,57,235.0,700,6.2990897269180754,68.6592977893368,159.89726918075422,0,0
3,8,8,False,97,291.5,652,10.48114434330299,51.91937581274382,175.94278283485045,0,0
3,9,8,False,97,229.0,690,7.572171651495449,58.1371911573472,175.94278283485045,0,0
3,10,8,False,97,333.5,530,10.48114434330299,73.81534460338102,133.98829648894667,0,0
3,11,8,False,58,235.0,727,10.48114434330299,68.6592977893368,165.54096228868661,0,0
3,12,8,False,110,263.5,652,9.559167750325097,51.64369310793238,175.94278283485045,0,0
3,13,8,False,97,252.0,720,10.48114434330299,60.130039011703516,171.94278283485045,0,0
3,14,8,False,57,252.5,652,6.2990897269180754,58.26397919375813,175.94278283485045,0,0
3,15,8,False,58,212.5,727,16.84525357607282,49.05266579973993,190.94278283485045,0,0
3,16,8,False,97,255.0,652,14.825747724317296,56.90962288686606,175.94278283485045,0,0
3,17,8,False,89,204.0,818,7.572171651495449,59.68270481144343,212.9817945383615,0,0
3,18,8,False,58,295.0,727,16.84525357607282,73.81534460338102,165.54096228868661,0,0
3,19,8,False,57,290.0,652,6.2990897269180754,58.26397919375813,175.94278283485045,0,0
3,20,8,False,170,245.5,671,14.825747724317296,68.6592977893368,159.89726918075422,0,0
3,21,8,False,114,253.0,652,16.84525357607282,51.91937581274382,175.94278283485045,0,0
3,22,8,False,63,230.0,689,7.572171651495449,58.19570871261378,190.94278283485045,0,0
3,23,8,False,58,224.5,727,14.825747724317296,68.6592977893368,165.54096228868661,0,0
3,24,8,False,97,253.0,652,16.84525357607282,56.90962288686606,175.94278283485045,0,0
3,25,8,False,57,249.0,700,6.2990897269180754,58.26397919375813,175.94278283485045,0,0
3,26,8,False,63,242.0,689,16.84525357607282,58.90637191157347,190.94278283485045,0,0
3,27,8,False,110,235.0,671,9.559167750325097,68.6592977893368,159.89726918075422,0,0
3,28,8,False,96,212.5,689,14.825747724317296,59.224317295188555,175.94278283485045,0,0
3,29,8,False,97,265.0,652,7.572171651495449,57.62743823146944,175.94278283485045,0,0
3,30,8,False,107,234.0,726,7.325097529258778,60.67880364109233,183.99479843953185,0,0
3,31,8,False,63,206.0,700,17.279583875162547,47.48764629388817,190.94278283485045,0,0
3,32,8,False,53,227.0,948,14.123537061118336,65.21456436931079,245.64499349804942,0,0
3,33,8,False,96,212.5,689,16.84525357607282,57.659297789336804,159.91677503250975,0,0
3,34,8,False,63,286.5,655,18.266579973992197,73.23537061118336,152.29388816644993,0,0
3,35,8,False,15,219.0,670,4.026007802340702,67.48179453836151,178.81274382314695,0,0
3,36,8,False,53,227.0,948,14.123537061118336,65.21456436931079,245.64499349804942,0,0
3,37,8,False,107,336.0,457,14.312093628088427,67.26723016905072,144.5786736020806,0,0
3,38,8,False,53,150.5,948,14.123537061118336,52.683355006501955,245.64499349804942,0,0
3,39,8,False,63,286.5,655,18.266579973992197,73.23537061118336,152.29388816644993,0,0
3,40,8,False,53,178.5,948,14.123537061118336,62.13459037711314,245.64499349804942,0,0
3,41,8,False,58,206.5,1032,6.273081924577373,65.35825747724317,271.3394018205462,0,0
3,42,8,False,53,227.0,948,14.123537061118336,65.21456436931079,245.64499349804942,0,0
3,43,8,False,58,206.5,1032,6.273081924577373,65.35825747724317,271.3394018205462,0,0
3,44,8,False,53,178.5,948,14.123537061118336,62.13459037711314,245.64499349804942,0,0
3,45,8,False,62,206.5,1032,7.286085825747724,65.35825747724317,271.3394018205462,0,0
3,46,8,False,63,286.5,655,18.266579973992197,73.23537061118336,152.29388816644993,0,0
3,47,8,False,61,178.5,940,16.04551365409623,62.13459037711314,243.72301690507152,0,0
3,48,8,False,84,206.5,1032,25.331599479843952,56.18270481144343,271.3394018205462,0,0
3,49,8,False,53,150.5,948,14.123537061118336,52.683355006501955,245.64499349804942,0,0
3,50,8,False,62,206.5,1032,7.286085825747724,62.851755526657996,271.3394018205462,0,0
3,51,8,False,61,192.5,940,16.04551365409623,64.12808842652797,243.72301690507152,0,0
3,52,8,False,62,206.5,1032,7.286085825747724,65.35825747724317,271.3394018205462,0,0
3,53,8,False,13,325.0,740,4.052015604681404,48.99804941482445,232.73472041612484,0,0
3,54,8,False,53,227.0,948,14.123537061118336,65.21456436931079,245.64499349804942,0,0
3,55,8,False,84,206.5,1032,9.40962288686606,56.18270481144343,271.3394018205462,0,0
3,56,8,False,63,286.5,655,18.266579973992197,73.23537061118336,152.29388816644993,0,0
3,57,8,False,61,151.5,940,16.04551365409623,43.09427828348504,243.72301690507152,0,0
3,58,8,False,84,206.5,1032,9.412470267276083,53.676202860858254,271.3394018205462,0,0
3,59,8,False,126,269.0,626,49.18205461638492,68.13211289696704,143.0663198959688,0,0
3,60,8,False,13,325.0,740,4.052015604681404,48.99947310502946,232.73472041612484,0,0
3,61,8,False,62,266.0,840,7.286085825747724,58.312743823146945,220.34590377113133,0,0
3,62,8,False,53,176.0,948,14.123537061118336,59.17555266579974,245.64499349804942,0,0
3,63,8,False,13,288.0,740,4.052015604681404,53.997399219765924,232.73472041612484,0,0
3,64,8,False,42,263.0,684,11.078023407022107,70.8223397543181,164.31989596879063,0,0
3,65,8,False,29,226.5,1087,11.078023407022107,53.094524883660995,290.6970091027308,0,0
3,66,8,False,65,288.0,568,7.1820546163849155,77.10793237971392,143.44213263979194,0,0
3,67,8,False,29,219.5,1087,11.078023407022107,47.07501903190547,290.6970091027308,0,0
3,68,8,False,61,225.5,940,16.04551365409623,66.23081924577373,243.72301690507152,0,0
3,69,8,False,13,325.0,740,4.052015604681404,50.0311756681902,232.73472041612484,0,0
3,70,8,False,29,219.5,1087,11.078023407022107,50.579693697403066,290.6970091027308,0,0
3,71,8,False,17,275.0,848,6.006501950585175,72.875128854146,169.1261378413524,0,0
3,72,8,False,42,165.5,1241,6.590063123720715,47.74707412223667,245.12012909111914,0,0
3,73,8,False,29,226.5,1087,11.078023407022107,53.097372264071026,290.6970091027308,0,0
3,74,8,False,29,219.5,1087,11.078023407022107,50.58111738760808,290.6970091027308,0,0
3,75,8,False,13,288.0,740,4.052015604681404,53.99882290997094,232.73472041612484,0,0
3,76,8,False,53,176.0,948,14.123537061118336,59.17555266579974,245.64499349804942,0,0
3,77,8,False,36,243.5,840,24.019505851755525,59.06266532579363,220.34590377113133,0,0
3,78,8,False,13,195.5,965,4.052015604681404,42.062631631174995,232.73472041612484,0,0
3,79,8,False,29,226.5,1087,11.078023407022107,53.097372264071026,290.6970091027308,0,0
3,80,8,False,42,165.5,1241,6.592910504130738,47.74707412223667,245.12012909111914,0,0
3,81,8,False,29,219.5,1087,11.078023407022107,50.58254107781309,290.6970091027308,0,0
3,82,8,False,65,290.0,678,7.1820546163849155,60.52808168760423,166.54616384915474,0,0
3,83,8,False,69,176.0,1205,18.065019505851755,49.685305591677505,278.38621586475944,0,0
3,84,8,False,31,290.0,678,5.130039011703511,62.56059144053011,163.53966189856956,0,0
3,85,8,False,36,269.5,840,13.04551365409623,59.06408901599865,220.34590377113133,0,0
3,86,8,False,29,160.5,1087,11.078023407022107,51.589043028398265,290.6970091027308,0,0
3,87,8,False,39,150.5,1154,11.104031209362809,51.97042723295348,271.3211963589077,0,0
3,88,8,False,65,300.0,568,7.1820546163849155,60.52808168760423,166.54616384915474,0,0
3,89,8,False,58,157.0,1270,9.423859788916173,35.911293177247025,323.78803641092327,0,0
3,90,8,False,39,150.5,1154,11.104031209362809,51.9718509231585,271.3211963589077,0,0
3,91,8,False,13,195.5,965,4.052015604681404,42.06405532138001,232.73472041612484,0,0
3,92,8,False,83,160.5,1059,18.266579973992197,54.698309492847855,276.86605981794537,0,0
3,93,8,False,39,130.0,1154,11.104031209362809,40.85623950283035,271.3211963589077,0,0
3,94,8,False,34,186.0,1246,10.091027308192457,38.36172135809308,319.55396618985696,0,0
3,95,8,False,66,116.5,1644,20.156046814044213,35.06176853055917,350.0986948704201,0,0
3,96,8,False,31,290.0,678,5.130039011703511,61.554089489944936,183.5786736020806,0,0
3,97,8,False,39,130.0,1154,11.104031209362809,40.85623950283035,271.3211963589077,0,0
3,98,8,False,34,186.0,1246,9.429554549736219,35.911293177247025,319.55396618985696,0,0
3,99,8,False,30,94.5,1644,13.04551365409623,27.11378413524057,350.10154225083016,0,0
3,100,8,False,34,186.0,1246,9.429554549736219,35.91271686745203,319.55396618985696,0,0
3,101,8,False,39,130.0,1154,11.104031209362809,40.85766319303536,271.3211963589077,0,0
3,102,8,False,34,262.5,896,9.429554549736219,35.91271686745203,260.0403120936281,0,0
3,103,8,False,18,264.5,941,5.123537061118335,61.98627851453385,221.97659297789338,0,0
3,104,8,False,66,126.0,1644,20.156046814044213,39.081274382314696,350.10723701165017,0,0
3,105,8,False,34,166.0,896,10.091027308192457,34.01894526216635,260.0403120936281,0,0
3,106,7,False,20,238.0,1170,13.032509752925877,65.19505851755527,302.56046814044214,0,0
3,107,8,False,18,222.0,761,4.158894194454236,66.26007802340702,173.1468766939877,0,0
3,108,8,False,34,176.5,1265,9.435249310556264,35.91414055765705,325.5669700910273,0,0
3,109,7,False,20,238.0,1170,13.032509752925877,65.19505851755527,302.56046814044214,0,0
3,110,8,False,40,130.0,1163,10.145890293283886,37.81316963426158,273.3732119635891,0,0
3,111,7,False,28,276.0,1170,12.052015604681404,53.98506772988616,302.56046814044214,0,0
3,112,8,False,30,94.5,1644,13.04551365409623,27.115207825445584,350.11293177247023,0,0
3,113,8,False,18,222.0,761,4.158894194454236,66.26007802340702,173.1468766939877,0,0
3,114,8,False,57,215.5,996,10.097529258777634,49.583964768018106,282.09882964889465,0,0
3,115,7,False,20,178.0,1469,13.032509752925877,41.37357038546644,360.1411819331677,0,0
3,116,8,False,18,222.0,761,4.158894194454236,66.26007802340702,173.1497240743977,0,0
3,117,8,False,47,137.0,1320,9.435249310556264,27.948230995494548,377.3394018205462,0,0
3,118,7,False,28,151.0,1296,12.052015604681404,24.155239624279083,348.08062418725615,0,0
3,119,8,False,18,196.0,813,4.158894194454236,57.24057217165149,191.18873577790876,0,0
3,120,7,False,20,205.0,1469,13.032509752925877,40.05008723573792,360.1411819331677,0,0
3,121,8,False,47,181.0,1023,12.18774937720496,37.07563553234535,296.35240572171654,0,0
3,122,8,False,30,94.5,1644,13.04551365409623,27.115207825445584,350.1186265332903,0,0
3,123,7,False,50,294.0,831,4.158894194454236,72.59371769389587,220.99163706970862,0,0
3,124,8,False,47,85.0,1320,12.18774937720496,25.19180754226268,377.3394018205462,0,0
3,125,7,False,28,151.0,1296,12.052015604681404,24.155239624279083,348.08062418725615,0,0
3,126,7,False,50,305.0,813,4.158894194454236,102.39661898569571,191.1915831583188,0,0
3,127,8,False,47,262.5,1023,9.435249310556264,36.21867844521922,296.35240572171654,0,0
3,128,8,False,42,144.0,1460,14.071521456436932,40.385307591138385,355.69100035249755,0,0
3,129,7,False,16,70.0,1752,9.006501950585175,22.110533159947984,369.10766282276484,0,0
3,130,8,False,57,189.0,1033,12.18774937720496,57.77958387516255,255.34590377113133,0,0
3,131,8,False,29,66.5,1217,10.04551365409623,23.53250975292588,250.60813380688467,0,0
3,132,7,False,16,163.0,1752,9.006501950585175,36.19790589796529,369.1162049639949,0,0
3,133,8,False,34,161.5,1320,9.435249310556264,30.516501476638894,377.3394018205462,0,0
3,134,7,False,16,70.0,1752,9.006501950585175,22.110533159947984,369.1162049639949,0,0
3,135,8,False,57,208.0,1010,12.18774937720496,43.05897706099985,292.332899869961,0,0
3,136,7,False,48,262.0,1120,11.110533159947984,74.55755337079484,270.9324241463783,0,0
3,137,8,False,29,62.5,1648,10.078023407022107,23.53250975292588,353.11051020317484,0,0
3,138,8,False,22,232.0,896,5.112573350592877,40.420238913359654,260.0403120936281,0,0
3,139,7,False,36,246.0,1426,12.04551365409623,31.149656685160444,374.45897032207614,0,0
3,140,7,False,16,70.0,1752,9.006501950585175,22.110533159947984,369.1162049639949,0,0
3,141,8,False,57,246.5,673,12.18774937720496,57.77958387516255,208.73472041612484,0,0
3,142,7,False,22,244.0,1460,14.01300390117035,49.71413781765509,355.69384773290756,0,0
3,143,7,False,16,163.0,1755,9.006501950585175,36.19790589796529,363.17391532949637,0,0
3,144,7,False,34,204.0,1217,10.078023407022107,74.18205461638492,250.6138285677047,0,0
3,145,7,False,16,163.0,1752,9.006501950585175,36.19790589796529,369.12474710522497,0,0
3,146,8,False,34,157.0,1320,10.091027308192457,38.26013393425772,377.3394018205462,0,0
3,147,7,False,16,163.0,1253,9.006501950585175,36.19790589796529,300.25794748675173,0,0
3,148,8,False,22,128.0,1010,5.112573350592877,36.74057217165149,292.332899869961,0,0
3,149,7,False,8,46.0,1154,3.0325097529258778,13.104031209362809,271.32973850013775,0,0
3,150,8,False,16,58.0,1755,9.006501950585175,19.10403120936281,363.17880290055126,0,0
3,151,7,False,32,141.0,1356,10.130039011703511,41.37061118335501,384.4889466840052,0,0
3,152,7,False,16,222.0,1379,9.006501950585175,82.20806241872562,274.43107858325607,0,0
3,153,7,False,34,204.0,1648,10.08087078743213,71.42181959827128,353.13328924645504,0,0
3,154,7,False,32,199.0,1356,10.130039011703511,43.14234754481014,384.4889466840052,0,0
3,155,8,False,16,115.0,1253,9.006501950585175,34.6379646524937,300.2628350578066,0,0
3,156,7,False,44,147.0,1520,7.149544863459037,43.06501950585176,382.68369121214727,0,0
3,157,8,False,16,72.5,1752,9.006501950585175,20.581274382314696,369.14671895874,0,0
3,158,8,False,31,309.5,782,5.135733772523556,62.56913358176018,163.53966189856956,0,0
3,159,7,False,16,163.0,1755,9.006501950585175,36.19790589796529,363.20158194383146,0,0
3,160,7,False,22,173.0,1115,5.106071400007702,29.329985100313692,272.4109232769831,0,0
3,161,8,False,35,100.5,1612,8.032509752925877,37.09895294898264,335.87078965375264,0,0
3,162,8,False,16,60.0,1752,9.006501950585175,18.10078023407022,369.1581084803801,0,0
3,163,7,False,22,96.0,1451,5.106071400007702,14.078023407022107,411.81404421326397,0,0
3,164,7,False,16,163.0,1748,9.006501950585175,36.19790589796529,372.1227513470442,0,0
3,165,8,False,44,189.5,902,9.177592856444633,35.28758764303551,261.81242983373374,0,0
3,166,7,False,44,147.0,1520,7.149544863459037,43.06501950585176,382.68369121214727,0,0
3,167,8,False,42,201.5,823,8.095914879247374,37.58541067445519,246.5336531483363,0,0
3,168,8,False,34,222.5,1120,11.113380540358007,46.50228679082085,270.9592835709483,0,0
3,169,8,False,44,194.5,902,16.119882490943183,31.527890998278984,261.81242983373374,0,0
3,170,8,False,44,118.5,902,9.177592856444633,25.93403852590857,261.81242983373374,0,0
3,171,8,False,17,66.5,1748,9.006501950585175,26.57477243172952,372.13129348827425,0,0
3,172,8,False,77,313.0,579,10.170283716094326,80.55083851465236,155.15127106469072,0,0
3,173,8,False,42,201.5,823,8.095914879247374,37.580332414075016,246.5336531483363,0,0
3,174,8,False,50,133.5,916,7.255234884816242,20.13471367720111,259.40565432727766,0,0
3,175,8,False,43,222.5,1120,11.113380540358007,45.48420462927033,270.96336395223807,0,0
3,176,7,False,16,165.0,1395,9.006501950585175,56.13003901170351,303.45266905812065,0,0
3,177,8,False,44,143.5,902,13.284471446217465,25.928960265528403,261.8266667357838,0,0
3,178,8,False,50,133.5,916,7.255234884816242,20.13471367720111,259.40565432727766,0,0
3,179,8,False,34,226.0,1120,11.11622792076803,65.02971828336656,270.9662113326481,0,0
3,180,8,False,27,191.0,920,15.026007802340702,30.633984614518752,270.82016478519864,0,0
3,181,8,False,31,56.0,2036,9.087372738017304,15.585141858047162,455.4714351093483,0,0
3,182,8,False,27,143.5,920,13.284471446217465,22.513082028253123,270.82016478519864,0,0
3,183,7,False,48,262.0,1120,12.194251327790136,73.47952996377273,270.96905871305813,0,0
3,184,8,False,44,90.0,834,7.122729871353205,21.302150012885416,222.83278730771852,0,0
3,185,8,False,65,176.5,1304,9.140621343578472,44.510616026493594,345.17577630920255,0,0
3,186,8,False,27,181.0,920,15.026007802340702,29.118133332938378,270.82016478519864,0,0
3,187,8,False,47,91.5,1019,8.156046814044213,20.39664120192778,241.31016525914495,0,0
3,188,8,False,65,176.5,1304,9.140621343578472,44.510616026493594,345.17577630920255,0,0
3,189,6,False,33,108.0,1770,9.084951168721915,26.26252180893448,374.9622427730597,0,0
3,190,8,False,12,149.0,1000,7.019505851755526,37.3220594595235,275.35664235717184,0,0
3,191,8,False,51,238.5,715,8.221066319895968,67.14188803907687,197.74691712753005,0,0
3,192,8,False,65,176.5,1304,9.140621343578472,44.510616026493594,345.17577630920255,0,0
3,193,6,False,33,108.0,1770,9.084951168721915,26.26252180893448,374.9614355832946,0,0
3,194,8,False,51,202.5,1019,8.221066319895968,55.468566253247275,241.31016525914495,0,0
3,195,8,False,65,215.5,747,9.140621343578472,54.17880364109233,203.15900601615564,0,0
3,196,6,False,33,108.0,1770,9.084951168721915,26.259270833641892,374.9642829637046,0,0
3,197,6,False,38,286.0,960,12.070714266671802,53.21523678060137,264.2948516103806,0,0
3,198,8,False,47,91.5,834,8.156046814044213,20.391562941547612,222.83278730771852,0,0
3,199,8,False,36,173.5,1063,7.0585175552665795,47.3206357693185,254.37357038546645,0,0
3,200,8,False,65,176.5,1304,9.140621343578472,44.50411407590842,345.17577630920255,0,0
3,201,6,False,38,286.0,960,12.073561647081824,53.21666047080639,264.2948516103806,0,0
3,202,8,False,51,202.5,1019,8.223913700305992,55.46998994345229,241.31301263955496,0,0
3,203,8,False,36,173.5,1063,7.0585175552665795,47.3206357693185,254.37357038546645,0,0
3,204,6,False,33,286.0,960,9.084951168721915,53.21666047080639,264.2948516103806,0,0
3,205,8,False,22,72.5,1294,3.478722774007601,11.115207825445584,324.9412802770216,0,0
3,206,8,False,47,99.5,1237,8.158894194454236,26.846049287451383,300.6259134574085,0,0
3,207,8,False,65,160.0,847,10.121922681588076,43.659297789336804,202.10221466212073,0,0
3,208,6,False,38,66.5,1848,11.218644750600578,14.654836029396519,399.1369882490943,0,0
3,209,7,False,56,363.0,763,11.089412928662197,94.29839435885435,219.18705400914124,0,0
3,210,8,False,35,84.0,1294,3.4722208234224254,14.301937107328097,324.94412765743164,0,0
3,211,8,False,27,103.0,1237,6.087372738017305,25.81496322473052,300.6259134574085,0,0
3,212,6,False,38,286.0,960,12.073561647081824,53.219507851216406,264.2883496597954,0,0
3,213,7,False,56,363.0,763,11.089412928662197,94.29839435885435,219.1842066287312,0,0
3,214,8,False,37,163.0,1081,7.026007802340702,47.3206357693185,259.40527294862716,0,0
3,215,6,False,33,265.5,1001,9.084951168721915,51.65854651042238,267.4131197217935,0,0
3,216,8,False,47,81.0,1237,9.113380540358007,19.207468134517804,300.6259134574085,0,0
3,217,8,False,35,130.5,1047,3.475068203832448,38.42082171918091,259.7511093305213,0,0
3,218,7,False,39,91.0,1250,11.089412928662197,17.084525357607284,320.2188683940034,0,0
3,219,6,False,38,370.0,897,12.073561647081824,82.44565243149255,220.17362429685625,0,0
3,220,8,False,27,99.0,834,6.087372738017305,21.352147643153994,222.83278730771852,0,0
3,221,8,False,22,182.5,864,3.462064302662097,31.619747712468637,278.3113982600247,0,0
3,222,8,False,37,113.5,1371,7.026007802340702,37.194654922672704,327.26926961915456,0,0
3,223,6,False,38,286.0,960,12.073561647081824,53.21910425633385,264.2846950896203,0,0
3,224,8,False,47,90.0,1237,9.113380540358007,23.80948136946779,300.6259134574085,0,0
3,225,8,False,35,151.5,864,3.462064302662097,28.42326550470836,278.3113982600247,0,0
3,226,7,False,56,91.0,1447,11.089412928662197,26.149544863459038,305.5774391201187,0,0
3,227,5,False,26,70.0,2229,9.070714266671802,17.152818054983694,541.4291946467768,0,0
3,228,8,False,22,182.5,864,3.449060401491746,31.617920427381062,278.3113982600247,0,0
3,229,8,False,37,113.5,1371,7.026007802340702,37.194654922672704,327.27211699956456,0,0
3,230,7,False,26,66.0,1013,6.100376639187656,15.05851755526658,251.07786567177442,0,0
3,231,8,False,25,78.0,1152,5.087372738017305,18.174341881152046,290.2472977656395,0,0
3,232,8,False,58,129.0,1447,10.121922681588076,33.685305591677505,305.5774391201187,0,0
3,233,6,False,38,370.0,897,12.073561647081824,82.44565243149255,220.17647167726628,0,0
3,234,8,False,25,132.5,1231,5.087372738017305,33.873884374879665,279.346867215062,0,0
3,235,8,False,35,151.5,864,3.449060401491746,28.42326550470836,278.3113982600247,0,0
3,236,5,False,38,62.0,2229,12.073561647081824,16.087372738017304,541.4226926961916,0,0
3,237,8,False,39,129.0,1250,10.121922681588076,33.174341881152046,320.21806120423827,0,0
3,238,8,False,22,182.5,864,4.465718872837249,31.617920427381062,278.3113982600247,0,0
3,239,8,False,37,138.0,1371,7.026007802340702,42.33912152575158,327.27211699956456,0,0
3,240,8,False,25,92.0,1340,5.087372738017305,19.321465175315694,311.6443425624498,0,0
3,241,5,False,26,70.0,2229,9.070714266671802,17.152818054983694,541.4226926961916,0,0
3,242,8,False,34,151.5,864,4.465718872837249,28.42326550470836,278.3113982600247,0,0
3,243,8,False,110,280.0,679,26.252768883056717,64.11324576188346,187.65234707086387,0,0
3,244,7,False,26,65.0,1005,6.100376639187656,15.01300390117035,249.0677091510141,0,0
3,245,6,False,38,370.0,897,12.073561647081824,82.44565243149255,220.17647167726628,0,0
3,246,8,False,25,127.5,1465,5.087372738017305,25.866384545204106,363.12290908229187,0,0
3,247,8,False,110,280.0,735,26.252768883056717,56.07767572299025,219.47760159482925,0,0
3,248,7,False,26,90.0,989,7.013003901170351,20.212949989780533,236.95879037059638,0,0
3,249,6,False,38,370.0,897,12.073561647081824,82.44565243149255,220.17647167726628,0,0
3,250,8,False,22,185.0,864,4.426707169326196,31.632348018756424,278.3142456404347,0,0
3,251,8,False,110,280.0,679,26.252768883056717,64.11466945208848,187.65234707086387,0,0
3,252,8,False,25,98.5,1340,5.087372738017305,21.353571333359007,311.6248367106943,0,0
3,253,8,False,26,46.0,1992,6.097529258777633,11.075792527051966,469.3442879105189,0,0
3,254,8,False,110,280.0,679,26.246266932471542,64.11466945208848,187.65234707086387,0,0
3,255,5,False,33,63.0,2229,9.09064592954196,17.135733772523558,541.403186844436,0,0
3,256,8,False,34,153.5,864,4.426707169326196,28.424689194913373,278.3142456404347,0,0
3,257,8,False,110,280.0,679,26.255616263466738,64.11466945208848,187.6458451202787,0,0
3,258,8,False,26,46.0,1992,6.097529258777633,11.075792527051966,469.3434807207538,0,0
3,259,8,False,25,132.5,1231,5.087372738017305,27.297497563619885,279.33305612412653,0,0
3,260,5,False,38,62.0,2229,12.073561647081824,16.087372738017304,541.3930303236757,0,0
3,261,8,False,110,280.0,679,26.249114312881563,64.11466945208848,187.6458451202787,0,0
3,262,8,False,26,46.0,1225,6.097529258777633,11.075792527051966,301.5451989241419,0,0
3,263,8,False,22,185.0,864,3.403546747395517,31.633771708961437,278.3142456404347,0,0
3,264,8,False,53,125.5,1142,16.083718167842154,28.851531142714116,232.83606049924316,0,0
3,265,8,False,40,84.5,1340,6.122729871353205,14.28935901727238,311.61468018993395,0,0
3,266,8,False,26,46.0,1815,5.089412928662198,9.15239224386906,449.07432292330066,0,0
3,267,5,False,38,62.0,2229,12.073561647081824,16.087372738017304,541.3958777040857,0,0
3,268,8,False,35,151.5,864,3.4360565003213948,28.421438219620786,278.3142456404347,0,0
3,269,4,False,4,153.0,2215,1.0195058517555267,21.693690738200957,572.6717396198359,0,0
3,270,8,False,110,280.0,735,26.249114312881563,56.08052310340027,219.47109964424408,0,0
3,271,8,False,26,48.5,1992,6.097529258777633,11.075792527051966,469.3455209113987,0,0
3,272,4,False,4,153.0,2215,1.0195058517555267,21.693690738200957,572.6774343806559,0,0
3,273,8,False,25,107.0,1240,5.087372738017305,20.88648468116745,312.7953899837377,0,0
3,274,8,False,32,41.0,1815,6.102416829832549,9.121709776030759,449.0678209727155,0,0
3,275,5,False,38,62.0,2229,12.073561647081824,16.09022011842733,541.3914159441455,0,0
3,276,8,False,73,280.0,789,16.21945194036571,52.13377170896143,252.34794396177622,0,0
3,277,4,False,4,153.0,2215,1.0195058517555267,21.688612477820794,572.6831291414759,0,0
3,278,7,False,34,56.0,1867,12.052015604681404,18.06786688626178,487.0636961589616,0,0
3,279,8,False,29,44.5,1225,6.11622792076803,11.077216217256977,301.5472391147868,0,0
3,280,4,False,4,153.0,2215,1.0195058517555267,21.688612477820794,572.688823902296,0,0
3,281,5,False,38,62.0,2229,12.073561647081824,16.09022011842733,541.3942633245555,0,0
3,282,8,False,5,163.5,868,1.0325097529258778,43.69629151843503,199.1721217390274,0,0
3,283,8,False,65,353.5,531,24.12557725176323,64.12036421290853,149.56201513073512,0,0
3,284,8,False,25,135.5,1231,5.087372738017305,28.866788140086673,279.32574698377624,0,0
3,285,4,False,4,153.0,2215,1.0195058517555267,21.688612477820794,572.688823902296,0,0
3,286,8,False,32,42.0,1815,6.102416829832549,9.134713677201109,449.07066835312554,0,0
3,287,8,False,46,122.0,1465,7.145083103518755,27.904185464067467,363.12860384311193,0,0
3,288,7,False,34,56.0,1867,12.052015604681404,18.06786688626178,487.0665435393716,0,0
3,289,4,False,4,153.0,2215,1.0195058517555267,21.68353421744063,572.694518663116,0,0
3,290,6,False,33,390.5,889,9.09064592954196,99.03243088530203,206.62757226940292,0,0
3,291,8,False,110,261.0,735,26.251961693291587,45.12015130735121,219.46013593371862,0,0
3,292,7,False,31,63.0,1815,6.095914879247373,10.074368836846954,449.06701378295037,0,0
3,293,7,False,23,345.0,726,6.095107689482243,100.87576757081794,211.73637922811923,0,0
3,294,4,False,4,153.0,2215,1.0195058517555267,21.681706932353052,572.697366043526,0,0
3,295,8,False,34,102.5,1340,7.064212316086626,19.900508677660245,311.6159131908137,0,0
3,296,8,False,34,47.5,2189,6.124770061998098,11.151585054103931,538.2788870260167,0,0
3,297,4,False,4,278.0,1965,1.0195058517555267,77.86351494856201,460.3365973915181,0,0
3,298,8,False,37,104.5,1316,14.041859083921077,32.144466603078875,306.17431818383784,0,0
3,299,5,False,38,62.0,2229,12.076409027491847,16.09022011842733,541.3889943748501,0,0
3,300,8,False,53,125.5,1142,16.083718167842154,28.85255123803656,232.84094807029808,0,0
3,301,8,False,46,122.0,1465,7.145083103518755,27.907032844477488,363.12860384311193,0,0
3,302,4,False,4,153.0,2215,1.0195058517555267,21.683130622558064,572.697366043526,0,0
3,303,5,False,45,87.0,1931,9.197098708200159,19.163781765509153,535.9360787165534,0,0
3,304,7,False,31,63.0,1815,6.095914879247373,10.074368836846954,449.0698611633604,0,0
3,305,7,False,2,253.0,1072,2.0065019505851756,52.67501429244263,315.81328145596297,0,0
3,306,6,False,26,390.5,889,9.073561647081824,99.03060360021446,206.63041964981295,0,0
3,307,4,False,4,153.0,2215,1.0195058517555267,21.683130622558064,572.697366043526,0,0
3,308,5,False,45,192.0,1931,9.197098708200159,19.163781765509153,535.9389260969635,0,0
3,309,8,False,42,104.5,1316,15.054862985091427,31.6379646524937,306.1800129446579,0,0
3,310,8,False,48,280.0,843,17.13003901170351,51.822137586606274,251.71859957759537,0,0
3,311,8,False,29,50.0,2189,6.124770061998098,11.161337979981695,538.2845817868367,0,0
3,312,4,False,4,153.0,2215,1.0195058517555267,21.68597800296809,572.697366043526,0,0
3,313,7,False,2,313.0,1072,2.0065019505851756,61.64454473016165,315.816128836373,0,0
3,314,8,False,27,99.0,1340,6.087372738017305,21.359266094179052,311.6179533814586,0,0
3,315,6,False,33,390.5,889,9.09064592954196,99.03345098062448,206.63245984045784,0,0
3,316,7,False,31,63.0,2051,6.092260309072221,10.074368836846954,516.9273558833025,0,0
3,317,4,False,4,379.5,1762,1.0195058517555267,74.61128369832134,466.8459474630544,0,0
3,318,5,False,45,192.0,1931,9.197098708200159,19.163781765509153,535.9446208577835,0,0
3,319,7,False,39,113.0,1492,8.171090905859456,31.09387468860248,385.72891235252126,0,0
3,320,7,False,55,131.0,1197,9.125577251763229,35.16254876462939,251.08764081388426,0,0
3,321,8,False,27,99.0,1340,6.087372738017305,21.359266094179052,311.6179533814586,0,0
3,322,8,False,56,110.5,1332,12.129231821938381,31.74607624314629,336.9291279980805,0,0
3,323,4,False,4,153.0,2215,1.0195058517555267,21.6874016931731,572.696558853761,0,0
3,324,5,False,38,58.0,2323,9.194251327790136,14.152818054983694,565.5743221827596,0,0
3,325,8,False,34,48.0,1706,6.124770061998098,13.074368836846954,421.4331632063651,0,0
3,326,7,False,23,253.0,938,6.095107689482243,52.67786167285265,285.3918432363422,0,0
3,327,4,False,4,153.0,2215,1.0195058517555267,21.68882538337811,572.696558853761,0,0
3,328,7,False,34,200.0,976,12.078023407022107,25.110533159947984,289.63853597992835,0,0
3,329,8,False,56,110.5,1332,12.129231821938381,31.747499933351307,336.9291279980805,0,0
3,330,7,False,2,313.0,1072,2.0065019505851756,61.64454473016165,315.818976216783,0,0
3,331,7,False,31,63.0,2051,6.092260309072221,10.074368836846954,516.9237013131275,0,0
3,332,7,False,39,96.0,1934,8.171090905859456,20.17151671697409,463.21875509121986,0,0
3,333,4,False,4,153.0,2215,1.0195058517555267,21.686998098290534,572.696558853761,0,0
3,334,6,False,26,92.0,1374,9.073561647081824,20.232668747093378,390.76426948585714,0,0
3,335,8,False,27,73.5,1850,6.087372738017305,16.20929541960538,501.76541362180865,0,0
3,336,7,False,20,136.0,938,6.095107689482243,32.42347841026568,285.3918432363422,0,0
3,337,4,False,4,592.0,1337,1.0195058517555267,127.33866127947724,361.3859233510372,0,0
3,338,7,False,31,77.0,1225,8.039011703511052,18.357225903534157,301.5468577361363,0,0
3,339,5,False,45,392.0,1385,9.197098708200159,105.54755310420005,348.01934811650784,0,0
3,340,7,False,20,117.0,1024,6.095107689482243,35.38812127692977,264.1599694600863,0,0
3,341,7,False,34,200.0,976,12.078023407022107,25.11338054035801,289.63853597992835,0,0
3,342,7,False,39,96.0,1934,8.171090905859456,20.17151671697409,463.2057511900495,0,0
3,343,4,False,4,153.0,2215,1.0195058517555267,21.678668862617783,572.696558853761,0,0
3,344,7,False,31,63.0,2051,6.092260309072221,10.074368836846954,516.907042841782,0,0
3,345,5,False,38,62.0,2229,12.076409027491847,16.09306749883735,541.3829182353795,0,0
3,346,7,False,48,131.0,1197,9.128424632173251,30.315366819613082,251.72063976824026,0,0
3,347,8,False,34,227.0,1187,7.132079202348404,42.591318340832544,311.9315495673759,0,0
3,348,4,False,4,153.0,2215,1.0195058517555267,21.675417887325196,572.696558853761,0,0
3,349,7,False,20,427.0,729,6.092260309072221,106.0825969886638,211.72622270735891,0,0
3,350,8,False,32,102.0,1340,6.091027308192458,21.368211830291685,311.61064424110833,0,0
3,351,5,False,45,392.0,1385,9.197098708200159,105.54105115361487,348.02219549691785,0,0
3,352,7,False,34,42.0,1292,6.124770061998098,13.061364935676602,300.1997883533625,0,0
3,353,4,False,4,153.0,2215,1.0195058517555267,21.672166912032605,572.6835549525906,0,0
3,354,7,False,2,313.0,1072,2.0065019505851756,61.64089015998649,315.79581579485233,0,0
3,355,7,False,41,200.0,976,12.126384441528359,22.100376639187655,289.6320340293432,0,0
3,356,8,False,34,227.0,1187,5.061364935676603,49.054537517291635,311.93724432819596,0,0
3,357,7,False,27,68.0,2051,5.07925640790187,10.074368836846954,516.9025810818416,0,0
3,358,4,False,4,448.5,1624,1.0195058517555267,107.18422884496329,401.6614712773741,0,0
3,359,5,False,45,392.0,1385,9.197098708200159,105.5345492030297,348.0278902577379,0,0
3,360,6,False,33,90.0,1374,12.076409027491847,19.72941777180079,390.7699642466772,0,0
3,361,7,False,20,117.0,1024,6.11703511053316,35.37511737575942,264.149812939326,0,0
3,362,4,False,45,292.0,1896,9.197098708200159,83.18172914858512,441.4888778136858,0,0
3,363,4,False,4,592.0,1337,1.0195058517555267,127.32748466339446,361.37495964051175,0,0
3,364,7,False,35,69.0,1225,7.215797370190556,19.019505851755525,301.53385383496595,0,0
3,365,8,False,32,63.5,1620,6.078023407022107,16.15220155454381,451.63988080250954,0,0
3,366,8,False,46,138.5,1649,8.149544863459038,43.23428312662364,369.58441131428265,0,0
3,367,4,False,4,153.0,2215,1.0195058517555267,21.67033962694503,572.6920970938206,0,0
3,368,7,False,20,115.0,959,6.092260309072221,30.186134997674703,292.5430469117956,0,0
3,369,8,False,34,238.0,1040,8.154432434513954,48.18175136481719,284.6812022536146,0,0
3,370,6,False,26,63.0,1276,7.047553844741122,13.112786256150194,306.34487145688126,0,0
3,371,5,False,45,413.0,1385,9.190596757614983,105.53739658343973,348.033585018558,0,0
3,372,8,False,31,147.5,1304,8.077216217256977,25.890542846225166,389.06163301154356,0,0
3,373,4,False,4,109.5,2302,1.0195058517555267,15.700349683492748,584.6312697909601,0,0
3,374,7,False,20,117.0,1024,7.054862985091427,35.37796475616945,264.149812939326,0,0
3,375,6,False,31,66.5,1292,8.039011703511052,15.730224961565918,300.19817397383224,0,0
3,376,7,False,36,52.0,1867,12.052015604681404,21.03250975292588,487.0820134423015,0,0
3,377,4,False,4,153.0,2215,1.0195058517555267,21.667088651652442,572.7034866154607,0,0
3,378,6,False,33,90.0,1374,12.07925640790187,19.7308414620058,390.76915705691204,0,0
3,379,7,False,23,117.0,1024,6.092260309072221,35.37796475616945,264.149812939326,0,0
3,380,7,False,34,220.0,1257,9.05851755526658,49.11438841675282,353.9282763758512,0,0
3,381,5,False,45,392.0,1385,9.190596757614983,105.53739658343973,348.036432398968,0,0
3,382,4,False,4,109.5,2302,1.0195058517555267,15.700349683492748,584.630462601195,0,0
3,383,8,False,46,127.0,1649,8.145890293283886,39.73285943641862,369.5892988853376,0,0
3,384,7,False,31,77.0,1225,8.039011703511052,18.344222002363807,301.53304664520084,0,0
3,385,8,False,31,102.0,959,6.089412928662198,27.72087563057072,292.5430469117956,0,0
3,386,6,False,31,344.0,1257,7.047553844741122,63.32825815854096,353.9282763758512,0,0
3,387,5,False,45,413.0,1385,9.190596757614983,105.53089463285455,348.039279779378,0,0
3,388,4,False,4,592.0,1337,1.0195058517555267,127.32342649833674,361.3835017817418,0,0
3,389,6,False,34,89.5,1374,11.019505851755527,20.74994371887876,390.7655024867369,0,0
3,390,7,False,37,117.0,1024,6.135733772523556,35.37796475616945,264.152660319736,0,0
3,391,7,False,33,205.0,1130,5.155239624279083,28.599838265830545,373.73326229076014,0,0
3,392,7,False,13,71.0,1257,4.013003901170351,19.110533159947984,353.9282763758512,0,0
3,393,5,False,45,413.0,1385,9.190596757614983,105.54309134425976,348.039279779378,0,0
3,394,5,False,63,321.0,1547,17.09306749883735,52.77619812139542,383.71391269317013,0,0
3,395,4,False,4,109.5,2302,1.0195058517555267,15.700349683492748,584.6418521228351,0,0
3,396,8,False,46,127.0,1649,8.145890293283886,39.73285943641862,369.5949936461576,0,0
3,397,6,False,34,89.5,1374,11.019505851755527,20.74994371887876,390.7683498671469,0,0
3,398,7,False,13,263.0,847,4.013003901170351,102.34094881083915,218.12788551827506,0,0
3,399,4,False,4,153.0,2215,1.0195058517555267,21.663837676359854,572.7083741865156,0,0
3,400,7,False,14,92.0,1570,3.084525357607282,20.096722069012504,460.75942634726636,0,0
3,401,7,False,23,117.0,1024,6.092260309072221,35.37796475616945,264.14615836915084,0,0
3,402,6,False,35,58.5,2147,7.215797370190556,15.841183932628535,548.9090830324268,0,0
3,403,5,False,45,392.0,1385,9.190596757614983,105.53008744308941,348.036432398968,0,0
3,404,8,False,37,295.0,981,6.099569449422526,58.62788625881614,239.90762638814422,0,0
3,405,6,False,31,214.0,1257,7.047553844741122,34.11673185896544,353.9282763758512,0,0
3,406,7,False,14,92.0,1570,3.084525357607282,20.096722069012504,460.75577177709124,0,0
3,407,7,False,43,115.0,959,6.135733772523556,30.186134997674703,292.53654496121044,0,0
3,408,7,False,41,200.0,976,12.126384441528359,22.100376639187655,289.63122683957806,0,0
3,409,7,False,32,133.0,1068,9.065019505851755,31.09387468860248,259.4968823220998,0,0
3,410,4,False,4,109.5,2302,1.0195058517555267,15.700349683492748,584.6215390813144,0,0
3,411,7,False,17,131.0,1197,4.02235323216555,30.305210298852753,251.0795244837688,0,0
3,412,6,False,33,87.5,1374,11.120308302057815,20.211739205132837,390.7451894452162,0,0
3,413,7,False,37,211.0,1024,6.135733772523556,74.54132071056397,264.14615836915084,0,0
3,414,5,False,45,413.0,1385,9.190596757614983,105.51708354191906,348.039279779378,0,0
3,415,7,False,35,69.0,1148,7.215797370190556,19.019505851755525,328.20140273289275,0,0
3,416,6,False,37,236.0,1640,4.146316104398518,39.68659450340797,477.7667354876167,0,0
3,417,4,False,4,109.5,2302,1.0195058517555267,15.700349683492748,584.605687799734,0,0
3,418,7,False,17,71.0,1257,4.02235323216555,19.110533159947984,353.9282763758512,0,0
3,419,4,False,62,210.5,2042,17.09306749883735,44.10206914580069,511.73153460844634,0,0
3,420,5,False,45,413.0,1385,9.190596757614983,105.51342897174392,348.039279779378,0,0
3,421,7,False,26,89.0,1003,6.092260309072221,30.186134997674703,290.6759333039092,0,0
3,422,8,False,37,120.5,1649,8.145890293283886,29.14406300819631,369.57468060463697,0,0
3,423,6,False,34,89.5,1374,11.019505851755527,20.74994371887876,390.7451894452162,0,0
3,424,4,False,4,109.5,2302,1.0195058517555267,15.700349683492748,584.608535180144,0,0
3,425,8,False,37,295.0,981,6.099569449422526,58.62930994902115,239.90112443755905,0,0
3,426,6,False,31,382.0,847,7.047553844741122,105.69777111949074,218.09172119517405,0,0
3,427,7,False,31,77.0,1148,8.039011703511052,18.344222002363807,328.20140273289275,0,0
3,428,7,False,33,92.0,1570,5.155239624279083,20.096722069012504,460.75211720691607,0,0
3,429,7,False,37,211.0,1024,6.135733772523556,74.54132071056397,264.14250379897567,0,0
3,430,6,False,37,155.5,1640,4.146316104398518,21.45881332736951,477.7695828680267,0,0
3,431,7,False,32,70.0,1712,6.078023407022107,16.219877751480343,385.93901496189176,0,0
3,432,7,False,41,200.0,976,12.126384441528359,22.100376639187655,289.63407421998807,0,0
3,433,4,False,4,153.0,2215,1.0195058517555267,21.65408475048209,572.7104143771605,0,0
3,434,8,False,37,180.0,758,10.065019505851755,46.16214516974682,187.491501550693,0,0
3,435,5,False,45,176.0,1178,9.190596757614983,30.713218806188554,327.765772043686,0,0
3,436,7,False,43,89.0,1003,6.135733772523556,30.186134997674703,290.6759333039092,0,0
3,437,7,False,17,60.0,1148,4.02235323216555,7.063405126321496,290.06528758171874,0,0
3,438,6,False,34,87.0,1374,11.019505851755527,21.2308414620058,390.7321855440459,0,0
3,439,8,False,37,295.0,981,6.099569449422526,58.62605897372856,239.89096791679873,0,0
3,440,6,False,35,58.5,2179,7.202793469020205,17.13390648743598,538.1610891581826,0,0
3,441,7,False,41,200.0,976,12.126384441528359,22.100376639187655,289.6369216003981,0,0
3,442,7,False,34,115.0,959,6.0735616470818234,30.186134997674703,292.53004301062526,0,0
3,443,6,False,31,214.0,1257,7.047553844741122,34.10840262329268,353.9282763758512,0,0
3,444,4,False,4,109.5,2302,1.0195058517555267,15.69709870820016,584.6012260397937,0,0
3,445,5,False,64,509.0,1006,20.100376639187655,137.62342449887586,239.94217633171502,0,0
3,446,5,False,45,413.0,1385,9.190596757614983,105.50692702115875,348.04212715978804,0,0
3,447,6,False,43,76.5,1374,11.143042912873861,27.12638444152836,294.45544904929335,0,0
3,448,8,False,60,232.5,758,11.091027308192457,54.45392575631459,187.491501550693,0,0
3,449,8,False,89,335.5,545,5.184946429259074,79.83656517798164,159.61972549623658,0,0
3,450,4,False,4,109.5,2302,1.0195058517555267,15.700349683492748,584.6040734202037,0,0
3,451,7,False,35,69.0,2141,7.202793469020205,19.019505851755525,523.2663533684251,0,0
3,452,5,False,5,64.0,1362,1.0260078023407022,20.100376639187655,331.75211720691607,0,0
3,453,7,False,17,46.0,1285,4.02235323216555,10.061364935676602,271.31606070659467,0,0
3,454,4,False,4,153.0,2215,1.0195058517555267,21.64900649010193,572.7067598069854,0,0
3,455,5,False,30,504.0,1255,9.190596757614983,128.28747508079303,325.25507714956854,0,0
3,456,8,False,53,164.0,860,7.154432434513954,40.46595399462663,192.28377607815375,0,0
3,457,6,False,37,236.0,1640,4.146316104398518,39.68009255282279,477.75577177709124,0,0
3,458,8,False,37,172.5,758,10.065019505851755,46.16214516974682,187.49434893110302,0,0
3,459,5,False,57,520.0,922,16.145083103518754,146.78774389720104,235.79747460684675,0,0
3,460,8,False,38,180.5,1067,6.194251327790137,34.392370131312745,285.7930128469065,0,0
3,461,6,False,43,167.5,1678,11.143042912873861,58.34481628657162,365.1227728227352,0,0
3,462,4,False,4,109.5,2302,1.0195058517555267,15.700349683492748,584.5874149488583,0,0
3,463,8,False,17,244.0,796,9.065019505851755,49.14516123060153,207.2464231866371,0,0
3,464,5,False,45,172.0,1178,9.190596757614983,29.700214905018203,327.76211747351084,0,0
3,465,7,False,17,60.0,1148,4.02235323216555,7.063405126321496,290.06163301154356,0,0
3,466,7,False,35,69.0,2151,7.202793469020205,19.019505851755525,526.2760840780708,0,0
3,467,5,False,64,509.0,1006,20.09387468860248,137.62342449887586,239.93852176153985,0,0
3,468,8,False,60,190.0,758,11.091027308192457,46.16214516974682,187.48784698051784,0,0
3,469,8,False,50,165.0,1067,13.329985100313694,28.807631868148142,285.7930128469065,0,0
3,470,6,False,33,84.5,1374,11.019505851755527,20.71783756083545,390.7220290232856,0,0
3,471,4,False,4,50.0,2421,1.0195058517555267,9.08087078743213,597.8227181708044,0,0
3,472,6,False,43,167.5,1678,11.143042912873861,58.34481628657162,365.1227728227352,0,0
3,473,7,False,43,233.0,841,6.129231821938381,62.42955454973622,255.34960277377064,0,0
3,474,6,False,31,245.0,1101,7.047553844741122,63.412896078390716,256.895429676739,0,0
3,475,5,False,5,89.0,1353,2.013003901170351,24.21010260937051,328.7484626367409,0,0
3,476,5,False,45,172.0,1178,9.190596757614983,29.71972075677373,327.75561552292567,0,0
3,477,4,False,4,153.0,2215,1.0195058517555267,21.643928229721762,572.7002578564002,0,0
3,478,8,False,37,180.0,758,10.065019505851755,46.16214516974682,187.48784698051784,0,0
3,479,7,False,35,214.0,1013,6.129231821938381,77.55432461173432,258.09618295511433,0,0
3,480,6,False,33,84.5,1374,11.120308302057815,19.698735303962486,390.7220290232856,0,0
3,481,6,False,39,226.5,1123,5.097529258777633,67.78487504110004,270.49488656391907,0,0
3,482,5,False,45,195.0,1921,9.190596757614983,19.1694765263292,533.9332757686076,0,0
3,483,8,False,17,273.5,796,8.220259130130838,49.14333394551395,207.24276861646194,0,0
3,484,4,False,4,109.5,2302,1.0195058517555267,15.700349683492748,584.5866077590931,0,0
3,485,5,False,43,65.0,2126,11.143042912873861,19.087372738017304,516.3955851903635,0,0
3,486,4,False,47,548.5,1381,7.171090905859457,154.73707385564188,300.3550724101057,0,0
3,487,7,False,31,233.0,841,6.089412928662198,62.43605650032139,255.34310082318547,0,0
3,488,7,False,32,136.0,1526,4.1487376736939074,14.423052599151044,466.4018190650817,0,0
3,489,6,False,39,272.5,1275,5.097529258777633,80.91399430079593,271.2884385247237,0,0
3,490,8,False,38,180.5,1067,6.194251327790137,34.38911915602015,285.7930128469065,0,0
3,491,4,False,4,50.0,2421,1.0195058517555267,9.077619812139542,597.8190636006292,0,0
3,492,6,False,39,301.0,1218,5.097529258777633,86.02554755606637,261.05883006359767,0,0
3,493,5,False,45,146.0,2005,7.17474547603461,23.48688353658717,544.5640538402979,0,0
3,494,5,False,64,509.0,1030,6.106071400007702,137.6169225482907,258.03889840072753,0,0
3,495,8,False,50,165.0,1067,13.323483149728517,28.807631868148142,285.7930128469065,0,0
3,496,8,False,17,244.0,796,9.065019505851755,49.14333394551395,207.24276861646194,0,0
3,497,6,False,33,84.5,1374,11.120308302057815,19.7001589941675,390.71471988293524,0,0
3,498,4,False,4,153.0,2215,1.0195058517555267,21.6388499693416,572.699450666635,0,0
3,499,8,False,89,335.5,545,5.178444478673899,79.83616158309907,159.61972549623658,0,0
3,500,6,False,17,200.5,1257,4.045513654096228,28.601093482942378,353.9087705240957,0,0
3,501,6,False,30,242.0,1011,5.119882490943183,35.22361044873827,290.9255178603695,0,0
3,502,5,False,48,129.0,2045,11.108111590652594,41.25480907370161,488.0871461324502,0,0
3,503,6,False,43,159.5,1678,11.143042912873861,56.33181238540127,365.11831106279493,0,0
3,504,7,False,35,214.0,1013,6.129231821938381,77.55432461173432,258.09172119517405,0,0
3,505,4,False,4,50.0,2421,1.0195058517555267,9.077619812139542,597.821103791274,0,0
3,506,5,False,45,146.0,2005,7.177592856444632,23.489730916997196,544.5669012207079,0,0
3,507,5,False,5,88.0,1362,2.013003901170351,24.21010260937051,330.7440008768006,0,0
3,508,5,False,48,129.0,2045,11.108111590652594,41.25480907370161,488.0871461324502,0,0
3,509,6,False,35,65.0,2198,7.202793469020205,20.627808131733367,529.1448564979517,0,0
3,510,4,False,47,140.0,2198,7.171090905859457,41.78954970659763,526.2391569976688,0,0
3,511,4,False,4,50.0,2421,1.0195058517555267,9.077619812139542,597.8146018406889,0,0
3,512,6,False,39,226.5,1123,5.097529258777633,67.78487504110004,270.4904248039788,0,0
3,513,8,False,50,165.0,1067,13.323483149728517,28.804380892855555,285.7958602273165,0,0
3,514,8,False,17,223.0,796,8.220259130130838,44.649432301216564,209.2565797073974,0,0
3,515,6,False,37,155.5,1640,4.146316104398518,21.45658244739937,477.7419606861557,0,0
3,516,8,False,43,177.0,758,11.078023407022107,46.16356885995184,187.48784698051784,0,0
3,517,7,False,26,62.0,1746,7.013003901170351,16.160127195334,456.9975769496225,0,0
3,518,6,False,39,301.0,1218,5.097529258777633,86.02189298589121,261.06452482441773,0,0
3,519,5,False,48,129.0,1431,11.108111590652594,41.24830712311643,335.329064607765,0,0
3,520,4,False,8,52.0,2413,2.045513654096229,9.071117861554367,596.8044453199285,0,0
3,521,6,False,43,159.5,1678,11.136540962288686,56.33181238540127,365.11465649261976,0,0
3,522,5,False,26,64.0,1854,11.05851755526658,20.100376639187655,434.63438672831916,0,0
3,523,7,False,22,132.0,1038,5.051208414916275,18.49865443687776,328.70317410712966,0,0
3,524,5,False,45,172.0,1178,9.190596757614983,29.7095642360134,327.7491135723405,0,0
3,525,6,False,39,210.0,1014,5.097529258777633,32.586665891567016,290.90601200861397,0,0
3,526,5,False,48,182.0,1431,11.108111590652594,61.34949095206922,335.31606070659467,0,0
3,527,4,False,4,626.0,1269,1.0195058517555267,149.67793979993542,316.60015077416165,0,0
3,528,6,False,44,81.0,1769,10.259270833641892,20.7273775811559,403.06221507682375,0,0
3,529,7,False,35,214.0,1013,6.129231821938381,77.54782266114914,258.08521924458887,0,0
3,530,6,False,43,90.0,1370,11.120308302057815,25.670283716094325,387.70660355281984,0,0
3,531,7,False,22,132.0,1038,5.051208414916275,18.49865443687776,328.70317410712966,0,0
3,532,6,False,43,167.5,1678,11.136540962288686,58.34623997677663,365.11100192244464,0,0
3,533,6,False,27,67.0,2223,8.009349330995198,16.16093438509913,546.4240589944637,0,0
3,534,6,False,39,226.5,1123,5.097529258777633,67.78487504110004,270.4766137130433,0,0
3,535,5,False,45,62.0,1837,9.190596757614983,18.164588955274283,478.9939223794473,0,0
3,536,5,False,48,182.0,2045,11.108111590652594,44.35437852312413,488.0790298023348,0,0
3,537,7,False,26,62.0,1746,7.013003901170351,15.054862985091427,457.0004243300325,0,0
3,538,5,False,10,177.0,1303,3.013003901170351,30.72907008776893,309.57802266648105,0,0
3,539,6,False,44,80.0,1769,10.266579973992197,20.72372301098074,403.0557131262386,0,0
3,540,7,False,38,132.0,1269,12.082103788311892,23.537666140388815,350.43352162824243,0,0
3,541,6,False,38,87.5,1278,5.097529258777633,32.57436883684696,272.3282574179999,0,0
3,542,5,False,64,77.0,1242,18.14712329416365,20.100376639187655,301.33922112852537,0,0
3,543,4,False,4,109.5,2302,1.0195058517555267,15.695271423112583,584.5516764368718,0,0
3,544,7,False,22,130.0,1038,5.05771036550145,18.492152486292586,328.70317410712966,0,0
3,545,7,False,13,68.0,2207,1.028855182750725,16.14793048392878,547.1952577231028,0,0
3,546,6,False,44,81.0,1769,10.259270833641892,20.7273775811559,403.0557131262386,0,0
3,547,6,False,39,210.0,1014,5.097529258777633,32.57548927548424,290.90520481884886,0,0
3,548,8,False,17,273.5,796,4.070714266671801,49.13683199492878,207.24561599687195,0,0
3,549,8,False,25,163.5,1526,6.119075301178053,21.86555513920691,466.3843534039711,0,0
3,550,5,False,48,129.0,1895,11.108111590652594,41.23530322194608,473.6161583099076,0,0
3,551,5,False,10,233.0,1303,3.013003901170351,32.89204466351295,309.57802266648105,0,0
3,552,6,False,43,369.0,1039,6.129231821938381,61.24698377622626,305.7263345290603,0,0
3,553,6,False,39,210.0,1014,5.097529258777633,32.57691296568925,290.9023574384388,0,0
3,554,7,False,26,89.0,981,7.013003901170351,25.206448039195358,229.91740153025407,0,0
3,555,5,False,48,129.0,1431,11.108111590652594,41.23530322194608,335.3124061364195,0,0
3,556,7,False,10,206.0,1038,5.0,40.61326797811553,328.70602148753966,0,0
3,557,7,False,38,132.0,1269,12.082103788311892,23.53116418980364,350.4392163890625,0,0
3,558,5,False,45,146.0,2005,7.177592856444632,23.470225065241667,544.5644796514125,0,0
3,559,4,False,32,56.0,2381,10.097529258777634,11.10241682983255,584.6679043576398,0,0
3,560,4,False,4,50.0,2421,1.0195058517555267,9.074368836846952,597.8020237506331,0,0
3,561,6,False,44,81.0,1769,10.259270833641892,20.727377581155896,403.0614078870586,0,0
3,562,6,False,40,172.0,1678,11.136540962288686,56.33323607560628,365.093536261334,0,0
3,563,6,False,27,67.0,2223,8.009349330995198,16.15768340980654,546.4130952839382,0,0
3,564,8,False,53,181.5,758,14.117035110533159,49.188982378084724,187.4841924103427,0,0
3,565,6,False,39,226.5,1123,5.100376639187656,67.78487504110002,270.466457192283,0,0
3,566,8,False,34,162.0,958,9.124770061998099,36.752578193731466,270.82798860159187,0,0
3,567,5,False,48,129.0,1431,11.108111590652594,41.23530322194608,335.3124061364195,0,0
3,568,5,False,10,177.0,1303,3.013003901170351,30.726222707358904,309.5837174273011,0,0
3,569,7,False,36,132.0,1269,14.019505851755527,23.53116418980364,350.44206376947255,0,0
3,570,6,False,44,81.0,1769,10.259270833641892,20.724126605863308,403.06425526746864,0,0
3,571,6,False,27,62.0,2235,8.009349330995198,16.151181459221366,546.4252919953435,0,0
3,572,6,False,43,74.5,1374,11.12315568246784,20.63696677340332,390.7143385042848,0,0
3,573,4,False,32,56.0,2381,10.097529258777634,11.10241682983255,584.6670971678748,0,0
3,574,6,False,19,150.0,1640,4.146316104398518,19.86778601917705,477.73018978586515,0,0
3,575,5,False,48,182.0,1895,11.108111590652594,58.810748064966184,473.6238932613725,0,0
3,576,4,False,4,109.5,2302,1.0195058517555267,15.695271423112583,584.5565640079268,0,0
3,577,6,False,39,116.0,1218,5.100376639187656,36.18084383173722,272.33679955923,0,0
3,578,6,False,44,81.0,1769,10.259270833641892,20.724126605863308,403.0614078870586,0,0
3,579,6,False,34,377.5,883,3.132079202348404,67.20837566759778,256.5190793000998,0,0
3,580,8,False,49,119.0,1549,13.104031209362809,36.19833170907992,358.16140314759576,0,0
3,581,7,False,36,132.0,1269,14.019505851755527,23.53116418980364,350.44206376947255,0,0
3,582,5,False,45,146.0,2005,7.177592856444632,23.470225065241667,544.5608250812373,0,0
3,583,7,False,26,62.0,1746,7.013003901170351,16.162974575744023,457.00611909085256,0,0
3,584,5,False,45,105.0,2198,10.129231821938381,32.19140394738012,522.2932127929951,0,0
3,585,6,False,39,226.5,1123,5.100376639187656,67.78487504110002,270.4628026221078,0,0
3,586,7,False,10,246.0,1307,2.0390117035110533,46.48565053570741,307.7939762908371,0,0
3,587,4,False,4,50.0,2421,1.0195058517555267,9.074368836846952,597.7918672298729,0,0
3,588,6,False,27,62.0,2235,8.009349330995198,16.151181459221366,546.4187900447583,0,0
3,589,5,False,40,63.0,2294,8.171090905859458,14.032509752925877,564.5285160149411,0,0
3,590,7,False,36,132.0,1269,14.019505851755527,23.53116418980364,350.44206376947255,0,0
3,591,8,False,50,92.5,1812,10.133312203228167,19.1993295881703,477.4239471727623,0,0
3,592,7,False,10,247.0,1307,2.0390117035110533,48.47914858512223,307.7968236712472,0,0
3,593,6,False,19,150.0,1640,4.146316104398518,19.86778601917705,477.72084045487,0,0
3,594,6,False,18,99.0,1364,4.052015604681404,25.098952948982646,370.75861915750124,0,0
3,595,8,False,33,113.0,1519,14.051208414916275,24.204407848550463,354.2378121750876,0,0
3,596,5,False,48,182.0,1431,11.108111590652594,61.34298900148404,335.3030568054243,0,0
3,597,7,False,38,132.0,1269,12.082103788311892,23.53116418980364,350.44206376947255,0,0
3,598,6,False,39,210.0,1014,5.100376639187656,32.57366199039666,290.9137469600789,0,0
3,599,8,False,17,273.5,796,4.070714266671801,49.1411030655438,207.251310757692,0,0
3,600,6,False,43,90.0,1370,11.12315568246784,25.670283716094325,387.70498917328956,0,0
3,601,4,False,4,109.5,2302,1.0195058517555267,15.695271423112583,584.5557568181616,0,0
3,602,5,False,45,105.0,2198,10.129231821938381,32.19140394738012,522.3017549342252,0,0
3,603,6,False,34,374.5,1039,3.132079202348404,62.746580181343695,305.73487667029036,0,0
3,604,7,False,10,122.0,1907,5.0,10.457176731607182,483.13781691455046,0,0
3,605,6,False,42,146.5,1984,11.151585054103931,37.78549154153991,456.83238149121274,0,0
3,606,5,False,45,146.0,2005,7.177592856444632,23.470225065241667,544.5608250812373,0,0
3,607,6,False,23,123.5,1376,5.100376639187656,19.773507735692007,365.0575970627179,0,0
3,608,5,False,64,96.0,2088,12.26862016463709,26.201560468140443,479.85108015320316,0,0
3,609,6,False,34,374.5,883,3.132079202348404,62.746580181343695,256.5190793000998,0,0
3,610,8,False,49,119.0,1549,13.104031209362809,36.19833170907992,358.1549011970106,0,0
3,611,7,False,36,132.0,1269,14.019505851755527,23.536858950623685,350.4392163890625,0,0
3,612,5,False,48,182.0,1895,11.108111590652594,58.810748064966184,473.6173913107873,0,0
3,613,8,False,33,113.0,1519,14.051208414916275,24.204407848550463,354.2349647946776,0,0
3,614,6,False,33,90.0,1370,9.096340690362005,26.68369121214724,387.70214179287956,0,0
3,615,5,False,35,74.0,1313,9.113380540358007,35.0520156046814,290.39531711449655,0,0
3,616,8,False,17,273.5,796,8.200753278375313,49.14252675574882,207.251310757692,0,0
3,617,4,False,4,109.5,2302,1.0195058517555267,15.695271423112583,584.5622587687468,0,0
3,618,6,False,39,210.0,1014,5.100376639187656,32.57366199039666,290.9165943404889,0,0
3,619,5,False,45,146.0,2005,7.177592856444632,23.470225065241667,544.5608250812373,0,0
3,620,5,False,45,105.0,2198,10.129231821938381,32.19140394738012,522.3017549342252,0,0
3,621,5,False,64,96.0,2088,12.26862016463709,26.201560468140443,479.85108015320316,0,0
3,622,7,False,35,90.0,1174,9.08087078743213,14.032509752925877,311.44287095923767,0,0
3,623,8,False,50,92.0,1827,10.133312203228167,17.657470504249225,482.4361438841675,0,0
3,624,8,False,39,265.0,1009,4.139432775162845,54.0642904431694,258.11692180774963,0,0
3,625,7,False,10,98.0,1934,5.0,10.35845890441392,480.2573180268431,0,0
3,626,7,False,38,50.0,1769,10.078023407022107,18.087372738017304,403.06710264787864,0,0
3,627,6,False,39,114.5,1809,5.100376639187656,17.188578783202157,449.8665056236689,0,0
3,628,4,False,4,50.0,2421,1.0195058517555267,9.074368836846952,597.8004093711029,0,0
3,629,8,False,17,273.5,796,8.203600658785335,49.143950445953834,207.251310757692,0,0
3,630,6,False,44,81.0,1769,10.259270833641892,20.727377581155896,403.06995002828864,0,0
3,631,7,False,36,49.0,1370,8.071947267551565,19.095914879247374,387.6984872227044,0,0
3,632,8,False,24,152.5,823,3.013003901170351,28.765582094901816,212.5812958580057,0,0
3,633,4,False,19,291.5,1923,12.135733772523556,84.26112033496153,436.3070238839306,0,0
3,634,7,False,10,81.0,2110,5.0,10.35845890441392,550.4983160096093,0,0
3,635,5,False,5,212.0,1790,1.0195058517555267,67.3275635310183,435.63077659060815,0,0
3,636,6,False,23,123.5,1376,5.100376639187656,19.774931425897016,365.06044444312795,0,0
3,637,5,False,45,373.0,1567,10.166629145919174,70.76442722110482,391.6643630902483,0,0
3,638,6,False,43,369.0,1039,6.129231821938381,61.250851251958736,305.7283747197052,0,0
3,639,5,False,10,177.0,1303,3.013003901170351,30.72907008776893,309.57721547671593,0,0
3,640,6,False,42,146.5,1984,11.145083103518756,37.78549154153991,456.8380762520328,0,0
3,641,5,False,35,74.0,1313,9.113380540358007,35.0520156046814,290.3888151639114,0,0
3,642,6,False,26,61.0,2059,7.013003901170351,14.054862985091427,485.55618262927624,0,0
3,643,4,False,4,109.5,2302,1.0195058517555267,15.696695113317594,584.5521022479865,0,0
3,644,4,False,35,73.0,2344,8.184094807029808,17.61297694547544,573.5549496283965,0,0
3,645,6,False,18,99.0,1433,4.052015604681404,25.098952948982646,383.8305664250528,0,0
3,646,6,False,43,159.5,1678,11.136540962288686,56.33323607560628,365.0919218818037,0,0
3,647,8,False,49,119.0,1549,13.097529258777634,36.19833170907992,358.1549011970106,0,0
3,648,5,False,45,116.0,2198,10.129231821938381,34.25561626346674,522.30094774446,0,0
3,649,7,False,46,142.0,1039,7.132505013463037,35.160127195334,305.7283747197052,0,0
3,650,7,False,35,109.0,1509,11.04551365409623,23.273507735692007,350.1365839136707,0,0
3,651,5,False,69,96.0,2060,12.26862016463709,26.201560468140443,471.80191192893176,0,0
3,652,7,False,10,81.0,2110,5.0,10.35845890441392,550.4983160096093,0,0
3,653,5,False,45,146.0,2005,7.177592856444632,23.470225065241667,544.5543231306522,0,0
3,654,4,False,32,56.0,2381,10.097529258777634,11.10384052003756,584.6597880275244,0,0
3,655,8,False,49,119.0,1549,13.097529258777634,36.19833170907992,358.1549011970106,0,0
3,656,8,False,34,263.0,747,8.154432434513954,49.14537413615884,207.251310757692,0,0
3,657,6,False,39,165.0,1809,5.100376639187656,33.209508325162695,449.8600036730837,0,0
3,658,7,False,44,54.0,1769,7.188556566970091,18.087372738017304,403.0727974086987,0,0
3,659,7,False,26,62.0,1552,7.013003901170351,16.162974575744023,417.715952883815,0,0
3,660,5,False,45,52.0,2198,10.129231821938381,12.083718167842152,522.30094774446,0,0
3,661,6,False,30,271.0,1535,12.091027308192457,42.106362432647785,395.922826734125,0,0
3,662,4,False,4,50.0,2421,1.0195058517555267,9.074368836846952,597.7996021813377,0,0
3,663,7,False,36,49.0,1370,8.071947267551565,19.095914879247374,387.70133460311445,0,0
3,664,5,False,45,373.0,1567,10.166629145919174,70.76442722110482,391.6643630902483,0,0
3,665,8,False,49,108.0,1549,13.097529258777634,33.66703274080174,358.1483992464254,0,0
3,666,6,False,43,370.0,883,6.129231821938381,61.250851251958736,256.5190793000998,0,0
3,667,5,False,45,116.0,2198,10.132079202348404,34.25561626346674,522.2944457938748,0,0
3,668,4,False,19,291.5,1923,12.135733772523556,84.26112033496153,436.3033693137554,0,0
3,669,5,False,45,313.0,1659,9.190596757614983,61.11566585009672,438.76749824491765,0,0
3,670,7,False,38,161.0,1223,12.082103788311892,23.273507735692007,337.27211699956456,0,0
3,671,5,False,69,96.0,2060,12.26862016463709,26.201560468140443,471.7982573587566,0,0
3,672,5,False,4,179.0,1304,1.0195058517555267,31.72907008776893,309.58006285712594,0,0
3,673,5,False,45,373.0,1567,10.166629145919174,70.76442722110482,391.6643630902483,0,0
3,674,7,False,49,111.0,883,5.139814153813342,23.171090905859458,256.5190793000998,0,0
3,675,8,False,22,94.0,1626,6.032509752925877,30.663568859951834,379.3560802865005,0,0
3,676,6,False,39,116.0,1218,5.100376639187656,36.18084383173722,272.3237956580596,0,0
3,677,6,False,43,226.0,1416,11.136540962288686,27.690293506047258,386.51804698584976,0,0
3,678,7,False,10,81.0,2110,5.0,10.351956953828745,550.4946614394341,0,0
3,679,4,False,35,73.0,2344,8.184094807029808,17.609725970182854,573.5512950582213,0,0
3,680,6,False,36,87.5,2147,10.129231821938381,19.7700438548421,519.8848229070088,0,0
3,681,7,False,41,187.0,1640,8.149544863459038,31.57387489595398,472.082953929459,0,0
3,682,7,False,26,62.0,1552,7.013003901170351,16.162974575744023,417.7122983136399,0,0
3,683,5,False,45,271.0,1659,9.190596757614983,38.80390916819465,438.76749824491765,0,0
3,684,7,False,5,88.0,1785,1.0195058517555267,28.17393828626948,426.5539861844658,0,0
3,685,6,False,39,217.0,1208,5.100376639187656,71.83567986113374,255.46118824257755,0,0
3,686,7,False,38,136.0,1683,12.082103788311892,23.273507735692007,456.226804032098,0,0
3,687,6,False,18,99.0,1364,4.052015604681404,25.098952948982646,370.7383061159806,0,0
3,688,7,False,10,247.0,1307,2.0390117035110533,48.481995965532256,307.8045586227121,0,0
3,689,5,False,48,220.0,1515,11.108111590652594,45.440518260261676,360.2776310683638,0,0
3,690,4,False,4,109.5,2302,1.0195058517555267,15.696695113317594,584.5374839672859,0,0
3,691,6,False,23,64.5,2252,6.052015604681404,10.725359606743071,553.0818771827448,0,0
3,692,5,False,45,373.0,1567,10.166629145919174,70.76727460151486,391.65135918907794,0,0
3,693,6,False,43,370.0,893,6.129231821938381,61.250447657076165,298.39758242962637,0,0
3,694,7,False,41,187.0,1640,8.149544863459038,31.576722276364002,472.0764519788738,0,0
3,695,4,False,32,56.0,2381,10.097529258777634,11.10384052003756,584.6423223664139,0,0
3,696,6,False,34,92.0,1915,9.125577251763229,24.20096618393263,477.3719315680809,0,0
3,697,4,False,19,291.5,1923,12.135733772523556,84.25786935966894,436.28955822281995,0,0
3,698,6,False,44,81.0,2016,10.259270833641892,20.72555029606832,503.3845096581366,0,0
3,699,5,False,4,266.0,1757,1.0195058517555267,61.55513180149945,465.3825138999559,0,0
3,700,7,False,10,247.0,1307,2.0390117035110533,48.481995965532256,307.8017112423021,0,0
3,701,6,False,39,130.0,1809,5.100376639187656,19.220281346362906,449.83969063156303,0,0
3,702,6,False,23,55.0,2280,6.052015604681404,10.139197653373461,571.2448517584888,0,0
3,703,7,False,41,64.0,2048,10.117460921647792,13.11622792076803,502.8482327727931,0,0
3,704,7,False,36,136.0,1683,14.019505851755527,20.307250489497648,456.229651412508,0,0
3,705,7,False,26,62.0,1552,7.013003901170351,15.054862985091427,417.72084045487,0,0
3,706,5,False,44,96.0,2108,12.123962872232969,26.204407848550463,484.90879051870456,0,0
3,707,5,False,45,146.0,1840,7.177592856444632,23.463723114656492,512.8556781727001,0,0
3,708,6,False,44,81.0,1988,10.259270833641892,20.72555029606832,486.5292113830049,0,0
3,709,7,False,10,247.0,1307,2.0390117035110533,48.481995965532256,307.81025338353214,0,0
3,710,6,False,35,49.0,2280,7.144275913753625,9.59774216433495,571.2476991388988,0,0
3,711,5,False,48,129.0,1555,11.108111590652594,41.23815060235611,400.55140836100486,0,0
3,712,6,False,18,99.0,1433,4.052015604681404,25.098952948982646,383.8261046651125,0,0
3,713,7,False,39,334.0,1009,6.129231821938381,63.513272717578374,258.11326723757446,0,0
3,714,7,False,10,132.0,1358,5.0,18.504349197697806,367.2039575995806,0,0
3,715,7,False,41,285.0,1347,8.149544863459038,31.582417037184047,356.8143337648219,0,0
3,716,7,False,36,161.0,1223,14.019505851755527,23.227994081595778,337.2619604788042,0,0
3,717,4,False,32,56.0,2381,10.097529258777634,11.10384052003756,584.657366458229,0,0
3,718,4,False,4,109.5,2302,1.0195058517555267,15.698118803522606,584.5468332982811,0,0
3,719,4,False,19,268.5,1969,12.135733772523556,69.29484087253512,466.23716123948805,0,0
3,720,8,False,34,263.0,747,8.157279814923976,49.14497054127628,207.24480880710684,0,0
3,721,6,False,39,205.5,1728,5.100376639187656,59.2393613870038,397.7978759801061,0,0
3,722,7,False,44,63.0,1769,6.2369176014763426,18.09022011842733,403.0740304095784,0,0
3,723,7,False,26,62.0,1769,7.013003901170351,15.080063597667,460.11180911220976,0,0
3,724,6,False,23,64.5,2252,6.052015604681404,10.725359606743071,553.09692127456,0,0
3,725,7,False,10,122.0,1156,5.0,10.450674781022006,326.7040257293589,0,0
3,726,7,False,28,149.0,872,11.103224019597679,54.3726513739999,204.13465702580933,0,0
3,727,8,False,26,147.0,1481,8.363727854119334,24.24790352823387,426.5631792612955,0,0
3,728,5,False,48,182.0,1555,11.108111590652594,61.33933443130889,400.5607576920001,0,0
3,729,6,False,44,81.0,1769,10.252768883056717,20.722299320775733,403.0740304095784,0,0
3,730,6,False,38,87.5,1278,5.100376639187656,32.57111786155437,272.30348261653893,0,0
3,731,4,False,4,109.5,2302,1.0195058517555267,15.698118803522606,584.5366767775207,0,0
3,732,8,False,19,165.5,1640,3.026007802340702,19.847898788771026,472.0727974086987,0,0
3,733,6,False,27,67.0,2223,8.009349330995198,16.155856124718966,546.4017501947623,0,0
3,734,5,False,69,96.0,2060,12.26862016463709,26.204407848550463,471.7929884090512,0,0
3,735,6,False,46,75.0,1768,11.130039011703511,20.1822897381743,465.3328754321057,0,0
3,736,8,False,22,79.0,1053,3.087372738017305,12.173938286269479,251.84549869516664,0,0
3,737,7,False,41,64.0,2048,10.117460921647792,13.119075301178054,502.85677491402316,0,0
3,738,5,False,45,134.0,1840,9.190596757614983,20.386506897399517,512.8556781727001,0,0
3,739,7,False,10,247.0,1307,2.0390117035110533,48.481995965532256,307.80659881335697,0,0
3,740,6,False,38,87.5,1278,5.100376639187656,32.57111786155437,272.30348261653893,0,0
3,741,7,False,26,132.0,1532,7.013003901170351,24.335298482483243,414.679788560714,0,0
3,742,4,False,32,56.0,2381,10.097529258777634,11.10384052003756,584.6472099374687,0,0
3,743,6,False,35,49.0,2280,7.144275913753625,9.59774216433495,571.2440445687237,0,0
3,744,6,False,28,100.0,1988,9.096722069012504,21.300322727797838,486.5385607140001,0,0
3,745,6,False,43,287.5,1416,11.136540962288686,54.15920744332639,386.52943650748983,0,0
3,746,7,False,10,57.0,1567,3.027240803220465,6.054055795326297,393.4672643820481,0,0
3,747,8,False,22,79.0,1053,3.087372738017305,12.173938286269479,251.83899674458146,0,0
3,748,7,False,41,64.0,2048,10.117460921647792,13.119075301178054,502.85312034384805,0,0
3,749,7,False,49,142.0,893,5.148356295043411,35.160127195334,298.4004298100364,0,0
3,750,8,False,38,131.5,1423,8.061364935676602,24.24790352823387,421.4302928691819,0,0
3,751,6,False,39,213.0,1677,5.100376639187656,46.60557745911473,408.91670616219034,0,0
3,752,7,False,28,149.0,1181,11.103224019597679,54.3726513739999,259.9491040934148,0,0
3,753,4,False,19,268.5,1969,12.135733772523556,69.29484087253512,466.2270047187277,0,0
3,754,6,False,31,90.0,2147,11.070714266671802,19.764965594461938,519.8925578584738,0,0
3,755,7,False,26,85.0,1532,7.013003901170351,19.05771036550145,414.679788560714,0,0
3,756,5,False,10,177.0,1303,3.013003901170351,30.722568137183753,309.585757617946,0,0
3,757,8,False,28,104.0,1683,6.091027308192458,19.052632105121283,456.21664751133767,0,0
3,758,5,False,69,96.0,2060,12.26862016463709,26.204407848550463,471.786486458466,0,0
3,759,7,False,22,132.0,1347,5.05771036550145,18.504349197697806,368.16129132589435,0,0
3,760,6,False,23,64.5,1933,6.052015604681404,10.725359606743071,531.5547489417668,0,0
3,761,6,False,39,170.5,1728,5.100376639187656,45.248710717998996,397.77837012835056,0,0
3,762,5,False,45,146.0,1840,7.177592856444632,23.457221164071317,512.8556781727001,0,0
3,763,6,False,27,62.0,2265,8.002847380410023,15.594087594159795,548.5102431640654,0,0
3,764,6,False,43,287.5,1416,11.136540962288686,54.15920744332639,386.5135852259095,0,0
3,765,8,False,59,248.5,823,14.132886392113534,52.37571165996724,215.2773185600327,0,0
3,766,6,False,18,99.0,1433,4.052015604681404,25.098952948982646,383.8159481443522,0,0
3,767,7,False,28,149.0,872,11.103224019597679,54.3726513739999,204.13465702580933,0,0
3,768,8,False,29,75.5,1053,3.087372738017305,11.167436335684304,251.8324947939963,0,0
3,769,7,False,30,96.0,1774,9.067059696496647,26.09387468860248,422.5438296637055,0,0
3,770,5,False,50,118.0,2055,8.181247426619786,21.212949989780533,548.845385392383,0,0
3,771,6,False,31,88.5,2147,11.070714266671802,21.764965594461938,519.8860559078886,0,0
3,772,4,False,19,639.0,1228,12.135733772523556,126.87771741545242,351.0547496823079,0,0
3,773,8,False,38,105.5,1423,8.061364935676602,22.673534691386912,421.42094353818675,0,0
3,774,7,False,26,132.0,1532,7.013003901170351,24.328796531898067,414.679788560714,0,0
3,775,5,False,69,96.0,2060,12.26862016463709,26.204407848550463,471.786486458466,0,0
3,776,7,False,39,334.0,1009,6.129231821938381,63.51612009798839,258.11326723757446,0,0
3,777,4,False,4,50.0,2421,1.0195058517555267,9.074368836846952,597.7805221406969,0,0
3,778,6,False,33,49.0,2280,7.086565548252175,9.59774216433495,571.2403899985485,0,0
3,779,6,False,46,197.5,1391,12.088605738897067,22.878368351052014,394.73303716627515,0,0
3,780,6,False,39,213.0,1677,5.100376639187656,46.605173864232164,408.91020421160516,0,0
3,781,4,False,19,67.0,2372,12.135733772523556,31.046937344301238,542.7183500152552,0,0
3,782,7,False,10,132.0,1347,5.0,18.504349197697806,368.16413870630436,0,0
3,783,7,False,32,88.0,1743,14.160127195333999,28.176785666679503,417.4564569256882,0,0
3,784,8,False,28,104.0,1683,6.091027308192458,19.052632105121283,456.21299294116255,0,0
3,785,6,False,39,170.5,1728,5.100376639187656,45.248710717998996,397.7710609880003,0,0
3,786,6,False,18,99.0,1433,4.052015604681404,25.098952948982646,383.80579162359186,0,0
3,787,8,False,30,111.0,1170,8.052015604681404,36.61195685015299,227.9448430201042,0,0
3,788,7,False,41,64.0,2048,10.117460921647792,13.119075301178054,502.8242651610973,0,0
3,789,6,False,23,55.0,2280,6.052015604681404,10.137370368285884,571.2273860973781,0,0
3,790,5,False,69,96.0,2060,12.26862016463709,26.19790589796529,471.78283188829084,0,0
3,791,6,False,43,370.0,893,6.132079202348404,61.24781318222346,298.39758242962637,0,0
3,792,8,False,53,181.5,758,14.117035110533159,49.19182975849475,187.46591955946693,0,0
3,793,8,False,30,111.0,1170,8.052015604681404,36.61195685015299,227.9419956396942,0,0
3,794,7,False,10,57.0,1567,3.0207388526352896,6.054055795326297,393.4571078612878,0,0
3,795,5,False,48,129.0,1555,11.108111590652594,41.23815060235611,400.55060117123975,0,0
3,796,7,False,26,245.0,1279,7.013003901170351,59.468992064361906,364.2046759244174,0,0
3,797,6,False,39,208.0,1677,5.09387468860248,44.595824533236964,408.90370226102,0,0
3,798,5,False,45,134.0,2098,9.190596757614983,19.21703037107032,557.8990153765948,0,0
3,799,6,False,31,90.0,2147,11.070714266671802,19.76638928466695,519.8722448169531,0,0
3,800,8,False,28,104.0,1683,6.091027308192458,19.052632105121283,456.21584032157256,0,0
3,801,8,False,38,54.0,1064,13.041859083921077,18.036780823540912,261.182367124716,0,0
3,802,8,False,53,181.5,758,14.117035110533159,49.19182975849475,187.46876693987696,0,0
3,803,8,False,30,111.0,1170,8.052015604681404,36.61195685015299,227.9419956396942,0,0
3,804,4,False,4,109.5,2302,1.0195058517555267,15.698118803522606,584.516363736,0,0
3,805,6,False,39,208.0,1677,5.09387468860248,44.595824533236964,408.90370226102,0,0
3,806,6,False,44,81.0,1988,10.252768883056717,20.722299320775733,486.5154002920694,0,0
3,807,6,False,14,59.5,2150,1.0382045137459233,12.59854935410008,524.9945488771916,0,0
3,808,5,False,48,182.0,1555,11.108111590652594,61.342181811718916,400.55060117123975,0,0
3,809,7,False,26,245.0,1279,7.013003901170351,59.468992064361906,364.2046759244174,0,0
3,810,4,False,8,52.0,2413,2.0390117035110533,9.071117861554367,596.750859768181,0,0
3,811,8,False,84,161.0,1423,5.221492131010602,34.96574108906932,421.42013634842164,0,0
3,812,8,False,18,170.0,866,5.067866886261778,23.36213569082114,256.79951479749167,0,0
3,813,5,False,60,68.0,1869,11.2661985953417,12.189789567849854,474.1528610063657,0,0
3,814,6,False,39,213.0,1677,5.09387468860248,46.603346579144585,408.90370226102,0,0
3,815,6,False,34,79.5,2170,7.1487376736939074,16.65625971960153,540.0644559540983,0,0
3,816,5,False,69,96.0,2060,12.26862016463709,26.204407848550463,471.7877194593458,0,0
3,817,4,False,4,109.5,2302,1.0195058517555267,15.698118803522606,584.5249058772301,0,0
3,818,5,False,45,118.0,2055,6.132079202348404,21.212949989780533,548.8409236324428,0,0
3,819,8,False,36,56.0,1064,13.041859083921077,18.551208414916275,261.185214505126,0,0
3,820,8,False,59,290.5,700,14.135733772523556,68.55534470705676,215.2679692290375,0,0
3,821,8,False,29,217.5,844,3.11703511053316,55.59680019609527,265.3358361152993,0,0
3,822,7,False,10,61.0,1640,3.0207388526352896,7.045513654096228,477.6867163224138,0,0
3,823,8,False,30,111.0,1170,8.052015604681404,36.61195685015299,227.94038126016392,0,0
3,824,8,False,53,181.5,758,14.119882490943183,49.19182975849475,187.4630721790569,0,0
3,825,5,False,45,105.0,2198,10.132079202348404,32.18774937720496,522.2615546622984,0,0
3,826,8,False,37,56.5,898,7.187367998554464,19.052632105121283,294.73368810187475,0,0
3,827,5,False,4,179.0,1191,1.0195058517555267,31.7095642360134,331.8210608398921,0,0
3,828,8,False,39,206.0,1009,5.148356295043411,55.81434672429064,258.1031107168141,0,0
3,829,7,False,44,57.0,1769,9.34868376230409,15.145083103518756,403.05210298852757,0,0
3,830,6,False,39,208.0,1677,5.09387468860248,44.597864723881855,408.90654964143,0,0
3,831,8,False,29,217.5,833,3.11703511053316,55.59680019609527,259.3329887348893,0,0
3,832,8,False,30,111.0,1170,8.052015604681404,36.61195685015299,227.94038126016392,0,0
3,833,8,False,53,181.5,758,14.119882490943183,49.19182975849475,187.46876693987696,0,0
3,834,6,False,30,86.5,1378,5.119882490943183,19.66907293144663,340.1583995130202,0,0
3,835,4,False,4,50.0,2421,1.0195058517555267,9.074368836846952,597.7622492898212,0,0
3,836,8,False,32,203.0,1347,5.0650195058517555,28.848728194768228,356.7781694417209,0,0
3,837,7,False,26,245.0,1279,7.013003901170351,59.468992064361906,364.2075233048274,0,0
3,838,8,False,37,99.0,1683,7.187367998554464,19.052632105121283,456.1999890399922,0,0
3,839,7,False,26,70.0,2048,10.061364935676602,15.141428533343602,502.82549816197707,0,0
3,840,5,False,69,96.0,2060,12.26862016463709,26.19790589796529,471.7869122695806,0,0
3,841,5,False,60,68.0,1869,11.2661985953417,12.189789567849854,474.1520538166006,0,0
3,842,6,False,27,62.0,2265,8.0,15.594087594159795,548.5070144050048,0,0
3,843,6,False,43,287.5,1416,11.130039011703511,54.15412918294622,386.52416755778444,0,0
3,844,5,False,45,118.0,2055,6.1349265827584265,21.212949989780533,548.8250723508625,0,0
3,845,5,False,45,373.0,1567,10.160127195333999,70.74776874975933,391.6481304300174,0,0
3,846,7,False,45,58.0,2169,9.054862985091427,16.145083103518754,530.2140008175573,0,0
3,847,7,False,44,57.0,1769,9.34868376230409,15.145083103518756,403.0492556081175,0,0
3,848,4,False,4,153.0,2215,1.0195058517555267,21.590701840392665,572.7352780435498,0,0
3,849,8,False,39,259.5,1009,9.069907076906672,52.17161706028892,258.1059580972242,0,0
3,850,8,False,22,166.0,1287,5.0585175552665795,36.3240996501684,385.7570492104351,0,0
3,851,6,False,39,336.0,996,5.09387468860248,83.9599337660068,294.37641776587645,0,0
3,852,8,False,59,290.5,700,14.138581152933579,68.55067004155916,215.26146727845233,0,0
3,853,5,False,10,177.0,1189,3.013003901170351,30.715258996833448,331.82756279047726,0,0
3,854,7,False,17,132.0,1640,4.013003901170351,28.197524519314793,472.03663308559766,0,0
3,855,4,False,19,67.0,2372,12.135733772523556,31.046937344301238,542.7029245447894,0,0
3,856,8,False,37,99.0,1683,7.187367998554464,19.052632105121283,456.19918185022703,0,0
3,857,7,False,44,57.0,1988,9.34868376230409,15.147930483928779,486.507283961954,0,0
3,858,8,False,25,131.5,1599,7.181673237734418,23.388524871812344,429.72734240545515,0,0
3,859,6,False,43,287.5,1416,11.130039011703511,54.155149278268674,386.52416755778444,0,0
3,860,8,False,22,152.0,1287,5.0585175552665795,32.28447144621747,385.75054725984995,0,0
3,861,5,False,69,96.0,2060,12.26862016463709,26.19790589796529,471.7861050798155,0,0
3,862,4,False,4,50.0,2421,1.0195058517555267,9.074368836846952,597.764289480466,0,0
3,863,6,False,43,197.5,1391,11.12315568246784,22.883659516989493,394.72288064551486,0,0
3,864,4,False,19,66.5,2373,12.129231821938381,31.046937344301238,542.7122738757846,0,0
3,865,7,False,28,167.0,872,11.106071400007702,76.18490199679493,204.1310024556342,0,0
3,866,8,False,36,217.5,833,3.0808707874321293,55.59680019609527,259.3264867843041,0,0
3,867,6,False,36,65.0,2198,6.124770061998098,20.621306181148192,529.1595636435806,0,0
3,868,6,False,36,82.0,1378,5.09387468860248,19.66907293144663,340.1612468934302,0,0
3,869,4,False,4,153.0,2215,1.0195058517555267,21.588874555305086,572.7352780435498,0,0
3,870,6,False,34,123.0,1397,5.043899274565969,16.228610582035657,373.3331449890548,0,0
3,871,7,False,49,142.0,893,5.154051055863456,35.157279814923974,298.39677523986126,0,0
3,872,5,False,49,68.0,2280,10.093874688602481,12.15770562603861,571.2221171476727,0,0
3,873,7,False,28,167.0,1181,11.106071400007702,76.18490199679493,259.9409877632994,0,0
3,874,5,False,10,177.0,1189,3.013003901170351,30.715258996833448,331.82756279047726,0,0
3,875,8,False,37,54.5,2040,5.086991359366808,13.095298378807492,529.5031591482001,0,0
3,876,7,False,44,57.0,1988,9.34868376230409,15.147930483928779,486.5044365815439,0,0
3,877,6,False,43,287.5,1416,11.130039011703511,54.153725588063665,386.52416755778444,0,0
3,878,8,False,28,191.0,1017,5.091027308192458,43.90335605807027,295.7800089457361,0,0
3,879,8,False,33,105.5,1423,8.061364935676602,20.722702915658296,421.41363439783646,0,0
3,880,6,False,39,336.0,996,5.09387468860248,84.29536702696458,294.37641776587645,0,0
3,881,5,False,69,96.0,2060,12.26862016463709,26.19790589796529,471.7861050798155,0,0
3,882,6,False,43,197.5,1391,11.12315568246784,22.883659516989493,394.7163786949297,0,0
3,883,4,False,19,67.0,2372,12.135733772523556,31.046937344301238,542.6964225942043,0,0
3,884,7,False,32,369.0,776,4.045513654096228,75.0034294456902,225.42728923460638,0,0
3,885,4,False,4,109.5,2302,1.0195058517555267,15.699542493727616,584.5102875965296,0,0
3,886,8,False,37,54.5,2040,5.086991359366808,13.092047403514904,529.5060065286101,0,0
3,887,8,False,25,68.5,1580,7.175171287149243,14.605264210242572,426.679788560714,0,0
3,888,6,False,31,72.5,2174,11.070714266671802,19.64691038860633,528.9506940350898,0,0
3,889,7,False,10,132.0,1347,5.0,18.504349197697806,368.16821908759414,0,0
3,890,7,False,15,106.0,1763,6.1414285333436025,13.219451940365708,484.32357053357464,0,0
3,891,6,False,36,56.0,2235,9.009349330995198,16.146506793723766,546.4099109573418,0,0
3,892,6,False,36,82.0,1378,5.09387468860248,19.66907293144663,340.16409427384025,0,0
3,893,5,False,10,123.0,2169,3.013003901170351,10.442984262021204,563.6897643894536,0,0
3,894,6,False,34,123.0,1397,5.041051894155946,16.23145796244568,373.3331449890548,0,0
3,895,7,False,23,57.0,2234,6.052015604681404,11.257275075461136,555.2717111830588,0,0
3,896,7,False,24,167.0,1181,12.070714266671802,76.18490199679493,259.9466825241194,0,0
3,897,6,False,34,123.0,1926,5.041051894155946,16.23145796244568,515.8469997719134,0,0
3,898,6,False,31,72.5,2174,11.070714266671802,19.64691038860633,528.9535414154998,0,0
3,899,6,False,31,76.0,1195,6.1133805403580075,14.100398855419725,308.4619954323427,0,0
3,900,5,False,10,177.0,1189,3.013003901170351,30.70875704624827,331.82756279047726,0,0
3,901,4,False,19,67.0,2372,12.135733772523556,31.046937344301238,542.7049647354343,0,0
3,902,8,False,37,100.0,1681,7.190215378964487,19.052632105121283,458.11223492332437,0,0
3,903,5,False,31,69.0,1808,11.02235323216555,13.19306275937451,478.34307638533016,0,0
3,904,7,False,32,369.0,776,4.045513654096228,75.0034294456902,225.42728923460638,0,0
3,905,7,False,10,132.0,1347,5.0,18.504349197697806,368.1739138484142,0,0
3,906,6,False,39,131.0,1677,5.09387468860248,37.323696055285836,408.9028950712549,0,0
3,907,8,False,17,126.0,1073,6.019505851755526,23.256636358789187,254.54028839631388,0,0
3,908,6,False,39,53.5,1192,9.009349330995198,16.146506793723766,349.0575970627179,0,0
3,909,7,False,36,229.0,1296,6.124770061998098,38.55555761261408,317.8602732300328,0,0
3,910,5,False,58,70.0,2190,13.17474547603461,15.163781765509151,542.0705320935689,0,0
3,911,7,False,23,47.0,1786,4.045513654096228,8.02235323216555,456.9201800403447,0,0
3,912,7,False,39,176.0,997,9.067866886261779,41.27877668539742,263.62719089075244,0,0
3,913,7,False,21,90.0,1433,4.0585175552665795,26.108918780417724,375.29256333847763,0,0
3,914,5,False,45,373.0,1567,10.162974575744022,70.74776874975933,391.64447585984226,0,0
3,915,6,False,34,123.0,1397,5.041051894155946,16.23145796244568,373.3359923694648,0,0
3,916,7,False,34,176.0,997,7.128424632173251,41.27877668539742,263.62719089075244,0,0
3,917,8,False,41,68.5,1580,7.175171287149243,14.599569449422527,426.68263594112403,0,0
3,918,5,False,10,177.0,1491,3.013003901170351,30.70875704624827,402.25184839050803,0,0
3,919,7,False,59,155.0,1433,5.132886392113534,32.66566496144743,375.29541071888764,0,0
3,920,7,False,15,106.0,1763,6.1414285333436025,13.219451940365708,484.3321126748047,0,0
3,921,6,False,39,79.5,2072,5.09387468860248,19.66907293144663,517.7031496692744,0,0
3,922,8,False,4,95.5,1441,2.0028473804100226,19.233688842415823,384.49165780485856,0,0
3,923,7,False,28,149.0,1181,11.106071400007702,54.3726513739999,259.9438351437094,0,0
3,924,7,False,28,135.0,1897,5.0585175552665795,41.24707412223667,435.06207881726704,0,0
3,925,8,False,52,179.5,1005,5.158894194454236,43.958050570068515,286.02100692850223,0,0
3,926,6,False,34,123.0,1397,5.041051894155946,16.23145796244568,373.3323377992897,0,0
3,927,7,False,34,176.0,997,7.128424632173251,41.27877668539742,263.63003827116245,0,0
3,928,5,False,69,96.0,2060,12.26862016463709,26.194251327790138,471.7909926508704,0,0
3,929,4,False,19,67.0,2372,12.135733772523556,31.04368636900865,542.7106594962544,0,0
3,930,7,False,32,135.0,1773,6.091027308192458,46.09102730819246,403.90479900234305,0,0
3,931,7,False,36,229.0,1296,6.127617442408122,38.55555761261408,317.8623134206777,0,0
3,932,7,False,32,369.0,776,4.039011703511053,75.0034294456902,225.4301366150164,0,0
3,933,7,False,43,58.0,1769,9.34868376230409,15.139388342698709,403.05699055958246,0,0
3,934,5,False,10,229.0,1303,3.013003901170351,34.87742638281234,309.58210304777083,0,0
3,935,8,False,37,54.5,2040,5.084143978956785,13.093471093719916,529.5051993388449,0,0
3,936,8,False,15,94.0,1477,3.0390117035110533,19.19386994913964,414.39009259725526,0,0
3,937,5,False,58,70.0,2190,13.17474547603461,15.163781765509151,542.0725722842137,0,0
3,938,7,False,34,176.0,997,5.100376639187656,41.27877668539742,263.6235363205773,0,0
3,939,8,False,41,67.5,1580,7.175171287149243,14.599569449422527,426.6846761317689,0,0
3,940,4,False,4,50.0,2421,1.0195058517555267,9.071117861554365,597.7683698617558,0,0
3,941,6,False,34,123.0,1995,5.041051894155946,16.23145796244568,524.9408744605158,0,0
3,942,8,False,54,189.0,1005,6.158894194454236,46.967803495946285,286.0238543089123,0,0
3,943,7,False,44,57.0,1914,9.34868376230409,15.147930483928779,485.33865905785404,0,0
3,944,8,False,15,86.0,1477,3.0390117035110533,17.103436925154995,414.3807432662601,0,0
3,945,8,False,32,106.0,1356,4.075601837726716,11.746289148703609,408.6659774697785,0,0
3,946,7,False,21,137.0,1036,8.032509752925877,30.086565548252175,274.8222494083077,0,0
3,947,5,False,11,571.0,1296,10.0,152.40332162291057,267.7510175034287,0,0
3,948,6,False,36,121.0,1198,13.110533159947984,41.685731402792136,290.66297383520293,0,0
3,949,5,False,69,208.0,1792,12.26862016463709,74.50112043863729,422.52232805376923,0,0
3,950,8,False,39,206.0,1009,7.158131437153242,55.81434672429064,258.102303527049,0,0
3,951,7,False,32,369.0,776,4.039011703511053,75.00627682610022,225.42363466443123,0,0
3,952,5,False,10,123.0,2169,3.013003901170351,10.445831642431227,563.6824552491032,0,0
3,953,6,False,41,65.0,2198,6.145890293283885,20.621306181148192,529.1579492640503,0,0
3,954,6,False,36,121.0,1198,13.110533159947984,41.685731402792136,290.66297383520293,0,0
3,955,6,False,34,71.0,2174,11.065019505851755,19.64691038860633,528.9527342257347,0,0
3,956,8,False,53,181.5,758,12.163781765509151,46.68796228276227,187.46795975011182,0,0
3,957,8,False,15,94.0,1482,3.0390117035110533,19.19244625893463,412.4087912592457,0,0
3,958,8,False,38,54.5,2040,5.086991359366808,13.090220118427329,529.4958500078498,0,0
3,959,8,False,23,53.5,1665,7.1068785897728315,13.625577251763227,389.31545420345924,0,0
3,960,6,False,8,77.0,1989,2.013003901170351,10.676382071796937,491.5389865251147,0,0
3,961,4,False,19,67.0,2372,12.135733772523556,31.04368636900865,542.6956154044391,0,0
3,962,8,False,25,68.5,1580,7.175171287149243,14.603840520037561,426.6818287513589,0,0
3,963,8,False,30,111.0,1293,8.052015604681404,36.61195685015299,266.75386488383873,0,0
3,964,6,False,36,121.0,1198,13.110533159947984,41.685731402792136,290.66297383520293,0,0
3,965,5,False,58,70.0,2190,13.17474547603461,15.163781765509151,542.0697249038037,0,0
3,966,6,False,43,287.5,1416,11.130039011703511,54.15657296847368,386.5168584174341,0,0
3,967,8,False,15,114.0,1343,3.0390117035110533,22.61338054035801,394.2006844080559,0,0
3,968,7,False,41,65.0,1832,7.175171287149243,16.080063597667,474.0984238323889,0,0
3,969,7,False,26,135.0,1897,6.071521456436931,41.24057217165149,435.0649261976771,0,0
3,970,8,False,53,181.5,758,12.163781765509151,46.68796228276227,187.47080713052185,0,0
3,971,7,False,39,62.0,1769,9.34868376230409,18.09306749883735,403.05414317917246,0,0
3,972,8,False,49,235.0,724,10.067866886261779,44.08158763118685,201.25700551851205,0,0
3,973,5,False,10,177.0,1189,3.013003901170351,30.70875704624827,331.8239082203021,0,0
3,974,6,False,36,82.0,1378,5.09387468860248,19.66907293144663,340.16328708407514,0,0
3,975,7,False,22,132.0,1347,5.051208414916275,18.504349197697806,368.1739138484142,0,0
3,976,6,False,36,121.0,1198,13.110533159947984,41.685731402792136,290.66297383520293,0,0
3,977,7,False,15,106.0,1763,6.1349265827584265,13.219451940365708,484.3199159633995,0,0
3,978,7,False,32,369.0,776,4.039011703511053,75.00627682610022,225.4207872840212,0,0
3,979,5,False,58,70.0,2190,13.17474547603461,15.163781765509151,542.0603755728085,0,0
3,980,8,False,29,86.0,1784,8.281242687156944,17.58371816784215,489.42513574117794,0,0
3,981,7,False,36,283.0,1198,13.110533159947984,92.45636954184205,215.67907023587713,0,0
3,982,5,False,36,48.0,1246,11.108111590652594,14.090220118427327,338.89177510656384,0,0
3,983,5,False,36,159.0,1990,2.126384441528358,15.404398369624783,549.3881642283118,0,0
3,984,6,False,26,59.0,2089,8.0,12.147930483928779,490.25794452458746,0,0
3,985,7,False,44,57.0,1914,9.34868376230409,15.147930483928779,485.3236149660388,0,0
3,986,6,False,36,65.0,2198,6.127617442408122,20.621306181148192,529.1551018836402,0,0
3,987,5,False,10,177.0,1189,3.013003901170351,30.702255095663094,331.8210608398921,0,0
3,988,7,False,26,135.0,1897,6.071521456436931,41.24057217165149,435.05557686668186,0,0
3,989,8,False,63,169.0,1395,6.104457020477442,44.91778364944563,355.40101187531656,0,0
3,990,5,False,31,69.0,1808,11.02235323216555,13.19306275937451,478.3264179139847,0,0
3,991,5,False,45,342.0,1445,10.162974575744022,62.6668979623272,418.1608210823156,0,0
3,992,6,False,29,102.0,1679,5.070714266671801,28.659914289776683,404.95614367681605,0,0
3,993,8,False,40,54.0,2040,4.143468723988495,14.106071400007703,529.4958500078498,0,0
3,994,8,False,38,169.5,867,8.095914879247374,32.31519834651991,232.41993566179192,0,0
3,995,8,False,16,226.5,785,2.045513654096229,36.521007669043314,246.31467145154937,0,0
3,996,5,False,36,100.0,1918,2.126384441528358,12.293439398562166,490.2020736631012,0,0
3,997,6,False,43,287.5,1416,11.130039011703511,54.1579966586787,386.5168584174341,0,0
3,998,8,False,28,270.0,755,5.078023407022107,56.028316809393615,178.0623728120714,0,0
3,999,7,False,28,135.0,1773,5.0585175552665795,46.09102730819246,403.89748986199277,0,0
3,1000,8,False,37,239.5,776,6.045513654096228,43.07446918016179,225.4207872840212,0,0
4,1,8,False,91,277.0,634,14.364109232769831,73.1332899869961,161.76723016905072,0,0
4,2,8,False,91,277.0,634,14.364109232769831,73.1332899869961,161.76723016905072,0,0
4,3,8,False,99,194.0,779,12.383615084525358,64.64954486345904,184.05331599479845,0,0
4,4,8,False,74,217.0,779,6.364109232769831,73.1332899869961,171.76853055916774,0,0
4,5,8,False,99,219.0,661,23.85825747724317,61.11053315994798,162.02080624187255,0,0
4,6,8,False,72,358.5,661,8.351105331599479,76.44603381014304,137.39141742522756,0,0
4,7,8,False,52,329.0,577,17.169050715214563,77.68010403120937,147.07282184655398,0,0
4,8,8,False,99,219.0,661,18.689206762028608,55.094928478543565,178.96228868660597,0,0
4,9,8,False,91,236.5,659,14.364109232769831,58.67880364109233,178.96228868660597,0,0
4,10,8,False,50,285.5,661,23.85825747724317,70.23407022106632,137.39141742522756,0,0
4,11,8,False,43,196.0,775,13.091027308192457,68.66710013003902,204.9557867360208,0,0
4,12,8,False,86,173.0,779,10.403120936280883,52.10078023407022,163.90507152145645,0,0
4,13,8,False,91,264.5,771,11.455136540962288,71.56241872561768,159.7815344603381,0,0
4,14,8,False,58,206.5,803,18.64369310793238,54.646944083224966,205.13784135240573,0,0
4,15,8,False,91,303.5,641,14.364109232769831,64.38361508452536,186.4486345903771,0,0
4,16,8,False,111,336.5,553,17.357607282184656,69.76983094928478,157.99479843953185,0,0
4,17,8,False,52,290.0,688,23.156046814044213,59.84915474642392,192.02080624187255,0,0
4,18,8,False,86,166.0,771,11.455136540962288,46.37061118335501,178.9557867360208,0,0
4,19,8,False,28,295.5,716,7.045513654096228,57.04941482444734,159.37971391417426,0,0
4,20,8,False,22,236.5,680,6.071521456436931,57.53641092327699,191.65669700910274,0,0
4,21,8,False,22,182.5,771,11.455136540962288,47.377113133940185,187.78673602080625,0,0
4,22,7,False,28,433.0,725,7.045513654096228,53.916775032509754,195.89726918075422,0,0
4,23,8,False,28,203.0,720,7.045513654096228,49.58842652795839,213.67620286085827,0,0
4,24,8,False,17,331.5,625,9.019505851755527,77.22756827048114,143.13133940182055,0,0
4,25,8,False,41,216.5,659,13.078023407022107,35.09167750325098,195.4746423927178,0,0
4,26,7,False,4,114.0,1171,1.0260078023407022,27.13003901170351,344.222366710013,0,0
4,27,8,False,19,239.5,765,9.019505851755527,70.1963589076723,204.21586475942783,0,0
4,28,8,False,22,220.5,703,6.071521456436931,50.07542262678804,213.67620286085827,0,0
4,29,8,False,17,317.0,778,9.019505851755527,59.85200212683395,215.26788036410923,0,0
4,30,8,False,21,195.0,827,9.169050715214563,58.28283485045514,210.85825747724317,0,0
4,31,7,False,59,233.0,723,14.637191157347203,46.32509752925878,195.89076723016905,0,0
4,32,8,False,3,218.5,967,1.0195058517555267,52.52340702210663,277.9362808842653,0,0
4,33,8,False,105,179.0,694,34.149544863459035,55.16254876462939,194.09882964889468,0,0
4,34,8,False,35,165.5,1068,9.149544863459038,59.59427828348504,282.6254876462939,0,0
4,35,8,False,77,256.0,694,17.94401583573022,66.64044213263979,211.66319895968792,0,0
4,36,8,False,57,154.5,1125,22.039011703511054,45.74707412223667,289.9375812743823,0,0
4,37,8,False,77,185.5,1113,18.136540962288688,42.16970091027308,265.24967490247076,0,0
4,38,7,False,4,271.0,1171,1.0260078023407022,33.36460243312174,344.222366710013,0,0
4,39,8,False,93,154.5,1445,24.078023407022105,49.00492126567355,307.4472668110228,0,0
4,40,8,False,3,221.0,967,1.0195058517555267,55.02990897269181,277.9362808842653,0,0
4,41,8,False,43,153.0,762,13.052015604681404,55.16254876462939,162.9201156132717,0,0
4,42,8,False,93,151.5,1445,24.078023407022105,49.00492126567355,307.4501141914328,0,0
4,43,8,False,44,192.0,876,14.18855656697009,37.36395223806322,270.9362808842653,0,0
4,44,8,False,28,229.5,703,7.045513654096228,48.5591677503251,211.70221066319897,0,0
4,45,8,False,37,193.5,1445,9.006501950585175,45.952905660992144,307.4529615718429,0,0
4,46,8,False,44,229.5,876,8.324290339493647,41.38203439961373,270.9362808842653,0,0
4,47,8,False,44,243.0,876,10.213757179545663,41.383458089818745,270.9362808842653,0,0
4,48,7,False,24,239.0,974,7.331599479843953,78.1040312093628,179.90560915427247,0,0
4,49,8,False,1,99.5,1088,1.0065019505851756,33.293204276772784,318.1378413524057,0,0
4,50,8,False,98,151.5,1445,25.078023407022105,49.010616026493594,307.472893234713,0,0
4,51,8,False,44,170.5,1491,13.435249310556264,23.005324860556115,421.69050715214564,0,0
4,52,8,False,58,95.0,1262,17.143042912873863,27.183074711707363,281.56262015278844,0,0
4,53,8,False,38,66.0,1488,8.389735656460036,19.55851755526658,356.5292587776333,0,0
4,54,8,False,45,167.5,1488,11.156046814044213,34.18353421744063,356.5292587776333,0,0
4,55,8,False,90,232.0,803,14.305591677503251,54.468353347689956,194.90296394157428,0,0
4,56,7,False,62,177.0,1304,10.591296124600477,76.26626598457898,303.55327082179326,0,0
4,57,8,False,45,167.5,1488,11.156046814044213,34.1920763586707,356.5292587776333,0,0
4,58,8,False,90,234.5,803,14.305591677503251,54.47160432298254,194.90296394157428,0,0
4,59,8,False,34,88.0,1509,9.123537061118336,27.16641624036186,312.79680219555615,0,0
4,60,8,False,39,273.0,650,13.195058517555266,74.35680009241952,213.0399307149776,0,0
4,61,7,False,24,233.0,1488,6.045513654096228,58.798281796611874,356.5321061580433,0,0
4,62,7,False,24,233.0,1488,6.045513654096228,58.80397655743192,356.5321061580433,0,0
4,63,8,False,33,273.0,650,12.106878589772831,74.35680009241952,213.0399307149776,0,0
4,64,7,False,32,330.0,803,11.123537061118336,76.36045466259468,257.111833550065,0,0
4,65,8,False,90,240.0,787,14.305591677503251,58.96875694257252,185.90500413221918,0,0
4,66,8,False,6,269.5,753,2.026007802340702,66.6687589420334,206.05170161526817,0,0
4,67,8,False,41,182.5,945,11.21090979913564,43.35193473759668,260.2090932518936,0,0
4,68,7,False,33,368.0,670,11.01300390117035,113.26384441528359,143.8482572106484,0,0
4,69,8,False,33,102.5,1098,6.077216217256977,33.58777633289987,245.09582453323696,0,0
4,70,7,False,32,127.0,918,5.132886392113534,40.32837072078343,262.4385898913182,0,0
4,71,8,False,4,263.0,857,1.0260078023407022,52.66118098527508,211.30785551155097,0,0
4,72,8,False,20,156.5,930,13.01300390117035,25.973050229419623,280.8030805027385,0,0
4,73,7,False,46,91.0,1808,11.372651373999899,29.976525588656095,470.7357512492928,0,0
4,74,8,False,45,100.5,945,11.21090979913564,31.7133535846631,260.2054386817184,0,0
4,75,8,False,49,95.0,970,10.151585054103931,27.085949047812292,208.77846195544313,0,0
4,76,8,False,35,181.0,1048,5.190596757614983,44.963084397984545,227.4154294693875,0,0
4,77,7,False,31,66.0,1488,6.091027308192458,22.01300390117035,356.54064829927336,0,0
4,78,8,False,44,186.5,802,9.087372738017304,33.95252428234165,243.67019411062498,0,0
4,79,7,False,35,119.0,1708,7.09387468860248,40.29747534738782,437.7105506367172,0,0
4,80,8,False,18,333.0,760,9.084525357607282,85.97445170339256,170.15492563486586,0,0
4,81,8,False,29,119.5,898,4.223106510540862,39.86778601917705,240.9197342346212,0,0
4,82,8,False,69,207.5,1117,13.149544863459038,49.32023217443593,296.42881474920836,0,0
4,83,8,False,6,240.0,803,2.0195058517555267,57.358436688181854,184.71532638607073,0,0
4,84,8,False,40,82.0,1974,5.197905897965289,17.634310082318546,496.0913627732967,0,0
4,85,7,False,49,160.0,873,7.09387468860248,53.46625650565329,232.48652511470982,0,0
4,86,5,False,20,307.0,1523,6.099569449422526,63.017577482812044,387.3232809820167,0,0
4,87,6,False,40,143.5,1857,8.071521456436932,50.65523962427908,401.1686908122551,0,0
4,88,8,False,61,242.0,831,16.246266932471542,56.0094052418459,232.02053668492348,0,0
4,89,5,False,20,125.0,2129,6.099569449422526,17.167436335684304,548.4306972046056,0,0
4,90,8,False,39,84.5,1152,4.1755526657997395,15.718431845043263,260.7287560983557,0,0
4,91,5,False,18,46.0,2327,5.0930674988373505,11.093874688602481,571.5502657061355,0,0
4,92,7,False,24,124.0,1808,5.106071400007702,21.208062418725618,495.85112754783154,0,0
4,93,7,False,49,160.0,1110,7.09387468860248,53.44879084454266,284.43816408020353,0,0
4,94,8,False,28,112.0,1047,10.019505851755527,25.715797370190558,311.17454330832277,0,0
4,95,8,False,33,350.0,650,10.05851755526658,71.30830427943873,213.05132023661767,0,0
4,96,5,False,18,46.0,2186,5.0930674988373505,11.093874688602481,525.1499921502647,0,0
4,97,7,False,49,100.0,1644,7.09387468860248,39.22391370030599,413.57932305659807,0,0
4,98,8,False,28,114.5,1047,10.019505851755527,27.75155809840902,311.17454330832277,0,0
4,99,7,False,14,81.0,2113,5.0650195058517555,17.355992902654396,512.0041018569808,0,0
4,100,8,False,40,83.5,1974,4.152392243869061,23.37955691946764,496.10479248558164,0,0
4,101,5,False,4,166.0,2055,1.0195058517555267,38.2947397886792,518.2766905812063,0,0
4,102,7,False,14,85.0,1204,5.0585175552665795,9.287318826627487,276.29527742149526,0,0
4,103,7,False,49,259.0,1110,7.09387468860248,47.23691760147634,284.43816408020353,0,0
4,104,5,False,4,166.0,2055,1.0195058517555267,33.72864427665429,518.2795379616163,0,0
4,105,7,False,31,130.0,1752,7.139814153813342,18.190596757614983,488.728823487593,0,0
4,106,8,False,28,125.0,1047,10.019505851755527,32.19629151843503,311.1887802103729,0,0
4,107,7,False,14,85.0,1204,5.0585175552665795,9.29016620703751,262.8982326246849,0,0
4,108,5,False,20,503.0,1406,6.102416829832549,110.62353632057727,333.29527742149526,0,0
4,109,8,False,82,262.0,670,14.141428533343602,60.71158221042623,184.0045735816417,0,0
4,110,5,False,4,220.0,1235,1.0195058517555267,35.91924103426928,354.23841867822307,0,0
4,111,5,False,4,125.0,1593,1.0195058517555267,45.26577278422707,402.5720139162478,0,0
4,112,7,False,21,56.0,1654,5.132886392113534,20.82052320707602,434.5996360981187,0,0
4,113,8,False,37,167.5,960,5.126384441528359,25.859053188621736,256.8722248223442,0,0
4,114,7,False,31,130.0,1752,7.130464822818144,18.190596757614983,488.734518248413,0,0
4,115,7,False,5,42.0,1663,1.0325097529258778,7.015851281580374,407.40107926455386,0,0
4,116,5,False,4,150.0,1805,1.0195058517555267,46.29747534738782,380.95051630523324,0,0
4,117,8,False,37,214.5,965,4.0865655482521746,50.97385741918475,238.85679935187846,0,0
4,118,8,False,22,158.0,1012,12.01300390117035,39.649757769016354,232.41596710220355,0,0
4,119,5,False,4,184.0,1989,1.0195058517555267,55.431594740381115,486.2970036227269,0,0
4,120,7,False,31,130.0,1752,7.136966773403319,18.18409480702981,488.734518248413,0,0
4,121,5,False,10,219.0,1201,3.0195058517555267,34.9054299433338,328.6946319658996,0,0
4,122,5,False,20,350.0,1554,6.102416829832549,69.0728662790181,406.35744954693695,0,0
4,123,7,False,5,44.0,1663,1.0325097529258778,7.015851281580374,407.38442079320833,0,0
4,124,7,False,50,191.0,922,8.156472625158846,71.38361508452536,246.07829148288906,0,0
4,125,5,False,12,64.0,2288,5.0,14.119075301178054,568.5608924704746,0,0
4,126,5,False,10,181.0,1252,3.0195058517555267,54.42509278979594,315.9010800050949,0,0
4,127,7,False,42,122.0,1901,10.112573350592877,22.244652552941282,456.17443000553925,0,0
4,128,7,False,31,130.0,1510,7.130464822818144,18.190596757614983,375.1798122580282,0,0
4,129,6,False,59,240.0,1476,6.318214200023105,55.69330935955046,383.2903898504403,0,0
4,130,7,False,5,44.0,1663,1.0325097529258778,7.015851281580374,407.37711165285805,0,0
4,131,5,False,4,172.0,1572,1.0195058517555267,33.72133513630399,416.2679921858106,0,0
4,132,4,False,20,581.5,1342,6.102416829832549,144.30634221587658,322.2518039580439,0,0
4,133,8,False,39,243.0,960,5.126384441528359,49.43382562035126,256.8677630624039,0,0
4,134,7,False,31,71.0,1819,7.130464822818144,18.186942187439833,438.9895280087443,0,0
4,135,5,False,10,181.0,1252,3.0195058517555267,54.41859083921076,315.9210116679651,0,0
4,136,7,False,5,50.0,1663,1.0325097529258778,7.015851281580374,407.3856537940881,0,0
4,137,6,False,32,232.0,1096,5.012196711405221,70.30620817794313,260.4497098560092,0,0
4,138,6,False,49,242.0,1634,7.09387468860248,50.20814054580839,425.58055605747785,0,0
4,139,5,False,10,277.0,1941,3.0195058517555267,37.17528310885065,514.0714755428907,0,0
4,140,7,False,33,135.0,996,7.044706464331099,27.338527241543762,263.89049767321995,0,0
4,141,5,False,54,82.0,2222,13.106878589772831,23.01300390117035,513.6873213444671,0,0
4,142,5,False,4,394.0,925,1.0195058517555267,76.9733412620597,258.4081203290372,0,0
4,143,5,False,20,46.0,2327,6.102416829832549,12.104457020477442,571.4532066909367,0,0
4,144,6,False,5,95.5,1583,1.0325097529258778,20.71071910981039,392.2353017408639,0,0
4,145,5,False,26,52.0,2288,5.018698661990396,14.119075301178054,568.5336960997183,0,0
4,146,5,False,10,181.0,1252,3.0195058517555267,54.41208888862558,315.9043531966196,0,0
4,147,7,False,31,130.0,1752,7.136966773403319,18.18328761726468,488.7320966791176,0,0
4,148,7,False,25,81.0,1153,6.078023407022107,15.181247426619786,302.34814464840593,0,0
4,149,7,False,5,145.0,1584,1.0325097529258778,34.23976498188637,391.2316471706888,0,0
4,150,7,False,65,225.0,823,18.063405126321495,54.53116418980364,195.51665773080444,0,0
4,151,7,False,5,39.0,1663,1.0325097529258778,8.063405126321495,407.37469008356265,0,0
4,152,6,False,49,156.0,1634,7.09387468860248,50.860263973269426,425.55658844578204,0,0
4,153,5,False,4,220.0,1944,1.0195058517555267,35.84895257871211,515.0633592127753,0,0
4,154,8,False,32,102.5,1840,7.026007802340702,23.919992313183705,472.5986482163328,0,0
4,155,8,False,23,92.5,996,8.144275913753624,12.813539534525507,313.48695092582443,0,0
4,156,5,False,10,285.0,1201,3.0195058517555267,37.122460314404115,328.69871234718937,0,0
4,157,5,False,20,62.0,1847,6.089412928662198,10.150777864338801,483.0345040300245,0,0
4,158,7,False,65,100.0,913,13.097529258777634,34.23041565089117,258.7287560983557,0,0
4,159,5,False,4,125.0,1253,1.0195058517555267,45.24911431288157,315.9027388170893,0,0
4,160,8,False,51,320.5,715,10.103224019597679,86.23718641788437,141.4398673246621,0,0
4,161,7,False,5,46.0,1663,1.0325097529258778,7.025200612575572,407.35803161221713,0,0
4,162,5,False,36,245.0,1610,13.08087078743213,71.35233833247925,345.4864562443904,0,0
4,163,8,False,32,103.0,1840,7.026007802340702,23.921416003388714,472.5856443151624,0,0
4,164,5,False,10,181.0,1528,3.0195058517555267,54.41208888862558,325.29951405695056,0,0
4,165,7,False,27,53.0,1155,7.061364935676603,13.061364935676602,304.0396611580285,0,0
4,166,5,False,20,350.0,1670,6.092260309072221,69.05905518808262,439.6057566700534,0,0
4,167,8,False,21,111.0,1752,7.02235323216555,16.93078755061598,488.7312894893525,0,0
4,168,7,False,20,141.0,1527,5.064212316086626,29.306017488617883,379.08086930635,0,0
4,169,7,False,27,94.0,1065,5.084525357607282,15.171090905859456,302.32132965630007,0,0
4,170,5,False,10,285.0,1201,3.0195058517555267,37.118805744228965,328.691403206839,0,0
4,171,5,False,9,67.0,1348,2.0325097529258778,14.131272012583274,317.3641521841518,0,0
4,172,8,False,33,132.5,999,7.026007802340702,24.4246669786813,305.83691212147244,0,0
4,173,7,False,48,81.0,1202,15.110533159947984,27.16866933656407,228.0319706390277,0,0
4,174,8,False,61,285.5,715,9.084525357607282,88.52119835836857,141.43906013489695,0,0
4,175,5,False,10,169.0,1518,3.0195058517555267,32.69940771525307,379.4143971551374,0,0
4,176,8,False,24,49.5,1731,7.108918780417724,12.561364935676602,395.8400275777494,0,0
4,177,5,False,20,46.0,1660,6.092260309072221,12.104457020477442,367.3478306589927,0,0
4,178,7,False,19,109.0,2007,5.069907076906671,19.433634931026006,502.5681342215877,0,0
4,179,5,False,15,64.0,2361,1.0390117035110533,13.181247426619786,580.4959618295511,0,0
4,180,5,False,4,367.0,1408,1.0195058517555267,76.92621322843323,342.04454872908343,0,0
4,181,6,False,9,36.5,2347,2.026007802340702,8.577619812139542,567.5784469965135,0,0
4,182,8,False,48,290.5,644,10.103224019597679,72.5642904431694,165.1435805456899,0,0
4,183,8,False,37,121.0,965,4.089412928662198,19.282049876922073,256.8247154100672,0,0
4,184,5,False,10,181.0,1252,3.0195058517555267,54.411281698860456,315.88892772615384,0,0
4,185,7,False,19,58.0,2121,5.063405126321496,19.301129917562967,525.9456731666425,0,0
4,186,5,False,36,352.0,1315,12.104031209362809,71.83556729889126,328.4635653794088,0,0
4,187,5,False,12,64.0,2288,5.0,14.106071400007702,568.4768373564461,0,0
4,188,7,False,27,53.0,2202,7.048361034506252,13.054862985091427,545.1785548192931,0,0
4,189,5,False,10,115.0,2103,3.0195058517555267,25.292206397682403,545.389734175378,0,0
4,190,7,False,65,100.0,1415,12.287318826627487,18.184901996794938,380.2863983340788,0,0
4,191,5,False,10,252.0,1183,1.0455136540962289,88.47464239271781,237.01896673785734,0,0
4,192,8,False,56,278.0,715,9.084525357607282,58.60757321729548,198.30612931031928,0,0
4,193,7,False,30,43.0,1263,8.031702563160747,12.041859083921077,317.50988622327014,0,0
4,194,8,False,27,92.0,1083,7.1068785897728315,19.19913889884505,256.2537323269874,0,0
4,195,5,False,1,70.0,2040,1.0,9.197098708200159,500.6132664970334,0,0
4,196,8,False,33,132.5,999,7.026007802340702,24.42283969359373,305.82960298112215,0,0
4,197,8,False,17,48.0,2121,6.015851281580374,9.705237254547663,525.9521751172276,0,0
4,198,8,False,28,320.5,644,10.103224019597679,70.28170219289021,164.18382525008073,0,0
4,199,6,False,28,75.0,1155,7.048361034506252,18.173938286269482,304.04535591884854,0,0
4,200,8,False,20,82.5,1590,6.104031209362809,23.62780813173337,389.8467990852837,0,0
4,201,5,False,10,284.0,1934,3.026007802340702,37.098492702708306,512.0357370309042,0,0
4,202,8,False,21,111.0,1752,7.02235323216555,16.928960265528406,488.72032577882703,0,0
4,203,6,False,9,36.5,2250,2.026007802340702,8.579447097227117,549.2354579950295,0,0
4,204,5,False,4,248.0,1527,1.0195058517555267,69.52912399915874,400.35137340746644,0,0
4,205,8,False,33,132.5,999,7.026007802340702,24.42283969359373,305.83164317176704,0,0
4,206,8,False,50,72.0,1233,11.158894194454236,27.638984747816146,244.025087309792,0,0
4,207,7,False,19,43.0,1413,5.082910978077022,7.126384441528359,323.75492015486196,0,0
4,208,5,False,10,181.0,2025,3.026007802340702,51.628693448581274,497.6559327707196,0,0
4,209,8,False,6,71.5,1209,3.0195058517555267,10.748710717999,233.08844800364938,0,0
4,210,5,False,10,269.0,1699,1.0455136540962289,46.3799605143502,399.0516327449488,0,0
4,211,8,False,61,285.5,644,9.084525357607282,88.5254694289836,131.81763139420187,0,0
4,212,5,False,1,70.0,2040,1.0,9.197098708200159,500.60230278650795,0,0
4,213,7,False,28,52.0,2202,8.054862985091427,13.05851755526658,545.1675911087677,0,0
4,214,7,False,15,79.0,1322,5.035357133335901,17.10403120936281,395.48141241916994,0,0
4,215,7,False,52,127.0,1494,9.178400046209763,20.49623286758237,416.74314925457134,0,0
4,216,4,False,36,100.5,2288,13.025200612575572,30.750963814201207,542.3333686324576,0,0
4,217,6,False,15,412.0,879,5.013003901170351,80.56557935489987,251.63326703022295,0,0
4,218,7,False,28,91.0,1642,7.067059696496648,10.125577251763229,485.4200030510292,0,0
4,219,8,False,32,90.0,1548,9.123537061118336,27.647313983488896,375.75700477797096,0,0
4,220,5,False,4,157.0,1514,1.0195058517555267,25.6034928360057,411.14696555891595,0,0
4,221,7,False,19,43.0,1413,5.076409027491847,7.1682435254494346,323.7512655846868,0,0
4,222,7,False,27,57.0,1263,7.039011703511053,12.041859083921077,317.4960751323347,0,0
4,223,8,False,12,125.5,1395,4.039011703511053,20.314133818733318,366.9224009230104,0,0
4,224,7,False,10,106.0,1395,3.0325097529258778,20.158087004689104,412.55739563554715,0,0
4,225,5,False,10,284.0,1934,3.026007802340702,37.085488801537956,512.0377772215492,0,0
4,226,6,False,32,286.5,1171,3.0390117035110533,79.16587786700475,240.16689722178612,0,0
4,227,8,False,74,231.5,1202,1.2231065105408616,44.03384309712048,350.4682522638341,0,0
4,228,6,False,52,58.5,2223,10.09306749883735,20.029258777633288,523.5297045833568,0,0
4,229,7,False,28,50.0,1635,7.067059696496648,10.125577251763229,436.53058064344134,0,0
4,230,5,False,10,169.0,1515,3.026007802340702,32.682749243907566,411.1534675095011,0,0
4,231,6,False,58,374.5,958,19.11703511053316,90.13540830472377,202.851755526658,0,0
4,232,7,False,20,81.0,1150,5.076409027491847,21.1341193929933,208.1390499154302,0,0
4,233,5,False,10,252.0,1279,1.0455136540962289,88.47464239271781,255.1563593223753,0,0
4,234,8,False,33,125.5,1788,7.303170108207861,21.913086767715967,460.516588860485,0,0
4,235,8,False,74,231.5,1202,1.2259538909508843,44.030592121827894,350.4739470246541,0,0
4,236,5,False,10,91.0,2188,3.026007802340702,12.166629145919174,537.1269650257263,0,0
4,237,8,False,25,68.5,1556,7.1414285333436025,20.135733772523558,371.79155472154173,0,0
4,238,7,False,43,164.0,1395,9.01219671140522,32.362920664354206,412.5695923469524,0,0
4,239,7,False,37,121.0,1096,4.087372738017305,12.398277797690104,284.55448086589985,0,0
4,240,5,False,23,69.0,1442,3.0195058517555267,17.09306749883735,407.4668385709335,0,0
4,241,7,False,23,48.0,1254,2.0617907467912358,11.109725970182854,298.0804879276995,0,0
4,242,6,False,39,80.0,2064,9.090220118427327,20.379388446374456,528.6242302075589,0,0
4,243,5,False,1,70.0,2040,1.0,9.184094807029808,500.60638316779773,0,0
4,244,7,False,23,334.0,967,5.0317025631607475,55.01966210592107,270.22279252112764,0,0
4,245,5,False,18,61.0,1660,5.069907076906671,11.124770061998099,367.3185940975915,0,0
4,246,7,False,35,64.0,992,7.028855182750725,14.060557745911472,276.8649156819939,0,0
4,247,8,False,31,82.5,1857,3.103224019597679,13.692020447819996,483.0715199753548,0,0
4,248,5,False,1,178.0,2041,1.0,24.590063123720714,500.5848371253973,0,0
4,249,7,False,12,81.0,1593,5.039011703511053,21.1341193929933,376.58441131428265,0,0
4,250,7,False,29,80.0,1104,9.076409027491847,16.212142800015403,273.1742507946006,0,0
4,251,5,False,10,281.0,1128,1.0455136540962289,97.25357607282184,304.03851702207703,0,0
4,252,7,False,28,115.0,1644,7.067059696496648,25.257656454111633,441.8455660844039,0,0
4,253,7,False,51,157.0,1430,9.482803155297386,26.425092789795936,430.5740985393568,0,0
4,254,7,False,31,267.0,945,12.052015604681404,87.22756827048114,259.7430374328699,0,0
4,255,8,False,41,132.5,1773,7.083718167842152,17.735706816828646,456.44426021428296,0,0
4,256,5,False,10,169.0,1515,3.026007802340702,32.666090772562065,411.1518531299709,0,0
4,257,7,False,56,85.0,1040,16.15158505410393,23.13938834269871,217.30390842765357,0,0
4,258,8,False,20,85.5,1791,6.067866886261778,17.7440360525014,488.1036483496302,0,0
4,259,7,False,28,115.0,1243,7.067059696496648,25.240997982766128,318.4895731817495,0,0
4,260,7,False,36,235.0,992,9.074368836846954,60.203600658785334,276.8511045910584,0,0
4,261,8,False,36,161.5,1462,1.244652552941281,27.72006844080559,429.882762721755,0,0
4,262,8,False,28,140.0,857,13.054862985091427,42.698118803522604,181.1955961503713,0,0
4,263,7,False,33,54.0,2210,5.099569449422526,10.087372738017304,560.2854778415301,0,0
4,264,8,False,24,199.0,1030,3.0325097529258778,46.73917069767855,217.51542472992466,0,0
4,265,5,False,1,70.0,2041,1.0,9.171090905859456,500.5673714642867,0,0
4,266,5,False,34,52.0,2288,5.041051894155946,14.093067498837351,568.4004727614184,0,0
4,267,8,False,23,72.5,1875,2.0617907467912358,13.272084045486995,528.0146167996185,0,0
4,268,8,False,41,175.5,1069,10.126384441528359,37.299537754264776,301.6933989650198,0,0
4,269,6,False,23,224.5,1178,3.0195058517555267,44.00515638746293,280.36996024775544,0,0
4,270,8,False,19,134.0,837,5.039011703511053,20.74994371887876,256.5426655331451,0,0
4,271,7,False,43,175.0,1395,11.219877751480341,29.277162305867158,412.523271503091,0,0
4,272,7,False,13,126.0,1413,5.009349330995199,24.53724032927418,323.7163342624655,0,0
4,273,5,False,10,219.0,1515,3.026007802340702,34.82337058748604,411.14454398962056,0,0
4,274,6,False,29,96.0,1958,5.070714266671801,19.351744048271428,535.174362616302,0,0
4,275,5,False,10,281.0,1128,1.0455136540962289,97.25357607282184,304.00154550921087,0,0
4,276,8,False,48,205.0,951,1.2958609678575554,44.028764836740315,265.1866281980266,0,0
4,277,7,False,35,119.0,1540,12.084525357607282,21.240997982766128,368.0752189779941,0,0
4,278,8,False,37,100.5,891,11.122729871353206,15.141832128226167,229.61788599222135,0,0
4,279,8,False,41,84.0,1395,6.083718167842152,12.606071400007702,366.85495984786326,0,0
4,280,5,False,10,128.0,2139,3.026007802340702,26.16093438509913,544.4995045780249,0,0
4,281,7,False,59,99.0,1040,16.15158505410393,32.25846364387676,217.29294471712814,0,0
4,282,8,False,25,184.5,1106,5.073561647081824,46.71294998978053,264.50257708291986,0,0
4,283,7,False,51,157.0,1430,9.485650535707409,26.409241508215562,430.53508683584573,0,0
4,284,8,False,14,54.0,1875,2.0617907467912358,9.629444727495697,527.9951109478629,0,0
4,285,7,False,22,130.0,1644,8.026007802340702,22.19467713890477,441.80940176130287,0,0
4,286,5,False,4,234.0,1243,1.0195058517555267,62.56490694360928,294.5869906188257,0,0
4,287,7,False,13,57.0,1900,5.009349330995199,8.05771036550145,500.3463051443907,0,0
4,288,5,False,10,70.0,1986,3.026007802340702,32.01300390117035,469.5303999514205,0,0
4,289,6,False,35,54.0,1926,9.093874688602481,15.04674665497599,442.00954853654275,0,0
4,290,8,False,36,161.5,1462,1.2344960321809526,27.72006844080559,429.882762721755,0,0
4,291,7,False,6,196.0,970,5.0,30.328370720783433,278.40574319220593,0,0
4,292,6,False,9,41.5,1579,2.026007802340702,8.589200023104882,419.8252530428833,0,0
4,293,7,False,31,83.0,1991,12.052015604681404,20.05771036550145,503.5336731429452,0,0
4,294,6,False,23,221.0,1185,3.0195058517555267,43.47183944477193,280.3598037269951,0,0
4,295,7,False,49,71.0,1736,7.0735616470818234,11.218644750600578,485.845610516868,0,0
4,296,5,False,35,132.0,1655,9.077216217256977,34.27350773569201,371.6832180064042,0,0
4,297,7,False,44,48.0,2026,5.07925640790187,14.104031209362809,520.7547394628411,0,0
4,298,5,False,10,164.0,1910,1.0455136540962289,44.3279449096688,423.3617750473206,0,0
4,299,8,False,38,232.5,807,9.096722069012504,38.9403497871685,255.41547390185164,0,0
4,300,5,False,10,79.0,2139,3.026007802340702,26.16093438509913,544.513741480075,0,0
4,301,6,False,29,46.5,2196,5.070714266671801,10.08758564357462,562.1213146973705,0,0
4,302,7,False,29,83.0,2114,6.078023407022107,19.01300390117035,510.1188931280751,0,0
4,303,8,False,29,68.5,983,9.076409027491847,15.141832128226167,233.80848274983634,0,0
4,304,7,False,36,235.0,992,9.077216217256977,60.20929541960538,276.85395197146846,0,0
4,305,8,False,42,68.5,1858,7.0735616470818234,14.095298378807492,482.2320729818034,0,0
4,306,6,False,24,44.0,2306,5.047553844741121,12.119478896060617,567.408633523998,0,0
4,307,5,False,10,70.0,1986,3.026007802340702,32.01300390117035,469.55194599382094,0,0
4,308,5,False,38,43.0,1996,11.087372738017304,14.031702563160747,462.0733794739789,0,0
4,309,7,False,33,47.0,1714,5.076409027491847,11.089412928662197,398.8392648204484,0,0
4,310,6,False,28,54.0,2283,9.093874688602481,14.081487287872012,550.431368134814,0,0
4,311,5,False,10,218.0,1878,1.0455136540962289,61.40639412780554,416.69868790933407,0,0
4,312,7,False,43,62.0,2105,9.074368836846954,19.123537061118334,506.2785945122945,0,0
4,313,5,False,4,70.0,1985,1.0195058517555267,32.01300390117035,469.5360947122405,0,0
4,314,6,False,24,53.5,1598,5.047553844741121,12.119478896060617,386.9708063899808,0,0
4,315,5,False,9,52.0,2372,2.026007802340702,5.2255725123003876,589.4074005231182,0,0
4,316,7,False,10,106.0,1395,3.0325097529258778,20.16093438509913,412.51230779256554,0,0
4,317,7,False,29,75.0,2172,6.078023407022107,14.11622792076803,533.146515309946,0,0
4,318,7,False,39,204.0,970,9.052015604681404,22.320254390667998,258.5110074024485,0,0
4,319,5,False,10,169.0,1515,3.026007802340702,32.658781632211756,411.14658418026545,0,0
4,320,5,False,38,43.0,2166,10.119882490943183,13.083718167842152,567.6779490566988,0,0
4,321,4,False,10,46.0,2423,1.0455136540962289,7.12232627647064,601.4618821295592,0,0
4,322,7,False,32,99.0,1427,10.100376639187656,32.26131102428678,352.42701967765726,0,0
4,323,8,False,41,71.0,1700,3.217411749720816,14.594278283485046,414.21592918650083,0,0
4,324,7,False,18,72.0,1618,5.028855182750725,9.087372738017304,392.65393701253885,0,0
4,325,7,False,54,157.0,1430,9.485650535707409,26.414936269035607,430.52493031508544,0,0
4,326,5,False,36,425.0,1172,9.080063597667,128.48076296465248,231.04237227888186,0,0
4,327,5,False,4,339.0,1313,1.0195058517555267,114.42305259915105,295.01959323560163,0,0
4,328,4,False,40,109.5,2266,12.090220118427327,35.703600658785334,533.2574742810086,0,0
4,329,7,False,15,56.0,2027,2.0085421412300684,12.138581152933579,527.501074525091,0,0
4,330,8,False,43,59.0,2076,5.077216217256977,13.636350272963437,535.9437218409258,0,0
4,331,7,False,28,50.0,1262,7.067059696496648,10.121115491822945,284.8883212230184,0,0
4,332,6,False,45,155.5,1900,7.116653731882663,29.508194457198208,500.3511927154456,0,0
4,333,7,False,45,57.0,1378,5.07925640790187,9.086565548252175,332.9179391630701,0,0
4,334,5,False,1,126.0,2041,1.0,28.248307123116433,500.5389420926506,0,0
4,335,6,False,43,154.0,1248,11.222725131890364,22.207468134517804,374.2623862899189,0,0
4,336,7,False,54,176.0,814,13.083718167842152,31.293013587447533,244.41628109161678,0,0
4,337,7,False,32,155.0,1563,10.100376639187656,58.45110059213664,294.8643536113226,0,0
4,338,8,False,37,80.5,1738,6.123537061118335,17.27248764036956,474.93787082594025,0,0
4,339,7,False,29,47.0,2239,5.07925640790187,8.02235323216555,562.29525298364,0,0
4,340,8,False,21,152.5,1373,3.0650195058517555,33.834659765811296,364.6403954785525,0,0
4,341,6,False,28,60.0,1926,11.009349330995198,14.534146348688207,442.0315203900578,0,0
4,342,5,False,10,281.0,1128,1.0455136540962289,97.25642345323187,303.9942363688605,0,0
4,343,7,False,7,51.0,2229,2.0028473804100226,11.108918780417724,556.0558693804041,0,0
4,344,7,False,37,74.0,1445,12.074368836846954,19.19102256872962,371.75092863850045,0,0
4,345,7,False,32,99.0,1427,10.100376639187656,32.25846364387676,352.4363690086525,0,0
4,346,7,False,6,196.0,970,5.0,30.336912862013502,291.6178859922214,0,0
4,347,7,False,42,117.0,1743,6.141854344458235,28.225146701185754,459.8407229458131,0,0
4,348,5,False,4,70.0,1995,1.0195058517555267,9.176785666679503,492.42760174293744,0,0
4,349,7,False,31,50.0,1644,7.11461354123777,11.105264210242572,441.8285262344079,0,0
4,350,7,False,23,69.0,1342,4.039011703511053,22.11095897106262,332.77489625019626,0,0
4,351,5,False,10,285.0,1515,3.026007802340702,37.01154577580564,411.1551263214955,0,0
4,352,5,False,11,59.0,2286,10.006501950585175,12.165396145039411,557.3395780693206,0,0
4,353,7,False,43,196.0,1151,11.22841989271041,31.43240193014624,346.0933355747043,0,0
4,354,7,False,24,61.0,1714,5.006501950585175,11.089412928662197,398.82749392015785,0,0
4,355,6,False,43,155.5,1900,7.091453119307091,29.50494348190562,500.3625822370857,0,0
4,356,6,False,28,54.0,1926,9.093874688602481,15.54674665497599,442.0213638692975,0,0
4,357,6,False,29,53.0,2210,5.070714266671801,14.635543083198307,551.7124990002695,0,0
4,358,5,False,10,285.0,1515,3.026007802340702,37.01154577580564,411.1579737019056,0,0
4,359,5,False,24,187.0,1212,8.051208414916275,41.31659982049285,327.73933843023065,0,0
4,360,8,False,18,78.5,1837,6.032509752925877,18.374904470202107,487.2776755008279,0,0
4,361,7,False,54,125.0,1429,13.083718167842152,33.08737273801731,382.34861489198465,0,0
4,362,5,False,34,52.0,1344,5.041051894155946,14.093067498837351,306.2802777621441,0,0
4,363,4,False,10,46.0,2423,1.0455136540962289,7.123749966675652,601.4623079406738,0,0
4,364,7,False,36,64.0,1259,4.0930674988373505,10.08087078743213,301.75092863850045,0,0
4,365,8,False,34,86.5,1634,6.234496032180953,12.735112532620835,425.52046855514516,0,0
4,366,8,False,5,108.5,1584,1.0260078023407022,26.63167560746584,391.1081545420346,0,0
4,367,7,False,30,63.0,2091,5.097955069892266,12.01219671140522,548.7933253552376,0,0
4,368,7,False,33,47.0,1714,5.076409027491847,11.089412928662197,398.8144900189875,0,0
4,369,5,False,4,110.0,1995,1.0195058517555267,20.301555728677602,492.4145978417671,0,0
4,370,7,False,34,73.0,2190,6.080063597666999,15.067866886261779,529.1461339312956,0,0
4,371,8,False,21,71.5,1475,2.0654453169663882,13.13309929767085,432.5505123063115,0,0
4,372,7,False,6,196.0,970,5.0,30.336912862013502,278.41713271384606,0,0
4,373,7,False,25,66.0,1262,7.048361034506252,10.08087078743213,284.8680081814977,0,0
4,374,8,False,31,80.5,1738,7.096722069012503,16.777162305867158,474.93910382682003,0,0
4,375,5,False,10,285.0,1515,3.026007802340702,37.00504382522046,411.14781718114523,0,0
4,376,7,False,23,63.0,2148,4.032509752925877,21.015851281580375,514.3684332520713,0,0
4,377,5,False,25,66.0,1977,2.1068785897728315,22.119075301178054,459.9169512812842,0,0
4,378,8,False,15,213.5,732,3.05851755526658,59.82815781522612,220.22895752552645,0,0
4,379,8,False,66,123.5,828,15.164588955274281,24.755829169024054,205.21756800388636,0,0
4,380,5,False,11,223.0,1890,11.0,67.25642345323187,401.9384973236846,0,0
4,381,7,False,29,47.0,2239,4.080063597666999,10.05690317573632,562.2574742810086,0,0
4,382,7,False,32,155.0,1427,10.100376639187656,58.44744602196149,352.4103612063118,0,0
4,383,7,False,30,43.0,1470,7.124770061998098,11.087372738017304,395.1502387504406,0,0
4,384,5,False,9,52.0,2372,2.026007802340702,5.013003901170351,589.3838587225371,0,0
4,385,5,False,4,751.0,947,1.0195058517555267,159.3854301506853,253.46264636794228,0,0
4,386,7,False,15,56.0,1527,2.0085421412300684,12.138581152933579,413.40661777120835,0,0
4,387,7,False,6,102.0,1920,5.0,21.178825857324394,516.5283597607756,0,0
4,388,4,False,10,46.0,2423,1.0455136540962289,7.123749966675652,601.4419948991531,0,0
4,389,5,False,62,551.0,853,18.140621343578474,110.02863005826578,261.5093485904541,0,0
4,390,6,False,23,38.5,1820,8.025200612575572,15.05303570000385,454.1089617317997,0,0
4,391,7,False,36,54.0,2095,4.100376639187656,10.087372738017304,548.8421566333226,0,0
4,392,5,False,36,184.0,1830,9.080063597667,40.37877194593458,454.09272907156884,0,0
4,393,5,False,10,126.0,1986,3.026007802340702,32.01300390117035,469.5097055312494,0,0
4,394,7,False,15,148.0,1381,5.018698661990396,25.288170448856754,411.459484998119,0,0
4,395,6,False,45,155.5,1696,7.110151781297487,29.865745828532162,407.3077636844584,0,0
4,396,6,False,36,69.5,1722,10.067059696496647,15.111956850152996,395.2288442227429,0,0
4,397,8,False,20,76.5,1808,6.045513654096228,18.124557156440783,485.2211981362062,0,0
4,398,7,False,36,54.0,1259,4.100376639187656,10.087372738017304,301.73427016715493,0,0
4,399,6,False,22,49.5,2093,5.087372738017305,20.57761981213954,501.7929884090512,0,0
4,400,8,False,27,118.5,1073,7.019505851755526,23.628021037290686,283.9746860846409,0,0
4,401,7,False,30,43.0,2116,5.097955069892266,9.122729871353206,560.8185259678131,0,0
4,402,5,False,4,70.0,1995,1.0195058517555267,9.170283716094326,492.4028269414765,0,0
4,403,6,False,16,157.5,1724,7.061364935676603,23.48016868044468,438.6603271414226,0,0
4,404,8,False,33,147.5,1457,12.051208414916275,24.93059686129073,379.0811388632991,0,0
4,405,7,False,6,243.0,963,5.0,51.40596831669091,288.9539472320056,0,0
4,406,8,False,46,223.5,807,7.078023407022107,48.18034989084425,255.3858115293358,0,0
4,407,7,False,28,78.0,992,9.077216217256977,21.12681025264299,276.82144221854253,0,0
4,408,7,False,40,149.0,1469,6.319828579553365,21.480381586001997,388.12992570892,0,0
4,409,7,False,29,47.0,2239,6.051208414916275,7.067866886261778,562.2652092324736,0,0
4,410,8,False,27,223.5,929,7.019505851755526,58.4126831728334,249.73615410363428,0,0
4,411,7,False,24,134.0,1490,12.041859083921077,17.357651714648792,408.62449976450796,0,0
4,412,8,False,23,85.0,945,6.013003901170351,14.613402756590075,277.4378271340172,0,0
4,413,7,False,15,56.0,2209,2.0085421412300684,12.138581152933579,549.9803119751415,0,0
4,414,8,False,21,225.5,732,3.05851755526658,63.379366230142395,220.23749966675652,0,0
4,415,8,False,48,265.0,819,12.149544863459038,78.53339506977377,161.39036215420435,0,0
4,416,5,False,14,76.0,2137,7.015851281580374,15.158087004689106,546.7121176216191,0,0
4,417,7,False,39,55.0,2026,6.048361034506252,19.03170256316075,520.7015352897441,0,0
4,418,7,False,21,87.0,1165,4.039011703511053,18.095914879247374,288.1303070875705,0,0
4,419,7,False,39,129.0,1478,9.05771036550145,22.336531483363004,435.63873666655803,0,0
4,420,5,False,10,285.0,1515,3.026007802340702,36.98107621352465,411.14416261097006,0,0
4,421,6,False,26,132.5,1440,7.048361034506252,34.136753867846004,385.3843978364352,0,0
4,422,7,False,25,50.0,1271,2.0642123160866257,11.105264210242572,292.85623728120714,0,0
4,423,8,False,54,193.0,1085,13.10241682983255,50.60455736379228,229.96656975452544,0,0
4,424,8,False,48,219.5,819,12.149544863459038,52.45069699725407,183.13304264627908,0,0
4,425,8,False,29,151.0,943,9.097529258777634,55.681247426619784,204.1785563003753,0,0
4,426,7,False,36,235.0,992,9.077216217256977,61.19629151843503,276.80478374719706,0,0
4,427,8,False,31,69.5,2112,4.077216217256977,11.697333829989542,542.7124545678054,0,0
4,428,7,False,16,165.0,1417,7.061364935676603,25.84126205971131,360.4364134411166,0,0
4,429,7,False,24,134.0,1490,12.041859083921077,17.360499095058813,408.60784129316244,0,0
4,430,7,False,56,85.0,1040,16.15158505410393,23.13938834269871,217.26209377619665,0,0
4,431,5,False,11,57.0,2301,10.01300390117035,12.15239224386906,541.3794413950609,0,0
4,432,5,False,36,57.0,2216,10.191403947380113,13.041859083921077,534.0827732374382,0,0
4,433,6,False,35,336.5,974,9.077216217256977,93.8381236466612,271.7665792334511,0,0
4,434,7,False,16,263.0,907,7.061364935676603,25.84126205971131,264.31794464307404,0,0
4,435,7,False,24,135.0,1489,12.041859083921077,17.360499095058813,400.6171906241576,0,0
4,436,7,False,25,55.0,2201,1.1560468140442133,4.05690317573632,584.7645590374151,0,0
4,437,6,False,13,79.0,2209,5.021546042400419,12.669689431886514,549.9514567923908,0,0
4,438,7,False,25,160.0,1748,5.144275913753625,43.1767856666795,399.75478389530525,0,0
4,439,6,False,11,36.5,2349,6.054862985091427,8.595298378807492,576.2107720584968,0,0
4,440,7,False,33,66.0,1221,4.0930674988373505,10.087372738017304,289.6180422463869,0,0
4,441,6,False,36,69.5,1722,10.073561647081824,15.108705874860409,395.206916801692,0,0
4,442,8,False,25,98.5,1873,3.1227298713532057,20.329603721663197,497.73265578762465,0,0
4,443,6,False,23,66.5,2148,4.035357133335901,21.04287917924352,514.3363493102601,0,0
4,444,7,False,38,60.0,1921,13.054862985091427,19.094300499717114,477.5174404827143,0,0
4,445,5,False,11,214.0,1883,11.0,71.3279449096688,399.9856697897752,0,0
4,446,7,False,34,47.0,2239,4.048361034506252,9.09145311930709,562.2282377196075,0,0
4,447,5,False,25,88.0,1977,2.1068785897728315,22.051208414916275,459.8820199590629,0,0
4,448,7,False,25,56.0,2198,1.1560468140442133,4.05690317573632,582.7572498970648,0,0
4,449,8,False,48,265.0,819,12.149544863459038,78.53014409448119,161.38386020361918,0,0
4,450,5,False,20,58.0,2330,16.006501950585175,26.136540962288688,526.4343043801523,0,0
4,451,5,False,38,57.0,2216,9.191403947380113,13.05851755526658,534.0742310962081,0,0
4,452,8,False,27,117.5,1014,7.071521456436931,33.73347593685851,270.7999850410704,0,0
4,453,5,False,62,188.0,1470,18.140621343578474,29.3198730120175,421.5907570107023,0,0
4,454,7,False,36,74.0,974,9.077216217256977,25.086565548252175,271.7730811840363,0,0
4,455,7,False,24,134.0,1490,12.041859083921077,17.360499095058813,408.589142631172,0,0
4,456,7,False,13,101.0,2037,5.021546042400419,10.098762259657397,556.599455406098,0,0
4,457,6,False,9,38.5,1579,2.026007802340702,8.573965241964387,419.7679684884964,0,0
4,458,7,False,25,84.0,1748,5.144275913753625,18.12396287223297,399.74747475495496,0,0
4,459,5,False,20,58.0,2300,16.006501950585175,27.07152145643693,513.4233406696269,0,0
4,460,6,False,38,173.0,1722,9.191403947380113,41.39139446845443,395.1975674706968,0,0
4,461,7,False,19,53.0,2201,1.1715167169740899,4.013003901170351,584.7637518476499,0,0
4,462,4,False,10,46.0,2423,1.0455136540962289,7.125173656880664,601.4099109573418,0,0
4,463,7,False,40,198.0,1557,8.067866886261779,53.22391370030599,315.2549408900119,0,0
4,464,8,False,29,179.5,819,6.11622792076803,35.347472977656395,204.1163841749336,0,0
4,465,6,False,11,35.0,2349,6.054862985091427,8.595298378807492,576.186804446801,0,0
4,466,8,False,134,265.5,825,26.106878589772833,69.73091958908857,154.96461842880882,0,0
4,467,8,False,33,145.5,1457,11.362113474589075,22.916785770355254,379.0693679630085,0,0
4,468,8,False,8,73.5,2078,3.026007802340702,7.136753867846003,556.5166332929491,0,0
4,469,5,False,25,88.0,1977,2.1068785897728315,22.0540557953263,459.8617069175422,0,0
4,470,4,False,7,56.5,2405,2.0325097529258778,10.092047403514904,594.4688543237231,0,0
4,471,5,False,36,57.0,2216,10.194251327790136,13.041859083921077,534.0559582453324,0,0
4,472,7,False,23,79.0,1910,3.0780234070221066,6.236536222825846,543.3251849131049,0,0
4,473,7,False,25,165.0,1417,9.052015604681404,30.7278815193533,360.43926082152666,0,0
4,474,8,False,31,38.5,1957,4.077216217256977,8.641854344458235,529.3938145566677,0,0
4,475,7,False,8,57.0,2199,3.278776685397419,7.15158505410393,569.7031941017385,0,0
4,476,7,False,23,68.0,1813,3.0642123160866257,12.13777396316845,496.01997461425213,0,0
4,477,7,False,36,81.0,1453,4.095914879247373,11.103649830712312,320.1484436788895,0,0
4,478,8,False,51,205.0,1011,9.134119392993297,48.87286427955722,196.68276923851644,0,0
4,479,6,False,32,253.5,1563,10.100376639187656,81.56732851290467,294.83188829086083,0,0
4,480,8,False,44,357.0,556,12.078023407022107,87.57890872387,145.80021016555537,0,0
4,481,7,False,7,85.0,2060,2.0,11.230885894469935,552.7954099783466,0,0
4,482,8,False,48,304.5,597,11.148737673693908,65.6592074433264,168.67662867197288,0,0
4,483,7,False,13,52.0,2194,5.021546042400419,9.130464822818144,556.8656984339037,0,0
4,484,6,False,27,43.5,1536,12.071521456436932,16.086969143134738,392.3762815063198,0,0
4,485,7,False,21,42.0,2216,1.085758358487045,4.11622792076803,584.7572498970648,0,0
4,486,6,False,23,64.0,2166,4.035357133335901,19.588392833339753,527.2120050593766,0,0
4,487,6,False,20,242.0,1122,3.212568611130036,63.487287131469735,241.80567980189045,0,0
4,488,5,False,4,80.0,1995,1.0195058517555267,24.165396145039413,492.3808995204256,0,0
4,489,6,False,36,173.0,1722,10.19709870820016,41.38956718336686,395.16505771777094,0,0
4,490,7,False,41,63.0,2056,13.026007802340702,22.07152145643693,496.7402100470688,0,0
4,491,6,False,9,35.0,2357,3.041859083921076,8.595298378807492,579.1859972570359,0,0
4,492,8,False,54,298.0,825,14.162974575744022,69.7337669694986,154.9451125770533,0,0
4,493,7,False,29,47.0,2239,4.048361034506252,9.09145311930709,562.1798766851012,0,0
4,494,5,False,62,629.0,879,18.08087078743213,95.29772046648164,268.5483602939652,0,0
4,495,5,False,11,59.0,2231,10.006501950585175,12.161741574864259,524.2270491511919,0,0
4,496,8,False,30,134.5,1533,10.143042912873861,21.940540476493744,421.05883006359767,0,0
4,497,5,False,10,36.0,2389,8.006501950585175,23.01300390117035,544.5151751675844,0,0
4,498,8,False,22,65.5,1453,3.103224019597679,8.070310671789237,320.13828715812923,0,0
4,499,7,False,17,55.0,2216,1.039437514625686,4.05690317573632,584.7515551362447,0,0
4,500,7,False,23,60.0,2019,3.0642123160866257,13.065019505851755,532.7360852333148,0,0
4,501,6,False,2,56.0,2320,1.0065019505851756,12.672111001181904,560.1347888421196,0,0
4,502,7,False,13,242.0,1198,4.028855182750725,55.610420597705506,349.439822892198,0,0
4,503,8,False,29,277.0,852,6.11622792076803,57.041130021238715,258.5390553954341,0,0
4,504,8,False,35,144.0,1556,6.07844921813674,27.29465018320986,399.4095540165467,0,0
4,505,7,False,33,63.0,1335,10.132886392113534,20.0260078023407,289.7412423613189,0,0
4,506,4,False,10,43.0,2429,3.026007802340702,17.08229447763714,579.459504992728,0,0
4,507,7,False,24,134.0,1490,12.0353571333359,17.33164391230809,408.5976847724021,0,0
4,508,6,False,36,61.0,1209,10.19709870820016,12.098145759217514,321.0425974033668,0,0
4,509,8,False,40,352.0,561,9.103224019597679,85.07017589331468,175.9704938816497,0,0
4,510,7,False,28,161.0,1089,9.077216217256977,44.160127195334,207.56369393733837,0,0
4,511,7,False,22,263.0,946,2.0739874581964566,49.557553370794835,290.842988260943,0,0
4,512,6,False,30,173.0,1487,5.084525357607282,39.297688252945136,377.8403415671626,0,0
4,513,8,False,36,74.0,1079,2.1934441380250065,19.620498991383066,327.68409406648874,0,0
4,514,7,False,20,66.0,2186,4.089412928662198,11.095107689482242,548.0343677704678,0,0
4,515,7,False,13,45.0,2231,2.0776420283716095,9.09064592954196,570.1855270134571,0,0
4,516,5,False,9,52.0,2255,2.0195058517555267,11.098762259657397,556.1144758005989,0,0
4,517,7,False,22,58.0,2189,1.157279814923976,4.013003901170351,576.6568732578771,0,0
4,518,7,False,25,55.0,2199,2.144275913753625,9.130464822818144,562.753932273076,0,0
4,519,5,False,40,143.0,1999,8.086565548252175,21.51777890998279,530.1984190929261,0,0
4,520,7,False,29,47.0,2239,5.046746654975991,9.032509752925877,562.1624110239906,0,0
4,521,5,False,11,58.0,2222,10.006501950585175,12.155239624279083,523.1965795889108,0,0
4,522,8,False,35,93.0,1901,9.041859083921077,15.117864516530357,502.38982304030617,0,0
4,523,6,False,21,52.0,2201,8.028855182750725,10.095914879247374,542.995400499421,0,0
4,524,8,False,41,52.5,2153,2.1934441380250065,6.641024938461037,553.9157182804043,0,0
4,525,7,False,32,45.0,2156,7.048361034506252,12.0353571333359,524.1636440248703,0,0
4,526,5,False,14,71.0,1869,7.240997982766128,9.161741574864259,414.48905554354235,0,0
4,527,7,False,25,55.0,2201,1.067485507611281,4.05690317573632,584.7340894751342,0,0
4,528,6,False,38,314.0,1191,9.19709870820016,70.55041122245558,336.81290007731246,0,0
4,529,7,False,44,182.0,946,5.144275913753625,63.12923182193838,250.56022005918405,0,0
4,530,7,False,13,233.0,1198,4.028855182750725,60.579143845659395,349.4390157024328,0,0
4,531,6,False,36,240.0,999,3.1650147663889143,43.44865680660918,303.9567946124156,0,0
4,532,8,False,36,174.5,1152,15.160127195333999,33.422054720060665,342.9872641746966,0,0
4,533,7,False,13,50.0,2201,5.021546042400419,8.311330870787431,560.8604294841983,0,0
4,534,5,False,20,55.0,2330,16.006501950585175,26.132886392113534,526.3697106854152,0,0
4,535,4,False,10,46.0,2423,1.0455136540962289,7.124770061998099,601.3534335927202,0,0
4,536,7,False,29,237.0,1149,9.076409027491847,46.608043460874256,280.3461933226893,0,0
4,537,7,False,24,107.0,1490,11.052015604681404,18.25238750440622,408.58672106187663,0,0
4,538,7,False,16,165.0,1417,7.054862985091427,26.164588955274283,360.41610039959596,0,0
4,539,7,False,7,129.0,1828,2.0,11.233733274879958,528.0898816911588,0,0
4,540,7,False,10,88.0,1997,6.006501950585175,15.126384441528359,511.41464227423126,0,0
4,541,8,False,129,330.0,556,25.306824678383013,82.36534223364959,116.75346351057937,0,0
4,542,8,False,33,167.5,932,7.096722069012503,59.70319706390277,204.1692069693801,0,0
4,543,4,False,10,53.0,2409,7.019505851755526,29.56319222076418,550.5111392187588,0,0
4,544,8,False,7,58.5,1905,2.0,7.627426753082872,544.1296561519708,0,0
4,545,7,False,35,66.0,2194,4.089412928662198,11.095107689482242,552.0262514403523,0,0
4,546,7,False,21,50.0,1222,4.041859083921076,8.124770061998099,292.37484781881034,0,0
4,547,6,False,34,74.5,2058,11.077216217256977,20.653412339191505,503.67310591810804,0,0
4,548,4,False,10,126.5,2262,1.0455136540962289,23.785704447097224,568.0307576327568,0,0
4,549,8,False,48,155.5,866,6.087372738017305,35.345432787011504,253.57560109718565,0,0
4,550,5,False,14,56.0,2365,7.240997982766128,9.161741574864259,577.1937322085008,0,0
4,551,8,False,25,127.5,1353,10.069099887141542,37.752578193731466,316.2356157302772,0,0
4,552,5,False,11,59.0,2231,10.006501950585175,12.164588955274281,524.1929250187357,0,0
4,553,7,False,24,107.0,1447,12.0353571333359,21.232074462885564,388.3664619317458,0,0
4,554,7,False,39,55.0,2015,2.1471232941636478,8.08087078743213,536.2922937815285,0,0
4,555,7,False,22,83.0,1126,2.067485507611281,12.22922708247554,335.1616282720807,0,0
4,556,8,False,31,166.0,1104,10.077216217256977,53.217221060395566,255.03244088260647,0,0
4,557,7,False,33,45.0,2095,4.100376639187656,10.087372738017304,548.7710609880003,0,0
4,558,7,False,22,45.0,2231,4.064638127201259,6.103649830712312,570.1688685421116,0,0
4,559,6,False,43,283.0,1228,11.11622792076803,59.01410212357557,303.2856355767778,0,0
4,560,5,False,9,49.0,1598,2.0195058517555267,10.082910978077022,422.80375143294697,0,0
4,561,4,False,2,155.0,2213,2.0,64.19790589796528,486.2482138149418,0,0
4,562,6,False,40,360.5,1000,12.122729871353206,68.51165833804811,252.77112985831968,0,0
4,563,4,False,7,9.5,2499,6.0,8.009752925877763,594.6273671395269,0,0
4,564,5,False,40,143.0,1999,8.080063597667,21.51777890998279,530.1968047133957,0,0
4,565,7,False,34,91.0,2058,7.05609598597119,15.074368836846954,503.6751461087529,0,0
4,566,7,False,40,202.0,1112,8.070714266671802,73.2005725863545,260.098693389338,0,0
4,567,6,False,29,59.0,2215,9.067866886261779,12.136350272963439,542.0567654350975,0,0
4,568,8,False,36,67.5,1021,2.1934441380250065,15.085545452929729,257.75043543814854,0,0
4,569,7,False,22,102.0,1119,2.070332888021304,15.300322727797838,283.5036982620982,0,0
4,570,6,False,45,109.5,1335,10.132886392113534,28.58920002310488,289.74897731278384,0,0
4,571,7,False,56,65.0,1791,8.173556907618982,32.01300390117035,402.1797648633998,0,0
4,572,6,False,43,314.0,1191,11.11622792076803,50.843940967028146,336.81209288754735,0,0
4,573,8,False,34,131.0,1678,6.0597505561463425,29.25542557414149,434.9948184341407,0,0
4,574,6,False,23,85.5,2166,4.035357133335901,17.607495090212712,527.1648770257501,0,0
4,575,7,False,25,56.0,2198,1.0703328880213039,4.05690317573632,582.7101218634383,0,0
4,576,4,False,10,46.0,2423,1.0455136540962289,7.124770061998099,601.3323133614344,0,0
4,577,8,False,39,156.0,976,11.076409027491847,39.29443727765254,257.7950530375514,0,0
4,578,6,False,42,92.5,2091,7.162167385978892,22.70321928013484,519.7023424795092,0,0
4,579,5,False,34,39.0,2367,10.08087078743213,12.090220118427327,567.3363937427242,0,0
4,580,6,False,53,125.5,1791,8.145508914633387,49.63979193758127,402.1704155324046,0,0
4,581,7,False,13,42.0,2191,5.021546042400419,9.310523681022302,552.9035215689992,0,0
4,582,8,False,40,359.0,565,9.106071400007702,85.27299157856697,145.7677004126295,0,0
4,583,7,False,13,45.0,2231,2.080489408781632,9.09064592954196,570.154250261411,0,0
4,584,5,False,54,410.0,1515,9.166629145919174,81.05463786060648,384.26366372326277,0,0
4,585,5,False,27,56.0,1879,3.201986279255075,9.093874688602481,414.5321476283432,0,0
4,586,8,False,31,254.0,1104,10.077216217256977,51.48669284726192,255.0308265030762,0,0
4,587,7,False,27,35.0,2190,6.080063597666999,14.119075301178054,529.0441873450418,0,0
4,588,7,False,32,42.0,2213,1.0731802684313267,4.11622792076803,582.7259731450187,0,0
4,589,7,False,45,156.0,1678,11.077216217256977,34.31902138978823,434.9940112443756,0,0
4,590,7,False,16,282.0,959,7.054862985091427,35.85549896176142,259.4329839954264,0,0
4,591,8,False,64,227.5,757,18.14712329416365,54.71060654756791,197.5638746293592,0,0
4,592,6,False,57,63.5,2112,13.05851755526658,20.04287917924352,505.21243087049123,0,0
4,593,8,False,41,111.5,1314,5.089412928662198,18.270660355281983,403.1790939331913,0,0
4,594,5,False,9,56.0,1598,2.013003901170351,11.026007802340702,422.7899403420115,0,0
4,595,7,False,20,90.0,2103,10.01300390117035,20.176785666679503,480.1522989356944,0,0
4,596,7,False,45,158.0,1704,11.077216217256977,33.342181811718916,447.09438788356323,0,0
4,597,8,False,49,121.0,1424,14.073561647081824,29.24607624314629,323.15294987129397,0,0
4,598,4,False,10,33.5,2448,7.019505851755526,9.5847382631646,590.4412321418521,0,0
4,599,8,False,12,127.5,1620,6.018698661990396,18.833471197395667,449.50219570426935,0,0
4,600,7,False,36,105.0,1666,4.082910978077022,19.109725970182854,420.0452196592919,0,0
4,601,4,False,10,46.0,2423,1.0455136540962289,7.124770061998099,601.3380081222545,0,0
4,602,7,False,20,68.0,1930,8.026007802340702,10.215415991540059,477.3341528654496,0,0
4,603,7,False,19,67.0,2172,6.045513654096228,24.164588955274283,500.9409633254441,0,0
4,604,7,False,22,57.0,1928,6.051208414916275,13.099569449422527,517.1415159171897,0,0
4,605,7,False,13,143.0,1327,4.028855182750725,27.221492131010603,413.65523888373804,0,0
4,606,5,False,14,56.0,1879,3.201986279255075,9.158087004689106,414.5264528675231,0,0
4,607,8,False,64,180.0,1028,15.33487267136861,44.31719410470066,244.17960860923426,0,0
4,608,7,False,36,107.0,974,9.077216217256977,29.176785666679503,271.78081613550125,0,0
4,609,7,False,25,55.0,2201,1.0731802684313267,4.05690317573632,584.7194711944335,0,0
4,610,6,False,36,147.0,1209,10.199946088610183,23.25746576478638,321.0279791226662,0,0
4,611,8,False,10,153.0,1704,6.006501950585175,30.278182401189603,447.0907333133881,0,0
4,612,8,False,58,350.0,529,12.108918780417724,87.56163375208462,145.7705477930395,0,0
4,613,7,False,26,51.0,1335,6.045513654096228,18.019505851755525,289.7388207920235,0,0
4,614,4,False,10,59.5,2396,1.0455136540962289,13.660127195333999,588.2636392854075,0,0
4,615,7,False,19,67.0,2172,6.045513654096228,24.164588955274283,500.93730875526893,0,0
4,616,8,False,52,265.5,686,12.291825019031906,51.025110266565164,169.02085067433669,0,0
4,617,7,False,36,81.0,1453,4.085758358487045,11.10080245030229,320.08384998415244,0,0
4,618,6,False,45,109.5,1335,10.132886392113534,28.58920002310488,289.7388207920235,0,0
4,619,8,False,49,121.0,1424,12.087372738017304,27.748116433791186,323.1464479207088,0,0
4,620,4,False,2,211.5,2100,2.0,74.61053315994798,465.4054936298657,0,0
4,621,8,False,10,76.5,1769,6.006501950585175,12.194867828230018,459.0655327008125,0,0
4,622,6,False,21,55.5,2137,6.013003901170351,11.125980846645794,557.9657381269051,0,0
4,623,7,False,41,70.0,1335,7.061364935676603,15.04551365409623,289.7416681724335,0,0
4,624,8,False,63,155.5,1152,15.160127195333999,31.78895542238982,342.99295893551664,0,0
4,625,7,False,7,48.0,1910,2.0,11.233733274879958,543.2996029218789,0,0
4,626,8,False,36,135.5,904,11.145083103518754,36.8296037216632,253.55244067525496,0,0
4,627,5,False,10,128.0,2161,3.026007802340702,10.329603721663196,560.5300630052342,0,0
4,628,8,False,10,131.5,1704,6.006501950585175,28.763754809814245,447.0907333133881,0,0
4,629,8,False,99,292.5,584,25.342989001484046,78.05453751729164,179.07006333107222,0,0
4,630,8,False,15,239.5,846,8.01300390117035,34.388311966255024,209.38305301385404,0,0
4,631,5,False,10,48.0,2236,1.0455136540962289,12.048361034506252,540.8657872988321,0,0
4,632,7,False,11,157.0,1450,5.006501950585175,23.286556069326494,424.4542160484136,0,0
4,633,7,False,19,67.0,2172,6.045513654096228,24.164588955274283,500.9243048540986,0,0
4,634,8,False,58,284.5,882,8.173556907618982,64.68519302943503,289.0797940407179,0,0
4,635,4,False,2,46.0,2431,2.0,14.1107460655053,586.3884093474056,0,0
4,636,8,False,7,52.0,2095,4.158512815803739,7.073965241964389,550.731242094724,0,0
4,637,5,False,14,52.0,2385,3.201986279255075,9.129231821938381,584.2209730117213,0,0
4,638,7,False,22,49.0,2219,1.1471232941636478,4.015851281580374,584.7556355175345,0,0
4,639,8,False,41,102.5,1769,7.05609598597119,20.176382071796937,459.0647255110474,0,0
4,640,4,False,7,9.5,2499,6.0,8.009752925877763,594.5932430070707,0,0
4,641,5,False,10,48.0,2236,1.0455136540962289,12.048361034506252,540.8649801090669,0,0
4,642,8,False,36,174.0,843,8.06705969649665,44.15808700468911,196.8304546033514,0,0
4,643,7,False,12,68.0,2231,2.0085421412300684,9.09064592954196,570.1339372198903,0,0
4,644,7,False,10,90.0,1993,10.0,20.179633047089524,478.66868859063186,0,0
4,645,8,False,58,350.0,565,12.10241682983255,85.2664896279818,145.7705477930395,0,0
4,646,8,False,35,138.5,1494,6.064638127201258,33.23368884241582,342.819265768341,0,0
4,647,7,False,28,47.0,2239,4.015851281580374,10.050401225151145,562.1238251315941,0,0
4,648,7,False,27,319.0,856,2.05771036550145,79.3015557286776,223.9601122364044,0,0
4,649,4,False,10,53.0,2409,7.019505851755526,29.55994124547159,550.4676657553075,0,0
4,650,4,False,10,36.0,2443,9.100376639187656,10.046533749418675,587.4136099599812,0,0
4,651,8,False,36,67.5,1401,2.199138898845052,10.606474994890267,428.03894283319164,0,0
4,652,7,False,41,137.0,851,7.171090905859457,29.28935901727238,245.07205908925297,0,0
4,653,8,False,25,100.5,1728,1.0731802684313267,10.645083103518754,491.9176022168837,0,0
4,654,6,False,26,75.5,2139,7.048361034506252,21.045726559653545,511.21812563131124,0,0
4,655,6,False,42,108.5,1989,11.106878589772831,15.212355705572719,495.6938447707433,0,0
4,656,7,False,66,188.0,1162,23.145083103518754,55.53040143250264,304.94298352148013,0,0
4,657,8,False,30,64.0,1093,5.058943366381213,11.161550885539011,323.06248463377284,0,0
4,658,5,False,22,293.0,1492,1.1133805403580073,78.83518592024076,443.88522872351456,0,0
4,659,8,False,50,130.5,1183,10.1154207310029,26.780816876042312,239.467779058091,0,0
4,660,7,False,25,56.0,2198,1.0760276488413494,4.05690317573632,582.6934633920928,0,0
4,661,6,False,29,90.0,1461,9.048361034506252,19.185114902352254,398.47457352239843,0,0
4,662,8,False,29,59.5,1813,2.199138898845052,7.111362565945182,413.22812589790607,0,0
4,663,8,False,57,275.0,676,10.121922681588076,70.3829526705392,183.18833144248515,0,0
4,664,4,False,7,44.0,2430,6.0,12.586565548252175,585.4294612415615,0,0
4,665,6,False,20,51.5,2300,3.2203035625949745,7.647930483928778,584.9803564076057,0,0
4,666,7,False,10,330.0,914,3.1914039473801137,89.73880079741463,210.08658554286103,0,0
4,667,7,False,26,90.0,1954,10.01300390117035,29.039011703511054,459.6325242675308,0,0
4,668,8,False,55,344.5,565,10.11622792076803,89.90020542609253,175.94367888954386,0,0
4,669,5,False,24,56.0,2299,9.061364935676602,13.100376639187656,562.0998575198984,0,0
4,670,7,False,39,103.0,1053,7.134119392993297,21.136540962288688,271.4313696158962,0,0
4,671,8,False,35,118.0,1704,6.064638127201258,21.29626456274012,450.91071888764804,0,0
4,672,7,False,10,90.0,1993,10.0,20.179633047089524,478.66788140086675,0,0
4,673,8,False,22,394.5,676,8.240997982766128,73.5217467290301,183.19768077348033,0,0
4,674,8,False,34,87.0,1901,9.0447064643311,15.129041132613132,502.3520443376749,0,0
4,675,7,False,39,77.0,1577,9.05609598597119,17.05486298509143,342.2220497584355,0,0
4,676,8,False,51,90.0,1876,8.05851755526658,30.651988648986496,398.9028032441623,0,0
4,677,6,False,30,184.0,1465,5.084525357607282,42.30601748861788,371.7915991540059,0,0
4,678,6,False,10,131.0,2003,10.0,34.094278283485046,462.069813768732,0,0
4,679,7,False,20,80.0,2074,4.125195873112731,7.07925640790187,537.7909482184062,0,0
4,680,7,False,20,206.0,1583,8.070714266671802,68.42874735997108,323.2427886110708,0,0
4,681,7,False,19,67.0,2172,6.045513654096228,24.164588955274283,500.9169957137483,0,0
4,682,7,False,25,56.0,2198,1.0760276488413494,4.05690317573632,582.7064672932631,0,0
4,683,8,False,26,50.5,2095,5.067866886261778,7.073965241964389,550.7369368555442,0,0
4,684,8,False,15,40.5,1942,5.006501950585175,12.559941245471592,505.62759226401175,0,0
4,685,4,False,7,125.5,2267,6.0,46.14304291287386,518.3230084629033,0,0
4,686,4,False,10,36.0,2443,9.100376639187656,10.046533749418675,587.4156501506261,0,0
4,687,7,False,30,95.0,1331,6.0650195058517555,16.178825857324394,403.21687263582265,0,0
4,688,5,False,22,41.0,1740,0.12638444152835826,15.078023407022107,425.8216873376364,0,0
4,689,7,False,21,66.0,1887,2.201986279255075,12.048361034506252,424.4528912204413,0,0
4,690,8,False,34,63.0,1791,5.095107689482243,11.113189851032757,470.9521077279904,0,0
4,691,5,False,17,40.0,2357,4.054862985091427,10.256849264346503,581.1067852815981,0,0
4,692,7,False,7,159.0,1761,2.0,14.090220118427327,469.93706363617514,0,0
4,693,5,False,29,41.0,2318,6.013003901170351,14.077216217256977,565.2961490383334,0,0
4,694,7,False,39,49.0,2136,10.048361034506252,20.144275913753624,480.1181748032382,0,0
4,695,6,False,18,42.5,2312,4.067059696496648,10.565636006291637,571.028761874576,0,0
4,696,8,False,51,125.5,1042,11.121115491822946,30.17718926156207,206.68238785986594,0,0
4,697,7,False,26,54.0,1335,6.045513654096228,19.04551365409623,289.7083512297425,0,0
4,698,8,False,22,104.5,1393,1.1471232941636478,11.083718167842152,432.3002094250143,0,0
4,699,7,False,30,190.0,1644,11.05851755526658,41.40316536874502,427.90175093530337,0,0
4,700,5,False,22,41.0,1740,0.12638444152835826,15.078023407022107,425.8151853870512,0,0
4,701,5,False,10,327.0,1683,1.0455136540962289,118.38404089563998,337.20785728884954,0,0
4,702,6,False,30,209.5,1567,5.084525357607282,58.756232763906624,389.0366775180618,0,0
4,703,7,False,19,67.0,2172,6.045513654096228,24.164588955274283,500.9133411435731,0,0
4,704,8,False,26,189.5,1174,5.065445316966389,38.394836133072275,260.4071768797154,0,0
4,705,8,False,27,59.5,1147,5.152818054983693,9.619691801617934,323.05883006359767,0,0
4,706,7,False,20,45.0,2231,4.128043253522754,6.106497211122335,570.1237806991301,0,0
4,707,5,False,29,61.0,1578,4.201986279255075,11.105264210242572,421.7184188855746,0,0
4,708,7,False,57,176.0,1597,12.153625244748824,34.44744602196148,363.882289516012,0,0
4,709,8,False,51,89.5,1876,8.05851755526658,35.61338054035801,398.8861447728168,0,0
4,710,7,False,30,65.0,1769,10.24384536317615,18.1154207310029,459.06107094087224,0,0
4,711,7,False,10,90.0,1352,10.0,20.179633047089524,285.66729933558656,0,0
4,712,7,False,39,103.0,1560,9.05609598597119,22.202793469020204,370.841237621856,0,0
4,713,7,False,23,78.0,2133,0.19386994913963937,9.026007802340702,535.0356452038117,0,0
4,714,7,False,7,159.0,1828,2.0,20.505582198577567,528.0492556081175,0,0
4,715,8,False,26,176.0,1174,5.067866886261778,38.39362534842458,260.4006749291302,0,0
4,716,8,False,25,79.5,1796,1.0760276488413494,7.541455489038511,498.1212028756691,0,0
4,717,5,False,10,128.0,2103,3.026007802340702,25.290592018152143,545.3805181417752,0,0
4,718,6,False,18,72.0,2021,7.041859083921076,11.66928583700395,524.3996426148801,0,0
4,719,8,False,30,64.0,1093,5.05609598597119,11.164801860831599,323.0523281130125,0,0
4,720,6,False,15,62.5,1960,7.019505851755526,15.663378170626586,522.1992262826911,0,0
4,721,5,False,10,153.0,2126,1.0455136540962289,35.3649608549991,517.5451515295135,0,0
4,722,4,False,10,36.0,2443,9.100376639187656,10.043282774126087,587.4160759617407,0,0
4,723,6,False,23,52.5,2312,4.181247426619786,10.565636006291637,571.0198383546955,0,0
4,724,6,False,29,90.0,1801,9.048361034506252,19.181863927059666,444.18507824556934,0,0
4,725,7,False,7,132.0,1761,2.0,21.178018667559265,469.9240597350048,0,0
4,726,7,False,25,56.0,2216,1.0760276488413494,4.05690317573632,582.7532139482391,0,0
4,727,5,False,22,321.0,1464,1.1068785897728317,81.6708420840603,439.9051603863847,0,0
4,728,5,False,17,40.0,2357,4.054862985091427,10.256849264346503,581.0885124307224,0,0
4,729,7,False,37,100.0,969,11.13696677340332,23.220684941245473,201.34926582758428,0,0
4,730,8,False,25,81.5,1577,7.041859083921076,20.15220155454381,342.1936203867994,0,0
4,731,4,False,10,53.0,2409,7.019505851755526,29.55994124547159,550.4542804754866,0,0
4,732,8,False,24,211.5,977,8.074368836846954,47.38933206157748,242.75124262791365,0,0
4,733,8,False,47,109.0,837,5.131272012583274,31.658087004689108,279.99569449422523,0,0
4,734,8,False,22,54.5,1643,5.05690317573632,8.06077065146879,422.9440358303391,0,0
4,735,8,False,15,49.5,1942,5.006501950585175,13.093683999277232,505.61743574325146,0,0
4,736,7,False,18,65.0,2129,7.041859083921076,8.218689183064715,552.3496227683795,0,0
4,737,7,False,30,190.0,1644,11.05851755526658,41.40316536874502,427.8936346051879,0,0
4,738,7,False,40,187.0,1792,7.126384441528359,32.01300390117035,399.16637958357893,0,0
4,739,6,False,18,71.5,1319,4.060557745911473,11.077619812139542,353.0933355747043,0,0
4,740,7,False,36,77.0,2075,0.2044522810146005,10.163781765509151,523.890562100293,0,0
4,741,6,False,31,92.5,1126,4.046746654975991,15.720281346362906,335.0827976752935,0,0
4,742,7,False,24,51.0,1582,12.028855182750725,14.103224019597679,413.7147643153994,0,0
4,743,5,False,22,321.0,1464,1.1003766391876562,81.65987837353484,439.9051603863847,0,0
4,744,7,False,35,111.0,1053,7.080063597666999,28.222299320775733,271.4025144331454,0,0
4,745,8,False,40,109.0,837,8.17232390673922,31.658087004689108,279.99569449422523,0,0
4,746,5,False,5,43.0,2388,2.17151671697409,5.051634226030908,593.3148477003238,0,0
4,747,4,False,10,36.0,2443,9.093874688602481,10.043282774126087,587.3994174903952,0,0
4,748,8,False,54,295.5,615,17.160127195334,73.78134303047179,191.9944614933455,0,0
4,749,8,False,31,63.0,1791,5.100802450302289,11.110342470622736,470.93544925664486,0,0
4,750,6,False,30,173.0,1487,5.084525357607282,39.28326066156977,377.78429001365555,0,0
4,751,7,False,12,57.0,1928,6.015851281580374,13.099569449422527,517.1118535446739,0,0
4,752,6,False,10,81.0,2103,10.0,25.055266579973992,480.09909476259736,0,0
4,753,8,False,28,61.5,2030,2.1227298713532057,7.084951168721915,552.2740209306528,0,0
4,754,7,False,23,107.0,2057,3.1308906339327764,11.209721230720014,534.6962663400387,0,0
4,755,7,False,43,103.0,1053,7.080870787432129,28.190596757614983,271.40536181355543,0,0
4,756,6,False,31,242.0,1122,4.046746654975991,63.46270301933404,241.82684446564036,0,0
4,757,5,False,29,41.0,2343,6.013003901170351,14.070714266671802,569.3892609696348,0,0
4,758,7,False,11,70.0,2072,1.1134249728221428,4.212949989780533,581.5332917642946,0,0
4,759,7,False,34,122.0,1371,4.085758358487045,18.233688842415823,309.8477395724412,0,0
4,760,4,False,54,226.5,2018,9.165821956154044,37.59437862679988,532.2208167575558,0,0
4,761,7,False,28,67.0,2175,8.05851755526658,13.05851755526658,502.3153179439025,0,0
4,762,7,False,34,44.0,1231,9.103224019597679,13.05771036550145,393.7145636287697,0,0
4,763,5,False,20,56.0,2143,0.041859083921076096,13.100376639187656,547.6422549771765,0,0
4,764,5,False,22,605.0,1014,1.1003766391876562,149.11927598780773,234.65209898960578,0,0
4,765,8,False,22,96.0,1774,8.032509752925877,24.197311613757478,452.1265162578386,0,0
4,766,8,False,28,59.5,2030,2.2040264698999676,6.581700193429327,552.2927195926432,0,0
4,767,4,False,10,36.0,2443,9.093874688602481,10.043282774126087,587.4071524418601,0,0
4,768,7,False,23,78.0,2133,0.21380161200979883,20.11257335059288,535.0108704023507,0,0
4,769,7,False,24,51.0,1582,12.031702563160747,14.103224019597679,413.7261538370395,0,0
4,770,7,False,32,188.0,1792,7.0650195058517555,32.01300390117035,399.1863112464491,0,0
4,771,5,False,38,99.0,2204,12.211335610250273,19.246692743586173,538.7950730321602,0,0
4,772,4,False,21,54.5,2395,9.160127195333999,23.030682467838304,561.3681407383491,0,0
4,773,8,False,32,57.0,1610,9.05609598597119,13.05771036550145,347.23144352189485,0,0
4,774,7,False,11,58.0,2216,1.0788750292513722,4.219451940365709,582.7572943295289,0,0
4,775,7,False,23,107.0,2057,3.139432775162845,11.209721230720014,534.7040012915036,0,0
4,776,5,False,19,38.0,2359,6.253194694171349,11.096722069012504,575.1198336152327,0,0
4,777,7,False,23,78.0,2133,0.2223437532398672,16.065019505851755,534.9978665011804,0,0
4,778,7,False,18,63.0,2135,5.064212316086626,9.09306749883735,525.7780331821642,0,0
4,779,8,False,47,112.0,1612,6.201560468140442,15.65851281580374,443.72216232067797,0,0
4,780,4,False,7,125.5,2267,6.0,46.14304291287386,518.312089184842,0,0
4,781,4,False,27,48.0,2402,6.0650195058517555,10.131272012583274,590.2706114795715,0,0
4,782,6,False,19,42.5,2285,6.045513654096228,13.070310671789237,543.1710420301489,0,0
4,783,8,False,47,115.5,784,5.131272012583274,31.658087004689108,197.77377655210003,0,0
4,784,8,False,24,235.5,977,8.074368836846954,51.63521761539852,242.74516648844312,0,0
4,785,4,False,26,36.0,2427,0.0808707874321294,9.590220118427329,597.339711366713,0,0
4,786,6,False,30,165.0,1615,10.106071400007702,32.31356175075757,402.00217200695516,0,0
4,787,5,False,29,61.0,1578,4.198331709079922,11.110958971062617,421.7208848873341,0,0
4,788,5,False,5,43.0,2388,2.1743640973841125,5.057328986850953,593.3274702228437,0,0
4,789,8,False,22,52.5,2119,5.0597505561463425,10.565445316966388,541.8328517347915,0,0
4,790,5,False,57,205.0,1373,22.099569449422525,53.33487267136861,408.34572307911054,0,0
4,791,4,False,10,36.0,2443,9.093874688602481,10.043282774126087,587.4205821541451,0,0
4,792,7,False,40,191.0,1792,7.126384441528359,32.01300390117035,399.188351437094,0,0
4,793,8,False,16,62.0,2060,4.015044091815244,13.631059107025958,511.7048529137329,0,0
4,794,7,False,43,103.0,1053,7.080870787432129,28.190596757614983,271.4110565743755,0,0
4,795,7,False,30,197.0,1511,11.052015604681404,45.47188387723607,352.84735819379074,0,0
4,796,8,False,31,65.5,1786,5.097147880127136,8.635139488315744,475.902939503719,0,0
4,797,4,False,20,23.0,2459,1.1003766391876562,19.003250975292588,577.494143801227,0,0
4,798,6,False,31,75.0,1157,4.046746654975991,20.16235807530414,335.0754885349432,0,0
4,799,6,False,35,378.0,925,5.155665435393716,89.14029587577868,285.6702829755533,0,0
4,800,8,False,30,188.5,1009,5.039011703511053,50.69567501799515,169.72014656788835,0,0
4,801,6,False,10,92.0,2112,10.0,26.08087078743213,481.12676137693245,0,0
4,802,6,False,27,45.0,2299,9.070714266671802,12.612573350592877,548.1580381289785,0,0
4,803,7,False,24,60.0,1590,11.064212316086625,17.11095897106262,415.75339464025996,0,0
4,804,6,False,60,103.5,1567,11.145508914633387,30.128211726615937,388.99728443590027,0,0
4,805,5,False,20,97.0,2184,0.04470646433109887,9.183757860843446,562.9462322751496,0,0
4,806,7,False,17,168.0,1159,0.08452535760728218,48.2755479263369,265.52362992496836,0,0
4,807,8,False,28,59.5,2030,2.2097212307200134,6.581700193429327,552.2911052131129,0,0
4,808,8,False,57,215.0,1310,14.11461354123777,47.38631620807427,360.14577699050034,0,0
4,809,7,False,36,198.0,1546,0.12638444152835826,35.46410449330699,390.37020536684923,0,0
4,810,6,False,27,50.0,2136,11.04309208480084,22.522756827048113,480.0970990044166,0,0
4,811,4,False,7,40.5,2437,6.0,7.616844421207912,595.3571770278236,0,0
4,812,5,False,11,64.0,2351,6.006501950585175,12.0,566.2905431424416,0,0
4,813,8,False,17,144.0,891,0.07802340702210663,21.320085917574815,265.5264773053784,0,0
4,814,6,False,26,51.5,2147,2.68848843719175,9.074368836846954,574.6077494660699,0,0
4,815,7,False,15,79.0,1911,4.02235323216555,11.22438394388476,487.2020736631012,0,0
4,816,8,False,25,52.0,2030,2.3068691108471495,7.595724189922125,552.2939525935229,0,0
4,817,4,False,20,44.5,2416,15.164588955274281,19.003250975292588,563.4226223447899,0,0
4,818,8,False,29,107.0,1450,7.119075301178053,30.202793469020204,389.09826757822333,0,0
4,819,7,False,35,62.0,1652,10.048361034506252,25.110533159947984,355.40623343039357,0,0
4,820,7,False,47,80.0,1784,6.201560468140442,20.120308302057815,465.96192730256433,0,0
4,821,7,False,50,68.0,2041,6.14593472574802,13.110533159947984,553.490244111958,0,0
4,822,6,False,19,42.5,2285,6.045513654096228,13.070310671789237,543.1665802702087,0,0
4,823,8,False,32,118.0,1704,8.098762259657397,22.185731402792136,450.9245744110477,0,0
4,824,8,False,34,84.0,1053,7.09387468860248,15.6908096631723,271.41390395478555,0,0
4,825,7,False,23,87.0,1317,4.0382045137459235,20.11257335059288,288.81897325461875,0,0
4,826,8,False,42,284.0,910,10.052015604681404,59.080993346979035,251.4207872840212,0,0
4,827,8,False,48,231.0,819,12.15239224386906,47.46697408994908,226.97291545094507,0,0
4,828,8,False,42,119.0,1511,8.121922681588076,24.222725131890364,352.8372016730304,0,0
4,829,4,False,20,370.5,1764,0.04470646433109887,95.3108147136624,425.9208754084084,0,0
4,830,7,False,23,118.0,1226,4.123155682467838,25.140621343578474,349.7674308556804,0,0
4,831,6,False,26,356.5,954,4.0394375146256865,78.71447402330038,230.48627703345173,0,0
4,832,8,False,54,315.0,615,14.109725970182854,64.83601532623796,191.9965016839904,0,0
4,833,7,False,40,112.0,1802,6.129231821938381,30.213375800895165,482.74285674084916,0,0
4,834,6,False,17,44.5,2290,3.037397323980793,6.535570038893217,587.075508529552,0,0
4,835,7,False,24,157.0,1582,12.03454994357077,34.21703037107032,413.7115355563389,0,0
4,836,8,False,83,238.5,784,10.226379702065516,51.47390185164889,197.77377655210003,0,0
4,837,4,False,7,40.5,2437,6.0,7.616844421207912,595.3462133172982,0,0
4,838,7,False,33,234.0,1266,9.063405126321495,67.39054284622516,351.8267556007121,0,0
4,839,7,False,32,59.0,1615,8.028047992985595,10.106071400007702,401.9948628666049,0,0
4,840,5,False,17,64.0,1926,4.043899274565969,15.065445316966388,439.92273490703246,0,0
4,841,4,False,20,199.0,2107,0.04470646433109887,42.37675397152175,531.7946916535097,0,0
4,842,8,False,41,378.0,583,9.293820777212662,72.29517633763933,151.69333157578254,0,0
4,843,8,False,27,115.0,1556,9.070714266671802,21.255851385256122,399.4282971110012,0,0
4,844,7,False,11,58.0,2195,1.1162723532321654,4.209295419605381,583.7333267178332,0,0
4,845,7,False,33,102.0,2023,6.14593472574802,13.374735997108928,505.74590480788885,0,0
4,846,4,False,2,40.5,2442,2.0,10.105667805125137,594.3815704506341,0,0
4,847,4,False,5,8.5,2503,5.0,6.509752925877763,598.5705528287187,0,0
4,848,7,False,19,67.0,2172,6.045513654096228,24.16093438509913,500.908923816097,0,0
4,849,5,False,22,279.0,1740,0.12923182193838106,91.52020047927817,425.8176513888107,0,0
4,850,7,False,19,51.0,1996,0.08860573889706776,12.106071400007702,514.3451610084392,0,0
4,851,7,False,20,79.0,2109,5.086565548252175,11.227568270481145,561.8003864143298,0,0
4,852,8,False,42,173.0,1115,13.100376639187656,27.28449366244953,290.16214294812363,0,0
4,853,8,False,29,150.0,1556,9.069907076906672,28.383065232781682,399.421795160416,0,0
4,854,7,False,44,87.0,1784,7.21090979913564,20.120308302057815,465.95461816221405,0,0
4,855,5,False,36,133.0,1639,5.076409027491847,43.227994081595774,357.215210861664,0,0
4,856,7,False,26,52.0,2095,4.085758358487045,10.032509752925877,548.7284391467782,0,0
4,857,8,False,15,54.0,1977,0.09102730819245773,9.081890882754575,530.1696083426394,0,0
4,858,4,False,26,36.0,2427,0.08371816784215219,9.590220118427329,597.3157437550171,0,0
4,859,7,False,25,147.0,1560,11.04309208480084,31.171898095624588,369.0603970484995,0,0
4,860,4,False,20,44.0,2417,15.160934385099129,19.003250975292588,563.4124658240297,0,0
4,861,6,False,20,155.0,1784,3.0483610345062515,31.419823840090523,465.94811621162887,0,0
4,862,8,False,31,48.5,1906,3.1877938096690968,8.629444727495699,500.0756892215729,0,0
4,863,7,False,40,189.0,1410,16.05486298509143,56.386888276050016,280.0099513908842,0,0
4,864,7,False,23,69.0,1167,3.136585394752822,7.100376639187656,289.3862373404504,0,0
4,865,5,False,20,50.0,2343,6.019505851755526,14.070714266671802,569.4059638734445,0,0
4,866,7,False,19,61.0,2095,4.048361034506252,7.080870787432129,550.7032385342027,0,0
4,867,7,False,11,64.0,2187,1.0300881836304878,4.209295419605381,583.5988259461893,0,0
4,868,7,False,50,68.0,2041,6.14593472574802,13.110533159947984,553.4764330210224,0,0
4,869,5,False,22,186.0,1748,1.1003766391876562,39.349916763183856,378.3225152625514,0,0
4,870,7,False,27,42.0,2299,9.073561647081824,12.07925640790187,548.144227038043,0,0
4,871,4,False,7,12.5,2493,6.0,9.01300390117035,592.5603963079584,0,0
4,872,8,False,21,52.0,1767,6.099569449422526,11.625577251763229,477.80668767828524,0,0
4,873,7,False,35,64.0,1652,10.048361034506252,19.065019505851755,355.40623343039357,0,0
4,874,7,False,47,80.0,1784,6.201560468140442,20.120308302057815,465.94811621162887,0,0
4,875,4,False,26,36.0,2427,0.08371816784215219,9.590220118427329,597.3193983251923,0,0
4,876,6,False,48,63.0,1949,11.11380635147264,16.06929057646679,515.5853518014402,0,0
4,877,7,False,15,86.0,1786,4.02235323216555,16.341037675767424,475.8956303633687,0,0
4,878,6,False,17,44.5,2290,3.037397323980793,6.535570038893217,587.078355909962,0,0
4,879,5,False,17,54.0,2349,4.054862985091427,11.145083103518754,576.0727055816061,0,0
4,880,6,False,35,289.0,1382,11.139814153813342,78.41007091421277,292.6588016268206,0,0
4,881,8,False,48,107.5,1750,13.039011703511052,37.59712566389507,367.748033863462,0,0
4,882,4,False,2,39.0,2445,2.0,4.618671706295487,605.3490606977082,0,0
4,883,4,False,4,19.5,2482,0.07071426667180108,1.550188319593828,613.4153132044397,0,0
4,884,8,False,38,157.5,754,5.119075301178053,33.812115844320495,239.92782760796348,0,0
4,885,6,False,17,44.5,2168,3.037397323980793,6.535570038893217,569.8255870269054,0,0
4,886,4,False,7,12.5,2493,6.0,9.01300390117035,592.5567417377833,0,0
4,887,7,False,3,120.0,1015,2.0065019505851756,15.17474547603461,232.66268132148073,0,0
4,888,4,False,14,178.0,2155,0.06421231608662553,23.454205310568113,569.6101266029011,0,0
4,889,7,False,13,55.0,1747,8.015851281580375,26.04551365409623,371.53019630262656,0,0
4,890,4,False,16,28.5,2452,0.06786688626177831,2.573965241964389,611.3669521699335,0,0
4,891,7,False,9,44.0,2025,0.041859083921076096,11.0353571333359,530.2822261256965,0,0
4,892,7,False,41,85.0,1965,5.126384441528359,18.269853165516853,518.252137942066,0,0
4,893,4,False,38,104.0,2279,14.031702563160747,24.28938123350445,553.9686299397792,0,0
4,894,4,False,20,40.5,2424,0.04470646433109887,7.616844421207912,601.300699663202,0,0
4,895,6,False,49,78.5,2131,13.061364935676602,19.15932000556887,520.6419180309902,0,0
4,896,6,False,35,78.5,1887,5.156472625158846,22.08616195336961,438.79635046550413,0,0
4,897,8,False,11,57.5,1880,1.0357829444505333,5.638581152933579,524.1793390522852,0,0
4,898,7,False,23,51.0,2186,4.085758358487045,12.177592856444633,547.9243048540986,0,0
4,899,6,False,60,115.0,1544,11.145508914633387,20.758060048994196,407.7323188414383,0,0
4,900,6,False,20,70.5,2054,3.0483610345062515,17.589009333779632,523.478136265481,0,0
4,901,7,False,35,119.0,1978,6.14593472574802,13.37758337751895,491.66626702133647,0,0
4,902,4,False,22,179.5,2144,0.07356164708182386,23.458879976065713,569.5869661809704,0,0
4,903,5,False,43,332.0,1352,14.090220118427327,68.64701073192117,400.13485771243904,0,0
4,904,4,False,29,49.0,2398,9.093874688602481,10.589816523544762,586.3047800444917,0,0
4,905,6,False,19,37.0,2268,6.045513654096228,13.054459390208862,539.1194522365821,0,0
4,906,7,False,44,68.0,2020,6.088605738897067,13.157279814923976,533.4805578347764,0,0
4,907,7,False,32,49.0,2131,6.091027308192458,13.13777396316845,520.6289141298198,0,0
4,908,7,False,30,116.0,1794,11.052015604681404,22.256042074581373,454.2127004274403,0,0
4,909,6,False,15,63.0,2275,0.06501950585175552,13.613593445915324,562.0792075321913,0,0
4,910,8,False,9,140.0,1358,4.0,16.290592018152143,360.38771546042403,0,0
4,911,4,False,20,44.0,2417,15.154432434513954,19.003250975292588,563.4080040640894,0,0
4,912,6,False,28,124.0,1842,9.041859083921077,28.69709870820016,435.5972559991232,0,0
4,913,8,False,27,151.0,1556,9.070714266671802,28.376159687313937,399.42098797065086,0,0
4,914,7,False,10,58.0,2216,1.0382045137459233,4.0178914722252665,582.741061669298,0,0
4,915,4,False,29,69.0,2358,0.19505851755526657,9.627000941968241,597.1133760971115,0,0
4,916,8,False,25,84.0,1956,5.126384441528359,17.715606680865307,520.1009342666125,0,0
4,917,5,False,22,524.0,1225,1.1003766391876562,97.02540129920526,386.60046476357485,0,0
4,918,4,False,16,28.5,2452,0.07071426667180108,2.573965241964389,611.347446318178,0,0
4,919,4,False,7,125.5,2267,6.0,46.14304291287386,518.2828526234408,0,0
4,920,7,False,23,63.0,1803,2.094726310831746,12.127617442408122,518.902939503719,0,0
4,921,5,False,19,54.0,2359,6.253194694171349,11.147930483928779,575.1036009550018,0,0
4,922,8,False,35,125.0,1644,6.064638127201258,27.770873260839302,427.87213299525166,0,0
4,923,8,False,25,45.0,1977,0.07930084036600502,10.027431492545713,530.1501024908839,0,0
4,924,8,False,32,46.5,2075,0.21218723247953886,12.040435393716065,523.8625585397715,0,0
4,925,8,False,36,108.0,1715,3.116653731882663,24.13981415381334,408.6296768871208,0,0
4,926,7,False,50,60.0,1000,8.052015604681404,19.04836103450625,289.6435124159116,0,0
4,927,6,False,17,56.0,2097,4.054055795326297,17.1060714000077,488.734604151177,0,0
4,928,8,False,53,197.0,1116,8.213757179545663,60.424072694473494,218.0391205630482,0,0
4,929,4,False,16,28.5,2452,0.07071426667180108,2.5753889321694006,611.3437917480028,0,0
4,930,4,False,4,19.5,2482,0.06421231608662553,1.550188319593828,613.4035423041491,0,0
4,931,7,False,17,44.0,2176,3.0402447043908163,8.057328986850953,556.9117267640429,0,0
4,932,4,False,22,125.5,2252,1.1003766391876562,23.260122455871155,568.9475097084934,0,0
4,933,4,False,20,44.5,2416,15.160934385099129,19.003250975292588,563.4071968743243,0,0
4,934,5,False,48,568.0,1067,13.132079202348404,183.33332271891135,206.9217070360288,0,0
4,935,8,False,8,103.5,1017,3.0065019505851756,30.15687622004141,215.13052924989114,0,0
4,936,7,False,8,50.0,1257,0.045513654096228866,17.073561647081824,401.6763591150238,0,0
4,937,7,False,33,83.0,1530,9.092260309072222,25.121922681588075,422.18279293583066,0,0
4,938,7,False,32,49.0,2131,6.091027308192458,13.061364935676602,520.6281069400546,0,0
4,939,6,False,17,44.5,2168,3.0402447043908163,6.535570038893217,569.7959246543895,0,0
4,940,8,False,8,70.0,1358,3.2137571795456634,8.647336199720964,360.3804063200737,0,0
4,941,7,False,11,58.0,2195,1.0329355640405105,4.209295419605381,583.7085519163721,0,0
4,942,4,False,26,36.0,2427,0.08941292866219774,9.58839283333975,597.2946235237314,0,0
4,943,7,False,23,69.0,1784,3.139432775162845,7.100376639187656,454.3264623464488,0,0
4,944,6,False,35,78.5,2145,11.041859083921077,19.15606903027628,522.6468056020451,0,0
4,945,8,False,17,67.5,1559,4.110151781297487,9.053461511118483,415.6696764724178,0,0
4,946,7,False,51,244.0,1403,11.166629145919174,80.23449603218096,279.014031772174,0,0
4,947,4,False,20,44.5,2416,15.160934385099129,19.003250975292588,563.399887733974,0,0
4,948,7,False,35,108.0,1779,9.063405126321495,53.09102730819246,383.3972654780489,0,0
4,949,8,False,53,58.5,1558,7.21090979913564,13.181863927059668,426.16290570542463,0,0
4,950,7,False,37,144.0,1650,4.144275913753625,15.38208956992337,394.1692713964531,0,0
4,951,6,False,60,115.0,1544,11.145508914633387,20.7533853834966,407.7343590320832,0,0
4,952,7,False,20,42.0,2299,9.050401225151145,11.069907076906672,548.1251469974022,0,0
4,953,7,False,65,293.0,851,19.06625250673152,52.60234870005421,201.67895841417572,0,0
4,954,7,False,29,45.0,2268,7.087372738017305,15.080063597667,539.1121430962319,0,0
4,955,8,False,39,118.0,1332,8.223913700305992,31.73451824841302,355.88085582850255,0,0
4,956,4,False,20,22.0,2461,0.09102730819245773,19.003250975292588,578.4632928602955,0,0
4,957,8,False,8,135.5,1074,3.009349330995198,34.22718689183065,254.67806235948234,0,0
4,958,4,False,7,12.5,2493,6.0,9.01300390117035,592.5348143167324,0,0
4,959,6,False,19,159.0,1144,4.03454994357077,19.791825019031904,282.2480819986315,0,0
4,960,5,False,43,242.0,1096,14.090220118427327,39.58403141671431,277.7401900524599,0,0
4,961,6,False,23,130.5,1965,8.0447064643311,34.900317988335,478.54073420203736,0,0
4,962,7,False,50,68.0,2041,6.14593472574802,13.104031209362809,553.462621930087,0,0
4,963,6,False,22,134.5,1860,3.684026677251467,11.08087078743213,518.1013156452631,0,0
4,964,6,False,9,59.5,2294,0.041859083921076096,8.554862985091429,584.0182239751653,0,0
4,965,7,False,49,70.0,1112,6.165396145039412,16.0353571333359,321.6178859922214,0,0
4,966,8,False,54,268.0,660,17.153625244748824,71.5230478596882,191.98349778282005,0,0
4,967,7,False,32,49.0,2131,6.091027308192458,13.061364935676602,520.6272997502896,0,0
4,968,8,False,32,77.0,1923,8.074368836846954,17.76638928466695,495.2184396207245,0,0
4,969,8,False,27,115.0,1556,9.070714266671802,21.254024100168547,399.42302816129575,0,0
4,970,4,False,29,525.0,1446,9.087372738017304,135.22482123338597,337.02380691428385,0,0
4,971,8,False,79,111.5,1162,12.199946088610183,37.2086789191655,275.90287211448174,0,0
4,972,5,False,20,40.0,2338,0.09102730819245773,7.013003901170351,578.2413749181702,0,0
4,973,7,False,19,128.0,1440,6.039011703511053,33.28204987692207,288.9872167800682,0,0
4,974,7,False,36,66.0,1700,7.070714266671801,21.072754457316694,373.5025741207556,0,0
4,975,7,False,13,184.0,1183,0.05201560468140442,48.29747534738782,239.45320520985453,0,0
4,976,7,False,30,440.0,736,6.125577251763228,72.05515253664937,265.03997514744174,0,0
4,977,7,False,24,47.0,1580,9.032509752925877,13.096722069012504,417.75016588119945,0,0
4,978,8,False,64,194.0,896,13.139388342698709,62.802575824000044,191.0879548032975,0,0
4,979,4,False,2,38.5,2446,1.0260078023407022,7.019505851755526,601.4958026132214,0,0
4,980,4,False,21,73.5,2357,16.006501950585175,32.59387468860248,535.3665707912829,0,0
4,981,5,False,43,409.0,1398,14.090220118427327,66.14656122349233,403.26816991566716,0,0
4,982,5,False,24,59.0,2223,9.0353571333359,16.14835629504341,553.9052692459219,0,0
4,983,7,False,25,125.0,1113,10.095107689482242,46.140621343578474,312.93367862294906,0,0
4,984,8,False,99,246.5,660,18.277162305867158,65.86882833073156,190.85345877111652,0,0
4,985,5,False,9,41.0,2385,0.03820451374592332,12.090220118427327,580.2808124327959,0,0
4,986,6,False,17,45.0,2168,3.0402447043908163,6.535570038893217,569.7922700842144,0,0
4,987,5,False,20,110.0,1964,0.047553844741121655,21.0353571333359,520.4520395982121,0,0
4,988,8,False,31,51.5,1792,3.116653731882663,10.062597936556365,421.64756835934605,0,0
4,989,4,False,12,31.0,2451,10.006501950585175,18.03718441842348,570.4669474304706,0,0
4,990,5,False,20,169.0,2009,0.09102730819245773,29.37839056728408,514.3309685388532,0,0
4,991,7,False,45,60.0,1341,7.097529258777633,15.05851755526658,311.3027642917021,0,0
4,992,6,False,17,137.0,1860,2.6933760082466653,11.08087078743213,518.0883117440927,0,0
4,993,4,False,2,34.5,2454,2.0,22.027431492545713,570.4929552328113,0,0
4,994,5,False,11,49.0,2195,6.006501950585175,11.019505851755527,513.3109006164264,0,0
4,995,8,False,51,184.5,1054,8.121922681588076,46.373693685554414,217.07842478028147,0,0
4,996,4,False,20,29.5,2446,16.052015604681404,19.003250975292588,562.4893006626362,0,0
4,997,6,False,60,216.5,1341,11.145508914633387,68.95942982780939,311.3027642917021,0,0
4,998,4,False,10,141.0,2233,7.019505851755526,56.08777633289987,497.35275970034746,0,0
4,999,7,False,27,81.0,1356,5.061364935676603,17.18167323773442,409.22380039752244,0,0
4,1000,5,False,24,54.0,2227,8.0447064643311,25.1060714000077,517.9588992301335,0,0
