scope,cluster_id,cluster_size,feature,algorithmic_medoid,selected_representative,representative_source,is_algorithmic_medoid,is_selected_representative,medoid_candidate_rank,mean_distance_to_cluster,mean_abs_correlation_to_cluster,min_abs_correlation_to_cluster,max_abs_correlation_to_cluster,missing_fraction,n_nonmissing,variance_after_imputation,members_json
final,1,9,AATS0Z,AATS0Z,AATS0Z,algorithmic_medoid,True,True,1,0.055995177021838316,0.9440048229781617,0.8345965617070924,0.9996801175647244,0.0,3156,745.3871462640765,"[""AATS0Z"", ""AATS0m"", ""AATS1Z"", ""AATS1m"", ""AMW"", ""IC0"", ""MIC0"", ""MZ"", ""Mm""]"
final,1,9,MZ,AATS0Z,AATS0Z,algorithmic_medoid,False,False,2,0.05601433058818839,0.9439856694118116,0.8370360877919635,0.9996920260010791,0.0,3156,0.024239209023722952,"[""AATS0Z"", ""AATS0m"", ""AATS1Z"", ""AATS1m"", ""AMW"", ""IC0"", ""MIC0"", ""MZ"", ""Mm""]"
final,1,9,AATS0m,AATS0Z,AATS0Z,algorithmic_medoid,False,False,3,0.05766904580374432,0.9423309541962557,0.8324335937518528,0.9996801175647244,0.0,3156,20776.440772743732,"[""AATS0Z"", ""AATS0m"", ""AATS1Z"", ""AATS1m"", ""AMW"", ""IC0"", ""MIC0"", ""MZ"", ""Mm""]"
final,1,9,Mm,AATS0Z,AATS0Z,algorithmic_medoid,False,False,4,0.05863975757624973,0.9413602424237503,0.8317096992409428,0.9999889174453481,0.0,3156,0.030255893588316575,"[""AATS0Z"", ""AATS0m"", ""AATS1Z"", ""AATS1m"", ""AMW"", ""IC0"", ""MIC0"", ""MZ"", ""Mm""]"
final,1,9,AMW,AATS0Z,AATS0Z,algorithmic_medoid,False,False,5,0.058820214571009055,0.941179785428991,0.8320460032914528,0.9999889174453481,0.0,3156,4.293835151557806,"[""AATS0Z"", ""AATS0m"", ""AATS1Z"", ""AATS1m"", ""AMW"", ""IC0"", ""MIC0"", ""MZ"", ""Mm""]"
final,1,9,AATS1m,AATS0Z,AATS0Z,algorithmic_medoid,False,False,6,0.0644901797139723,0.9355098202860277,0.8321977158716681,0.9995145395646793,0.0,3156,951.7365533032644,"[""AATS0Z"", ""AATS0m"", ""AATS1Z"", ""AATS1m"", ""AMW"", ""IC0"", ""MIC0"", ""MZ"", ""Mm""]"
final,1,9,AATS1Z,AATS0Z,AATS0Z,algorithmic_medoid,False,False,7,0.06541453920603779,0.9345854607939622,0.8365927577769628,0.9995145395646793,0.0,3156,49.53950345593068,"[""AATS0Z"", ""AATS0m"", ""AATS1Z"", ""AATS1m"", ""AMW"", ""IC0"", ""MIC0"", ""MZ"", ""Mm""]"
final,1,9,MIC0,AATS0Z,AATS0Z,algorithmic_medoid,False,False,8,0.11541127680246055,0.8845887231975395,0.8543329234655902,0.9278096170861939,0.0,3156,32.84428135258832,"[""AATS0Z"", ""AATS0m"", ""AATS1Z"", ""AATS1m"", ""AMW"", ""IC0"", ""MIC0"", ""MZ"", ""Mm""]"
final,1,9,IC0,AATS0Z,AATS0Z,algorithmic_medoid,False,False,9,0.15480598398642398,0.845194016013576,0.8317096992409428,0.9249397086766732,0.0,3156,0.04556018849650918,"[""AATS0Z"", ""AATS0m"", ""AATS1Z"", ""AATS1m"", ""AMW"", ""IC0"", ""MIC0"", ""MZ"", ""Mm""]"
final,2,9,Mare,Mare,Mare,algorithmic_medoid,True,True,1,0.026324348438609868,0.9736756515613901,0.9405863821724539,0.9972783004659178,0.0,3156,0.0013183292444498744,"[""AATS0are"", ""AATS0pe"", ""AATS0se"", ""AATS1are"", ""AATS1pe"", ""AATS1se"", ""Mare"", ""Mpe"", ""Mse""]"
final,2,9,AATS0pe,Mare,Mare,algorithmic_medoid,False,False,2,0.02891190491649631,0.9710880950835037,0.9208732823774715,0.9977551498242156,0.0,3156,0.28004506923648675,"[""AATS0are"", ""AATS0pe"", ""AATS0se"", ""AATS1are"", ""AATS1pe"", ""AATS1se"", ""Mare"", ""Mpe"", ""Mse""]"
final,2,9,AATS0are,Mare,Mare,algorithmic_medoid,False,False,3,0.030474650306558382,0.9695253496934416,0.9329674491768611,0.9972783004659178,0.0,3156,0.29935097237608294,"[""AATS0are"", ""AATS0pe"", ""AATS0se"", ""AATS1are"", ""AATS1pe"", ""AATS1se"", ""Mare"", ""Mpe"", ""Mse""]"
final,2,9,Mse,Mare,Mare,algorithmic_medoid,False,False,4,0.03128539279359277,0.9687146072064072,0.9136355489521578,0.9988431187918994,0.0,3156,0.0007498580158690372,"[""AATS0are"", ""AATS0pe"", ""AATS0se"", ""AATS1are"", ""AATS1pe"", ""AATS1se"", ""Mare"", ""Mpe"", ""Mse""]"
final,2,9,Mpe,Mare,Mare,algorithmic_medoid,False,False,5,0.03133976112971215,0.9686602388702878,0.9230625253765445,0.9977551498242156,0.0,3156,0.0012384191952247475,"[""AATS0are"", ""AATS0pe"", ""AATS0se"", ""AATS1are"", ""AATS1pe"", ""AATS1se"", ""Mare"", ""Mpe"", ""Mse""]"
final,2,9,AATS0se,Mare,Mare,algorithmic_medoid,False,False,6,0.03610573914174897,0.963894260858251,0.9050126959872241,0.9988431187918994,0.0,3156,0.23038279559712654,"[""AATS0are"", ""AATS0pe"", ""AATS0se"", ""AATS1are"", ""AATS1pe"", ""AATS1se"", ""Mare"", ""Mpe"", ""Mse""]"
final,2,9,AATS1pe,Mare,Mare,algorithmic_medoid,False,False,7,0.04487845424291481,0.9551215457570852,0.929206059654526,0.9899326248080489,0.0,3156,0.07559667305254757,"[""AATS0are"", ""AATS0pe"", ""AATS0se"", ""AATS1are"", ""AATS1pe"", ""AATS1se"", ""Mare"", ""Mpe"", ""Mse""]"
final,2,9,AATS1se,Mare,Mare,algorithmic_medoid,False,False,8,0.051050340880922196,0.9489496591190778,0.9331159479531634,0.9799106668898043,0.0,3156,0.06956977329110402,"[""AATS0are"", ""AATS0pe"", ""AATS0se"", ""AATS1are"", ""AATS1pe"", ""AATS1se"", ""Mare"", ""Mpe"", ""Mse""]"
final,2,9,AATS1are,Mare,Mare,algorithmic_medoid,False,False,9,0.06280007743853333,0.9371999225614667,0.9050126959872241,0.9899326248080489,0.0,3156,0.07815216206955568,"[""AATS0are"", ""AATS0pe"", ""AATS0se"", ""AATS1are"", ""AATS1pe"", ""AATS1se"", ""Mare"", ""Mpe"", ""Mse""]"
final,3,2,AATS1d,AATS1d,AATS1d,algorithmic_medoid,True,True,1,0.038194844077242496,0.9618051559227575,0.9618051559227575,0.9618051559227575,0.0,3156,0.289558807550957,"[""AATS0d"", ""AATS1d""]"
final,3,2,AATS0d,AATS1d,AATS1d,algorithmic_medoid,False,False,2,0.038194844077242496,0.9618051559227575,0.9618051559227575,0.9618051559227575,0.0,3156,0.18954257754593784,"[""AATS0d"", ""AATS1d""]"
final,4,2,AATS0dv,AATS0dv,AATS0dv,algorithmic_medoid,True,True,1,0.08854657025585289,0.9114534297441471,0.9114534297441471,0.9114534297441471,0.0,3156,6.848125678048939,"[""AATS0dv"", ""AATS1dv""]"
final,4,2,AATS1dv,AATS0dv,AATS0dv,algorithmic_medoid,False,False,2,0.08854657025585289,0.9114534297441471,0.9114534297441471,0.9114534297441471,0.0,3156,3.7200039785614223,"[""AATS0dv"", ""AATS1dv""]"
final,5,2,AATS0i,AATS0i,AATS0i,algorithmic_medoid,True,True,1,0.002161039387838848,0.9978389606121612,0.9978389606121612,0.9978389606121612,0.0,3156,36.003401948590444,"[""AATS0i"", ""Mi""]"
final,5,2,Mi,AATS0i,AATS0i,algorithmic_medoid,False,False,2,0.002161039387838848,0.9978389606121612,0.9978389606121612,0.9978389606121612,0.0,3156,0.0003520522259401463,"[""AATS0i"", ""Mi""]"
final,6,3,AATS0p,AATS0p,AATS0p,algorithmic_medoid,True,True,1,0.052845039814017,0.947154960185983,0.916772739779139,0.9775371805928269,0.0,3156,0.08762405257498634,"[""AATS0p"", ""AATS1p"", ""Mp""]"
final,6,3,Mp,AATS0p,AATS0p,algorithmic_medoid,False,False,2,0.0594895247142424,0.9405104752857576,0.9034837699786884,0.9775371805928269,0.0,3156,0.0025601373258550336,"[""AATS0p"", ""AATS1p"", ""Mp""]"
final,6,3,AATS1p,AATS0p,AATS0p,algorithmic_medoid,False,False,3,0.08987174512108631,0.9101282548789137,0.9034837699786884,0.916772739779139,0.0,3156,0.029799692283132975,"[""AATS0p"", ""AATS1p"", ""Mp""]"
final,7,3,AATS0v,AATS0v,AATS0v,algorithmic_medoid,True,True,1,0.026625176735787903,0.9733748232642121,0.9559424572908685,0.9908071892375558,0.0,3156,724.4839769243284,"[""AATS0v"", ""AATS1v"", ""Mv""]"
final,7,3,Mv,AATS0v,AATS0v,algorithmic_medoid,False,False,2,0.032474136133636144,0.9675258638663639,0.9442445384951719,0.9908071892375558,0.0,3156,0.0023816602477943955,"[""AATS0v"", ""AATS1v"", ""Mv""]"
final,7,3,AATS1v,AATS0v,AATS0v,algorithmic_medoid,False,False,3,0.04990650210697978,0.9500934978930202,0.9442445384951719,0.9559424572908685,0.0,3156,503.2293676081353,"[""AATS0v"", ""AATS1v"", ""Mv""]"
final,8,1,AATS1i,AATS1i,AATS1i,algorithmic_medoid,True,True,1,0.0,1.0,1.0,1.0,0.0,3156,15.986873711771741,"[""AATS1i""]"
final,9,2,AATSC0m,AATSC0m,AATSC0m,algorithmic_medoid,True,True,1,0.0010545332124207718,0.9989454667875792,0.9989454667875792,0.9989454667875792,0.0,3156,8385.102438544984,"[""AATSC0Z"", ""AATSC0m""]"
final,9,2,AATSC0Z,AATSC0m,AATSC0m,algorithmic_medoid,False,False,2,0.0010545332124207718,0.9989454667875792,0.9989454667875792,0.9989454667875792,0.0,3156,256.23370597719537,"[""AATSC0Z"", ""AATSC0m""]"
final,10,4,AATSC0pe,AATSC0pe,AATSC0pe,algorithmic_medoid,True,True,1,0.045130052360134676,0.9548699476398653,0.8915799694427713,0.9911490666207302,0.0,3156,0.00321683546072738,"[""AATSC0are"", ""AATSC0dv"", ""AATSC0pe"", ""AATSC0se""]"
final,10,4,AATSC0are,AATSC0pe,AATSC0pe,algorithmic_medoid,False,False,2,0.046543199806782454,0.9534568001932175,0.9166124597653696,0.9818808068560944,0.0,3156,0.0046819488294344595,"[""AATSC0are"", ""AATSC0dv"", ""AATSC0pe"", ""AATSC0se""]"
final,10,4,AATSC0se,AATSC0pe,AATSC0pe,algorithmic_medoid,False,False,3,0.058492040320076044,0.941507959679924,0.8714976784608528,0.9911490666207302,0.0,3156,0.0019763606292089297,"[""AATSC0are"", ""AATSC0dv"", ""AATSC0pe"", ""AATSC0se""]"
final,10,4,AATSC0dv,AATSC0pe,AATSC0pe,algorithmic_medoid,False,False,4,0.10676996411033546,0.8932300358896645,0.8714976784608528,0.9166124597653696,0.0,3156,0.7159278837243056,"[""AATSC0are"", ""AATSC0dv"", ""AATSC0pe"", ""AATSC0se""]"
final,11,2,AATSC0c,AATSC0c,AATSC0c,algorithmic_medoid,True,True,1,0.10041625870465576,0.8995837412953442,0.8995837412953442,0.8995837412953442,0.0,3156,8.597628843744684e-05,"[""AATSC0c"", ""AATSC1c""]"
final,11,2,AATSC1c,AATSC0c,AATSC0c,algorithmic_medoid,False,False,2,0.10041625870465576,0.8995837412953442,0.8995837412953442,0.8995837412953442,0.0,3156,4.370966673471253e-05,"[""AATSC0c"", ""AATSC1c""]"
final,12,1,AATSC0d,AATSC0d,AATSC0d,algorithmic_medoid,True,True,1,0.0,1.0,1.0,1.0,0.0,3156,0.021387926382484445,"[""AATSC0d""]"
final,13,1,AATSC0i,AATSC0i,AATSC0i,algorithmic_medoid,True,True,1,0.0,1.0,1.0,1.0,0.0,3156,0.2902320328983068,"[""AATSC0i""]"
final,14,1,AATSC0p,AATSC0p,AATSC0p,algorithmic_medoid,True,True,1,0.0,1.0,1.0,1.0,0.0,3156,0.011969954183595696,"[""AATSC0p""]"
final,15,1,AATSC0v,AATSC0v,AATSC0v,algorithmic_medoid,True,True,1,0.0,1.0,1.0,1.0,0.0,3156,17.173137067048827,"[""AATSC0v""]"
final,16,4,ATSC1Z,ATSC1Z,ATSC1Z,algorithmic_medoid,True,True,1,0.023277977731632205,0.9767220222683678,0.9649852270580147,0.9993028101846599,0.0,3156,1114.332785499796,"[""AATSC1Z"", ""AATSC1m"", ""ATSC1Z"", ""ATSC1m""]"
final,16,4,AATSC1m,ATSC1Z,ATSC1Z,algorithmic_medoid,False,False,2,0.02388353344198768,0.9761164665580123,0.9632909937420758,0.9991803763695322,0.0,3156,63.23169141873002,"[""AATSC1Z"", ""AATSC1m"", ""ATSC1Z"", ""ATSC1m""]"
final,16,4,AATSC1Z,ATSC1Z,ATSC1Z,algorithmic_medoid,False,False,3,0.024924377650648588,0.9750756223493514,0.961061263620507,0.9991803763695322,0.0,3156,2.4288198705392734,"[""AATSC1Z"", ""AATSC1m"", ""ATSC1Z"", ""ATSC1m""]"
final,16,4,ATSC1m,ATSC1Z,ATSC1Z,algorithmic_medoid,False,False,4,0.025448310817585806,0.9745516891824142,0.961061263620507,0.9993028101846599,0.0,3156,21496.156580519248,"[""AATSC1Z"", ""AATSC1m"", ""ATSC1Z"", ""ATSC1m""]"
final,17,4,AATSC1are,AATSC1are,AATSC1are,algorithmic_medoid,True,True,1,0.027276283288414693,0.9727237167115853,0.9615488473085373,0.9784383611821749,0.0,3156,0.0002785108085393932,"[""AATSC1are"", ""AATSC1pe"", ""ATSC1are"", ""ATSC1pe""]"
final,17,4,ATSC1pe,AATSC1are,AATSC1are,algorithmic_medoid,False,False,2,0.028009141101464796,0.9719908588985352,0.9615488473085373,0.9805304359351478,0.0,3156,0.18758092081925687,"[""AATSC1are"", ""AATSC1pe"", ""ATSC1are"", ""ATSC1pe""]"
final,17,4,AATSC1pe,AATSC1are,AATSC1are,algorithmic_medoid,False,False,3,0.029037270509980284,0.9709627294900197,0.9539193913527366,0.9805304359351478,0.0,3156,0.0002022906049208881,"[""AATSC1are"", ""AATSC1pe"", ""ATSC1are"", ""ATSC1pe""]"
final,17,4,ATSC1are,AATSC1are,AATSC1are,algorithmic_medoid,False,False,4,0.031334457850432984,0.968665542149567,0.9539193913527366,0.9781839416440438,0.0,3156,0.24547524758433834,"[""AATSC1are"", ""AATSC1pe"", ""ATSC1are"", ""ATSC1pe""]"
final,18,2,ATSC1d,ATSC1d,ATSC1d,algorithmic_medoid,True,True,1,0.12043664245169672,0.8795633575483033,0.8795633575483033,0.8795633575483033,0.0,3156,52.91491920977952,"[""AATSC1d"", ""ATSC1d""]"
final,18,2,AATSC1d,ATSC1d,ATSC1d,algorithmic_medoid,False,False,2,0.12043664245169672,0.8795633575483033,0.8795633575483033,0.8795633575483033,0.0,3156,0.018630525757196075,"[""AATSC1d"", ""ATSC1d""]"
final,19,2,ATSC1dv,ATSC1dv,ATSC1dv,algorithmic_medoid,True,True,1,0.19255006181633627,0.8074499381836637,0.8074499381836637,0.8074499381836637,0.0,3156,827.4609644376742,"[""AATSC1dv"", ""ATSC1dv""]"
final,19,2,AATSC1dv,ATSC1dv,ATSC1dv,algorithmic_medoid,False,False,2,0.19255006181633627,0.8074499381836637,0.8074499381836637,0.8074499381836637,0.0,3156,0.2820089714342105,"[""AATSC1dv"", ""ATSC1dv""]"
final,20,2,ATSC1i,ATSC1i,ATSC1i,algorithmic_medoid,True,True,1,0.04660079897818559,0.9533992010218144,0.9533992010218144,0.9533992010218144,0.0,3156,100.45457828289003,"[""AATSC1i"", ""ATSC1i""]"
final,20,2,AATSC1i,ATSC1i,ATSC1i,algorithmic_medoid,False,False,2,0.04660079897818559,0.9533992010218144,0.9533992010218144,0.9533992010218144,0.0,3156,0.07052974858074292,"[""AATSC1i"", ""ATSC1i""]"
final,21,4,AATSC1p,AATSC1p,AATSC1p,algorithmic_medoid,True,True,1,0.11836572701280079,0.8816342729871992,0.827373980508263,0.9745150161282753,0.0,3156,0.0007898623382976952,"[""AATSC1p"", ""AATSC1v"", ""ATSC1p"", ""ATSC1v""]"
final,21,4,AATSC1v,AATSC1p,AATSC1p,algorithmic_medoid,False,False,2,0.12169498208351426,0.8783050179164857,0.8167380707691368,0.9751631606552613,0.0,3156,8.256695528565459,"[""AATSC1p"", ""AATSC1v"", ""ATSC1p"", ""ATSC1v""]"
final,21,4,ATSC1v,AATSC1p,AATSC1p,algorithmic_medoid,False,False,3,0.12261524442031302,0.877384755579687,0.827373980508263,0.9751631606552613,0.0,3156,12465.253431031513,"[""AATSC1p"", ""AATSC1v"", ""ATSC1p"", ""ATSC1v""]"
final,21,4,ATSC1p,AATSC1p,AATSC1p,algorithmic_medoid,False,False,4,0.1263765958423505,0.8736234041576495,0.8167380707691368,0.9745150161282753,0.0,3156,0.9382873217030805,"[""AATSC1p"", ""AATSC1v"", ""ATSC1p"", ""ATSC1v""]"
final,22,2,ATSC1se,ATSC1se,ATSC1se,algorithmic_medoid,True,True,1,0.028330549407994954,0.971669450592005,0.971669450592005,0.971669450592005,0.0,3156,0.09481180154004047,"[""AATSC1se"", ""ATSC1se""]"
final,22,2,AATSC1se,ATSC1se,ATSC1se,algorithmic_medoid,False,False,2,0.028330549407994954,0.971669450592005,0.971669450592005,0.971669450592005,0.0,3156,0.00011165212133711845,"[""AATSC1se"", ""ATSC1se""]"
final,23,5,ATSC0m,ATSC0m,ATSC0m,algorithmic_medoid,True,True,1,0.06456863535545287,0.9354313646445471,0.8423311496924981,0.9987397427761825,0.0,3156,6634694.213597341,"[""ATS0Z"", ""ATS0m"", ""ATSC0Z"", ""ATSC0m"", ""ATSC0p""]"
final,23,5,ATSC0Z,ATSC0m,ATSC0m,algorithmic_medoid,False,False,2,0.0676435563323261,0.9323564436676739,0.8354270692494608,0.9987397427761825,0.0,3156,198509.823268469,"[""ATS0Z"", ""ATS0m"", ""ATSC0Z"", ""ATSC0m"", ""ATSC0p""]"
final,23,5,ATS0Z,ATSC0m,ATSC0m,algorithmic_medoid,False,False,3,0.07007861745057886,0.9299213825494211,0.8224426859829364,0.9987177723092675,0.0,3156,422368.86368371506,"[""ATS0Z"", ""ATS0m"", ""ATSC0Z"", ""ATSC0m"", ""ATSC0p""]"
final,23,5,ATS0m,ATSC0m,ATSC0m,algorithmic_medoid,False,False,4,0.07568107222502052,0.9243189277749795,0.8011694819415707,0.9987177723092675,0.0,3156,11695053.281403301,"[""ATS0Z"", ""ATS0m"", ""ATSC0Z"", ""ATSC0m"", ""ATSC0p""]"
final,23,5,ATSC0p,ATSC0m,ATSC0m,algorithmic_medoid,False,False,5,0.17465740328338353,0.8253425967166165,0.8011694819415707,0.8423311496924981,0.0,3156,21.66027286803741,"[""ATS0Z"", ""ATS0m"", ""ATSC0Z"", ""ATSC0m"", ""ATSC0p""]"
final,24,48,Sv,Sv,Sv,algorithmic_medoid,True,True,1,0.028685883852493932,0.9713141161475061,0.9013073804479234,0.9952549806772302,0.0,3156,77.0368044358526,"[""ATS0are"", ""ATS0i"", ""ATS0p"", ""ATS0pe"", ""ATS0se"", ""ATS0v"", ""ATS1are"", ""ATS1i"", ""ATS1pe"", ""ATS1se"", ""ATS7d"", ""ATS7p"", ""ATS7v"", ""ATS8are"", ""ATS8d"", ""ATS8i"", ""ATS8p"", ""ATS8pe"", ""ATS8se"", ""ATS8v"", ""ATSC0i"", ""ATSC0v"", ""ECIndex"", ""LabuteASA"", ""SMR"", ""Sare"", ""Si"", ""Sp"", ""Spe"", ""Sse"", ""Sv"", ""TIC0"", ""TIC1"", ""TIC2"", ""TIC3"", ""TIC4"", ""TIC5"", ""VMcGowan"", ""WPath"", ""Xp-1d"", ""Xp-1dv"", ""ZMIC0"", ""apol"", ""bpol"", ""mZagreb2"", ""nAtom"", ""nBonds"", ""nHeavyAtom""]"
final,24,48,ATS1pe,Sv,Sv,algorithmic_medoid,False,False,2,0.03148194010890926,0.9685180598910907,0.8981350559395295,0.9999251750656057,0.0,3156,9928.468249370435,"[""ATS0are"", ""ATS0i"", ""ATS0p"", ""ATS0pe"", ""ATS0se"", ""ATS0v"", ""ATS1are"", ""ATS1i"", ""ATS1pe"", ""ATS1se"", ""ATS7d"", ""ATS7p"", ""ATS7v"", ""ATS8are"", ""ATS8d"", ""ATS8i"", ""ATS8p"", ""ATS8pe"", ""ATS8se"", ""ATS8v"", ""ATSC0i"", ""ATSC0v"", ""ECIndex"", ""LabuteASA"", ""SMR"", ""Sare"", ""Si"", ""Sp"", ""Spe"", ""Sse"", ""Sv"", ""TIC0"", ""TIC1"", ""TIC2"", ""TIC3"", ""TIC4"", ""TIC5"", ""VMcGowan"", ""WPath"", ""Xp-1d"", ""Xp-1dv"", ""ZMIC0"", ""apol"", ""bpol"", ""mZagreb2"", ""nAtom"", ""nBonds"", ""nHeavyAtom""]"
final,24,48,Sp,Sv,Sv,algorithmic_medoid,False,False,3,0.03160108780751991,0.9683989121924801,0.8881795911810508,0.9999999817718007,0.0,3156,88.8649664470217,"[""ATS0are"", ""ATS0i"", ""ATS0p"", ""ATS0pe"", ""ATS0se"", ""ATS0v"", ""ATS1are"", ""ATS1i"", ""ATS1pe"", ""ATS1se"", ""ATS7d"", ""ATS7p"", ""ATS7v"", ""ATS8are"", ""ATS8d"", ""ATS8i"", ""ATS8p"", ""ATS8pe"", ""ATS8se"", ""ATS8v"", ""ATSC0i"", ""ATSC0v"", ""ECIndex"", ""LabuteASA"", ""SMR"", ""Sare"", ""Si"", ""Sp"", ""Spe"", ""Sse"", ""Sv"", ""TIC0"", ""TIC1"", ""TIC2"", ""TIC3"", ""TIC4"", ""TIC5"", ""VMcGowan"", ""WPath"", ""Xp-1d"", ""Xp-1dv"", ""ZMIC0"", ""apol"", ""bpol"", ""mZagreb2"", ""nAtom"", ""nBonds"", ""nHeavyAtom""]"
final,24,48,apol,Sv,Sv,algorithmic_medoid,False,False,4,0.03160124236455708,0.9683987576354429,0.888179482207317,0.9999999817718007,0.0,3156,247.83550492409876,"[""ATS0are"", ""ATS0i"", ""ATS0p"", ""ATS0pe"", ""ATS0se"", ""ATS0v"", ""ATS1are"", ""ATS1i"", ""ATS1pe"", ""ATS1se"", ""ATS7d"", ""ATS7p"", ""ATS7v"", ""ATS8are"", ""ATS8d"", ""ATS8i"", ""ATS8p"", ""ATS8pe"", ""ATS8se"", ""ATS8v"", ""ATSC0i"", ""ATSC0v"", ""ECIndex"", ""LabuteASA"", ""SMR"", ""Sare"", ""Si"", ""Sp"", ""Spe"", ""Sse"", ""Sv"", ""TIC0"", ""TIC1"", ""TIC2"", ""TIC3"", ""TIC4"", ""TIC5"", ""VMcGowan"", ""WPath"", ""Xp-1d"", ""Xp-1dv"", ""ZMIC0"", ""apol"", ""bpol"", ""mZagreb2"", ""nAtom"", ""nBonds"", ""nHeavyAtom""]"
final,24,48,ATS1are,Sv,Sv,algorithmic_medoid,False,False,5,0.032054977277597096,0.9679450227224029,0.898645593165366,0.9999251750656057,0.0,3156,9492.865706920127,"[""ATS0are"", ""ATS0i"", ""ATS0p"", ""ATS0pe"", ""ATS0se"", ""ATS0v"", ""ATS1are"", ""ATS1i"", ""ATS1pe"", ""ATS1se"", ""ATS7d"", ""ATS7p"", ""ATS7v"", ""ATS8are"", ""ATS8d"", ""ATS8i"", ""ATS8p"", ""ATS8pe"", ""ATS8se"", ""ATS8v"", ""ATSC0i"", ""ATSC0v"", ""ECIndex"", ""LabuteASA"", ""SMR"", ""Sare"", ""Si"", ""Sp"", ""Spe"", ""Sse"", ""Sv"", ""TIC0"", ""TIC1"", ""TIC2"", ""TIC3"", ""TIC4"", ""TIC5"", ""VMcGowan"", ""WPath"", ""Xp-1d"", ""Xp-1dv"", ""ZMIC0"", ""apol"", ""bpol"", ""mZagreb2"", ""nAtom"", ""nBonds"", ""nHeavyAtom""]"
final,24,48,ATS1se,Sv,Sv,algorithmic_medoid,False,False,6,0.03223179224519035,0.9677682077548097,0.8933557176325916,0.999700435049791,0.0,3156,14319.130651410636,"[""ATS0are"", ""ATS0i"", ""ATS0p"", ""ATS0pe"", ""ATS0se"", ""ATS0v"", ""ATS1are"", ""ATS1i"", ""ATS1pe"", ""ATS1se"", ""ATS7d"", ""ATS7p"", ""ATS7v"", ""ATS8are"", ""ATS8d"", ""ATS8i"", ""ATS8p"", ""ATS8pe"", ""ATS8se"", ""ATS8v"", ""ATSC0i"", ""ATSC0v"", ""ECIndex"", ""LabuteASA"", ""SMR"", ""Sare"", ""Si"", ""Sp"", ""Spe"", ""Sse"", ""Sv"", ""TIC0"", ""TIC1"", ""TIC2"", ""TIC3"", ""TIC4"", ""TIC5"", ""VMcGowan"", ""WPath"", ""Xp-1d"", ""Xp-1dv"", ""ZMIC0"", ""apol"", ""bpol"", ""mZagreb2"", ""nAtom"", ""nBonds"", ""nHeavyAtom""]"
final,24,48,Spe,Sv,Sv,algorithmic_medoid,False,False,7,0.03232453667875734,0.9676754633212427,0.8940519528673173,0.9999552348803482,0.0,3156,195.89801486027176,"[""ATS0are"", ""ATS0i"", ""ATS0p"", ""ATS0pe"", ""ATS0se"", ""ATS0v"", ""ATS1are"", ""ATS1i"", ""ATS1pe"", ""ATS1se"", ""ATS7d"", ""ATS7p"", ""ATS7v"", ""ATS8are"", ""ATS8d"", ""ATS8i"", ""ATS8p"", ""ATS8pe"", ""ATS8se"", ""ATS8v"", ""ATSC0i"", ""ATSC0v"", ""ECIndex"", ""LabuteASA"", ""SMR"", ""Sare"", ""Si"", ""Sp"", ""Spe"", ""Sse"", ""Sv"", ""TIC0"", ""TIC1"", ""TIC2"", ""TIC3"", ""TIC4"", ""TIC5"", ""VMcGowan"", ""WPath"", ""Xp-1d"", ""Xp-1dv"", ""ZMIC0"", ""apol"", ""bpol"", ""mZagreb2"", ""nAtom"", ""nBonds"", ""nHeavyAtom""]"
final,24,48,ATS0se,Sv,Sv,algorithmic_medoid,False,False,8,0.032600806124159165,0.9673991938758408,0.8983901048860241,0.9986026769349292,0.0,3156,12332.304310127465,"[""ATS0are"", ""ATS0i"", ""ATS0p"", ""ATS0pe"", ""ATS0se"", ""ATS0v"", ""ATS1are"", ""ATS1i"", ""ATS1pe"", ""ATS1se"", ""ATS7d"", ""ATS7p"", ""ATS7v"", ""ATS8are"", ""ATS8d"", ""ATS8i"", ""ATS8p"", ""ATS8pe"", ""ATS8se"", ""ATS8v"", ""ATSC0i"", ""ATSC0v"", ""ECIndex"", ""LabuteASA"", ""SMR"", ""Sare"", ""Si"", ""Sp"", ""Spe"", ""Sse"", ""Sv"", ""TIC0"", ""TIC1"", ""TIC2"", ""TIC3"", ""TIC4"", ""TIC5"", ""VMcGowan"", ""WPath"", ""Xp-1d"", ""Xp-1dv"", ""ZMIC0"", ""apol"", ""bpol"", ""mZagreb2"", ""nAtom"", ""nBonds"", ""nHeavyAtom""]"
final,24,48,Sare,Sv,Sv,algorithmic_medoid,False,False,9,0.03267781304515993,0.9673221869548401,0.8946388298958988,0.9999552348803482,0.0,3156,201.83357883315583,"[""ATS0are"", ""ATS0i"", ""ATS0p"", ""ATS0pe"", ""ATS0se"", ""ATS0v"", ""ATS1are"", ""ATS1i"", ""ATS1pe"", ""ATS1se"", ""ATS7d"", ""ATS7p"", ""ATS7v"", ""ATS8are"", ""ATS8d"", ""ATS8i"", ""ATS8p"", ""ATS8pe"", ""ATS8se"", ""ATS8v"", ""ATSC0i"", ""ATSC0v"", ""ECIndex"", ""LabuteASA"", ""SMR"", ""Sare"", ""Si"", ""Sp"", ""Spe"", ""Sse"", ""Sv"", ""TIC0"", ""TIC1"", ""TIC2"", ""TIC3"", ""TIC4"", ""TIC5"", ""VMcGowan"", ""WPath"", ""Xp-1d"", ""Xp-1dv"", ""ZMIC0"", ""apol"", ""bpol"", ""mZagreb2"", ""nAtom"", ""nBonds"", ""nHeavyAtom""]"
final,24,48,ATS0pe,Sv,Sv,algorithmic_medoid,False,False,10,0.03287855281166929,0.9671214471883307,0.9088751846109646,0.9997606299622837,0.0,3156,7993.2416347248745,"[""ATS0are"", ""ATS0i"", ""ATS0p"", ""ATS0pe"", ""ATS0se"", ""ATS0v"", ""ATS1are"", ""ATS1i"", ""ATS1pe"", ""ATS1se"", ""ATS7d"", ""ATS7p"", ""ATS7v"", ""ATS8are"", ""ATS8d"", ""ATS8i"", ""ATS8p"", ""ATS8pe"", ""ATS8se"", ""ATS8v"", ""ATSC0i"", ""ATSC0v"", ""ECIndex"", ""LabuteASA"", ""SMR"", ""Sare"", ""Si"", ""Sp"", ""Spe"", ""Sse"", ""Sv"", ""TIC0"", ""TIC1"", ""TIC2"", ""TIC3"", ""TIC4"", ""TIC5"", ""VMcGowan"", ""WPath"", ""Xp-1d"", ""Xp-1dv"", ""ZMIC0"", ""apol"", ""bpol"", ""mZagreb2"", ""nAtom"", ""nBonds"", ""nHeavyAtom""]"
final,24,48,Sse,Sv,Sv,algorithmic_medoid,False,False,11,0.03399919479427804,0.966000805205722,0.8884336769575519,0.9997500081607469,0.0,3156,212.49216566818762,"[""ATS0are"", ""ATS0i"", ""ATS0p"", ""ATS0pe"", ""ATS0se"", ""ATS0v"", ""ATS1are"", ""ATS1i"", ""ATS1pe"", ""ATS1se"", ""ATS7d"", ""ATS7p"", ""ATS7v"", ""ATS8are"", ""ATS8d"", ""ATS8i"", ""ATS8p"", ""ATS8pe"", ""ATS8se"", ""ATS8v"", ""ATSC0i"", ""ATSC0v"", ""ECIndex"", ""LabuteASA"", ""SMR"", ""Sare"", ""Si"", ""Sp"", ""Spe"", ""Sse"", ""Sv"", ""TIC0"", ""TIC1"", ""TIC2"", ""TIC3"", ""TIC4"", ""TIC5"", ""VMcGowan"", ""WPath"", ""Xp-1d"", ""Xp-1dv"", ""ZMIC0"", ""apol"", ""bpol"", ""mZagreb2"", ""nAtom"", ""nBonds"", ""nHeavyAtom""]"
final,24,48,VMcGowan,Sv,Sv,algorithmic_medoid,False,False,12,0.0340408310342426,0.9659591689657574,0.8909407618308168,0.9924964926361243,0.0,3156,5593.842729942946,"[""ATS0are"", ""ATS0i"", ""ATS0p"", ""ATS0pe"", ""ATS0se"", ""ATS0v"", ""ATS1are"", ""ATS1i"", ""ATS1pe"", ""ATS1se"", ""ATS7d"", ""ATS7p"", ""ATS7v"", ""ATS8are"", ""ATS8d"", ""ATS8i"", ""ATS8p"", ""ATS8pe"", ""ATS8se"", ""ATS8v"", ""ATSC0i"", ""ATSC0v"", ""ECIndex"", ""LabuteASA"", ""SMR"", ""Sare"", ""Si"", ""Sp"", ""Spe"", ""Sse"", ""Sv"", ""TIC0"", ""TIC1"", ""TIC2"", ""TIC3"", ""TIC4"", ""TIC5"", ""VMcGowan"", ""WPath"", ""Xp-1d"", ""Xp-1dv"", ""ZMIC0"", ""apol"", ""bpol"", ""mZagreb2"", ""nAtom"", ""nBonds"", ""nHeavyAtom""]"
final,24,48,ATS0are,Sv,Sv,algorithmic_medoid,False,False,13,0.03495019420603074,0.9650498057939693,0.9102405859982434,0.9997606299622837,0.0,3156,7880.83442341897,"[""ATS0are"", ""ATS0i"", ""ATS0p"", ""ATS0pe"", ""ATS0se"", ""ATS0v"", ""ATS1are"", ""ATS1i"", ""ATS1pe"", ""ATS1se"", ""ATS7d"", ""ATS7p"", ""ATS7v"", ""ATS8are"", ""ATS8d"", ""ATS8i"", ""ATS8p"", ""ATS8pe"", ""ATS8se"", ""ATS8v"", ""ATSC0i"", ""ATSC0v"", ""ECIndex"", ""LabuteASA"", ""SMR"", ""Sare"", ""Si"", ""Sp"", ""Spe"", ""Sse"", ""Sv"", ""TIC0"", ""TIC1"", ""TIC2"", ""TIC3"", ""TIC4"", ""TIC5"", ""VMcGowan"", ""WPath"", ""Xp-1d"", ""Xp-1dv"", ""ZMIC0"", ""apol"", ""bpol"", ""mZagreb2"", ""nAtom"", ""nBonds"", ""nHeavyAtom""]"
final,24,48,nBonds,Sv,Sv,algorithmic_medoid,False,False,14,0.037613645422049036,0.962386354577951,0.8827509774467884,0.9979821091237359,0.0,3156,243.4914062136057,"[""ATS0are"", ""ATS0i"", ""ATS0p"", ""ATS0pe"", ""ATS0se"", ""ATS0v"", ""ATS1are"", ""ATS1i"", ""ATS1pe"", ""ATS1se"", ""ATS7d"", ""ATS7p"", ""ATS7v"", ""ATS8are"", ""ATS8d"", ""ATS8i"", ""ATS8p"", ""ATS8pe"", ""ATS8se"", ""ATS8v"", ""ATSC0i"", ""ATSC0v"", ""ECIndex"", ""LabuteASA"", ""SMR"", ""Sare"", ""Si"", ""Sp"", ""Spe"", ""Sse"", ""Sv"", ""TIC0"", ""TIC1"", ""TIC2"", ""TIC3"", ""TIC4"", ""TIC5"", ""VMcGowan"", ""WPath"", ""Xp-1d"", ""Xp-1dv"", ""ZMIC0"", ""apol"", ""bpol"", ""mZagreb2"", ""nAtom"", ""nBonds"", ""nHeavyAtom""]"
final,24,48,ATS1i,Sv,Sv,algorithmic_medoid,False,False,15,0.037698549891602484,0.9623014501083975,0.8901053295346151,0.9979821091237359,0.0,3156,5109812.917261571,"[""ATS0are"", ""ATS0i"", ""ATS0p"", ""ATS0pe"", ""ATS0se"", ""ATS0v"", ""ATS1are"", ""ATS1i"", ""ATS1pe"", ""ATS1se"", ""ATS7d"", ""ATS7p"", ""ATS7v"", ""ATS8are"", ""ATS8d"", ""ATS8i"", ""ATS8p"", ""ATS8pe"", ""ATS8se"", ""ATS8v"", ""ATSC0i"", ""ATSC0v"", ""ECIndex"", ""LabuteASA"", ""SMR"", ""Sare"", ""Si"", ""Sp"", ""Spe"", ""Sse"", ""Sv"", ""TIC0"", ""TIC1"", ""TIC2"", ""TIC3"", ""TIC4"", ""TIC5"", ""VMcGowan"", ""WPath"", ""Xp-1d"", ""Xp-1dv"", ""ZMIC0"", ""apol"", ""bpol"", ""mZagreb2"", ""nAtom"", ""nBonds"", ""nHeavyAtom""]"
final,24,48,TIC5,Sv,Sv,algorithmic_medoid,False,False,16,0.038467807082533834,0.9615321929174662,0.8835195367446159,0.9995524475549308,0.0,3156,8339.752841414933,"[""ATS0are"", ""ATS0i"", ""ATS0p"", ""ATS0pe"", ""ATS0se"", ""ATS0v"", ""ATS1are"", ""ATS1i"", ""ATS1pe"", ""ATS1se"", ""ATS7d"", ""ATS7p"", ""ATS7v"", ""ATS8are"", ""ATS8d"", ""ATS8i"", ""ATS8p"", ""ATS8pe"", ""ATS8se"", ""ATS8v"", ""ATSC0i"", ""ATSC0v"", ""ECIndex"", ""LabuteASA"", ""SMR"", ""Sare"", ""Si"", ""Sp"", ""Spe"", ""Sse"", ""Sv"", ""TIC0"", ""TIC1"", ""TIC2"", ""TIC3"", ""TIC4"", ""TIC5"", ""VMcGowan"", ""WPath"", ""Xp-1d"", ""Xp-1dv"", ""ZMIC0"", ""apol"", ""bpol"", ""mZagreb2"", ""nAtom"", ""nBonds"", ""nHeavyAtom""]"
final,24,48,TIC4,Sv,Sv,algorithmic_medoid,False,False,17,0.038773184201096766,0.9612268157989032,0.8845118152403177,0.9995524475549308,0.0,3156,8239.384400042276,"[""ATS0are"", ""ATS0i"", ""ATS0p"", ""ATS0pe"", ""ATS0se"", ""ATS0v"", ""ATS1are"", ""ATS1i"", ""ATS1pe"", ""ATS1se"", ""ATS7d"", ""ATS7p"", ""ATS7v"", ""ATS8are"", ""ATS8d"", ""ATS8i"", ""ATS8p"", ""ATS8pe"", ""ATS8se"", ""ATS8v"", ""ATSC0i"", ""ATSC0v"", ""ECIndex"", ""LabuteASA"", ""SMR"", ""Sare"", ""Si"", ""Sp"", ""Spe"", ""Sse"", ""Sv"", ""TIC0"", ""TIC1"", ""TIC2"", ""TIC3"", ""TIC4"", ""TIC5"", ""VMcGowan"", ""WPath"", ""Xp-1d"", ""Xp-1dv"", ""ZMIC0"", ""apol"", ""bpol"", ""mZagreb2"", ""nAtom"", ""nBonds"", ""nHeavyAtom""]"
final,24,48,nAtom,Sv,Sv,algorithmic_medoid,False,False,18,0.03912891236330496,0.960871087636695,0.8777389556770614,0.9994574105546215,0.0,3156,213.95588180960965,"[""ATS0are"", ""ATS0i"", ""ATS0p"", ""ATS0pe"", ""ATS0se"", ""ATS0v"", ""ATS1are"", ""ATS1i"", ""ATS1pe"", ""ATS1se"", ""ATS7d"", ""ATS7p"", ""ATS7v"", ""ATS8are"", ""ATS8d"", ""ATS8i"", ""ATS8p"", ""ATS8pe"", ""ATS8se"", ""ATS8v"", ""ATSC0i"", ""ATSC0v"", ""ECIndex"", ""LabuteASA"", ""SMR"", ""Sare"", ""Si"", ""Sp"", ""Spe"", ""Sse"", ""Sv"", ""TIC0"", ""TIC1"", ""TIC2"", ""TIC3"", ""TIC4"", ""TIC5"", ""VMcGowan"", ""WPath"", ""Xp-1d"", ""Xp-1dv"", ""ZMIC0"", ""apol"", ""bpol"", ""mZagreb2"", ""nAtom"", ""nBonds"", ""nHeavyAtom""]"
final,24,48,TIC3,Sv,Sv,algorithmic_medoid,False,False,19,0.03930624143444028,0.9606937585655597,0.8868211396890959,0.9983348930357148,0.0,3156,7935.374072747805,"[""ATS0are"", ""ATS0i"", ""ATS0p"", ""ATS0pe"", ""ATS0se"", ""ATS0v"", ""ATS1are"", ""ATS1i"", ""ATS1pe"", ""ATS1se"", ""ATS7d"", ""ATS7p"", ""ATS7v"", ""ATS8are"", ""ATS8d"", ""ATS8i"", ""ATS8p"", ""ATS8pe"", ""ATS8se"", ""ATS8v"", ""ATSC0i"", ""ATSC0v"", ""ECIndex"", ""LabuteASA"", ""SMR"", ""Sare"", ""Si"", ""Sp"", ""Spe"", ""Sse"", ""Sv"", ""TIC0"", ""TIC1"", ""TIC2"", ""TIC3"", ""TIC4"", ""TIC5"", ""VMcGowan"", ""WPath"", ""Xp-1d"", ""Xp-1dv"", ""ZMIC0"", ""apol"", ""bpol"", ""mZagreb2"", ""nAtom"", ""nBonds"", ""nHeavyAtom""]"
final,24,48,Si,Sv,Sv,algorithmic_medoid,False,False,20,0.040831928072828094,0.9591680719271719,0.8814690048932918,0.9994574105546215,0.0,3156,273.17679186908464,"[""ATS0are"", ""ATS0i"", ""ATS0p"", ""ATS0pe"", ""ATS0se"", ""ATS0v"", ""ATS1are"", ""ATS1i"", ""ATS1pe"", ""ATS1se"", ""ATS7d"", ""ATS7p"", ""ATS7v"", ""ATS8are"", ""ATS8d"", ""ATS8i"", ""ATS8p"", ""ATS8pe"", ""ATS8se"", ""ATS8v"", ""ATSC0i"", ""ATSC0v"", ""ECIndex"", ""LabuteASA"", ""SMR"", ""Sare"", ""Si"", ""Sp"", ""Spe"", ""Sse"", ""Sv"", ""TIC0"", ""TIC1"", ""TIC2"", ""TIC3"", ""TIC4"", ""TIC5"", ""VMcGowan"", ""WPath"", ""Xp-1d"", ""Xp-1dv"", ""ZMIC0"", ""apol"", ""bpol"", ""mZagreb2"", ""nAtom"", ""nBonds"", ""nHeavyAtom""]"
final,24,48,ATS0v,Sv,Sv,algorithmic_medoid,False,False,21,0.04199786155980745,0.9580021384401926,0.877373478430303,0.9925161311259305,0.0,3156,9073539.674282923,"[""ATS0are"", ""ATS0i"", ""ATS0p"", ""ATS0pe"", ""ATS0se"", ""ATS0v"", ""ATS1are"", ""ATS1i"", ""ATS1pe"", ""ATS1se"", ""ATS7d"", ""ATS7p"", ""ATS7v"", ""ATS8are"", ""ATS8d"", ""ATS8i"", ""ATS8p"", ""ATS8pe"", ""ATS8se"", ""ATS8v"", ""ATSC0i"", ""ATSC0v"", ""ECIndex"", ""LabuteASA"", ""SMR"", ""Sare"", ""Si"", ""Sp"", ""Spe"", ""Sse"", ""Sv"", ""TIC0"", ""TIC1"", ""TIC2"", ""TIC3"", ""TIC4"", ""TIC5"", ""VMcGowan"", ""WPath"", ""Xp-1d"", ""Xp-1dv"", ""ZMIC0"", ""apol"", ""bpol"", ""mZagreb2"", ""nAtom"", ""nBonds"", ""nHeavyAtom""]"
final,24,48,ATS0i,Sv,Sv,algorithmic_medoid,False,False,22,0.04306740556344413,0.9569325944365559,0.8869546105168098,0.9993865269968777,0.0,3156,5715644.661603687,"[""ATS0are"", ""ATS0i"", ""ATS0p"", ""ATS0pe"", ""ATS0se"", ""ATS0v"", ""ATS1are"", ""ATS1i"", ""ATS1pe"", ""ATS1se"", ""ATS7d"", ""ATS7p"", ""ATS7v"", ""ATS8are"", ""ATS8d"", ""ATS8i"", ""ATS8p"", ""ATS8pe"", ""ATS8se"", ""ATS8v"", ""ATSC0i"", ""ATSC0v"", ""ECIndex"", ""LabuteASA"", ""SMR"", ""Sare"", ""Si"", ""Sp"", ""Spe"", ""Sse"", ""Sv"", ""TIC0"", ""TIC1"", ""TIC2"", ""TIC3"", ""TIC4"", ""TIC5"", ""VMcGowan"", ""WPath"", ""Xp-1d"", ""Xp-1dv"", ""ZMIC0"", ""apol"", ""bpol"", ""mZagreb2"", ""nAtom"", ""nBonds"", ""nHeavyAtom""]"
final,24,48,ATS7d,Sv,Sv,algorithmic_medoid,False,False,23,0.04561641687624973,0.9543835831237503,0.8812306063261325,0.9920716231815541,0.0,3156,25434.133777013147,"[""ATS0are"", ""ATS0i"", ""ATS0p"", ""ATS0pe"", ""ATS0se"", ""ATS0v"", ""ATS1are"", ""ATS1i"", ""ATS1pe"", ""ATS1se"", ""ATS7d"", ""ATS7p"", ""ATS7v"", ""ATS8are"", ""ATS8d"", ""ATS8i"", ""ATS8p"", ""ATS8pe"", ""ATS8se"", ""ATS8v"", ""ATSC0i"", ""ATSC0v"", ""ECIndex"", ""LabuteASA"", ""SMR"", ""Sare"", ""Si"", ""Sp"", ""Spe"", ""Sse"", ""Sv"", ""TIC0"", ""TIC1"", ""TIC2"", ""TIC3"", ""TIC4"", ""TIC5"", ""VMcGowan"", ""WPath"", ""Xp-1d"", ""Xp-1dv"", ""ZMIC0"", ""apol"", ""bpol"", ""mZagreb2"", ""nAtom"", ""nBonds"", ""nHeavyAtom""]"
final,24,48,ATS8d,Sv,Sv,algorithmic_medoid,False,False,24,0.0459514562986062,0.9540485437013938,0.8828580829073975,0.9948060927183463,0.0,3156,22668.745253071786,"[""ATS0are"", ""ATS0i"", ""ATS0p"", ""ATS0pe"", ""ATS0se"", ""ATS0v"", ""ATS1are"", ""ATS1i"", ""ATS1pe"", ""ATS1se"", ""ATS7d"", ""ATS7p"", ""ATS7v"", ""ATS8are"", ""ATS8d"", ""ATS8i"", ""ATS8p"", ""ATS8pe"", ""ATS8se"", ""ATS8v"", ""ATSC0i"", ""ATSC0v"", ""ECIndex"", ""LabuteASA"", ""SMR"", ""Sare"", ""Si"", ""Sp"", ""Spe"", ""Sse"", ""Sv"", ""TIC0"", ""TIC1"", ""TIC2"", ""TIC3"", ""TIC4"", ""TIC5"", ""VMcGowan"", ""WPath"", ""Xp-1d"", ""Xp-1dv"", ""ZMIC0"", ""apol"", ""bpol"", ""mZagreb2"", ""nAtom"", ""nBonds"", ""nHeavyAtom""]"
final,24,48,TIC2,Sv,Sv,algorithmic_medoid,False,False,25,0.046033541452990545,0.9539664585470095,0.8821403670278292,0.9920129022605152,0.0,3156,6203.341001380073,"[""ATS0are"", ""ATS0i"", ""ATS0p"", ""ATS0pe"", ""ATS0se"", ""ATS0v"", ""ATS1are"", ""ATS1i"", ""ATS1pe"", ""ATS1se"", ""ATS7d"", ""ATS7p"", ""ATS7v"", ""ATS8are"", ""ATS8d"", ""ATS8i"", ""ATS8p"", ""ATS8pe"", ""ATS8se"", ""ATS8v"", ""ATSC0i"", ""ATSC0v"", ""ECIndex"", ""LabuteASA"", ""SMR"", ""Sare"", ""Si"", ""Sp"", ""Spe"", ""Sse"", ""Sv"", ""TIC0"", ""TIC1"", ""TIC2"", ""TIC3"", ""TIC4"", ""TIC5"", ""VMcGowan"", ""WPath"", ""Xp-1d"", ""Xp-1dv"", ""ZMIC0"", ""apol"", ""bpol"", ""mZagreb2"", ""nAtom"", ""nBonds"", ""nHeavyAtom""]"
final,24,48,ZMIC0,Sv,Sv,algorithmic_medoid,False,False,26,0.04993656201752772,0.9500634379824723,0.8771523112968652,0.987509789755542,0.0,3156,594.0562759546452,"[""ATS0are"", ""ATS0i"", ""ATS0p"", ""ATS0pe"", ""ATS0se"", ""ATS0v"", ""ATS1are"", ""ATS1i"", ""ATS1pe"", ""ATS1se"", ""ATS7d"", ""ATS7p"", ""ATS7v"", ""ATS8are"", ""ATS8d"", ""ATS8i"", ""ATS8p"", ""ATS8pe"", ""ATS8se"", ""ATS8v"", ""ATSC0i"", ""ATSC0v"", ""ECIndex"", ""LabuteASA"", ""SMR"", ""Sare"", ""Si"", ""Sp"", ""Spe"", ""Sse"", ""Sv"", ""TIC0"", ""TIC1"", ""TIC2"", ""TIC3"", ""TIC4"", ""TIC5"", ""VMcGowan"", ""WPath"", ""Xp-1d"", ""Xp-1dv"", ""ZMIC0"", ""apol"", ""bpol"", ""mZagreb2"", ""nAtom"", ""nBonds"", ""nHeavyAtom""]"
final,24,48,LabuteASA,Sv,Sv,algorithmic_medoid,False,False,27,0.052344963928636745,0.9476550360713633,0.8649196315535431,0.9923187850865037,0.0,3156,1823.6367848776995,"[""ATS0are"", ""ATS0i"", ""ATS0p"", ""ATS0pe"", ""ATS0se"", ""ATS0v"", ""ATS1are"", ""ATS1i"", ""ATS1pe"", ""ATS1se"", ""ATS7d"", ""ATS7p"", ""ATS7v"", ""ATS8are"", ""ATS8d"", ""ATS8i"", ""ATS8p"", ""ATS8pe"", ""ATS8se"", ""ATS8v"", ""ATSC0i"", ""ATSC0v"", ""ECIndex"", ""LabuteASA"", ""SMR"", ""Sare"", ""Si"", ""Sp"", ""Spe"", ""Sse"", ""Sv"", ""TIC0"", ""TIC1"", ""TIC2"", ""TIC3"", ""TIC4"", ""TIC5"", ""VMcGowan"", ""WPath"", ""Xp-1d"", ""Xp-1dv"", ""ZMIC0"", ""apol"", ""bpol"", ""mZagreb2"", ""nAtom"", ""nBonds"", ""nHeavyAtom""]"
final,24,48,ATS8v,Sv,Sv,algorithmic_medoid,False,False,28,0.0528821984791803,0.9471178015208197,0.8738229210829748,0.9948060927183463,0.0,3156,87300558.7237654,"[""ATS0are"", ""ATS0i"", ""ATS0p"", ""ATS0pe"", ""ATS0se"", ""ATS0v"", ""ATS1are"", ""ATS1i"", ""ATS1pe"", ""ATS1se"", ""ATS7d"", ""ATS7p"", ""ATS7v"", ""ATS8are"", ""ATS8d"", ""ATS8i"", ""ATS8p"", ""ATS8pe"", ""ATS8se"", ""ATS8v"", ""ATSC0i"", ""ATSC0v"", ""ECIndex"", ""LabuteASA"", ""SMR"", ""Sare"", ""Si"", ""Sp"", ""Spe"", ""Sse"", ""Sv"", ""TIC0"", ""TIC1"", ""TIC2"", ""TIC3"", ""TIC4"", ""TIC5"", ""VMcGowan"", ""WPath"", ""Xp-1d"", ""Xp-1dv"", ""ZMIC0"", ""apol"", ""bpol"", ""mZagreb2"", ""nAtom"", ""nBonds"", ""nHeavyAtom""]"
final,24,48,ATS8pe,Sv,Sv,algorithmic_medoid,False,False,29,0.0529040274751541,0.9470959725248459,0.8672901183949018,0.9999513553367552,0.0,3156,139522.8048898306,"[""ATS0are"", ""ATS0i"", ""ATS0p"", ""ATS0pe"", ""ATS0se"", ""ATS0v"", ""ATS1are"", ""ATS1i"", ""ATS1pe"", ""ATS1se"", ""ATS7d"", ""ATS7p"", ""ATS7v"", ""ATS8are"", ""ATS8d"", ""ATS8i"", ""ATS8p"", ""ATS8pe"", ""ATS8se"", ""ATS8v"", ""ATSC0i"", ""ATSC0v"", ""ECIndex"", ""LabuteASA"", ""SMR"", ""Sare"", ""Si"", ""Sp"", ""Spe"", ""Sse"", ""Sv"", ""TIC0"", ""TIC1"", ""TIC2"", ""TIC3"", ""TIC4"", ""TIC5"", ""VMcGowan"", ""WPath"", ""Xp-1d"", ""Xp-1dv"", ""ZMIC0"", ""apol"", ""bpol"", ""mZagreb2"", ""nAtom"", ""nBonds"", ""nHeavyAtom""]"
final,24,48,ATS8are,Sv,Sv,algorithmic_medoid,False,False,30,0.0531870209381875,0.9468129790618125,0.8679456003060189,0.9999513553367552,0.0,3156,136641.27814879714,"[""ATS0are"", ""ATS0i"", ""ATS0p"", ""ATS0pe"", ""ATS0se"", ""ATS0v"", ""ATS1are"", ""ATS1i"", ""ATS1pe"", ""ATS1se"", ""ATS7d"", ""ATS7p"", ""ATS7v"", ""ATS8are"", ""ATS8d"", ""ATS8i"", ""ATS8p"", ""ATS8pe"", ""ATS8se"", ""ATS8v"", ""ATSC0i"", ""ATSC0v"", ""ECIndex"", ""LabuteASA"", ""SMR"", ""Sare"", ""Si"", ""Sp"", ""Spe"", ""Sse"", ""Sv"", ""TIC0"", ""TIC1"", ""TIC2"", ""TIC3"", ""TIC4"", ""TIC5"", ""VMcGowan"", ""WPath"", ""Xp-1d"", ""Xp-1dv"", ""ZMIC0"", ""apol"", ""bpol"", ""mZagreb2"", ""nAtom"", ""nBonds"", ""nHeavyAtom""]"
final,24,48,SMR,Sv,Sv,algorithmic_medoid,False,False,31,0.05384470752212178,0.9461552924778782,0.8676348972810695,0.9911189470850906,0.0,3156,743.17422241437,"[""ATS0are"", ""ATS0i"", ""ATS0p"", ""ATS0pe"", ""ATS0se"", ""ATS0v"", ""ATS1are"", ""ATS1i"", ""ATS1pe"", ""ATS1se"", ""ATS7d"", ""ATS7p"", ""ATS7v"", ""ATS8are"", ""ATS8d"", ""ATS8i"", ""ATS8p"", ""ATS8pe"", ""ATS8se"", ""ATS8v"", ""ATSC0i"", ""ATSC0v"", ""ECIndex"", ""LabuteASA"", ""SMR"", ""Sare"", ""Si"", ""Sp"", ""Spe"", ""Sse"", ""Sv"", ""TIC0"", ""TIC1"", ""TIC2"", ""TIC3"", ""TIC4"", ""TIC5"", ""VMcGowan"", ""WPath"", ""Xp-1d"", ""Xp-1dv"", ""ZMIC0"", ""apol"", ""bpol"", ""mZagreb2"", ""nAtom"", ""nBonds"", ""nHeavyAtom""]"
final,24,48,nHeavyAtom,Sv,Sv,algorithmic_medoid,False,False,32,0.05483768385698162,0.9451623161430184,0.8520654013419354,0.997831822920549,0.0,3156,54.4480471341529,"[""ATS0are"", ""ATS0i"", ""ATS0p"", ""ATS0pe"", ""ATS0se"", ""ATS0v"", ""ATS1are"", ""ATS1i"", ""ATS1pe"", ""ATS1se"", ""ATS7d"", ""ATS7p"", ""ATS7v"", ""ATS8are"", ""ATS8d"", ""ATS8i"", ""ATS8p"", ""ATS8pe"", ""ATS8se"", ""ATS8v"", ""ATSC0i"", ""ATSC0v"", ""ECIndex"", ""LabuteASA"", ""SMR"", ""Sare"", ""Si"", ""Sp"", ""Spe"", ""Sse"", ""Sv"", ""TIC0"", ""TIC1"", ""TIC2"", ""TIC3"", ""TIC4"", ""TIC5"", ""VMcGowan"", ""WPath"", ""Xp-1d"", ""Xp-1dv"", ""ZMIC0"", ""apol"", ""bpol"", ""mZagreb2"", ""nAtom"", ""nBonds"", ""nHeavyAtom""]"
final,24,48,ATS8p,Sv,Sv,algorithmic_medoid,False,False,33,0.054940331215739824,0.9450596687842602,0.8616166939490152,0.9943227286857778,0.0,3156,5078.801119910981,"[""ATS0are"", ""ATS0i"", ""ATS0p"", ""ATS0pe"", ""ATS0se"", ""ATS0v"", ""ATS1are"", ""ATS1i"", ""ATS1pe"", ""ATS1se"", ""ATS7d"", ""ATS7p"", ""ATS7v"", ""ATS8are"", ""ATS8d"", ""ATS8i"", ""ATS8p"", ""ATS8pe"", ""ATS8se"", ""ATS8v"", ""ATSC0i"", ""ATSC0v"", ""ECIndex"", ""LabuteASA"", ""SMR"", ""Sare"", ""Si"", ""Sp"", ""Spe"", ""Sse"", ""Sv"", ""TIC0"", ""TIC1"", ""TIC2"", ""TIC3"", ""TIC4"", ""TIC5"", ""VMcGowan"", ""WPath"", ""Xp-1d"", ""Xp-1dv"", ""ZMIC0"", ""apol"", ""bpol"", ""mZagreb2"", ""nAtom"", ""nBonds"", ""nHeavyAtom""]"
final,24,48,Xp-1d,Sv,Sv,algorithmic_medoid,False,False,34,0.05535844214268082,0.9446415578573192,0.847975855278086,0.997831822920549,0.0,3156,12.565020874882396,"[""ATS0are"", ""ATS0i"", ""ATS0p"", ""ATS0pe"", ""ATS0se"", ""ATS0v"", ""ATS1are"", ""ATS1i"", ""ATS1pe"", ""ATS1se"", ""ATS7d"", ""ATS7p"", ""ATS7v"", ""ATS8are"", ""ATS8d"", ""ATS8i"", ""ATS8p"", ""ATS8pe"", ""ATS8se"", ""ATS8v"", ""ATSC0i"", ""ATSC0v"", ""ECIndex"", ""LabuteASA"", ""SMR"", ""Sare"", ""Si"", ""Sp"", ""Spe"", ""Sse"", ""Sv"", ""TIC0"", ""TIC1"", ""TIC2"", ""TIC3"", ""TIC4"", ""TIC5"", ""VMcGowan"", ""WPath"", ""Xp-1d"", ""Xp-1dv"", ""ZMIC0"", ""apol"", ""bpol"", ""mZagreb2"", ""nAtom"", ""nBonds"", ""nHeavyAtom""]"
final,24,48,ATS8se,Sv,Sv,algorithmic_medoid,False,False,35,0.05554552488765219,0.9444544751123478,0.8612608007711782,0.9995771489206134,0.0,3156,220481.43328208412,"[""ATS0are"", ""ATS0i"", ""ATS0p"", ""ATS0pe"", ""ATS0se"", ""ATS0v"", ""ATS1are"", ""ATS1i"", ""ATS1pe"", ""ATS1se"", ""ATS7d"", ""ATS7p"", ""ATS7v"", ""ATS8are"", ""ATS8d"", ""ATS8i"", ""ATS8p"", ""ATS8pe"", ""ATS8se"", ""ATS8v"", ""ATSC0i"", ""ATSC0v"", ""ECIndex"", ""LabuteASA"", ""SMR"", ""Sare"", ""Si"", ""Sp"", ""Spe"", ""Sse"", ""Sv"", ""TIC0"", ""TIC1"", ""TIC2"", ""TIC3"", ""TIC4"", ""TIC5"", ""VMcGowan"", ""WPath"", ""Xp-1d"", ""Xp-1dv"", ""ZMIC0"", ""apol"", ""bpol"", ""mZagreb2"", ""nAtom"", ""nBonds"", ""nHeavyAtom""]"
final,24,48,TIC1,Sv,Sv,algorithmic_medoid,False,False,36,0.05572161964271993,0.9442783803572801,0.8851589744685884,0.9809687808027396,0.0,3156,2986.539149386017,"[""ATS0are"", ""ATS0i"", ""ATS0p"", ""ATS0pe"", ""ATS0se"", ""ATS0v"", ""ATS1are"", ""ATS1i"", ""ATS1pe"", ""ATS1se"", ""ATS7d"", ""ATS7p"", ""ATS7v"", ""ATS8are"", ""ATS8d"", ""ATS8i"", ""ATS8p"", ""ATS8pe"", ""ATS8se"", ""ATS8v"", ""ATSC0i"", ""ATSC0v"", ""ECIndex"", ""LabuteASA"", ""SMR"", ""Sare"", ""Si"", ""Sp"", ""Spe"", ""Sse"", ""Sv"", ""TIC0"", ""TIC1"", ""TIC2"", ""TIC3"", ""TIC4"", ""TIC5"", ""VMcGowan"", ""WPath"", ""Xp-1d"", ""Xp-1dv"", ""ZMIC0"", ""apol"", ""bpol"", ""mZagreb2"", ""nAtom"", ""nBonds"", ""nHeavyAtom""]"
final,24,48,mZagreb2,Sv,Sv,algorithmic_medoid,False,False,37,0.056637956315859994,0.94336204368414,0.8583085587085106,0.9911781355451931,0.0,3156,2.43145295477509,"[""ATS0are"", ""ATS0i"", ""ATS0p"", ""ATS0pe"", ""ATS0se"", ""ATS0v"", ""ATS1are"", ""ATS1i"", ""ATS1pe"", ""ATS1se"", ""ATS7d"", ""ATS7p"", ""ATS7v"", ""ATS8are"", ""ATS8d"", ""ATS8i"", ""ATS8p"", ""ATS8pe"", ""ATS8se"", ""ATS8v"", ""ATSC0i"", ""ATSC0v"", ""ECIndex"", ""LabuteASA"", ""SMR"", ""Sare"", ""Si"", ""Sp"", ""Spe"", ""Sse"", ""Sv"", ""TIC0"", ""TIC1"", ""TIC2"", ""TIC3"", ""TIC4"", ""TIC5"", ""VMcGowan"", ""WPath"", ""Xp-1d"", ""Xp-1dv"", ""ZMIC0"", ""apol"", ""bpol"", ""mZagreb2"", ""nAtom"", ""nBonds"", ""nHeavyAtom""]"
final,24,48,ATS7v,Sv,Sv,algorithmic_medoid,False,False,38,0.056900694806466756,0.9430993051935332,0.8666486489068753,0.9923447530242109,0.0,3156,95226127.73617354,"[""ATS0are"", ""ATS0i"", ""ATS0p"", ""ATS0pe"", ""ATS0se"", ""ATS0v"", ""ATS1are"", ""ATS1i"", ""ATS1pe"", ""ATS1se"", ""ATS7d"", ""ATS7p"", ""ATS7v"", ""ATS8are"", ""ATS8d"", ""ATS8i"", ""ATS8p"", ""ATS8pe"", ""ATS8se"", ""ATS8v"", ""ATSC0i"", ""ATSC0v"", ""ECIndex"", ""LabuteASA"", ""SMR"", ""Sare"", ""Si"", ""Sp"", ""Spe"", ""Sse"", ""Sv"", ""TIC0"", ""TIC1"", ""TIC2"", ""TIC3"", ""TIC4"", ""TIC5"", ""VMcGowan"", ""WPath"", ""Xp-1d"", ""Xp-1dv"", ""ZMIC0"", ""apol"", ""bpol"", ""mZagreb2"", ""nAtom"", ""nBonds"", ""nHeavyAtom""]"
final,24,48,Xp-1dv,Sv,Sv,algorithmic_medoid,False,False,39,0.060224988334249385,0.9397750116657506,0.8733934410443224,0.9766616233472242,0.0,3156,7.602841135054942,"[""ATS0are"", ""ATS0i"", ""ATS0p"", ""ATS0pe"", ""ATS0se"", ""ATS0v"", ""ATS1are"", ""ATS1i"", ""ATS1pe"", ""ATS1se"", ""ATS7d"", ""ATS7p"", ""ATS7v"", ""ATS8are"", ""ATS8d"", ""ATS8i"", ""ATS8p"", ""ATS8pe"", ""ATS8se"", ""ATS8v"", ""ATSC0i"", ""ATSC0v"", ""ECIndex"", ""LabuteASA"", ""SMR"", ""Sare"", ""Si"", ""Sp"", ""Spe"", ""Sse"", ""Sv"", ""TIC0"", ""TIC1"", ""TIC2"", ""TIC3"", ""TIC4"", ""TIC5"", ""VMcGowan"", ""WPath"", ""Xp-1d"", ""Xp-1dv"", ""ZMIC0"", ""apol"", ""bpol"", ""mZagreb2"", ""nAtom"", ""nBonds"", ""nHeavyAtom""]"
final,24,48,ATSC0v,Sv,Sv,algorithmic_medoid,False,False,40,0.060468520050169006,0.939531479949831,0.8452773542668643,0.9835444589133852,0.0,3156,573901.1981586203,"[""ATS0are"", ""ATS0i"", ""ATS0p"", ""ATS0pe"", ""ATS0se"", ""ATS0v"", ""ATS1are"", ""ATS1i"", ""ATS1pe"", ""ATS1se"", ""ATS7d"", ""ATS7p"", ""ATS7v"", ""ATS8are"", ""ATS8d"", ""ATS8i"", ""ATS8p"", ""ATS8pe"", ""ATS8se"", ""ATS8v"", ""ATSC0i"", ""ATSC0v"", ""ECIndex"", ""LabuteASA"", ""SMR"", ""Sare"", ""Si"", ""Sp"", ""Spe"", ""Sse"", ""Sv"", ""TIC0"", ""TIC1"", ""TIC2"", ""TIC3"", ""TIC4"", ""TIC5"", ""VMcGowan"", ""WPath"", ""Xp-1d"", ""Xp-1dv"", ""ZMIC0"", ""apol"", ""bpol"", ""mZagreb2"", ""nAtom"", ""nBonds"", ""nHeavyAtom""]"
final,24,48,ATS7p,Sv,Sv,algorithmic_medoid,False,False,41,0.06464933647650051,0.9353506635234995,0.8482655203345919,0.9923447530242109,0.0,3156,5485.577221628252,"[""ATS0are"", ""ATS0i"", ""ATS0p"", ""ATS0pe"", ""ATS0se"", ""ATS0v"", ""ATS1are"", ""ATS1i"", ""ATS1pe"", ""ATS1se"", ""ATS7d"", ""ATS7p"", ""ATS7v"", ""ATS8are"", ""ATS8d"", ""ATS8i"", ""ATS8p"", ""ATS8pe"", ""ATS8se"", ""ATS8v"", ""ATSC0i"", ""ATSC0v"", ""ECIndex"", ""LabuteASA"", ""SMR"", ""Sare"", ""Si"", ""Sp"", ""Spe"", ""Sse"", ""Sv"", ""TIC0"", ""TIC1"", ""TIC2"", ""TIC3"", ""TIC4"", ""TIC5"", ""VMcGowan"", ""WPath"", ""Xp-1d"", ""Xp-1dv"", ""ZMIC0"", ""apol"", ""bpol"", ""mZagreb2"", ""nAtom"", ""nBonds"", ""nHeavyAtom""]"
final,24,48,WPath,Sv,Sv,algorithmic_medoid,False,False,42,0.06585807890723183,0.9341419210927682,0.8552117798678572,0.9899540396933284,0.0,3156,2.2825536416174352e+17,"[""ATS0are"", ""ATS0i"", ""ATS0p"", ""ATS0pe"", ""ATS0se"", ""ATS0v"", ""ATS1are"", ""ATS1i"", ""ATS1pe"", ""ATS1se"", ""ATS7d"", ""ATS7p"", ""ATS7v"", ""ATS8are"", ""ATS8d"", ""ATS8i"", ""ATS8p"", ""ATS8pe"", ""ATS8se"", ""ATS8v"", ""ATSC0i"", ""ATSC0v"", ""ECIndex"", ""LabuteASA"", ""SMR"", ""Sare"", ""Si"", ""Sp"", ""Spe"", ""Sse"", ""Sv"", ""TIC0"", ""TIC1"", ""TIC2"", ""TIC3"", ""TIC4"", ""TIC5"", ""VMcGowan"", ""WPath"", ""Xp-1d"", ""Xp-1dv"", ""ZMIC0"", ""apol"", ""bpol"", ""mZagreb2"", ""nAtom"", ""nBonds"", ""nHeavyAtom""]"
final,24,48,ATS8i,Sv,Sv,algorithmic_medoid,False,False,43,0.0661213730791429,0.9338786269208571,0.8384594504620566,0.9969437753126078,0.0,3156,102454568.24255657,"[""ATS0are"", ""ATS0i"", ""ATS0p"", ""ATS0pe"", ""ATS0se"", ""ATS0v"", ""ATS1are"", ""ATS1i"", ""ATS1pe"", ""ATS1se"", ""ATS7d"", ""ATS7p"", ""ATS7v"", ""ATS8are"", ""ATS8d"", ""ATS8i"", ""ATS8p"", ""ATS8pe"", ""ATS8se"", ""ATS8v"", ""ATSC0i"", ""ATSC0v"", ""ECIndex"", ""LabuteASA"", ""SMR"", ""Sare"", ""Si"", ""Sp"", ""Spe"", ""Sse"", ""Sv"", ""TIC0"", ""TIC1"", ""TIC2"", ""TIC3"", ""TIC4"", ""TIC5"", ""VMcGowan"", ""WPath"", ""Xp-1d"", ""Xp-1dv"", ""ZMIC0"", ""apol"", ""bpol"", ""mZagreb2"", ""nAtom"", ""nBonds"", ""nHeavyAtom""]"
final,24,48,ATS0p,Sv,Sv,algorithmic_medoid,False,False,44,0.06778867467616234,0.9322113253238377,0.8591959580433647,0.9805533015127509,0.0,3156,450.06035528091064,"[""ATS0are"", ""ATS0i"", ""ATS0p"", ""ATS0pe"", ""ATS0se"", ""ATS0v"", ""ATS1are"", ""ATS1i"", ""ATS1pe"", ""ATS1se"", ""ATS7d"", ""ATS7p"", ""ATS7v"", ""ATS8are"", ""ATS8d"", ""ATS8i"", ""ATS8p"", ""ATS8pe"", ""ATS8se"", ""ATS8v"", ""ATSC0i"", ""ATSC0v"", ""ECIndex"", ""LabuteASA"", ""SMR"", ""Sare"", ""Si"", ""Sp"", ""Spe"", ""Sse"", ""Sv"", ""TIC0"", ""TIC1"", ""TIC2"", ""TIC3"", ""TIC4"", ""TIC5"", ""VMcGowan"", ""WPath"", ""Xp-1d"", ""Xp-1dv"", ""ZMIC0"", ""apol"", ""bpol"", ""mZagreb2"", ""nAtom"", ""nBonds"", ""nHeavyAtom""]"
final,24,48,TIC0,Sv,Sv,algorithmic_medoid,False,False,45,0.07074093299185091,0.9292590670081491,0.8728028797405831,0.96571758462418,0.0,3156,508.87804282990544,"[""ATS0are"", ""ATS0i"", ""ATS0p"", ""ATS0pe"", ""ATS0se"", ""ATS0v"", ""ATS1are"", ""ATS1i"", ""ATS1pe"", ""ATS1se"", ""ATS7d"", ""ATS7p"", ""ATS7v"", ""ATS8are"", ""ATS8d"", ""ATS8i"", ""ATS8p"", ""ATS8pe"", ""ATS8se"", ""ATS8v"", ""ATSC0i"", ""ATSC0v"", ""ECIndex"", ""LabuteASA"", ""SMR"", ""Sare"", ""Si"", ""Sp"", ""Spe"", ""Sse"", ""Sv"", ""TIC0"", ""TIC1"", ""TIC2"", ""TIC3"", ""TIC4"", ""TIC5"", ""VMcGowan"", ""WPath"", ""Xp-1d"", ""Xp-1dv"", ""ZMIC0"", ""apol"", ""bpol"", ""mZagreb2"", ""nAtom"", ""nBonds"", ""nHeavyAtom""]"
final,24,48,ECIndex,Sv,Sv,algorithmic_medoid,False,False,46,0.08486277234702144,0.9151372276529786,0.8384594504620566,0.9899540396933284,0.0,3156,4.436188047646947e+16,"[""ATS0are"", ""ATS0i"", ""ATS0p"", ""ATS0pe"", ""ATS0se"", ""ATS0v"", ""ATS1are"", ""ATS1i"", ""ATS1pe"", ""ATS1se"", ""ATS7d"", ""ATS7p"", ""ATS7v"", ""ATS8are"", ""ATS8d"", ""ATS8i"", ""ATS8p"", ""ATS8pe"", ""ATS8se"", ""ATS8v"", ""ATSC0i"", ""ATSC0v"", ""ECIndex"", ""LabuteASA"", ""SMR"", ""Sare"", ""Si"", ""Sp"", ""Spe"", ""Sse"", ""Sv"", ""TIC0"", ""TIC1"", ""TIC2"", ""TIC3"", ""TIC4"", ""TIC5"", ""VMcGowan"", ""WPath"", ""Xp-1d"", ""Xp-1dv"", ""ZMIC0"", ""apol"", ""bpol"", ""mZagreb2"", ""nAtom"", ""nBonds"", ""nHeavyAtom""]"
final,24,48,bpol,Sv,Sv,algorithmic_medoid,False,False,47,0.09147803681405609,0.9085219631859439,0.8326284417117613,0.9553233358824863,0.0,3156,95.15589136829425,"[""ATS0are"", ""ATS0i"", ""ATS0p"", ""ATS0pe"", ""ATS0se"", ""ATS0v"", ""ATS1are"", ""ATS1i"", ""ATS1pe"", ""ATS1se"", ""ATS7d"", ""ATS7p"", ""ATS7v"", ""ATS8are"", ""ATS8d"", ""ATS8i"", ""ATS8p"", ""ATS8pe"", ""ATS8se"", ""ATS8v"", ""ATSC0i"", ""ATSC0v"", ""ECIndex"", ""LabuteASA"", ""SMR"", ""Sare"", ""Si"", ""Sp"", ""Spe"", ""Sse"", ""Sv"", ""TIC0"", ""TIC1"", ""TIC2"", ""TIC3"", ""TIC4"", ""TIC5"", ""VMcGowan"", ""WPath"", ""Xp-1d"", ""Xp-1dv"", ""ZMIC0"", ""apol"", ""bpol"", ""mZagreb2"", ""nAtom"", ""nBonds"", ""nHeavyAtom""]"
final,24,48,ATSC0i,Sv,Sv,algorithmic_medoid,False,False,48,0.11698609148833383,0.8830139085116662,0.8326284417117613,0.9102405859982434,0.0,3156,666.0425239143095,"[""ATS0are"", ""ATS0i"", ""ATS0p"", ""ATS0pe"", ""ATS0se"", ""ATS0v"", ""ATS1are"", ""ATS1i"", ""ATS1pe"", ""ATS1se"", ""ATS7d"", ""ATS7p"", ""ATS7v"", ""ATS8are"", ""ATS8d"", ""ATS8i"", ""ATS8p"", ""ATS8pe"", ""ATS8se"", ""ATS8v"", ""ATSC0i"", ""ATSC0v"", ""ECIndex"", ""LabuteASA"", ""SMR"", ""Sare"", ""Si"", ""Sp"", ""Spe"", ""Sse"", ""Sv"", ""TIC0"", ""TIC1"", ""TIC2"", ""TIC3"", ""TIC4"", ""TIC5"", ""VMcGowan"", ""WPath"", ""Xp-1d"", ""Xp-1dv"", ""ZMIC0"", ""apol"", ""bpol"", ""mZagreb2"", ""nAtom"", ""nBonds"", ""nHeavyAtom""]"
final,25,31,TMWC10,TMWC10,TMWC10,algorithmic_medoid,True,True,1,0.039979784200392054,0.960020215799608,0.8998340638065291,0.9977279349390011,0.0,3156,470.69047161591794,"[""ATS0d"", ""ATS1Z"", ""ATS1d"", ""ATS1m"", ""ATS2Z"", ""ATS2m"", ""ATS3Z"", ""ATS3m"", ""ATS4Z"", ""ATS4m"", ""ATSC0d"", ""GRAV"", ""GRAVH"", ""GRAVHp"", ""GRAVp"", ""MPC2"", ""MW"", ""MWC01"", ""MWC02"", ""MWC03"", ""SRW02"", ""SRW04"", ""SZ"", ""Sm"", ""TMWC10"", ""Xp-2d"", ""Xp-2dv"", ""Xp-3d"", ""Zagreb1"", ""Zagreb2"", ""nBondsO""]"
final,25,31,Zagreb1,TMWC10,TMWC10,algorithmic_medoid,False,False,2,0.0401616735205752,0.9598383264794248,0.9058935898518656,1.0,0.0,3156,1931.6923509407716,"[""ATS0d"", ""ATS1Z"", ""ATS1d"", ""ATS1m"", ""ATS2Z"", ""ATS2m"", ""ATS3Z"", ""ATS3m"", ""ATS4Z"", ""ATS4m"", ""ATSC0d"", ""GRAV"", ""GRAVH"", ""GRAVHp"", ""GRAVp"", ""MPC2"", ""MW"", ""MWC01"", ""MWC02"", ""MWC03"", ""SRW02"", ""SRW04"", ""SZ"", ""Sm"", ""TMWC10"", ""Xp-2d"", ""Xp-2dv"", ""Xp-3d"", ""Zagreb1"", ""Zagreb2"", ""nBondsO""]"
final,25,31,MWC02,TMWC10,TMWC10,algorithmic_medoid,False,False,3,0.0401616735205752,0.9598383264794248,0.9058935898518656,1.0,0.0,3156,0.23359070012446875,"[""ATS0d"", ""ATS1Z"", ""ATS1d"", ""ATS1m"", ""ATS2Z"", ""ATS2m"", ""ATS3Z"", ""ATS3m"", ""ATS4Z"", ""ATS4m"", ""ATSC0d"", ""GRAV"", ""GRAVH"", ""GRAVHp"", ""GRAVp"", ""MPC2"", ""MW"", ""MWC01"", ""MWC02"", ""MWC03"", ""SRW02"", ""SRW04"", ""SZ"", ""Sm"", ""TMWC10"", ""Xp-2d"", ""Xp-2dv"", ""Xp-3d"", ""Zagreb1"", ""Zagreb2"", ""nBondsO""]"
final,25,31,GRAVH,TMWC10,TMWC10,algorithmic_medoid,False,False,4,0.040292084666847305,0.9597079153331527,0.9061154012552459,0.9956967158141513,0.0,3156,4383756.67153899,"[""ATS0d"", ""ATS1Z"", ""ATS1d"", ""ATS1m"", ""ATS2Z"", ""ATS2m"", ""ATS3Z"", ""ATS3m"", ""ATS4Z"", ""ATS4m"", ""ATSC0d"", ""GRAV"", ""GRAVH"", ""GRAVHp"", ""GRAVp"", ""MPC2"", ""MW"", ""MWC01"", ""MWC02"", ""MWC03"", ""SRW02"", ""SRW04"", ""SZ"", ""Sm"", ""TMWC10"", ""Xp-2d"", ""Xp-2dv"", ""Xp-3d"", ""Zagreb1"", ""Zagreb2"", ""nBondsO""]"
final,25,31,Xp-2d,TMWC10,TMWC10,algorithmic_medoid,False,False,5,0.04073919946627291,0.9592608005337271,0.8985993516725447,0.9903672694379455,0.0,3156,12.143587708064327,"[""ATS0d"", ""ATS1Z"", ""ATS1d"", ""ATS1m"", ""ATS2Z"", ""ATS2m"", ""ATS3Z"", ""ATS3m"", ""ATS4Z"", ""ATS4m"", ""ATSC0d"", ""GRAV"", ""GRAVH"", ""GRAVHp"", ""GRAVp"", ""MPC2"", ""MW"", ""MWC01"", ""MWC02"", ""MWC03"", ""SRW02"", ""SRW04"", ""SZ"", ""Sm"", ""TMWC10"", ""Xp-2d"", ""Xp-2dv"", ""Xp-3d"", ""Zagreb1"", ""Zagreb2"", ""nBondsO""]"
final,25,31,SRW04,TMWC10,TMWC10,algorithmic_medoid,False,False,6,0.04081823950153851,0.9591817604984615,0.909135783220877,0.9992105760405549,0.0,3156,0.25245954840256396,"[""ATS0d"", ""ATS1Z"", ""ATS1d"", ""ATS1m"", ""ATS2Z"", ""ATS2m"", ""ATS3Z"", ""ATS3m"", ""ATS4Z"", ""ATS4m"", ""ATSC0d"", ""GRAV"", ""GRAVH"", ""GRAVHp"", ""GRAVp"", ""MPC2"", ""MW"", ""MWC01"", ""MWC02"", ""MWC03"", ""SRW02"", ""SRW04"", ""SZ"", ""Sm"", ""TMWC10"", ""Xp-2d"", ""Xp-2dv"", ""Xp-3d"", ""Zagreb1"", ""Zagreb2"", ""nBondsO""]"
final,25,31,MPC2,TMWC10,TMWC10,algorithmic_medoid,False,False,7,0.043202313148961835,0.9567976868510382,0.911068201789372,0.9986683090221478,0.0,3156,185.33300834429681,"[""ATS0d"", ""ATS1Z"", ""ATS1d"", ""ATS1m"", ""ATS2Z"", ""ATS2m"", ""ATS3Z"", ""ATS3m"", ""ATS4Z"", ""ATS4m"", ""ATSC0d"", ""GRAV"", ""GRAVH"", ""GRAVHp"", ""GRAVp"", ""MPC2"", ""MW"", ""MWC01"", ""MWC02"", ""MWC03"", ""SRW02"", ""SRW04"", ""SZ"", ""Sm"", ""TMWC10"", ""Xp-2d"", ""Xp-2dv"", ""Xp-3d"", ""Zagreb1"", ""Zagreb2"", ""nBondsO""]"
final,25,31,ATS0d,TMWC10,TMWC10,algorithmic_medoid,False,False,8,0.04728606604789165,0.9527139339521083,0.8889159218763267,0.9942975874355675,0.0,3156,2537.764702214865,"[""ATS0d"", ""ATS1Z"", ""ATS1d"", ""ATS1m"", ""ATS2Z"", ""ATS2m"", ""ATS3Z"", ""ATS3m"", ""ATS4Z"", ""ATS4m"", ""ATSC0d"", ""GRAV"", ""GRAVH"", ""GRAVHp"", ""GRAVp"", ""MPC2"", ""MW"", ""MWC01"", ""MWC02"", ""MWC03"", ""SRW02"", ""SRW04"", ""SZ"", ""Sm"", ""TMWC10"", ""Xp-2d"", ""Xp-2dv"", ""Xp-3d"", ""Zagreb1"", ""Zagreb2"", ""nBondsO""]"
final,25,31,MWC01,TMWC10,TMWC10,algorithmic_medoid,False,False,9,0.04743644208981246,0.9525635579101875,0.8788477305338958,1.0,0.0,3156,71.83250073089904,"[""ATS0d"", ""ATS1Z"", ""ATS1d"", ""ATS1m"", ""ATS2Z"", ""ATS2m"", ""ATS3Z"", ""ATS3m"", ""ATS4Z"", ""ATS4m"", ""ATSC0d"", ""GRAV"", ""GRAVH"", ""GRAVHp"", ""GRAVp"", ""MPC2"", ""MW"", ""MWC01"", ""MWC02"", ""MWC03"", ""SRW02"", ""SRW04"", ""SZ"", ""Sm"", ""TMWC10"", ""Xp-2d"", ""Xp-2dv"", ""Xp-3d"", ""Zagreb1"", ""Zagreb2"", ""nBondsO""]"
final,25,31,nBondsO,TMWC10,TMWC10,algorithmic_medoid,False,False,10,0.04743644208981246,0.9525635579101875,0.8788477305338958,1.0,0.0,3156,71.83250073089904,"[""ATS0d"", ""ATS1Z"", ""ATS1d"", ""ATS1m"", ""ATS2Z"", ""ATS2m"", ""ATS3Z"", ""ATS3m"", ""ATS4Z"", ""ATS4m"", ""ATSC0d"", ""GRAV"", ""GRAVH"", ""GRAVHp"", ""GRAVp"", ""MPC2"", ""MW"", ""MWC01"", ""MWC02"", ""MWC03"", ""SRW02"", ""SRW04"", ""SZ"", ""Sm"", ""TMWC10"", ""Xp-2d"", ""Xp-2dv"", ""Xp-3d"", ""Zagreb1"", ""Zagreb2"", ""nBondsO""]"
final,25,31,SRW02,TMWC10,TMWC10,algorithmic_medoid,False,False,11,0.04743644208981246,0.9525635579101875,0.8788477305338958,1.0,0.0,3156,0.1864718459794961,"[""ATS0d"", ""ATS1Z"", ""ATS1d"", ""ATS1m"", ""ATS2Z"", ""ATS2m"", ""ATS3Z"", ""ATS3m"", ""ATS4Z"", ""ATS4m"", ""ATSC0d"", ""GRAV"", ""GRAVH"", ""GRAVHp"", ""GRAVp"", ""MPC2"", ""MW"", ""MWC01"", ""MWC02"", ""MWC03"", ""SRW02"", ""SRW04"", ""SZ"", ""Sm"", ""TMWC10"", ""Xp-2d"", ""Xp-2dv"", ""Xp-3d"", ""Zagreb1"", ""Zagreb2"", ""nBondsO""]"
final,25,31,Zagreb2,TMWC10,TMWC10,algorithmic_medoid,False,False,12,0.04935161043242853,0.9506483895675715,0.902081989394354,1.0,0.0,3156,3198.597184974483,"[""ATS0d"", ""ATS1Z"", ""ATS1d"", ""ATS1m"", ""ATS2Z"", ""ATS2m"", ""ATS3Z"", ""ATS3m"", ""ATS4Z"", ""ATS4m"", ""ATSC0d"", ""GRAV"", ""GRAVH"", ""GRAVHp"", ""GRAVp"", ""MPC2"", ""MW"", ""MWC01"", ""MWC02"", ""MWC03"", ""SRW02"", ""SRW04"", ""SZ"", ""Sm"", ""TMWC10"", ""Xp-2d"", ""Xp-2dv"", ""Xp-3d"", ""Zagreb1"", ""Zagreb2"", ""nBondsO""]"
final,25,31,MWC03,TMWC10,TMWC10,algorithmic_medoid,False,False,13,0.04935161043242853,0.9506483895675715,0.902081989394354,1.0,0.0,3156,0.30222308558559813,"[""ATS0d"", ""ATS1Z"", ""ATS1d"", ""ATS1m"", ""ATS2Z"", ""ATS2m"", ""ATS3Z"", ""ATS3m"", ""ATS4Z"", ""ATS4m"", ""ATSC0d"", ""GRAV"", ""GRAVH"", ""GRAVHp"", ""GRAVp"", ""MPC2"", ""MW"", ""MWC01"", ""MWC02"", ""MWC03"", ""SRW02"", ""SRW04"", ""SZ"", ""Sm"", ""TMWC10"", ""Xp-2d"", ""Xp-2dv"", ""Xp-3d"", ""Zagreb1"", ""Zagreb2"", ""nBondsO""]"
final,25,31,GRAV,TMWC10,TMWC10,algorithmic_medoid,False,False,14,0.05051260628600995,0.94948739371399,0.880147502582554,0.9956967158141513,0.0,3156,3534445.507270375,"[""ATS0d"", ""ATS1Z"", ""ATS1d"", ""ATS1m"", ""ATS2Z"", ""ATS2m"", ""ATS3Z"", ""ATS3m"", ""ATS4Z"", ""ATS4m"", ""ATSC0d"", ""GRAV"", ""GRAVH"", ""GRAVHp"", ""GRAVp"", ""MPC2"", ""MW"", ""MWC01"", ""MWC02"", ""MWC03"", ""SRW02"", ""SRW04"", ""SZ"", ""Sm"", ""TMWC10"", ""Xp-2d"", ""Xp-2dv"", ""Xp-3d"", ""Zagreb1"", ""Zagreb2"", ""nBondsO""]"
final,25,31,ATS2Z,TMWC10,TMWC10,algorithmic_medoid,False,False,15,0.05099709296004751,0.9490029070399525,0.9151588008766735,0.9965467503882097,0.0,3156,415096.7541733532,"[""ATS0d"", ""ATS1Z"", ""ATS1d"", ""ATS1m"", ""ATS2Z"", ""ATS2m"", ""ATS3Z"", ""ATS3m"", ""ATS4Z"", ""ATS4m"", ""ATSC0d"", ""GRAV"", ""GRAVH"", ""GRAVHp"", ""GRAVp"", ""MPC2"", ""MW"", ""MWC01"", ""MWC02"", ""MWC03"", ""SRW02"", ""SRW04"", ""SZ"", ""Sm"", ""TMWC10"", ""Xp-2d"", ""Xp-2dv"", ""Xp-3d"", ""Zagreb1"", ""Zagreb2"", ""nBondsO""]"
final,25,31,Xp-3d,TMWC10,TMWC10,algorithmic_medoid,False,False,16,0.052875056137826504,0.9471249438621735,0.8902501612140155,0.9937139453746493,0.0,3156,10.441878356660924,"[""ATS0d"", ""ATS1Z"", ""ATS1d"", ""ATS1m"", ""ATS2Z"", ""ATS2m"", ""ATS3Z"", ""ATS3m"", ""ATS4Z"", ""ATS4m"", ""ATSC0d"", ""GRAV"", ""GRAVH"", ""GRAVHp"", ""GRAVp"", ""MPC2"", ""MW"", ""MWC01"", ""MWC02"", ""MWC03"", ""SRW02"", ""SRW04"", ""SZ"", ""Sm"", ""TMWC10"", ""Xp-2d"", ""Xp-2dv"", ""Xp-3d"", ""Zagreb1"", ""Zagreb2"", ""nBondsO""]"
final,25,31,SZ,TMWC10,TMWC10,algorithmic_medoid,False,False,17,0.05397054668174239,0.9460294533182576,0.8922873726991013,0.9976915550686883,0.0,3156,82.92667616835412,"[""ATS0d"", ""ATS1Z"", ""ATS1d"", ""ATS1m"", ""ATS2Z"", ""ATS2m"", ""ATS3Z"", ""ATS3m"", ""ATS4Z"", ""ATS4m"", ""ATSC0d"", ""GRAV"", ""GRAVH"", ""GRAVHp"", ""GRAVp"", ""MPC2"", ""MW"", ""MWC01"", ""MWC02"", ""MWC03"", ""SRW02"", ""SRW04"", ""SZ"", ""Sm"", ""TMWC10"", ""Xp-2d"", ""Xp-2dv"", ""Xp-3d"", ""Zagreb1"", ""Zagreb2"", ""nBondsO""]"
final,25,31,GRAVHp,TMWC10,TMWC10,algorithmic_medoid,False,False,18,0.05515114370374774,0.9448488562962523,0.8829394147104132,0.9956414021157889,0.0,3156,544529.8297115926,"[""ATS0d"", ""ATS1Z"", ""ATS1d"", ""ATS1m"", ""ATS2Z"", ""ATS2m"", ""ATS3Z"", ""ATS3m"", ""ATS4Z"", ""ATS4m"", ""ATSC0d"", ""GRAV"", ""GRAVH"", ""GRAVHp"", ""GRAVp"", ""MPC2"", ""MW"", ""MWC01"", ""MWC02"", ""MWC03"", ""SRW02"", ""SRW04"", ""SZ"", ""Sm"", ""TMWC10"", ""Xp-2d"", ""Xp-2dv"", ""Xp-3d"", ""Zagreb1"", ""Zagreb2"", ""nBondsO""]"
final,25,31,MW,TMWC10,TMWC10,algorithmic_medoid,False,False,19,0.057318457488953256,0.9426815425110467,0.8784534939377455,0.9999850925779283,0.0,3156,10823.947715004091,"[""ATS0d"", ""ATS1Z"", ""ATS1d"", ""ATS1m"", ""ATS2Z"", ""ATS2m"", ""ATS3Z"", ""ATS3m"", ""ATS4Z"", ""ATS4m"", ""ATSC0d"", ""GRAV"", ""GRAVH"", ""GRAVHp"", ""GRAVp"", ""MPC2"", ""MW"", ""MWC01"", ""MWC02"", ""MWC03"", ""SRW02"", ""SRW04"", ""SZ"", ""Sm"", ""TMWC10"", ""Xp-2d"", ""Xp-2dv"", ""Xp-3d"", ""Zagreb1"", ""Zagreb2"", ""nBondsO""]"
final,25,31,Sm,TMWC10,TMWC10,algorithmic_medoid,False,False,20,0.057730180135914355,0.9422698198640856,0.8774826708571559,0.9999850925779283,0.0,3156,75.17043255338476,"[""ATS0d"", ""ATS1Z"", ""ATS1d"", ""ATS1m"", ""ATS2Z"", ""ATS2m"", ""ATS3Z"", ""ATS3m"", ""ATS4Z"", ""ATS4m"", ""ATSC0d"", ""GRAV"", ""GRAVH"", ""GRAVHp"", ""GRAVp"", ""MPC2"", ""MW"", ""MWC01"", ""MWC02"", ""MWC03"", ""SRW02"", ""SRW04"", ""SZ"", ""Sm"", ""TMWC10"", ""Xp-2d"", ""Xp-2dv"", ""Xp-3d"", ""Zagreb1"", ""Zagreb2"", ""nBondsO""]"
final,25,31,ATS1Z,TMWC10,TMWC10,algorithmic_medoid,False,False,21,0.0582129142806459,0.9417870857193541,0.8886998238919593,0.99801475588269,0.0,3156,154725.98837258102,"[""ATS0d"", ""ATS1Z"", ""ATS1d"", ""ATS1m"", ""ATS2Z"", ""ATS2m"", ""ATS3Z"", ""ATS3m"", ""ATS4Z"", ""ATS4m"", ""ATSC0d"", ""GRAV"", ""GRAVH"", ""GRAVHp"", ""GRAVp"", ""MPC2"", ""MW"", ""MWC01"", ""MWC02"", ""MWC03"", ""SRW02"", ""SRW04"", ""SZ"", ""Sm"", ""TMWC10"", ""Xp-2d"", ""Xp-2dv"", ""Xp-3d"", ""Zagreb1"", ""Zagreb2"", ""nBondsO""]"
final,25,31,ATS1d,TMWC10,TMWC10,algorithmic_medoid,False,False,22,0.058256650917083874,0.9417433490829161,0.8847634489430724,0.9942975874355675,0.0,3156,4704.558782253932,"[""ATS0d"", ""ATS1Z"", ""ATS1d"", ""ATS1m"", ""ATS2Z"", ""ATS2m"", ""ATS3Z"", ""ATS3m"", ""ATS4Z"", ""ATS4m"", ""ATSC0d"", ""GRAV"", ""GRAVH"", ""GRAVHp"", ""GRAVp"", ""MPC2"", ""MW"", ""MWC01"", ""MWC02"", ""MWC03"", ""SRW02"", ""SRW04"", ""SZ"", ""Sm"", ""TMWC10"", ""Xp-2d"", ""Xp-2dv"", ""Xp-3d"", ""Zagreb1"", ""Zagreb2"", ""nBondsO""]"
final,25,31,ATS2m,TMWC10,TMWC10,algorithmic_medoid,False,False,23,0.06213069657065984,0.9378693034293402,0.8967398377557497,0.9965467503882097,0.0,3156,6187718.36906466,"[""ATS0d"", ""ATS1Z"", ""ATS1d"", ""ATS1m"", ""ATS2Z"", ""ATS2m"", ""ATS3Z"", ""ATS3m"", ""ATS4Z"", ""ATS4m"", ""ATSC0d"", ""GRAV"", ""GRAVH"", ""GRAVHp"", ""GRAVp"", ""MPC2"", ""MW"", ""MWC01"", ""MWC02"", ""MWC03"", ""SRW02"", ""SRW04"", ""SZ"", ""Sm"", ""TMWC10"", ""Xp-2d"", ""Xp-2dv"", ""Xp-3d"", ""Zagreb1"", ""Zagreb2"", ""nBondsO""]"
final,25,31,ATS3Z,TMWC10,TMWC10,algorithmic_medoid,False,False,24,0.06250780936487377,0.9374921906351262,0.8983386150637488,0.9962045525869698,0.0,3156,735258.2455944256,"[""ATS0d"", ""ATS1Z"", ""ATS1d"", ""ATS1m"", ""ATS2Z"", ""ATS2m"", ""ATS3Z"", ""ATS3m"", ""ATS4Z"", ""ATS4m"", ""ATSC0d"", ""GRAV"", ""GRAVH"", ""GRAVHp"", ""GRAVp"", ""MPC2"", ""MW"", ""MWC01"", ""MWC02"", ""MWC03"", ""SRW02"", ""SRW04"", ""SZ"", ""Sm"", ""TMWC10"", ""Xp-2d"", ""Xp-2dv"", ""Xp-3d"", ""Zagreb1"", ""Zagreb2"", ""nBondsO""]"
final,25,31,ATS1m,TMWC10,TMWC10,algorithmic_medoid,False,False,25,0.06477191667393922,0.9352280833260608,0.8724575678469639,0.99801475588269,0.0,3156,2294198.151786729,"[""ATS0d"", ""ATS1Z"", ""ATS1d"", ""ATS1m"", ""ATS2Z"", ""ATS2m"", ""ATS3Z"", ""ATS3m"", ""ATS4Z"", ""ATS4m"", ""ATSC0d"", ""GRAV"", ""GRAVH"", ""GRAVHp"", ""GRAVp"", ""MPC2"", ""MW"", ""MWC01"", ""MWC02"", ""MWC03"", ""SRW02"", ""SRW04"", ""SZ"", ""Sm"", ""TMWC10"", ""Xp-2d"", ""Xp-2dv"", ""Xp-3d"", ""Zagreb1"", ""Zagreb2"", ""nBondsO""]"
final,25,31,GRAVp,TMWC10,TMWC10,algorithmic_medoid,False,False,26,0.06890240804848513,0.9310975919515149,0.8550840375019072,0.9956414021157889,0.0,3156,465629.00416337606,"[""ATS0d"", ""ATS1Z"", ""ATS1d"", ""ATS1m"", ""ATS2Z"", ""ATS2m"", ""ATS3Z"", ""ATS3m"", ""ATS4Z"", ""ATS4m"", ""ATSC0d"", ""GRAV"", ""GRAVH"", ""GRAVHp"", ""GRAVp"", ""MPC2"", ""MW"", ""MWC01"", ""MWC02"", ""MWC03"", ""SRW02"", ""SRW04"", ""SZ"", ""Sm"", ""TMWC10"", ""Xp-2d"", ""Xp-2dv"", ""Xp-3d"", ""Zagreb1"", ""Zagreb2"", ""nBondsO""]"
final,25,31,ATS3m,TMWC10,TMWC10,algorithmic_medoid,False,False,27,0.07414203140293185,0.9258579685970681,0.8935776311012249,0.9962045525869698,0.0,3156,10413525.679768393,"[""ATS0d"", ""ATS1Z"", ""ATS1d"", ""ATS1m"", ""ATS2Z"", ""ATS2m"", ""ATS3Z"", ""ATS3m"", ""ATS4Z"", ""ATS4m"", ""ATSC0d"", ""GRAV"", ""GRAVH"", ""GRAVHp"", ""GRAVp"", ""MPC2"", ""MW"", ""MWC01"", ""MWC02"", ""MWC03"", ""SRW02"", ""SRW04"", ""SZ"", ""Sm"", ""TMWC10"", ""Xp-2d"", ""Xp-2dv"", ""Xp-3d"", ""Zagreb1"", ""Zagreb2"", ""nBondsO""]"
final,25,31,ATS4Z,TMWC10,TMWC10,algorithmic_medoid,False,False,28,0.0762878548479794,0.9237121451520206,0.8853398124869053,0.9956800071117672,0.0,3156,1186501.2896191454,"[""ATS0d"", ""ATS1Z"", ""ATS1d"", ""ATS1m"", ""ATS2Z"", ""ATS2m"", ""ATS3Z"", ""ATS3m"", ""ATS4Z"", ""ATS4m"", ""ATSC0d"", ""GRAV"", ""GRAVH"", ""GRAVHp"", ""GRAVp"", ""MPC2"", ""MW"", ""MWC01"", ""MWC02"", ""MWC03"", ""SRW02"", ""SRW04"", ""SZ"", ""Sm"", ""TMWC10"", ""Xp-2d"", ""Xp-2dv"", ""Xp-3d"", ""Zagreb1"", ""Zagreb2"", ""nBondsO""]"
final,25,31,ATSC0d,TMWC10,TMWC10,algorithmic_medoid,False,False,29,0.08491294868274457,0.9150870513172554,0.8550840375019072,0.9517532861854386,0.0,3156,139.8494027482942,"[""ATS0d"", ""ATS1Z"", ""ATS1d"", ""ATS1m"", ""ATS2Z"", ""ATS2m"", ""ATS3Z"", ""ATS3m"", ""ATS4Z"", ""ATS4m"", ""ATSC0d"", ""GRAV"", ""GRAVH"", ""GRAVHp"", ""GRAVp"", ""MPC2"", ""MW"", ""MWC01"", ""MWC02"", ""MWC03"", ""SRW02"", ""SRW04"", ""SZ"", ""Sm"", ""TMWC10"", ""Xp-2d"", ""Xp-2dv"", ""Xp-3d"", ""Zagreb1"", ""Zagreb2"", ""nBondsO""]"
final,25,31,ATS4m,TMWC10,TMWC10,algorithmic_medoid,False,False,30,0.08808427904083693,0.9119157209591631,0.8722946281068809,0.9956800071117672,0.0,3156,20227499.33441527,"[""ATS0d"", ""ATS1Z"", ""ATS1d"", ""ATS1m"", ""ATS2Z"", ""ATS2m"", ""ATS3Z"", ""ATS3m"", ""ATS4Z"", ""ATS4m"", ""ATSC0d"", ""GRAV"", ""GRAVH"", ""GRAVHp"", ""GRAVp"", ""MPC2"", ""MW"", ""MWC01"", ""MWC02"", ""MWC03"", ""SRW02"", ""SRW04"", ""SZ"", ""Sm"", ""TMWC10"", ""Xp-2d"", ""Xp-2dv"", ""Xp-3d"", ""Zagreb1"", ""Zagreb2"", ""nBondsO""]"
final,25,31,Xp-2dv,TMWC10,TMWC10,algorithmic_medoid,False,False,31,0.09644314413154187,0.9035568558684581,0.8590080307782401,0.9399141286915886,0.0,3156,6.529288563732621,"[""ATS0d"", ""ATS1Z"", ""ATS1d"", ""ATS1m"", ""ATS2Z"", ""ATS2m"", ""ATS3Z"", ""ATS3m"", ""ATS4Z"", ""ATS4m"", ""ATSC0d"", ""GRAV"", ""GRAVH"", ""GRAVHp"", ""GRAVp"", ""MPC2"", ""MW"", ""MWC01"", ""MWC02"", ""MWC03"", ""SRW02"", ""SRW04"", ""SZ"", ""Sm"", ""TMWC10"", ""Xp-2d"", ""Xp-2dv"", ""Xp-3d"", ""Zagreb1"", ""Zagreb2"", ""nBondsO""]"
final,26,16,ATS5dv,ATS5dv,ATS5dv,algorithmic_medoid,True,True,1,0.08782810432155608,0.9121718956784439,0.883244275667869,0.9620442536688614,0.0,3156,54091.70174797048,"[""ATS0dv"", ""ATS1dv"", ""ATS2dv"", ""ATS3dv"", ""ATS4dv"", ""ATS5Z"", ""ATS5dv"", ""ATS5m"", ""ATS6Z"", ""ATS6dv"", ""ATS6m"", ""BertzCT"", ""GGI5"", ""GGI6"", ""piPC1"", ""piPC2""]"
final,26,16,ATS6dv,ATS5dv,ATS5dv,algorithmic_medoid,False,False,2,0.09208754816682174,0.9079124518331783,0.8772815959871719,0.9620442536688614,0.0,3156,50974.20009869022,"[""ATS0dv"", ""ATS1dv"", ""ATS2dv"", ""ATS3dv"", ""ATS4dv"", ""ATS5Z"", ""ATS5dv"", ""ATS5m"", ""ATS6Z"", ""ATS6dv"", ""ATS6m"", ""BertzCT"", ""GGI5"", ""GGI6"", ""piPC1"", ""piPC2""]"
final,26,16,ATS4dv,ATS5dv,ATS5dv,algorithmic_medoid,False,False,3,0.09827363516813437,0.9017263648318656,0.8550181060156116,0.979083904244235,0.0,3156,53285.071349163125,"[""ATS0dv"", ""ATS1dv"", ""ATS2dv"", ""ATS3dv"", ""ATS4dv"", ""ATS5Z"", ""ATS5dv"", ""ATS5m"", ""ATS6Z"", ""ATS6dv"", ""ATS6m"", ""BertzCT"", ""GGI5"", ""GGI6"", ""piPC1"", ""piPC2""]"
final,26,16,ATS2dv,ATS5dv,ATS5dv,algorithmic_medoid,False,False,4,0.10385454387219617,0.8961454561278038,0.8239074704853171,0.96231139137758,0.0,3156,33190.306221614774,"[""ATS0dv"", ""ATS1dv"", ""ATS2dv"", ""ATS3dv"", ""ATS4dv"", ""ATS5Z"", ""ATS5dv"", ""ATS5m"", ""ATS6Z"", ""ATS6dv"", ""ATS6m"", ""BertzCT"", ""GGI5"", ""GGI6"", ""piPC1"", ""piPC2""]"
final,26,16,ATS3dv,ATS5dv,ATS5dv,algorithmic_medoid,False,False,5,0.10514196885919402,0.894858031140806,0.8343440236149068,0.979083904244235,0.0,3156,46980.95584543528,"[""ATS0dv"", ""ATS1dv"", ""ATS2dv"", ""ATS3dv"", ""ATS4dv"", ""ATS5Z"", ""ATS5dv"", ""ATS5m"", ""ATS6Z"", ""ATS6dv"", ""ATS6m"", ""BertzCT"", ""GGI5"", ""GGI6"", ""piPC1"", ""piPC2""]"
final,26,16,piPC1,ATS5dv,ATS5dv,algorithmic_medoid,False,False,6,0.10590094730447897,0.894099052695521,0.8150003924772311,0.9722551285280959,0.0,3156,0.1860453436134287,"[""ATS0dv"", ""ATS1dv"", ""ATS2dv"", ""ATS3dv"", ""ATS4dv"", ""ATS5Z"", ""ATS5dv"", ""ATS5m"", ""ATS6Z"", ""ATS6dv"", ""ATS6m"", ""BertzCT"", ""GGI5"", ""GGI6"", ""piPC1"", ""piPC2""]"
final,26,16,ATS5m,ATS5dv,ATS5dv,algorithmic_medoid,False,False,7,0.10935861412779169,0.8906413858722083,0.820502555942013,0.9952190032648028,0.0,3156,13056040.300434615,"[""ATS0dv"", ""ATS1dv"", ""ATS2dv"", ""ATS3dv"", ""ATS4dv"", ""ATS5Z"", ""ATS5dv"", ""ATS5m"", ""ATS6Z"", ""ATS6dv"", ""ATS6m"", ""BertzCT"", ""GGI5"", ""GGI6"", ""piPC1"", ""piPC2""]"
final,26,16,ATS6m,ATS5dv,ATS5dv,algorithmic_medoid,False,False,8,0.11156012802062887,0.8884398719793711,0.8290857843999302,0.9963255381703183,0.0,3156,12263841.87088577,"[""ATS0dv"", ""ATS1dv"", ""ATS2dv"", ""ATS3dv"", ""ATS4dv"", ""ATS5Z"", ""ATS5dv"", ""ATS5m"", ""ATS6Z"", ""ATS6dv"", ""ATS6m"", ""BertzCT"", ""GGI5"", ""GGI6"", ""piPC1"", ""piPC2""]"
final,26,16,ATS1dv,ATS5dv,ATS5dv,algorithmic_medoid,False,False,9,0.11245083666741729,0.8875491633325827,0.8161293637675338,0.9584897457022039,0.0,3156,13070.555942327923,"[""ATS0dv"", ""ATS1dv"", ""ATS2dv"", ""ATS3dv"", ""ATS4dv"", ""ATS5Z"", ""ATS5dv"", ""ATS5m"", ""ATS6Z"", ""ATS6dv"", ""ATS6m"", ""BertzCT"", ""GGI5"", ""GGI6"", ""piPC1"", ""piPC2""]"
final,26,16,ATS6Z,ATS5dv,ATS5dv,algorithmic_medoid,False,False,10,0.11273590846584436,0.8872640915341556,0.8206749295901077,0.9963255381703183,0.0,3156,937084.4432075383,"[""ATS0dv"", ""ATS1dv"", ""ATS2dv"", ""ATS3dv"", ""ATS4dv"", ""ATS5Z"", ""ATS5dv"", ""ATS5m"", ""ATS6Z"", ""ATS6dv"", ""ATS6m"", ""BertzCT"", ""GGI5"", ""GGI6"", ""piPC1"", ""piPC2""]"
final,26,16,ATS5Z,ATS5dv,ATS5dv,algorithmic_medoid,False,False,11,0.11386656602343936,0.8861334339765606,0.810520378756105,0.9952190032648028,0.0,3156,999936.0574586038,"[""ATS0dv"", ""ATS1dv"", ""ATS2dv"", ""ATS3dv"", ""ATS4dv"", ""ATS5Z"", ""ATS5dv"", ""ATS5m"", ""ATS6Z"", ""ATS6dv"", ""ATS6m"", ""BertzCT"", ""GGI5"", ""GGI6"", ""piPC1"", ""piPC2""]"
final,26,16,BertzCT,ATS5dv,ATS5dv,algorithmic_medoid,False,False,12,0.11520528142218223,0.8847947185778178,0.8178102332146415,0.996572833471913,0.0,3156,96506.72514098996,"[""ATS0dv"", ""ATS1dv"", ""ATS2dv"", ""ATS3dv"", ""ATS4dv"", ""ATS5Z"", ""ATS5dv"", ""ATS5m"", ""ATS6Z"", ""ATS6dv"", ""ATS6m"", ""BertzCT"", ""GGI5"", ""GGI6"", ""piPC1"", ""piPC2""]"
final,26,16,piPC2,ATS5dv,ATS5dv,algorithmic_medoid,False,False,13,0.11927444632077777,0.8807255536792222,0.811301632355455,0.996572833471913,0.0,3156,0.27890754157949804,"[""ATS0dv"", ""ATS1dv"", ""ATS2dv"", ""ATS3dv"", ""ATS4dv"", ""ATS5Z"", ""ATS5dv"", ""ATS5m"", ""ATS6Z"", ""ATS6dv"", ""ATS6m"", ""BertzCT"", ""GGI5"", ""GGI6"", ""piPC1"", ""piPC2""]"
final,26,16,ATS0dv,ATS5dv,ATS5dv,algorithmic_medoid,False,False,14,0.12298112709778575,0.8770188729022143,0.810520378756105,0.9596508478335949,0.0,3156,14515.780893288325,"[""ATS0dv"", ""ATS1dv"", ""ATS2dv"", ""ATS3dv"", ""ATS4dv"", ""ATS5Z"", ""ATS5dv"", ""ATS5m"", ""ATS6Z"", ""ATS6dv"", ""ATS6m"", ""BertzCT"", ""GGI5"", ""GGI6"", ""piPC1"", ""piPC2""]"
final,26,16,GGI6,ATS5dv,ATS5dv,algorithmic_medoid,False,False,15,0.12629382757265684,0.8737061724273432,0.8186678183703142,0.9244515040822937,0.0,3156,0.16337580215531727,"[""ATS0dv"", ""ATS1dv"", ""ATS2dv"", ""ATS3dv"", ""ATS4dv"", ""ATS5Z"", ""ATS5dv"", ""ATS5m"", ""ATS6Z"", ""ATS6dv"", ""ATS6m"", ""BertzCT"", ""GGI5"", ""GGI6"", ""piPC1"", ""piPC2""]"
final,26,16,GGI5,ATS5dv,ATS5dv,algorithmic_medoid,False,False,16,0.13266262033929166,0.8673373796607083,0.811301632355455,0.914101137524336,0.0,3156,0.368338054863488,"[""ATS0dv"", ""ATS1dv"", ""ATS2dv"", ""ATS3dv"", ""ATS4dv"", ""ATS5Z"", ""ATS5dv"", ""ATS5m"", ""ATS6Z"", ""ATS6dv"", ""ATS6m"", ""BertzCT"", ""GGI5"", ""GGI6"", ""piPC1"", ""piPC2""]"
final,27,46,ATS5pe,ATS5pe,ATS5pe,algorithmic_medoid,True,True,1,0.04345538522811154,0.9565446147718885,0.8944592265906497,0.9999339102047826,0.0,3156,182518.22327572235,"[""ATS1p"", ""ATS1v"", ""ATS2are"", ""ATS2d"", ""ATS2i"", ""ATS2p"", ""ATS2pe"", ""ATS2se"", ""ATS2v"", ""ATS3are"", ""ATS3d"", ""ATS3i"", ""ATS3p"", ""ATS3pe"", ""ATS3se"", ""ATS3v"", ""ATS4are"", ""ATS4d"", ""ATS4i"", ""ATS4p"", ""ATS4pe"", ""ATS4se"", ""ATS4v"", ""ATS5are"", ""ATS5d"", ""ATS5i"", ""ATS5p"", ""ATS5pe"", ""ATS5se"", ""ATS5v"", ""ATS6are"", ""ATS6d"", ""ATS6i"", ""ATS6p"", ""ATS6pe"", ""ATS6se"", ""ATS6v"", ""ATS7are"", ""ATS7i"", ""ATS7pe"", ""ATS7se"", ""CIC0"", ""nBondsKS"", ""nBondsS"", ""nC"", ""nH""]"
final,27,46,ATS5are,ATS5pe,ATS5pe,algorithmic_medoid,False,False,2,0.044020442040280994,0.955979557959719,0.8948225049791448,0.9999339102047826,0.0,3156,178702.0507539806,"[""ATS1p"", ""ATS1v"", ""ATS2are"", ""ATS2d"", ""ATS2i"", ""ATS2p"", ""ATS2pe"", ""ATS2se"", ""ATS2v"", ""ATS3are"", ""ATS3d"", ""ATS3i"", ""ATS3p"", ""ATS3pe"", ""ATS3se"", ""ATS3v"", ""ATS4are"", ""ATS4d"", ""ATS4i"", ""ATS4p"", ""ATS4pe"", ""ATS4se"", ""ATS4v"", ""ATS5are"", ""ATS5d"", ""ATS5i"", ""ATS5p"", ""ATS5pe"", ""ATS5se"", ""ATS5v"", ""ATS6are"", ""ATS6d"", ""ATS6i"", ""ATS6p"", ""ATS6pe"", ""ATS6se"", ""ATS6v"", ""ATS7are"", ""ATS7i"", ""ATS7pe"", ""ATS7se"", ""CIC0"", ""nBondsKS"", ""nBondsS"", ""nC"", ""nH""]"
final,27,46,ATS3pe,ATS5pe,ATS5pe,algorithmic_medoid,False,False,3,0.04430282021173093,0.9556971797882691,0.9046951154056495,0.9999138844669905,0.0,3156,83341.270850915,"[""ATS1p"", ""ATS1v"", ""ATS2are"", ""ATS2d"", ""ATS2i"", ""ATS2p"", ""ATS2pe"", ""ATS2se"", ""ATS2v"", ""ATS3are"", ""ATS3d"", ""ATS3i"", ""ATS3p"", ""ATS3pe"", ""ATS3se"", ""ATS3v"", ""ATS4are"", ""ATS4d"", ""ATS4i"", ""ATS4p"", ""ATS4pe"", ""ATS4se"", ""ATS4v"", ""ATS5are"", ""ATS5d"", ""ATS5i"", ""ATS5p"", ""ATS5pe"", ""ATS5se"", ""ATS5v"", ""ATS6are"", ""ATS6d"", ""ATS6i"", ""ATS6p"", ""ATS6pe"", ""ATS6se"", ""ATS6v"", ""ATS7are"", ""ATS7i"", ""ATS7pe"", ""ATS7se"", ""CIC0"", ""nBondsKS"", ""nBondsS"", ""nC"", ""nH""]"
final,27,46,ATS5se,ATS5pe,ATS5pe,algorithmic_medoid,False,False,4,0.04490177712726662,0.9550982228727334,0.8972658500508928,0.9993976678725365,0.0,3156,288914.74434295495,"[""ATS1p"", ""ATS1v"", ""ATS2are"", ""ATS2d"", ""ATS2i"", ""ATS2p"", ""ATS2pe"", ""ATS2se"", ""ATS2v"", ""ATS3are"", ""ATS3d"", ""ATS3i"", ""ATS3p"", ""ATS3pe"", ""ATS3se"", ""ATS3v"", ""ATS4are"", ""ATS4d"", ""ATS4i"", ""ATS4p"", ""ATS4pe"", ""ATS4se"", ""ATS4v"", ""ATS5are"", ""ATS5d"", ""ATS5i"", ""ATS5p"", ""ATS5pe"", ""ATS5se"", ""ATS5v"", ""ATS6are"", ""ATS6d"", ""ATS6i"", ""ATS6p"", ""ATS6pe"", ""ATS6se"", ""ATS6v"", ""ATS7are"", ""ATS7i"", ""ATS7pe"", ""ATS7se"", ""CIC0"", ""nBondsKS"", ""nBondsS"", ""nC"", ""nH""]"
final,27,46,ATS3are,ATS5pe,ATS5pe,algorithmic_medoid,False,False,5,0.045174272414167826,0.9548257275858322,0.9029307984819138,0.9999138844669905,0.0,3156,80886.20457482697,"[""ATS1p"", ""ATS1v"", ""ATS2are"", ""ATS2d"", ""ATS2i"", ""ATS2p"", ""ATS2pe"", ""ATS2se"", ""ATS2v"", ""ATS3are"", ""ATS3d"", ""ATS3i"", ""ATS3p"", ""ATS3pe"", ""ATS3se"", ""ATS3v"", ""ATS4are"", ""ATS4d"", ""ATS4i"", ""ATS4p"", ""ATS4pe"", ""ATS4se"", ""ATS4v"", ""ATS5are"", ""ATS5d"", ""ATS5i"", ""ATS5p"", ""ATS5pe"", ""ATS5se"", ""ATS5v"", ""ATS6are"", ""ATS6d"", ""ATS6i"", ""ATS6p"", ""ATS6pe"", ""ATS6se"", ""ATS6v"", ""ATS7are"", ""ATS7i"", ""ATS7pe"", ""ATS7se"", ""CIC0"", ""nBondsKS"", ""nBondsS"", ""nC"", ""nH""]"
final,27,46,ATS2se,ATS5pe,ATS5pe,algorithmic_medoid,False,False,6,0.04561310344810432,0.9543868965518957,0.9149795776359735,0.99943011816944,0.0,3156,54256.47834887434,"[""ATS1p"", ""ATS1v"", ""ATS2are"", ""ATS2d"", ""ATS2i"", ""ATS2p"", ""ATS2pe"", ""ATS2se"", ""ATS2v"", ""ATS3are"", ""ATS3d"", ""ATS3i"", ""ATS3p"", ""ATS3pe"", ""ATS3se"", ""ATS3v"", ""ATS4are"", ""ATS4d"", ""ATS4i"", ""ATS4p"", ""ATS4pe"", ""ATS4se"", ""ATS4v"", ""ATS5are"", ""ATS5d"", ""ATS5i"", ""ATS5p"", ""ATS5pe"", ""ATS5se"", ""ATS5v"", ""ATS6are"", ""ATS6d"", ""ATS6i"", ""ATS6p"", ""ATS6pe"", ""ATS6se"", ""ATS6v"", ""ATS7are"", ""ATS7i"", ""ATS7pe"", ""ATS7se"", ""CIC0"", ""nBondsKS"", ""nBondsS"", ""nC"", ""nH""]"
final,27,46,ATS4pe,ATS5pe,ATS5pe,algorithmic_medoid,False,False,7,0.04575180878607421,0.9542481912139258,0.8962926093772523,0.99992197210756,0.0,3156,143880.8980117553,"[""ATS1p"", ""ATS1v"", ""ATS2are"", ""ATS2d"", ""ATS2i"", ""ATS2p"", ""ATS2pe"", ""ATS2se"", ""ATS2v"", ""ATS3are"", ""ATS3d"", ""ATS3i"", ""ATS3p"", ""ATS3pe"", ""ATS3se"", ""ATS3v"", ""ATS4are"", ""ATS4d"", ""ATS4i"", ""ATS4p"", ""ATS4pe"", ""ATS4se"", ""ATS4v"", ""ATS5are"", ""ATS5d"", ""ATS5i"", ""ATS5p"", ""ATS5pe"", ""ATS5se"", ""ATS5v"", ""ATS6are"", ""ATS6d"", ""ATS6i"", ""ATS6p"", ""ATS6pe"", ""ATS6se"", ""ATS6v"", ""ATS7are"", ""ATS7i"", ""ATS7pe"", ""ATS7se"", ""CIC0"", ""nBondsKS"", ""nBondsS"", ""nC"", ""nH""]"
final,27,46,ATS2pe,ATS5pe,ATS5pe,algorithmic_medoid,False,False,8,0.045915131410213306,0.9540848685897867,0.9060691458627259,0.9998967972039263,0.0,3156,36258.09249719173,"[""ATS1p"", ""ATS1v"", ""ATS2are"", ""ATS2d"", ""ATS2i"", ""ATS2p"", ""ATS2pe"", ""ATS2se"", ""ATS2v"", ""ATS3are"", ""ATS3d"", ""ATS3i"", ""ATS3p"", ""ATS3pe"", ""ATS3se"", ""ATS3v"", ""ATS4are"", ""ATS4d"", ""ATS4i"", ""ATS4p"", ""ATS4pe"", ""ATS4se"", ""ATS4v"", ""ATS5are"", ""ATS5d"", ""ATS5i"", ""ATS5p"", ""ATS5pe"", ""ATS5se"", ""ATS5v"", ""ATS6are"", ""ATS6d"", ""ATS6i"", ""ATS6p"", ""ATS6pe"", ""ATS6se"", ""ATS6v"", ""ATS7are"", ""ATS7i"", ""ATS7pe"", ""ATS7se"", ""CIC0"", ""nBondsKS"", ""nBondsS"", ""nC"", ""nH""]"
final,27,46,ATS3se,ATS5pe,ATS5pe,algorithmic_medoid,False,False,9,0.04674324893325499,0.953256751066745,0.8978975699019699,0.9994324146333767,0.0,3156,126897.67517935226,"[""ATS1p"", ""ATS1v"", ""ATS2are"", ""ATS2d"", ""ATS2i"", ""ATS2p"", ""ATS2pe"", ""ATS2se"", ""ATS2v"", ""ATS3are"", ""ATS3d"", ""ATS3i"", ""ATS3p"", ""ATS3pe"", ""ATS3se"", ""ATS3v"", ""ATS4are"", ""ATS4d"", ""ATS4i"", ""ATS4p"", ""ATS4pe"", ""ATS4se"", ""ATS4v"", ""ATS5are"", ""ATS5d"", ""ATS5i"", ""ATS5p"", ""ATS5pe"", ""ATS5se"", ""ATS5v"", ""ATS6are"", ""ATS6d"", ""ATS6i"", ""ATS6p"", ""ATS6pe"", ""ATS6se"", ""ATS6v"", ""ATS7are"", ""ATS7i"", ""ATS7pe"", ""ATS7se"", ""CIC0"", ""nBondsKS"", ""nBondsS"", ""nC"", ""nH""]"
final,27,46,ATS4are,ATS5pe,ATS5pe,algorithmic_medoid,False,False,10,0.04681771059222373,0.9531822894077763,0.8944636329584024,0.99992197210756,0.0,3156,140157.90621773066,"[""ATS1p"", ""ATS1v"", ""ATS2are"", ""ATS2d"", ""ATS2i"", ""ATS2p"", ""ATS2pe"", ""ATS2se"", ""ATS2v"", ""ATS3are"", ""ATS3d"", ""ATS3i"", ""ATS3p"", ""ATS3pe"", ""ATS3se"", ""ATS3v"", ""ATS4are"", ""ATS4d"", ""ATS4i"", ""ATS4p"", ""ATS4pe"", ""ATS4se"", ""ATS4v"", ""ATS5are"", ""ATS5d"", ""ATS5i"", ""ATS5p"", ""ATS5pe"", ""ATS5se"", ""ATS5v"", ""ATS6are"", ""ATS6d"", ""ATS6i"", ""ATS6p"", ""ATS6pe"", ""ATS6se"", ""ATS6v"", ""ATS7are"", ""ATS7i"", ""ATS7pe"", ""ATS7se"", ""CIC0"", ""nBondsKS"", ""nBondsS"", ""nC"", ""nH""]"
final,27,46,ATS6pe,ATS5pe,ATS5pe,algorithmic_medoid,False,False,11,0.04730979374397071,0.9526902062560293,0.8848898596870514,0.9999174839695468,0.0,3156,171478.35669239287,"[""ATS1p"", ""ATS1v"", ""ATS2are"", ""ATS2d"", ""ATS2i"", ""ATS2p"", ""ATS2pe"", ""ATS2se"", ""ATS2v"", ""ATS3are"", ""ATS3d"", ""ATS3i"", ""ATS3p"", ""ATS3pe"", ""ATS3se"", ""ATS3v"", ""ATS4are"", ""ATS4d"", ""ATS4i"", ""ATS4p"", ""ATS4pe"", ""ATS4se"", ""ATS4v"", ""ATS5are"", ""ATS5d"", ""ATS5i"", ""ATS5p"", ""ATS5pe"", ""ATS5se"", ""ATS5v"", ""ATS6are"", ""ATS6d"", ""ATS6i"", ""ATS6p"", ""ATS6pe"", ""ATS6se"", ""ATS6v"", ""ATS7are"", ""ATS7i"", ""ATS7pe"", ""ATS7se"", ""CIC0"", ""nBondsKS"", ""nBondsS"", ""nC"", ""nH""]"
final,27,46,ATS2are,ATS5pe,ATS5pe,algorithmic_medoid,False,False,12,0.047355414748252,0.952644585251748,0.9048567741778524,0.9998967972039263,0.0,3156,35084.20019335676,"[""ATS1p"", ""ATS1v"", ""ATS2are"", ""ATS2d"", ""ATS2i"", ""ATS2p"", ""ATS2pe"", ""ATS2se"", ""ATS2v"", ""ATS3are"", ""ATS3d"", ""ATS3i"", ""ATS3p"", ""ATS3pe"", ""ATS3se"", ""ATS3v"", ""ATS4are"", ""ATS4d"", ""ATS4i"", ""ATS4p"", ""ATS4pe"", ""ATS4se"", ""ATS4v"", ""ATS5are"", ""ATS5d"", ""ATS5i"", ""ATS5p"", ""ATS5pe"", ""ATS5se"", ""ATS5v"", ""ATS6are"", ""ATS6d"", ""ATS6i"", ""ATS6p"", ""ATS6pe"", ""ATS6se"", ""ATS6v"", ""ATS7are"", ""ATS7i"", ""ATS7pe"", ""ATS7se"", ""CIC0"", ""nBondsKS"", ""nBondsS"", ""nC"", ""nH""]"
final,27,46,ATS6se,ATS5pe,ATS5pe,algorithmic_medoid,False,False,13,0.047620725827285715,0.9523792741727143,0.8928871033843174,0.9993774002986888,0.0,3156,272637.3543279503,"[""ATS1p"", ""ATS1v"", ""ATS2are"", ""ATS2d"", ""ATS2i"", ""ATS2p"", ""ATS2pe"", ""ATS2se"", ""ATS2v"", ""ATS3are"", ""ATS3d"", ""ATS3i"", ""ATS3p"", ""ATS3pe"", ""ATS3se"", ""ATS3v"", ""ATS4are"", ""ATS4d"", ""ATS4i"", ""ATS4p"", ""ATS4pe"", ""ATS4se"", ""ATS4v"", ""ATS5are"", ""ATS5d"", ""ATS5i"", ""ATS5p"", ""ATS5pe"", ""ATS5se"", ""ATS5v"", ""ATS6are"", ""ATS6d"", ""ATS6i"", ""ATS6p"", ""ATS6pe"", ""ATS6se"", ""ATS6v"", ""ATS7are"", ""ATS7i"", ""ATS7pe"", ""ATS7se"", ""CIC0"", ""nBondsKS"", ""nBondsS"", ""nC"", ""nH""]"
final,27,46,ATS6are,ATS5pe,ATS5pe,algorithmic_medoid,False,False,14,0.04765741184277317,0.9523425881572268,0.8853645346488895,0.9999174839695468,0.0,3156,168269.31194341497,"[""ATS1p"", ""ATS1v"", ""ATS2are"", ""ATS2d"", ""ATS2i"", ""ATS2p"", ""ATS2pe"", ""ATS2se"", ""ATS2v"", ""ATS3are"", ""ATS3d"", ""ATS3i"", ""ATS3p"", ""ATS3pe"", ""ATS3se"", ""ATS3v"", ""ATS4are"", ""ATS4d"", ""ATS4i"", ""ATS4p"", ""ATS4pe"", ""ATS4se"", ""ATS4v"", ""ATS5are"", ""ATS5d"", ""ATS5i"", ""ATS5p"", ""ATS5pe"", ""ATS5se"", ""ATS5v"", ""ATS6are"", ""ATS6d"", ""ATS6i"", ""ATS6p"", ""ATS6pe"", ""ATS6se"", ""ATS6v"", ""ATS7are"", ""ATS7i"", ""ATS7pe"", ""ATS7se"", ""CIC0"", ""nBondsKS"", ""nBondsS"", ""nC"", ""nH""]"
final,27,46,ATS4se,ATS5pe,ATS5pe,algorithmic_medoid,False,False,15,0.04810874357514727,0.9518912564248527,0.8919108199499987,0.9992933684720575,0.0,3156,223758.96059567746,"[""ATS1p"", ""ATS1v"", ""ATS2are"", ""ATS2d"", ""ATS2i"", ""ATS2p"", ""ATS2pe"", ""ATS2se"", ""ATS2v"", ""ATS3are"", ""ATS3d"", ""ATS3i"", ""ATS3p"", ""ATS3pe"", ""ATS3se"", ""ATS3v"", ""ATS4are"", ""ATS4d"", ""ATS4i"", ""ATS4p"", ""ATS4pe"", ""ATS4se"", ""ATS4v"", ""ATS5are"", ""ATS5d"", ""ATS5i"", ""ATS5p"", ""ATS5pe"", ""ATS5se"", ""ATS5v"", ""ATS6are"", ""ATS6d"", ""ATS6i"", ""ATS6p"", ""ATS6pe"", ""ATS6se"", ""ATS6v"", ""ATS7are"", ""ATS7i"", ""ATS7pe"", ""ATS7se"", ""CIC0"", ""nBondsKS"", ""nBondsS"", ""nC"", ""nH""]"
final,27,46,ATS5d,ATS5pe,ATS5pe,algorithmic_medoid,False,False,16,0.049126689312893324,0.9508733106871067,0.8329516131890587,0.9922762718453626,0.0,3156,33007.02009359925,"[""ATS1p"", ""ATS1v"", ""ATS2are"", ""ATS2d"", ""ATS2i"", ""ATS2p"", ""ATS2pe"", ""ATS2se"", ""ATS2v"", ""ATS3are"", ""ATS3d"", ""ATS3i"", ""ATS3p"", ""ATS3pe"", ""ATS3se"", ""ATS3v"", ""ATS4are"", ""ATS4d"", ""ATS4i"", ""ATS4p"", ""ATS4pe"", ""ATS4se"", ""ATS4v"", ""ATS5are"", ""ATS5d"", ""ATS5i"", ""ATS5p"", ""ATS5pe"", ""ATS5se"", ""ATS5v"", ""ATS6are"", ""ATS6d"", ""ATS6i"", ""ATS6p"", ""ATS6pe"", ""ATS6se"", ""ATS6v"", ""ATS7are"", ""ATS7i"", ""ATS7pe"", ""ATS7se"", ""CIC0"", ""nBondsKS"", ""nBondsS"", ""nC"", ""nH""]"
final,27,46,ATS4d,ATS5pe,ATS5pe,algorithmic_medoid,False,False,17,0.05103153867174248,0.9489684613282575,0.8297405085631968,0.9939379384875857,0.0,3156,33212.12789558504,"[""ATS1p"", ""ATS1v"", ""ATS2are"", ""ATS2d"", ""ATS2i"", ""ATS2p"", ""ATS2pe"", ""ATS2se"", ""ATS2v"", ""ATS3are"", ""ATS3d"", ""ATS3i"", ""ATS3p"", ""ATS3pe"", ""ATS3se"", ""ATS3v"", ""ATS4are"", ""ATS4d"", ""ATS4i"", ""ATS4p"", ""ATS4pe"", ""ATS4se"", ""ATS4v"", ""ATS5are"", ""ATS5d"", ""ATS5i"", ""ATS5p"", ""ATS5pe"", ""ATS5se"", ""ATS5v"", ""ATS6are"", ""ATS6d"", ""ATS6i"", ""ATS6p"", ""ATS6pe"", ""ATS6se"", ""ATS6v"", ""ATS7are"", ""ATS7i"", ""ATS7pe"", ""ATS7se"", ""CIC0"", ""nBondsKS"", ""nBondsS"", ""nC"", ""nH""]"
final,27,46,ATS3v,ATS5pe,ATS5pe,algorithmic_medoid,False,False,18,0.05194257868161778,0.9480574213183822,0.8270962804412482,0.9924362719897254,0.0,3156,82894036.28391513,"[""ATS1p"", ""ATS1v"", ""ATS2are"", ""ATS2d"", ""ATS2i"", ""ATS2p"", ""ATS2pe"", ""ATS2se"", ""ATS2v"", ""ATS3are"", ""ATS3d"", ""ATS3i"", ""ATS3p"", ""ATS3pe"", ""ATS3se"", ""ATS3v"", ""ATS4are"", ""ATS4d"", ""ATS4i"", ""ATS4p"", ""ATS4pe"", ""ATS4se"", ""ATS4v"", ""ATS5are"", ""ATS5d"", ""ATS5i"", ""ATS5p"", ""ATS5pe"", ""ATS5se"", ""ATS5v"", ""ATS6are"", ""ATS6d"", ""ATS6i"", ""ATS6p"", ""ATS6pe"", ""ATS6se"", ""ATS6v"", ""ATS7are"", ""ATS7i"", ""ATS7pe"", ""ATS7se"", ""CIC0"", ""nBondsKS"", ""nBondsS"", ""nC"", ""nH""]"
final,27,46,ATS3p,ATS5pe,ATS5pe,algorithmic_medoid,False,False,19,0.05248901370969805,0.947510986290302,0.8574825491789259,0.9904952050704279,0.0,3156,4366.699126543886,"[""ATS1p"", ""ATS1v"", ""ATS2are"", ""ATS2d"", ""ATS2i"", ""ATS2p"", ""ATS2pe"", ""ATS2se"", ""ATS2v"", ""ATS3are"", ""ATS3d"", ""ATS3i"", ""ATS3p"", ""ATS3pe"", ""ATS3se"", ""ATS3v"", ""ATS4are"", ""ATS4d"", ""ATS4i"", ""ATS4p"", ""ATS4pe"", ""ATS4se"", ""ATS4v"", ""ATS5are"", ""ATS5d"", ""ATS5i"", ""ATS5p"", ""ATS5pe"", ""ATS5se"", ""ATS5v"", ""ATS6are"", ""ATS6d"", ""ATS6i"", ""ATS6p"", ""ATS6pe"", ""ATS6se"", ""ATS6v"", ""ATS7are"", ""ATS7i"", ""ATS7pe"", ""ATS7se"", ""CIC0"", ""nBondsKS"", ""nBondsS"", ""nC"", ""nH""]"
final,27,46,ATS6d,ATS5pe,ATS5pe,algorithmic_medoid,False,False,20,0.052620090557649046,0.947379909442351,0.8464152108510853,0.9912104841846329,0.0,3156,28823.38670131208,"[""ATS1p"", ""ATS1v"", ""ATS2are"", ""ATS2d"", ""ATS2i"", ""ATS2p"", ""ATS2pe"", ""ATS2se"", ""ATS2v"", ""ATS3are"", ""ATS3d"", ""ATS3i"", ""ATS3p"", ""ATS3pe"", ""ATS3se"", ""ATS3v"", ""ATS4are"", ""ATS4d"", ""ATS4i"", ""ATS4p"", ""ATS4pe"", ""ATS4se"", ""ATS4v"", ""ATS5are"", ""ATS5d"", ""ATS5i"", ""ATS5p"", ""ATS5pe"", ""ATS5se"", ""ATS5v"", ""ATS6are"", ""ATS6d"", ""ATS6i"", ""ATS6p"", ""ATS6pe"", ""ATS6se"", ""ATS6v"", ""ATS7are"", ""ATS7i"", ""ATS7pe"", ""ATS7se"", ""CIC0"", ""nBondsKS"", ""nBondsS"", ""nC"", ""nH""]"
final,27,46,ATS2i,ATS5pe,ATS5pe,algorithmic_medoid,False,False,21,0.05273106844072184,0.9472689315592782,0.8984514721635944,0.9964591460390335,0.0,3156,22124920.04616346,"[""ATS1p"", ""ATS1v"", ""ATS2are"", ""ATS2d"", ""ATS2i"", ""ATS2p"", ""ATS2pe"", ""ATS2se"", ""ATS2v"", ""ATS3are"", ""ATS3d"", ""ATS3i"", ""ATS3p"", ""ATS3pe"", ""ATS3se"", ""ATS3v"", ""ATS4are"", ""ATS4d"", ""ATS4i"", ""ATS4p"", ""ATS4pe"", ""ATS4se"", ""ATS4v"", ""ATS5are"", ""ATS5d"", ""ATS5i"", ""ATS5p"", ""ATS5pe"", ""ATS5se"", ""ATS5v"", ""ATS6are"", ""ATS6d"", ""ATS6i"", ""ATS6p"", ""ATS6pe"", ""ATS6se"", ""ATS6v"", ""ATS7are"", ""ATS7i"", ""ATS7pe"", ""ATS7se"", ""CIC0"", ""nBondsKS"", ""nBondsS"", ""nC"", ""nH""]"
final,27,46,ATS6i,ATS5pe,ATS5pe,algorithmic_medoid,False,False,22,0.05322891708815647,0.9467710829118435,0.8972130110808897,0.9959941552367778,0.0,3156,128831797.41018787,"[""ATS1p"", ""ATS1v"", ""ATS2are"", ""ATS2d"", ""ATS2i"", ""ATS2p"", ""ATS2pe"", ""ATS2se"", ""ATS2v"", ""ATS3are"", ""ATS3d"", ""ATS3i"", ""ATS3p"", ""ATS3pe"", ""ATS3se"", ""ATS3v"", ""ATS4are"", ""ATS4d"", ""ATS4i"", ""ATS4p"", ""ATS4pe"", ""ATS4se"", ""ATS4v"", ""ATS5are"", ""ATS5d"", ""ATS5i"", ""ATS5p"", ""ATS5pe"", ""ATS5se"", ""ATS5v"", ""ATS6are"", ""ATS6d"", ""ATS6i"", ""ATS6p"", ""ATS6pe"", ""ATS6se"", ""ATS6v"", ""ATS7are"", ""ATS7i"", ""ATS7pe"", ""ATS7se"", ""CIC0"", ""nBondsKS"", ""nBondsS"", ""nC"", ""nH""]"
final,27,46,ATS5i,ATS5pe,ATS5pe,algorithmic_medoid,False,False,23,0.05343017093570446,0.9465698290642955,0.8841456071748337,0.9954744777837726,0.0,3156,134200019.16561759,"[""ATS1p"", ""ATS1v"", ""ATS2are"", ""ATS2d"", ""ATS2i"", ""ATS2p"", ""ATS2pe"", ""ATS2se"", ""ATS2v"", ""ATS3are"", ""ATS3d"", ""ATS3i"", ""ATS3p"", ""ATS3pe"", ""ATS3se"", ""ATS3v"", ""ATS4are"", ""ATS4d"", ""ATS4i"", ""ATS4p"", ""ATS4pe"", ""ATS4se"", ""ATS4v"", ""ATS5are"", ""ATS5d"", ""ATS5i"", ""ATS5p"", ""ATS5pe"", ""ATS5se"", ""ATS5v"", ""ATS6are"", ""ATS6d"", ""ATS6i"", ""ATS6p"", ""ATS6pe"", ""ATS6se"", ""ATS6v"", ""ATS7are"", ""ATS7i"", ""ATS7pe"", ""ATS7se"", ""CIC0"", ""nBondsKS"", ""nBondsS"", ""nC"", ""nH""]"
final,27,46,ATS4p,ATS5pe,ATS5pe,algorithmic_medoid,False,False,24,0.0538186690918685,0.9461813309081315,0.8520478612520622,0.9897582315821296,0.0,3156,6191.820857903919,"[""ATS1p"", ""ATS1v"", ""ATS2are"", ""ATS2d"", ""ATS2i"", ""ATS2p"", ""ATS2pe"", ""ATS2se"", ""ATS2v"", ""ATS3are"", ""ATS3d"", ""ATS3i"", ""ATS3p"", ""ATS3pe"", ""ATS3se"", ""ATS3v"", ""ATS4are"", ""ATS4d"", ""ATS4i"", ""ATS4p"", ""ATS4pe"", ""ATS4se"", ""ATS4v"", ""ATS5are"", ""ATS5d"", ""ATS5i"", ""ATS5p"", ""ATS5pe"", ""ATS5se"", ""ATS5v"", ""ATS6are"", ""ATS6d"", ""ATS6i"", ""ATS6p"", ""ATS6pe"", ""ATS6se"", ""ATS6v"", ""ATS7are"", ""ATS7i"", ""ATS7pe"", ""ATS7se"", ""CIC0"", ""nBondsKS"", ""nBondsS"", ""nC"", ""nH""]"
final,27,46,nBondsKS,ATS5pe,ATS5pe,algorithmic_medoid,False,False,25,0.05395617243869899,0.946043827561301,0.8958224035443791,0.9964591460390335,0.0,3156,213.5786153198045,"[""ATS1p"", ""ATS1v"", ""ATS2are"", ""ATS2d"", ""ATS2i"", ""ATS2p"", ""ATS2pe"", ""ATS2se"", ""ATS2v"", ""ATS3are"", ""ATS3d"", ""ATS3i"", ""ATS3p"", ""ATS3pe"", ""ATS3se"", ""ATS3v"", ""ATS4are"", ""ATS4d"", ""ATS4i"", ""ATS4p"", ""ATS4pe"", ""ATS4se"", ""ATS4v"", ""ATS5are"", ""ATS5d"", ""ATS5i"", ""ATS5p"", ""ATS5pe"", ""ATS5se"", ""ATS5v"", ""ATS6are"", ""ATS6d"", ""ATS6i"", ""ATS6p"", ""ATS6pe"", ""ATS6se"", ""ATS6v"", ""ATS7are"", ""ATS7i"", ""ATS7pe"", ""ATS7se"", ""CIC0"", ""nBondsKS"", ""nBondsS"", ""nC"", ""nH""]"
final,27,46,ATS4v,ATS5pe,ATS5pe,algorithmic_medoid,False,False,26,0.05442044187056061,0.9455795581294394,0.8172688263657377,0.9922872822243619,0.0,3156,110804334.71605447,"[""ATS1p"", ""ATS1v"", ""ATS2are"", ""ATS2d"", ""ATS2i"", ""ATS2p"", ""ATS2pe"", ""ATS2se"", ""ATS2v"", ""ATS3are"", ""ATS3d"", ""ATS3i"", ""ATS3p"", ""ATS3pe"", ""ATS3se"", ""ATS3v"", ""ATS4are"", ""ATS4d"", ""ATS4i"", ""ATS4p"", ""ATS4pe"", ""ATS4se"", ""ATS4v"", ""ATS5are"", ""ATS5d"", ""ATS5i"", ""ATS5p"", ""ATS5pe"", ""ATS5se"", ""ATS5v"", ""ATS6are"", ""ATS6d"", ""ATS6i"", ""ATS6p"", ""ATS6pe"", ""ATS6se"", ""ATS6v"", ""ATS7are"", ""ATS7i"", ""ATS7pe"", ""ATS7se"", ""CIC0"", ""nBondsKS"", ""nBondsS"", ""nC"", ""nH""]"
final,27,46,ATS2v,ATS5pe,ATS5pe,algorithmic_medoid,False,False,27,0.054829732116268515,0.9451702678837315,0.832738518889954,0.991893468249611,0.0,3156,44499978.73031396,"[""ATS1p"", ""ATS1v"", ""ATS2are"", ""ATS2d"", ""ATS2i"", ""ATS2p"", ""ATS2pe"", ""ATS2se"", ""ATS2v"", ""ATS3are"", ""ATS3d"", ""ATS3i"", ""ATS3p"", ""ATS3pe"", ""ATS3se"", ""ATS3v"", ""ATS4are"", ""ATS4d"", ""ATS4i"", ""ATS4p"", ""ATS4pe"", ""ATS4se"", ""ATS4v"", ""ATS5are"", ""ATS5d"", ""ATS5i"", ""ATS5p"", ""ATS5pe"", ""ATS5se"", ""ATS5v"", ""ATS6are"", ""ATS6d"", ""ATS6i"", ""ATS6p"", ""ATS6pe"", ""ATS6se"", ""ATS6v"", ""ATS7are"", ""ATS7i"", ""ATS7pe"", ""ATS7se"", ""CIC0"", ""nBondsKS"", ""nBondsS"", ""nC"", ""nH""]"
final,27,46,ATS2p,ATS5pe,ATS5pe,algorithmic_medoid,False,False,28,0.05509073132035147,0.9449092686796485,0.8589543544584565,0.991893468249611,0.0,3156,2227.6075026714584,"[""ATS1p"", ""ATS1v"", ""ATS2are"", ""ATS2d"", ""ATS2i"", ""ATS2p"", ""ATS2pe"", ""ATS2se"", ""ATS2v"", ""ATS3are"", ""ATS3d"", ""ATS3i"", ""ATS3p"", ""ATS3pe"", ""ATS3se"", ""ATS3v"", ""ATS4are"", ""ATS4d"", ""ATS4i"", ""ATS4p"", ""ATS4pe"", ""ATS4se"", ""ATS4v"", ""ATS5are"", ""ATS5d"", ""ATS5i"", ""ATS5p"", ""ATS5pe"", ""ATS5se"", ""ATS5v"", ""ATS6are"", ""ATS6d"", ""ATS6i"", ""ATS6p"", ""ATS6pe"", ""ATS6se"", ""ATS6v"", ""ATS7are"", ""ATS7i"", ""ATS7pe"", ""ATS7se"", ""CIC0"", ""nBondsKS"", ""nBondsS"", ""nC"", ""nH""]"
final,27,46,ATS5p,ATS5pe,ATS5pe,algorithmic_medoid,False,False,29,0.05567487187200082,0.9443251281279992,0.8446903815522014,0.9905160290198465,0.0,3156,6547.8215817172995,"[""ATS1p"", ""ATS1v"", ""ATS2are"", ""ATS2d"", ""ATS2i"", ""ATS2p"", ""ATS2pe"", ""ATS2se"", ""ATS2v"", ""ATS3are"", ""ATS3d"", ""ATS3i"", ""ATS3p"", ""ATS3pe"", ""ATS3se"", ""ATS3v"", ""ATS4are"", ""ATS4d"", ""ATS4i"", ""ATS4p"", ""ATS4pe"", ""ATS4se"", ""ATS4v"", ""ATS5are"", ""ATS5d"", ""ATS5i"", ""ATS5p"", ""ATS5pe"", ""ATS5se"", ""ATS5v"", ""ATS6are"", ""ATS6d"", ""ATS6i"", ""ATS6p"", ""ATS6pe"", ""ATS6se"", ""ATS6v"", ""ATS7are"", ""ATS7i"", ""ATS7pe"", ""ATS7se"", ""CIC0"", ""nBondsKS"", ""nBondsS"", ""nC"", ""nH""]"
final,27,46,ATS3d,ATS5pe,ATS5pe,algorithmic_medoid,False,False,30,0.056206395758588545,0.9437936042414115,0.8199306425291221,0.9939379384875857,0.0,3156,26444.10980864501,"[""ATS1p"", ""ATS1v"", ""ATS2are"", ""ATS2d"", ""ATS2i"", ""ATS2p"", ""ATS2pe"", ""ATS2se"", ""ATS2v"", ""ATS3are"", ""ATS3d"", ""ATS3i"", ""ATS3p"", ""ATS3pe"", ""ATS3se"", ""ATS3v"", ""ATS4are"", ""ATS4d"", ""ATS4i"", ""ATS4p"", ""ATS4pe"", ""ATS4se"", ""ATS4v"", ""ATS5are"", ""ATS5d"", ""ATS5i"", ""ATS5p"", ""ATS5pe"", ""ATS5se"", ""ATS5v"", ""ATS6are"", ""ATS6d"", ""ATS6i"", ""ATS6p"", ""ATS6pe"", ""ATS6se"", ""ATS6v"", ""ATS7are"", ""ATS7i"", ""ATS7pe"", ""ATS7se"", ""CIC0"", ""nBondsKS"", ""nBondsS"", ""nC"", ""nH""]"
final,27,46,ATS2d,ATS5pe,ATS5pe,algorithmic_medoid,False,False,31,0.0571060834272038,0.9428939165727962,0.8227381167869132,0.9916099833072415,0.0,3156,15540.809799187498,"[""ATS1p"", ""ATS1v"", ""ATS2are"", ""ATS2d"", ""ATS2i"", ""ATS2p"", ""ATS2pe"", ""ATS2se"", ""ATS2v"", ""ATS3are"", ""ATS3d"", ""ATS3i"", ""ATS3p"", ""ATS3pe"", ""ATS3se"", ""ATS3v"", ""ATS4are"", ""ATS4d"", ""ATS4i"", ""ATS4p"", ""ATS4pe"", ""ATS4se"", ""ATS4v"", ""ATS5are"", ""ATS5d"", ""ATS5i"", ""ATS5p"", ""ATS5pe"", ""ATS5se"", ""ATS5v"", ""ATS6are"", ""ATS6d"", ""ATS6i"", ""ATS6p"", ""ATS6pe"", ""ATS6se"", ""ATS6v"", ""ATS7are"", ""ATS7i"", ""ATS7pe"", ""ATS7se"", ""CIC0"", ""nBondsKS"", ""nBondsS"", ""nC"", ""nH""]"
final,27,46,ATS3i,ATS5pe,ATS5pe,algorithmic_medoid,False,False,32,0.05944723464744295,0.940552765352557,0.8746579821242266,0.9951010056103756,0.0,3156,53542561.20373369,"[""ATS1p"", ""ATS1v"", ""ATS2are"", ""ATS2d"", ""ATS2i"", ""ATS2p"", ""ATS2pe"", ""ATS2se"", ""ATS2v"", ""ATS3are"", ""ATS3d"", ""ATS3i"", ""ATS3p"", ""ATS3pe"", ""ATS3se"", ""ATS3v"", ""ATS4are"", ""ATS4d"", ""ATS4i"", ""ATS4p"", ""ATS4pe"", ""ATS4se"", ""ATS4v"", ""ATS5are"", ""ATS5d"", ""ATS5i"", ""ATS5p"", ""ATS5pe"", ""ATS5se"", ""ATS5v"", ""ATS6are"", ""ATS6d"", ""ATS6i"", ""ATS6p"", ""ATS6pe"", ""ATS6se"", ""ATS6v"", ""ATS7are"", ""ATS7i"", ""ATS7pe"", ""ATS7se"", ""CIC0"", ""nBondsKS"", ""nBondsS"", ""nC"", ""nH""]"
final,27,46,ATS4i,ATS5pe,ATS5pe,algorithmic_medoid,False,False,33,0.060521939092033517,0.9394780609079665,0.869561764166771,0.9947869875745725,0.0,3156,99424793.2673647,"[""ATS1p"", ""ATS1v"", ""ATS2are"", ""ATS2d"", ""ATS2i"", ""ATS2p"", ""ATS2pe"", ""ATS2se"", ""ATS2v"", ""ATS3are"", ""ATS3d"", ""ATS3i"", ""ATS3p"", ""ATS3pe"", ""ATS3se"", ""ATS3v"", ""ATS4are"", ""ATS4d"", ""ATS4i"", ""ATS4p"", ""ATS4pe"", ""ATS4se"", ""ATS4v"", ""ATS5are"", ""ATS5d"", ""ATS5i"", ""ATS5p"", ""ATS5pe"", ""ATS5se"", ""ATS5v"", ""ATS6are"", ""ATS6d"", ""ATS6i"", ""ATS6p"", ""ATS6pe"", ""ATS6se"", ""ATS6v"", ""ATS7are"", ""ATS7i"", ""ATS7pe"", ""ATS7se"", ""CIC0"", ""nBondsKS"", ""nBondsS"", ""nC"", ""nH""]"
final,27,46,ATS7se,ATS5pe,ATS5pe,algorithmic_medoid,False,False,34,0.06058833142819564,0.9394116685718044,0.8892617054475964,0.9995035729247026,0.0,3156,233911.5731016834,"[""ATS1p"", ""ATS1v"", ""ATS2are"", ""ATS2d"", ""ATS2i"", ""ATS2p"", ""ATS2pe"", ""ATS2se"", ""ATS2v"", ""ATS3are"", ""ATS3d"", ""ATS3i"", ""ATS3p"", ""ATS3pe"", ""ATS3se"", ""ATS3v"", ""ATS4are"", ""ATS4d"", ""ATS4i"", ""ATS4p"", ""ATS4pe"", ""ATS4se"", ""ATS4v"", ""ATS5are"", ""ATS5d"", ""ATS5i"", ""ATS5p"", ""ATS5pe"", ""ATS5se"", ""ATS5v"", ""ATS6are"", ""ATS6d"", ""ATS6i"", ""ATS6p"", ""ATS6pe"", ""ATS6se"", ""ATS6v"", ""ATS7are"", ""ATS7i"", ""ATS7pe"", ""ATS7se"", ""CIC0"", ""nBondsKS"", ""nBondsS"", ""nC"", ""nH""]"
final,27,46,ATS5v,ATS5pe,ATS5pe,algorithmic_medoid,False,False,35,0.06071890704647953,0.9392810929535205,0.810170580152904,0.9922762718453626,0.0,3156,113330329.50471452,"[""ATS1p"", ""ATS1v"", ""ATS2are"", ""ATS2d"", ""ATS2i"", ""ATS2p"", ""ATS2pe"", ""ATS2se"", ""ATS2v"", ""ATS3are"", ""ATS3d"", ""ATS3i"", ""ATS3p"", ""ATS3pe"", ""ATS3se"", ""ATS3v"", ""ATS4are"", ""ATS4d"", ""ATS4i"", ""ATS4p"", ""ATS4pe"", ""ATS4se"", ""ATS4v"", ""ATS5are"", ""ATS5d"", ""ATS5i"", ""ATS5p"", ""ATS5pe"", ""ATS5se"", ""ATS5v"", ""ATS6are"", ""ATS6d"", ""ATS6i"", ""ATS6p"", ""ATS6pe"", ""ATS6se"", ""ATS6v"", ""ATS7are"", ""ATS7i"", ""ATS7pe"", ""ATS7se"", ""CIC0"", ""nBondsKS"", ""nBondsS"", ""nC"", ""nH""]"
final,27,46,ATS7i,ATS5pe,ATS5pe,algorithmic_medoid,False,False,36,0.06164399280085575,0.9383560071991442,0.9041318500390654,0.9964928423349303,0.0,3156,108542175.41534393,"[""ATS1p"", ""ATS1v"", ""ATS2are"", ""ATS2d"", ""ATS2i"", ""ATS2p"", ""ATS2pe"", ""ATS2se"", ""ATS2v"", ""ATS3are"", ""ATS3d"", ""ATS3i"", ""ATS3p"", ""ATS3pe"", ""ATS3se"", ""ATS3v"", ""ATS4are"", ""ATS4d"", ""ATS4i"", ""ATS4p"", ""ATS4pe"", ""ATS4se"", ""ATS4v"", ""ATS5are"", ""ATS5d"", ""ATS5i"", ""ATS5p"", ""ATS5pe"", ""ATS5se"", ""ATS5v"", ""ATS6are"", ""ATS6d"", ""ATS6i"", ""ATS6p"", ""ATS6pe"", ""ATS6se"", ""ATS6v"", ""ATS7are"", ""ATS7i"", ""ATS7pe"", ""ATS7se"", ""CIC0"", ""nBondsKS"", ""nBondsS"", ""nC"", ""nH""]"
final,27,46,ATS7are,ATS5pe,ATS5pe,algorithmic_medoid,False,False,37,0.0618960997381085,0.9381039002618915,0.8825944593505678,0.9999307775300468,0.0,3156,145168.08167590166,"[""ATS1p"", ""ATS1v"", ""ATS2are"", ""ATS2d"", ""ATS2i"", ""ATS2p"", ""ATS2pe"", ""ATS2se"", ""ATS2v"", ""ATS3are"", ""ATS3d"", ""ATS3i"", ""ATS3p"", ""ATS3pe"", ""ATS3se"", ""ATS3v"", ""ATS4are"", ""ATS4d"", ""ATS4i"", ""ATS4p"", ""ATS4pe"", ""ATS4se"", ""ATS4v"", ""ATS5are"", ""ATS5d"", ""ATS5i"", ""ATS5p"", ""ATS5pe"", ""ATS5se"", ""ATS5v"", ""ATS6are"", ""ATS6d"", ""ATS6i"", ""ATS6p"", ""ATS6pe"", ""ATS6se"", ""ATS6v"", ""ATS7are"", ""ATS7i"", ""ATS7pe"", ""ATS7se"", ""CIC0"", ""nBondsKS"", ""nBondsS"", ""nC"", ""nH""]"
final,27,46,ATS7pe,ATS5pe,ATS5pe,algorithmic_medoid,False,False,38,0.06192798507912822,0.9380720149208718,0.8818682296536636,0.9999307775300468,0.0,3156,148289.50347330092,"[""ATS1p"", ""ATS1v"", ""ATS2are"", ""ATS2d"", ""ATS2i"", ""ATS2p"", ""ATS2pe"", ""ATS2se"", ""ATS2v"", ""ATS3are"", ""ATS3d"", ""ATS3i"", ""ATS3p"", ""ATS3pe"", ""ATS3se"", ""ATS3v"", ""ATS4are"", ""ATS4d"", ""ATS4i"", ""ATS4p"", ""ATS4pe"", ""ATS4se"", ""ATS4v"", ""ATS5are"", ""ATS5d"", ""ATS5i"", ""ATS5p"", ""ATS5pe"", ""ATS5se"", ""ATS5v"", ""ATS6are"", ""ATS6d"", ""ATS6i"", ""ATS6p"", ""ATS6pe"", ""ATS6se"", ""ATS6v"", ""ATS7are"", ""ATS7i"", ""ATS7pe"", ""ATS7se"", ""CIC0"", ""nBondsKS"", ""nBondsS"", ""nC"", ""nH""]"
final,27,46,ATS1p,ATS5pe,ATS5pe,algorithmic_medoid,False,False,39,0.06329443084451514,0.9367055691554849,0.8612309371978281,0.9935131571969721,0.0,3156,788.6168359808208,"[""ATS1p"", ""ATS1v"", ""ATS2are"", ""ATS2d"", ""ATS2i"", ""ATS2p"", ""ATS2pe"", ""ATS2se"", ""ATS2v"", ""ATS3are"", ""ATS3d"", ""ATS3i"", ""ATS3p"", ""ATS3pe"", ""ATS3se"", ""ATS3v"", ""ATS4are"", ""ATS4d"", ""ATS4i"", ""ATS4p"", ""ATS4pe"", ""ATS4se"", ""ATS4v"", ""ATS5are"", ""ATS5d"", ""ATS5i"", ""ATS5p"", ""ATS5pe"", ""ATS5se"", ""ATS5v"", ""ATS6are"", ""ATS6d"", ""ATS6i"", ""ATS6p"", ""ATS6pe"", ""ATS6se"", ""ATS6v"", ""ATS7are"", ""ATS7i"", ""ATS7pe"", ""ATS7se"", ""CIC0"", ""nBondsKS"", ""nBondsS"", ""nC"", ""nH""]"
final,27,46,ATS1v,ATS5pe,ATS5pe,algorithmic_medoid,False,False,40,0.06399968311657489,0.9360003168834251,0.8400689509535558,0.9935131571969721,0.0,3156,16382419.52703738,"[""ATS1p"", ""ATS1v"", ""ATS2are"", ""ATS2d"", ""ATS2i"", ""ATS2p"", ""ATS2pe"", ""ATS2se"", ""ATS2v"", ""ATS3are"", ""ATS3d"", ""ATS3i"", ""ATS3p"", ""ATS3pe"", ""ATS3se"", ""ATS3v"", ""ATS4are"", ""ATS4d"", ""ATS4i"", ""ATS4p"", ""ATS4pe"", ""ATS4se"", ""ATS4v"", ""ATS5are"", ""ATS5d"", ""ATS5i"", ""ATS5p"", ""ATS5pe"", ""ATS5se"", ""ATS5v"", ""ATS6are"", ""ATS6d"", ""ATS6i"", ""ATS6p"", ""ATS6pe"", ""ATS6se"", ""ATS6v"", ""ATS7are"", ""ATS7i"", ""ATS7pe"", ""ATS7se"", ""CIC0"", ""nBondsKS"", ""nBondsS"", ""nC"", ""nH""]"
final,27,46,ATS6p,ATS5pe,ATS5pe,algorithmic_medoid,False,False,41,0.06604438561666659,0.9339556143833334,0.8421755893700141,0.9912058216961889,0.0,3156,5939.107491237828,"[""ATS1p"", ""ATS1v"", ""ATS2are"", ""ATS2d"", ""ATS2i"", ""ATS2p"", ""ATS2pe"", ""ATS2se"", ""ATS2v"", ""ATS3are"", ""ATS3d"", ""ATS3i"", ""ATS3p"", ""ATS3pe"", ""ATS3se"", ""ATS3v"", ""ATS4are"", ""ATS4d"", ""ATS4i"", ""ATS4p"", ""ATS4pe"", ""ATS4se"", ""ATS4v"", ""ATS5are"", ""ATS5d"", ""ATS5i"", ""ATS5p"", ""ATS5pe"", ""ATS5se"", ""ATS5v"", ""ATS6are"", ""ATS6d"", ""ATS6i"", ""ATS6p"", ""ATS6pe"", ""ATS6se"", ""ATS6v"", ""ATS7are"", ""ATS7i"", ""ATS7pe"", ""ATS7se"", ""CIC0"", ""nBondsKS"", ""nBondsS"", ""nC"", ""nH""]"
final,27,46,ATS6v,ATS5pe,ATS5pe,algorithmic_medoid,False,False,42,0.07322431842058308,0.9267756815794169,0.8117231539068773,0.9912104841846329,0.0,3156,102924422.96203274,"[""ATS1p"", ""ATS1v"", ""ATS2are"", ""ATS2d"", ""ATS2i"", ""ATS2p"", ""ATS2pe"", ""ATS2se"", ""ATS2v"", ""ATS3are"", ""ATS3d"", ""ATS3i"", ""ATS3p"", ""ATS3pe"", ""ATS3se"", ""ATS3v"", ""ATS4are"", ""ATS4d"", ""ATS4i"", ""ATS4p"", ""ATS4pe"", ""ATS4se"", ""ATS4v"", ""ATS5are"", ""ATS5d"", ""ATS5i"", ""ATS5p"", ""ATS5pe"", ""ATS5se"", ""ATS5v"", ""ATS6are"", ""ATS6d"", ""ATS6i"", ""ATS6p"", ""ATS6pe"", ""ATS6se"", ""ATS6v"", ""ATS7are"", ""ATS7i"", ""ATS7pe"", ""ATS7se"", ""CIC0"", ""nBondsKS"", ""nBondsS"", ""nC"", ""nH""]"
final,27,46,nC,ATS5pe,ATS5pe,algorithmic_medoid,False,False,43,0.08468180771313727,0.9153181922868627,0.8295960336874008,0.9742741434637997,0.0,3156,35.701610869352194,"[""ATS1p"", ""ATS1v"", ""ATS2are"", ""ATS2d"", ""ATS2i"", ""ATS2p"", ""ATS2pe"", ""ATS2se"", ""ATS2v"", ""ATS3are"", ""ATS3d"", ""ATS3i"", ""ATS3p"", ""ATS3pe"", ""ATS3se"", ""ATS3v"", ""ATS4are"", ""ATS4d"", ""ATS4i"", ""ATS4p"", ""ATS4pe"", ""ATS4se"", ""ATS4v"", ""ATS5are"", ""ATS5d"", ""ATS5i"", ""ATS5p"", ""ATS5pe"", ""ATS5se"", ""ATS5v"", ""ATS6are"", ""ATS6d"", ""ATS6i"", ""ATS6p"", ""ATS6pe"", ""ATS6se"", ""ATS6v"", ""ATS7are"", ""ATS7i"", ""ATS7pe"", ""ATS7se"", ""CIC0"", ""nBondsKS"", ""nBondsS"", ""nC"", ""nH""]"
final,27,46,nBondsS,ATS5pe,ATS5pe,algorithmic_medoid,False,False,44,0.09059153570495748,0.9094084642950425,0.8295960336874008,0.9776703991022377,0.0,3156,214.02376415815692,"[""ATS1p"", ""ATS1v"", ""ATS2are"", ""ATS2d"", ""ATS2i"", ""ATS2p"", ""ATS2pe"", ""ATS2se"", ""ATS2v"", ""ATS3are"", ""ATS3d"", ""ATS3i"", ""ATS3p"", ""ATS3pe"", ""ATS3se"", ""ATS3v"", ""ATS4are"", ""ATS4d"", ""ATS4i"", ""ATS4p"", ""ATS4pe"", ""ATS4se"", ""ATS4v"", ""ATS5are"", ""ATS5d"", ""ATS5i"", ""ATS5p"", ""ATS5pe"", ""ATS5se"", ""ATS5v"", ""ATS6are"", ""ATS6d"", ""ATS6i"", ""ATS6p"", ""ATS6pe"", ""ATS6se"", ""ATS6v"", ""ATS7are"", ""ATS7i"", ""ATS7pe"", ""ATS7se"", ""CIC0"", ""nBondsKS"", ""nBondsS"", ""nC"", ""nH""]"
final,27,46,CIC0,ATS5pe,ATS5pe,algorithmic_medoid,False,False,45,0.10796813582416342,0.8920318641758366,0.8413911172656898,0.964899541497292,0.0,3156,0.39778560969730087,"[""ATS1p"", ""ATS1v"", ""ATS2are"", ""ATS2d"", ""ATS2i"", ""ATS2p"", ""ATS2pe"", ""ATS2se"", ""ATS2v"", ""ATS3are"", ""ATS3d"", ""ATS3i"", ""ATS3p"", ""ATS3pe"", ""ATS3se"", ""ATS3v"", ""ATS4are"", ""ATS4d"", ""ATS4i"", ""ATS4p"", ""ATS4pe"", ""ATS4se"", ""ATS4v"", ""ATS5are"", ""ATS5d"", ""ATS5i"", ""ATS5p"", ""ATS5pe"", ""ATS5se"", ""ATS5v"", ""ATS6are"", ""ATS6d"", ""ATS6i"", ""ATS6p"", ""ATS6pe"", ""ATS6se"", ""ATS6v"", ""ATS7are"", ""ATS7i"", ""ATS7pe"", ""ATS7se"", ""CIC0"", ""nBondsKS"", ""nBondsS"", ""nC"", ""nH""]"
final,27,46,nH,ATS5pe,ATS5pe,algorithmic_medoid,False,False,46,0.11564003208567697,0.884359967914323,0.810170580152904,0.9666895278648654,0.0,3156,65.84149078906574,"[""ATS1p"", ""ATS1v"", ""ATS2are"", ""ATS2d"", ""ATS2i"", ""ATS2p"", ""ATS2pe"", ""ATS2se"", ""ATS2v"", ""ATS3are"", ""ATS3d"", ""ATS3i"", ""ATS3p"", ""ATS3pe"", ""ATS3se"", ""ATS3v"", ""ATS4are"", ""ATS4d"", ""ATS4i"", ""ATS4p"", ""ATS4pe"", ""ATS4se"", ""ATS4v"", ""ATS5are"", ""ATS5d"", ""ATS5i"", ""ATS5p"", ""ATS5pe"", ""ATS5se"", ""ATS5v"", ""ATS6are"", ""ATS6d"", ""ATS6i"", ""ATS6p"", ""ATS6pe"", ""ATS6se"", ""ATS6v"", ""ATS7are"", ""ATS7i"", ""ATS7pe"", ""ATS7se"", ""CIC0"", ""nBondsKS"", ""nBondsS"", ""nC"", ""nH""]"
final,28,9,ATS8Z,ATS8Z,ATS8Z,algorithmic_medoid,True,True,1,0.06184033412957901,0.938159665870421,0.8878338883043875,0.9974717053417756,0.0,3156,762571.8060812406,"[""ATS7Z"", ""ATS7dv"", ""ATS7m"", ""ATS8Z"", ""ATS8dv"", ""ATS8m"", ""ATSC0dv"", ""GGI7"", ""GGI8""]"
final,28,9,ATS8m,ATS8Z,ATS8Z,algorithmic_medoid,False,False,2,0.06384965527791886,0.9361503447220811,0.8820256840961966,0.9974717053417756,0.0,3156,9648530.688723238,"[""ATS7Z"", ""ATS7dv"", ""ATS7m"", ""ATS8Z"", ""ATS8dv"", ""ATS8m"", ""ATSC0dv"", ""GGI7"", ""GGI8""]"
final,28,9,ATS7m,ATS8Z,ATS8Z,algorithmic_medoid,False,False,3,0.07517867046391713,0.9248213295360829,0.8662527418679925,0.9969500227319444,0.0,3156,13702265.606293077,"[""ATS7Z"", ""ATS7dv"", ""ATS7m"", ""ATS8Z"", ""ATS8dv"", ""ATS8m"", ""ATSC0dv"", ""GGI7"", ""GGI8""]"
final,28,9,ATS7Z,ATS8Z,ATS8Z,algorithmic_medoid,False,False,4,0.076062473588833,0.923937526411167,0.8732584634225272,0.9969500227319444,0.0,3156,942430.9507931259,"[""ATS7Z"", ""ATS7dv"", ""ATS7m"", ""ATS8Z"", ""ATS8dv"", ""ATS8m"", ""ATSC0dv"", ""GGI7"", ""GGI8""]"
final,28,9,ATS7dv,ATS8Z,ATS8Z,algorithmic_medoid,False,False,5,0.07624544175235248,0.9237545582476475,0.9051189425000103,0.96700210384589,0.0,3156,42727.90222362939,"[""ATS7Z"", ""ATS7dv"", ""ATS7m"", ""ATS8Z"", ""ATS8dv"", ""ATS8m"", ""ATSC0dv"", ""GGI7"", ""GGI8""]"
final,28,9,ATS8dv,ATS8Z,ATS8Z,algorithmic_medoid,False,False,6,0.08564289491942612,0.9143571050805739,0.8801984724393305,0.96700210384589,0.0,3156,35198.68308929241,"[""ATS7Z"", ""ATS7dv"", ""ATS7m"", ""ATS8Z"", ""ATS8dv"", ""ATS8m"", ""ATSC0dv"", ""GGI7"", ""GGI8""]"
final,28,9,GGI7,ATS8Z,ATS8Z,algorithmic_medoid,False,False,7,0.0917867683127026,0.9082132316872974,0.8727263037597356,0.92119910854668,0.0,3156,0.07677446401719068,"[""ATS7Z"", ""ATS7dv"", ""ATS7m"", ""ATS8Z"", ""ATS8dv"", ""ATS8m"", ""ATSC0dv"", ""GGI7"", ""GGI8""]"
final,28,9,GGI8,ATS8Z,ATS8Z,algorithmic_medoid,False,False,8,0.09580890268471665,0.9041910973152834,0.8710282764813787,0.9229073466162523,0.0,3156,0.037398468346338115,"[""ATS7Z"", ""ATS7dv"", ""ATS7m"", ""ATS8Z"", ""ATS8dv"", ""ATS8m"", ""ATSC0dv"", ""GGI7"", ""GGI8""]"
final,28,9,ATSC0dv,ATS8Z,ATS8Z,algorithmic_medoid,False,False,9,0.11716503556811941,0.8828349644318806,0.8662527418679925,0.9051189425000103,0.0,3156,4072.598102111716,"[""ATS7Z"", ""ATS7dv"", ""ATS7m"", ""ATS8Z"", ""ATS8dv"", ""ATS8m"", ""ATSC0dv"", ""GGI7"", ""GGI8""]"
final,29,3,ATSC0pe,ATSC0pe,ATSC0pe,algorithmic_medoid,True,True,1,0.01047054594046759,0.9895294540595324,0.9844533914365767,0.9946055166824881,0.0,3156,6.7888538432921,"[""ATSC0are"", ""ATSC0pe"", ""ATSC0se""]"
final,29,3,ATSC0are,ATSC0pe,ATSC0pe,algorithmic_medoid,False,False,2,0.011540123546361247,0.9884598764536388,0.9823142362247895,0.9946055166824881,0.0,3156,8.810558235043366,"[""ATSC0are"", ""ATSC0pe"", ""ATSC0se""]"
final,29,3,ATSC0se,ATSC0pe,ATSC0pe,algorithmic_medoid,False,False,3,0.016616186169316816,0.9833838138306832,0.9823142362247895,0.9844533914365767,0.0,3156,3.7155212457083358,"[""ATSC0are"", ""ATSC0pe"", ""ATSC0se""]"
final,30,3,ATSC0c,ATSC0c,ATSC0c,algorithmic_medoid,True,True,1,0.09702820069037932,0.9029717993096207,0.8915655753599557,0.9143780232592855,0.0,3156,0.17440587671472924,"[""ATSC0c"", ""ATSC1c"", ""DPSA4""]"
final,30,3,DPSA4,ATSC0c,ATSC0c,algorithmic_medoid,False,False,2,0.1248903432904307,0.8751096567095693,0.8358412901598531,0.9143780232592855,0.0,3156,74.29985094667985,"[""ATSC0c"", ""ATSC1c"", ""DPSA4""]"
final,30,3,ATSC1c,ATSC0c,ATSC0c,algorithmic_medoid,False,False,3,0.13629656724009553,0.8637034327599045,0.8358412901598531,0.8915655753599557,0.0,3156,0.06970595347167546,"[""ATSC0c"", ""ATSC1c"", ""DPSA4""]"
final,31,2,ATSC2m,ATSC2m,ATSC2m,algorithmic_medoid,True,True,1,0.0011471592529705976,0.9988528407470294,0.9988528407470294,0.9988528407470294,0.0,3156,170474.54972567305,"[""ATSC2Z"", ""ATSC2m""]"
final,31,2,ATSC2Z,ATSC2m,ATSC2m,algorithmic_medoid,False,False,2,0.0011471592529705976,0.9988528407470294,0.9988528407470294,0.9988528407470294,0.0,3156,7319.945882089796,"[""ATSC2Z"", ""ATSC2m""]"
final,32,3,ATSC2are,ATSC2are,ATSC2are,algorithmic_medoid,True,True,1,0.013313629757699674,0.9866863702423003,0.9810904510559959,0.9922822894286046,0.0,3156,3.2187785906152846,"[""ATSC2are"", ""ATSC2pe"", ""ATSC2se""]"
final,32,3,ATSC2pe,ATSC2are,ATSC2are,algorithmic_medoid,False,False,2,0.019718034176584798,0.9802819658234152,0.9682816422182259,0.9922822894286046,0.0,3156,2.382116095950923,"[""ATSC2are"", ""ATSC2pe"", ""ATSC2se""]"
final,32,3,ATSC2se,ATSC2are,ATSC2are,algorithmic_medoid,False,False,3,0.025313953362889108,0.9746860466371109,0.9682816422182259,0.9810904510559959,0.0,3156,1.20905313492653,"[""ATSC2are"", ""ATSC2pe"", ""ATSC2se""]"
final,33,1,ATSC2c,ATSC2c,ATSC2c,algorithmic_medoid,True,True,1,0.0,1.0,1.0,1.0,0.0,3156,0.05268994366789348,"[""ATSC2c""]"
final,34,1,ATSC2d,ATSC2d,ATSC2d,algorithmic_medoid,True,True,1,0.0,1.0,1.0,1.0,0.0,3156,31.475985708463213,"[""ATSC2d""]"
final,35,1,ATSC2dv,ATSC2dv,ATSC2dv,algorithmic_medoid,True,True,1,0.0,1.0,1.0,1.0,0.0,3156,1170.0016821043498,"[""ATSC2dv""]"
final,36,1,ATSC2i,ATSC2i,ATSC2i,algorithmic_medoid,True,True,1,0.0,1.0,1.0,1.0,0.0,3156,302.33452014066455,"[""ATSC2i""]"
final,37,2,ATSC2v,ATSC2v,ATSC2v,algorithmic_medoid,True,True,1,0.09105646569870918,0.9089435343012908,0.9089435343012908,0.9089435343012908,0.0,3156,188018.8653970169,"[""ATSC2p"", ""ATSC2v""]"
final,37,2,ATSC2p,ATSC2v,ATSC2v,algorithmic_medoid,False,False,2,0.09105646569870918,0.9089435343012908,0.9089435343012908,0.9089435343012908,0.0,3156,5.312734416911889,"[""ATSC2p"", ""ATSC2v""]"
final,38,2,ATSC3m,ATSC3m,ATSC3m,algorithmic_medoid,True,True,1,0.0011246754966913741,0.9988753245033086,0.9988753245033086,0.9988753245033086,0.0,3156,367065.24369759735,"[""ATSC3Z"", ""ATSC3m""]"
final,38,2,ATSC3Z,ATSC3m,ATSC3m,algorithmic_medoid,False,False,2,0.0011246754966913741,0.9988753245033086,0.9988753245033086,0.9988753245033086,0.0,3156,14125.846277415922,"[""ATSC3Z"", ""ATSC3m""]"
final,39,3,ATSC3are,ATSC3are,ATSC3are,algorithmic_medoid,True,True,1,0.045177683401783186,0.9548223165982168,0.9321556346470701,0.9774889985493637,0.0,3156,1.80682347092732,"[""ATSC3are"", ""ATSC3pe"", ""ATSC3se""]"
final,39,3,ATSC3pe,ATSC3are,ATSC3are,algorithmic_medoid,False,False,2,0.057585641858622694,0.9424143581413773,0.9073397177333908,0.9774889985493637,0.0,3156,1.5957209969878754,"[""ATSC3are"", ""ATSC3pe"", ""ATSC3se""]"
final,39,3,ATSC3se,ATSC3are,ATSC3are,algorithmic_medoid,False,False,3,0.08025232380976954,0.9197476761902305,0.9073397177333908,0.9321556346470701,0.0,3156,0.7356995119961112,"[""ATSC3are"", ""ATSC3pe"", ""ATSC3se""]"
final,40,1,ATSC3c,ATSC3c,ATSC3c,algorithmic_medoid,True,True,1,0.0,1.0,1.0,1.0,0.0,3156,0.07606498047355663,"[""ATSC3c""]"
final,41,1,ATSC3d,ATSC3d,ATSC3d,algorithmic_medoid,True,True,1,0.0,1.0,1.0,1.0,0.0,3156,74.92795079189848,"[""ATSC3d""]"
final,42,1,ATSC3dv,ATSC3dv,ATSC3dv,algorithmic_medoid,True,True,1,0.0,1.0,1.0,1.0,0.0,3156,1966.6685514271587,"[""ATSC3dv""]"
final,43,1,ATSC3i,ATSC3i,ATSC3i,algorithmic_medoid,True,True,1,0.0,1.0,1.0,1.0,0.0,3156,298.6325133789103,"[""ATSC3i""]"
final,44,2,ATSC3v,ATSC3v,ATSC3v,algorithmic_medoid,True,True,1,0.14441186710809217,0.8555881328919078,0.8555881328919078,0.8555881328919078,0.0,3156,249270.36793016255,"[""ATSC3p"", ""ATSC3v""]"
final,44,2,ATSC3p,ATSC3v,ATSC3v,algorithmic_medoid,False,False,2,0.14441186710809217,0.8555881328919078,0.8555881328919078,0.8555881328919078,0.0,3156,7.2501310596498945,"[""ATSC3p"", ""ATSC3v""]"
final,45,2,ATSC4m,ATSC4m,ATSC4m,algorithmic_medoid,True,True,1,0.0005978194849073359,0.9994021805150927,0.9994021805150927,0.9994021805150927,0.0,3156,2050060.5399305727,"[""ATSC4Z"", ""ATSC4m""]"
final,45,2,ATSC4Z,ATSC4m,ATSC4m,algorithmic_medoid,False,False,2,0.0005978194849073359,0.9994021805150927,0.9994021805150927,0.9994021805150927,0.0,3156,65654.50145067292,"[""ATSC4Z"", ""ATSC4m""]"
final,46,3,ATSC4are,ATSC4are,ATSC4are,algorithmic_medoid,True,True,1,0.025245531590259773,0.9747544684097402,0.964959563221038,0.9845493735984424,0.0,3156,3.9787563533708137,"[""ATSC4are"", ""ATSC4pe"", ""ATSC4se""]"
final,46,3,ATSC4pe,ATSC4are,ATSC4are,algorithmic_medoid,False,False,2,0.03566099394397504,0.964339006056025,0.9441286385136075,0.9845493735984424,0.0,3156,3.5573434383332017,"[""ATSC4are"", ""ATSC4pe"", ""ATSC4se""]"
final,46,3,ATSC4se,ATSC4are,ATSC4are,algorithmic_medoid,False,False,3,0.045455899132677224,0.9545441008673228,0.9441286385136075,0.964959563221038,0.0,3156,1.4532421301960958,"[""ATSC4are"", ""ATSC4pe"", ""ATSC4se""]"
final,47,1,ATSC4c,ATSC4c,ATSC4c,algorithmic_medoid,True,True,1,0.0,1.0,1.0,1.0,0.0,3156,0.08701131168546875,"[""ATSC4c""]"
final,48,1,ATSC4d,ATSC4d,ATSC4d,algorithmic_medoid,True,True,1,0.0,1.0,1.0,1.0,0.0,3156,107.16923038212197,"[""ATSC4d""]"
final,49,1,ATSC4dv,ATSC4dv,ATSC4dv,algorithmic_medoid,True,True,1,0.0,1.0,1.0,1.0,0.0,3156,3241.8033448413194,"[""ATSC4dv""]"
final,50,1,ATSC4i,ATSC4i,ATSC4i,algorithmic_medoid,True,True,1,0.0,1.0,1.0,1.0,0.0,3156,452.64067201551904,"[""ATSC4i""]"
final,51,2,ATSC4v,ATSC4v,ATSC4v,algorithmic_medoid,True,True,1,0.11221915425781659,0.8877808457421834,0.8877808457421834,0.8877808457421834,0.0,3156,606180.9623866767,"[""ATSC4p"", ""ATSC4v""]"
final,51,2,ATSC4p,ATSC4v,ATSC4v,algorithmic_medoid,False,False,2,0.11221915425781659,0.8877808457421834,0.8877808457421834,0.8877808457421834,0.0,3156,16.569042167039257,"[""ATSC4p"", ""ATSC4v""]"
final,52,2,ATSC5m,ATSC5m,ATSC5m,algorithmic_medoid,True,True,1,0.000603768971337626,0.9993962310286624,0.9993962310286624,0.9993962310286624,0.0,3156,653265.803355769,"[""ATSC5Z"", ""ATSC5m""]"
final,52,2,ATSC5Z,ATSC5m,ATSC5m,algorithmic_medoid,False,False,2,0.000603768971337626,0.9993962310286624,0.9993962310286624,0.9993962310286624,0.0,3156,24801.13538525456,"[""ATSC5Z"", ""ATSC5m""]"
final,53,3,ATSC5are,ATSC5are,ATSC5are,algorithmic_medoid,True,True,1,0.030420501367312003,0.969579498632688,0.9531957553087407,0.9859632419566352,0.0,3156,3.9130961165639104,"[""ATSC5are"", ""ATSC5pe"", ""ATSC5se""]"
final,53,3,ATSC5pe,ATSC5are,ATSC5are,algorithmic_medoid,False,False,2,0.03454754764735535,0.9654524523526447,0.9449416627486541,0.9859632419566352,0.0,3156,3.506725426241372,"[""ATSC5are"", ""ATSC5pe"", ""ATSC5se""]"
final,53,3,ATSC5se,ATSC5are,ATSC5are,algorithmic_medoid,False,False,3,0.05093129097130267,0.9490687090286973,0.9449416627486541,0.9531957553087407,0.0,3156,1.4784108467572918,"[""ATSC5are"", ""ATSC5pe"", ""ATSC5se""]"
final,54,1,ATSC5c,ATSC5c,ATSC5c,algorithmic_medoid,True,True,1,0.0,1.0,1.0,1.0,0.0,3156,0.07228065091634536,"[""ATSC5c""]"
final,55,1,ATSC5d,ATSC5d,ATSC5d,algorithmic_medoid,True,True,1,0.0,1.0,1.0,1.0,0.0,3156,71.95760264914433,"[""ATSC5d""]"
final,56,1,ATSC5dv,ATSC5dv,ATSC5dv,algorithmic_medoid,True,True,1,0.0,1.0,1.0,1.0,0.0,3156,3315.9111441247796,"[""ATSC5dv""]"
final,57,1,ATSC5i,ATSC5i,ATSC5i,algorithmic_medoid,True,True,1,0.0,1.0,1.0,1.0,0.0,3156,404.85364285523144,"[""ATSC5i""]"
final,58,2,ATSC5v,ATSC5v,ATSC5v,algorithmic_medoid,True,True,1,0.1337676453856017,0.8662323546143983,0.8662323546143983,0.8662323546143983,0.0,3156,464888.7965144132,"[""ATSC5p"", ""ATSC5v""]"
final,58,2,ATSC5p,ATSC5v,ATSC5v,algorithmic_medoid,False,False,2,0.1337676453856017,0.8662323546143983,0.8662323546143983,0.8662323546143983,0.0,3156,11.34105335647738,"[""ATSC5p"", ""ATSC5v""]"
final,59,2,ATSC6m,ATSC6m,ATSC6m,algorithmic_medoid,True,True,1,0.0006351722828397133,0.9993648277171603,0.9993648277171603,0.9993648277171603,0.0,3156,1277662.878367213,"[""ATSC6Z"", ""ATSC6m""]"
final,59,2,ATSC6Z,ATSC6m,ATSC6m,algorithmic_medoid,False,False,2,0.0006351722828397133,0.9993648277171603,0.9993648277171603,0.9993648277171603,0.0,3156,43613.67434844201,"[""ATSC6Z"", ""ATSC6m""]"
final,60,3,ATSC6are,ATSC6are,ATSC6are,algorithmic_medoid,True,True,1,0.02725717157639429,0.9727428284236057,0.9613531189996805,0.984132537847531,0.0,3156,4.345520695350767,"[""ATSC6are"", ""ATSC6pe"", ""ATSC6se""]"
final,60,3,ATSC6pe,ATSC6are,ATSC6are,algorithmic_medoid,False,False,2,0.03361321038797316,0.9663867896120268,0.9486410413765227,0.984132537847531,0.0,3156,3.73748751593911,"[""ATSC6are"", ""ATSC6pe"", ""ATSC6se""]"
final,60,3,ATSC6se,ATSC6are,ATSC6are,algorithmic_medoid,False,False,3,0.04500291981189841,0.9549970801881016,0.9486410413765227,0.9613531189996805,0.0,3156,1.708339161061528,"[""ATSC6are"", ""ATSC6pe"", ""ATSC6se""]"
final,61,1,ATSC6c,ATSC6c,ATSC6c,algorithmic_medoid,True,True,1,0.0,1.0,1.0,1.0,0.0,3156,0.07002470302078376,"[""ATSC6c""]"
final,62,1,ATSC6d,ATSC6d,ATSC6d,algorithmic_medoid,True,True,1,0.0,1.0,1.0,1.0,0.0,3156,69.79173117595,"[""ATSC6d""]"
final,63,1,ATSC6dv,ATSC6dv,ATSC6dv,algorithmic_medoid,True,True,1,0.0,1.0,1.0,1.0,0.0,3156,3117.9448368292237,"[""ATSC6dv""]"
final,64,1,ATSC6i,ATSC6i,ATSC6i,algorithmic_medoid,True,True,1,0.0,1.0,1.0,1.0,0.0,3156,498.24706170796054,"[""ATSC6i""]"
final,65,2,ATSC6v,ATSC6v,ATSC6v,algorithmic_medoid,True,True,1,0.11323025117994268,0.8867697488200573,0.8867697488200573,0.8867697488200573,0.0,3156,493656.65468329046,"[""ATSC6p"", ""ATSC6v""]"
final,65,2,ATSC6p,ATSC6v,ATSC6v,algorithmic_medoid,False,False,2,0.11323025117994268,0.8867697488200573,0.8867697488200573,0.8867697488200573,0.0,3156,14.355181293019498,"[""ATSC6p"", ""ATSC6v""]"
final,66,2,ATSC7m,ATSC7m,ATSC7m,algorithmic_medoid,True,True,1,0.0006154662954641621,0.9993845337045358,0.9993845337045358,0.9993845337045358,0.0,3156,1434871.9315842548,"[""ATSC7Z"", ""ATSC7m""]"
final,66,2,ATSC7Z,ATSC7m,ATSC7m,algorithmic_medoid,False,False,2,0.0006154662954641621,0.9993845337045358,0.9993845337045358,0.9993845337045358,0.0,3156,50198.041563543586,"[""ATSC7Z"", ""ATSC7m""]"
final,67,3,ATSC7are,ATSC7are,ATSC7are,algorithmic_medoid,True,True,1,0.028456652111374048,0.971543347888626,0.9566733757135527,0.9864133200636991,0.0,3156,4.209792475398406,"[""ATSC7are"", ""ATSC7pe"", ""ATSC7se""]"
final,67,3,ATSC7pe,ATSC7are,ATSC7are,algorithmic_medoid,False,False,2,0.03453658488241684,0.9654634151175832,0.9445135101714672,0.9864133200636991,0.0,3156,3.849667650200328,"[""ATSC7are"", ""ATSC7pe"", ""ATSC7se""]"
final,67,3,ATSC7se,ATSC7are,ATSC7are,algorithmic_medoid,False,False,3,0.049406557057489975,0.95059344294251,0.9445135101714672,0.9566733757135527,0.0,3156,1.5598105352182612,"[""ATSC7are"", ""ATSC7pe"", ""ATSC7se""]"
final,68,1,ATSC7c,ATSC7c,ATSC7c,algorithmic_medoid,True,True,1,0.0,1.0,1.0,1.0,0.0,3156,0.05699653326757266,"[""ATSC7c""]"
final,69,1,ATSC7d,ATSC7d,ATSC7d,algorithmic_medoid,True,True,1,0.0,1.0,1.0,1.0,0.0,3156,53.5974695932439,"[""ATSC7d""]"
final,70,1,ATSC7dv,ATSC7dv,ATSC7dv,algorithmic_medoid,True,True,1,0.0,1.0,1.0,1.0,0.0,3156,3340.78824311492,"[""ATSC7dv""]"
final,71,1,ATSC7i,ATSC7i,ATSC7i,algorithmic_medoid,True,True,1,0.0,1.0,1.0,1.0,0.0,3156,309.5364665184557,"[""ATSC7i""]"
final,72,2,ATSC7v,ATSC7v,ATSC7v,algorithmic_medoid,True,True,1,0.12965076726455038,0.8703492327354496,0.8703492327354496,0.8703492327354496,0.0,3156,394387.34206828225,"[""ATSC7p"", ""ATSC7v""]"
final,72,2,ATSC7p,ATSC7v,ATSC7v,algorithmic_medoid,False,False,2,0.12965076726455038,0.8703492327354496,0.8703492327354496,0.8703492327354496,0.0,3156,11.200686661785902,"[""ATSC7p"", ""ATSC7v""]"
final,73,2,ATSC8m,ATSC8m,ATSC8m,algorithmic_medoid,True,True,1,0.0006533062708675708,0.9993466937291324,0.9993466937291324,0.9993466937291324,0.0,3156,550245.1243950251,"[""ATSC8Z"", ""ATSC8m""]"
final,73,2,ATSC8Z,ATSC8m,ATSC8m,algorithmic_medoid,False,False,2,0.0006533062708675708,0.9993466937291324,0.9993466937291324,0.9993466937291324,0.0,3156,21658.965051816995,"[""ATSC8Z"", ""ATSC8m""]"
final,74,3,ATSC8are,ATSC8are,ATSC8are,algorithmic_medoid,True,True,1,0.0282143497760331,0.9717856502239669,0.9584866711398816,0.9850846293080522,0.0,3156,3.4871578002650163,"[""ATSC8are"", ""ATSC8pe"", ""ATSC8se""]"
final,74,3,ATSC8pe,ATSC8are,ATSC8are,algorithmic_medoid,False,False,2,0.036296881203904174,0.9637031187960958,0.9423216082841396,0.9850846293080522,0.0,3156,3.152381344876009,"[""ATSC8are"", ""ATSC8pe"", ""ATSC8se""]"
final,74,3,ATSC8se,ATSC8are,ATSC8are,algorithmic_medoid,False,False,3,0.049595860287989346,0.9504041397120107,0.9423216082841396,0.9584866711398816,0.0,3156,1.3179936792232176,"[""ATSC8are"", ""ATSC8pe"", ""ATSC8se""]"
final,75,1,ATSC8c,ATSC8c,ATSC8c,algorithmic_medoid,True,True,1,0.0,1.0,1.0,1.0,0.0,3156,0.04267703953500768,"[""ATSC8c""]"
final,76,1,ATSC8d,ATSC8d,ATSC8d,algorithmic_medoid,True,True,1,0.0,1.0,1.0,1.0,0.0,3156,46.14133089647404,"[""ATSC8d""]"
final,77,1,ATSC8dv,ATSC8dv,ATSC8dv,algorithmic_medoid,True,True,1,0.0,1.0,1.0,1.0,0.0,3156,2981.388982560484,"[""ATSC8dv""]"
final,78,1,ATSC8i,ATSC8i,ATSC8i,algorithmic_medoid,True,True,1,0.0,1.0,1.0,1.0,0.0,3156,234.528446614701,"[""ATSC8i""]"
final,79,2,ATSC8v,ATSC8v,ATSC8v,algorithmic_medoid,True,True,1,0.13420295867501664,0.8657970413249834,0.8657970413249834,0.8657970413249834,0.0,3156,353500.2084160458,"[""ATSC8p"", ""ATSC8v""]"
final,79,2,ATSC8p,ATSC8v,ATSC8v,algorithmic_medoid,False,False,2,0.13420295867501664,0.8657970413249834,0.8657970413249834,0.8657970413249834,0.0,3156,7.874458880720665,"[""ATSC8p"", ""ATSC8v""]"
final,80,2,SIC0,SIC0,SIC0,algorithmic_medoid,True,True,1,0.004872311006250074,0.9951276889937499,0.9951276889937499,0.9951276889937499,0.0,3156,0.0037447774512698365,"[""BIC0"", ""SIC0""]"
final,80,2,BIC0,SIC0,SIC0,algorithmic_medoid,False,False,2,0.004872311006250074,0.9951276889937499,0.9951276889937499,0.9951276889937499,0.0,3156,0.0035600591606702874,"[""BIC0"", ""SIC0""]"
final,81,3,SIC1,SIC1,SIC1,algorithmic_medoid,True,True,1,0.041590534126972445,0.9584094658730276,0.9260536926626244,0.9907652390834308,0.0,3156,0.008261164198967347,"[""BIC1"", ""CIC1"", ""SIC1""]"
final,81,3,BIC1,SIC1,SIC1,algorithmic_medoid,False,False,2,0.043025885842779554,0.9569741141572204,0.92318298923101,0.9907652390834308,0.0,3156,0.006698274760569362,"[""BIC1"", ""CIC1"", ""SIC1""]"
final,81,3,CIC1,SIC1,SIC1,algorithmic_medoid,False,False,3,0.07538165905318284,0.9246183409468172,0.92318298923101,0.9260536926626244,0.0,3156,0.3229194134716113,"[""BIC1"", ""CIC1"", ""SIC1""]"
final,82,3,SIC2,SIC2,SIC2,algorithmic_medoid,True,True,1,0.037718467198231354,0.9622815328017686,0.9522944600056039,0.9722686055979333,0.0,3156,0.006576515755474888,"[""BIC2"", ""CIC2"", ""SIC2""]"
final,82,3,BIC2,SIC2,SIC2,algorithmic_medoid,False,False,2,0.05094476371554357,0.9490552362844564,0.9258418669709796,0.9722686055979333,0.0,3156,0.005398016591770533,"[""BIC2"", ""CIC2"", ""SIC2""]"
final,82,3,CIC2,SIC2,SIC2,algorithmic_medoid,False,False,3,0.06093183651170819,0.9390681634882918,0.9258418669709796,0.9522944600056039,0.0,3156,0.17090405419760205,"[""BIC2"", ""CIC2"", ""SIC2""]"
final,83,3,SIC3,SIC3,SIC3,algorithmic_medoid,True,True,1,0.035499944671839256,0.9645000553281607,0.9498721707571527,0.9791279398991688,0.0,3156,0.006162365983998827,"[""BIC3"", ""CIC3"", ""SIC3""]"
final,83,3,CIC3,SIC3,SIC3,algorithmic_medoid,False,False,2,0.049267386603334185,0.9507326133966658,0.9223372868941628,0.9791279398991688,0.0,3156,0.12876794920506474,"[""BIC3"", ""CIC3"", ""SIC3""]"
final,83,3,BIC3,SIC3,SIC3,algorithmic_medoid,False,False,3,0.06389527117434224,0.9361047288256578,0.9223372868941628,0.9498721707571527,0.0,3156,0.004696161835326038,"[""BIC3"", ""CIC3"", ""SIC3""]"
final,84,6,SIC4,SIC4,SIC4,algorithmic_medoid,True,True,1,0.0384054367013309,0.9615945632986691,0.9269092108618294,0.9844154398359936,0.0,3156,0.006064819367426145,"[""BIC4"", ""BIC5"", ""CIC4"", ""CIC5"", ""SIC4"", ""SIC5""]"
final,84,6,SIC5,SIC4,SIC4,algorithmic_medoid,False,False,2,0.041472950295895594,0.9585270497041044,0.9185989984563957,0.9848864925780014,0.0,3156,0.006000983193590131,"[""BIC4"", ""BIC5"", ""CIC4"", ""CIC5"", ""SIC4"", ""SIC5""]"
final,84,6,CIC4,SIC4,SIC4,algorithmic_medoid,False,False,3,0.048559163115882376,0.9514408368841176,0.9015410354793195,0.9844154398359936,0.0,3156,0.12053839064270401,"[""BIC4"", ""BIC5"", ""CIC4"", ""CIC5"", ""SIC4"", ""SIC5""]"
final,84,6,CIC5,SIC4,SIC4,algorithmic_medoid,False,False,4,0.049257126110443084,0.9507428738895569,0.8987430311727463,0.9848864925780014,0.0,3156,0.11717456486300115,"[""BIC4"", ""BIC5"", ""CIC4"", ""CIC5"", ""SIC4"", ""SIC5""]"
final,84,6,BIC5,SIC4,SIC4,algorithmic_medoid,False,False,5,0.06769035474450436,0.9323096452554956,0.9015410354793195,0.9770437292018154,0.0,3156,0.0044447262672747375,"[""BIC4"", ""BIC5"", ""CIC4"", ""CIC5"", ""SIC4"", ""SIC5""]"
final,84,6,BIC4,SIC4,SIC4,algorithmic_medoid,False,False,6,0.06817974374337887,0.9318202562566211,0.8987430311727463,0.9770437292018154,0.0,3156,0.004507626456052742,"[""BIC4"", ""BIC5"", ""CIC4"", ""CIC5"", ""SIC4"", ""SIC5""]"
final,85,1,BalabanJ,BalabanJ,BalabanJ,algorithmic_medoid,True,True,1,0.0,1.0,1.0,1.0,0.0,3156,0.27039676871347346,"[""BalabanJ""]"
final,86,5,StsC,StsC,StsC,algorithmic_medoid,True,True,1,0.0339376636153188,0.9660623363846812,0.9201646816233571,0.9997793985401893,0.0,3156,0.41955723715305543,"[""C1SP1"", ""ECFP_674"", ""NtsC"", ""StsC"", ""nBondsT""]"
final,86,5,NtsC,StsC,StsC,algorithmic_medoid,False,False,2,0.03427552894866093,0.9657244710513391,0.9183727238915388,0.9997793985401893,0.0,3156,0.07025817201347423,"[""C1SP1"", ""ECFP_674"", ""NtsC"", ""StsC"", ""nBondsT""]"
final,86,5,nBondsT,StsC,StsC,algorithmic_medoid,False,False,3,0.04132774720951882,0.9586722527904812,0.9116753114624139,0.9889796430770916,0.0,3156,0.055731453236115724,"[""C1SP1"", ""ECFP_674"", ""NtsC"", ""StsC"", ""nBondsT""]"
final,86,5,ECFP_674,StsC,StsC,algorithmic_medoid,False,False,4,0.06563204265433842,0.9343679573456616,0.8808663688478405,0.9557661186965364,0.0,3156,0.04755703020460354,"[""C1SP1"", ""ECFP_674"", ""NtsC"", ""StsC"", ""nBondsT""]"
final,86,5,C1SP1,StsC,StsC,algorithmic_medoid,False,False,5,0.09223022854371243,0.9077697714562876,0.8808663688478405,0.9201646816233571,0.0,3156,0.0460694297863044,"[""C1SP1"", ""ECFP_674"", ""NtsC"", ""StsC"", ""nBondsT""]"
final,87,1,C1SP2,C1SP2,C1SP2,algorithmic_medoid,True,True,1,0.0,1.0,1.0,1.0,0.0,3156,1.6910859232058035,"[""C1SP2""]"
final,88,1,C1SP3,C1SP3,C1SP3,algorithmic_medoid,True,True,1,0.0,1.0,1.0,1.0,0.0,3156,4.491901076429551,"[""C1SP3""]"
final,89,4,MACCS_17,MACCS_17,MACCS_17,algorithmic_medoid,True,True,1,0.1303952728088329,0.8696047271911671,0.8044115321806821,0.9999819561251806,0.0,3156,0.012513634078207804,"[""C2SP1"", ""MACCS_17"", ""NtCH"", ""StCH""]"
final,89,4,NtCH,MACCS_17,MACCS_17,algorithmic_medoid,False,False,2,0.13151350390881122,0.8684864960911888,0.8010501834336908,0.9999886115722366,0.0,3156,0.00817040710273228,"[""C2SP1"", ""MACCS_17"", ""NtCH"", ""StCH""]"
final,89,4,StCH,MACCS_17,MACCS_17,algorithmic_medoid,False,False,3,0.1315195985051799,0.8684804014948201,0.8010410607315419,0.9999886115722366,0.0,3156,0.2526916725177891,"[""C2SP1"", ""MACCS_17"", ""NtCH"", ""StCH""]"
final,89,4,C2SP1,MACCS_17,MACCS_17,algorithmic_medoid,False,False,4,0.13264226656986222,0.8673577334301378,0.8010410607315419,0.9999819561251806,0.0,3156,0.028530262432913917,"[""C2SP1"", ""MACCS_17"", ""NtCH"", ""StCH""]"
final,90,6,NaaCH,NaaCH,NaaCH,algorithmic_medoid,True,True,1,0.07118199479415188,0.9288180052058481,0.8603364358193717,0.9823050298317589,0.0,3156,10.521681196296992,"[""C2SP2"", ""NaaCH"", ""SMR_VSA7"", ""SaaCH"", ""SlogP_VSA6"", ""VSA_EState6""]"
final,90,6,SaaCH,NaaCH,NaaCH,algorithmic_medoid,False,False,2,0.0810790235364397,0.9189209764635603,0.8323389482678578,0.9823050298317589,0.0,3156,39.854233173468,"[""C2SP2"", ""NaaCH"", ""SMR_VSA7"", ""SaaCH"", ""SlogP_VSA6"", ""VSA_EState6""]"
final,90,6,SlogP_VSA6,NaaCH,NaaCH,algorithmic_medoid,False,False,3,0.08762304209881866,0.9123769579011813,0.8840192344220221,0.9400421833846515,0.0,3156,360.6887813693062,"[""C2SP2"", ""NaaCH"", ""SMR_VSA7"", ""SaaCH"", ""SlogP_VSA6"", ""VSA_EState6""]"
final,90,6,VSA_EState6,NaaCH,NaaCH,algorithmic_medoid,False,False,4,0.0964965047711892,0.9035034952288108,0.8434098557417771,0.9758160506393537,0.0,3156,39.28714362221493,"[""C2SP2"", ""NaaCH"", ""SMR_VSA7"", ""SaaCH"", ""SlogP_VSA6"", ""VSA_EState6""]"
final,90,6,SMR_VSA7,NaaCH,NaaCH,algorithmic_medoid,False,False,5,0.10555237982356347,0.8944476201764365,0.8601935813849845,0.9400421833846515,0.0,3156,521.0086915437479,"[""C2SP2"", ""NaaCH"", ""SMR_VSA7"", ""SaaCH"", ""SlogP_VSA6"", ""VSA_EState6""]"
final,90,6,C2SP2,NaaCH,NaaCH,algorithmic_medoid,False,False,6,0.1411207424720473,0.8588792575279527,0.8323389482678578,0.8886239488535492,0.0,3156,13.78561044527012,"[""C2SP2"", ""NaaCH"", ""SMR_VSA7"", ""SaaCH"", ""SlogP_VSA6"", ""VSA_EState6""]"
final,91,1,C2SP3,C2SP3,C2SP3,algorithmic_medoid,True,True,1,0.0,1.0,1.0,1.0,0.0,3156,7.35795449069188,"[""C2SP3""]"
final,92,1,C3SP2,C3SP2,C3SP2,algorithmic_medoid,True,True,1,0.0,1.0,1.0,1.0,0.0,3156,1.4785729115965565,"[""C3SP2""]"
final,93,1,C3SP3,C3SP3,C3SP3,algorithmic_medoid,True,True,1,0.0,1.0,1.0,1.0,0.0,3156,1.6985386838355654,"[""C3SP3""]"
final,94,1,C4SP3,C4SP3,C4SP3,algorithmic_medoid,True,True,1,0.0,1.0,1.0,1.0,0.0,3156,0.3599842414954676,"[""C4SP3""]"
final,95,3,FPSA1,FPSA1,FPSA1,algorithmic_medoid,True,True,1,0.038682837603741804,0.9613171623962582,0.9245330566854388,0.9981012681070777,0.0,3156,0.012190864160367743,"[""DPSA1"", ""FNSA1"", ""FPSA1""]"
final,95,3,FNSA1,FPSA1,FPSA1,algorithmic_medoid,False,False,2,0.03943742180041965,0.9605625781995804,0.9230238882920832,0.9981012681070777,0.0,3156,0.012110911057254536,"[""DPSA1"", ""FNSA1"", ""FPSA1""]"
final,95,3,DPSA1,FPSA1,FPSA1,algorithmic_medoid,False,False,3,0.076221527511239,0.923778472488761,0.9230238882920832,0.9245330566854388,0.0,3156,13816.58864560983,"[""DPSA1"", ""FNSA1"", ""FPSA1""]"
final,96,8,WPSA4,WPSA4,WPSA4,algorithmic_medoid,True,True,1,0.05114428091183265,0.9488557190881673,0.8702408759673016,0.9772741075141357,0.0,3156,24.87130501628686,"[""DPSA2"", ""FPSA2"", ""PPSA2"", ""PPSA3"", ""PPSA4"", ""WPSA2"", ""WPSA3"", ""WPSA4""]"
final,96,8,PPSA2,WPSA4,WPSA4,algorithmic_medoid,False,False,2,0.0624967787846854,0.9375032212153146,0.8218875634498679,0.9931560011743921,0.0,3156,215251.70386067452,"[""DPSA2"", ""FPSA2"", ""PPSA2"", ""PPSA3"", ""PPSA4"", ""WPSA2"", ""WPSA3"", ""WPSA4""]"
final,96,8,WPSA2,WPSA4,WPSA4,algorithmic_medoid,False,False,3,0.07416086940949651,0.9258391305905035,0.8016853816474555,0.9931560011743921,0.0,3156,156927.0726884674,"[""DPSA2"", ""FPSA2"", ""PPSA2"", ""PPSA3"", ""PPSA4"", ""WPSA2"", ""WPSA3"", ""WPSA4""]"
final,96,8,WPSA3,WPSA4,WPSA4,algorithmic_medoid,False,False,4,0.07815399123691069,0.9218460087630893,0.8773526815355555,0.9554186001119803,0.0,3156,36.742820946217435,"[""DPSA2"", ""FPSA2"", ""PPSA2"", ""PPSA3"", ""PPSA4"", ""WPSA2"", ""WPSA3"", ""WPSA4""]"
final,96,8,FPSA2,WPSA4,WPSA4,algorithmic_medoid,False,False,5,0.08123133293175999,0.91876866706824,0.8320321067430925,0.9730244653689286,0.0,3156,0.28709090584221925,"[""DPSA2"", ""FPSA2"", ""PPSA2"", ""PPSA3"", ""PPSA4"", ""WPSA2"", ""WPSA3"", ""WPSA4""]"
final,96,8,DPSA2,WPSA4,WPSA4,algorithmic_medoid,False,False,6,0.08193691679098347,0.9180630832090165,0.8088926460731326,0.9674128210606427,0.0,3156,452546.70531192713,"[""DPSA2"", ""FPSA2"", ""PPSA2"", ""PPSA3"", ""PPSA4"", ""WPSA2"", ""WPSA3"", ""WPSA4""]"
final,96,8,PPSA4,WPSA4,WPSA4,algorithmic_medoid,False,False,7,0.09804999524316194,0.9019500047568381,0.8674945121678647,0.9499504861125772,0.0,3156,31.884861610038502,"[""DPSA2"", ""FPSA2"", ""PPSA2"", ""PPSA3"", ""PPSA4"", ""WPSA2"", ""WPSA3"", ""WPSA4""]"
final,96,8,PPSA3,WPSA4,WPSA4,algorithmic_medoid,False,False,8,0.1488641829392865,0.8511358170607135,0.8016853816474555,0.9336357466713692,0.0,3156,45.18089695492458,"[""DPSA2"", ""FPSA2"", ""PPSA2"", ""PPSA3"", ""PPSA4"", ""WPSA2"", ""WPSA3"", ""WPSA4""]"
final,97,3,DPSA3,DPSA3,DPSA3,algorithmic_medoid,True,True,1,0.04318726521523286,0.9568127347847671,0.9543763692297667,0.9592491003397676,0.0,3156,387.5839387503924,"[""DPSA3"", ""PNSA3"", ""WNSA3""]"
final,97,3,WNSA3,DPSA3,DPSA3,algorithmic_medoid,False,False,2,0.052693040595713,0.947306959404287,0.9353648184688064,0.9592491003397676,0.0,3156,124.78161384612217,"[""DPSA3"", ""PNSA3"", ""WNSA3""]"
final,97,3,PNSA3,DPSA3,DPSA3,algorithmic_medoid,False,False,3,0.05512940615071349,0.9448705938492865,0.9353648184688064,0.9543763692297667,0.0,3156,236.41417170181853,"[""DPSA3"", ""PNSA3"", ""WNSA3""]"
final,98,8,MOMI-Y,MOMI-Y,MOMI-Y,algorithmic_medoid,True,True,1,0.07076428949697744,0.9292357105030226,0.8689097034218637,0.9885694691644599,0.0,3156,13523782.949903563,"[""Diameter"", ""GGI10"", ""GGI9"", ""GeomDiameter"", ""GeomRadius"", ""MOMI-X"", ""MOMI-Y"", ""Radius""]"
final,98,8,MOMI-X,MOMI-Y,MOMI-Y,algorithmic_medoid,False,False,2,0.0709021194169922,0.9290978805830078,0.8798764432396171,0.9885694691644599,0.0,3156,15602031.974746361,"[""Diameter"", ""GGI10"", ""GGI9"", ""GeomDiameter"", ""GeomRadius"", ""MOMI-X"", ""MOMI-Y"", ""Radius""]"
final,98,8,Diameter,MOMI-Y,MOMI-Y,algorithmic_medoid,False,False,3,0.074547327139865,0.925452672860135,0.8582500002004682,0.987685877295725,0.0,3156,22130774543824.645,"[""Diameter"", ""GGI10"", ""GGI9"", ""GeomDiameter"", ""GeomRadius"", ""MOMI-X"", ""MOMI-Y"", ""Radius""]"
final,98,8,Radius,MOMI-Y,MOMI-Y,algorithmic_medoid,False,False,4,0.08344902401637622,0.9165509759836238,0.8433782316545534,0.987685877295725,0.0,3156,22130776913613.69,"[""Diameter"", ""GGI10"", ""GGI9"", ""GeomDiameter"", ""GeomRadius"", ""MOMI-X"", ""MOMI-Y"", ""Radius""]"
final,98,8,GeomRadius,MOMI-Y,MOMI-Y,algorithmic_medoid,False,False,5,0.08536984345531251,0.9146301565446875,0.8287050169584638,0.9722246339535425,0.0,3156,2.62991071911907,"[""Diameter"", ""GGI10"", ""GGI9"", ""GeomDiameter"", ""GeomRadius"", ""MOMI-X"", ""MOMI-Y"", ""Radius""]"
final,98,8,GeomDiameter,MOMI-Y,MOMI-Y,algorithmic_medoid,False,False,6,0.09487221092134945,0.9051277890786505,0.814129162187096,0.9722246339535425,0.0,3156,10.363082072464321,"[""Diameter"", ""GGI10"", ""GGI9"", ""GeomDiameter"", ""GeomRadius"", ""MOMI-X"", ""MOMI-Y"", ""Radius""]"
final,98,8,GGI10,MOMI-Y,MOMI-Y,algorithmic_medoid,False,False,7,0.11843397836780134,0.8815660216321987,0.8387519089844798,0.9154954645480551,0.0,3156,0.01002668451685696,"[""Diameter"", ""GGI10"", ""GGI9"", ""GeomDiameter"", ""GeomRadius"", ""MOMI-X"", ""MOMI-Y"", ""Radius""]"
final,98,8,GGI9,MOMI-Y,MOMI-Y,algorithmic_medoid,False,False,8,0.1416079968271261,0.8583920031728739,0.814129162187096,0.9154954645480551,0.0,3156,0.019563953179907643,"[""Diameter"", ""GGI10"", ""GGI9"", ""GeomDiameter"", ""GeomRadius"", ""MOMI-X"", ""MOMI-Y"", ""Radius""]"
final,99,1,ECFP_0,ECFP_0,ECFP_0,algorithmic_medoid,True,True,1,0.0,1.0,1.0,1.0,0.0,3156,0.003158527985401296,"[""ECFP_0""]"
final,100,1,ECFP_1,ECFP_1,ECFP_1,algorithmic_medoid,True,True,1,0.0,1.0,1.0,1.0,0.0,3156,0.18150070439390797,"[""ECFP_1""]"
final,101,1,ECFP_10,ECFP_10,ECFP_10,algorithmic_medoid,True,True,1,0.0,1.0,1.0,1.0,0.0,3156,0.006609716780638725,"[""ECFP_10""]"
final,102,1,ECFP_100,ECFP_100,ECFP_100,algorithmic_medoid,True,True,1,0.0,1.0,1.0,1.0,0.0,3156,0.0041021708504612705,"[""ECFP_100""]"
final,103,1,ECFP_1000,ECFP_1000,ECFP_1000,algorithmic_medoid,True,True,1,0.0,1.0,1.0,1.0,0.0,3156,0.003473276403526949,"[""ECFP_1000""]"
final,104,1,ECFP_1001,ECFP_1001,ECFP_1001,algorithmic_medoid,True,True,1,0.0,1.0,1.0,1.0,0.0,3156,0.00473026211163961,"[""ECFP_1001""]"
final,105,1,ECFP_1002,ECFP_1002,ECFP_1002,algorithmic_medoid,True,True,1,0.0,1.0,1.0,1.0,0.0,3156,0.003787824025213607,"[""ECFP_1002""]"
final,106,1,ECFP_1003,ECFP_1003,ECFP_1003,algorithmic_medoid,True,True,1,0.0,1.0,1.0,1.0,0.0,3156,0.005984035076728338,"[""ECFP_1003""]"
final,107,1,ECFP_1004,ECFP_1004,ECFP_1004,algorithmic_medoid,True,True,1,0.0,1.0,1.0,1.0,0.0,3156,0.02410400612991369,"[""ECFP_1004""]"
final,108,1,ECFP_1005,ECFP_1005,ECFP_1005,algorithmic_medoid,True,True,1,0.0,1.0,1.0,1.0,0.0,3156,0.02560746946689348,"[""ECFP_1005""]"
final,109,1,ECFP_1006,ECFP_1006,ECFP_1006,algorithmic_medoid,True,True,1,0.0,1.0,1.0,1.0,0.0,3156,0.0050440065475702844,"[""ECFP_1006""]"
final,110,1,ECFP_1007,ECFP_1007,ECFP_1007,algorithmic_medoid,True,True,1,0.0,1.0,1.0,1.0,0.0,3156,0.0044163168792699355,"[""ECFP_1007""]"
final,111,1,ECFP_1008,ECFP_1008,ECFP_1008,algorithmic_medoid,True,True,1,0.0,1.0,1.0,1.0,0.0,3156,0.00817040710273228,"[""ECFP_1008""]"
final,112,1,ECFP_1009,ECFP_1009,ECFP_1009,algorithmic_medoid,True,True,1,0.0,1.0,1.0,1.0,0.0,3156,0.04239214420075789,"[""ECFP_1009""]"
final,113,1,ECFP_101,ECFP_101,ECFP_101,algorithmic_medoid,True,True,1,0.0,1.0,1.0,1.0,0.0,3156,0.003473276403526948,"[""ECFP_101""]"
final,114,1,ECFP_1010,ECFP_1010,ECFP_1010,algorithmic_medoid,True,True,1,0.0,1.0,1.0,1.0,0.0,3156,0.001897526348508725,"[""ECFP_1010""]"
final,115,1,ECFP_1011,ECFP_1011,ECFP_1011,algorithmic_medoid,True,True,1,0.0,1.0,1.0,1.0,0.0,3156,0.01528492613100602,"[""ECFP_1011""]"
final,116,1,ECFP_1012,ECFP_1012,ECFP_1012,algorithmic_medoid,True,True,1,0.0,1.0,1.0,1.0,0.0,3156,0.003787824025213607,"[""ECFP_1012""]"
final,117,1,ECFP_1013,ECFP_1013,ECFP_1013,algorithmic_medoid,True,True,1,0.0,1.0,1.0,1.0,0.0,3156,0.014977807977562202,"[""ECFP_1013""]"
final,118,1,ECFP_1014,ECFP_1014,ECFP_1014,algorithmic_medoid,True,True,1,0.0,1.0,1.0,1.0,0.0,3156,0.0037878240252136076,"[""ECFP_1014""]"
final,119,1,ECFP_1015,ECFP_1015,ECFP_1015,algorithmic_medoid,True,True,1,0.0,1.0,1.0,1.0,0.0,3156,0.006296976326903027,"[""ECFP_1015""]"
final,120,1,ECFP_1016,ECFP_1016,ECFP_1016,algorithmic_medoid,True,True,1,0.0,1.0,1.0,1.0,0.0,3156,0.00031675638251560997,"[""ECFP_1016""]"
final,121,1,ECFP_1017,ECFP_1017,ECFP_1017,algorithmic_medoid,True,True,1,0.0,1.0,1.0,1.0,0.0,3156,0.07427008486460696,"[""ECFP_1017""]"
final,122,1,ECFP_1018,ECFP_1018,ECFP_1018,algorithmic_medoid,True,True,1,0.0,1.0,1.0,1.0,0.0,3156,0.006296976326903027,"[""ECFP_1018""]"
final,123,1,ECFP_1019,ECFP_1019,ECFP_1019,algorithmic_medoid,True,True,1,0.0,1.0,1.0,1.0,0.0,3156,0.24830327009048697,"[""ECFP_1019""]"
final,124,1,ECFP_102,ECFP_102,ECFP_102,algorithmic_medoid,True,True,1,0.0,1.0,1.0,1.0,0.0,3156,0.03716220015067766,"[""ECFP_102""]"
final,125,1,ECFP_1020,ECFP_1020,ECFP_1020,algorithmic_medoid,True,True,1,0.0,1.0,1.0,1.0,0.0,3156,0.010346940103225438,"[""ECFP_1020""]"
final,126,1,ECFP_1021,ECFP_1021,ECFP_1021,algorithmic_medoid,True,True,1,0.0,1.0,1.0,1.0,0.0,3156,0.008481942777834001,"[""ECFP_1021""]"
final,127,1,ECFP_1022,ECFP_1022,ECFP_1022,algorithmic_medoid,True,True,1,0.0,1.0,1.0,1.0,0.0,3156,0.006609716780638728,"[""ECFP_1022""]"
final,128,1,ECFP_1023,ECFP_1023,ECFP_1023,algorithmic_medoid,True,True,1,0.0,1.0,1.0,1.0,0.0,3156,0.00473026211163961,"[""ECFP_1023""]"
final,129,1,ECFP_1024,ECFP_1024,ECFP_1024,algorithmic_medoid,True,True,1,0.0,1.0,1.0,1.0,0.0,3156,0.008793277656496729,"[""ECFP_1024""]"
final,130,1,ECFP_1025,ECFP_1025,ECFP_1025,algorithmic_medoid,True,True,1,0.0,1.0,1.0,1.0,0.0,3156,0.010346940103225436,"[""ECFP_1025""]"
final,131,1,ECFP_1026,ECFP_1026,ECFP_1026,algorithmic_medoid,True,True,1,0.0,1.0,1.0,1.0,0.0,3156,0.003473276403526948,"[""ECFP_1026""]"
final,132,1,ECFP_1027,ECFP_1027,ECFP_1027,algorithmic_medoid,True,True,1,0.0,1.0,1.0,1.0,0.0,3156,0.05490256553594176,"[""ECFP_1027""]"
final,133,1,ECFP_1028,ECFP_1028,ECFP_1028,algorithmic_medoid,True,True,1,0.0,1.0,1.0,1.0,0.0,3156,0.12540621119608816,"[""ECFP_1028""]"
final,134,1,ECFP_1029,ECFP_1029,ECFP_1029,algorithmic_medoid,True,True,1,0.0,1.0,1.0,1.0,0.0,3156,0.006296976326903027,"[""ECFP_1029""]"
final,135,1,ECFP_103,ECFP_103,ECFP_103,algorithmic_medoid,True,True,1,0.0,1.0,1.0,1.0,0.0,3156,0.005984035076728337,"[""ECFP_103""]"
final,136,1,ECFP_1030,ECFP_1030,ECFP_1030,algorithmic_medoid,True,True,1,0.0,1.0,1.0,1.0,0.0,3156,0.000949666758229843,"[""ECFP_1030""]"
final,137,1,ECFP_1031,ECFP_1031,ECFP_1031,algorithmic_medoid,True,True,1,0.0,1.0,1.0,1.0,0.0,3156,0.003158527985401296,"[""ECFP_1031""]"
final,138,1,ECFP_1032,ECFP_1032,ECFP_1032,algorithmic_medoid,True,True,1,0.0,1.0,1.0,1.0,0.0,3156,0.014362969281357576,"[""ECFP_1032""]"
final,139,1,ECFP_1033,ECFP_1033,ECFP_1033,algorithmic_medoid,True,True,1,0.0,1.0,1.0,1.0,0.0,3156,0.002843578770836647,"[""ECFP_1033""]"
final,140,1,ECFP_1034,ECFP_1034,ECFP_1034,algorithmic_medoid,True,True,1,0.0,1.0,1.0,1.0,0.0,3156,0.02410400612991369,"[""ECFP_1034""]"
final,141,1,ECFP_1035,ECFP_1035,ECFP_1035,algorithmic_medoid,True,True,1,0.0,1.0,1.0,1.0,0.0,3156,0.048980174965985085,"[""ECFP_1035""]"
final,142,1,ECFP_1036,ECFP_1036,ECFP_1036,algorithmic_medoid,True,True,1,0.0,1.0,1.0,1.0,0.0,3156,0.006922256437935429,"[""ECFP_1036""]"
final,143,1,ECFP_1037,ECFP_1037,ECFP_1037,algorithmic_medoid,True,True,1,0.0,1.0,1.0,1.0,0.0,3156,0.0018975263485087248,"[""ECFP_1037""]"
final,144,1,ECFP_1038,ECFP_1038,ECFP_1038,algorithmic_medoid,True,True,1,0.0,1.0,1.0,1.0,0.0,3156,0.007234595298793131,"[""ECFP_1038""]"
final,145,1,ECFP_1039,ECFP_1039,ECFP_1039,algorithmic_medoid,True,True,1,0.0,1.0,1.0,1.0,0.0,3156,0.1087802660472498,"[""ECFP_1039""]"
final,146,1,ECFP_104,ECFP_104,ECFP_104,algorithmic_medoid,True,True,1,0.0,1.0,1.0,1.0,0.0,3156,0.010036609206757682,"[""ECFP_104""]"
final,147,1,ECFP_1040,ECFP_1040,ECFP_1040,algorithmic_medoid,True,True,1,0.0,1.0,1.0,1.0,0.0,3156,0.0044163168792699355,"[""ECFP_1040""]"
final,148,1,ECFP_1041,ECFP_1041,ECFP_1041,algorithmic_medoid,True,True,1,0.0,1.0,1.0,1.0,0.0,3156,0.003787824025213607,"[""ECFP_1041""]"
final,149,1,ECFP_1042,ECFP_1042,ECFP_1042,algorithmic_medoid,True,True,1,0.0,1.0,1.0,1.0,0.0,3156,0.014362969281357576,"[""ECFP_1042""]"
final,150,1,ECFP_1043,ECFP_1043,ECFP_1043,algorithmic_medoid,True,True,1,0.0,1.0,1.0,1.0,0.0,3156,0.026507137911813413,"[""ECFP_1043""]"
final,151,1,ECFP_1044,ECFP_1044,ECFP_1044,algorithmic_medoid,True,True,1,0.0,1.0,1.0,1.0,0.0,3156,0.003473276403526948,"[""ECFP_1044""]"
final,152,1,ECFP_1045,ECFP_1045,ECFP_1045,algorithmic_medoid,True,True,1,0.0,1.0,1.0,1.0,0.0,3156,0.02440510039018764,"[""ECFP_1045""]"
final,153,1,ECFP_1046,ECFP_1046,ECFP_1046,algorithmic_medoid,True,True,1,0.0,1.0,1.0,1.0,0.0,3156,0.0015817739481880934,"[""ECFP_1046""]"
final,154,1,ECFP_1047,ECFP_1047,ECFP_1047,algorithmic_medoid,True,True,1,0.0,1.0,1.0,1.0,0.0,3156,0.01925918964982707,"[""ECFP_1047""]"
final,155,1,ECFP_1048,ECFP_1048,ECFP_1048,algorithmic_medoid,True,True,1,0.0,1.0,1.0,1.0,0.0,3156,0.0037878240252136085,"[""ECFP_1048""]"
final,156,1,ECFP_1049,ECFP_1049,ECFP_1049,algorithmic_medoid,True,True,1,0.0,1.0,1.0,1.0,0.0,3156,0.025006686521418547,"[""ECFP_1049""]"
final,157,1,ECFP_105,ECFP_105,ECFP_105,algorithmic_medoid,True,True,1,0.0,1.0,1.0,1.0,0.0,3156,0.01096699950684395,"[""ECFP_105""]"
final,158,1,ECFP_1050,ECFP_1050,ECFP_1050,algorithmic_medoid,True,True,1,0.0,1.0,1.0,1.0,0.0,3156,0.010966999506843949,"[""ECFP_1050""]"
final,159,1,ECFP_1051,ECFP_1051,ECFP_1051,algorithmic_medoid,True,True,1,0.0,1.0,1.0,1.0,0.0,3156,0.0041021708504612705,"[""ECFP_1051""]"
final,160,1,ECFP_1052,ECFP_1052,ECFP_1052,algorithmic_medoid,True,True,1,0.0,1.0,1.0,1.0,0.0,3156,0.0009496667582298432,"[""ECFP_1052""]"
final,161,1,ECFP_1053,ECFP_1053,ECFP_1053,algorithmic_medoid,True,True,1,0.0,1.0,1.0,1.0,0.0,3156,0.00473026211163961,"[""ECFP_1053""]"
final,162,1,ECFP_1054,ECFP_1054,ECFP_1054,algorithmic_medoid,True,True,1,0.0,1.0,1.0,1.0,0.0,3156,0.0050440065475702844,"[""ECFP_1054""]"
final,163,1,ECFP_1055,ECFP_1055,ECFP_1055,algorithmic_medoid,True,True,1,0.0,1.0,1.0,1.0,0.0,3156,0.008170407102732279,"[""ECFP_1055""]"
final,164,1,ECFP_1056,ECFP_1056,ECFP_1056,algorithmic_medoid,True,True,1,0.0,1.0,1.0,1.0,0.0,3156,0.01096699950684395,"[""ECFP_1056""]"
final,165,2,MACCS_160,MACCS_160,MACCS_160,algorithmic_medoid,True,True,1,0.006988544887049586,0.9930114551129504,0.9930114551129504,0.9930114551129504,0.0,3156,0.18150070439390797,"[""ECFP_1057"", ""MACCS_160""]"
final,165,2,ECFP_1057,MACCS_160,MACCS_160,algorithmic_medoid,False,False,2,0.006988544887049586,0.9930114551129504,0.9930114551129504,0.9930114551129504,0.0,3156,0.18050194290634378,"[""ECFP_1057"", ""MACCS_160""]"
final,166,1,ECFP_1058,ECFP_1058,ECFP_1058,algorithmic_medoid,True,True,1,0.0,1.0,1.0,1.0,0.0,3156,0.021082019723029425,"[""ECFP_1058""]"
final,167,1,ECFP_1059,ECFP_1059,ECFP_1059,algorithmic_medoid,True,True,1,0.0,1.0,1.0,1.0,0.0,3156,0.0006333119685922239,"[""ECFP_1059""]"
final,168,1,ECFP_106,ECFP_106,ECFP_106,algorithmic_medoid,True,True,1,0.0,1.0,1.0,1.0,0.0,3156,0.015898560048576676,"[""ECFP_106""]"
final,169,1,ECFP_1060,ECFP_1060,ECFP_1060,algorithmic_medoid,True,True,1,0.0,1.0,1.0,1.0,0.0,3156,0.19517042396963316,"[""ECFP_1060""]"
final,170,1,ECFP_1061,ECFP_1061,ECFP_1061,algorithmic_medoid,True,True,1,0.0,1.0,1.0,1.0,0.0,3156,0.004730262111639609,"[""ECFP_1061""]"
final,171,1,ECFP_1062,ECFP_1062,ECFP_1062,algorithmic_medoid,True,True,1,0.0,1.0,1.0,1.0,0.0,3156,0.0037878240252136085,"[""ECFP_1062""]"
final,172,1,ECFP_1063,ECFP_1063,ECFP_1063,algorithmic_medoid,True,True,1,0.0,1.0,1.0,1.0,0.0,3156,0.027105912892898393,"[""ECFP_1063""]"
final,173,1,ECFP_1064,ECFP_1064,ECFP_1064,algorithmic_medoid,True,True,1,0.0,1.0,1.0,1.0,0.0,3156,0.00473026211163961,"[""ECFP_1064""]"
final,174,1,ECFP_1065,ECFP_1065,ECFP_1065,algorithmic_medoid,True,True,1,0.0,1.0,1.0,1.0,0.0,3156,0.02077871670192652,"[""ECFP_1065""]"
final,175,1,ECFP_1066,ECFP_1066,ECFP_1066,algorithmic_medoid,True,True,1,0.0,1.0,1.0,1.0,0.0,3156,0.059632024461825396,"[""ECFP_1066""]"
final,176,1,ECFP_1067,ECFP_1067,ECFP_1067,algorithmic_medoid,True,True,1,0.0,1.0,1.0,1.0,0.0,3156,0.0044163168792699355,"[""ECFP_1067""]"
final,177,1,ECFP_1068,ECFP_1068,ECFP_1068,algorithmic_medoid,True,True,1,0.0,1.0,1.0,1.0,0.0,3156,0.010346940103225438,"[""ECFP_1068""]"
final,178,1,ECFP_1069,ECFP_1069,ECFP_1069,algorithmic_medoid,True,True,1,0.0,1.0,1.0,1.0,0.0,3156,0.0041021708504612705,"[""ECFP_1069""]"
final,179,1,ECFP_107,ECFP_107,ECFP_107,algorithmic_medoid,True,True,1,0.0,1.0,1.0,1.0,0.0,3156,0.006609716780638727,"[""ECFP_107""]"
final,180,1,ECFP_1070,ECFP_1070,ECFP_1070,algorithmic_medoid,True,True,1,0.0,1.0,1.0,1.0,0.0,3156,0.05990842076010288,"[""ECFP_1070""]"
final,181,1,ECFP_1071,ECFP_1071,ECFP_1071,algorithmic_medoid,True,True,1,0.0,1.0,1.0,1.0,0.0,3156,0.011586255724706476,"[""ECFP_1071""]"
final,182,1,ECFP_1072,ECFP_1072,ECFP_1072,algorithmic_medoid,True,True,1,0.0,1.0,1.0,1.0,0.0,3156,0.002843578770836647,"[""ECFP_1072""]"
final,183,1,ECFP_1073,ECFP_1073,ECFP_1073,algorithmic_medoid,True,True,1,0.0,1.0,1.0,1.0,0.0,3156,0.012204708756813024,"[""ECFP_1073""]"
final,184,1,ECFP_1074,ECFP_1074,ECFP_1074,algorithmic_medoid,True,True,1,0.0,1.0,1.0,1.0,0.0,3156,0.012204708756813024,"[""ECFP_1074""]"
final,185,1,ECFP_1075,ECFP_1075,ECFP_1075,algorithmic_medoid,True,True,1,0.0,1.0,1.0,1.0,0.0,3156,0.012204708756813025,"[""ECFP_1075""]"
final,186,1,ECFP_1076,ECFP_1076,ECFP_1076,algorithmic_medoid,True,True,1,0.0,1.0,1.0,1.0,0.0,3156,0.005984035076728338,"[""ECFP_1076""]"
final,187,1,ECFP_1077,ECFP_1077,ECFP_1077,algorithmic_medoid,True,True,1,0.0,1.0,1.0,1.0,0.0,3156,0.018345063861299454,"[""ECFP_1077""]"
final,188,1,ECFP_1078,ECFP_1078,ECFP_1078,algorithmic_medoid,True,True,1,0.0,1.0,1.0,1.0,0.0,3156,0.005357550187061964,"[""ECFP_1078""]"
final,189,1,ECFP_1079,ECFP_1079,ECFP_1079,algorithmic_medoid,True,True,1,0.0,1.0,1.0,1.0,0.0,3156,0.003473276403526948,"[""ECFP_1079""]"
final,190,1,ECFP_108,ECFP_108,ECFP_108,algorithmic_medoid,True,True,1,0.0,1.0,1.0,1.0,0.0,3156,0.009726077513850935,"[""ECFP_108""]"
final,191,1,ECFP_1080,ECFP_1080,ECFP_1080,algorithmic_medoid,True,True,1,0.0,1.0,1.0,1.0,0.0,3156,0.002528428759833002,"[""ECFP_1080""]"
final,192,1,ECFP_1081,ECFP_1081,ECFP_1081,algorithmic_medoid,True,True,1,0.0,1.0,1.0,1.0,0.0,3156,0.0041021708504612705,"[""ECFP_1081""]"
final,193,1,ECFP_1082,ECFP_1082,ECFP_1082,algorithmic_medoid,True,True,1,0.0,1.0,1.0,1.0,0.0,3156,0.004730262111639609,"[""ECFP_1082""]"
final,194,1,ECFP_1083,ECFP_1083,ECFP_1083,algorithmic_medoid,True,True,1,0.0,1.0,1.0,1.0,0.0,3156,0.023501215220048808,"[""ECFP_1083""]"
final,195,1,ECFP_1084,ECFP_1084,ECFP_1084,algorithmic_medoid,True,True,1,0.0,1.0,1.0,1.0,0.0,3156,0.002843578770836647,"[""ECFP_1084""]"
final,196,1,ECFP_1085,ECFP_1085,ECFP_1085,algorithmic_medoid,True,True,1,0.0,1.0,1.0,1.0,0.0,3156,0.010346940103225436,"[""ECFP_1085""]"
final,197,1,ECFP_1086,ECFP_1086,ECFP_1086,algorithmic_medoid,True,True,1,0.0,1.0,1.0,1.0,0.0,3156,0.007858670631191559,"[""ECFP_1086""]"
final,198,1,ECFP_1087,ECFP_1087,ECFP_1087,algorithmic_medoid,True,True,1,0.0,1.0,1.0,1.0,0.0,3156,0.02410400612991369,"[""ECFP_1087""]"
final,199,1,ECFP_1088,ECFP_1088,ECFP_1088,algorithmic_medoid,True,True,1,0.0,1.0,1.0,1.0,0.0,3156,0.24984729430814379,"[""ECFP_1088""]"
final,200,1,ECFP_1089,ECFP_1089,ECFP_1089,algorithmic_medoid,True,True,1,0.0,1.0,1.0,1.0,0.0,3156,0.016511390780391346,"[""ECFP_1089""]"
final,201,1,ECFP_109,ECFP_109,ECFP_109,algorithmic_medoid,True,True,1,0.0,1.0,1.0,1.0,0.0,3156,0.0031585279854012965,"[""ECFP_109""]"
final,202,1,ECFP_1090,ECFP_1090,ECFP_1090,algorithmic_medoid,True,True,1,0.0,1.0,1.0,1.0,0.0,3156,0.0015817739481880934,"[""ECFP_1090""]"
final,203,1,ECFP_1091,ECFP_1091,ECFP_1091,algorithmic_medoid,True,True,1,0.0,1.0,1.0,1.0,0.0,3156,0.012513634078207804,"[""ECFP_1091""]"
final,204,1,ECFP_1092,ECFP_1092,ECFP_1092,algorithmic_medoid,True,True,1,0.0,1.0,1.0,1.0,0.0,3156,0.005984035076728337,"[""ECFP_1092""]"
final,205,1,ECFP_1093,ECFP_1093,ECFP_1093,algorithmic_medoid,True,True,1,0.0,1.0,1.0,1.0,0.0,3156,0.011276728013994708,"[""ECFP_1093""]"
final,206,1,ECFP_1094,ECFP_1094,ECFP_1094,algorithmic_medoid,True,True,1,0.0,1.0,1.0,1.0,0.0,3156,0.002843578770836647,"[""ECFP_1094""]"
final,207,1,ECFP_1095,ECFP_1095,ECFP_1095,algorithmic_medoid,True,True,1,0.0,1.0,1.0,1.0,0.0,3156,0.010036609206757682,"[""ECFP_1095""]"
final,208,1,ECFP_1096,ECFP_1096,ECFP_1096,algorithmic_medoid,True,True,1,0.0,1.0,1.0,1.0,0.0,3156,0.018954681850090194,"[""ECFP_1096""]"
final,209,1,ECFP_1097,ECFP_1097,ECFP_1097,algorithmic_medoid,True,True,1,0.0,1.0,1.0,1.0,0.0,3156,0.033049487487169106,"[""ECFP_1097""]"
final,210,1,ECFP_1098,ECFP_1098,ECFP_1098,algorithmic_medoid,True,True,1,0.0,1.0,1.0,1.0,0.0,3156,0.005984035076728338,"[""ECFP_1098""]"
final,211,1,ECFP_1099,ECFP_1099,ECFP_1099,algorithmic_medoid,True,True,1,0.0,1.0,1.0,1.0,0.0,3156,0.014670489027679385,"[""ECFP_1099""]"
final,212,1,ECFP_11,ECFP_11,ECFP_11,algorithmic_medoid,True,True,1,0.0,1.0,1.0,1.0,0.0,3156,0.007546733363211846,"[""ECFP_11""]"
final,213,1,ECFP_110,ECFP_110,ECFP_110,algorithmic_medoid,True,True,1,0.0,1.0,1.0,1.0,0.0,3156,0.012204708756813024,"[""ECFP_110""]"
final,214,1,ECFP_1100,ECFP_1100,ECFP_1100,algorithmic_medoid,True,True,1,0.0,1.0,1.0,1.0,0.0,3156,0.012204708756813025,"[""ECFP_1100""]"
final,215,1,ECFP_1101,ECFP_1101,ECFP_1101,algorithmic_medoid,True,True,1,0.0,1.0,1.0,1.0,0.0,3156,0.04641490005959638,"[""ECFP_1101""]"
final,216,1,ECFP_1102,ECFP_1102,ECFP_1102,algorithmic_medoid,True,True,1,0.0,1.0,1.0,1.0,0.0,3156,0.012204708756813025,"[""ECFP_1102""]"
final,217,1,ECFP_1103,ECFP_1103,ECFP_1103,algorithmic_medoid,True,True,1,0.0,1.0,1.0,1.0,0.0,3156,0.002843578770836646,"[""ECFP_1103""]"
final,218,1,ECFP_1104,ECFP_1104,ECFP_1104,algorithmic_medoid,True,True,1,0.0,1.0,1.0,1.0,0.0,3156,0.01803995367224559,"[""ECFP_1104""]"
final,219,1,ECFP_1105,ECFP_1105,ECFP_1105,algorithmic_medoid,True,True,1,0.0,1.0,1.0,1.0,0.0,3156,0.009415345024505195,"[""ECFP_1105""]"
final,220,1,ECFP_1106,ECFP_1106,ECFP_1106,algorithmic_medoid,True,True,1,0.0,1.0,1.0,1.0,0.0,3156,0.0056708930301146475,"[""ECFP_1106""]"
final,221,1,ECFP_1107,ECFP_1107,ECFP_1107,algorithmic_medoid,True,True,1,0.0,1.0,1.0,1.0,0.0,3156,0.005357550187061961,"[""ECFP_1107""]"
final,222,1,ECFP_1108,ECFP_1108,ECFP_1108,algorithmic_medoid,True,True,1,0.0,1.0,1.0,1.0,0.0,3156,0.008793277656496729,"[""ECFP_1108""]"
final,223,1,ECFP_1109,ECFP_1109,ECFP_1109,algorithmic_medoid,True,True,1,0.0,1.0,1.0,1.0,0.0,3156,0.017123418326450028,"[""ECFP_1109""]"
final,224,1,ECFP_111,ECFP_111,ECFP_111,algorithmic_medoid,True,True,1,0.0,1.0,1.0,1.0,0.0,3156,0.0025284287598330026,"[""ECFP_111""]"
final,225,1,ECFP_1110,ECFP_1110,ECFP_1110,algorithmic_medoid,True,True,1,0.0,1.0,1.0,1.0,0.0,3156,0.01773464268675274,"[""ECFP_1110""]"
final,226,1,ECFP_1111,ECFP_1111,ECFP_1111,algorithmic_medoid,True,True,1,0.0,1.0,1.0,1.0,0.0,3156,0.005357550187061962,"[""ECFP_1111""]"
final,227,1,ECFP_1112,ECFP_1112,ECFP_1112,algorithmic_medoid,True,True,1,0.0,1.0,1.0,1.0,0.0,3156,0.005357550187061962,"[""ECFP_1112""]"
final,228,1,ECFP_1113,ECFP_1113,ECFP_1113,algorithmic_medoid,True,True,1,0.0,1.0,1.0,1.0,0.0,3156,0.0015817739481880932,"[""ECFP_1113""]"
final,229,1,ECFP_1114,ECFP_1114,ECFP_1114,algorithmic_medoid,True,True,1,0.0,1.0,1.0,1.0,0.0,3156,0.16335222024638527,"[""ECFP_1114""]"
final,230,1,ECFP_1115,ECFP_1115,ECFP_1115,algorithmic_medoid,True,True,1,0.0,1.0,1.0,1.0,0.0,3156,0.0056708930301146475,"[""ECFP_1115""]"
final,231,1,ECFP_1116,ECFP_1116,ECFP_1116,algorithmic_medoid,True,True,1,0.0,1.0,1.0,1.0,0.0,3156,0.007234595298793129,"[""ECFP_1116""]"
final,232,1,ECFP_1117,ECFP_1117,ECFP_1117,algorithmic_medoid,True,True,1,0.0,1.0,1.0,1.0,0.0,3156,0.0041021708504612705,"[""ECFP_1117""]"
final,233,1,ECFP_1118,ECFP_1118,ECFP_1118,algorithmic_medoid,True,True,1,0.0,1.0,1.0,1.0,0.0,3156,0.009104411738720461,"[""ECFP_1118""]"
final,234,1,ECFP_1119,ECFP_1119,ECFP_1119,algorithmic_medoid,True,True,1,0.0,1.0,1.0,1.0,0.0,3156,0.010036609206757682,"[""ECFP_1119""]"
final,235,1,ECFP_112,ECFP_112,ECFP_112,algorithmic_medoid,True,True,1,0.0,1.0,1.0,1.0,0.0,3156,0.006922256437935429,"[""ECFP_112""]"
final,236,1,ECFP_1120,ECFP_1120,ECFP_1120,algorithmic_medoid,True,True,1,0.0,1.0,1.0,1.0,0.0,3156,0.023501215220048808,"[""ECFP_1120""]"
final,237,1,ECFP_1121,ECFP_1121,ECFP_1121,algorithmic_medoid,True,True,1,0.0,1.0,1.0,1.0,0.0,3156,0.011586255724706474,"[""ECFP_1121""]"
final,238,1,ECFP_1122,ECFP_1122,ECFP_1122,algorithmic_medoid,True,True,1,0.0,1.0,1.0,1.0,0.0,3156,0.003787824025213607,"[""ECFP_1122""]"
final,239,1,ECFP_1123,ECFP_1123,ECFP_1123,algorithmic_medoid,True,True,1,0.0,1.0,1.0,1.0,0.0,3156,0.005670893030114649,"[""ECFP_1123""]"
final,240,1,ECFP_1124,ECFP_1124,ECFP_1124,algorithmic_medoid,True,True,1,0.0,1.0,1.0,1.0,0.0,3156,0.002843578770836647,"[""ECFP_1124""]"
final,241,1,ECFP_1125,ECFP_1125,ECFP_1125,algorithmic_medoid,True,True,1,0.0,1.0,1.0,1.0,0.0,3156,0.007858670631191559,"[""ECFP_1125""]"
final,242,1,ECFP_1126,ECFP_1126,ECFP_1126,algorithmic_medoid,True,True,1,0.0,1.0,1.0,1.0,0.0,3156,0.03275421632362603,"[""ECFP_1126""]"
final,243,1,ECFP_1127,ECFP_1127,ECFP_1127,algorithmic_medoid,True,True,1,0.0,1.0,1.0,1.0,0.0,3156,0.002213077952390361,"[""ECFP_1127""]"
final,244,1,ECFP_1128,ECFP_1128,ECFP_1128,algorithmic_medoid,True,True,1,0.0,1.0,1.0,1.0,0.0,3156,0.018345063861299454,"[""ECFP_1128""]"
final,245,1,ECFP_1129,ECFP_1129,ECFP_1129,algorithmic_medoid,True,True,1,0.0,1.0,1.0,1.0,0.0,3156,0.007858670631191559,"[""ECFP_1129""]"
final,246,1,ECFP_113,ECFP_113,ECFP_113,algorithmic_medoid,True,True,1,0.0,1.0,1.0,1.0,0.0,3156,0.007546733363211846,"[""ECFP_113""]"
final,247,1,ECFP_1130,ECFP_1130,ECFP_1130,algorithmic_medoid,True,True,1,0.0,1.0,1.0,1.0,0.0,3156,0.01065707020325419,"[""ECFP_1130""]"
final,248,1,ECFP_1131,ECFP_1131,ECFP_1131,algorithmic_medoid,True,True,1,0.0,1.0,1.0,1.0,0.0,3156,0.002528428759833002,"[""ECFP_1131""]"
final,249,1,ECFP_1132,ECFP_1132,ECFP_1132,algorithmic_medoid,True,True,1,0.0,1.0,1.0,1.0,0.0,3156,0.0012658207514284654,"[""ECFP_1132""]"
final,250,1,ECFP_1133,ECFP_1133,ECFP_1133,algorithmic_medoid,True,True,1,0.0,1.0,1.0,1.0,0.0,3156,0.005984035076728338,"[""ECFP_1133""]"
final,251,1,ECFP_1134,ECFP_1134,ECFP_1134,algorithmic_medoid,True,True,1,0.0,1.0,1.0,1.0,0.0,3156,0.005357550187061962,"[""ECFP_1134""]"
final,252,1,ECFP_1135,ECFP_1135,ECFP_1135,algorithmic_medoid,True,True,1,0.0,1.0,1.0,1.0,0.0,3156,0.003787824025213607,"[""ECFP_1135""]"
final,253,1,ECFP_1136,ECFP_1136,ECFP_1136,algorithmic_medoid,True,True,1,0.0,1.0,1.0,1.0,0.0,3156,0.026207449226612438,"[""ECFP_1136""]"
final,254,1,ECFP_1137,ECFP_1137,ECFP_1137,algorithmic_medoid,True,True,1,0.0,1.0,1.0,1.0,0.0,3156,0.0044163168792699355,"[""ECFP_1137""]"
final,255,1,ECFP_1138,ECFP_1138,ECFP_1138,algorithmic_medoid,True,True,1,0.0,1.0,1.0,1.0,0.0,3156,0.011276728013994708,"[""ECFP_1138""]"
final,256,1,ECFP_1139,ECFP_1139,ECFP_1139,algorithmic_medoid,True,True,1,0.0,1.0,1.0,1.0,0.0,3156,0.004730262111639608,"[""ECFP_1139""]"
final,257,1,ECFP_114,ECFP_114,ECFP_114,algorithmic_medoid,True,True,1,0.0,1.0,1.0,1.0,0.0,3156,0.09884756899767239,"[""ECFP_114""]"
final,258,1,ECFP_1140,ECFP_1140,ECFP_1140,algorithmic_medoid,True,True,1,0.0,1.0,1.0,1.0,0.0,3156,0.005670893030114649,"[""ECFP_1140""]"
final,259,1,ECFP_1141,ECFP_1141,ECFP_1141,algorithmic_medoid,True,True,1,0.0,1.0,1.0,1.0,0.0,3156,0.014362969281357576,"[""ECFP_1141""]"
final,260,1,ECFP_1142,ECFP_1142,ECFP_1142,algorithmic_medoid,True,True,1,0.0,1.0,1.0,1.0,0.0,3156,0.01003660920675768,"[""ECFP_1142""]"
final,261,1,ECFP_1143,ECFP_1143,ECFP_1143,algorithmic_medoid,True,True,1,0.0,1.0,1.0,1.0,0.0,3156,0.018039953672245593,"[""ECFP_1143""]"
final,262,1,ECFP_1144,ECFP_1144,ECFP_1144,algorithmic_medoid,True,True,1,0.0,1.0,1.0,1.0,0.0,3156,0.0050440065475702844,"[""ECFP_1144""]"
final,263,1,ECFP_1145,ECFP_1145,ECFP_1145,algorithmic_medoid,True,True,1,0.0,1.0,1.0,1.0,0.0,3156,0.16686023443385845,"[""ECFP_1145""]"
final,264,1,ECFP_1146,ECFP_1146,ECFP_1146,algorithmic_medoid,True,True,1,0.0,1.0,1.0,1.0,0.0,3156,0.010346940103225436,"[""ECFP_1146""]"
final,265,1,ECFP_1147,ECFP_1147,ECFP_1147,algorithmic_medoid,True,True,1,0.0,1.0,1.0,1.0,0.0,3156,0.018649973253914324,"[""ECFP_1147""]"
final,266,1,ECFP_1148,ECFP_1148,ECFP_1148,algorithmic_medoid,True,True,1,0.0,1.0,1.0,1.0,0.0,3156,0.01773464268675274,"[""ECFP_1148""]"
final,267,1,ECFP_1149,ECFP_1149,ECFP_1149,algorithmic_medoid,True,True,1,0.0,1.0,1.0,1.0,0.0,3156,0.026207449226612438,"[""ECFP_1149""]"
final,268,1,ECFP_115,ECFP_115,ECFP_115,algorithmic_medoid,True,True,1,0.0,1.0,1.0,1.0,0.0,3156,0.009726077513850935,"[""ECFP_115""]"
final,269,1,ECFP_1150,ECFP_1150,ECFP_1150,algorithmic_medoid,True,True,1,0.0,1.0,1.0,1.0,0.0,3156,0.022293223843051074,"[""ECFP_1150""]"
final,270,1,ECFP_1151,ECFP_1151,ECFP_1151,algorithmic_medoid,True,True,1,0.0,1.0,1.0,1.0,0.0,3156,0.0015817739481880934,"[""ECFP_1151""]"
final,271,1,ECFP_1152,ECFP_1152,ECFP_1152,algorithmic_medoid,True,True,1,0.0,1.0,1.0,1.0,0.0,3156,0.20900529861643224,"[""ECFP_1152""]"
final,272,1,ECFP_1153,ECFP_1153,ECFP_1153,algorithmic_medoid,True,True,1,0.0,1.0,1.0,1.0,0.0,3156,0.022595522881959002,"[""ECFP_1153""]"
final,273,1,ECFP_1154,ECFP_1154,ECFP_1154,algorithmic_medoid,True,True,1,0.0,1.0,1.0,1.0,0.0,3156,0.052656858162214625,"[""ECFP_1154""]"
final,274,1,ECFP_1155,ECFP_1155,ECFP_1155,algorithmic_medoid,True,True,1,0.0,1.0,1.0,1.0,0.0,3156,0.019259189649827074,"[""ECFP_1155""]"
final,275,1,ECFP_1156,ECFP_1156,ECFP_1156,algorithmic_medoid,True,True,1,0.0,1.0,1.0,1.0,0.0,3156,0.005357550187061962,"[""ECFP_1156""]"
final,276,1,ECFP_1157,ECFP_1157,ECFP_1157,algorithmic_medoid,True,True,1,0.0,1.0,1.0,1.0,0.0,3156,0.011276728013994706,"[""ECFP_1157""]"
final,277,1,ECFP_1158,ECFP_1158,ECFP_1158,algorithmic_medoid,True,True,1,0.0,1.0,1.0,1.0,0.0,3156,0.007546733363211845,"[""ECFP_1158""]"
final,278,1,ECFP_1159,ECFP_1159,ECFP_1159,algorithmic_medoid,True,True,1,0.0,1.0,1.0,1.0,0.0,3156,0.0022130779523903614,"[""ECFP_1159""]"
final,279,1,ECFP_116,ECFP_116,ECFP_116,algorithmic_medoid,True,True,1,0.0,1.0,1.0,1.0,0.0,3156,0.04755703020460354,"[""ECFP_116""]"
final,280,1,ECFP_1160,ECFP_1160,ECFP_1160,algorithmic_medoid,True,True,1,0.0,1.0,1.0,1.0,0.0,3156,0.05852443130432547,"[""ECFP_1160""]"
final,281,1,ECFP_1161,ECFP_1161,ECFP_1161,algorithmic_medoid,True,True,1,0.0,1.0,1.0,1.0,0.0,3156,0.003158527985401296,"[""ECFP_1161""]"
final,282,1,ECFP_1162,ECFP_1162,ECFP_1162,algorithmic_medoid,True,True,1,0.0,1.0,1.0,1.0,0.0,3156,0.1051855077981305,"[""ECFP_1162""]"
final,283,1,ECFP_1163,ECFP_1163,ECFP_1163,algorithmic_medoid,True,True,1,0.0,1.0,1.0,1.0,0.0,3156,0.08162967594667492,"[""ECFP_1163""]"
final,284,1,ECFP_1164,ECFP_1164,ECFP_1164,algorithmic_medoid,True,True,1,0.0,1.0,1.0,1.0,0.0,3156,0.017734642686752736,"[""ECFP_1164""]"
final,285,1,ECFP_1165,ECFP_1165,ECFP_1165,algorithmic_medoid,True,True,1,0.0,1.0,1.0,1.0,0.0,3156,0.01065707020325419,"[""ECFP_1165""]"
final,286,1,ECFP_1166,ECFP_1166,ECFP_1166,algorithmic_medoid,True,True,1,0.0,1.0,1.0,1.0,0.0,3156,0.0037878240252136085,"[""ECFP_1166""]"
final,287,1,ECFP_1167,ECFP_1167,ECFP_1167,algorithmic_medoid,True,True,1,0.0,1.0,1.0,1.0,0.0,3156,0.023199518570457864,"[""ECFP_1167""]"
final,288,1,ECFP_1168,ECFP_1168,ECFP_1168,algorithmic_medoid,True,True,1,0.0,1.0,1.0,1.0,0.0,3156,0.023501215220048804,"[""ECFP_1168""]"
final,289,1,ECFP_1169,ECFP_1169,ECFP_1169,algorithmic_medoid,True,True,1,0.0,1.0,1.0,1.0,0.0,3156,0.005357550187061961,"[""ECFP_1169""]"
final,290,1,ECFP_117,ECFP_117,ECFP_117,algorithmic_medoid,True,True,1,0.0,1.0,1.0,1.0,0.0,3156,0.028897418721617423,"[""ECFP_117""]"
final,291,1,ECFP_1170,ECFP_1170,ECFP_1170,algorithmic_medoid,True,True,1,0.0,1.0,1.0,1.0,0.0,3156,0.0041021708504612705,"[""ECFP_1170""]"
final,292,4,NsNH2,NsNH2,NsNH2,algorithmic_medoid,True,True,1,0.019933060858598473,0.9800669391414015,0.9450753573002562,0.9987165084431693,0.0,3156,0.19350301034021342,"[""ECFP_1171"", ""MACCS_84"", ""NsNH2"", ""SsNH2""]"
final,292,4,MACCS_84,NsNH2,NsNH2,algorithmic_medoid,False,False,2,0.019954503313177496,0.9800454966868225,0.9462899124131524,0.9987165084431693,0.0,3156,0.13267855622541244,"[""ECFP_1171"", ""MACCS_84"", ""NsNH2"", ""SsNH2""]"
final,292,4,SsNH2,NsNH2,NsNH2,algorithmic_medoid,False,False,3,0.022259811029396226,0.9777401889706038,0.9416815460268859,0.9964089516807791,0.0,3156,5.955856372087958,"[""ECFP_1171"", ""MACCS_84"", ""NsNH2"", ""SsNH2""]"
final,292,4,ECFP_1171,NsNH2,NsNH2,algorithmic_medoid,False,False,4,0.05565106141990184,0.9443489385800982,0.9416815460268859,0.9462899124131524,0.0,3156,0.14286616435429486,"[""ECFP_1171"", ""MACCS_84"", ""NsNH2"", ""SsNH2""]"
final,293,1,ECFP_1172,ECFP_1172,ECFP_1172,algorithmic_medoid,True,True,1,0.0,1.0,1.0,1.0,0.0,3156,0.007546733363211846,"[""ECFP_1172""]"
final,294,1,ECFP_1173,ECFP_1173,ECFP_1173,algorithmic_medoid,True,True,1,0.0,1.0,1.0,1.0,0.0,3156,0.007234595298793132,"[""ECFP_1173""]"
final,295,1,ECFP_1174,ECFP_1174,ECFP_1174,algorithmic_medoid,True,True,1,0.0,1.0,1.0,1.0,0.0,3156,0.012204708756813025,"[""ECFP_1174""]"
final,296,1,ECFP_1175,ECFP_1175,ECFP_1175,algorithmic_medoid,True,True,1,0.0,1.0,1.0,1.0,0.0,3156,0.00817040710273228,"[""ECFP_1175""]"
final,297,1,ECFP_1176,ECFP_1176,ECFP_1176,algorithmic_medoid,True,True,1,0.0,1.0,1.0,1.0,0.0,3156,0.006609716780638728,"[""ECFP_1176""]"
final,298,1,ECFP_1177,ECFP_1177,ECFP_1177,algorithmic_medoid,True,True,1,0.0,1.0,1.0,1.0,0.0,3156,0.0041021708504612705,"[""ECFP_1177""]"
final,299,1,ECFP_1178,ECFP_1178,ECFP_1178,algorithmic_medoid,True,True,1,0.0,1.0,1.0,1.0,0.0,3156,0.002528428759833002,"[""ECFP_1178""]"
final,300,1,ECFP_1179,ECFP_1179,ECFP_1179,algorithmic_medoid,True,True,1,0.0,1.0,1.0,1.0,0.0,3156,0.006609716780638725,"[""ECFP_1179""]"
final,301,1,ECFP_118,ECFP_118,ECFP_118,algorithmic_medoid,True,True,1,0.0,1.0,1.0,1.0,0.0,3156,0.030384818343477574,"[""ECFP_118""]"
final,302,1,ECFP_1180,ECFP_1180,ECFP_1180,algorithmic_medoid,True,True,1,0.0,1.0,1.0,1.0,0.0,3156,0.0018975263485087248,"[""ECFP_1180""]"
final,303,1,ECFP_1181,ECFP_1181,ECFP_1181,algorithmic_medoid,True,True,1,0.0,1.0,1.0,1.0,0.0,3156,0.03216307160722289,"[""ECFP_1181""]"
final,304,1,ECFP_1182,ECFP_1182,ECFP_1182,algorithmic_medoid,True,True,1,0.0,1.0,1.0,1.0,0.0,3156,0.02138512194769333,"[""ECFP_1182""]"
final,305,1,ECFP_1183,ECFP_1183,ECFP_1183,algorithmic_medoid,True,True,1,0.0,1.0,1.0,1.0,0.0,3156,0.006296976326903027,"[""ECFP_1183""]"
final,306,1,ECFP_1184,ECFP_1184,ECFP_1184,algorithmic_medoid,True,True,1,0.0,1.0,1.0,1.0,0.0,3156,0.013130882331680374,"[""ECFP_1184""]"
final,307,1,ECFP_1185,ECFP_1185,ECFP_1185,algorithmic_medoid,True,True,1,0.0,1.0,1.0,1.0,0.0,3156,0.0044163168792699355,"[""ECFP_1185""]"
final,308,1,ECFP_1186,ECFP_1186,ECFP_1186,algorithmic_medoid,True,True,1,0.0,1.0,1.0,1.0,0.0,3156,0.014977807977562202,"[""ECFP_1186""]"
final,309,1,ECFP_1187,ECFP_1187,ECFP_1187,algorithmic_medoid,True,True,1,0.0,1.0,1.0,1.0,0.0,3156,0.0050440065475702844,"[""ECFP_1187""]"
final,310,1,ECFP_1188,ECFP_1188,ECFP_1188,algorithmic_medoid,True,True,1,0.0,1.0,1.0,1.0,0.0,3156,0.0034732764035269475,"[""ECFP_1188""]"
final,311,1,ECFP_1189,ECFP_1189,ECFP_1189,algorithmic_medoid,True,True,1,0.0,1.0,1.0,1.0,0.0,3156,0.003787824025213607,"[""ECFP_1189""]"
final,312,1,ECFP_119,ECFP_119,ECFP_119,algorithmic_medoid,True,True,1,0.0,1.0,1.0,1.0,0.0,3156,0.062112362474518935,"[""ECFP_119""]"
final,313,1,ECFP_1190,ECFP_1190,ECFP_1190,algorithmic_medoid,True,True,1,0.0,1.0,1.0,1.0,0.0,3156,0.006609716780638728,"[""ECFP_1190""]"
final,314,1,ECFP_1191,ECFP_1191,ECFP_1191,algorithmic_medoid,True,True,1,0.0,1.0,1.0,1.0,0.0,3156,0.004730262111639609,"[""ECFP_1191""]"
final,315,1,ECFP_1192,ECFP_1192,ECFP_1192,algorithmic_medoid,True,True,1,0.0,1.0,1.0,1.0,0.0,3156,0.0041021708504612705,"[""ECFP_1192""]"
final,316,1,ECFP_1193,ECFP_1193,ECFP_1193,algorithmic_medoid,True,True,1,0.0,1.0,1.0,1.0,0.0,3156,0.007546733363211846,"[""ECFP_1193""]"
final,317,1,ECFP_1194,ECFP_1194,ECFP_1194,algorithmic_medoid,True,True,1,0.0,1.0,1.0,1.0,0.0,3156,0.027404999188782385,"[""ECFP_1194""]"
final,318,1,ECFP_1195,ECFP_1195,ECFP_1195,algorithmic_medoid,True,True,1,0.0,1.0,1.0,1.0,0.0,3156,0.0333445578542732,"[""ECFP_1195""]"
final,319,1,ECFP_1196,ECFP_1196,ECFP_1196,algorithmic_medoid,True,True,1,0.0,1.0,1.0,1.0,0.0,3156,0.007858670631191559,"[""ECFP_1196""]"
final,320,1,ECFP_1197,ECFP_1197,ECFP_1197,algorithmic_medoid,True,True,1,0.0,1.0,1.0,1.0,0.0,3156,0.006922256437935429,"[""ECFP_1197""]"
final,321,1,ECFP_1198,ECFP_1198,ECFP_1198,algorithmic_medoid,True,True,1,0.0,1.0,1.0,1.0,0.0,3156,0.0015817739481880934,"[""ECFP_1198""]"
final,322,1,ECFP_1199,ECFP_1199,ECFP_1199,algorithmic_medoid,True,True,1,0.0,1.0,1.0,1.0,0.0,3156,0.24108423651571592,"[""ECFP_1199""]"
final,323,1,ECFP_12,ECFP_12,ECFP_12,algorithmic_medoid,True,True,1,0.0,1.0,1.0,1.0,0.0,3156,0.005984035076728338,"[""ECFP_12""]"
final,324,1,ECFP_120,ECFP_120,ECFP_120,algorithmic_medoid,True,True,1,0.0,1.0,1.0,1.0,0.0,3156,0.00817040710273228,"[""ECFP_120""]"
final,325,1,ECFP_1200,ECFP_1200,ECFP_1200,algorithmic_medoid,True,True,1,0.0,1.0,1.0,1.0,0.0,3156,0.008481942777834001,"[""ECFP_1200""]"
final,326,1,ECFP_1201,ECFP_1201,ECFP_1201,algorithmic_medoid,True,True,1,0.0,1.0,1.0,1.0,0.0,3156,0.0022130779523903614,"[""ECFP_1201""]"
final,327,1,ECFP_1202,ECFP_1202,ECFP_1202,algorithmic_medoid,True,True,1,0.0,1.0,1.0,1.0,0.0,3156,0.00473026211163961,"[""ECFP_1202""]"
final,328,1,ECFP_1203,ECFP_1203,ECFP_1203,algorithmic_medoid,True,True,1,0.0,1.0,1.0,1.0,0.0,3156,0.006922256437935429,"[""ECFP_1203""]"
final,329,1,ECFP_1204,ECFP_1204,ECFP_1204,algorithmic_medoid,True,True,1,0.0,1.0,1.0,1.0,0.0,3156,0.006296976326903027,"[""ECFP_1204""]"
final,330,1,ECFP_1205,ECFP_1205,ECFP_1205,algorithmic_medoid,True,True,1,0.0,1.0,1.0,1.0,0.0,3156,0.02077871670192652,"[""ECFP_1205""]"
final,331,1,ECFP_1206,ECFP_1206,ECFP_1206,algorithmic_medoid,True,True,1,0.0,1.0,1.0,1.0,0.0,3156,0.003787824025213607,"[""ECFP_1206""]"
final,332,1,ECFP_1207,ECFP_1207,ECFP_1207,algorithmic_medoid,True,True,1,0.0,1.0,1.0,1.0,0.0,3156,0.0041021708504612705,"[""ECFP_1207""]"
final,333,1,ECFP_1208,ECFP_1208,ECFP_1208,algorithmic_medoid,True,True,1,0.0,1.0,1.0,1.0,0.0,3156,0.011586255724706474,"[""ECFP_1208""]"
final,334,1,ECFP_1209,ECFP_1209,ECFP_1209,algorithmic_medoid,True,True,1,0.0,1.0,1.0,1.0,0.0,3156,0.011276728013994708,"[""ECFP_1209""]"
final,335,1,ECFP_121,ECFP_121,ECFP_121,algorithmic_medoid,True,True,1,0.0,1.0,1.0,1.0,0.0,3156,0.008481942777834001,"[""ECFP_121""]"
final,336,1,ECFP_1210,ECFP_1210,ECFP_1210,algorithmic_medoid,True,True,1,0.0,1.0,1.0,1.0,0.0,3156,0.010657070203254187,"[""ECFP_1210""]"
final,337,1,ECFP_1211,ECFP_1211,ECFP_1211,algorithmic_medoid,True,True,1,0.0,1.0,1.0,1.0,0.0,3156,0.008481942777834001,"[""ECFP_1211""]"
final,338,1,ECFP_1212,ECFP_1212,ECFP_1212,algorithmic_medoid,True,True,1,0.0,1.0,1.0,1.0,0.0,3156,0.003473276403526949,"[""ECFP_1212""]"
final,339,1,ECFP_1213,ECFP_1213,ECFP_1213,algorithmic_medoid,True,True,1,0.0,1.0,1.0,1.0,0.0,3156,0.003473276403526948,"[""ECFP_1213""]"
final,340,1,ECFP_1214,ECFP_1214,ECFP_1214,algorithmic_medoid,True,True,1,0.0,1.0,1.0,1.0,0.0,3156,0.006922256437935429,"[""ECFP_1214""]"
final,341,1,ECFP_1215,ECFP_1215,ECFP_1215,algorithmic_medoid,True,True,1,0.0,1.0,1.0,1.0,0.0,3156,0.0006333119685922239,"[""ECFP_1215""]"
final,342,1,ECFP_1216,ECFP_1216,ECFP_1216,algorithmic_medoid,True,True,1,0.0,1.0,1.0,1.0,0.0,3156,0.00473026211163961,"[""ECFP_1216""]"
final,343,1,ECFP_1217,ECFP_1217,ECFP_1217,algorithmic_medoid,True,True,1,0.0,1.0,1.0,1.0,0.0,3156,0.009726077513850935,"[""ECFP_1217""]"
final,344,1,ECFP_1218,ECFP_1218,ECFP_1218,algorithmic_medoid,True,True,1,0.0,1.0,1.0,1.0,0.0,3156,0.00817040710273228,"[""ECFP_1218""]"
final,345,1,ECFP_1219,ECFP_1219,ECFP_1219,algorithmic_medoid,True,True,1,0.0,1.0,1.0,1.0,0.0,3156,0.013747327399396965,"[""ECFP_1219""]"
final,346,1,ECFP_122,ECFP_122,ECFP_122,algorithmic_medoid,True,True,1,0.0,1.0,1.0,1.0,0.0,3156,0.007858670631191559,"[""ECFP_122""]"
final,347,1,ECFP_1220,ECFP_1220,ECFP_1220,algorithmic_medoid,True,True,1,0.0,1.0,1.0,1.0,0.0,3156,0.003158527985401296,"[""ECFP_1220""]"
final,348,1,ECFP_1221,ECFP_1221,ECFP_1221,algorithmic_medoid,True,True,1,0.0,1.0,1.0,1.0,0.0,3156,0.009104411738720461,"[""ECFP_1221""]"
final,349,1,ECFP_1222,ECFP_1222,ECFP_1222,algorithmic_medoid,True,True,1,0.0,1.0,1.0,1.0,0.0,3156,0.003787824025213607,"[""ECFP_1222""]"
final,350,1,ECFP_1223,ECFP_1223,ECFP_1223,algorithmic_medoid,True,True,1,0.0,1.0,1.0,1.0,0.0,3156,0.018345063861299454,"[""ECFP_1223""]"
final,351,1,ECFP_1224,ECFP_1224,ECFP_1224,algorithmic_medoid,True,True,1,0.0,1.0,1.0,1.0,0.0,3156,0.02229322384305107,"[""ECFP_1224""]"
final,352,1,ECFP_1225,ECFP_1225,ECFP_1225,algorithmic_medoid,True,True,1,0.0,1.0,1.0,1.0,0.0,3156,0.004730262111639609,"[""ECFP_1225""]"
final,353,1,ECFP_1226,ECFP_1226,ECFP_1226,algorithmic_medoid,True,True,1,0.0,1.0,1.0,1.0,0.0,3156,0.0041021708504612705,"[""ECFP_1226""]"
final,354,1,ECFP_1227,ECFP_1227,ECFP_1227,algorithmic_medoid,True,True,1,0.0,1.0,1.0,1.0,0.0,3156,0.009726077513850935,"[""ECFP_1227""]"
final,355,1,ECFP_1228,ECFP_1228,ECFP_1228,algorithmic_medoid,True,True,1,0.0,1.0,1.0,1.0,0.0,3156,0.007234595298793132,"[""ECFP_1228""]"
final,356,1,ECFP_1229,ECFP_1229,ECFP_1229,algorithmic_medoid,True,True,1,0.0,1.0,1.0,1.0,0.0,3156,0.0025284287598330026,"[""ECFP_1229""]"
final,357,1,ECFP_123,ECFP_123,ECFP_123,algorithmic_medoid,True,True,1,0.0,1.0,1.0,1.0,0.0,3156,0.005357550187061962,"[""ECFP_123""]"
final,358,1,ECFP_1230,ECFP_1230,ECFP_1230,algorithmic_medoid,True,True,1,0.0,1.0,1.0,1.0,0.0,3156,0.003158527985401296,"[""ECFP_1230""]"
final,359,1,ECFP_1231,ECFP_1231,ECFP_1231,algorithmic_medoid,True,True,1,0.0,1.0,1.0,1.0,0.0,3156,0.005984035076728338,"[""ECFP_1231""]"
final,360,1,ECFP_1232,ECFP_1232,ECFP_1232,algorithmic_medoid,True,True,1,0.0,1.0,1.0,1.0,0.0,3156,0.0056708930301146475,"[""ECFP_1232""]"
final,361,1,ECFP_1233,ECFP_1233,ECFP_1233,algorithmic_medoid,True,True,1,0.0,1.0,1.0,1.0,0.0,3156,0.01405524873859677,"[""ECFP_1233""]"
final,362,1,ECFP_1234,ECFP_1234,ECFP_1234,algorithmic_medoid,True,True,1,0.0,1.0,1.0,1.0,0.0,3156,0.002843578770836647,"[""ECFP_1234""]"
final,363,1,ECFP_1235,ECFP_1235,ECFP_1235,algorithmic_medoid,True,True,1,0.0,1.0,1.0,1.0,0.0,3156,0.023501215220048798,"[""ECFP_1235""]"
final,364,1,ECFP_1236,ECFP_1236,ECFP_1236,algorithmic_medoid,True,True,1,0.0,1.0,1.0,1.0,0.0,3156,0.10710833449795266,"[""ECFP_1236""]"
final,365,1,ECFP_1237,ECFP_1237,ECFP_1237,algorithmic_medoid,True,True,1,0.0,1.0,1.0,1.0,0.0,3156,0.0044163168792699355,"[""ECFP_1237""]"
final,366,1,ECFP_1238,ECFP_1238,ECFP_1238,algorithmic_medoid,True,True,1,0.0,1.0,1.0,1.0,0.0,3156,0.05490256553594176,"[""ECFP_1238""]"
final,367,1,ECFP_1239,ECFP_1239,ECFP_1239,algorithmic_medoid,True,True,1,0.0,1.0,1.0,1.0,0.0,3156,0.011895582638979248,"[""ECFP_1239""]"
final,368,1,ECFP_124,ECFP_124,ECFP_124,algorithmic_medoid,True,True,1,0.0,1.0,1.0,1.0,0.0,3156,0.01065707020325419,"[""ECFP_124""]"
final,369,1,ECFP_1240,ECFP_1240,ECFP_1240,algorithmic_medoid,True,True,1,0.0,1.0,1.0,1.0,0.0,3156,0.005670893030114649,"[""ECFP_1240""]"
final,370,1,ECFP_1241,ECFP_1241,ECFP_1241,algorithmic_medoid,True,True,1,0.0,1.0,1.0,1.0,0.0,3156,0.002843578770836647,"[""ECFP_1241""]"
final,371,1,ECFP_1242,ECFP_1242,ECFP_1242,algorithmic_medoid,True,True,1,0.0,1.0,1.0,1.0,0.0,3156,0.002213077952390361,"[""ECFP_1242""]"
final,372,1,ECFP_1243,ECFP_1243,ECFP_1243,algorithmic_medoid,True,True,1,0.0,1.0,1.0,1.0,0.0,3156,0.057413625403801655,"[""ECFP_1243""]"
final,373,1,ECFP_1244,ECFP_1244,ECFP_1244,algorithmic_medoid,True,True,1,0.0,1.0,1.0,1.0,0.0,3156,0.0044163168792699355,"[""ECFP_1244""]"
final,374,1,ECFP_1245,ECFP_1245,ECFP_1245,algorithmic_medoid,True,True,1,0.0,1.0,1.0,1.0,0.0,3156,0.026507137911813413,"[""ECFP_1245""]"
final,375,1,ECFP_1246,ECFP_1246,ECFP_1246,algorithmic_medoid,True,True,1,0.0,1.0,1.0,1.0,0.0,3156,0.0034732764035269475,"[""ECFP_1246""]"
final,376,1,ECFP_1247,ECFP_1247,ECFP_1247,algorithmic_medoid,True,True,1,0.0,1.0,1.0,1.0,0.0,3156,0.003473276403526948,"[""ECFP_1247""]"
final,377,1,ECFP_1248,ECFP_1248,ECFP_1248,algorithmic_medoid,True,True,1,0.0,1.0,1.0,1.0,0.0,3156,0.0018975263485087248,"[""ECFP_1248""]"
final,378,1,ECFP_1249,ECFP_1249,ECFP_1249,algorithmic_medoid,True,True,1,0.0,1.0,1.0,1.0,0.0,3156,0.01681750495164019,"[""ECFP_1249""]"
final,379,1,ECFP_125,ECFP_125,ECFP_125,algorithmic_medoid,True,True,1,0.0,1.0,1.0,1.0,0.0,3156,0.00817040710273228,"[""ECFP_125""]"
final,380,1,ECFP_1250,ECFP_1250,ECFP_1250,algorithmic_medoid,True,True,1,0.0,1.0,1.0,1.0,0.0,3156,0.011586255724706474,"[""ECFP_1250""]"
final,381,1,ECFP_1251,ECFP_1251,ECFP_1251,algorithmic_medoid,True,True,1,0.0,1.0,1.0,1.0,0.0,3156,0.0022130779523903614,"[""ECFP_1251""]"
final,382,1,ECFP_1252,ECFP_1252,ECFP_1252,algorithmic_medoid,True,True,1,0.0,1.0,1.0,1.0,0.0,3156,0.007546733363211846,"[""ECFP_1252""]"
final,383,1,ECFP_1253,ECFP_1253,ECFP_1253,algorithmic_medoid,True,True,1,0.0,1.0,1.0,1.0,0.0,3156,0.002213077952390361,"[""ECFP_1253""]"
final,384,1,ECFP_1254,ECFP_1254,ECFP_1254,algorithmic_medoid,True,True,1,0.0,1.0,1.0,1.0,0.0,3156,0.003158527985401296,"[""ECFP_1254""]"
final,385,1,ECFP_1255,ECFP_1255,ECFP_1255,algorithmic_medoid,True,True,1,0.0,1.0,1.0,1.0,0.0,3156,0.010036609206757682,"[""ECFP_1255""]"
final,386,1,ECFP_1256,ECFP_1256,ECFP_1256,algorithmic_medoid,True,True,1,0.0,1.0,1.0,1.0,0.0,3156,0.01925918964982707,"[""ECFP_1256""]"
final,387,1,ECFP_1257,ECFP_1257,ECFP_1257,algorithmic_medoid,True,True,1,0.0,1.0,1.0,1.0,0.0,3156,0.08934025920410718,"[""ECFP_1257""]"
final,388,1,ECFP_1258,ECFP_1258,ECFP_1258,algorithmic_medoid,True,True,1,0.0,1.0,1.0,1.0,0.0,3156,0.005670893030114649,"[""ECFP_1258""]"
final,389,1,ECFP_1259,ECFP_1259,ECFP_1259,algorithmic_medoid,True,True,1,0.0,1.0,1.0,1.0,0.0,3156,0.002843578770836647,"[""ECFP_1259""]"
final,390,1,ECFP_126,ECFP_126,ECFP_126,algorithmic_medoid,True,True,1,0.0,1.0,1.0,1.0,0.0,3156,0.0056708930301146475,"[""ECFP_126""]"
final,391,1,ECFP_1260,ECFP_1260,ECFP_1260,algorithmic_medoid,True,True,1,0.0,1.0,1.0,1.0,0.0,3156,0.018649973253914324,"[""ECFP_1260""]"
final,392,1,ECFP_1261,ECFP_1261,ECFP_1261,algorithmic_medoid,True,True,1,0.0,1.0,1.0,1.0,0.0,3156,0.0321630716072229,"[""ECFP_1261""]"
final,393,1,ECFP_1262,ECFP_1262,ECFP_1262,algorithmic_medoid,True,True,1,0.0,1.0,1.0,1.0,0.0,3156,0.0025284287598330017,"[""ECFP_1262""]"
final,394,1,ECFP_1263,ECFP_1263,ECFP_1263,algorithmic_medoid,True,True,1,0.0,1.0,1.0,1.0,0.0,3156,0.005984035076728338,"[""ECFP_1263""]"
final,395,1,ECFP_1264,ECFP_1264,ECFP_1264,algorithmic_medoid,True,True,1,0.0,1.0,1.0,1.0,0.0,3156,0.011586255724706476,"[""ECFP_1264""]"
final,396,1,ECFP_1265,ECFP_1265,ECFP_1265,algorithmic_medoid,True,True,1,0.0,1.0,1.0,1.0,0.0,3156,0.011895582638979245,"[""ECFP_1265""]"
final,397,1,ECFP_1266,ECFP_1266,ECFP_1266,algorithmic_medoid,True,True,1,0.0,1.0,1.0,1.0,0.0,3156,0.006609716780638725,"[""ECFP_1266""]"
final,398,1,ECFP_1267,ECFP_1267,ECFP_1267,algorithmic_medoid,True,True,1,0.0,1.0,1.0,1.0,0.0,3156,0.022897621124427933,"[""ECFP_1267""]"
final,399,1,ECFP_1268,ECFP_1268,ECFP_1268,algorithmic_medoid,True,True,1,0.0,1.0,1.0,1.0,0.0,3156,0.00473026211163961,"[""ECFP_1268""]"
final,400,1,ECFP_1269,ECFP_1269,ECFP_1269,algorithmic_medoid,True,True,1,0.0,1.0,1.0,1.0,0.0,3156,0.00567089303011465,"[""ECFP_1269""]"
final,401,1,ECFP_127,ECFP_127,ECFP_127,algorithmic_medoid,True,True,1,0.0,1.0,1.0,1.0,0.0,3156,0.0037878240252136076,"[""ECFP_127""]"
final,402,1,ECFP_1270,ECFP_1270,ECFP_1270,algorithmic_medoid,True,True,1,0.0,1.0,1.0,1.0,0.0,3156,0.011276728013994708,"[""ECFP_1270""]"
final,403,1,ECFP_1271,ECFP_1271,ECFP_1271,algorithmic_medoid,True,True,1,0.0,1.0,1.0,1.0,0.0,3156,0.002528428759833003,"[""ECFP_1271""]"
final,404,1,ECFP_1272,ECFP_1272,ECFP_1272,algorithmic_medoid,True,True,1,0.0,1.0,1.0,1.0,0.0,3156,0.0025284287598330026,"[""ECFP_1272""]"
final,405,1,ECFP_1273,ECFP_1273,ECFP_1273,algorithmic_medoid,True,True,1,0.0,1.0,1.0,1.0,0.0,3156,0.007234595298793129,"[""ECFP_1273""]"
final,406,1,ECFP_1274,ECFP_1274,ECFP_1274,algorithmic_medoid,True,True,1,0.0,1.0,1.0,1.0,0.0,3156,0.1146711315762842,"[""ECFP_1274""]"
final,407,1,ECFP_1275,ECFP_1275,ECFP_1275,algorithmic_medoid,True,True,1,0.0,1.0,1.0,1.0,0.0,3156,0.0037878240252136085,"[""ECFP_1275""]"
final,408,1,ECFP_1276,ECFP_1276,ECFP_1276,algorithmic_medoid,True,True,1,0.0,1.0,1.0,1.0,0.0,3156,0.007858670631191559,"[""ECFP_1276""]"
final,409,1,ECFP_1277,ECFP_1277,ECFP_1277,algorithmic_medoid,True,True,1,0.0,1.0,1.0,1.0,0.0,3156,0.008793277656496729,"[""ECFP_1277""]"
final,410,1,ECFP_1278,ECFP_1278,ECFP_1278,algorithmic_medoid,True,True,1,0.0,1.0,1.0,1.0,0.0,3156,0.00817040710273228,"[""ECFP_1278""]"
final,411,1,ECFP_1279,ECFP_1279,ECFP_1279,algorithmic_medoid,True,True,1,0.0,1.0,1.0,1.0,0.0,3156,0.09060778672526709,"[""ECFP_1279""]"
final,412,1,ECFP_128,ECFP_128,ECFP_128,algorithmic_medoid,True,True,1,0.0,1.0,1.0,1.0,0.0,3156,0.003787824025213607,"[""ECFP_128""]"
final,413,1,ECFP_1280,ECFP_1280,ECFP_1280,algorithmic_medoid,True,True,1,0.0,1.0,1.0,1.0,0.0,3156,0.02830105329780039,"[""ECFP_1280""]"
final,414,1,ECFP_1281,ECFP_1281,ECFP_1281,algorithmic_medoid,True,True,1,0.0,1.0,1.0,1.0,0.0,3156,0.007234595298793132,"[""ECFP_1281""]"
final,415,1,ECFP_1282,ECFP_1282,ECFP_1282,algorithmic_medoid,True,True,1,0.0,1.0,1.0,1.0,0.0,3156,0.014977807977562202,"[""ECFP_1282""]"
final,416,1,ECFP_1283,ECFP_1283,ECFP_1283,algorithmic_medoid,True,True,1,0.0,1.0,1.0,1.0,0.0,3156,0.006296976326903027,"[""ECFP_1283""]"
final,417,1,ECFP_1284,ECFP_1284,ECFP_1284,algorithmic_medoid,True,True,1,0.0,1.0,1.0,1.0,0.0,3156,0.001897526348508725,"[""ECFP_1284""]"
final,418,1,ECFP_1285,ECFP_1285,ECFP_1285,algorithmic_medoid,True,True,1,0.0,1.0,1.0,1.0,0.0,3156,0.02560746946689348,"[""ECFP_1285""]"
final,419,1,ECFP_1286,ECFP_1286,ECFP_1286,algorithmic_medoid,True,True,1,0.0,1.0,1.0,1.0,0.0,3156,0.013130882331680376,"[""ECFP_1286""]"
final,420,1,ECFP_1287,ECFP_1287,ECFP_1287,algorithmic_medoid,True,True,1,0.0,1.0,1.0,1.0,0.0,3156,0.014977807977562202,"[""ECFP_1287""]"
final,421,1,ECFP_1288,ECFP_1288,ECFP_1288,algorithmic_medoid,True,True,1,0.0,1.0,1.0,1.0,0.0,3156,0.01282235860316359,"[""ECFP_1288""]"
final,422,1,ECFP_1289,ECFP_1289,ECFP_1289,algorithmic_medoid,True,True,1,0.0,1.0,1.0,1.0,0.0,3156,0.002843578770836647,"[""ECFP_1289""]"
final,423,1,ECFP_129,ECFP_129,ECFP_129,algorithmic_medoid,True,True,1,0.0,1.0,1.0,1.0,0.0,3156,0.002843578770836647,"[""ECFP_129""]"
final,424,1,ECFP_1290,ECFP_1290,ECFP_1290,algorithmic_medoid,True,True,1,0.0,1.0,1.0,1.0,0.0,3156,0.021082019723029425,"[""ECFP_1290""]"
final,425,1,ECFP_1291,ECFP_1291,ECFP_1291,algorithmic_medoid,True,True,1,0.0,1.0,1.0,1.0,0.0,3156,0.005357550187061962,"[""ECFP_1291""]"
final,426,1,ECFP_1292,ECFP_1292,ECFP_1292,algorithmic_medoid,True,True,1,0.0,1.0,1.0,1.0,0.0,3156,0.08704605949036255,"[""ECFP_1292""]"
final,427,1,ECFP_1293,ECFP_1293,ECFP_1293,algorithmic_medoid,True,True,1,0.0,1.0,1.0,1.0,0.0,3156,0.0050440065475702844,"[""ECFP_1293""]"
final,428,1,ECFP_1294,ECFP_1294,ECFP_1294,algorithmic_medoid,True,True,1,0.0,1.0,1.0,1.0,0.0,3156,0.025307178392375517,"[""ECFP_1294""]"
final,429,1,ECFP_1295,ECFP_1295,ECFP_1295,algorithmic_medoid,True,True,1,0.0,1.0,1.0,1.0,0.0,3156,0.08032700904869072,"[""ECFP_1295""]"
final,430,1,ECFP_1296,ECFP_1296,ECFP_1296,algorithmic_medoid,True,True,1,0.0,1.0,1.0,1.0,0.0,3156,0.013130882331680376,"[""ECFP_1296""]"
final,431,1,ECFP_1297,ECFP_1297,ECFP_1297,algorithmic_medoid,True,True,1,0.0,1.0,1.0,1.0,0.0,3156,0.005984035076728338,"[""ECFP_1297""]"
final,432,1,ECFP_1298,ECFP_1298,ECFP_1298,algorithmic_medoid,True,True,1,0.0,1.0,1.0,1.0,0.0,3156,0.011895582638979248,"[""ECFP_1298""]"
final,433,1,ECFP_1299,ECFP_1299,ECFP_1299,algorithmic_medoid,True,True,1,0.0,1.0,1.0,1.0,0.0,3156,0.009415345024505195,"[""ECFP_1299""]"
final,434,1,ECFP_13,ECFP_13,ECFP_13,algorithmic_medoid,True,True,1,0.0,1.0,1.0,1.0,0.0,3156,0.05518237537368217,"[""ECFP_13""]"
final,435,1,ECFP_130,ECFP_130,ECFP_130,algorithmic_medoid,True,True,1,0.0,1.0,1.0,1.0,0.0,3156,0.02830105329780039,"[""ECFP_130""]"
final,436,1,ECFP_1300,ECFP_1300,ECFP_1300,algorithmic_medoid,True,True,1,0.0,1.0,1.0,1.0,0.0,3156,0.008170407102732282,"[""ECFP_1300""]"
final,437,1,ECFP_1301,ECFP_1301,ECFP_1301,algorithmic_medoid,True,True,1,0.0,1.0,1.0,1.0,0.0,3156,0.0031585279854012965,"[""ECFP_1301""]"
final,438,1,ECFP_1302,ECFP_1302,ECFP_1302,algorithmic_medoid,True,True,1,0.0,1.0,1.0,1.0,0.0,3156,0.010657070203254187,"[""ECFP_1302""]"
final,439,1,ECFP_1303,ECFP_1303,ECFP_1303,algorithmic_medoid,True,True,1,0.0,1.0,1.0,1.0,0.0,3156,0.008481942777834001,"[""ECFP_1303""]"
final,440,1,ECFP_1304,ECFP_1304,ECFP_1304,algorithmic_medoid,True,True,1,0.0,1.0,1.0,1.0,0.0,3156,0.00473026211163961,"[""ECFP_1304""]"
final,441,1,ECFP_1305,ECFP_1305,ECFP_1305,algorithmic_medoid,True,True,1,0.0,1.0,1.0,1.0,0.0,3156,0.00817040710273228,"[""ECFP_1305""]"
final,442,1,ECFP_1306,ECFP_1306,ECFP_1306,algorithmic_medoid,True,True,1,0.0,1.0,1.0,1.0,0.0,3156,0.011276728013994708,"[""ECFP_1306""]"
final,443,1,ECFP_1307,ECFP_1307,ECFP_1307,algorithmic_medoid,True,True,1,0.0,1.0,1.0,1.0,0.0,3156,0.01528492613100602,"[""ECFP_1307""]"
final,444,1,ECFP_1308,ECFP_1308,ECFP_1308,algorithmic_medoid,True,True,1,0.0,1.0,1.0,1.0,0.0,3156,0.04641490005959638,"[""ECFP_1308""]"
final,445,1,ECFP_1309,ECFP_1309,ECFP_1309,algorithmic_medoid,True,True,1,0.0,1.0,1.0,1.0,0.0,3156,0.05462255490176235,"[""ECFP_1309""]"
final,446,1,ECFP_131,ECFP_131,ECFP_131,algorithmic_medoid,True,True,1,0.0,1.0,1.0,1.0,0.0,3156,0.0037878240252136076,"[""ECFP_131""]"
final,447,1,ECFP_1310,ECFP_1310,ECFP_1310,algorithmic_medoid,True,True,1,0.0,1.0,1.0,1.0,0.0,3156,0.003473276403526949,"[""ECFP_1310""]"
final,448,1,ECFP_1311,ECFP_1311,ECFP_1311,algorithmic_medoid,True,True,1,0.0,1.0,1.0,1.0,0.0,3156,0.006296976326903027,"[""ECFP_1311""]"
final,449,1,ECFP_1312,ECFP_1312,ECFP_1312,algorithmic_medoid,True,True,1,0.0,1.0,1.0,1.0,0.0,3156,0.02949298095967846,"[""ECFP_1312""]"
final,450,1,ECFP_1313,ECFP_1313,ECFP_1313,algorithmic_medoid,True,True,1,0.0,1.0,1.0,1.0,0.0,3156,0.033049487487169106,"[""ECFP_1313""]"
final,451,1,ECFP_1314,ECFP_1314,ECFP_1314,algorithmic_medoid,True,True,1,0.0,1.0,1.0,1.0,0.0,3156,0.008481942777834001,"[""ECFP_1314""]"
final,452,1,ECFP_1315,ECFP_1315,ECFP_1315,algorithmic_medoid,True,True,1,0.0,1.0,1.0,1.0,0.0,3156,0.0015817739481880934,"[""ECFP_1315""]"
final,453,1,ECFP_1316,ECFP_1316,ECFP_1316,algorithmic_medoid,True,True,1,0.0,1.0,1.0,1.0,0.0,3156,0.0037878240252136076,"[""ECFP_1316""]"
final,454,1,ECFP_1317,ECFP_1317,ECFP_1317,algorithmic_medoid,True,True,1,0.0,1.0,1.0,1.0,0.0,3156,0.011895582638979248,"[""ECFP_1317""]"
final,455,1,ECFP_1318,ECFP_1318,ECFP_1318,algorithmic_medoid,True,True,1,0.0,1.0,1.0,1.0,0.0,3156,0.010036609206757682,"[""ECFP_1318""]"
final,456,1,ECFP_1319,ECFP_1319,ECFP_1319,algorithmic_medoid,True,True,1,0.0,1.0,1.0,1.0,0.0,3156,0.003787824025213607,"[""ECFP_1319""]"
final,457,1,ECFP_132,ECFP_132,ECFP_132,algorithmic_medoid,True,True,1,0.0,1.0,1.0,1.0,0.0,3156,0.006609716780638728,"[""ECFP_132""]"
final,458,1,ECFP_1320,ECFP_1320,ECFP_1320,algorithmic_medoid,True,True,1,0.0,1.0,1.0,1.0,0.0,3156,0.0037878240252136076,"[""ECFP_1320""]"
final,459,1,ECFP_1321,ECFP_1321,ECFP_1321,algorithmic_medoid,True,True,1,0.0,1.0,1.0,1.0,0.0,3156,0.011276728013994708,"[""ECFP_1321""]"
final,460,1,ECFP_1322,ECFP_1322,ECFP_1322,algorithmic_medoid,True,True,1,0.0,1.0,1.0,1.0,0.0,3156,0.0041021708504612705,"[""ECFP_1322""]"
final,461,1,ECFP_1323,ECFP_1323,ECFP_1323,algorithmic_medoid,True,True,1,0.0,1.0,1.0,1.0,0.0,3156,0.00817040710273228,"[""ECFP_1323""]"
final,462,1,ECFP_1324,ECFP_1324,ECFP_1324,algorithmic_medoid,True,True,1,0.0,1.0,1.0,1.0,0.0,3156,0.015898560048576676,"[""ECFP_1324""]"
final,463,1,ECFP_1325,ECFP_1325,ECFP_1325,algorithmic_medoid,True,True,1,0.0,1.0,1.0,1.0,0.0,3156,0.17400858766210295,"[""ECFP_1325""]"
final,464,1,ECFP_1326,ECFP_1326,ECFP_1326,algorithmic_medoid,True,True,1,0.0,1.0,1.0,1.0,0.0,3156,0.00817040710273228,"[""ECFP_1326""]"
final,465,1,ECFP_1327,ECFP_1327,ECFP_1327,algorithmic_medoid,True,True,1,0.0,1.0,1.0,1.0,0.0,3156,0.0050440065475702844,"[""ECFP_1327""]"
final,466,1,ECFP_1328,ECFP_1328,ECFP_1328,algorithmic_medoid,True,True,1,0.0,1.0,1.0,1.0,0.0,3156,0.007234595298793131,"[""ECFP_1328""]"
final,467,1,ECFP_1329,ECFP_1329,ECFP_1329,algorithmic_medoid,True,True,1,0.0,1.0,1.0,1.0,0.0,3156,0.002843578770836647,"[""ECFP_1329""]"
final,468,1,ECFP_133,ECFP_133,ECFP_133,algorithmic_medoid,True,True,1,0.0,1.0,1.0,1.0,0.0,3156,0.006922256437935429,"[""ECFP_133""]"
final,469,1,ECFP_1330,ECFP_1330,ECFP_1330,algorithmic_medoid,True,True,1,0.0,1.0,1.0,1.0,0.0,3156,0.004416316879269936,"[""ECFP_1330""]"
final,470,1,ECFP_1331,ECFP_1331,ECFP_1331,algorithmic_medoid,True,True,1,0.0,1.0,1.0,1.0,0.0,3156,0.0025284287598330026,"[""ECFP_1331""]"
final,471,1,ECFP_1332,ECFP_1332,ECFP_1332,algorithmic_medoid,True,True,1,0.0,1.0,1.0,1.0,0.0,3156,0.011276728013994706,"[""ECFP_1332""]"
final,472,1,ECFP_1333,ECFP_1333,ECFP_1333,algorithmic_medoid,True,True,1,0.0,1.0,1.0,1.0,0.0,3156,0.008793277656496729,"[""ECFP_1333""]"
final,473,1,ECFP_1334,ECFP_1334,ECFP_1334,algorithmic_medoid,True,True,1,0.0,1.0,1.0,1.0,0.0,3156,0.0022130779523903614,"[""ECFP_1334""]"
final,474,1,ECFP_1335,ECFP_1335,ECFP_1335,algorithmic_medoid,True,True,1,0.0,1.0,1.0,1.0,0.0,3156,0.0022130779523903614,"[""ECFP_1335""]"
final,475,1,ECFP_1336,ECFP_1336,ECFP_1336,algorithmic_medoid,True,True,1,0.0,1.0,1.0,1.0,0.0,3156,0.01065707020325419,"[""ECFP_1336""]"
final,476,1,ECFP_1337,ECFP_1337,ECFP_1337,algorithmic_medoid,True,True,1,0.0,1.0,1.0,1.0,0.0,3156,0.00410217085046127,"[""ECFP_1337""]"
final,477,1,ECFP_1338,ECFP_1338,ECFP_1338,algorithmic_medoid,True,True,1,0.0,1.0,1.0,1.0,0.0,3156,0.001897526348508725,"[""ECFP_1338""]"
final,478,1,ECFP_1339,ECFP_1339,ECFP_1339,algorithmic_medoid,True,True,1,0.0,1.0,1.0,1.0,0.0,3156,0.007234595298793132,"[""ECFP_1339""]"
final,479,1,ECFP_134,ECFP_134,ECFP_134,algorithmic_medoid,True,True,1,0.0,1.0,1.0,1.0,0.0,3156,0.002213077952390361,"[""ECFP_134""]"
final,480,1,ECFP_1340,ECFP_1340,ECFP_1340,algorithmic_medoid,True,True,1,0.0,1.0,1.0,1.0,0.0,3156,0.0037878240252136076,"[""ECFP_1340""]"
final,481,1,ECFP_1341,ECFP_1341,ECFP_1341,algorithmic_medoid,True,True,1,0.0,1.0,1.0,1.0,0.0,3156,0.007858670631191559,"[""ECFP_1341""]"
final,482,1,ECFP_1342,ECFP_1342,ECFP_1342,algorithmic_medoid,True,True,1,0.0,1.0,1.0,1.0,0.0,3156,0.007858670631191559,"[""ECFP_1342""]"
final,483,1,ECFP_1343,ECFP_1343,ECFP_1343,algorithmic_medoid,True,True,1,0.0,1.0,1.0,1.0,0.0,3156,0.0050440065475702844,"[""ECFP_1343""]"
final,484,1,ECFP_1344,ECFP_1344,ECFP_1344,algorithmic_medoid,True,True,1,0.0,1.0,1.0,1.0,0.0,3156,0.007546733363211846,"[""ECFP_1344""]"
final,485,1,ECFP_1345,ECFP_1345,ECFP_1345,algorithmic_medoid,True,True,1,0.0,1.0,1.0,1.0,0.0,3156,0.00473026211163961,"[""ECFP_1345""]"
final,486,1,ECFP_1346,ECFP_1346,ECFP_1346,algorithmic_medoid,True,True,1,0.0,1.0,1.0,1.0,0.0,3156,0.0050440065475702844,"[""ECFP_1346""]"
final,487,1,ECFP_1347,ECFP_1347,ECFP_1347,algorithmic_medoid,True,True,1,0.0,1.0,1.0,1.0,0.0,3156,0.0037878240252136076,"[""ECFP_1347""]"
final,488,1,ECFP_1348,ECFP_1348,ECFP_1348,algorithmic_medoid,True,True,1,0.0,1.0,1.0,1.0,0.0,3156,0.009726077513850935,"[""ECFP_1348""]"
final,489,1,ECFP_1349,ECFP_1349,ECFP_1349,algorithmic_medoid,True,True,1,0.0,1.0,1.0,1.0,0.0,3156,0.05990842076010288,"[""ECFP_1349""]"
final,490,1,ECFP_135,ECFP_135,ECFP_135,algorithmic_medoid,True,True,1,0.0,1.0,1.0,1.0,0.0,3156,0.015898560048576676,"[""ECFP_135""]"
final,491,1,ECFP_1350,ECFP_1350,ECFP_1350,algorithmic_medoid,True,True,1,0.0,1.0,1.0,1.0,0.0,3156,0.0012658207514284656,"[""ECFP_1350""]"
final,492,1,ECFP_1351,ECFP_1351,ECFP_1351,algorithmic_medoid,True,True,1,0.0,1.0,1.0,1.0,0.0,3156,0.022595522881959002,"[""ECFP_1351""]"
final,493,1,ECFP_1352,ECFP_1352,ECFP_1352,algorithmic_medoid,True,True,1,0.0,1.0,1.0,1.0,0.0,3156,0.0037878240252136076,"[""ECFP_1352""]"
final,494,1,ECFP_1353,ECFP_1353,ECFP_1353,algorithmic_medoid,True,True,1,0.0,1.0,1.0,1.0,0.0,3156,0.013747327399396965,"[""ECFP_1353""]"
final,495,1,ECFP_1354,ECFP_1354,ECFP_1354,algorithmic_medoid,True,True,1,0.0,1.0,1.0,1.0,0.0,3156,0.0034732764035269475,"[""ECFP_1354""]"
final,496,1,ECFP_1355,ECFP_1355,ECFP_1355,algorithmic_medoid,True,True,1,0.0,1.0,1.0,1.0,0.0,3156,0.003158527985401296,"[""ECFP_1355""]"
final,497,1,ECFP_1356,ECFP_1356,ECFP_1356,algorithmic_medoid,True,True,1,0.0,1.0,1.0,1.0,0.0,3156,0.014977807977562202,"[""ECFP_1356""]"
final,498,1,ECFP_1357,ECFP_1357,ECFP_1357,algorithmic_medoid,True,True,1,0.0,1.0,1.0,1.0,0.0,3156,0.07691658193056942,"[""ECFP_1357""]"
final,499,1,ECFP_1358,ECFP_1358,ECFP_1358,algorithmic_medoid,True,True,1,0.0,1.0,1.0,1.0,0.0,3156,0.005670893030114649,"[""ECFP_1358""]"
final,500,1,ECFP_1359,ECFP_1359,ECFP_1359,algorithmic_medoid,True,True,1,0.0,1.0,1.0,1.0,0.0,3156,0.0009496667582298431,"[""ECFP_1359""]"
final,501,1,ECFP_136,ECFP_136,ECFP_136,algorithmic_medoid,True,True,1,0.0,1.0,1.0,1.0,0.0,3156,0.005984035076728338,"[""ECFP_136""]"
final,502,1,ECFP_1360,ECFP_1360,ECFP_1360,algorithmic_medoid,True,True,1,0.0,1.0,1.0,1.0,0.0,3156,0.005357550187061962,"[""ECFP_1360""]"
final,503,1,ECFP_1361,ECFP_1361,ECFP_1361,algorithmic_medoid,True,True,1,0.0,1.0,1.0,1.0,0.0,3156,0.0012658207514284652,"[""ECFP_1361""]"
final,504,1,ECFP_1362,ECFP_1362,ECFP_1362,algorithmic_medoid,True,True,1,0.0,1.0,1.0,1.0,0.0,3156,0.019867602859983843,"[""ECFP_1362""]"
final,505,1,ECFP_1363,ECFP_1363,ECFP_1363,algorithmic_medoid,True,True,1,0.0,1.0,1.0,1.0,0.0,3156,0.006922256437935427,"[""ECFP_1363""]"
final,506,1,ECFP_1364,ECFP_1364,ECFP_1364,algorithmic_medoid,True,True,1,0.0,1.0,1.0,1.0,0.0,3156,0.0050440065475702844,"[""ECFP_1364""]"
final,507,1,ECFP_1365,ECFP_1365,ECFP_1365,algorithmic_medoid,True,True,1,0.0,1.0,1.0,1.0,0.0,3156,0.0678365669591869,"[""ECFP_1365""]"
final,508,4,NdCH2,NdCH2,NdCH2,algorithmic_medoid,True,True,1,0.02949205866446214,0.9705079413355379,0.9116228275354216,0.9999751564737059,0.0,3156,0.030043464397184992,"[""ECFP_1366"", ""MACCS_34"", ""NdCH2"", ""SdCH2""]"
final,508,4,MACCS_34,NdCH2,NdCH2,algorithmic_medoid,False,False,2,0.02949278972964342,0.9705072102703566,0.9116454760237759,0.9999751564737059,0.0,3156,0.023501215220048804,"[""ECFP_1366"", ""MACCS_34"", ""NdCH2"", ""SdCH2""]"
final,508,4,SdCH2,NdCH2,NdCH2,algorithmic_medoid,False,False,3,0.029539313368228792,0.9704606866317712,0.9115552215842397,0.999925839997486,0.0,3156,0.4096177983376424,"[""ECFP_1366"", ""MACCS_34"", ""NdCH2"", ""SdCH2""]"
final,508,4,ECFP_1366,NdCH2,NdCH2,algorithmic_medoid,False,False,4,0.08839215828552094,0.9116078417144791,0.9115552215842397,0.9116454760237759,0.0,3156,0.028002569391233387,"[""ECFP_1366"", ""MACCS_34"", ""NdCH2"", ""SdCH2""]"
final,509,1,ECFP_1367,ECFP_1367,ECFP_1367,algorithmic_medoid,True,True,1,0.0,1.0,1.0,1.0,0.0,3156,0.013747327399396965,"[""ECFP_1367""]"
final,510,1,ECFP_1368,ECFP_1368,ECFP_1368,algorithmic_medoid,True,True,1,0.0,1.0,1.0,1.0,0.0,3156,0.0037878240252136076,"[""ECFP_1368""]"
final,511,1,ECFP_1369,ECFP_1369,ECFP_1369,algorithmic_medoid,True,True,1,0.0,1.0,1.0,1.0,0.0,3156,0.005357550187061961,"[""ECFP_1369""]"
final,512,1,ECFP_137,ECFP_137,ECFP_137,algorithmic_medoid,True,True,1,0.0,1.0,1.0,1.0,0.0,3156,0.003473276403526948,"[""ECFP_137""]"
final,513,1,ECFP_1370,ECFP_1370,ECFP_1370,algorithmic_medoid,True,True,1,0.0,1.0,1.0,1.0,0.0,3156,0.007234595298793132,"[""ECFP_1370""]"
final,514,1,ECFP_1371,ECFP_1371,ECFP_1371,algorithmic_medoid,True,True,1,0.0,1.0,1.0,1.0,0.0,3156,0.008793277656496727,"[""ECFP_1371""]"
final,515,1,ECFP_1372,ECFP_1372,ECFP_1372,algorithmic_medoid,True,True,1,0.0,1.0,1.0,1.0,0.0,3156,0.005984035076728337,"[""ECFP_1372""]"
final,516,1,ECFP_1373,ECFP_1373,ECFP_1373,algorithmic_medoid,True,True,1,0.0,1.0,1.0,1.0,0.0,3156,0.006296976326903027,"[""ECFP_1373""]"
final,517,1,ECFP_1374,ECFP_1374,ECFP_1374,algorithmic_medoid,True,True,1,0.0,1.0,1.0,1.0,0.0,3156,0.006609716780638727,"[""ECFP_1374""]"
final,518,1,ECFP_1375,ECFP_1375,ECFP_1375,algorithmic_medoid,True,True,1,0.0,1.0,1.0,1.0,0.0,3156,0.012513634078207804,"[""ECFP_1375""]"
final,519,1,ECFP_1376,ECFP_1376,ECFP_1376,algorithmic_medoid,True,True,1,0.0,1.0,1.0,1.0,0.0,3156,0.00473026211163961,"[""ECFP_1376""]"
final,520,1,ECFP_1377,ECFP_1377,ECFP_1377,algorithmic_medoid,True,True,1,0.0,1.0,1.0,1.0,0.0,3156,0.007546733363211846,"[""ECFP_1377""]"
final,521,1,ECFP_1378,ECFP_1378,ECFP_1378,algorithmic_medoid,True,True,1,0.0,1.0,1.0,1.0,0.0,3156,0.0037878240252136076,"[""ECFP_1378""]"
final,522,1,ECFP_1379,ECFP_1379,ECFP_1379,algorithmic_medoid,True,True,1,0.0,1.0,1.0,1.0,0.0,3156,0.0044163168792699355,"[""ECFP_1379""]"
final,523,1,ECFP_138,ECFP_138,ECFP_138,algorithmic_medoid,True,True,1,0.0,1.0,1.0,1.0,0.0,3156,0.009415345024505195,"[""ECFP_138""]"
final,524,2,ECFP_1380,ECFP_1380,ECFP_1380,algorithmic_medoid,True,True,1,0.1757927102686142,0.8242072897313858,0.8242072897313858,0.8242072897313858,0.0,3156,0.06566635904652211,"[""ECFP_1380"", ""MACCS_165""]"
final,524,2,MACCS_165,ECFP_1380,ECFP_1380,algorithmic_medoid,False,False,2,0.1757927102686142,0.8242072897313858,0.8242072897313858,0.8242072897313858,0.0,3156,0.04670073379050667,"[""ECFP_1380"", ""MACCS_165""]"
final,525,1,ECFP_1381,ECFP_1381,ECFP_1381,algorithmic_medoid,True,True,1,0.0,1.0,1.0,1.0,0.0,3156,0.0025284287598330026,"[""ECFP_1381""]"
final,526,1,ECFP_1382,ECFP_1382,ECFP_1382,algorithmic_medoid,True,True,1,0.0,1.0,1.0,1.0,0.0,3156,0.007234595298793131,"[""ECFP_1382""]"
final,527,1,ECFP_1383,ECFP_1383,ECFP_1383,algorithmic_medoid,True,True,1,0.0,1.0,1.0,1.0,0.0,3156,0.009726077513850935,"[""ECFP_1383""]"
final,528,6,StN,StN,StN,algorithmic_medoid,True,True,1,0.058372115967742166,0.9416278840322578,0.883462113292817,0.9998489193203705,0.0,3156,3.4732331966978633,"[""ECFP_1384"", ""ECFP_790"", ""MACCS_41"", ""NtN"", ""SMR_VSA2"", ""StN""]"
final,528,6,NtN,StN,StN,algorithmic_medoid,False,False,2,0.05838169091272627,0.9416183090872737,0.8835956075177184,0.9998489193203705,0.0,3156,0.04232829093315727,"[""ECFP_1384"", ""ECFP_790"", ""MACCS_41"", ""NtN"", ""SMR_VSA2"", ""StN""]"
final,528,6,MACCS_41,StN,StN,algorithmic_medoid,False,False,3,0.06566784689537175,0.9343321531046282,0.8708043165785648,0.9854217269851914,0.0,3156,0.032754216323626024,"[""ECFP_1384"", ""ECFP_790"", ""MACCS_41"", ""NtN"", ""SMR_VSA2"", ""StN""]"
final,528,6,ECFP_790,StN,StN,algorithmic_medoid,False,False,4,0.11542154705718544,0.8845784529428146,0.8122774796633755,0.9251206111736409,0.0,3156,0.03716220015067766,"[""ECFP_1384"", ""ECFP_790"", ""MACCS_41"", ""NtN"", ""SMR_VSA2"", ""StN""]"
final,528,6,SMR_VSA2,StN,StN,algorithmic_medoid,False,False,5,0.12032247490003611,0.8796775250999639,0.8106701298198115,0.9190695889403399,0.0,3156,1.3996633534198177,"[""ECFP_1384"", ""ECFP_790"", ""MACCS_41"", ""NtN"", ""SMR_VSA2"", ""StN""]"
final,528,6,ECFP_1384,StN,StN,algorithmic_medoid,False,False,6,0.14783807062554255,0.8521619293744574,0.8106701298198115,0.8835956075177184,0.0,3156,0.041525004778955245,"[""ECFP_1384"", ""ECFP_790"", ""MACCS_41"", ""NtN"", ""SMR_VSA2"", ""StN""]"
final,529,1,ECFP_1385,ECFP_1385,ECFP_1385,algorithmic_medoid,True,True,1,0.0,1.0,1.0,1.0,0.0,3156,0.08188960693695475,"[""ECFP_1385""]"
final,530,1,ECFP_1386,ECFP_1386,ECFP_1386,algorithmic_medoid,True,True,1,0.0,1.0,1.0,1.0,0.0,3156,0.03628421772116925,"[""ECFP_1386""]"
final,531,1,ECFP_1387,ECFP_1387,ECFP_1387,algorithmic_medoid,True,True,1,0.0,1.0,1.0,1.0,0.0,3156,0.01003660920675768,"[""ECFP_1387""]"
final,532,1,ECFP_1388,ECFP_1388,ECFP_1388,algorithmic_medoid,True,True,1,0.0,1.0,1.0,1.0,0.0,3156,0.009726077513850935,"[""ECFP_1388""]"
final,533,1,ECFP_1389,ECFP_1389,ECFP_1389,algorithmic_medoid,True,True,1,0.0,1.0,1.0,1.0,0.0,3156,0.008793277656496729,"[""ECFP_1389""]"
final,534,1,ECFP_139,ECFP_139,ECFP_139,algorithmic_medoid,True,True,1,0.0,1.0,1.0,1.0,0.0,3156,0.005670893030114649,"[""ECFP_139""]"
final,535,1,ECFP_1390,ECFP_1390,ECFP_1390,algorithmic_medoid,True,True,1,0.0,1.0,1.0,1.0,0.0,3156,0.0018975263485087243,"[""ECFP_1390""]"
final,536,1,ECFP_1391,ECFP_1391,ECFP_1391,algorithmic_medoid,True,True,1,0.0,1.0,1.0,1.0,0.0,3156,0.051529185360815126,"[""ECFP_1391""]"
final,537,1,ECFP_1392,ECFP_1392,ECFP_1392,algorithmic_medoid,True,True,1,0.0,1.0,1.0,1.0,0.0,3156,0.005357550187061962,"[""ECFP_1392""]"
final,538,1,ECFP_1393,ECFP_1393,ECFP_1393,algorithmic_medoid,True,True,1,0.0,1.0,1.0,1.0,0.0,3156,0.001897526348508725,"[""ECFP_1393""]"
final,539,1,ECFP_1394,ECFP_1394,ECFP_1394,algorithmic_medoid,True,True,1,0.0,1.0,1.0,1.0,0.0,3156,0.009104411738720461,"[""ECFP_1394""]"
final,540,1,ECFP_1395,ECFP_1395,ECFP_1395,algorithmic_medoid,True,True,1,0.0,1.0,1.0,1.0,0.0,3156,0.006609716780638725,"[""ECFP_1395""]"
final,541,1,ECFP_1396,ECFP_1396,ECFP_1396,algorithmic_medoid,True,True,1,0.0,1.0,1.0,1.0,0.0,3156,0.004730262111639609,"[""ECFP_1396""]"
final,542,1,ECFP_1397,ECFP_1397,ECFP_1397,algorithmic_medoid,True,True,1,0.0,1.0,1.0,1.0,0.0,3156,0.0009496667582298431,"[""ECFP_1397""]"
final,543,1,ECFP_1398,ECFP_1398,ECFP_1398,algorithmic_medoid,True,True,1,0.0,1.0,1.0,1.0,0.0,3156,0.008481942777834001,"[""ECFP_1398""]"
final,544,1,ECFP_1399,ECFP_1399,ECFP_1399,algorithmic_medoid,True,True,1,0.0,1.0,1.0,1.0,0.0,3156,0.023501215220048804,"[""ECFP_1399""]"
final,545,1,ECFP_14,ECFP_14,ECFP_14,algorithmic_medoid,True,True,1,0.0,1.0,1.0,1.0,0.0,3156,0.04469568094891578,"[""ECFP_14""]"
final,546,1,ECFP_140,ECFP_140,ECFP_140,algorithmic_medoid,True,True,1,0.0,1.0,1.0,1.0,0.0,3156,0.05490256553594176,"[""ECFP_140""]"
final,547,1,ECFP_1400,ECFP_1400,ECFP_1400,algorithmic_medoid,True,True,1,0.0,1.0,1.0,1.0,0.0,3156,0.002213077952390361,"[""ECFP_1400""]"
final,548,1,ECFP_1401,ECFP_1401,ECFP_1401,algorithmic_medoid,True,True,1,0.0,1.0,1.0,1.0,0.0,3156,0.0056708930301146475,"[""ECFP_1401""]"
final,549,1,ECFP_1402,ECFP_1402,ECFP_1402,algorithmic_medoid,True,True,1,0.0,1.0,1.0,1.0,0.0,3156,0.01528492613100602,"[""ECFP_1402""]"
final,550,1,ECFP_1403,ECFP_1403,ECFP_1403,algorithmic_medoid,True,True,1,0.0,1.0,1.0,1.0,0.0,3156,0.013747327399396965,"[""ECFP_1403""]"
final,551,1,ECFP_1404,ECFP_1404,ECFP_1404,algorithmic_medoid,True,True,1,0.0,1.0,1.0,1.0,0.0,3156,0.005984035076728338,"[""ECFP_1404""]"
final,552,1,ECFP_1405,ECFP_1405,ECFP_1405,algorithmic_medoid,True,True,1,0.0,1.0,1.0,1.0,0.0,3156,0.015284926131006021,"[""ECFP_1405""]"
final,553,1,ECFP_1406,ECFP_1406,ECFP_1406,algorithmic_medoid,True,True,1,0.0,1.0,1.0,1.0,0.0,3156,0.004102170850461271,"[""ECFP_1406""]"
final,554,1,ECFP_1407,ECFP_1407,ECFP_1407,algorithmic_medoid,True,True,1,0.0,1.0,1.0,1.0,0.0,3156,0.007546733363211846,"[""ECFP_1407""]"
final,555,1,ECFP_1408,ECFP_1408,ECFP_1408,algorithmic_medoid,True,True,1,0.0,1.0,1.0,1.0,0.0,3156,0.003158527985401296,"[""ECFP_1408""]"
final,556,1,ECFP_1409,ECFP_1409,ECFP_1409,algorithmic_medoid,True,True,1,0.0,1.0,1.0,1.0,0.0,3156,0.009104411738720463,"[""ECFP_1409""]"
final,557,1,ECFP_141,ECFP_141,ECFP_141,algorithmic_medoid,True,True,1,0.0,1.0,1.0,1.0,0.0,3156,0.007858670631191559,"[""ECFP_141""]"
final,558,1,ECFP_1410,ECFP_1410,ECFP_1410,algorithmic_medoid,True,True,1,0.0,1.0,1.0,1.0,0.0,3156,0.06702424496523009,"[""ECFP_1410""]"
final,559,1,ECFP_1411,ECFP_1411,ECFP_1411,algorithmic_medoid,True,True,1,0.0,1.0,1.0,1.0,0.0,3156,0.0050440065475702844,"[""ECFP_1411""]"
final,560,1,ECFP_1412,ECFP_1412,ECFP_1412,algorithmic_medoid,True,True,1,0.0,1.0,1.0,1.0,0.0,3156,0.005357550187061961,"[""ECFP_1412""]"
final,561,1,ECFP_1413,ECFP_1413,ECFP_1413,algorithmic_medoid,True,True,1,0.0,1.0,1.0,1.0,0.0,3156,0.006922256437935427,"[""ECFP_1413""]"
final,562,1,ECFP_1414,ECFP_1414,ECFP_1414,algorithmic_medoid,True,True,1,0.0,1.0,1.0,1.0,0.0,3156,0.005357550187061961,"[""ECFP_1414""]"
final,563,1,ECFP_1415,ECFP_1415,ECFP_1415,algorithmic_medoid,True,True,1,0.0,1.0,1.0,1.0,0.0,3156,0.005984035076728337,"[""ECFP_1415""]"
final,564,1,ECFP_1416,ECFP_1416,ECFP_1416,algorithmic_medoid,True,True,1,0.0,1.0,1.0,1.0,0.0,3156,0.02500668652141855,"[""ECFP_1416""]"
final,565,1,ECFP_1417,ECFP_1417,ECFP_1417,algorithmic_medoid,True,True,1,0.0,1.0,1.0,1.0,0.0,3156,0.03334455785427319,"[""ECFP_1417""]"
final,566,1,ECFP_1418,ECFP_1418,ECFP_1418,algorithmic_medoid,True,True,1,0.0,1.0,1.0,1.0,0.0,3156,0.005357550187061962,"[""ECFP_1418""]"
final,567,1,ECFP_1419,ECFP_1419,ECFP_1419,algorithmic_medoid,True,True,1,0.0,1.0,1.0,1.0,0.0,3156,0.005670893030114649,"[""ECFP_1419""]"
final,568,1,ECFP_142,ECFP_142,ECFP_142,algorithmic_medoid,True,True,1,0.0,1.0,1.0,1.0,0.0,3156,0.01065707020325419,"[""ECFP_142""]"
final,569,1,ECFP_1420,ECFP_1420,ECFP_1420,algorithmic_medoid,True,True,1,0.0,1.0,1.0,1.0,0.0,3156,0.009726077513850935,"[""ECFP_1420""]"
final,570,1,ECFP_1421,ECFP_1421,ECFP_1421,algorithmic_medoid,True,True,1,0.0,1.0,1.0,1.0,0.0,3156,0.006296976326903027,"[""ECFP_1421""]"
final,571,1,ECFP_1422,ECFP_1422,ECFP_1422,algorithmic_medoid,True,True,1,0.0,1.0,1.0,1.0,0.0,3156,0.030978372617148663,"[""ECFP_1422""]"
final,572,1,ECFP_1423,ECFP_1423,ECFP_1423,algorithmic_medoid,True,True,1,0.0,1.0,1.0,1.0,0.0,3156,0.010346940103225438,"[""ECFP_1423""]"
final,573,1,ECFP_1424,ECFP_1424,ECFP_1424,algorithmic_medoid,True,True,1,0.0,1.0,1.0,1.0,0.0,3156,0.002213077952390361,"[""ECFP_1424""]"
final,574,1,ECFP_1425,ECFP_1425,ECFP_1425,algorithmic_medoid,True,True,1,0.0,1.0,1.0,1.0,0.0,3156,0.005984035076728338,"[""ECFP_1425""]"
final,575,1,ECFP_1426,ECFP_1426,ECFP_1426,algorithmic_medoid,True,True,1,0.0,1.0,1.0,1.0,0.0,3156,0.002843578770836647,"[""ECFP_1426""]"
final,576,1,ECFP_1427,ECFP_1427,ECFP_1427,algorithmic_medoid,True,True,1,0.0,1.0,1.0,1.0,0.0,3156,0.009415345024505195,"[""ECFP_1427""]"
final,577,1,ECFP_1428,ECFP_1428,ECFP_1428,algorithmic_medoid,True,True,1,0.0,1.0,1.0,1.0,0.0,3156,0.025907559744972455,"[""ECFP_1428""]"
final,578,1,ECFP_1429,ECFP_1429,ECFP_1429,algorithmic_medoid,True,True,1,0.0,1.0,1.0,1.0,0.0,3156,0.0056708930301146475,"[""ECFP_1429""]"
final,579,1,ECFP_143,ECFP_143,ECFP_143,algorithmic_medoid,True,True,1,0.0,1.0,1.0,1.0,0.0,3156,0.005984035076728338,"[""ECFP_143""]"
final,580,1,ECFP_1430,ECFP_1430,ECFP_1430,algorithmic_medoid,True,True,1,0.0,1.0,1.0,1.0,0.0,3156,0.039494651586050915,"[""ECFP_1430""]"
final,581,1,ECFP_1431,ECFP_1431,ECFP_1431,algorithmic_medoid,True,True,1,0.0,1.0,1.0,1.0,0.0,3156,0.025907559744972455,"[""ECFP_1431""]"
final,582,1,ECFP_1432,ECFP_1432,ECFP_1432,algorithmic_medoid,True,True,1,0.0,1.0,1.0,1.0,0.0,3156,0.005357550187061961,"[""ECFP_1432""]"
final,583,1,ECFP_1433,ECFP_1433,ECFP_1433,algorithmic_medoid,True,True,1,0.0,1.0,1.0,1.0,0.0,3156,0.006609716780638728,"[""ECFP_1433""]"
final,584,1,ECFP_1434,ECFP_1434,ECFP_1434,algorithmic_medoid,True,True,1,0.0,1.0,1.0,1.0,0.0,3156,0.011895582638979248,"[""ECFP_1434""]"
final,585,1,ECFP_1435,ECFP_1435,ECFP_1435,algorithmic_medoid,True,True,1,0.0,1.0,1.0,1.0,0.0,3156,0.007234595298793129,"[""ECFP_1435""]"
final,586,1,ECFP_1436,ECFP_1436,ECFP_1436,algorithmic_medoid,True,True,1,0.0,1.0,1.0,1.0,0.0,3156,0.051529185360815126,"[""ECFP_1436""]"
final,587,1,ECFP_1437,ECFP_1437,ECFP_1437,algorithmic_medoid,True,True,1,0.0,1.0,1.0,1.0,0.0,3156,0.010346940103225436,"[""ECFP_1437""]"
final,588,1,ECFP_1438,ECFP_1438,ECFP_1438,algorithmic_medoid,True,True,1,0.0,1.0,1.0,1.0,0.0,3156,0.01003660920675768,"[""ECFP_1438""]"
final,589,1,ECFP_1439,ECFP_1439,ECFP_1439,algorithmic_medoid,True,True,1,0.0,1.0,1.0,1.0,0.0,3156,0.0050440065475702844,"[""ECFP_1439""]"
final,590,1,ECFP_144,ECFP_144,ECFP_144,algorithmic_medoid,True,True,1,0.0,1.0,1.0,1.0,0.0,3156,0.006922256437935429,"[""ECFP_144""]"
final,591,1,ECFP_1440,ECFP_1440,ECFP_1440,algorithmic_medoid,True,True,1,0.0,1.0,1.0,1.0,0.0,3156,0.027703884688227383,"[""ECFP_1440""]"
final,592,1,ECFP_1441,ECFP_1441,ECFP_1441,algorithmic_medoid,True,True,1,0.0,1.0,1.0,1.0,0.0,3156,0.028002569391233387,"[""ECFP_1441""]"
final,593,1,ECFP_1442,ECFP_1442,ECFP_1442,algorithmic_medoid,True,True,1,0.0,1.0,1.0,1.0,0.0,3156,0.0050440065475702844,"[""ECFP_1442""]"
final,594,1,ECFP_1443,ECFP_1443,ECFP_1443,algorithmic_medoid,True,True,1,0.0,1.0,1.0,1.0,0.0,3156,0.006609716780638728,"[""ECFP_1443""]"
final,595,1,ECFP_1444,ECFP_1444,ECFP_1444,algorithmic_medoid,True,True,1,0.0,1.0,1.0,1.0,0.0,3156,0.017429130904820882,"[""ECFP_1444""]"
final,596,1,ECFP_1445,ECFP_1445,ECFP_1445,algorithmic_medoid,True,True,1,0.0,1.0,1.0,1.0,0.0,3156,0.017123418326450028,"[""ECFP_1445""]"
final,597,1,ECFP_1446,ECFP_1446,ECFP_1446,algorithmic_medoid,True,True,1,0.0,1.0,1.0,1.0,0.0,3156,0.01282235860316359,"[""ECFP_1446""]"
final,598,1,ECFP_1447,ECFP_1447,ECFP_1447,algorithmic_medoid,True,True,1,0.0,1.0,1.0,1.0,0.0,3156,0.01925918964982707,"[""ECFP_1447""]"
final,599,1,ECFP_1448,ECFP_1448,ECFP_1448,algorithmic_medoid,True,True,1,0.0,1.0,1.0,1.0,0.0,3156,0.0321630716072229,"[""ECFP_1448""]"
final,600,1,ECFP_1449,ECFP_1449,ECFP_1449,algorithmic_medoid,True,True,1,0.0,1.0,1.0,1.0,0.0,3156,0.014055248738596768,"[""ECFP_1449""]"
final,601,1,ECFP_145,ECFP_145,ECFP_145,algorithmic_medoid,True,True,1,0.0,1.0,1.0,1.0,0.0,3156,0.03422856417695146,"[""ECFP_145""]"
final,602,1,ECFP_1450,ECFP_1450,ECFP_1450,algorithmic_medoid,True,True,1,0.0,1.0,1.0,1.0,0.0,3156,0.0056708930301146475,"[""ECFP_1450""]"
final,603,1,ECFP_1451,ECFP_1451,ECFP_1451,algorithmic_medoid,True,True,1,0.0,1.0,1.0,1.0,0.0,3156,0.013130882331680378,"[""ECFP_1451""]"
final,604,1,ECFP_1452,ECFP_1452,ECFP_1452,algorithmic_medoid,True,True,1,0.0,1.0,1.0,1.0,0.0,3156,0.12983979656911174,"[""ECFP_1452""]"
final,605,1,ECFP_1453,ECFP_1453,ECFP_1453,algorithmic_medoid,True,True,1,0.0,1.0,1.0,1.0,0.0,3156,0.03716220015067766,"[""ECFP_1453""]"
final,606,1,ECFP_1454,ECFP_1454,ECFP_1454,algorithmic_medoid,True,True,1,0.0,1.0,1.0,1.0,0.0,3156,0.006922256437935429,"[""ECFP_1454""]"
final,607,1,ECFP_1455,ECFP_1455,ECFP_1455,algorithmic_medoid,True,True,1,0.0,1.0,1.0,1.0,0.0,3156,0.01742913090482088,"[""ECFP_1455""]"
final,608,1,ECFP_1456,ECFP_1456,ECFP_1456,algorithmic_medoid,True,True,1,0.0,1.0,1.0,1.0,0.0,3156,0.015898560048576676,"[""ECFP_1456""]"
final,609,1,ECFP_1457,ECFP_1457,ECFP_1457,algorithmic_medoid,True,True,1,0.0,1.0,1.0,1.0,0.0,3156,0.0667530693743665,"[""ECFP_1457""]"
final,610,1,ECFP_1458,ECFP_1458,ECFP_1458,algorithmic_medoid,True,True,1,0.0,1.0,1.0,1.0,0.0,3156,0.007234595298793131,"[""ECFP_1458""]"
final,611,1,ECFP_1459,ECFP_1459,ECFP_1459,algorithmic_medoid,True,True,1,0.0,1.0,1.0,1.0,0.0,3156,0.033639427424938265,"[""ECFP_1459""]"
final,612,1,ECFP_146,ECFP_146,ECFP_146,algorithmic_medoid,True,True,1,0.0,1.0,1.0,1.0,0.0,3156,0.010346940103225438,"[""ECFP_146""]"
final,613,1,ECFP_1460,ECFP_1460,ECFP_1460,algorithmic_medoid,True,True,1,0.0,1.0,1.0,1.0,0.0,3156,0.017429130904820882,"[""ECFP_1460""]"
final,614,1,ECFP_1461,ECFP_1461,ECFP_1461,algorithmic_medoid,True,True,1,0.0,1.0,1.0,1.0,0.0,3156,0.002213077952390361,"[""ECFP_1461""]"
final,615,1,ECFP_1462,ECFP_1462,ECFP_1462,algorithmic_medoid,True,True,1,0.0,1.0,1.0,1.0,0.0,3156,0.0031585279854012965,"[""ECFP_1462""]"
final,616,1,ECFP_1463,ECFP_1463,ECFP_1463,algorithmic_medoid,True,True,1,0.0,1.0,1.0,1.0,0.0,3156,0.005357550187061961,"[""ECFP_1463""]"
final,617,1,ECFP_1464,ECFP_1464,ECFP_1464,algorithmic_medoid,True,True,1,0.0,1.0,1.0,1.0,0.0,3156,0.016205075812703508,"[""ECFP_1464""]"
final,618,1,ECFP_1465,ECFP_1465,ECFP_1465,algorithmic_medoid,True,True,1,0.0,1.0,1.0,1.0,0.0,3156,0.005357550187061961,"[""ECFP_1465""]"
final,619,1,ECFP_1466,ECFP_1466,ECFP_1466,algorithmic_medoid,True,True,1,0.0,1.0,1.0,1.0,0.0,3156,0.0037878240252136076,"[""ECFP_1466""]"
final,620,1,ECFP_1467,ECFP_1467,ECFP_1467,algorithmic_medoid,True,True,1,0.0,1.0,1.0,1.0,0.0,3156,0.0012658207514284654,"[""ECFP_1467""]"
final,621,1,ECFP_1468,ECFP_1468,ECFP_1468,algorithmic_medoid,True,True,1,0.0,1.0,1.0,1.0,0.0,3156,0.014055248738596768,"[""ECFP_1468""]"
final,622,1,ECFP_1469,ECFP_1469,ECFP_1469,algorithmic_medoid,True,True,1,0.0,1.0,1.0,1.0,0.0,3156,0.005357550187061962,"[""ECFP_1469""]"
final,623,1,ECFP_147,ECFP_147,ECFP_147,algorithmic_medoid,True,True,1,0.0,1.0,1.0,1.0,0.0,3156,0.07665283580794864,"[""ECFP_147""]"
final,624,1,ECFP_1470,ECFP_1470,ECFP_1470,algorithmic_medoid,True,True,1,0.0,1.0,1.0,1.0,0.0,3156,0.028002569391233387,"[""ECFP_1470""]"
final,625,1,ECFP_1471,ECFP_1471,ECFP_1471,algorithmic_medoid,True,True,1,0.0,1.0,1.0,1.0,0.0,3156,0.007234595298793131,"[""ECFP_1471""]"
final,626,1,ECFP_1472,ECFP_1472,ECFP_1472,algorithmic_medoid,True,True,1,0.0,1.0,1.0,1.0,0.0,3156,0.010346940103225438,"[""ECFP_1472""]"
final,627,1,ECFP_1473,ECFP_1473,ECFP_1473,algorithmic_medoid,True,True,1,0.0,1.0,1.0,1.0,0.0,3156,0.005670893030114649,"[""ECFP_1473""]"
final,628,1,ECFP_1474,ECFP_1474,ECFP_1474,algorithmic_medoid,True,True,1,0.0,1.0,1.0,1.0,0.0,3156,0.003158527985401296,"[""ECFP_1474""]"
final,629,1,ECFP_1475,ECFP_1475,ECFP_1475,algorithmic_medoid,True,True,1,0.0,1.0,1.0,1.0,0.0,3156,0.023199518570457864,"[""ECFP_1475""]"
final,630,2,ECFP_1476,ECFP_1476,ECFP_1476,algorithmic_medoid,True,True,1,0.13670308676871812,0.8632969132312819,0.8632969132312819,0.8632969132312819,0.0,3156,0.09086068984018209,"[""ECFP_1476"", ""ECFP_350""]"
final,630,2,ECFP_350,ECFP_1476,ECFP_1476,algorithmic_medoid,False,False,2,0.13670308676871812,0.8632969132312819,0.8632969132312819,0.8632969132312819,0.0,3156,0.07823230059708829,"[""ECFP_1476"", ""ECFP_350""]"
final,631,1,ECFP_1477,ECFP_1477,ECFP_1477,algorithmic_medoid,True,True,1,0.0,1.0,1.0,1.0,0.0,3156,0.015898560048576673,"[""ECFP_1477""]"
final,632,1,ECFP_1478,ECFP_1478,ECFP_1478,algorithmic_medoid,True,True,1,0.0,1.0,1.0,1.0,0.0,3156,0.0006333119685922239,"[""ECFP_1478""]"
final,633,1,ECFP_1479,ECFP_1479,ECFP_1479,algorithmic_medoid,True,True,1,0.0,1.0,1.0,1.0,0.0,3156,0.006609716780638727,"[""ECFP_1479""]"
final,634,1,ECFP_148,ECFP_148,ECFP_148,algorithmic_medoid,True,True,1,0.0,1.0,1.0,1.0,0.0,3156,0.0022130779523903614,"[""ECFP_148""]"
final,635,1,ECFP_1480,ECFP_1480,ECFP_1480,algorithmic_medoid,True,True,1,0.0,1.0,1.0,1.0,0.0,3156,0.18923056410948386,"[""ECFP_1480""]"
final,636,1,ECFP_1481,ECFP_1481,ECFP_1481,algorithmic_medoid,True,True,1,0.0,1.0,1.0,1.0,0.0,3156,0.017429130904820882,"[""ECFP_1481""]"
final,637,1,ECFP_1482,ECFP_1482,ECFP_1482,algorithmic_medoid,True,True,1,0.0,1.0,1.0,1.0,0.0,3156,0.06320951421719105,"[""ECFP_1482""]"
final,638,1,ECFP_1483,ECFP_1483,ECFP_1483,algorithmic_medoid,True,True,1,0.0,1.0,1.0,1.0,0.0,3156,0.002528428759833002,"[""ECFP_1483""]"
final,639,1,ECFP_1484,ECFP_1484,ECFP_1484,algorithmic_medoid,True,True,1,0.0,1.0,1.0,1.0,0.0,3156,0.010657070203254187,"[""ECFP_1484""]"
final,640,1,ECFP_1485,ECFP_1485,ECFP_1485,algorithmic_medoid,True,True,1,0.0,1.0,1.0,1.0,0.0,3156,0.005670893030114649,"[""ECFP_1485""]"
final,641,1,ECFP_1486,ECFP_1486,ECFP_1486,algorithmic_medoid,True,True,1,0.0,1.0,1.0,1.0,0.0,3156,0.0041021708504612705,"[""ECFP_1486""]"
final,642,1,ECFP_1487,ECFP_1487,ECFP_1487,algorithmic_medoid,True,True,1,0.0,1.0,1.0,1.0,0.0,3156,0.02410400612991369,"[""ECFP_1487""]"
final,643,1,ECFP_1488,ECFP_1488,ECFP_1488,algorithmic_medoid,True,True,1,0.0,1.0,1.0,1.0,0.0,3156,0.0031585279854012957,"[""ECFP_1488""]"
final,644,1,ECFP_1489,ECFP_1489,ECFP_1489,algorithmic_medoid,True,True,1,0.0,1.0,1.0,1.0,0.0,3156,0.027404999188782385,"[""ECFP_1489""]"
final,645,1,ECFP_149,ECFP_149,ECFP_149,algorithmic_medoid,True,True,1,0.0,1.0,1.0,1.0,0.0,3156,0.0031585279854012957,"[""ECFP_149""]"
final,646,1,ECFP_1490,ECFP_1490,ECFP_1490,algorithmic_medoid,True,True,1,0.0,1.0,1.0,1.0,0.0,3156,0.0037878240252136076,"[""ECFP_1490""]"
final,647,1,ECFP_1491,ECFP_1491,ECFP_1491,algorithmic_medoid,True,True,1,0.0,1.0,1.0,1.0,0.0,3156,0.0056708930301146475,"[""ECFP_1491""]"
final,648,1,ECFP_1492,ECFP_1492,ECFP_1492,algorithmic_medoid,True,True,1,0.0,1.0,1.0,1.0,0.0,3156,0.0050440065475702844,"[""ECFP_1492""]"
final,649,1,ECFP_1493,ECFP_1493,ECFP_1493,algorithmic_medoid,True,True,1,0.0,1.0,1.0,1.0,0.0,3156,0.0025284287598330026,"[""ECFP_1493""]"
final,650,1,ECFP_1494,ECFP_1494,ECFP_1494,algorithmic_medoid,True,True,1,0.0,1.0,1.0,1.0,0.0,3156,0.009104411738720463,"[""ECFP_1494""]"
final,651,1,ECFP_1495,ECFP_1495,ECFP_1495,algorithmic_medoid,True,True,1,0.0,1.0,1.0,1.0,0.0,3156,0.0034732764035269475,"[""ECFP_1495""]"
final,652,1,ECFP_1496,ECFP_1496,ECFP_1496,algorithmic_medoid,True,True,1,0.0,1.0,1.0,1.0,0.0,3156,0.015591843488010843,"[""ECFP_1496""]"
final,653,1,ECFP_1497,ECFP_1497,ECFP_1497,algorithmic_medoid,True,True,1,0.0,1.0,1.0,1.0,0.0,3156,0.004730262111639609,"[""ECFP_1497""]"
final,654,1,ECFP_1498,ECFP_1498,ECFP_1498,algorithmic_medoid,True,True,1,0.0,1.0,1.0,1.0,0.0,3156,0.007234595298793131,"[""ECFP_1498""]"
final,655,1,ECFP_1499,ECFP_1499,ECFP_1499,algorithmic_medoid,True,True,1,0.0,1.0,1.0,1.0,0.0,3156,0.0050440065475702844,"[""ECFP_1499""]"
final,656,1,ECFP_15,ECFP_15,ECFP_15,algorithmic_medoid,True,True,1,0.0,1.0,1.0,1.0,0.0,3156,0.005670893030114649,"[""ECFP_15""]"
final,657,1,ECFP_150,ECFP_150,ECFP_150,algorithmic_medoid,True,True,1,0.0,1.0,1.0,1.0,0.0,3156,0.007234595298793132,"[""ECFP_150""]"
final,658,1,ECFP_1500,ECFP_1500,ECFP_1500,algorithmic_medoid,True,True,1,0.0,1.0,1.0,1.0,0.0,3156,0.008481942777834001,"[""ECFP_1500""]"
final,659,1,ECFP_1501,ECFP_1501,ECFP_1501,algorithmic_medoid,True,True,1,0.0,1.0,1.0,1.0,0.0,3156,0.010036609206757682,"[""ECFP_1501""]"
final,660,1,ECFP_1502,ECFP_1502,ECFP_1502,algorithmic_medoid,True,True,1,0.0,1.0,1.0,1.0,0.0,3156,0.007546733363211846,"[""ECFP_1502""]"
final,661,1,ECFP_1503,ECFP_1503,ECFP_1503,algorithmic_medoid,True,True,1,0.0,1.0,1.0,1.0,0.0,3156,0.012204708756813025,"[""ECFP_1503""]"
final,662,1,ECFP_1504,ECFP_1504,ECFP_1504,algorithmic_medoid,True,True,1,0.0,1.0,1.0,1.0,0.0,3156,0.013130882331680376,"[""ECFP_1504""]"
final,663,1,ECFP_1505,ECFP_1505,ECFP_1505,algorithmic_medoid,True,True,1,0.0,1.0,1.0,1.0,0.0,3156,0.006296976326903027,"[""ECFP_1505""]"
final,664,1,ECFP_1506,ECFP_1506,ECFP_1506,algorithmic_medoid,True,True,1,0.0,1.0,1.0,1.0,0.0,3156,0.011586255724706474,"[""ECFP_1506""]"
final,665,1,ECFP_1507,ECFP_1507,ECFP_1507,algorithmic_medoid,True,True,1,0.0,1.0,1.0,1.0,0.0,3156,0.02770388468822738,"[""ECFP_1507""]"
final,666,1,ECFP_1508,ECFP_1508,ECFP_1508,algorithmic_medoid,True,True,1,0.0,1.0,1.0,1.0,0.0,3156,0.051529185360815126,"[""ECFP_1508""]"
final,667,1,ECFP_1509,ECFP_1509,ECFP_1509,algorithmic_medoid,True,True,1,0.0,1.0,1.0,1.0,0.0,3156,0.0044163168792699355,"[""ECFP_1509""]"
final,668,1,ECFP_151,ECFP_151,ECFP_151,algorithmic_medoid,True,True,1,0.0,1.0,1.0,1.0,0.0,3156,0.010036609206757682,"[""ECFP_151""]"
final,669,1,ECFP_1510,ECFP_1510,ECFP_1510,algorithmic_medoid,True,True,1,0.0,1.0,1.0,1.0,0.0,3156,0.003473276403526948,"[""ECFP_1510""]"
final,670,1,ECFP_1511,ECFP_1511,ECFP_1511,algorithmic_medoid,True,True,1,0.0,1.0,1.0,1.0,0.0,3156,0.013747327399396964,"[""ECFP_1511""]"
final,671,1,ECFP_1512,ECFP_1512,ECFP_1512,algorithmic_medoid,True,True,1,0.0,1.0,1.0,1.0,0.0,3156,0.002843578770836647,"[""ECFP_1512""]"
final,672,1,ECFP_1513,ECFP_1513,ECFP_1513,algorithmic_medoid,True,True,1,0.0,1.0,1.0,1.0,0.0,3156,0.0050440065475702844,"[""ECFP_1513""]"
final,673,1,ECFP_1514,ECFP_1514,ECFP_1514,algorithmic_medoid,True,True,1,0.0,1.0,1.0,1.0,0.0,3156,0.0037878240252136076,"[""ECFP_1514""]"
final,674,1,ECFP_1515,ECFP_1515,ECFP_1515,algorithmic_medoid,True,True,1,0.0,1.0,1.0,1.0,0.0,3156,0.00473026211163961,"[""ECFP_1515""]"
final,675,1,ECFP_1516,ECFP_1516,ECFP_1516,algorithmic_medoid,True,True,1,0.0,1.0,1.0,1.0,0.0,3156,0.014362969281357576,"[""ECFP_1516""]"
final,676,1,ECFP_1517,ECFP_1517,ECFP_1517,algorithmic_medoid,True,True,1,0.0,1.0,1.0,1.0,0.0,3156,0.005357550187061962,"[""ECFP_1517""]"
final,677,1,ECFP_1518,ECFP_1518,ECFP_1518,algorithmic_medoid,True,True,1,0.0,1.0,1.0,1.0,0.0,3156,0.014670489027679383,"[""ECFP_1518""]"
final,678,1,ECFP_1519,ECFP_1519,ECFP_1519,algorithmic_medoid,True,True,1,0.0,1.0,1.0,1.0,0.0,3156,0.0056708930301146475,"[""ECFP_1519""]"
final,679,1,ECFP_152,ECFP_152,ECFP_152,algorithmic_medoid,True,True,1,0.0,1.0,1.0,1.0,0.0,3156,0.0041021708504612705,"[""ECFP_152""]"
final,680,1,ECFP_1520,ECFP_1520,ECFP_1520,algorithmic_medoid,True,True,1,0.0,1.0,1.0,1.0,0.0,3156,0.005357550187061962,"[""ECFP_1520""]"
final,681,1,ECFP_1521,ECFP_1521,ECFP_1521,algorithmic_medoid,True,True,1,0.0,1.0,1.0,1.0,0.0,3156,0.002843578770836647,"[""ECFP_1521""]"
final,682,1,ECFP_1522,ECFP_1522,ECFP_1522,algorithmic_medoid,True,True,1,0.0,1.0,1.0,1.0,0.0,3156,0.015898560048576676,"[""ECFP_1522""]"
final,683,1,ECFP_1523,ECFP_1523,ECFP_1523,algorithmic_medoid,True,True,1,0.0,1.0,1.0,1.0,0.0,3156,0.0022130779523903614,"[""ECFP_1523""]"
final,684,1,ECFP_1524,ECFP_1524,ECFP_1524,algorithmic_medoid,True,True,1,0.0,1.0,1.0,1.0,0.0,3156,0.011276728013994706,"[""ECFP_1524""]"
final,685,1,ECFP_1525,ECFP_1525,ECFP_1525,algorithmic_medoid,True,True,1,0.0,1.0,1.0,1.0,0.0,3156,0.006609716780638728,"[""ECFP_1525""]"
final,686,1,ECFP_1526,ECFP_1526,ECFP_1526,algorithmic_medoid,True,True,1,0.0,1.0,1.0,1.0,0.0,3156,0.011276728013994706,"[""ECFP_1526""]"
final,687,1,ECFP_1527,ECFP_1527,ECFP_1527,algorithmic_medoid,True,True,1,0.0,1.0,1.0,1.0,0.0,3156,0.01096699950684395,"[""ECFP_1527""]"
final,688,1,ECFP_1528,ECFP_1528,ECFP_1528,algorithmic_medoid,True,True,1,0.0,1.0,1.0,1.0,0.0,3156,0.006922256437935429,"[""ECFP_1528""]"
final,689,1,ECFP_1529,ECFP_1529,ECFP_1529,algorithmic_medoid,True,True,1,0.0,1.0,1.0,1.0,0.0,3156,0.0050440065475702844,"[""ECFP_1529""]"
final,690,1,ECFP_153,ECFP_153,ECFP_153,algorithmic_medoid,True,True,1,0.0,1.0,1.0,1.0,0.0,3156,0.009104411738720463,"[""ECFP_153""]"
final,691,1,ECFP_1530,ECFP_1530,ECFP_1530,algorithmic_medoid,True,True,1,0.0,1.0,1.0,1.0,0.0,3156,0.006922256437935429,"[""ECFP_1530""]"
final,692,1,ECFP_1531,ECFP_1531,ECFP_1531,algorithmic_medoid,True,True,1,0.0,1.0,1.0,1.0,0.0,3156,0.022897621124427933,"[""ECFP_1531""]"
final,693,1,ECFP_1532,ECFP_1532,ECFP_1532,algorithmic_medoid,True,True,1,0.0,1.0,1.0,1.0,0.0,3156,0.003787824025213607,"[""ECFP_1532""]"
final,694,1,ECFP_1533,ECFP_1533,ECFP_1533,algorithmic_medoid,True,True,1,0.0,1.0,1.0,1.0,0.0,3156,0.003473276403526948,"[""ECFP_1533""]"
final,695,1,ECFP_1534,ECFP_1534,ECFP_1534,algorithmic_medoid,True,True,1,0.0,1.0,1.0,1.0,0.0,3156,0.0050440065475702844,"[""ECFP_1534""]"
final,696,1,ECFP_1535,ECFP_1535,ECFP_1535,algorithmic_medoid,True,True,1,0.0,1.0,1.0,1.0,0.0,3156,0.05039829981639174,"[""ECFP_1535""]"
final,697,1,ECFP_1536,ECFP_1536,ECFP_1536,algorithmic_medoid,True,True,1,0.0,1.0,1.0,1.0,0.0,3156,0.10105683181772182,"[""ECFP_1536""]"
final,698,1,ECFP_1537,ECFP_1537,ECFP_1537,algorithmic_medoid,True,True,1,0.0,1.0,1.0,1.0,0.0,3156,0.0041021708504612705,"[""ECFP_1537""]"
final,699,1,ECFP_1538,ECFP_1538,ECFP_1538,algorithmic_medoid,True,True,1,0.0,1.0,1.0,1.0,0.0,3156,0.003158527985401296,"[""ECFP_1538""]"
final,700,1,ECFP_1539,ECFP_1539,ECFP_1539,algorithmic_medoid,True,True,1,0.0,1.0,1.0,1.0,0.0,3156,0.008793277656496729,"[""ECFP_1539""]"
final,701,1,ECFP_154,ECFP_154,ECFP_154,algorithmic_medoid,True,True,1,0.0,1.0,1.0,1.0,0.0,3156,0.0009496667582298431,"[""ECFP_154""]"
final,702,1,ECFP_1540,ECFP_1540,ECFP_1540,algorithmic_medoid,True,True,1,0.0,1.0,1.0,1.0,0.0,3156,0.005984035076728338,"[""ECFP_1540""]"
final,703,1,ECFP_1541,ECFP_1541,ECFP_1541,algorithmic_medoid,True,True,1,0.0,1.0,1.0,1.0,0.0,3156,0.0015817739481880934,"[""ECFP_1541""]"
final,704,1,ECFP_1542,ECFP_1542,ECFP_1542,algorithmic_medoid,True,True,1,0.0,1.0,1.0,1.0,0.0,3156,0.022897621124427926,"[""ECFP_1542""]"
final,705,1,ECFP_1543,ECFP_1543,ECFP_1543,algorithmic_medoid,True,True,1,0.0,1.0,1.0,1.0,0.0,3156,0.008481942777834001,"[""ECFP_1543""]"
final,706,1,ECFP_1544,ECFP_1544,ECFP_1544,algorithmic_medoid,True,True,1,0.0,1.0,1.0,1.0,0.0,3156,0.02410400612991369,"[""ECFP_1544""]"
final,707,1,ECFP_1545,ECFP_1545,ECFP_1545,algorithmic_medoid,True,True,1,0.0,1.0,1.0,1.0,0.0,3156,0.005357550187061962,"[""ECFP_1545""]"
final,708,1,ECFP_1546,ECFP_1546,ECFP_1546,algorithmic_medoid,True,True,1,0.0,1.0,1.0,1.0,0.0,3156,0.003473276403526949,"[""ECFP_1546""]"
final,709,1,ECFP_1547,ECFP_1547,ECFP_1547,algorithmic_medoid,True,True,1,0.0,1.0,1.0,1.0,0.0,3156,0.0044163168792699355,"[""ECFP_1547""]"
final,710,1,ECFP_1548,ECFP_1548,ECFP_1548,algorithmic_medoid,True,True,1,0.0,1.0,1.0,1.0,0.0,3156,0.006296976326903027,"[""ECFP_1548""]"
final,711,1,ECFP_1549,ECFP_1549,ECFP_1549,algorithmic_medoid,True,True,1,0.0,1.0,1.0,1.0,0.0,3156,0.0041021708504612705,"[""ECFP_1549""]"
final,712,1,ECFP_155,ECFP_155,ECFP_155,algorithmic_medoid,True,True,1,0.0,1.0,1.0,1.0,0.0,3156,0.013130882331680374,"[""ECFP_155""]"
final,713,1,ECFP_1550,ECFP_1550,ECFP_1550,algorithmic_medoid,True,True,1,0.0,1.0,1.0,1.0,0.0,3156,0.00817040710273228,"[""ECFP_1550""]"
final,714,1,ECFP_1551,ECFP_1551,ECFP_1551,algorithmic_medoid,True,True,1,0.0,1.0,1.0,1.0,0.0,3156,0.003158527985401296,"[""ECFP_1551""]"
final,715,1,ECFP_1552,ECFP_1552,ECFP_1552,algorithmic_medoid,True,True,1,0.0,1.0,1.0,1.0,0.0,3156,0.018345063861299454,"[""ECFP_1552""]"
final,716,1,ECFP_1553,ECFP_1553,ECFP_1553,algorithmic_medoid,True,True,1,0.0,1.0,1.0,1.0,0.0,3156,0.002843578770836646,"[""ECFP_1553""]"
final,717,1,ECFP_1554,ECFP_1554,ECFP_1554,algorithmic_medoid,True,True,1,0.0,1.0,1.0,1.0,0.0,3156,0.014362969281357576,"[""ECFP_1554""]"
final,718,1,ECFP_1555,ECFP_1555,ECFP_1555,algorithmic_medoid,True,True,1,0.0,1.0,1.0,1.0,0.0,3156,0.0056708930301146475,"[""ECFP_1555""]"
final,719,1,ECFP_1556,ECFP_1556,ECFP_1556,algorithmic_medoid,True,True,1,0.0,1.0,1.0,1.0,0.0,3156,0.01681750495164019,"[""ECFP_1556""]"
final,720,1,ECFP_1557,ECFP_1557,ECFP_1557,algorithmic_medoid,True,True,1,0.0,1.0,1.0,1.0,0.0,3156,0.00473026211163961,"[""ECFP_1557""]"
final,721,1,ECFP_1558,ECFP_1558,ECFP_1558,algorithmic_medoid,True,True,1,0.0,1.0,1.0,1.0,0.0,3156,0.00817040710273228,"[""ECFP_1558""]"
final,722,1,ECFP_1559,ECFP_1559,ECFP_1559,algorithmic_medoid,True,True,1,0.0,1.0,1.0,1.0,0.0,3156,0.003158527985401296,"[""ECFP_1559""]"
final,723,1,ECFP_156,ECFP_156,ECFP_156,algorithmic_medoid,True,True,1,0.0,1.0,1.0,1.0,0.0,3156,0.005357550187061962,"[""ECFP_156""]"
final,724,1,ECFP_1560,ECFP_1560,ECFP_1560,algorithmic_medoid,True,True,1,0.0,1.0,1.0,1.0,0.0,3156,0.003158527985401296,"[""ECFP_1560""]"
final,725,1,ECFP_1561,ECFP_1561,ECFP_1561,algorithmic_medoid,True,True,1,0.0,1.0,1.0,1.0,0.0,3156,0.0037878240252136076,"[""ECFP_1561""]"
final,726,1,ECFP_1562,ECFP_1562,ECFP_1562,algorithmic_medoid,True,True,1,0.0,1.0,1.0,1.0,0.0,3156,0.006609716780638728,"[""ECFP_1562""]"
final,727,1,ECFP_1563,ECFP_1563,ECFP_1563,algorithmic_medoid,True,True,1,0.0,1.0,1.0,1.0,0.0,3156,0.008793277656496729,"[""ECFP_1563""]"
final,728,1,ECFP_1564,ECFP_1564,ECFP_1564,algorithmic_medoid,True,True,1,0.0,1.0,1.0,1.0,0.0,3156,0.06073640487630136,"[""ECFP_1564""]"
final,729,1,ECFP_1565,ECFP_1565,ECFP_1565,algorithmic_medoid,True,True,1,0.0,1.0,1.0,1.0,0.0,3156,0.005357550187061962,"[""ECFP_1565""]"
final,730,1,ECFP_1566,ECFP_1566,ECFP_1566,algorithmic_medoid,True,True,1,0.0,1.0,1.0,1.0,0.0,3156,0.0031585279854012965,"[""ECFP_1566""]"
final,731,1,ECFP_1567,ECFP_1567,ECFP_1567,algorithmic_medoid,True,True,1,0.0,1.0,1.0,1.0,0.0,3156,0.030384818343477577,"[""ECFP_1567""]"
final,732,1,ECFP_1568,ECFP_1568,ECFP_1568,algorithmic_medoid,True,True,1,0.0,1.0,1.0,1.0,0.0,3156,0.004730262111639609,"[""ECFP_1568""]"
final,733,1,ECFP_1569,ECFP_1569,ECFP_1569,algorithmic_medoid,True,True,1,0.0,1.0,1.0,1.0,0.0,3156,0.017734642686752736,"[""ECFP_1569""]"
final,734,1,ECFP_157,ECFP_157,ECFP_157,algorithmic_medoid,True,True,1,0.0,1.0,1.0,1.0,0.0,3156,0.017734642686752736,"[""ECFP_157""]"
final,735,1,ECFP_1570,ECFP_1570,ECFP_1570,algorithmic_medoid,True,True,1,0.0,1.0,1.0,1.0,0.0,3156,0.01096699950684395,"[""ECFP_1570""]"
final,736,1,ECFP_1571,ECFP_1571,ECFP_1571,algorithmic_medoid,True,True,1,0.0,1.0,1.0,1.0,0.0,3156,0.013130882331680374,"[""ECFP_1571""]"
final,737,1,ECFP_1572,ECFP_1572,ECFP_1572,algorithmic_medoid,True,True,1,0.0,1.0,1.0,1.0,0.0,3156,0.007546733363211846,"[""ECFP_1572""]"
final,738,1,ECFP_1573,ECFP_1573,ECFP_1573,algorithmic_medoid,True,True,1,0.0,1.0,1.0,1.0,0.0,3156,0.04469568094891578,"[""ECFP_1573""]"
final,739,1,ECFP_1574,ECFP_1574,ECFP_1574,algorithmic_medoid,True,True,1,0.0,1.0,1.0,1.0,0.0,3156,0.013747327399396965,"[""ECFP_1574""]"
final,740,1,ECFP_1575,ECFP_1575,ECFP_1575,algorithmic_medoid,True,True,1,0.0,1.0,1.0,1.0,0.0,3156,0.028002569391233387,"[""ECFP_1575""]"
final,741,1,ECFP_1576,ECFP_1576,ECFP_1576,algorithmic_medoid,True,True,1,0.0,1.0,1.0,1.0,0.0,3156,0.002843578770836646,"[""ECFP_1576""]"
final,742,1,ECFP_1577,ECFP_1577,ECFP_1577,algorithmic_medoid,True,True,1,0.0,1.0,1.0,1.0,0.0,3156,0.002843578770836647,"[""ECFP_1577""]"
final,743,1,ECFP_1578,ECFP_1578,ECFP_1578,algorithmic_medoid,True,True,1,0.0,1.0,1.0,1.0,0.0,3156,0.01282235860316359,"[""ECFP_1578""]"
final,744,1,ECFP_1579,ECFP_1579,ECFP_1579,algorithmic_medoid,True,True,1,0.0,1.0,1.0,1.0,0.0,3156,0.0037878240252136076,"[""ECFP_1579""]"
final,745,1,ECFP_158,ECFP_158,ECFP_158,algorithmic_medoid,True,True,1,0.0,1.0,1.0,1.0,0.0,3156,0.014055248738596768,"[""ECFP_158""]"
final,746,1,ECFP_1580,ECFP_1580,ECFP_1580,algorithmic_medoid,True,True,1,0.0,1.0,1.0,1.0,0.0,3156,0.015898560048576673,"[""ECFP_1580""]"
final,747,1,ECFP_1581,ECFP_1581,ECFP_1581,algorithmic_medoid,True,True,1,0.0,1.0,1.0,1.0,0.0,3156,0.039203797944165744,"[""ECFP_1581""]"
final,748,1,ECFP_1582,ECFP_1582,ECFP_1582,algorithmic_medoid,True,True,1,0.0,1.0,1.0,1.0,0.0,3156,0.012513634078207804,"[""ECFP_1582""]"
final,749,1,ECFP_1583,ECFP_1583,ECFP_1583,algorithmic_medoid,True,True,1,0.0,1.0,1.0,1.0,0.0,3156,0.009726077513850935,"[""ECFP_1583""]"
final,750,1,ECFP_1584,ECFP_1584,ECFP_1584,algorithmic_medoid,True,True,1,0.0,1.0,1.0,1.0,0.0,3156,0.005670893030114649,"[""ECFP_1584""]"
final,751,2,ECFP_397,ECFP_397,ECFP_397,algorithmic_medoid,True,True,1,0.170973263482457,0.829026736517543,0.829026736517543,0.829026736517543,0.0,3156,0.026507137911813413,"[""ECFP_1585"", ""ECFP_397""]"
final,751,2,ECFP_1585,ECFP_397,ECFP_397,algorithmic_medoid,False,False,2,0.170973263482457,0.829026736517543,0.829026736517543,0.829026736517543,0.0,3156,0.02530717839237552,"[""ECFP_1585"", ""ECFP_397""]"
final,752,1,ECFP_1586,ECFP_1586,ECFP_1586,algorithmic_medoid,True,True,1,0.0,1.0,1.0,1.0,0.0,3156,0.022595522881959002,"[""ECFP_1586""]"
final,753,1,ECFP_1587,ECFP_1587,ECFP_1587,algorithmic_medoid,True,True,1,0.0,1.0,1.0,1.0,0.0,3156,0.002843578770836646,"[""ECFP_1587""]"
final,754,1,ECFP_1588,ECFP_1588,ECFP_1588,algorithmic_medoid,True,True,1,0.0,1.0,1.0,1.0,0.0,3156,0.002213077952390361,"[""ECFP_1588""]"
final,755,1,ECFP_1589,ECFP_1589,ECFP_1589,algorithmic_medoid,True,True,1,0.0,1.0,1.0,1.0,0.0,3156,0.02410400612991369,"[""ECFP_1589""]"
final,756,1,ECFP_159,ECFP_159,ECFP_159,algorithmic_medoid,True,True,1,0.0,1.0,1.0,1.0,0.0,3156,0.0037878240252136076,"[""ECFP_159""]"
final,757,1,ECFP_1590,ECFP_1590,ECFP_1590,algorithmic_medoid,True,True,1,0.0,1.0,1.0,1.0,0.0,3156,0.005670893030114649,"[""ECFP_1590""]"
final,758,1,ECFP_1591,ECFP_1591,ECFP_1591,algorithmic_medoid,True,True,1,0.0,1.0,1.0,1.0,0.0,3156,0.0009496667582298429,"[""ECFP_1591""]"
final,759,1,ECFP_1592,ECFP_1592,ECFP_1592,algorithmic_medoid,True,True,1,0.0,1.0,1.0,1.0,0.0,3156,0.011586255724706476,"[""ECFP_1592""]"
final,760,1,ECFP_1593,ECFP_1593,ECFP_1593,algorithmic_medoid,True,True,1,0.0,1.0,1.0,1.0,0.0,3156,0.003473276403526949,"[""ECFP_1593""]"
final,761,1,ECFP_1594,ECFP_1594,ECFP_1594,algorithmic_medoid,True,True,1,0.0,1.0,1.0,1.0,0.0,3156,0.01003660920675768,"[""ECFP_1594""]"
final,762,1,ECFP_1595,ECFP_1595,ECFP_1595,algorithmic_medoid,True,True,1,0.0,1.0,1.0,1.0,0.0,3156,0.0009496667582298432,"[""ECFP_1595""]"
final,763,1,ECFP_1596,ECFP_1596,ECFP_1596,algorithmic_medoid,True,True,1,0.0,1.0,1.0,1.0,0.0,3156,0.002528428759833002,"[""ECFP_1596""]"
final,764,1,ECFP_1597,ECFP_1597,ECFP_1597,algorithmic_medoid,True,True,1,0.0,1.0,1.0,1.0,0.0,3156,0.02077871670192652,"[""ECFP_1597""]"
final,765,1,ECFP_1598,ECFP_1598,ECFP_1598,algorithmic_medoid,True,True,1,0.0,1.0,1.0,1.0,0.0,3156,0.008481942777834003,"[""ECFP_1598""]"
final,766,1,ECFP_1599,ECFP_1599,ECFP_1599,algorithmic_medoid,True,True,1,0.0,1.0,1.0,1.0,0.0,3156,0.02560746946689348,"[""ECFP_1599""]"
final,767,1,ECFP_16,ECFP_16,ECFP_16,algorithmic_medoid,True,True,1,0.0,1.0,1.0,1.0,0.0,3156,0.007234595298793131,"[""ECFP_16""]"
final,768,1,ECFP_160,ECFP_160,ECFP_160,algorithmic_medoid,True,True,1,0.0,1.0,1.0,1.0,0.0,3156,0.0050440065475702844,"[""ECFP_160""]"
final,769,1,ECFP_1600,ECFP_1600,ECFP_1600,algorithmic_medoid,True,True,1,0.0,1.0,1.0,1.0,0.0,3156,0.005357550187061961,"[""ECFP_1600""]"
final,770,1,ECFP_1601,ECFP_1601,ECFP_1601,algorithmic_medoid,True,True,1,0.0,1.0,1.0,1.0,0.0,3156,0.01467048902767939,"[""ECFP_1601""]"
final,771,1,ECFP_1602,ECFP_1602,ECFP_1602,algorithmic_medoid,True,True,1,0.0,1.0,1.0,1.0,0.0,3156,0.08473559526505933,"[""ECFP_1602""]"
final,772,1,ECFP_1603,ECFP_1603,ECFP_1603,algorithmic_medoid,True,True,1,0.0,1.0,1.0,1.0,0.0,3156,0.03628421772116925,"[""ECFP_1603""]"
final,773,1,ECFP_1604,ECFP_1604,ECFP_1604,algorithmic_medoid,True,True,1,0.0,1.0,1.0,1.0,0.0,3156,0.05350050440065475,"[""ECFP_1604""]"
final,774,1,ECFP_1605,ECFP_1605,ECFP_1605,algorithmic_medoid,True,True,1,0.0,1.0,1.0,1.0,0.0,3156,0.005984035076728338,"[""ECFP_1605""]"
final,775,1,ECFP_1606,ECFP_1606,ECFP_1606,algorithmic_medoid,True,True,1,0.0,1.0,1.0,1.0,0.0,3156,0.005357550187061962,"[""ECFP_1606""]"
final,776,1,ECFP_1607,ECFP_1607,ECFP_1607,algorithmic_medoid,True,True,1,0.0,1.0,1.0,1.0,0.0,3156,0.04954802729546473,"[""ECFP_1607""]"
final,777,1,ECFP_1608,ECFP_1608,ECFP_1608,algorithmic_medoid,True,True,1,0.0,1.0,1.0,1.0,0.0,3156,0.0050440065475702844,"[""ECFP_1608""]"
final,778,1,ECFP_1609,ECFP_1609,ECFP_1609,algorithmic_medoid,True,True,1,0.0,1.0,1.0,1.0,0.0,3156,0.02440510039018764,"[""ECFP_1609""]"
final,779,1,ECFP_161,ECFP_161,ECFP_161,algorithmic_medoid,True,True,1,0.0,1.0,1.0,1.0,0.0,3156,0.0025284287598330026,"[""ECFP_161""]"
final,780,1,ECFP_1610,ECFP_1610,ECFP_1610,algorithmic_medoid,True,True,1,0.0,1.0,1.0,1.0,0.0,3156,0.012204708756813024,"[""ECFP_1610""]"
final,781,1,ECFP_1611,ECFP_1611,ECFP_1611,algorithmic_medoid,True,True,1,0.0,1.0,1.0,1.0,0.0,3156,0.008481942777834001,"[""ECFP_1611""]"
final,782,1,ECFP_1612,ECFP_1612,ECFP_1612,algorithmic_medoid,True,True,1,0.0,1.0,1.0,1.0,0.0,3156,0.023501215220048804,"[""ECFP_1612""]"
final,783,1,ECFP_1613,ECFP_1613,ECFP_1613,algorithmic_medoid,True,True,1,0.0,1.0,1.0,1.0,0.0,3156,0.0050440065475702844,"[""ECFP_1613""]"
final,784,1,ECFP_1614,ECFP_1614,ECFP_1614,algorithmic_medoid,True,True,1,0.0,1.0,1.0,1.0,0.0,3156,0.00817040710273228,"[""ECFP_1614""]"
final,785,1,ECFP_1615,ECFP_1615,ECFP_1615,algorithmic_medoid,True,True,1,0.0,1.0,1.0,1.0,0.0,3156,0.008481942777834001,"[""ECFP_1615""]"
final,786,1,ECFP_1616,ECFP_1616,ECFP_1616,algorithmic_medoid,True,True,1,0.0,1.0,1.0,1.0,0.0,3156,0.006609716780638727,"[""ECFP_1616""]"
final,787,1,ECFP_1617,ECFP_1617,ECFP_1617,algorithmic_medoid,True,True,1,0.0,1.0,1.0,1.0,0.0,3156,0.016205075812703508,"[""ECFP_1617""]"
final,788,1,ECFP_1618,ECFP_1618,ECFP_1618,algorithmic_medoid,True,True,1,0.0,1.0,1.0,1.0,0.0,3156,0.016511390780391346,"[""ECFP_1618""]"
final,789,1,ECFP_1619,ECFP_1619,ECFP_1619,algorithmic_medoid,True,True,1,0.0,1.0,1.0,1.0,0.0,3156,0.0022130779523903614,"[""ECFP_1619""]"
final,790,1,ECFP_162,ECFP_162,ECFP_162,algorithmic_medoid,True,True,1,0.0,1.0,1.0,1.0,0.0,3156,0.017123418326450028,"[""ECFP_162""]"
final,791,1,ECFP_1620,ECFP_1620,ECFP_1620,algorithmic_medoid,True,True,1,0.0,1.0,1.0,1.0,0.0,3156,0.01003660920675768,"[""ECFP_1620""]"
final,792,1,ECFP_1621,ECFP_1621,ECFP_1621,algorithmic_medoid,True,True,1,0.0,1.0,1.0,1.0,0.0,3156,0.0025284287598330026,"[""ECFP_1621""]"
final,793,1,ECFP_1622,ECFP_1622,ECFP_1622,algorithmic_medoid,True,True,1,0.0,1.0,1.0,1.0,0.0,3156,0.003473276403526948,"[""ECFP_1622""]"
final,794,1,ECFP_1623,ECFP_1623,ECFP_1623,algorithmic_medoid,True,True,1,0.0,1.0,1.0,1.0,0.0,3156,0.013130882331680376,"[""ECFP_1623""]"
final,795,1,ECFP_1624,ECFP_1624,ECFP_1624,algorithmic_medoid,True,True,1,0.0,1.0,1.0,1.0,0.0,3156,0.02470599385402261,"[""ECFP_1624""]"
final,796,1,ECFP_1625,ECFP_1625,ECFP_1625,algorithmic_medoid,True,True,1,0.0,1.0,1.0,1.0,0.0,3156,0.006609716780638728,"[""ECFP_1625""]"
final,797,1,ECFP_1626,ECFP_1626,ECFP_1626,algorithmic_medoid,True,True,1,0.0,1.0,1.0,1.0,0.0,3156,0.015284926131006021,"[""ECFP_1626""]"
final,798,1,ECFP_1627,ECFP_1627,ECFP_1627,algorithmic_medoid,True,True,1,0.0,1.0,1.0,1.0,0.0,3156,0.011586255724706476,"[""ECFP_1627""]"
final,799,1,ECFP_1628,ECFP_1628,ECFP_1628,algorithmic_medoid,True,True,1,0.0,1.0,1.0,1.0,0.0,3156,0.005984035076728337,"[""ECFP_1628""]"
final,800,1,ECFP_1629,ECFP_1629,ECFP_1629,algorithmic_medoid,True,True,1,0.0,1.0,1.0,1.0,0.0,3156,0.005357550187061961,"[""ECFP_1629""]"
final,801,1,ECFP_163,ECFP_163,ECFP_163,algorithmic_medoid,True,True,1,0.0,1.0,1.0,1.0,0.0,3156,0.0022130779523903614,"[""ECFP_163""]"
final,802,1,ECFP_1630,ECFP_1630,ECFP_1630,algorithmic_medoid,True,True,1,0.0,1.0,1.0,1.0,0.0,3156,0.011586255724706474,"[""ECFP_1630""]"
final,803,1,ECFP_1631,ECFP_1631,ECFP_1631,algorithmic_medoid,True,True,1,0.0,1.0,1.0,1.0,0.0,3156,0.025907559744972455,"[""ECFP_1631""]"
final,804,1,ECFP_1632,ECFP_1632,ECFP_1632,algorithmic_medoid,True,True,1,0.0,1.0,1.0,1.0,0.0,3156,0.0037878240252136076,"[""ECFP_1632""]"
final,805,1,ECFP_1633,ECFP_1633,ECFP_1633,algorithmic_medoid,True,True,1,0.0,1.0,1.0,1.0,0.0,3156,0.0050440065475702844,"[""ECFP_1633""]"
final,806,1,ECFP_1634,ECFP_1634,ECFP_1634,algorithmic_medoid,True,True,1,0.0,1.0,1.0,1.0,0.0,3156,0.01925918964982707,"[""ECFP_1634""]"
final,807,1,ECFP_1635,ECFP_1635,ECFP_1635,algorithmic_medoid,True,True,1,0.0,1.0,1.0,1.0,0.0,3156,0.027105912892898383,"[""ECFP_1635""]"
final,808,1,ECFP_1636,ECFP_1636,ECFP_1636,algorithmic_medoid,True,True,1,0.0,1.0,1.0,1.0,0.0,3156,0.007546733363211846,"[""ECFP_1636""]"
final,809,1,ECFP_1637,ECFP_1637,ECFP_1637,algorithmic_medoid,True,True,1,0.0,1.0,1.0,1.0,0.0,3156,0.006609716780638727,"[""ECFP_1637""]"
final,810,1,ECFP_1638,ECFP_1638,ECFP_1638,algorithmic_medoid,True,True,1,0.0,1.0,1.0,1.0,0.0,3156,0.018649973253914324,"[""ECFP_1638""]"
final,811,1,ECFP_1639,ECFP_1639,ECFP_1639,algorithmic_medoid,True,True,1,0.0,1.0,1.0,1.0,0.0,3156,0.003158527985401296,"[""ECFP_1639""]"
final,812,1,ECFP_164,ECFP_164,ECFP_164,algorithmic_medoid,True,True,1,0.0,1.0,1.0,1.0,0.0,3156,0.006296976326903027,"[""ECFP_164""]"
final,813,1,ECFP_1640,ECFP_1640,ECFP_1640,algorithmic_medoid,True,True,1,0.0,1.0,1.0,1.0,0.0,3156,0.0050440065475702844,"[""ECFP_1640""]"
final,814,1,ECFP_1641,ECFP_1641,ECFP_1641,algorithmic_medoid,True,True,1,0.0,1.0,1.0,1.0,0.0,3156,0.0031585279854012965,"[""ECFP_1641""]"
final,815,1,ECFP_1642,ECFP_1642,ECFP_1642,algorithmic_medoid,True,True,1,0.0,1.0,1.0,1.0,0.0,3156,0.003473276403526949,"[""ECFP_1642""]"
final,816,1,ECFP_1643,ECFP_1643,ECFP_1643,algorithmic_medoid,True,True,1,0.0,1.0,1.0,1.0,0.0,3156,0.0018975263485087248,"[""ECFP_1643""]"
final,817,1,ECFP_1644,ECFP_1644,ECFP_1644,algorithmic_medoid,True,True,1,0.0,1.0,1.0,1.0,0.0,3156,0.003473276403526948,"[""ECFP_1644""]"
final,818,1,ECFP_1645,ECFP_1645,ECFP_1645,algorithmic_medoid,True,True,1,0.0,1.0,1.0,1.0,0.0,3156,0.02470599385402261,"[""ECFP_1645""]"
final,819,1,ECFP_1646,ECFP_1646,ECFP_1646,algorithmic_medoid,True,True,1,0.0,1.0,1.0,1.0,0.0,3156,0.011586255724706476,"[""ECFP_1646""]"
final,820,1,ECFP_1647,ECFP_1647,ECFP_1647,algorithmic_medoid,True,True,1,0.0,1.0,1.0,1.0,0.0,3156,0.06266133993873298,"[""ECFP_1647""]"
final,821,1,ECFP_1648,ECFP_1648,ECFP_1648,algorithmic_medoid,True,True,1,0.0,1.0,1.0,1.0,0.0,3156,0.019867602859983846,"[""ECFP_1648""]"
final,822,1,ECFP_1649,ECFP_1649,ECFP_1649,algorithmic_medoid,True,True,1,0.0,1.0,1.0,1.0,0.0,3156,0.012204708756813029,"[""ECFP_1649""]"
final,823,1,ECFP_165,ECFP_165,ECFP_165,algorithmic_medoid,True,True,1,0.0,1.0,1.0,1.0,0.0,3156,0.061287390304905376,"[""ECFP_165""]"
final,824,1,ECFP_1650,ECFP_1650,ECFP_1650,algorithmic_medoid,True,True,1,0.0,1.0,1.0,1.0,0.0,3156,0.0015817739481880934,"[""ECFP_1650""]"
final,825,1,ECFP_1651,ECFP_1651,ECFP_1651,algorithmic_medoid,True,True,1,0.0,1.0,1.0,1.0,0.0,3156,0.006296976326903027,"[""ECFP_1651""]"
final,826,1,ECFP_1652,ECFP_1652,ECFP_1652,algorithmic_medoid,True,True,1,0.0,1.0,1.0,1.0,0.0,3156,0.016205075812703508,"[""ECFP_1652""]"
final,827,1,ECFP_1653,ECFP_1653,ECFP_1653,algorithmic_medoid,True,True,1,0.0,1.0,1.0,1.0,0.0,3156,0.007546733363211846,"[""ECFP_1653""]"
final,828,1,ECFP_1654,ECFP_1654,ECFP_1654,algorithmic_medoid,True,True,1,0.0,1.0,1.0,1.0,0.0,3156,0.006609716780638728,"[""ECFP_1654""]"
final,829,1,ECFP_1655,ECFP_1655,ECFP_1655,algorithmic_medoid,True,True,1,0.0,1.0,1.0,1.0,0.0,3156,0.013747327399396965,"[""ECFP_1655""]"
final,830,1,ECFP_1656,ECFP_1656,ECFP_1656,algorithmic_medoid,True,True,1,0.0,1.0,1.0,1.0,0.0,3156,0.01003660920675768,"[""ECFP_1656""]"
final,831,1,ECFP_1657,ECFP_1657,ECFP_1657,algorithmic_medoid,True,True,1,0.0,1.0,1.0,1.0,0.0,3156,0.00817040710273228,"[""ECFP_1657""]"
final,832,1,ECFP_1658,ECFP_1658,ECFP_1658,algorithmic_medoid,True,True,1,0.0,1.0,1.0,1.0,0.0,3156,0.0015817739481880934,"[""ECFP_1658""]"
final,833,1,ECFP_1659,ECFP_1659,ECFP_1659,algorithmic_medoid,True,True,1,0.0,1.0,1.0,1.0,0.0,3156,0.005044006547570285,"[""ECFP_1659""]"
final,834,1,ECFP_166,ECFP_166,ECFP_166,algorithmic_medoid,True,True,1,0.0,1.0,1.0,1.0,0.0,3156,0.00817040710273228,"[""ECFP_166""]"
final,835,1,ECFP_1660,ECFP_1660,ECFP_1660,algorithmic_medoid,True,True,1,0.0,1.0,1.0,1.0,0.0,3156,0.009415345024505195,"[""ECFP_1660""]"
final,836,1,ECFP_1661,ECFP_1661,ECFP_1661,algorithmic_medoid,True,True,1,0.0,1.0,1.0,1.0,0.0,3156,0.010036609206757682,"[""ECFP_1661""]"
final,837,1,ECFP_1662,ECFP_1662,ECFP_1662,algorithmic_medoid,True,True,1,0.0,1.0,1.0,1.0,0.0,3156,0.0037878240252136085,"[""ECFP_1662""]"
final,838,1,ECFP_1663,ECFP_1663,ECFP_1663,algorithmic_medoid,True,True,1,0.0,1.0,1.0,1.0,0.0,3156,0.035404428123709884,"[""ECFP_1663""]"
final,839,1,ECFP_1664,ECFP_1664,ECFP_1664,algorithmic_medoid,True,True,1,0.0,1.0,1.0,1.0,0.0,3156,0.021082019723029425,"[""ECFP_1664""]"
final,840,1,ECFP_1665,ECFP_1665,ECFP_1665,algorithmic_medoid,True,True,1,0.0,1.0,1.0,1.0,0.0,3156,0.040075756480504265,"[""ECFP_1665""]"
final,841,1,ECFP_1666,ECFP_1666,ECFP_1666,algorithmic_medoid,True,True,1,0.0,1.0,1.0,1.0,0.0,3156,0.004416316879269936,"[""ECFP_1666""]"
final,842,1,ECFP_1667,ECFP_1667,ECFP_1667,algorithmic_medoid,True,True,1,0.0,1.0,1.0,1.0,0.0,3156,0.011586255724706476,"[""ECFP_1667""]"
final,843,1,ECFP_1668,ECFP_1668,ECFP_1668,algorithmic_medoid,True,True,1,0.0,1.0,1.0,1.0,0.0,3156,0.014362969281357574,"[""ECFP_1668""]"
final,844,1,ECFP_1669,ECFP_1669,ECFP_1669,algorithmic_medoid,True,True,1,0.0,1.0,1.0,1.0,0.0,3156,0.007234595298793131,"[""ECFP_1669""]"
final,845,1,ECFP_167,ECFP_167,ECFP_167,algorithmic_medoid,True,True,1,0.0,1.0,1.0,1.0,0.0,3156,0.013439205263758174,"[""ECFP_167""]"
final,846,1,ECFP_1670,ECFP_1670,ECFP_1670,algorithmic_medoid,True,True,1,0.0,1.0,1.0,1.0,0.0,3156,0.04440844164293251,"[""ECFP_1670""]"
final,847,1,ECFP_1671,ECFP_1671,ECFP_1671,algorithmic_medoid,True,True,1,0.0,1.0,1.0,1.0,0.0,3156,0.020171508270403732,"[""ECFP_1671""]"
final,848,1,ECFP_1672,ECFP_1672,ECFP_1672,algorithmic_medoid,True,True,1,0.0,1.0,1.0,1.0,0.0,3156,0.00473026211163961,"[""ECFP_1672""]"
final,849,1,ECFP_1673,ECFP_1673,ECFP_1673,algorithmic_medoid,True,True,1,0.0,1.0,1.0,1.0,0.0,3156,0.011586255724706476,"[""ECFP_1673""]"
final,850,1,ECFP_1674,ECFP_1674,ECFP_1674,algorithmic_medoid,True,True,1,0.0,1.0,1.0,1.0,0.0,3156,0.005357550187061961,"[""ECFP_1674""]"
final,851,1,ECFP_1675,ECFP_1675,ECFP_1675,algorithmic_medoid,True,True,1,0.0,1.0,1.0,1.0,0.0,3156,0.011895582638979248,"[""ECFP_1675""]"
final,852,1,ECFP_1676,ECFP_1676,ECFP_1676,algorithmic_medoid,True,True,1,0.0,1.0,1.0,1.0,0.0,3156,0.005984035076728338,"[""ECFP_1676""]"
final,853,1,ECFP_1677,ECFP_1677,ECFP_1677,algorithmic_medoid,True,True,1,0.0,1.0,1.0,1.0,0.0,3156,0.006609716780638727,"[""ECFP_1677""]"
final,854,1,ECFP_1678,ECFP_1678,ECFP_1678,algorithmic_medoid,True,True,1,0.0,1.0,1.0,1.0,0.0,3156,0.0012658207514284654,"[""ECFP_1678""]"
final,855,1,ECFP_1679,ECFP_1679,ECFP_1679,algorithmic_medoid,True,True,1,0.0,1.0,1.0,1.0,0.0,3156,0.02108201972302942,"[""ECFP_1679""]"
final,856,1,ECFP_168,ECFP_168,ECFP_168,algorithmic_medoid,True,True,1,0.0,1.0,1.0,1.0,0.0,3156,0.006922256437935427,"[""ECFP_168""]"
final,857,1,ECFP_1680,ECFP_1680,ECFP_1680,algorithmic_medoid,True,True,1,0.0,1.0,1.0,1.0,0.0,3156,0.0037878240252136076,"[""ECFP_1680""]"
final,858,1,ECFP_1681,ECFP_1681,ECFP_1681,algorithmic_medoid,True,True,1,0.0,1.0,1.0,1.0,0.0,3156,0.005670893030114649,"[""ECFP_1681""]"
final,859,1,ECFP_1682,ECFP_1682,ECFP_1682,algorithmic_medoid,True,True,1,0.0,1.0,1.0,1.0,0.0,3156,0.00473026211163961,"[""ECFP_1682""]"
final,860,7,MACCS_103,MACCS_103,MACCS_103,algorithmic_medoid,True,True,1,0.05035072526718454,0.9496492747328155,0.8765026427417547,0.995610413965054,0.0,3156,0.15298630487967474,"[""ECFP_1683"", ""ECFP_561"", ""MACCS_103"", ""NsCl"", ""SlogP_VSA7"", ""SsCl"", ""nCl""]"
final,860,7,NsCl,MACCS_103,MACCS_103,algorithmic_medoid,False,False,2,0.0535811471011477,0.9464188528988523,0.8640325667644002,1.0,0.0,3156,0.39406491909509883,"[""ECFP_1683"", ""ECFP_561"", ""MACCS_103"", ""NsCl"", ""SlogP_VSA7"", ""SsCl"", ""nCl""]"
final,860,7,nCl,MACCS_103,MACCS_103,algorithmic_medoid,False,False,3,0.0535811471011477,0.9464188528988523,0.8640325667644002,1.0,0.0,3156,0.39406491909509883,"[""ECFP_1683"", ""ECFP_561"", ""MACCS_103"", ""NsCl"", ""SlogP_VSA7"", ""SsCl"", ""nCl""]"
final,860,7,SsCl,MACCS_103,MACCS_103,algorithmic_medoid,False,False,4,0.05426995733533302,0.945730042664667,0.8663410244397225,0.9971556205765558,0.0,3156,13.414771242523592,"[""ECFP_1683"", ""ECFP_561"", ""MACCS_103"", ""NsCl"", ""SlogP_VSA7"", ""SsCl"", ""nCl""]"
final,860,7,ECFP_1683,MACCS_103,MACCS_103,algorithmic_medoid,False,False,5,0.08300373892496593,0.9169962610750341,0.841438999380747,0.9585131186572599,0.0,3156,0.1610992842008543,"[""ECFP_1683"", ""ECFP_561"", ""MACCS_103"", ""NsCl"", ""SlogP_VSA7"", ""SsCl"", ""nCl""]"
final,860,7,SlogP_VSA7,MACCS_103,MACCS_103,algorithmic_medoid,False,False,6,0.12001941029057017,0.8799805897094298,0.841438999380747,0.9577664183582181,0.0,3156,5.787508015529262,"[""ECFP_1683"", ""ECFP_561"", ""MACCS_103"", ""NsCl"", ""SlogP_VSA7"", ""SsCl"", ""nCl""]"
final,860,7,ECFP_561,MACCS_103,MACCS_103,algorithmic_medoid,False,False,7,0.12118741016446799,0.878812589835532,0.8418226808228801,0.9577664183582181,0.0,3156,0.13655312431227218,"[""ECFP_1683"", ""ECFP_561"", ""MACCS_103"", ""NsCl"", ""SlogP_VSA7"", ""SsCl"", ""nCl""]"
final,861,1,ECFP_1684,ECFP_1684,ECFP_1684,algorithmic_medoid,True,True,1,0.0,1.0,1.0,1.0,0.0,3156,0.00473026211163961,"[""ECFP_1684""]"
final,862,1,ECFP_1685,ECFP_1685,ECFP_1685,algorithmic_medoid,True,True,1,0.0,1.0,1.0,1.0,0.0,3156,0.007546733363211845,"[""ECFP_1685""]"
final,863,1,ECFP_1686,ECFP_1686,ECFP_1686,algorithmic_medoid,True,True,1,0.0,1.0,1.0,1.0,0.0,3156,0.008481942777834001,"[""ECFP_1686""]"
final,864,1,ECFP_1687,ECFP_1687,ECFP_1687,algorithmic_medoid,True,True,1,0.0,1.0,1.0,1.0,0.0,3156,0.006609716780638728,"[""ECFP_1687""]"
final,865,1,ECFP_1688,ECFP_1688,ECFP_1688,algorithmic_medoid,True,True,1,0.0,1.0,1.0,1.0,0.0,3156,0.010966999506843949,"[""ECFP_1688""]"
final,866,1,ECFP_1689,ECFP_1689,ECFP_1689,algorithmic_medoid,True,True,1,0.0,1.0,1.0,1.0,0.0,3156,0.02830105329780039,"[""ECFP_1689""]"
final,867,1,ECFP_169,ECFP_169,ECFP_169,algorithmic_medoid,True,True,1,0.0,1.0,1.0,1.0,0.0,3156,0.01096699950684395,"[""ECFP_169""]"
final,868,1,ECFP_1690,ECFP_1690,ECFP_1690,algorithmic_medoid,True,True,1,0.0,1.0,1.0,1.0,0.0,3156,0.0044163168792699355,"[""ECFP_1690""]"
final,869,1,ECFP_1691,ECFP_1691,ECFP_1691,algorithmic_medoid,True,True,1,0.0,1.0,1.0,1.0,0.0,3156,0.011895582638979245,"[""ECFP_1691""]"
final,870,1,ECFP_1692,ECFP_1692,ECFP_1692,algorithmic_medoid,True,True,1,0.0,1.0,1.0,1.0,0.0,3156,0.006609716780638725,"[""ECFP_1692""]"
final,871,1,ECFP_1693,ECFP_1693,ECFP_1693,algorithmic_medoid,True,True,1,0.0,1.0,1.0,1.0,0.0,3156,0.028897418721617423,"[""ECFP_1693""]"
final,872,1,ECFP_1694,ECFP_1694,ECFP_1694,algorithmic_medoid,True,True,1,0.0,1.0,1.0,1.0,0.0,3156,0.003787824025213607,"[""ECFP_1694""]"
final,873,1,ECFP_1695,ECFP_1695,ECFP_1695,algorithmic_medoid,True,True,1,0.0,1.0,1.0,1.0,0.0,3156,0.007858670631191559,"[""ECFP_1695""]"
final,874,1,ECFP_1696,ECFP_1696,ECFP_1696,algorithmic_medoid,True,True,1,0.0,1.0,1.0,1.0,0.0,3156,0.019563496653124953,"[""ECFP_1696""]"
final,875,1,ECFP_1697,ECFP_1697,ECFP_1697,algorithmic_medoid,True,True,1,0.0,1.0,1.0,1.0,0.0,3156,0.04983165226554606,"[""ECFP_1697""]"
final,876,1,ECFP_1698,ECFP_1698,ECFP_1698,algorithmic_medoid,True,True,1,0.0,1.0,1.0,1.0,0.0,3156,0.007546733363211846,"[""ECFP_1698""]"
final,877,1,ECFP_1699,ECFP_1699,ECFP_1699,algorithmic_medoid,True,True,1,0.0,1.0,1.0,1.0,0.0,3156,0.008481942777834001,"[""ECFP_1699""]"
final,878,1,ECFP_17,ECFP_17,ECFP_17,algorithmic_medoid,True,True,1,0.0,1.0,1.0,1.0,0.0,3156,0.008170407102732279,"[""ECFP_17""]"
final,879,1,ECFP_170,ECFP_170,ECFP_170,algorithmic_medoid,True,True,1,0.0,1.0,1.0,1.0,0.0,3156,0.003158527985401296,"[""ECFP_170""]"
final,880,1,ECFP_1700,ECFP_1700,ECFP_1700,algorithmic_medoid,True,True,1,0.0,1.0,1.0,1.0,0.0,3156,0.02108201972302942,"[""ECFP_1700""]"
final,881,1,ECFP_1701,ECFP_1701,ECFP_1701,algorithmic_medoid,True,True,1,0.0,1.0,1.0,1.0,0.0,3156,0.011586255724706476,"[""ECFP_1701""]"
final,882,1,ECFP_1702,ECFP_1702,ECFP_1702,algorithmic_medoid,True,True,1,0.0,1.0,1.0,1.0,0.0,3156,0.001897526348508725,"[""ECFP_1702""]"
final,883,1,ECFP_1703,ECFP_1703,ECFP_1703,algorithmic_medoid,True,True,1,0.0,1.0,1.0,1.0,0.0,3156,0.00817040710273228,"[""ECFP_1703""]"
final,884,1,ECFP_1704,ECFP_1704,ECFP_1704,algorithmic_medoid,True,True,1,0.0,1.0,1.0,1.0,0.0,3156,0.003473276403526948,"[""ECFP_1704""]"
final,885,1,ECFP_1705,ECFP_1705,ECFP_1705,algorithmic_medoid,True,True,1,0.0,1.0,1.0,1.0,0.0,3156,0.002843578770836647,"[""ECFP_1705""]"
final,886,1,ECFP_1706,ECFP_1706,ECFP_1706,algorithmic_medoid,True,True,1,0.0,1.0,1.0,1.0,0.0,3156,0.004416316879269936,"[""ECFP_1706""]"
final,887,1,ECFP_1707,ECFP_1707,ECFP_1707,algorithmic_medoid,True,True,1,0.0,1.0,1.0,1.0,0.0,3156,0.008793277656496729,"[""ECFP_1707""]"
final,888,1,ECFP_1708,ECFP_1708,ECFP_1708,algorithmic_medoid,True,True,1,0.0,1.0,1.0,1.0,0.0,3156,0.045842630208458815,"[""ECFP_1708""]"
final,889,1,ECFP_1709,ECFP_1709,ECFP_1709,algorithmic_medoid,True,True,1,0.0,1.0,1.0,1.0,0.0,3156,0.003158527985401296,"[""ECFP_1709""]"
final,890,1,ECFP_171,ECFP_171,ECFP_171,algorithmic_medoid,True,True,1,0.0,1.0,1.0,1.0,0.0,3156,0.006922256437935429,"[""ECFP_171""]"
final,891,1,ECFP_1710,ECFP_1710,ECFP_1710,algorithmic_medoid,True,True,1,0.0,1.0,1.0,1.0,0.0,3156,0.006922256437935429,"[""ECFP_1710""]"
final,892,1,ECFP_1711,ECFP_1711,ECFP_1711,algorithmic_medoid,True,True,1,0.0,1.0,1.0,1.0,0.0,3156,0.003473276403526948,"[""ECFP_1711""]"
final,893,1,ECFP_1712,ECFP_1712,ECFP_1712,algorithmic_medoid,True,True,1,0.0,1.0,1.0,1.0,0.0,3156,0.011586255724706476,"[""ECFP_1712""]"
final,894,1,ECFP_1713,ECFP_1713,ECFP_1713,algorithmic_medoid,True,True,1,0.0,1.0,1.0,1.0,0.0,3156,0.006296976326903027,"[""ECFP_1713""]"
final,895,1,ECFP_1714,ECFP_1714,ECFP_1714,algorithmic_medoid,True,True,1,0.0,1.0,1.0,1.0,0.0,3156,0.011586255724706474,"[""ECFP_1714""]"
final,896,1,ECFP_1715,ECFP_1715,ECFP_1715,algorithmic_medoid,True,True,1,0.0,1.0,1.0,1.0,0.0,3156,0.002528428759833002,"[""ECFP_1715""]"
final,897,1,ECFP_1716,ECFP_1716,ECFP_1716,algorithmic_medoid,True,True,1,0.0,1.0,1.0,1.0,0.0,3156,0.0041021708504612705,"[""ECFP_1716""]"
final,898,1,ECFP_1717,ECFP_1717,ECFP_1717,algorithmic_medoid,True,True,1,0.0,1.0,1.0,1.0,0.0,3156,0.011895582638979248,"[""ECFP_1717""]"
final,899,1,ECFP_1718,ECFP_1718,ECFP_1718,algorithmic_medoid,True,True,1,0.0,1.0,1.0,1.0,0.0,3156,0.006609716780638727,"[""ECFP_1718""]"
final,900,1,ECFP_1719,ECFP_1719,ECFP_1719,algorithmic_medoid,True,True,1,0.0,1.0,1.0,1.0,0.0,3156,0.009726077513850934,"[""ECFP_1719""]"
final,901,1,ECFP_172,ECFP_172,ECFP_172,algorithmic_medoid,True,True,1,0.0,1.0,1.0,1.0,0.0,3156,0.008481942777834,"[""ECFP_172""]"
final,902,1,ECFP_1720,ECFP_1720,ECFP_1720,algorithmic_medoid,True,True,1,0.0,1.0,1.0,1.0,0.0,3156,0.006296976326903027,"[""ECFP_1720""]"
final,903,1,ECFP_1721,ECFP_1721,ECFP_1721,algorithmic_medoid,True,True,1,0.0,1.0,1.0,1.0,0.0,3156,0.006922256437935429,"[""ECFP_1721""]"
final,904,1,ECFP_1722,ECFP_1722,ECFP_1722,algorithmic_medoid,True,True,1,0.0,1.0,1.0,1.0,0.0,3156,0.13697961594869892,"[""ECFP_1722""]"
final,905,1,ECFP_1723,ECFP_1723,ECFP_1723,algorithmic_medoid,True,True,1,0.0,1.0,1.0,1.0,0.0,3156,0.005357550187061962,"[""ECFP_1723""]"
final,906,1,ECFP_1724,ECFP_1724,ECFP_1724,algorithmic_medoid,True,True,1,0.0,1.0,1.0,1.0,0.0,3156,0.011895582638979248,"[""ECFP_1724""]"
final,907,1,ECFP_1725,ECFP_1725,ECFP_1725,algorithmic_medoid,True,True,1,0.0,1.0,1.0,1.0,0.0,3156,0.002528428759833002,"[""ECFP_1725""]"
final,908,1,ECFP_1726,ECFP_1726,ECFP_1726,algorithmic_medoid,True,True,1,0.0,1.0,1.0,1.0,0.0,3156,0.011276728013994708,"[""ECFP_1726""]"
final,909,1,ECFP_1727,ECFP_1727,ECFP_1727,algorithmic_medoid,True,True,1,0.0,1.0,1.0,1.0,0.0,3156,0.007858670631191559,"[""ECFP_1727""]"
final,910,1,ECFP_1728,ECFP_1728,ECFP_1728,algorithmic_medoid,True,True,1,0.0,1.0,1.0,1.0,0.0,3156,0.010036609206757682,"[""ECFP_1728""]"
final,911,1,ECFP_1729,ECFP_1729,ECFP_1729,algorithmic_medoid,True,True,1,0.0,1.0,1.0,1.0,0.0,3156,0.025307178392375517,"[""ECFP_1729""]"
final,912,1,ECFP_173,ECFP_173,ECFP_173,algorithmic_medoid,True,True,1,0.0,1.0,1.0,1.0,0.0,3156,0.002528428759833002,"[""ECFP_173""]"
final,913,1,ECFP_1730,ECFP_1730,ECFP_1730,algorithmic_medoid,True,True,1,0.0,1.0,1.0,1.0,0.0,3156,0.018039953672245593,"[""ECFP_1730""]"
final,914,1,ECFP_1731,ECFP_1731,ECFP_1731,algorithmic_medoid,True,True,1,0.0,1.0,1.0,1.0,0.0,3156,0.01528492613100602,"[""ECFP_1731""]"
final,915,1,ECFP_1732,ECFP_1732,ECFP_1732,algorithmic_medoid,True,True,1,0.0,1.0,1.0,1.0,0.0,3156,0.00031675638251560997,"[""ECFP_1732""]"
final,916,1,ECFP_1733,ECFP_1733,ECFP_1733,algorithmic_medoid,True,True,1,0.0,1.0,1.0,1.0,0.0,3156,0.021990724007704167,"[""ECFP_1733""]"
final,917,1,ECFP_1734,ECFP_1734,ECFP_1734,algorithmic_medoid,True,True,1,0.0,1.0,1.0,1.0,0.0,3156,0.016205075812703508,"[""ECFP_1734""]"
final,918,1,ECFP_1735,ECFP_1735,ECFP_1735,algorithmic_medoid,True,True,1,0.0,1.0,1.0,1.0,0.0,3156,0.005357550187061962,"[""ECFP_1735""]"
final,919,1,ECFP_1736,ECFP_1736,ECFP_1736,algorithmic_medoid,True,True,1,0.0,1.0,1.0,1.0,0.0,3156,0.00473026211163961,"[""ECFP_1736""]"
final,920,1,ECFP_1737,ECFP_1737,ECFP_1737,algorithmic_medoid,True,True,1,0.0,1.0,1.0,1.0,0.0,3156,0.028599336407928402,"[""ECFP_1737""]"
final,921,1,ECFP_1738,ECFP_1738,ECFP_1738,algorithmic_medoid,True,True,1,0.0,1.0,1.0,1.0,0.0,3156,0.11490415584373863,"[""ECFP_1738""]"
final,922,1,ECFP_1739,ECFP_1739,ECFP_1739,algorithmic_medoid,True,True,1,0.0,1.0,1.0,1.0,0.0,3156,0.010346940103225438,"[""ECFP_1739""]"
final,923,1,ECFP_174,ECFP_174,ECFP_174,algorithmic_medoid,True,True,1,0.0,1.0,1.0,1.0,0.0,3156,0.0037878240252136085,"[""ECFP_174""]"
final,924,1,ECFP_1740,ECFP_1740,ECFP_1740,algorithmic_medoid,True,True,1,0.0,1.0,1.0,1.0,0.0,3156,0.002528428759833002,"[""ECFP_1740""]"
final,925,1,ECFP_1741,ECFP_1741,ECFP_1741,algorithmic_medoid,True,True,1,0.0,1.0,1.0,1.0,0.0,3156,0.01096699950684395,"[""ECFP_1741""]"
final,926,1,ECFP_1742,ECFP_1742,ECFP_1742,algorithmic_medoid,True,True,1,0.0,1.0,1.0,1.0,0.0,3156,0.013747327399396964,"[""ECFP_1742""]"
final,927,1,ECFP_1743,ECFP_1743,ECFP_1743,algorithmic_medoid,True,True,1,0.0,1.0,1.0,1.0,0.0,3156,0.0015817739481880934,"[""ECFP_1743""]"
final,928,1,ECFP_1744,ECFP_1744,ECFP_1744,algorithmic_medoid,True,True,1,0.0,1.0,1.0,1.0,0.0,3156,0.007234595298793131,"[""ECFP_1744""]"
final,929,1,ECFP_1745,ECFP_1745,ECFP_1745,algorithmic_medoid,True,True,1,0.0,1.0,1.0,1.0,0.0,3156,0.048126890498473136,"[""ECFP_1745""]"
final,930,1,ECFP_1746,ECFP_1746,ECFP_1746,algorithmic_medoid,True,True,1,0.0,1.0,1.0,1.0,0.0,3156,0.009726077513850935,"[""ECFP_1746""]"
final,931,1,ECFP_1747,ECFP_1747,ECFP_1747,algorithmic_medoid,True,True,1,0.0,1.0,1.0,1.0,0.0,3156,0.025006686521418547,"[""ECFP_1747""]"
final,932,1,ECFP_1748,ECFP_1748,ECFP_1748,algorithmic_medoid,True,True,1,0.0,1.0,1.0,1.0,0.0,3156,0.007234595298793129,"[""ECFP_1748""]"
final,933,1,ECFP_1749,ECFP_1749,ECFP_1749,algorithmic_medoid,True,True,1,0.0,1.0,1.0,1.0,0.0,3156,0.00410217085046127,"[""ECFP_1749""]"
final,934,1,ECFP_175,ECFP_175,ECFP_175,algorithmic_medoid,True,True,1,0.0,1.0,1.0,1.0,0.0,3156,0.007234595298793131,"[""ECFP_175""]"
final,935,1,ECFP_1750,ECFP_1750,ECFP_1750,algorithmic_medoid,True,True,1,0.0,1.0,1.0,1.0,0.0,3156,0.1844536168257778,"[""ECFP_1750""]"
final,936,1,ECFP_1751,ECFP_1751,ECFP_1751,algorithmic_medoid,True,True,1,0.0,1.0,1.0,1.0,0.0,3156,0.005357550187061961,"[""ECFP_1751""]"
final,937,1,ECFP_1752,ECFP_1752,ECFP_1752,algorithmic_medoid,True,True,1,0.0,1.0,1.0,1.0,0.0,3156,0.005357550187061962,"[""ECFP_1752""]"
final,938,1,ECFP_1753,ECFP_1753,ECFP_1753,algorithmic_medoid,True,True,1,0.0,1.0,1.0,1.0,0.0,3156,0.0012658207514284652,"[""ECFP_1753""]"
final,939,1,ECFP_1754,ECFP_1754,ECFP_1754,algorithmic_medoid,True,True,1,0.0,1.0,1.0,1.0,0.0,3156,0.1125648773294395,"[""ECFP_1754""]"
final,940,1,ECFP_1755,ECFP_1755,ECFP_1755,algorithmic_medoid,True,True,1,0.0,1.0,1.0,1.0,0.0,3156,0.004730262111639609,"[""ECFP_1755""]"
final,941,1,ECFP_1756,ECFP_1756,ECFP_1756,algorithmic_medoid,True,True,1,0.0,1.0,1.0,1.0,0.0,3156,0.003158527985401296,"[""ECFP_1756""]"
final,942,1,ECFP_1757,ECFP_1757,ECFP_1757,algorithmic_medoid,True,True,1,0.0,1.0,1.0,1.0,0.0,3156,0.003158527985401296,"[""ECFP_1757""]"
final,943,1,ECFP_1758,ECFP_1758,ECFP_1758,algorithmic_medoid,True,True,1,0.0,1.0,1.0,1.0,0.0,3156,0.017123418326450028,"[""ECFP_1758""]"
final,944,1,ECFP_1759,ECFP_1759,ECFP_1759,algorithmic_medoid,True,True,1,0.0,1.0,1.0,1.0,0.0,3156,0.0050440065475702844,"[""ECFP_1759""]"
final,945,1,ECFP_176,ECFP_176,ECFP_176,algorithmic_medoid,True,True,1,0.0,1.0,1.0,1.0,0.0,3156,0.0044163168792699355,"[""ECFP_176""]"
final,946,1,ECFP_1760,ECFP_1760,ECFP_1760,algorithmic_medoid,True,True,1,0.0,1.0,1.0,1.0,0.0,3156,0.016817504951640187,"[""ECFP_1760""]"
final,947,1,ECFP_1761,ECFP_1761,ECFP_1761,algorithmic_medoid,True,True,1,0.0,1.0,1.0,1.0,0.0,3156,0.013747327399396965,"[""ECFP_1761""]"
final,948,1,ECFP_1762,ECFP_1762,ECFP_1762,algorithmic_medoid,True,True,1,0.0,1.0,1.0,1.0,0.0,3156,0.023501215220048808,"[""ECFP_1762""]"
final,949,1,ECFP_1763,ECFP_1763,ECFP_1763,algorithmic_medoid,True,True,1,0.0,1.0,1.0,1.0,0.0,3156,0.0025284287598330026,"[""ECFP_1763""]"
final,950,1,ECFP_1764,ECFP_1764,ECFP_1764,algorithmic_medoid,True,True,1,0.0,1.0,1.0,1.0,0.0,3156,0.02138512194769333,"[""ECFP_1764""]"
final,951,1,ECFP_1765,ECFP_1765,ECFP_1765,algorithmic_medoid,True,True,1,0.0,1.0,1.0,1.0,0.0,3156,0.028002569391233387,"[""ECFP_1765""]"
final,952,1,ECFP_1766,ECFP_1766,ECFP_1766,algorithmic_medoid,True,True,1,0.0,1.0,1.0,1.0,0.0,3156,0.010036609206757682,"[""ECFP_1766""]"
final,953,1,ECFP_1767,ECFP_1767,ECFP_1767,algorithmic_medoid,True,True,1,0.0,1.0,1.0,1.0,0.0,3156,0.001897526348508725,"[""ECFP_1767""]"
final,954,1,ECFP_1768,ECFP_1768,ECFP_1768,algorithmic_medoid,True,True,1,0.0,1.0,1.0,1.0,0.0,3156,0.014362969281357576,"[""ECFP_1768""]"
final,955,1,ECFP_1769,ECFP_1769,ECFP_1769,algorithmic_medoid,True,True,1,0.0,1.0,1.0,1.0,0.0,3156,0.00473026211163961,"[""ECFP_1769""]"
final,956,1,ECFP_177,ECFP_177,ECFP_177,algorithmic_medoid,True,True,1,0.0,1.0,1.0,1.0,0.0,3156,0.010346940103225438,"[""ECFP_177""]"
final,957,1,ECFP_1770,ECFP_1770,ECFP_1770,algorithmic_medoid,True,True,1,0.0,1.0,1.0,1.0,0.0,3156,0.0031585279854012965,"[""ECFP_1770""]"
final,958,1,ECFP_1771,ECFP_1771,ECFP_1771,algorithmic_medoid,True,True,1,0.0,1.0,1.0,1.0,0.0,3156,0.01742913090482088,"[""ECFP_1771""]"
final,959,1,ECFP_1772,ECFP_1772,ECFP_1772,algorithmic_medoid,True,True,1,0.0,1.0,1.0,1.0,0.0,3156,0.003473276403526948,"[""ECFP_1772""]"
final,960,1,ECFP_1773,ECFP_1773,ECFP_1773,algorithmic_medoid,True,True,1,0.0,1.0,1.0,1.0,0.0,3156,0.009104411738720463,"[""ECFP_1773""]"
final,961,2,ECFP_748,ECFP_748,ECFP_748,algorithmic_medoid,True,True,1,0.1620814085345461,0.8379185914654539,0.8379185914654539,0.8379185914654539,0.0,3156,0.02500668652141855,"[""ECFP_1774"", ""ECFP_748""]"
final,961,2,ECFP_1774,ECFP_748,ECFP_748,algorithmic_medoid,False,False,2,0.1620814085345461,0.8379185914654539,0.8379185914654539,0.8379185914654539,0.0,3156,0.02077871670192652,"[""ECFP_1774"", ""ECFP_748""]"
final,962,1,ECFP_1775,ECFP_1775,ECFP_1775,algorithmic_medoid,True,True,1,0.0,1.0,1.0,1.0,0.0,3156,0.011895582638979248,"[""ECFP_1775""]"
final,963,1,ECFP_1776,ECFP_1776,ECFP_1776,algorithmic_medoid,True,True,1,0.0,1.0,1.0,1.0,0.0,3156,0.002213077952390361,"[""ECFP_1776""]"
final,964,1,ECFP_1777,ECFP_1777,ECFP_1777,algorithmic_medoid,True,True,1,0.0,1.0,1.0,1.0,0.0,3156,0.0037878240252136076,"[""ECFP_1777""]"
final,965,1,ECFP_1778,ECFP_1778,ECFP_1778,algorithmic_medoid,True,True,1,0.0,1.0,1.0,1.0,0.0,3156,0.01528492613100602,"[""ECFP_1778""]"
final,966,1,ECFP_1779,ECFP_1779,ECFP_1779,algorithmic_medoid,True,True,1,0.0,1.0,1.0,1.0,0.0,3156,0.006922256437935429,"[""ECFP_1779""]"
final,967,1,ECFP_178,ECFP_178,ECFP_178,algorithmic_medoid,True,True,1,0.0,1.0,1.0,1.0,0.0,3156,0.0025284287598330026,"[""ECFP_178""]"
final,968,1,ECFP_1780,ECFP_1780,ECFP_1780,algorithmic_medoid,True,True,1,0.0,1.0,1.0,1.0,0.0,3156,0.005670893030114649,"[""ECFP_1780""]"
final,969,1,ECFP_1781,ECFP_1781,ECFP_1781,algorithmic_medoid,True,True,1,0.0,1.0,1.0,1.0,0.0,3156,0.014670489027679383,"[""ECFP_1781""]"
final,970,1,ECFP_1782,ECFP_1782,ECFP_1782,algorithmic_medoid,True,True,1,0.0,1.0,1.0,1.0,0.0,3156,0.005357550187061962,"[""ECFP_1782""]"
final,971,1,ECFP_1783,ECFP_1783,ECFP_1783,algorithmic_medoid,True,True,1,0.0,1.0,1.0,1.0,0.0,3156,0.028897418721617423,"[""ECFP_1783""]"
final,972,1,ECFP_1784,ECFP_1784,ECFP_1784,algorithmic_medoid,True,True,1,0.0,1.0,1.0,1.0,0.0,3156,0.0050440065475702844,"[""ECFP_1784""]"
final,973,1,ECFP_1785,ECFP_1785,ECFP_1785,algorithmic_medoid,True,True,1,0.0,1.0,1.0,1.0,0.0,3156,0.007858670631191559,"[""ECFP_1785""]"
final,974,1,ECFP_1786,ECFP_1786,ECFP_1786,algorithmic_medoid,True,True,1,0.0,1.0,1.0,1.0,0.0,3156,0.01096699950684395,"[""ECFP_1786""]"
final,975,1,ECFP_1787,ECFP_1787,ECFP_1787,algorithmic_medoid,True,True,1,0.0,1.0,1.0,1.0,0.0,3156,0.0025284287598330026,"[""ECFP_1787""]"
final,976,1,ECFP_1788,ECFP_1788,ECFP_1788,algorithmic_medoid,True,True,1,0.0,1.0,1.0,1.0,0.0,3156,0.002843578770836647,"[""ECFP_1788""]"
final,977,1,ECFP_1789,ECFP_1789,ECFP_1789,algorithmic_medoid,True,True,1,0.0,1.0,1.0,1.0,0.0,3156,0.0025284287598330026,"[""ECFP_1789""]"
final,978,1,ECFP_179,ECFP_179,ECFP_179,algorithmic_medoid,True,True,1,0.0,1.0,1.0,1.0,0.0,3156,0.010966999506843949,"[""ECFP_179""]"
final,979,1,ECFP_1790,ECFP_1790,ECFP_1790,algorithmic_medoid,True,True,1,0.0,1.0,1.0,1.0,0.0,3156,0.005984035076728338,"[""ECFP_1790""]"
final,980,1,ECFP_1791,ECFP_1791,ECFP_1791,algorithmic_medoid,True,True,1,0.0,1.0,1.0,1.0,0.0,3156,0.12111991001106791,"[""ECFP_1791""]"
final,981,1,ECFP_1792,ECFP_1792,ECFP_1792,algorithmic_medoid,True,True,1,0.0,1.0,1.0,1.0,0.0,3156,0.006296976326903027,"[""ECFP_1792""]"
final,982,1,ECFP_1793,ECFP_1793,ECFP_1793,algorithmic_medoid,True,True,1,0.0,1.0,1.0,1.0,0.0,3156,0.0050440065475702844,"[""ECFP_1793""]"
final,983,1,ECFP_1794,ECFP_1794,ECFP_1794,algorithmic_medoid,True,True,1,0.0,1.0,1.0,1.0,0.0,3156,0.012513634078207804,"[""ECFP_1794""]"
final,984,1,ECFP_1795,ECFP_1795,ECFP_1795,algorithmic_medoid,True,True,1,0.0,1.0,1.0,1.0,0.0,3156,0.008481942777834001,"[""ECFP_1795""]"
final,985,1,ECFP_1796,ECFP_1796,ECFP_1796,algorithmic_medoid,True,True,1,0.0,1.0,1.0,1.0,0.0,3156,0.00473026211163961,"[""ECFP_1796""]"
final,986,1,ECFP_1797,ECFP_1797,ECFP_1797,algorithmic_medoid,True,True,1,0.0,1.0,1.0,1.0,0.0,3156,0.014055248738596768,"[""ECFP_1797""]"
final,987,1,ECFP_1798,ECFP_1798,ECFP_1798,algorithmic_medoid,True,True,1,0.0,1.0,1.0,1.0,0.0,3156,0.008793277656496729,"[""ECFP_1798""]"
final,988,1,ECFP_1799,ECFP_1799,ECFP_1799,algorithmic_medoid,True,True,1,0.0,1.0,1.0,1.0,0.0,3156,0.013130882331680374,"[""ECFP_1799""]"
final,989,1,ECFP_18,ECFP_18,ECFP_18,algorithmic_medoid,True,True,1,0.0,1.0,1.0,1.0,0.0,3156,0.01864997325391432,"[""ECFP_18""]"
final,990,1,ECFP_180,ECFP_180,ECFP_180,algorithmic_medoid,True,True,1,0.0,1.0,1.0,1.0,0.0,3156,0.002843578770836647,"[""ECFP_180""]"
final,991,1,ECFP_1800,ECFP_1800,ECFP_1800,algorithmic_medoid,True,True,1,0.0,1.0,1.0,1.0,0.0,3156,0.016205075812703508,"[""ECFP_1800""]"
final,992,1,ECFP_1801,ECFP_1801,ECFP_1801,algorithmic_medoid,True,True,1,0.0,1.0,1.0,1.0,0.0,3156,0.002843578770836647,"[""ECFP_1801""]"
final,993,1,ECFP_1802,ECFP_1802,ECFP_1802,algorithmic_medoid,True,True,1,0.0,1.0,1.0,1.0,0.0,3156,0.0015817739481880932,"[""ECFP_1802""]"
final,994,1,ECFP_1803,ECFP_1803,ECFP_1803,algorithmic_medoid,True,True,1,0.0,1.0,1.0,1.0,0.0,3156,0.04612886553224711,"[""ECFP_1803""]"
final,995,1,ECFP_1804,ECFP_1804,ECFP_1804,algorithmic_medoid,True,True,1,0.0,1.0,1.0,1.0,0.0,3156,0.018039953672245593,"[""ECFP_1804""]"
final,996,1,ECFP_1805,ECFP_1805,ECFP_1805,algorithmic_medoid,True,True,1,0.0,1.0,1.0,1.0,0.0,3156,0.0025284287598330017,"[""ECFP_1805""]"
final,997,1,ECFP_1806,ECFP_1806,ECFP_1806,algorithmic_medoid,True,True,1,0.0,1.0,1.0,1.0,0.0,3156,0.0012658207514284654,"[""ECFP_1806""]"
final,998,1,ECFP_1807,ECFP_1807,ECFP_1807,algorithmic_medoid,True,True,1,0.0,1.0,1.0,1.0,0.0,3156,0.002528428759833002,"[""ECFP_1807""]"
final,999,1,ECFP_1808,ECFP_1808,ECFP_1808,algorithmic_medoid,True,True,1,0.0,1.0,1.0,1.0,0.0,3156,0.025907559744972455,"[""ECFP_1808""]"
final,1000,1,ECFP_1809,ECFP_1809,ECFP_1809,algorithmic_medoid,True,True,1,0.0,1.0,1.0,1.0,0.0,3156,0.014362969281357574,"[""ECFP_1809""]"
final,1001,1,ECFP_181,ECFP_181,ECFP_181,algorithmic_medoid,True,True,1,0.0,1.0,1.0,1.0,0.0,3156,0.001897526348508725,"[""ECFP_181""]"
final,1002,1,ECFP_1810,ECFP_1810,ECFP_1810,algorithmic_medoid,True,True,1,0.0,1.0,1.0,1.0,0.0,3156,0.028599336407928402,"[""ECFP_1810""]"
final,1003,1,ECFP_1811,ECFP_1811,ECFP_1811,algorithmic_medoid,True,True,1,0.0,1.0,1.0,1.0,0.0,3156,0.004730262111639609,"[""ECFP_1811""]"
final,1004,1,ECFP_1812,ECFP_1812,ECFP_1812,algorithmic_medoid,True,True,1,0.0,1.0,1.0,1.0,0.0,3156,0.00473026211163961,"[""ECFP_1812""]"
final,1005,1,ECFP_1813,ECFP_1813,ECFP_1813,algorithmic_medoid,True,True,1,0.0,1.0,1.0,1.0,0.0,3156,0.0044163168792699355,"[""ECFP_1813""]"
final,1006,1,ECFP_1814,ECFP_1814,ECFP_1814,algorithmic_medoid,True,True,1,0.0,1.0,1.0,1.0,0.0,3156,0.012513634078207802,"[""ECFP_1814""]"
final,1007,1,ECFP_1815,ECFP_1815,ECFP_1815,algorithmic_medoid,True,True,1,0.0,1.0,1.0,1.0,0.0,3156,0.009104411738720463,"[""ECFP_1815""]"
final,1008,1,ECFP_1816,ECFP_1816,ECFP_1816,algorithmic_medoid,True,True,1,0.0,1.0,1.0,1.0,0.0,3156,0.03745445936763579,"[""ECFP_1816""]"
final,1009,1,ECFP_1817,ECFP_1817,ECFP_1817,algorithmic_medoid,True,True,1,0.0,1.0,1.0,1.0,0.0,3156,0.0050440065475702844,"[""ECFP_1817""]"
final,1010,1,ECFP_1818,ECFP_1818,ECFP_1818,algorithmic_medoid,True,True,1,0.0,1.0,1.0,1.0,0.0,3156,0.010346940103225438,"[""ECFP_1818""]"
final,1011,1,ECFP_1819,ECFP_1819,ECFP_1819,algorithmic_medoid,True,True,1,0.0,1.0,1.0,1.0,0.0,3156,0.008793277656496729,"[""ECFP_1819""]"
final,1012,1,ECFP_182,ECFP_182,ECFP_182,algorithmic_medoid,True,True,1,0.0,1.0,1.0,1.0,0.0,3156,0.030978372617148663,"[""ECFP_182""]"
final,1013,1,ECFP_1820,ECFP_1820,ECFP_1820,algorithmic_medoid,True,True,1,0.0,1.0,1.0,1.0,0.0,3156,0.011586255724706476,"[""ECFP_1820""]"
final,1014,1,ECFP_1821,ECFP_1821,ECFP_1821,algorithmic_medoid,True,True,1,0.0,1.0,1.0,1.0,0.0,3156,0.0012658207514284654,"[""ECFP_1821""]"
final,1015,1,ECFP_1822,ECFP_1822,ECFP_1822,algorithmic_medoid,True,True,1,0.0,1.0,1.0,1.0,0.0,3156,0.015591843488010846,"[""ECFP_1822""]"
final,1016,1,ECFP_1823,ECFP_1823,ECFP_1823,algorithmic_medoid,True,True,1,0.0,1.0,1.0,1.0,0.0,3156,0.033639427424938265,"[""ECFP_1823""]"
final,1017,1,ECFP_1824,ECFP_1824,ECFP_1824,algorithmic_medoid,True,True,1,0.0,1.0,1.0,1.0,0.0,3156,0.010966999506843949,"[""ECFP_1824""]"
final,1018,1,ECFP_1825,ECFP_1825,ECFP_1825,algorithmic_medoid,True,True,1,0.0,1.0,1.0,1.0,0.0,3156,0.03862148827107841,"[""ECFP_1825""]"
final,1019,1,ECFP_1826,ECFP_1826,ECFP_1826,algorithmic_medoid,True,True,1,0.0,1.0,1.0,1.0,0.0,3156,0.0044163168792699355,"[""ECFP_1826""]"
final,1020,1,ECFP_1827,ECFP_1827,ECFP_1827,algorithmic_medoid,True,True,1,0.0,1.0,1.0,1.0,0.0,3156,0.0041021708504612705,"[""ECFP_1827""]"
final,1021,1,ECFP_1828,ECFP_1828,ECFP_1828,algorithmic_medoid,True,True,1,0.0,1.0,1.0,1.0,0.0,3156,0.028897418721617423,"[""ECFP_1828""]"
final,1022,1,ECFP_1829,ECFP_1829,ECFP_1829,algorithmic_medoid,True,True,1,0.0,1.0,1.0,1.0,0.0,3156,0.0031585279854012965,"[""ECFP_1829""]"
final,1023,1,ECFP_183,ECFP_183,ECFP_183,algorithmic_medoid,True,True,1,0.0,1.0,1.0,1.0,0.0,3156,0.0022130779523903614,"[""ECFP_183""]"
final,1024,1,ECFP_1830,ECFP_1830,ECFP_1830,algorithmic_medoid,True,True,1,0.0,1.0,1.0,1.0,0.0,3156,0.0031585279854012965,"[""ECFP_1830""]"
final,1025,1,ECFP_1831,ECFP_1831,ECFP_1831,algorithmic_medoid,True,True,1,0.0,1.0,1.0,1.0,0.0,3156,0.022595522881959002,"[""ECFP_1831""]"
final,1026,1,ECFP_1832,ECFP_1832,ECFP_1832,algorithmic_medoid,True,True,1,0.0,1.0,1.0,1.0,0.0,3156,0.009415345024505195,"[""ECFP_1832""]"
final,1027,1,ECFP_1833,ECFP_1833,ECFP_1833,algorithmic_medoid,True,True,1,0.0,1.0,1.0,1.0,0.0,3156,0.003787824025213607,"[""ECFP_1833""]"
final,1028,1,ECFP_1834,ECFP_1834,ECFP_1834,algorithmic_medoid,True,True,1,0.0,1.0,1.0,1.0,0.0,3156,0.002528428759833002,"[""ECFP_1834""]"
final,1029,1,ECFP_1835,ECFP_1835,ECFP_1835,algorithmic_medoid,True,True,1,0.0,1.0,1.0,1.0,0.0,3156,0.0018975263485087248,"[""ECFP_1835""]"
final,1030,1,ECFP_1836,ECFP_1836,ECFP_1836,algorithmic_medoid,True,True,1,0.0,1.0,1.0,1.0,0.0,3156,0.0022130779523903614,"[""ECFP_1836""]"
final,1031,1,ECFP_1837,ECFP_1837,ECFP_1837,algorithmic_medoid,True,True,1,0.0,1.0,1.0,1.0,0.0,3156,0.0044163168792699355,"[""ECFP_1837""]"
final,1032,1,ECFP_1838,ECFP_1838,ECFP_1838,algorithmic_medoid,True,True,1,0.0,1.0,1.0,1.0,0.0,3156,0.005670893030114649,"[""ECFP_1838""]"
final,1033,1,ECFP_1839,ECFP_1839,ECFP_1839,algorithmic_medoid,True,True,1,0.0,1.0,1.0,1.0,0.0,3156,0.008793277656496729,"[""ECFP_1839""]"
final,1034,1,ECFP_184,ECFP_184,ECFP_184,algorithmic_medoid,True,True,1,0.0,1.0,1.0,1.0,0.0,3156,0.019563496653124953,"[""ECFP_184""]"
final,1035,1,ECFP_1840,ECFP_1840,ECFP_1840,algorithmic_medoid,True,True,1,0.0,1.0,1.0,1.0,0.0,3156,0.03686974013728051,"[""ECFP_1840""]"
final,1036,1,ECFP_1841,ECFP_1841,ECFP_1841,algorithmic_medoid,True,True,1,0.0,1.0,1.0,1.0,0.0,3156,0.0012658207514284654,"[""ECFP_1841""]"
final,1037,1,ECFP_1842,ECFP_1842,ECFP_1842,algorithmic_medoid,True,True,1,0.0,1.0,1.0,1.0,0.0,3156,0.007858670631191559,"[""ECFP_1842""]"
final,1038,1,ECFP_1843,ECFP_1843,ECFP_1843,algorithmic_medoid,True,True,1,0.0,1.0,1.0,1.0,0.0,3156,0.006296976326903027,"[""ECFP_1843""]"
final,1039,1,ECFP_1844,ECFP_1844,ECFP_1844,algorithmic_medoid,True,True,1,0.0,1.0,1.0,1.0,0.0,3156,0.015898560048576673,"[""ECFP_1844""]"
final,1040,1,ECFP_1845,ECFP_1845,ECFP_1845,algorithmic_medoid,True,True,1,0.0,1.0,1.0,1.0,0.0,3156,0.007234595298793131,"[""ECFP_1845""]"
final,1041,1,ECFP_1846,ECFP_1846,ECFP_1846,algorithmic_medoid,True,True,1,0.0,1.0,1.0,1.0,0.0,3156,0.007858670631191559,"[""ECFP_1846""]"
final,1042,1,ECFP_1847,ECFP_1847,ECFP_1847,algorithmic_medoid,True,True,1,0.0,1.0,1.0,1.0,0.0,3156,0.016205075812703508,"[""ECFP_1847""]"
final,1043,1,ECFP_1848,ECFP_1848,ECFP_1848,algorithmic_medoid,True,True,1,0.0,1.0,1.0,1.0,0.0,3156,0.006609716780638728,"[""ECFP_1848""]"
final,1044,1,ECFP_1849,ECFP_1849,ECFP_1849,algorithmic_medoid,True,True,1,0.0,1.0,1.0,1.0,0.0,3156,0.021688023375918235,"[""ECFP_1849""]"
final,1045,1,ECFP_185,ECFP_185,ECFP_185,algorithmic_medoid,True,True,1,0.0,1.0,1.0,1.0,0.0,3156,0.0025284287598330026,"[""ECFP_185""]"
final,1046,1,ECFP_1850,ECFP_1850,ECFP_1850,algorithmic_medoid,True,True,1,0.0,1.0,1.0,1.0,0.0,3156,0.006922256437935429,"[""ECFP_1850""]"
final,1047,1,ECFP_1851,ECFP_1851,ECFP_1851,algorithmic_medoid,True,True,1,0.0,1.0,1.0,1.0,0.0,3156,0.0025284287598330026,"[""ECFP_1851""]"
final,1048,1,ECFP_1852,ECFP_1852,ECFP_1852,algorithmic_medoid,True,True,1,0.0,1.0,1.0,1.0,0.0,3156,0.00817040710273228,"[""ECFP_1852""]"
final,1049,1,ECFP_1853,ECFP_1853,ECFP_1853,algorithmic_medoid,True,True,1,0.0,1.0,1.0,1.0,0.0,3156,0.033049487487169106,"[""ECFP_1853""]"
final,1050,1,ECFP_1854,ECFP_1854,ECFP_1854,algorithmic_medoid,True,True,1,0.0,1.0,1.0,1.0,0.0,3156,0.02229322384305107,"[""ECFP_1854""]"
final,1051,1,ECFP_1855,ECFP_1855,ECFP_1855,algorithmic_medoid,True,True,1,0.0,1.0,1.0,1.0,0.0,3156,0.0973656912778846,"[""ECFP_1855""]"
final,1052,1,ECFP_1856,ECFP_1856,ECFP_1856,algorithmic_medoid,True,True,1,0.0,1.0,1.0,1.0,0.0,3156,0.008481942777834001,"[""ECFP_1856""]"
final,1053,1,ECFP_1857,ECFP_1857,ECFP_1857,algorithmic_medoid,True,True,1,0.0,1.0,1.0,1.0,0.0,3156,0.003473276403526948,"[""ECFP_1857""]"
final,1054,1,ECFP_1858,ECFP_1858,ECFP_1858,algorithmic_medoid,True,True,1,0.0,1.0,1.0,1.0,0.0,3156,0.007858670631191559,"[""ECFP_1858""]"
final,1055,1,ECFP_1859,ECFP_1859,ECFP_1859,algorithmic_medoid,True,True,1,0.0,1.0,1.0,1.0,0.0,3156,0.018345063861299454,"[""ECFP_1859""]"
final,1056,1,ECFP_186,ECFP_186,ECFP_186,algorithmic_medoid,True,True,1,0.0,1.0,1.0,1.0,0.0,3156,0.0050440065475702844,"[""ECFP_186""]"
final,1057,1,ECFP_1860,ECFP_1860,ECFP_1860,algorithmic_medoid,True,True,1,0.0,1.0,1.0,1.0,0.0,3156,0.0321630716072229,"[""ECFP_1860""]"
final,1058,1,ECFP_1861,ECFP_1861,ECFP_1861,algorithmic_medoid,True,True,1,0.0,1.0,1.0,1.0,0.0,3156,0.006922256437935429,"[""ECFP_1861""]"
final,1059,1,ECFP_1862,ECFP_1862,ECFP_1862,algorithmic_medoid,True,True,1,0.0,1.0,1.0,1.0,0.0,3156,0.014670489027679385,"[""ECFP_1862""]"
final,1060,1,ECFP_1863,ECFP_1863,ECFP_1863,algorithmic_medoid,True,True,1,0.0,1.0,1.0,1.0,0.0,3156,0.017429130904820882,"[""ECFP_1863""]"
final,1061,1,ECFP_1864,ECFP_1864,ECFP_1864,algorithmic_medoid,True,True,1,0.0,1.0,1.0,1.0,0.0,3156,0.006296976326903027,"[""ECFP_1864""]"
final,1062,1,ECFP_1865,ECFP_1865,ECFP_1865,algorithmic_medoid,True,True,1,0.0,1.0,1.0,1.0,0.0,3156,0.0044163168792699355,"[""ECFP_1865""]"
final,1063,1,ECFP_1866,ECFP_1866,ECFP_1866,algorithmic_medoid,True,True,1,0.0,1.0,1.0,1.0,0.0,3156,0.09637375686924618,"[""ECFP_1866""]"
final,1064,1,ECFP_1867,ECFP_1867,ECFP_1867,algorithmic_medoid,True,True,1,0.0,1.0,1.0,1.0,0.0,3156,0.008793277656496729,"[""ECFP_1867""]"
final,1065,1,ECFP_1868,ECFP_1868,ECFP_1868,algorithmic_medoid,True,True,1,0.0,1.0,1.0,1.0,0.0,3156,0.005670893030114649,"[""ECFP_1868""]"
final,1066,1,ECFP_1869,ECFP_1869,ECFP_1869,algorithmic_medoid,True,True,1,0.0,1.0,1.0,1.0,0.0,3156,0.003158527985401296,"[""ECFP_1869""]"
final,1067,1,ECFP_187,ECFP_187,ECFP_187,algorithmic_medoid,True,True,1,0.0,1.0,1.0,1.0,0.0,3156,0.0025284287598330026,"[""ECFP_187""]"
final,1068,1,ECFP_1870,ECFP_1870,ECFP_1870,algorithmic_medoid,True,True,1,0.0,1.0,1.0,1.0,0.0,3156,0.0015817739481880932,"[""ECFP_1870""]"
final,1069,1,ECFP_1871,ECFP_1871,ECFP_1871,algorithmic_medoid,True,True,1,0.0,1.0,1.0,1.0,0.0,3156,0.006922256437935429,"[""ECFP_1871""]"
final,1070,1,ECFP_1872,ECFP_1872,ECFP_1872,algorithmic_medoid,True,True,1,0.0,1.0,1.0,1.0,0.0,3156,0.0025284287598330026,"[""ECFP_1872""]"
final,1071,1,ECFP_1873,ECFP_1873,ECFP_1873,algorithmic_medoid,True,True,1,0.0,1.0,1.0,1.0,0.0,3156,0.09187029433545212,"[""ECFP_1873""]"
final,1072,1,ECFP_1874,ECFP_1874,ECFP_1874,algorithmic_medoid,True,True,1,0.0,1.0,1.0,1.0,0.0,3156,0.0037878240252136076,"[""ECFP_1874""]"
final,1073,1,ECFP_1875,ECFP_1875,ECFP_1875,algorithmic_medoid,True,True,1,0.0,1.0,1.0,1.0,0.0,3156,0.006609716780638728,"[""ECFP_1875""]"
final,1074,1,ECFP_1876,ECFP_1876,ECFP_1876,algorithmic_medoid,True,True,1,0.0,1.0,1.0,1.0,0.0,3156,0.016511390780391346,"[""ECFP_1876""]"
final,1075,1,ECFP_1877,ECFP_1877,ECFP_1877,algorithmic_medoid,True,True,1,0.0,1.0,1.0,1.0,0.0,3156,0.007546733363211846,"[""ECFP_1877""]"
final,1076,1,ECFP_1878,ECFP_1878,ECFP_1878,algorithmic_medoid,True,True,1,0.0,1.0,1.0,1.0,0.0,3156,0.003473276403526949,"[""ECFP_1878""]"
final,1077,1,ECFP_1879,ECFP_1879,ECFP_1879,algorithmic_medoid,True,True,1,0.0,1.0,1.0,1.0,0.0,3156,0.021990724007704167,"[""ECFP_1879""]"
final,1078,1,ECFP_188,ECFP_188,ECFP_188,algorithmic_medoid,True,True,1,0.0,1.0,1.0,1.0,0.0,3156,0.008481942777834001,"[""ECFP_188""]"
final,1079,1,ECFP_1880,ECFP_1880,ECFP_1880,algorithmic_medoid,True,True,1,0.0,1.0,1.0,1.0,0.0,3156,0.0012658207514284654,"[""ECFP_1880""]"
final,1080,1,ECFP_1881,ECFP_1881,ECFP_1881,algorithmic_medoid,True,True,1,0.0,1.0,1.0,1.0,0.0,3156,0.003473276403526949,"[""ECFP_1881""]"
final,1081,1,ECFP_1882,ECFP_1882,ECFP_1882,algorithmic_medoid,True,True,1,0.0,1.0,1.0,1.0,0.0,3156,0.0034732764035269475,"[""ECFP_1882""]"
final,1082,1,ECFP_1883,ECFP_1883,ECFP_1883,algorithmic_medoid,True,True,1,0.0,1.0,1.0,1.0,0.0,3156,0.001897526348508725,"[""ECFP_1883""]"
final,1083,1,ECFP_1884,ECFP_1884,ECFP_1884,algorithmic_medoid,True,True,1,0.0,1.0,1.0,1.0,0.0,3156,0.02470599385402261,"[""ECFP_1884""]"
final,1084,1,ECFP_1885,ECFP_1885,ECFP_1885,algorithmic_medoid,True,True,1,0.0,1.0,1.0,1.0,0.0,3156,0.0037878240252136076,"[""ECFP_1885""]"
final,1085,1,ECFP_1886,ECFP_1886,ECFP_1886,algorithmic_medoid,True,True,1,0.0,1.0,1.0,1.0,0.0,3156,0.0015817739481880934,"[""ECFP_1886""]"
final,1086,1,ECFP_1887,ECFP_1887,ECFP_1887,algorithmic_medoid,True,True,1,0.0,1.0,1.0,1.0,0.0,3156,0.008793277656496729,"[""ECFP_1887""]"
final,1087,1,ECFP_1888,ECFP_1888,ECFP_1888,algorithmic_medoid,True,True,1,0.0,1.0,1.0,1.0,0.0,3156,0.01282235860316359,"[""ECFP_1888""]"
final,1088,1,ECFP_1889,ECFP_1889,ECFP_1889,algorithmic_medoid,True,True,1,0.0,1.0,1.0,1.0,0.0,3156,0.004102170850461271,"[""ECFP_1889""]"
final,1089,1,ECFP_189,ECFP_189,ECFP_189,algorithmic_medoid,True,True,1,0.0,1.0,1.0,1.0,0.0,3156,0.004730262111639609,"[""ECFP_189""]"
final,1090,1,ECFP_1890,ECFP_1890,ECFP_1890,algorithmic_medoid,True,True,1,0.0,1.0,1.0,1.0,0.0,3156,0.0009496667582298431,"[""ECFP_1890""]"
final,1091,1,ECFP_1891,ECFP_1891,ECFP_1891,algorithmic_medoid,True,True,1,0.0,1.0,1.0,1.0,0.0,3156,0.003158527985401296,"[""ECFP_1891""]"
final,1092,1,ECFP_1892,ECFP_1892,ECFP_1892,algorithmic_medoid,True,True,1,0.0,1.0,1.0,1.0,0.0,3156,0.013747327399396965,"[""ECFP_1892""]"
final,1093,1,ECFP_1893,ECFP_1893,ECFP_1893,algorithmic_medoid,True,True,1,0.0,1.0,1.0,1.0,0.0,3156,0.010346940103225438,"[""ECFP_1893""]"
final,1094,1,ECFP_1894,ECFP_1894,ECFP_1894,algorithmic_medoid,True,True,1,0.0,1.0,1.0,1.0,0.0,3156,0.0018975263485087248,"[""ECFP_1894""]"
final,1095,1,ECFP_1895,ECFP_1895,ECFP_1895,algorithmic_medoid,True,True,1,0.0,1.0,1.0,1.0,0.0,3156,0.005984035076728338,"[""ECFP_1895""]"
final,1096,1,ECFP_1896,ECFP_1896,ECFP_1896,algorithmic_medoid,True,True,1,0.0,1.0,1.0,1.0,0.0,3156,0.009726077513850935,"[""ECFP_1896""]"
final,1097,1,ECFP_1897,ECFP_1897,ECFP_1897,algorithmic_medoid,True,True,1,0.0,1.0,1.0,1.0,0.0,3156,0.016817504951640187,"[""ECFP_1897""]"
final,1098,1,ECFP_1898,ECFP_1898,ECFP_1898,algorithmic_medoid,True,True,1,0.0,1.0,1.0,1.0,0.0,3156,0.011895582638979248,"[""ECFP_1898""]"
final,1099,1,ECFP_1899,ECFP_1899,ECFP_1899,algorithmic_medoid,True,True,1,0.0,1.0,1.0,1.0,0.0,3156,0.002213077952390361,"[""ECFP_1899""]"
final,1100,1,ECFP_19,ECFP_19,ECFP_19,algorithmic_medoid,True,True,1,0.0,1.0,1.0,1.0,0.0,3156,0.004730262111639609,"[""ECFP_19""]"
final,1101,1,ECFP_190,ECFP_190,ECFP_190,algorithmic_medoid,True,True,1,0.0,1.0,1.0,1.0,0.0,3156,0.008793277656496729,"[""ECFP_190""]"
final,1102,1,ECFP_1900,ECFP_1900,ECFP_1900,algorithmic_medoid,True,True,1,0.0,1.0,1.0,1.0,0.0,3156,0.0025284287598330026,"[""ECFP_1900""]"
final,1103,1,ECFP_1901,ECFP_1901,ECFP_1901,algorithmic_medoid,True,True,1,0.0,1.0,1.0,1.0,0.0,3156,0.0025284287598330026,"[""ECFP_1901""]"
final,1104,1,ECFP_1902,ECFP_1902,ECFP_1902,algorithmic_medoid,True,True,1,0.0,1.0,1.0,1.0,0.0,3156,0.0018975263485087248,"[""ECFP_1902""]"
final,1105,1,ECFP_1903,ECFP_1903,ECFP_1903,algorithmic_medoid,True,True,1,0.0,1.0,1.0,1.0,0.0,3156,0.0012658207514284654,"[""ECFP_1903""]"
final,1106,1,ECFP_1904,ECFP_1904,ECFP_1904,algorithmic_medoid,True,True,1,0.0,1.0,1.0,1.0,0.0,3156,0.006922256437935427,"[""ECFP_1904""]"
final,1107,1,ECFP_1905,ECFP_1905,ECFP_1905,algorithmic_medoid,True,True,1,0.0,1.0,1.0,1.0,0.0,3156,0.04036600773307245,"[""ECFP_1905""]"
final,1108,1,ECFP_1906,ECFP_1906,ECFP_1906,algorithmic_medoid,True,True,1,0.0,1.0,1.0,1.0,0.0,3156,0.0050440065475702844,"[""ECFP_1906""]"
final,1109,1,ECFP_1907,ECFP_1907,ECFP_1907,algorithmic_medoid,True,True,1,0.0,1.0,1.0,1.0,0.0,3156,0.006296976326903027,"[""ECFP_1907""]"
final,1110,1,ECFP_1908,ECFP_1908,ECFP_1908,algorithmic_medoid,True,True,1,0.0,1.0,1.0,1.0,0.0,3156,0.023501215220048808,"[""ECFP_1908""]"
final,1111,1,ECFP_1909,ECFP_1909,ECFP_1909,algorithmic_medoid,True,True,1,0.0,1.0,1.0,1.0,0.0,3156,0.01282235860316359,"[""ECFP_1909""]"
final,1112,1,ECFP_191,ECFP_191,ECFP_191,algorithmic_medoid,True,True,1,0.0,1.0,1.0,1.0,0.0,3156,0.039494651586050915,"[""ECFP_191""]"
final,1113,1,ECFP_1910,ECFP_1910,ECFP_1910,algorithmic_medoid,True,True,1,0.0,1.0,1.0,1.0,0.0,3156,0.02530717839237552,"[""ECFP_1910""]"
final,1114,1,ECFP_1911,ECFP_1911,ECFP_1911,algorithmic_medoid,True,True,1,0.0,1.0,1.0,1.0,0.0,3156,0.10276390274384316,"[""ECFP_1911""]"
final,1115,1,ECFP_1912,ECFP_1912,ECFP_1912,algorithmic_medoid,True,True,1,0.0,1.0,1.0,1.0,0.0,3156,0.02077871670192652,"[""ECFP_1912""]"
final,1116,1,ECFP_1913,ECFP_1913,ECFP_1913,algorithmic_medoid,True,True,1,0.0,1.0,1.0,1.0,0.0,3156,0.0015817739481880934,"[""ECFP_1913""]"
final,1117,1,ECFP_1914,ECFP_1914,ECFP_1914,algorithmic_medoid,True,True,1,0.0,1.0,1.0,1.0,0.0,3156,0.008481942777834001,"[""ECFP_1914""]"
final,1118,1,ECFP_1915,ECFP_1915,ECFP_1915,algorithmic_medoid,True,True,1,0.0,1.0,1.0,1.0,0.0,3156,0.028599336407928402,"[""ECFP_1915""]"
final,1119,1,ECFP_1916,ECFP_1916,ECFP_1916,algorithmic_medoid,True,True,1,0.0,1.0,1.0,1.0,0.0,3156,0.008170407102732279,"[""ECFP_1916""]"
final,1120,1,ECFP_1917,ECFP_1917,ECFP_1917,algorithmic_medoid,True,True,1,0.0,1.0,1.0,1.0,0.0,3156,0.2487851815440765,"[""ECFP_1917""]"
final,1121,1,ECFP_1918,ECFP_1918,ECFP_1918,algorithmic_medoid,True,True,1,0.0,1.0,1.0,1.0,0.0,3156,0.006296976326903027,"[""ECFP_1918""]"
final,1122,1,ECFP_1919,ECFP_1919,ECFP_1919,algorithmic_medoid,True,True,1,0.0,1.0,1.0,1.0,0.0,3156,0.007234595298793131,"[""ECFP_1919""]"
final,1123,1,ECFP_192,ECFP_192,ECFP_192,algorithmic_medoid,True,True,1,0.0,1.0,1.0,1.0,0.0,3156,0.012513634078207804,"[""ECFP_192""]"
final,1124,1,ECFP_1920,ECFP_1920,ECFP_1920,algorithmic_medoid,True,True,1,0.0,1.0,1.0,1.0,0.0,3156,0.025307178392375517,"[""ECFP_1920""]"
final,1125,1,ECFP_1921,ECFP_1921,ECFP_1921,algorithmic_medoid,True,True,1,0.0,1.0,1.0,1.0,0.0,3156,0.01096699950684395,"[""ECFP_1921""]"
final,1126,1,ECFP_1922,ECFP_1922,ECFP_1922,algorithmic_medoid,True,True,1,0.0,1.0,1.0,1.0,0.0,3156,0.032754216323626024,"[""ECFP_1922""]"
final,1127,1,ECFP_1923,ECFP_1923,ECFP_1923,algorithmic_medoid,True,True,1,0.0,1.0,1.0,1.0,0.0,3156,0.014362969281357576,"[""ECFP_1923""]"
final,1128,1,ECFP_1924,ECFP_1924,ECFP_1924,algorithmic_medoid,True,True,1,0.0,1.0,1.0,1.0,0.0,3156,0.0056708930301146475,"[""ECFP_1924""]"
final,1129,1,ECFP_1925,ECFP_1925,ECFP_1925,algorithmic_medoid,True,True,1,0.0,1.0,1.0,1.0,0.0,3156,0.002213077952390361,"[""ECFP_1925""]"
final,1130,1,ECFP_1926,ECFP_1926,ECFP_1926,algorithmic_medoid,True,True,1,0.0,1.0,1.0,1.0,0.0,3156,0.01096699950684395,"[""ECFP_1926""]"
final,1131,1,ECFP_1927,ECFP_1927,ECFP_1927,algorithmic_medoid,True,True,1,0.0,1.0,1.0,1.0,0.0,3156,0.002843578770836647,"[""ECFP_1927""]"
final,1132,5,NsF,NsF,NsF,algorithmic_medoid,True,True,1,0.004197735988813678,0.9958022640111863,0.9864311932467333,1.0,0.0,3156,0.5995856967074201,"[""ECFP_1928"", ""MACCS_42"", ""NsF"", ""SsF"", ""nF""]"
final,1132,5,nF,NsF,NsF,algorithmic_medoid,False,False,2,0.004197735988813678,0.9958022640111863,0.9864311932467333,1.0,0.0,3156,0.5995856967074201,"[""ECFP_1928"", ""MACCS_42"", ""NsF"", ""SsF"", ""nF""]"
final,1132,5,SsF,NsF,NsF,algorithmic_medoid,False,False,3,0.004706821061081334,0.9952931789389187,0.9857590735526973,0.9993154154095246,0.0,3156,101.11718661291532,"[""ECFP_1928"", ""MACCS_42"", ""NsF"", ""SsF"", ""nF""]"
final,1132,5,MACCS_42,NsF,NsF,algorithmic_medoid,False,False,4,0.004837902895367674,0.9951620971046323,0.9889406822576272,0.9974624473884873,0.0,3156,0.11303433940381127,"[""ECFP_1928"", ""MACCS_42"", ""NsF"", ""SsF"", ""nF""]"
final,1132,5,ECFP_1928,NsF,NsF,algorithmic_medoid,False,False,5,0.013109464424052253,0.9868905355759477,0.9857590735526973,0.9889406822576272,0.0,3156,0.11490415584373863,"[""ECFP_1928"", ""MACCS_42"", ""NsF"", ""SsF"", ""nF""]"
final,1133,1,ECFP_1929,ECFP_1929,ECFP_1929,algorithmic_medoid,True,True,1,0.0,1.0,1.0,1.0,0.0,3156,0.013747327399396964,"[""ECFP_1929""]"
final,1134,1,ECFP_193,ECFP_193,ECFP_193,algorithmic_medoid,True,True,1,0.0,1.0,1.0,1.0,0.0,3156,0.017734642686752736,"[""ECFP_193""]"
final,1135,1,ECFP_1930,ECFP_1930,ECFP_1930,algorithmic_medoid,True,True,1,0.0,1.0,1.0,1.0,0.0,3156,0.005670893030114649,"[""ECFP_1930""]"
final,1136,1,ECFP_1931,ECFP_1931,ECFP_1931,algorithmic_medoid,True,True,1,0.0,1.0,1.0,1.0,0.0,3156,0.0012658207514284652,"[""ECFP_1931""]"
final,1137,1,ECFP_1932,ECFP_1932,ECFP_1932,algorithmic_medoid,True,True,1,0.0,1.0,1.0,1.0,0.0,3156,0.006922256437935429,"[""ECFP_1932""]"
final,1138,1,ECFP_1933,ECFP_1933,ECFP_1933,algorithmic_medoid,True,True,1,0.0,1.0,1.0,1.0,0.0,3156,0.0044163168792699355,"[""ECFP_1933""]"
final,1139,1,ECFP_1934,ECFP_1934,ECFP_1934,algorithmic_medoid,True,True,1,0.0,1.0,1.0,1.0,0.0,3156,0.02138512194769333,"[""ECFP_1934""]"
final,1140,1,ECFP_1935,ECFP_1935,ECFP_1935,algorithmic_medoid,True,True,1,0.0,1.0,1.0,1.0,0.0,3156,0.006296976326903027,"[""ECFP_1935""]"
final,1141,1,ECFP_1936,ECFP_1936,ECFP_1936,algorithmic_medoid,True,True,1,0.0,1.0,1.0,1.0,0.0,3156,0.008481942777834001,"[""ECFP_1936""]"
final,1142,1,ECFP_1937,ECFP_1937,ECFP_1937,algorithmic_medoid,True,True,1,0.0,1.0,1.0,1.0,0.0,3156,0.03245874436364395,"[""ECFP_1937""]"
final,1143,1,ECFP_1938,ECFP_1938,ECFP_1938,algorithmic_medoid,True,True,1,0.0,1.0,1.0,1.0,0.0,3156,0.018649973253914324,"[""ECFP_1938""]"
final,1144,1,ECFP_1939,ECFP_1939,ECFP_1939,algorithmic_medoid,True,True,1,0.0,1.0,1.0,1.0,0.0,3156,0.017734642686752736,"[""ECFP_1939""]"
final,1145,1,ECFP_194,ECFP_194,ECFP_194,algorithmic_medoid,True,True,1,0.0,1.0,1.0,1.0,0.0,3156,0.0041021708504612705,"[""ECFP_194""]"
final,1146,1,ECFP_1940,ECFP_1940,ECFP_1940,algorithmic_medoid,True,True,1,0.0,1.0,1.0,1.0,0.0,3156,0.011586255724706472,"[""ECFP_1940""]"
final,1147,1,ECFP_1941,ECFP_1941,ECFP_1941,algorithmic_medoid,True,True,1,0.0,1.0,1.0,1.0,0.0,3156,0.009415345024505195,"[""ECFP_1941""]"
final,1148,1,ECFP_1942,ECFP_1942,ECFP_1942,algorithmic_medoid,True,True,1,0.0,1.0,1.0,1.0,0.0,3156,0.007234595298793132,"[""ECFP_1942""]"
final,1149,1,ECFP_1943,ECFP_1943,ECFP_1943,algorithmic_medoid,True,True,1,0.0,1.0,1.0,1.0,0.0,3156,0.02440510039018764,"[""ECFP_1943""]"
final,1150,1,ECFP_1944,ECFP_1944,ECFP_1944,algorithmic_medoid,True,True,1,0.0,1.0,1.0,1.0,0.0,3156,0.01065707020325419,"[""ECFP_1944""]"
final,1151,1,ECFP_1945,ECFP_1945,ECFP_1945,algorithmic_medoid,True,True,1,0.0,1.0,1.0,1.0,0.0,3156,0.004730262111639609,"[""ECFP_1945""]"
final,1152,1,ECFP_1946,ECFP_1946,ECFP_1946,algorithmic_medoid,True,True,1,0.0,1.0,1.0,1.0,0.0,3156,0.03862148827107841,"[""ECFP_1946""]"
final,1153,1,ECFP_1947,ECFP_1947,ECFP_1947,algorithmic_medoid,True,True,1,0.0,1.0,1.0,1.0,0.0,3156,0.005670893030114649,"[""ECFP_1947""]"
final,1154,1,ECFP_1948,ECFP_1948,ECFP_1948,algorithmic_medoid,True,True,1,0.0,1.0,1.0,1.0,0.0,3156,0.01864997325391432,"[""ECFP_1948""]"
final,1155,1,ECFP_1949,ECFP_1949,ECFP_1949,algorithmic_medoid,True,True,1,0.0,1.0,1.0,1.0,0.0,3156,0.0037878240252136085,"[""ECFP_1949""]"
final,1156,1,ECFP_195,ECFP_195,ECFP_195,algorithmic_medoid,True,True,1,0.0,1.0,1.0,1.0,0.0,3156,0.009415345024505197,"[""ECFP_195""]"
final,1157,1,ECFP_1950,ECFP_1950,ECFP_1950,algorithmic_medoid,True,True,1,0.0,1.0,1.0,1.0,0.0,3156,0.013130882331680376,"[""ECFP_1950""]"
final,1158,1,ECFP_1951,ECFP_1951,ECFP_1951,algorithmic_medoid,True,True,1,0.0,1.0,1.0,1.0,0.0,3156,0.05852443130432547,"[""ECFP_1951""]"
final,1159,1,ECFP_1952,ECFP_1952,ECFP_1952,algorithmic_medoid,True,True,1,0.0,1.0,1.0,1.0,0.0,3156,0.005357550187061962,"[""ECFP_1952""]"
final,1160,1,ECFP_1953,ECFP_1953,ECFP_1953,algorithmic_medoid,True,True,1,0.0,1.0,1.0,1.0,0.0,3156,0.005357550187061962,"[""ECFP_1953""]"
final,1161,1,ECFP_1954,ECFP_1954,ECFP_1954,algorithmic_medoid,True,True,1,0.0,1.0,1.0,1.0,0.0,3156,0.006922256437935429,"[""ECFP_1954""]"
final,1162,1,ECFP_1955,ECFP_1955,ECFP_1955,algorithmic_medoid,True,True,1,0.0,1.0,1.0,1.0,0.0,3156,0.005670893030114649,"[""ECFP_1955""]"
final,1163,1,ECFP_1956,ECFP_1956,ECFP_1956,algorithmic_medoid,True,True,1,0.0,1.0,1.0,1.0,0.0,3156,0.02138512194769333,"[""ECFP_1956""]"
final,1164,1,ECFP_1957,ECFP_1957,ECFP_1957,algorithmic_medoid,True,True,1,0.0,1.0,1.0,1.0,0.0,3156,0.008793277656496729,"[""ECFP_1957""]"
final,1165,1,ECFP_1958,ECFP_1958,ECFP_1958,algorithmic_medoid,True,True,1,0.0,1.0,1.0,1.0,0.0,3156,0.004730262111639609,"[""ECFP_1958""]"
final,1166,1,ECFP_1959,ECFP_1959,ECFP_1959,algorithmic_medoid,True,True,1,0.0,1.0,1.0,1.0,0.0,3156,0.010346940103225436,"[""ECFP_1959""]"
final,1167,1,ECFP_196,ECFP_196,ECFP_196,algorithmic_medoid,True,True,1,0.0,1.0,1.0,1.0,0.0,3156,0.007858670631191559,"[""ECFP_196""]"
final,1168,1,ECFP_1960,ECFP_1960,ECFP_1960,algorithmic_medoid,True,True,1,0.0,1.0,1.0,1.0,0.0,3156,0.006296976326903027,"[""ECFP_1960""]"
final,1169,1,ECFP_1961,ECFP_1961,ECFP_1961,algorithmic_medoid,True,True,1,0.0,1.0,1.0,1.0,0.0,3156,0.006922256437935429,"[""ECFP_1961""]"
final,1170,1,ECFP_1962,ECFP_1962,ECFP_1962,algorithmic_medoid,True,True,1,0.0,1.0,1.0,1.0,0.0,3156,0.014362969281357576,"[""ECFP_1962""]"
final,1171,6,NddsN,NddsN,NddsN,algorithmic_medoid,True,True,1,0.03128760409857034,0.9687123959014297,0.9126413353871301,0.9998509323785276,0.0,3156,0.028599336407928402,"[""ECFP_1963"", ""ECFP_838"", ""MACCS_56"", ""MACCS_63"", ""NddsN"", ""SddsN""]"
final,1171,6,SddsN,NddsN,NddsN,algorithmic_medoid,False,False,2,0.03146147636119989,0.9685385236388001,0.9125052901140065,0.9998509323785276,0.0,3156,0.009026492421613125,"[""ECFP_1963"", ""ECFP_838"", ""MACCS_56"", ""MACCS_63"", ""NddsN"", ""SddsN""]"
final,1171,6,MACCS_56,NddsN,NddsN,algorithmic_medoid,False,False,3,0.03562185826363984,0.9643781417363602,0.9075732612150461,0.9944468062363906,0.0,3156,0.028301053297800395,"[""ECFP_1963"", ""ECFP_838"", ""MACCS_56"", ""MACCS_63"", ""NddsN"", ""SddsN""]"
final,1171,6,MACCS_63,NddsN,NddsN,algorithmic_medoid,False,False,4,0.04990409467229251,0.9500959053277075,0.8880375750877961,0.9733604113151596,0.0,3156,0.03008774001198354,"[""ECFP_1963"", ""ECFP_838"", ""MACCS_56"", ""MACCS_63"", ""NddsN"", ""SddsN""]"
final,1171,6,ECFP_1963,NddsN,NddsN,algorithmic_medoid,False,False,5,0.053889057210389835,0.9461109427896102,0.8983489328100717,0.9632624941899411,0.0,3156,0.03068169587853262,"[""ECFP_1963"", ""ECFP_838"", ""MACCS_56"", ""MACCS_63"", ""NddsN"", ""SddsN""]"
final,1171,6,ECFP_838,NddsN,NddsN,algorithmic_medoid,False,False,6,0.09617872107718983,0.9038212789228102,0.8880375750877961,0.9126413353871301,0.0,3156,0.03393409619916437,"[""ECFP_1963"", ""ECFP_838"", ""MACCS_56"", ""MACCS_63"", ""NddsN"", ""SddsN""]"
final,1172,1,ECFP_1964,ECFP_1964,ECFP_1964,algorithmic_medoid,True,True,1,0.0,1.0,1.0,1.0,0.0,3156,0.011586255724706476,"[""ECFP_1964""]"
final,1173,1,ECFP_1965,ECFP_1965,ECFP_1965,algorithmic_medoid,True,True,1,0.0,1.0,1.0,1.0,0.0,3156,0.0018975263485087248,"[""ECFP_1965""]"
final,1174,1,ECFP_1966,ECFP_1966,ECFP_1966,algorithmic_medoid,True,True,1,0.0,1.0,1.0,1.0,0.0,3156,0.009104411738720463,"[""ECFP_1966""]"
final,1175,1,ECFP_1967,ECFP_1967,ECFP_1967,algorithmic_medoid,True,True,1,0.0,1.0,1.0,1.0,0.0,3156,0.0025284287598330026,"[""ECFP_1967""]"
final,1176,1,ECFP_1968,ECFP_1968,ECFP_1968,algorithmic_medoid,True,True,1,0.0,1.0,1.0,1.0,0.0,3156,0.002528428759833002,"[""ECFP_1968""]"
final,1177,1,ECFP_1969,ECFP_1969,ECFP_1969,algorithmic_medoid,True,True,1,0.0,1.0,1.0,1.0,0.0,3156,0.006296976326903027,"[""ECFP_1969""]"
final,1178,1,ECFP_197,ECFP_197,ECFP_197,algorithmic_medoid,True,True,1,0.0,1.0,1.0,1.0,0.0,3156,0.04812689049847314,"[""ECFP_197""]"
final,1179,1,ECFP_1970,ECFP_1970,ECFP_1970,algorithmic_medoid,True,True,1,0.0,1.0,1.0,1.0,0.0,3156,0.08576447621847297,"[""ECFP_1970""]"
final,1180,1,ECFP_1971,ECFP_1971,ECFP_1971,algorithmic_medoid,True,True,1,0.0,1.0,1.0,1.0,0.0,3156,0.010036609206757682,"[""ECFP_1971""]"
final,1181,1,ECFP_1972,ECFP_1972,ECFP_1972,algorithmic_medoid,True,True,1,0.0,1.0,1.0,1.0,0.0,3156,0.02138512194769333,"[""ECFP_1972""]"
final,1182,1,ECFP_1973,ECFP_1973,ECFP_1973,algorithmic_medoid,True,True,1,0.0,1.0,1.0,1.0,0.0,3156,0.007546733363211846,"[""ECFP_1973""]"
final,1183,1,ECFP_1974,ECFP_1974,ECFP_1974,algorithmic_medoid,True,True,1,0.0,1.0,1.0,1.0,0.0,3156,0.011586255724706474,"[""ECFP_1974""]"
final,1184,1,ECFP_1975,ECFP_1975,ECFP_1975,algorithmic_medoid,True,True,1,0.0,1.0,1.0,1.0,0.0,3156,0.03245874436364394,"[""ECFP_1975""]"
final,1185,1,ECFP_1976,ECFP_1976,ECFP_1976,algorithmic_medoid,True,True,1,0.0,1.0,1.0,1.0,0.0,3156,0.0044163168792699355,"[""ECFP_1976""]"
final,1186,1,ECFP_1977,ECFP_1977,ECFP_1977,algorithmic_medoid,True,True,1,0.0,1.0,1.0,1.0,0.0,3156,0.010966999506843949,"[""ECFP_1977""]"
final,1187,1,ECFP_1978,ECFP_1978,ECFP_1978,algorithmic_medoid,True,True,1,0.0,1.0,1.0,1.0,0.0,3156,0.02440510039018764,"[""ECFP_1978""]"
final,1188,1,ECFP_1979,ECFP_1979,ECFP_1979,algorithmic_medoid,True,True,1,0.0,1.0,1.0,1.0,0.0,3156,0.002843578770836647,"[""ECFP_1979""]"
final,1189,1,ECFP_198,ECFP_198,ECFP_198,algorithmic_medoid,True,True,1,0.0,1.0,1.0,1.0,0.0,3156,0.005984035076728338,"[""ECFP_198""]"
final,1190,1,ECFP_1980,ECFP_1980,ECFP_1980,algorithmic_medoid,True,True,1,0.0,1.0,1.0,1.0,0.0,3156,0.06293552747618153,"[""ECFP_1980""]"
final,1191,1,ECFP_1981,ECFP_1981,ECFP_1981,algorithmic_medoid,True,True,1,0.0,1.0,1.0,1.0,0.0,3156,0.012204708756813025,"[""ECFP_1981""]"
final,1192,1,ECFP_1982,ECFP_1982,ECFP_1982,algorithmic_medoid,True,True,1,0.0,1.0,1.0,1.0,0.0,3156,0.02380271107320074,"[""ECFP_1982""]"
final,1193,1,ECFP_1983,ECFP_1983,ECFP_1983,algorithmic_medoid,True,True,1,0.0,1.0,1.0,1.0,0.0,3156,0.0041021708504612705,"[""ECFP_1983""]"
final,1194,1,ECFP_1984,ECFP_1984,ECFP_1984,algorithmic_medoid,True,True,1,0.0,1.0,1.0,1.0,0.0,3156,0.026507137911813413,"[""ECFP_1984""]"
final,1195,1,ECFP_1985,ECFP_1985,ECFP_1985,algorithmic_medoid,True,True,1,0.0,1.0,1.0,1.0,0.0,3156,0.03978530443149709,"[""ECFP_1985""]"
final,1196,1,ECFP_1986,ECFP_1986,ECFP_1986,algorithmic_medoid,True,True,1,0.0,1.0,1.0,1.0,0.0,3156,0.012513634078207804,"[""ECFP_1986""]"
final,1197,1,ECFP_1987,ECFP_1987,ECFP_1987,algorithmic_medoid,True,True,1,0.0,1.0,1.0,1.0,0.0,3156,0.002843578770836647,"[""ECFP_1987""]"
final,1198,1,ECFP_1988,ECFP_1988,ECFP_1988,algorithmic_medoid,True,True,1,0.0,1.0,1.0,1.0,0.0,3156,0.00473026211163961,"[""ECFP_1988""]"
final,1199,1,ECFP_1989,ECFP_1989,ECFP_1989,algorithmic_medoid,True,True,1,0.0,1.0,1.0,1.0,0.0,3156,0.01065707020325419,"[""ECFP_1989""]"
final,1200,1,ECFP_199,ECFP_199,ECFP_199,algorithmic_medoid,True,True,1,0.0,1.0,1.0,1.0,0.0,3156,0.001897526348508725,"[""ECFP_199""]"
final,1201,1,ECFP_1990,ECFP_1990,ECFP_1990,algorithmic_medoid,True,True,1,0.0,1.0,1.0,1.0,0.0,3156,0.00817040710273228,"[""ECFP_1990""]"
final,1202,1,ECFP_1991,ECFP_1991,ECFP_1991,algorithmic_medoid,True,True,1,0.0,1.0,1.0,1.0,0.0,3156,0.054342343471143965,"[""ECFP_1991""]"
final,1203,1,ECFP_1992,ECFP_1992,ECFP_1992,algorithmic_medoid,True,True,1,0.0,1.0,1.0,1.0,0.0,3156,0.014362969281357576,"[""ECFP_1992""]"
final,1204,1,ECFP_1993,ECFP_1993,ECFP_1993,algorithmic_medoid,True,True,1,0.0,1.0,1.0,1.0,0.0,3156,0.01096699950684395,"[""ECFP_1993""]"
final,1205,1,ECFP_1994,ECFP_1994,ECFP_1994,algorithmic_medoid,True,True,1,0.0,1.0,1.0,1.0,0.0,3156,0.005984035076728338,"[""ECFP_1994""]"
final,1206,1,ECFP_1995,ECFP_1995,ECFP_1995,algorithmic_medoid,True,True,1,0.0,1.0,1.0,1.0,0.0,3156,0.020171508270403735,"[""ECFP_1995""]"
final,1207,1,ECFP_1996,ECFP_1996,ECFP_1996,algorithmic_medoid,True,True,1,0.0,1.0,1.0,1.0,0.0,3156,0.0044163168792699355,"[""ECFP_1996""]"
final,1208,1,ECFP_1997,ECFP_1997,ECFP_1997,algorithmic_medoid,True,True,1,0.0,1.0,1.0,1.0,0.0,3156,0.045842630208458815,"[""ECFP_1997""]"
final,1209,1,ECFP_1998,ECFP_1998,ECFP_1998,algorithmic_medoid,True,True,1,0.0,1.0,1.0,1.0,0.0,3156,0.03862148827107841,"[""ECFP_1998""]"
final,1210,1,ECFP_1999,ECFP_1999,ECFP_1999,algorithmic_medoid,True,True,1,0.0,1.0,1.0,1.0,0.0,3156,0.021688023375918238,"[""ECFP_1999""]"
final,1211,1,ECFP_2,ECFP_2,ECFP_2,algorithmic_medoid,True,True,1,0.0,1.0,1.0,1.0,0.0,3156,0.036577079327444376,"[""ECFP_2""]"
final,1212,1,ECFP_20,ECFP_20,ECFP_20,algorithmic_medoid,True,True,1,0.0,1.0,1.0,1.0,0.0,3156,0.006922256437935429,"[""ECFP_20""]"
final,1213,1,ECFP_200,ECFP_200,ECFP_200,algorithmic_medoid,True,True,1,0.0,1.0,1.0,1.0,0.0,3156,0.001265820751428465,"[""ECFP_200""]"
final,1214,1,ECFP_2000,ECFP_2000,ECFP_2000,algorithmic_medoid,True,True,1,0.0,1.0,1.0,1.0,0.0,3156,0.02470599385402261,"[""ECFP_2000""]"
final,1215,1,ECFP_2001,ECFP_2001,ECFP_2001,algorithmic_medoid,True,True,1,0.0,1.0,1.0,1.0,0.0,3156,0.0041021708504612705,"[""ECFP_2001""]"
final,1216,1,ECFP_2002,ECFP_2002,ECFP_2002,algorithmic_medoid,True,True,1,0.0,1.0,1.0,1.0,0.0,3156,0.001897526348508725,"[""ECFP_2002""]"
final,1217,1,ECFP_2003,ECFP_2003,ECFP_2003,algorithmic_medoid,True,True,1,0.0,1.0,1.0,1.0,0.0,3156,0.003787824025213607,"[""ECFP_2003""]"
final,1218,1,ECFP_2004,ECFP_2004,ECFP_2004,algorithmic_medoid,True,True,1,0.0,1.0,1.0,1.0,0.0,3156,0.04412100154051028,"[""ECFP_2004""]"
final,1219,1,ECFP_2005,ECFP_2005,ECFP_2005,algorithmic_medoid,True,True,1,0.0,1.0,1.0,1.0,0.0,3156,0.0041021708504612705,"[""ECFP_2005""]"
final,1220,1,ECFP_2006,ECFP_2006,ECFP_2006,algorithmic_medoid,True,True,1,0.0,1.0,1.0,1.0,0.0,3156,0.0037878240252136076,"[""ECFP_2006""]"
final,1221,1,ECFP_2007,ECFP_2007,ECFP_2007,algorithmic_medoid,True,True,1,0.0,1.0,1.0,1.0,0.0,3156,0.006922256437935429,"[""ECFP_2007""]"
final,1222,1,ECFP_2008,ECFP_2008,ECFP_2008,algorithmic_medoid,True,True,1,0.0,1.0,1.0,1.0,0.0,3156,0.0025284287598330026,"[""ECFP_2008""]"
final,1223,1,ECFP_2009,ECFP_2009,ECFP_2009,algorithmic_medoid,True,True,1,0.0,1.0,1.0,1.0,0.0,3156,0.030087740011983544,"[""ECFP_2009""]"
final,1224,1,ECFP_201,ECFP_201,ECFP_201,algorithmic_medoid,True,True,1,0.0,1.0,1.0,1.0,0.0,3156,0.01096699950684395,"[""ECFP_201""]"
final,1225,1,ECFP_2010,ECFP_2010,ECFP_2010,algorithmic_medoid,True,True,1,0.0,1.0,1.0,1.0,0.0,3156,0.0050440065475702844,"[""ECFP_2010""]"
final,1226,1,ECFP_2011,ECFP_2011,ECFP_2011,algorithmic_medoid,True,True,1,0.0,1.0,1.0,1.0,0.0,3156,0.0025284287598330026,"[""ECFP_2011""]"
final,1227,1,ECFP_2012,ECFP_2012,ECFP_2012,algorithmic_medoid,True,True,1,0.0,1.0,1.0,1.0,0.0,3156,0.006922256437935429,"[""ECFP_2012""]"
final,1228,1,ECFP_2013,ECFP_2013,ECFP_2013,algorithmic_medoid,True,True,1,0.0,1.0,1.0,1.0,0.0,3156,0.007234595298793131,"[""ECFP_2013""]"
final,1229,1,ECFP_2014,ECFP_2014,ECFP_2014,algorithmic_medoid,True,True,1,0.0,1.0,1.0,1.0,0.0,3156,0.0022130779523903614,"[""ECFP_2014""]"
final,1230,1,ECFP_2015,ECFP_2015,ECFP_2015,algorithmic_medoid,True,True,1,0.0,1.0,1.0,1.0,0.0,3156,0.008793277656496729,"[""ECFP_2015""]"
final,1231,1,ECFP_2016,ECFP_2016,ECFP_2016,algorithmic_medoid,True,True,1,0.0,1.0,1.0,1.0,0.0,3156,0.001897526348508725,"[""ECFP_2016""]"
final,1232,1,ECFP_2017,ECFP_2017,ECFP_2017,algorithmic_medoid,True,True,1,0.0,1.0,1.0,1.0,0.0,3156,0.025907559744972455,"[""ECFP_2017""]"
final,1233,1,ECFP_2018,ECFP_2018,ECFP_2018,algorithmic_medoid,True,True,1,0.0,1.0,1.0,1.0,0.0,3156,0.019563496653124953,"[""ECFP_2018""]"
final,1234,1,ECFP_2019,ECFP_2019,ECFP_2019,algorithmic_medoid,True,True,1,0.0,1.0,1.0,1.0,0.0,3156,0.003473276403526948,"[""ECFP_2019""]"
final,1235,1,ECFP_202,ECFP_202,ECFP_202,algorithmic_medoid,True,True,1,0.0,1.0,1.0,1.0,0.0,3156,0.026207449226612438,"[""ECFP_202""]"
final,1236,1,ECFP_2020,ECFP_2020,ECFP_2020,algorithmic_medoid,True,True,1,0.0,1.0,1.0,1.0,0.0,3156,0.01003660920675768,"[""ECFP_2020""]"
final,1237,1,ECFP_2021,ECFP_2021,ECFP_2021,algorithmic_medoid,True,True,1,0.0,1.0,1.0,1.0,0.0,3156,0.04983165226554605,"[""ECFP_2021""]"
final,1238,1,ECFP_2022,ECFP_2022,ECFP_2022,algorithmic_medoid,True,True,1,0.0,1.0,1.0,1.0,0.0,3156,0.025006686521418547,"[""ECFP_2022""]"
final,1239,1,ECFP_2023,ECFP_2023,ECFP_2023,algorithmic_medoid,True,True,1,0.0,1.0,1.0,1.0,0.0,3156,0.011276728013994708,"[""ECFP_2023""]"
final,1240,1,ECFP_2024,ECFP_2024,ECFP_2024,algorithmic_medoid,True,True,1,0.0,1.0,1.0,1.0,0.0,3156,0.0056708930301146475,"[""ECFP_2024""]"
final,1241,1,ECFP_2025,ECFP_2025,ECFP_2025,algorithmic_medoid,True,True,1,0.0,1.0,1.0,1.0,0.0,3156,0.003473276403526948,"[""ECFP_2025""]"
final,1242,1,ECFP_2026,ECFP_2026,ECFP_2026,algorithmic_medoid,True,True,1,0.0,1.0,1.0,1.0,0.0,3156,0.021082019723029425,"[""ECFP_2026""]"
final,1243,1,ECFP_2027,ECFP_2027,ECFP_2027,algorithmic_medoid,True,True,1,0.0,1.0,1.0,1.0,0.0,3156,0.0050440065475702844,"[""ECFP_2027""]"
final,1244,1,ECFP_2028,ECFP_2028,ECFP_2028,algorithmic_medoid,True,True,1,0.0,1.0,1.0,1.0,0.0,3156,0.006922256437935429,"[""ECFP_2028""]"
final,1245,1,ECFP_2029,ECFP_2029,ECFP_2029,algorithmic_medoid,True,True,1,0.0,1.0,1.0,1.0,0.0,3156,0.01096699950684395,"[""ECFP_2029""]"
final,1246,1,ECFP_203,ECFP_203,ECFP_203,algorithmic_medoid,True,True,1,0.0,1.0,1.0,1.0,0.0,3156,0.014055248738596768,"[""ECFP_203""]"
final,1247,1,ECFP_2030,ECFP_2030,ECFP_2030,algorithmic_medoid,True,True,1,0.0,1.0,1.0,1.0,0.0,3156,0.009415345024505195,"[""ECFP_2030""]"
final,1248,1,ECFP_2031,ECFP_2031,ECFP_2031,algorithmic_medoid,True,True,1,0.0,1.0,1.0,1.0,0.0,3156,0.005670893030114649,"[""ECFP_2031""]"
final,1249,1,ECFP_2032,ECFP_2032,ECFP_2032,algorithmic_medoid,True,True,1,0.0,1.0,1.0,1.0,0.0,3156,0.00817040710273228,"[""ECFP_2032""]"
final,1250,1,ECFP_2033,ECFP_2033,ECFP_2033,algorithmic_medoid,True,True,1,0.0,1.0,1.0,1.0,0.0,3156,0.019867602859983846,"[""ECFP_2033""]"
final,1251,1,ECFP_2034,ECFP_2034,ECFP_2034,algorithmic_medoid,True,True,1,0.0,1.0,1.0,1.0,0.0,3156,0.016511390780391346,"[""ECFP_2034""]"
final,1252,1,ECFP_2035,ECFP_2035,ECFP_2035,algorithmic_medoid,True,True,1,0.0,1.0,1.0,1.0,0.0,3156,0.0044163168792699355,"[""ECFP_2035""]"
final,1253,1,ECFP_2036,ECFP_2036,ECFP_2036,algorithmic_medoid,True,True,1,0.0,1.0,1.0,1.0,0.0,3156,0.008481942777834001,"[""ECFP_2036""]"
final,1254,1,ECFP_2037,ECFP_2037,ECFP_2037,algorithmic_medoid,True,True,1,0.0,1.0,1.0,1.0,0.0,3156,0.009726077513850935,"[""ECFP_2037""]"
final,1255,1,ECFP_2038,ECFP_2038,ECFP_2038,algorithmic_medoid,True,True,1,0.0,1.0,1.0,1.0,0.0,3156,0.023199518570457864,"[""ECFP_2038""]"
final,1256,1,ECFP_2039,ECFP_2039,ECFP_2039,algorithmic_medoid,True,True,1,0.0,1.0,1.0,1.0,0.0,3156,0.007546733363211845,"[""ECFP_2039""]"
final,1257,1,ECFP_204,ECFP_204,ECFP_204,algorithmic_medoid,True,True,1,0.0,1.0,1.0,1.0,0.0,3156,0.005357550187061964,"[""ECFP_204""]"
final,1258,1,ECFP_2040,ECFP_2040,ECFP_2040,algorithmic_medoid,True,True,1,0.0,1.0,1.0,1.0,0.0,3156,0.0022130779523903614,"[""ECFP_2040""]"
final,1259,1,ECFP_2041,ECFP_2041,ECFP_2041,algorithmic_medoid,True,True,1,0.0,1.0,1.0,1.0,0.0,3156,0.012204708756813025,"[""ECFP_2041""]"
final,1260,1,ECFP_2042,ECFP_2042,ECFP_2042,algorithmic_medoid,True,True,1,0.0,1.0,1.0,1.0,0.0,3156,0.004730262111639609,"[""ECFP_2042""]"
final,1261,1,ECFP_2043,ECFP_2043,ECFP_2043,algorithmic_medoid,True,True,1,0.0,1.0,1.0,1.0,0.0,3156,0.01282235860316359,"[""ECFP_2043""]"
final,1262,1,ECFP_2044,ECFP_2044,ECFP_2044,algorithmic_medoid,True,True,1,0.0,1.0,1.0,1.0,0.0,3156,0.02830105329780039,"[""ECFP_2044""]"
final,1263,1,ECFP_2045,ECFP_2045,ECFP_2045,algorithmic_medoid,True,True,1,0.0,1.0,1.0,1.0,0.0,3156,0.014055248738596768,"[""ECFP_2045""]"
final,1264,1,ECFP_2046,ECFP_2046,ECFP_2046,algorithmic_medoid,True,True,1,0.0,1.0,1.0,1.0,0.0,3156,0.005984035076728338,"[""ECFP_2046""]"
final,1265,1,ECFP_2047,ECFP_2047,ECFP_2047,algorithmic_medoid,True,True,1,0.0,1.0,1.0,1.0,0.0,3156,0.003473276403526948,"[""ECFP_2047""]"
final,1266,1,ECFP_205,ECFP_205,ECFP_205,algorithmic_medoid,True,True,1,0.0,1.0,1.0,1.0,0.0,3156,0.012513634078207804,"[""ECFP_205""]"
final,1267,1,ECFP_206,ECFP_206,ECFP_206,algorithmic_medoid,True,True,1,0.0,1.0,1.0,1.0,0.0,3156,0.005984035076728338,"[""ECFP_206""]"
final,1268,1,ECFP_207,ECFP_207,ECFP_207,algorithmic_medoid,True,True,1,0.0,1.0,1.0,1.0,0.0,3156,0.05011507643918838,"[""ECFP_207""]"
final,1269,1,ECFP_208,ECFP_208,ECFP_208,algorithmic_medoid,True,True,1,0.0,1.0,1.0,1.0,0.0,3156,0.010036609206757682,"[""ECFP_208""]"
final,1270,1,ECFP_209,ECFP_209,ECFP_209,algorithmic_medoid,True,True,1,0.0,1.0,1.0,1.0,0.0,3156,0.00473026211163961,"[""ECFP_209""]"
final,1271,1,ECFP_21,ECFP_21,ECFP_21,algorithmic_medoid,True,True,1,0.0,1.0,1.0,1.0,0.0,3156,0.006296976326903027,"[""ECFP_21""]"
final,1272,1,ECFP_210,ECFP_210,ECFP_210,algorithmic_medoid,True,True,1,0.0,1.0,1.0,1.0,0.0,3156,0.005357550187061962,"[""ECFP_210""]"
final,1273,1,ECFP_211,ECFP_211,ECFP_211,algorithmic_medoid,True,True,1,0.0,1.0,1.0,1.0,0.0,3156,0.006922256437935429,"[""ECFP_211""]"
final,1274,1,ECFP_212,ECFP_212,ECFP_212,algorithmic_medoid,True,True,1,0.0,1.0,1.0,1.0,0.0,3156,0.007234595298793131,"[""ECFP_212""]"
final,1275,1,ECFP_213,ECFP_213,ECFP_213,algorithmic_medoid,True,True,1,0.0,1.0,1.0,1.0,0.0,3156,0.008481942777834001,"[""ECFP_213""]"
final,1276,1,ECFP_214,ECFP_214,ECFP_214,algorithmic_medoid,True,True,1,0.0,1.0,1.0,1.0,0.0,3156,0.009726077513850935,"[""ECFP_214""]"
final,1277,1,ECFP_215,ECFP_215,ECFP_215,algorithmic_medoid,True,True,1,0.0,1.0,1.0,1.0,0.0,3156,0.002843578770836647,"[""ECFP_215""]"
final,1278,2,ECFP_216,ECFP_216,ECFP_216,algorithmic_medoid,True,True,1,0.13733138808777579,0.8626686119122242,0.8626686119122242,0.8626686119122242,0.0,3156,0.09884756899767239,"[""ECFP_216"", ""ECFP_816""]"
final,1278,2,ECFP_816,ECFP_216,ECFP_216,algorithmic_medoid,False,False,2,0.13733138808777579,0.8626686119122242,0.8626686119122242,0.8626686119122242,0.0,3156,0.0795429993526323,"[""ECFP_216"", ""ECFP_816""]"
final,1279,1,ECFP_217,ECFP_217,ECFP_217,algorithmic_medoid,True,True,1,0.0,1.0,1.0,1.0,0.0,3156,0.003158527985401296,"[""ECFP_217""]"
final,1280,1,ECFP_218,ECFP_218,ECFP_218,algorithmic_medoid,True,True,1,0.0,1.0,1.0,1.0,0.0,3156,0.015284926131006021,"[""ECFP_218""]"
final,1281,1,ECFP_219,ECFP_219,ECFP_219,algorithmic_medoid,True,True,1,0.0,1.0,1.0,1.0,0.0,3156,0.005670893030114649,"[""ECFP_219""]"
final,1282,1,ECFP_22,ECFP_22,ECFP_22,algorithmic_medoid,True,True,1,0.0,1.0,1.0,1.0,0.0,3156,0.012204708756813025,"[""ECFP_22""]"
final,1283,1,ECFP_220,ECFP_220,ECFP_220,algorithmic_medoid,True,True,1,0.0,1.0,1.0,1.0,0.0,3156,0.010346940103225438,"[""ECFP_220""]"
final,1284,1,ECFP_221,ECFP_221,ECFP_221,algorithmic_medoid,True,True,1,0.0,1.0,1.0,1.0,0.0,3156,0.012204708756813024,"[""ECFP_221""]"
final,1285,1,ECFP_222,ECFP_222,ECFP_222,algorithmic_medoid,True,True,1,0.0,1.0,1.0,1.0,0.0,3156,0.0656663590465221,"[""ECFP_222""]"
final,1286,1,ECFP_223,ECFP_223,ECFP_223,algorithmic_medoid,True,True,1,0.0,1.0,1.0,1.0,0.0,3156,0.0037878240252136076,"[""ECFP_223""]"
final,1287,1,ECFP_224,ECFP_224,ECFP_224,algorithmic_medoid,True,True,1,0.0,1.0,1.0,1.0,0.0,3156,0.01065707020325419,"[""ECFP_224""]"
final,1288,1,ECFP_225,ECFP_225,ECFP_225,algorithmic_medoid,True,True,1,0.0,1.0,1.0,1.0,0.0,3156,0.004416316879269936,"[""ECFP_225""]"
final,1289,1,ECFP_226,ECFP_226,ECFP_226,algorithmic_medoid,True,True,1,0.0,1.0,1.0,1.0,0.0,3156,0.00473026211163961,"[""ECFP_226""]"
final,1290,1,ECFP_227,ECFP_227,ECFP_227,algorithmic_medoid,True,True,1,0.0,1.0,1.0,1.0,0.0,3156,0.056299606760253876,"[""ECFP_227""]"
final,1291,1,ECFP_228,ECFP_228,ECFP_228,algorithmic_medoid,True,True,1,0.0,1.0,1.0,1.0,0.0,3156,0.006296976326903027,"[""ECFP_228""]"
final,1292,1,ECFP_229,ECFP_229,ECFP_229,algorithmic_medoid,True,True,1,0.0,1.0,1.0,1.0,0.0,3156,0.003473276403526949,"[""ECFP_229""]"
final,1293,1,ECFP_23,ECFP_23,ECFP_23,algorithmic_medoid,True,True,1,0.0,1.0,1.0,1.0,0.0,3156,0.005984035076728337,"[""ECFP_23""]"
final,1294,1,ECFP_230,ECFP_230,ECFP_230,algorithmic_medoid,True,True,1,0.0,1.0,1.0,1.0,0.0,3156,0.004102170850461271,"[""ECFP_230""]"
final,1295,1,ECFP_231,ECFP_231,ECFP_231,algorithmic_medoid,True,True,1,0.0,1.0,1.0,1.0,0.0,3156,0.0865340285709237,"[""ECFP_231""]"
final,1296,1,ECFP_232,ECFP_232,ECFP_232,algorithmic_medoid,True,True,1,0.0,1.0,1.0,1.0,0.0,3156,0.008793277656496729,"[""ECFP_232""]"
final,1297,1,ECFP_233,ECFP_233,ECFP_233,algorithmic_medoid,True,True,1,0.0,1.0,1.0,1.0,0.0,3156,0.04239214420075789,"[""ECFP_233""]"
final,1298,1,ECFP_234,ECFP_234,ECFP_234,algorithmic_medoid,True,True,1,0.0,1.0,1.0,1.0,0.0,3156,0.0044163168792699355,"[""ECFP_234""]"
final,1299,1,ECFP_235,ECFP_235,ECFP_235,algorithmic_medoid,True,True,1,0.0,1.0,1.0,1.0,0.0,3156,0.03452283135829956,"[""ECFP_235""]"
final,1300,1,ECFP_236,ECFP_236,ECFP_236,algorithmic_medoid,True,True,1,0.0,1.0,1.0,1.0,0.0,3156,0.004416316879269936,"[""ECFP_236""]"
final,1301,1,ECFP_237,ECFP_237,ECFP_237,algorithmic_medoid,True,True,1,0.0,1.0,1.0,1.0,0.0,3156,0.026806625800575398,"[""ECFP_237""]"
final,1302,1,ECFP_238,ECFP_238,ECFP_238,algorithmic_medoid,True,True,1,0.0,1.0,1.0,1.0,0.0,3156,0.005670893030114649,"[""ECFP_238""]"
final,1303,1,ECFP_239,ECFP_239,ECFP_239,algorithmic_medoid,True,True,1,0.0,1.0,1.0,1.0,0.0,3156,0.01096699950684395,"[""ECFP_239""]"
final,1304,1,ECFP_24,ECFP_24,ECFP_24,algorithmic_medoid,True,True,1,0.0,1.0,1.0,1.0,0.0,3156,0.01065707020325419,"[""ECFP_24""]"
final,1305,1,ECFP_240,ECFP_240,ECFP_240,algorithmic_medoid,True,True,1,0.0,1.0,1.0,1.0,0.0,3156,0.02138512194769333,"[""ECFP_240""]"
final,1306,1,ECFP_241,ECFP_241,ECFP_241,algorithmic_medoid,True,True,1,0.0,1.0,1.0,1.0,0.0,3156,0.01096699950684395,"[""ECFP_241""]"
final,1307,1,ECFP_242,ECFP_242,ECFP_242,algorithmic_medoid,True,True,1,0.0,1.0,1.0,1.0,0.0,3156,0.04354551894634881,"[""ECFP_242""]"
final,1308,1,ECFP_243,ECFP_243,ECFP_243,algorithmic_medoid,True,True,1,0.0,1.0,1.0,1.0,0.0,3156,0.006296976326903027,"[""ECFP_243""]"
final,1309,1,ECFP_244,ECFP_244,ECFP_244,algorithmic_medoid,True,True,1,0.0,1.0,1.0,1.0,0.0,3156,0.0025284287598330026,"[""ECFP_244""]"
final,1310,1,ECFP_245,ECFP_245,ECFP_245,algorithmic_medoid,True,True,1,0.0,1.0,1.0,1.0,0.0,3156,0.015284926131006021,"[""ECFP_245""]"
final,1311,1,ECFP_246,ECFP_246,ECFP_246,algorithmic_medoid,True,True,1,0.0,1.0,1.0,1.0,0.0,3156,0.005357550187061962,"[""ECFP_246""]"
final,1312,1,ECFP_247,ECFP_247,ECFP_247,algorithmic_medoid,True,True,1,0.0,1.0,1.0,1.0,0.0,3156,0.0050440065475702844,"[""ECFP_247""]"
final,1313,1,ECFP_248,ECFP_248,ECFP_248,algorithmic_medoid,True,True,1,0.0,1.0,1.0,1.0,0.0,3156,0.02560746946689348,"[""ECFP_248""]"
final,1314,1,ECFP_249,ECFP_249,ECFP_249,algorithmic_medoid,True,True,1,0.0,1.0,1.0,1.0,0.0,3156,0.061011997988822876,"[""ECFP_249""]"
final,1315,1,ECFP_25,ECFP_25,ECFP_25,algorithmic_medoid,True,True,1,0.0,1.0,1.0,1.0,0.0,3156,0.005357550187061962,"[""ECFP_25""]"
final,1316,1,ECFP_250,ECFP_250,ECFP_250,algorithmic_medoid,True,True,1,0.0,1.0,1.0,1.0,0.0,3156,0.01003660920675768,"[""ECFP_250""]"
final,1317,1,ECFP_251,ECFP_251,ECFP_251,algorithmic_medoid,True,True,1,0.0,1.0,1.0,1.0,0.0,3156,0.04469568094891578,"[""ECFP_251""]"
final,1318,1,ECFP_252,ECFP_252,ECFP_252,algorithmic_medoid,True,True,1,0.0,1.0,1.0,1.0,0.0,3156,0.01742913090482088,"[""ECFP_252""]"
final,1319,1,ECFP_253,ECFP_253,ECFP_253,algorithmic_medoid,True,True,1,0.0,1.0,1.0,1.0,0.0,3156,0.007234595298793131,"[""ECFP_253""]"
final,1320,1,ECFP_254,ECFP_254,ECFP_254,algorithmic_medoid,True,True,1,0.0,1.0,1.0,1.0,0.0,3156,0.006296976326903027,"[""ECFP_254""]"
final,1321,1,ECFP_255,ECFP_255,ECFP_255,algorithmic_medoid,True,True,1,0.0,1.0,1.0,1.0,0.0,3156,0.031571123705063764,"[""ECFP_255""]"
final,1322,1,ECFP_256,ECFP_256,ECFP_256,algorithmic_medoid,True,True,1,0.0,1.0,1.0,1.0,0.0,3156,0.003787824025213607,"[""ECFP_256""]"
final,1323,1,ECFP_257,ECFP_257,ECFP_257,algorithmic_medoid,True,True,1,0.0,1.0,1.0,1.0,0.0,3156,0.0041021708504612705,"[""ECFP_257""]"
final,1324,1,ECFP_258,ECFP_258,ECFP_258,algorithmic_medoid,True,True,1,0.0,1.0,1.0,1.0,0.0,3156,0.002213077952390361,"[""ECFP_258""]"
final,1325,1,ECFP_259,ECFP_259,ECFP_259,algorithmic_medoid,True,True,1,0.0,1.0,1.0,1.0,0.0,3156,0.007234595298793131,"[""ECFP_259""]"
final,1326,1,ECFP_26,ECFP_26,ECFP_26,algorithmic_medoid,True,True,1,0.0,1.0,1.0,1.0,0.0,3156,0.01864997325391432,"[""ECFP_26""]"
final,1327,1,ECFP_260,ECFP_260,ECFP_260,algorithmic_medoid,True,True,1,0.0,1.0,1.0,1.0,0.0,3156,0.0044163168792699355,"[""ECFP_260""]"
final,1328,1,ECFP_261,ECFP_261,ECFP_261,algorithmic_medoid,True,True,1,0.0,1.0,1.0,1.0,0.0,3156,0.007858670631191559,"[""ECFP_261""]"
final,1329,1,ECFP_262,ECFP_262,ECFP_262,algorithmic_medoid,True,True,1,0.0,1.0,1.0,1.0,0.0,3156,0.005670893030114649,"[""ECFP_262""]"
final,1330,1,ECFP_263,ECFP_263,ECFP_263,algorithmic_medoid,True,True,1,0.0,1.0,1.0,1.0,0.0,3156,0.01003660920675768,"[""ECFP_263""]"
final,1331,1,ECFP_264,ECFP_264,ECFP_264,algorithmic_medoid,True,True,1,0.0,1.0,1.0,1.0,0.0,3156,0.012513634078207804,"[""ECFP_264""]"
final,1332,1,ECFP_265,ECFP_265,ECFP_265,algorithmic_medoid,True,True,1,0.0,1.0,1.0,1.0,0.0,3156,0.014362969281357576,"[""ECFP_265""]"
final,1333,1,ECFP_266,ECFP_266,ECFP_266,algorithmic_medoid,True,True,1,0.0,1.0,1.0,1.0,0.0,3156,0.002213077952390361,"[""ECFP_266""]"
final,1334,1,ECFP_267,ECFP_267,ECFP_267,algorithmic_medoid,True,True,1,0.0,1.0,1.0,1.0,0.0,3156,0.0044163168792699355,"[""ECFP_267""]"
final,1335,1,ECFP_268,ECFP_268,ECFP_268,algorithmic_medoid,True,True,1,0.0,1.0,1.0,1.0,0.0,3156,0.014055248738596768,"[""ECFP_268""]"
final,1336,1,ECFP_269,ECFP_269,ECFP_269,algorithmic_medoid,True,True,1,0.0,1.0,1.0,1.0,0.0,3156,0.008481942777834001,"[""ECFP_269""]"
final,1337,1,ECFP_27,ECFP_27,ECFP_27,algorithmic_medoid,True,True,1,0.0,1.0,1.0,1.0,0.0,3156,0.010657070203254187,"[""ECFP_27""]"
final,1338,1,ECFP_270,ECFP_270,ECFP_270,algorithmic_medoid,True,True,1,0.0,1.0,1.0,1.0,0.0,3156,0.017123418326450028,"[""ECFP_270""]"
final,1339,1,ECFP_271,ECFP_271,ECFP_271,algorithmic_medoid,True,True,1,0.0,1.0,1.0,1.0,0.0,3156,0.003473276403526949,"[""ECFP_271""]"
final,1340,1,ECFP_272,ECFP_272,ECFP_272,algorithmic_medoid,True,True,1,0.0,1.0,1.0,1.0,0.0,3156,0.005984035076728338,"[""ECFP_272""]"
final,1341,1,ECFP_273,ECFP_273,ECFP_273,algorithmic_medoid,True,True,1,0.0,1.0,1.0,1.0,0.0,3156,0.007234595298793131,"[""ECFP_273""]"
final,1342,1,ECFP_274,ECFP_274,ECFP_274,algorithmic_medoid,True,True,1,0.0,1.0,1.0,1.0,0.0,3156,0.01405524873859677,"[""ECFP_274""]"
final,1343,1,ECFP_275,ECFP_275,ECFP_275,algorithmic_medoid,True,True,1,0.0,1.0,1.0,1.0,0.0,3156,0.0056708930301146475,"[""ECFP_275""]"
final,1344,1,ECFP_276,ECFP_276,ECFP_276,algorithmic_medoid,True,True,1,0.0,1.0,1.0,1.0,0.0,3156,0.017123418326450028,"[""ECFP_276""]"
final,1345,1,ECFP_277,ECFP_277,ECFP_277,algorithmic_medoid,True,True,1,0.0,1.0,1.0,1.0,0.0,3156,0.009104411738720463,"[""ECFP_277""]"
final,1346,1,ECFP_278,ECFP_278,ECFP_278,algorithmic_medoid,True,True,1,0.0,1.0,1.0,1.0,0.0,3156,0.008170407102732279,"[""ECFP_278""]"
final,1347,1,ECFP_279,ECFP_279,ECFP_279,algorithmic_medoid,True,True,1,0.0,1.0,1.0,1.0,0.0,3156,0.003158527985401296,"[""ECFP_279""]"
final,1348,1,ECFP_28,ECFP_28,ECFP_28,algorithmic_medoid,True,True,1,0.0,1.0,1.0,1.0,0.0,3156,0.005357550187061962,"[""ECFP_28""]"
final,1349,1,ECFP_280,ECFP_280,ECFP_280,algorithmic_medoid,True,True,1,0.0,1.0,1.0,1.0,0.0,3156,0.0050440065475702844,"[""ECFP_280""]"
final,1350,1,ECFP_281,ECFP_281,ECFP_281,algorithmic_medoid,True,True,1,0.0,1.0,1.0,1.0,0.0,3156,0.01003660920675768,"[""ECFP_281""]"
final,1351,1,ECFP_282,ECFP_282,ECFP_282,algorithmic_medoid,True,True,1,0.0,1.0,1.0,1.0,0.0,3156,0.009415345024505197,"[""ECFP_282""]"
final,1352,1,ECFP_283,ECFP_283,ECFP_283,algorithmic_medoid,True,True,1,0.0,1.0,1.0,1.0,0.0,3156,0.11044235857103617,"[""ECFP_283""]"
final,1353,1,ECFP_284,ECFP_284,ECFP_284,algorithmic_medoid,True,True,1,0.0,1.0,1.0,1.0,0.0,3156,0.015591843488010843,"[""ECFP_284""]"
final,1354,1,ECFP_285,ECFP_285,ECFP_285,algorithmic_medoid,True,True,1,0.0,1.0,1.0,1.0,0.0,3156,0.001897526348508725,"[""ECFP_285""]"
final,1355,1,ECFP_286,ECFP_286,ECFP_286,algorithmic_medoid,True,True,1,0.0,1.0,1.0,1.0,0.0,3156,0.010966999506843949,"[""ECFP_286""]"
final,1356,1,ECFP_287,ECFP_287,ECFP_287,algorithmic_medoid,True,True,1,0.0,1.0,1.0,1.0,0.0,3156,0.003787824025213607,"[""ECFP_287""]"
final,1357,1,ECFP_288,ECFP_288,ECFP_288,algorithmic_medoid,True,True,1,0.0,1.0,1.0,1.0,0.0,3156,0.01096699950684395,"[""ECFP_288""]"
final,1358,1,ECFP_289,ECFP_289,ECFP_289,algorithmic_medoid,True,True,1,0.0,1.0,1.0,1.0,0.0,3156,0.01681750495164019,"[""ECFP_289""]"
final,1359,1,ECFP_29,ECFP_29,ECFP_29,algorithmic_medoid,True,True,1,0.0,1.0,1.0,1.0,0.0,3156,0.03511076333167876,"[""ECFP_29""]"
final,1360,1,ECFP_290,ECFP_290,ECFP_290,algorithmic_medoid,True,True,1,0.0,1.0,1.0,1.0,0.0,3156,0.0018975263485087248,"[""ECFP_290""]"
final,1361,1,ECFP_291,ECFP_291,ECFP_291,algorithmic_medoid,True,True,1,0.0,1.0,1.0,1.0,0.0,3156,0.00473026211163961,"[""ECFP_291""]"
final,1362,1,ECFP_292,ECFP_292,ECFP_292,algorithmic_medoid,True,True,1,0.0,1.0,1.0,1.0,0.0,3156,0.011586255724706474,"[""ECFP_292""]"
final,1363,1,ECFP_293,ECFP_293,ECFP_293,algorithmic_medoid,True,True,1,0.0,1.0,1.0,1.0,0.0,3156,0.0044163168792699355,"[""ECFP_293""]"
final,1364,2,ECFP_294,ECFP_294,ECFP_294,algorithmic_medoid,True,True,1,0.0067776425566873355,0.9932223574433127,0.9932223574433127,0.9932223574433127,0.0,3156,0.16372489843716115,"[""ECFP_294"", ""MACCS_114""]"
final,1364,2,MACCS_114,ECFP_294,ECFP_294,algorithmic_medoid,False,False,2,0.0067776425566873355,0.9932223574433127,0.9932223574433127,0.9932223574433127,0.0,3156,0.16241701083176313,"[""ECFP_294"", ""MACCS_114""]"
final,1365,1,ECFP_295,ECFP_295,ECFP_295,algorithmic_medoid,True,True,1,0.0,1.0,1.0,1.0,0.0,3156,0.010346940103225438,"[""ECFP_295""]"
final,1366,1,ECFP_296,ECFP_296,ECFP_296,algorithmic_medoid,True,True,1,0.0,1.0,1.0,1.0,0.0,3156,0.012513634078207804,"[""ECFP_296""]"
final,1367,1,ECFP_297,ECFP_297,ECFP_297,algorithmic_medoid,True,True,1,0.0,1.0,1.0,1.0,0.0,3156,0.0050440065475702844,"[""ECFP_297""]"
final,1368,1,ECFP_298,ECFP_298,ECFP_298,algorithmic_medoid,True,True,1,0.0,1.0,1.0,1.0,0.0,3156,0.006609716780638728,"[""ECFP_298""]"
final,1369,1,ECFP_299,ECFP_299,ECFP_299,algorithmic_medoid,True,True,1,0.0,1.0,1.0,1.0,0.0,3156,0.00473026211163961,"[""ECFP_299""]"
final,1370,1,ECFP_3,ECFP_3,ECFP_3,algorithmic_medoid,True,True,1,0.0,1.0,1.0,1.0,0.0,3156,0.0015817739481880934,"[""ECFP_3""]"
final,1371,1,ECFP_30,ECFP_30,ECFP_30,algorithmic_medoid,True,True,1,0.0,1.0,1.0,1.0,0.0,3156,0.004730262111639609,"[""ECFP_30""]"
final,1372,1,ECFP_300,ECFP_300,ECFP_300,algorithmic_medoid,True,True,1,0.0,1.0,1.0,1.0,0.0,3156,0.008481942777834001,"[""ECFP_300""]"
final,1373,1,ECFP_301,ECFP_301,ECFP_301,algorithmic_medoid,True,True,1,0.0,1.0,1.0,1.0,0.0,3156,0.018039953672245593,"[""ECFP_301""]"
final,1374,1,ECFP_302,ECFP_302,ECFP_302,algorithmic_medoid,True,True,1,0.0,1.0,1.0,1.0,0.0,3156,0.006296976326903027,"[""ECFP_302""]"
final,1375,1,ECFP_303,ECFP_303,ECFP_303,algorithmic_medoid,True,True,1,0.0,1.0,1.0,1.0,0.0,3156,0.002213077952390361,"[""ECFP_303""]"
final,1376,1,ECFP_304,ECFP_304,ECFP_304,algorithmic_medoid,True,True,1,0.0,1.0,1.0,1.0,0.0,3156,0.0037878240252136085,"[""ECFP_304""]"
final,1377,1,ECFP_305,ECFP_305,ECFP_305,algorithmic_medoid,True,True,1,0.0,1.0,1.0,1.0,0.0,3156,0.057413625403801655,"[""ECFP_305""]"
final,1378,1,ECFP_306,ECFP_306,ECFP_306,algorithmic_medoid,True,True,1,0.0,1.0,1.0,1.0,0.0,3156,0.0025284287598330026,"[""ECFP_306""]"
final,1379,1,ECFP_307,ECFP_307,ECFP_307,algorithmic_medoid,True,True,1,0.0,1.0,1.0,1.0,0.0,3156,0.011586255724706474,"[""ECFP_307""]"
final,1380,1,ECFP_308,ECFP_308,ECFP_308,algorithmic_medoid,True,True,1,0.0,1.0,1.0,1.0,0.0,3156,0.0022130779523903614,"[""ECFP_308""]"
final,1381,1,ECFP_309,ECFP_309,ECFP_309,algorithmic_medoid,True,True,1,0.0,1.0,1.0,1.0,0.0,3156,0.008481942777834003,"[""ECFP_309""]"
final,1382,1,ECFP_31,ECFP_31,ECFP_31,algorithmic_medoid,True,True,1,0.0,1.0,1.0,1.0,0.0,3156,0.009415345024505195,"[""ECFP_31""]"
final,1383,1,ECFP_310,ECFP_310,ECFP_310,algorithmic_medoid,True,True,1,0.0,1.0,1.0,1.0,0.0,3156,0.06972495706972136,"[""ECFP_310""]"
final,1384,1,ECFP_311,ECFP_311,ECFP_311,algorithmic_medoid,True,True,1,0.0,1.0,1.0,1.0,0.0,3156,0.018039953672245593,"[""ECFP_311""]"
final,1385,1,ECFP_312,ECFP_312,ECFP_312,algorithmic_medoid,True,True,1,0.0,1.0,1.0,1.0,0.0,3156,0.003787824025213607,"[""ECFP_312""]"
final,1386,1,ECFP_313,ECFP_313,ECFP_313,algorithmic_medoid,True,True,1,0.0,1.0,1.0,1.0,0.0,3156,0.018039953672245593,"[""ECFP_313""]"
final,1387,1,ECFP_314,ECFP_314,ECFP_314,algorithmic_medoid,True,True,1,0.0,1.0,1.0,1.0,0.0,3156,0.21385664098078624,"[""ECFP_314""]"
final,1388,1,ECFP_315,ECFP_315,ECFP_315,algorithmic_medoid,True,True,1,0.0,1.0,1.0,1.0,0.0,3156,0.020475212884384628,"[""ECFP_315""]"
final,1389,1,ECFP_316,ECFP_316,ECFP_316,algorithmic_medoid,True,True,1,0.0,1.0,1.0,1.0,0.0,3156,0.007546733363211845,"[""ECFP_316""]"
final,1390,1,ECFP_317,ECFP_317,ECFP_317,algorithmic_medoid,True,True,1,0.0,1.0,1.0,1.0,0.0,3156,0.00817040710273228,"[""ECFP_317""]"
final,1391,1,ECFP_318,ECFP_318,ECFP_318,algorithmic_medoid,True,True,1,0.0,1.0,1.0,1.0,0.0,3156,0.012513634078207804,"[""ECFP_318""]"
final,1392,1,ECFP_319,ECFP_319,ECFP_319,algorithmic_medoid,True,True,1,0.0,1.0,1.0,1.0,0.0,3156,0.0492642015289444,"[""ECFP_319""]"
final,1393,1,ECFP_32,ECFP_32,ECFP_32,algorithmic_medoid,True,True,1,0.0,1.0,1.0,1.0,0.0,3156,0.018039953672245593,"[""ECFP_32""]"
final,1394,1,ECFP_320,ECFP_320,ECFP_320,algorithmic_medoid,True,True,1,0.0,1.0,1.0,1.0,0.0,3156,0.0015817739481880934,"[""ECFP_320""]"
final,1395,1,ECFP_321,ECFP_321,ECFP_321,algorithmic_medoid,True,True,1,0.0,1.0,1.0,1.0,0.0,3156,0.008481942777834001,"[""ECFP_321""]"
final,1396,1,ECFP_322,ECFP_322,ECFP_322,algorithmic_medoid,True,True,1,0.0,1.0,1.0,1.0,0.0,3156,0.08627771191654576,"[""ECFP_322""]"
final,1397,1,ECFP_323,ECFP_323,ECFP_323,algorithmic_medoid,True,True,1,0.0,1.0,1.0,1.0,0.0,3156,0.020475212884384624,"[""ECFP_323""]"
final,1398,1,ECFP_324,ECFP_324,ECFP_324,algorithmic_medoid,True,True,1,0.0,1.0,1.0,1.0,0.0,3156,0.0031585279854012965,"[""ECFP_324""]"
final,1399,1,ECFP_325,ECFP_325,ECFP_325,algorithmic_medoid,True,True,1,0.0,1.0,1.0,1.0,0.0,3156,0.03628421772116926,"[""ECFP_325""]"
final,1400,1,ECFP_326,ECFP_326,ECFP_326,algorithmic_medoid,True,True,1,0.0,1.0,1.0,1.0,0.0,3156,0.020475212884384624,"[""ECFP_326""]"
final,1401,1,ECFP_327,ECFP_327,ECFP_327,algorithmic_medoid,True,True,1,0.0,1.0,1.0,1.0,0.0,3156,0.011895582638979248,"[""ECFP_327""]"
final,1402,1,ECFP_328,ECFP_328,ECFP_328,algorithmic_medoid,True,True,1,0.0,1.0,1.0,1.0,0.0,3156,0.009415345024505195,"[""ECFP_328""]"
final,1403,1,ECFP_329,ECFP_329,ECFP_329,algorithmic_medoid,True,True,1,0.0,1.0,1.0,1.0,0.0,3156,0.010346940103225438,"[""ECFP_329""]"
final,1404,1,ECFP_33,ECFP_33,ECFP_33,algorithmic_medoid,True,True,1,0.0,1.0,1.0,1.0,0.0,3156,0.009726077513850935,"[""ECFP_33""]"
final,1405,1,ECFP_330,ECFP_330,ECFP_330,algorithmic_medoid,True,True,1,0.0,1.0,1.0,1.0,0.0,3156,0.0034732764035269475,"[""ECFP_330""]"
final,1406,1,ECFP_331,ECFP_331,ECFP_331,algorithmic_medoid,True,True,1,0.0,1.0,1.0,1.0,0.0,3156,0.012204708756813025,"[""ECFP_331""]"
final,1407,1,ECFP_332,ECFP_332,ECFP_332,algorithmic_medoid,True,True,1,0.0,1.0,1.0,1.0,0.0,3156,0.0044163168792699355,"[""ECFP_332""]"
final,1408,1,ECFP_333,ECFP_333,ECFP_333,algorithmic_medoid,True,True,1,0.0,1.0,1.0,1.0,0.0,3156,0.02380271107320074,"[""ECFP_333""]"
final,1409,1,ECFP_334,ECFP_334,ECFP_334,algorithmic_medoid,True,True,1,0.0,1.0,1.0,1.0,0.0,3156,0.008481942777834001,"[""ECFP_334""]"
final,1410,1,ECFP_335,ECFP_335,ECFP_335,algorithmic_medoid,True,True,1,0.0,1.0,1.0,1.0,0.0,3156,0.02500668652141855,"[""ECFP_335""]"
final,1411,1,ECFP_336,ECFP_336,ECFP_336,algorithmic_medoid,True,True,1,0.0,1.0,1.0,1.0,0.0,3156,0.006296976326903027,"[""ECFP_336""]"
final,1412,1,ECFP_337,ECFP_337,ECFP_337,algorithmic_medoid,True,True,1,0.0,1.0,1.0,1.0,0.0,3156,0.002843578770836647,"[""ECFP_337""]"
final,1413,1,ECFP_338,ECFP_338,ECFP_338,algorithmic_medoid,True,True,1,0.0,1.0,1.0,1.0,0.0,3156,0.014055248738596768,"[""ECFP_338""]"
final,1414,1,ECFP_339,ECFP_339,ECFP_339,algorithmic_medoid,True,True,1,0.0,1.0,1.0,1.0,0.0,3156,0.01096699950684395,"[""ECFP_339""]"
final,1415,1,ECFP_34,ECFP_34,ECFP_34,algorithmic_medoid,True,True,1,0.0,1.0,1.0,1.0,0.0,3156,0.01956349665312495,"[""ECFP_34""]"
final,1416,1,ECFP_340,ECFP_340,ECFP_340,algorithmic_medoid,True,True,1,0.0,1.0,1.0,1.0,0.0,3156,0.0044163168792699355,"[""ECFP_340""]"
final,1417,1,ECFP_341,ECFP_341,ECFP_341,algorithmic_medoid,True,True,1,0.0,1.0,1.0,1.0,0.0,3156,0.011895582638979245,"[""ECFP_341""]"
final,1418,1,ECFP_342,ECFP_342,ECFP_342,algorithmic_medoid,True,True,1,0.0,1.0,1.0,1.0,0.0,3156,0.006922256437935429,"[""ECFP_342""]"
final,1419,1,ECFP_343,ECFP_343,ECFP_343,algorithmic_medoid,True,True,1,0.0,1.0,1.0,1.0,0.0,3156,0.00817040710273228,"[""ECFP_343""]"
final,1420,1,ECFP_344,ECFP_344,ECFP_344,algorithmic_medoid,True,True,1,0.0,1.0,1.0,1.0,0.0,3156,0.007234595298793131,"[""ECFP_344""]"
final,1421,1,ECFP_345,ECFP_345,ECFP_345,algorithmic_medoid,True,True,1,0.0,1.0,1.0,1.0,0.0,3156,0.010346940103225438,"[""ECFP_345""]"
final,1422,1,ECFP_346,ECFP_346,ECFP_346,algorithmic_medoid,True,True,1,0.0,1.0,1.0,1.0,0.0,3156,0.0041021708504612705,"[""ECFP_346""]"
final,1423,1,ECFP_347,ECFP_347,ECFP_347,algorithmic_medoid,True,True,1,0.0,1.0,1.0,1.0,0.0,3156,0.004730262111639609,"[""ECFP_347""]"
final,1424,1,ECFP_348,ECFP_348,ECFP_348,algorithmic_medoid,True,True,1,0.0,1.0,1.0,1.0,0.0,3156,0.00473026211163961,"[""ECFP_348""]"
final,1425,1,ECFP_349,ECFP_349,ECFP_349,algorithmic_medoid,True,True,1,0.0,1.0,1.0,1.0,0.0,3156,0.002843578770836647,"[""ECFP_349""]"
final,1426,1,ECFP_35,ECFP_35,ECFP_35,algorithmic_medoid,True,True,1,0.0,1.0,1.0,1.0,0.0,3156,0.007234595298793131,"[""ECFP_35""]"
final,1427,1,ECFP_351,ECFP_351,ECFP_351,algorithmic_medoid,True,True,1,0.0,1.0,1.0,1.0,0.0,3156,0.008481942777834001,"[""ECFP_351""]"
final,1428,1,ECFP_352,ECFP_352,ECFP_352,algorithmic_medoid,True,True,1,0.0,1.0,1.0,1.0,0.0,3156,0.08344497615341488,"[""ECFP_352""]"
final,1429,1,ECFP_353,ECFP_353,ECFP_353,algorithmic_medoid,True,True,1,0.0,1.0,1.0,1.0,0.0,3156,0.0056708930301146475,"[""ECFP_353""]"
final,1430,1,ECFP_354,ECFP_354,ECFP_354,algorithmic_medoid,True,True,1,0.0,1.0,1.0,1.0,0.0,3156,0.01528492613100602,"[""ECFP_354""]"
final,1431,1,ECFP_355,ECFP_355,ECFP_355,algorithmic_medoid,True,True,1,0.0,1.0,1.0,1.0,0.0,3156,0.0044163168792699355,"[""ECFP_355""]"
final,1432,1,ECFP_356,ECFP_356,ECFP_356,algorithmic_medoid,True,True,1,0.0,1.0,1.0,1.0,0.0,3156,0.003473276403526949,"[""ECFP_356""]"
final,1433,1,ECFP_357,ECFP_357,ECFP_357,algorithmic_medoid,True,True,1,0.0,1.0,1.0,1.0,0.0,3156,0.006609716780638727,"[""ECFP_357""]"
final,1434,1,ECFP_358,ECFP_358,ECFP_358,algorithmic_medoid,True,True,1,0.0,1.0,1.0,1.0,0.0,3156,0.0050440065475702844,"[""ECFP_358""]"
final,1435,1,ECFP_359,ECFP_359,ECFP_359,algorithmic_medoid,True,True,1,0.0,1.0,1.0,1.0,0.0,3156,0.003473276403526948,"[""ECFP_359""]"
final,1436,1,ECFP_36,ECFP_36,ECFP_36,algorithmic_medoid,True,True,1,0.0,1.0,1.0,1.0,0.0,3156,0.0056708930301146475,"[""ECFP_36""]"
final,1437,1,ECFP_360,ECFP_360,ECFP_360,algorithmic_medoid,True,True,1,0.0,1.0,1.0,1.0,0.0,3156,0.0056708930301146475,"[""ECFP_360""]"
final,1438,1,ECFP_361,ECFP_361,ECFP_361,algorithmic_medoid,True,True,1,0.0,1.0,1.0,1.0,0.0,3156,0.035697892119302,"[""ECFP_361""]"
final,1439,2,ECFP_362,ECFP_362,ECFP_362,algorithmic_medoid,True,True,1,0.18782762697867628,0.8121723730213237,0.8121723730213237,0.8121723730213237,0.0,3156,0.017429130904820882,"[""ECFP_362"", ""ECFP_697""]"
final,1439,2,ECFP_697,ECFP_362,ECFP_362,algorithmic_medoid,False,False,2,0.18782762697867628,0.8121723730213237,0.8121723730213237,0.8121723730213237,0.0,3156,0.01620507581270351,"[""ECFP_362"", ""ECFP_697""]"
final,1440,1,ECFP_363,ECFP_363,ECFP_363,algorithmic_medoid,True,True,1,0.0,1.0,1.0,1.0,0.0,3156,0.0044163168792699355,"[""ECFP_363""]"
final,1441,1,ECFP_364,ECFP_364,ECFP_364,algorithmic_medoid,True,True,1,0.0,1.0,1.0,1.0,0.0,3156,0.010657070203254187,"[""ECFP_364""]"
final,1442,1,ECFP_365,ECFP_365,ECFP_365,algorithmic_medoid,True,True,1,0.0,1.0,1.0,1.0,0.0,3156,0.005670893030114649,"[""ECFP_365""]"
final,1443,1,ECFP_366,ECFP_366,ECFP_366,algorithmic_medoid,True,True,1,0.0,1.0,1.0,1.0,0.0,3156,0.06430345321683929,"[""ECFP_366""]"
final,1444,1,ECFP_367,ECFP_367,ECFP_367,algorithmic_medoid,True,True,1,0.0,1.0,1.0,1.0,0.0,3156,0.006296976326903027,"[""ECFP_367""]"
final,1445,1,ECFP_368,ECFP_368,ECFP_368,algorithmic_medoid,True,True,1,0.0,1.0,1.0,1.0,0.0,3156,0.006922256437935429,"[""ECFP_368""]"
final,1446,1,ECFP_369,ECFP_369,ECFP_369,algorithmic_medoid,True,True,1,0.0,1.0,1.0,1.0,0.0,3156,0.005670893030114649,"[""ECFP_369""]"
final,1447,1,ECFP_37,ECFP_37,ECFP_37,algorithmic_medoid,True,True,1,0.0,1.0,1.0,1.0,0.0,3156,0.010657070203254187,"[""ECFP_37""]"
final,1448,1,ECFP_370,ECFP_370,ECFP_370,algorithmic_medoid,True,True,1,0.0,1.0,1.0,1.0,0.0,3156,0.014362969281357576,"[""ECFP_370""]"
final,1449,1,ECFP_371,ECFP_371,ECFP_371,algorithmic_medoid,True,True,1,0.0,1.0,1.0,1.0,0.0,3156,0.03127484855932571,"[""ECFP_371""]"
final,1450,1,ECFP_372,ECFP_372,ECFP_372,algorithmic_medoid,True,True,1,0.0,1.0,1.0,1.0,0.0,3156,0.0050440065475702844,"[""ECFP_372""]"
final,1451,1,ECFP_373,ECFP_373,ECFP_373,algorithmic_medoid,True,True,1,0.0,1.0,1.0,1.0,0.0,3156,0.012513634078207804,"[""ECFP_373""]"
final,1452,1,ECFP_374,ECFP_374,ECFP_374,algorithmic_medoid,True,True,1,0.0,1.0,1.0,1.0,0.0,3156,0.0037878240252136076,"[""ECFP_374""]"
final,1453,1,ECFP_375,ECFP_375,ECFP_375,algorithmic_medoid,True,True,1,0.0,1.0,1.0,1.0,0.0,3156,0.0037878240252136085,"[""ECFP_375""]"
final,1454,1,ECFP_376,ECFP_376,ECFP_376,algorithmic_medoid,True,True,1,0.0,1.0,1.0,1.0,0.0,3156,0.01282235860316359,"[""ECFP_376""]"
final,1455,1,ECFP_377,ECFP_377,ECFP_377,algorithmic_medoid,True,True,1,0.0,1.0,1.0,1.0,0.0,3156,0.00473026211163961,"[""ECFP_377""]"
final,1456,3,NaaN,NaaN,NaaN,algorithmic_medoid,True,True,1,0.07263318464254287,0.9273668153574571,0.8571476088455475,0.9975860218693667,0.0,3156,0.5856287378257119,"[""ECFP_378"", ""NaaN"", ""SaaN""]"
final,1456,3,SaaN,NaaN,NaaN,algorithmic_medoid,False,False,2,0.07366771157856233,0.9263322884214377,0.8550785549735086,0.9975860218693667,0.0,3156,10.527296994246406,"[""ECFP_378"", ""NaaN"", ""SaaN""]"
final,1456,3,ECFP_378,NaaN,NaaN,algorithmic_medoid,False,False,3,0.14388691809047194,0.8561130819095281,0.8550785549735086,0.8571476088455475,0.0,3156,0.2013654961037459,"[""ECFP_378"", ""NaaN"", ""SaaN""]"
final,1457,1,ECFP_379,ECFP_379,ECFP_379,algorithmic_medoid,True,True,1,0.0,1.0,1.0,1.0,0.0,3156,0.005984035076728338,"[""ECFP_379""]"
final,1458,1,ECFP_38,ECFP_38,ECFP_38,algorithmic_medoid,True,True,1,0.0,1.0,1.0,1.0,0.0,3156,0.0025284287598330026,"[""ECFP_38""]"
final,1459,1,ECFP_380,ECFP_380,ECFP_380,algorithmic_medoid,True,True,1,0.0,1.0,1.0,1.0,0.0,3156,0.005984035076728338,"[""ECFP_380""]"
final,1460,1,ECFP_381,ECFP_381,ECFP_381,algorithmic_medoid,True,True,1,0.0,1.0,1.0,1.0,0.0,3156,0.032754216323626024,"[""ECFP_381""]"
final,1461,1,ECFP_382,ECFP_382,ECFP_382,algorithmic_medoid,True,True,1,0.0,1.0,1.0,1.0,0.0,3156,0.0041021708504612705,"[""ECFP_382""]"
final,1462,1,ECFP_383,ECFP_383,ECFP_383,algorithmic_medoid,True,True,1,0.0,1.0,1.0,1.0,0.0,3156,0.02770388468822738,"[""ECFP_383""]"
final,1463,1,ECFP_384,ECFP_384,ECFP_384,algorithmic_medoid,True,True,1,0.0,1.0,1.0,1.0,0.0,3156,0.015898560048576676,"[""ECFP_384""]"
final,1464,1,ECFP_385,ECFP_385,ECFP_385,algorithmic_medoid,True,True,1,0.0,1.0,1.0,1.0,0.0,3156,0.006922256437935429,"[""ECFP_385""]"
final,1465,1,ECFP_386,ECFP_386,ECFP_386,algorithmic_medoid,True,True,1,0.0,1.0,1.0,1.0,0.0,3156,0.0037878240252136085,"[""ECFP_386""]"
final,1466,1,ECFP_387,ECFP_387,ECFP_387,algorithmic_medoid,True,True,1,0.0,1.0,1.0,1.0,0.0,3156,0.045842630208458815,"[""ECFP_387""]"
final,1467,1,ECFP_388,ECFP_388,ECFP_388,algorithmic_medoid,True,True,1,0.0,1.0,1.0,1.0,0.0,3156,0.004730262111639609,"[""ECFP_388""]"
final,1468,1,ECFP_389,ECFP_389,ECFP_389,algorithmic_medoid,True,True,1,0.0,1.0,1.0,1.0,0.0,3156,0.21457589382526854,"[""ECFP_389""]"
final,1469,1,ECFP_39,ECFP_39,ECFP_39,algorithmic_medoid,True,True,1,0.0,1.0,1.0,1.0,0.0,3156,0.006922256437935429,"[""ECFP_39""]"
final,1470,1,ECFP_390,ECFP_390,ECFP_390,algorithmic_medoid,True,True,1,0.0,1.0,1.0,1.0,0.0,3156,0.006296976326903027,"[""ECFP_390""]"
final,1471,1,ECFP_391,ECFP_391,ECFP_391,algorithmic_medoid,True,True,1,0.0,1.0,1.0,1.0,0.0,3156,0.0050440065475702844,"[""ECFP_391""]"
final,1472,1,ECFP_392,ECFP_392,ECFP_392,algorithmic_medoid,True,True,1,0.0,1.0,1.0,1.0,0.0,3156,0.06018461626194136,"[""ECFP_392""]"
final,1473,1,ECFP_393,ECFP_393,ECFP_393,algorithmic_medoid,True,True,1,0.0,1.0,1.0,1.0,0.0,3156,0.0050440065475702844,"[""ECFP_393""]"
final,1474,1,ECFP_394,ECFP_394,ECFP_394,algorithmic_medoid,True,True,1,0.0,1.0,1.0,1.0,0.0,3156,0.012204708756813025,"[""ECFP_394""]"
final,1475,1,ECFP_395,ECFP_395,ECFP_395,algorithmic_medoid,True,True,1,0.0,1.0,1.0,1.0,0.0,3156,0.005984035076728337,"[""ECFP_395""]"
final,1476,1,ECFP_396,ECFP_396,ECFP_396,algorithmic_medoid,True,True,1,0.0,1.0,1.0,1.0,0.0,3156,0.0022130779523903614,"[""ECFP_396""]"
final,1477,1,ECFP_398,ECFP_398,ECFP_398,algorithmic_medoid,True,True,1,0.0,1.0,1.0,1.0,0.0,3156,0.007546733363211846,"[""ECFP_398""]"
final,1478,1,ECFP_399,ECFP_399,ECFP_399,algorithmic_medoid,True,True,1,0.0,1.0,1.0,1.0,0.0,3156,0.002843578770836647,"[""ECFP_399""]"
final,1479,1,ECFP_4,ECFP_4,ECFP_4,algorithmic_medoid,True,True,1,0.0,1.0,1.0,1.0,0.0,3156,0.018954681850090194,"[""ECFP_4""]"
final,1480,1,ECFP_40,ECFP_40,ECFP_40,algorithmic_medoid,True,True,1,0.0,1.0,1.0,1.0,0.0,3156,0.00473026211163961,"[""ECFP_40""]"
final,1481,1,ECFP_400,ECFP_400,ECFP_400,algorithmic_medoid,True,True,1,0.0,1.0,1.0,1.0,0.0,3156,0.004730262111639609,"[""ECFP_400""]"
final,1482,1,ECFP_401,ECFP_401,ECFP_401,algorithmic_medoid,True,True,1,0.0,1.0,1.0,1.0,0.0,3156,0.018039953672245593,"[""ECFP_401""]"
final,1483,1,ECFP_402,ECFP_402,ECFP_402,algorithmic_medoid,True,True,1,0.0,1.0,1.0,1.0,0.0,3156,0.004416316879269936,"[""ECFP_402""]"
final,1484,1,ECFP_403,ECFP_403,ECFP_403,algorithmic_medoid,True,True,1,0.0,1.0,1.0,1.0,0.0,3156,0.016205075812703508,"[""ECFP_403""]"
final,1485,1,ECFP_404,ECFP_404,ECFP_404,algorithmic_medoid,True,True,1,0.0,1.0,1.0,1.0,0.0,3156,0.005670893030114649,"[""ECFP_404""]"
final,1486,1,ECFP_405,ECFP_405,ECFP_405,algorithmic_medoid,True,True,1,0.0,1.0,1.0,1.0,0.0,3156,0.0037878240252136076,"[""ECFP_405""]"
final,1487,1,ECFP_406,ECFP_406,ECFP_406,algorithmic_medoid,True,True,1,0.0,1.0,1.0,1.0,0.0,3156,0.007858670631191559,"[""ECFP_406""]"
final,1488,1,ECFP_407,ECFP_407,ECFP_407,algorithmic_medoid,True,True,1,0.0,1.0,1.0,1.0,0.0,3156,0.05713542193757319,"[""ECFP_407""]"
final,1489,1,ECFP_408,ECFP_408,ECFP_408,algorithmic_medoid,True,True,1,0.0,1.0,1.0,1.0,0.0,3156,0.027105912892898393,"[""ECFP_408""]"
final,1490,1,ECFP_409,ECFP_409,ECFP_409,algorithmic_medoid,True,True,1,0.0,1.0,1.0,1.0,0.0,3156,0.011895582638979248,"[""ECFP_409""]"
final,1491,1,ECFP_41,ECFP_41,ECFP_41,algorithmic_medoid,True,True,1,0.0,1.0,1.0,1.0,0.0,3156,0.03186719805436282,"[""ECFP_41""]"
final,1492,1,ECFP_410,ECFP_410,ECFP_410,algorithmic_medoid,True,True,1,0.0,1.0,1.0,1.0,0.0,3156,0.003787824025213607,"[""ECFP_410""]"
final,1493,1,ECFP_411,ECFP_411,ECFP_411,algorithmic_medoid,True,True,1,0.0,1.0,1.0,1.0,0.0,3156,0.009104411738720463,"[""ECFP_411""]"
final,1494,1,ECFP_412,ECFP_412,ECFP_412,algorithmic_medoid,True,True,1,0.0,1.0,1.0,1.0,0.0,3156,0.00785867063119156,"[""ECFP_412""]"
final,1495,1,ECFP_413,ECFP_413,ECFP_413,algorithmic_medoid,True,True,1,0.0,1.0,1.0,1.0,0.0,3156,0.012204708756813029,"[""ECFP_413""]"
final,1496,1,ECFP_414,ECFP_414,ECFP_414,algorithmic_medoid,True,True,1,0.0,1.0,1.0,1.0,0.0,3156,0.009415345024505195,"[""ECFP_414""]"
final,1497,1,ECFP_415,ECFP_415,ECFP_415,algorithmic_medoid,True,True,1,0.0,1.0,1.0,1.0,0.0,3156,0.002528428759833002,"[""ECFP_415""]"
final,1498,1,ECFP_416,ECFP_416,ECFP_416,algorithmic_medoid,True,True,1,0.0,1.0,1.0,1.0,0.0,3156,0.001897526348508725,"[""ECFP_416""]"
final,1499,1,ECFP_417,ECFP_417,ECFP_417,algorithmic_medoid,True,True,1,0.0,1.0,1.0,1.0,0.0,3156,0.0015817739481880934,"[""ECFP_417""]"
final,1500,1,ECFP_418,ECFP_418,ECFP_418,algorithmic_medoid,True,True,1,0.0,1.0,1.0,1.0,0.0,3156,0.006296976326903027,"[""ECFP_418""]"
final,1501,1,ECFP_419,ECFP_419,ECFP_419,algorithmic_medoid,True,True,1,0.0,1.0,1.0,1.0,0.0,3156,0.01282235860316359,"[""ECFP_419""]"
final,1502,1,ECFP_42,ECFP_42,ECFP_42,algorithmic_medoid,True,True,1,0.0,1.0,1.0,1.0,0.0,3156,0.010346940103225438,"[""ECFP_42""]"
final,1503,1,ECFP_420,ECFP_420,ECFP_420,algorithmic_medoid,True,True,1,0.0,1.0,1.0,1.0,0.0,3156,0.0031585279854012965,"[""ECFP_420""]"
final,1504,1,ECFP_421,ECFP_421,ECFP_421,algorithmic_medoid,True,True,1,0.0,1.0,1.0,1.0,0.0,3156,0.007546733363211846,"[""ECFP_421""]"
final,1505,1,ECFP_422,ECFP_422,ECFP_422,algorithmic_medoid,True,True,1,0.0,1.0,1.0,1.0,0.0,3156,0.004730262111639609,"[""ECFP_422""]"
final,1506,1,ECFP_423,ECFP_423,ECFP_423,algorithmic_medoid,True,True,1,0.0,1.0,1.0,1.0,0.0,3156,0.006922256437935429,"[""ECFP_423""]"
final,1507,1,ECFP_424,ECFP_424,ECFP_424,algorithmic_medoid,True,True,1,0.0,1.0,1.0,1.0,0.0,3156,0.007546733363211845,"[""ECFP_424""]"
final,1508,1,ECFP_425,ECFP_425,ECFP_425,algorithmic_medoid,True,True,1,0.0,1.0,1.0,1.0,0.0,3156,0.009104411738720463,"[""ECFP_425""]"
final,1509,1,ECFP_426,ECFP_426,ECFP_426,algorithmic_medoid,True,True,1,0.0,1.0,1.0,1.0,0.0,3156,0.011895582638979248,"[""ECFP_426""]"
final,1510,1,ECFP_427,ECFP_427,ECFP_427,algorithmic_medoid,True,True,1,0.0,1.0,1.0,1.0,0.0,3156,0.010346940103225438,"[""ECFP_427""]"
final,1511,1,ECFP_428,ECFP_428,ECFP_428,algorithmic_medoid,True,True,1,0.0,1.0,1.0,1.0,0.0,3156,0.017429130904820882,"[""ECFP_428""]"
final,1512,1,ECFP_429,ECFP_429,ECFP_429,algorithmic_medoid,True,True,1,0.0,1.0,1.0,1.0,0.0,3156,0.009726077513850935,"[""ECFP_429""]"
final,1513,1,ECFP_43,ECFP_43,ECFP_43,algorithmic_medoid,True,True,1,0.0,1.0,1.0,1.0,0.0,3156,0.01681750495164019,"[""ECFP_43""]"
final,1514,1,ECFP_430,ECFP_430,ECFP_430,algorithmic_medoid,True,True,1,0.0,1.0,1.0,1.0,0.0,3156,0.016205075812703508,"[""ECFP_430""]"
final,1515,1,ECFP_431,ECFP_431,ECFP_431,algorithmic_medoid,True,True,1,0.0,1.0,1.0,1.0,0.0,3156,0.009415345024505197,"[""ECFP_431""]"
final,1516,1,ECFP_432,ECFP_432,ECFP_432,algorithmic_medoid,True,True,1,0.0,1.0,1.0,1.0,0.0,3156,0.009415345024505193,"[""ECFP_432""]"
final,1517,1,ECFP_433,ECFP_433,ECFP_433,algorithmic_medoid,True,True,1,0.0,1.0,1.0,1.0,0.0,3156,0.0050440065475702844,"[""ECFP_433""]"
final,1518,1,ECFP_434,ECFP_434,ECFP_434,algorithmic_medoid,True,True,1,0.0,1.0,1.0,1.0,0.0,3156,0.005670893030114649,"[""ECFP_434""]"
final,1519,1,ECFP_435,ECFP_435,ECFP_435,algorithmic_medoid,True,True,1,0.0,1.0,1.0,1.0,0.0,3156,0.008481942777834001,"[""ECFP_435""]"
final,1520,1,ECFP_436,ECFP_436,ECFP_436,algorithmic_medoid,True,True,1,0.0,1.0,1.0,1.0,0.0,3156,0.002843578770836647,"[""ECFP_436""]"
final,1521,1,ECFP_437,ECFP_437,ECFP_437,algorithmic_medoid,True,True,1,0.0,1.0,1.0,1.0,0.0,3156,0.016817504951640187,"[""ECFP_437""]"
final,1522,1,ECFP_438,ECFP_438,ECFP_438,algorithmic_medoid,True,True,1,0.0,1.0,1.0,1.0,0.0,3156,0.0034732764035269475,"[""ECFP_438""]"
final,1523,1,ECFP_439,ECFP_439,ECFP_439,algorithmic_medoid,True,True,1,0.0,1.0,1.0,1.0,0.0,3156,0.0037878240252136076,"[""ECFP_439""]"
final,1524,1,ECFP_44,ECFP_44,ECFP_44,algorithmic_medoid,True,True,1,0.0,1.0,1.0,1.0,0.0,3156,0.002843578770836647,"[""ECFP_44""]"
final,1525,1,ECFP_440,ECFP_440,ECFP_440,algorithmic_medoid,True,True,1,0.0,1.0,1.0,1.0,0.0,3156,0.01528492613100602,"[""ECFP_440""]"
final,1526,1,ECFP_441,ECFP_441,ECFP_441,algorithmic_medoid,True,True,1,0.0,1.0,1.0,1.0,0.0,3156,0.03422856417695148,"[""ECFP_441""]"
final,1527,1,ECFP_442,ECFP_442,ECFP_442,algorithmic_medoid,True,True,1,0.0,1.0,1.0,1.0,0.0,3156,0.003473276403526948,"[""ECFP_442""]"
final,1528,1,ECFP_443,ECFP_443,ECFP_443,algorithmic_medoid,True,True,1,0.0,1.0,1.0,1.0,0.0,3156,0.002843578770836647,"[""ECFP_443""]"
final,1529,1,ECFP_444,ECFP_444,ECFP_444,algorithmic_medoid,True,True,1,0.0,1.0,1.0,1.0,0.0,3156,0.006296976326903027,"[""ECFP_444""]"
final,1530,1,ECFP_445,ECFP_445,ECFP_445,algorithmic_medoid,True,True,1,0.0,1.0,1.0,1.0,0.0,3156,0.0056708930301146475,"[""ECFP_445""]"
final,1531,1,ECFP_446,ECFP_446,ECFP_446,algorithmic_medoid,True,True,1,0.0,1.0,1.0,1.0,0.0,3156,0.02077871670192652,"[""ECFP_446""]"
final,1532,1,ECFP_447,ECFP_447,ECFP_447,algorithmic_medoid,True,True,1,0.0,1.0,1.0,1.0,0.0,3156,0.006296976326903027,"[""ECFP_447""]"
final,1533,1,ECFP_448,ECFP_448,ECFP_448,algorithmic_medoid,True,True,1,0.0,1.0,1.0,1.0,0.0,3156,0.03599115531845513,"[""ECFP_448""]"
final,1534,1,ECFP_449,ECFP_449,ECFP_449,algorithmic_medoid,True,True,1,0.0,1.0,1.0,1.0,0.0,3156,0.007858670631191559,"[""ECFP_449""]"
final,1535,1,ECFP_45,ECFP_45,ECFP_45,algorithmic_medoid,True,True,1,0.0,1.0,1.0,1.0,0.0,3156,0.030978372617148663,"[""ECFP_45""]"
final,1536,1,ECFP_450,ECFP_450,ECFP_450,algorithmic_medoid,True,True,1,0.0,1.0,1.0,1.0,0.0,3156,0.006296976326903027,"[""ECFP_450""]"
final,1537,1,ECFP_451,ECFP_451,ECFP_451,algorithmic_medoid,True,True,1,0.0,1.0,1.0,1.0,0.0,3156,0.01096699950684395,"[""ECFP_451""]"
final,1538,1,ECFP_452,ECFP_452,ECFP_452,algorithmic_medoid,True,True,1,0.0,1.0,1.0,1.0,0.0,3156,0.004730262111639609,"[""ECFP_452""]"
final,1539,1,ECFP_453,ECFP_453,ECFP_453,algorithmic_medoid,True,True,1,0.0,1.0,1.0,1.0,0.0,3156,0.010036609206757682,"[""ECFP_453""]"
final,1540,1,ECFP_454,ECFP_454,ECFP_454,algorithmic_medoid,True,True,1,0.0,1.0,1.0,1.0,0.0,3156,0.0031585279854012965,"[""ECFP_454""]"
final,1541,1,ECFP_455,ECFP_455,ECFP_455,algorithmic_medoid,True,True,1,0.0,1.0,1.0,1.0,0.0,3156,0.023501215220048808,"[""ECFP_455""]"
final,1542,1,ECFP_456,ECFP_456,ECFP_456,algorithmic_medoid,True,True,1,0.0,1.0,1.0,1.0,0.0,3156,0.03833003223987625,"[""ECFP_456""]"
final,1543,1,ECFP_457,ECFP_457,ECFP_457,algorithmic_medoid,True,True,1,0.0,1.0,1.0,1.0,0.0,3156,0.0041021708504612705,"[""ECFP_457""]"
final,1544,1,ECFP_458,ECFP_458,ECFP_458,algorithmic_medoid,True,True,1,0.0,1.0,1.0,1.0,0.0,3156,0.010346940103225436,"[""ECFP_458""]"
final,1545,1,ECFP_459,ECFP_459,ECFP_459,algorithmic_medoid,True,True,1,0.0,1.0,1.0,1.0,0.0,3156,0.003158527985401296,"[""ECFP_459""]"
final,1546,1,ECFP_46,ECFP_46,ECFP_46,algorithmic_medoid,True,True,1,0.0,1.0,1.0,1.0,0.0,3156,0.012513634078207804,"[""ECFP_46""]"
final,1547,1,ECFP_460,ECFP_460,ECFP_460,algorithmic_medoid,True,True,1,0.0,1.0,1.0,1.0,0.0,3156,0.020171508270403735,"[""ECFP_460""]"
final,1548,1,ECFP_461,ECFP_461,ECFP_461,algorithmic_medoid,True,True,1,0.0,1.0,1.0,1.0,0.0,3156,0.015898560048576673,"[""ECFP_461""]"
final,1549,1,ECFP_462,ECFP_462,ECFP_462,algorithmic_medoid,True,True,1,0.0,1.0,1.0,1.0,0.0,3156,0.003158527985401296,"[""ECFP_462""]"
final,1550,1,ECFP_463,ECFP_463,ECFP_463,algorithmic_medoid,True,True,1,0.0,1.0,1.0,1.0,0.0,3156,0.01282235860316359,"[""ECFP_463""]"
final,1551,1,ECFP_464,ECFP_464,ECFP_464,algorithmic_medoid,True,True,1,0.0,1.0,1.0,1.0,0.0,3156,0.019867602859983846,"[""ECFP_464""]"
final,1552,1,ECFP_465,ECFP_465,ECFP_465,algorithmic_medoid,True,True,1,0.0,1.0,1.0,1.0,0.0,3156,0.0041021708504612705,"[""ECFP_465""]"
final,1553,1,ECFP_466,ECFP_466,ECFP_466,algorithmic_medoid,True,True,1,0.0,1.0,1.0,1.0,0.0,3156,0.009726077513850935,"[""ECFP_466""]"
final,1554,1,ECFP_467,ECFP_467,ECFP_467,algorithmic_medoid,True,True,1,0.0,1.0,1.0,1.0,0.0,3156,0.003473276403526948,"[""ECFP_467""]"
final,1555,1,ECFP_468,ECFP_468,ECFP_468,algorithmic_medoid,True,True,1,0.0,1.0,1.0,1.0,0.0,3156,0.003158527985401296,"[""ECFP_468""]"
final,1556,1,ECFP_469,ECFP_469,ECFP_469,algorithmic_medoid,True,True,1,0.0,1.0,1.0,1.0,0.0,3156,0.014055248738596768,"[""ECFP_469""]"
final,1557,1,ECFP_47,ECFP_47,ECFP_47,algorithmic_medoid,True,True,1,0.0,1.0,1.0,1.0,0.0,3156,0.0044163168792699355,"[""ECFP_47""]"
final,1558,1,ECFP_470,ECFP_470,ECFP_470,algorithmic_medoid,True,True,1,0.0,1.0,1.0,1.0,0.0,3156,0.03540442812370987,"[""ECFP_470""]"
final,1559,1,ECFP_471,ECFP_471,ECFP_471,algorithmic_medoid,True,True,1,0.0,1.0,1.0,1.0,0.0,3156,0.011895582638979248,"[""ECFP_471""]"
final,1560,1,ECFP_472,ECFP_472,ECFP_472,algorithmic_medoid,True,True,1,0.0,1.0,1.0,1.0,0.0,3156,0.007234595298793131,"[""ECFP_472""]"
final,1561,1,ECFP_473,ECFP_473,ECFP_473,algorithmic_medoid,True,True,1,0.0,1.0,1.0,1.0,0.0,3156,0.02500668652141855,"[""ECFP_473""]"
final,1562,1,ECFP_474,ECFP_474,ECFP_474,algorithmic_medoid,True,True,1,0.0,1.0,1.0,1.0,0.0,3156,0.009415345024505195,"[""ECFP_474""]"
final,1563,1,ECFP_475,ECFP_475,ECFP_475,algorithmic_medoid,True,True,1,0.0,1.0,1.0,1.0,0.0,3156,0.001897526348508725,"[""ECFP_475""]"
final,1564,1,ECFP_476,ECFP_476,ECFP_476,algorithmic_medoid,True,True,1,0.0,1.0,1.0,1.0,0.0,3156,0.009104411738720461,"[""ECFP_476""]"
final,1565,1,ECFP_477,ECFP_477,ECFP_477,algorithmic_medoid,True,True,1,0.0,1.0,1.0,1.0,0.0,3156,0.0034732764035269475,"[""ECFP_477""]"
final,1566,1,ECFP_478,ECFP_478,ECFP_478,algorithmic_medoid,True,True,1,0.0,1.0,1.0,1.0,0.0,3156,0.00817040710273228,"[""ECFP_478""]"
final,1567,1,ECFP_479,ECFP_479,ECFP_479,algorithmic_medoid,True,True,1,0.0,1.0,1.0,1.0,0.0,3156,0.02138512194769333,"[""ECFP_479""]"
final,1568,1,ECFP_48,ECFP_48,ECFP_48,algorithmic_medoid,True,True,1,0.0,1.0,1.0,1.0,0.0,3156,0.002528428759833002,"[""ECFP_48""]"
final,1569,1,ECFP_480,ECFP_480,ECFP_480,algorithmic_medoid,True,True,1,0.0,1.0,1.0,1.0,0.0,3156,0.0037878240252136085,"[""ECFP_480""]"
final,1570,1,ECFP_481,ECFP_481,ECFP_481,algorithmic_medoid,True,True,1,0.0,1.0,1.0,1.0,0.0,3156,0.006296976326903027,"[""ECFP_481""]"
final,1571,1,ECFP_482,ECFP_482,ECFP_482,algorithmic_medoid,True,True,1,0.0,1.0,1.0,1.0,0.0,3156,0.01003660920675768,"[""ECFP_482""]"
final,1572,1,ECFP_483,ECFP_483,ECFP_483,algorithmic_medoid,True,True,1,0.0,1.0,1.0,1.0,0.0,3156,0.003787824025213607,"[""ECFP_483""]"
final,1573,1,ECFP_484,ECFP_484,ECFP_484,algorithmic_medoid,True,True,1,0.0,1.0,1.0,1.0,0.0,3156,0.015591843488010843,"[""ECFP_484""]"
final,1574,1,ECFP_485,ECFP_485,ECFP_485,algorithmic_medoid,True,True,1,0.0,1.0,1.0,1.0,0.0,3156,0.0044163168792699355,"[""ECFP_485""]"
final,1575,1,ECFP_486,ECFP_486,ECFP_486,algorithmic_medoid,True,True,1,0.0,1.0,1.0,1.0,0.0,3156,0.07586039266145238,"[""ECFP_486""]"
final,1576,1,ECFP_487,ECFP_487,ECFP_487,algorithmic_medoid,True,True,1,0.0,1.0,1.0,1.0,0.0,3156,0.013130882331680376,"[""ECFP_487""]"
final,1577,1,ECFP_488,ECFP_488,ECFP_488,algorithmic_medoid,True,True,1,0.0,1.0,1.0,1.0,0.0,3156,0.007546733363211846,"[""ECFP_488""]"
final,1578,1,ECFP_489,ECFP_489,ECFP_489,algorithmic_medoid,True,True,1,0.0,1.0,1.0,1.0,0.0,3156,0.009415345024505197,"[""ECFP_489""]"
final,1579,1,ECFP_49,ECFP_49,ECFP_49,algorithmic_medoid,True,True,1,0.0,1.0,1.0,1.0,0.0,3156,0.0050440065475702844,"[""ECFP_49""]"
final,1580,1,ECFP_490,ECFP_490,ECFP_490,algorithmic_medoid,True,True,1,0.0,1.0,1.0,1.0,0.0,3156,0.012204708756813024,"[""ECFP_490""]"
final,1581,1,ECFP_491,ECFP_491,ECFP_491,algorithmic_medoid,True,True,1,0.0,1.0,1.0,1.0,0.0,3156,0.01925918964982707,"[""ECFP_491""]"
final,1582,1,ECFP_492,ECFP_492,ECFP_492,algorithmic_medoid,True,True,1,0.0,1.0,1.0,1.0,0.0,3156,0.0044163168792699355,"[""ECFP_492""]"
final,1583,1,ECFP_493,ECFP_493,ECFP_493,algorithmic_medoid,True,True,1,0.0,1.0,1.0,1.0,0.0,3156,0.017429130904820882,"[""ECFP_493""]"
final,1584,1,ECFP_494,ECFP_494,ECFP_494,algorithmic_medoid,True,True,1,0.0,1.0,1.0,1.0,0.0,3156,0.009104411738720463,"[""ECFP_494""]"
final,1585,1,ECFP_495,ECFP_495,ECFP_495,algorithmic_medoid,True,True,1,0.0,1.0,1.0,1.0,0.0,3156,0.008170407102732279,"[""ECFP_495""]"
final,1586,1,ECFP_496,ECFP_496,ECFP_496,algorithmic_medoid,True,True,1,0.0,1.0,1.0,1.0,0.0,3156,0.010346940103225438,"[""ECFP_496""]"
final,1587,1,ECFP_497,ECFP_497,ECFP_497,algorithmic_medoid,True,True,1,0.0,1.0,1.0,1.0,0.0,3156,0.01803995367224559,"[""ECFP_497""]"
final,1588,1,ECFP_498,ECFP_498,ECFP_498,algorithmic_medoid,True,True,1,0.0,1.0,1.0,1.0,0.0,3156,0.002843578770836647,"[""ECFP_498""]"
final,1589,1,ECFP_499,ECFP_499,ECFP_499,algorithmic_medoid,True,True,1,0.0,1.0,1.0,1.0,0.0,3156,0.0056708930301146475,"[""ECFP_499""]"
final,1590,1,ECFP_5,ECFP_5,ECFP_5,algorithmic_medoid,True,True,1,0.0,1.0,1.0,1.0,0.0,3156,0.04555619408823156,"[""ECFP_5""]"
final,1591,1,ECFP_50,ECFP_50,ECFP_50,algorithmic_medoid,True,True,1,0.0,1.0,1.0,1.0,0.0,3156,0.006609716780638728,"[""ECFP_50""]"
final,1592,1,ECFP_500,ECFP_500,ECFP_500,algorithmic_medoid,True,True,1,0.0,1.0,1.0,1.0,0.0,3156,0.010346940103225438,"[""ECFP_500""]"
final,1593,1,ECFP_501,ECFP_501,ECFP_501,algorithmic_medoid,True,True,1,0.0,1.0,1.0,1.0,0.0,3156,0.009726077513850935,"[""ECFP_501""]"
final,1594,1,ECFP_502,ECFP_502,ECFP_502,algorithmic_medoid,True,True,1,0.0,1.0,1.0,1.0,0.0,3156,0.012822358603163587,"[""ECFP_502""]"
final,1595,1,ECFP_503,ECFP_503,ECFP_503,algorithmic_medoid,True,True,1,0.0,1.0,1.0,1.0,0.0,3156,0.007858670631191559,"[""ECFP_503""]"
final,1596,1,ECFP_504,ECFP_504,ECFP_504,algorithmic_medoid,True,True,1,0.0,1.0,1.0,1.0,0.0,3156,0.05068132239715609,"[""ECFP_504""]"
final,1597,1,ECFP_505,ECFP_505,ECFP_505,algorithmic_medoid,True,True,1,0.0,1.0,1.0,1.0,0.0,3156,0.0041021708504612705,"[""ECFP_505""]"
final,1598,1,ECFP_506,ECFP_506,ECFP_506,algorithmic_medoid,True,True,1,0.0,1.0,1.0,1.0,0.0,3156,0.002213077952390361,"[""ECFP_506""]"
final,1599,1,ECFP_507,ECFP_507,ECFP_507,algorithmic_medoid,True,True,1,0.0,1.0,1.0,1.0,0.0,3156,0.03216307160722289,"[""ECFP_507""]"
final,1600,1,ECFP_508,ECFP_508,ECFP_508,algorithmic_medoid,True,True,1,0.0,1.0,1.0,1.0,0.0,3156,0.003158527985401296,"[""ECFP_508""]"
final,1601,1,ECFP_509,ECFP_509,ECFP_509,algorithmic_medoid,True,True,1,0.0,1.0,1.0,1.0,0.0,3156,0.002843578770836647,"[""ECFP_509""]"
final,1602,1,ECFP_51,ECFP_51,ECFP_51,algorithmic_medoid,True,True,1,0.0,1.0,1.0,1.0,0.0,3156,0.014977807977562202,"[""ECFP_51""]"
final,1603,1,ECFP_510,ECFP_510,ECFP_510,algorithmic_medoid,True,True,1,0.0,1.0,1.0,1.0,0.0,3156,0.008481942777834001,"[""ECFP_510""]"
final,1604,1,ECFP_511,ECFP_511,ECFP_511,algorithmic_medoid,True,True,1,0.0,1.0,1.0,1.0,0.0,3156,0.008170407102732279,"[""ECFP_511""]"
final,1605,1,ECFP_512,ECFP_512,ECFP_512,algorithmic_medoid,True,True,1,0.0,1.0,1.0,1.0,0.0,3156,0.003158527985401296,"[""ECFP_512""]"
final,1606,1,ECFP_513,ECFP_513,ECFP_513,algorithmic_medoid,True,True,1,0.0,1.0,1.0,1.0,0.0,3156,0.0041021708504612705,"[""ECFP_513""]"
final,1607,1,ECFP_514,ECFP_514,ECFP_514,algorithmic_medoid,True,True,1,0.0,1.0,1.0,1.0,0.0,3156,0.005670893030114649,"[""ECFP_514""]"
final,1608,1,ECFP_515,ECFP_515,ECFP_515,algorithmic_medoid,True,True,1,0.0,1.0,1.0,1.0,0.0,3156,0.0044163168792699355,"[""ECFP_515""]"
final,1609,1,ECFP_516,ECFP_516,ECFP_516,algorithmic_medoid,True,True,1,0.0,1.0,1.0,1.0,0.0,3156,0.007234595298793131,"[""ECFP_516""]"
final,1610,1,ECFP_517,ECFP_517,ECFP_517,algorithmic_medoid,True,True,1,0.0,1.0,1.0,1.0,0.0,3156,0.006296976326903027,"[""ECFP_517""]"
final,1611,1,ECFP_518,ECFP_518,ECFP_518,algorithmic_medoid,True,True,1,0.0,1.0,1.0,1.0,0.0,3156,0.000633311968592224,"[""ECFP_518""]"
final,1612,1,ECFP_519,ECFP_519,ECFP_519,algorithmic_medoid,True,True,1,0.0,1.0,1.0,1.0,0.0,3156,0.07691658193056942,"[""ECFP_519""]"
final,1613,1,ECFP_52,ECFP_52,ECFP_52,algorithmic_medoid,True,True,1,0.0,1.0,1.0,1.0,0.0,3156,0.005357550187061962,"[""ECFP_52""]"
final,1614,1,ECFP_520,ECFP_520,ECFP_520,algorithmic_medoid,True,True,1,0.0,1.0,1.0,1.0,0.0,3156,0.006296976326903027,"[""ECFP_520""]"
final,1615,1,ECFP_521,ECFP_521,ECFP_521,algorithmic_medoid,True,True,1,0.0,1.0,1.0,1.0,0.0,3156,0.007858670631191559,"[""ECFP_521""]"
final,1616,1,ECFP_522,ECFP_522,ECFP_522,algorithmic_medoid,True,True,1,0.0,1.0,1.0,1.0,0.0,3156,0.007546733363211846,"[""ECFP_522""]"
final,1617,1,ECFP_523,ECFP_523,ECFP_523,algorithmic_medoid,True,True,1,0.0,1.0,1.0,1.0,0.0,3156,0.013747327399396965,"[""ECFP_523""]"
final,1618,1,ECFP_524,ECFP_524,ECFP_524,algorithmic_medoid,True,True,1,0.0,1.0,1.0,1.0,0.0,3156,0.010346940103225438,"[""ECFP_524""]"
final,1619,1,ECFP_525,ECFP_525,ECFP_525,algorithmic_medoid,True,True,1,0.0,1.0,1.0,1.0,0.0,3156,0.019867602859983843,"[""ECFP_525""]"
final,1620,1,ECFP_526,ECFP_526,ECFP_526,algorithmic_medoid,True,True,1,0.0,1.0,1.0,1.0,0.0,3156,0.007234595298793131,"[""ECFP_526""]"
final,1621,1,ECFP_527,ECFP_527,ECFP_527,algorithmic_medoid,True,True,1,0.0,1.0,1.0,1.0,0.0,3156,0.014977807977562202,"[""ECFP_527""]"
final,1622,1,ECFP_528,ECFP_528,ECFP_528,algorithmic_medoid,True,True,1,0.0,1.0,1.0,1.0,0.0,3156,0.01065707020325419,"[""ECFP_528""]"
final,1623,1,ECFP_529,ECFP_529,ECFP_529,algorithmic_medoid,True,True,1,0.0,1.0,1.0,1.0,0.0,3156,0.034816897743208654,"[""ECFP_529""]"
final,1624,1,ECFP_53,ECFP_53,ECFP_53,algorithmic_medoid,True,True,1,0.0,1.0,1.0,1.0,0.0,3156,0.0044163168792699355,"[""ECFP_53""]"
final,1625,1,ECFP_530,ECFP_530,ECFP_530,algorithmic_medoid,True,True,1,0.0,1.0,1.0,1.0,0.0,3156,0.010966999506843949,"[""ECFP_530""]"
final,1626,1,ECFP_531,ECFP_531,ECFP_531,algorithmic_medoid,True,True,1,0.0,1.0,1.0,1.0,0.0,3156,0.013747327399396964,"[""ECFP_531""]"
final,1627,1,ECFP_532,ECFP_532,ECFP_532,algorithmic_medoid,True,True,1,0.0,1.0,1.0,1.0,0.0,3156,0.0041021708504612705,"[""ECFP_532""]"
final,1628,1,ECFP_533,ECFP_533,ECFP_533,algorithmic_medoid,True,True,1,0.0,1.0,1.0,1.0,0.0,3156,0.009726077513850934,"[""ECFP_533""]"
final,1629,1,ECFP_534,ECFP_534,ECFP_534,algorithmic_medoid,True,True,1,0.0,1.0,1.0,1.0,0.0,3156,0.014362969281357576,"[""ECFP_534""]"
final,1630,1,ECFP_535,ECFP_535,ECFP_535,algorithmic_medoid,True,True,1,0.0,1.0,1.0,1.0,0.0,3156,0.0025284287598330026,"[""ECFP_535""]"
final,1631,1,ECFP_536,ECFP_536,ECFP_536,algorithmic_medoid,True,True,1,0.0,1.0,1.0,1.0,0.0,3156,0.0012658207514284654,"[""ECFP_536""]"
final,1632,1,ECFP_537,ECFP_537,ECFP_537,algorithmic_medoid,True,True,1,0.0,1.0,1.0,1.0,0.0,3156,0.0025284287598330026,"[""ECFP_537""]"
final,1633,1,ECFP_538,ECFP_538,ECFP_538,algorithmic_medoid,True,True,1,0.0,1.0,1.0,1.0,0.0,3156,0.003473276403526948,"[""ECFP_538""]"
final,1634,1,ECFP_539,ECFP_539,ECFP_539,algorithmic_medoid,True,True,1,0.0,1.0,1.0,1.0,0.0,3156,0.002843578770836647,"[""ECFP_539""]"
final,1635,1,ECFP_54,ECFP_54,ECFP_54,algorithmic_medoid,True,True,1,0.0,1.0,1.0,1.0,0.0,3156,0.007858670631191559,"[""ECFP_54""]"
final,1636,1,ECFP_540,ECFP_540,ECFP_540,algorithmic_medoid,True,True,1,0.0,1.0,1.0,1.0,0.0,3156,0.005670893030114649,"[""ECFP_540""]"
final,1637,1,ECFP_541,ECFP_541,ECFP_541,algorithmic_medoid,True,True,1,0.0,1.0,1.0,1.0,0.0,3156,0.009104411738720463,"[""ECFP_541""]"
final,1638,1,ECFP_542,ECFP_542,ECFP_542,algorithmic_medoid,True,True,1,0.0,1.0,1.0,1.0,0.0,3156,0.006922256437935429,"[""ECFP_542""]"
final,1639,1,ECFP_543,ECFP_543,ECFP_543,algorithmic_medoid,True,True,1,0.0,1.0,1.0,1.0,0.0,3156,0.003158527985401296,"[""ECFP_543""]"
final,1640,1,ECFP_544,ECFP_544,ECFP_544,algorithmic_medoid,True,True,1,0.0,1.0,1.0,1.0,0.0,3156,0.0037878240252136085,"[""ECFP_544""]"
final,1641,1,ECFP_545,ECFP_545,ECFP_545,algorithmic_medoid,True,True,1,0.0,1.0,1.0,1.0,0.0,3156,0.00473026211163961,"[""ECFP_545""]"
final,1642,1,ECFP_546,ECFP_546,ECFP_546,algorithmic_medoid,True,True,1,0.0,1.0,1.0,1.0,0.0,3156,0.003158527985401296,"[""ECFP_546""]"
final,1643,1,ECFP_547,ECFP_547,ECFP_547,algorithmic_medoid,True,True,1,0.0,1.0,1.0,1.0,0.0,3156,0.05518237537368217,"[""ECFP_547""]"
final,1644,1,ECFP_548,ECFP_548,ECFP_548,algorithmic_medoid,True,True,1,0.0,1.0,1.0,1.0,0.0,3156,0.016511390780391346,"[""ECFP_548""]"
final,1645,1,ECFP_549,ECFP_549,ECFP_549,algorithmic_medoid,True,True,1,0.0,1.0,1.0,1.0,0.0,3156,0.005984035076728338,"[""ECFP_549""]"
final,1646,1,ECFP_55,ECFP_55,ECFP_55,algorithmic_medoid,True,True,1,0.0,1.0,1.0,1.0,0.0,3156,0.0015817739481880934,"[""ECFP_55""]"
final,1647,1,ECFP_550,ECFP_550,ECFP_550,algorithmic_medoid,True,True,1,0.0,1.0,1.0,1.0,0.0,3156,0.006922256437935429,"[""ECFP_550""]"
final,1648,1,ECFP_551,ECFP_551,ECFP_551,algorithmic_medoid,True,True,1,0.0,1.0,1.0,1.0,0.0,3156,0.004730262111639609,"[""ECFP_551""]"
final,1649,1,ECFP_552,ECFP_552,ECFP_552,algorithmic_medoid,True,True,1,0.0,1.0,1.0,1.0,0.0,3156,0.02440510039018764,"[""ECFP_552""]"
final,1650,1,ECFP_553,ECFP_553,ECFP_553,algorithmic_medoid,True,True,1,0.0,1.0,1.0,1.0,0.0,3156,0.0009496667582298431,"[""ECFP_553""]"
final,1651,1,ECFP_554,ECFP_554,ECFP_554,algorithmic_medoid,True,True,1,0.0,1.0,1.0,1.0,0.0,3156,0.013439205263758172,"[""ECFP_554""]"
final,1652,1,ECFP_555,ECFP_555,ECFP_555,algorithmic_medoid,True,True,1,0.0,1.0,1.0,1.0,0.0,3156,0.01864997325391432,"[""ECFP_555""]"
final,1653,1,ECFP_556,ECFP_556,ECFP_556,algorithmic_medoid,True,True,1,0.0,1.0,1.0,1.0,0.0,3156,0.03186719805436281,"[""ECFP_556""]"
final,1654,1,ECFP_557,ECFP_557,ECFP_557,algorithmic_medoid,True,True,1,0.0,1.0,1.0,1.0,0.0,3156,0.0044163168792699355,"[""ECFP_557""]"
final,1655,1,ECFP_558,ECFP_558,ECFP_558,algorithmic_medoid,True,True,1,0.0,1.0,1.0,1.0,0.0,3156,0.0041021708504612705,"[""ECFP_558""]"
final,1656,1,ECFP_559,ECFP_559,ECFP_559,algorithmic_medoid,True,True,1,0.0,1.0,1.0,1.0,0.0,3156,0.008793277656496727,"[""ECFP_559""]"
final,1657,1,ECFP_56,ECFP_56,ECFP_56,algorithmic_medoid,True,True,1,0.0,1.0,1.0,1.0,0.0,3156,0.006296976326903027,"[""ECFP_56""]"
final,1658,1,ECFP_560,ECFP_560,ECFP_560,algorithmic_medoid,True,True,1,0.0,1.0,1.0,1.0,0.0,3156,0.004730262111639609,"[""ECFP_560""]"
final,1659,1,ECFP_562,ECFP_562,ECFP_562,algorithmic_medoid,True,True,1,0.0,1.0,1.0,1.0,0.0,3156,0.03745445936763579,"[""ECFP_562""]"
final,1660,1,ECFP_563,ECFP_563,ECFP_563,algorithmic_medoid,True,True,1,0.0,1.0,1.0,1.0,0.0,3156,0.0044163168792699355,"[""ECFP_563""]"
final,1661,1,ECFP_564,ECFP_564,ECFP_564,algorithmic_medoid,True,True,1,0.0,1.0,1.0,1.0,0.0,3156,0.017123418326450028,"[""ECFP_564""]"
final,1662,1,ECFP_565,ECFP_565,ECFP_565,algorithmic_medoid,True,True,1,0.0,1.0,1.0,1.0,0.0,3156,0.006922256437935429,"[""ECFP_565""]"
final,1663,1,ECFP_566,ECFP_566,ECFP_566,algorithmic_medoid,True,True,1,0.0,1.0,1.0,1.0,0.0,3156,0.0044163168792699355,"[""ECFP_566""]"
final,1664,1,ECFP_567,ECFP_567,ECFP_567,algorithmic_medoid,True,True,1,0.0,1.0,1.0,1.0,0.0,3156,0.007858670631191559,"[""ECFP_567""]"
final,1665,1,ECFP_568,ECFP_568,ECFP_568,algorithmic_medoid,True,True,1,0.0,1.0,1.0,1.0,0.0,3156,0.003473276403526949,"[""ECFP_568""]"
final,1666,1,ECFP_569,ECFP_569,ECFP_569,algorithmic_medoid,True,True,1,0.0,1.0,1.0,1.0,0.0,3156,0.007546733363211846,"[""ECFP_569""]"
final,1667,1,ECFP_57,ECFP_57,ECFP_57,algorithmic_medoid,True,True,1,0.0,1.0,1.0,1.0,0.0,3156,0.011276728013994708,"[""ECFP_57""]"
final,1668,1,ECFP_570,ECFP_570,ECFP_570,algorithmic_medoid,True,True,1,0.0,1.0,1.0,1.0,0.0,3156,0.003158527985401296,"[""ECFP_570""]"
final,1669,1,ECFP_571,ECFP_571,ECFP_571,algorithmic_medoid,True,True,1,0.0,1.0,1.0,1.0,0.0,3156,0.004416316879269936,"[""ECFP_571""]"
final,1670,1,ECFP_572,ECFP_572,ECFP_572,algorithmic_medoid,True,True,1,0.0,1.0,1.0,1.0,0.0,3156,0.0022130779523903614,"[""ECFP_572""]"
final,1671,1,ECFP_573,ECFP_573,ECFP_573,algorithmic_medoid,True,True,1,0.0,1.0,1.0,1.0,0.0,3156,0.03803837541223509,"[""ECFP_573""]"
final,1672,1,ECFP_574,ECFP_574,ECFP_574,algorithmic_medoid,True,True,1,0.0,1.0,1.0,1.0,0.0,3156,0.002843578770836647,"[""ECFP_574""]"
final,1673,1,ECFP_575,ECFP_575,ECFP_575,algorithmic_medoid,True,True,1,0.0,1.0,1.0,1.0,0.0,3156,0.014055248738596768,"[""ECFP_575""]"
final,1674,1,ECFP_576,ECFP_576,ECFP_576,algorithmic_medoid,True,True,1,0.0,1.0,1.0,1.0,0.0,3156,0.006609716780638728,"[""ECFP_576""]"
final,1675,1,ECFP_577,ECFP_577,ECFP_577,algorithmic_medoid,True,True,1,0.0,1.0,1.0,1.0,0.0,3156,0.013439205263758176,"[""ECFP_577""]"
final,1676,1,ECFP_578,ECFP_578,ECFP_578,algorithmic_medoid,True,True,1,0.0,1.0,1.0,1.0,0.0,3156,0.0031585279854012965,"[""ECFP_578""]"
final,1677,1,ECFP_579,ECFP_579,ECFP_579,algorithmic_medoid,True,True,1,0.0,1.0,1.0,1.0,0.0,3156,0.0037878240252136076,"[""ECFP_579""]"
final,1678,1,ECFP_58,ECFP_58,ECFP_58,algorithmic_medoid,True,True,1,0.0,1.0,1.0,1.0,0.0,3156,0.005357550187061962,"[""ECFP_58""]"
final,1679,1,ECFP_580,ECFP_580,ECFP_580,algorithmic_medoid,True,True,1,0.0,1.0,1.0,1.0,0.0,3156,0.018039953672245593,"[""ECFP_580""]"
final,1680,1,ECFP_581,ECFP_581,ECFP_581,algorithmic_medoid,True,True,1,0.0,1.0,1.0,1.0,0.0,3156,0.00817040710273228,"[""ECFP_581""]"
final,1681,1,ECFP_582,ECFP_582,ECFP_582,algorithmic_medoid,True,True,1,0.0,1.0,1.0,1.0,0.0,3156,0.007234595298793131,"[""ECFP_582""]"
final,1682,1,ECFP_583,ECFP_583,ECFP_583,algorithmic_medoid,True,True,1,0.0,1.0,1.0,1.0,0.0,3156,0.015284926131006021,"[""ECFP_583""]"
final,1683,1,ECFP_584,ECFP_584,ECFP_584,algorithmic_medoid,True,True,1,0.0,1.0,1.0,1.0,0.0,3156,0.005984035076728338,"[""ECFP_584""]"
final,1684,1,ECFP_585,ECFP_585,ECFP_585,algorithmic_medoid,True,True,1,0.0,1.0,1.0,1.0,0.0,3156,0.025907559744972455,"[""ECFP_585""]"
final,1685,1,ECFP_586,ECFP_586,ECFP_586,algorithmic_medoid,True,True,1,0.0,1.0,1.0,1.0,0.0,3156,0.01528492613100602,"[""ECFP_586""]"
final,1686,1,ECFP_587,ECFP_587,ECFP_587,algorithmic_medoid,True,True,1,0.0,1.0,1.0,1.0,0.0,3156,0.0041021708504612705,"[""ECFP_587""]"
final,1687,1,ECFP_588,ECFP_588,ECFP_588,algorithmic_medoid,True,True,1,0.0,1.0,1.0,1.0,0.0,3156,0.04412100154051029,"[""ECFP_588""]"
final,1688,1,ECFP_589,ECFP_589,ECFP_589,algorithmic_medoid,True,True,1,0.0,1.0,1.0,1.0,0.0,3156,0.008793277656496729,"[""ECFP_589""]"
final,1689,1,ECFP_59,ECFP_59,ECFP_59,algorithmic_medoid,True,True,1,0.0,1.0,1.0,1.0,0.0,3156,0.007234595298793129,"[""ECFP_59""]"
final,1690,1,ECFP_590,ECFP_590,ECFP_590,algorithmic_medoid,True,True,1,0.0,1.0,1.0,1.0,0.0,3156,0.018954681850090194,"[""ECFP_590""]"
final,1691,1,ECFP_591,ECFP_591,ECFP_591,algorithmic_medoid,True,True,1,0.0,1.0,1.0,1.0,0.0,3156,0.03186719805436281,"[""ECFP_591""]"
final,1692,1,ECFP_592,ECFP_592,ECFP_592,algorithmic_medoid,True,True,1,0.0,1.0,1.0,1.0,0.0,3156,0.02440510039018764,"[""ECFP_592""]"
final,1693,1,ECFP_593,ECFP_593,ECFP_593,algorithmic_medoid,True,True,1,0.0,1.0,1.0,1.0,0.0,3156,0.0044163168792699355,"[""ECFP_593""]"
final,1694,1,ECFP_594,ECFP_594,ECFP_594,algorithmic_medoid,True,True,1,0.0,1.0,1.0,1.0,0.0,3156,0.0012658207514284654,"[""ECFP_594""]"
final,1695,1,ECFP_595,ECFP_595,ECFP_595,algorithmic_medoid,True,True,1,0.0,1.0,1.0,1.0,0.0,3156,0.005357550187061961,"[""ECFP_595""]"
final,1696,1,ECFP_596,ECFP_596,ECFP_596,algorithmic_medoid,True,True,1,0.0,1.0,1.0,1.0,0.0,3156,0.0018975263485087248,"[""ECFP_596""]"
final,1697,1,ECFP_597,ECFP_597,ECFP_597,algorithmic_medoid,True,True,1,0.0,1.0,1.0,1.0,0.0,3156,0.014977807977562202,"[""ECFP_597""]"
final,1698,1,ECFP_598,ECFP_598,ECFP_598,algorithmic_medoid,True,True,1,0.0,1.0,1.0,1.0,0.0,3156,0.011895582638979245,"[""ECFP_598""]"
final,1699,1,ECFP_599,ECFP_599,ECFP_599,algorithmic_medoid,True,True,1,0.0,1.0,1.0,1.0,0.0,3156,0.007546733363211846,"[""ECFP_599""]"
final,1700,1,ECFP_6,ECFP_6,ECFP_6,algorithmic_medoid,True,True,1,0.0,1.0,1.0,1.0,0.0,3156,0.0015817739481880934,"[""ECFP_6""]"
final,1701,1,ECFP_60,ECFP_60,ECFP_60,algorithmic_medoid,True,True,1,0.0,1.0,1.0,1.0,0.0,3156,0.007234595298793131,"[""ECFP_60""]"
final,1702,1,ECFP_600,ECFP_600,ECFP_600,algorithmic_medoid,True,True,1,0.0,1.0,1.0,1.0,0.0,3156,0.005357550187061961,"[""ECFP_600""]"
final,1703,1,ECFP_601,ECFP_601,ECFP_601,algorithmic_medoid,True,True,1,0.0,1.0,1.0,1.0,0.0,3156,0.0031585279854012957,"[""ECFP_601""]"
final,1704,1,ECFP_602,ECFP_602,ECFP_602,algorithmic_medoid,True,True,1,0.0,1.0,1.0,1.0,0.0,3156,0.005984035076728338,"[""ECFP_602""]"
final,1705,1,ECFP_603,ECFP_603,ECFP_603,algorithmic_medoid,True,True,1,0.0,1.0,1.0,1.0,0.0,3156,0.010346940103225438,"[""ECFP_603""]"
final,1706,1,ECFP_604,ECFP_604,ECFP_604,algorithmic_medoid,True,True,1,0.0,1.0,1.0,1.0,0.0,3156,0.0034732764035269475,"[""ECFP_604""]"
final,1707,1,ECFP_605,ECFP_605,ECFP_605,algorithmic_medoid,True,True,1,0.0,1.0,1.0,1.0,0.0,3156,0.0034732764035269475,"[""ECFP_605""]"
final,1708,1,ECFP_606,ECFP_606,ECFP_606,algorithmic_medoid,True,True,1,0.0,1.0,1.0,1.0,0.0,3156,0.02830105329780039,"[""ECFP_606""]"
final,1709,1,ECFP_607,ECFP_607,ECFP_607,algorithmic_medoid,True,True,1,0.0,1.0,1.0,1.0,0.0,3156,0.010346940103225438,"[""ECFP_607""]"
final,1710,1,ECFP_608,ECFP_608,ECFP_608,algorithmic_medoid,True,True,1,0.0,1.0,1.0,1.0,0.0,3156,0.006922256437935429,"[""ECFP_608""]"
final,1711,1,ECFP_609,ECFP_609,ECFP_609,algorithmic_medoid,True,True,1,0.0,1.0,1.0,1.0,0.0,3156,0.012204708756813029,"[""ECFP_609""]"
final,1712,1,ECFP_61,ECFP_61,ECFP_61,algorithmic_medoid,True,True,1,0.0,1.0,1.0,1.0,0.0,3156,0.027105912892898393,"[""ECFP_61""]"
final,1713,1,ECFP_610,ECFP_610,ECFP_610,algorithmic_medoid,True,True,1,0.0,1.0,1.0,1.0,0.0,3156,0.0041021708504612705,"[""ECFP_610""]"
final,1714,1,ECFP_611,ECFP_611,ECFP_611,algorithmic_medoid,True,True,1,0.0,1.0,1.0,1.0,0.0,3156,0.0044163168792699355,"[""ECFP_611""]"
final,1715,1,ECFP_612,ECFP_612,ECFP_612,algorithmic_medoid,True,True,1,0.0,1.0,1.0,1.0,0.0,3156,0.006922256437935427,"[""ECFP_612""]"
final,1716,1,ECFP_613,ECFP_613,ECFP_613,algorithmic_medoid,True,True,1,0.0,1.0,1.0,1.0,0.0,3156,0.005670893030114649,"[""ECFP_613""]"
final,1717,1,ECFP_614,ECFP_614,ECFP_614,algorithmic_medoid,True,True,1,0.0,1.0,1.0,1.0,0.0,3156,0.008793277656496727,"[""ECFP_614""]"
final,1718,1,ECFP_615,ECFP_615,ECFP_615,algorithmic_medoid,True,True,1,0.0,1.0,1.0,1.0,0.0,3156,0.0056708930301146475,"[""ECFP_615""]"
final,1719,1,ECFP_616,ECFP_616,ECFP_616,algorithmic_medoid,True,True,1,0.0,1.0,1.0,1.0,0.0,3156,0.0041021708504612705,"[""ECFP_616""]"
final,1720,1,ECFP_617,ECFP_617,ECFP_617,algorithmic_medoid,True,True,1,0.0,1.0,1.0,1.0,0.0,3156,0.006922256437935429,"[""ECFP_617""]"
final,1721,1,ECFP_618,ECFP_618,ECFP_618,algorithmic_medoid,True,True,1,0.0,1.0,1.0,1.0,0.0,3156,0.0037878240252136076,"[""ECFP_618""]"
final,1722,1,ECFP_619,ECFP_619,ECFP_619,algorithmic_medoid,True,True,1,0.0,1.0,1.0,1.0,0.0,3156,0.005670893030114649,"[""ECFP_619""]"
final,1723,1,ECFP_62,ECFP_62,ECFP_62,algorithmic_medoid,True,True,1,0.0,1.0,1.0,1.0,0.0,3156,0.004730262111639609,"[""ECFP_62""]"
final,1724,1,ECFP_620,ECFP_620,ECFP_620,algorithmic_medoid,True,True,1,0.0,1.0,1.0,1.0,0.0,3156,0.011276728013994708,"[""ECFP_620""]"
final,1725,1,ECFP_621,ECFP_621,ECFP_621,algorithmic_medoid,True,True,1,0.0,1.0,1.0,1.0,0.0,3156,0.013747327399396965,"[""ECFP_621""]"
final,1726,1,ECFP_622,ECFP_622,ECFP_622,algorithmic_medoid,True,True,1,0.0,1.0,1.0,1.0,0.0,3156,0.04412100154051028,"[""ECFP_622""]"
final,1727,1,ECFP_623,ECFP_623,ECFP_623,algorithmic_medoid,True,True,1,0.0,1.0,1.0,1.0,0.0,3156,0.018954681850090197,"[""ECFP_623""]"
final,1728,1,ECFP_624,ECFP_624,ECFP_624,algorithmic_medoid,True,True,1,0.0,1.0,1.0,1.0,0.0,3156,0.023199518570457864,"[""ECFP_624""]"
final,1729,1,ECFP_625,ECFP_625,ECFP_625,algorithmic_medoid,True,True,1,0.0,1.0,1.0,1.0,0.0,3156,0.008793277656496729,"[""ECFP_625""]"
final,1730,1,ECFP_626,ECFP_626,ECFP_626,algorithmic_medoid,True,True,1,0.0,1.0,1.0,1.0,0.0,3156,0.007858670631191559,"[""ECFP_626""]"
final,1731,1,ECFP_627,ECFP_627,ECFP_627,algorithmic_medoid,True,True,1,0.0,1.0,1.0,1.0,0.0,3156,0.007234595298793131,"[""ECFP_627""]"
final,1732,1,ECFP_628,ECFP_628,ECFP_628,algorithmic_medoid,True,True,1,0.0,1.0,1.0,1.0,0.0,3156,0.013747327399396965,"[""ECFP_628""]"
final,1733,1,ECFP_629,ECFP_629,ECFP_629,algorithmic_medoid,True,True,1,0.0,1.0,1.0,1.0,0.0,3156,0.006922256437935427,"[""ECFP_629""]"
final,1734,1,ECFP_63,ECFP_63,ECFP_63,algorithmic_medoid,True,True,1,0.0,1.0,1.0,1.0,0.0,3156,0.0056708930301146475,"[""ECFP_63""]"
final,1735,1,ECFP_630,ECFP_630,ECFP_630,algorithmic_medoid,True,True,1,0.0,1.0,1.0,1.0,0.0,3156,0.0050440065475702844,"[""ECFP_630""]"
final,1736,1,ECFP_631,ECFP_631,ECFP_631,algorithmic_medoid,True,True,1,0.0,1.0,1.0,1.0,0.0,3156,0.007234595298793132,"[""ECFP_631""]"
final,1737,1,ECFP_632,ECFP_632,ECFP_632,algorithmic_medoid,True,True,1,0.0,1.0,1.0,1.0,0.0,3156,0.010657070203254187,"[""ECFP_632""]"
final,1738,1,ECFP_633,ECFP_633,ECFP_633,algorithmic_medoid,True,True,1,0.0,1.0,1.0,1.0,0.0,3156,0.004730262111639609,"[""ECFP_633""]"
final,1739,1,ECFP_634,ECFP_634,ECFP_634,algorithmic_medoid,True,True,1,0.0,1.0,1.0,1.0,0.0,3156,0.0044163168792699355,"[""ECFP_634""]"
final,1740,1,ECFP_635,ECFP_635,ECFP_635,algorithmic_medoid,True,True,1,0.0,1.0,1.0,1.0,0.0,3156,0.006922256437935429,"[""ECFP_635""]"
final,1741,1,ECFP_636,ECFP_636,ECFP_636,algorithmic_medoid,True,True,1,0.0,1.0,1.0,1.0,0.0,3156,0.0037878240252136076,"[""ECFP_636""]"
final,1742,1,ECFP_637,ECFP_637,ECFP_637,algorithmic_medoid,True,True,1,0.0,1.0,1.0,1.0,0.0,3156,0.009415345024505193,"[""ECFP_637""]"
final,1743,1,ECFP_638,ECFP_638,ECFP_638,algorithmic_medoid,True,True,1,0.0,1.0,1.0,1.0,0.0,3156,0.011895582638979248,"[""ECFP_638""]"
final,1744,1,ECFP_639,ECFP_639,ECFP_639,algorithmic_medoid,True,True,1,0.0,1.0,1.0,1.0,0.0,3156,0.017123418326450028,"[""ECFP_639""]"
final,1745,1,ECFP_64,ECFP_64,ECFP_64,algorithmic_medoid,True,True,1,0.0,1.0,1.0,1.0,0.0,3156,0.002843578770836647,"[""ECFP_64""]"
final,1746,1,ECFP_640,ECFP_640,ECFP_640,algorithmic_medoid,True,True,1,0.0,1.0,1.0,1.0,0.0,3156,0.0050440065475702844,"[""ECFP_640""]"
final,1747,1,ECFP_641,ECFP_641,ECFP_641,algorithmic_medoid,True,True,1,0.0,1.0,1.0,1.0,0.0,3156,0.0031585279854012965,"[""ECFP_641""]"
final,1748,1,ECFP_642,ECFP_642,ECFP_642,algorithmic_medoid,True,True,1,0.0,1.0,1.0,1.0,0.0,3156,0.0037878240252136076,"[""ECFP_642""]"
final,1749,1,ECFP_643,ECFP_643,ECFP_643,algorithmic_medoid,True,True,1,0.0,1.0,1.0,1.0,0.0,3156,0.0031585279854012965,"[""ECFP_643""]"
final,1750,1,ECFP_644,ECFP_644,ECFP_644,algorithmic_medoid,True,True,1,0.0,1.0,1.0,1.0,0.0,3156,0.007858670631191559,"[""ECFP_644""]"
final,1751,1,ECFP_645,ECFP_645,ECFP_645,algorithmic_medoid,True,True,1,0.0,1.0,1.0,1.0,0.0,3156,0.003787824025213607,"[""ECFP_645""]"
final,1752,1,ECFP_646,ECFP_646,ECFP_646,algorithmic_medoid,True,True,1,0.0,1.0,1.0,1.0,0.0,3156,0.006922256437935429,"[""ECFP_646""]"
final,1753,1,ECFP_647,ECFP_647,ECFP_647,algorithmic_medoid,True,True,1,0.0,1.0,1.0,1.0,0.0,3156,0.0041021708504612705,"[""ECFP_647""]"
final,1754,1,ECFP_648,ECFP_648,ECFP_648,algorithmic_medoid,True,True,1,0.0,1.0,1.0,1.0,0.0,3156,0.0025284287598330026,"[""ECFP_648""]"
final,1755,1,ECFP_649,ECFP_649,ECFP_649,algorithmic_medoid,True,True,1,0.0,1.0,1.0,1.0,0.0,3156,0.022897621124427926,"[""ECFP_649""]"
final,1756,1,ECFP_65,ECFP_65,ECFP_65,algorithmic_medoid,True,True,1,0.0,1.0,1.0,1.0,0.0,3156,0.006296976326903027,"[""ECFP_65""]"
final,1757,2,MACCS_154,MACCS_154,MACCS_154,algorithmic_medoid,True,True,1,0.13595192917566723,0.8640480708243328,0.8640480708243328,0.8640480708243328,0.0,3156,0.23603169611948838,"[""ECFP_650"", ""MACCS_154""]"
final,1757,2,ECFP_650,MACCS_154,MACCS_154,algorithmic_medoid,False,False,2,0.13595192917566723,0.8640480708243328,0.8640480708243328,0.8640480708243328,0.0,3156,0.21599271349882174,"[""ECFP_650"", ""MACCS_154""]"
final,1758,1,ECFP_651,ECFP_651,ECFP_651,algorithmic_medoid,True,True,1,0.0,1.0,1.0,1.0,0.0,3156,0.00817040710273228,"[""ECFP_651""]"
final,1759,1,ECFP_652,ECFP_652,ECFP_652,algorithmic_medoid,True,True,1,0.0,1.0,1.0,1.0,0.0,3156,0.05209342335439287,"[""ECFP_652""]"
final,1760,1,ECFP_653,ECFP_653,ECFP_653,algorithmic_medoid,True,True,1,0.0,1.0,1.0,1.0,0.0,3156,0.04641490005959638,"[""ECFP_653""]"
final,1761,1,ECFP_654,ECFP_654,ECFP_654,algorithmic_medoid,True,True,1,0.0,1.0,1.0,1.0,0.0,3156,0.016511390780391346,"[""ECFP_654""]"
final,1762,1,ECFP_655,ECFP_655,ECFP_655,algorithmic_medoid,True,True,1,0.0,1.0,1.0,1.0,0.0,3156,0.0025284287598330026,"[""ECFP_655""]"
final,1763,2,ECFP_656,ECFP_656,ECFP_656,algorithmic_medoid,True,True,1,0.027889502564224067,0.9721104974357759,0.9721104974357759,0.9721104974357759,0.0,3156,0.15416698794096906,"[""ECFP_656"", ""MACCS_57""]"
final,1763,2,MACCS_57,ECFP_656,ECFP_656,algorithmic_medoid,False,False,2,0.027889502564224067,0.9721104974357759,0.9721104974357759,0.9721104974357759,0.0,3156,0.1500029717872971,"[""ECFP_656"", ""MACCS_57""]"
final,1764,1,ECFP_657,ECFP_657,ECFP_657,algorithmic_medoid,True,True,1,0.0,1.0,1.0,1.0,0.0,3156,0.0012658207514284654,"[""ECFP_657""]"
final,1765,1,ECFP_658,ECFP_658,ECFP_658,algorithmic_medoid,True,True,1,0.0,1.0,1.0,1.0,0.0,3156,0.017734642686752736,"[""ECFP_658""]"
final,1766,1,ECFP_659,ECFP_659,ECFP_659,algorithmic_medoid,True,True,1,0.0,1.0,1.0,1.0,0.0,3156,0.008793277656496729,"[""ECFP_659""]"
final,1767,1,ECFP_66,ECFP_66,ECFP_66,algorithmic_medoid,True,True,1,0.0,1.0,1.0,1.0,0.0,3156,0.008481942777834001,"[""ECFP_66""]"
final,1768,1,ECFP_660,ECFP_660,ECFP_660,algorithmic_medoid,True,True,1,0.0,1.0,1.0,1.0,0.0,3156,0.0037878240252136085,"[""ECFP_660""]"
final,1769,5,NsI,NsI,NsI,algorithmic_medoid,True,True,1,0.03477168241420869,0.9652283175857913,0.8609274526900479,1.0,0.0,3156,0.03429633297511249,"[""ECFP_661"", ""MACCS_27"", ""NsI"", ""SsI"", ""nI""]"
final,1769,5,nI,NsI,NsI,algorithmic_medoid,False,False,2,0.03477168241420869,0.9652283175857913,0.8609274526900479,1.0,0.0,3156,0.03429633297511249,"[""ECFP_661"", ""MACCS_27"", ""NsI"", ""SsI"", ""nI""]"
final,1769,5,SsI,NsI,NsI,algorithmic_medoid,False,False,3,0.034774251413286605,0.9652257485867134,0.8609243603641415,0.9999964081457774,0.0,3156,0.15698187476148376,"[""ECFP_661"", ""MACCS_27"", ""NsI"", ""SsI"", ""nI""]"
final,1769,5,MACCS_27,NsI,NsI,algorithmic_medoid,False,False,4,0.03477469821542134,0.9652253017845787,0.8609365704324777,0.99998940950734,0.0,3156,0.009104411738720461,"[""ECFP_661"", ""MACCS_27"", ""NsI"", ""SsI"", ""nI""]"
final,1769,5,ECFP_661,NsI,NsI,algorithmic_medoid,False,False,5,0.13907104095582123,0.8609289590441788,0.8609243603641415,0.8609365704324777,0.0,3156,0.012204708756813025,"[""ECFP_661"", ""MACCS_27"", ""NsI"", ""SsI"", ""nI""]"
final,1770,1,ECFP_662,ECFP_662,ECFP_662,algorithmic_medoid,True,True,1,0.0,1.0,1.0,1.0,0.0,3156,0.0025284287598330026,"[""ECFP_662""]"
final,1771,1,ECFP_663,ECFP_663,ECFP_663,algorithmic_medoid,True,True,1,0.0,1.0,1.0,1.0,0.0,3156,0.0050440065475702844,"[""ECFP_663""]"
final,1772,1,ECFP_664,ECFP_664,ECFP_664,algorithmic_medoid,True,True,1,0.0,1.0,1.0,1.0,0.0,3156,0.018039953672245593,"[""ECFP_664""]"
final,1773,1,ECFP_665,ECFP_665,ECFP_665,algorithmic_medoid,True,True,1,0.0,1.0,1.0,1.0,0.0,3156,0.004416316879269936,"[""ECFP_665""]"
final,1774,1,ECFP_666,ECFP_666,ECFP_666,algorithmic_medoid,True,True,1,0.0,1.0,1.0,1.0,0.0,3156,0.019563496653124953,"[""ECFP_666""]"
final,1775,1,ECFP_667,ECFP_667,ECFP_667,algorithmic_medoid,True,True,1,0.0,1.0,1.0,1.0,0.0,3156,0.06457643597565384,"[""ECFP_667""]"
final,1776,1,ECFP_668,ECFP_668,ECFP_668,algorithmic_medoid,True,True,1,0.0,1.0,1.0,1.0,0.0,3156,0.001897526348508725,"[""ECFP_668""]"
final,1777,1,ECFP_669,ECFP_669,ECFP_669,algorithmic_medoid,True,True,1,0.0,1.0,1.0,1.0,0.0,3156,0.0012658207514284652,"[""ECFP_669""]"
final,1778,1,ECFP_67,ECFP_67,ECFP_67,algorithmic_medoid,True,True,1,0.0,1.0,1.0,1.0,0.0,3156,0.01681750495164019,"[""ECFP_67""]"
final,1779,1,ECFP_670,ECFP_670,ECFP_670,algorithmic_medoid,True,True,1,0.0,1.0,1.0,1.0,0.0,3156,0.006296976326903027,"[""ECFP_670""]"
final,1780,1,ECFP_671,ECFP_671,ECFP_671,algorithmic_medoid,True,True,1,0.0,1.0,1.0,1.0,0.0,3156,0.0025284287598330026,"[""ECFP_671""]"
final,1781,1,ECFP_672,ECFP_672,ECFP_672,algorithmic_medoid,True,True,1,0.0,1.0,1.0,1.0,0.0,3156,0.004730262111639609,"[""ECFP_672""]"
final,1782,1,ECFP_673,ECFP_673,ECFP_673,algorithmic_medoid,True,True,1,0.0,1.0,1.0,1.0,0.0,3156,0.022897621124427933,"[""ECFP_673""]"
final,1783,2,MACCS_36,MACCS_36,MACCS_36,algorithmic_medoid,True,True,1,0.08919132398682128,0.9108086760131787,0.9108086760131787,0.9108086760131787,0.0,3156,0.10056729009945045,"[""ECFP_675"", ""MACCS_36""]"
final,1783,2,ECFP_675,MACCS_36,MACCS_36,algorithmic_medoid,False,False,2,0.08919132398682128,0.9108086760131787,0.9108086760131787,0.9108086760131787,0.0,3156,0.09810753372175395,"[""ECFP_675"", ""MACCS_36""]"
final,1784,1,ECFP_676,ECFP_676,ECFP_676,algorithmic_medoid,True,True,1,0.0,1.0,1.0,1.0,0.0,3156,0.008481942777834003,"[""ECFP_676""]"
final,1785,1,ECFP_677,ECFP_677,ECFP_677,algorithmic_medoid,True,True,1,0.0,1.0,1.0,1.0,0.0,3156,0.014670489027679385,"[""ECFP_677""]"
final,1786,1,ECFP_678,ECFP_678,ECFP_678,algorithmic_medoid,True,True,1,0.0,1.0,1.0,1.0,0.0,3156,0.003473276403526949,"[""ECFP_678""]"
final,1787,1,ECFP_679,ECFP_679,ECFP_679,algorithmic_medoid,True,True,1,0.0,1.0,1.0,1.0,0.0,3156,0.06621011580332228,"[""ECFP_679""]"
final,1788,1,ECFP_68,ECFP_68,ECFP_68,algorithmic_medoid,True,True,1,0.0,1.0,1.0,1.0,0.0,3156,0.0044163168792699355,"[""ECFP_68""]"
final,1789,1,ECFP_680,ECFP_680,ECFP_680,algorithmic_medoid,True,True,1,0.0,1.0,1.0,1.0,0.0,3156,0.01925918964982707,"[""ECFP_680""]"
final,1790,1,ECFP_681,ECFP_681,ECFP_681,algorithmic_medoid,True,True,1,0.0,1.0,1.0,1.0,0.0,3156,0.0037878240252136076,"[""ECFP_681""]"
final,1791,1,ECFP_682,ECFP_682,ECFP_682,algorithmic_medoid,True,True,1,0.0,1.0,1.0,1.0,0.0,3156,0.008481942777834001,"[""ECFP_682""]"
final,1792,1,ECFP_683,ECFP_683,ECFP_683,algorithmic_medoid,True,True,1,0.0,1.0,1.0,1.0,0.0,3156,0.002213077952390361,"[""ECFP_683""]"
final,1793,1,ECFP_684,ECFP_684,ECFP_684,algorithmic_medoid,True,True,1,0.0,1.0,1.0,1.0,0.0,3156,0.017123418326450028,"[""ECFP_684""]"
final,1794,1,ECFP_685,ECFP_685,ECFP_685,algorithmic_medoid,True,True,1,0.0,1.0,1.0,1.0,0.0,3156,0.0044163168792699355,"[""ECFP_685""]"
final,1795,1,ECFP_686,ECFP_686,ECFP_686,algorithmic_medoid,True,True,1,0.0,1.0,1.0,1.0,0.0,3156,0.005357550187061961,"[""ECFP_686""]"
final,1796,1,ECFP_687,ECFP_687,ECFP_687,algorithmic_medoid,True,True,1,0.0,1.0,1.0,1.0,0.0,3156,0.01925918964982707,"[""ECFP_687""]"
final,1797,1,ECFP_688,ECFP_688,ECFP_688,algorithmic_medoid,True,True,1,0.0,1.0,1.0,1.0,0.0,3156,0.004416316879269936,"[""ECFP_688""]"
final,1798,1,ECFP_689,ECFP_689,ECFP_689,algorithmic_medoid,True,True,1,0.0,1.0,1.0,1.0,0.0,3156,0.018345063861299454,"[""ECFP_689""]"
final,1799,1,ECFP_69,ECFP_69,ECFP_69,algorithmic_medoid,True,True,1,0.0,1.0,1.0,1.0,0.0,3156,0.012513634078207804,"[""ECFP_69""]"
final,1800,1,ECFP_690,ECFP_690,ECFP_690,algorithmic_medoid,True,True,1,0.0,1.0,1.0,1.0,0.0,3156,0.011586255724706474,"[""ECFP_690""]"
final,1801,1,ECFP_691,ECFP_691,ECFP_691,algorithmic_medoid,True,True,1,0.0,1.0,1.0,1.0,0.0,3156,0.012204708756813025,"[""ECFP_691""]"
final,1802,1,ECFP_692,ECFP_692,ECFP_692,algorithmic_medoid,True,True,1,0.0,1.0,1.0,1.0,0.0,3156,0.02440510039018764,"[""ECFP_692""]"
final,1803,1,ECFP_693,ECFP_693,ECFP_693,algorithmic_medoid,True,True,1,0.0,1.0,1.0,1.0,0.0,3156,0.03452283135829956,"[""ECFP_693""]"
final,1804,1,ECFP_694,ECFP_694,ECFP_694,algorithmic_medoid,True,True,1,0.0,1.0,1.0,1.0,0.0,3156,0.07240558953031305,"[""ECFP_694""]"
final,1805,4,NssO,NssO,NssO,algorithmic_medoid,True,True,1,0.11307392077058953,0.8869260792294105,0.8361852520863347,0.987328288164701,0.0,3156,0.9983794723390856,"[""ECFP_695"", ""MACCS_126"", ""NssO"", ""SssO""]"
final,1805,4,MACCS_126,NssO,NssO,algorithmic_medoid,False,False,2,0.12309368053728464,0.8769063194627154,0.8017713268183779,0.9916829341325727,0.0,3156,0.22706061321626103,"[""ECFP_695"", ""MACCS_126"", ""NssO"", ""SssO""]"
final,1805,4,ECFP_695,NssO,NssO,algorithmic_medoid,False,False,3,0.12321677284315236,0.8767832271568476,0.8024814952516353,0.9916829341325727,0.0,3156,0.22819792424673221,"[""ECFP_695"", ""MACCS_126"", ""NssO"", ""SssO""]"
final,1805,4,SssO,NssO,NssO,algorithmic_medoid,False,False,4,0.13613962992176187,0.8638603700782381,0.8017713268183779,0.987328288164701,0.0,3156,30.367135043381595,"[""ECFP_695"", ""MACCS_126"", ""NssO"", ""SssO""]"
final,1806,1,ECFP_696,ECFP_696,ECFP_696,algorithmic_medoid,True,True,1,0.0,1.0,1.0,1.0,0.0,3156,0.0022130779523903614,"[""ECFP_696""]"
final,1807,1,ECFP_698,ECFP_698,ECFP_698,algorithmic_medoid,True,True,1,0.0,1.0,1.0,1.0,0.0,3156,0.013747327399396964,"[""ECFP_698""]"
final,1808,1,ECFP_699,ECFP_699,ECFP_699,algorithmic_medoid,True,True,1,0.0,1.0,1.0,1.0,0.0,3156,0.06293552747618153,"[""ECFP_699""]"
final,1809,1,ECFP_7,ECFP_7,ECFP_7,algorithmic_medoid,True,True,1,0.0,1.0,1.0,1.0,0.0,3156,0.012204708756813024,"[""ECFP_7""]"
final,1810,1,ECFP_70,ECFP_70,ECFP_70,algorithmic_medoid,True,True,1,0.0,1.0,1.0,1.0,0.0,3156,0.011276728013994708,"[""ECFP_70""]"
final,1811,1,ECFP_700,ECFP_700,ECFP_700,algorithmic_medoid,True,True,1,0.0,1.0,1.0,1.0,0.0,3156,0.004416316879269936,"[""ECFP_700""]"
final,1812,1,ECFP_701,ECFP_701,ECFP_701,algorithmic_medoid,True,True,1,0.0,1.0,1.0,1.0,0.0,3156,0.005984035076728338,"[""ECFP_701""]"
final,1813,1,ECFP_702,ECFP_702,ECFP_702,algorithmic_medoid,True,True,1,0.0,1.0,1.0,1.0,0.0,3156,0.0056708930301146475,"[""ECFP_702""]"
final,1814,1,ECFP_703,ECFP_703,ECFP_703,algorithmic_medoid,True,True,1,0.0,1.0,1.0,1.0,0.0,3156,0.026207449226612434,"[""ECFP_703""]"
final,1815,1,ECFP_704,ECFP_704,ECFP_704,algorithmic_medoid,True,True,1,0.0,1.0,1.0,1.0,0.0,3156,0.006922256437935429,"[""ECFP_704""]"
final,1816,1,ECFP_705,ECFP_705,ECFP_705,algorithmic_medoid,True,True,1,0.0,1.0,1.0,1.0,0.0,3156,0.005044006547570285,"[""ECFP_705""]"
final,1817,1,ECFP_706,ECFP_706,ECFP_706,algorithmic_medoid,True,True,1,0.0,1.0,1.0,1.0,0.0,3156,0.015591843488010843,"[""ECFP_706""]"
final,1818,1,ECFP_707,ECFP_707,ECFP_707,algorithmic_medoid,True,True,1,0.0,1.0,1.0,1.0,0.0,3156,0.003473276403526948,"[""ECFP_707""]"
final,1819,1,ECFP_708,ECFP_708,ECFP_708,algorithmic_medoid,True,True,1,0.0,1.0,1.0,1.0,0.0,3156,0.01405524873859677,"[""ECFP_708""]"
final,1820,1,ECFP_709,ECFP_709,ECFP_709,algorithmic_medoid,True,True,1,0.0,1.0,1.0,1.0,0.0,3156,0.0037878240252136085,"[""ECFP_709""]"
final,1821,1,ECFP_71,ECFP_71,ECFP_71,algorithmic_medoid,True,True,1,0.0,1.0,1.0,1.0,0.0,3156,0.005357550187061961,"[""ECFP_71""]"
final,1822,1,ECFP_710,ECFP_710,ECFP_710,algorithmic_medoid,True,True,1,0.0,1.0,1.0,1.0,0.0,3156,0.0044163168792699355,"[""ECFP_710""]"
final,1823,1,ECFP_711,ECFP_711,ECFP_711,algorithmic_medoid,True,True,1,0.0,1.0,1.0,1.0,0.0,3156,0.012204708756813025,"[""ECFP_711""]"
final,1824,1,ECFP_712,ECFP_712,ECFP_712,algorithmic_medoid,True,True,1,0.0,1.0,1.0,1.0,0.0,3156,0.006296976326903027,"[""ECFP_712""]"
final,1825,1,ECFP_713,ECFP_713,ECFP_713,algorithmic_medoid,True,True,1,0.0,1.0,1.0,1.0,0.0,3156,0.03803837541223509,"[""ECFP_713""]"
final,1826,1,ECFP_714,ECFP_714,ECFP_714,algorithmic_medoid,True,True,1,0.0,1.0,1.0,1.0,0.0,3156,0.0037878240252136076,"[""ECFP_714""]"
final,1827,1,ECFP_715,ECFP_715,ECFP_715,algorithmic_medoid,True,True,1,0.0,1.0,1.0,1.0,0.0,3156,0.06945578944324769,"[""ECFP_715""]"
final,1828,1,ECFP_716,ECFP_716,ECFP_716,algorithmic_medoid,True,True,1,0.0,1.0,1.0,1.0,0.0,3156,0.01528492613100602,"[""ECFP_716""]"
final,1829,1,ECFP_717,ECFP_717,ECFP_717,algorithmic_medoid,True,True,1,0.0,1.0,1.0,1.0,0.0,3156,0.007234595298793132,"[""ECFP_717""]"
final,1830,1,ECFP_718,ECFP_718,ECFP_718,algorithmic_medoid,True,True,1,0.0,1.0,1.0,1.0,0.0,3156,0.07638888888888888,"[""ECFP_718""]"
final,1831,1,ECFP_719,ECFP_719,ECFP_719,algorithmic_medoid,True,True,1,0.0,1.0,1.0,1.0,0.0,3156,0.003158527985401296,"[""ECFP_719""]"
final,1832,1,ECFP_72,ECFP_72,ECFP_72,algorithmic_medoid,True,True,1,0.0,1.0,1.0,1.0,0.0,3156,0.0056708930301146475,"[""ECFP_72""]"
final,1833,1,ECFP_720,ECFP_720,ECFP_720,algorithmic_medoid,True,True,1,0.0,1.0,1.0,1.0,0.0,3156,0.0025284287598330026,"[""ECFP_720""]"
final,1834,1,ECFP_721,ECFP_721,ECFP_721,algorithmic_medoid,True,True,1,0.0,1.0,1.0,1.0,0.0,3156,0.009415345024505197,"[""ECFP_721""]"
final,1835,1,ECFP_722,ECFP_722,ECFP_722,algorithmic_medoid,True,True,1,0.0,1.0,1.0,1.0,0.0,3156,0.008481942777834001,"[""ECFP_722""]"
final,1836,1,ECFP_723,ECFP_723,ECFP_723,algorithmic_medoid,True,True,1,0.0,1.0,1.0,1.0,0.0,3156,0.005357550187061962,"[""ECFP_723""]"
final,1837,1,ECFP_724,ECFP_724,ECFP_724,algorithmic_medoid,True,True,1,0.0,1.0,1.0,1.0,0.0,3156,0.033639427424938265,"[""ECFP_724""]"
final,1838,1,ECFP_725,ECFP_725,ECFP_725,algorithmic_medoid,True,True,1,0.0,1.0,1.0,1.0,0.0,3156,0.03628421772116925,"[""ECFP_725""]"
final,1839,1,ECFP_726,ECFP_726,ECFP_726,algorithmic_medoid,True,True,1,0.0,1.0,1.0,1.0,0.0,3156,0.0037878240252136076,"[""ECFP_726""]"
final,1840,1,ECFP_727,ECFP_727,ECFP_727,algorithmic_medoid,True,True,1,0.0,1.0,1.0,1.0,0.0,3156,0.0025284287598330026,"[""ECFP_727""]"
final,1841,5,nBr,nBr,nBr,algorithmic_medoid,True,True,1,0.029497738358372105,0.9705022616416279,0.8821080517193709,1.0,0.0,3156,0.038178129733776045,"[""ECFP_728"", ""MACCS_46"", ""NsBr"", ""SsBr"", ""nBr""]"
final,1841,5,NsBr,nBr,nBr,algorithmic_medoid,False,False,2,0.029497738358372216,0.9705022616416278,0.8821080517193709,1.0,0.0,3156,0.038178129733776045,"[""ECFP_728"", ""MACCS_46"", ""NsBr"", ""SsBr"", ""nBr""]"
final,1841,5,MACCS_46,nBr,nBr,algorithmic_medoid,False,False,3,0.02950643966692279,0.9704935603330772,0.8821355190895346,0.9999688626412051,0.0,3156,0.023501215220048808,"[""ECFP_728"", ""MACCS_46"", ""NsBr"", ""SsBr"", ""nBr""]"
final,1841,5,SsBr,nBr,nBr,algorithmic_medoid,False,False,4,0.02954663840899785,0.9704533615910022,0.882048184991774,0.9999321322059352,0.0,3156,0.40984828746162294,"[""ECFP_728"", ""MACCS_46"", ""NsBr"", ""SsBr"", ""nBr""]"
final,1841,5,ECFP_728,nBr,nBr,algorithmic_medoid,False,False,5,0.11790004811998744,0.8820999518800126,0.882048184991774,0.8821355190895346,0.0,3156,0.029790460884050494,"[""ECFP_728"", ""MACCS_46"", ""NsBr"", ""SsBr"", ""nBr""]"
final,1842,1,ECFP_729,ECFP_729,ECFP_729,algorithmic_medoid,True,True,1,0.0,1.0,1.0,1.0,0.0,3156,0.0037878240252136076,"[""ECFP_729""]"
final,1843,1,ECFP_73,ECFP_73,ECFP_73,algorithmic_medoid,True,True,1,0.0,1.0,1.0,1.0,0.0,3156,0.003473276403526949,"[""ECFP_73""]"
final,1844,1,ECFP_730,ECFP_730,ECFP_730,algorithmic_medoid,True,True,1,0.0,1.0,1.0,1.0,0.0,3156,0.005357550187061962,"[""ECFP_730""]"
final,1845,1,ECFP_731,ECFP_731,ECFP_731,algorithmic_medoid,True,True,1,0.0,1.0,1.0,1.0,0.0,3156,0.003473276403526948,"[""ECFP_731""]"
final,1846,1,ECFP_732,ECFP_732,ECFP_732,algorithmic_medoid,True,True,1,0.0,1.0,1.0,1.0,0.0,3156,0.011895582638979248,"[""ECFP_732""]"
final,1847,1,ECFP_733,ECFP_733,ECFP_733,algorithmic_medoid,True,True,1,0.0,1.0,1.0,1.0,0.0,3156,0.0015817739481880934,"[""ECFP_733""]"
final,1848,1,ECFP_734,ECFP_734,ECFP_734,algorithmic_medoid,True,True,1,0.0,1.0,1.0,1.0,0.0,3156,0.009104411738720463,"[""ECFP_734""]"
final,1849,1,ECFP_735,ECFP_735,ECFP_735,algorithmic_medoid,True,True,1,0.0,1.0,1.0,1.0,0.0,3156,0.004730262111639609,"[""ECFP_735""]"
final,1850,1,ECFP_736,ECFP_736,ECFP_736,algorithmic_medoid,True,True,1,0.0,1.0,1.0,1.0,0.0,3156,0.04325747645460954,"[""ECFP_736""]"
final,1851,1,ECFP_737,ECFP_737,ECFP_737,algorithmic_medoid,True,True,1,0.0,1.0,1.0,1.0,0.0,3156,0.0044163168792699355,"[""ECFP_737""]"
final,1852,1,ECFP_738,ECFP_738,ECFP_738,algorithmic_medoid,True,True,1,0.0,1.0,1.0,1.0,0.0,3156,0.02410400612991369,"[""ECFP_738""]"
final,1853,1,ECFP_739,ECFP_739,ECFP_739,algorithmic_medoid,True,True,1,0.0,1.0,1.0,1.0,0.0,3156,0.0821493371307956,"[""ECFP_739""]"
final,1854,1,ECFP_74,ECFP_74,ECFP_74,algorithmic_medoid,True,True,1,0.0,1.0,1.0,1.0,0.0,3156,0.056299606760253876,"[""ECFP_74""]"
final,1855,1,ECFP_740,ECFP_740,ECFP_740,algorithmic_medoid,True,True,1,0.0,1.0,1.0,1.0,0.0,3156,0.0044163168792699355,"[""ECFP_740""]"
final,1856,1,ECFP_741,ECFP_741,ECFP_741,algorithmic_medoid,True,True,1,0.0,1.0,1.0,1.0,0.0,3156,0.00473026211163961,"[""ECFP_741""]"
final,1857,1,ECFP_742,ECFP_742,ECFP_742,algorithmic_medoid,True,True,1,0.0,1.0,1.0,1.0,0.0,3156,0.014670489027679387,"[""ECFP_742""]"
final,1858,1,ECFP_743,ECFP_743,ECFP_743,algorithmic_medoid,True,True,1,0.0,1.0,1.0,1.0,0.0,3156,0.004102170850461271,"[""ECFP_743""]"
final,1859,1,ECFP_744,ECFP_744,ECFP_744,algorithmic_medoid,True,True,1,0.0,1.0,1.0,1.0,0.0,3156,0.02650713791181341,"[""ECFP_744""]"
final,1860,1,ECFP_745,ECFP_745,ECFP_745,algorithmic_medoid,True,True,1,0.0,1.0,1.0,1.0,0.0,3156,0.049831652265546054,"[""ECFP_745""]"
final,1861,1,ECFP_746,ECFP_746,ECFP_746,algorithmic_medoid,True,True,1,0.0,1.0,1.0,1.0,0.0,3156,0.003158527985401296,"[""ECFP_746""]"
final,1862,1,ECFP_747,ECFP_747,ECFP_747,algorithmic_medoid,True,True,1,0.0,1.0,1.0,1.0,0.0,3156,0.013130882331680376,"[""ECFP_747""]"
final,1863,1,ECFP_749,ECFP_749,ECFP_749,algorithmic_medoid,True,True,1,0.0,1.0,1.0,1.0,0.0,3156,0.008481942777834003,"[""ECFP_749""]"
final,1864,1,ECFP_75,ECFP_75,ECFP_75,algorithmic_medoid,True,True,1,0.0,1.0,1.0,1.0,0.0,3156,0.01065707020325419,"[""ECFP_75""]"
final,1865,1,ECFP_750,ECFP_750,ECFP_750,algorithmic_medoid,True,True,1,0.0,1.0,1.0,1.0,0.0,3156,0.04181425204932846,"[""ECFP_750""]"
final,1866,1,ECFP_751,ECFP_751,ECFP_751,algorithmic_medoid,True,True,1,0.0,1.0,1.0,1.0,0.0,3156,0.006609716780638728,"[""ECFP_751""]"
final,1867,1,ECFP_752,ECFP_752,ECFP_752,algorithmic_medoid,True,True,1,0.0,1.0,1.0,1.0,0.0,3156,0.003158527985401296,"[""ECFP_752""]"
final,1868,1,ECFP_753,ECFP_753,ECFP_753,algorithmic_medoid,True,True,1,0.0,1.0,1.0,1.0,0.0,3156,0.06539417947346356,"[""ECFP_753""]"
final,1869,1,ECFP_754,ECFP_754,ECFP_754,algorithmic_medoid,True,True,1,0.0,1.0,1.0,1.0,0.0,3156,0.005984035076728338,"[""ECFP_754""]"
final,1870,1,ECFP_755,ECFP_755,ECFP_755,algorithmic_medoid,True,True,1,0.0,1.0,1.0,1.0,0.0,3156,0.00473026211163961,"[""ECFP_755""]"
final,1871,1,ECFP_756,ECFP_756,ECFP_756,algorithmic_medoid,True,True,1,0.0,1.0,1.0,1.0,0.0,3156,0.001897526348508725,"[""ECFP_756""]"
final,1872,1,ECFP_757,ECFP_757,ECFP_757,algorithmic_medoid,True,True,1,0.0,1.0,1.0,1.0,0.0,3156,0.005984035076728338,"[""ECFP_757""]"
final,1873,1,ECFP_758,ECFP_758,ECFP_758,algorithmic_medoid,True,True,1,0.0,1.0,1.0,1.0,0.0,3156,0.008793277656496727,"[""ECFP_758""]"
final,1874,1,ECFP_759,ECFP_759,ECFP_759,algorithmic_medoid,True,True,1,0.0,1.0,1.0,1.0,0.0,3156,0.011895582638979248,"[""ECFP_759""]"
final,1875,1,ECFP_76,ECFP_76,ECFP_76,algorithmic_medoid,True,True,1,0.0,1.0,1.0,1.0,0.0,3156,0.005044006547570285,"[""ECFP_76""]"
final,1876,1,ECFP_760,ECFP_760,ECFP_760,algorithmic_medoid,True,True,1,0.0,1.0,1.0,1.0,0.0,3156,0.03186719805436281,"[""ECFP_760""]"
final,1877,1,ECFP_761,ECFP_761,ECFP_761,algorithmic_medoid,True,True,1,0.0,1.0,1.0,1.0,0.0,3156,0.0037878240252136076,"[""ECFP_761""]"
final,1878,1,ECFP_762,ECFP_762,ECFP_762,algorithmic_medoid,True,True,1,0.0,1.0,1.0,1.0,0.0,3156,0.02380271107320074,"[""ECFP_762""]"
final,1879,1,ECFP_763,ECFP_763,ECFP_763,algorithmic_medoid,True,True,1,0.0,1.0,1.0,1.0,0.0,3156,0.005984035076728338,"[""ECFP_763""]"
final,1880,1,ECFP_764,ECFP_764,ECFP_764,algorithmic_medoid,True,True,1,0.0,1.0,1.0,1.0,0.0,3156,0.006296976326903027,"[""ECFP_764""]"
final,1881,1,ECFP_765,ECFP_765,ECFP_765,algorithmic_medoid,True,True,1,0.0,1.0,1.0,1.0,0.0,3156,0.005984035076728338,"[""ECFP_765""]"
final,1882,1,ECFP_766,ECFP_766,ECFP_766,algorithmic_medoid,True,True,1,0.0,1.0,1.0,1.0,0.0,3156,0.006296976326903027,"[""ECFP_766""]"
final,1883,1,ECFP_767,ECFP_767,ECFP_767,algorithmic_medoid,True,True,1,0.0,1.0,1.0,1.0,0.0,3156,0.0025284287598330026,"[""ECFP_767""]"
final,1884,1,ECFP_768,ECFP_768,ECFP_768,algorithmic_medoid,True,True,1,0.0,1.0,1.0,1.0,0.0,3156,0.002213077952390361,"[""ECFP_768""]"
final,1885,1,ECFP_769,ECFP_769,ECFP_769,algorithmic_medoid,True,True,1,0.0,1.0,1.0,1.0,0.0,3156,0.0044163168792699355,"[""ECFP_769""]"
final,1886,1,ECFP_77,ECFP_77,ECFP_77,algorithmic_medoid,True,True,1,0.0,1.0,1.0,1.0,0.0,3156,0.014362969281357576,"[""ECFP_77""]"
final,1887,1,ECFP_770,ECFP_770,ECFP_770,algorithmic_medoid,True,True,1,0.0,1.0,1.0,1.0,0.0,3156,0.013130882331680376,"[""ECFP_770""]"
final,1888,1,ECFP_771,ECFP_771,ECFP_771,algorithmic_medoid,True,True,1,0.0,1.0,1.0,1.0,0.0,3156,0.012204708756813029,"[""ECFP_771""]"
final,1889,1,ECFP_772,ECFP_772,ECFP_772,algorithmic_medoid,True,True,1,0.0,1.0,1.0,1.0,0.0,3156,0.021990724007704167,"[""ECFP_772""]"
final,1890,1,ECFP_773,ECFP_773,ECFP_773,algorithmic_medoid,True,True,1,0.0,1.0,1.0,1.0,0.0,3156,0.0044163168792699355,"[""ECFP_773""]"
final,1891,1,ECFP_774,ECFP_774,ECFP_774,algorithmic_medoid,True,True,1,0.0,1.0,1.0,1.0,0.0,3156,0.002843578770836647,"[""ECFP_774""]"
final,1892,1,ECFP_775,ECFP_775,ECFP_775,algorithmic_medoid,True,True,1,0.0,1.0,1.0,1.0,0.0,3156,0.010036609206757682,"[""ECFP_775""]"
final,1893,1,ECFP_776,ECFP_776,ECFP_776,algorithmic_medoid,True,True,1,0.0,1.0,1.0,1.0,0.0,3156,0.0044163168792699355,"[""ECFP_776""]"
final,1894,1,ECFP_777,ECFP_777,ECFP_777,algorithmic_medoid,True,True,1,0.0,1.0,1.0,1.0,0.0,3156,0.0009496667582298431,"[""ECFP_777""]"
final,1895,1,ECFP_778,ECFP_778,ECFP_778,algorithmic_medoid,True,True,1,0.0,1.0,1.0,1.0,0.0,3156,0.0044163168792699355,"[""ECFP_778""]"
final,1896,1,ECFP_779,ECFP_779,ECFP_779,algorithmic_medoid,True,True,1,0.0,1.0,1.0,1.0,0.0,3156,0.003473276403526948,"[""ECFP_779""]"
final,1897,1,ECFP_78,ECFP_78,ECFP_78,algorithmic_medoid,True,True,1,0.0,1.0,1.0,1.0,0.0,3156,0.004102170850461271,"[""ECFP_78""]"
final,1898,1,ECFP_780,ECFP_780,ECFP_780,algorithmic_medoid,True,True,1,0.0,1.0,1.0,1.0,0.0,3156,0.009415345024505195,"[""ECFP_780""]"
final,1899,1,ECFP_781,ECFP_781,ECFP_781,algorithmic_medoid,True,True,1,0.0,1.0,1.0,1.0,0.0,3156,0.05629960676025387,"[""ECFP_781""]"
final,1900,1,ECFP_782,ECFP_782,ECFP_782,algorithmic_medoid,True,True,1,0.0,1.0,1.0,1.0,0.0,3156,0.016205075812703508,"[""ECFP_782""]"
final,1901,1,ECFP_783,ECFP_783,ECFP_783,algorithmic_medoid,True,True,1,0.0,1.0,1.0,1.0,0.0,3156,0.004416316879269936,"[""ECFP_783""]"
final,1902,1,ECFP_784,ECFP_784,ECFP_784,algorithmic_medoid,True,True,1,0.0,1.0,1.0,1.0,0.0,3156,0.018039953672245593,"[""ECFP_784""]"
final,1903,1,ECFP_785,ECFP_785,ECFP_785,algorithmic_medoid,True,True,1,0.0,1.0,1.0,1.0,0.0,3156,0.006296976326903027,"[""ECFP_785""]"
final,1904,1,ECFP_786,ECFP_786,ECFP_786,algorithmic_medoid,True,True,1,0.0,1.0,1.0,1.0,0.0,3156,0.026207449226612434,"[""ECFP_786""]"
final,1905,1,ECFP_787,ECFP_787,ECFP_787,algorithmic_medoid,True,True,1,0.0,1.0,1.0,1.0,0.0,3156,0.06621011580332228,"[""ECFP_787""]"
final,1906,1,ECFP_788,ECFP_788,ECFP_788,algorithmic_medoid,True,True,1,0.0,1.0,1.0,1.0,0.0,3156,0.006609716780638727,"[""ECFP_788""]"
final,1907,1,ECFP_789,ECFP_789,ECFP_789,algorithmic_medoid,True,True,1,0.0,1.0,1.0,1.0,0.0,3156,0.008170407102732282,"[""ECFP_789""]"
final,1908,1,ECFP_79,ECFP_79,ECFP_79,algorithmic_medoid,True,True,1,0.0,1.0,1.0,1.0,0.0,3156,0.027105912892898393,"[""ECFP_79""]"
final,1909,1,ECFP_791,ECFP_791,ECFP_791,algorithmic_medoid,True,True,1,0.0,1.0,1.0,1.0,0.0,3156,0.001897526348508725,"[""ECFP_791""]"
final,1910,1,ECFP_792,ECFP_792,ECFP_792,algorithmic_medoid,True,True,1,0.0,1.0,1.0,1.0,0.0,3156,0.006296976326903027,"[""ECFP_792""]"
final,1911,1,ECFP_793,ECFP_793,ECFP_793,algorithmic_medoid,True,True,1,0.0,1.0,1.0,1.0,0.0,3156,0.0025284287598330026,"[""ECFP_793""]"
final,1912,1,ECFP_794,ECFP_794,ECFP_794,algorithmic_medoid,True,True,1,0.0,1.0,1.0,1.0,0.0,3156,0.06293552747618153,"[""ECFP_794""]"
final,1913,1,ECFP_795,ECFP_795,ECFP_795,algorithmic_medoid,True,True,1,0.0,1.0,1.0,1.0,0.0,3156,0.01282235860316359,"[""ECFP_795""]"
final,1914,1,ECFP_796,ECFP_796,ECFP_796,algorithmic_medoid,True,True,1,0.0,1.0,1.0,1.0,0.0,3156,0.00817040710273228,"[""ECFP_796""]"
final,1915,1,ECFP_797,ECFP_797,ECFP_797,algorithmic_medoid,True,True,1,0.0,1.0,1.0,1.0,0.0,3156,0.003473276403526948,"[""ECFP_797""]"
final,1916,1,ECFP_798,ECFP_798,ECFP_798,algorithmic_medoid,True,True,1,0.0,1.0,1.0,1.0,0.0,3156,0.041235556712143046,"[""ECFP_798""]"
final,1917,1,ECFP_799,ECFP_799,ECFP_799,algorithmic_medoid,True,True,1,0.0,1.0,1.0,1.0,0.0,3156,0.0044163168792699355,"[""ECFP_799""]"
final,1918,1,ECFP_8,ECFP_8,ECFP_8,algorithmic_medoid,True,True,1,0.0,1.0,1.0,1.0,0.0,3156,0.01528492613100602,"[""ECFP_8""]"
final,1919,2,MACCS_155,MACCS_155,MACCS_155,algorithmic_medoid,True,True,1,0.0014175115527550464,0.998582488447245,0.998582488447245,0.998582488447245,0.0,3156,0.223475192001555,"[""ECFP_80"", ""MACCS_155""]"
final,1919,2,ECFP_80,MACCS_155,MACCS_155,algorithmic_medoid,False,False,2,0.0014175115527550464,0.998582488447245,0.998582488447245,0.998582488447245,0.0,3156,0.22326837166938945,"[""ECFP_80"", ""MACCS_155""]"
final,1920,1,ECFP_800,ECFP_800,ECFP_800,algorithmic_medoid,True,True,1,0.0,1.0,1.0,1.0,0.0,3156,0.022595522881959002,"[""ECFP_800""]"
final,1921,1,ECFP_801,ECFP_801,ECFP_801,algorithmic_medoid,True,True,1,0.0,1.0,1.0,1.0,0.0,3156,0.0022130779523903614,"[""ECFP_801""]"
final,1922,1,ECFP_802,ECFP_802,ECFP_802,algorithmic_medoid,True,True,1,0.0,1.0,1.0,1.0,0.0,3156,0.03891274350584158,"[""ECFP_802""]"
final,1923,1,ECFP_803,ECFP_803,ECFP_803,algorithmic_medoid,True,True,1,0.0,1.0,1.0,1.0,0.0,3156,0.015898560048576673,"[""ECFP_803""]"
final,1924,1,ECFP_804,ECFP_804,ECFP_804,algorithmic_medoid,True,True,1,0.0,1.0,1.0,1.0,0.0,3156,0.02440510039018764,"[""ECFP_804""]"
final,1925,1,ECFP_805,ECFP_805,ECFP_805,algorithmic_medoid,True,True,1,0.0,1.0,1.0,1.0,0.0,3156,0.005044006547570285,"[""ECFP_805""]"
final,1926,1,ECFP_806,ECFP_806,ECFP_806,algorithmic_medoid,True,True,1,0.0,1.0,1.0,1.0,0.0,3156,0.035404428123709884,"[""ECFP_806""]"
final,1927,1,ECFP_807,ECFP_807,ECFP_807,algorithmic_medoid,True,True,1,0.0,1.0,1.0,1.0,0.0,3156,0.23002918777037243,"[""ECFP_807""]"
final,1928,1,ECFP_808,ECFP_808,ECFP_808,algorithmic_medoid,True,True,1,0.0,1.0,1.0,1.0,0.0,3156,0.0050440065475702844,"[""ECFP_808""]"
final,1929,1,ECFP_809,ECFP_809,ECFP_809,algorithmic_medoid,True,True,1,0.0,1.0,1.0,1.0,0.0,3156,0.026207449226612434,"[""ECFP_809""]"
final,1930,1,ECFP_81,ECFP_81,ECFP_81,algorithmic_medoid,True,True,1,0.0,1.0,1.0,1.0,0.0,3156,0.010036609206757682,"[""ECFP_81""]"
final,1931,1,ECFP_810,ECFP_810,ECFP_810,algorithmic_medoid,True,True,1,0.0,1.0,1.0,1.0,0.0,3156,0.002843578770836647,"[""ECFP_810""]"
final,1932,1,ECFP_811,ECFP_811,ECFP_811,algorithmic_medoid,True,True,1,0.0,1.0,1.0,1.0,0.0,3156,0.011586255724706472,"[""ECFP_811""]"
final,1933,1,ECFP_812,ECFP_812,ECFP_812,algorithmic_medoid,True,True,1,0.0,1.0,1.0,1.0,0.0,3156,0.0037878240252136076,"[""ECFP_812""]"
final,1934,1,ECFP_813,ECFP_813,ECFP_813,algorithmic_medoid,True,True,1,0.0,1.0,1.0,1.0,0.0,3156,0.00473026211163961,"[""ECFP_813""]"
final,1935,1,ECFP_814,ECFP_814,ECFP_814,algorithmic_medoid,True,True,1,0.0,1.0,1.0,1.0,0.0,3156,0.009104411738720463,"[""ECFP_814""]"
final,1936,1,ECFP_815,ECFP_815,ECFP_815,algorithmic_medoid,True,True,1,0.0,1.0,1.0,1.0,0.0,3156,0.010657070203254187,"[""ECFP_815""]"
final,1937,1,ECFP_817,ECFP_817,ECFP_817,algorithmic_medoid,True,True,1,0.0,1.0,1.0,1.0,0.0,3156,0.003473276403526948,"[""ECFP_817""]"
final,1938,1,ECFP_818,ECFP_818,ECFP_818,algorithmic_medoid,True,True,1,0.0,1.0,1.0,1.0,0.0,3156,0.0034732764035269475,"[""ECFP_818""]"
final,1939,1,ECFP_819,ECFP_819,ECFP_819,algorithmic_medoid,True,True,1,0.0,1.0,1.0,1.0,0.0,3156,0.006922256437935427,"[""ECFP_819""]"
final,1940,1,ECFP_82,ECFP_82,ECFP_82,algorithmic_medoid,True,True,1,0.0,1.0,1.0,1.0,0.0,3156,0.007234595298793131,"[""ECFP_82""]"
final,1941,1,ECFP_820,ECFP_820,ECFP_820,algorithmic_medoid,True,True,1,0.0,1.0,1.0,1.0,0.0,3156,0.006609716780638725,"[""ECFP_820""]"
final,1942,1,ECFP_821,ECFP_821,ECFP_821,algorithmic_medoid,True,True,1,0.0,1.0,1.0,1.0,0.0,3156,0.0037878240252136076,"[""ECFP_821""]"
final,1943,1,ECFP_822,ECFP_822,ECFP_822,algorithmic_medoid,True,True,1,0.0,1.0,1.0,1.0,0.0,3156,0.002843578770836647,"[""ECFP_822""]"
final,1944,1,ECFP_823,ECFP_823,ECFP_823,algorithmic_medoid,True,True,1,0.0,1.0,1.0,1.0,0.0,3156,0.010346940103225438,"[""ECFP_823""]"
final,1945,1,ECFP_824,ECFP_824,ECFP_824,algorithmic_medoid,True,True,1,0.0,1.0,1.0,1.0,0.0,3156,0.00785867063119156,"[""ECFP_824""]"
final,1946,1,ECFP_825,ECFP_825,ECFP_825,algorithmic_medoid,True,True,1,0.0,1.0,1.0,1.0,0.0,3156,0.011586255724706474,"[""ECFP_825""]"
final,1947,1,ECFP_826,ECFP_826,ECFP_826,algorithmic_medoid,True,True,1,0.0,1.0,1.0,1.0,0.0,3156,0.005984035076728338,"[""ECFP_826""]"
final,1948,1,ECFP_827,ECFP_827,ECFP_827,algorithmic_medoid,True,True,1,0.0,1.0,1.0,1.0,0.0,3156,0.004730262111639609,"[""ECFP_827""]"
final,1949,1,ECFP_828,ECFP_828,ECFP_828,algorithmic_medoid,True,True,1,0.0,1.0,1.0,1.0,0.0,3156,0.006296976326903027,"[""ECFP_828""]"
final,1950,1,ECFP_829,ECFP_829,ECFP_829,algorithmic_medoid,True,True,1,0.0,1.0,1.0,1.0,0.0,3156,0.007234595298793129,"[""ECFP_829""]"
final,1951,1,ECFP_83,ECFP_83,ECFP_83,algorithmic_medoid,True,True,1,0.0,1.0,1.0,1.0,0.0,3156,0.009104411738720463,"[""ECFP_83""]"
final,1952,1,ECFP_830,ECFP_830,ECFP_830,algorithmic_medoid,True,True,1,0.0,1.0,1.0,1.0,0.0,3156,0.0009496667582298432,"[""ECFP_830""]"
final,1953,1,ECFP_831,ECFP_831,ECFP_831,algorithmic_medoid,True,True,1,0.0,1.0,1.0,1.0,0.0,3156,0.025907559744972455,"[""ECFP_831""]"
final,1954,1,ECFP_832,ECFP_832,ECFP_832,algorithmic_medoid,True,True,1,0.0,1.0,1.0,1.0,0.0,3156,0.02380271107320074,"[""ECFP_832""]"
final,1955,1,ECFP_833,ECFP_833,ECFP_833,algorithmic_medoid,True,True,1,0.0,1.0,1.0,1.0,0.0,3156,0.026207449226612438,"[""ECFP_833""]"
final,1956,1,ECFP_834,ECFP_834,ECFP_834,algorithmic_medoid,True,True,1,0.0,1.0,1.0,1.0,0.0,3156,0.010346940103225438,"[""ECFP_834""]"
final,1957,1,ECFP_835,ECFP_835,ECFP_835,algorithmic_medoid,True,True,1,0.0,1.0,1.0,1.0,0.0,3156,0.02410400612991369,"[""ECFP_835""]"
final,1958,1,ECFP_836,ECFP_836,ECFP_836,algorithmic_medoid,True,True,1,0.0,1.0,1.0,1.0,0.0,3156,0.010966999506843949,"[""ECFP_836""]"
final,1959,1,ECFP_837,ECFP_837,ECFP_837,algorithmic_medoid,True,True,1,0.0,1.0,1.0,1.0,0.0,3156,0.01003660920675768,"[""ECFP_837""]"
final,1960,1,ECFP_839,ECFP_839,ECFP_839,algorithmic_medoid,True,True,1,0.0,1.0,1.0,1.0,0.0,3156,0.005670893030114649,"[""ECFP_839""]"
final,1961,1,ECFP_84,ECFP_84,ECFP_84,algorithmic_medoid,True,True,1,0.0,1.0,1.0,1.0,0.0,3156,0.06810693936429453,"[""ECFP_84""]"
final,1962,1,ECFP_840,ECFP_840,ECFP_840,algorithmic_medoid,True,True,1,0.0,1.0,1.0,1.0,0.0,3156,0.010966999506843949,"[""ECFP_840""]"
final,1963,1,ECFP_841,ECFP_841,ECFP_841,algorithmic_medoid,True,True,1,0.0,1.0,1.0,1.0,0.0,3156,0.13825427174344318,"[""ECFP_841""]"
final,1964,1,ECFP_842,ECFP_842,ECFP_842,algorithmic_medoid,True,True,1,0.0,1.0,1.0,1.0,0.0,3156,0.00410217085046127,"[""ECFP_842""]"
final,1965,1,ECFP_843,ECFP_843,ECFP_843,algorithmic_medoid,True,True,1,0.0,1.0,1.0,1.0,0.0,3156,0.045842630208458815,"[""ECFP_843""]"
final,1966,1,ECFP_844,ECFP_844,ECFP_844,algorithmic_medoid,True,True,1,0.0,1.0,1.0,1.0,0.0,3156,0.014362969281357576,"[""ECFP_844""]"
final,1967,1,ECFP_845,ECFP_845,ECFP_845,algorithmic_medoid,True,True,1,0.0,1.0,1.0,1.0,0.0,3156,0.01096699950684395,"[""ECFP_845""]"
final,1968,1,ECFP_846,ECFP_846,ECFP_846,algorithmic_medoid,True,True,1,0.0,1.0,1.0,1.0,0.0,3156,0.018039953672245593,"[""ECFP_846""]"
final,1969,1,ECFP_847,ECFP_847,ECFP_847,algorithmic_medoid,True,True,1,0.0,1.0,1.0,1.0,0.0,3156,0.008793277656496729,"[""ECFP_847""]"
final,1970,1,ECFP_848,ECFP_848,ECFP_848,algorithmic_medoid,True,True,1,0.0,1.0,1.0,1.0,0.0,3156,0.006296976326903028,"[""ECFP_848""]"
final,1971,1,ECFP_849,ECFP_849,ECFP_849,algorithmic_medoid,True,True,1,0.0,1.0,1.0,1.0,0.0,3156,0.039494651586050915,"[""ECFP_849""]"
final,1972,1,ECFP_85,ECFP_85,ECFP_85,algorithmic_medoid,True,True,1,0.0,1.0,1.0,1.0,0.0,3156,0.0034732764035269475,"[""ECFP_85""]"
final,1973,1,ECFP_850,ECFP_850,ECFP_850,algorithmic_medoid,True,True,1,0.0,1.0,1.0,1.0,0.0,3156,0.003473276403526949,"[""ECFP_850""]"
final,1974,1,ECFP_851,ECFP_851,ECFP_851,algorithmic_medoid,True,True,1,0.0,1.0,1.0,1.0,0.0,3156,0.0018975263485087248,"[""ECFP_851""]"
final,1975,1,ECFP_852,ECFP_852,ECFP_852,algorithmic_medoid,True,True,1,0.0,1.0,1.0,1.0,0.0,3156,0.00817040710273228,"[""ECFP_852""]"
final,1976,1,ECFP_853,ECFP_853,ECFP_853,algorithmic_medoid,True,True,1,0.0,1.0,1.0,1.0,0.0,3156,0.0012658207514284654,"[""ECFP_853""]"
final,1977,1,ECFP_854,ECFP_854,ECFP_854,algorithmic_medoid,True,True,1,0.0,1.0,1.0,1.0,0.0,3156,0.007858670631191559,"[""ECFP_854""]"
final,1978,1,ECFP_855,ECFP_855,ECFP_855,algorithmic_medoid,True,True,1,0.0,1.0,1.0,1.0,0.0,3156,0.011276728013994708,"[""ECFP_855""]"
final,1979,1,ECFP_856,ECFP_856,ECFP_856,algorithmic_medoid,True,True,1,0.0,1.0,1.0,1.0,0.0,3156,0.004730262111639609,"[""ECFP_856""]"
final,1980,1,ECFP_857,ECFP_857,ECFP_857,algorithmic_medoid,True,True,1,0.0,1.0,1.0,1.0,0.0,3156,0.017123418326450028,"[""ECFP_857""]"
final,1981,1,ECFP_858,ECFP_858,ECFP_858,algorithmic_medoid,True,True,1,0.0,1.0,1.0,1.0,0.0,3156,0.006922256437935429,"[""ECFP_858""]"
final,1982,1,ECFP_859,ECFP_859,ECFP_859,algorithmic_medoid,True,True,1,0.0,1.0,1.0,1.0,0.0,3156,0.016511390780391346,"[""ECFP_859""]"
final,1983,1,ECFP_86,ECFP_86,ECFP_86,algorithmic_medoid,True,True,1,0.0,1.0,1.0,1.0,0.0,3156,0.002843578770836647,"[""ECFP_86""]"
final,1984,1,ECFP_860,ECFP_860,ECFP_860,algorithmic_medoid,True,True,1,0.0,1.0,1.0,1.0,0.0,3156,0.0025284287598330026,"[""ECFP_860""]"
final,1985,1,ECFP_861,ECFP_861,ECFP_861,algorithmic_medoid,True,True,1,0.0,1.0,1.0,1.0,0.0,3156,0.006609716780638727,"[""ECFP_861""]"
final,1986,1,ECFP_862,ECFP_862,ECFP_862,algorithmic_medoid,True,True,1,0.0,1.0,1.0,1.0,0.0,3156,0.006609716780638728,"[""ECFP_862""]"
final,1987,1,ECFP_863,ECFP_863,ECFP_863,algorithmic_medoid,True,True,1,0.0,1.0,1.0,1.0,0.0,3156,0.0025284287598330026,"[""ECFP_863""]"
final,1988,1,ECFP_864,ECFP_864,ECFP_864,algorithmic_medoid,True,True,1,0.0,1.0,1.0,1.0,0.0,3156,0.008793277656496729,"[""ECFP_864""]"
final,1989,1,ECFP_865,ECFP_865,ECFP_865,algorithmic_medoid,True,True,1,0.0,1.0,1.0,1.0,0.0,3156,0.006922256437935427,"[""ECFP_865""]"
final,1990,1,ECFP_866,ECFP_866,ECFP_866,algorithmic_medoid,True,True,1,0.0,1.0,1.0,1.0,0.0,3156,0.007858670631191559,"[""ECFP_866""]"
final,1991,1,ECFP_867,ECFP_867,ECFP_867,algorithmic_medoid,True,True,1,0.0,1.0,1.0,1.0,0.0,3156,0.0037878240252136076,"[""ECFP_867""]"
final,1992,1,ECFP_868,ECFP_868,ECFP_868,algorithmic_medoid,True,True,1,0.0,1.0,1.0,1.0,0.0,3156,0.0041021708504612705,"[""ECFP_868""]"
final,1993,1,ECFP_869,ECFP_869,ECFP_869,algorithmic_medoid,True,True,1,0.0,1.0,1.0,1.0,0.0,3156,0.0044163168792699355,"[""ECFP_869""]"
final,1994,1,ECFP_87,ECFP_87,ECFP_87,algorithmic_medoid,True,True,1,0.0,1.0,1.0,1.0,0.0,3156,0.014055248738596768,"[""ECFP_87""]"
final,1995,1,ECFP_870,ECFP_870,ECFP_870,algorithmic_medoid,True,True,1,0.0,1.0,1.0,1.0,0.0,3156,0.005357550187061962,"[""ECFP_870""]"
final,1996,1,ECFP_871,ECFP_871,ECFP_871,algorithmic_medoid,True,True,1,0.0,1.0,1.0,1.0,0.0,3156,0.007234595298793131,"[""ECFP_871""]"
final,1997,1,ECFP_872,ECFP_872,ECFP_872,algorithmic_medoid,True,True,1,0.0,1.0,1.0,1.0,0.0,3156,0.011895582638979245,"[""ECFP_872""]"
final,1998,1,ECFP_873,ECFP_873,ECFP_873,algorithmic_medoid,True,True,1,0.0,1.0,1.0,1.0,0.0,3156,0.013130882331680376,"[""ECFP_873""]"
final,1999,1,ECFP_874,ECFP_874,ECFP_874,algorithmic_medoid,True,True,1,0.0,1.0,1.0,1.0,0.0,3156,0.0037878240252136076,"[""ECFP_874""]"
final,2000,1,ECFP_875,ECFP_875,ECFP_875,algorithmic_medoid,True,True,1,0.0,1.0,1.0,1.0,0.0,3156,0.22490044512554608,"[""ECFP_875""]"
final,2001,1,ECFP_876,ECFP_876,ECFP_876,algorithmic_medoid,True,True,1,0.0,1.0,1.0,1.0,0.0,3156,0.0044163168792699355,"[""ECFP_876""]"
final,2002,1,ECFP_877,ECFP_877,ECFP_877,algorithmic_medoid,True,True,1,0.0,1.0,1.0,1.0,0.0,3156,0.003473276403526949,"[""ECFP_877""]"
final,2003,1,ECFP_878,ECFP_878,ECFP_878,algorithmic_medoid,True,True,1,0.0,1.0,1.0,1.0,0.0,3156,0.015898560048576676,"[""ECFP_878""]"
final,2004,1,ECFP_879,ECFP_879,ECFP_879,algorithmic_medoid,True,True,1,0.0,1.0,1.0,1.0,0.0,3156,0.018345063861299454,"[""ECFP_879""]"
final,2005,1,ECFP_88,ECFP_88,ECFP_88,algorithmic_medoid,True,True,1,0.0,1.0,1.0,1.0,0.0,3156,0.015898560048576676,"[""ECFP_88""]"
final,2006,1,ECFP_880,ECFP_880,ECFP_880,algorithmic_medoid,True,True,1,0.0,1.0,1.0,1.0,0.0,3156,0.005670893030114649,"[""ECFP_880""]"
final,2007,1,ECFP_881,ECFP_881,ECFP_881,algorithmic_medoid,True,True,1,0.0,1.0,1.0,1.0,0.0,3156,0.13740530439936968,"[""ECFP_881""]"
final,2008,1,ECFP_882,ECFP_882,ECFP_882,algorithmic_medoid,True,True,1,0.0,1.0,1.0,1.0,0.0,3156,0.011895582638979248,"[""ECFP_882""]"
final,2009,1,ECFP_883,ECFP_883,ECFP_883,algorithmic_medoid,True,True,1,0.0,1.0,1.0,1.0,0.0,3156,0.018649973253914324,"[""ECFP_883""]"
final,2010,1,ECFP_884,ECFP_884,ECFP_884,algorithmic_medoid,True,True,1,0.0,1.0,1.0,1.0,0.0,3156,0.010036609206757682,"[""ECFP_884""]"
final,2011,1,ECFP_885,ECFP_885,ECFP_885,algorithmic_medoid,True,True,1,0.0,1.0,1.0,1.0,0.0,3156,0.014670489027679385,"[""ECFP_885""]"
final,2012,1,ECFP_886,ECFP_886,ECFP_886,algorithmic_medoid,True,True,1,0.0,1.0,1.0,1.0,0.0,3156,0.006922256437935429,"[""ECFP_886""]"
final,2013,1,ECFP_887,ECFP_887,ECFP_887,algorithmic_medoid,True,True,1,0.0,1.0,1.0,1.0,0.0,3156,0.005984035076728338,"[""ECFP_887""]"
final,2014,1,ECFP_888,ECFP_888,ECFP_888,algorithmic_medoid,True,True,1,0.0,1.0,1.0,1.0,0.0,3156,0.028002569391233387,"[""ECFP_888""]"
final,2015,1,ECFP_889,ECFP_889,ECFP_889,algorithmic_medoid,True,True,1,0.0,1.0,1.0,1.0,0.0,3156,0.008793277656496729,"[""ECFP_889""]"
final,2016,1,ECFP_89,ECFP_89,ECFP_89,algorithmic_medoid,True,True,1,0.0,1.0,1.0,1.0,0.0,3156,0.020475212884384628,"[""ECFP_89""]"
final,2017,1,ECFP_890,ECFP_890,ECFP_890,algorithmic_medoid,True,True,1,0.0,1.0,1.0,1.0,0.0,3156,0.03275421632362603,"[""ECFP_890""]"
final,2018,1,ECFP_891,ECFP_891,ECFP_891,algorithmic_medoid,True,True,1,0.0,1.0,1.0,1.0,0.0,3156,0.003158527985401296,"[""ECFP_891""]"
final,2019,1,ECFP_892,ECFP_892,ECFP_892,algorithmic_medoid,True,True,1,0.0,1.0,1.0,1.0,0.0,3156,0.016817504951640187,"[""ECFP_892""]"
final,2020,1,ECFP_893,ECFP_893,ECFP_893,algorithmic_medoid,True,True,1,0.0,1.0,1.0,1.0,0.0,3156,0.01681750495164019,"[""ECFP_893""]"
final,2021,1,ECFP_894,ECFP_894,ECFP_894,algorithmic_medoid,True,True,1,0.0,1.0,1.0,1.0,0.0,3156,0.009104411738720463,"[""ECFP_894""]"
final,2022,1,ECFP_895,ECFP_895,ECFP_895,algorithmic_medoid,True,True,1,0.0,1.0,1.0,1.0,0.0,3156,0.010346940103225438,"[""ECFP_895""]"
final,2023,1,ECFP_896,ECFP_896,ECFP_896,algorithmic_medoid,True,True,1,0.0,1.0,1.0,1.0,0.0,3156,0.02410400612991369,"[""ECFP_896""]"
final,2024,1,ECFP_897,ECFP_897,ECFP_897,algorithmic_medoid,True,True,1,0.0,1.0,1.0,1.0,0.0,3156,0.014670489027679385,"[""ECFP_897""]"
final,2025,1,ECFP_898,ECFP_898,ECFP_898,algorithmic_medoid,True,True,1,0.0,1.0,1.0,1.0,0.0,3156,0.018039953672245597,"[""ECFP_898""]"
final,2026,1,ECFP_899,ECFP_899,ECFP_899,algorithmic_medoid,True,True,1,0.0,1.0,1.0,1.0,0.0,3156,0.01065707020325419,"[""ECFP_899""]"
final,2027,1,ECFP_9,ECFP_9,ECFP_9,algorithmic_medoid,True,True,1,0.0,1.0,1.0,1.0,0.0,3156,0.014055248738596768,"[""ECFP_9""]"
final,2028,1,ECFP_90,ECFP_90,ECFP_90,algorithmic_medoid,True,True,1,0.0,1.0,1.0,1.0,0.0,3156,0.031571123705063764,"[""ECFP_90""]"
final,2029,1,ECFP_900,ECFP_900,ECFP_900,algorithmic_medoid,True,True,1,0.0,1.0,1.0,1.0,0.0,3156,0.009104411738720463,"[""ECFP_900""]"
final,2030,1,ECFP_901,ECFP_901,ECFP_901,algorithmic_medoid,True,True,1,0.0,1.0,1.0,1.0,0.0,3156,0.005984035076728338,"[""ECFP_901""]"
final,2031,1,ECFP_902,ECFP_902,ECFP_902,algorithmic_medoid,True,True,1,0.0,1.0,1.0,1.0,0.0,3156,0.005357550187061961,"[""ECFP_902""]"
final,2032,1,ECFP_903,ECFP_903,ECFP_903,algorithmic_medoid,True,True,1,0.0,1.0,1.0,1.0,0.0,3156,0.006609716780638725,"[""ECFP_903""]"
final,2033,1,ECFP_904,ECFP_904,ECFP_904,algorithmic_medoid,True,True,1,0.0,1.0,1.0,1.0,0.0,3156,0.0041021708504612705,"[""ECFP_904""]"
final,2034,1,ECFP_905,ECFP_905,ECFP_905,algorithmic_medoid,True,True,1,0.0,1.0,1.0,1.0,0.0,3156,0.005357550187061962,"[""ECFP_905""]"
final,2035,1,ECFP_906,ECFP_906,ECFP_906,algorithmic_medoid,True,True,1,0.0,1.0,1.0,1.0,0.0,3156,0.011276728013994708,"[""ECFP_906""]"
final,2036,1,ECFP_907,ECFP_907,ECFP_907,algorithmic_medoid,True,True,1,0.0,1.0,1.0,1.0,0.0,3156,0.006922256437935427,"[""ECFP_907""]"
final,2037,1,ECFP_908,ECFP_908,ECFP_908,algorithmic_medoid,True,True,1,0.0,1.0,1.0,1.0,0.0,3156,0.023501215220048804,"[""ECFP_908""]"
final,2038,1,ECFP_909,ECFP_909,ECFP_909,algorithmic_medoid,True,True,1,0.0,1.0,1.0,1.0,0.0,3156,0.017429130904820882,"[""ECFP_909""]"
final,2039,1,ECFP_91,ECFP_91,ECFP_91,algorithmic_medoid,True,True,1,0.0,1.0,1.0,1.0,0.0,3156,0.008481942777834001,"[""ECFP_91""]"
final,2040,1,ECFP_910,ECFP_910,ECFP_910,algorithmic_medoid,True,True,1,0.0,1.0,1.0,1.0,0.0,3156,0.014055248738596768,"[""ECFP_910""]"
final,2041,1,ECFP_911,ECFP_911,ECFP_911,algorithmic_medoid,True,True,1,0.0,1.0,1.0,1.0,0.0,3156,0.009726077513850934,"[""ECFP_911""]"
final,2042,1,ECFP_912,ECFP_912,ECFP_912,algorithmic_medoid,True,True,1,0.0,1.0,1.0,1.0,0.0,3156,0.0031585279854012965,"[""ECFP_912""]"
final,2043,1,ECFP_913,ECFP_913,ECFP_913,algorithmic_medoid,True,True,1,0.0,1.0,1.0,1.0,0.0,3156,0.011276728013994708,"[""ECFP_913""]"
final,2044,1,ECFP_914,ECFP_914,ECFP_914,algorithmic_medoid,True,True,1,0.0,1.0,1.0,1.0,0.0,3156,0.01681750495164019,"[""ECFP_914""]"
final,2045,1,ECFP_915,ECFP_915,ECFP_915,algorithmic_medoid,True,True,1,0.0,1.0,1.0,1.0,0.0,3156,0.014055248738596768,"[""ECFP_915""]"
final,2046,1,ECFP_916,ECFP_916,ECFP_916,algorithmic_medoid,True,True,1,0.0,1.0,1.0,1.0,0.0,3156,0.007858670631191559,"[""ECFP_916""]"
final,2047,1,ECFP_917,ECFP_917,ECFP_917,algorithmic_medoid,True,True,1,0.0,1.0,1.0,1.0,0.0,3156,0.032458744363643946,"[""ECFP_917""]"
final,2048,1,ECFP_918,ECFP_918,ECFP_918,algorithmic_medoid,True,True,1,0.0,1.0,1.0,1.0,0.0,3156,0.013747327399396965,"[""ECFP_918""]"
final,2049,1,ECFP_919,ECFP_919,ECFP_919,algorithmic_medoid,True,True,1,0.0,1.0,1.0,1.0,0.0,3156,0.003473276403526948,"[""ECFP_919""]"
final,2050,1,ECFP_92,ECFP_92,ECFP_92,algorithmic_medoid,True,True,1,0.0,1.0,1.0,1.0,0.0,3156,0.023802711073200748,"[""ECFP_92""]"
final,2051,1,ECFP_920,ECFP_920,ECFP_920,algorithmic_medoid,True,True,1,0.0,1.0,1.0,1.0,0.0,3156,0.001897526348508725,"[""ECFP_920""]"
final,2052,1,ECFP_921,ECFP_921,ECFP_921,algorithmic_medoid,True,True,1,0.0,1.0,1.0,1.0,0.0,3156,0.0044163168792699355,"[""ECFP_921""]"
final,2053,1,ECFP_922,ECFP_922,ECFP_922,algorithmic_medoid,True,True,1,0.0,1.0,1.0,1.0,0.0,3156,0.0044163168792699355,"[""ECFP_922""]"
final,2054,1,ECFP_923,ECFP_923,ECFP_923,algorithmic_medoid,True,True,1,0.0,1.0,1.0,1.0,0.0,3156,0.0015817739481880934,"[""ECFP_923""]"
final,2055,1,ECFP_924,ECFP_924,ECFP_924,algorithmic_medoid,True,True,1,0.0,1.0,1.0,1.0,0.0,3156,0.005670893030114649,"[""ECFP_924""]"
final,2056,1,ECFP_925,ECFP_925,ECFP_925,algorithmic_medoid,True,True,1,0.0,1.0,1.0,1.0,0.0,3156,0.01003660920675768,"[""ECFP_925""]"
final,2057,1,ECFP_926,ECFP_926,ECFP_926,algorithmic_medoid,True,True,1,0.0,1.0,1.0,1.0,0.0,3156,0.2436243114690107,"[""ECFP_926""]"
final,2058,1,ECFP_927,ECFP_927,ECFP_927,algorithmic_medoid,True,True,1,0.0,1.0,1.0,1.0,0.0,3156,0.018039953672245593,"[""ECFP_927""]"
final,2059,1,ECFP_928,ECFP_928,ECFP_928,algorithmic_medoid,True,True,1,0.0,1.0,1.0,1.0,0.0,3156,0.0031585279854012965,"[""ECFP_928""]"
final,2060,1,ECFP_929,ECFP_929,ECFP_929,algorithmic_medoid,True,True,1,0.0,1.0,1.0,1.0,0.0,3156,0.0031585279854012965,"[""ECFP_929""]"
final,2061,1,ECFP_93,ECFP_93,ECFP_93,algorithmic_medoid,True,True,1,0.0,1.0,1.0,1.0,0.0,3156,0.0018975263485087248,"[""ECFP_93""]"
final,2062,1,ECFP_930,ECFP_930,ECFP_930,algorithmic_medoid,True,True,1,0.0,1.0,1.0,1.0,0.0,3156,0.00473026211163961,"[""ECFP_930""]"
final,2063,1,ECFP_931,ECFP_931,ECFP_931,algorithmic_medoid,True,True,1,0.0,1.0,1.0,1.0,0.0,3156,0.005984035076728338,"[""ECFP_931""]"
final,2064,1,ECFP_932,ECFP_932,ECFP_932,algorithmic_medoid,True,True,1,0.0,1.0,1.0,1.0,0.0,3156,0.04239214420075789,"[""ECFP_932""]"
final,2065,1,ECFP_933,ECFP_933,ECFP_933,algorithmic_medoid,True,True,1,0.0,1.0,1.0,1.0,0.0,3156,0.004730262111639609,"[""ECFP_933""]"
final,2066,1,ECFP_934,ECFP_934,ECFP_934,algorithmic_medoid,True,True,1,0.0,1.0,1.0,1.0,0.0,3156,0.008481942777834001,"[""ECFP_934""]"
final,2067,2,ECFP_935,ECFP_935,ECFP_935,algorithmic_medoid,True,True,1,0.1318740185199353,0.8681259814800647,0.8681259814800647,0.8681259814800647,0.0,3156,0.24742980558085592,"[""ECFP_935"", ""MACCS_75""]"
final,2067,2,MACCS_75,ECFP_935,ECFP_935,algorithmic_medoid,False,False,2,0.1318740185199353,0.8681259814800647,0.8681259814800647,0.8681259814800647,0.0,3156,0.24059911231910247,"[""ECFP_935"", ""MACCS_75""]"
final,2068,1,ECFP_936,ECFP_936,ECFP_936,algorithmic_medoid,True,True,1,0.0,1.0,1.0,1.0,0.0,3156,0.021990724007704167,"[""ECFP_936""]"
final,2069,1,ECFP_937,ECFP_937,ECFP_937,algorithmic_medoid,True,True,1,0.0,1.0,1.0,1.0,0.0,3156,0.011895582638979245,"[""ECFP_937""]"
final,2070,1,ECFP_938,ECFP_938,ECFP_938,algorithmic_medoid,True,True,1,0.0,1.0,1.0,1.0,0.0,3156,0.003158527985401296,"[""ECFP_938""]"
final,2071,1,ECFP_939,ECFP_939,ECFP_939,algorithmic_medoid,True,True,1,0.0,1.0,1.0,1.0,0.0,3156,0.0041021708504612705,"[""ECFP_939""]"
final,2072,1,ECFP_94,ECFP_94,ECFP_94,algorithmic_medoid,True,True,1,0.0,1.0,1.0,1.0,0.0,3156,0.039494651586050915,"[""ECFP_94""]"
final,2073,1,ECFP_940,ECFP_940,ECFP_940,algorithmic_medoid,True,True,1,0.0,1.0,1.0,1.0,0.0,3156,0.036577079327444376,"[""ECFP_940""]"
final,2074,1,ECFP_941,ECFP_941,ECFP_941,algorithmic_medoid,True,True,1,0.0,1.0,1.0,1.0,0.0,3156,0.00817040710273228,"[""ECFP_941""]"
final,2075,1,ECFP_942,ECFP_942,ECFP_942,algorithmic_medoid,True,True,1,0.0,1.0,1.0,1.0,0.0,3156,0.010036609206757682,"[""ECFP_942""]"
final,2076,1,ECFP_943,ECFP_943,ECFP_943,algorithmic_medoid,True,True,1,0.0,1.0,1.0,1.0,0.0,3156,0.004730262111639609,"[""ECFP_943""]"
final,2077,1,ECFP_944,ECFP_944,ECFP_944,algorithmic_medoid,True,True,1,0.0,1.0,1.0,1.0,0.0,3156,0.01065707020325419,"[""ECFP_944""]"
final,2078,1,ECFP_945,ECFP_945,ECFP_945,algorithmic_medoid,True,True,1,0.0,1.0,1.0,1.0,0.0,3156,0.003473276403526949,"[""ECFP_945""]"
final,2079,1,ECFP_946,ECFP_946,ECFP_946,algorithmic_medoid,True,True,1,0.0,1.0,1.0,1.0,0.0,3156,0.018345063861299454,"[""ECFP_946""]"
final,2080,1,ECFP_947,ECFP_947,ECFP_947,algorithmic_medoid,True,True,1,0.0,1.0,1.0,1.0,0.0,3156,0.017429130904820882,"[""ECFP_947""]"
final,2081,1,ECFP_948,ECFP_948,ECFP_948,algorithmic_medoid,True,True,1,0.0,1.0,1.0,1.0,0.0,3156,0.0041021708504612705,"[""ECFP_948""]"
final,2082,1,ECFP_949,ECFP_949,ECFP_949,algorithmic_medoid,True,True,1,0.0,1.0,1.0,1.0,0.0,3156,0.033639427424938265,"[""ECFP_949""]"
final,2083,1,ECFP_95,ECFP_95,ECFP_95,algorithmic_medoid,True,True,1,0.0,1.0,1.0,1.0,0.0,3156,0.00817040710273228,"[""ECFP_95""]"
final,2084,1,ECFP_950,ECFP_950,ECFP_950,algorithmic_medoid,True,True,1,0.0,1.0,1.0,1.0,0.0,3156,0.04325747645460955,"[""ECFP_950""]"
final,2085,1,ECFP_951,ECFP_951,ECFP_951,algorithmic_medoid,True,True,1,0.0,1.0,1.0,1.0,0.0,3156,0.0025284287598330026,"[""ECFP_951""]"
final,2086,1,ECFP_952,ECFP_952,ECFP_952,algorithmic_medoid,True,True,1,0.0,1.0,1.0,1.0,0.0,3156,0.005984035076728335,"[""ECFP_952""]"
final,2087,1,ECFP_953,ECFP_953,ECFP_953,algorithmic_medoid,True,True,1,0.0,1.0,1.0,1.0,0.0,3156,0.019867602859983843,"[""ECFP_953""]"
final,2088,1,ECFP_954,ECFP_954,ECFP_954,algorithmic_medoid,True,True,1,0.0,1.0,1.0,1.0,0.0,3156,0.005357550187061961,"[""ECFP_954""]"
final,2089,1,ECFP_955,ECFP_955,ECFP_955,algorithmic_medoid,True,True,1,0.0,1.0,1.0,1.0,0.0,3156,0.011895582638979248,"[""ECFP_955""]"
final,2090,1,ECFP_956,ECFP_956,ECFP_956,algorithmic_medoid,True,True,1,0.0,1.0,1.0,1.0,0.0,3156,0.006609716780638727,"[""ECFP_956""]"
final,2091,1,ECFP_957,ECFP_957,ECFP_957,algorithmic_medoid,True,True,1,0.0,1.0,1.0,1.0,0.0,3156,0.0037878240252136076,"[""ECFP_957""]"
final,2092,1,ECFP_958,ECFP_958,ECFP_958,algorithmic_medoid,True,True,1,0.0,1.0,1.0,1.0,0.0,3156,0.0044163168792699355,"[""ECFP_958""]"
final,2093,1,ECFP_959,ECFP_959,ECFP_959,algorithmic_medoid,True,True,1,0.0,1.0,1.0,1.0,0.0,3156,0.007858670631191559,"[""ECFP_959""]"
final,2094,1,ECFP_96,ECFP_96,ECFP_96,algorithmic_medoid,True,True,1,0.0,1.0,1.0,1.0,0.0,3156,0.005357550187061962,"[""ECFP_96""]"
final,2095,1,ECFP_960,ECFP_960,ECFP_960,algorithmic_medoid,True,True,1,0.0,1.0,1.0,1.0,0.0,3156,0.015898560048576673,"[""ECFP_960""]"
final,2096,1,ECFP_961,ECFP_961,ECFP_961,algorithmic_medoid,True,True,1,0.0,1.0,1.0,1.0,0.0,3156,0.014362969281357574,"[""ECFP_961""]"
final,2097,1,ECFP_962,ECFP_962,ECFP_962,algorithmic_medoid,True,True,1,0.0,1.0,1.0,1.0,0.0,3156,0.0018975263485087248,"[""ECFP_962""]"
final,2098,1,ECFP_963,ECFP_963,ECFP_963,algorithmic_medoid,True,True,1,0.0,1.0,1.0,1.0,0.0,3156,0.005984035076728338,"[""ECFP_963""]"
final,2099,1,ECFP_964,ECFP_964,ECFP_964,algorithmic_medoid,True,True,1,0.0,1.0,1.0,1.0,0.0,3156,0.011276728013994706,"[""ECFP_964""]"
final,2100,1,ECFP_965,ECFP_965,ECFP_965,algorithmic_medoid,True,True,1,0.0,1.0,1.0,1.0,0.0,3156,0.010036609206757682,"[""ECFP_965""]"
final,2101,1,ECFP_966,ECFP_966,ECFP_966,algorithmic_medoid,True,True,1,0.0,1.0,1.0,1.0,0.0,3156,0.0037878240252136076,"[""ECFP_966""]"
final,2102,1,ECFP_967,ECFP_967,ECFP_967,algorithmic_medoid,True,True,1,0.0,1.0,1.0,1.0,0.0,3156,0.04094590784889184,"[""ECFP_967""]"
final,2103,1,ECFP_968,ECFP_968,ECFP_968,algorithmic_medoid,True,True,1,0.0,1.0,1.0,1.0,0.0,3156,0.005984035076728338,"[""ECFP_968""]"
final,2104,1,ECFP_969,ECFP_969,ECFP_969,algorithmic_medoid,True,True,1,0.0,1.0,1.0,1.0,0.0,3156,0.008793277656496729,"[""ECFP_969""]"
final,2105,3,NdS,NdS,NdS,algorithmic_medoid,True,True,1,0.08077706126940876,0.9192229387305912,0.8384723184578586,0.9999735590033237,0.0,3156,0.013764595893150591,"[""ECFP_97"", ""NdS"", ""SdS""]"
final,2105,3,SdS,NdS,NdS,algorithmic_medoid,False,False,2,0.0807881462913016,0.9192118537086984,0.8384501484140731,0.9999735590033237,0.0,3156,0.3428266985966785,"[""ECFP_97"", ""NdS"", ""SdS""]"
final,2105,3,ECFP_97,NdS,NdS,algorithmic_medoid,False,False,3,0.1615387665640342,0.8384612334359658,0.8384501484140731,0.8384723184578586,0.0,3156,0.018039953672245593,"[""ECFP_97"", ""NdS"", ""SdS""]"
final,2106,1,ECFP_970,ECFP_970,ECFP_970,algorithmic_medoid,True,True,1,0.0,1.0,1.0,1.0,0.0,3156,0.013747327399396965,"[""ECFP_970""]"
final,2107,1,ECFP_971,ECFP_971,ECFP_971,algorithmic_medoid,True,True,1,0.0,1.0,1.0,1.0,0.0,3156,0.007546733363211846,"[""ECFP_971""]"
final,2108,1,ECFP_972,ECFP_972,ECFP_972,algorithmic_medoid,True,True,1,0.0,1.0,1.0,1.0,0.0,3156,0.003158527985401296,"[""ECFP_972""]"
final,2109,1,ECFP_973,ECFP_973,ECFP_973,algorithmic_medoid,True,True,1,0.0,1.0,1.0,1.0,0.0,3156,0.010036609206757682,"[""ECFP_973""]"
final,2110,1,ECFP_974,ECFP_974,ECFP_974,algorithmic_medoid,True,True,1,0.0,1.0,1.0,1.0,0.0,3156,0.04296923316643133,"[""ECFP_974""]"
final,2111,1,ECFP_975,ECFP_975,ECFP_975,algorithmic_medoid,True,True,1,0.0,1.0,1.0,1.0,0.0,3156,0.00567089303011465,"[""ECFP_975""]"
final,2112,1,ECFP_976,ECFP_976,ECFP_976,algorithmic_medoid,True,True,1,0.0,1.0,1.0,1.0,0.0,3156,0.002843578770836647,"[""ECFP_976""]"
final,2113,1,ECFP_977,ECFP_977,ECFP_977,algorithmic_medoid,True,True,1,0.0,1.0,1.0,1.0,0.0,3156,0.00473026211163961,"[""ECFP_977""]"
final,2114,1,ECFP_978,ECFP_978,ECFP_978,algorithmic_medoid,True,True,1,0.0,1.0,1.0,1.0,0.0,3156,0.018954681850090194,"[""ECFP_978""]"
final,2115,1,ECFP_979,ECFP_979,ECFP_979,algorithmic_medoid,True,True,1,0.0,1.0,1.0,1.0,0.0,3156,0.011586255724706476,"[""ECFP_979""]"
final,2116,1,ECFP_98,ECFP_98,ECFP_98,algorithmic_medoid,True,True,1,0.0,1.0,1.0,1.0,0.0,3156,0.005670893030114649,"[""ECFP_98""]"
final,2117,1,ECFP_980,ECFP_980,ECFP_980,algorithmic_medoid,True,True,1,0.0,1.0,1.0,1.0,0.0,3156,0.018954681850090194,"[""ECFP_980""]"
final,2118,1,ECFP_981,ECFP_981,ECFP_981,algorithmic_medoid,True,True,1,0.0,1.0,1.0,1.0,0.0,3156,0.025006686521418547,"[""ECFP_981""]"
final,2119,1,ECFP_982,ECFP_982,ECFP_982,algorithmic_medoid,True,True,1,0.0,1.0,1.0,1.0,0.0,3156,0.00473026211163961,"[""ECFP_982""]"
final,2120,1,ECFP_983,ECFP_983,ECFP_983,algorithmic_medoid,True,True,1,0.0,1.0,1.0,1.0,0.0,3156,0.003473276403526948,"[""ECFP_983""]"
final,2121,1,ECFP_984,ECFP_984,ECFP_984,algorithmic_medoid,True,True,1,0.0,1.0,1.0,1.0,0.0,3156,0.052938274371466976,"[""ECFP_984""]"
final,2122,1,ECFP_985,ECFP_985,ECFP_985,algorithmic_medoid,True,True,1,0.0,1.0,1.0,1.0,0.0,3156,0.005357550187061962,"[""ECFP_985""]"
final,2123,1,ECFP_986,ECFP_986,ECFP_986,algorithmic_medoid,True,True,1,0.0,1.0,1.0,1.0,0.0,3156,0.0015817739481880934,"[""ECFP_986""]"
final,2124,1,ECFP_987,ECFP_987,ECFP_987,algorithmic_medoid,True,True,1,0.0,1.0,1.0,1.0,0.0,3156,0.028599336407928402,"[""ECFP_987""]"
final,2125,1,ECFP_988,ECFP_988,ECFP_988,algorithmic_medoid,True,True,1,0.0,1.0,1.0,1.0,0.0,3156,0.004102170850461271,"[""ECFP_988""]"
final,2126,1,ECFP_989,ECFP_989,ECFP_989,algorithmic_medoid,True,True,1,0.0,1.0,1.0,1.0,0.0,3156,0.011895582638979248,"[""ECFP_989""]"
final,2127,1,ECFP_99,ECFP_99,ECFP_99,algorithmic_medoid,True,True,1,0.0,1.0,1.0,1.0,0.0,3156,0.004730262111639609,"[""ECFP_99""]"
final,2128,1,ECFP_990,ECFP_990,ECFP_990,algorithmic_medoid,True,True,1,0.0,1.0,1.0,1.0,0.0,3156,0.011586255724706476,"[""ECFP_990""]"
final,2129,1,ECFP_991,ECFP_991,ECFP_991,algorithmic_medoid,True,True,1,0.0,1.0,1.0,1.0,0.0,3156,0.0044163168792699355,"[""ECFP_991""]"
final,2130,1,ECFP_992,ECFP_992,ECFP_992,algorithmic_medoid,True,True,1,0.0,1.0,1.0,1.0,0.0,3156,0.005357550187061961,"[""ECFP_992""]"
final,2131,1,ECFP_993,ECFP_993,ECFP_993,algorithmic_medoid,True,True,1,0.0,1.0,1.0,1.0,0.0,3156,0.009415345024505193,"[""ECFP_993""]"
final,2132,1,ECFP_994,ECFP_994,ECFP_994,algorithmic_medoid,True,True,1,0.0,1.0,1.0,1.0,0.0,3156,0.010036609206757682,"[""ECFP_994""]"
final,2133,1,ECFP_995,ECFP_995,ECFP_995,algorithmic_medoid,True,True,1,0.0,1.0,1.0,1.0,0.0,3156,0.0012658207514284654,"[""ECFP_995""]"
final,2134,1,ECFP_996,ECFP_996,ECFP_996,algorithmic_medoid,True,True,1,0.0,1.0,1.0,1.0,0.0,3156,0.0050440065475702844,"[""ECFP_996""]"
final,2135,1,ECFP_997,ECFP_997,ECFP_997,algorithmic_medoid,True,True,1,0.0,1.0,1.0,1.0,0.0,3156,0.0050440065475702844,"[""ECFP_997""]"
final,2136,1,ECFP_998,ECFP_998,ECFP_998,algorithmic_medoid,True,True,1,0.0,1.0,1.0,1.0,0.0,3156,0.01282235860316359,"[""ECFP_998""]"
final,2137,1,ECFP_999,ECFP_999,ECFP_999,algorithmic_medoid,True,True,1,0.0,1.0,1.0,1.0,0.0,3156,0.0056708930301146475,"[""ECFP_999""]"
final,2138,1,EState_VSA1,EState_VSA1,EState_VSA1,algorithmic_medoid,True,True,1,0.0,1.0,1.0,1.0,0.0,3156,224.45034280154567,"[""EState_VSA1""]"
final,2139,1,EState_VSA10,EState_VSA10,EState_VSA10,algorithmic_medoid,True,True,1,0.0,1.0,1.0,1.0,0.0,3156,59.75989577726213,"[""EState_VSA10""]"
final,2140,1,EState_VSA2,EState_VSA2,EState_VSA2,algorithmic_medoid,True,True,1,0.0,1.0,1.0,1.0,0.0,3156,123.17567158981247,"[""EState_VSA2""]"
final,2141,1,EState_VSA3,EState_VSA3,EState_VSA3,algorithmic_medoid,True,True,1,0.0,1.0,1.0,1.0,0.0,3156,129.64523215447102,"[""EState_VSA3""]"
final,2142,1,EState_VSA4,EState_VSA4,EState_VSA4,algorithmic_medoid,True,True,1,0.0,1.0,1.0,1.0,0.0,3156,290.13751453680396,"[""EState_VSA4""]"
final,2143,1,EState_VSA5,EState_VSA5,EState_VSA5,algorithmic_medoid,True,True,1,0.0,1.0,1.0,1.0,0.0,3156,165.72342973886524,"[""EState_VSA5""]"
final,2144,1,EState_VSA6,EState_VSA6,EState_VSA6,algorithmic_medoid,True,True,1,0.0,1.0,1.0,1.0,0.0,3156,172.0080188268649,"[""EState_VSA6""]"
final,2145,1,EState_VSA7,EState_VSA7,EState_VSA7,algorithmic_medoid,True,True,1,0.0,1.0,1.0,1.0,0.0,3156,301.9016715351016,"[""EState_VSA7""]"
final,2146,1,EState_VSA8,EState_VSA8,EState_VSA8,algorithmic_medoid,True,True,1,0.0,1.0,1.0,1.0,0.0,3156,364.6823036984698,"[""EState_VSA8""]"
final,2147,1,EState_VSA9,EState_VSA9,EState_VSA9,algorithmic_medoid,True,True,1,0.0,1.0,1.0,1.0,0.0,3156,80.56633204379503,"[""EState_VSA9""]"
final,2148,1,FCSP3,FCSP3,FCSP3,algorithmic_medoid,True,True,1,0.0,1.0,1.0,1.0,0.0,3156,0.052863222963517094,"[""FCSP3""]"
final,2149,4,WNSA4,WNSA4,WNSA4,algorithmic_medoid,True,True,1,0.06804976031217436,0.9319502396878256,0.9047468086347005,0.9689853152338637,0.0,3156,10.465827146396853,"[""FNSA2"", ""PNSA1"", ""PNSA4"", ""WNSA4""]"
final,2149,4,FNSA2,WNSA4,WNSA4,algorithmic_medoid,False,False,2,0.07524262872078802,0.924757371279212,0.8666589716322722,0.9689853152338637,0.0,3156,0.11655753776636746,"[""FNSA2"", ""PNSA1"", ""PNSA4"", ""WNSA4""]"
final,2149,4,PNSA4,WNSA4,WNSA4,algorithmic_medoid,False,False,3,0.0971801002287741,0.9028198997712259,0.8477132771472647,0.9386278269714999,0.0,3156,23.237193888242004,"[""FNSA2"", ""PNSA1"", ""PNSA4"", ""WNSA4""]"
final,2149,4,PNSA1,WNSA4,WNSA4,algorithmic_medoid,False,False,4,0.12696031419525422,0.8730396858047458,0.8477132771472647,0.9047468086347005,0.0,3156,4083.3495144126296,"[""FNSA2"", ""PNSA1"", ""PNSA4"", ""WNSA4""]"
final,2150,2,FNSA3,FNSA3,FNSA3,algorithmic_medoid,True,True,1,0.1824668494350904,0.8175331505649096,0.8175331505649096,0.8175331505649096,0.0,3156,0.0007370589476480053,"[""FNSA3"", ""FNSA4""]"
final,2150,2,FNSA4,FNSA3,FNSA3,algorithmic_medoid,False,False,2,0.1824668494350904,0.8175331505649096,0.8175331505649096,0.8175331505649096,0.0,3156,0.00010476963079065472,"[""FNSA3"", ""FNSA4""]"
final,2151,1,FPSA3,FPSA3,FPSA3,algorithmic_medoid,True,True,1,0.0,1.0,1.0,1.0,0.0,3156,0.0001012647105516256,"[""FPSA3""]"
final,2152,1,FPSA4,FPSA4,FPSA4,algorithmic_medoid,True,True,1,0.0,1.0,1.0,1.0,0.0,3156,6.565546279853855e-05,"[""FPSA4""]"
final,2153,1,FilterItLogS,FilterItLogS,FilterItLogS,algorithmic_medoid,True,True,1,0.0,1.0,1.0,1.0,0.0,3156,2.335964649752671,"[""FilterItLogS""]"
final,2154,3,Xc-3d,Xc-3d,Xc-3d,algorithmic_medoid,True,True,1,0.0772271623883275,0.9227728376116725,0.8891906562751828,0.9563550189481622,0.0,3156,0.9574039078790592,"[""GGI1"", ""Xc-3d"", ""Xc-3dv""]"
final,2154,3,GGI1,Xc-3d,Xc-3d,algorithmic_medoid,False,False,2,0.10120989077244924,0.8987901092275508,0.8412251995069394,0.9563550189481622,0.0,3156,5.603247797062268,"[""GGI1"", ""Xc-3d"", ""Xc-3dv""]"
final,2154,3,Xc-3dv,Xc-3d,Xc-3d,algorithmic_medoid,False,False,3,0.13479207210893884,0.8652079278910612,0.8412251995069394,0.8891906562751828,0.0,3156,0.532841138790432,"[""GGI1"", ""Xc-3d"", ""Xc-3dv""]"
final,2155,11,SRW10,SRW10,SRW10,algorithmic_medoid,True,True,1,0.04215715011386423,0.9578428498861358,0.9059163521120346,0.9933907026752608,0.0,3156,0.6641403315347656,"[""GGI2"", ""GGI3"", ""GGI4"", ""MWC07"", ""MWC08"", ""MWC09"", ""MWC10"", ""SRW10"", ""Xpc-4d"", ""Xpc-5d"", ""Xpc-6d""]"
final,2155,11,Xpc-5d,SRW10,SRW10,algorithmic_medoid,False,False,2,0.04278126671007776,0.9572187332899222,0.9153226273260154,0.988905042559878,0.0,3156,19.121336018297576,"[""GGI2"", ""GGI3"", ""GGI4"", ""MWC07"", ""MWC08"", ""MWC09"", ""MWC10"", ""SRW10"", ""Xpc-4d"", ""Xpc-5d"", ""Xpc-6d""]"
final,2155,11,MWC08,SRW10,SRW10,algorithmic_medoid,False,False,3,0.04423214484579907,0.9557678551542009,0.8950260834012191,0.9990711957474268,0.0,3156,0.778224707250813,"[""GGI2"", ""GGI3"", ""GGI4"", ""MWC07"", ""MWC08"", ""MWC09"", ""MWC10"", ""SRW10"", ""Xpc-4d"", ""Xpc-5d"", ""Xpc-6d""]"
final,2155,11,Xpc-6d,SRW10,SRW10,algorithmic_medoid,False,False,4,0.04534793945392668,0.9546520605460733,0.9090954573772266,0.988905042559878,0.0,3156,65.34812996298739,"[""GGI2"", ""GGI3"", ""GGI4"", ""MWC07"", ""MWC08"", ""MWC09"", ""MWC10"", ""SRW10"", ""Xpc-4d"", ""Xpc-5d"", ""Xpc-6d""]"
final,2155,11,MWC09,SRW10,SRW10,algorithmic_medoid,False,False,5,0.04535189161256792,0.9546481083874321,0.8898138311382636,0.9993182789336938,0.0,3156,0.9213624087095116,"[""GGI2"", ""GGI3"", ""GGI4"", ""MWC07"", ""MWC08"", ""MWC09"", ""MWC10"", ""SRW10"", ""Xpc-4d"", ""Xpc-5d"", ""Xpc-6d""]"
final,2155,11,MWC07,SRW10,SRW10,algorithmic_medoid,False,False,6,0.046345293372236696,0.9536547066277633,0.8981046065946765,0.9987707836468774,0.0,3156,0.6671145942951724,"[""GGI2"", ""GGI3"", ""GGI4"", ""MWC07"", ""MWC08"", ""MWC09"", ""MWC10"", ""SRW10"", ""Xpc-4d"", ""Xpc-5d"", ""Xpc-6d""]"
final,2155,11,MWC10,SRW10,SRW10,algorithmic_medoid,False,False,7,0.046767548115044355,0.9532324518849556,0.8849218208844714,0.9993182789336938,0.0,3156,1.0552797211275953,"[""GGI2"", ""GGI3"", ""GGI4"", ""MWC07"", ""MWC08"", ""MWC09"", ""MWC10"", ""SRW10"", ""Xpc-4d"", ""Xpc-5d"", ""Xpc-6d""]"
final,2155,11,Xpc-4d,SRW10,SRW10,algorithmic_medoid,False,False,8,0.07009358369098595,0.929906416309014,0.8994920980992145,0.9738671439918397,0.0,3156,5.544491346617039,"[""GGI2"", ""GGI3"", ""GGI4"", ""MWC07"", ""MWC08"", ""MWC09"", ""MWC10"", ""SRW10"", ""Xpc-4d"", ""Xpc-5d"", ""Xpc-6d""]"
final,2155,11,GGI3,SRW10,SRW10,algorithmic_medoid,False,False,9,0.0891066434896024,0.9108933565103976,0.8826140910321899,0.9549250995026434,0.0,3156,1.7652112427079538,"[""GGI2"", ""GGI3"", ""GGI4"", ""MWC07"", ""MWC08"", ""MWC09"", ""MWC10"", ""SRW10"", ""Xpc-4d"", ""Xpc-5d"", ""Xpc-6d""]"
final,2155,11,GGI4,SRW10,SRW10,algorithmic_medoid,False,False,10,0.09097755804326702,0.909022441956733,0.8753562346710164,0.9280404158903317,0.0,3156,1.0764667966217194,"[""GGI2"", ""GGI3"", ""GGI4"", ""MWC07"", ""MWC08"", ""MWC09"", ""MWC10"", ""SRW10"", ""Xpc-4d"", ""Xpc-5d"", ""Xpc-6d""]"
final,2155,11,GGI2,SRW10,SRW10,algorithmic_medoid,False,False,11,0.09342796407814158,0.9065720359218584,0.8753562346710164,0.9738671439918397,0.0,3156,2.992392271619734,"[""GGI2"", ""GGI3"", ""GGI4"", ""MWC07"", ""MWC08"", ""MWC09"", ""MWC10"", ""SRW10"", ""Xpc-4d"", ""Xpc-5d"", ""Xpc-6d""]"
final,2156,2,GeomShapeIndex,GeomShapeIndex,GeomShapeIndex,algorithmic_medoid,True,True,1,0.0,1.0,1.0,1.0,0.0,3156,0.012155095208164152,"[""GeomPetitjeanIndex"", ""GeomShapeIndex""]"
final,2156,2,GeomPetitjeanIndex,GeomShapeIndex,GeomShapeIndex,algorithmic_medoid,False,False,2,0.0,1.0,1.0,1.0,0.0,3156,0.0013405661745081157,"[""GeomPetitjeanIndex"", ""GeomShapeIndex""]"
final,2157,1,GhoseFilter,GhoseFilter,GhoseFilter,algorithmic_medoid,True,True,1,0.0,1.0,1.0,1.0,0.0,3156,0.12428526507539506,"[""GhoseFilter""]"
final,2158,1,IC1,IC1,IC1,algorithmic_medoid,True,True,1,0.0,1.0,1.0,1.0,0.0,3156,0.231116387322311,"[""IC1""]"
final,2159,1,IC2,IC2,IC2,algorithmic_medoid,True,True,1,0.0,1.0,1.0,1.0,0.0,3156,0.36044348246508195,"[""IC2""]"
final,2160,3,IC4,IC4,IC4,algorithmic_medoid,True,True,1,0.015631142094946426,0.9843688579050536,0.9754912730957822,0.9932464427143248,0.0,3156,0.4503059127794982,"[""IC3"", ""IC4"", ""IC5""]"
final,2160,3,IC5,IC4,IC4,algorithmic_medoid,False,False,2,0.023504078937721107,0.9764959210622789,0.959745399410233,0.9932464427143248,0.0,3156,0.45430555926232113,"[""IC3"", ""IC4"", ""IC5""]"
final,2160,3,IC3,IC4,IC4,algorithmic_medoid,False,False,3,0.03238166374699247,0.9676183362530075,0.959745399410233,0.9754912730957822,0.0,3156,0.4399980793786923,"[""IC3"", ""IC4"", ""IC5""]"
final,2161,2,JGT10,JGT10,JGT10,algorithmic_medoid,True,True,1,0.06801871130378634,0.9319812886962137,0.9319812886962137,0.9319812886962137,0.0,3156,0.014197821644672622,"[""JGI1"", ""JGT10""]"
final,2161,2,JGI1,JGT10,JGT10,algorithmic_medoid,False,False,2,0.06801871130378634,0.9319812886962137,0.9319812886962137,0.9319812886962137,0.0,3156,0.006077206922985594,"[""JGI1"", ""JGT10""]"
final,2162,1,JGI10,JGI10,JGI10,algorithmic_medoid,True,True,1,0.0,1.0,1.0,1.0,0.0,3156,2.037908901187641e-05,"[""JGI10""]"
final,2163,1,JGI2,JGI2,JGI2,algorithmic_medoid,True,True,1,0.0,1.0,1.0,1.0,0.0,3156,0.0006907178808398959,"[""JGI2""]"
final,2164,1,JGI3,JGI3,JGI3,algorithmic_medoid,True,True,1,0.0,1.0,1.0,1.0,0.0,3156,0.00036610608470225215,"[""JGI3""]"
final,2165,1,JGI4,JGI4,JGI4,algorithmic_medoid,True,True,1,0.0,1.0,1.0,1.0,0.0,3156,0.00018779267584211634,"[""JGI4""]"
final,2166,1,JGI5,JGI5,JGI5,algorithmic_medoid,True,True,1,0.0,1.0,1.0,1.0,0.0,3156,9.756446138224815e-05,"[""JGI5""]"
final,2167,1,JGI6,JGI6,JGI6,algorithmic_medoid,True,True,1,0.0,1.0,1.0,1.0,0.0,3156,5.9365288420254664e-05,"[""JGI6""]"
final,2168,1,JGI7,JGI7,JGI7,algorithmic_medoid,True,True,1,0.0,1.0,1.0,1.0,0.0,3156,4.535841567446797e-05,"[""JGI7""]"
final,2169,1,JGI8,JGI8,JGI8,algorithmic_medoid,True,True,1,0.0,1.0,1.0,1.0,0.0,3156,3.464650717681079e-05,"[""JGI8""]"
final,2170,1,JGI9,JGI9,JGI9,algorithmic_medoid,True,True,1,0.0,1.0,1.0,1.0,0.0,3156,2.7490767768098093e-05,"[""JGI9""]"
final,2171,1,Lipinski,Lipinski,Lipinski,algorithmic_medoid,True,True,1,0.0,1.0,1.0,1.0,0.0,3156,0.04440844164293251,"[""Lipinski""]"
final,2172,1,MACCS_100,MACCS_100,MACCS_100,algorithmic_medoid,True,True,1,0.0,1.0,1.0,1.0,0.0,3156,0.2448720605409296,"[""MACCS_100""]"
final,2173,3,nFRing,nFRing,nFRing,algorithmic_medoid,True,True,1,0.05303027525465609,0.9469697247453439,0.9260850621454337,0.9678543873452541,0.0,3156,0.314362487369904,"[""MACCS_101"", ""MACCS_105"", ""nFRing""]"
final,2173,3,MACCS_105,nFRing,nFRing,algorithmic_medoid,False,False,2,0.05583229552390079,0.9441677044760992,0.9204810216069444,0.9678543873452541,0.0,3156,0.24977822033312932,"[""MACCS_101"", ""MACCS_105"", ""nFRing""]"
final,2173,3,MACCS_101,nFRing,nFRing,algorithmic_medoid,False,False,3,0.07671695812381096,0.923283041876189,0.9204810216069444,0.9260850621454337,0.0,3156,0.2494352600153248,"[""MACCS_101"", ""MACCS_105"", ""nFRing""]"
final,2174,2,MACCS_102,MACCS_102,MACCS_102,algorithmic_medoid,True,True,1,0.19440870392579757,0.8055912960742024,0.8055912960742024,0.8055912960742024,0.0,3156,0.1371925605722538,"[""MACCS_102"", ""MACCS_130""]"
final,2174,2,MACCS_130,MACCS_102,MACCS_102,algorithmic_medoid,False,False,2,0.19440870392579757,0.8055912960742024,0.8055912960742024,0.8055912960742024,0.0,3156,0.12315929904372705,"[""MACCS_102"", ""MACCS_130""]"
final,2175,1,MACCS_104,MACCS_104,MACCS_104,algorithmic_medoid,True,True,1,0.0,1.0,1.0,1.0,0.0,3156,0.24149817837470544,"[""MACCS_104""]"
final,2176,1,MACCS_106,MACCS_106,MACCS_106,algorithmic_medoid,True,True,1,0.0,1.0,1.0,1.0,0.0,3156,0.18066890514536862,"[""MACCS_106""]"
final,2177,4,MACCS_134,MACCS_134,MACCS_134,algorithmic_medoid,True,True,1,0.05421233991763097,0.945787660082369,0.8822713124886615,0.9811817324653567,0.0,3156,0.21783682799455767,"[""MACCS_107"", ""MACCS_134"", ""MACCS_87"", ""nX""]"
final,2177,4,MACCS_107,MACCS_134,MACCS_134,algorithmic_medoid,False,False,2,0.054517335512173304,0.9454826644878267,0.9059064709337323,0.9739099352930888,0.0,3156,0.21361528366111343,"[""MACCS_107"", ""MACCS_134"", ""MACCS_87"", ""nX""]"
final,2177,4,nX,MACCS_134,MACCS_134,algorithmic_medoid,False,False,3,0.07937304537900858,0.9206269546209914,0.8240675441609586,0.9811817324653567,0.0,3156,1.0224133001135705,"[""MACCS_107"", ""MACCS_134"", ""MACCS_87"", ""nX""]"
final,2177,4,MACCS_87,MACCS_134,MACCS_134,algorithmic_medoid,False,False,4,0.12925155747221595,0.870748442527784,0.8240675441609586,0.9059064709337323,0.0,3156,0.1964977888296138,"[""MACCS_107"", ""MACCS_134"", ""MACCS_87"", ""nX""]"
final,2178,1,MACCS_108,MACCS_108,MACCS_108,algorithmic_medoid,True,True,1,0.0,1.0,1.0,1.0,0.0,3156,0.2251008399716636,"[""MACCS_108""]"
final,2179,1,MACCS_109,MACCS_109,MACCS_109,algorithmic_medoid,True,True,1,0.0,1.0,1.0,1.0,0.0,3156,0.19487324523991958,"[""MACCS_109""]"
final,2180,6,MACCS_11,MACCS_11,MACCS_11,algorithmic_medoid,True,True,1,0.07910423233193364,0.9208957676680664,0.8681727100885243,0.9999779164554243,0.0,3156,0.04325747645460955,"[""MACCS_11"", ""MACCS_8"", ""n4AHRing"", ""n4ARing"", ""n4HRing"", ""n4Ring""]"
final,2180,6,n4AHRing,MACCS_11,MACCS_11,algorithmic_medoid,False,False,2,0.07914339210550847,0.9208566078944915,0.8680579723916775,1.0,0.0,3156,0.03427314098640848,"[""MACCS_11"", ""MACCS_8"", ""n4AHRing"", ""n4ARing"", ""n4HRing"", ""n4Ring""]"
final,2180,6,n4HRing,MACCS_11,MACCS_11,algorithmic_medoid,False,False,3,0.07914339210550847,0.9208566078944915,0.8680579723916775,1.0,0.0,3156,0.03427314098640848,"[""MACCS_11"", ""MACCS_8"", ""n4AHRing"", ""n4ARing"", ""n4HRing"", ""n4Ring""]"
final,2180,6,MACCS_8,MACCS_11,MACCS_11,algorithmic_medoid,False,False,4,0.07914671678809226,0.9208532832119077,0.8680500308029738,0.9999943846005782,0.0,3156,0.0333445578542732,"[""MACCS_11"", ""MACCS_8"", ""n4AHRing"", ""n4ARing"", ""n4HRing"", ""n4Ring""]"
final,2180,6,n4ARing,MACCS_11,MACCS_11,algorithmic_medoid,False,False,5,0.07917122159164935,0.9208287784083506,0.8680500308029738,1.0,0.0,3156,0.04602214222492093,"[""MACCS_11"", ""MACCS_8"", ""n4AHRing"", ""n4ARing"", ""n4HRing"", ""n4Ring""]"
final,2180,6,n4Ring,MACCS_11,MACCS_11,algorithmic_medoid,False,False,6,0.07917122159164935,0.9208287784083506,0.8680500308029738,1.0,0.0,3156,0.04602214222492093,"[""MACCS_11"", ""MACCS_8"", ""n4AHRing"", ""n4ARing"", ""n4HRing"", ""n4Ring""]"
final,2181,3,MACCS_110,MACCS_110,MACCS_110,algorithmic_medoid,True,True,1,0.0744056210899664,0.9255943789100336,0.9008028885214154,0.9503858692986518,0.0,3156,0.2406604556312157,"[""MACCS_110"", ""MACCS_117"", ""MACCS_92""]"
final,2181,3,MACCS_117,MACCS_110,MACCS_110,algorithmic_medoid,False,False,2,0.09675189721359301,0.903248102786407,0.8561103362741621,0.9503858692986518,0.0,3156,0.24482658014749695,"[""MACCS_110"", ""MACCS_117"", ""MACCS_92""]"
final,2181,3,MACCS_92,MACCS_110,MACCS_110,algorithmic_medoid,False,False,3,0.12154338760221117,0.8784566123977888,0.8561103362741621,0.9008028885214154,0.0,3156,0.22875573675426206,"[""MACCS_110"", ""MACCS_117"", ""MACCS_92""]"
final,2182,1,MACCS_111,MACCS_111,MACCS_111,algorithmic_medoid,True,True,1,0.0,1.0,1.0,1.0,0.0,3156,0.24326518703786704,"[""MACCS_111""]"
final,2183,5,MACCS_112,MACCS_112,MACCS_112,algorithmic_medoid,True,True,1,0.0900232719611812,0.9099767280388188,0.8625927926945364,0.9573981286446974,0.0,3156,0.24078253986612494,"[""MACCS_112"", ""Xc-4d"", ""Xc-4dv"", ""Xc-6d"", ""Xc-6dv""]"
final,2183,5,Xc-4dv,MACCS_112,MACCS_112,algorithmic_medoid,False,False,2,0.09365930376896026,0.9063406962310397,0.8409978282129075,0.9642409819286654,0.0,3156,0.015925361837619733,"[""MACCS_112"", ""Xc-4d"", ""Xc-4dv"", ""Xc-6d"", ""Xc-6dv""]"
final,2183,5,Xc-4d,MACCS_112,MACCS_112,algorithmic_medoid,False,False,3,0.10206654542810634,0.8979334545718937,0.8263772972628708,0.9642409819286654,0.0,3156,0.03636248807224137,"[""MACCS_112"", ""Xc-4d"", ""Xc-4dv"", ""Xc-6d"", ""Xc-6dv""]"
final,2183,5,Xc-6dv,MACCS_112,MACCS_112,algorithmic_medoid,False,False,4,0.11756489129651382,0.8824351087034862,0.8263772972628708,0.9779429853917155,0.0,3156,0.01032628600229291,"[""MACCS_112"", ""Xc-4d"", ""Xc-4dv"", ""Xc-6d"", ""Xc-6dv""]"
final,2183,5,Xc-6d,MACCS_112,MACCS_112,algorithmic_medoid,False,False,5,0.11868060011143966,0.8813193998885603,0.8409978282129075,0.9779429853917155,0.0,3156,0.0364457071804827,"[""MACCS_112"", ""Xc-4d"", ""Xc-4dv"", ""Xc-6d"", ""Xc-6dv""]"
final,2184,2,SlogP_VSA11,SlogP_VSA11,SlogP_VSA11,algorithmic_medoid,True,True,1,0.12263376697269546,0.8773662330273045,0.8773662330273045,0.8773662330273045,0.0,3156,23.210528285386335,"[""MACCS_113"", ""SlogP_VSA11""]"
final,2184,2,MACCS_113,SlogP_VSA11,SlogP_VSA11,algorithmic_medoid,False,False,2,0.12263376697269546,0.8773662330273045,0.8773662330273045,0.8773662330273045,0.0,3156,0.22439594407256935,"[""MACCS_113"", ""SlogP_VSA11""]"
final,2185,1,MACCS_115,MACCS_115,MACCS_115,algorithmic_medoid,True,True,1,0.0,1.0,1.0,1.0,0.0,3156,0.23029694982177315,"[""MACCS_115""]"
final,2186,1,MACCS_116,MACCS_116,MACCS_116,algorithmic_medoid,True,True,1,0.0,1.0,1.0,1.0,0.0,3156,0.2408432807889212,"[""MACCS_116""]"
final,2187,2,MACCS_118,MACCS_118,MACCS_118,algorithmic_medoid,True,True,1,0.013697187740125849,0.9863028122598742,0.9863028122598742,0.9863028122598742,0.0,3156,0.24184515462128986,"[""MACCS_118"", ""MACCS_147""]"
final,2187,2,MACCS_147,MACCS_118,MACCS_118,algorithmic_medoid,False,False,2,0.013697187740125849,0.9863028122598742,0.9863028122598742,0.9863028122598742,0.0,3156,0.24059911231910247,"[""MACCS_118"", ""MACCS_147""]"
final,2188,4,NdsN,NdsN,NdsN,algorithmic_medoid,True,True,1,0.06510668282195375,0.9348933171780462,0.8624236825980571,0.9987709616131342,0.0,3156,0.11582129357885115,"[""MACCS_119"", ""MACCS_78"", ""NdsN"", ""SdsN""]"
final,2188,4,SdsN,NdsN,NdsN,algorithmic_medoid,False,False,2,0.06522962734315796,0.934770372656842,0.8613637307864019,0.9987709616131342,0.0,3156,2.1023022686384625,"[""MACCS_119"", ""MACCS_78"", ""NdsN"", ""SdsN""]"
final,2188,4,MACCS_78,NdsN,NdsN,algorithmic_medoid,False,False,3,0.0778513072505227,0.9221486927494773,0.8787843453544938,0.9441764255709902,0.0,3156,0.08730177375542351,"[""MACCS_119"", ""MACCS_78"", ""NdsN"", ""SdsN""]"
final,2188,4,MACCS_119,NdsN,NdsN,algorithmic_medoid,False,False,4,0.13247608042034908,0.8675239195796509,0.8613637307864019,0.8787843453544938,0.0,3156,0.10686868394801141,"[""MACCS_119"", ""MACCS_78"", ""NdsN"", ""SdsN""]"
final,2189,1,MACCS_120,MACCS_120,MACCS_120,algorithmic_medoid,True,True,1,0.0,1.0,1.0,1.0,0.0,3156,0.24942009988418062,"[""MACCS_120""]"
final,2190,2,MACCS_121,MACCS_121,MACCS_121,algorithmic_medoid,True,True,1,0.14378119405685708,0.8562188059431429,0.8562188059431429,0.8562188059431429,0.0,3156,0.23152261128540239,"[""MACCS_121"", ""MACCS_137""]"
final,2190,2,MACCS_137,MACCS_121,MACCS_121,algorithmic_medoid,False,False,2,0.14378119405685708,0.8562188059431429,0.8562188059431429,0.8562188059431429,0.0,3156,0.208231830733421,"[""MACCS_121"", ""MACCS_137""]"
final,2191,2,MACCS_85,MACCS_85,MACCS_85,algorithmic_medoid,True,True,1,0.10845090159891091,0.8915490984010891,0.8915490984010891,0.8915490984010891,0.0,3156,0.2499421706255692,"[""MACCS_122"", ""MACCS_85""]"
final,2191,2,MACCS_122,MACCS_85,MACCS_85,algorithmic_medoid,False,False,2,0.10845090159891091,0.8915490984010891,0.8915490984010891,0.8915490984010891,0.0,3156,0.24582182769737893,"[""MACCS_122"", ""MACCS_85""]"
final,2192,1,MACCS_123,MACCS_123,MACCS_123,algorithmic_medoid,True,True,1,0.0,1.0,1.0,1.0,0.0,3156,0.20330237855429775,"[""MACCS_123""]"
final,2193,2,MACCS_124,MACCS_124,MACCS_124,algorithmic_medoid,True,True,1,0.1480202886552603,0.8519797113447397,0.8519797113447397,0.8519797113447397,0.0,3156,0.18150070439390797,"[""MACCS_124"", ""MACCS_94""]"
final,2193,2,MACCS_94,MACCS_124,MACCS_124,algorithmic_medoid,False,False,2,0.1480202886552603,0.8519797113447397,0.8519797113447397,0.8519797113447397,0.0,3156,0.15080294480025577,"[""MACCS_124"", ""MACCS_94""]"
final,2194,7,nAromBond,nAromBond,nAromBond,algorithmic_medoid,True,True,1,0.041994470265183215,0.9580055297348168,0.8853834884040312,1.0,0.0,3156,30.54390323780242,"[""MACCS_125"", ""n6aRing"", ""nAromAtom"", ""nAromBond"", ""nBondsA"", ""nBondsM"", ""naRing""]"
final,2194,7,nBondsA,nAromBond,nAromBond,algorithmic_medoid,False,False,2,0.041994470265183215,0.9580055297348168,0.8853834884040312,1.0,0.0,3156,30.54390323780242,"[""MACCS_125"", ""n6aRing"", ""nAromAtom"", ""nAromBond"", ""nBondsA"", ""nBondsM"", ""naRing""]"
final,2194,7,nAromAtom,nAromBond,nAromBond,algorithmic_medoid,False,False,3,0.04319332883800542,0.9568066711619946,0.8851889618267753,0.9995923204624464,0.0,3156,28.709342636633945,"[""MACCS_125"", ""n6aRing"", ""nAromAtom"", ""nAromBond"", ""nBondsA"", ""nBondsM"", ""naRing""]"
final,2194,7,naRing,nAromBond,nAromBond,algorithmic_medoid,False,False,4,0.05608101104985119,0.9439189889501488,0.8764092776844593,0.9770786150483728,0.0,3156,0.9772497634617948,"[""MACCS_125"", ""n6aRing"", ""nAromAtom"", ""nAromBond"", ""nBondsA"", ""nBondsM"", ""naRing""]"
final,2194,7,nBondsM,nAromBond,nAromBond,algorithmic_medoid,False,False,5,0.07863529426353599,0.921364705736464,0.8615754412819734,0.9503161814850831,0.0,3156,29.054805380059467,"[""MACCS_125"", ""n6aRing"", ""nAromAtom"", ""nAromBond"", ""nBondsA"", ""nBondsM"", ""naRing""]"
final,2194,7,n6aRing,nAromBond,nAromBond,algorithmic_medoid,False,False,6,0.10759984159641134,0.8924001584035887,0.8032523060926583,0.9370342696890791,0.0,3156,0.7523323510371538,"[""MACCS_125"", ""n6aRing"", ""nAromAtom"", ""nAromBond"", ""nBondsA"", ""nBondsM"", ""naRing""]"
final,2194,7,MACCS_125,nAromBond,nAromBond,algorithmic_medoid,False,False,7,0.12886547544642868,0.8711345245535713,0.8032523060926583,0.906023461311958,0.0,3156,0.24945021935003,"[""MACCS_125"", ""n6aRing"", ""nAromAtom"", ""nAromBond"", ""nBondsA"", ""nBondsM"", ""naRing""]"
final,2195,2,MACCS_127,MACCS_127,MACCS_127,algorithmic_medoid,True,True,1,0.0,1.0,1.0,1.0,0.0,3156,0.24454948106168306,"[""MACCS_127"", ""MACCS_143""]"
final,2195,2,MACCS_143,MACCS_127,MACCS_127,algorithmic_medoid,False,False,2,0.0,1.0,1.0,1.0,0.0,3156,0.24454948106168306,"[""MACCS_127"", ""MACCS_143""]"
final,2196,1,MACCS_128,MACCS_128,MACCS_128,algorithmic_medoid,True,True,1,0.0,1.0,1.0,1.0,0.0,3156,0.24981436369214857,"[""MACCS_128""]"
final,2197,1,MACCS_129,MACCS_129,MACCS_129,algorithmic_medoid,True,True,1,0.0,1.0,1.0,1.0,0.0,3156,0.2490939060690322,"[""MACCS_129""]"
final,2198,1,MACCS_13,MACCS_13,MACCS_13,algorithmic_medoid,True,True,1,0.0,1.0,1.0,1.0,0.0,3156,0.008481942777834001,"[""MACCS_13""]"
final,2199,2,nHBDon,nHBDon,nHBDon,algorithmic_medoid,True,True,1,0.12754101504925652,0.8724589849507435,0.8724589849507435,0.8724589849507435,0.0,3156,1.1665737983136313,"[""MACCS_131"", ""nHBDon""]"
final,2199,2,MACCS_131,nHBDon,nHBDon,algorithmic_medoid,False,False,2,0.12754101504925652,0.8724589849507435,0.8724589849507435,0.8724589849507435,0.0,3156,0.23134992634786616,"[""MACCS_131"", ""nHBDon""]"
final,2200,1,MACCS_132,MACCS_132,MACCS_132,algorithmic_medoid,True,True,1,0.0,1.0,1.0,1.0,0.0,3156,0.24716636065289369,"[""MACCS_132""]"
final,2201,1,MACCS_133,MACCS_133,MACCS_133,algorithmic_medoid,True,True,1,0.0,1.0,1.0,1.0,0.0,3156,0.22439594407256935,"[""MACCS_133""]"
final,2202,1,MACCS_135,MACCS_135,MACCS_135,algorithmic_medoid,True,True,1,0.0,1.0,1.0,1.0,0.0,3156,0.21962953860191062,"[""MACCS_135""]"
final,2203,4,NdO,NdO,NdO,algorithmic_medoid,True,True,1,0.08942598683259606,0.9105740131674039,0.8727725815414534,0.9795500014431966,0.0,3156,1.3782341278446832,"[""MACCS_136"", ""NdO"", ""SdO"", ""nBondsD""]"
final,2203,4,SdO,NdO,NdO,algorithmic_medoid,False,False,2,0.10239051849919178,0.8976094815008082,0.8549243835085132,0.9795500014431966,0.0,3156,208.10002797422155,"[""MACCS_136"", ""NdO"", ""SdO"", ""nBondsD""]"
final,2203,4,nBondsD,NdO,NdO,algorithmic_medoid,False,False,3,0.1531333771704103,0.8468666228295897,0.8028463524204928,0.8793994565175616,0.0,3156,2.184290469719094,"[""MACCS_136"", ""NdO"", ""SdO"", ""nBondsD""]"
final,2203,4,MACCS_136,NdO,NdO,algorithmic_medoid,False,False,4,0.15648556084318022,0.8435144391568198,0.8028463524204928,0.8727725815414534,0.0,3156,0.23588150038311959,"[""MACCS_136"", ""NdO"", ""SdO"", ""nBondsD""]"
final,2204,1,MACCS_138,MACCS_138,MACCS_138,algorithmic_medoid,True,True,1,0.0,1.0,1.0,1.0,0.0,3156,0.2493083566658796,"[""MACCS_138""]"
final,2205,3,NsOH,NsOH,NsOH,algorithmic_medoid,True,True,1,0.0197933697066337,0.9802066302933663,0.9746223859638515,0.9857908746228812,0.0,3156,0.6835828630680733,"[""MACCS_139"", ""NsOH"", ""SsOH""]"
final,2205,3,SsOH,NsOH,NsOH,algorithmic_medoid,False,False,2,0.026717508548810276,0.9732824914511897,0.9607741082794983,0.9857908746228812,0.0,3156,70.01962456121252,"[""MACCS_139"", ""NsOH"", ""SsOH""]"
final,2205,3,MACCS_139,NsOH,NsOH,algorithmic_medoid,False,False,3,0.03230175287832515,0.9676982471216748,0.9607741082794983,0.9746223859638515,0.0,3156,0.23798072675459941,"[""MACCS_139"", ""NsOH"", ""SsOH""]"
final,2206,1,MACCS_14,MACCS_14,MACCS_14,algorithmic_medoid,True,True,1,0.0,1.0,1.0,1.0,0.0,3156,0.000633311968592224,"[""MACCS_14""]"
final,2207,1,MACCS_140,MACCS_140,MACCS_140,algorithmic_medoid,True,True,1,0.0,1.0,1.0,1.0,0.0,3156,0.20600108269439898,"[""MACCS_140""]"
final,2208,1,MACCS_141,MACCS_141,MACCS_141,algorithmic_medoid,True,True,1,0.0,1.0,1.0,1.0,0.0,3156,0.19200998841806138,"[""MACCS_141""]"
final,2209,2,nN,nN,nN,algorithmic_medoid,True,True,1,0.13328107698626768,0.8667189230137323,0.8667189230137323,0.8667189230137323,0.0,3156,2.437857518059632,"[""MACCS_142"", ""nN""]"
final,2209,2,MACCS_142,nN,nN,algorithmic_medoid,False,False,2,0.13328107698626768,0.8667189230137323,0.8667189230137323,0.8667189230137323,0.0,3156,0.23978337678568273,"[""MACCS_142"", ""nN""]"
final,2210,1,MACCS_144,MACCS_144,MACCS_144,algorithmic_medoid,True,True,1,0.0,1.0,1.0,1.0,0.0,3156,0.2499212877959137,"[""MACCS_144""]"
final,2211,2,n6Ring,n6Ring,n6Ring,algorithmic_medoid,True,True,1,0.16115130934358368,0.8388486906564163,0.8388486906564163,0.8388486906564163,0.0,3156,1.3754599242435195,"[""MACCS_145"", ""n6Ring""]"
final,2211,2,MACCS_145,n6Ring,n6Ring,algorithmic_medoid,False,False,2,0.16115130934358368,0.8388486906564163,0.8388486906564163,0.8388486906564163,0.0,3156,0.22039768537928836,"[""MACCS_145"", ""n6Ring""]"
final,2212,3,nO,nO,nO,algorithmic_medoid,True,True,1,0.10207441433331588,0.8979255856666841,0.8741508714004069,0.9217002999329613,0.0,3156,3.924824523991962,"[""MACCS_146"", ""SMR_VSA1"", ""nO""]"
final,2212,3,SMR_VSA1,nO,nO,algorithmic_medoid,False,False,2,0.13706772666819833,0.8629322733318017,0.8041642467306419,0.9217002999329613,0.0,3156,98.1526278154947,"[""MACCS_146"", ""SMR_VSA1"", ""nO""]"
final,2212,3,MACCS_146,nO,nO,algorithmic_medoid,False,False,3,0.16084244093447553,0.8391575590655245,0.8041642467306419,0.8741508714004069,0.0,3156,0.2480321948978428,"[""MACCS_146"", ""SMR_VSA1"", ""nO""]"
final,2213,1,MACCS_148,MACCS_148,MACCS_148,algorithmic_medoid,True,True,1,0.0,1.0,1.0,1.0,0.0,3156,0.2351184739149362,"[""MACCS_148""]"
final,2214,3,NsCH3,NsCH3,NsCH3,algorithmic_medoid,True,True,1,0.06600028355917664,0.9339997164408234,0.887897798572381,0.9801016343092658,0.0,3156,2.168111095850582,"[""MACCS_149"", ""NsCH3"", ""SsCH3""]"
final,2214,3,SsCH3,NsCH3,NsCH3,algorithmic_medoid,False,False,2,0.07432979723495892,0.9256702027650411,0.8712387712208164,0.9801016343092658,0.0,3156,7.773962125406452,"[""MACCS_149"", ""NsCH3"", ""SsCH3""]"
final,2214,3,MACCS_149,NsCH3,NsCH3,algorithmic_medoid,False,False,3,0.12043171510340134,0.8795682848965987,0.8712387712208164,0.887897798572381,0.0,3156,0.24997098491456515,"[""MACCS_149"", ""NsCH3"", ""SsCH3""]"
final,2215,1,MACCS_15,MACCS_15,MACCS_15,algorithmic_medoid,True,True,1,0.0,1.0,1.0,1.0,0.0,3156,0.003473276403526948,"[""MACCS_15""]"
final,2216,1,MACCS_150,MACCS_150,MACCS_150,algorithmic_medoid,True,True,1,0.0,1.0,1.0,1.0,0.0,3156,0.24336879800038874,"[""MACCS_150""]"
final,2217,1,MACCS_151,MACCS_151,MACCS_151,algorithmic_medoid,True,True,1,0.0,1.0,1.0,1.0,0.0,3156,0.24961406924425042,"[""MACCS_151""]"
final,2218,1,MACCS_152,MACCS_152,MACCS_152,algorithmic_medoid,True,True,1,0.0,1.0,1.0,1.0,0.0,3156,0.24832927322933687,"[""MACCS_152""]"
final,2219,1,MACCS_153,MACCS_153,MACCS_153,algorithmic_medoid,True,True,1,0.0,1.0,1.0,1.0,0.0,3156,0.20343922132747333,"[""MACCS_153""]"
final,2220,1,MACCS_156,MACCS_156,MACCS_156,algorithmic_medoid,True,True,1,0.0,1.0,1.0,1.0,0.0,3156,0.18558440197198167,"[""MACCS_156""]"
final,2221,1,MACCS_157,MACCS_157,MACCS_157,algorithmic_medoid,True,True,1,0.0,1.0,1.0,1.0,0.0,3156,0.23262548572658595,"[""MACCS_157""]"
final,2222,2,MACCS_158,MACCS_158,MACCS_158,algorithmic_medoid,True,True,1,0.1301498891628503,0.8698501108371497,0.8698501108371497,0.8698501108371497,0.0,3156,0.1551453685899753,"[""MACCS_158"", ""MACCS_161""]"
final,2222,2,MACCS_161,MACCS_158,MACCS_158,algorithmic_medoid,False,False,2,0.1301498891628503,0.8698501108371497,0.8698501108371497,0.8698501108371497,0.0,3156,0.1291798790723526,"[""MACCS_158"", ""MACCS_161""]"
final,2223,1,MACCS_159,MACCS_159,MACCS_159,algorithmic_medoid,True,True,1,0.0,1.0,1.0,1.0,0.0,3156,0.22083220887327495,"[""MACCS_159""]"
final,2224,3,MACCS_16,MACCS_16,MACCS_16,algorithmic_medoid,True,True,1,0.0,1.0,1.0,1.0,0.0,3156,0.006296976326903027,"[""MACCS_16"", ""n3AHRing"", ""n3HRing""]"
final,2224,3,n3AHRing,MACCS_16,MACCS_16,algorithmic_medoid,False,False,2,0.0,1.0,1.0,1.0,0.0,3156,0.006296976326903027,"[""MACCS_16"", ""n3AHRing"", ""n3HRing""]"
final,2224,3,n3HRing,MACCS_16,MACCS_16,algorithmic_medoid,False,False,3,0.0,1.0,1.0,1.0,0.0,3156,0.006296976326903027,"[""MACCS_16"", ""n3AHRing"", ""n3HRing""]"
final,2225,1,MACCS_162,MACCS_162,MACCS_162,algorithmic_medoid,True,True,1,0.0,1.0,1.0,1.0,0.0,3156,0.1380423311020833,"[""MACCS_162""]"
final,2226,1,MACCS_163,MACCS_163,MACCS_163,algorithmic_medoid,True,True,1,0.0,1.0,1.0,1.0,0.0,3156,0.07347222021425785,"[""MACCS_163""]"
final,2227,1,MACCS_164,MACCS_164,MACCS_164,algorithmic_medoid,True,True,1,0.0,1.0,1.0,1.0,0.0,3156,0.12450985589241167,"[""MACCS_164""]"
final,2228,1,MACCS_166,MACCS_166,MACCS_166,algorithmic_medoid,True,True,1,0.0,1.0,1.0,1.0,0.0,3156,0.002213077952390361,"[""MACCS_166""]"
final,2229,5,MACCS_18,MACCS_18,MACCS_18,algorithmic_medoid,True,True,1,0.0,1.0,1.0,1.0,0.0,3156,0.00031675638251560997,"[""MACCS_18"", ""MACCS_44"", ""NsssB"", ""SsssB"", ""nB""]"
final,2229,5,MACCS_44,MACCS_18,MACCS_18,algorithmic_medoid,False,False,2,0.0,1.0,1.0,1.0,0.0,3156,0.00031675638251560997,"[""MACCS_18"", ""MACCS_44"", ""NsssB"", ""SsssB"", ""nB""]"
final,2229,5,NsssB,MACCS_18,MACCS_18,algorithmic_medoid,False,False,3,0.0,1.0,1.0,1.0,0.0,3156,0.00031675638251560997,"[""MACCS_18"", ""MACCS_44"", ""NsssB"", ""SsssB"", ""nB""]"
final,2229,5,nB,MACCS_18,MACCS_18,algorithmic_medoid,False,False,4,0.0,1.0,1.0,1.0,0.0,3156,0.00031675638251560997,"[""MACCS_18"", ""MACCS_44"", ""NsssB"", ""SsssB"", ""nB""]"
final,2229,5,SsssB,MACCS_18,MACCS_18,algorithmic_medoid,False,False,5,0.0,1.0,1.0,1.0,0.0,3156,1.0270180549819973e-05,"[""MACCS_18"", ""MACCS_44"", ""NsssB"", ""SsssB"", ""nB""]"
final,2230,1,MACCS_19,MACCS_19,MACCS_19,algorithmic_medoid,True,True,1,0.0,1.0,1.0,1.0,0.0,3156,0.11020551917124081,"[""MACCS_19""]"
final,2231,1,MACCS_21,MACCS_21,MACCS_21,algorithmic_medoid,True,True,1,0.0,1.0,1.0,1.0,0.0,3156,0.0056708930301146475,"[""MACCS_21""]"
final,2232,6,SRW03,SRW03,SRW03,algorithmic_medoid,True,True,1,0.00022260134102991547,0.9997773986589701,0.9994626543705899,1.0,0.0,3156,0.21400375776830685,"[""MACCS_22"", ""SRW03"", ""Xch-3d"", ""Xch-3dv"", ""n3ARing"", ""n3Ring""]"
final,2232,6,n3ARing,SRW03,SRW03,algorithmic_medoid,False,False,2,0.00022260134102991547,0.9997773986589701,0.9994626543705899,1.0,0.0,3156,0.06065929904372705,"[""MACCS_22"", ""SRW03"", ""Xch-3d"", ""Xch-3dv"", ""n3ARing"", ""n3Ring""]"
final,2232,6,n3Ring,SRW03,SRW03,algorithmic_medoid,False,False,3,0.00022260134102991547,0.9997773986589701,0.9994626543705899,1.0,0.0,3156,0.06065929904372705,"[""MACCS_22"", ""SRW03"", ""Xch-3d"", ""Xch-3dv"", ""n3ARing"", ""n3Ring""]"
final,2232,6,MACCS_22,SRW03,SRW03,algorithmic_medoid,False,False,4,0.00025366084181788207,0.9997463391581821,0.9994238404335034,0.999961165195201,0.0,3156,0.05546198441498359,"[""MACCS_22"", ""SRW03"", ""Xch-3d"", ""Xch-3dv"", ""n3ARing"", ""n3Ring""]"
final,2232,6,Xch-3d,SRW03,SRW03,algorithmic_medoid,False,False,5,0.0004898408064251125,0.9995101591935749,0.999424359771804,0.9997369150088923,0.0,3156,0.0031560270997235936,"[""MACCS_22"", ""SRW03"", ""Xch-3d"", ""Xch-3dv"", ""n3ARing"", ""n3Ring""]"
final,2232,6,Xch-3dv,SRW03,SRW03,algorithmic_medoid,False,False,6,0.0004902562891668794,0.9995097437108331,0.9994238404335034,0.9997369150088923,0.0,3156,0.0029382816278951058,"[""MACCS_22"", ""SRW03"", ""Xch-3d"", ""Xch-3dv"", ""n3ARing"", ""n3Ring""]"
final,2233,1,MACCS_23,MACCS_23,MACCS_23,algorithmic_medoid,True,True,1,0.0,1.0,1.0,1.0,0.0,3156,0.032458744363643946,"[""MACCS_23""]"
final,2234,2,MACCS_71,MACCS_71,MACCS_71,algorithmic_medoid,True,True,1,0.16118137236656072,0.8388186276334393,0.8388186276334393,0.8388186276334393,0.0,3156,0.06183757254775341,"[""MACCS_24"", ""MACCS_71""]"
final,2234,2,MACCS_24,MACCS_71,MACCS_71,algorithmic_medoid,False,False,2,0.16118137236656072,0.8388186276334393,0.8388186276334393,0.8388186276334393,0.0,3156,0.04526955717156529,"[""MACCS_24"", ""MACCS_71""]"
final,2235,1,MACCS_25,MACCS_25,MACCS_25,algorithmic_medoid,True,True,1,0.0,1.0,1.0,1.0,0.0,3156,0.04383336064164904,"[""MACCS_25""]"
final,2236,1,MACCS_26,MACCS_26,MACCS_26,algorithmic_medoid,True,True,1,0.0,1.0,1.0,1.0,0.0,3156,0.07267254839595774,"[""MACCS_26""]"
final,2237,1,MACCS_28,MACCS_28,MACCS_28,algorithmic_medoid,True,True,1,0.0,1.0,1.0,1.0,0.0,3156,0.03127484855932571,"[""MACCS_28""]"
final,2238,4,NdsssP,NdsssP,NdsssP,algorithmic_medoid,True,True,1,3.0652280553766786e-06,0.9999969347719446,0.9999957031504829,0.999998938428439,0.0,3156,0.011650510585185077,"[""MACCS_29"", ""NdsssP"", ""SdsssP"", ""nP""]"
final,2238,4,nP,NdsssP,NdsssP,algorithmic_medoid,False,False,2,3.132628987212449e-06,0.9999968673710128,0.999995147091652,0.999998938428439,0.0,3156,0.01259555902531802,"[""MACCS_29"", ""NdsssP"", ""SdsssP"", ""nP""]"
final,2238,4,SdsssP,NdsssP,NdsssP,algorithmic_medoid,False,False,3,5.151588752472236e-06,0.9999948484112475,0.9999918659038831,0.9999965165929473,0.0,3156,0.23109263478986067,"[""MACCS_29"", ""NdsssP"", ""SdsssP"", ""nP""]"
final,2238,4,MACCS_29,NdsssP,NdsssP,algorithmic_medoid,False,False,4,5.761284660565913e-06,0.9999942387153394,0.9999918659038831,0.9999957031504829,0.0,3156,0.006922256437935429,"[""MACCS_29"", ""NdsssP"", ""SdsssP"", ""nP""]"
final,2239,2,NssssN,NssssN,NssssN,algorithmic_medoid,True,True,1,0.044121592061340476,0.9558784079386595,0.9558784079386595,0.9558784079386595,0.0,3156,0.017205343273560245,"[""MACCS_30"", ""NssssN""]"
final,2239,2,MACCS_30,NssssN,NssssN,algorithmic_medoid,False,False,2,0.044121592061340476,0.9558784079386595,0.9558784079386595,0.9558784079386595,0.0,3156,0.014670489027679387,"[""MACCS_30"", ""NssssN""]"
final,2240,1,MACCS_31,MACCS_31,MACCS_31,algorithmic_medoid,True,True,1,0.0,1.0,1.0,1.0,0.0,3156,0.000633311968592224,"[""MACCS_31""]"
final,2241,2,MACCS_33,MACCS_33,MACCS_33,algorithmic_medoid,True,True,1,0.031506694521239886,0.9684933054787601,0.9684933054787601,0.9684933054787601,0.0,3156,0.045842630208458815,"[""MACCS_32"", ""MACCS_33""]"
final,2241,2,MACCS_32,MACCS_33,MACCS_33,algorithmic_medoid,False,False,2,0.031506694521239886,0.9684933054787601,0.9684933054787601,0.9684933054787601,0.0,3156,0.04325747645460954,"[""MACCS_32"", ""MACCS_33""]"
final,2242,1,MACCS_37,MACCS_37,MACCS_37,algorithmic_medoid,True,True,1,0.0,1.0,1.0,1.0,0.0,3156,0.05350050440065476,"[""MACCS_37""]"
final,2243,1,MACCS_38,MACCS_38,MACCS_38,algorithmic_medoid,True,True,1,0.0,1.0,1.0,1.0,0.0,3156,0.11975128148287364,"[""MACCS_38""]"
final,2244,2,MACCS_40,MACCS_40,MACCS_40,algorithmic_medoid,True,True,1,0.1186444481698784,0.8813555518301216,0.8813555518301216,0.8813555518301216,0.0,3156,0.005670893030114649,"[""MACCS_39"", ""MACCS_40""]"
final,2244,2,MACCS_39,MACCS_40,MACCS_40,algorithmic_medoid,False,False,2,0.1186444481698784,0.8813555518301216,0.8813555518301216,0.8813555518301216,0.0,3156,0.004416316879269936,"[""MACCS_39"", ""MACCS_40""]"
final,2245,1,MACCS_43,MACCS_43,MACCS_43,algorithmic_medoid,True,True,1,0.0,1.0,1.0,1.0,0.0,3156,0.060460610967340844,"[""MACCS_43""]"
final,2246,1,MACCS_45,MACCS_45,MACCS_45,algorithmic_medoid,True,True,1,0.0,1.0,1.0,1.0,0.0,3156,0.038912743505841584,"[""MACCS_45""]"
final,2247,1,MACCS_47,MACCS_47,MACCS_47,algorithmic_medoid,True,True,1,0.0,1.0,1.0,1.0,0.0,3156,0.0675659937576403,"[""MACCS_47""]"
final,2248,1,MACCS_48,MACCS_48,MACCS_48,algorithmic_medoid,True,True,1,0.0,1.0,1.0,1.0,0.0,3156,0.009726077513850935,"[""MACCS_48""]"
final,2249,1,MACCS_49,MACCS_49,MACCS_49,algorithmic_medoid,True,True,1,0.0,1.0,1.0,1.0,0.0,3156,0.05124676516936776,"[""MACCS_49""]"
final,2250,2,MACCS_76,MACCS_76,MACCS_76,algorithmic_medoid,True,True,1,0.09839372971182903,0.901606270288171,0.901606270288171,0.901606270288171,0.0,3156,0.13311227653364305,"[""MACCS_50"", ""MACCS_76""]"
final,2250,2,MACCS_50,MACCS_76,MACCS_76,algorithmic_medoid,False,False,2,0.09839372971182903,0.901606270288171,0.901606270288171,0.901606270288171,0.0,3156,0.11490415584373863,"[""MACCS_50"", ""MACCS_76""]"
final,2251,9,MACCS_60,MACCS_60,MACCS_60,algorithmic_medoid,True,True,1,0.02943102623222016,0.9705689737677798,0.9493496584696979,0.9907647652157446,0.0,3156,0.08473559526505933,"[""MACCS_51"", ""MACCS_55"", ""MACCS_58"", ""MACCS_60"", ""MACCS_61"", ""MACCS_67"", ""MACCS_73"", ""NddssS"", ""SddssS""]"
final,2251,9,MACCS_55,MACCS_60,MACCS_60,algorithmic_medoid,False,False,2,0.03278838872464762,0.9672116112753524,0.9224836854939905,0.9977678039445532,0.0,3156,0.08084867819720139,"[""MACCS_51"", ""MACCS_55"", ""MACCS_58"", ""MACCS_60"", ""MACCS_61"", ""MACCS_67"", ""MACCS_73"", ""NddssS"", ""SddssS""]"
final,2251,9,NddssS,MACCS_60,MACCS_60,algorithmic_medoid,False,False,3,0.03410512645160302,0.965894873548397,0.9204245210500168,0.998845852643261,0.0,3156,0.09754811484271211,"[""MACCS_51"", ""MACCS_55"", ""MACCS_58"", ""MACCS_60"", ""MACCS_61"", ""MACCS_67"", ""MACCS_73"", ""NddssS"", ""SddssS""]"
final,2251,9,MACCS_61,MACCS_60,MACCS_60,algorithmic_medoid,False,False,4,0.03453199043395494,0.9654680095660451,0.9404017949094301,0.9907647652157446,0.0,3156,0.08602119446572887,"[""MACCS_51"", ""MACCS_55"", ""MACCS_58"", ""MACCS_60"", ""MACCS_61"", ""MACCS_67"", ""MACCS_73"", ""NddssS"", ""SddssS""]"
final,2251,9,SddssS,MACCS_60,MACCS_60,algorithmic_medoid,False,False,5,0.03507428371232979,0.9649257162876702,0.9193622155219693,0.998845852643261,0.0,3156,1.3569550883204489,"[""MACCS_51"", ""MACCS_55"", ""MACCS_58"", ""MACCS_60"", ""MACCS_61"", ""MACCS_67"", ""MACCS_73"", ""NddssS"", ""SddssS""]"
final,2251,9,MACCS_58,MACCS_60,MACCS_60,algorithmic_medoid,False,False,6,0.039436089503704364,0.9605639104962956,0.9114695690586576,0.9884222352952615,0.0,3156,0.08240886652819743,"[""MACCS_51"", ""MACCS_55"", ""MACCS_58"", ""MACCS_60"", ""MACCS_61"", ""MACCS_67"", ""MACCS_73"", ""NddssS"", ""SddssS""]"
final,2251,9,MACCS_51,MACCS_60,MACCS_60,algorithmic_medoid,False,False,7,0.040897578460947215,0.9591024215390528,0.9350162720802907,0.9849789427497496,0.0,3156,0.08370350156862177,"[""MACCS_51"", ""MACCS_55"", ""MACCS_58"", ""MACCS_60"", ""MACCS_61"", ""MACCS_67"", ""MACCS_73"", ""NddssS"", ""SddssS""]"
final,2251,9,MACCS_67,MACCS_60,MACCS_60,algorithmic_medoid,False,False,8,0.04997816193766991,0.9500218380623301,0.9232719813728045,0.9712793539126866,0.0,3156,0.0890861513105582,"[""MACCS_51"", ""MACCS_55"", ""MACCS_58"", ""MACCS_60"", ""MACCS_61"", ""MACCS_67"", ""MACCS_73"", ""NddssS"", ""SddssS""]"
final,2251,9,MACCS_73,MACCS_60,MACCS_60,algorithmic_medoid,False,False,9,0.0722775377553928,0.9277224622446072,0.9114695690586576,0.9493496584696979,0.0,3156,0.09212219346817214,"[""MACCS_51"", ""MACCS_55"", ""MACCS_58"", ""MACCS_60"", ""MACCS_61"", ""MACCS_67"", ""MACCS_73"", ""NddssS"", ""SddssS""]"
final,2252,1,MACCS_52,MACCS_52,MACCS_52,algorithmic_medoid,True,True,1,0.0,1.0,1.0,1.0,0.0,3156,0.07453563815517872,"[""MACCS_52""]"
final,2253,1,MACCS_53,MACCS_53,MACCS_53,algorithmic_medoid,True,True,1,0.0,1.0,1.0,1.0,0.0,3156,0.08396182618738968,"[""MACCS_53""]"
final,2254,1,MACCS_54,MACCS_54,MACCS_54,algorithmic_medoid,True,True,1,0.0,1.0,1.0,1.0,0.0,3156,0.0913658936806951,"[""MACCS_54""]"
final,2255,1,MACCS_59,MACCS_59,MACCS_59,algorithmic_medoid,True,True,1,0.0,1.0,1.0,1.0,0.0,3156,0.09587658488629301,"[""MACCS_59""]"
final,2256,1,MACCS_62,MACCS_62,MACCS_62,algorithmic_medoid,True,True,1,0.0,1.0,1.0,1.0,0.0,3156,0.20861946825890212,"[""MACCS_62""]"
final,2257,1,MACCS_64,MACCS_64,MACCS_64,algorithmic_medoid,True,True,1,0.0,1.0,1.0,1.0,0.0,3156,0.08730177375542351,"[""MACCS_64""]"
final,2258,2,naHRing,naHRing,naHRing,algorithmic_medoid,True,True,1,0.09147705652816429,0.9085229434718357,0.9085229434718357,0.9085229434718357,0.0,3156,0.492137213041809,"[""MACCS_65"", ""naHRing""]"
final,2258,2,MACCS_65,naHRing,naHRing,algorithmic_medoid,False,False,2,0.09147705652816429,0.9085229434718357,0.9085229434718357,0.9085229434718357,0.0,3156,0.20938932180601139,"[""MACCS_65"", ""naHRing""]"
final,2259,2,NssssC,NssssC,NssssC,algorithmic_medoid,True,True,1,0.10099692539899396,0.899003074601006,0.899003074601006,0.899003074601006,0.0,3156,1.010389609346512,"[""MACCS_66"", ""NssssC""]"
final,2259,2,MACCS_66,NssssC,NssssC,algorithmic_medoid,False,False,2,0.10099692539899396,0.899003074601006,0.899003074601006,0.899003074601006,0.0,3156,0.20275299949720574,"[""MACCS_66"", ""NssssC""]"
final,2260,1,MACCS_68,MACCS_68,MACCS_68,algorithmic_medoid,True,True,1,0.0,1.0,1.0,1.0,0.0,3156,0.007546733363211846,"[""MACCS_68""]"
final,2261,1,MACCS_69,MACCS_69,MACCS_69,algorithmic_medoid,True,True,1,0.0,1.0,1.0,1.0,0.0,3156,0.0672952197596547,"[""MACCS_69""]"
final,2262,1,MACCS_70,MACCS_70,MACCS_70,algorithmic_medoid,True,True,1,0.0,1.0,1.0,1.0,0.0,3156,0.03833003223987625,"[""MACCS_70""]"
final,2263,1,MACCS_72,MACCS_72,MACCS_72,algorithmic_medoid,True,True,1,0.0,1.0,1.0,1.0,0.0,3156,0.17029576110685424,"[""MACCS_72""]"
final,2264,1,MACCS_74,MACCS_74,MACCS_74,algorithmic_medoid,True,True,1,0.0,1.0,1.0,1.0,0.0,3156,0.16147678150616604,"[""MACCS_74""]"
final,2265,1,MACCS_77,MACCS_77,MACCS_77,algorithmic_medoid,True,True,1,0.0,1.0,1.0,1.0,0.0,3156,0.19561468609091093,"[""MACCS_77""]"
final,2266,1,MACCS_79,MACCS_79,MACCS_79,algorithmic_medoid,True,True,1,0.0,1.0,1.0,1.0,0.0,3156,0.22801038037271035,"[""MACCS_79""]"
final,2267,1,MACCS_80,MACCS_80,MACCS_80,algorithmic_medoid,True,True,1,0.0,1.0,1.0,1.0,0.0,3156,0.21715130895182652,"[""MACCS_80""]"
final,2268,3,MACCS_88,MACCS_88,MACCS_88,algorithmic_medoid,True,True,1,0.04186821115622252,0.9581317888437775,0.9208611948300203,0.9954023828575348,0.0,3156,0.18083566658795444,"[""MACCS_81"", ""MACCS_88"", ""nS""]"
final,2268,3,nS,MACCS_88,MACCS_88,algorithmic_medoid,False,False,2,0.04239708627084471,0.9576029137291553,0.9198034446007758,0.9954023828575348,0.0,3156,0.28600109474218544,"[""MACCS_81"", ""MACCS_88"", ""nS""]"
final,2268,3,MACCS_81,MACCS_88,MACCS_88,algorithmic_medoid,False,False,3,0.07966768028460192,0.9203323197153981,0.9198034446007758,0.9208611948300203,0.0,3156,0.1650229470170484,"[""MACCS_81"", ""MACCS_88"", ""nS""]"
final,2269,1,MACCS_82,MACCS_82,MACCS_82,algorithmic_medoid,True,True,1,0.0,1.0,1.0,1.0,0.0,3156,0.1842912729048498,"[""MACCS_82""]"
final,2270,4,n5HRing,n5HRing,n5HRing,algorithmic_medoid,True,True,1,0.10000465826043303,0.899995341739567,0.8454236300711746,0.9826101260123068,0.0,3156,0.3998596031298543,"[""MACCS_83"", ""MACCS_96"", ""n5HRing"", ""n5Ring""]"
final,2270,4,MACCS_83,n5HRing,n5HRing,algorithmic_medoid,False,False,2,0.10232701166508995,0.89767298833491,0.8500232112744103,0.9826101260123068,0.0,3156,0.23991108332088398,"[""MACCS_83"", ""MACCS_96"", ""n5HRing"", ""n5Ring""]"
final,2270,4,n5Ring,n5HRing,n5HRing,algorithmic_medoid,False,False,3,0.10336787457396868,0.8966321254260313,0.8500232112744103,0.9679208958684644,0.0,3156,0.4735245879255478,"[""MACCS_83"", ""MACCS_96"", ""n5HRing"", ""n5Ring""]"
final,2270,4,MACCS_96,n5HRing,n5HRing,algorithmic_medoid,False,False,4,0.10875661544744941,0.8912433845525506,0.8454236300711746,0.9679208958684644,0.0,3156,0.24929159016322344,"[""MACCS_83"", ""MACCS_96"", ""n5HRing"", ""n5Ring""]"
final,2271,1,MACCS_86,MACCS_86,MACCS_86,algorithmic_medoid,True,True,1,0.0,1.0,1.0,1.0,0.0,3156,0.2450519741502696,"[""MACCS_86""]"
final,2272,1,MACCS_89,MACCS_89,MACCS_89,algorithmic_medoid,True,True,1,0.0,1.0,1.0,1.0,0.0,3156,0.18781645518785708,"[""MACCS_89""]"
final,2273,1,MACCS_90,MACCS_90,MACCS_90,algorithmic_medoid,True,True,1,0.0,1.0,1.0,1.0,0.0,3156,0.2327089166469886,"[""MACCS_90""]"
final,2274,1,MACCS_91,MACCS_91,MACCS_91,algorithmic_medoid,True,True,1,0.0,1.0,1.0,1.0,0.0,3156,0.23946059650999726,"[""MACCS_91""]"
final,2275,1,MACCS_93,MACCS_93,MACCS_93,algorithmic_medoid,True,True,1,0.0,1.0,1.0,1.0,0.0,3156,0.23345075909085797,"[""MACCS_93""]"
final,2276,1,MACCS_95,MACCS_95,MACCS_95,algorithmic_medoid,True,True,1,0.0,1.0,1.0,1.0,0.0,3156,0.22819792424673221,"[""MACCS_95""]"
final,2277,1,MACCS_97,MACCS_97,MACCS_97,algorithmic_medoid,True,True,1,0.0,1.0,1.0,1.0,0.0,3156,0.23580610132027674,"[""MACCS_97""]"
final,2278,2,n6HRing,n6HRing,n6HRing,algorithmic_medoid,True,True,1,0.03981999127759339,0.9601800087224066,0.9601800087224066,0.9601800087224066,0.0,3156,0.6482022293223844,"[""MACCS_98"", ""n6HRing""]"
final,2278,2,MACCS_98,n6HRing,n6HRing,algorithmic_medoid,False,False,2,0.03981999127759339,0.9601800087224066,0.9601800087224066,0.9601800087224066,0.0,3156,0.24806020600108278,"[""MACCS_98"", ""n6HRing""]"
final,2279,3,SdsCH,SdsCH,SdsCH,algorithmic_medoid,True,True,1,0.06963640691075401,0.930363593089246,0.8620898850259701,0.9986373011525219,0.0,3156,2.2632954437682105,"[""MACCS_99"", ""NdsCH"", ""SdsCH""]"
final,2279,3,NdsCH,SdsCH,SdsCH,algorithmic_medoid,False,False,2,0.07134517698124532,0.9286548230187547,0.8586723448849874,0.9986373011525219,0.0,3156,0.7318318378014558,"[""MACCS_99"", ""NdsCH"", ""SdsCH""]"
final,2279,3,MACCS_99,SdsCH,SdsCH,algorithmic_medoid,False,False,3,0.13961888504452125,0.8603811149554788,0.8586723448849874,0.8620898850259701,0.0,3156,0.16353865973999265,"[""MACCS_99"", ""NdsCH"", ""SdsCH""]"
final,2280,5,MIC3,MIC3,MIC3,algorithmic_medoid,True,True,1,0.02807525731118299,0.971924742688817,0.9103934651824704,0.997237169773062,0.0,3156,60.11864713552949,"[""MIC1"", ""MIC2"", ""MIC3"", ""MIC4"", ""MIC5""]"
final,2280,5,MIC2,MIC3,MIC3,algorithmic_medoid,False,False,2,0.02860486498233561,0.9713951350176644,0.9516208756279421,0.984931966972752,0.0,3156,55.70535128894259,"[""MIC1"", ""MIC2"", ""MIC3"", ""MIC4"", ""MIC5""]"
final,2280,5,MIC4,MIC3,MIC3,algorithmic_medoid,False,False,3,0.032220905558434376,0.9677790944415656,0.8983856135679474,0.9993506198412236,0.0,3156,61.009058790791805,"[""MIC1"", ""MIC2"", ""MIC3"", ""MIC4"", ""MIC5""]"
final,2280,5,MIC5,MIC3,MIC3,algorithmic_medoid,False,False,4,0.034489276939719815,0.9655107230602802,0.8946711806869799,0.9993506198412236,0.0,3156,61.203436309699406,"[""MIC1"", ""MIC2"", ""MIC3"", ""MIC4"", ""MIC5""]"
final,2280,5,MIC1,MIC3,MIC3,algorithmic_medoid,False,False,5,0.08623221623366506,0.9137677837663349,0.8946711806869799,0.9516208756279421,0.0,3156,50.45284631751844,"[""MIC1"", ""MIC2"", ""MIC3"", ""MIC4"", ""MIC5""]"
final,2281,1,MOMI-Z,MOMI-Z,MOMI-Z,algorithmic_medoid,True,True,1,0.0,1.0,1.0,1.0,0.0,3156,951332.588805163,"[""MOMI-Z""]"
final,2282,21,MPC4,MPC4,MPC4,algorithmic_medoid,True,True,1,0.02606132350818169,0.9739386764918183,0.9138404943889924,0.9916379280788865,0.0,3156,1044.6304513221241,"[""MPC10"", ""MPC3"", ""MPC4"", ""MPC5"", ""MPC6"", ""MPC7"", ""MPC8"", ""MPC9"", ""MWC04"", ""MWC05"", ""MWC06"", ""SRW06"", ""SRW08"", ""TMPC10"", ""WPol"", ""Xp-4d"", ""Xp-5d"", ""Xp-6d"", ""Xp-7d"", ""fragCpx"", ""nRing""]"
final,2282,21,MPC5,MPC4,MPC4,algorithmic_medoid,False,False,2,0.027365640454286244,0.9726343595457138,0.9220502136457361,0.9946852206646467,0.0,3156,2204.7413255938354,"[""MPC10"", ""MPC3"", ""MPC4"", ""MPC5"", ""MPC6"", ""MPC7"", ""MPC8"", ""MPC9"", ""MWC04"", ""MWC05"", ""MWC06"", ""SRW06"", ""SRW08"", ""TMPC10"", ""WPol"", ""Xp-4d"", ""Xp-5d"", ""Xp-6d"", ""Xp-7d"", ""fragCpx"", ""nRing""]"
final,2282,21,TMPC10,MPC4,MPC4,algorithmic_medoid,False,False,3,0.027588934051877012,0.972411065948123,0.926722603458942,0.9959556474250066,0.0,3156,416094.80029458844,"[""MPC10"", ""MPC3"", ""MPC4"", ""MPC5"", ""MPC6"", ""MPC7"", ""MPC8"", ""MPC9"", ""MWC04"", ""MWC05"", ""MWC06"", ""SRW06"", ""SRW08"", ""TMPC10"", ""WPol"", ""Xp-4d"", ""Xp-5d"", ""Xp-6d"", ""Xp-7d"", ""fragCpx"", ""nRing""]"
final,2282,21,Xp-6d,MPC4,MPC4,algorithmic_medoid,False,False,4,0.029406115519392317,0.9705938844806077,0.9195082258700471,0.9911434531490017,0.0,3156,4.3738790682058335,"[""MPC10"", ""MPC3"", ""MPC4"", ""MPC5"", ""MPC6"", ""MPC7"", ""MPC8"", ""MPC9"", ""MWC04"", ""MWC05"", ""MWC06"", ""SRW06"", ""SRW08"", ""TMPC10"", ""WPol"", ""Xp-4d"", ""Xp-5d"", ""Xp-6d"", ""Xp-7d"", ""fragCpx"", ""nRing""]"
final,2282,21,Xp-5d,MPC4,MPC4,algorithmic_medoid,False,False,5,0.030355133012485935,0.9696448669875141,0.9241103592241197,0.9867842336851229,0.0,3156,6.793727995416405,"[""MPC10"", ""MPC3"", ""MPC4"", ""MPC5"", ""MPC6"", ""MPC7"", ""MPC8"", ""MPC9"", ""MWC04"", ""MWC05"", ""MWC06"", ""SRW06"", ""SRW08"", ""TMPC10"", ""WPol"", ""Xp-4d"", ""Xp-5d"", ""Xp-6d"", ""Xp-7d"", ""fragCpx"", ""nRing""]"
final,2282,21,MPC3,MPC4,MPC4,algorithmic_medoid,False,False,6,0.03129057792276302,0.968709422077237,0.8923480164036526,0.9954400375097031,0.0,3156,452.3508142697194,"[""MPC10"", ""MPC3"", ""MPC4"", ""MPC5"", ""MPC6"", ""MPC7"", ""MPC8"", ""MPC9"", ""MWC04"", ""MWC05"", ""MWC06"", ""SRW06"", ""SRW08"", ""TMPC10"", ""WPol"", ""Xp-4d"", ""Xp-5d"", ""Xp-6d"", ""Xp-7d"", ""fragCpx"", ""nRing""]"
final,2282,21,MPC6,MPC4,MPC4,algorithmic_medoid,False,False,7,0.03373382054343865,0.9662661794565613,0.9128724101862653,0.996061376605611,0.0,3156,3924.5155488730493,"[""MPC10"", ""MPC3"", ""MPC4"", ""MPC5"", ""MPC6"", ""MPC7"", ""MPC8"", ""MPC9"", ""MWC04"", ""MWC05"", ""MWC06"", ""SRW06"", ""SRW08"", ""TMPC10"", ""WPol"", ""Xp-4d"", ""Xp-5d"", ""Xp-6d"", ""Xp-7d"", ""fragCpx"", ""nRing""]"
final,2282,21,MWC05,MPC4,MPC4,algorithmic_medoid,False,False,8,0.03513588159580627,0.9648641184041937,0.8766174358076524,0.9976163165228327,0.0,3156,0.4612044807170397,"[""MPC10"", ""MPC3"", ""MPC4"", ""MPC5"", ""MPC6"", ""MPC7"", ""MPC8"", ""MPC9"", ""MWC04"", ""MWC05"", ""MWC06"", ""SRW06"", ""SRW08"", ""TMPC10"", ""WPol"", ""Xp-4d"", ""Xp-5d"", ""Xp-6d"", ""Xp-7d"", ""fragCpx"", ""nRing""]"
final,2282,21,MPC7,MPC4,MPC4,algorithmic_medoid,False,False,9,0.036822658616637804,0.9631773413833622,0.9208939972139522,0.996897771905712,0.0,3156,6867.9107527095475,"[""MPC10"", ""MPC3"", ""MPC4"", ""MPC5"", ""MPC6"", ""MPC7"", ""MPC8"", ""MPC9"", ""MWC04"", ""MWC05"", ""MWC06"", ""SRW06"", ""SRW08"", ""TMPC10"", ""WPol"", ""Xp-4d"", ""Xp-5d"", ""Xp-6d"", ""Xp-7d"", ""fragCpx"", ""nRing""]"
final,2282,21,Xp-7d,MPC4,MPC4,algorithmic_medoid,False,False,10,0.03725415949575428,0.9627458405042457,0.9278045588953694,0.9905207894207506,0.0,3156,2.893034967057491,"[""MPC10"", ""MPC3"", ""MPC4"", ""MPC5"", ""MPC6"", ""MPC7"", ""MPC8"", ""MPC9"", ""MWC04"", ""MWC05"", ""MWC06"", ""SRW06"", ""SRW08"", ""TMPC10"", ""WPol"", ""Xp-4d"", ""Xp-5d"", ""Xp-6d"", ""Xp-7d"", ""fragCpx"", ""nRing""]"
final,2282,21,Xp-4d,MPC4,MPC4,algorithmic_medoid,False,False,11,0.0373059326787073,0.9626940673212927,0.898859496824355,0.9925144346883631,0.0,3156,8.617121721325471,"[""MPC10"", ""MPC3"", ""MPC4"", ""MPC5"", ""MPC6"", ""MPC7"", ""MPC8"", ""MPC9"", ""MWC04"", ""MWC05"", ""MWC06"", ""SRW06"", ""SRW08"", ""TMPC10"", ""WPol"", ""Xp-4d"", ""Xp-5d"", ""Xp-6d"", ""Xp-7d"", ""fragCpx"", ""nRing""]"
final,2282,21,MWC06,MPC4,MPC4,algorithmic_medoid,False,False,12,0.038782421848359006,0.961217578151641,0.8730763135953917,0.9976163165228327,0.0,3156,0.5497880332397732,"[""MPC10"", ""MPC3"", ""MPC4"", ""MPC5"", ""MPC6"", ""MPC7"", ""MPC8"", ""MPC9"", ""MWC04"", ""MWC05"", ""MWC06"", ""SRW06"", ""SRW08"", ""TMPC10"", ""WPol"", ""Xp-4d"", ""Xp-5d"", ""Xp-6d"", ""Xp-7d"", ""fragCpx"", ""nRing""]"
final,2282,21,MWC04,MPC4,MPC4,algorithmic_medoid,False,False,13,0.03943918898913723,0.9605608110108628,0.8681471583063036,0.9979918053020432,0.0,3156,0.36909144969079466,"[""MPC10"", ""MPC3"", ""MPC4"", ""MPC5"", ""MPC6"", ""MPC7"", ""MPC8"", ""MPC9"", ""MWC04"", ""MWC05"", ""MWC06"", ""SRW06"", ""SRW08"", ""TMPC10"", ""WPol"", ""Xp-4d"", ""Xp-5d"", ""Xp-6d"", ""Xp-7d"", ""fragCpx"", ""nRing""]"
final,2282,21,MPC8,MPC4,MPC4,algorithmic_medoid,False,False,14,0.040663458706898914,0.9593365412931011,0.9182392289001537,0.996897771905712,0.0,3156,11300.24901439068,"[""MPC10"", ""MPC3"", ""MPC4"", ""MPC5"", ""MPC6"", ""MPC7"", ""MPC8"", ""MPC9"", ""MWC04"", ""MWC05"", ""MWC06"", ""SRW06"", ""SRW08"", ""TMPC10"", ""WPol"", ""Xp-4d"", ""Xp-5d"", ""Xp-6d"", ""Xp-7d"", ""fragCpx"", ""nRing""]"
final,2282,21,MPC9,MPC4,MPC4,algorithmic_medoid,False,False,15,0.04168044607747723,0.9583195539225228,0.9192456656811894,0.9959401627925821,0.0,3156,16802.266574942856,"[""MPC10"", ""MPC3"", ""MPC4"", ""MPC5"", ""MPC6"", ""MPC7"", ""MPC8"", ""MPC9"", ""MWC04"", ""MWC05"", ""MWC06"", ""SRW06"", ""SRW08"", ""TMPC10"", ""WPol"", ""Xp-4d"", ""Xp-5d"", ""Xp-6d"", ""Xp-7d"", ""fragCpx"", ""nRing""]"
final,2282,21,MPC10,MPC4,MPC4,algorithmic_medoid,False,False,16,0.04245576501593451,0.9575442349840655,0.9225079601170111,0.9942824849470419,0.0,3156,22201.316295655084,"[""MPC10"", ""MPC3"", ""MPC4"", ""MPC5"", ""MPC6"", ""MPC7"", ""MPC8"", ""MPC9"", ""MWC04"", ""MWC05"", ""MWC06"", ""SRW06"", ""SRW08"", ""TMPC10"", ""WPol"", ""Xp-4d"", ""Xp-5d"", ""Xp-6d"", ""Xp-7d"", ""fragCpx"", ""nRing""]"
final,2282,21,SRW08,MPC4,MPC4,algorithmic_medoid,False,False,17,0.046023917606665465,0.9539760823933345,0.8597553859021274,0.9954633800547652,0.0,3156,0.4859472227235773,"[""MPC10"", ""MPC3"", ""MPC4"", ""MPC5"", ""MPC6"", ""MPC7"", ""MPC8"", ""MPC9"", ""MWC04"", ""MWC05"", ""MWC06"", ""SRW06"", ""SRW08"", ""TMPC10"", ""WPol"", ""Xp-4d"", ""Xp-5d"", ""Xp-6d"", ""Xp-7d"", ""fragCpx"", ""nRing""]"
final,2282,21,SRW06,MPC4,MPC4,algorithmic_medoid,False,False,18,0.04765353864375399,0.952346461356246,0.85516446831793,0.9979918053020432,0.0,3156,0.350200401530466,"[""MPC10"", ""MPC3"", ""MPC4"", ""MPC5"", ""MPC6"", ""MPC7"", ""MPC8"", ""MPC9"", ""MWC04"", ""MWC05"", ""MWC06"", ""SRW06"", ""SRW08"", ""TMPC10"", ""WPol"", ""Xp-4d"", ""Xp-5d"", ""Xp-6d"", ""Xp-7d"", ""fragCpx"", ""nRing""]"
final,2282,21,WPol,MPC4,MPC4,algorithmic_medoid,False,False,19,0.05312573631344453,0.9468742636865555,0.8303278474787119,0.9815882801396956,0.0,3156,288.5781213605645,"[""MPC10"", ""MPC3"", ""MPC4"", ""MPC5"", ""MPC6"", ""MPC7"", ""MPC8"", ""MPC9"", ""MWC04"", ""MWC05"", ""MWC06"", ""SRW06"", ""SRW08"", ""TMPC10"", ""WPol"", ""Xp-4d"", ""Xp-5d"", ""Xp-6d"", ""Xp-7d"", ""fragCpx"", ""nRing""]"
final,2282,21,fragCpx,MPC4,MPC4,algorithmic_medoid,False,False,20,0.05316515441495895,0.946834845585041,0.9200479809515343,0.9725995298824553,0.0,3156,10057.013778133149,"[""MPC10"", ""MPC3"", ""MPC4"", ""MPC5"", ""MPC6"", ""MPC7"", ""MPC8"", ""MPC9"", ""MWC04"", ""MWC05"", ""MWC06"", ""SRW06"", ""SRW08"", ""TMPC10"", ""WPol"", ""Xp-4d"", ""Xp-5d"", ""Xp-6d"", ""Xp-7d"", ""fragCpx"", ""nRing""]"
final,2282,21,nRing,MPC4,MPC4,algorithmic_medoid,False,False,21,0.09682083758060445,0.9031791624193956,0.8303278474787119,0.962238719222966,0.0,3156,1.9930950120558184,"[""MPC10"", ""MPC3"", ""MPC4"", ""MPC5"", ""MPC6"", ""MPC7"", ""MPC8"", ""MPC9"", ""MWC04"", ""MWC05"", ""MWC06"", ""SRW06"", ""SRW08"", ""TMPC10"", ""WPol"", ""Xp-4d"", ""Xp-5d"", ""Xp-6d"", ""Xp-7d"", ""fragCpx"", ""nRing""]"
final,2283,2,SaaNH,SaaNH,SaaNH,algorithmic_medoid,True,True,1,0.000829242694754484,0.9991707573052455,0.9991707573052455,0.9991707573052455,0.0,3156,0.7537738300167595,"[""NaaNH"", ""SaaNH""]"
final,2283,2,NaaNH,SaaNH,SaaNH,algorithmic_medoid,False,False,2,0.000829242694754484,0.9991707573052455,0.9991707573052455,0.9991707573052455,0.0,3156,0.08307872344868686,"[""NaaNH"", ""SaaNH""]"
final,2284,2,SaaO,SaaO,SaaO,algorithmic_medoid,True,True,1,0.0004935581740030948,0.9995064418259969,0.9995064418259969,0.9995064418259969,0.0,3156,1.8303657551745371,"[""NaaO"", ""SaaO""]"
final,2284,2,NaaO,SaaO,SaaO,algorithmic_medoid,False,False,2,0.0004935581740030948,0.9995064418259969,0.9995064418259969,0.9995064418259969,0.0,3156,0.06466247724976347,"[""NaaO"", ""SaaO""]"
final,2285,2,SaaS,SaaS,SaaS,algorithmic_medoid,True,True,1,0.0003694560512929046,0.9996305439487071,0.9996305439487071,0.9996305439487071,0.0,3156,0.10874446636174352,"[""NaaS"", ""SaaS""]"
final,2285,2,NaaS,SaaS,SaaS,algorithmic_medoid,False,False,2,0.0003694560512929046,0.9996305439487071,0.9996305439487071,0.9996305439487071,0.0,3156,0.04923558803638753,"[""NaaS"", ""SaaS""]"
final,2286,2,NaaaC,NaaaC,NaaaC,algorithmic_medoid,True,True,1,0.047846519691782774,0.9521534803082172,0.9521534803082172,0.9521534803082172,0.0,3156,0.6131924665995203,"[""NaaaC"", ""SaaaC""]"
final,2286,2,SaaaC,NaaaC,NaaaC,algorithmic_medoid,False,False,2,0.047846519691782774,0.9521534803082172,0.9521534803082172,0.9521534803082172,0.0,3156,0.5202319865108949,"[""NaaaC"", ""SaaaC""]"
final,2287,1,NaasC,NaasC,NaasC,algorithmic_medoid,True,True,1,0.0,1.0,1.0,1.0,0.0,3156,3.8860877785649,"[""NaasC""]"
final,2288,2,SaasN,SaasN,SaasN,algorithmic_medoid,True,True,1,0.0018660929009485239,0.9981339070990515,0.9981339070990515,0.9981339070990515,0.0,3156,0.4862015504981569,"[""NaasN"", ""SaasN""]"
final,2288,2,NaasN,SaasN,SaasN,algorithmic_medoid,False,False,2,0.0018660929009485239,0.9981339070990515,0.9981339070990515,0.9981339070990515,0.0,3156,0.16380612059673488,"[""NaasN"", ""SaasN""]"
final,2289,2,SddC,SddC,SddC,algorithmic_medoid,True,True,1,0.0,1.0,1.0,1.0,0.0,3156,0.0011636397663247065,"[""NddC"", ""SddC""]"
final,2289,2,NddC,SddC,SddC,algorithmic_medoid,False,False,2,0.0,1.0,1.0,1.0,0.0,3156,0.00031675638251560997,"[""NddC"", ""SddC""]"
final,2290,1,NdssC,NdssC,NdssC,algorithmic_medoid,True,True,1,0.0,1.0,1.0,1.0,0.0,3156,1.9490956931573393,"[""NdssC""]"
final,2291,2,SdssS,SdssS,SdssS,algorithmic_medoid,True,True,1,3.5318190407807037e-06,0.9999964681809592,0.9999964681809592,0.9999964681809592,0.0,3156,0.012215677220102871,"[""NdssS"", ""SdssS""]"
final,2291,2,NdssS,SdssS,SdssS,algorithmic_medoid,False,False,2,3.5318190407807037e-06,0.9999964681809592,0.9999964681809592,0.9999964681809592,0.0,3156,0.005991263748532178,"[""NdssS"", ""SdssS""]"
final,2292,2,SsSH,SsSH,SsSH,algorithmic_medoid,True,True,1,2.011149208280827e-07,0.9999997988850792,0.9999997988850792,0.9999997988850792,0.0,3156,0.040437839912132095,"[""NsSH"", ""SsSH""]"
final,2292,2,NsSH,SsSH,SsSH,algorithmic_medoid,False,False,2,2.011149208280827e-07,0.9999997988850792,0.9999997988850792,0.9999997988850792,0.0,3156,0.00253123990997894,"[""NsSH"", ""SsSH""]"
final,2293,2,SssCH2,SssCH2,SssCH2,algorithmic_medoid,True,True,1,0.1217673704418405,0.8782326295581595,0.8782326295581595,0.8782326295581595,0.0,3156,9.594026529895634,"[""NssCH2"", ""SssCH2""]"
final,2293,2,NssCH2,SssCH2,SssCH2,algorithmic_medoid,False,False,2,0.1217673704418405,0.8782326295581595,0.8782326295581595,0.8782326295581595,0.0,3156,8.837494939929737,"[""NssCH2"", ""SssCH2""]"
final,2294,2,SssNH,SssNH,SssNH,algorithmic_medoid,True,True,1,0.01927557266529567,0.9807244273347043,0.9807244273347043,0.9807244273347043,0.0,3156,3.9888672143133324,"[""NssNH"", ""SssNH""]"
final,2294,2,NssNH,SssNH,SssNH,algorithmic_medoid,False,False,2,0.01927557266529567,0.9807244273347043,0.9807244273347043,0.9807244273347043,0.0,3156,0.46124950001686693,"[""NssNH"", ""SssNH""]"
final,2295,2,SssS,SssS,SssS,algorithmic_medoid,True,True,1,0.0016653692422818889,0.9983346307577181,0.9983346307577181,0.9983346307577181,0.0,3156,0.26579461455775133,"[""NssS"", ""SssS""]"
final,2295,2,NssS,SssS,SssS,algorithmic_medoid,False,False,2,0.0016653692422818889,0.9983346307577181,0.9983346307577181,0.9983346307577181,0.0,3156,0.11116843849444437,"[""NssS"", ""SssS""]"
final,2296,1,NsssCH,NsssCH,NsssCH,algorithmic_medoid,True,True,1,0.0,1.0,1.0,1.0,0.0,3156,2.6650217422384146,"[""NsssCH""]"
final,2297,2,SsssN,SsssN,SsssN,algorithmic_medoid,True,True,1,0.02190384348342289,0.9780961565165771,0.9780961565165771,0.9780961565165771,0.0,3156,3.114786510717688,"[""NsssN"", ""SsssN""]"
final,2297,2,NsssN,SsssN,SsssN,algorithmic_medoid,False,False,2,0.02190384348342289,0.9780961565165771,0.9780961565165771,0.9780961565165771,0.0,3156,0.6765803884527589,"[""NsssN"", ""SsssN""]"
final,2298,1,PBF,PBF,PBF,algorithmic_medoid,True,True,1,0.0,1.0,1.0,1.0,0.0,3156,0.08193576301378332,"[""PBF""]"
final,2299,1,PEOE_VSA1,PEOE_VSA1,PEOE_VSA1,algorithmic_medoid,True,True,1,0.0,1.0,1.0,1.0,0.0,3156,49.94182504016412,"[""PEOE_VSA1""]"
final,2300,1,PEOE_VSA10,PEOE_VSA10,PEOE_VSA10,algorithmic_medoid,True,True,1,0.0,1.0,1.0,1.0,0.0,3156,54.48356722101367,"[""PEOE_VSA10""]"
final,2301,1,PEOE_VSA11,PEOE_VSA11,PEOE_VSA11,algorithmic_medoid,True,True,1,0.0,1.0,1.0,1.0,0.0,3156,39.21569814942397,"[""PEOE_VSA11""]"
final,2302,1,PEOE_VSA12,PEOE_VSA12,PEOE_VSA12,algorithmic_medoid,True,True,1,0.0,1.0,1.0,1.0,0.0,3156,21.14659498935936,"[""PEOE_VSA12""]"
final,2303,1,PEOE_VSA13,PEOE_VSA13,PEOE_VSA13,algorithmic_medoid,True,True,1,0.0,1.0,1.0,1.0,0.0,3156,10.061551898101655,"[""PEOE_VSA13""]"
final,2304,1,PEOE_VSA2,PEOE_VSA2,PEOE_VSA2,algorithmic_medoid,True,True,1,0.0,1.0,1.0,1.0,0.0,3156,35.357483295514456,"[""PEOE_VSA2""]"
final,2305,1,PEOE_VSA3,PEOE_VSA3,PEOE_VSA3,algorithmic_medoid,True,True,1,0.0,1.0,1.0,1.0,0.0,3156,23.975223773724093,"[""PEOE_VSA3""]"
final,2306,1,PEOE_VSA4,PEOE_VSA4,PEOE_VSA4,algorithmic_medoid,True,True,1,0.0,1.0,1.0,1.0,0.0,3156,15.016218272650788,"[""PEOE_VSA4""]"
final,2307,1,PEOE_VSA5,PEOE_VSA5,PEOE_VSA5,algorithmic_medoid,True,True,1,0.0,1.0,1.0,1.0,0.0,3156,23.755802273279432,"[""PEOE_VSA5""]"
final,2308,1,PEOE_VSA6,PEOE_VSA6,PEOE_VSA6,algorithmic_medoid,True,True,1,0.0,1.0,1.0,1.0,0.0,3156,280.7953314277789,"[""PEOE_VSA6""]"
final,2309,1,PEOE_VSA7,PEOE_VSA7,PEOE_VSA7,algorithmic_medoid,True,True,1,0.0,1.0,1.0,1.0,0.0,3156,410.81135172145537,"[""PEOE_VSA7""]"
final,2310,1,PEOE_VSA8,PEOE_VSA8,PEOE_VSA8,algorithmic_medoid,True,True,1,0.0,1.0,1.0,1.0,0.0,3156,190.97795946332985,"[""PEOE_VSA8""]"
final,2311,1,PEOE_VSA9,PEOE_VSA9,PEOE_VSA9,algorithmic_medoid,True,True,1,0.0,1.0,1.0,1.0,0.0,3156,92.0944585947092,"[""PEOE_VSA9""]"
final,2312,3,WNSA2,WNSA2,WNSA2,algorithmic_medoid,True,True,1,0.03290059374119614,0.9670994062588039,0.9511112832853796,0.9830875292322282,0.0,3156,42193.535269107655,"[""PNSA2"", ""WNSA1"", ""WNSA2""]"
final,2312,3,PNSA2,WNSA2,WNSA2,algorithmic_medoid,False,False,2,0.042451651013669656,0.9575483489863303,0.9320091687404325,0.9830875292322282,0.0,3156,66714.26281463774,"[""PNSA2"", ""WNSA1"", ""WNSA2""]"
final,2312,3,WNSA1,WNSA2,WNSA2,algorithmic_medoid,False,False,3,0.05843977398709388,0.9415602260129061,0.9320091687404325,0.9511112832853796,0.0,3156,2902.4686278346253,"[""PNSA2"", ""WNSA1"", ""WNSA2""]"
final,2313,3,WPSA1,WPSA1,WPSA1,algorithmic_medoid,True,True,1,0.07349159269849914,0.9265084073015009,0.8809450940777745,0.9720717205252271,0.0,3156,10102.082764261928,"[""PPSA1"", ""TASA"", ""WPSA1""]"
final,2313,3,PPSA1,WPSA1,WPSA1,algorithmic_medoid,False,False,2,0.09048496193273148,0.9095150380672685,0.8469583556093099,0.9720717205252271,0.0,3156,10966.647250566732,"[""PPSA1"", ""TASA"", ""WPSA1""]"
final,2313,3,TASA,WPSA1,WPSA1,algorithmic_medoid,False,False,3,0.1360482751564578,0.8639517248435422,0.8469583556093099,0.8809450940777745,0.0,3156,14128.806413911147,"[""PPSA1"", ""TASA"", ""WPSA1""]"
final,2314,3,RPSA,RPSA,RPSA,algorithmic_medoid,True,True,1,0.033123225784673194,0.9668767742153268,0.9337544311227888,0.9999991173078648,0.0,3156,0.011894427040377726,"[""RASA"", ""RPSA"", ""TPSA""]"
final,2314,3,RASA,RPSA,RPSA,algorithmic_medoid,False,False,2,0.033123637893519464,0.9668763621064805,0.9337536069050962,0.9999991173078648,0.0,3156,0.011894427040377726,"[""RASA"", ""RPSA"", ""TPSA""]"
final,2314,3,TPSA,RPSA,RPSA,algorithmic_medoid,False,False,3,0.0662459809860575,0.9337540190139425,0.9337536069050962,0.9337544311227888,0.0,3156,3674.4366166109858,"[""RASA"", ""RPSA"", ""TPSA""]"
final,2315,1,RNCG,RNCG,RNCG,algorithmic_medoid,True,True,1,0.0,1.0,1.0,1.0,0.0,3156,0.008620497890546714,"[""RNCG""]"
final,2316,1,RNCS,RNCS,RNCS,algorithmic_medoid,True,True,1,0.0,1.0,1.0,1.0,0.0,3156,3377.7132397312625,"[""RNCS""]"
final,2317,1,RPCG,RPCG,RPCG,algorithmic_medoid,True,True,1,0.0,1.0,1.0,1.0,0.0,3156,0.004714605867447887,"[""RPCG""]"
final,2318,1,RPCS,RPCS,RPCS,algorithmic_medoid,True,True,1,0.0,1.0,1.0,1.0,0.0,3156,3906.6039223273806,"[""RPCS""]"
final,2319,1,SLogP,SLogP,SLogP,algorithmic_medoid,True,True,1,0.0,1.0,1.0,1.0,0.0,3156,1.607991951678357,"[""SLogP""]"
final,2320,1,SMR_VSA3,SMR_VSA3,SMR_VSA3,algorithmic_medoid,True,True,1,0.0,1.0,1.0,1.0,0.0,3156,43.17251665556296,"[""SMR_VSA3""]"
final,2321,1,SMR_VSA4,SMR_VSA4,SMR_VSA4,algorithmic_medoid,True,True,1,0.0,1.0,1.0,1.0,0.0,3156,71.41024166943536,"[""SMR_VSA4""]"
final,2322,2,SMR_VSA5,SMR_VSA5,SMR_VSA5,algorithmic_medoid,True,True,1,0.12095667855773184,0.8790433214422682,0.8790433214422682,0.8790433214422682,0.0,3156,511.438740748216,"[""SMR_VSA5"", ""SlogP_VSA5""]"
final,2322,2,SlogP_VSA5,SMR_VSA5,SMR_VSA5,algorithmic_medoid,False,False,2,0.12095667855773184,0.8790433214422682,0.8790433214422682,0.8790433214422682,0.0,3156,335.9140786425847,"[""SMR_VSA5"", ""SlogP_VSA5""]"
final,2323,1,SMR_VSA6,SMR_VSA6,SMR_VSA6,algorithmic_medoid,True,True,1,0.0,1.0,1.0,1.0,0.0,3156,196.51293541915845,"[""SMR_VSA6""]"
final,2324,1,SMR_VSA9,SMR_VSA9,SMR_VSA9,algorithmic_medoid,True,True,1,0.0,1.0,1.0,1.0,0.0,3156,36.17074738145896,"[""SMR_VSA9""]"
final,2325,5,SRW05,SRW05,SRW05,algorithmic_medoid,True,True,1,0.06852688200932211,0.9314731179906779,0.9098119186525705,0.9526155289285823,0.0,3156,2.013427813287818,"[""SRW05"", ""SRW07"", ""SRW09"", ""Xch-5d"", ""Xch-5dv""]"
final,2325,5,SRW07,SRW05,SRW05,algorithmic_medoid,False,False,2,0.08905665612688174,0.9109433438731183,0.83588747689654,0.9966592978526213,0.0,3156,6.103462933249253,"[""SRW05"", ""SRW07"", ""SRW09"", ""Xch-5d"", ""Xch-5dv""]"
final,2325,5,SRW09,SRW05,SRW05,algorithmic_medoid,False,False,3,0.09493445613354856,0.9050655438664514,0.8272511755684449,0.9966592978526213,0.0,3156,12.279517492100222,"[""SRW05"", ""SRW07"", ""SRW09"", ""Xch-5d"", ""Xch-5dv""]"
final,2325,5,Xch-5dv,SRW05,SRW05,algorithmic_medoid,False,False,4,0.10499323634980295,0.895006763650197,0.8534832664455748,0.9581207976879131,0.0,3156,0.03070662257779024,"[""SRW05"", ""SRW07"", ""SRW09"", ""Xch-5d"", ""Xch-5dv""]"
final,2325,5,Xch-5d,SRW05,SRW05,algorithmic_medoid,False,False,5,0.11453599026617689,0.8854640097338231,0.8272511755684449,0.9581207976879131,0.0,3156,0.03630508740689723,"[""SRW05"", ""SRW07"", ""SRW09"", ""Xch-5d"", ""Xch-5dv""]"
final,2326,1,SaasC,SaasC,SaasC,algorithmic_medoid,True,True,1,0.0,1.0,1.0,1.0,0.0,3156,3.2813633949329994,"[""SaasC""]"
final,2327,1,SdssC,SdssC,SdssC,algorithmic_medoid,True,True,1,0.0,1.0,1.0,1.0,0.0,3156,0.8364107367982017,"[""SdssC""]"
final,2328,1,SlogP_VSA1,SlogP_VSA1,SlogP_VSA1,algorithmic_medoid,True,True,1,0.0,1.0,1.0,1.0,0.0,3156,34.43484057506503,"[""SlogP_VSA1""]"
final,2329,1,SlogP_VSA10,SlogP_VSA10,SlogP_VSA10,algorithmic_medoid,True,True,1,0.0,1.0,1.0,1.0,0.0,3156,30.29407141436276,"[""SlogP_VSA10""]"
final,2330,1,SlogP_VSA2,SlogP_VSA2,SlogP_VSA2,algorithmic_medoid,True,True,1,0.0,1.0,1.0,1.0,0.0,3156,364.19614293499427,"[""SlogP_VSA2""]"
final,2331,1,SlogP_VSA3,SlogP_VSA3,SlogP_VSA3,algorithmic_medoid,True,True,1,0.0,1.0,1.0,1.0,0.0,3156,63.09889153135318,"[""SlogP_VSA3""]"
final,2332,1,SlogP_VSA4,SlogP_VSA4,SlogP_VSA4,algorithmic_medoid,True,True,1,0.0,1.0,1.0,1.0,0.0,3156,83.18999687553169,"[""SlogP_VSA4""]"
final,2333,1,SlogP_VSA8,SlogP_VSA8,SlogP_VSA8,algorithmic_medoid,True,True,1,0.0,1.0,1.0,1.0,0.0,3156,34.047699922384,"[""SlogP_VSA8""]"
final,2334,1,SsssCH,SsssCH,SsssCH,algorithmic_medoid,True,True,1,0.0,1.0,1.0,1.0,0.0,3156,1.3933874983390715,"[""SsssCH""]"
final,2335,1,SssssC,SssssC,SssssC,algorithmic_medoid,True,True,1,0.0,1.0,1.0,1.0,0.0,3156,2.747824786103875,"[""SssssC""]"
final,2336,1,SssssN,SssssN,SssssN,algorithmic_medoid,True,True,1,0.0,1.0,1.0,1.0,0.0,3156,0.016526367149863202,"[""SssssN""]"
final,2337,1,TSRW10,TSRW10,TSRW10,algorithmic_medoid,True,True,1,0.0,1.0,1.0,1.0,0.0,3156,211.11221933122403,"[""TSRW10""]"
final,2338,4,TopoPSA,TopoPSA,TopoPSA,algorithmic_medoid,True,True,1,0.12804972599765863,0.8719502740023414,0.8251206933531658,0.9577183704424608,0.0,3156,1509.8477653665898,"[""TopoPSA"", ""TopoPSA(NO)"", ""nHBAcc"", ""nHetero""]"
final,2338,4,TopoPSA(NO),TopoPSA,TopoPSA,algorithmic_medoid,False,False,2,0.13915696424804513,0.8608430357519549,0.8064358719926459,0.9577183704424608,0.0,3156,1210.3170751036914,"[""TopoPSA"", ""TopoPSA(NO)"", ""nHBAcc"", ""nHetero""]"
final,2338,4,nHetero,TopoPSA,TopoPSA,algorithmic_medoid,False,False,3,0.17204492870928656,0.8279550712907134,0.8183748648207583,0.8330117582113975,0.0,3156,6.703105096052983,"[""TopoPSA"", ""TopoPSA(NO)"", ""nHBAcc"", ""nHetero""]"
final,2338,4,nHBAcc,TopoPSA,TopoPSA,algorithmic_medoid,False,False,4,0.17865494793806802,0.821345052061932,0.8064358719926459,0.8324785908399843,0.0,3156,3.8546132379469933,"[""TopoPSA"", ""TopoPSA(NO)"", ""nHBAcc"", ""nHetero""]"
final,2339,9,TpiPC10,TpiPC10,TpiPC10,algorithmic_medoid,True,True,1,0.023582143858153937,0.9764178561418461,0.9190294392161823,0.9945522935770621,0.0,3156,1.7243091518252847,"[""TpiPC10"", ""piPC10"", ""piPC3"", ""piPC4"", ""piPC5"", ""piPC6"", ""piPC7"", ""piPC8"", ""piPC9""]"
final,2339,9,piPC7,TpiPC10,TpiPC10,algorithmic_medoid,False,False,2,0.02704389863317047,0.9729561013668295,0.9138580312127669,0.9936282899861006,0.0,3156,2.316633658455319,"[""TpiPC10"", ""piPC10"", ""piPC3"", ""piPC4"", ""piPC5"", ""piPC6"", ""piPC7"", ""piPC8"", ""piPC9""]"
final,2339,9,piPC6,TpiPC10,TpiPC10,algorithmic_medoid,False,False,3,0.027729493272282912,0.9722705067277171,0.9312608816697684,0.9933411783242698,0.0,3156,1.7106306791659087,"[""TpiPC10"", ""piPC10"", ""piPC3"", ""piPC4"", ""piPC5"", ""piPC6"", ""piPC7"", ""piPC8"", ""piPC9""]"
final,2339,9,piPC8,TpiPC10,TpiPC10,algorithmic_medoid,False,False,4,0.031652652804821324,0.9683473471951787,0.8965267265797615,0.994286781669964,0.0,3156,3.103383019113588,"[""TpiPC10"", ""piPC10"", ""piPC3"", ""piPC4"", ""piPC5"", ""piPC6"", ""piPC7"", ""piPC8"", ""piPC9""]"
final,2339,9,piPC5,TpiPC10,TpiPC10,algorithmic_medoid,False,False,5,0.03216909431493953,0.9678309056850605,0.9482682876684958,0.985242431128584,0.0,3156,1.2771405098912971,"[""TpiPC10"", ""piPC10"", ""piPC3"", ""piPC4"", ""piPC5"", ""piPC6"", ""piPC7"", ""piPC8"", ""piPC9""]"
final,2339,9,piPC9,TpiPC10,TpiPC10,algorithmic_medoid,False,False,6,0.03605241366670231,0.9639475863332977,0.8929665846704536,0.9945522935770621,0.0,3156,4.0298355311681595,"[""TpiPC10"", ""piPC10"", ""piPC3"", ""piPC4"", ""piPC5"", ""piPC6"", ""piPC7"", ""piPC8"", ""piPC9""]"
final,2339,9,piPC4,TpiPC10,TpiPC10,algorithmic_medoid,False,False,7,0.04077895568759948,0.9592210443124005,0.9350030666724579,0.984684642140773,0.0,3156,0.8733611368459848,"[""TpiPC10"", ""piPC10"", ""piPC3"", ""piPC4"", ""piPC5"", ""piPC6"", ""piPC7"", ""piPC8"", ""piPC9""]"
final,2339,9,piPC10,TpiPC10,TpiPC10,algorithmic_medoid,False,False,8,0.0412522291900177,0.9587477708099823,0.8985290655162476,0.9906934479558837,0.0,3156,5.105179410421304,"[""TpiPC10"", ""piPC10"", ""piPC3"", ""piPC4"", ""piPC5"", ""piPC6"", ""piPC7"", ""piPC8"", ""piPC9""]"
final,2339,9,piPC3,TpiPC10,TpiPC10,algorithmic_medoid,False,False,9,0.07705355341354148,0.9229464465864585,0.8929665846704536,0.9812976591822618,0.0,3156,0.5223703141665874,"[""TpiPC10"", ""piPC10"", ""piPC3"", ""piPC4"", ""piPC5"", ""piPC6"", ""piPC7"", ""piPC8"", ""piPC9""]"
final,2340,1,VSA_EState1,VSA_EState1,VSA_EState1,algorithmic_medoid,True,True,1,0.0,1.0,1.0,1.0,0.0,3156,186.91100417315138,"[""VSA_EState1""]"
final,2341,1,VSA_EState2,VSA_EState2,VSA_EState2,algorithmic_medoid,True,True,1,0.0,1.0,1.0,1.0,0.0,3156,180.57226098676054,"[""VSA_EState2""]"
final,2342,1,VSA_EState3,VSA_EState3,VSA_EState3,algorithmic_medoid,True,True,1,0.0,1.0,1.0,1.0,0.0,3156,72.09349913675648,"[""VSA_EState3""]"
final,2343,1,VSA_EState4,VSA_EState4,VSA_EState4,algorithmic_medoid,True,True,1,0.0,1.0,1.0,1.0,0.0,3156,10.110477711598506,"[""VSA_EState4""]"
final,2344,1,VSA_EState5,VSA_EState5,VSA_EState5,algorithmic_medoid,True,True,1,0.0,1.0,1.0,1.0,0.0,3156,2.336334066170918,"[""VSA_EState5""]"
final,2345,1,VSA_EState7,VSA_EState7,VSA_EState7,algorithmic_medoid,True,True,1,0.0,1.0,1.0,1.0,0.0,3156,11.341637915965597,"[""VSA_EState7""]"
final,2346,1,VSA_EState8,VSA_EState8,VSA_EState8,algorithmic_medoid,True,True,1,0.0,1.0,1.0,1.0,0.0,3156,8.395425410207325,"[""VSA_EState8""]"
final,2347,1,VSA_EState9,VSA_EState9,VSA_EState9,algorithmic_medoid,True,True,1,0.0,1.0,1.0,1.0,0.0,3156,4.3878486597869175,"[""VSA_EState9""]"
final,2348,2,Xc-5d,Xc-5d,Xc-5d,algorithmic_medoid,True,True,1,0.09377572156510672,0.9062242784348933,0.9062242784348933,0.9062242784348933,0.0,3156,0.27807685502451623,"[""Xc-5d"", ""Xc-5dv""]"
final,2348,2,Xc-5dv,Xc-5d,Xc-5d,algorithmic_medoid,False,False,2,0.09377572156510672,0.9062242784348933,0.9062242784348933,0.9062242784348933,0.0,3156,0.09814594338898523,"[""Xc-5d"", ""Xc-5dv""]"
final,2349,2,Xch-4dv,Xch-4dv,Xch-4dv,algorithmic_medoid,True,True,1,0.00017223498967711137,0.9998277650103229,0.9998277650103229,0.9998277650103229,0.0,3156,0.008435660725404198,"[""Xch-4d"", ""Xch-4dv""]"
final,2349,2,Xch-4d,Xch-4dv,Xch-4dv,algorithmic_medoid,False,False,2,0.00017223498967711137,0.9998277650103229,0.9998277650103229,0.9998277650103229,0.0,3156,0.007730052055514844,"[""Xch-4d"", ""Xch-4dv""]"
final,2350,4,Xch-6dv,Xch-6dv,Xch-6dv,algorithmic_medoid,True,True,1,0.08004107889446888,0.9199589211055311,0.8916465773032197,0.9352153256519472,0.0,3156,0.0767011198390522,"[""Xch-6d"", ""Xch-6dv"", ""Xch-7d"", ""Xch-7dv""]"
final,2350,4,Xch-7d,Xch-6dv,Xch-6dv,algorithmic_medoid,False,False,2,0.08751302226336566,0.9124869777366343,0.8916465773032197,0.9384779385654755,0.0,3156,0.33502698029093486,"[""Xch-6d"", ""Xch-6dv"", ""Xch-7d"", ""Xch-7dv""]"
final,2350,4,Xch-7dv,Xch-6dv,Xch-6dv,algorithmic_medoid,False,False,3,0.09151839468777678,0.9084816053122232,0.8539520170097681,0.9384779385654755,0.0,3156,0.1727144119273535,"[""Xch-6d"", ""Xch-6dv"", ""Xch-7d"", ""Xch-7dv""]"
final,2350,4,Xch-6d,Xch-6dv,Xch-6dv,algorithmic_medoid,False,False,4,0.10116541333235884,0.8988345866676412,0.8539520170097681,0.9352153256519472,0.0,3156,0.11315130762054568,"[""Xch-6d"", ""Xch-6dv"", ""Xch-7d"", ""Xch-7dv""]"
final,2351,8,Xp-4dv,Xp-4dv,Xp-4dv,algorithmic_medoid,True,True,1,0.0446235782350074,0.9553764217649926,0.9045811186929901,0.9863678389329774,0.0,3156,3.8048329205303517,"[""Xp-3dv"", ""Xp-4dv"", ""Xp-5dv"", ""Xp-6dv"", ""Xp-7dv"", ""Xpc-4dv"", ""Xpc-5dv"", ""Xpc-6dv""]"
final,2351,8,Xp-5dv,Xp-4dv,Xp-4dv,algorithmic_medoid,False,False,2,0.04947786095170981,0.9505221390482902,0.8832542513797498,0.9909086434116904,0.0,3156,2.5371600870645628,"[""Xp-3dv"", ""Xp-4dv"", ""Xp-5dv"", ""Xp-6dv"", ""Xp-7dv"", ""Xpc-4dv"", ""Xpc-5dv"", ""Xpc-6dv""]"
final,2351,8,Xp-6dv,Xp-4dv,Xp-4dv,algorithmic_medoid,False,False,3,0.05131474687419424,0.9486852531258058,0.8818025816123388,0.9910670336035128,0.0,3156,1.4503120535522058,"[""Xp-3dv"", ""Xp-4dv"", ""Xp-5dv"", ""Xp-6dv"", ""Xp-7dv"", ""Xpc-4dv"", ""Xpc-5dv"", ""Xpc-6dv""]"
final,2351,8,Xp-3dv,Xp-4dv,Xp-4dv,algorithmic_medoid,False,False,4,0.056651312556614486,0.9433486874433855,0.9082930073571558,0.9863613009233683,0.0,3156,5.056667862920964,"[""Xp-3dv"", ""Xp-4dv"", ""Xp-5dv"", ""Xp-6dv"", ""Xp-7dv"", ""Xpc-4dv"", ""Xpc-5dv"", ""Xpc-6dv""]"
final,2351,8,Xpc-6dv,Xp-4dv,Xp-4dv,algorithmic_medoid,False,False,5,0.06526057523201889,0.9347394247679811,0.899919652417263,0.9912302707000127,0.0,3156,21.71098582359607,"[""Xp-3dv"", ""Xp-4dv"", ""Xp-5dv"", ""Xp-6dv"", ""Xp-7dv"", ""Xpc-4dv"", ""Xpc-5dv"", ""Xpc-6dv""]"
final,2351,8,Xp-7dv,Xp-4dv,Xp-4dv,algorithmic_medoid,False,False,6,0.06809360600261283,0.9319063939973872,0.8516382731778716,0.9910670336035128,0.0,3156,0.8029759343375055,"[""Xp-3dv"", ""Xp-4dv"", ""Xp-5dv"", ""Xp-6dv"", ""Xp-7dv"", ""Xpc-4dv"", ""Xpc-5dv"", ""Xpc-6dv""]"
final,2351,8,Xpc-5dv,Xp-4dv,Xp-4dv,algorithmic_medoid,False,False,7,0.06816946085028397,0.931830539149716,0.8819988050101752,0.9912302707000127,0.0,3156,7.836440339881687,"[""Xp-3dv"", ""Xp-4dv"", ""Xp-5dv"", ""Xp-6dv"", ""Xp-7dv"", ""Xpc-4dv"", ""Xpc-5dv"", ""Xpc-6dv""]"
final,2351,8,Xpc-4dv,Xp-4dv,Xp-4dv,algorithmic_medoid,False,False,8,0.08990663934793941,0.9100933606520606,0.8516382731778716,0.9784607462524152,0.0,3156,2.5574242478821683,"[""Xp-3dv"", ""Xp-4dv"", ""Xp-5dv"", ""Xp-6dv"", ""Xp-7dv"", ""Xpc-4dv"", ""Xpc-5dv"", ""Xpc-6dv""]"
final,2352,2,ZMIC1,ZMIC1,ZMIC1,algorithmic_medoid,True,True,1,0.12686740395142293,0.8731325960485771,0.8731325960485771,0.8731325960485771,0.0,3156,129.68251003564274,"[""ZMIC1"", ""ZMIC2""]"
final,2352,2,ZMIC2,ZMIC1,ZMIC1,algorithmic_medoid,False,False,2,0.12686740395142293,0.8731325960485771,0.8731325960485771,0.8731325960485771,0.0,3156,50.88792247124467,"[""ZMIC1"", ""ZMIC2""]"
final,2353,3,ZMIC4,ZMIC4,ZMIC4,algorithmic_medoid,True,True,1,0.01714079223155851,0.9828592077684415,0.972219211452276,0.9934992040846069,0.0,3156,30.38804291689938,"[""ZMIC3"", ""ZMIC4"", ""ZMIC5""]"
final,2353,3,ZMIC5,ZMIC4,ZMIC4,algorithmic_medoid,False,False,2,0.027583120065697186,0.9724168799343028,0.9513345557839987,0.9934992040846069,0.0,3156,29.307314853842502,"[""ZMIC3"", ""ZMIC4"", ""ZMIC5""]"
final,2353,3,ZMIC3,ZMIC4,ZMIC4,algorithmic_medoid,False,False,3,0.03822311638186271,0.9617768836181373,0.9513345557839987,0.972219211452276,0.0,3156,32.937913526966724,"[""ZMIC3"", ""ZMIC4"", ""ZMIC5""]"
final,2354,1,fMF,fMF,fMF,algorithmic_medoid,True,True,1,0.0,1.0,1.0,1.0,0.0,3156,0.01722342264778867,"[""fMF""]"
final,2355,2,n10FARing,n10FARing,n10FARing,algorithmic_medoid,True,True,1,0.11322010737123855,0.8867798926287614,0.8867798926287614,0.8867798926287614,0.0,3156,0.05074879000065861,"[""n10FAHRing"", ""n10FARing""]"
final,2355,2,n10FAHRing,n10FARing,n10FARing,algorithmic_medoid,False,False,2,0.11322010737123855,0.8867798926287614,0.8867798926287614,0.8867798926287614,0.0,3156,0.04099972129454267,"[""n10FAHRing"", ""n10FARing""]"
final,2356,2,n10FRing,n10FRing,n10FRing,algorithmic_medoid,True,True,1,0.10746339148844142,0.8925366085115586,0.8925366085115586,0.8925366085115586,0.0,3156,0.09871986246247116,"[""n10FHRing"", ""n10FRing""]"
final,2356,2,n10FHRing,n10FRing,n10FRing,algorithmic_medoid,False,False,2,0.10746339148844142,0.8925366085115586,0.8925366085115586,0.8925366085115586,0.0,3156,0.08303926694842426,"[""n10FHRing"", ""n10FRing""]"
final,2357,2,n10FaRing,n10FaRing,n10FaRing,algorithmic_medoid,True,True,1,0.09106974184784544,0.9089302581521546,0.9089302581521546,0.9089302581521546,0.0,3156,0.04786424875626686,"[""n10FaHRing"", ""n10FaRing""]"
final,2357,2,n10FaHRing,n10FaRing,n10FaRing,algorithmic_medoid,False,False,2,0.09106974184784544,0.9089302581521546,0.9089302581521546,0.9089302581521546,0.0,3156,0.04091508559550601,"[""n10FaHRing"", ""n10FaRing""]"
final,2358,4,n11FHRing,n11FHRing,n11FHRing,algorithmic_medoid,True,True,1,0.0036638351055260365,0.996336164894474,0.994504247341711,1.0,0.0,3156,0.028897418721617423,"[""n11FAHRing"", ""n11FARing"", ""n11FHRing"", ""n11FRing""]"
final,2358,4,n11FRing,n11FHRing,n11FHRing,algorithmic_medoid,False,False,2,0.0036638351055260365,0.996336164894474,0.994504247341711,1.0,0.0,3156,0.028897418721617423,"[""n11FAHRing"", ""n11FARing"", ""n11FHRing"", ""n11FRing""]"
final,2358,4,n11FAHRing,n11FHRing,n11FHRing,algorithmic_medoid,False,False,3,0.0036638351055260365,0.996336164894474,0.994504247341711,1.0,0.0,3156,0.028599336407928406,"[""n11FAHRing"", ""n11FARing"", ""n11FHRing"", ""n11FRing""]"
final,2358,4,n11FARing,n11FHRing,n11FHRing,algorithmic_medoid,False,False,4,0.0036638351055260365,0.996336164894474,0.994504247341711,1.0,0.0,3156,0.028599336407928406,"[""n11FAHRing"", ""n11FARing"", ""n11FHRing"", ""n11FRing""]"
final,2359,3,n11FaHRing,n11FaHRing,n11FaHRing,algorithmic_medoid,True,True,1,0.0,1.0,1.0,1.0,0.0,3156,0.00031675638251560997,"[""n11FaHRing"", ""n11FaRing"", ""n7aHRing""]"
final,2359,3,n11FaRing,n11FaHRing,n11FaHRing,algorithmic_medoid,False,False,2,0.0,1.0,1.0,1.0,0.0,3156,0.00031675638251560997,"[""n11FaHRing"", ""n11FaRing"", ""n7aHRing""]"
final,2359,3,n7aHRing,n11FaHRing,n11FaHRing,algorithmic_medoid,False,False,3,0.0,1.0,1.0,1.0,0.0,3156,0.00031675638251560997,"[""n11FaHRing"", ""n11FaRing"", ""n7aHRing""]"
final,2360,4,n12FAHRing,n12FAHRing,n12FAHRing,algorithmic_medoid,True,True,1,0.0,1.0,1.0,1.0,0.0,3156,0.006296976326903027,"[""n12FAHRing"", ""n12FARing"", ""n12FHRing"", ""n12FRing""]"
final,2360,4,n12FARing,n12FAHRing,n12FAHRing,algorithmic_medoid,False,False,2,0.0,1.0,1.0,1.0,0.0,3156,0.006296976326903027,"[""n12FAHRing"", ""n12FARing"", ""n12FHRing"", ""n12FRing""]"
final,2360,4,n12FHRing,n12FAHRing,n12FAHRing,algorithmic_medoid,False,False,3,0.0,1.0,1.0,1.0,0.0,3156,0.006296976326903027,"[""n12FAHRing"", ""n12FARing"", ""n12FHRing"", ""n12FRing""]"
final,2360,4,n12FRing,n12FAHRing,n12FAHRing,algorithmic_medoid,False,False,4,0.0,1.0,1.0,1.0,0.0,3156,0.006296976326903027,"[""n12FAHRing"", ""n12FARing"", ""n12FHRing"", ""n12FRing""]"
final,2361,2,n5ARing,n5ARing,n5ARing,algorithmic_medoid,True,True,1,0.18374827674655958,0.8162517232534404,0.8162517232534404,0.8162517232534404,0.0,3156,0.3261603825413119,"[""n5AHRing"", ""n5ARing""]"
final,2361,2,n5AHRing,n5ARing,n5ARing,algorithmic_medoid,False,False,2,0.18374827674655958,0.8162517232534404,0.8162517232534404,0.8162517232534404,0.0,3156,0.21802266509884807,"[""n5AHRing"", ""n5ARing""]"
final,2362,2,n5aHRing,n5aHRing,n5aHRing,algorithmic_medoid,True,True,1,0.0,1.0,1.0,1.0,0.0,3156,0.22651876402563123,"[""n5aHRing"", ""n5aRing""]"
final,2362,2,n5aRing,n5aHRing,n5aHRing,algorithmic_medoid,False,False,2,0.0,1.0,1.0,1.0,0.0,3156,0.22651876402563123,"[""n5aHRing"", ""n5aRing""]"
final,2363,1,n6AHRing,n6AHRing,n6AHRing,algorithmic_medoid,True,True,1,0.0,1.0,1.0,1.0,0.0,3156,0.39704764979815943,"[""n6AHRing""]"
final,2364,1,n6ARing,n6ARing,n6ARing,algorithmic_medoid,True,True,1,0.0,1.0,1.0,1.0,0.0,3156,1.0767933933152456,"[""n6ARing""]"
final,2365,4,n6FAHRing,n6FAHRing,n6FAHRing,algorithmic_medoid,True,True,1,0.0,1.0,1.0,1.0,0.0,3156,0.0012658207514284654,"[""n6FAHRing"", ""n6FARing"", ""n6FHRing"", ""n6FRing""]"
final,2365,4,n6FARing,n6FAHRing,n6FAHRing,algorithmic_medoid,False,False,2,0.0,1.0,1.0,1.0,0.0,3156,0.0012658207514284654,"[""n6FAHRing"", ""n6FARing"", ""n6FHRing"", ""n6FRing""]"
final,2365,4,n6FHRing,n6FAHRing,n6FAHRing,algorithmic_medoid,False,False,3,0.0,1.0,1.0,1.0,0.0,3156,0.0012658207514284654,"[""n6FAHRing"", ""n6FARing"", ""n6FHRing"", ""n6FRing""]"
final,2365,4,n6FRing,n6FAHRing,n6FAHRing,algorithmic_medoid,False,False,4,0.0,1.0,1.0,1.0,0.0,3156,0.0012658207514284654,"[""n6FAHRing"", ""n6FARing"", ""n6FHRing"", ""n6FRing""]"
final,2366,1,n6aHRing,n6aHRing,n6aHRing,algorithmic_medoid,True,True,1,0.0,1.0,1.0,1.0,0.0,3156,0.23837107503200697,"[""n6aHRing""]"
final,2367,4,n7ARing,n7ARing,n7ARing,algorithmic_medoid,True,True,1,0.05396081969527666,0.9460391803047233,0.9208299305396593,0.9944432033021636,0.0,3156,0.09427262293159588,"[""n7AHRing"", ""n7ARing"", ""n7HRing"", ""n7Ring""]"
final,2367,4,n7AHRing,n7ARing,n7ARing,algorithmic_medoid,False,False,2,0.05396293842477817,0.9460370615752218,0.9173901828856904,0.9978765947676281,0.0,3156,0.08119444966515184,"[""n7AHRing"", ""n7ARing"", ""n7HRing"", ""n7Ring""]"
final,2367,4,n7HRing,n7ARing,n7ARing,algorithmic_medoid,False,False,3,0.053984814067049136,0.9460151859329509,0.9193390324915649,0.9978765947676281,0.0,3156,0.0814585973806506,"[""n7AHRing"", ""n7ARing"", ""n7HRing"", ""n7Ring""]"
final,2367,4,n7Ring,n7ARing,n7ARing,algorithmic_medoid,False,False,4,0.056275860440193726,0.9437241395598063,0.9173901828856904,0.9944432033021636,0.0,3156,0.09592718558891988,"[""n7AHRing"", ""n7ARing"", ""n7HRing"", ""n7Ring""]"
final,2368,4,n7FARing,n7FARing,n7FARing,algorithmic_medoid,True,True,1,0.059367167259708586,0.9406328327402914,0.9109492491104371,1.0,0.0,3156,0.02410400612991369,"[""n7FAHRing"", ""n7FARing"", ""n7FHRing"", ""n7FRing""]"
final,2368,4,n7FRing,n7FARing,n7FARing,algorithmic_medoid,False,False,2,0.059367167259708586,0.9406328327402914,0.9109492491104371,1.0,0.0,3156,0.02410400612991369,"[""n7FAHRing"", ""n7FARing"", ""n7FHRing"", ""n7FRing""]"
final,2368,4,n7FAHRing,n7FARing,n7FARing,algorithmic_medoid,False,False,3,0.059367167259708586,0.9406328327402914,0.9109492491104371,1.0,0.0,3156,0.020171508270403732,"[""n7FAHRing"", ""n7FARing"", ""n7FHRing"", ""n7FRing""]"
final,2368,4,n7FHRing,n7FARing,n7FARing,algorithmic_medoid,False,False,4,0.059367167259708586,0.9406328327402914,0.9109492491104371,1.0,0.0,3156,0.020171508270403732,"[""n7FAHRing"", ""n7FARing"", ""n7FHRing"", ""n7FRing""]"
final,2369,1,n7aRing,n7aRing,n7aRing,algorithmic_medoid,True,True,1,0.0,1.0,1.0,1.0,0.0,3156,0.0012658207514284654,"[""n7aRing""]"
final,2370,2,n8AHRing,n8AHRing,n8AHRing,algorithmic_medoid,True,True,1,0.0,1.0,1.0,1.0,0.0,3156,0.0015817739481880934,"[""n8AHRing"", ""n8HRing""]"
final,2370,2,n8HRing,n8AHRing,n8AHRing,algorithmic_medoid,False,False,2,0.0,1.0,1.0,1.0,0.0,3156,0.0015817739481880934,"[""n8AHRing"", ""n8HRing""]"
final,2371,2,n8ARing,n8ARing,n8ARing,algorithmic_medoid,True,True,1,0.0,1.0,1.0,1.0,0.0,3156,0.002528428759833002,"[""n8ARing"", ""n8Ring""]"
final,2371,2,n8Ring,n8ARing,n8ARing,algorithmic_medoid,False,False,2,0.0,1.0,1.0,1.0,0.0,3156,0.002528428759833002,"[""n8ARing"", ""n8Ring""]"
final,2372,4,n8FARing,n8FARing,n8FARing,algorithmic_medoid,True,True,1,0.016886067974490104,0.9831139320255099,0.9746708980382649,1.0,0.0,3156,0.02530717839237552,"[""n8FAHRing"", ""n8FARing"", ""n8FHRing"", ""n8FRing""]"
final,2372,4,n8FRing,n8FARing,n8FARing,algorithmic_medoid,False,False,2,0.016886067974490104,0.9831139320255099,0.9746708980382649,1.0,0.0,3156,0.02530717839237552,"[""n8FAHRing"", ""n8FARing"", ""n8FHRing"", ""n8FRing""]"
final,2372,4,n8FAHRing,n8FARing,n8FARing,algorithmic_medoid,False,False,3,0.016886067974490104,0.9831139320255099,0.9746708980382649,1.0,0.0,3156,0.02410400612991369,"[""n8FAHRing"", ""n8FARing"", ""n8FHRing"", ""n8FRing""]"
final,2372,4,n8FHRing,n8FARing,n8FARing,algorithmic_medoid,False,False,4,0.016886067974490104,0.9831139320255099,0.9746708980382649,1.0,0.0,3156,0.02410400612991369,"[""n8FAHRing"", ""n8FARing"", ""n8FHRing"", ""n8FRing""]"
final,2373,4,n9AHRing,n9AHRing,n9AHRing,algorithmic_medoid,True,True,1,0.0,1.0,1.0,1.0,0.0,3156,0.00031675638251561,"[""n9AHRing"", ""n9ARing"", ""n9HRing"", ""n9Ring""]"
final,2373,4,n9ARing,n9AHRing,n9AHRing,algorithmic_medoid,False,False,2,0.0,1.0,1.0,1.0,0.0,3156,0.00031675638251561,"[""n9AHRing"", ""n9ARing"", ""n9HRing"", ""n9Ring""]"
final,2373,4,n9HRing,n9AHRing,n9AHRing,algorithmic_medoid,False,False,3,0.0,1.0,1.0,1.0,0.0,3156,0.00031675638251561,"[""n9AHRing"", ""n9ARing"", ""n9HRing"", ""n9Ring""]"
final,2373,4,n9Ring,n9AHRing,n9AHRing,algorithmic_medoid,False,False,4,0.0,1.0,1.0,1.0,0.0,3156,0.00031675638251561,"[""n9AHRing"", ""n9ARing"", ""n9HRing"", ""n9Ring""]"
final,2374,2,n9FARing,n9FARing,n9FARing,algorithmic_medoid,True,True,1,0.0574865947800679,0.9425134052199321,0.9425134052199321,0.9425134052199321,0.0,3156,0.05532935836702696,"[""n9FAHRing"", ""n9FARing""]"
final,2374,2,n9FAHRing,n9FARing,n9FARing,algorithmic_medoid,False,False,2,0.0574865947800679,0.9425134052199321,0.9425134052199321,0.9425134052199321,0.0,3156,0.049963374729527193,"[""n9FAHRing"", ""n9FARing""]"
final,2375,2,n9FRing,n9FRing,n9FRing,algorithmic_medoid,True,True,1,0.02664794534300252,0.9733520546569975,0.9733520546569975,0.9733520546569975,0.0,3156,0.11571738142167089,"[""n9FHRing"", ""n9FRing""]"
final,2375,2,n9FHRing,n9FRing,n9FRing,algorithmic_medoid,False,False,2,0.02664794534300252,0.9733520546569975,0.9733520546569975,0.9733520546569975,0.0,3156,0.10982792146770955,"[""n9FHRing"", ""n9FRing""]"
final,2376,2,n9FaHRing,n9FaHRing,n9FaHRing,algorithmic_medoid,True,True,1,0.0,1.0,1.0,1.0,0.0,3156,0.061771711315762846,"[""n9FaHRing"", ""n9FaRing""]"
final,2376,2,n9FaRing,n9FaHRing,n9FaHRing,algorithmic_medoid,False,False,2,0.0,1.0,1.0,1.0,0.0,3156,0.061771711315762846,"[""n9FaHRing"", ""n9FaRing""]"
final,2377,1,nAHRing,nAHRing,nAHRing,algorithmic_medoid,True,True,1,0.0,1.0,1.0,1.0,0.0,3156,0.7187793664792032,"[""nAHRing""]"
final,2378,1,nARing,nARing,nARing,algorithmic_medoid,True,True,1,0.0,1.0,1.0,1.0,0.0,3156,1.8118039391442218,"[""nARing""]"
final,2379,1,nAcid,nAcid,nAcid,algorithmic_medoid,True,True,1,0.0,1.0,1.0,1.0,0.0,3156,0.17470766046446623,"[""nAcid""]"
final,2380,1,nBase,nBase,nBase,algorithmic_medoid,True,True,1,0.0,1.0,1.0,1.0,0.0,3156,0.6420878773567479,"[""nBase""]"
final,2381,1,nBondsKD,nBondsKD,nBondsKD,algorithmic_medoid,True,True,1,0.0,1.0,1.0,1.0,0.0,3156,6.74078946734327,"[""nBondsKD""]"
final,2382,1,nBridgehead,nBridgehead,nBridgehead,algorithmic_medoid,True,True,1,0.0,1.0,1.0,1.0,0.0,3156,0.3246238881901173,"[""nBridgehead""]"
final,2383,2,nFARing,nFARing,nFARing,algorithmic_medoid,True,True,1,0.17106632529554866,0.8289336747044513,0.8289336747044513,0.8289336747044513,0.0,3156,0.271124488169877,"[""nFAHRing"", ""nFARing""]"
final,2383,2,nFAHRing,nFARing,nFARing,algorithmic_medoid,False,False,2,0.17106632529554866,0.8289336747044513,0.8289336747044513,0.8289336747044513,0.0,3156,0.2446033949055534,"[""nFAHRing"", ""nFARing""]"
final,2384,1,nFHRing,nFHRing,nFHRing,algorithmic_medoid,True,True,1,0.0,1.0,1.0,1.0,0.0,3156,0.3039668541302221,"[""nFHRing""]"
final,2385,2,nFaRing,nFaRing,nFaRing,algorithmic_medoid,True,True,1,0.042672546689379476,0.9573274533106205,0.9573274533106205,0.9573274533106205,0.0,3156,0.11197323062193884,"[""nFaHRing"", ""nFaRing""]"
final,2385,2,nFaHRing,nFaRing,nFaRing,algorithmic_medoid,False,False,2,0.042672546689379476,0.9573274533106205,0.9573274533106205,0.9573274533106205,0.0,3156,0.1053562851694963,"[""nFaHRing"", ""nFaRing""]"
final,2386,4,nG12ARing,nG12ARing,nG12ARing,algorithmic_medoid,True,True,1,2.348575968147415e-07,0.9999997651424032,0.9999996477136047,1.0,0.0,3156,0.004425955108341728,"[""nG12AHRing"", ""nG12ARing"", ""nG12HRing"", ""nG12Ring""]"
final,2386,4,nG12Ring,nG12ARing,nG12ARing,algorithmic_medoid,False,False,2,2.348575968147415e-07,0.9999997651424032,0.9999996477136047,1.0,0.0,3156,0.004425955108341728,"[""nG12AHRing"", ""nG12ARing"", ""nG12HRing"", ""nG12Ring""]"
final,2386,4,nG12AHRing,nG12ARing,nG12ARing,algorithmic_medoid,False,False,3,2.348575968147415e-07,0.9999997651424032,0.9999996477136047,1.0,0.0,3156,0.003477292332306862,"[""nG12AHRing"", ""nG12ARing"", ""nG12HRing"", ""nG12Ring""]"
final,2386,4,nG12HRing,nG12ARing,nG12ARing,algorithmic_medoid,False,False,4,2.348575968147415e-07,0.9999997651424032,0.9999996477136047,1.0,0.0,3156,0.003477292332306862,"[""nG12AHRing"", ""nG12ARing"", ""nG12HRing"", ""nG12Ring""]"
final,2387,2,nG12FHRing,nG12FHRing,nG12FHRing,algorithmic_medoid,True,True,1,0.027527865284351805,0.9724721347156482,0.9724721347156482,0.9724721347156482,0.0,3156,0.1462797038172206,"[""nG12FAHRing"", ""nG12FHRing""]"
final,2387,2,nG12FAHRing,nG12FHRing,nG12FHRing,algorithmic_medoid,False,False,2,0.027527865284351805,0.9724721347156482,0.9724721347156482,0.9724721347156482,0.0,3156,0.14117626152370766,"[""nG12FAHRing"", ""nG12FHRing""]"
final,2388,2,nG12FRing,nG12FRing,nG12FRing,algorithmic_medoid,True,True,1,0.023609930375490085,0.9763900696245099,0.9763900696245099,0.9763900696245099,0.0,3156,0.18800359746900108,"[""nG12FARing"", ""nG12FRing""]"
final,2388,2,nG12FARing,nG12FRing,nG12FRing,algorithmic_medoid,False,False,2,0.023609930375490085,0.9763900696245099,0.9763900696245099,0.9763900696245099,0.0,3156,0.1834576664883594,"[""nG12FARing"", ""nG12FRing""]"
final,2389,2,nG12FaRing,nG12FaRing,nG12FaRing,algorithmic_medoid,True,True,1,0.05764260349371353,0.9423573965062865,0.9423573965062865,0.9423573965062865,0.0,3156,0.008481942777834001,"[""nG12FaHRing"", ""nG12FaRing""]"
final,2389,2,nG12FaHRing,nG12FaRing,nG12FaRing,algorithmic_medoid,False,False,2,0.05764260349371353,0.9423573965062865,0.9423573965062865,0.9423573965062865,0.0,3156,0.007546733363211846,"[""nG12FaHRing"", ""nG12FaRing""]"
final,2390,1,nHRing,nHRing,nHRing,algorithmic_medoid,True,True,1,0.0,1.0,1.0,1.0,0.0,3156,1.1546317312990244,"[""nHRing""]"
final,2391,1,nRot,nRot,nRot,algorithmic_medoid,True,True,1,0.0,1.0,1.0,1.0,0.0,3156,7.504432280196171,"[""nRot""]"
final,2392,1,nSpiro,nSpiro,nSpiro,algorithmic_medoid,True,True,1,0.0,1.0,1.0,1.0,0.0,3156,0.05287642906825635,"[""nSpiro""]"
