,logbb,bbb_class,all_preds,all_trues_r,all_trues_c,full_set_scores_fold_0,full_set_scores_fold_1,full_set_scores_fold_2,full_set_scores_fold_3,full_set_scores_fold_4
0,-2.69,1.0,-0.9367776218659257,-1.72,1.0,-2.6788872591045867,-1.1641832920861253,-2.665516286063164,-2.6684954123183973,-2.5955043857201003
1,-2.4,1.0,-1.160933469905675,-1.52,1.0,-2.4005961123987145,-2.3420300347033587,-2.2800481614656034,-0.1819317291612908,-2.1791305967836094
2,-2.15,1.0,-0.8080758587321475,-1.52,1.0,-2.1076990672386433,-0.6761451283994427,-2.083879155176964,-2.0928456225072716,-1.9058604242492048
3,-2.15,1.0,-1.2190871778455459,-1.52,1.0,-2.1470810417266515,-2.1207274421434223,-2.1338898062413785,-2.1363536958099645,-1.3723973086104224
4,-2.09,1.0,-0.6053610532197989,-1.4,1.0,-2.0829952423055365,-0.8756459898153903,-2.074837745628279,-2.056988784866195,-1.9688352894566077
5,-2.0,1.0,-0.5001873638507317,-1.35,1.0,-1.9468344786458387,-1.9019446885581959,-1.1324225643405321,-1.9320061060356786,-1.8735005935603097
6,-1.96,1.0,-1.118779666772726,-1.33,1.0,-1.9548543618346172,-1.9490179572915607,-1.9245092247446032,-1.0550071195819046,-1.8712587868608488
7,-1.9,1.0,-0.6092133523602844,-1.3,1.0,-1.8926384767765634,-1.2898415252475426,-1.8475544216520954,-1.8796313857612406,-1.9022067321920324
8,-1.89,1.0,-0.6635592551056294,-1.3,1.0,-1.8369208212325523,-1.7342706497266234,-1.7326228662045027,-1.8179444111927159,-0.7345275093917101
9,-1.88,1.0,-0.5692946657847945,-1.26,1.0,-1.87592012563697,-1.8462565234189756,-1.8725854110135973,-0.9318111428721088,-1.8419162045612387
10,-1.82,1.0,-1.3014024538181301,-1.23,1.0,-1.809559710744512,-1.4293121747224267,-1.8184854536456687,-1.8169671291777418,-1.7486437351542854
11,-1.82,1.0,-1.0568155858492678,-1.23,1.0,-1.820145445183491,-1.8119503213408041,-1.790081741381863,-1.7987556387857795,-1.4043293750053403
12,-1.82,1.0,-0.42466405972432797,-1.19,1.0,-1.8101118294151455,-1.8165793301738353,-1.8257417707980317,-1.8130758801677942,-1.664558531125828
13,-1.72,1.0,-0.7129441534796541,-1.17,1.0,-0.9367776218659257,-1.6941238821466464,-1.7044317067392694,-1.6784601926773624,-1.5275260437300529
14,-1.7,1.0,-0.2810969992418661,-1.17,1.0,-1.6861609680773857,-0.06786495628908319,-1.6440708754543194,-1.6736184181161318,-1.534028024745995
15,-1.7,1.0,-1.0875996513852648,-1.12,1.0,-1.6925074534038316,-0.9598638709254598,-1.684266990259969,-1.6947362146175202,-1.6577249501574178
16,-1.68,1.0,-1.1035648175256374,-1.06,1.0,-1.6679607570910544,-1.6167783916785312,-0.42028771613935134,-1.6362055940632578,-1.5126952238403804
17,-1.67,1.0,-0.5670722982082955,-1.0,0.0,-1.651294297591033,-1.646876493275805,-1.6381836741201454,-1.6376082413598172,-0.9191167176736326
18,-1.57,1.0,-0.7657922062772758,-1.0,0.0,-1.5521210494903548,-1.5375088515805224,-0.9091948021178294,-1.5245416896532895,-1.4107769874491198
19,-1.57,1.0,-1.118679754873301,-1.0,0.0,-1.5537995997677794,-1.5533290138988567,-1.5494075611444929,-0.8728095528705957,-1.4967138407548504
20,-1.54,1.0,-0.5551185451646704,-1.0,0.0,-1.536869680279181,-1.1776021616832548,-1.5289422734759093,-1.5412966745545749,-1.510903094364389
21,-1.54,1.0,0.012871991789843714,-0.95,0.0,-1.536634486561834,-1.531482271380604,-1.5305235350529889,-1.5387648087244434,-1.0701909384563613
22,-1.52,1.0,-0.9726398984524646,-0.9,0.0,-1.4834049573385624,-1.4813305371163346,-1.438437222570678,-0.35195835968627043,-1.342271449165794
23,-1.52,1.0,-0.6749370840913016,-0.8,0.0,-1.160933469905675,-1.520973110515136,-1.538567540128164,-1.5238086372435395,-1.5684786508722188
24,-1.52,1.0,-0.3157158498160928,-0.8,0.0,-0.8080758587321475,-1.5064666442078607,-1.5043393474120452,-1.4923128379176216,-1.4414505550810213
25,-1.52,1.0,-0.4776030378088583,-0.8,0.0,-1.2190871778455459,-1.5087753283263308,-1.5041209012603165,-1.5037574993886635,-1.4928288329923136
26,-1.52,1.0,-1.2889397692651734,-0.74,0.0,-1.4994908743947193,-1.4821810143873286,-1.4637079479070045,-1.4890113162594842,-0.5842893856393359
27,-1.5,1.0,-0.5065467755273325,-0.73,0.0,-1.481405128188102,-1.466366942224957,-0.6988833337690087,-1.469741438478522,-1.415025280847385
28,-1.48,1.0,-0.6183103259846174,-0.71,0.0,-1.4546958935444312,-0.4965481713934113,-1.3542366451787673,-1.4571170703181313,-1.3072388579813508
29,-1.42,1.0,-0.1384805926263924,-0.7,0.0,-1.3966120353851614,-0.22095784106677913,-1.3473416134611664,-1.4031376116402574,-1.3441588125369204
30,-1.42,1.0,0.03559587926824558,-0.69,0.0,-1.4017873925543085,-1.4102076384816071,-0.8648066493385475,-1.3779251880628798,-1.2773973142717645
31,-1.42,1.0,-0.5762451494838212,-0.67,0.0,-1.4212486827913169,-1.420271534026624,-1.4261948842618206,-1.4469727322530854,-1.439322833580943
32,-1.4,1.0,-0.897549488121724,-0.56,0.0,-1.410209260443832,-1.364119632037282,-1.4180944420593835,-1.4291823014721339,-1.4863824122336549
33,-1.4,1.0,-0.7288139528959736,-0.52,0.0,-1.405819590029448,-1.3984726548652568,-1.074737734464281,-1.392723281310496,-1.3586986401979413
34,-1.4,1.0,0.17282086934385382,-0.51,0.0,-0.6053610532197989,-1.3717820344403304,-1.3378264694999626,-1.3737893281309534,-1.2960315390701864
35,-1.4,1.0,-0.5293489801035568,-0.5,0.0,-1.3951510511203014,-1.3937429575138984,-1.3902504465705081,-1.3823271606016743,-0.8698220265413419
36,-1.4,1.0,-0.6485771685262451,-0.44,0.0,-1.37047169565314,-1.3564573440539516,-1.3440818716241971,-0.2685808433763193,-1.2311115877914731
37,-1.4,1.0,-0.4350349839103376,-0.43,0.0,-1.4033088238820859,-1.3888451186601976,-1.3581937781735298,-0.7738891011118398,-1.2233226900261815
38,-1.4,1.0,-0.5689829399851359,-0.43,0.0,-1.3868503899388749,-0.5723066349753014,-1.3082862833187843,-1.3483102346463558,-1.2048492459583249
39,-1.39,1.0,-0.23606656525851977,-0.4,0.0,-1.3745613906975302,-1.353819042677701,-1.337729603726263,-1.3553550664919662,0.36671550030020406
40,-1.39,1.0,0.002629451520607051,-0.4,0.0,-1.40619899149703,-1.41951485279016,-1.266873974723228,-1.4034437708625087,-1.1989349479244855
41,-1.35,1.0,-0.6040788541740177,-0.39,0.0,-0.5001873638507317,-1.3356954244491819,-1.333781453715729,-1.3196045223892705,-1.2986088460119622
42,-1.34,1.0,-0.28865538558224024,-0.3,0.0,-1.34064925557984,-1.3491637810842778,-1.3416995504730325,-1.3265451939498631,-1.32242439650497
43,-1.33,1.0,-0.29984454979630487,-0.3,0.0,-1.118779666772726,-1.3268656857393681,-1.345301264160404,-1.3239255871346756,-1.3101391021672573
44,-1.3,1.0,-0.20910292889350934,-0.3,0.0,-0.6092133523602844,-1.2793112697583184,-1.2333827709254264,-1.2502659694072327,-1.1008681382761796
45,-1.3,1.0,-0.3776853072505552,-0.27,0.0,-1.2927419286959536,-1.3015404507841108,-1.2764133884562319,-1.2998057138465493,-1.2459976556885701
46,-1.3,1.0,-0.3965689437951118,-0.27,0.0,-1.3104056691546577,-0.6759128584916718,-1.297168839868464,-1.2911158686080504,-1.2721389140974528
47,-1.3,1.0,-0.25685561179674316,-0.25,0.0,-1.2892720653515393,-1.2872278567647397,-0.9685910984518946,-1.28663237845764,-1.1938830992050904
48,-1.3,1.0,-0.4297558323023162,-0.25,0.0,-1.2941096896081874,-1.2917191505312735,-1.2990289867823894,-1.3038282022272085,-1.0480668418096943
49,-1.3,1.0,0.040507060633777785,-0.21,0.0,-1.3251115817637722,-1.3483646648799361,-1.2986684396240775,-1.3407546329459152,-1.5277862579509842
50,-1.3,1.0,-0.30390262208480856,-0.2,0.0,-1.3050993388475327,-1.2818894881455085,-1.2976587826826673,-1.290308196627314,0.649425622447112
51,-1.3,1.0,-0.2725026663400213,-0.2,0.0,-1.2817428113495408,-1.2756334684038075,-1.2220219844560392,-0.9995245512773624,-1.1065183602771265
52,-1.3,1.0,-0.6653298949339413,-0.19,0.0,-1.299672615536078,-1.2959700375736622,-1.295551966460834,-1.3027858177412728,-0.7668388098248933
53,-1.3,1.0,0.24976794710416092,-0.17,0.0,-1.302768303818328,-1.2980274849138804,-1.2991388407876918,-1.1078684319989345,-1.298160357915502
54,-1.3,1.0,-0.7307635998445203,-0.15,0.0,-1.284677438180631,-0.45177817171017165,-1.252357530395653,-1.268743517849469,-1.147537775892824
55,-1.3,1.0,-0.46822827669577644,-0.12,0.0,-1.2670613191378743,-1.247181367579101,-1.1860471124354355,-1.262875090238327,0.18420431827802647
56,-1.3,1.0,-0.794842951918357,-0.12,0.0,-0.6635592551056294,-1.298631961794515,-1.2884124208225072,-1.2787644765824138,-1.227241779094641
57,-1.3,1.0,-0.48055622540535653,-0.1,0.0,-1.2838466189220554,-0.06255326558867094,-1.265281164520036,-1.2748823387952137,-1.1866226782306897
58,-1.3,1.0,0.028787715186869855,-0.1,0.0,-1.2839892644097417,-1.245334473515928,-0.37032223718618945,-1.2669321674554461,-1.147823923210782
59,-1.26,1.0,-0.04484992359005944,-0.1,0.0,-0.5692946657847945,-1.2620398130514392,-1.2514949565984685,-1.2463356405769428,-1.2170619253995836
60,-1.26,1.0,-0.16317060924874577,-0.08,0.0,-1.2600562135771105,-0.5790295759359672,-1.206837524705364,-1.2450438519025189,-1.2183839164157833
61,-1.23,1.0,-0.5961487743142906,-0.07,0.0,-1.2323928548421228,-1.230987380794642,-1.2242665304435025,-1.21374788272887,-1.118049516138827
62,-1.23,1.0,0.19401352267825275,-0.06,0.0,-1.231459891058937,-1.2303665284503151,-1.2239378373759822,-1.0505712905011029,-1.2402546946384239
63,-1.23,1.0,0.12206764231922745,-0.05,0.0,-1.3014024538181301,-1.2326076848333853,-1.2239076919510667,-1.2233110920834256,-1.2381718745866237
64,-1.23,1.0,0.15589299794181893,-0.05,0.0,-1.2278485061550612,-1.2311933171020595,-1.199980621416237,-1.2405225958728767,-1.1797062017911442
65,-1.23,1.0,-0.7940137730174693,-0.01,0.0,-1.2301042840740644,-1.2327787231596734,-1.2362258458557367,-1.172866433992798,-1.2147943691392238
66,-1.23,1.0,-0.0040207967690107736,-0.01,0.0,-1.0568155858492678,-1.2201559287826689,-1.215223535412074,-1.2030161257069605,-1.138852510919289
67,-1.22,1.0,-0.17952229408634895,-0.01,0.0,-1.194815267927826,-1.1735779877415933,-1.1485812926201069,-1.171818298733654,0.12451490950969718
68,-1.19,1.0,0.42764718541832736,0.0,0.0,-0.42466405972432797,-1.1813196396801173,-1.1840077563554954,-1.1604772324667738,-1.0599119808902377
69,-1.17,1.0,-0.2802192619698897,0.0,0.0,-0.7129441534796541,-1.1589263901423115,-1.142942642375691,-1.1693157223209558,-1.0854992608021032
70,-1.17,1.0,-0.432325714731641,0.0,0.0,-0.2810969992418661,-1.1312269777177366,-1.1318694211916693,-1.1456715806392774,-1.0604984685956365
71,-1.15,1.0,-0.3267120336742321,0.0,0.0,-1.1515080112539107,-1.1501647604481535,-1.1087412389885214,-1.1500056385917934,-0.8966955006167987
72,-1.15,1.0,0.028583271351941802,0.03,0.0,-1.146995626296333,-1.1390584670171466,-1.120098558361235,-0.6074629942854101,-1.0810432444975715
73,-1.14,1.0,-0.15529017981163923,0.04,0.0,-1.1472202594946068,-1.1148980462923381,-1.131772998356225,-0.718988239688766,-1.0379664000172535
74,-1.12,1.0,-0.18907957584768753,0.07,0.0,-1.1144813998868464,-1.1322949580509,-1.1180313936899011,-1.1174488786704184,-1.102569267326493
75,-1.12,1.0,0.534625659467635,0.08,0.0,-1.0875996513852648,-1.1108227237352226,-1.1406673564955885,-1.1304571981108245,-1.1405668353033964
76,-1.12,1.0,0.33137072689828273,0.08,0.0,-1.094566231559824,-1.0927309346422547,-1.0562978208373737,-1.1138317840162357,-0.6745974190019838
77,-1.11,1.0,-0.04013736469092658,0.09,0.0,-1.1096556200559358,-0.9026850706040769,-1.1070476781549974,-1.102199376142972,-1.0438437664301103
78,-1.1,1.0,0.4395592353475958,0.09,0.0,-1.0810890444700594,-1.0686942117223408,-1.0638931740400706,-0.4739392322564899,-1.011939803616041
79,-1.1,1.0,-0.13875768513817452,0.1,0.0,-1.0882773933389598,-1.0680137052256666,-1.0326618610053795,-1.0516880552430699,-0.5038928236552959
80,-1.1,1.0,0.013087796672111001,0.1,0.0,-1.0872265608770773,-1.085556809623408,-1.0685787238787179,-1.0720620067593072,-0.9011851090779892
81,-1.1,1.0,0.22441469024561245,0.1,0.0,-1.0931725196229671,-1.1004537457808594,-1.0934766065412644,-0.859252201021551,-1.094086634913165
82,-1.1,1.0,0.09198637330199608,0.11,0.0,-1.1211447425722718,-1.1332917368582769,-1.120450585389112,-1.127057421632612,-1.4690445253938331
83,-1.09,1.0,0.01962773905751508,0.11,0.0,-1.023988294216109,-1.0309701648693421,-0.9830292356139776,-1.013165868332913,-0.1041152490532926
84,-1.06,1.0,0.1953600377688541,0.11,0.0,-1.1035648175256374,-1.0625036569564281,-1.0725625105298946,-1.0728167384427256,-1.051097404690513
85,-1.04,1.0,0.24743992534620068,0.12,0.0,-0.9934127611268893,-0.24328095383727524,-0.9956593205822016,-1.0265602116077113,-0.8830791106316218
86,-1.03,1.0,0.39245479595474336,0.17,0.0,-1.0330148118734386,-1.0313018915931866,-1.0339365044835591,-0.8077046356805586,-1.043351194030589
87,-1.0,0.0,-0.7200028468604072,0.2,0.0,-0.9930683506568267,-0.9856739312693307,-0.9732402591245269,-0.9780270816124508,-0.18311127402321248
88,-1.0,0.0,0.145308195245292,0.2,0.0,-1.0081204659177991,-1.008186779859002,-0.994462838970451,-0.9831092136444454,-0.9787822880310917
89,-1.0,0.0,-0.024552004446668472,0.2,0.0,-0.9900181697603454,-0.8291222257352737,-0.9659750577541789,-0.9982756698644095,-0.9879287832474462
90,-1.0,0.0,0.37480482083128813,0.2,0.0,-0.9590056325467645,-0.9569247397958963,-0.32457255867643947,-0.9456247300248412,-0.7911245284084363
91,-1.0,0.0,0.21550715079848093,0.23,0.0,-0.99674911194244,-0.8643156320225438,-1.0037880417919336,-0.9908980425022735,-0.9574288408290127
92,-1.0,0.0,0.009336351649625627,0.24,0.0,-0.9769256552206175,-0.9973596163928106,-0.9950165961855691,-0.6095853302629386,-0.9554563853519085
93,-1.0,0.0,0.18767983469699145,0.28,0.0,-0.9891235239320072,-0.9928632839024196,-0.4746377148398708,-0.9736367926174309,-0.836125768563237
94,-1.0,0.0,0.007288059889359068,0.28,0.0,-0.5670722982082955,-0.9883901019748315,-0.9771023542779088,-0.9873020257456553,-0.9065885251585584
95,-1.0,0.0,0.1877244817471255,0.28,0.0,-0.7657922062772758,-0.9841199250276255,-0.9769840194421244,-0.9939212436388074,-0.9600344483274158
96,-1.0,0.0,0.13798447773524586,0.3,0.0,-1.118679754873301,-1.0010432669828655,-0.9876591037184399,-0.9939296652379087,-0.9570341697447012
97,-1.0,0.0,0.05016980274973223,0.3,0.0,-1.003136642039,-0.9874292409566603,-0.9726645049771514,-0.9822119215124606,-0.417300813299185
98,-1.0,0.0,-0.07583324695089823,0.3,0.0,-0.9869673626530888,-0.9695413771706143,-0.010019940494148389,-0.9565253507769206,-0.8093086146093225
99,-1.0,0.0,-0.03318988451293681,0.32,0.0,-0.9927183310139397,-1.0105700684973702,-0.740106669366162,-1.0014923745827524,-1.0138322328237137
100,-1.0,0.0,0.1863399601145092,0.33,0.0,-0.5551185451646704,-0.9904092462194665,-0.9923776116555251,-1.0076075821947739,-1.0151300725590808
101,-0.95,0.0,0.3332600208459352,0.36,0.0,-0.9465776542633596,-0.9471134196105842,-0.6498927224147099,-0.9359928877865763,-0.877883131449862
102,-0.95,0.0,-0.430495340055415,0.37,0.0,0.012871991789843714,-0.9006867113604072,-0.8835347178323477,-0.8960207820170355,-0.7202775724836709
103,-0.93,0.0,0.2550992955618791,0.37,0.0,-0.9401321383125034,-0.9359411392159772,-0.9780774260457662,-1.1487059025117812,-0.9430871786226798
104,-0.93,0.0,0.3049986174576274,0.39,0.0,-0.9308867556482137,-0.9241038707325562,-0.9084305380619854,-0.9313924070407678,-0.6499399005401097
105,-0.92,0.0,0.2917873038175853,0.4,0.0,-0.9160928637673289,-0.8356356128427038,-0.9197697637579453,-0.9146011058593068,-0.9034851806655227
106,-0.9,0.0,-1.2452779600675123,0.4,0.0,-0.9252984972582269,-0.9676180534516361,-0.8866584582793787,-0.8960538223281505,-0.891878862378713
107,-0.9,0.0,0.0818089859895813,0.4,0.0,-0.9005323214037356,-0.9020330170267592,-0.6560818613400067,-0.8948410417163384,-0.8073985252503857
108,-0.9,0.0,0.1704898412740578,0.4,0.0,-0.9726398984524646,-0.9013531871201921,-0.9124174226340526,-0.9120134687979344,-0.887634761787094
109,-0.9,0.0,-0.5912641939529674,0.41,0.0,-0.8966481120502591,-0.8965500223696873,-0.8393097476136863,-0.8577726814362984,-0.17763365348309587
110,-0.89,0.0,0.4548792647703344,0.43,0.0,-0.8827469633266587,-0.7783644897020766,-0.8827216297429524,-0.8669884613399519,-0.8668384021525162
111,-0.89,0.0,-0.28393185233669943,0.43,0.0,-0.8725463109046548,-0.8594884507096362,-0.8823001885664776,-0.848574423911022,-0.20618602332243138
112,-0.87,0.0,-0.24025884473503833,0.43,0.0,-0.8478825822516626,-0.8359809368270137,-0.6286865246631774,-0.8540309742153865,-0.8165296340156664
113,-0.85,0.0,0.22935931805388812,0.45,0.0,-0.8545215099898044,-0.8487537227567818,-0.8282059703077125,-0.8499932522682423,-0.967330878232582
114,-0.85,0.0,0.03817815261811748,0.46,0.0,-0.8599052602557334,-0.8727813022837464,-1.0233882560025411,-0.8879850277716997,-0.8523204799752394
115,-0.85,0.0,-0.6452148482691502,0.48,0.0,-0.8485198243907874,-0.8566054608596788,-1.1912319006229553,-0.8590994639273052,-0.834131591628325
116,-0.82,0.0,0.43563348432380405,0.48,0.0,-0.8172726680840088,-0.8198438861480024,-0.7582884603008306,-0.832361190934806,-0.7952954765680478
117,-0.8,0.0,-0.009346634342472787,0.48,0.0,-0.6749370840913016,-0.7963702174877749,-0.8112250499976099,-0.802216036302612,-0.7935078651382284
118,-0.8,0.0,0.6253208148346845,0.5,0.0,-0.3157158498160928,-0.7805457309871471,-0.7646974298634016,-0.7785021168816431,-0.6792973783474061
119,-0.8,0.0,0.2846911195437963,0.51,0.0,-0.7995663651757404,-0.7969027482251438,-0.4788218119893093,-0.8072650253186855,-0.7597166376264161
120,-0.8,0.0,0.1681219910385646,0.55,0.0,-0.7800174580019382,-0.22682550188315923,-0.7497173432050509,-0.7851414681692952,-0.7079605630306598
121,-0.8,0.0,0.35535697777491076,0.55,0.0,-0.8118946937157059,-1.2846894514815288,-0.7930541405046897,-0.8056597754405088,-0.7750392890518758
122,-0.8,0.0,0.3630025308474597,0.55,0.0,-0.8005242584860357,-0.8305694303112687,-0.7952489130072484,-0.7945928099313195,-0.7961569471621774
123,-0.8,0.0,-0.12998169161852488,0.56,0.0,-0.4776030378088583,-0.7768373891814958,-0.7689233827328381,-0.7756913678425535,-0.699301743000683
124,-0.8,0.0,1.0866327348513207,0.6,0.0,-0.8026184911525205,-0.9059779129475994,-0.8085724402778881,-0.8174176559653369,-0.781029891455909
125,-0.8,0.0,0.1894592168900819,0.7,0.0,-0.8102402480206757,-0.7949428421896169,-0.7905956630060744,-0.7952343119367031,-0.7827090123472881
126,-0.79,0.0,0.24231638369049605,0.77,0.0,-0.7658427367367263,-0.46737699261341076,-0.7620201954933227,-0.7482697132857759,-0.7037332104226542
127,-0.78,0.0,0.8295542246095127,0.8,0.0,-0.7811956384514004,-0.7844609717916383,-0.7633768541054045,-1.0540191704419695,-0.7445745446925673
128,-0.76,0.0,0.3632475603158271,0.81,0.0,-0.7499595019018798,-0.7480817479074344,-0.37429070163070594,-0.7318801368728075,-0.681271267547731
129,-0.74,0.0,0.19180226898060115,0.83,0.0,-1.2889397692651734,-0.7549037626269225,-0.761328479871817,-0.7535972732195626,-0.7786516494056603
130,-0.73,0.0,0.7966672607882964,0.86,0.0,-0.7423541536060552,-0.7263571257890635,-0.7193359414727098,-0.7284721715281235,-0.7430350024593295
131,-0.73,0.0,0.8841382905832774,0.86,0.0,-0.7305977418666767,-0.7189022395606189,-0.7383592799994134,-0.9322447202240046,-0.6858602761324091
132,-0.73,0.0,0.6167384339314306,0.87,0.0,-0.5065467755273325,-0.7066744419965736,-0.6607539530376328,-0.7138287833789267,-0.7264211613263716
133,-0.73,0.0,-0.1211979062665763,0.88,0.0,-0.717316270906772,-0.7314937520779079,-0.4059262601264869,-0.7166571995884979,-0.7401925565411447
134,-0.72,0.0,0.3328150500167269,0.89,0.0,-0.7059169587970189,-0.7153559668682548,-0.28479050709844467,-0.6944318949784843,-0.6978834970794213
135,-0.71,0.0,0.44814442389311426,0.89,0.0,-0.7151445582012737,-0.7079457325768145,-0.7037585345884492,-1.0173933681186154,-0.7087712499901658
136,-0.71,0.0,0.19076006856884523,0.9,0.0,-0.6183103259846174,-0.7061587027009969,-0.7163983032138139,-0.6975539308223584,-0.6992774975767109
137,-0.7,0.0,0.5904426037514597,0.9,0.0,-0.6986483168877783,-0.6818950954708909,-0.6507806108340941,-0.6813495250668673,0.1714605026624902
138,-0.7,0.0,0.8715118596212678,0.9,0.0,-0.7012234918028131,-0.5114914479942775,-0.6949521390609757,-0.7034018721651472,-0.707083217386761
139,-0.7,0.0,0.8127183884328003,1.0,0.0,-0.681659911865727,-0.6767839614953086,-0.6810351831733569,-0.15607766569345552,-0.5484339278238988
140,-0.7,0.0,0.9408132748121091,1.0,0.0,-0.1384805926263924,-0.6958778546957323,-0.6906826895155345,-0.7186315683362772,-0.721259196791189
141,-0.7,0.0,0.030665100268192063,1.0,0.0,-0.6832617644657984,-0.6883078868996717,-0.6552419656034437,-0.6798647737890126,-0.6447901935254736
142,-0.69,0.0,1.1266647726823498,1.06,0.0,0.03559587926824558,-0.6246502527976793,-0.6153482726339607,-0.6328413661592602,-0.4649659727544277
143,-0.67,0.0,0.6833753049986573,1.06,0.0,-0.6586837680943102,-0.6420594959882392,-0.585869413830173,0.17122888718192858,-0.4758150981279497
144,-0.67,0.0,0.3616955194080227,1.11,0.0,-0.5762451494838212,-0.683089263909336,-0.6798104601445141,-0.683863437324773,-0.7175660133843373
145,-0.67,0.0,-1.0849886307994607,1.11,0.0,-0.6995587004331691,-0.6694640882973987,-0.696661571668682,-0.6743836193279638,-0.8465084725503006
146,-0.67,0.0,0.17541758767949533,1.15,0.0,-0.6562059649929343,-0.6695411919130188,-0.6568337101528792,-0.6942126743218302,-0.7187074617609535
147,-0.67,0.0,0.45546849241930787,1.26,0.0,-0.6675800813411448,-0.6488835704930859,-0.6401895464554374,-0.6676359766707342,-0.41692255415196516
148,-0.67,0.0,0.8483006094874938,1.3,0.0,-0.6637439600475227,-0.607958536897055,-0.673280282503647,-0.6561766743153681,-0.6653708429366221
149,-0.67,0.0,0.38456316364219156,1.38,0.0,-0.676633751803649,-0.6600198470716337,-0.6875009132144134,-0.7508262640245323,-0.698863329798847
150,-0.66,0.0,1.0088889941783314,1.38,0.0,-0.6513262252535281,-0.6574343858011636,-0.6040478516172706,-0.6519660005612189,-0.627943782195049
151,-0.66,0.0,0.7723816700170587,1.53,0.0,-0.6939517746261997,-0.6683310152138241,-0.5850408114386924,-0.6509242137299576,-0.683727178449408
152,-0.66,0.0,0.620505746667325,1.7,0.0,-0.6651216123440923,-0.7187452954208311,-0.6528799955931642,-0.6632666848390659,-0.6699711422051572
153,-0.66,0.0,0.3592340840876593,,0.0,-0.6537378860900253,0.08417073828118943,-0.6223595763419295,-0.6366669799556793,-0.5523112168866988
154,-0.66,0.0,-0.00040163721580567177,,0.0,-0.664089643246371,-0.6577884275994117,-0.6686919164883365,-0.6650134452477028,-0.732620017472384
155,-0.65,0.0,0.23668903934495666,,0.0,-0.6747252928863808,-0.6855539889555574,-0.6873647173745734,-0.6586629026017139,-0.7554841085427719
156,-0.64,0.0,-0.23660881186440408,,0.0,-0.6442896682023437,-0.6398999731081361,-0.6246177089521256,-0.4985400538247458,-0.6111554180069962
157,-0.63,0.0,0.6712354945307281,,0.0,-0.6302553083861647,-0.7780768116331983,-0.6392948731858109,-0.6497178013547823,-0.6097013272738191
158,-0.63,0.0,0.5994505944677475,,0.0,-0.6171038812294656,-0.6240415222936948,-0.6132331672023235,-0.6236670106446109,-0.2952657268849736
159,-0.62,0.0,-0.854400686555991,,0.0,-0.6211005796422984,-0.6041693820263168,-0.6083326735909687,-0.5993370566954828,-0.32866856842430525
160,-0.62,0.0,-0.35962670672190994,,0.0,-0.6218543284856994,-0.6129647279126582,-0.6131437349331207,-0.6054090879505885,-0.11670845752031336
161,-0.6,0.0,-1.0797637696187565,,1.0,-0.616079338539075,-0.6125590465475319,-0.6022255393636455,-0.628625678224008,-0.5724515818230114
162,-0.6,0.0,-0.9164734849157726,,0.0,-0.5948468767504059,-0.6534319417922351,-0.5886526584945271,-0.5664048031471084,-0.5391715953271358
163,-0.6,0.0,-0.1983935779084089,,0.0,-0.5849022691787616,-0.5747969180235304,-0.5849638778061048,-0.5752436471083672,-0.1664758335733559
164,-0.6,0.0,-0.11382004594215177,,0.0,-0.5877276098813319,-0.5904483855467456,-0.3973915429084486,-0.5747853057304867,-0.5587852016760967
165,-0.6,0.0,-0.09146557946571361,,0.0,-0.5786552624285732,-0.5912953257875795,-0.17929055680118441,-0.5802054900695823,-0.47993068924704535
166,-0.59,0.0,-0.3362937840278695,,0.0,-0.6149700161373537,-0.6213172437729819,-0.6496207083196676,-0.6288076665695088,-0.8554849994607497
167,-0.59,0.0,-0.9371013807521719,,0.0,-0.5812896632400996,-0.06485119309457142,-0.5230867769590786,-0.5567616055247953,-0.44350802246781246
168,-0.59,0.0,0.17911170135447743,,0.0,-0.566971863228437,-0.24087386186483611,-0.5904796119552955,-0.5636082476529884,-0.570344826768626
169,-0.58,0.0,0.2137283991716101,,1.0,-0.5814267723051006,-0.587188727627561,-0.572522886110821,-0.5833902929397038,-0.7207742151806575
170,-0.56,0.0,-1.2038805156999894,,1.0,-0.897549488121724,-0.5662757086993616,-0.5688470335699098,-0.5660258249915647,-0.5668984509567355
171,-0.55,0.0,-0.549784699957707,,0.0,-0.5374016575944117,-0.5102667158012573,-0.06696570755593763,-0.5089135667183714,-0.44117506140074375
172,-0.55,0.0,0.31224611005382624,,1.0,-0.5358082721335133,-0.5593691675098817,-0.547390441207366,-0.6984959414442868,-0.554589279956036
173,-0.54,0.0,-0.25552203217387864,,0.0,-0.5338370130214449,-0.39287738979155035,-0.5447203135665799,-0.5386212259804295,-0.49834907022233327
174,-0.54,0.0,0.08198566561554892,,1.0,-0.5398810769131754,-0.5261436176632444,-0.5362938540983021,-0.1999417522802641,-0.47310933237627806
175,-0.52,0.0,-1.017805369418109,,0.0,-0.5048069350207292,-0.5169866502441577,-0.38523639125199544,-0.47295735741559614,-0.3451401019322158
176,-0.52,0.0,-0.7386130387546241,,0.0,-0.5224511989708309,-0.5286232269330172,-0.5036758609061802,-0.5202994006447812,-0.7653313082710702
177,-0.52,0.0,-0.8564765995520789,,1.0,-0.522363135026735,-0.510102105432113,-0.5010529259226381,-0.5115150936794907,0.05913101165324211
178,-0.52,0.0,-1.8005393844596058,,1.0,-0.5124456992632697,-0.5157871008945053,-0.49795131773765894,-0.503081161354453,0.01305586303138786
179,-0.52,0.0,-1.6206128516563738,,1.0,-0.7288139528959736,-0.5237661371032222,-0.5117007347903706,-0.5233029130174176,-0.522866354022586
180,-0.52,0.0,-0.8931082362676771,,1.0,-0.501967779944584,-0.13637300728959192,-0.5129738651624866,-0.5116415373713381,-0.44187344741599466
181,-0.52,0.0,-0.688308686334245,,0.0,-0.519546834697557,-0.5073001822629181,-0.6747954891997245,-0.5191392275311548,-0.5046414544738538
182,-0.52,0.0,-0.6860092147214617,,0.0,-0.525598168294085,-0.5274163870160301,-0.5450166766939046,-0.5333959851282715,-0.46788567143517296
183,-0.51,0.0,-0.3560295429984929,,0.0,0.17282086934385382,-0.4993640232705649,-0.4742586829005198,-0.496844698639201,-0.4357001192391717
184,-0.51,0.0,0.06140847697401366,,0.0,-0.5013095828525883,-0.036431376608995564,-0.4792067705522822,-0.4798363453832562,-0.4153166954921326
185,-0.5,0.0,0.326572502713798,,0.0,-0.5078332798656898,-0.5091246700748562,-0.3705217222395341,-0.4893515574779746,-0.5518094462695584
186,-0.5,0.0,-0.1907881670120048,,1.0,-0.49231294794296954,-0.4939433210435054,-0.47992190629270237,-0.481407845673476,0.10311071216824522
187,-0.5,0.0,0.3207084415146473,,0.0,-0.5293489801035568,-0.5031232501274787,-0.4801948832468212,-0.4774800274135375,-0.5082998313022733
188,-0.5,0.0,-1.069197606335624,,0.0,-0.5049254955523675,-0.4489669641450306,-0.4927932515792744,-0.4944027241518133,-0.46789182883113883
189,-0.5,0.0,-0.07120997748351396,,1.0,-0.518314098332795,-0.7248047541446879,-0.5410168156097038,-0.5175460337353043,-0.5685162293807143
190,-0.48,0.0,0.5399070433669585,,1.0,-0.4855570204955929,-0.48025165634777894,-0.47356545827735447,-0.4616464375570399,-0.14707629368515812
191,-0.48,0.0,0.3399735848429399,,0.0,-0.4359160831844881,-0.42216698238095646,0.7425373056075779,-0.4162848754570734,-0.21302643757972478
192,-0.47,0.0,-0.4816703488616867,,0.0,-0.4726710001936351,0.08649597345822853,-0.42298802996737556,-0.42982007620173723,-0.3715971717760392
193,-0.47,0.0,-0.1933433920619931,,0.0,-0.46984633311874935,-0.4568949234440908,-0.4557185706590134,-0.5229686390921917,-0.45807572428466714
194,-0.46,0.0,-0.9810671119142155,,0.0,-0.4377928893474127,-0.43276734629268016,-0.4410653310644905,-0.416804313645627,-0.10066453780057692
195,-0.46,0.0,-0.8102719923134438,,0.0,-0.47526787574838036,-0.46211027605213845,-0.4995712393570033,-0.5027334962537175,-0.5067503837408988
196,-0.46,0.0,-0.10203413516893613,,1.0,-0.46478007515025704,-0.4665200165360563,-0.4643883017163768,-0.3513122032388914,-0.4401737159797866
197,-0.45,0.0,-1.084717283110406,,0.0,-0.4436756854249155,-0.440520653036982,-0.417948684314542,-0.44468386286110395,-0.5375317991298393
198,-0.44,0.0,-0.22263293857379426,,0.0,-0.6485771685262451,-0.4642079868183782,-0.4748282057933355,-0.4574421327245398,-0.5702679610529636
199,-0.43,0.0,0.6931660339452732,,0.0,-0.43083689354185833,-0.3572256981957321,-0.437673122441845,-0.4335675702572705,-0.38731699177705914
200,-0.43,0.0,0.08440471624221255,,0.0,-0.4368112442273126,-0.42900933860925755,-0.4295586464062022,-0.4161323857180922,-0.26251175258522186
201,-0.43,0.0,-0.47936943196038123,,0.0,-0.4350349839103376,-0.4360752464168548,-0.38014053834827505,-0.41434954380150046,-0.39373795773486325
202,-0.43,0.0,-0.5112828466227148,,0.0,-0.5689829399851359,-0.4382956509443182,-0.4039073300892317,-0.44441587950062716,-0.41004274740074154
203,-0.43,0.0,-0.16205965545262122,,1.0,-0.42393117717624956,-0.4275728173464674,-0.4306322989868984,-0.4407470392854349,-0.407164785404179
204,-0.42,0.0,-0.3735027325539347,,0.0,-0.424407649861121,-0.41576744848048874,-0.40580920760052647,-0.45995562471235996,-0.39292178187931875
205,-0.42,0.0,-1.6264298404634239,,1.0,-0.42596026754770244,-1.1488180910522452,-0.4443691977208085,-0.43031437159958336,-0.4521151934348418
206,-0.42,0.0,-1.1759805491327615,,1.0,-0.43030368326382695,-1.1348529219695618,-0.4283800597836636,-0.4441983421250062,-0.4144547147414534
207,-0.42,0.0,-0.00090105795248784,,0.0,-0.4246541497071597,-0.4228753444046114,-0.5056437083511872,-0.4142562004657106,-0.42028332385816247
208,-0.4,0.0,-0.6046351240543577,,0.0,-0.40115243183506183,-0.4023375342520032,-0.4177860409543,-0.4172205988371604,-0.5824947309585113
209,-0.4,0.0,-0.09498317769448013,,0.0,-0.3910109870755818,-0.5266262220253177,-0.4082436964205294,-0.4365750396602645,-0.4131544171203403
210,-0.4,0.0,0.6425921094453602,,0.0,-0.38503441096942875,-0.38975318696296535,-0.0864041821964581,-0.3740422178074354,-0.33893358878730634
211,-0.4,0.0,0.1655468941221568,,0.0,-0.40591812443865705,-0.9944763936987039,-0.42370405068987266,-0.39785615278049846,-0.46617167826388406
212,-0.4,0.0,-0.7512030271379094,,0.0,-0.40154928816414387,-0.40842763742579397,-0.4187779453474449,-0.6119137412742068,-0.4282193491227376
213,-0.4,0.0,0.6071783502659913,,0.0,-0.4002633389615674,-1.0592775015004878,-0.35719279287601985,-0.38136101319812077,-0.28622921380583094
214,-0.4,0.0,0.2921612636015139,,0.0,-0.23606656525851977,-0.39287845121046405,-0.3967787604061451,-0.4069434200056767,-0.4275411361795188
215,-0.4,0.0,3.3016767956296235e-05,,1.0,0.002629451520607051,-0.41482954378278214,-0.4143684153411069,-0.3920530245547773,-0.3680044268822622
216,-0.39,0.0,0.03196560504085856,,0.0,-0.6040788541740177,-0.3940527776526643,-0.4005248948175136,-0.38192410141785776,-0.4006643734369534
217,-0.39,0.0,0.13059995598462998,,0.0,-0.3785272457791246,-0.09227717580115201,-0.35707284230816777,-0.38569432427218403,-0.3157472518656412
218,-0.38,0.0,0.5308580680110861,,0.0,-0.37727996405854747,-0.395335547474232,-0.2335609556945977,-0.37881201970020145,-0.38275532514000044
219,-0.38,0.0,-0.33165622943670725,,0.0,-0.38615503774558235,-0.37177900369507944,-0.38839459925718645,-0.49570392268105085,-0.42993702275320883
220,-0.37,0.0,-0.020844141196860663,,0.0,-0.35203781178877785,0.3139384863001872,-0.29132995725173005,-0.32690487050934525,-0.16158662828331877
221,-0.37,0.0,-0.6017784353394375,,0.0,-0.37157599730123875,-0.3887869707846723,-0.6805295911192678,-0.396463361379395,-0.4157479545420613
222,-0.37,0.0,-0.5650360245736831,,0.0,-0.37605395255650353,-0.34368500793053003,-0.34236036392967084,-0.32198428613546964,-0.2322647299043007
223,-0.36,0.0,-0.20390008895979062,,0.0,-0.347068551409508,-0.3208266216328887,-0.29811696811376664,0.3372816903406521,-0.20215283924757924
224,-0.34,0.0,0.3581489066460142,,1.0,-0.3411247163394135,-0.3318662007746672,-0.34558426796199065,-0.5109105883175821,-0.3545619338426619
225,-0.34,0.0,-0.8181006423910231,,0.0,-0.3351327740188118,-0.033028338841090736,-0.31327424713071367,-0.32697933969029114,-0.28474505906963754
226,-0.34,0.0,0.330829175942135,,0.0,-0.34296313281432655,-0.2049127300567711,-0.3321958599142185,-0.32393447147939386,-0.26664232687373607
227,-0.34,0.0,-0.37731319465049107,,0.0,-0.33822167584347984,-0.3219671624762152,-0.31161587215968845,-0.24502075241326632,-0.3651198833979865
228,-0.32,0.0,-0.7383582828255556,,0.0,-0.34111155573943236,-0.47669981041363085,-0.3333738363077333,-0.3303564507099591,-0.3160831877980498
229,-0.32,0.0,-0.04695841825298743,,0.0,-0.30081257833964037,0.023428900358928965,-0.2767080926114748,-0.2875048811048607,-0.24585673618413337
230,-0.31,0.0,-0.06196138177052495,,0.0,-0.32568422986149737,-0.5322093261991442,-0.33153834726268183,-0.3431227631999269,-0.35209299462268184
231,-0.3,0.0,-0.28031044632113417,,0.0,-0.28865538558224024,-0.27343140064350574,-0.29419332958753974,-0.2874515917490298,-0.26972028718346536
232,-0.3,0.0,-0.2937039910829015,,0.0,-0.29622771756021476,-0.2913255265041631,-0.2753644451924738,-0.2666072674430385,-0.028198448915889473
233,-0.3,0.0,-0.5984346870797326,,0.0,-0.2887830856024223,-0.2868036988307661,-0.2968102422531002,-0.3410535266255635,-0.2859123631550013
234,-0.3,0.0,-0.5966494034314455,,0.0,-0.29287984402484324,-0.2628384543068121,-0.27204049218193754,-0.2737758534325839,0.009784709260578693
235,-0.3,0.0,-0.8804815923010867,,0.0,-0.27762410787747877,-0.29026873501411155,-0.23787932995800937,0.2934374292017148,-0.21270358087098046
236,-0.3,0.0,0.7689454772518047,,0.0,-0.29984454979630487,-0.3055730435935169,-0.30665366168609504,-0.30004331153867325,-0.32394193754713774
237,-0.3,0.0,-0.6404619395811579,,0.0,-0.26190508685540237,-0.04246836667023424,-0.19724956732202117,-0.2526606651499193,-0.18616391229131896
238,-0.3,0.0,-0.4925236136840265,,0.0,-0.3078491605583874,-0.3041606804198434,-0.33046576430235225,-0.47651913618458247,-0.36696347302870075
239,-0.3,0.0,0.1662853494908406,,0.0,-0.31467494612067104,-0.311248820580191,-0.6635648717872529,-0.3431500176493402,-0.3514021067062601
240,-0.3,0.0,0.2715457047140112,,1.0,-0.20910292889350934,-0.275936470441673,-0.27378895454954877,-0.2871136822402688,-0.25071374693414833
241,-0.3,0.0,0.6085506335456987,,0.0,-0.28791554381430073,-0.3019113509423521,-0.22999907860913327,-0.31669292661579684,-0.29003694896791665
242,-0.3,0.0,-0.5600757425185469,,1.0,-0.3058606571725817,-0.28589595875666923,-0.2956242374590532,-0.04933450252431809,-0.30681787297680985
243,-0.3,0.0,-1.6763714438469373,,0.0,-0.2903128149541316,-0.3376512939084422,-0.3065624337279505,-0.2837709119084205,-0.24816281968139547
244,-0.3,0.0,-0.15418555339261358,,0.0,-0.29296174344698356,-0.2930866164695928,-0.286471271738088,0.19840695610285702,-0.24676931858411696
245,-0.29,0.0,-0.7692536085547982,,0.0,-0.2915548255266434,-0.2917646783008222,-0.28452855185889586,-0.43081748360572397,-0.2788348315083922
246,-0.29,0.0,0.6754116565075364,,0.0,-0.30022763452957074,-0.2978745442614224,-0.30649056767839894,-0.33502666303011003,-0.28490503188195526
247,-0.28,0.0,-0.2330829668291396,,0.0,-0.28889590291079154,-0.3001192177461405,-0.3209387247734523,-0.8417417371298398,-0.4135308798353602
248,-0.28,0.0,-0.08972157170682404,,0.0,-0.22741602822174706,-0.2113457448341975,-0.18918762925611055,-0.21738083653909865,0.12870487634977718
249,-0.28,0.0,-0.019191351846820533,,0.0,-0.27072427315145964,-0.27348326513193133,-0.27196455964570637,-0.2784996604394172,-0.4046954482599212
250,-0.28,0.0,0.49837031196118836,,0.0,-0.2946868060474027,-0.2925090106060556,-0.40245524014757567,-0.27088028497429045,-0.35036641360483456
251,-0.28,0.0,0.2735118086296592,,0.0,-0.284917391983194,-0.27166664209890906,-0.26463534639194664,-0.2506726146728071,-0.2598270457648123
252,-0.28,0.0,-0.17092481863829323,,0.0,-0.28807376653628863,-0.31758734683229656,-0.29603775519411124,-0.28378590564251166,-0.016264853729710795
253,-0.27,0.0,-0.8556640290263999,,0.0,-0.26714125395571214,-0.35717003969834094,-0.30004385959028607,-0.2784982489964247,-0.36741453157141063
254,-0.27,0.0,0.618839496176402,,0.0,-0.3776853072505552,-0.27840091922817295,-0.30766617358790627,-0.2754377682288987,-0.29438658642145865
255,-0.27,0.0,-0.0050351538026656316,,0.0,-0.2915029753743342,-0.2777219482013398,-0.391293243477693,-0.3017034497935852,-0.3635808880467846
256,-0.27,0.0,0.18333407499065493,,0.0,-0.3965689437951118,-0.2636999483997345,-0.29713845945708933,-0.3063347533968689,-0.2924181867770064
257,-0.25,0.0,-0.27441554158284287,,0.0,-0.25685561179674316,-0.2565807635665407,-0.2583808544268572,-0.2456618102193505,-0.18536347388805854
258,-0.25,0.0,-0.35658736676654385,,1.0,-0.2528654111583336,-0.24600594476200496,-0.22786871724330235,-0.1288810642719911,-0.18688846171466048
259,-0.25,0.0,-0.5826319850338125,,0.0,-0.4297558323023162,-0.25976589910647435,-0.27562132315123694,-0.2603427716177127,-0.2819125459083005
260,-0.24,0.0,0.056307520843959555,,1.0,-0.24353303666984563,-0.2908633142385274,-0.24532253673027052,-0.24946134237485967,-0.2237886563035851
261,-0.24,0.0,-0.017226561283488075,,0.0,-0.25518242119149853,-0.24087469756932986,-0.28207806379391775,-0.24255910551368856,-0.3249474766308412
262,-0.24,0.0,-0.10263023151272439,,1.0,-0.19867527845782196,0.0753728611075799,-0.17808284247282294,-0.1866600304650642,-0.03748020023168182
263,-0.24,0.0,0.10433583581306709,,0.0,-0.23014553970235502,-0.2378613708749378,-0.2145906252574858,-0.2421557082706476,-0.2198016971187585
264,-0.23,0.0,-0.40680996744015163,,0.0,-0.19764688979883696,-0.18932644041614352,-0.16325625860468562,-0.18003589920578028,0.3228608264609181
265,-0.23,0.0,-0.6714374898062965,,0.0,-0.24290208588832704,-0.24581952300277665,-0.2476088260886109,-0.5122957648059596,-0.2866076052063018
266,-0.22,0.0,0.7124194357451817,,0.0,-0.207707856566145,-0.20894591185235678,-0.1746193615966988,-0.208544318509488,-0.09865624786316271
267,-0.22,0.0,-0.3706519863157605,,0.0,-0.2233315803778938,-0.22799548626900196,-0.26169592990973073,-0.2336498484081173,-0.22797249216708798
268,-0.22,0.0,0.37420082655335607,,0.0,-0.17824050245282191,-0.19141481107762728,-0.21024708539637146,0.0750203995726388,-0.1211604570778423
269,-0.22,0.0,0.386668088511427,,0.0,-0.2201659147547879,-0.23854756532109506,-0.21902256151504204,-0.22923562406447417,-0.3156533257846469
270,-0.22,0.0,0.23789765226135556,,0.0,-0.21741084786392031,-0.22219066684332353,-0.23793567019566583,-0.21634454932012445,-0.24804714402985356
271,-0.22,0.0,0.40506341887067376,,0.0,-0.23748276869699117,-0.24277898870115086,-0.9019749832386112,-0.24477495218365292,-0.29691434945655804
272,-0.22,0.0,0.3231622732864083,,0.0,-0.2226559533105543,-0.2244077179319135,-0.21174929156833946,-0.20128080426951572,-0.4515619108498311
273,-0.21,0.0,0.775924760129825,,0.0,0.040507060633777785,-0.21201164363633596,-0.21941128486247505,-0.19760187419128022,-0.11380889609560563
274,-0.2,0.0,0.9708671745207066,,0.0,-0.19261371720379256,-0.17022166553941417,-0.17942019063387976,-0.18610505595554608,-0.1675742240365894
275,-0.2,0.0,0.469156395328418,,0.0,-0.20772058564962553,-0.20945824121784876,-0.1936472109454683,-0.22292165759757096,-0.6527878607868324
276,-0.2,0.0,0.8532907493078813,,0.0,-0.1510506408123381,-0.16131955730415815,-0.16323364676692598,-0.15650360258759222,0.28576915464610536
277,-0.2,0.0,0.13737731274227935,,0.0,-0.20433174897585582,-0.20287760465341853,-0.19857055763020448,-0.6377398187420148,-0.2509784736151425
278,-0.2,0.0,0.09003263720784803,,0.0,-0.19836357337291433,-0.19847314224193602,-0.11245621734956607,-0.19986572227848987,-0.15791847195726122
279,-0.2,0.0,0.7299980267610197,,0.0,-0.30390262208480856,-0.2012549518116501,-0.20217633804557927,-0.2179001988802484,-0.14490653059093386
280,-0.2,0.0,0.7888309556013648,,1.0,-0.20071113322768833,-0.19788336620251848,-0.2110776669176243,-0.19180795910007556,-0.29014405452841585
281,-0.2,0.0,0.2684473023845599,,0.0,-0.2725026663400213,-0.23498920494800338,-0.2116842034076395,-0.22702756539258723,-0.20469311337310156
282,-0.2,0.0,-0.0005730814159323855,,0.0,-0.20075670076067115,-0.2133798698625358,-0.20048663779518547,-0.20541038080429141,-0.23494767993860796
283,-0.19,0.0,0.6658467312556031,,0.0,-0.20520928298543137,-0.19000279631098946,-0.44186930446028005,-0.21097280634181054,-0.2477741701683458
284,-0.19,0.0,0.38399628755133186,,1.0,-0.18443378315206327,-0.20119106851171462,-0.37262429846621964,-0.19968137904654937,-0.19183741576798624
285,-0.19,0.0,-1.4319590082882794,,0.0,-0.6653298949339413,-0.19641777794719514,-0.19309730015183219,-0.20956037821055168,-0.21149769721811437
286,-0.18,0.0,0.5734725982100861,,0.0,-0.18483575986531864,-0.46725576788572537,-0.20356907489117598,-0.19725446846283998,-0.19267376049383148
287,-0.18,0.0,0.787228081852857,,0.0,-0.1963486306132879,-0.5002456211143128,-0.24022355454257877,-0.21192824921565764,-0.2116968060410736
288,-0.17,0.0,0.6932841989707413,,0.0,0.24976794710416092,-0.11331462503731182,-0.08283448275898579,-0.13431913222020067,-0.0044673289576903615
289,-0.17,0.0,0.8320308369563651,,0.0,-0.1777881819710748,-0.17895759826630128,-0.19935768026457565,-0.18743258922671016,-0.32570928750068545
290,-0.17,0.0,-1.1550105787923381,,0.0,-0.1333689617085467,-0.1475133903763228,-0.10803450906783561,-0.14095871733882365,-0.09835711383523582
291,-0.17,0.0,-0.05497854172506715,,0.0,-0.17979084837561826,-0.18814520049575797,-0.7506870294727391,-0.19140161829087704,-0.197104777001069
292,-0.17,0.0,0.34055040082907384,,1.0,-0.1680823108331978,-0.16791314032042548,-0.34042828180490403,-0.1763891589239273,-0.18244835074090385
293,-0.17,0.0,0.1650958234499685,,0.0,-0.17541173567012588,-0.1981516259526539,-0.19526062416301287,-0.12367158356487816,-0.2518636275299437
294,-0.17,0.0,0.5791310068621013,,0.0,-0.17540419929943524,-0.16948931576565296,-0.19231530813826028,-0.16835309019060932,-0.17482808109347459
295,-0.16,0.0,0.22628374876919122,,0.0,-0.148243879398821,-0.15023617842012948,-0.14689480088429782,-0.11148105798005879,-0.17272597068747694
296,-0.16,0.0,0.1250324780199769,,1.0,-0.1901647458119477,-0.6094046805828878,-0.190757100064647,-0.19841263299321338,-0.17870642986214574
297,-0.16,0.0,-0.03783351592037592,,0.0,-0.15448210677632682,-0.15814619235611432,-0.14741948843351996,-0.2328501528466173,-0.1298529168600035
298,-0.16,0.0,0.2982882057150573,,0.0,-0.17864418377986974,-0.17203665729479076,-0.1804051884345294,-0.3623316885424929,-0.13591067066070867
299,-0.15,0.0,0.6424378907615371,,0.0,-0.7307635998445203,-0.16138097138417679,-0.16936649210295604,-0.1674442097373585,-0.16530448452142033
300,-0.15,0.0,0.32420255753476906,,0.0,-0.15348251933610157,-0.16235462009771837,-0.13285347723546678,-0.6930564002743766,-0.09904778042997596
301,-0.15,0.0,0.825447106720447,,0.0,-0.13854404962702146,-0.13350250793434937,-0.10536030737565708,0.0053353629669836465,-0.11887149848149672
302,-0.15,0.0,-0.21470909512675765,,0.0,-0.13811278632032783,-0.15244476119810177,-0.13896711680434004,-0.16295341459675314,-0.03491950289741261
303,-0.15,0.0,-0.7367450202883261,,0.0,-0.17236755465065956,-0.19109170184868196,-0.20219741082698015,-0.8205417789822897,-0.26113497701969635
304,-0.15,0.0,0.08720793017704971,,0.0,-0.14809110012485172,-0.1466136564594964,-0.1427325304262625,-0.1650831133321597,-0.13401632439508115
305,-0.15,0.0,-0.19339186492903462,,0.0,-0.15810366916252694,-0.17330065376517348,-0.16981820132663614,-0.24138593471568545,-0.24728907765026753
306,-0.14,0.0,0.09767040891273773,,0.0,-0.14721143056318792,-0.14734020758788993,-0.24329064606872114,-0.1362895316779017,-0.18909807974546938
307,-0.14,0.0,0.1342226491759663,,0.0,-0.15540341253408457,-0.251529091439278,-0.15185851859248786,-0.15827464246780223,-0.15719292799318677
308,-0.14,0.0,0.6065717298345543,,1.0,-0.13605659698256292,-0.1301618946445443,-0.08849933184302325,-0.10061345635001322,-0.08526927875124603
309,-0.14,0.0,0.048229101278168186,,0.0,-0.15262730626648272,-0.1611857260767569,-0.1465291561244108,-0.4299121942609872,-0.2294382516439455
310,-0.14,0.0,0.15230223188133785,,0.0,-0.1546686620070536,-0.15138458412276992,-0.10123033863462186,-0.15428907991556703,-0.11934876069407915
311,-0.14,0.0,-0.40104820194826346,,0.0,-0.13878077371203698,-0.1305651109900688,-0.49006720600993,-0.12868370627433995,-0.15551482823680926
312,-0.14,0.0,0.1242950218151844,,0.0,-0.14144183427853757,-0.14792730983088637,-0.13195801941928514,-0.13931318881087446,0.09747034679599907
313,-0.13,0.0,0.5472049785745632,,0.0,-0.12777971942760669,-0.1438052587827832,-0.13915511675348205,-0.12018109660915935,-0.07937964879146439
314,-0.13,0.0,-1.0320946262940855,,0.0,-0.14141012588464838,-0.1252110383517693,0.21070648516252863,-0.1147580622235503,0.006046216951279658
315,-0.13,0.0,-0.88428112689612,,0.0,-0.10661329163317708,-0.0996236772511974,-0.044114211574550026,0.5239332901555613,0.0704438566822816
316,-0.13,0.0,0.748348811237336,,0.0,-0.11924161604871546,-0.15035139179645465,0.009250729286673394,-0.1257375322843149,-0.05378470558700058
317,-0.12,0.0,-0.0629299588339017,,0.0,-0.13390499513053986,-0.11053824646250483,-0.046855143399745586,-0.11746064001134715,-0.04509681254235282
318,-0.12,0.0,-0.4307582980283392,,0.0,-0.46822827669577644,-0.13191131278087176,-0.126352105583059,-0.12205997750424996,-0.1665994860309431
319,-0.12,0.0,-1.6996852292677882,,0.0,-0.1519470861775563,-0.11347843633544717,-0.1953572568556409,-0.6108286028188253,-0.27675319595463727
320,-0.12,0.0,-0.8838983840185156,,0.0,-0.11898810725156506,-0.1262042902043782,-0.11969492181804992,-0.1343921006304151,-0.16682414398722312
321,-0.12,0.0,-0.7379610372386225,,0.0,-0.794842951918357,-0.17686835441305598,-0.19861677663572738,-0.1796329260584915,-0.27636235153675326
322,-0.11,0.0,-0.6618184981505494,,0.0,-0.09847108604383573,-0.11433319482226403,-0.09853561210273426,0.0315858764481777,-0.02054820157069157
323,-0.1,0.0,-0.6475939547087411,,0.0,-0.10191743447284468,-0.0930355109230705,-0.29191217524752,-0.12230378947451763,-0.1414215089235045
324,-0.1,0.0,-1.0430446542025122,,0.0,-0.10115704822682244,-0.09003304627590519,-0.13565704715493038,-0.08339956917578038,-0.06490072479159274
325,-0.1,0.0,-0.6842352931234978,,0.0,-0.10906587849739297,-0.10046868935509319,-0.0751591996057083,-0.10658665347500956,-0.07081070029405119
326,-0.1,0.0,0.3579641513756212,,1.0,-0.10221640894625991,-0.09343946797142254,-0.03256763192339827,-0.11021169248951379,-0.06449787726120343
327,-0.1,0.0,-0.4463893451199562,,0.0,-0.09834945180244174,-0.10796404359545801,-0.0799483248030315,-0.09001562097754708,-0.08561186537828579
328,-0.1,0.0,0.1277429282681099,,1.0,-0.07750539519009646,-0.08561303669299739,0.06040298515418303,-0.0971013186017331,-0.09517247896279049
329,-0.1,0.0,-0.9639566821089233,,1.0,-0.11030491637985038,-0.10960271654879562,-0.11179717271082132,-0.09180985427078515,-0.18758842812017457
330,-0.1,0.0,0.07650094230003913,,0.0,-0.10035083931490843,-0.10720281811508152,-0.10307601831833818,-0.11234590809533912,-0.278183292322281
331,-0.1,0.0,-0.2106773772480246,,0.0,-0.11295486242888474,-0.22224866991723846,-0.11715457204126016,-0.10291410285733883,-0.11223746231788564
332,-0.1,0.0,0.3621521969051616,,0.0,-0.11525075081282654,-0.3353688740026288,-0.1299751243971009,-0.11499120934652615,-0.17184105634794244
333,-0.1,0.0,-0.8254037629840483,,1.0,-0.09437317320966697,-0.10201693722227785,-0.07846490332352465,-0.10012365185546321,-0.07259870422141745
334,-0.1,0.0,-1.4773469703721365,,0.0,-0.10571425978778123,-0.09581506137563564,-0.07577344084104876,-0.3527608928417941,-0.08530608542944675
335,-0.1,0.0,-0.35996847833516876,,0.0,-0.48055622540535653,-0.10160713331745773,-0.12142748102398268,-0.10176293739813376,-0.1291927252933899
336,-0.1,0.0,-0.23316137914590743,,0.0,-0.10367539516382623,-0.09937333529628252,-0.2811936083245843,-0.07590554516825337,-0.09591046997353654
337,-0.1,0.0,-1.4720573824399752,,1.0,-0.09521103423593735,-0.3275972928547435,-0.10575558222461305,-0.10404486005273017,-0.17829423231970715
338,-0.1,0.0,-1.3328244246314311,,1.0,-0.09788358353036641,-0.09838130840460078,-0.1023484597447533,-0.08470727001840406,0.22323320074802255
339,-0.1,0.0,0.8835471521662214,,1.0,-0.10673094622231996,-0.08126831232432229,-0.10098875150915214,0.021380920538124397,-0.016795143770055625
340,-0.1,0.0,0.795967919900787,,0.0,0.028787715186869855,-0.08097269150867747,-0.09663939425091213,-0.1163191226615068,-0.07041748706025378
341,-0.1,0.0,0.20908095522117878,,0.0,-0.04484992359005944,-0.11812723448881697,-0.08634230039218187,-0.11935286716809831,-0.13404162494065303
342,-0.09,0.0,0.011851556289866696,,0.0,-0.08977914657389892,-0.10594177610194234,-0.2826043710992642,-0.09426007514458722,-0.1215611435375809
343,-0.09,0.0,-0.3696764671172785,,0.0,-0.08887258681004263,-0.08307330088389447,-0.09122900106116406,-0.3017933036564276,-0.07551372604950671
344,-0.09,0.0,0.13065812364138626,,0.0,-0.11269387863613516,-0.10224803086712321,-0.88720672506799,-0.1176111091126917,-0.1643860458590024
345,-0.08,0.0,0.4999949645877338,,0.0,-0.16317060924874577,-0.09702229392490078,-0.1081160280690076,-0.10072018217733501,-0.1170622474082739
346,-0.08,0.0,0.4358811851345713,,0.0,-0.11286981646294293,-0.11123985533117138,-0.8235395603685771,-0.1214116735539387,-0.13213982692075604
347,-0.07,0.0,0.030572807012706742,,0.0,-0.0855615428120634,-0.08895769595371877,-0.0952906906455632,-0.08002316569984125,-0.47067299834042975
348,-0.07,0.0,0.029824896255964444,,0.0,-0.0798811754672006,-0.07738260146882647,-0.09620203845866912,-0.313331961255434,-0.12457615898983257
349,-0.07,0.0,-0.06536930466090195,,0.0,-0.5961487743142906,-0.07051921873918271,-0.09398190619463731,-0.07468247038224336,-0.1324603202148442
350,-0.07,0.0,0.20260032673194814,,0.0,-0.07802713811119928,-0.06987008352108114,-0.06854641619281995,0.14037253164547822,-0.03812414980254997
351,-0.06,0.0,-0.7161625934422512,,0.0,0.19401352267825275,-0.05718035561022811,-0.05584642373742757,-0.04955474893561175,0.04515885007891172
352,-0.06,0.0,0.10204585754065261,,0.0,-0.05528837597588094,-0.10111060473607762,-0.055584036944332366,-0.04567242340967446,-0.01776889838824536
353,-0.06,0.0,-0.3191829892051792,,0.0,-0.06359238316761431,-0.05790518872512048,-0.048091038839831804,-0.21915473769167243,-0.08425682487334211
354,-0.05,0.0,0.5643902699184503,,1.0,0.12206764231922745,-0.04444699326014431,-0.02494094401620292,-0.02894906389547993,-0.044828452037092806
355,-0.05,0.0,-1.5149530578233326,,1.0,-0.04688059219979561,-0.05462000080728114,-0.034157419333271925,0.03221515383144729,-0.0491696681223403
356,-0.05,0.0,-1.1911476892904296,,0.0,-0.04542292161354696,-0.17946594978425226,-0.07288505919162339,-0.060864782720108895,-0.0385360368072058
357,-0.05,0.0,-1.4570634749279423,,0.0,-0.06729742413604775,-0.048846052141774496,-0.07937375430653355,0.0709799635449097,0.002475578193279821
358,-0.05,0.0,-1.019467605326086,,1.0,-0.06444948291854166,-0.08171826795716428,-0.2789791824744533,-0.0774574825015512,-0.09737531434525865
359,-0.05,0.0,-1.7232415703058346,,0.0,0.15589299794181893,-0.023354814944458326,-0.032060260965785424,-0.010952447863469467,0.08327752212595237
360,-0.05,0.0,0.17013089770713322,,0.0,-0.06966250271808398,-0.5797560874798702,-0.09551594268498964,-0.08126774235050847,-0.12442111673631794
361,-0.05,0.0,0.29871855758185334,,0.0,-0.06225271992778262,-0.07671254331298645,-0.5616499857607625,-0.07805300940032031,-0.183500570580922
362,-0.04,0.0,-0.7191681666731532,,0.0,-0.012197885385814138,-0.02997670146282282,-0.015267731157342163,-0.03148017354877517,-0.02043301834601385
363,-0.04,0.0,0.03792222091217387,,0.0,-0.03429042857283149,-0.06527679803004448,-0.21247745692195474,-0.03809990329362955,-0.03740334621604373
364,-0.04,0.0,-0.5681120762382732,,0.0,-0.04637209576915424,-0.038922365177234686,-0.07880393525437775,-0.06644898500446547,-0.09904630343738122
365,-0.04,0.0,0.18258385641826813,,1.0,-0.07564762574420683,-0.08019241992195053,-0.10364958923772309,-1.1254945023848386,-0.19624547799004383
366,-0.04,0.0,0.07972240872381753,,0.0,-0.045787075946238216,-0.057813365623798664,-0.06314142689289647,-0.31589595764820666,-0.08980003019210914
367,-0.03,0.0,0.21757218116215035,,0.0,-0.02984852389478426,-0.03776878215956344,-0.04667596393280277,-0.03341467837448274,-0.01634995685863851
368,-0.03,0.0,-0.07719009108049388,,0.0,0.011010910081132471,0.09731295490615327,0.05416689936573201,0.04360748628859322,0.18067736376528407
369,-0.02,0.0,-0.5142319914499145,,0.0,-0.03786155090934669,-0.07719239413724553,-0.0216271013702283,-0.008527240168028975,-0.0641788791576987
370,-0.02,0.0,-0.3674722959275339,,0.0,-0.004296082134526983,-0.003930243146284343,0.009960757960129133,-0.020866474267371066,0.0390164553974855
371,-0.02,0.0,-0.39140540744818153,,0.0,0.011059438306881761,0.0005127247263472897,-0.014321670809294185,0.04665107996631938,0.036129737329279814
372,-0.02,0.0,0.22833307777233236,,0.0,-0.018475210092409863,-0.013969800566942959,0.00990810003977968,0.01770528647588834,0.2728551507016703
373,-0.01,0.0,-0.030302528272491764,,0.0,-0.02581756019084996,-0.019742786221108147,-0.05071768334040434,-1.0394700291214993,-0.10548473676740162
374,-0.01,0.0,-0.014401401746655334,,0.0,-0.7940137730174693,-0.03202792576260951,-0.02323265651635019,-0.0415975495700459,-0.10217748263760543
375,-0.01,0.0,0.8602906958360363,,0.0,0.010689579201668619,0.001632248299967242,0.011079896403934112,0.017865093166386733,-0.019787025849720013
376,-0.01,0.0,0.5545777031354405,,0.0,-0.0040207967690107736,0.001912342440711945,-0.017341719419663105,0.016330567871304436,0.03687331593233186
377,-0.01,0.0,-0.7630483019405057,,0.0,-0.0158101060052662,-0.02408139118700395,-0.28287862912476264,-0.03044553708170472,-0.09294114094923228
378,-0.01,0.0,-0.2312999004989722,,0.0,-0.17952229408634895,-0.02594636349424413,-0.023261757798981614,-0.02863880015619417,-0.1118126937311901
379,-0.01,0.0,-0.09556079945577463,,0.0,-0.021126980737821877,-0.017389797999574602,-0.03382317238649933,-0.02963258063955895,-0.5708756182261684
380,-0.01,0.0,0.6117445618183708,,0.0,-0.01601981663828912,-0.18584566804035335,-0.023070864781539066,-0.017169005226399192,-0.0938082427682214
381,0.0,0.0,0.5121405083291068,,0.0,-0.029618048757726518,-0.36927051347538126,-0.03393475356953183,-0.03688073007796535,-0.07371643790610244
382,0.0,0.0,0.23674257591131825,,0.0,0.002234097487066881,-0.01252248624713525,0.0026021970848498,-0.10809007096947415,0.08645884054382844
383,0.0,0.0,0.22029615831741475,,0.0,0.42764718541832736,0.02799592531052755,0.05631386614385393,0.022799609552282895,0.09846253431552682
384,0.0,0.0,0.5632747767472428,,0.0,-0.0021310302574231352,0.005453130713033555,-0.008899111353963294,-0.10182690679972196,0.048443909576154465
385,0.0,0.0,0.804525958590242,,0.0,-0.010850119370741528,-0.007757690947350418,0.2720877936765034,-0.0009722934208589316,0.026428115636432818
386,0.0,0.0,0.10722348138551419,,0.0,-0.017041094320810524,-1.2276548617027079,-0.03930493242114224,-0.02198960087379268,-0.11092302426419054
387,0.0,0.0,-0.10017453090851676,,0.0,-0.04415436328873195,-0.05078112139612964,-0.05610678652298592,-0.577410269130838,-0.11710860867655151
388,0.0,0.0,-0.4983024420631984,,0.0,-0.2802192619698897,-0.01598987341049896,0.007041083090938241,-0.0007842088452423198,-0.023638623491236244
389,0.0,0.0,0.7458152188355981,,0.0,-0.004922796538823455,0.010212252866471677,0.03692498350101368,-0.01644179165567395,0.05502897349322729
390,0.0,0.0,0.49445922360623035,,0.0,0.0013566373301961737,0.016040015090680215,0.15092255741969973,0.01757387352686914,-0.02973650551332423
391,0.0,0.0,-0.09716796430608465,,0.0,-0.432325714731641,-0.014750297876253995,-0.01842644136613518,-0.031022223543454186,-0.0487064001731504
392,0.0,0.0,-0.5152645818089884,,0.0,-0.004979013619366031,-0.005558896083268355,-0.01930814947508449,-0.012892451697690868,-0.18711559828373042
393,0.0,0.0,-1.0636069681907059,,1.0,0.001848676038017937,-0.7817060092556731,-0.04136757236823933,-0.031534076253957315,-0.09775122238403164
394,0.0,0.0,-0.8161621904719626,,0.0,-0.020380509712859936,-0.0016345916599338462,-0.014836404512720764,-0.029904055365415766,-0.19622257861564463
395,0.0,0.0,-1.2998446099867251,,0.0,-0.006135365064464375,-0.03006523228396681,-0.05709016532637105,-0.5072385582658816,-0.053380337496274514
396,0.0,0.0,-0.8228093333649287,,1.0,-0.3267120336742321,-0.02053434303689806,-0.044251022800889626,-0.015572128890968297,-0.028631044793736838
397,0.01,0.0,0.48530819517126916,,0.0,-0.011846736179570721,-0.014015298391535631,-0.008951645360965032,-0.021498256898976473,-0.003184353592580433
398,0.02,0.0,-0.3215416265900551,,0.0,0.02600443391413056,-0.15269148154579296,0.026986612210128838,0.012110589161322096,0.007246469056213747
399,0.02,0.0,-0.9640138458305038,,1.0,0.003236224126484532,0.18400471329200896,0.03499060690475348,0.01969521924210558,0.08197566195204914
400,0.02,0.0,-0.7864068159702224,,0.0,0.02281403991838142,0.5511861389337958,0.11427103658249178,0.041363872776615046,0.19374126030130578
401,0.03,0.0,-1.2780361767609074,,1.0,0.028583271351941802,0.04599634283804593,0.03535708456460334,0.03842091692743448,0.1492373319516432
402,0.03,0.0,-0.46648233677304124,,1.0,0.01116498904973029,0.013728865149928125,-0.009708523982318577,-0.7405432808097028,-0.03126831913945712
403,0.04,0.0,-1.3547460081207185,,0.0,0.03770587153646633,-0.010606521464841706,0.05312295831402982,0.036974074570652306,0.07299649170070067
404,0.04,0.0,0.8896783361980841,,0.0,0.02491103935666414,0.029615501846003884,0.11059522308390046,0.0485100052812286,0.12727389499038022
405,0.04,0.0,-0.5232712930985203,,0.0,0.02159356295162226,0.007128071946041235,-0.014927080184517527,-0.023155928077707586,-0.3524518875738064
406,0.04,0.0,-1.0776204978522161,,0.0,0.03547999613910274,0.03140529327924928,0.03384422984547931,-0.03241017223180652,0.0188638565674885
407,0.04,0.0,-0.4070273689844774,,0.0,0.03331697921009366,0.044635363239499216,0.024916499163820657,-0.069871798830214,-0.013419458040507964
408,0.04,0.0,-0.6103415846711054,,0.0,-0.15529017981163923,0.042492898665038366,0.004175901739002031,0.02014000937925539,-0.0385774250615844
409,0.05,0.0,-0.5588058735525301,,0.0,0.04466523328988618,0.047937713952081455,0.08642587468130722,0.05133813158876006,0.100312607041754
410,0.06,0.0,0.09249165933761454,,0.0,0.07094713022597858,0.05847760803691768,-0.08896087138219663,0.062141867974353025,0.016172974617873134
411,0.07,0.0,0.5590083248545706,,0.0,0.09245052231933702,0.08987714189042124,-0.0019024693213531621,0.07830153212799147,0.07494600868232747
412,0.07,0.0,-0.17727161449955728,,0.0,0.06890314515141889,0.06110892947653231,0.0704426463705267,0.06394472175733354,0.11158012690011145
413,0.07,0.0,-0.5764439568490833,,0.0,-0.18907957584768753,0.05946058330328407,0.07284165637830502,0.06336692858825206,0.05959546054847204
414,0.08,0.0,-0.8077556720801848,,0.0,0.06470044936050323,0.08251933035906482,-0.4501272568038359,0.06774952355616545,0.06544348082965706
415,0.08,0.0,-1.081023091075841,,1.0,0.0842558997157348,0.08772134955132273,0.09138273400039426,-0.46665945365045913,0.12439818083478377
416,0.08,0.0,-0.9562696755470105,,0.0,0.534625659467635,0.09438016361032196,0.1331997595049583,0.11324696399528596,0.20537672156785605
417,0.08,0.0,-0.11757364888552223,,0.0,0.06331577876778806,0.05325521985260901,0.008834276670866571,0.06683629289504056,-0.809377624515385
418,0.08,0.0,-1.2738756294295246,,0.0,0.33137072689828273,0.09418852503082056,0.11994339990388053,0.1103978798015944,0.09724109820922479
419,0.09,0.0,-0.3970383072851906,,0.0,-0.04013736469092658,0.06656165549667595,0.07391996626081714,0.07008367937255006,0.06901044148178626
420,0.09,0.0,-0.13038369294278682,,0.0,0.08545416475781746,0.08096881902539796,0.07692377134324611,0.09768480739876817,0.044229162036650185
421,0.09,0.0,-0.7023082961411513,,0.0,0.4395592353475958,0.12905608093610876,0.15710620280051435,0.1146041274220473,0.2780572362871429
422,0.09,0.0,-1.0935913302408475,,0.0,0.08804928165763044,0.18818031330098853,0.0528847807652065,0.11028475838906857,0.09987405717658941
423,0.09,0.0,-0.9148091060262754,,1.0,0.05757325699409853,0.05080102468383169,-0.010119847564292865,0.04310234855460473,-0.6619385036523175
424,0.1,0.0,-0.9247211219867844,,0.0,-0.13875768513817452,0.08230949711789964,0.04260133092293971,0.05039085166299341,-0.018106151179013746
425,0.1,0.0,-1.032205536811695,,0.0,0.1437554090375333,0.13647591183027927,0.1352466061364902,0.12886122151794163,0.35314636615503897
426,0.1,0.0,-1.2577405651986229,,1.0,0.08572514034898379,0.08221390106468932,0.06646228076233024,0.07718059152456037,0.04484345659621257
427,0.1,0.0,-0.8871206789840422,,0.0,0.013087796672111001,0.08224226639641348,0.10172646929008831,0.09333091562372109,0.07035767832737097
428,0.1,0.0,-0.8318180376235876,,0.0,0.09891093516336016,0.08778031657051318,0.08382039848798672,-0.2561108827588578,0.09514393797990495
429,0.1,0.0,-1.2571295486826357,,0.0,0.0711884637786894,-0.7588234808136477,0.09294596845417996,0.062095233790110754,0.023812418936619246
430,0.1,0.0,-0.6190395637707546,,0.0,0.22441469024561245,0.12269310806671113,0.10372630261785898,0.09532265457040885,0.15795084672419343
431,0.1,0.0,-0.733763833105749,,1.0,0.06476456597239252,0.09914271293679454,0.08322686661981588,0.08531164258279329,-0.08416568963963193
432,0.1,0.0,-0.4854884086507531,,0.0,0.07749217837653688,0.05976968296101383,0.03553564875329299,0.039614403822866864,-0.5782268720425199
433,0.1,0.0,-0.1947841179394214,,1.0,0.1029046511802743,0.09345794080806731,-0.034672440719030674,0.10502928939506467,0.2076080362342615
434,0.11,0.0,0.18688246707690637,,0.0,0.10002630931565704,0.07182206693595651,0.08377182435911416,-0.09642288453336749,0.03665469184329296
435,0.11,0.0,-0.7149774938409016,,0.0,0.09198637330199608,0.10310647319353913,0.11354736398490368,0.10430796914198258,0.061603893276257364
436,0.11,0.0,-0.40782935323301184,,0.0,0.11070418004613979,0.11315367130328503,0.12003636672052571,0.19709902168619348,0.12346993762716514
437,0.11,0.0,-0.9946909003260916,,1.0,0.09949017313594344,0.09661853812431481,-0.11414462638143547,0.1040936292919111,0.15207420067697766
438,0.11,0.0,-0.8615288433081499,,1.0,0.01962773905751508,0.11512948313756824,0.12158282968846057,0.11113639337264952,0.18092017217512726
439,0.11,0.0,-1.0324918025067744,,1.0,0.100359744001729,0.10083580166876029,-0.15607887904626033,0.10944695289553452,0.09318963849653565
440,0.11,0.0,-1.078213761674204,,0.0,0.09644063840898269,0.0005022529676594103,0.10122531191524163,0.08648690974163413,0.10084498905143197
441,0.11,0.0,-1.2661951958974795,,1.0,0.1303912535730013,0.11703558132316141,0.19085960662553897,0.12647158340997003,0.15858462029866288
442,0.11,0.0,-1.2248599411004568,,0.0,0.1953600377688541,0.09633885296101312,0.1173739511304871,0.10161383012039141,0.10435490438325025
443,0.12,0.0,-1.3213442685415517,,1.0,0.11778164039022493,0.1762332109535574,0.15133188819253818,0.1267086804691611,0.13536858602153068
444,0.12,0.0,-0.6253020279796669,,0.0,0.24743992534620068,0.1263704687794906,0.11865315538509948,0.12802574527515664,0.1331663614390274
445,0.13,0.0,-1.40863598179342,,0.0,0.12880105631199576,0.12446866576862466,0.15273772046556358,0.13831946720219584,0.12657512714368654
446,0.13,0.0,-0.5824176235358902,,0.0,0.09329693928685906,0.033399386709070576,0.12654108475764728,0.1052842867407106,0.06483619860066445
447,0.14,0.0,-1.288455371880374,,1.0,0.14967850526650284,0.1440662465146237,-0.011509192268650874,0.1155928316359913,0.196110897578971
448,0.15,0.0,-0.18647572446940605,,1.0,0.13806951031334685,0.14095093945555456,0.13400952988917625,-0.41459858388435256,0.05926336824899398
449,0.16,0.0,-0.6584229769963483,,0.0,0.1675414987703069,0.38347238642294706,0.16955061546324965,0.20175115343271155,0.32072798168406336
450,0.16,0.0,-1.066294735640934,,0.0,0.14914073493153426,0.16343977089592196,0.11821785585248334,-0.16353373753113898,0.03813887969303667
451,0.16,0.0,0.0347365314853032,,0.0,0.17441450098204597,0.169769122994634,0.1755885732106595,0.17333754358568051,0.454498544241838
452,0.16,0.0,-0.7730527966354107,,1.0,0.15137917333116996,0.15602112857823658,0.1684654844847769,0.08130576870920422,0.26035744458596194
453,0.17,0.0,-0.6415012074167601,,1.0,0.1904287739168314,0.424267407811848,0.2247077960631385,0.21984967318780907,0.2672898976298244
454,0.17,0.0,-1.0246472121588386,,1.0,0.39245479595474336,0.1880897847647754,0.14687772506371521,0.18698182494868332,0.2054680754655011
455,0.18,0.0,-0.8092546677599441,,1.0,0.1690968378055281,0.16584567756232152,0.15671156440654513,-0.09758879014020895,0.14336027649010802
456,0.18,0.0,-0.4628882093957272,,1.0,0.1495567110670648,0.15289802301725733,-0.47814901025936946,0.14842057829953928,0.03356084364602659
457,0.18,0.0,-1.3992606043371294,,1.0,0.1742404303419521,0.1859643338244512,0.227992934681132,0.18466342736068114,0.1976033689942454
458,0.18,0.0,-0.6549472416946834,,1.0,0.14464957244216556,0.1532237933438117,-0.46761388430530676,0.13452606793471117,0.03487251770018402
459,0.19,0.0,-0.6226294145836423,,0.0,0.15992349712704815,0.016805633154752656,0.12929801976239627,0.15044110873979724,0.08472762800564318
460,0.2,0.0,-0.36664730762342607,,0.0,-0.7200028468604072,0.15742623447981913,0.15172013126974102,0.1836387925443931,0.16952415205380217
461,0.2,0.0,0.12324658164672088,,1.0,0.1978963396401354,0.2528189795721298,0.20214620601427666,0.1928463686974521,0.19240879918153603
462,0.2,0.0,-1.1475432096099898,,1.0,0.145308195245292,0.18353215825452965,0.18535495193599694,0.18316228375585702,0.1886223756345943
463,0.2,0.0,-1.0445793887771515,,1.0,0.18358003685966356,0.19211572134716634,0.1738034377720703,-0.16810153690237276,0.1304247040321816
464,0.2,0.0,-0.06802579303192464,,0.0,0.22691512500972894,0.26157528586294454,0.3327079934441763,0.5254369402211438,0.40329019131246263
465,0.2,0.0,-1.2484512976361506,,1.0,0.16505531715304136,-0.07028718022212689,0.1454524160830577,0.13880657076996664,0.05642744705705223
466,0.2,0.0,-0.6744452708264492,,0.0,0.2010797992469893,0.19781041410676628,0.19995399316972554,0.22549888853680258,0.3385933040734745
467,0.2,0.0,-0.9001024164342568,,0.0,-0.024552004446668472,0.13786039311653228,0.15915859706919147,0.13454658980953307,0.08209066436443402
468,0.2,0.0,-0.05178944411052982,,0.0,0.37480482083128813,0.2209120843177067,0.21751232812373994,0.2249151148906966,0.2568202396722945
469,0.2,0.0,-1.2006185619044112,,1.0,0.21206217434534583,0.2123528541292575,0.33405540281687884,0.21527142195140658,0.24636026086847582
470,0.2,0.0,-0.6235301057273415,,1.0,0.18528046192014355,0.18960834647046615,0.14942270162455845,0.1638449263555444,-0.3835125396302791
471,0.2,0.0,-0.6524196337309804,,1.0,0.2032555071462396,0.08895352859389741,0.2180133989585837,0.1944343347221625,0.17469702630262382
472,0.2,0.0,-0.9810770935443593,,1.0,0.19344809325676485,0.22104650351681496,0.235702210231101,0.17691479382449365,0.18706697194361166
473,0.2,0.0,-0.15012827891251415,,1.0,0.215143497988956,0.22939806616745664,0.2715970747621131,0.4319435864471194,0.2546879991898821
474,0.22,0.0,-1.5430366924664807,,1.0,0.2294423137508497,0.24207282112309708,0.24282590201512277,0.4296996420068979,0.2809318275618882
475,0.22,0.0,0.09839268757568237,,1.0,0.21622002769514578,0.2286946119744561,0.24459225602464107,0.2287303347764856,0.6519670084376815
476,0.22,0.0,-0.12561843766751943,,1.0,0.20490902617017312,0.19639204207754968,-0.01186169224611971,0.2055131203202181,0.24736614757554481
477,0.23,0.0,-1.1366715358400783,,1.0,0.20823349693200352,0.21503073579630422,0.18265025528635204,0.2036634725248344,-0.32811919800515343
478,0.23,0.0,-0.2674413296157724,,1.0,0.21685781475754365,-0.19346342625760288,0.17662759140660714,0.20761095021562218,0.2089823207391389
479,0.23,0.0,-0.41415017929937176,,1.0,0.21550715079848093,0.24064548770284025,0.22612282435793726,0.25038186087204883,0.2837072326499607
480,0.24,0.0,-0.7299234671662219,,1.0,0.009336351649625627,0.2267499473746489,0.24284504952554334,0.22063446933053102,0.22743812847403055
481,0.24,0.0,-0.042134374824698895,,1.0,0.246335929687688,0.23913102911366943,0.23891794305068478,0.23328946671236128,-0.12158474818809696
482,0.25,0.0,-0.4678316082520525,,1.0,0.2363055324148714,0.26039482696974425,0.23545585354392165,0.2418204918592652,0.19534755164731127
483,0.25,0.0,-0.8429387753288387,,0.0,0.2463018044073794,0.22168865818859623,0.18697773061775894,0.24056766379924988,-0.045043533629306146
484,0.26,0.0,-0.2692614992397386,,1.0,0.22428137315339886,0.25758804113480677,0.12125711043389911,0.23952581645047616,0.17774356345324474
485,0.26,0.0,-0.9898902855941729,,1.0,0.27199640685645543,0.2678183769372398,0.2607268814311944,0.2790832984859449,0.24784368761598435
486,0.27,0.0,-0.6336065918984766,,1.0,0.24894875934516644,0.25620139569719685,0.24415422342769005,0.029331699394479768,0.260255280317918
487,0.27,0.0,-0.5877170688708944,,1.0,0.2515783627158863,0.24476317500677627,0.23895788741325735,0.2306750386238212,0.2311640703166315
488,0.27,0.0,-0.8954876197683679,,1.0,0.24723301781370655,0.2577325516336101,0.23545572583190136,0.25816202402042243,-0.1901357076914702
489,0.27,0.0,0.08569003813483402,,1.0,0.24059409260409303,0.25268361784451193,0.05081945041067348,0.2659120982121049,0.2019909829118739
490,0.27,0.0,0.22827042451352478,,1.0,0.26408486038480694,0.2792011490104409,0.27644469928057974,0.17553589096283834,0.2480658695502413
491,0.28,0.0,-0.6532766905378011,,1.0,0.26116241746725066,0.29365862709503276,0.4168993072435318,0.24438020778036315,0.30770615711203275
492,0.28,0.0,-1.2282609635101573,,1.0,0.18767983469699145,0.30353957118816205,0.26602979746068767,0.2543489253606255,0.31045759656189525
493,0.28,0.0,-1.0869424839031352,,1.0,0.2782233253657555,0.2801033884886483,0.26293691731457636,0.19194072907148593,0.2706421474768906
494,0.28,0.0,-1.1896252161675986,,1.0,0.007288059889359068,0.26848714629848247,0.25913023210011593,0.2687285702377853,0.24211854864001484
495,0.28,0.0,-0.6901897396605405,,1.0,0.2615098327513857,0.24812798983980097,0.23393659608279094,0.2464112811240891,-0.014461383858874187
496,0.28,0.0,-0.4903159097492505,,1.0,0.1877244817471255,0.2787609100444905,0.2621422746793604,0.2819460284480503,0.2838964620195899
497,0.3,0.0,-0.7485414634041401,,1.0,0.29680361756528006,-0.37821626936629327,0.279118625824558,0.27888702066743404,0.2757783883474924
498,0.3,0.0,-0.8294273684942038,,1.0,0.31288816585307416,0.27381740406179883,0.3116418563903937,0.3067897007549778,0.30641283863995694
499,0.3,0.0,-0.9469139964482678,,1.0,0.13798447773524586,0.2695712234326565,0.28524508711985336,0.2745221834560062,0.260419163597796
500,0.3,0.0,-0.5330321777432391,,0.0,0.28428095389218294,0.2802755812809276,0.27289387339249127,-0.5446076617527192,0.220600851487361
501,0.3,0.0,-0.19466837886554317,,0.0,0.05016980274973223,0.3144450049679282,0.2927738240732784,0.31081212891028814,0.3286425479750961
502,0.3,0.0,-0.7570338339161965,,0.0,0.285294438112965,0.29211704709956215,-0.1628133014470776,0.2806138380546465,0.25032522460196305
503,0.3,0.0,0.548132778377187,,0.0,0.30241307960704955,0.30094887165008083,0.31258506961497107,0.45939467612700974,0.4030579877359778
504,0.3,0.0,0.8027838925738462,,0.0,0.2754874466416855,-0.0900364690236569,0.2580562290901383,0.27463698719745827,0.17799720545509215
505,0.3,0.0,0.144374355650175,,1.0,0.30777904617919666,0.30925103009303134,0.3877192787960133,0.31275686822760673,0.30955453347655704
506,0.3,0.0,-0.6382786859966779,,1.0,0.2830984542400649,0.27447498330242015,-0.36392398288667677,0.2728863359639808,0.22824827271190842
507,0.3,0.0,-0.07290435728127985,,1.0,-0.07583324695089823,0.295921660443556,0.31183518568187113,0.3170376310556881,0.33706647943741747
508,0.3,0.0,0.34074537727879606,,1.0,0.30009728478297154,0.29814757827547606,0.2929962052238356,0.10846711469483838,0.3406651523954552
509,0.31,0.0,-0.24999881085938636,,1.0,0.30748016345802986,0.45705740921991017,0.31906520695018975,0.32727387626358334,0.38433333612935444
510,0.32,0.0,-0.903774829729149,,1.0,0.31229563594659693,0.3253850934967699,0.325274785990817,0.23311966527146158,0.3139776535167231
511,0.32,0.0,-1.3674752306066422,,1.0,0.2991548649571114,0.32327311330908054,0.17777170066469103,0.30843461683843165,0.37075525250071134
512,0.32,0.0,-0.6735314196302293,,1.0,0.28312343788600103,0.2849938077244993,0.2508390255786142,0.2974943377893773,0.24792917561285233
513,0.32,0.0,-1.2231849285743897,,1.0,0.3301490891333461,0.47289333970936903,0.33156612544643477,0.3466552705963209,0.37785474220884185
514,0.32,0.0,-0.5884560484405512,,1.0,-0.03318988451293681,0.302100564120373,0.3421213560809192,0.31829549291260684,0.34379637267308166
515,0.32,0.0,-0.08453563156606139,,1.0,0.2779389787115573,0.27687127029192615,-0.40751704759419505,0.2580301906766126,0.14966075846518076
516,0.32,0.0,-1.3590538640653393,,1.0,0.3075431432026298,0.2910547895417991,0.29831106521407585,0.3068716977466394,0.19474895235908538
517,0.33,0.0,-0.7381451014060035,,1.0,0.2883131808476877,0.27399892942631604,-0.37379500982182273,0.2896632055760281,0.2012262003168658
518,0.33,0.0,-1.2702863581639072,,1.0,0.1863399601145092,0.33252541365969773,0.30903092709990776,0.3147161488056226,0.31023694736461066
519,0.33,0.0,-0.999343550623787,,1.0,0.3295266170443581,0.3281274742074074,0.3216247650470411,0.3076709936164719,0.31055397584727285
520,0.34,0.0,-1.191596707549939,,1.0,0.3426239578869519,0.3434848898600662,0.34133135210978643,0.3375563563841276,0.5328772174221978
521,0.35,0.0,-1.9319807573492305,,1.0,0.3492471723026967,0.34969905649011723,0.33077989377240985,0.3331145841308165,0.34062396015968704
522,0.35,0.0,-0.978658202220302,,1.0,0.31850901592265124,-0.7565595348719877,0.26067189605919044,0.300765768859843,0.17444856722569624
523,0.35,0.0,-0.5728722051694968,,1.0,0.3541063590908943,0.3495777680431716,0.337114462788919,0.21814707828583396,0.31469977462540405
524,0.36,0.0,-0.5405477902371765,,1.0,0.33693261289272936,0.32608556107012693,-0.9673373438957644,0.2999927930205318,0.17741923219069902
525,0.36,0.0,-1.1798558562187957,,1.0,0.3197680324311447,0.3401738730565862,0.03585322614870738,0.3127212991475359,0.264023275651911
526,0.36,0.0,-1.0880651585769252,,1.0,0.3332600208459352,0.34774489758727173,0.3683710105879241,0.38012235927026905,0.36640428748149007
527,0.36,0.0,-0.9393031965404246,,1.0,0.3723513305608204,0.4547409125842993,0.40049094530207474,0.3941092719338331,0.4779965182496134
528,0.36,0.0,-0.5206960669750579,,1.0,0.3612146644702983,0.36369565791742514,0.03223568948934174,0.3682156132479467,0.37782168787345544
529,0.36,0.0,-0.44503828468342277,,1.0,0.3368388752639861,-0.05630972818032925,0.30398968579929414,0.31343183633032734,0.2646442553048876
530,0.37,0.0,-0.2831900728528254,,1.0,-0.430495340055415,0.34151191126682934,0.28792690004504845,0.35832427894105595,0.22617880220508485
531,0.37,0.0,-0.9411760842907047,,1.0,0.2550992955618791,0.3732867689148782,0.3927619760186547,0.38798770135244803,0.318746690744398
532,0.38,0.0,-1.2678736794532734,,1.0,0.36590111279946774,-0.1033308252741984,0.3714243346838009,0.36871371739982184,0.29908082344557596
533,0.38,0.0,-0.5377069445987469,,1.0,0.37242138104168104,0.35365965009019035,-0.13366291018731447,0.3578581086878096,0.20458710719167453
534,0.38,0.0,-0.29128097922169005,,1.0,0.3632270948374489,0.3661386031707288,0.330271330577599,0.029756954537739567,0.31318635402716244
535,0.38,0.0,-0.32082587527991296,,0.0,0.3459677077237836,0.3510656650004831,-0.03016181561964841,0.3395669701939039,0.3165166059593584
536,0.39,0.0,-0.03634825683607004,,1.0,0.3049986174576274,0.40682323050514574,0.43298816907368814,0.4063432817982755,0.4468241468629626
537,0.39,0.0,-0.34486518158887847,,1.0,0.392573941918938,0.3926421935076844,0.39185177502161456,0.41726050094151695,0.4690161669382105
538,0.39,0.0,-0.18145733642089915,,1.0,0.3940381125949051,0.5244316511807632,0.43216343105658755,0.3950617791188688,0.49907928594217316
539,0.39,0.0,0.001204177887092009,,1.0,0.3847756527333338,0.382882226882396,0.39564230935200595,0.31005215592235796,0.36649161505001804
540,0.39,0.0,-0.530433496436648,,1.0,0.4008883524792859,0.4350185481662669,0.806185134411559,0.43805644436482577,0.4926803723263542
541,0.39,0.0,-0.8563362693636851,,1.0,0.40387262125577506,0.4099953840069868,0.4409940776449977,0.43556415606792875,0.5714956857472855
542,0.39,0.0,-0.8388533439736513,,1.0,0.40011436336352485,0.3913575066588749,0.5005660791201407,0.4036393837976025,0.4156289235702284
543,0.4,0.0,-1.268185434551912,,1.0,0.37019047456783355,0.35658720853799597,0.36062518319747927,0.36780101204799526,0.3009197397680517
544,0.4,0.0,-1.8586557508430896,,1.0,0.3845510177472876,0.3906678640667326,0.07679730921621411,0.36303623586662287,0.34420666443356324
545,0.4,0.0,-0.5512340221217917,,1.0,0.39313475107512064,0.38548874120941307,0.38139677176734743,0.39726443002298134,0.20734194918407722
546,0.4,0.0,-1.1578338395672914,,1.0,0.2917873038175853,0.3830139435694913,0.3939729016943671,0.4198554312326386,0.3356421779152109
547,0.4,0.0,-0.346713197565418,,1.0,0.38959520985463547,0.37472756809978924,0.3662184455443721,0.389561496642073,0.3532972930660531
548,0.4,0.0,-0.09315187658971802,,1.0,0.3999292143698885,0.3181999741730049,0.3820323166896668,0.4066470558723475,0.3679018343954429
549,0.4,0.0,-0.7699079006018497,,1.0,-1.2452779600675123,0.3966256101213567,0.3938418370973083,0.40832572899668534,0.4211610072790749
550,0.4,0.0,-0.977238081242682,,1.0,0.3809081122186498,0.3996022347466249,0.352297150819866,0.38640130665632855,0.355711218888883
551,0.4,0.0,-0.9617289405472218,,1.0,0.0818089859895813,0.3796822947643787,0.3544908086805981,0.37051159814130663,0.28599510455322613
552,0.4,0.0,-0.6885204913454591,,1.0,0.3799553882772324,0.38696506204620756,0.3031454893878878,0.37720571024008626,0.2957379217376855
553,0.4,0.0,-0.12208238332358883,,1.0,0.38512667409344037,0.3801860932377536,0.35847379772240123,0.3684935777688519,0.13128655805558198
554,0.4,0.0,-0.5841609530597068,,1.0,0.1704898412740578,0.3814398382954749,0.3569998606672523,0.3535438281430789,0.3483658862606044
555,0.4,0.0,-1.068380237011044,,1.0,0.41113321201030273,0.41855520455969314,0.8302484957839932,0.4220684477649364,0.5255102326484166
556,0.41,0.0,0.30007980709971355,,1.0,0.4454453317098089,0.4415312056701647,0.4448284865145189,0.6268202374015258,0.48395815974862083
557,0.41,0.0,-0.4598571564160803,,1.0,-0.5912641939529674,0.3728710957809216,0.3754603020510589,0.3829902024042995,0.29742241382146023
558,0.41,0.0,-0.7162861368718655,,1.0,0.4323168993836124,0.4202165283954252,0.4436792115567456,0.44233749995377,0.4829266477072852
559,0.42,0.0,-0.8786833993394646,,1.0,0.4061873276887172,0.39240810053756153,0.39164964378893946,0.2131077514721699,0.38474366185552533
560,0.42,0.0,-1.300460291201506,,1.0,0.3695168634663515,0.4091338550346877,-0.09281222749607931,0.4110452035959527,0.25162221573450533
561,0.42,0.0,-1.2952362354536764,,1.0,0.4190122694315525,0.3736930967613276,0.4138967872232594,0.42655253090631634,0.40001328062749814
562,0.42,0.0,-1.158937137417102,,1.0,0.41932604939085105,0.16263698447723401,0.43199739353493766,0.43014016152438717,0.4241528771089179
563,0.42,0.0,-0.16149084938408015,,1.0,0.41272756404937744,0.425568676997572,0.4831979554234339,0.40382817479905886,0.3798385594295088
564,0.43,0.0,-1.6670399330980452,,1.0,0.4548792647703344,0.42833601909339236,0.425883946472559,0.43631637393596107,0.39134687675463714
565,0.43,0.0,0.19833377733544377,,1.0,-0.28393185233669943,0.3992243811230037,0.4145491335851709,0.4072722177860371,0.34919611704798564
566,0.43,0.0,-0.7783207691936389,,1.0,-0.24025884473503833,0.4336045619440195,0.41715102447581986,0.4115663004690697,0.3858701432039344
567,0.43,0.0,-0.7549648460660034,,1.0,0.4400538551953734,0.4351597529131768,0.4592752907183746,0.43512825686059886,0.5850094244384154
568,0.44,0.0,-1.3047843483433108,,1.0,0.44316060405096436,0.45363378477967503,0.44843105435580743,0.055193690200981756,0.4419350899023611
569,0.44,0.0,-1.1835422148584545,,1.0,0.4389260017277636,0.4308934040686736,0.41952678866861026,0.4462478815151935,-0.23709775475146647
570,0.44,0.0,-1.1429400198758333,,1.0,0.43147116205755814,-0.109393853250022,0.409748508957839,0.4322072385433766,0.379978564381569
571,0.45,0.0,-1.201798037780899,,0.0,0.41715214256440986,0.42524192279805784,0.3696380850290739,0.09774319153233028,0.34360748282824627
572,0.45,0.0,0.20697765150085695,,1.0,0.22935931805388812,0.42579389095626075,0.36812519263861315,0.43037214355123876,0.392410603360257
573,0.46,0.0,-1.0602448630806127,,1.0,0.45256733012976263,0.4491768831656806,0.4490380869354873,0.46431947707999865,0.3996073371369711
574,0.46,0.0,-0.8799933580558639,,1.0,0.03817815261811748,0.407461177567064,0.3528763210329323,0.3932414498023837,0.21349323177571644
575,0.47,0.0,0.0029909279438196297,,0.0,0.4768500086622788,0.42500948481922474,0.47885694532350287,0.46509625850564124,0.49505018978272564
576,0.48,0.0,-0.6041164414871752,,0.0,-0.6452148482691502,0.46983635525956813,0.4434413532023809,0.4484401742767195,0.3899625550452355
577,0.48,0.0,-0.27722947144088916,,0.0,0.43563348432380405,0.48918779185700717,0.49542046136810636,0.4820301248906654,0.5331248923650828
578,0.48,0.0,-1.0653394635146987,,0.0,0.4731641126321909,0.47047354920804924,0.4721711918124269,0.48408408334522895,0.3179859608017057
579,0.48,0.0,0.12660837681760542,,0.0,-0.009346634342472787,0.45504856099497704,0.44728073020002035,0.4525805057423642,0.37771702261841306
580,0.48,0.0,0.2496802046275352,,0.0,0.44754912649501205,0.4273185184121926,-0.06867238811335837,0.43613417833252915,0.3006134398923553
581,0.49,0.0,0.35434558951887585,,0.0,0.4780378120039193,0.4988267442081086,0.444773735250893,0.4750120337425291,0.43858798873268284
582,0.49,0.0,-0.6620226755946143,,0.0,0.4415812655513416,0.4276706882492944,0.4258027305151236,0.13818150714808797,0.38507171153996206
583,0.5,0.0,0.30369935701874395,,0.0,0.6253208148346845,0.502699466430149,0.5294454196380621,0.5096466978759893,0.5709805250155555
584,0.5,0.0,-0.15251073541522267,,0.0,0.4783813675712182,0.4638006318144018,0.44114102864583826,0.45940472474681326,-0.35316260449233117
585,0.5,0.0,-0.25486385649391946,,0.0,0.517991147030392,0.5224957009322332,0.5422776141018502,0.5214182266616747,0.7675529609689224
586,0.5,0.0,0.25163195314633147,,0.0,0.49851462763991033,0.5072821108655403,0.4957431289266251,0.7753650149862747,0.5559070479322957
587,0.5,0.0,-0.17508615951128081,,0.0,0.4902964045944222,0.3756313988553512,0.47639327794508796,0.46736974890177196,0.3767518652021608
588,0.5,0.0,-0.6175653037116774,,0.0,0.499542592467949,0.49034395506823303,0.4980739040376161,0.5140178037037031,0.34735600450432375
589,0.51,0.0,-0.9150557745153592,,0.0,0.4884506964430076,0.4878579792899951,0.4607851072661351,0.4917833599951793,0.1969162407146509
590,0.51,0.0,-1.0944569012380951,,1.0,0.2846911195437963,0.5011492544083331,0.4848274605441784,0.5065076042336011,0.49251700027303436
591,0.52,0.0,-0.3864616795665506,,0.0,0.5535783060824455,0.8211999655462152,0.6130275539687565,0.5820702602730189,0.7048423597020226
592,0.52,0.0,0.759109378685312,,0.0,0.51233647080791,0.5103505430533077,0.5136070805161307,0.5132675288225533,0.34203606740053033
593,0.52,0.0,-0.0428464003265085,,0.0,0.5187708458429577,0.5234587699603898,0.373106072682628,0.5110808326049692,0.4882409318272774
594,0.53,0.0,-0.6918344829256752,,0.0,0.4989485512592918,0.5053798413963092,0.4809155408358921,0.5084967096636219,-0.00442630364316513
595,0.55,0.0,-1.2249115181083694,,0.0,0.1681219910385646,0.4922672326587719,0.3672437660387411,0.46140274358836025,0.3205054142751041
596,0.55,0.0,-0.7711265946287253,,0.0,0.35535697777491076,0.5378702041835293,0.5548261749064191,0.5375875641390261,0.5513851134914987
597,0.55,0.0,-0.7357038382629433,,0.0,0.5131855041814294,0.5117877308764693,0.2392417095552138,0.5374558895260191,0.4423858048607523
598,0.55,0.0,-0.19920936558504115,,1.0,0.3630025308474597,0.5272409973287051,0.5144313527117813,0.5337567305585662,0.4859396549264979
599,0.55,0.0,-1.2038084215321805,,0.0,0.5214696636070293,0.32102823139313413,0.49349103196964555,0.5197162132666151,0.44940946854821634
600,0.56,0.0,0.33465022960432506,,0.0,0.5507999650990327,0.52477636010577,0.5455542779077147,0.4092654721846649,0.5572913021611514
601,0.56,0.0,-0.1540171706326801,,0.0,0.5670937275804416,0.5551145255304953,0.1353588749374694,0.5359684183690415,0.5044927103944853
602,0.56,0.0,-0.4650614275593687,,0.0,0.5333601236805705,-0.31770745481619667,0.49139802063180105,0.5215714388615239,0.39685113703076524
603,0.56,0.0,-0.9572021136050979,,1.0,-0.12998169161852488,0.5281075228587853,0.48188242666237996,0.5113403830369442,0.45753547570757797
604,0.56,0.0,-1.0167963625662861,,0.0,0.5625931793378262,0.598060291580825,0.6136243875933939,0.45133583158849133,0.5644639104227344
605,0.57,0.0,-1.5366076722248414,,0.0,0.5755175874121566,0.8940509891735133,0.6052756399081292,0.6039068323781931,0.606326532188263
606,0.57,0.0,1.0306994814099673,,1.0,0.554643794780263,0.55846400574307,0.2572050438607378,0.5531974818397534,0.5004028250291582
607,0.57,0.0,-0.24105905948854248,,0.0,0.572675956065105,0.5286328864706277,0.5442406692245888,-0.10147848246379444,0.4955845486199407
608,0.57,0.0,-0.1324179429905095,,0.0,0.567274330686358,0.5810236071050051,0.5690693307292786,0.5706204921492892,0.40811150911186195
609,0.57,0.0,-0.7241731607883489,,1.0,0.558670014606177,0.5423061751151298,0.5470379534780293,0.5527342973971912,0.36750469033168337
610,0.57,0.0,-0.8151236133479746,,1.0,0.5543194784870544,0.544811297978076,0.5142009747714132,0.5389762625299102,-0.6303408229697075
611,0.58,0.0,-0.18333734110215769,,1.0,0.577291314713018,0.2620243343326428,0.5459576453542728,0.5468478895310753,0.5142318815721604
612,0.58,0.0,-0.12629312511717253,,1.0,0.5647524217636419,0.5466599706257775,0.5428817290163229,0.5668466759856788,0.0528638985737352
613,0.59,0.0,-0.3229689842670682,,1.0,0.5935778713154395,0.5951416404930141,0.5684697746283787,0.5816174681632009,0.3798891836977275
614,0.6,0.0,-0.7517027284576041,,1.0,0.5968933843230428,0.5991313628975743,0.5481252636963396,0.5783632776335687,0.5968781007348231
615,0.6,0.0,-0.8241882214102035,,1.0,0.5955699316652038,0.5841859528133649,0.5424989834392359,0.25572239266925384,0.5518439060413326
616,0.6,0.0,-0.8347555338125335,,1.0,1.0866327348513207,0.6048188095473928,0.6839204080606631,0.65673772248446,0.725278419209636
617,0.6,0.0,1.0808351804181675,,0.0,0.5474645931669149,0.5215784398689823,-0.17302116891789865,0.5309007480561317,0.34921468564842467
618,0.6,0.0,-0.41664817081917654,,1.0,0.591724964631724,0.5719149053403203,0.5742908010695931,-0.030744020940372485,0.5509876493734522
619,0.6,0.0,-0.7389976530706209,,1.0,0.5780085830002085,0.5724365270641089,0.5671232725645626,0.5684115118813928,-0.2089994247086632
620,0.6,0.0,-0.7560301821307525,,1.0,0.5965303710057958,0.511164713851307,0.5822787077838677,0.5963324381130617,0.5873888196723743
621,0.6,0.0,0.5384451793474886,,1.0,0.5922563547092403,0.42034877327852893,0.5984816341112645,0.5677315642218163,0.586601896325948
622,0.6,0.0,-1.1387331623816603,,1.0,0.5902960850898519,0.5789155490414354,0.5667414884933555,-0.5875877183942622,0.5578916785160495
623,0.6,0.0,0.4999639309605329,,0.0,0.6032214086638388,0.5844765764316691,0.5374515035253339,0.6063260231312562,0.6273155975741634
624,0.6,0.0,-1.1641832920861253,-2.69,1.0,0.5859371938868723,-0.08858956882956466,0.5331569349847934,0.5575869410331461,0.4511810622253117
625,0.61,0.0,-0.6761451283994427,-2.15,1.0,0.6371044215617914,0.8644276360081122,0.6927745053179876,0.6400155962833971,0.707337585104817
626,0.61,0.0,-0.8756459898153903,-2.09,1.0,0.572085248355469,0.5305921890447058,-0.42605186730907063,0.5527934792213467,0.46469428877409313
627,0.61,0.0,-1.2898415252475426,-1.9,1.0,0.5592656351295536,0.5478483485027517,0.5168854857812394,0.57676891685455,-0.17374625344101244
628,0.62,0.0,-1.4293121747224267,-1.82,1.0,0.6181830236317112,0.21560901539626945,0.6071938319722651,0.6124773259737545,0.5879699498844727
629,0.62,0.0,-0.06786495628908319,-1.7,1.0,0.6091968397254962,0.605726764741545,0.6157969171389119,0.6040346824863596,0.2751277994027834
630,0.63,0.0,-0.9598638709254598,-1.7,1.0,0.631649561226745,0.6872941074831207,0.6303862891659461,0.6276841942896203,0.6105264309699115
631,0.63,0.0,-1.1776021616832548,-1.54,1.0,0.6029191472829817,-0.6530133137166187,0.5493787669089565,0.5758673573017018,0.4256851415375559
632,0.63,0.0,-0.4965481713934113,-1.48,1.0,0.631052585439171,0.6180322914953847,0.6283530618706188,0.5219761377229154,0.6106779644691704
633,0.64,0.0,-0.22095784106677913,-1.42,1.0,0.6517629245478653,0.6362813756148789,0.6496326872593725,0.6542539888374692,0.7091221878601257
634,0.64,0.0,-1.364119632037282,-1.4,1.0,0.648999124112731,0.6460114607326971,0.6867034717145631,0.6662884403408722,0.6715180834509952
635,0.64,0.0,-0.5723066349753014,-1.4,1.0,0.605910048939531,0.6148742053885278,0.6208028869185204,0.2350612413054513,0.5463957242345331
636,0.64,0.0,-1.3491637810842778,-1.34,1.0,0.6384362788485285,0.6456900668262466,0.5614673014055497,0.6476581377416295,0.673192456039491
637,0.65,0.0,-1.3015404507841108,-1.3,1.0,0.6358211980341673,0.65132516508508,0.6551152614119856,0.647092545325196,0.5036258040524827
638,0.66,0.0,-0.6759128584916718,-1.3,1.0,0.6585029578435592,0.6502353582671618,0.8036586465304754,0.6678835037213608,0.622152759216025
639,0.69,0.0,-0.45177817171017165,-1.3,1.0,0.6316147103896914,0.12673066712387082,0.6158206132710669,0.640515168413303,0.6494714299457831
640,0.7,0.0,-0.06255326558867094,-1.3,1.0,0.6909423846288599,0.10729088948560746,0.6657610914543007,0.6753556113105896,0.6606136522232642
641,0.7,0.0,-0.5790295759359672,-1.26,1.0,0.6820311516139164,0.6958972497506001,0.6279574169656987,0.6823714515116673,0.6594816436856318
642,0.7,0.0,-1.1322949580509,-1.12,1.0,0.6692071548564462,0.6418712045431854,0.628476593710269,0.2730135877556255,0.598737093258335
643,0.7,0.0,-0.9026850706040769,-1.11,1.0,0.1894592168900819,0.6587475301033211,0.6169290007244354,0.6957635376539859,0.6434715743619883
644,0.7,0.0,-0.24328095383727524,-1.04,1.0,0.6556280394244125,-0.6263299878254291,0.5940831952284323,0.6627660696311235,0.4820364370816813
645,0.7,0.0,-0.8291222257352737,-1.0,0.0,0.7010516548221158,0.7023177326765941,0.7209219590269377,0.704823835425494,0.711261674971087
646,0.7,0.0,-0.8643156320225438,-1.0,0.0,0.6910707733168707,0.2216729079473122,0.6845011048481551,0.6995427129085129,0.6958081721000794
647,0.71,0.0,-0.8356356128427038,-0.92,0.0,0.6853971698636989,0.708064789844916,0.718153599524696,0.6861338454907021,0.10369683562816526
648,0.72,0.0,-0.9676180534516361,-0.9,0.0,0.7391277805859768,0.723694668750955,0.9181018194972473,0.7453308128225802,0.7671181004843506
649,0.74,0.0,-0.7783644897020766,-0.89,0.0,0.7667316657231091,0.7859150409374952,0.7565817339612665,0.7801038808941,0.868746629089093
650,0.74,0.0,-0.22682550188315923,-0.8,0.0,0.733727679133065,0.7361442426897403,0.7762724935958044,0.7343682162321219,0.6908397230404977
651,0.74,0.0,-1.2846894514815288,-0.8,0.0,0.7408548119587265,0.7418711791344292,0.573070114085343,0.6886724274871487,0.7104333683852175
652,0.74,0.0,-0.8305694303112687,-0.8,0.0,0.6689610058070267,0.6922811428365767,-0.3144051707746308,0.6661690294435068,0.5371693300434984
653,0.77,0.0,-0.9059779129475994,-0.8,0.0,0.24231638369049605,0.7379417082666353,0.7567049670072653,0.7178984923737142,0.7347030185767786
654,0.77,0.0,-0.46737699261341076,-0.79,0.0,0.7609535335528819,1.059174894857896,0.7378688714906503,0.7686246184132711,0.7628625488744977
655,0.77,0.0,-0.5114914479942775,-0.7,0.0,0.7189824121168258,0.3703984982597225,0.7256287711192858,0.7422233725416508,0.6619524535211866
656,0.78,0.0,-0.607958536897055,-0.67,0.0,0.7798840697021697,0.7633420824771928,0.7489539890904662,0.6754982705755743,0.7785367750003729
657,0.78,0.0,-0.7187452954208311,-0.66,0.0,0.7749035927100667,0.7474204235829013,0.3469202482610138,0.7671722258777723,0.6380094619180916
658,0.78,0.0,0.08417073828118943,-0.66,0.0,0.7478792534873966,0.7594632032753765,0.2746968951526978,0.7452396327566544,0.6825263451714578
659,0.79,0.0,-0.7780768116331983,-0.63,0.0,0.7523528179647074,0.3259215435124785,0.7615341038704054,0.7645172987174004,0.709985386647175
660,0.8,0.0,-0.6534319417922351,-0.6,0.0,0.7939482277186701,0.7045950511191316,0.8252145277842048,0.7876019531081061,0.7908160473298349
661,0.8,0.0,-0.06485119309457142,-0.59,0.0,0.8019835281383374,0.8076496910304576,0.8042139541519707,0.7345422486198162,0.7790715584855288
662,0.8,0.0,-0.24087386186483611,-0.59,0.0,0.7710217354578901,0.717245152169262,0.7656115315026553,0.8075044424892243,0.8153097598164947
663,0.8,0.0,-0.39287738979155035,-0.54,0.0,0.8205365138960731,0.808521691910952,0.8198073058715422,0.8482210241345075,0.800524133045463
664,0.8,0.0,-0.13637300728959192,-0.52,0.0,0.8033343388359107,0.8086985025170332,0.8163657177135328,0.6763789253134073,0.8119049326441469
665,0.8,0.0,-0.5274163870160301,-0.52,0.0,0.8295542246095127,0.8159504623840451,0.8079075854952278,0.8155396003196008,0.8605396423043017
666,0.81,0.0,-0.036431376608995564,-0.51,0.0,0.7672870381963108,0.7294091907337659,-0.5460413189239196,0.7650256195480313,0.6316567921619279
667,0.81,0.0,-0.4489669641450306,-0.5,0.0,0.3632475603158271,0.7788789051907857,0.7899117702245587,0.7880574704285523,0.7134174423077808
668,0.81,0.0,-0.7248047541446879,-0.5,0.0,0.7822221033889486,0.7600305074556412,0.1029303096832387,0.7700558092332814,0.6019732716457238
669,0.82,0.0,0.08649597345822853,-0.47,0.0,0.8039798351218758,0.8227829752512044,0.8006939428898354,0.7822716202641624,0.5864214223079747
670,0.83,0.0,-0.3572256981957321,-0.43,0.0,0.19180226898060115,0.8174598860757151,0.8211635018788603,0.8100771103754463,0.6952767310988301
671,0.83,0.0,-1.1488180910522452,-0.42,0.0,0.827964815220212,0.43247711173519443,0.830403121629178,0.8159404727841139,0.8429000071366963
672,0.83,0.0,-1.1348529219695618,-0.42,0.0,0.8217524281223749,0.8171971193468015,0.8085383323980875,0.805609338593577,0.7761545070426378
673,0.83,0.0,-0.5266262220253177,-0.4,0.0,0.8685789783883655,0.8482979485114462,0.8567704887173602,0.8563088351164506,1.027014565795167
674,0.83,0.0,-0.9944763936987039,-0.4,0.0,0.8015846795324735,0.06603278376775952,0.7840686477898007,0.7674102453922064,0.6614107151052406
675,0.85,0.0,-1.0592775015004878,-0.4,0.0,0.797241726575012,0.8114862506574456,0.8036546315877371,0.46474931525791496,0.7230325324172071
676,0.85,0.0,-0.09227717580115201,-0.39,0.0,0.856418548222878,0.8568458808886218,0.8394456488659212,0.24634104142827526,0.8824495608841055
677,0.86,0.0,0.3139384863001872,-0.37,0.0,0.7966672607882964,0.862561080872377,0.7977663647639093,0.8620959888638944,0.8293037471414073
678,0.86,0.0,-0.033028338841090736,-0.34,0.0,0.8802328680142419,0.8823398138856373,0.9110861807713189,0.894565847764942,0.9081170442597
679,0.86,0.0,-0.2049127300567711,-0.34,0.0,0.8841382905832774,0.8749851199915403,0.8768622501442698,0.8795320004042775,0.8798746116758628
680,0.87,0.0,-0.47669981041363085,-0.32,0.0,0.6167384339314306,0.8525507855956257,0.8450358751169665,0.8467480215885557,0.7687780157843747
681,0.88,0.0,0.023428900358928965,-0.32,0.0,0.8536445679779294,0.8240209287918565,0.044662428168514554,0.8392691709456769,0.7467907275988579
682,0.88,0.0,-0.5322093261991442,-0.31,0.0,0.8411799132942209,0.8566797150422872,0.8180124132292736,0.5923945940980275,0.7474390004817574
683,0.88,0.0,-0.04246836667023424,-0.3,0.0,-0.1211979062665763,0.7828379378688323,0.7312251843741004,0.8148565472700371,0.6107877235887363
684,0.88,0.0,-0.3376512939084422,-0.3,0.0,0.8469455064531923,0.8631358122421707,0.43814850037862346,0.8757052717832381,0.8385410462382415
685,0.89,0.0,-0.35717003969834094,-0.27,0.0,0.3328150500167269,0.865538993928608,0.8159906107341313,0.8506998906007313,0.8022190642228012
686,0.89,0.0,-0.2908633142385274,-0.24,0.0,0.44814442389311426,0.8529676515506961,0.8225702837811529,0.8419924276681674,0.8370544441230845
687,0.9,0.0,0.0753728611075799,-0.24,0.0,0.19076006856884523,0.8940817189503175,0.8792195042171892,0.8740308662852041,0.9190885710159653
688,0.9,0.0,-0.46725576788572537,-0.18,0.0,0.9080210558583371,0.9205688647640196,0.9416814961623889,0.9127530759415918,0.9004824530403036
689,0.9,0.0,-0.5002456211143128,-0.18,0.0,0.8854283678910783,0.9089785288064481,0.9096843976562695,0.9290533658291927,0.9121440447376159
690,0.9,0.0,-0.16948931576565296,-0.17,0.0,0.5904426037514597,0.8512625256316486,0.8590528238038038,0.8315270955591725,0.773925775609505
691,0.9,0.0,-0.6094046805828878,-0.16,0.0,0.8895421375790437,0.8729650406938548,0.8759335452744899,0.8712914294969892,0.7509988992638502
692,0.9,0.0,-0.1466136564594964,-0.15,0.0,0.8715118596212678,0.9137487824918953,0.9232838824946603,0.9204031224448446,0.8580823173329785
693,0.9,0.0,-0.251529091439278,-0.14,0.0,0.9097675920451791,0.9143618622498852,0.8528764922899597,0.9223925907941694,0.8051211556428055
694,0.9,0.0,-0.1438052587827832,-0.13,0.0,0.8450797045606582,0.7650742962990202,0.7779872506347869,-0.1415052275775021,0.5705196556969786
695,0.9,0.0,-0.22224866991723846,-0.1,0.0,0.8809537623779584,0.8815175355714467,0.8912810310660282,0.8884928095123867,0.6750405891405578
696,0.9,0.0,-0.3353688740026288,-0.1,0.0,0.8858151929564347,0.24342665156188728,0.8611784899587458,0.8751036853420131,0.7425229965921774
697,0.9,0.0,-0.3275972928547435,-0.1,0.0,0.8828900542215387,0.45976853698648124,0.8765226540033572,0.8868444160360378,0.8544952153292139
698,0.92,0.0,-0.10111060473607762,-0.06,0.0,0.9133145361974496,0.9045510481536698,0.7246443307558733,0.899503323699244,0.8519582695748568
699,0.92,0.0,-0.17946594978425226,-0.05,0.0,0.8805669530109915,0.840097954200175,0.8305603429310717,-0.6825752620500564,0.7359625076401212
700,0.93,0.0,-0.5797560874798702,-0.05,0.0,0.917535282443982,0.9055681901943868,0.8687023852831351,0.9053126525996499,0.4037976879546533
701,0.96,0.0,-0.038922365177234686,-0.04,0.0,0.9093265205772417,0.9137941632432397,0.7675121322521214,0.8837579273825067,0.872718551915612
702,0.96,0.0,0.09731295490615327,-0.03,0.0,0.9692736667300242,0.8472064702865165,0.9712645119120694,0.9578672815523187,0.8609707782774544
703,0.97,0.0,-0.07719239413724553,-0.02,0.0,0.9660282652447219,0.9598740022149596,0.9679394465526846,0.5476601427394493,0.9369282882277042
704,0.98,0.0,-0.18584566804035335,-0.01,0.0,0.9637914735783923,0.9609368730323686,0.915356331120569,0.9398914102685951,0.950057718377345
705,0.98,0.0,-0.36927051347538126,0.0,0.0,0.9689311960151643,0.9718837299698414,0.9304460974924647,0.9550008237650185,0.6357096461981413
706,0.98,0.0,-1.2276548617027079,0.0,0.0,0.9784903663233557,0.9449830457841769,1.0040910568403643,0.9933230557474202,1.0110894974864297
707,0.99,0.0,-0.7817060092556731,0.0,0.0,0.9808579318027668,0.9778184910931045,0.9741899091796719,0.9814414876770375,0.9122644090687911
708,0.99,0.0,-0.15269148154579296,0.02,0.0,0.9745761967032531,0.9715212615215352,0.9597667502803958,0.784619012982703,0.9341064153716703
709,1.0,0.0,0.18400471329200896,0.02,0.0,0.9526192098610243,0.9504974678158126,0.8642651161171863,-0.3194510105702941,0.7157871937253333
710,1.0,0.0,0.5511861389337958,0.02,0.0,0.8127183884328003,0.966573602726824,0.9852934444430532,0.9885649651547124,0.9246349792416322
711,1.0,0.0,-0.010606521464841706,0.04,0.0,0.9804947688237771,0.966666686386345,0.9571411770552682,0.9473176141827802,0.17525404491791458
712,1.0,0.0,0.18818031330098853,0.09,0.0,0.9791599530685625,0.9758883326097346,0.9360369054782399,0.9539372425297584,0.550393610153611
713,1.0,0.0,-0.7588234808136477,0.1,0.0,0.9408132748121091,1.0182613555676114,1.003984414077101,1.0051438349983646,0.9487929027088867
714,1.0,0.0,0.0005022529676594103,0.11,0.0,0.9844788860461021,0.9875363593700698,0.7809085457697501,0.9740674204535615,0.91271475986077
715,1.0,0.0,0.1762332109535574,0.12,0.0,0.9605882518702263,0.9724032781398227,0.9805289069992258,0.18019718806781299,0.8949525700381289
716,1.0,0.0,0.033399386709070576,0.13,0.0,0.030665100268192063,0.9544169932421543,0.9491029072370465,0.9812940282404694,0.8953711180523746
717,1.01,0.0,0.38347238642294706,0.16,0.0,1.020295623196344,1.036110079398662,1.2783495182484743,1.0297315168315528,1.0908300851568222
718,1.02,0.0,0.424267407811848,0.17,0.0,1.0050717063448398,1.021870178855776,1.0008054179496264,0.7302188633900971,0.930691406124049
719,1.03,0.0,0.016805633154752656,0.19,0.0,1.0019317313549023,1.0169436775348137,0.9820671840156492,0.5270785211672896,0.9509906718875855
720,1.03,0.0,0.2528189795721298,0.2,0.0,1.005728927778301,0.9969199994996641,1.0117331335698359,0.4911055263734682,0.869285026321314
721,1.04,0.0,-0.07028718022212689,0.2,0.0,1.0354322593268996,1.0344262059330265,1.0138990572595803,1.0418313071041416,1.0477839787962984
722,1.04,0.0,0.08895352859389741,0.2,0.0,1.0412469587388054,1.047099474176761,1.0242938966579977,0.8434291523202807,1.0740527942497218
723,1.04,0.0,0.22104650351681496,0.2,0.0,1.0093196540783145,1.0140948110034675,0.15442886758765337,1.017418615832723,0.959836241122222
724,1.06,0.0,-0.19346342625760288,0.23,0.0,1.1266647726823498,1.0726171129145128,1.090918573214848,1.077639556632585,1.0768713746693475
725,1.06,0.0,-0.37821626936629327,0.3,0.0,1.057242783318441,1.0387612074988004,0.9342052996754386,1.0536737816158568,1.0167122612298225
726,1.06,0.0,0.27381740406179883,0.3,0.0,0.6833753049986573,1.032849750023098,1.0794548781943385,1.0180283227345859,0.9652427716739551
727,1.07,0.0,-0.0900364690236569,0.3,0.0,1.044268182758598,1.0535418929261695,1.0382209466806762,1.0187949842814117,0.9207181767842592
728,1.08,0.0,0.45705740921991017,0.31,0.0,1.0604669396421684,1.0460329818004723,1.0345513982316825,1.026233278681194,0.5442063419640415
729,1.08,0.0,0.47289333970936903,0.32,0.0,1.05187160571746,1.0426952541528538,1.0255974580049436,0.38452135921076785,0.9193231452979805
730,1.08,0.0,-0.7565595348719877,0.35,0.0,1.0586465316541136,0.8156217548031457,1.0208322103523149,1.0397381097133935,0.9888578622481595
731,1.1,0.0,0.4547409125842993,0.36,0.0,1.0979106857203798,0.9230131805925521,1.0566004322240885,1.064744059483908,1.0057979522943665
732,1.11,0.0,-0.05630972818032925,0.36,0.0,0.3616955194080227,1.08007195697095,1.056591156730352,1.0763882848321504,1.0036977872746102
733,1.11,0.0,-0.1033308252741984,0.38,0.0,-1.0849886307994607,1.0567406047331007,1.0352512894518082,1.0598438156660421,0.9460828643820585
734,1.13,0.0,0.5244316511807632,0.39,0.0,1.1191033044342764,0.48038526346124283,1.1080214628415228,1.1106283211488615,1.0744614316656234
735,1.15,0.0,0.3181999741730049,0.4,0.0,0.17541758767949533,1.0550810078861996,1.0275798803747194,1.0845369864442291,0.8681595298486732
736,1.2,0.0,0.3736930967613276,0.42,0.0,1.1769455466807306,1.1606855366907256,0.9438283501733399,1.1747125160510732,1.1040779383098631
737,1.2,0.0,0.16263698447723401,0.42,0.0,1.1574746936748408,1.1420435193155412,0.4950848537139909,1.150089575046877,1.029112016123797
738,1.23,0.0,-0.109393853250022,0.44,0.0,1.1870146766444556,0.7471399054304394,1.1815609586817624,1.1794427440042785,1.1093264174064457
739,1.26,0.0,0.42500948481922474,0.47,0.0,0.45546849241930787,1.2350160333628428,1.206317026451763,1.228537583595626,1.1314657599454228
740,1.3,0.0,0.3756313988553512,0.5,0.0,1.26998741338661,1.2672398670789193,1.2539925934144194,1.2482060456755961,0.6272927975320275
741,1.3,0.0,0.8211999655462152,0.52,0.0,1.3051302347128286,1.2838569273050586,1.3177903399935114,0.8281768450233562,1.3167910824962563
742,1.3,0.0,0.32102823139313413,0.55,0.0,0.8483006094874938,1.2839970841573274,1.2587497281553037,1.2935743646189901,1.246767881852065
743,1.3,0.0,-0.31770745481619667,0.56,0.0,1.276034887744411,1.2640981910453575,1.2531999264714737,1.2528440829595366,0.7644537121304453
744,1.32,0.0,0.8940509891735133,0.57,0.0,1.2743925172280928,1.276696480211915,1.2693234806996592,0.3801066882037666,1.1269634441571847
745,1.37,0.0,0.2620243343326428,0.58,0.0,1.3732758036410668,0.9035708116882751,1.3525987525440455,1.3586186864917522,1.2804211398376615
746,1.38,0.0,0.511164713851307,0.6,0.0,1.3778379031497647,1.3739294967361684,1.089743675351947,1.3648762622862527,1.2825300817775567
747,1.38,0.0,0.42034877327852893,0.6,0.0,1.383062563613189,1.3732218587806144,1.1414298762279322,1.3822996161122723,1.357365090761194
748,1.38,0.0,-0.08858956882956466,0.6,0.0,1.365219094208184,1.3737675507991585,1.3348741316517847,1.3512131313172124,1.1610397095090075
749,1.38,0.0,0.8644276360081122,0.61,0.0,0.38456316364219156,1.3342755773938104,1.3466957916654012,1.365729585139085,1.2361217977582803
750,1.38,0.0,0.21560901539626945,0.62,0.0,1.0088889941783314,1.3596968474455542,1.3677945031527552,1.3578692695700416,1.3502332240208474
751,1.38,0.0,0.6872941074831207,0.63,0.0,1.3564294765984373,1.0783832012415349,1.3592003671693078,1.3572786630735931,1.3607203131756593
752,1.4,0.0,-0.6530133137166187,0.63,0.0,1.3793575620825202,1.3462336652746658,1.3451119872172606,1.3361300451300533,1.1345994645418818
753,1.4,0.0,0.12673066712387082,0.69,0.0,1.4116326800985521,1.4108581648916672,1.3961230687813413,1.3778330208053338,1.1807109807426315
754,1.4,0.0,0.10729088948560746,0.7,0.0,1.366440634519232,0.22645452550946707,1.344302989661498,1.3388737170237923,1.2792595999009782
755,1.44,0.0,-0.6263299878254291,0.7,0.0,1.4355269079110242,1.4359775689595464,1.422650021923532,1.0479800826576495,1.3580883275520566
756,1.48,0.0,0.2216729079473122,0.7,0.0,1.4363043455808917,0.4601001095260979,1.3941782454671552,1.433999828644861,1.28192900748089
757,1.5,0.0,1.059174894857896,0.77,0.0,1.484825819653126,1.4511194574261317,0.5963023589800696,1.4696963397151324,1.4474153200004083
758,1.53,0.0,0.3703984982597225,0.77,0.0,0.7723816700170587,1.4875362091859956,1.4792493312060795,1.476580491985174,1.308553843025247
759,1.64,0.0,0.3259215435124785,0.79,0.0,1.6082004742430587,0.24672928217170448,1.5494299665568505,1.5918375550298096,1.5442033823339165
760,1.7,0.0,0.7045950511191316,0.8,0.0,0.620505746667325,1.6374712463140446,1.603331966458957,1.6396959732208893,1.4884032266843812
761,,0.0,0.717245152169262,0.8,0.0,0.3592340840876593,-0.26324485576323664,0.34141376763546133,0.4819142617947753,0.44068076303965265
762,,0.0,0.43247711173519443,0.83,0.0,-0.00040163721580567177,0.02708989482854785,0.009482842197234172,-0.13027186045818953,-0.055243139184904935
763,,0.0,0.06603278376775952,0.83,0.0,0.23668903934495666,-0.0010538957797072688,0.00650041376826471,-0.03813452138040811,-0.05744606007285392
764,,0.0,0.24342665156188728,0.9,0.0,-0.23660881186440408,0.04099365396656601,-0.16188744208690886,-0.30678211677962625,-0.27900723926487436
765,,0.0,0.45976853698648124,0.9,0.0,0.5021822454252505,0.30682781512366664,0.4570128512111215,0.4637969638748368,0.6163004944531244
766,,0.0,0.8472064702865165,0.96,0.0,-0.17609635187178535,0.01773500681846704,0.007070995692883911,-0.10242287609391029,-0.23925457785327522
767,,0.0,0.9449830457841769,0.98,0.0,0.6712354945307281,0.49355050917363325,1.006658091711289,0.6709277573807941,0.6597285707479
768,,0.0,0.8156217548031457,1.08,0.0,0.5083084148559275,0.6566301396238,0.576378926241254,0.6186919131525919,0.3863125249035727
769,,0.0,0.9230131805925521,1.1,0.0,0.4413537313365669,0.3225850985893877,0.3368882814161428,0.3954520342554124,0.305632240266374
770,,0.0,0.48038526346124283,1.13,0.0,0.5994505944677475,0.7752291748906227,0.713364127137327,0.7628803780577164,0.48745172534518816
771,,1.0,0.7471399054304394,1.23,0.0,-0.1388771758016614,-0.07395790735956106,-0.09232342130232131,-0.12743880630197166,0.09620084754402353
772,,1.0,0.9035708116882751,1.37,0.0,-0.3737342537038145,-0.24895727551346694,-0.10552783165433868,-0.14373873979810142,-0.27801965542469753
773,,0.0,1.0783832012415349,1.38,0.0,-0.11488102331129313,-0.03476783224111155,0.2230327835079226,0.06507435658959619,0.15911603862578733
774,,0.0,0.22645452550946707,1.4,0.0,-0.8906353496291928,-0.8334702486454215,-0.8923318063959054,-0.9847169195885922,-0.8381210706860607
775,,0.0,0.4601001095260979,1.48,0.0,-1.098894379171325,-0.8858308219607111,-1.0552602475413708,-1.0594230568088008,-0.7764169193691907
776,,0.0,0.24672928217170448,1.64,0.0,0.10748989173915934,0.2739429622979183,0.1023455031246528,0.27949411398583607,0.2521268550349942
777,,0.0,-0.03476783224111155,,0.0,-0.854400686555991,-0.9027939758845486,-0.9313166029918053,-0.9905132068501274,-0.6415725508644946
778,,0.0,0.2739429622979183,,0.0,-0.2865292989080292,-0.5266232611395073,-0.336095874470896,-0.8211124026127695,-0.43154756677722755
779,,0.0,-0.5158016205505926,,0.0,-0.35962670672190994,-0.13370675992623576,-0.047721111611755476,-0.825169879917453,-0.19810641419222266
780,,1.0,-0.05146631283474754,,1.0,-0.37640159266655815,-0.12734134942074074,0.06633575263643514,-0.8381693180693638,-0.0672774326673782
781,,1.0,-0.17803094173212386,,0.0,-1.0797637696187565,-1.2494915958381752,-1.3345174842331353,-1.0510932489132419,-1.0741954565632073
782,,0.0,-0.3282406158861432,,0.0,-0.9164734849157726,-0.8859213296360855,-1.1835943183318127,-0.9820465013022383,-0.8057391708602148
783,,0.0,-0.7821906692346338,,1.0,0.09005499274391553,0.531634239773514,0.42235615260176385,0.3752332700819512,0.5684619633781929
784,,0.0,0.2906863691314612,,0.0,0.20989591445311778,0.048040196677272995,0.323570670366998,-0.15597007953500383,0.3143980974378809
785,,0.0,-0.4621977685797523,,1.0,0.23247579176884378,0.153219558989371,0.34737937078653275,0.33458073608544636,0.39911838757732027
786,,0.0,-0.7657016718221855,,0.0,-0.7444997049223281,-0.5870239216253186,-0.30631712202233763,-0.7889541016219139,-0.5436569504073576
787,,0.0,-1.0263185474531054,,0.0,-0.5666285492706861,-0.5290571698302254,-0.4274870714407834,-0.427519195118025,-0.2879136680642807
788,,0.0,-0.9826179501139619,,0.0,-0.7288066820695506,-0.5158016205505926,-0.37716199388199395,-0.47741490622942995,-0.32634518787393435
789,,0.0,-0.9653558521627038,,0.0,-0.0039042575443667266,-0.6082425462743019,-0.011005722878937007,-0.2303367398351778,-0.001178726305769385
790,,0.0,-0.7140247585856702,,0.0,0.10423498708473142,0.33317191996224277,0.14779026914616553,-0.06498720932725863,0.16903356051758733
791,,0.0,-0.9924960347063495,,0.0,-0.8082339793043156,-0.34411806916918797,-0.339266634698681,-0.42510872800524735,-0.39188532088993555
792,,1.0,-1.2110701939914381,,0.0,0.0728573481533784,-0.04021512738819083,-0.05670687880199016,-0.05237350551568865,0.05453771902442047
793,,0.0,-0.35253420207289315,,0.0,0.6342261136218572,-0.780188186891651,0.7162530710324032,0.5781888718012089,0.8731666533959491
794,,0.0,-0.2917695827321127,,0.0,-0.642664191013532,-0.6161456997910156,-0.7927763250311429,-0.8687097757664797,-0.6809277225456448
795,,1.0,-0.2544479967460924,,1.0,-0.06404631669821051,-0.05146631283474754,0.06399394308864643,0.021077179748114808,-0.022824932373876547
796,,0.0,-1.318162272680953,,0.0,0.2752614139252887,0.18656705610955537,0.11141123377863399,0.2857494422251256,0.3987791536699925
797,,0.0,-1.205567559482466,,0.0,-0.7122799947650593,-0.6584218732382108,-0.7604117432858586,-0.5621908326650762,-0.6054630365530548
798,,0.0,0.24586172642735046,,0.0,-0.1983935779084089,-0.09237498074733426,-0.07225845498121142,-0.18196336726999068,0.0674186026457086
799,,0.0,0.0113464936221365,,0.0,0.6563874217567268,0.7878469068780922,0.5010227225331736,0.6196891167359402,0.3962472828721919
800,,0.0,-0.8062563564770786,,1.0,-0.11382004594215177,-0.10932866685172937,-0.03758085665864673,-0.030711909124809204,-0.07439001604837828
801,,0.0,-0.46329051562199475,,0.0,-0.011215834606063239,-0.02662813855752215,0.04342507797156418,-0.005177150417210222,0.0069525013502607395
802,,0.0,-1.1767449908551877,,1.0,-0.09146557946571361,-0.12449320949450078,-0.2294970546078499,-0.09858001050512342,-0.08492146483758377
803,,0.0,0.8034325608794303,,1.0,-0.211749448710346,-0.13261648626883452,-0.21504258645474447,-0.09751848167415461,-0.1823187880486789
804,,0.0,-0.774404138591751,,0.0,-0.5333006189319164,-0.3766201977402514,-0.16693169742480427,-0.456743422529963,-0.1999187411498424
805,,0.0,0.02583432416665506,,1.0,-0.2649914171417543,-0.27839909168799915,-0.02515232850073827,-0.5640237553798799,-0.1429684173786628
806,,0.0,0.6486691170780644,,1.0,-0.09951666639024478,-0.15735692551427136,-0.043885997319661106,-0.1716334484225689,-0.18918608199379452
807,,0.0,-0.054184255030922134,,0.0,-0.06169079528051947,-0.17803094173212386,-0.0677157029917318,-0.16956751708927673,-0.08517886320164605
808,,0.0,0.7911733311495637,,0.0,-0.4615861308391906,-0.3282406158861432,-0.29035760000619554,-0.5625657835294606,-0.35734824802757126
809,,0.0,0.7816203126783476,,0.0,-0.3362937840278695,-0.732889914090529,-0.43840639590005825,-0.8057713902224543,-0.20981979510044937
810,,0.0,-0.03958846356097936,,1.0,-0.43542747312314806,-0.4320421995165558,-0.668441594363743,-0.5206484435382454,-0.5179195205698678
811,,0.0,0.26861626242822223,,0.0,-0.9371013807521719,-0.772594155887651,-0.809598631584017,-0.8908987133089736,-0.683890247158527
812,,0.0,0.9264484343874102,,0.0,-1.0088841455006845,-1.1837545704784416,-1.019196505778778,-1.1391710606605046,-1.0173949416916521
813,,0.0,0.18181978682929326,,0.0,0.17911170135447743,0.23850814528821396,0.22108211227061042,0.03126177018570245,0.11465085807218943
814,,0.0,0.5616831551797198,,0.0,-0.09241767497909038,-0.27407713798682165,-0.16399279094153285,0.13299353927349755,-0.1299534912251372
815,,0.0,-0.09335067482109827,,0.0,-0.7490488403035459,-0.5601497423697068,-0.7383246932212072,-0.6406305770998544,-0.7372668983367187
816,,1.0,-1.2316118874247932,,0.0,0.2137283991716101,0.03302574778609792,0.42698856652316597,0.26404833308047343,0.24325657254838465
817,,1.0,0.6677924797526433,,0.0,-1.3554752872256233,-1.5539990932310044,-1.3483242964516724,-1.4037873599415647,-1.145927595334632
818,,1.0,-0.018787549258200493,,0.0,-1.2038805156999894,-1.1924099785713538,-1.2576365930969542,-1.4172013766411078,-0.9632520373346305
819,,0.0,-1.2914525852257155,,1.0,-0.6046601731511908,-0.5207278407924166,-0.5470414620323019,-0.5946387370725775,-0.34396168242246017
820,,1.0,-1.284394619395356,,1.0,-0.9931710523107306,-0.8400062169261726,-0.289030722758077,-0.9475224290049477,-0.043969444874498824
821,,0.0,-1.1307437649595322,,1.0,-0.8368681305671412,-1.1030069672303109,-0.785927737794192,-1.0648344116127386,-0.7992307830672564
822,,0.0,-1.1655752931701064,,1.0,-0.549784699957707,-0.21478420991477007,0.023130107429318373,-0.339329060735076,-0.07027933301738454
823,,1.0,-1.2781353354983251,,1.0,-0.9211171844252077,-1.175277052456047,-0.741694944047331,-0.9239370939390917,-0.7339211806375723
824,,1.0,-1.4444553261214226,,1.0,-0.5550256279895439,-0.42538575671093326,-0.4586908122790578,-0.5123267869213592,-0.7177347847792617
825,,0.0,-1.140957524047011,,1.0,-0.5965095069247908,-0.49686530217838115,-0.4745251275473907,-0.4191701530427582,-0.6261058673343026
826,,1.0,-0.6528465265281731,,0.0,0.31224611005382624,0.1890754956787776,0.281551436240897,0.1219615711205257,0.02490482604267306
827,,1.0,-0.19656617154387038,,0.0,-0.7417482042684688,-0.4890528176460803,-0.6472384285010905,-0.6533752016306281,-0.671834731547589
828,,1.0,-1.3539619122303195,,1.0,-0.9086018716068742,-0.7821906692346338,-0.7990768191515899,-0.5551779407213808,-1.0208062020419906
829,,1.0,-0.3829653041574402,,0.0,-1.133624023024442,-1.0910935519124663,-0.9904095734630358,-0.8956699030891522,-0.9224254522338832
830,,1.0,0.44739363774809915,,0.0,-1.0690895198451844,-0.8700137462989325,-0.8963125246271769,-0.8544720308037783,-1.0118391455778544
831,,0.0,-0.9761943100101382,,0.0,-0.5870358104337869,-0.44219631177812657,-0.5304211326117058,-0.6348482192013364,-0.7900964325034897
832,,0.0,-0.820743463854985,,0.0,-0.09493424876328169,0.2906863691314612,0.34231244318009235,0.3532385092568305,0.06349394844551673
833,,0.0,-1.046921589819635,,0.0,0.4178643888316899,0.31024658708922687,0.1500529927474002,0.04437273375317066,0.20318096193422946
834,,0.0,0.4114432029352922,,0.0,-0.25552203217387864,-0.18492648454363425,-0.1374886219784224,-0.4529875603955038,-0.12027183857422932
835,,1.0,0.6546749911758648,,0.0,-0.4576606405844679,-0.4621977685797523,-0.5733447988944188,-0.6419093269190173,-0.6113003370951163
836,,0.0,-0.18916717592844398,,0.0,-1.4078540123345216,-1.155130326085871,-1.3266163407711453,-1.538611266560375,-1.092161004446481
837,,0.0,-0.18420842304123097,,0.0,-0.5599293288149827,-0.7657016718221855,-0.675167665229732,-0.8482327256308464,-0.9570775208140216
838,,0.0,0.954706444934264,,0.0,-0.4629647413342303,-0.5890980551557239,-0.5307562183695845,-0.4297363800787801,-0.6777479635245526
839,,0.0,-1.2211065847215272,,0.0,-0.05912632806895742,-0.1691999979490559,-0.02095176735008638,-0.2620344824079152,-0.20688560612940912
840,,0.0,-0.0700890136640837,,0.0,-0.3921097230270395,-0.19109568176710773,-0.3315722563160042,-0.2744383389733936,-0.37594092804952606
841,,1.0,-0.04011092148591797,,0.0,0.08198566561554892,0.3842699335551221,0.04157464197736147,0.25538931755818567,0.1505569864988043
842,,0.0,-0.17401925862124404,,0.0,-0.9633415157643597,-1.300784628815329,-0.9069924048548226,-0.8383675690635147,-0.6748229069921953
843,,0.0,0.5383284647420495,,0.0,-0.8198394812181307,-1.0263185474531054,-0.7019344032045503,-0.785183118314937,-0.6384337517726405
844,,0.0,0.08261363549503078,,0.0,-0.9142011830373409,-0.7546438957528646,-1.008333690466204,-0.825587633740861,-0.8836886470428493
845,,0.0,-0.6895154503752228,,0.0,-0.8549062500980021,-0.9832656643413685,-0.9149675522887243,-0.6698274470011786,-0.43250294130077366
846,,0.0,-0.09213540636769364,,0.0,-0.8451284471869019,-0.8162091391625453,-0.7259045843268879,-0.7298329960132381,-0.5662953636586582
847,,0.0,-0.1591644996251396,,0.0,-0.9903423962466275,-0.9163111568250222,-0.8703078708237847,-0.7889862630640764,-0.5286457071089744
848,,0.0,-0.7597425353690553,,0.0,-0.8282036312179883,-0.7961358302230407,-0.7874624632825608,-0.7171366909282353,-0.5836641683633211
849,,0.0,-0.07853728086062929,,0.0,-1.017805369418109,-0.9196337938319846,-0.7300941365328572,-0.8385318237913463,-0.7725778988543013
850,,0.0,-1.0999068290584912,,0.0,-0.8474788428905997,-0.9828322308488164,-0.7789682291877934,-0.6906191927738802,-0.7384282189245238
851,,0.0,-0.6622435719803939,,0.0,-0.9422779074075694,-0.8217954687009311,-0.7304213526707645,-0.6851661973392924,-0.5582275168007921
852,,0.0,-1.1129640767612996,,0.0,-0.9005409395874727,-0.9826179501139619,-0.8198373611116171,-0.7760557588660298,-0.7379898886337909
853,,0.0,0.33152391495112654,,1.0,-0.8729284405354532,-0.9653558521627038,-0.8037535751551146,-1.024880383895052,-0.6720348532981888
854,,0.0,-0.5773596482872223,,0.0,-0.7817573548867338,-0.8383490040910552,-0.7279221142133838,-0.7005880040838064,-0.5097185908928404
855,,0.0,-0.2174033047591997,,0.0,-0.7386130387546241,-0.853166097686159,-0.7061591667125776,-0.7587059264459237,-0.8035113607282044
856,,0.0,0.06175790761590083,,0.0,-0.796411531184525,-0.8311949302396934,-0.686632814414115,-0.8579530331655751,-0.7117183333868224
857,,0.0,-0.8983164734624856,,0.0,-0.7558451956891181,-0.7786474272218245,-0.7479047075470633,-0.7086335282842271,-0.693045116162182
858,,0.0,0.4566395778808505,,0.0,-0.7154290093174892,-0.8281217498359404,-0.9570290428276782,-0.9414371091230079,-0.9790035265793351
859,,0.0,0.24109791744084716,,0.0,-0.8878420225696187,-0.9163543894363569,-1.0235083963427951,-0.9328496557521541,-0.8087206679995578
860,,0.0,-0.11809038306016971,,0.0,-0.9232575929081965,-0.8599726710476434,-1.1405734059701256,-0.9444913249162823,-1.015258461697576
861,,0.0,-0.53987844429853,,0.0,-0.9500543457974482,-0.9662010198125934,-1.0073151133789082,-0.8857182130507059,-0.9064746805049138
862,,0.0,0.05867160070492635,,0.0,-0.9933080814828351,-1.0881802741931819,-1.1416135803819032,-1.07124285677563,-0.9282325357925233
863,,0.0,-1.0053798246101255,,0.0,-0.752469170465131,-0.7954088550286367,-0.874088042442388,-0.8282405803367618,-0.8623357395917604
864,,0.0,0.7618345988985341,,0.0,-0.9280997840945205,-0.8883611712076125,-0.7571994092667879,-0.8406421803880093,-0.7888024360761313
865,,0.0,0.26274566977297137,,0.0,-0.6527824863299286,-0.7140247585856702,-0.6191791772455617,-0.6330309716665825,-0.44370302622364927
866,,1.0,0.8650458716357682,,0.0,-0.8564765995520789,-1.2611373090223186,-0.956498388213582,-1.1183320789401336,-0.8728114786977689
867,,1.0,-1.2388499182567596,,0.0,-1.8005393844596058,-1.261987851442901,-1.542239235740738,-1.4083021096168897,-1.4924088517198735
868,,1.0,0.4932086431708995,,0.0,-1.6206128516563738,-1.3089965576691727,-1.3022632666821663,-1.3249246071582035,-1.2935091425705392
869,,1.0,0.34335488432572575,,0.0,-1.6409046193972698,-1.3191919410767199,-1.4653284876609365,-1.5636715774412973,-1.5378427326930473
870,,1.0,-0.5256301463916268,,0.0,-1.48554179169471,-1.2781914684881799,-1.3176066873165597,-1.3963880270265967,-1.2277836533647926
871,,0.0,-0.9154157042625717,,0.0,-0.8043613359401391,-0.9924960347063495,-0.910369914267958,-0.7240631796357158,-0.9500628314936754
872,,0.0,-0.7671265128999488,,1.0,-0.617563413014986,-0.5680307767554597,-0.5612958009528694,-0.7668773983212924,-0.6858397767437253
873,,1.0,-0.5261922217997413,,0.0,0.48600148569500407,0.4349922123493896,0.17388512377738422,0.14623345958861775,0.1657261162304219
874,,0.0,0.42896040880323194,,0.0,-1.0796441140229904,-1.2110701939914381,-1.0251796465489487,-1.0307946069536449,-0.8033502661487106
875,,1.0,-1.2485471018206122,,0.0,-0.8931082362676771,-0.7939715302706915,-0.8336028113302022,-0.8788037882616399,-0.7188099157379018
876,,1.0,-0.2516310944959504,,1.0,-0.600989197491483,-0.6058342318495565,-0.5444154972778362,-0.8876922525381171,-0.6405348635943409
877,,0.0,-1.1383391077347225,,0.0,-0.7228498418197203,-0.7126136770570213,-0.9341802423677358,-0.8710064003333332,-0.735101011229974
878,,0.0,-0.2677821717357528,,0.0,-0.4687436515470082,-0.3806069763978091,-0.6611500960501335,-0.47930069036255185,-0.5386204436652137
879,,0.0,-0.5822753710661907,,0.0,-0.688308686334245,-0.4092857659773437,-0.5440587502528074,-0.5952041162270897,-0.19905501085484228
880,,0.0,-0.7192906100391226,,0.0,-0.8229381011472423,-0.35253420207289315,-0.4543855408336019,-0.7668796055718895,-0.2116284223977511
881,,0.0,-1.1708677150755304,,0.0,-0.8058603866748207,-0.4568371456320863,-0.3404094899722408,-0.5725732578315762,-0.3389522009213162
882,,0.0,0.5896946783390723,,0.0,-0.6860092147214617,-0.4835860313299294,-0.6828403973410831,-0.6552450032841912,-0.3754585224563689
883,,0.0,-0.27131872655812567,,1.0,-0.3560295429984929,-0.1889397695934574,-0.08378233002905083,-0.48859393887310093,-0.058266112261222275
884,,0.0,0.5936043647012975,,0.0,-0.2734241542287191,-0.2917695827321127,-0.13732143661768406,-0.35229378154586954,-0.13622381489973884
885,,0.0,0.41437376195743786,,0.0,-0.3682128467517465,-0.596090742869968,-0.08139007702438741,-0.3612948169671206,-0.09702692020554095
886,,0.0,0.3621144567603409,,0.0,-0.2631321075897445,-0.6800772698383103,-0.09765622628213835,-0.6780046926623977,0.15618402889086694
887,,1.0,0.5986686376173674,,0.0,-0.8180218115591593,-0.2544479967460924,-0.07550226725291809,-0.5229611334354686,-0.038976370188619464
888,,1.0,0.4834314530600822,,0.0,-0.5504199807539802,-1.2242415100898913,-0.2956847049631399,-0.42924755624727523,-0.4174108622727374
889,,0.0,0.49131222571962035,,0.0,-1.009678327411635,-0.8824429479424742,-1.2416222673910167,-1.1085273670505735,-0.9985965047912186
890,,0.0,0.7813969777859614,,0.0,0.06140847697401366,0.413633839511755,0.6319005083063701,0.26044563596369663,0.4218568781432849
891,,0.0,-0.9803011982676891,,0.0,0.18574697949366936,0.26463287959532955,0.7294073457800077,0.5182357891213752,0.4012573588662909
892,,0.0,0.3397995400647676,,0.0,0.15716437983937398,0.053086521961965116,0.29849809215262946,0.13479904303038512,0.09854317040491774
893,,0.0,-0.10274032935047273,,0.0,0.326572502713798,0.314051710276166,0.22276298690283855,0.21112392141643296,0.21894980601668604
894,,1.0,0.7719872533231291,,0.0,0.3494130477200762,0.19551552876093423,0.5578575948048594,0.2200014443396586,0.3047630247530009
895,,0.0,-0.23677449367126685,,0.0,-0.6577059498496793,-0.5982291830702167,-0.6613633788851873,-0.8313527337876755,-0.5065491767303755
896,,1.0,1.00100362906822,,0.0,-0.1907881670120048,-0.41286100690213096,-0.25984082501307376,-0.7987446970683945,-0.14794188002149034
897,,1.0,0.5567440987999306,,0.0,-1.0951592643824828,-1.1386053828787241,-0.6723376255333082,-0.9005643752274483,-0.6373233330073476
898,,0.0,-0.6297272970484982,,0.0,-0.982889398176033,-1.318162272680953,-0.6573211478256338,-0.9167334935563288,-0.6444274310351178
899,,0.0,0.33116556894531096,,0.0,-1.1284813992660547,-1.205567559482466,-0.8229429547760843,-0.8535367116613037,-0.5405453431281293
900,,0.0,0.37169411334919655,,0.0,-0.16287075402412085,-0.18891220905495026,0.0062846139786188904,-0.26419991922949065,0.20875384808370634
901,,0.0,0.7682220910903057,,0.0,-1.0089860683152443,-0.9341043694951204,-0.7815049647315377,-0.7634751795663061,-0.5477178584229063
902,,1.0,-1.0497051887134827,,0.0,-0.8828192067942658,-0.8570926865525783,-0.53794028311828,-0.8529306645797379,-0.8700915499450561
903,,0.0,0.17601255153424303,,0.0,-0.6921295791742111,-0.5722776882260474,-0.4812551311452279,-0.9468377385393949,-0.845554975599488
904,,0.0,0.9419315735317388,,0.0,0.4292513167134324,0.24586172642735046,0.21159698868492477,0.3860556232349991,0.2128616876793569
905,,1.0,0.5106730157561521,,0.0,0.4049656244102743,0.7269588598916382,0.7344322882046996,0.104806581563882,0.6539091183363971
906,,0.0,0.2947101352708304,,1.0,0.3207084415146473,0.08306598578214165,0.23041202989209472,0.2986547175944995,0.21964610608304122
907,,0.0,0.9088659328427421,,0.0,0.26749031083508057,0.0113464936221365,0.22496726004499254,0.4062464005413792,0.1749424702788101
908,,1.0,0.41056625591407875,,0.0,0.13387849449311068,-0.025436974742577077,0.4289700444815991,0.3071349339164096,0.20069476920806562
909,,1.0,-0.07456144597666774,,1.0,-1.4461333424564635,-1.5763617461806438,-1.049834583710206,-1.0096986269959445,-1.2011786320829705
910,,1.0,-1.0053225123909957,,0.0,-0.11975540355634375,-0.21096529768071576,-0.2352244796128178,-0.6339018542286418,-0.20524594092512788
911,,0.0,-0.9442116616029103,,0.0,-1.069197606335624,-1.1665767914711154,-1.1176995355672688,-1.2052994011822233,-1.1265398926681387
912,,0.0,-1.2973856189231034,,0.0,-0.5100600026461396,-0.6511138275807739,-0.44814506204577587,-0.38375204144509245,-0.4243201296853742
913,,1.0,-0.7399959407297064,,1.0,-1.004464033907432,-0.8062563564770786,-0.9391936349646309,-0.7924954102898514,-0.6747167817779604
914,,0.0,-0.7724615308856124,,0.0,-1.169773478409071,-1.4992328088017217,-0.983712565027579,-0.9013635346745129,-0.8281138882414892
915,,0.0,-1.016551063584881,,0.0,-0.34550436377287513,-0.4602060814408376,-0.17821210383886643,-0.45026757387994637,-0.1411328182439212
916,,0.0,0.02869180711361131,,0.0,-0.9317032243474579,-0.46329051562199475,-0.7999350592512049,-0.8725025257769872,-1.077723869492635
917,,0.0,-0.5362386029639483,,0.0,0.27691084616080525,0.1828776380703351,0.6072140019254259,0.29462703774894994,0.3612518084501686
918,,1.0,-0.014047722218006011,,0.0,-0.07120997748351396,-0.3830277024710953,-0.2719593628311909,-0.5055928013775343,-0.08078327817738327
919,,1.0,0.34937385821106814,,0.0,0.5399070433669585,0.416347457926649,0.7701436671365344,0.022847113885673516,0.6258104580494644
920,,1.0,-0.5090260376099518,,0.0,-1.0244478435591202,-1.1767449908551877,-1.0249045991904109,-1.0146849192805247,-1.0884683844433918
921,,0.0,-1.116807911280107,,0.0,0.3399735848429399,0.10626512797526046,0.3077146472552537,0.15540312121660782,0.4075106508078107
922,,1.0,0.4940126820116756,,0.0,0.6355906056062701,0.8034325608794303,0.9540790822074774,0.4612163022264751,0.7729006345293157
923,,0.0,-0.8158468807673827,,0.0,0.531800276271439,-0.774404138591751,0.5221557545615624,0.06613371468700785,0.6707499036559182
924,,1.0,0.44543029759303254,,0.0,-0.16593706274911693,0.02583432416665506,-0.1153951387555867,-0.5240072719926159,-0.2172684956564143
925,,0.0,0.3930732740070331,,0.0,-0.4816703488616867,-0.44615384278617526,-0.24563805162969501,-0.2289193498324626,-0.6017309004284469
926,,1.0,-0.07305103602080157,,0.0,0.7426341643183081,0.5645772528571744,0.7104257697818229,0.46539669406822287,0.7033233437444023
927,,1.0,-1.138911592804652,,0.0,-0.1572593258642807,-0.004698642677162658,-0.1581932203438706,-0.10753206723095661,-0.457313535631751
928,,0.0,0.03810174780533676,,1.0,-0.5983509450991472,-0.9070510826830431,-0.7719819600948697,-0.970329094514878,-0.5745396667310994
929,,0.0,-0.49091167609579517,,0.0,0.0011227904071850544,0.16726279675486397,0.026533460711754154,0.08890572187880429,0.11316369704725683
930,,0.0,-1.2694143262646216,,0.0,-0.1933433920619931,-0.14897643889222104,-0.12419694040895782,-0.14225962344472495,-0.32933649859708203
931,,0.0,-0.5341094875685383,,0.0,-0.6174140933349469,-0.30459546473812626,-0.4790612296240212,-0.6719916693647645,-0.5609619485406093
932,,1.0,-1.1502112506253956,,1.0,0.6603294446584249,0.6486691170780644,0.8258328894316772,0.14513473400280796,0.5998761474327778
933,,0.0,-0.6205568293212578,,1.0,-0.9810671119142155,-1.2198168229231756,-1.1513737673410454,-1.4423117853948368,-1.3569961126900505
934,,0.0,0.15207411446454083,,1.0,-0.8102719923134438,-0.3608405472948534,-0.3368855719579032,-0.8417587932686377,-0.5898522284962219
935,,0.0,-0.5630627535723998,,0.0,0.2955351626755907,0.46870932807406457,0.2486634085203603,0.3149254157686832,0.33963900139087255
936,,0.0,-1.1971163632760702,,0.0,0.6315401035269192,0.5552196945666109,0.8181895142397089,0.2539600903075391,0.6299223298653034
937,,0.0,0.11963842972019545,,0.0,0.5834366238852381,0.7526997054331118,0.6122120066103398,0.3907459057750166,0.5565807590528865
938,,1.0,-0.14068939777532233,,1.0,0.013933914300469192,0.405130890448931,0.11557671370632958,0.12961344926699003,0.5314453198975274
939,,1.0,-0.0031469763461062054,,0.0,-0.10203413516893613,-0.025759382753905474,-0.1713280412898516,-0.5286385647726225,0.1345436363558481
940,,1.0,0.4271661119637019,,0.0,-0.07855653064733183,-0.40603663560110886,0.15476906693688863,-0.18043219004800495,0.34270430225270665
941,,0.0,0.37031545073862404,,1.0,-1.084717283110406,-0.8203069096441794,-0.9637789360612738,-0.7232156376711498,-1.1904344104259623
942,,0.0,0.7260408704670557,,1.0,-0.36575270477368305,-0.397847016492012,-0.5011152479268961,-0.5654269421038655,-0.37881760181165086
943,,0.0,-0.9478326031608723,,0.0,0.05128962915901173,0.05757874406568735,0.01400743613288183,0.004350840088113082,-0.0025292567481797487
944,,0.0,0.862295707374107,,0.0,0.061096045162330026,-0.0005419126167298835,-0.22367378345052366,-0.3068685161644177,-0.19801312667019585
945,,0.0,-0.21189921987761592,,0.0,-0.22263293857379426,-0.24437834054033017,0.04005223145346425,0.14969405222316062,-0.02088472843097073
946,,0.0,0.31753018632410607,,0.0,0.6931660339452732,0.7964297156099768,0.9862422473771001,0.7718626167268398,0.9234279997628575
947,,1.0,-0.9635957744111844,,0.0,0.11233842215546766,0.02370439653137495,0.21668629061233932,0.1393728129961516,0.0123297635304392
948,,0.0,-0.18490431418980272,,0.0,0.038784510387928885,-0.054184255030922134,-0.04757838427616686,0.14467571033194387,-0.050404836572704545
949,,0.0,-0.27987051770213567,,0.0,0.08440471624221255,0.1434086390828134,0.4622855897154526,-0.18390559810305582,0.39026554208319825
950,,0.0,-0.015410630623424043,,0.0,0.7072599089550052,0.7911733311495637,0.9427296659643634,0.73224094895751,0.9441899451813944
951,,1.0,0.5760229147754367,,0.0,0.9097483352033106,0.756453391000381,0.952146063165274,0.47210658208618606,1.1251745789412353
952,,0.0,-0.13381622320870176,,0.0,0.6612092174482372,0.6561051426028993,0.8883896496130569,0.6595459972567671,0.876433652228782
953,,0.0,-0.597836851336315,,0.0,0.028124102370389505,0.05548522118762572,0.08775005573928858,0.04500045446965434,-0.037925020770554374
954,,0.0,-0.4931877042265046,,0.0,0.4480702601470281,0.28682038656306635,0.4256524666963147,0.46310899848849985,0.401835615311582
955,,0.0,0.015234037739877252,,0.0,0.07346487455105533,0.23005604317090228,0.04569149750933303,0.14350799565268765,0.34818890610216247
956,,1.0,-1.3419135775685087,,0.0,-1.121394510785413,-1.0687205641873336,-1.1932033057809552,-1.3094825370431493,-0.9564990493449668
957,,0.0,0.17022014320998796,,0.0,0.8083439678517471,0.7816203126783476,0.8223980056843708,0.6354848206236199,0.7232461428697045
958,,1.0,-0.3451512644509162,,1.0,-0.21083115129535615,-0.03958846356097936,0.14125523834561943,-0.05296879817220806,0.005804961069683026
959,,1.0,0.10226953097272891,,0.0,-0.889128068690169,-0.16652708347232922,-0.07340927175714071,-0.9068446280503049,-0.035690709995878894
960,,0.0,0.24794805686732121,,0.0,-0.8014312795001847,-1.0262587660193268,-0.733322049554493,-0.8371958959273044,-0.859567196663864
961,,0.0,-0.2770395765442127,,0.0,-0.058337233025444475,0.26861626242822223,-0.04631420521423398,0.16837313514933344,0.2670820317328143
962,,0.0,0.10322952910086554,,0.0,0.6483327761830695,0.8561136461993041,0.7984084301717166,0.5501405972811323,0.7324253421528104
963,,0.0,-0.22244118078018038,,0.0,0.6599270319448236,0.9264484343874102,0.8054339153586573,0.7668594140369422,0.7549229310950383
964,,0.0,0.26923484913380186,,0.0,0.20937103329634696,0.18181978682929326,0.3881222603060497,0.12009046542388277,0.30958178178475204
965,,0.0,-0.2895159772463788,,1.0,0.49863574762443236,0.6301525641415556,0.6268081830352474,0.6818970938816353,0.5585661300529156
966,,0.0,-0.9555805777436466,,1.0,-0.3831343183900324,-0.40123990649913827,-0.43885808075857025,-0.6246798245282132,-0.4545056989357804
967,,1.0,-0.6912518966381211,,1.0,-0.07769977512457069,-0.09588097391182905,-0.03188697182864226,-0.23679843303569603,0.02657517497983916
968,,0.0,-0.7989125286671075,,0.0,0.1425345835888373,0.10842434683401747,0.17702137266934248,-0.005020444177166716,0.08533309815414276
969,,0.0,-0.3095862029306914,,1.0,0.3735876302317407,0.5616831551797198,0.537697122944427,0.0523655738785771,0.32940500614594626
970,,0.0,-0.35194262404331633,,0.0,-0.47936943196038123,-0.3086155647706995,-0.22403482795794408,-0.7197166232319187,-0.5806620033394793
971,,0.0,0.7951158119436255,,0.0,0.21087805659653397,0.12190089775389772,0.13307390172763855,0.014387829493387119,0.1991412702846109
972,,0.0,-0.44818795174514503,,0.0,-0.5112828466227148,-0.8064560760771109,-0.7677590936981543,-0.5563770186328533,-0.6446679581976248
973,,0.0,0.44022993937299937,,0.0,-0.1006152995492206,-0.09335067482109827,-0.04264462314956531,-0.2005987030082968,-0.02773869619899581
974,,0.0,0.25961205681524624,,0.0,0.14625907851067682,0.14907726905650373,0.06216759575256367,-0.10889281536898913,0.19739799080888326
975,,0.0,0.13235110836641717,,0.0,-0.3222690654199871,-0.320596689769866,-0.14324268352128355,-0.35815041859481117,-0.09540064953750402
976,,1.0,0.3738968154535649,,0.0,-0.1431799292894627,-0.21956359003636877,-0.12344697561128973,-0.173686953923285,-0.19796967630542375
977,,0.0,-0.11597369662631939,,1.0,-1.0307935471191718,-1.2316118874247932,-1.0581010064827898,-1.179003861569727,-1.1113459596671489
978,,1.0,-0.6534465147784404,,0.0,-0.16205965545262122,-0.004646825682871757,0.2299705440529766,-0.085890763168041,-0.02136203605060997
979,,0.0,0.09136517872729885,,0.0,-0.1068313979799346,-0.005019515016060661,0.08854989582733326,-0.06028351630337522,0.018559133004064757
980,,0.0,-1.202772537105126,,0.0,-0.19469634006776573,-0.10916786509569938,-0.0346168734471151,-0.2657324494429726,-0.6114782703756514
981,,0.0,-0.392831948977438,,1.0,0.5719725574685491,0.6677924797526433,0.7665728777205486,0.2743723552539339,0.46019214916545237
982,,0.0,-0.15753088675376825,,0.0,0.22945934042752286,0.3115456387588924,0.30038486308723744,0.25813661033272284,0.6552243600542303
983,,0.0,-0.04552422074117033,,0.0,0.014806782698765023,-0.018787549258200493,-0.25034744378813334,-0.27986455448750125,0.015211410973248074
984,,0.0,-0.004295807650459762,,0.0,-0.0806383033404455,-0.23581182961742805,-0.34290265021913185,-0.08063785582668652,-0.01913420224852671
985,,0.0,-0.06221875954964553,,0.0,-0.029415075963654204,-0.20616176053268484,-0.1541008082750641,-0.023689297852088755,-0.18629397169100448
986,,0.0,-0.008489834164469136,,0.0,-0.8231512438422525,-0.8010044458722869,-0.9347354575576079,-0.8655673906833609,-0.6001851332368654
987,,0.0,0.2851504272131293,,0.0,-0.3735027325539347,-0.2844307725595484,-0.25777548194626965,-0.5795869785102877,0.0331693961885022
988,,0.0,0.4180837898401496,,0.0,-0.927885892870614,-0.9087889201675308,-0.9073563535493794,-0.9464857591345867,-0.658962690277195
989,,0.0,-0.11850613989672198,,1.0,-0.8775282593561053,-0.9929024615464711,-0.7791542152749891,-0.902690417887782,-0.664671208241115
990,,0.0,-0.5978639058656616,,0.0,-0.9260871103665071,-0.8645907171814442,-0.7152700938484233,-0.7616407548260858,-0.7439014945557185
991,,0.0,-0.23542221397354166,,0.0,-0.9035767685831194,-0.9534914469693939,-0.9413911470909503,-0.8436811600221144,-0.8787116097257246
992,,0.0,-0.7804169790833186,,0.0,-0.8335991390271246,-0.865839732629229,-0.8090208164259369,-0.9401954151973843,-0.6899853813965998
993,,0.0,0.13178954648803715,,0.0,-0.7881296806380722,-0.806748747028788,-0.8012379449289951,-0.8888306837725183,-0.7538161551200124
994,,0.0,0.23128039508907897,,0.0,-0.8247742939469954,-0.7837328276564558,-0.819809730116237,-0.9832647241931146,-0.7779991587464683
995,,1.0,0.2740290405377241,,0.0,-0.9866188892884037,-0.9318899255589493,-0.8621913450147349,-0.9437404288014721,-0.702509725189081
996,,1.0,-0.6116256423616833,,0.0,-1.1662492413880063,-1.2914525852257155,-1.2160254242210613,-1.1527161448309544,-1.1207916233011632
997,,1.0,-0.039204057735183706,,1.0,-1.0301828452892539,-1.2029798909899858,-1.1571759029712614,-1.2778528601061505,-0.6995669720441343
998,,1.0,-0.22303563397104403,,0.0,-1.1396978348087328,-1.284394619395356,-1.1643354621832498,-1.115502917742232,-1.3345368874026855
999,,1.0,0.05990694867196528,,1.0,-0.995365727721175,-1.1307437649595322,-1.0849507578952424,-1.069438706885622,-0.9481288359684445
1000,,1.0,-0.027822294584526085,,0.0,-0.9301741040602218,-0.7168146988644735,-0.7758338610344007,-0.8763604415301167,-0.7103749610021389
1001,,1.0,0.8519330731371397,,0.0,-1.0838701721640667,-1.1655752931701064,-1.0976435512316831,-1.025690363017693,-1.152547444241367
1002,,1.0,0.10007676286080085,,0.0,-1.1982389405875042,-1.2781353354983251,-1.0345570765303078,-1.2337137434088925,-1.2280229625350778
1003,,1.0,0.24375894630683193,,0.0,-1.2246099745215202,-1.180961811408672,-1.0886357978509837,-1.0780329120310748,-1.099337653765168
1004,,1.0,-0.3819764618550683,,0.0,-1.6264298404634239,-1.3184946358587764,-1.5605371570627449,-1.845912165680381,-1.3395563187654236
1005,,1.0,1.028353184500108,,0.0,-1.2144418698202908,-0.8280094860960743,-0.7235575540595316,-1.1165851531160658,-0.7951121250781239
1006,,1.0,0.28686944640941,,0.0,-1.1759805491327615,-1.4772371425611528,-0.7421977787886866,-1.1267600350440747,-0.6741601383182675
1007,,1.0,-0.04490900709924297,,0.0,-1.329835677463624,-1.3047719708871255,-1.1572984887605395,-1.3812034318478859,-1.188983042500954
1008,,1.0,0.13928594149552614,,0.0,-1.3548629855574614,-1.2947016067706045,-1.1478953062865471,-1.3592503471689468,-1.2947734496468781
1009,,1.0,-0.6073278393920989,,0.0,-1.4219422096891927,-1.4444553261214226,-1.1615402496645388,-1.3632034943480706,-1.0143309495417396
1010,,1.0,-0.20747611371160013,,0.0,-1.4105714795332556,-1.2530531221418066,-1.257030618542003,-1.3972289509842961,-1.155709251279955
1011,,1.0,-0.13129678551346965,,0.0,-1.1921396745971418,-1.140957524047011,-1.0456673883420105,-1.3493385833231388,-0.7919173312379094
1012,,1.0,-0.8341035810195302,,0.0,-1.0239435147874454,-1.626789568017586,-0.9295178022769528,-0.9715636295936495,-0.940887434498785
1013,,1.0,0.7838130164443362,,0.0,-1.4961801244724395,-1.17950992019464,-1.1637282247979654,-1.1844504848126614,-1.115160001182726
1014,,1.0,0.38842786196823464,,0.0,-1.536063932310531,-1.5015910263813446,-1.348393146186104,-1.2225670414082686,-1.2120821231498449
1015,,0.0,0.47121678430733366,,0.0,-0.00090105795248784,0.19029063646204983,-0.22513008154125158,-0.18458958081303364,0.032087465669454085
1016,,0.0,0.458798372192172,,1.0,-0.5616296105592107,-0.5684736517673082,-0.49991686822720366,-0.5160911981255507,-0.35253730593733185
1017,,0.0,-1.5260832451025144,,1.0,-0.5291234545419277,-0.6528465265281731,-0.6542075986810691,-0.6995908719092725,-0.287971833144621
1018,,0.0,-0.12396370181675004,,0.0,-0.15722193536024937,-0.19656617154387038,-0.21261415229434347,-0.45668414399552715,0.31515471352781854
1019,,0.0,0.6985577897687221,,1.0,-0.6046351240543577,-0.540739903385754,-0.621935426496398,-0.5987147653319715,-0.3208651833571373
1020,,0.0,-0.07550791082007172,,1.0,-0.10660084438326826,-0.03205616036760779,0.1367227994777055,-0.6881038815500427,0.05443267255163882
1021,,0.0,-0.6248792563390271,,1.0,-0.09498317769448013,-0.194344212724672,0.06878714400955588,-0.09273027424070157,-0.0472626422393148
1022,,1.0,-0.8101895215564922,,0.0,-0.9514211159988272,-0.8381797187485904,-0.9057299170365102,-0.8555329755659099,-0.5401465969410835
1023,,1.0,-1.0568564070176265,,0.0,-1.280040737833078,-1.0905196443761482,-1.3541624671685997,-1.0995075732600468,-1.075442008326205
1024,,1.0,-1.0450280818789401,,0.0,-1.261430786336691,-1.3539619122303195,-1.2245512596841173,-1.2184060205712508,-1.0379810245403371
1025,,1.0,-0.6752458236878773,,0.0,-1.6142104221618088,-1.2151639136805448,-1.8113714751565855,-1.5767068747651043,-1.4306430059048942
1026,,1.0,-0.9165629760374502,,0.0,-1.4508335067373108,-1.2268093098238775,-1.5033107764850038,-1.2807635879286299,-1.2474510570700357
1027,,1.0,-0.17726604375423888,,0.0,-1.0938414962010385,-1.1693278073711812,-1.291244900013551,-1.2487131093015487,-0.994221229441102
1028,,0.0,-0.09115088539186575,,0.0,-0.8268725045647856,-0.9108991757535135,-0.9643203629598661,-0.7653931688851616,-0.7267391076439599
1029,,0.0,-0.24231529784079106,,0.0,-0.07352036627647972,0.06702811183192882,-0.09284397502251485,-0.010824805520135952,0.010656744399241816
1030,,0.0,-0.5671819921016568,,0.0,0.09953338152975068,0.1355231268582365,0.2201916339091754,0.19578295173854451,0.2056960606037789
1031,,0.0,-0.6938350991768591,,0.0,-1.1476692532300932,-1.017721571991899,-0.9602518515297138,-1.0297637120616108,-0.9296229712501812
1032,,0.0,-0.5552610382873393,,0.0,-0.29521340047752553,-0.3829653041574402,-0.357187853315582,-0.39091200059140246,-0.13548282650163224
1033,,0.0,0.5508772752921884,,0.0,0.6425921094453602,0.7268914640692049,0.5565297924147847,0.6077106382711256,0.7799278941383563
1034,,0.0,-0.337842659222427,,0.0,0.11071265916873248,0.009423920014209886,0.16008608875480274,-0.006410984241783162,-0.00742995825822418
1035,,0.0,-0.6227058538824315,,0.0,0.1655468941221568,0.2582420603493335,0.23204433401439428,0.08586645818459121,0.0646354174644026
1036,,0.0,-1.380635994654347,,0.0,0.27923007349121043,0.44739363774809915,0.3038036433177885,0.16726330198246958,0.17510173861318534
1037,,0.0,-0.06841199335042529,,0.0,-0.3647216648642224,-0.197101780323651,-0.026771896277596043,-0.40148727845231413,-0.0651246390654641
1038,,0.0,-0.6191582778628654,,0.0,-0.7512030271379094,-0.7434852428320865,-0.6820623021926912,-0.5997642971217176,-0.46617828619779345
1039,,0.0,-0.38125838519167726,,1.0,-0.7992586650119285,-0.6886127961377562,-0.6410672271062249,-0.929719680504524,-0.4254153851583583
1040,,0.0,-0.9646679392793117,,0.0,-0.9016334879343033,-0.7752890146829846,-0.5416849198490827,-0.6348891254897322,-0.46850111160951147
1041,,0.0,-1.3388202715726023,,0.0,-0.8094524238945117,-0.5713092725955924,-0.6092991396519799,-0.6747826356323408,-0.30682964504817223
1042,,0.0,-1.0443945508347796,,0.0,0.40012618698654084,0.4609326216352813,0.15711066551062056,0.26413072262247644,0.29267451460498806
1043,,0.0,-0.5599519703300335,,0.0,0.6071783502659913,0.5553795117722639,0.5235511274194341,0.6439331662825754,0.47330406851103385
1044,,1.0,-1.0760771819451287,,1.0,-0.006073882549631541,0.20558581864505046,-0.05456560006285694,0.17667321649118936,0.08020350098572634
1045,,0.0,-0.8012664657608392,,1.0,-0.26649490642176227,-0.039529948495086786,0.01878650052572776,-0.12036738789286427,0.0528190601003425
1046,,0.0,-0.7020091164285018,,0.0,0.2921612636015139,0.34020486529468863,0.44878219457190266,0.338550120488269,0.2794946527439991
1047,,1.0,-0.40169493170739357,,0.0,3.3016767956296235e-05,-0.03948715148590933,0.02558968768537086,-0.21323157390420197,0.1557347621882531
1048,,0.0,-1.1243608470863997,,0.0,-0.9233632806777865,-0.9761943100101382,-0.7923997842894274,-0.9305845284956367,-0.7779660739351569
1049,,0.0,-0.5654882198369009,,0.0,0.1239339087570265,0.0780320100028365,0.0022517892664704452,-0.05751708999815701,0.04028074239777773
1050,,0.0,-0.9419173991563876,,1.0,0.07106891570707723,0.039435350666003226,0.3780446700955085,0.21362646927663723,0.3455231535506984
1051,,0.0,-0.46188728579824195,,0.0,0.03196560504085856,0.1269897348314469,0.009100003131653878,0.10190962398727257,-0.10941470878770705
1052,,0.0,-0.11225474968730179,,0.0,0.2563384899398052,0.23622347694071025,0.18039149890950765,0.3032596432922061,0.4960738569894369
1053,,0.0,-0.49721820676172995,,0.0,0.49741932075698014,0.7173066294982072,0.829130650118387,0.5524603143126927,0.7472062862918336
1054,,0.0,-0.6402715877326771,,0.0,0.4249893440918095,0.6314885359186451,0.7017326485820486,0.4172130178771364,0.7244259294649922
1055,,0.0,-1.0407449642854307,,0.0,0.391227938666659,-0.014248559957202842,0.5083393125453773,0.32735468819333713,0.36209995452722005
1056,,0.0,-1.284642224530021,,0.0,-0.8854594638525862,-0.4228323393630288,-0.5296583657531373,-0.6369792814416374,-0.3778841126888825
1057,,0.0,-0.8370972831884216,,0.0,0.13059995598462998,0.1352228234472228,-0.1002178365387524,0.09701002743797091,-0.2388010228889589
1058,,0.0,-0.5358495478810711,,0.0,0.5308580680110861,0.44788935966695326,0.8684229357174854,0.47027481726042836,0.7879047968558001
1059,,0.0,-1.26041478724521,,1.0,-0.33165622943670725,-0.5666935250467836,-0.5402423482362785,-0.5559321235715736,-0.46796296541622123
1060,,0.0,-0.04346831851866864,,0.0,-0.020844141196860663,0.08096467406792132,-0.05512311614427491,0.19541753287430766,0.15414563647386526
1061,,0.0,-1.0746315570048663,,0.0,-0.6017784353394375,-0.6429058421534677,-0.6175102476497635,-0.9928646747753281,-0.8160031323416401
1062,,0.0,-0.8618997203344564,,1.0,0.19541471202138014,0.21368590332791074,0.12483585982874634,0.24008394389793897,0.2205468703090445
1063,,0.0,-0.9172967577652255,,1.0,-0.5650360245736831,-0.4918663665588378,-0.6017406636160862,-0.5664219930184349,-0.715460660125087
1064,,0.0,-0.5678511944422912,,0.0,-0.8673152131861337,-1.0917287553906818,-1.0632651214606201,-1.1201970128109044,-1.116152986567503
1065,,0.0,-0.05376473495786738,,1.0,-0.20390008895979062,-0.14906496133117725,-0.3616065203652305,-0.25470494869985005,-0.41704873404279263
1066,,1.0,-1.0918537914237105,,0.0,0.3581489066460142,0.23055045501487167,0.16816927793425668,0.19437295571868327,0.39475254715561475
1067,,0.0,-0.921464640124782,,1.0,-0.9017259068387162,-0.9416933588215478,-1.0137129095461606,-0.9598242921508398,-0.8526593778080327
1068,,0.0,-1.026383685074179,,0.0,-0.8029844719242233,-0.820743463854985,-0.9134766466646962,-0.8637856312757118,-0.7761122008014146
1069,,0.0,-1.0133269387117427,,0.0,-0.8521351673762465,-1.046921589819635,-0.9184652597810612,-0.822889879076194,-0.8694636071489624
1070,,1.0,-0.9436111467379862,,1.0,-0.7705358001192945,-0.8119703765608683,-0.9202289857181003,-0.9547222918027354,-0.8222623357158092
1071,,0.0,-1.1522850805371643,,1.0,-0.5791746427165009,-0.5204696561481736,-0.8866858116260256,-0.7328181436764275,-0.4788768902321394
1072,,0.0,-0.9085059220493921,,0.0,-0.8181006423910231,-0.9584844352863977,-0.7453844147541473,-0.9476604956550242,-0.770443608818536
1073,,0.0,-1.017962555384231,,0.0,-0.8719943756271032,-0.9557988150402527,-0.8720680391294291,-0.9458090535836515,-0.8115336784368753
1074,,0.0,-0.8594123113716015,,1.0,-0.48318815270357934,-0.46208043217843975,-0.726802237865619,-0.5549802285664659,-0.48654968141606225
1075,,0.0,-1.1772186748967095,,1.0,-0.6094673215674146,-0.7534741877070962,-0.9484207303373487,-1.0498609624703568,-0.7184390836133837
1076,,0.0,-0.848402361179789,,0.0,-0.925630741120085,-0.7014413599012843,-0.934077897500997,-1.1030421219955469,-0.8122822953196518
1077,,0.0,-1.2129734431979693,,1.0,-1.0193287540652818,-0.7393153150080551,-0.9870955486443499,-0.9495087916350656,-0.7962528128631916
1078,,0.0,-0.12478345411636287,,0.0,0.35309537589161183,0.4114432029352922,0.3274161729605274,0.2599682743007154,0.4449610424624276
1079,,0.0,-0.39500469859413245,,1.0,0.3229101003666583,0.6546749911758648,0.9315081171478226,0.6186534693027713,0.7643240857807375
1080,,0.0,-0.5295656297396599,,1.0,0.3617799201951744,0.14120611624479984,0.13198230374281125,0.29214519980951353,0.37913738559306864
1081,,0.0,0.0919427536577121,,0.0,0.040237347915740525,0.04835249474862873,0.24156446543908802,-0.19937267396957917,0.16003955618594726
1082,,0.0,0.12141982613001562,,1.0,-0.3101266685516271,-0.1943965276899707,-0.03471466472252831,-0.3220883819871529,0.07884548213857501
1083,,0.0,-0.12070600910379788,,0.0,-0.11111227734192575,-0.4052334655059465,-0.21102490538810814,-0.8423774745271939,-0.0840803691288498
1084,,0.0,0.5826904040898138,,0.0,-0.4186643815493163,-0.18916717592844398,-0.23462922030769545,-0.35258339040656944,-0.3342414630171348
1085,,0.0,-0.3988507312827162,,0.0,0.330829175942135,0.4129001946939385,0.39072866397146955,0.2783364780543454,0.37692139708989064
1086,,0.0,0.12450002491379655,,0.0,-0.37731319465049107,0.03710694718565471,0.07840156490667523,-0.4597758334550934,-0.03510105981868102
1087,,0.0,-0.7226381433659503,,0.0,-0.2157519980647344,-0.18420842304123097,-0.08074835459778297,-0.38767824770990555,0.20455840541055215
1088,,0.0,-1.2682779941997475,,0.0,-0.7383582828255556,-0.4445315357574855,-0.3553235641901535,-0.7172313274701327,-0.3293360703519308
1089,,0.0,-0.3427550541115535,,1.0,-0.7628976625057975,-0.3902316925240152,-0.2084148992142725,-0.4537364863355773,-0.1897674489235009
1090,,0.0,0.1994200062280473,,1.0,-0.4125880829108898,-0.2206617715441278,-0.12847732657327426,-0.4632971566398884,-0.01656947523648801
1091,,0.0,-0.4587256268981771,,0.0,-0.35218678338945264,-0.13781631207360703,-0.14724799820572068,-0.4985773815040853,-0.1060369179834359
1092,,1.0,0.46405420018030374,,1.0,-0.11294766819363819,-0.11983551784230062,-0.040485478243066995,-0.14247936808016815,0.14123543136609568
1093,,1.0,-0.6920854365632911,,0.0,-0.07533987604389912,-0.00030046984787291195,0.07680846477045808,-0.12258402794697429,0.07194238689811883
1094,,0.0,-0.03460577527787131,,1.0,-0.31229295550787856,-0.29693078333938094,-0.3722843534883442,-0.515621112055565,-0.15896140882153326
1095,,0.0,-1.249176142337887,,1.0,-0.617165642905567,0.11014214404421387,-0.3278952265119709,-0.4209758092391599,0.11305475947873078
1096,,0.0,-0.5048007646515063,,0.0,-0.18190528885780402,-0.4965753027460626,-0.498839229246452,-0.5871761459016613,-0.4695006713206892
1097,,0.0,0.10292925072879025,,0.0,0.3815326072936344,0.954706444934264,0.9305350925643459,0.6197429420782716,0.8449290646065061
1098,,0.0,-0.3463840924433139,,0.0,0.13638385466727426,0.5049967979875936,0.4969134969114749,0.4522350161766027,0.4140945187338847
1099,,1.0,-0.8671769682655311,,1.0,-0.3107231318547789,0.10220700147828851,0.009206723051570505,-0.03414961336743242,-0.05546195387666398
1100,,0.0,0.27094788325477664,,1.0,-0.9087157447444489,-1.2211065847215272,-1.0232026628553081,-1.25973018982136,-0.8229086231660631
1101,,0.0,0.662815106741832,,1.0,-0.0594250572016808,-0.1611070738947124,-0.14307702774548728,-0.25271838943384645,-0.19674211338726172
1102,,0.0,-0.5894563352055239,,1.0,-0.3819486315192264,-0.2530733422487973,-0.27927172222586805,-0.4733380820229507,-0.1954051637702611
1103,,0.0,-0.5762959711290246,,1.0,-0.11533561593215769,-0.0700890136640837,-0.08815296117135035,-0.16153987925883734,-0.08755553258882208
1104,,0.0,0.041412554381213565,,1.0,-0.04695841825298743,-0.19157599671048076,-0.09641109601754651,-0.19822900062720344,-0.17089072314768008
1105,,0.0,0.7339683684749617,,1.0,-0.13935868213792446,-0.04308810723815822,-0.19134673765289162,-0.21079782745448325,-0.0901204810003179
1106,,0.0,0.17662912468075373,,1.0,-0.14799499833974072,-0.03380690445380705,-0.08135472766524826,-0.047035491795148446,-0.13937747402355222
1107,,0.0,0.22485638875631928,,1.0,-0.06196138177052495,-0.11578395148194649,-0.10541709331624642,-0.22015060355821725,-0.19351966232700024
1108,,0.0,-0.8518757186130007,,1.0,0.0013557867976568391,-0.10391526598468179,-0.012351618041858586,-0.248774677264546,-0.09296575927143311
1109,,0.0,0.19356158606241414,,1.0,-0.6595539800999838,-0.774975854478542,-0.6078429839184222,-0.7192979158939774,-0.455293533993072
1110,,0.0,-0.6993814055696232,,1.0,0.5075537571561489,0.5883842379692911,0.6716928292746649,0.5177434876420507,0.3580153201545789
1111,,0.0,-0.7957225129011549,,1.0,-0.28031044632113417,-0.43781995184820205,-0.2545192671356368,-0.4090562986861601,-0.37467322437911116
1112,,0.0,-1.0315864007874083,,1.0,-0.2937039910829015,-0.3240420260279704,-0.4788907089281168,-0.24430868937565597,-0.30195125978528453
1113,,0.0,-0.5752302710069033,,1.0,-0.08756919084300235,-0.04011092148591797,-0.05686653378217154,-0.10525658470864926,-0.07774950427244672
1114,,0.0,-0.18047830654104166,,0.0,-0.13615318302694093,-0.15919216619152807,-0.144415765182351,-0.22696385973072078,-0.02694589637138884
1115,,0.0,-0.5420192628920723,,1.0,-0.20003609993028393,-0.07280630428846212,-0.11043536109668046,-0.22731135498782323,-0.12423008424230533
1116,,0.0,-0.9097042842586116,,1.0,-0.1046285015391386,-0.17401925862124404,-0.1877610334579277,-0.10889967961382424,0.012824138165515917
1117,,0.0,-0.6376196826037052,,1.0,-0.06931113581886146,-0.11764756152301457,-0.14641678229805957,-0.20889760901418558,-0.0669077572920437
1118,,0.0,0.8693641479590757,,0.0,0.4453210675944339,0.437822189435186,0.32035650922174724,0.22540637078256187,0.5432485529162231
1119,,0.0,-0.7988028962787287,,1.0,0.43368228468488335,0.4458349972381423,0.5241201551790744,0.3381843592177954,0.28879106933142845
1120,,0.0,-0.5653999981958503,,0.0,0.46528564135635864,0.5383284647420495,0.6015050174283334,0.21702537497845886,0.24855730193664521
1121,,1.0,-0.4836535036893893,,1.0,-0.23841350647074025,-0.1612409026223963,-0.1395253356262632,-0.3301151915844385,-0.08745799866248853
1122,,0.0,-1.1694344346624914,,1.0,0.15728146931026948,0.08261363549503078,0.14289872992310568,0.12493180793648716,0.2812624850202433
1123,,0.0,-0.6491861255505993,,1.0,-0.5984346870797326,-0.5635021518764507,-0.6305434676649295,-0.6509472043689531,-0.42644527641175817
1124,,0.0,-0.6309088251757239,,1.0,-0.5966494034314455,-0.6993031655340487,-0.6203268702165922,-0.5906604862537488,-0.5154590637011105
1125,,0.0,0.02887011417890456,,1.0,-0.8804815923010867,-0.8360092630096572,-0.9181825142033706,-0.6816900626800537,-0.7154085775593256
1126,,0.0,-0.8289961050701626,,1.0,-0.6787030460339292,-0.6299411024676783,-0.782744101808767,-0.8597626973460016,-0.8388568181433934
1127,,0.0,-0.9043722022960139,,1.0,-0.8592840328456615,-0.811492326392303,-1.0143714375956696,-0.959081513883918,-0.8504509550733206
1128,,0.0,0.5825753451845493,,1.0,-0.7732267870062023,-0.5237160353847471,-0.6900450859605353,-0.7295590441793239,-0.4671939431811218
1129,,0.0,-0.01752223358362844,,1.0,0.7689454772518047,0.7098179831673057,0.8059771694055836,0.22230083105246817,0.6469429140852223
1130,,0.0,-0.735230969246814,,1.0,-0.42420223272539404,-0.6895154503752228,-0.3982254725719298,-0.7664025511301348,-0.23634240900650957
1131,,0.0,-0.4854797699501757,,1.0,-0.2866364414847304,-0.27469873069989936,-0.1362624879155667,-0.08168340574809616,-0.046694191124788835
1132,,0.0,-1.0262684333859131,,1.0,-0.017739511475863792,-0.04142720568091999,0.006049191493424478,-0.09963587218736909,0.02871591935355685
1133,,0.0,0.13991783572674552,,1.0,-0.14536065484884214,-0.07722648914279871,-0.07310158612900801,-0.1384387503258705,0.01216052373812808
1134,,0.0,0.12424968017238623,,0.0,-0.11447105944690794,-0.1922777706214678,-0.08205899000662102,-0.10773610835801554,0.11008259616423098
1135,,0.0,-0.7036053975796643,,1.0,-0.20697963997578434,-0.09213540636769364,0.04253728848709051,-0.2491307233023024,0.05366703062867168
1136,,0.0,-0.7901672421831256,,1.0,-0.19350531719911113,-0.1591644996251396,-0.08957965552654365,-0.2567905098103759,0.05885040210086624
1137,,0.0,0.4813234287429978,,1.0,0.6679031875857576,0.8066120178222713,0.7606912856169443,0.8071309509013339,0.8136946366968548
1138,,0.0,-0.7379850678514598,,1.0,0.14386952622633245,0.015753069053321404,0.3231841753110353,0.054895727433079085,0.044848170215790295
1139,,1.0,0.011935063804477153,,1.0,-0.2545824483943255,-0.44605014134446985,0.34931787520636326,-0.09723440002346377,0.31997792454017593
1140,,0.0,-0.8965578882723962,,1.0,-0.6098793274587941,-0.7597425353690553,-0.6597444223410054,-0.5459558632394687,-0.5834214112506179
1141,,0.0,0.003553700505487749,,1.0,-0.6594910690371211,-0.6463086068640813,-0.6239386736294054,-0.5191038423849532,-0.4623576760252491
1142,,0.0,-0.5730094150380468,,1.0,-0.6205610928423063,-0.7353036842333296,-0.6660638132096512,-0.5750668913236189,-0.5389896173450676
1143,,0.0,-0.9710918639141135,,1.0,-0.6404619395811579,-0.5722206750273121,-0.8259329138513298,-0.7249742130067841,-0.5126871581314945
1144,,0.0,-1.0649112883271175,,1.0,-0.23031648061207333,-0.07853728086062929,-0.2913630360183786,-0.1260612242092926,-0.31999704469764756
1145,,0.0,0.14173258260011493,,1.0,-0.4925236136840265,-0.5971108229680138,-0.38232573054048136,-0.3942901277883835,-0.3577880004333863
1146,,0.0,-0.0831637542165333,,1.0,-0.7240146485785436,-1.0999068290584912,-1.148789264152945,-0.8921535054781391,-0.7656017227074755
1147,,0.0,0.506989399311365,,1.0,0.1662853494908406,0.2713288342347618,0.14858709659465502,0.00834536150562303,0.04029432535210891
1148,,0.0,-0.5368193305725549,,1.0,-0.7857817943606384,-0.6622435719803939,-0.7687040343934751,-0.6570206610841554,-0.5859000423946208
1149,,1.0,-0.039994885540834746,,1.0,0.2715457047140112,0.23370728383594083,0.3397888597151333,0.048845870410696324,0.45672252151490067
1150,,0.0,-0.37790201179035043,,1.0,-1.1809870209875908,-1.1129640767612996,-0.8636167219052717,-0.836764760075119,-0.7668410833707335
1151,,1.0,-0.057407488370832926,,1.0,-0.07927002689091164,0.33152391495112654,0.05314840111165812,-0.09475707513174086,0.4910276194694422
1152,,0.0,-0.4507544117516459,,1.0,-0.7400730783856941,-0.5773596482872223,-0.3884658030190224,-0.9178760275602575,-0.6210551091974061
1153,,0.0,-0.8268420962227909,,1.0,-0.5177669820062948,-0.6087808158899312,-0.5346202863447325,-0.711676508527395,-0.5357720734075567
1154,,0.0,-0.026658014060872814,,1.0,-0.3005501270716583,-0.2174033047591997,-0.23220138316535852,-0.4141686634805889,-0.08464756855618279
1155,,0.0,-0.8470867495695426,,1.0,0.07462798193782859,0.13853799843087602,0.14561256948066267,-0.2991594657531506,0.08198981392260385
1156,,0.0,-0.9213153248378178,,1.0,0.6085506335456987,0.6423667373719986,0.6132424817033426,0.3677192017925729,0.5530830964207013
1157,,0.0,-0.7459371050521023,,1.0,0.10493425020235997,0.06175790761590083,0.14661364201049604,0.01175968285392015,0.22135145189895353
1158,,0.0,-0.5487113409051061,,1.0,0.18603193471832954,0.2726102502589525,0.5256172334097735,0.1236689638578252,0.7692598745726893
1159,,0.0,0.09259652247023976,,1.0,-0.22337112164966538,-0.058774128612838934,-0.15303636918833155,-0.24228777471947985,-0.24648463835604142
1160,,1.0,-0.36977619138774703,,0.0,-0.5600757425185469,-0.49385670760587114,-0.49088930452412183,-0.4837057329410798,-0.20650896704084215
1161,,0.0,-0.40149561170008913,,1.0,-1.6763714438469373,-1.4002508783816285,-1.211119318376629,-1.1161877601763281,-1.1785183146288305
1162,,0.0,0.4432390265960366,,1.0,-0.15418555339261358,-0.2350230609104131,-0.09222950880231108,-0.11887223195010797,-0.04976928054492958
1163,,0.0,-0.33595528367319694,,1.0,-0.7654713538689835,-0.5457218464145283,-0.6314019764933083,-0.3489601330726251,-0.7444722075629674
1164,,0.0,-1.2507873222138768,,1.0,-0.7692536085547982,-0.6439445910216164,-0.39158141497719645,-0.582494102329308,-0.39518504147619476
1165,,0.0,-0.3226667474187942,,1.0,0.09301541891118328,0.2834879978111081,0.3717154685011526,0.17685244277851173,0.3519039323163527
1166,,0.0,-0.5036441242831893,,1.0,0.03847605852122656,0.11581809776642389,0.40329368685508143,0.19720289829577511,0.4482125366624202
1167,,0.0,-1.0837121636171894,,1.0,-0.31327889174263357,-0.06576924207971267,-0.07140298598762683,-0.31278851749869796,-0.17003816748488396
1168,,0.0,0.05681586886327642,,1.0,-0.24920186103866573,-0.08022926598873809,-0.06418769073682226,-0.2879596309264955,-0.23832355462791094
1169,,0.0,-0.7821623531448748,,1.0,-0.6748176054113745,-0.5872965736620885,-0.5846397844834768,-0.460284605083274,-0.348711929083865
1170,,1.0,-0.9273515605309357,,1.0,-0.8357542038316114,-0.7988424266621522,-0.9088513320088479,-0.8324916635108274,-0.9132458736522788
1171,,0.0,-1.0403482537099864,,1.0,0.3085901675751911,0.4157557961946113,0.38413530282305824,0.46423560954964227,0.34398552028839624
1172,,0.0,-0.7267626618724707,,1.0,-1.014686005841778,-0.8983164734624856,-0.8347981974004072,-0.8216101211698194,-0.8200924729126474
1173,,0.0,-0.13208087206569857,,1.0,-0.0664939175685697,-0.19994933319870276,-0.18493066024676302,-0.01744413221163491,-0.060287285641676285
1174,,0.0,0.17491769297124116,,1.0,0.4940972480763957,0.4566395778808505,0.5027098231244305,0.3050166841229978,0.2531115304346315
1175,,0.0,-0.8624257167518452,,1.0,-0.2601112446549554,-0.033506160591295964,-0.3010837674640943,-0.04508449843165114,0.007994874510489833
1176,,0.0,-0.06632977588488617,,0.0,0.20547989365482008,0.28249115338346986,0.3187841691904526,0.2893100175575029,0.45339363198806537
1177,,0.0,-0.485704001849137,,1.0,-0.5216341012575613,-0.23549766806008376,-0.7594597607859943,-0.46488287305087994,-0.23652531880395006
1178,,0.0,-1.143321073520238,,1.0,0.6754116565075364,0.9333763169077011,0.7017001062390706,0.7329519434416815,0.747057137244347
1179,,0.0,-0.46678810109542407,,1.0,-1.0388341847079965,-0.8806411765206369,-0.963056439731717,-0.965514531022735,-0.8712173671018203
1180,,0.0,-2.1631686328784734,,1.0,-0.2330829668291396,0.002070376515440801,-0.22345163360452022,-0.41825932951318184,-0.2673829062309937
1181,,0.0,0.16796195540080086,,1.0,0.2844783953747306,0.24109791744084716,0.3086950429870974,0.2874189353046027,0.4182346143358482
1182,,0.0,-0.16711324235109332,,0.0,0.17219017983392435,0.13344474622097738,0.17135737916593946,0.05043714616835075,0.1206714290584619
1183,,0.0,-0.8389661541632454,,1.0,0.08420928382197083,-0.11809038306016971,-0.2563030163611037,-0.027971208751860224,0.1468789135322326
1184,,0.0,-0.935189654863225,,1.0,-0.08972157170682404,0.12031469549603571,0.2762643594735098,-0.08235947547875844,0.17201705946359203
1185,,1.0,0.1450242311414174,,1.0,-0.32068843762507815,-0.20404993520326728,-0.373534416509268,-0.3306474944158102,-0.2114548574441008
1186,,1.0,-1.5031994819086847,,1.0,-1.0066285447965422,-0.9744778458345674,-0.9972987378234047,-0.8948657601497243,-0.7475965592655158
1187,,0.0,-0.7034225741413455,,1.0,-0.8903925318540594,-0.6731216497461461,-0.8868655878555585,-0.9448189279818937,-0.7093728318613612
1188,,0.0,-0.10846070138665273,,1.0,-0.5828101272133605,-0.5813157228432103,-0.6152036703898106,-0.5669830591419744,-0.5609613633113817
1189,,0.0,0.7101326050981721,,1.0,-0.4921313759909564,-0.4844427438827668,-0.5560469615560365,-0.7620675085028529,-0.3634911029491108
1190,,0.0,-0.6891218322355286,,1.0,0.4026935255517989,0.3815980441353083,0.5248391082385483,0.2133514777795306,0.28001639524346517
1191,,0.0,-0.3315480451123706,,1.0,-0.019191351846820533,-0.012824548955379942,-0.04864599484568003,-0.05706460057573159,-0.07490785996146238
1192,,0.0,-0.6415217808868421,,1.0,-0.2209007966889953,-0.25921449304717314,-0.2906021889587204,-0.1497076214673094,-0.10671892858115334
1193,,0.0,-0.46821582757269986,,1.0,-0.42453388933670144,-0.53987844429853,-0.47885336323499517,-0.2867884737522282,-0.5611942625905137
1194,,1.0,-0.16995005665828694,,0.0,-0.48866454021901284,-0.6654078420434176,-0.6072373291273062,-0.8049723368238735,-0.7567987897895982
1195,,0.0,-0.04692661690511769,,1.0,-0.08425180695693912,-0.061013833288068156,-0.48486392736229106,-0.3061824294028086,-0.3134498602300206
1196,,0.0,-0.21092520057045028,,1.0,-0.1128711869722483,0.0005149923454057432,-0.3948126097591104,-0.20596777235273464,-0.2266063118657937
1197,,0.0,0.10160313122361193,,0.0,-0.13079047019304216,0.0878450943378973,-0.18875282440486754,-0.5092969943433516,0.13916669305674856
1198,,0.0,-0.17916471447771512,,1.0,0.06335207652506585,0.05867160070492635,0.07874710236476103,-0.3045090487756509,0.2805760735227137
1199,,1.0,-0.45133445548324597,,1.0,-0.2725467019857547,-0.22094485114996695,-0.09962084497629116,-0.14026823922109202,0.0978180448035867
1200,,0.0,-0.06619605363004019,,0.0,-0.7081162975650876,-0.9519051046300875,-0.85362985352,-0.6216190101450815,-0.5872467101316433
1201,,0.0,-0.2888290050078109,,0.0,-0.726353723238982,-1.0053798246101255,-0.9085330287834634,-0.6571711464177883,-0.5558161325496889
1202,,0.0,-0.2163297177635204,,1.0,0.1035264933401423,-0.02610093681888253,-0.09366378283625532,-0.36283121499745785,-0.11037061724933873
1203,,0.0,0.44689755288736177,,1.0,0.49837031196118836,0.34241736164049746,0.5426064459409206,0.29383633069586174,0.4070162262635683
1204,,0.0,-0.4983793086116225,,0.0,0.7919475675152683,0.7618345988985341,0.8112439121591943,0.47421951644006,0.723195724805072
1205,,0.0,0.21355189581882542,,1.0,0.34851629802863493,0.26274566977297137,0.2865001244185793,0.13741456600510082,0.23247800884566427
1206,,0.0,-1.0649319995637272,,0.0,0.05392921759407059,0.1857359606944478,0.13554942537445297,0.043423328712978715,0.08073949493425171
1207,,0.0,-1.1871028830492976,,1.0,0.2735118086296592,0.5064507762020414,0.6649894525804497,-0.19001633980655538,0.2831894767789555
1208,,0.0,0.8129488683099921,,0.0,0.6281412968771733,0.45356828980177744,0.5273353928984916,0.21830078279103518,0.7031401710685641
1209,,0.0,-1.050191209921706,,0.0,-0.6794112288251908,-0.6152939757828538,-0.8779653456193861,-0.7962496786755698,-0.8647565761276829
1210,,0.0,0.34092646759532236,,0.0,0.16664621170993113,0.28135144403291834,0.1563177844273986,-0.02280821709229691,0.26666561199037353
1211,,0.0,0.47107148550644184,,0.0,0.9046754489711328,0.8650458716357682,0.9188063456971979,0.49466341312299483,0.735922428341302
1212,,0.0,-0.43619843331109776,,1.0,-0.17092481863829323,-0.18731093942898455,-0.44494088679980504,-0.6061339955129068,-0.4786342304663161
1213,,1.0,-0.7576108503946711,,1.0,0.26618904208903194,0.15790507340357585,-0.0033848567461231866,0.04878466694969927,0.15220960030524275
1214,,0.0,-0.1841375361096104,,0.0,-0.3200928438366078,-0.27626579714723937,-0.27527063804914736,-0.4280126016737261,-0.3759446361002913
1215,,0.0,-1.0864418079175382,,0.0,0.11727262219794071,0.1727428411844184,-0.14430131257066026,0.11868920104921767,0.2160050294488705
1216,,0.0,-0.9023698921629699,,0.0,0.8984721667726286,0.9002364029222735,0.7592472076820322,0.7940777059727423,0.9006250511455003
1217,,0.0,-0.3426694450238885,,0.0,0.02092198651658673,-0.027995925105525975,-0.17700580115417214,-0.06041168236074059,0.10108460815996091
1218,,0.0,-0.339477437596375,,0.0,-0.8556640290263999,-0.8402778714319123,-0.6879172714420255,-0.8223309787922917,-0.5916388761792166
1219,,0.0,0.13961209610702363,,0.0,-0.6135043023473085,-0.5419976685012524,-0.7716964623078625,-0.4880096502566347,-0.40407302579760745
1220,,0.0,0.21561663653754573,,1.0,0.2960073023136667,0.15237072177251876,0.32889653421696197,0.16514925899920535,0.30315498599690394
1221,,0.0,0.33731682942232105,,1.0,0.44077583502256074,0.5373643684688555,0.5890180459217476,0.5048051501848074,0.7137032167716754
1222,,0.0,0.5058955654492195,,1.0,0.11460857730968707,0.2376482581771798,0.0753091619668153,-0.07471662019162441,0.2708890807422854
1223,,0.0,-0.21546994161421235,,0.0,-0.43484911603803544,-0.2860804224279418,-0.3067033975284679,-0.45229860471413524,-0.2605002224839201
1224,,0.0,0.0883458128477736,,0.0,0.6837857971582402,0.5176575173822386,0.5725169243298118,0.6357647194263333,0.5129013227593804
1225,,0.0,-1.1801885160110313,,0.0,0.2914477401263402,0.01465835044986541,0.09862680570740462,0.1416167671084043,0.04627358027410882
1226,,0.0,-0.8905646771732767,,0.0,0.1797511122165257,0.41692911616240347,0.24040764201322562,0.22578975177225383,0.022731013176915043
1227,,0.0,-1.0646724897292221,,0.0,0.618839496176402,0.6343743260137161,0.8886968996771267,0.5940992979773676,0.8102828161986251
1228,,0.0,-0.5860413496125068,,0.0,-0.05172501881229452,-0.09112590243367638,0.2153247182511136,-0.06377194431246061,-0.07179888628729765
1229,,1.0,-1.0120456188286067,,0.0,0.22945064621228242,0.3825310439172793,0.03193604666587507,0.3355300166416825,0.39305344225450467
1230,,0.0,-0.8498201744781042,,0.0,-0.23692817192282253,-0.29955945095280156,-0.25061039574540683,-0.3045615149621597,-0.45448842016534136
1231,,1.0,-0.2829715020949146,,0.0,-0.29146704384035466,-0.3320110770394196,-0.1396814419026627,-0.1424333022684114,-0.18224424578350099
1232,,1.0,-0.042760143160483245,,1.0,0.526702400055284,0.4539647110440135,0.6925773757341382,0.48845046807079595,0.6134518926026556
1233,,0.0,-0.9420150667448692,,0.0,-1.0952567238642037,-1.2388499182567596,-0.8943734814346843,-1.1496541185228704,-1.1993515894843236
1234,,0.0,-0.8073721848424248,,1.0,0.02287281761764254,-0.005715423151027415,-0.4532508087952591,-0.0019742910034578477,-0.19949426064705983
1235,,0.0,-1.0180424125383933,,1.0,0.44240696616166414,0.4932086431708995,0.4671202568012723,0.22352941885588568,0.42495768017235297
1236,,0.0,-0.1988758983781758,,0.0,0.19098408887732585,0.34335488432572575,0.07552905014294163,0.18943080713794908,0.40486393682731986
1237,,1.0,-0.3603667123676659,,0.0,-0.05965506488633786,0.14373052106196857,0.030422965216111285,0.1118129716722282,0.3575728885179627
1238,,0.0,-0.5958401833877751,,0.0,-0.27014801855520193,-0.33430394328577995,-0.5361001897259577,-0.6022534926336348,-0.2462980291412289
1239,,0.0,-1.1864746822366092,,0.0,-0.7832256663498693,-0.5256301463916268,-0.6056137442296764,-0.6960624441191651,-0.5207697253148416
1240,,0.0,-0.7547535973725557,,0.0,-0.808672693170209,-0.9154157042625717,-0.8384297596156789,-0.699253058463155,-0.9429833767774902
1241,,0.0,0.12300206393682979,,0.0,0.6199977671757412,0.3999640325208964,0.4791641883214186,0.42383452996800886,0.5367973086303246
1242,,0.0,0.8628409800010312,,0.0,-0.0050351538026656316,0.11867889067517291,-0.10367554685184581,0.10814880539154931,0.05495656603799294
1243,,0.0,-0.5493795040852613,,1.0,0.18333407499065493,0.08642515256180179,-0.05409420040373105,0.1313070379476153,-0.0027226995982332805
1244,,0.0,-1.0080682028687515,,1.0,0.09907231595504634,-0.07788026515443228,-0.2046236622525702,-0.07298745251976538,-0.05870258830969545
1245,,0.0,-0.8486616547281984,,1.0,-0.07649125193276805,-0.07195218489312499,-0.22796036121435692,-0.08605351977579904,0.14739464468049393
1246,,0.0,-0.06680621612021453,,1.0,-0.1250311765528569,0.10176707936552351,-0.10156993956333261,0.12577982021469422,-0.03461119280069115
1247,,1.0,-0.21880461493783476,,1.0,-0.4666244881720186,-0.7671265128999488,-0.6131170526082873,-0.7699669307205466,-0.666994491588782
1248,,0.0,-1.1324225643405321,-2.0,1.0,-0.7668947947342412,-0.5261922217997413,-0.559682180237006,-0.8427705008629317,-0.6989367021711117
1249,,0.0,-0.42028771613935134,-1.68,1.0,-0.8228768796568756,-0.8453705899603474,-0.8948640824337865,-0.8234144611339177,-0.6889472029014005
1250,,0.0,-0.9091948021178294,-1.57,1.0,-0.9628652975116071,-0.9892443318500154,-1.1626740654567025,-1.3184429622451368,-1.0265587653540622
1251,,1.0,-0.6988833337690087,-1.5,1.0,-0.8045284872607457,-0.770350959427155,-0.9694534770413501,-0.733918579187406,-0.7079627315480896
1252,,0.0,-0.8648066493385475,-1.42,1.0,-1.2109398042874524,-1.040135558108869,-1.1095570236524555,-1.1816718219134494,-1.2623808501011438
1253,,0.0,-1.074737734464281,-1.4,1.0,-0.5036096853160743,-0.6555711953086151,-0.6690884961288079,-0.6432391982115302,-0.43986406771913206
1254,,0.0,-1.266873974723228,-1.39,1.0,-0.39635764086077946,-0.3460973982821282,-0.44572357415651465,-0.5678572331892013,-0.3235998379535968
1255,,0.0,-0.9685910984518946,-1.3,1.0,-0.057095309851775876,-0.06261706395698106,0.1524228527597852,0.021673347796317865,-0.0499118441619143
1256,,0.0,-0.37032223718618945,-1.3,1.0,-0.16916321020382447,0.03486341964724543,0.15112753849897684,-0.032930271042853294,0.10569086096699874
1257,,1.0,-1.199980621416237,-1.23,1.0,-0.2108355885714223,-0.1873778099140666,-0.006218844751951794,-0.41068078569559935,-0.17575534196362863
1258,,0.0,-0.32457255867643947,-1.0,0.0,0.45448453412471457,0.42896040880323194,0.4137721696210852,0.4025696890522237,0.39167713580184454
1259,,0.0,-0.4746377148398708,-1.0,0.0,-0.27441554158284287,-0.14799394819242417,-0.33373343771528685,-0.14617479910957182,-0.046106731905899825
1260,,1.0,-0.010019940494148389,-1.0,0.0,-0.35658736676654385,-0.33859032141286594,-0.20552112248425752,-0.849059342801994,-0.015325086019215551
1261,,0.0,-0.740106669366162,-1.0,0.0,-0.8980367129605119,-1.2485471018206122,-1.0265947575839274,-1.0087473021058735,-0.9776129365735978
1262,,0.0,-0.6498927224147099,-0.95,0.0,0.11514484309429222,0.30489506689247164,0.2810685091381628,0.08385063501426245,0.2940054800107418
1263,,0.0,-0.6560818613400067,-0.9,0.0,0.4325409646164303,0.4564229789388387,0.5342492343441725,0.49454145560375684,0.49809417244781806
1264,,0.0,-0.6286865246631774,-0.87,0.0,-0.7672754906999263,-0.8929918267230957,-0.32760452529848927,-0.8148265304414255,-0.3873929248968355
1265,,0.0,-1.0233882560025411,-0.85,0.0,-0.5826319850338125,-0.2164978385532563,-0.31698916962375034,-0.4801766075113226,-0.02692480346035095
1266,,0.0,-1.1912319006229553,-0.85,0.0,-0.1207407262319492,-0.01573342615322973,0.029495674119899788,0.006463300488518266,-0.0016787381677402524
1267,,1.0,-0.7582884603008306,-0.82,0.0,-0.6139387673629622,-0.2516310944959504,-0.36503283979045464,-0.09151048479153699,-0.3396273144824453
1268,,1.0,-0.4788218119893093,-0.8,0.0,-0.1446356762301964,-0.21779632024655377,0.07143318544639264,-0.2534960193501663,0.1258561962304295
1269,,1.0,-0.37429070163070594,-0.76,0.0,-0.2825212357616956,-0.22277582262047071,-0.10911646739496964,-0.14456567774114418,-0.06287977735746231
1270,,0.0,-0.7193359414727098,-0.73,0.0,-0.9057548797507975,-1.1383391077347225,-1.000418434424314,-0.885049964479468,-0.6422957312872318
1271,,1.0,-0.4059262601264869,-0.73,0.0,0.056307520843959555,0.3590228274545038,0.3327832389171746,0.16259675460284964,0.6749856048956929
1272,,0.0,-0.28479050709844467,-0.72,0.0,0.07238406463847281,0.4763703893625176,0.2958415553930597,0.47001234018290305,0.4857979142537582
1273,,0.0,-0.6552419656034437,-0.7,0.0,-0.3214043097630802,-0.2677821717357528,-0.2795431099041687,-0.3871379136063041,-0.48752372242393005
1274,,0.0,-0.6040478516172706,-0.66,0.0,-0.008423044665150342,0.03371956062232987,-0.07800794742330762,-0.11021123224014048,-0.1383125258141467
1275,,0.0,-0.5850408114386924,-0.66,0.0,-0.017226561283488075,0.00020823100414633827,-0.00035771184401535183,-0.2430054410346867,0.008211151311781496
1276,,1.0,-0.3973915429084486,-0.6,0.0,-0.10263023151272439,-0.30848305064239745,-0.08864864667645787,-0.054980995965414094,-0.054083484866219236
1277,,1.0,-0.17929055680118441,-0.6,0.0,-0.4770218513704193,-0.6386680358506159,-0.3505911806765573,-0.5217494212138163,-0.4057671224249948
1278,,0.0,-0.06696570755593763,-0.55,0.0,-0.38007762100468717,-0.5822753710661907,-0.4471168167182731,-0.5527961614925365,-0.22711037628862385
1279,,0.0,-0.38523639125199544,-0.52,0.0,-0.341145237623352,-0.41011540088837656,-0.44503026540330654,-0.5191689960911243,-0.46925588046102384
1280,,0.0,-0.6747954891997245,-0.52,0.0,-0.10973296502801483,-0.11642074204366053,-0.16617460085891034,-0.17373951690017667,-0.022285992883843805
1281,,0.0,-0.3705217222395341,-0.5,0.0,0.12925340389530887,0.232507581981352,0.1784714389225851,0.03031016618161027,0.20235367513024405
1282,,0.0,0.7425373056075779,-0.48,0.0,-0.0421130214669731,0.1843973296484537,0.038750349933391506,0.17483034464231725,0.06816945528926807
1283,,0.0,-0.5056437083511872,-0.42,0.0,0.0773410998113133,0.0569061187906072,-0.11246553084048415,-0.021497976424185154,0.23127419857580966
1284,,0.0,-0.0864041821964581,-0.4,0.0,0.10433583581306709,0.11369965228094392,-0.2414097495600488,-0.15287467952601333,0.14199658100817186
1285,,0.0,-0.2335609556945977,-0.38,0.0,-0.40680996744015163,0.3420635314132311,0.22677364391407523,0.19872055903345115,0.5057882851403961
1286,,0.0,-0.6805295911192678,-0.37,0.0,-0.6714374898062965,-0.6091537450533809,-0.6056131467933691,-0.5570086037222515,-0.5939351181408112
1287,,0.0,-0.6635648717872529,-0.3,0.0,-0.06095911423579307,-0.26536309494038357,-0.1304290767602693,-0.12054477566205063,-0.058969261650888595
1288,,0.0,-0.22999907860913327,-0.3,0.0,7.696915342038824e-05,0.17824552121468357,0.1176674795110099,-0.11049117198417667,0.1103119601010164
1289,,0.0,-0.40245524014757567,-0.28,0.0,-0.5797454385872198,-0.5191660820578536,-0.4893241951825756,-0.4327647584720861,-0.7449857433304086
1290,,0.0,-0.391293243477693,-0.27,0.0,-0.7982831182617341,-0.7192906100391226,-0.7576885711804199,-0.8355611359934043,-0.626908528008537
1291,,0.0,-0.26169592990973073,-0.22,0.0,-0.8597287830300927,-0.9515061325271019,-0.787997294589303,-0.7425793784232945,-0.6127393341366024
1292,,0.0,-0.23793567019566583,-0.22,0.0,-0.836874284988536,-0.8335036138356902,-0.797134509444119,-0.8797575869422203,-0.6770740343953134
1293,,0.0,-0.9019749832386112,-0.22,0.0,0.2420876370008732,0.14569731797004587,0.4568314681371059,0.3324906173304456,0.39480812646560964
1294,,0.0,-0.17942019063387976,-0.2,0.0,0.7124194357451817,0.564629266644905,0.8046853372627732,0.34817568701109874,0.545243177840677
1295,,0.0,-0.11245621734956607,-0.2,0.0,0.7042258597826885,0.6744492244108361,0.8125830308513851,0.48157714273434327,0.6337597788635534
1296,,1.0,-0.44186930446028005,-0.19,0.0,0.5971216433589536,0.45596892980260534,0.32965550707366753,0.3907767261917715,0.29276757145942817
1297,,0.0,-0.37262429846621964,-0.19,0.0,-0.3706519863157605,-0.31285174112529796,-0.36227985194651063,-0.4998389754443071,-0.5647245450875733
1298,,0.0,-0.10803450906783561,-0.17,0.0,0.09308698571421709,0.059725558118961526,0.5239986125311049,0.2381192574537247,0.5211392775649701
1299,,0.0,-0.7506870294727391,-0.17,0.0,0.1553425447167661,0.3079043504139393,0.08583179077855474,-0.1302210470354454,0.13450267120449594
1300,,0.0,-0.34042828180490403,-0.17,0.0,0.37420082655335607,0.5076218316912325,0.545038985800233,0.2822634388148788,0.5586574646259886
1301,,0.0,-0.24329064606872114,-0.14,0.0,-0.17518400608822093,-0.1260286827700515,-0.2472241826747018,-0.47880032517019505,0.18412943294397846
1302,,0.0,-0.08849933184302325,-0.14,0.0,-1.2021162905946403,-1.1708677150755304,-0.7240890183222477,-1.1047667111865533,-0.9176123481007036
1303,,0.0,-0.10123033863462186,-0.14,0.0,0.6959264931832365,0.5896946783390723,0.7578482451725235,0.5229432720200962,0.6267756784461952
1304,,0.0,-0.49006720600993,-0.14,0.0,0.5962487877931276,0.880593144491172,0.874937152989803,0.9444594481032808,1.0475618874418855
1305,,1.0,0.21070648516252863,-0.13,0.0,-0.3686410605196886,-0.27131872655812567,-0.13021089183132536,-0.2877976902852271,0.009513288518784174
1306,,0.0,0.009250729286673394,-0.13,0.0,0.386668088511427,0.3056803027885003,0.1160328578335698,0.3229965315709879,0.266747983346651
1307,,0.0,-0.046855143399745586,-0.12,0.0,0.18650456983989902,0.817045804139676,0.2602365876800995,0.5606962838698861,0.48072830218287915
1308,,0.0,-0.29191217524752,-0.1,0.0,0.6321819695938448,0.8631914078481626,0.6757855110108183,0.7531249129300022,0.8279850936961002
1309,,0.0,-0.13565704715493038,-0.1,0.0,0.5838707431645619,0.5936043647012975,0.6355608430540741,0.5569512693530417,0.6460223379472234
1310,,0.0,-0.0751591996057083,-0.1,0.0,0.23789765226135556,0.3130253098541459,0.5247607970962945,0.3200086856815713,0.46473188859024944
1311,,0.0,-0.03256763192339827,-0.1,0.0,0.40506341887067376,-0.6139792232394236,0.6959252611510975,0.39499047239454627,0.3943467739425257
1312,,0.0,0.06040298515418303,-0.1,0.0,0.7626671440378494,0.6510579046541941,0.9000747603160453,0.5304887282486608,0.48082921387498445
1313,,0.0,-0.07846490332352465,-0.1,0.0,0.610835960860881,0.5338792883261376,0.36902713307072976,0.6795557037677784,0.39572575917403213
1314,,0.0,-0.2811936083245843,-0.1,0.0,0.8988582582411079,0.8673927216294193,0.9418582606334911,0.764561400849091,1.0465987006760096
1315,,0.0,-0.2826043710992642,-0.09,0.0,0.6907287236975482,0.5679008800165745,0.7907158956472268,0.4831457262090074,0.9871670296967991
1316,,0.0,-0.88720672506799,-0.09,0.0,0.3231622732864083,0.5948540633074322,0.5929428108639921,0.5523437185427928,0.6135252417640414
1317,,0.0,-0.8235395603685771,-0.08,0.0,0.6796384168112268,1.0509107810664962,1.0987476788969073,0.7558532532180223,0.9554129736307727
1318,,0.0,-0.2789791824744533,-0.05,0.0,0.30668106164748776,0.5869723610049963,0.4080184025943909,0.40640684237186564,0.419855641822571
1319,,0.0,-0.5616499857607625,-0.05,0.0,0.7661891853026888,0.852858709587599,0.7791954534918706,0.747367657135956,0.9961569419399846
1320,,0.0,-0.015267731157342163,-0.04,0.0,0.775924760129825,0.7878855541747953,0.7101830068009523,0.5758214277335159,0.6560021748537257
1321,,0.0,-0.21247745692195474,-0.04,0.0,0.9708671745207066,0.8199618771509122,1.0086690997483467,0.8043350791568279,1.0714397067309518
1322,,0.0,-0.04667596393280277,-0.03,0.0,0.9106495485456381,1.166656723927543,1.1425044804130073,1.0330218162182367,1.0611003671785515
1323,,0.0,-0.28287862912476264,-0.01,0.0,0.612015993635308,0.617586464640053,0.7742016460509571,0.45580980891339967,0.7183005128138983
1324,,0.0,0.2720877936765034,0.0,0.0,0.48844894934083194,0.6422808191361667,0.6689283290657584,0.6914209769001608,0.6880952227109189
1325,,0.0,0.15092255741969973,0.0,0.0,0.8652517824171069,0.8067555253565621,0.8235681512400335,0.7114516966419208,0.9652759350193513
1326,,0.0,0.11059522308390046,0.04,0.0,0.885478985845917,0.7521816606079205,0.933640632176415,0.6952854560286365,1.1094952643646838
1327,,0.0,0.08642587468130722,0.05,0.0,0.469156395328418,0.3670612451213655,0.6349148018061351,0.32610759768819736,0.44748004828554966
1328,,0.0,-0.08896087138219663,0.06,0.0,0.8532907493078813,0.8217104757804775,0.7421194530999847,0.9112018070136051,0.8227993138507798
1329,,0.0,-0.0019024693213531621,0.07,0.0,0.6598145990594315,0.41437376195743786,0.8494915850712195,0.7890483564189901,1.0022553714894873
1330,,0.0,-0.4501272568038359,0.08,0.0,0.43713862987118957,0.4216777166150708,0.6185671134278746,0.4550628148072795,0.47931323345258714
1331,,0.0,-0.034672440719030674,0.1,0.0,0.526262085537768,0.3621144567603409,0.40486741788945796,0.12276603265173215,0.45079604599002704
1332,,0.0,-0.11414462638143547,0.11,0.0,0.6113816485393334,0.7101568610822196,0.6884182531462014,0.5265060243781466,0.6171147578070316
1333,,0.0,-0.15607887904626033,0.11,0.0,0.6196946700506091,0.8337507335407633,0.5714143881624959,0.9305872338903581,0.6205553151185061
1334,,0.0,0.19085960662553897,0.11,0.0,0.39368060053884146,0.6789055081027806,0.4754537792223196,0.5055393907786788,0.5116116526581267
1335,,0.0,0.15273772046556358,0.13,0.0,0.4090798230751707,0.5986686376173674,0.5142311408481528,0.52018478684281,0.6315224418220945
1336,,0.0,-0.011509192268650874,0.14,0.0,0.3112037604144841,0.4834314530600822,0.7499058786160492,0.606966333127282,0.48314605709074687
1337,,0.0,-0.47814901025936946,0.18,0.0,0.43349857316064494,0.49131222571962035,0.5205346448870448,0.45342798337021,0.5346914597111997
1338,,0.0,0.227992934681132,0.18,0.0,-0.12839288512359087,0.24090661487800552,0.07390607811564999,0.011151723126577312,0.3523331072704456
1339,,0.0,-0.46761388430530676,0.18,0.0,0.13737731274227935,0.41753364199776277,0.24485657943060504,0.3110941529843932,0.4094970714552821
1340,,0.0,0.33405540281687884,0.2,0.0,0.09003263720784803,0.3688807061496527,0.24144278318143356,0.3796980640853301,0.3022301732092758
1341,,0.0,-0.01186169224611971,0.22,0.0,0.8725154572784547,0.7813969777859614,0.9062236188064411,0.8006944429368291,0.7879403660620061
1342,,0.0,0.12125711043389911,0.26,0.0,1.0142441907295847,1.0313066705852592,1.2396043042730098,0.8458919675456701,0.6152243627742972
1343,,0.0,0.05081945041067348,0.27,0.0,0.7299980267610197,0.8445051267790198,0.9028215877594326,0.6890477469261092,0.9022692519554368
1344,,0.0,0.4168993072435318,0.28,0.0,0.21374553768373217,0.699081979673785,0.5153192955716337,-0.46129503846715647,0.6763606531821375
1345,,0.0,-0.1628133014470776,0.3,0.0,0.9050114832532662,0.809849407531416,0.942882413985748,0.8561678430483507,1.1554013426609648
1346,,0.0,0.3877192787960133,0.3,0.0,0.535062009472163,0.7483291582779387,0.7245099667953826,0.7224585364374704,0.7388892244750609
1347,,0.0,-0.36392398288667677,0.3,0.0,0.6167142723657945,0.7768582992204804,0.8821411351834657,0.6266379376835474,0.7916215889431009
1348,,0.0,0.17777170066469103,0.32,0.0,-1.1529361474436872,-0.9803011982676891,-0.6485568645694496,-0.9472051540310777,-0.9363777079074047
1349,,0.0,-0.40751704759419505,0.32,0.0,0.08975403327464362,0.10784219805838163,0.08141312275627928,-0.083506120403935,0.09986278774536671
1350,,0.0,-0.37379500982182273,0.33,0.0,0.4185793323958124,0.46238161109817266,0.5406626774376702,0.3795543606499147,0.6356817633147082
1351,,0.0,0.33077989377240985,0.35,0.0,-0.6266012990172087,-0.7995570019236883,-0.6968639686730698,-0.4241290365519294,-0.544231066625488
1352,,1.0,-0.9673373438957644,0.36,0.0,0.7888309556013648,0.6357866220176358,0.717265249758274,0.44419501038126025,0.6767543337659554
1353,,0.0,0.03585322614870738,0.36,0.0,-0.4241873778964984,-0.4345428991696394,-0.2987246056297265,-0.18419124520174654,-0.17426366334768623
1354,,0.0,0.03223568948934174,0.36,0.0,0.22630970609710307,0.3397995400647676,0.2824232120562196,0.2744869712138912,0.3508186444195382
1355,,0.0,-0.13366291018731447,0.38,0.0,0.34743821431949756,0.38299363113645085,0.3130364443345312,0.3653685568909066,0.4486488573825084
1356,,0.0,-0.03016181561964841,0.38,0.0,0.2684473023845599,0.1647745693911138,0.03379022010128997,0.28915911660214483,0.35346933003252295
1357,,0.0,0.39185177502161456,0.39,0.0,0.5399580977911578,0.25407945088102035,0.2372234704784584,-0.06404817494191671,0.34115479948872746
1358,,0.0,0.806185134411559,0.39,0.0,-0.2196613394741225,-0.15078219034851834,-0.08403110720699562,-0.31277161559790034,-0.11677753815809333
1359,,0.0,0.5005660791201407,0.39,0.0,-0.36734820652226247,-0.3454610882321684,-0.3205367428596799,-0.35857919556778883,-0.32893559718134524
1360,,0.0,0.07679730921621411,0.4,0.0,-0.18677284497445362,-0.10274032935047273,-0.09410845591846001,-0.11297118897139602,-0.1397164160954807
1361,,0.0,0.3031454893878878,0.4,0.0,0.04823899917415119,0.1027057163590688,0.37118505255457973,0.012453123676747743,0.352514803183034
1362,,0.0,0.8302484957839932,0.4,0.0,-0.0005730814159323855,-0.04378650433707941,0.286610028196967,-0.12667464627755137,0.10053158704275203
1363,,0.0,-0.09281222749607931,0.42,0.0,-0.2018884923745187,-0.40320589243247645,-0.46671735181520396,-0.5833636299515785,-0.2409429558571095
1364,,0.0,0.4831979554234339,0.42,0.0,0.6658467312556031,0.5385874204763859,0.5886620788775446,0.47562538176912755,0.5707002688391093
1365,,0.0,-0.06867238811335837,0.48,0.0,0.5058548041823476,0.41199480345098943,0.31055944220284526,0.5940389663953327,0.3992597847816879
1366,,0.0,0.444773735250893,0.49,0.0,-0.07985452685630116,-0.14479568760397774,-0.13503539865937542,-0.20487083039541354,0.0016411256904293177
1367,,0.0,0.373106072682628,0.52,0.0,-0.01896658712489882,-0.02701680255080942,-0.16064088757551462,-0.16668211716585912,0.0752245692285391
1368,,0.0,0.2392417095552138,0.55,0.0,0.66946917817314,0.507948615931267,0.5104671595370983,0.510976536612505,0.5221246301502861
1369,,0.0,0.1353588749374694,0.56,0.0,-0.36638445892370924,-0.3289361680008408,-0.30775987431532636,-0.22448270837379025,-0.1900560062184299
1370,,1.0,0.2572050438607378,0.57,0.0,0.5789704167564312,0.8954345626674686,0.8129389076436205,0.5813758173183338,1.0205264279809905
1371,,0.0,0.5481252636963396,0.6,0.0,-1.125109117517496,-1.094033049641608,-1.3793136506559622,-1.186312440706581,-1.0569953872670015
1372,,1.0,-0.17302116891789865,0.6,0.0,0.38399628755133186,0.3196626521456682,0.49679983903162944,0.3523970487656107,0.35388275599083946
1373,,1.0,0.5374515035253339,0.6,0.0,-1.4660304465375575,-1.201349869255601,-1.4337815345177065,-1.238766610695702,-0.9186627829453738
1374,,0.0,-0.42605186730907063,0.61,0.0,-1.4319590082882794,-1.3557176782798388,-1.3457562587630156,-1.2722214307099389,-0.8265565844099644
1375,,0.0,0.6867034717145631,0.64,0.0,0.17807714587574758,0.0558306317022262,0.07435610065258785,-0.28878847974745686,0.1787013135392405
1376,,0.0,0.5614673014055497,0.64,0.0,0.6051464960282094,0.7719872533231291,0.7752203755069348,0.5877443269936001,0.7311239715873296
1377,,0.0,0.8036586465304754,0.66,0.0,-0.6879173110775533,-0.5486837557687971,-0.4007607305446395,-0.40956759668695364,-0.534404624812632
1378,,0.0,0.6279574169656987,0.7,0.0,0.06249460609718839,0.3367396089351125,0.32981322455949746,0.426833619376668,0.4116623663022936
1379,,0.0,0.7209219590269377,0.7,0.0,0.505701929460355,0.9018575590645609,0.7548938859589495,0.6838124899704021,0.6895180328991248
1380,,0.0,0.9181018194972473,0.72,0.0,0.5734725982100861,0.5827834899175112,0.7584160829441692,0.2018423298383865,0.5516268956755701
1381,,0.0,0.7762724935958044,0.74,0.0,0.37525420521122255,0.7147815609975007,0.7828992610788882,0.362357164207516,0.9093870816490421
1382,,0.0,0.573070114085343,0.74,0.0,0.9458483355296031,0.9046289598446083,0.9985199227492673,0.523195528371662,0.6922646508457915
1383,,0.0,-0.3144051707746308,0.74,0.0,0.4017119826176444,0.7336632298782841,0.9332949475412287,0.4025620811391689,0.9430709812969832
1384,,0.0,0.3469202482610138,0.78,0.0,0.5755521199359812,0.7740964401608138,0.7590459317152717,0.674043376768133,1.1341343663889454
1385,,0.0,0.2746968951526978,0.78,0.0,0.7167102328338018,0.8388741255884443,0.8913039443383001,0.7837509778475378,0.9382004516366624
1386,,0.0,-0.5460413189239196,0.81,0.0,0.24652398385371244,0.0036950454776209867,0.19106629466913225,-0.027396241329695946,-0.08824471633264762
1387,,0.0,0.1029303096832387,0.81,0.0,0.0815808859766323,-0.23677449367126685,-0.05711361441924915,0.17155152880155514,-0.09075116332659398
1388,,0.0,0.8085383323980875,0.83,0.0,-0.02005905624031779,-0.06405750027772086,0.18210013573797748,0.0330464042210487,0.005350963015539062
1389,,0.0,0.9110861807713189,0.86,0.0,0.787228081852857,0.7622716567356195,0.8156516015370516,0.5778526644222313,0.8496732619433986
1390,,0.0,0.044662428168514554,0.88,0.0,0.3991768856316871,0.7409225161993893,0.9553755800307133,0.25959811384638753,0.8919636590597179
1391,,0.0,0.43814850037862346,0.88,0.0,0.6932841989707413,0.8053044130951048,0.7977365608160151,0.6907663795851624,0.7169753160217731
1392,,0.0,0.9416814961623889,0.9,0.0,0.8320308369563651,0.8506382369656547,0.8382419335521519,0.4495810528575098,0.7071509312265121
1393,,0.0,0.8528764922899597,0.9,0.0,0.8298938374075102,0.9232216238695488,1.0045827426103253,0.9224041282237629,1.1005624975620962
1394,,0.0,0.7246443307558733,0.92,0.0,0.7503535811156535,1.0200291355132527,1.0576295115002905,0.7422355081871467,0.9241934231017395
1395,,0.0,0.7675121322521214,0.96,0.0,0.21462344307929845,0.3351086421809801,0.13504861515067554,0.19605126612468537,0.3239265331307285
1396,,0.0,0.7809085457697501,1.0,0.0,-1.1550105787923381,-0.9283608304040999,-0.6273174223673972,-0.721735476797332,-0.4757017508179937
1397,,0.0,1.2783495182484743,1.01,0.0,0.5936541229887515,0.5459879445694813,0.8013946029236029,0.42820726260927516,0.5121860708162664
1398,,0.0,1.0138990572595803,1.04,0.0,-0.7212325069523837,-1.0227857524337145,-0.9728396322639274,-0.8552933387798738,-0.8569023238790078
1399,,0.0,0.15442886758765337,1.04,0.0,0.8362799093753059,1.00100362906822,1.1256665635717351,0.5037175700126282,0.785030912538689
1400,,0.0,0.9342052996754386,1.06,0.0,0.7562814190710001,0.9186144019011545,0.8297900468334752,0.8239390568710214,0.9802578463927618
1401,,0.0,0.9438283501733399,1.2,0.0,0.7594977363220956,0.7112211520565287,0.699716886172834,0.7908838255261335,0.7732237487627497
1402,,0.0,0.4950848537139909,1.2,0.0,0.6605472231376277,0.5567440987999306,0.5746719484585922,0.39577690423068634,0.5267890292701406
1403,,0.0,1.089743675351947,1.38,0.0,0.7710742783318046,0.9128562605698713,0.5768782560312141,0.5890964637316073,0.9076571525292241
1404,,0.0,1.1414298762279322,1.38,0.0,0.8446205998187856,0.8707974854070486,1.0611428729344,0.9113374793995606,1.0615495292426427
1405,,0.0,0.5963023589800696,1.5,0.0,0.07880046604828049,-0.11083028693250989,-0.011000923726870953,0.1887239566664437,0.3317994874343752
1406,,0.0,0.007070995692883911,,0.0,0.22236589590130784,0.24140772119283338,0.3143456452322809,0.4910217475861282,0.5178194102527363
1407,,0.0,0.576378926241254,,0.0,0.8598286174802309,1.011335409159875,1.141522452154849,0.7997275774013041,1.0372943103926848
1408,,0.0,-0.09232342130232131,,1.0,-0.7159609863185714,-0.6297272970484982,-0.5527523624733676,-0.5788673940726657,-0.3529364039158865
1409,,0.0,-0.336095874470896,,0.0,-0.05497854172506715,0.07477848220860144,0.1616984911271497,0.05665738353141287,0.0996426333542672
1410,,0.0,0.323570670366998,,0.0,0.7882676479174245,0.8599732788445418,0.8056613637276837,0.8740649132617304,0.9318521691885561
1411,,0.0,-0.4274870714407834,,0.0,0.7304861215518588,-0.5031510346996906,0.8277597147583232,0.5282363508741741,0.870841450557355
1412,,0.0,-0.011005722878937007,,0.0,-0.06442584305567121,0.0850950818251163,0.1424785063535771,-0.06485867684507246,0.0802051561010925
1413,,1.0,-0.339266634698681,,0.0,0.34055040082907384,0.42698966063565147,0.11561208517018955,0.11434440833590086,0.4985267146752196
1414,,1.0,0.04342507797156418,,0.0,-0.6432676414333508,-0.9105774779642462,-0.3953811548038971,-0.6031718676462623,-0.7322864947379099
1415,,0.0,-0.21504258645474447,,0.0,-0.8257360003088007,-0.6896705695466562,-0.5340593687399182,-0.6179636089946042,-0.7140725148791445
1416,,0.0,-0.02515232850073827,,0.0,0.13607758133018674,0.33116556894531096,0.2917358901350777,0.3200855134221334,0.3252697061009103
1417,,0.0,-0.668441594363743,,0.0,0.7601375359215545,1.0346778234148724,0.8416637048935977,0.5384511338813786,0.8521727607683162
1418,,0.0,-0.16399279094153285,,0.0,0.2035440464690425,0.18154092554861248,0.14522867364143643,0.27833080439367003,0.48306797050292805
1419,,0.0,-1.3483242964516724,,1.0,0.4139957080759295,0.37169411334919655,0.44665261207956647,0.28026738019174424,0.5223229456006261
1420,,0.0,-0.5470414620323019,,0.0,0.1653609138083379,0.47199016524252263,0.508380625209244,0.22246384390339127,0.5205744295501056
1421,,0.0,-0.741694944047331,,1.0,0.7672472445679778,0.868551503870545,0.7598075137190681,0.6648746197515575,0.9655650535858153
1422,,0.0,-0.6472384285010905,,1.0,0.7424059674536021,0.7682220910903057,0.8312308574548649,0.5214709742757897,0.5684138670427529
1423,,0.0,-0.5304211326117058,,0.0,0.2188234288979405,0.31925701856253336,0.16095639805442166,-0.0003759691018086917,0.4775901870828567
1424,,0.0,-0.3315722563160042,,0.0,0.030509692264520223,0.12564618402571656,-0.10285960046113977,-0.30310301791837735,-0.1716040436735171
1425,,0.0,-0.686632814414115,,0.0,-0.307153858613686,-0.19827762051427028,0.025619709751753355,-0.04174179466093499,0.36166664090882195
1426,,0.0,-1.1416135803819032,,0.0,0.1305777172431739,-0.24106003887201172,0.05320375847843334,0.38397988195742594,0.10086448710414227
1427,,0.0,0.17388512377738422,,1.0,-0.2889555542747233,-0.8101764791177508,-0.38740275752008735,-0.30414561944603025,-0.19959362192233412
1428,,0.0,-0.6611500960501335,,0.0,-0.7321540242445577,-0.747084671846293,-0.8363918128229517,-0.660215980576582,-0.5108420951982318
1429,,0.0,-0.2956847049631399,,1.0,0.1650958234499685,0.17105215705557628,0.24852154155771755,0.5036641028241888,0.5531856654071264
1430,,0.0,0.29849809215262946,,0.0,0.6063032624003698,0.5961442731272966,0.5510325555027269,0.44988774852477315,0.6322285073200569
1431,,0.0,-0.6723376255333082,,1.0,0.1628769713275077,0.1804488707232827,0.2567026970726738,0.37163435693541924,0.04732909918636581
1432,,0.0,-0.53794028311828,,1.0,0.14767184313376633,0.2835598942746044,0.13229014022475985,0.17115369460832644,0.18242322096847718
1433,,0.0,0.7344322882046996,,1.0,-0.08233935400586836,-0.13446012733398638,-0.1941102673598156,-0.1703726185732835,-0.11789734201853724
1434,,0.0,-0.2352244796128178,,1.0,0.8207163485833638,1.040972666321691,0.8926364885760125,1.0821695537890745,1.0418305674428574
1435,,0.0,-0.17821210383886643,,0.0,-0.9758478918191014,-1.0497051887134827,-0.996373276927607,-0.9815479848258545,-1.1330708422837972
1436,,0.0,0.6072140019254259,,0.0,-0.5829320025001157,-0.5404968364382666,-0.5223945713371977,-0.5111937562205139,-0.6977303208178235
1437,,0.0,0.7104257697818229,,1.0,0.6982510424228443,0.8246910190400243,0.7794718483655072,0.787841463643244,0.8081868935154978
1438,,0.0,-0.1581932203438706,,1.0,0.17180534459967078,0.09724603930013208,-0.02130902186601552,-0.152256033271867,0.2567135028366297
1439,,0.0,0.026533460711754154,,0.0,-0.06379787537995532,-0.10207974579798912,-0.20812067481149527,-0.1885187886650432,0.09344165344640337
1440,,0.0,-0.4790612296240212,,0.0,-0.04473918239305195,-0.11112418129668489,-0.010666914269763671,-0.04129729274658932,0.053603642761231945
1441,,0.0,0.8181895142397089,,0.0,-0.7779050553701553,-0.8374448548329332,-0.8753080344367258,-0.8396317574208533,-0.7823661617051769
1442,,0.0,0.15476906693688863,,1.0,0.5791310068621013,0.5090975393754831,0.5696503856036621,0.16674473155706027,0.5063437088009963
1443,,0.0,0.01400743613288183,,0.0,0.16705153240944398,0.07011104624890573,0.07253568119304413,0.17782042874566278,0.19701594421659577
1444,,0.0,0.952146063165274,,1.0,0.43690904396940705,0.5674193813217729,0.21397455653288233,0.5895510853122109,0.7878843770390684
1445,,0.0,-0.733322049554493,,0.0,0.1769335810531318,0.17601255153424303,0.23423782751995822,0.009032801287258403,0.15739969976475982
1446,,1.0,0.17702137266934248,,0.0,0.3983806206530418,0.4230906611703639,0.5494128169039537,0.3793379634403983,0.4116359091280797
1447,,0.0,-0.12344697561128973,,1.0,0.22628374876919122,0.1146758089044945,0.388743397707773,0.0815181531529738,0.529869808778789
1448,,0.0,0.30038486308723744,,0.0,-0.3120420373460727,-0.1890214798011896,-0.31737825708847395,-0.21518791203770601,-0.14391767761244817
1449,,1.0,-0.7152700938484233,,0.0,-0.39433883663617453,-0.5158237673391334,-0.31438191443578567,-0.31590224067490735,-0.367087407530463
1450,,1.0,-0.9413911470909503,,0.0,0.1250324780199769,0.068645067417099,0.10731989271464765,0.1455620686563244,0.18242316166510458
1451,,1.0,-1.1571759029712614,,1.0,-0.10111231311430503,-0.28938917760795047,-0.2175431536161326,-0.25849875545841283,-0.3596739469988232
1452,,0.0,-0.7758338610344007,,1.0,0.29345580926020876,0.6236714320996473,0.7117284452751426,0.7663285096238259,0.8068783497950903
1453,,1.0,-0.7235575540595316,,1.0,0.4518848580243211,0.09660029591307592,0.693744772488753,0.032329940426057864,0.3636220459237244
1454,,0.0,-1.1572984887605395,,1.0,0.8271820931831569,0.9122740394870442,0.9806868182619479,0.9446204244898684,1.0108486841158775
1455,,0.0,-1.257030618542003,,1.0,0.7228384788658112,0.8173250393807664,0.9254198388288377,0.7404781524593178,0.6869818261140906
1456,,0.0,-1.348393146186104,,1.0,-0.03783351592037592,-0.13262081602488304,-0.06528288406707478,-0.20098965370947042,0.10347505064833498
1457,,1.0,-0.49991686822720366,,0.0,0.5516468385213728,0.7764492486768174,0.7456319601083695,0.38820072272541034,0.7357556332127142
1458,,1.0,0.1367227994777055,,0.0,-0.4696654026728314,-0.7551782416287777,-0.6172795955573923,-0.7674793137578854,-0.5082847880368664
1459,,0.0,-1.3541624671685997,,1.0,0.2982882057150573,0.1400857605632236,0.056682789936050165,0.36120994771107817,0.39984268242983756
1460,,0.0,-1.5033107764850038,,1.0,0.6424378907615371,0.8685107648392695,1.0340395204742054,0.42038239432808183,0.6978570397122554
1461,,0.0,-0.9643203629598661,,0.0,0.6025906089519607,0.6138936706361813,0.8257317304627861,0.5219664045046863,0.7071934307554005
1462,,0.0,-0.09284397502251485,,0.0,0.7029870233940978,0.8333371109174221,0.7007292294851198,0.7458320162221158,0.7072926371277183
1463,,0.0,-0.026771896277596043,,0.0,0.783814216858072,0.8299166285556067,0.8641751450582104,0.6016452491131369,0.6041061184662831
1464,,0.0,-0.6092991396519799,,0.0,0.8722396953011945,0.9419315735317388,0.7913820345711772,0.8319068260515856,0.8680831471881045
1465,,0.0,0.01878650052572776,,0.0,0.32420255753476906,0.3880239351241416,0.46901025556881637,0.30035535758622056,0.5193952516264718
1466,,0.0,0.0022517892664704452,,0.0,0.7333630348670875,0.7673545588143733,0.8067271422681084,0.765485957090962,0.8694716087945027
1467,,0.0,0.7017326485820486,,0.0,0.5603312844522845,0.5106730157561521,0.3585147195642245,0.24297136188914048,0.4962479170607611
1468,,0.0,-0.5296583657531373,,0.0,1.0992651779140281,1.1100507916783737,1.0448053189241415,0.9116355672212261,1.037698204309702
1469,,0.0,-1.0137129095461606,,0.0,0.541877950247635,0.711548762773506,0.5512880802799436,0.5787784333989012,0.707820625837532
1470,,0.0,-0.9202289857181003,,1.0,1.0181941864980857,0.9269875254099161,0.8777249524619568,0.9877088233105419,0.9954650224690099
1471,,0.0,-0.8720680391294291,,0.0,0.825447106720447,0.8474973990607567,0.8980639926533407,0.8180334003478925,0.6940428967992478
1472,,0.0,-0.9484207303373487,,0.0,1.034071204471837,0.8968905712386012,1.025096487208321,0.8598707487351528,0.7751243919533002
1473,,0.0,-0.9870955486443499,,0.0,0.6948947272558813,0.61601709966322,0.5945136623909276,0.5285889828443792,0.5917946346173522
1474,,1.0,0.13198230374281125,,0.0,0.3178270244239544,0.2947101352708304,0.3969231458841207,0.2075487168968054,0.5536905602592839
1475,,0.0,-0.12847732657327426,,0.0,0.9149125531416463,0.9088659328427421,0.943002372527042,0.7911026745166907,0.7120664559631805
1476,,0.0,0.07680846477045808,,1.0,0.3776584273664341,0.30604949263075454,0.09559140985322247,0.1275024785448507,0.22164142898678282
1477,,1.0,-0.3722843534883442,,0.0,0.5247046362717214,0.7298971009655538,0.8737703228638513,0.40078110641306447,0.3880265234825654
1478,,1.0,-0.3278952265119709,,0.0,-1.1430939486355962,-1.2332247275123212,-0.8030197095283168,-0.9634135966093145,-0.4983028256811325
1479,,0.0,-0.498839229246452,,0.0,0.26534297338684987,0.07792776957146429,0.2191716287179717,0.0030978573272964285,0.18491604581921894
1480,,1.0,-0.19134673765289162,,0.0,0.5552585131372004,0.9073829792440025,0.9299715494028913,0.4264124632931148,0.8552704198836075
1481,,0.0,0.6716928292746649,,0.0,0.332698187226439,0.41056625591407875,0.14728951390095732,0.005874135774810528,0.5120849527529052
1482,,1.0,-0.144415765182351,,0.0,-0.290323249528298,-0.07456144597666774,-0.07498265176076678,-0.33596235903392163,0.1590746680330274
1483,,0.0,-0.11043536109668046,,0.0,-0.21470909512675765,-0.1279579508169688,-0.11790910912981581,-0.06884264071492405,-0.06581358387781046
1484,,0.0,0.5241201551790744,,0.0,-0.07463338465237705,0.06291142309980981,0.04541674263177462,0.1562504904583752,0.15061040970899559
1485,,0.0,-0.782744101808767,,0.0,-0.7367450202883261,-0.48545866637963764,-0.7332515143245864,-0.5236028731383203,-0.5661498652899933
1486,,0.0,-0.6900450859605353,,0.0,0.08720793017704971,-0.08074561382238701,-0.1849766442212577,-0.08324647625344511,0.18867045101062305
1487,,1.0,0.006049191493424478,,0.0,-0.897337035524836,-0.6336514363756625,-0.6915919597140997,-0.5326700700799935,-0.6086508215719798
1488,,0.0,-0.5346202863447325,,0.0,-0.19339186492903462,-0.25033169565271823,-0.6346337209539421,-0.6085354582923662,-0.9639372579083861
1489,,0.0,0.5256172334097735,,0.0,-1.096431865911853,-1.0053225123909957,-1.0874148388818121,-1.304611476114514,-1.1568478510647853
1490,,0.0,-0.6314019764933083,,0.0,-0.9357219545682562,-0.9091248342945148,-1.0245247490534535,-1.002170291069995,-1.0123239685687047
1491,,0.0,0.3717154685011526,,0.0,-1.0745706116832814,-0.9807628701460344,-1.0577174555385565,-1.1684207794675676,-0.991175695010402
1492,,0.0,0.40329368685508143,,0.0,-0.9689438452689348,-0.9442116616029103,-0.9833637249602937,-1.0936686449932083,-0.9406812214626968
1493,,0.0,-0.963056439731717,,0.0,-0.1930997373188343,-0.25526780257104525,-0.04122455581227928,-0.29468111527596613,-0.3448318904087196
1494,,1.0,-0.9972987378234047,,1.0,-0.24144312278820573,-0.2155413232080117,0.19531547370940444,-0.17954697015471557,0.0744737142808256
1495,,0.0,-0.6072373291273062,,1.0,-1.410950515304736,-1.2973856189231034,-1.3549650475826014,-1.6416743406854304,-1.202188059744924
1496,,0.0,-0.18875282440486754,,0.0,0.09767040891273773,0.18281993821270975,0.19906253462273618,0.11780997159623695,0.2887994604346649
1497,,0.0,-0.85362985352,,0.0,-0.5961041911941459,-0.6583179517442455,-0.6229065181945327,-0.8206665543467788,-0.5501642270584636
1498,,0.0,-0.09366378283625532,,0.0,-0.14690214480262168,-0.12164262382523378,0.10349772235147368,-0.40232842927519463,0.28627911498916053
1499,,1.0,0.13554942537445297,,0.0,-0.6660976138623116,-0.7399959407297064,-0.7353470127789697,-0.9083793263282056,-0.13428808670399175
1500,,0.0,-0.0033848567461231866,,1.0,0.1342226491759663,0.12890266497064948,0.14405846039731054,0.12483645988068424,0.22039440388906084
1501,,1.0,-0.17700580115417214,,0.0,-0.09328851338697326,0.15011590385204207,0.20503242189906074,-0.02822264973311242,0.36291320015179196
1502,,0.0,0.5890180459217476,,0.0,-0.6105630463328676,-0.7724615308856124,-0.9034071203231642,-0.6294319888268352,-0.7296083039096914
1503,,1.0,0.0753091619668153,,0.0,0.3963749637522088,0.46004065305678177,0.46151419371052294,0.48822729775483836,0.48834995056187874
1504,,0.0,0.6925773757341382,,1.0,-0.07802446352853346,-0.360488031736215,-0.31587461053516913,-0.7216341233705695,-0.3053415099937695
1505,,1.0,-0.10156993956333261,,0.0,0.6065717298345543,0.5617888499467085,0.8658588390213563,0.1064573055488439,0.6209201493735075
1506,,0.0,0.029495674119899788,,0.0,0.048229101278168186,0.12371911636643096,0.3079979178989104,0.2175537101380763,0.3113901262485193
1507,,0.0,0.07143318544639264,,1.0,-0.6092246452759568,-0.71063640873541,-0.5480207586546362,-0.329904978152488,-0.4715350192171055
1508,,1.0,-0.10911646739496964,,1.0,-0.25006442758022474,-0.2496327654748218,-0.437672537260557,-0.33201533635926955,-0.116052834184021
1509,,1.0,-0.44503026540330654,,0.0,-1.026991017437246,-1.2183542452785054,-1.029628427768733,-0.9433959576170967,-1.0624552883022482
1510,,0.0,0.038750349933391506,,0.0,-1.0324895180862297,-1.1029487339184092,-0.937347820321262,-0.9172818216630549,-0.8002453488780302
1511,,0.0,-0.11246553084048415,,0.0,-0.45375199177516595,-0.6840758631921325,-0.6171922141293392,-0.45326985329080693,-0.24542422677442088
1512,,0.0,0.1176674795110099,,0.0,-1.0389486905435634,-1.016551063584881,-0.9458094927770221,-0.7467169975435318,-1.0974422945644002
1513,,0.0,-0.797134509444119,,0.0,-0.2229806565810563,0.02869180711361131,-0.043973055354818415,-0.009254486131613691,-0.03566928473345734
1514,,1.0,0.8125830308513851,,0.0,0.14816624396942124,0.07851738727488992,0.05226431392742884,-0.34509521631963497,-0.25359524640569214
1515,,1.0,-0.2472241826747018,,0.0,0.3084225340138198,0.09468479173023561,0.2329307915982426,0.26591722878398993,0.38861193724745396
1516,,0.0,0.36902713307072976,,0.0,-0.8249039269362396,-0.8289938457053756,-0.7022878893483688,-0.864461564952451,-0.09095844818001213
1517,,0.0,1.0987476788969073,,0.0,-0.7688518059683145,-0.7944291837587372,-0.5693945606133651,-0.8325943574662618,0.04520676535423186
1518,,0.0,1.1425044804130073,,0.0,0.15230223188133785,0.0350726848410464,0.14586528336041094,0.0627622831573719,0.1693248444806513
1519,,0.0,0.6689283290657584,,0.0,-0.3688034433716603,-0.5362386029639483,-0.4432651274271383,-0.4617619713815146,-0.39765021010419216
1520,,0.0,0.6884182531462014,,0.0,0.3148813783006335,0.3492489405566153,0.3498998404137535,0.411191062925608,0.4606175068019312
1521,,0.0,0.7245099667953826,,0.0,-0.280710613225563,0.13147490294056852,0.23886993911946017,0.048051774591249895,0.2355443609255216
1522,,0.0,-0.6968639686730698,,0.0,-0.022728544697488223,0.05799757851049859,0.11947212688907531,0.0862790674970699,0.16672463088094291
1523,,0.0,-0.46671735181520396,,0.0,-0.40104820194826346,0.020531166802048334,0.03321659800659151,-0.13990308854352926,-0.10924661387438611
1524,,0.0,-0.16064088757551462,,0.0,-0.47640897370331287,-0.41370988648337453,-0.2174974736213296,-0.3364318592082699,-0.5644364478515649
1525,,0.0,0.5104671595370983,,0.0,-0.17372867343833537,-0.16793370620576997,-0.07756347933292373,-0.24524908595345715,-0.06590806319512972
1526,,0.0,0.32981322455949746,,0.0,0.23896504752736966,0.5975273421213614,0.12939439897043198,0.46041299510048456,0.3870180473668771
1527,,0.0,0.7548938859589495,,0.0,-0.020165446998825512,0.4653459356075739,0.03648349366058429,0.2566083123970201,0.18999209620128957
1528,,0.0,0.9985199227492673,,0.0,0.11109252293101265,-0.014047722218006011,-0.033700898843811826,0.009507738889576216,0.15565115547055508
1529,,0.0,1.0045827426103253,,0.0,0.4288557893179217,0.34937385821106814,0.5342347195908732,0.2423974851045865,0.45829759694776206
1530,,0.0,-0.9728396322639274,,0.0,0.1242950218151844,0.32170145509614734,0.32594888324048327,0.38509705959999174,0.219836606398784
1531,,0.0,0.8297900468334752,,0.0,-0.5230231840697545,-0.5090260376099518,-0.6041178954175758,-0.7089472011305554,-0.5942037143964287
1532,,0.0,0.699716886172834,,0.0,0.515009581462039,0.6149922121305745,0.5782431560790258,0.5563038339761955,0.6126352974223214
1533,,0.0,1.0611428729344,,0.0,0.12134812702474121,0.09128342923851063,0.032420515563023125,0.20351898714634623,0.14780628245521651
1534,,1.0,-0.011000923726870953,,0.0,-0.3054837888978938,-0.5877676227279501,-0.4845006777951135,-0.6202807951512318,-0.3261611992027076
1535,,0.0,0.8416637048935977,,0.0,-0.4057901936379017,-0.4234338190499196,-0.5192985382990786,-0.3684515444690507,-0.4726342530510365
1536,,0.0,0.025619709751753355,,0.0,-0.27515297228588886,-0.3017853977088829,-0.12240364623454979,-0.313076954938465,-0.318120361348629
1537,,1.0,-0.38740275752008735,,0.0,0.17773499028086173,0.30033635359979255,0.1562297769486197,-0.032311409294134,0.18831831505443278
1538,,0.0,0.13229014022475985,,0.0,-0.7541606158472914,-1.0316867410232518,-0.7159324547788087,-0.7459421713247589,-0.8173648820541581
1539,,1.0,-0.5223945713371977,,0.0,0.4952962076537502,0.5618443509523587,0.7611820101701323,0.47379698997921393,0.7388013126374358
1540,,0.0,0.07253568119304413,,0.0,0.1583045616239988,0.23252013736499438,0.4482150446034755,0.2474078139601306,0.42960991579881813
1541,,0.0,0.21397455653288233,,0.0,0.08910387284342453,0.033683873100813916,-0.007320505316575909,0.0009120684770112803,-0.16575544755373903
1542,,0.0,0.693744772488753,,1.0,-0.6411650186551695,-1.116807911280107,-0.7499512293855106,-0.7841116457857962,-0.7908190622780596
1543,,0.0,-0.6172795955573923,,1.0,0.5472049785745632,0.6478437596210987,0.6755165725072967,0.7611026451998506,0.7242360603791513
1544,,0.0,0.8257317304627861,,0.0,-1.0320946262940855,-0.985845289540419,-0.980939552143738,-0.9220947536759614,-0.9171673719051623
1545,,0.0,0.7007292294851198,,0.0,-0.88428112689612,-0.8507559018257072,-0.8778565171339743,-0.9052035828133782,-0.9123916374905371
1546,,0.0,1.0448053189241415,,0.0,-0.09912152602847804,-0.08256438308880061,-0.11024899720509712,-0.627912164811978,-0.005271561588299928
1547,,0.0,0.5512880802799436,,0.0,0.33098289417323823,0.5423214500620764,0.5408056582385187,0.7403766798372885,0.3912806026795196
1548,,0.0,0.8737703228638513,,1.0,0.3216794999815901,0.4940126820116756,0.4241884223094413,0.6449915604464226,0.4871875519427538
1549,,0.0,0.9299715494028913,,1.0,0.43469256248717486,0.42310046131393136,0.48367375742364427,0.6646688865138951,0.7475265365972895
1550,,0.0,0.46151419371052294,,1.0,0.748348811237336,0.8367532507729795,0.818745004430209,0.7999606602607534,0.7947540869909469
1551,,0.0,-0.5480207586546362,,0.0,0.4771513411150045,0.3229075430773935,0.43279734049938234,0.5636662112038835,0.3653357777027415
1552,,0.0,-0.437672537260557,,1.0,0.47727709627481113,0.43770917751845717,0.7717079082690241,0.7407762569549127,0.6922536030224593
1553,,0.0,-1.029628427768733,,1.0,0.6527049493545408,0.6299669117286373,0.775326737180691,0.5364236594435399,0.8250411749869343
1554,,0.0,0.05226431392742884,,1.0,0.14303838074111594,-0.10449237834971847,0.083007642519836,0.22276124053229532,0.12286733293109424
1555,,0.0,0.2329307915982426,,1.0,-0.7416691261743438,-0.8158468807673827,-0.6645858741869702,-0.9242244519483143,-0.5660799364153223
1556,,0.0,-0.5693945606133651,,0.0,-0.24833995778598703,-0.24143189584719282,-0.3300312276664238,-0.5275712602357456,-0.3352789077329138
1557,,0.0,0.3498998404137535,,0.0,0.10073697014472137,-0.08410560443908595,0.18868557993055673,0.22425764243509191,-0.019600921155861418
1558,,0.0,0.23886993911946017,,0.0,-0.0629299588339017,-0.16331668943556915,-0.24869838301915623,-0.026350259027246827,0.006696643586169197
1559,,0.0,-0.07756347933292373,,0.0,0.01594509232245783,0.11210922316076712,0.023867412241455284,0.2652292887252357,0.1484312573154171
1560,,1.0,0.12939439897043198,,0.0,0.09893366851959966,0.19015083383170853,0.14064123708568033,0.025789274757872,0.2371187292545003
1561,,1.0,-0.4845006777951135,,1.0,-0.7355282994817526,-1.065106145644381,-0.718067799344012,-0.6687657969573174,-0.7554840884657243
1562,,1.0,-0.5192985382990786,,0.0,-0.9028862058150336,-1.2957552869241387,-1.1325109184977573,-1.3282857127662484,-1.1931724505687775
1563,,1.0,0.7611820101701323,,1.0,-1.0414888661486377,-1.1403885779002378,-0.9254256557477908,-0.8612571048404636,-1.0257855171515184
1564,,0.0,0.4482150446034755,,0.0,-0.38512138861024087,-0.5806910377320885,-0.4909045818987572,-0.6973976750393476,-0.4685761315500916
1565,,0.0,-0.007320505316575909,,0.0,0.5218511047949355,0.44543029759303254,0.4692053068116009,0.6891409797688192,0.5352907421804475
1566,,0.0,0.775326737180691,,0.0,0.5338535570305964,0.3930732740070331,0.6014995084584519,0.4169227652237953,0.37148377784879283
1567,,0.0,0.083007642519836,,0.0,-0.07806228996857925,0.03725619236027333,-0.09509263275361124,-0.4591343449854309,-0.11964769812336985
1568,,0.0,0.14064123708568033,,1.0,-0.9649385788196254,-0.9908936381367908,-0.8443051203408103,-0.8123795825259723,-0.7452504358264037
1569,,0.0,-0.036359601683887764,,0.0,-0.12491333996285832,-0.07270525168154028,-0.036359601683887764,-0.2782827639253176,-0.21777810880085047
1570,,0.0,-0.8343071894285108,,0.0,-0.4307582980283392,-0.45644893725752056,-0.5472598957715974,-0.5500231585440648,-0.46124404229313415
1571,,0.0,-0.7485429048054073,,0.0,-0.00310440143069943,-0.07305103602080157,0.21917567316502967,0.007955834109811707,0.22709178000121444
1572,,0.0,0.9220570526019278,,0.0,-1.6981112964330474,-1.0681480028599166,-1.5726537010034576,-1.1096265288859681,-1.1268195356117154
1573,,0.0,-0.9658140916316076,,0.0,-1.6996852292677882,-1.2142489196883646,-1.583937494839279,-1.763195182253949,-1.2640539137980296
1574,,0.0,0.019515962172442947,,0.0,-0.8619993031426222,-0.8610981364072771,-0.8343071894285108,-0.7683290751347936,-0.552554958138378
1575,,0.0,0.03695415536002089,,0.0,-0.8838983840185156,-0.5548456388141811,-0.6129339028515095,-0.7678061007651104,-0.46142335852393246
1576,,0.0,-0.5037758590220318,,0.0,-0.7562252996931512,-0.6863463264019101,-0.9448470438578057,-0.9951350939318842,-0.7566718172426716
1577,,0.0,0.010185946779958424,,0.0,-1.0048213055674422,-1.138911592804652,-1.0435013102395663,-1.2387172229806453,-1.007483025782192
1578,,1.0,-0.6875887842033442,,1.0,0.09282979829082806,0.03810174780533676,0.17620449454354942,-0.14079145470621326,0.00884089743196186
1579,,0.0,0.9096077017112009,,0.0,-0.8966597308726606,-0.5900007253756435,-0.7485429048054073,-0.6742331471741293,-0.9287211386224096
1580,,0.0,0.40822871768949287,,0.0,0.4807225465637905,1.009858596110032,0.9220570526019278,0.683818309701823,1.0677297963392978
1581,,1.0,-0.07608093498981437,,1.0,-1.2829977080376767,-1.1931527316674493,-1.1759746010105314,-1.2372024336656924,-1.08983129303713
1582,,0.0,-0.25096835673894935,,0.0,-0.9000169482942931,-1.0349011803992512,-0.9658140916316076,-0.9532502601335983,-0.8907295726528456
1583,,0.0,-0.507122447739927,,1.0,-0.5385261597821608,-0.415690592280091,-0.6917579484821569,-0.5715814244394947,-0.24142932506173576
1584,,0.0,0.06591770329087729,,1.0,-0.7494606791191603,-0.903890700156818,-0.8690127502715692,-0.7251063838438373,-0.5565561324292189
1585,,0.0,-0.27272511520538334,,0.0,-0.4934444839477652,-0.4391477930762629,-0.5832048501340589,-0.4410644601215995,-0.36473215351026944
1586,,0.0,0.7054655822764305,,0.0,-0.7379610372386225,-0.4950656675241748,-0.6211219436031319,-0.5091806027121613,-0.20814395332483093
1587,,0.0,-0.18087582735946375,,0.0,0.13977178177596444,0.14187398664211723,0.019515962172442947,0.02311214897558746,-0.04471470307853987
1588,,0.0,-0.043321773548212414,,0.0,-0.9391343511331096,-1.2110718916486267,-0.7916374471796351,-0.8484839253057401,-0.648225751468583
1589,,0.0,-0.5385987231511775,,0.0,-0.9451304297814235,-0.5451014241033094,-0.6982355055689627,-0.6827789355850746,-0.262343051748919
1590,,0.0,-0.035983133528797305,,0.0,-0.8042367635327873,-0.49091167609579517,-0.5510355111435019,-0.641697923463165,-0.19912738349701098
1591,,0.0,-0.06794193230715037,,0.0,-0.6618184981505494,-0.3650914255537208,-0.40169353181154754,-0.4653040509215732,-0.15422242895058433
1592,,0.0,-0.03911446197320891,,0.0,-0.02341160446979854,-0.16265988887375735,0.03695415536002089,-0.09268793944280171,-0.11919857918445795
1593,,0.0,-0.005359794537170955,,1.0,-0.7022789468623943,-0.38520464792566456,-0.5037758590220318,-0.4975922968576117,-0.2654632633472714
1594,,0.0,-0.6651719988937959,,1.0,-0.7358900830974767,-1.108631310369989,-0.8012047084926968,-0.6596730442046779,-0.6868753165616713
1595,,0.0,0.3536730397040035,,0.0,-0.6751005215469659,-0.4119106073895894,-0.36589282477741,-0.45169980726844183,-0.2926688028133599
1596,,0.0,-0.5445697568129362,,0.0,-0.6475939547087411,-0.44758053165631756,-0.5082251179946624,-0.604525473212563,-0.1788389843407254
1597,,1.0,-0.6081916976127502,,0.0,-0.75314377467832,-0.34494159799405383,-0.7090674273419452,-0.41223906680308403,-0.16615379448757803
1598,,0.0,-0.1566547163159425,,0.0,-0.9715231458463455,-1.2694143262646216,-0.8615619101216065,-0.83239901972363,-0.4921250612572547
1599,,0.0,-0.2881860797702858,,0.0,0.13209979608888545,-0.07401366462650483,0.010185946779958424,0.11377094664201762,-0.030459384413980817
1600,,1.0,-0.3827266698312744,,0.0,-0.6469644216458279,-0.8648721938991116,-0.6875887842033442,-0.7117127074136281,-0.6374819883993482
1601,,0.0,-0.8614784287843171,,1.0,0.18101701531696932,0.4295106966436202,0.9096077017112009,0.0728203478251226,0.5951040031383699
1602,,0.0,-0.4990004361687331,,0.0,-0.751770981732232,-0.5341094875685383,-0.548950139897268,-0.8162507185113683,-0.1893361384031466
1603,,0.0,-0.25065491805973095,,0.0,-0.8445018254014058,-0.6370942109038275,-0.9648296738875529,-0.7316845137785079,-0.3739068044782814
1604,,1.0,0.22442863279254058,,0.0,-1.0012728797888542,-1.1502112506253956,-1.0497213380315924,-0.8070389719758034,-0.9487118041057111
1605,,0.0,-0.8972470640749804,,1.0,0.170436984429292,0.3384335436912721,0.40822871768949287,0.27393815572065344,0.453176238231133
1606,,0.0,-1.4966074650925059,,1.0,-0.40985052728747495,-0.6758203363598865,-0.201976720278857,-0.39377867452807025,-0.006784764623306173
1607,,1.0,-0.34627831744687626,,0.0,-1.2306382045550845,-0.6693682810840067,-0.6860119485648257,-0.8108310890709196,-0.3994713597298562
1608,,1.0,0.016922757580285674,,1.0,-0.6578911114828133,-0.6205568293212578,-0.6329280264101438,-0.5309299925774927,-0.4978714269609289
1609,,1.0,0.6997974575632466,,0.0,-0.290029634891539,-0.032308590303903685,-0.07608093498981437,-0.2862537776018084,-0.0673588337324697
1610,,1.0,0.39032261068518076,,0.0,-0.3048565173246221,0.15207411446454083,-0.09468244084958398,-0.31735360451874484,-0.13486518747872603
1611,,1.0,-0.062994975720186,,0.0,-0.4535301011835486,-0.5209604337154123,-0.06051758111108387,-0.48911139404567794,-0.12312963441058024
1612,,0.0,0.21658761881523678,,0.0,-0.476637064540358,-0.7877590112796649,-0.2881296774827035,-0.5597287462208014,-0.12160405249814549
1613,,0.0,0.2524982369187188,,0.0,-1.0430446542025122,-0.7531398540357441,-0.7742301780982058,-0.7520806405438936,-0.3640659775303697
1614,,0.0,0.8684953477170461,,1.0,-0.7650493807442471,-0.5630627535723998,-0.3675009821082985,-0.6301267817275298,-0.5016421553261678
1615,,0.0,-0.351221419959113,,0.0,-0.6842352931234978,-0.602098466890544,-0.48418210046178445,-0.4882219012631034,-0.12532472594953706
1616,,1.0,-1.033426264777219,,1.0,-0.9604105976933547,-1.2439877280527893,-1.0145818778375004,-0.8384643464325162,-0.9495527085265357
1617,,0.0,-0.9041742131016847,,0.0,-1.0036096193865802,-1.1971163632760702,-1.0862895160274324,-0.8811475969765746,-1.1071624809734986
1618,,0.0,-0.6409713101826651,,1.0,-0.6668333780465264,-0.7160419467646496,-0.712559536228322,-0.8137270009404572,-0.6853270979750558
1619,,0.0,-0.6851460527642692,,0.0,-0.6263248434198168,-0.7325243261482332,-0.32801094685728927,-0.6905082119856404,-0.19988448590727176
1620,,0.0,-0.23303694570507105,,0.0,0.4442030976248259,0.4372735701288288,0.41793004708571957,-0.05053960634971165,0.40217917957229793
1621,,1.0,0.0005067167792771938,,0.0,0.3579641513756212,0.3063562315154463,0.363002145433228,0.009564200718270029,0.29063763979289453
1622,,1.0,-0.24832552373587513,,0.0,-0.12648588606607805,0.05553671719196849,0.1885484605016635,-0.1294610825317642,0.3687372111779121
1623,,0.0,-0.6187539668881339,,0.0,-0.05908912791261791,0.11963842972019545,0.13072512146076284,0.2468867940259173,0.256791768270543
1624,,1.0,-0.18669842800931077,,0.0,-0.35499471819596706,-0.434062567792825,-0.30780026299398344,-0.5038656464081004,-0.5597961693090394
1625,,0.0,0.3337057768338555,,0.0,-0.027738990739238727,0.041173819517692375,0.020497549391099296,-0.00040814978467204025,0.14553898048269742
1626,,0.0,-0.4931141540175398,,0.0,-0.4707564706104368,-0.32098982706780627,-0.49758426769598996,-0.2807098827568718,-0.43608791928783824
1627,,0.0,0.39338587873106445,,0.0,-0.3289695189054254,-0.22825299075555813,-0.25096835673894935,-0.5930905617514641,-0.4131677096099394
1628,,1.0,-0.13127330645547491,,0.0,-0.4619459616524981,-0.3760292215097206,-0.4399739700355359,-0.35493448340072625,-0.024000672433251703
1629,,1.0,-0.38898598105533905,,0.0,-0.7284484321752682,-0.6465605709739335,-0.507122447739927,-0.5538283483885388,-0.41998367653173846
1630,,1.0,-0.3198379507315292,,0.0,-0.3624640826110789,-0.6282171265579168,-0.43335473736922736,-0.6077517430098665,-0.23648423972116642
1631,,1.0,-0.8911491596157992,,0.0,0.05729786190370199,0.0437790330516438,0.06591770329087729,-0.019418605736890544,-0.01150523387613209
1632,,1.0,-0.8844474768488666,,0.0,0.04438772118450546,-0.14068939777532233,-0.18093238267759287,-0.2057267100823606,-0.12065244329586605
1633,,0.0,-1.6903400606275651,,0.0,-0.6964816475064005,-0.5321296349881381,-0.4586454696433243,-0.264077621779535,-0.31920249439387016
1634,,0.0,-0.023881143726006308,,0.0,-0.4463893451199562,-0.679697197567028,-0.7252913492734337,-0.7306654455159913,-0.6882236513221258
1635,,0.0,-0.38336327004297027,,0.0,-0.3015777741406696,-0.3044096560803391,-0.27272511520538334,-0.4964090488006484,-0.40161584979816717
1636,,0.0,-0.7354930480963677,,0.0,-0.35422489861319534,-0.2706063592989132,-0.27142036386800555,-0.441129591488243,-0.315707235381179
1637,,0.0,-0.04637786369176537,,0.0,-0.12457146948061974,-0.0031469763461062054,-0.08444265786887672,-0.21869697813896263,-0.14124543708559784
1638,,0.0,0.6895001958544899,,0.0,0.4765296007177688,0.4271661119637019,0.4138806274523319,0.4441671266692644,0.30500251900720626
1639,,1.0,0.6557363880116748,,0.0,0.1277429282681099,0.2896200111213765,0.012748153597211147,0.0777790685863708,0.30042267316039395
1640,,0.0,-0.3632713017827401,,0.0,-0.809786668442258,-1.222962837405963,-1.3607636865012196,-1.3170641088153603,-0.8729814793299674
1641,,0.0,0.046748932703643505,,1.0,-0.13208011149760226,-0.2052566109629029,-0.12391945772193146,-0.2995250813485607,-0.03352535753873548
1642,,1.0,0.7600396700073965,,0.0,0.33588443712804944,0.37031545073862404,0.2796640625551058,0.179635028071373,0.5791988479695621
1643,,0.0,-0.006912080052748535,,0.0,0.08146144381181791,-0.0322714359529961,0.20326215475160747,0.15320799165687893,0.48061604598232455
1644,,1.0,0.7561542225494845,,0.0,0.3873336909894718,0.7260408704670557,0.5078836103257531,0.25331350734004426,0.6364904064504566
1645,,0.0,-0.53835453846365,,1.0,-1.061178236394945,-0.9478326031608723,-1.0054459155325168,-0.8151874513371783,-1.0431247979460936
1646,,0.0,-0.6628412388830669,,1.0,0.9250093916147739,0.862295707374107,0.7804593855519831,0.8702875036440587,0.8999650908111227
1647,,1.0,0.26415893714199884,,0.0,-0.9639566821089233,-0.6905847299489324,-0.5770820974500207,-0.6253513038449551,-0.4133493628416636
1648,,0.0,0.49525958760199584,,1.0,-0.4484267101388665,-0.21189921987761592,-0.4741529074449056,-0.6544870487220935,-0.3572086342515141
1649,,0.0,0.3759196321346285,,0.0,0.6289828087971291,0.8246694685729518,0.7054655822764305,0.8883463604681143,0.9301338377883533
1650,,0.0,-0.5049549971697608,,1.0,0.18157769758761427,0.6642127969292707,0.3751254102429425,0.4770382587571039,0.670277991454963
1651,,0.0,-0.3668079715566703,,0.0,0.2299459227682778,0.5108813156264985,0.6654168170648921,0.3067831782158072,0.4972672100840346
1652,,0.0,-0.674912993749864,,1.0,0.08937666029221548,0.31753018632410607,0.38160633518303644,0.28575736846688143,0.48318175760196835
1653,,0.0,-0.16417470523836428,,0.0,0.3367661115538396,-0.9635957744111844,0.5286980971326181,0.18070364165531247,0.2476029258098289
1654,,0.0,0.19178689843415228,,0.0,-0.07772449255891674,-0.08949090736120753,-0.18675032057078672,-0.33453976242354755,-0.2704974666541764
1655,,0.0,-0.9410204949379521,,0.0,0.07314678956578557,0.20084354065734136,-0.18087582735946375,0.014650023308114228,0.2507252842385369
1656,,0.0,-1.017401533893902,,0.0,0.07650094230003913,0.5631779742389087,0.2975048984377843,0.3347119103358583,0.4653366573555787
1657,,0.0,-0.801530275870582,,0.0,-0.1318428581153171,0.3100982801944277,-0.09484404769428825,-0.32964419962657787,0.1196720092291017
1658,,0.0,-0.9647648714302893,,1.0,-0.23058746365140753,-0.18490431418980272,-0.3284544359548394,-0.33222688263688804,-0.1929240640227615
1659,,0.0,-1.0158173764583476,,1.0,-0.30620951234344435,-0.27987051770213567,-0.5196608850818227,-0.2717900943574437,-0.21060993258222066
1660,,0.0,-0.6253657099881281,,0.0,0.29126419460939407,0.3423789879296591,0.2720098300778998,0.45030087402447716,0.14103193929530697
1661,,0.0,-0.42759817792411486,,0.0,0.21751548498187742,-0.015410630623424043,0.26087086957040023,-0.010766613909750691,0.2507303086824571
1662,,0.0,-0.027890026283788887,,0.0,-0.2106773772480246,-0.04836555307475679,-0.1781332355783183,0.07874120617808038,-0.24447097416418845
1663,,0.0,-0.6587391744847707,,0.0,-0.124064930473193,-0.019779972285900994,-0.043321773548212414,0.16865080331430457,0.0455998893342292
1664,,0.0,0.832168521105609,,1.0,0.3621521969051616,0.44192138821509586,0.3961842722488832,0.5868694473740482,0.49843614323824476
1665,,0.0,0.8531392898765686,,0.0,-0.49377849310544747,-0.6382566299905296,-0.5385987231511775,-0.9149064863453966,-0.6380353327018871
1666,,1.0,-0.6993200178550504,,1.0,-0.8254037629840483,-0.7994957328747158,-0.8049439636562754,-1.0614734913802442,-0.7749305798656834
1667,,0.0,-0.6338122092544246,,1.0,-1.4773469703721365,-1.532255716511836,-1.316902410201932,-1.2745308414589784,-1.0924308022910922
1668,,0.0,0.571118413777355,,0.0,0.20336587504622744,0.5760229147754367,0.2577591604222597,0.344377505640779,0.5214254819343641
1669,,0.0,-0.7019618663836076,,0.0,-0.35996847833516876,-0.3509831518817773,-0.2693047372670412,-0.21550046448161106,-0.30285735365277155
1670,,0.0,-0.3358581757921512,,0.0,-0.0501792687506035,0.07872396264395481,-0.05112088805772084,0.24127865169236623,-0.09472788739364918
1671,,0.0,-0.885610285949303,,0.0,-0.18552735480961963,-0.11656465498304168,-0.035983133528797305,0.31190439320905683,-0.008337857380196219
1672,,0.0,-0.47509136826494486,,0.0,0.08712180422328716,-0.13381622320870176,-0.2751937174095452,-0.06869706681920137,0.007246088023465809
1673,,0.0,-0.6194386068442522,,0.0,-0.8696137230940733,-0.597836851336315,-0.7310327968530387,-1.1248197987196498,-0.7380625173482754
1674,,0.0,-0.21111118870045403,,1.0,-0.6423622622190865,-0.4931877042265046,-0.6303121539707662,-0.49226696452780583,-0.6184334422222312
1675,,0.0,-0.4071390742021217,,0.0,-0.07960306563137351,-0.061769278082150283,-0.06794193230715037,0.19813130623601843,0.1780730586032596
1676,,0.0,-1.0799748312875428,,0.0,-0.08524055040391318,0.44292905943081673,0.1074059055412917,0.08914420054836465,0.4315692875690778
1677,,0.0,0.23006753406315586,,0.0,-0.2365541078761359,-0.1003102380465539,-0.03911446197320891,0.001628563827220081,0.09429818603331903
1678,,0.0,-0.7581760291976826,,1.0,-0.23316137914590743,-0.009997911185346734,-0.08741052983521352,0.015255868542181989,0.08855783957777333
1679,,0.0,-1.6864343181990213,,1.0,0.2683106945889822,0.13438896335308914,0.15653403201579122,0.14859221575592754,0.303641383796483
1680,,0.0,-0.5759412839030631,,0.0,-0.09494724397491722,0.015234037739877252,0.12617510362839351,-0.04758728676517699,-0.035711824043812464
1681,,1.0,-0.9104079033488822,,0.0,-0.2206587559442598,-0.015347362337420645,-0.005359794537170955,-0.3246882435911706,-0.024315636529049584
1682,,1.0,0.04807013072332379,,0.0,0.2578400337378065,0.1580875278798436,0.27051739118798174,-0.1716114898083513,0.36253375244795927
1683,,1.0,-1.1463536870901083,,1.0,-1.2918752455549058,-1.1930940858474204,-1.1691108473786938,-1.2860169157039445,-1.0556653498635522
1684,,1.0,0.09991637287902799,,1.0,-1.4720573824399752,-1.3588776504052344,-1.3053194491225188,-1.5396694815542344,-1.1047009728621955
1685,,1.0,0.14670376106575883,,1.0,-1.3328244246314311,-1.2778263809999253,-1.173874033953776,-1.0425697008859147,-1.0966978754171952
1686,,0.0,-1.0833454949763903,,1.0,-1.2957628176377374,-1.3419135775685087,-1.2261403490866472,-1.33684498420804,-1.1147204575725385
1687,,1.0,-1.3096514856854067,,1.0,0.8835471521662214,0.6919067273785221,0.9073489089512271,0.39658367209759954,0.561045871548342
1688,,0.0,-0.49648729753910353,,0.0,0.795967919900787,0.6504171660088868,0.6837250035128503,0.5643857474526803,0.7133850692537858
1689,,0.0,-0.2522828909541707,,0.0,0.20908095522117878,-0.016191590710700927,0.13784030664439792,-0.052853675265692575,0.29201749264727556
1690,,0.0,-0.7451036367240943,,0.0,0.36438112262799427,0.3576360083387192,0.688810759322518,-0.10411902582635062,0.3198967684961527
1691,,0.0,-0.6227526868751151,,0.0,0.3607226932625481,0.17022014320998796,0.2930356142896852,0.11348017811928607,0.1535802927564594
1692,,1.0,-0.08239644966331387,,0.0,-0.23302828666018272,-0.0009514917159914346,-0.06361259875575971,-0.11199999208535653,-0.011955596551541652
1693,,0.0,0.10054369054063042,,0.0,0.11787575018445512,0.022119601724579514,0.15484833810099252,0.19384052711256244,0.18206808548047432
1694,,1.0,-0.25187608709551146,,0.0,-0.5685253443110381,-0.6391797776760226,-0.6651719988937959,-0.6154008969950241,-0.49481483658009695
1695,,0.0,-0.4324145683569709,,0.0,0.23204696292549998,0.2982751004172716,0.3536730397040035,0.26934326334833886,0.16643537783423115
1696,,0.0,-1.1975943354990235,,1.0,0.011851556289866696,-0.15602598365950074,-0.09357110939225362,-0.19799061282584124,0.051403191069122826
1697,,1.0,-0.8683669560397098,,1.0,-0.15271911937109453,-0.3451512644509162,-0.2275788528823085,-0.2841756722613303,-0.22055391192216955
1698,,0.0,-0.018987593044521252,,1.0,-0.3696764671172785,0.17507822770865633,0.3473626195661278,0.09786758861968911,0.3435858755154013
1699,,0.0,-0.7362531572649216,,1.0,0.13065812364138626,0.1271628018821769,0.0731260684755132,0.06712155774502163,0.05176163607277606
1700,,0.0,-0.7192146588810387,,0.0,0.4620106499485161,0.4561859064028495,0.41560913753994805,0.5475611143461221,0.7756039298665974
1701,,0.0,-0.22970948347447853,,1.0,0.21670811466924,0.10226953097272891,0.16032780751700532,0.016583820051513577,0.13532953396553324
1702,,0.0,-0.4773190075228762,,1.0,0.4999949645877338,0.4268889729098129,0.43568659948605426,0.48213432153828806,0.2700415140872015
1703,,0.0,-0.30358528184543954,,0.0,0.43345395223950206,0.24794805686732121,0.21968005110759556,0.27607609722270093,0.025757138093780888
1704,,0.0,-0.5309677752380422,,1.0,0.4358811851345713,0.2738562241069279,0.18871435506717563,0.3885552587080914,0.03715803084746487
1705,,0.0,0.16658109039699723,,1.0,-0.2064081287822847,0.12195650660037878,-0.19784174968126,0.029221652982309807,-0.06754659543816899
1706,,0.0,0.006596509807438912,,1.0,0.9856279261242662,0.5859422323815477,0.5740473583151888,0.7251449661959057,0.8758452688752977
1707,,0.0,-0.3988216071652261,,0.0,-0.10883887428122486,0.0664813877152665,-0.18380408851841265,-0.4127294679814498,-0.1167224383792465
1708,,0.0,-0.1860792843498159,,0.0,-0.7814015848921345,-0.5237942007622927,-0.5445697568129362,-0.6845634936382686,-0.3128182802963841
1709,,0.0,-0.8207732158184426,,1.0,0.030572807012706742,0.02344124708513163,-0.007637039437655027,-0.12816709441985802,-0.018307821968128662
1710,,0.0,0.02917709214199145,,0.0,0.3647870086106543,0.21932153798417683,0.5824914926350688,0.36785701065559756,0.4543490282541818
1711,,0.0,-0.6986425161699741,,0.0,-0.7175497274906758,-0.745603989621235,-0.6911828512793559,-0.6286488070026712,-0.6266861773777521
1712,,0.0,-0.16300178459528064,,0.0,-0.7065049637110826,-0.7207699594988282,-0.6081916976127502,-0.5199211254601355,-0.7730506044059989
1713,,0.0,-0.9534176517630942,,0.0,-0.5187446472044316,-0.2770395765442127,-0.2968446577122583,-0.3077708033985339,-0.09245051360465854
1714,,0.0,-0.10510381285038212,,1.0,-0.16903913203946,-0.14737047496223746,-0.1566547163159425,-0.288226537659113,-0.1492111980637394
1715,,0.0,-0.948990055762212,,0.0,0.12105339597296193,0.10322952910086554,0.07614070100912616,0.19914499250343431,0.24434711379784949
1716,,0.0,0.0029579979929635325,,0.0,0.029824896255964444,0.005320457726820886,-0.044717056107467214,-0.012855482897516859,0.17087533341110847
1717,,0.0,-1.165263206933232,,0.0,-0.15387659441410315,-0.05622931651843842,-0.035869802617183026,-0.02687125641408564,-0.17973090479557025
1718,,0.0,-0.36798211443092926,,1.0,-0.06536930466090195,0.008685169386769316,0.1736230805612688,0.01576677458403153,0.03735068814521673
1719,,0.0,0.5664277065952461,,0.0,-0.05474586766412655,-0.12573851099315123,-0.2881860797702858,-0.3448064889016534,-0.3332593344202845
1720,,0.0,-0.39418428532951527,,0.0,-0.33165260407156993,-0.39797295033776403,-0.344211240527599,-0.5224721437355225,-0.21495836137762853
1721,,0.0,-0.046304564616601145,,0.0,-0.6747256361954805,-0.1912857235777039,-0.3827266698312744,-0.5036947455586186,-0.12298951689362443
1722,,0.0,0.1116463830762712,,0.0,0.20260032673194814,-0.06816078044801477,0.17329816681230445,-0.18416717415712072,0.22280027016368195
1723,,0.0,-0.6084906050556689,,1.0,-0.3271942919159672,-0.17473112205403515,-0.36342481100974217,-0.35734259490923126,-0.1944112828236123
1724,,0.0,0.046272617334413124,,1.0,-0.4791023952190049,-0.22244118078018038,-0.19488331557877764,-0.2559913956005937,-0.3718421308000925
1725,,0.0,-1.3500455494460704,,1.0,0.33564043520292675,0.26923484913380186,0.23226073218630705,-0.10288307122133247,0.3871497270921207
1726,,1.0,-0.4937229926921985,,1.0,-1.0137876630553424,-0.7910859666875546,-0.8614784287843171,-0.9232314896470132,-0.8150769428765565
1727,,0.0,0.1777161571284953,,1.0,-0.41436338073154266,0.08926839748541944,-0.20884463622739827,-0.40073527983972573,-0.32468749449151724
1728,,0.0,-0.33023246619638685,,1.0,-0.13055008395431694,-0.2825176895508065,-0.2032863761487058,-0.102162716264777,-0.038522654062257744
1729,,0.0,-0.29387415535357064,,1.0,-0.4231240590560473,-0.3003302552362766,-0.4990004361687331,-0.44928992982713734,-0.5179814666566263
1730,,0.0,-0.5593607475504809,,1.0,-0.5510267645553454,-0.564572445237836,-0.25065491805973095,-0.5020192903423365,-0.5573597245854929
1731,,1.0,-1.4987792531987614,,1.0,-1.0231372282943287,-1.127764790315586,-0.9341994201831574,-1.055806723431794,-0.9780595155554208
1732,,0.0,-1.0157721828621695,,1.0,-0.7161625934422512,-0.560028123877121,-0.8443978762670212,-0.6684252740997338,-0.7670884882277612
1733,,1.0,-0.07640987448154254,,1.0,-0.4878863575224885,-0.2895159772463788,-0.4609736253930644,-0.7478773137922851,-0.6110993785166872
1734,,0.0,-0.03715901904917796,,1.0,-0.4124332337238785,-0.2615751296672335,-0.4734962126743756,-0.8243800199426393,-0.46742428510279843
1735,,0.0,0.5687330550577117,,0.0,-1.0389804526023323,-0.6362203811244447,-0.729654247629136,-0.6539608852997351,-0.5768242584959525
1736,,0.0,-0.12689510394132408,,1.0,0.10204585754065261,0.19634430596827188,0.09743270816097811,0.05209252516505124,0.10953761961385342
1737,,0.0,-0.5645105943340603,,1.0,0.18268230262190455,0.3771516882781433,0.3402479194826162,0.04345506001738878,0.5693523104018545
1738,,0.0,-0.5965212290697306,,1.0,-0.3191829892051792,-0.1405796400755665,-0.23566349977462642,-0.41351366654058735,-0.2630214630855607
1739,,0.0,0.41287471095889977,,1.0,-0.1033358897631417,0.047679971913096704,0.22442863279254058,-0.38409872570016657,0.43230984973772457
1740,,0.0,-0.6752020991203799,,0.0,0.6163609555431631,0.7796116060710766,0.725089829034514,0.7494956193179334,0.6056598712596618
1741,,1.0,-0.14882139326410976,,1.0,-1.2994888681361498,-0.9555805777436466,-0.8521078310636314,-0.7867225069044118,-0.8715652399137722
1742,,1.0,0.7965088921604878,,0.0,-0.5605141093194091,-0.6912518966381211,-0.8407872525499133,-0.8125003818910888,-0.6694787847968656
1743,,0.0,0.9685757959205722,,1.0,-0.5140053749069488,-0.7989125286671075,-0.573737103066931,-0.7121766013874593,-0.6649936877775484
1744,,1.0,-0.7593058617797905,,1.0,-0.40996022342553085,-0.3095862029306914,-0.3926881676127985,-0.6829684587454123,-0.15372004309284992
1745,,1.0,-0.8021498170308881,,0.0,0.5643902699184503,0.41773635781475077,0.590654535673792,0.5742318738140423,0.5561871539281555
1746,,0.0,-0.7573920140360024,,1.0,-1.0739780461027182,-1.1081103407800525,-0.7773372522114272,-0.8604769372970361,-0.3002178949039294
1747,,1.0,-1.126618178774362,,1.0,-0.7103384517851135,-0.6186407155659556,-0.5769584836483338,-0.6517015156239797,-0.23177490030552836
1748,,0.0,-0.06913906151576582,,1.0,-0.44735079827494445,-0.35194262404331633,-0.4672395792907759,-0.46797435350010547,-0.569584112814105
1749,,0.0,-0.7728675254062012,,1.0,-0.18009713377623127,-0.0643617691979074,0.028260643804210877,-0.21235391208499202,0.15253776415195922
1750,,1.0,-1.2383006691477985,,1.0,-1.282876204887569,-1.008678115413263,-0.8972470640749804,-0.7591434365106302,-0.6336885689152307
1751,,1.0,-0.77975102060364,,1.0,-1.5149530578233326,-1.2187481574749657,-1.8145281944940759,-1.9192312191104057,-1.661690022254663
1752,,1.0,0.17753469059502194,,1.0,-1.3672959266304496,-1.2418931957430726,-1.4966074650925059,-1.3342782379915963,-1.0918279078015474
1753,,0.0,-1.0546614767878075,,1.0,-1.1911476892904296,-1.1802736384676447,-0.999304288491664,-1.0218878651052816,-0.9772190948122171
1754,,0.0,0.06718565738009437,,1.0,-1.4570634749279423,-0.9267390551890643,-1.1308954607970607,-0.9551294820144913,-0.9406213596824966
1755,,0.0,-1.6766348489041898,,1.0,-1.0305629136135932,-0.9280673648139091,-0.9443773761701297,-1.1025034532389646,-0.7927887916887343
1756,,1.0,-1.2218908975573646,,1.0,-1.019467605326086,-1.0198578799831908,-0.8162751730041298,-0.9121436818514044,-0.726392979784466
1757,,1.0,-1.0459099618223993,,1.0,-1.4896731222634096,-1.2376602200604945,-1.347641924312483,-1.2894568774710058,-1.3573909896672187
1758,,0.0,-0.9315407905428302,,1.0,-1.7232415703058346,-1.2718840718895867,-1.4189306295812343,-1.4262955345895625,-1.2924196452000967
1759,,0.0,-1.9132839006805316,,1.0,-0.7173285218452004,-0.667226331603285,-0.8021920979060384,-0.8549088506919934,-0.9834102224087704
1760,,0.0,-0.42256977397862533,,1.0,0.6702869276382142,0.7951158119436255,0.5509981603443855,0.7979923894902687,0.45247856332803776
1761,,0.0,-0.2159097489906326,,1.0,-0.4094754429710274,0.1270254337245726,-0.3363526409384932,-0.12359976449023205,0.1695349095102171
1762,,0.0,-1.3986500105631756,,0.0,-0.09935108285648675,-0.400864896620786,-0.34627831744687626,-0.009945557394507702,-0.2096170979852797
1763,,1.0,0.25378913260878133,,1.0,-0.14304451181651612,-0.11898435419300049,0.016922757580285674,-0.11962081202231124,-0.05036768976396371
1764,,0.0,-1.191363251621083,,1.0,-0.5950020325023656,-0.7413288764243839,-0.4730754035145979,-0.566699171040834,-0.6444004745002317
1765,,0.0,0.09016133756678926,,0.0,-0.2696000199143851,-0.44818795174514503,-0.37484238623373034,-0.5372950882919348,-0.26356155580885293
1766,,1.0,-1.1434727883391271,,1.0,-0.7467529485357322,-0.531297697363131,-0.6450268560918052,-0.32779309269700785,-0.22283094124042857
1767,,1.0,0.6105897964335416,,1.0,-1.1175185793269082,-1.0391498932547782,-1.079392092622344,-0.9611372105087921,-1.0965006503844938
1768,,0.0,-0.9222376633542907,,1.0,-0.4320643748900056,-0.8210578492338778,-0.5365004560056257,-0.4456558343259531,-0.36749162065964375
1769,,0.0,0.2847059993117666,,1.0,-0.030795033397068575,-0.1838616299420415,-0.16763796222040178,-0.0840923267470697,-0.22709242012707626
1770,,0.0,-0.08805616685199384,,1.0,-0.11194544438000445,-0.008393755637271164,-0.21224922571768973,-0.16717844998875683,-0.1303977373374922
1771,,0.0,0.00018960540209333925,,1.0,-0.6615153062629956,-0.8641943997426419,-0.701124335216404,-1.0304631282233356,-0.6726428086922915
1772,,0.0,-0.884094156981146,,0.0,0.6484439219261926,0.27657400089577466,0.6831502073149889,0.5911636406071156,0.8477809931094821
1773,,0.0,0.23113660966984328,,1.0,-0.23292907702071294,-0.18175067259315356,-0.19524775939278588,-0.12107078465100601,-0.31515917818100764
1774,,0.0,0.4906975616979285,,1.0,0.4503930014654582,0.29019944080226845,0.6997974575632466,0.6809343926761812,0.7636743994089498
1775,,0.0,-0.8780593134466985,,1.0,0.536918817431906,0.647191411688463,0.39032261068518076,0.2696052941733895,0.4208218252341832
1776,,0.0,-1.6524928091873445,,1.0,-0.1647731043955223,-0.06401504845769362,-0.17298891356131219,0.026587801807048225,-0.10871746109042839
1777,,0.0,-0.16618189399947347,,1.0,-0.15108647757868268,0.06062229222030178,0.06923691070889886,-0.02757314261623409,0.01644002665023189
1778,,0.0,0.13231996432148502,,1.0,0.17013089770713322,0.01470371291218759,0.14516162018216786,0.13340348916839537,0.017284073085499892
1779,,0.0,-0.5049277131874309,,1.0,0.540262534804819,0.44022993937299937,0.744106037381229,0.534132029677762,0.6605641648879456
1780,,0.0,-0.6505394511612563,,1.0,0.34124867471784737,0.25961205681524624,0.45933348291507164,0.48241962885563755,0.4789275295004243
1781,,0.0,-0.5566992063251808,,1.0,0.7344623011293471,0.4008473564363633,0.6529719194506405,0.6028292323733364,0.7070384734031326
1782,,0.0,-1.1440494889057815,,1.0,0.4442901303787962,0.3016372804285294,0.1741476279425393,0.4056171670937996,0.22454098731707678
1783,,0.0,-1.4972867791841897,,1.0,0.04978791808497824,0.14607757584331027,-0.062994975720186,-0.0009950005561157695,0.0019171869317513805
1784,,0.0,-0.918935964018606,,1.0,0.06254586213325686,0.13235110836641717,-0.21028978828638928,-0.0900229410076182,-0.07136119061557405
1785,,0.0,-0.5567653236529471,,1.0,0.29871855758185334,0.2688004421135849,0.0925000128583061,0.6388025810737555,0.5256816991261594
1786,,0.0,-0.7705018544904646,,1.0,-0.7191681666731532,-0.8296115479034523,-0.686604543685496,-1.0059710360360294,-1.0365936988574909
1787,,0.0,-0.9183128462424894,,0.0,0.03792222091217387,0.16516867465328217,0.11131791105106481,0.030211389023958528,-0.03192517383367348
1788,,0.0,-0.9114950349598389,,1.0,0.20296208933480797,0.2945041171894095,0.21658761881523678,0.2409615110653556,0.11313684133380049
1789,,0.0,0.6242232323552704,,1.0,0.16808943340107013,0.016502475595312194,0.2524982369187188,-0.06762559533610948,0.23605129864567162
1790,,0.0,-0.37531349807338227,,1.0,0.691333935403579,0.542708825468311,0.560897711414792,0.4435589717212425,0.5436635989051742
1791,,1.0,-0.7050654614768153,,0.0,0.6523080847062686,0.5601833178860843,0.8684953477170461,0.3610494874232268,0.6672199156131216
1792,,1.0,-0.6964632671894823,,1.0,-0.36204166273271665,-0.4952565062674549,-0.4202982598950175,-0.504830464709595,-0.617071143744624
1793,,1.0,-0.76291620817161,,1.0,0.0421366350914731,-0.06194204350108031,-0.3038858984604272,-0.22635513899030085,-0.298114282947811
1794,,0.0,-0.6366246554761896,,1.0,-0.5681120762382732,-0.615753090836846,-0.7917681082404233,-0.6395705981515406,-0.9313075616523496
1795,,0.0,0.22067198835702734,,1.0,0.6946801533361681,0.5878229006578594,0.6100095671025919,0.4183907486563939,0.4552673982026796
1796,,0.0,0.7009905642253407,,1.0,0.2433093418424751,0.2511135650507604,0.07761320256277775,0.20662893213309097,0.14429056886574268
1797,,0.0,-1.0891012760516239,,1.0,0.0029523440890742523,-0.1272515937899551,-0.3022795078651141,-0.028540249809338926,-0.15020467638730833
1798,,0.0,-0.8026120435269319,,1.0,0.41032617810583377,0.3738968154535649,0.595080291730882,0.2637185459235086,0.6397537328350659
1799,,1.0,-0.9537879226845615,,1.0,0.18258385641826813,0.08997169607589026,0.0987854471124578,-0.02801628899552866,0.1945132049131122
1800,,0.0,-0.8641081514026356,,1.0,0.07972240872381753,-0.1605742551169109,-0.39539665718623407,-0.2640708587055197,-0.15659248925993818
1801,,1.0,-0.25066669297474165,,1.0,0.15922011944573344,0.0255210967060692,-0.11770679376119479,0.035800264012723446,0.05329992964742946
1802,,1.0,0.10150238282660119,,1.0,0.02912933080859962,-0.11597369662631939,0.12773000523342312,-0.04252420936183763,0.12130220177966677
1803,,0.0,-0.3345099401205978,,1.0,-0.1697716943074195,-0.08866577191121953,-0.39136594051867585,-0.26180802413690196,-0.28510273639294353
1804,,0.0,-0.6425641769962814,,0.0,0.21757218116215035,0.18930560499713972,0.16835366676631355,0.18425260161233,0.3700949045394894
1805,,0.0,-0.9448767271364754,,1.0,-0.40123123295741864,-0.6534465147784404,-0.368277793440689,-0.6119100236023585,-0.5098174479897984
1806,,0.0,0.44731237283973774,,1.0,-0.07719009108049388,-0.08906306519730449,-0.132886434708699,-0.35135443865163174,0.07522502174619167
1807,,0.0,-0.8341470742998564,,1.0,-0.09749099226531446,0.09136517872729885,0.1295526066050561,0.02749676575617415,0.12798531528871154
1808,,0.0,-0.4765166730524144,,1.0,-0.5142319914499145,-0.5232663494260205,-0.6625776087083513,-0.5274405018468706,-0.5170706434115394
1809,,0.0,-0.8451468838013868,,1.0,-0.3674722959275339,-0.1322944931880812,-0.43280014757315544,-0.17008807543731477,-0.31623911638994096
1810,,0.0,-0.7597502915146555,,1.0,-0.17604890095560746,-0.053460154312300875,-0.40420865239192166,0.07680565979885108,-0.1317004656482248
1811,,0.0,-1.087547079498032,,1.0,-0.33878786301249336,-0.2826755631451839,-0.351221419959113,-0.724068902503139,-0.3083499122506159
1812,,1.0,-0.8762786772467588,,1.0,-0.9735800211973796,-0.9261156587097269,-1.033426264777219,-1.0988123100085285,-1.131776221036112
1813,,0.0,-0.892777916079078,,1.0,-0.8592142332006552,-0.7254336829130683,-0.7741954438555522,-0.8410224225038441,-0.8281396162588006
1814,,0.0,-1.1253202903066792,,1.0,-0.5671860108921861,-0.2708364335312248,-0.9041742131016847,-0.6056054932285063,-0.8835230209834115
1815,,1.0,-0.3503794795143835,,1.0,-0.5377211426350352,-0.5445886170720962,-0.6409713101826651,-0.5239684702765631,-0.6127747671948558
1816,,0.0,0.29693966126250904,,1.0,0.05747884364976904,0.06771229565032905,0.021874020484584963,-0.2254881426371446,-0.20370269208509403
1817,,0.0,0.22500437365175782,,1.0,-1.5455299109761007,-1.202772537105126,-1.2245305998587885,-1.1397850247456756,-1.3091807883439441
1818,,0.0,-0.6123529276037903,,1.0,-0.33211602082129293,-0.7485121809652163,-0.8221994148930423,-0.7506239894237322,-0.7357444698111081
1819,,0.0,-0.7831589459547913,,1.0,-0.39140540744818153,-0.6831084881798852,-0.5342924364457474,-0.473015496992384,-0.5353886085029923
1820,,1.0,-1.108819187084823,,1.0,-0.8291396701025812,-0.392831948977438,-0.6029021942534236,-1.0028428680315171,-0.612152991583234
1821,,0.0,-0.4583907284667695,,1.0,-0.9024468878864907,-0.7641385628546646,-0.6851460527642692,-0.6419297172692591,-0.4615845343504501
1822,,0.0,-1.3514826229310761,,1.0,0.24172940399808499,0.13537853089243385,0.20596737747987853,0.14101585613185946,0.327583888123704
1823,,0.0,-0.6879298375501557,,0.0,0.014183130460391219,-0.3091142867758073,0.2803204821793218,-0.21450806064929015,0.18035857663227914
1824,,0.0,-0.27722178779021794,,1.0,0.07370594422928795,0.07185682149171131,0.02651244530132446,0.05861856521996801,0.24243837050051611
1825,,0.0,-0.04354151467558744,,1.0,0.41227759789508084,0.4160465916149742,0.32043725781294774,0.14051256414527696,0.37670520541565644
1826,,0.0,0.60162471180743,,0.0,-0.26719557397091964,-0.15753088675376825,-0.056636588493489605,-0.29595220122813404,-0.19815313743557356
1827,,0.0,-0.3344149325245234,,0.0,-0.26098222724730724,-0.22304556323673336,-0.20669984101782427,-0.14531085669666546,-0.21752335693382346
1828,,0.0,-0.5352715183795411,,0.0,0.22833307777233236,0.3295163039867972,0.21079377981307393,0.23114895945810857,0.23459255549351507
1829,,0.0,-0.5185988157074083,,1.0,-0.16641118047867803,-0.3826985126137004,-0.23303694570507105,-0.47125380709526105,-0.49734768863200723
1830,,0.0,-1.4714437671429652,,0.0,-0.3378101695807364,-0.190832277415123,-0.19065388270564,-0.07787986104308807,-0.17988147515048192
1831,,0.0,-1.198987938485376,,1.0,-0.016870625476598036,-0.04552422074117033,-0.08780840464938994,-0.01993609104349734,-0.023047584880623084
1832,,0.0,-0.1856596832918702,,0.0,-0.7392163871562628,-0.539583237141628,-0.7386682406166449,-0.7633815453639529,-0.5083808843917247
1833,,0.0,-0.9588653889630884,,1.0,-0.1615641507364145,0.024037639761082835,-0.18525705583176794,-0.11793903537956037,-0.20301472538763618
1834,,0.0,0.46760479593971016,,0.0,-0.15262409809512814,0.10822262936316678,0.0005067167792771938,0.0013889991613158662,-0.031021536744665953
1835,,0.0,-0.830218868861005,,1.0,0.03454847883785534,-0.004295807650459762,0.03633019038373719,-0.030601525463648797,-0.35039293420332995
1836,,0.0,0.19830933578297377,,0.0,-0.3051258752492627,-0.3782966541121504,-0.31178669557213257,-0.3532093617942171,-0.7242007883520676
1837,,0.0,0.085397495545664,,0.0,-0.2127272712659821,-0.06221875954964553,-0.2573089830041724,-0.40310340407457684,-0.23654935141151248
1838,,0.0,-0.2870714978748359,,0.0,0.06928903003830654,-0.008489834164469136,0.005281966542859348,-0.045973488585701494,-0.10831200378759118
1839,,0.0,-0.9086143634434588,,0.0,-0.4349873310205788,-0.1949293599795247,-0.2027683905604761,-0.3154126727771446,-0.09660509378587047
1840,,0.0,-0.7606892361928558,,0.0,-0.2301112898979336,-0.2615696109858525,-0.27710750515031357,-0.20314137111476702,-0.26268376197262255
1841,,0.0,-0.9386258523276685,,0.0,-0.030302528272491764,-0.07959930366608611,-0.16943724353554393,-0.27142186744782076,-0.0227456854818177
1842,,0.0,-0.350574748603342,,0.0,0.38173297245539417,0.4366495436319914,0.2927919360856274,0.47527897727851215,0.5112421039776004
1843,,0.0,0.5484403783602774,,0.0,-0.48704887730052865,-0.9467353079384074,-0.28788187843370733,-0.45215371952807426,-0.24344771434314796
1844,,0.0,0.30197712381219227,,0.0,-0.18117825818481598,-0.18974437826804416,-0.24832552373587513,-0.128613434775909,-0.2428964419839033
1845,,0.0,0.010968458509672901,,0.0,-0.03358798974328414,0.14520889455087815,0.013080256688375253,-0.12269796966552127,-0.1413046695251023
1846,,0.0,0.4574478729223162,,0.0,0.248862192016748,0.23856639396165477,0.14100363817062056,0.16892231342784736,0.030002119869741682
1847,,0.0,-0.88181211610862,,0.0,-0.4271477115327491,-0.6542818284860495,-0.6187539668881339,-0.7496959181959197,-0.6917112670695708
1848,,0.0,-0.8507463108443214,,0.0,0.273869847960444,0.2851504272131293,0.34991802918502524,0.12757584162884492,0.1386191309858865
1849,,0.0,0.8661888168373513,,0.0,-0.014401401746655334,0.2327869108107478,-0.17644979444168363,0.11882863064863758,0.09582411051442885
1850,,0.0,-0.54706134844521,,0.0,-0.15672759314696044,0.10767054218141756,-0.4082802641930319,-0.14780246229758298,0.09646787635317818
1851,,0.0,-0.7785704998272698,,0.0,0.062325171078873746,-0.11261148096209997,-0.18669842800931077,-0.03242357892766963,-0.12903276504804984
1852,,0.0,-0.7706877186619824,,1.0,0.2433831418797734,0.1300333904223415,0.01700310587800313,0.36044917711752844,0.11008428178601333
1853,,0.0,0.10984838691307783,,0.0,-0.20172748780552538,-0.09587179254118573,-0.127275320404665,-0.18222948279220658,0.057889331876196076
1854,,0.0,-0.9483217688386167,,0.0,0.8602906958360363,0.6407712260961053,0.5709762160142501,0.6238718805902411,0.8129540940142324
1855,,0.0,-0.4904497255126517,,0.0,0.5545777031354405,0.49262252488431574,0.5441178214021976,0.5783147089078087,0.5964685074263718
1856,,0.0,0.46129600495019396,,1.0,0.24478859072505574,0.1431088048907784,0.3337057768338555,0.35645601895287504,0.42751456079426875
1857,,0.0,0.006340734783616606,,1.0,0.4966694712723719,0.4180837898401496,0.3436693660662961,0.4144728000006946,0.19828229708200182
1858,,0.0,-0.3850747440211342,,0.0,-0.7630483019405057,-0.1385937791354084,-0.5693291175235659,-0.3675005435728351,-0.02004238845979873
1859,,0.0,-0.5978070506369154,,1.0,-0.7191091179310038,-0.42412583152379363,-0.4931141540175398,-0.6020983979580756,-0.2917116108756183
1860,,0.0,-0.9928788506619888,,0.0,0.5567352266501715,0.37690440601304964,0.39338587873106445,0.5545563808792577,0.5247524309835256
1861,,0.0,-0.7611585519469682,,0.0,0.07222864367823076,0.15599535447675308,-0.10595840801468019,0.13845749286622702,0.03995048760868547
1862,,0.0,-1.0131805376729188,,0.0,0.09261627230290385,0.09090112381419582,-0.06472025730663708,0.07304952059783772,0.07450488775409758
1863,,0.0,-0.9890805982634925,,0.0,0.19603647995971227,0.27613530230465505,0.28881268167295426,0.19383603166615837,0.1966875027832253
1864,,0.0,-0.0021632901758054544,,0.0,-0.03810894731875203,0.2342645788162468,0.2383363948561421,0.1778575424077745,0.1024282929063324
1865,,0.0,0.09548979008473252,,0.0,0.19156796771624915,0.044175063199591975,0.01579226239691368,0.08592864945655444,0.11447803449764972
1866,,0.0,0.697337491141471,,0.0,-0.42329437549673693,-0.0645347998082769,-0.13127330645547491,0.029691977804120112,-0.05218673028491051
1867,,0.0,-0.39001019902087997,,0.0,-0.41179380840028645,-0.26987623405494404,-0.38898598105533905,-0.5418969900011817,-0.3243854939470756
1868,,0.0,-1.2703536343584394,,1.0,-0.3434598302594311,-0.384292915201986,-0.5452401515456397,-0.4623580551410268,-0.4775427749782028
1869,,0.0,0.042049553757797155,,0.0,-0.1906584291772924,-0.2417960052742174,-0.3198379507315292,-0.3981886475301227,-0.19564982274416443
1870,,1.0,-0.17412799161533601,,1.0,-0.35135319694864287,-0.11850613989672198,-0.19361521926240985,-0.5309686752116316,-0.1409398894773629
1871,,0.0,-0.1819317291612908,-2.4,1.0,-0.5808335166684808,-0.5978639058656616,-0.6729476000519934,-0.9119855643863995,-0.6402042264584924
1872,,0.0,-1.0550071195819046,-1.96,1.0,-0.4935810470474924,-0.23542221397354166,-0.31636822431362993,-0.2823662164325017,-0.15245117164380448
1873,,0.0,-0.9318111428721088,-1.88,1.0,-1.6682671524806112,-0.7804169790833186,-0.8665632388022173,-1.404056535962872,-0.9422170912075438
1874,,0.0,-0.8728095528705957,-1.57,1.0,0.2547702222387171,0.19140906377226616,0.026852310003272217,0.09964051195678227,0.309614964745455
1875,,0.0,-0.35195835968627043,-1.52,1.0,-0.7103830476292046,-0.7507034773320697,-0.7943188491202969,-0.513467281111518,-0.4590476103053724
1876,,0.0,-1.4469727322530854,-1.42,1.0,0.20467588337158832,0.13178954648803715,0.0652536354873983,0.11474777387244671,0.1561359826695477
1877,,0.0,-0.2685808433763193,-1.4,1.0,0.07965148635546755,0.007961380931757038,-0.026219711075959592,0.04325860511460223,0.23833849420046155
1878,,0.0,-0.7738891011118398,-1.4,1.0,-0.3821831060853598,-0.45404713225886595,-0.24672071268008952,-0.06340573982400496,-0.23098547084864976
1879,,0.0,-0.9995245512773624,-1.3,1.0,0.23979520795815396,0.1707275281918489,0.02935710070049481,0.14423023866201096,0.12180521645175216
1880,,0.0,-1.1078684319989345,-1.3,1.0,0.03878869631547914,0.23128039508907897,0.1195487807660666,0.05266694788829671,0.22060095596428386
1881,,1.0,-1.0505712905011029,-1.23,1.0,-0.13738818591253715,-0.18815920792130789,-0.08567393170511657,-0.41551802559173223,-0.09426588042881509
1882,,0.0,-1.172866433992798,-1.23,1.0,0.35303542848745434,0.2740290405377241,0.1631849390900011,0.05324229641516358,0.5631440754907432
1883,,1.0,-0.6074629942854101,-1.15,1.0,-0.39881608302066646,-0.29277007835162033,-0.5054595806693334,-0.7043810916133424,-0.1923014665895273
1884,,0.0,-0.718988239688766,-1.14,1.0,-0.7227415003866442,-0.6116256423616833,-0.6806734315859665,-0.6866385324259715,-0.6619455638533651
1885,,0.0,-0.4739392322564899,-1.1,1.0,-0.18864977647785522,-0.05616712286502693,-0.0873376209387602,-0.11603777289417008,0.00958892563247566
1886,,0.0,-0.859252201021551,-1.1,1.0,-0.14543283330957105,0.03341498936311139,-0.06363545301083141,0.024322063626270842,0.13334285599860574
1887,,0.0,-0.8077046356805586,-1.03,1.0,-0.04931019386111516,-0.19329294461496258,-0.111180855793097,-0.20275963700170763,-0.4115981416819036
1888,,0.0,-0.6095853302629386,-1.0,0.0,-0.014834929581159218,-0.26622958282585957,-0.23798740154077447,-0.2272516441358662,-0.38104403486575783
1889,,0.0,-1.1487059025117812,-0.93,0.0,-0.7805804225180997,-0.84562785459005,-0.8911491596157992,-0.6191848728847488,-0.7339519291178004
1890,,0.0,-0.7952343119367031,-0.8,0.0,-0.8928381351510549,-0.8493975660274831,-0.8844474768488666,-0.7448527146062711,-0.7119875702955242
1891,,1.0,-1.0540191704419695,-0.78,0.0,-0.3615551550440059,-0.039204057735183706,-0.2773555082253417,-0.4512684864665305,-0.0007513515224275462
1892,,0.0,-0.9322447202240046,-0.73,0.0,-1.5695325758051826,-1.2789910226078274,-1.6903400606275651,-1.5689278296763642,-1.1873634722671016
1893,,0.0,-1.0173933681186154,-0.71,0.0,0.14642262074507406,-0.0008186826723208644,-0.023881143726006308,-0.1329991143570635,0.08461141884062644
1894,,0.0,-0.15607766569345552,-0.7,0.0,-0.2550181682131996,-0.22303563397104403,-0.38772467117549747,-0.44840021081602005,-0.31734843517692113
1895,,0.0,0.17122888718192858,-0.67,0.0,0.2833635526634497,0.2226743337312608,-0.10738201396981656,0.016169886116139686,0.2648686727735703
1896,,0.0,-0.7508262640245323,-0.67,0.0,-0.1401991084133499,-0.08376214335066856,-0.39592746569507165,-0.3728296255684519,-0.10468434729161921
1897,,0.0,-0.4985400538247458,-0.64,0.0,-0.3537079107358176,-0.49093246162864224,-0.38336327004297027,-0.41620342143260597,-0.3718131970667751
1898,,1.0,-0.628625678224008,-0.6,0.0,0.058950620002807735,0.05990694867196528,-0.0026835596445736708,-0.014835532562056618,0.23820669487354412
1899,,0.0,-0.6984959414442868,-0.55,0.0,-1.388328010931853,-1.247788779903011,-1.3148726355315723,-1.182336236052413,-1.3536612524058234
1900,,0.0,-0.1999417522802641,-0.54,0.0,-0.2312999004989722,-0.5597372399737703,-0.14475179963945958,0.00650964724602462,-0.10016951383684594
1901,,0.0,-0.5229686390921917,-0.47,0.0,0.07223990111525375,-0.027822294584526085,0.1322615710150427,-0.2293353730203794,0.11430818914919248
1902,,0.0,-0.5027334962537175,-0.46,0.0,1.0293768740505993,0.8519330731371397,1.097287467746127,0.23200488544773656,0.9814695574531644
1903,,0.0,-0.3513122032388914,-0.46,0.0,0.21792318334707933,0.10007676286080085,0.2202273272552951,0.11925064405182849,0.19029586191743492
1904,,0.0,-0.45995562471235996,-0.42,0.0,0.10680110588559569,0.14513566564006183,0.42570357581338336,0.018888448532265522,0.20419237655842365
1905,,0.0,-0.6119137412742068,-0.4,0.0,-0.09556079945577463,-0.6604386149068365,-0.007919998983251356,-0.1106715667005385,0.08701235888343237
1906,,0.0,-0.49570392268105085,-0.38,0.0,-1.2664813912706165,-1.2065879924655554,-0.7354930480963677,-1.315471635176696,-0.7629451364917355
1907,,0.0,0.3372816903406521,-0.36,0.0,-0.14529225943892377,0.20624265688374055,0.3336780234608033,0.061505643569807214,0.22731138498806924
1908,,0.0,-0.5109105883175821,-0.34,0.0,0.6117445618183708,0.5717336033896093,0.6670146679098139,0.48378408242895404,0.6263640964492757
1909,,0.0,-0.24502075241326632,-0.34,0.0,0.5121405083291068,0.5297972823215352,0.7454824384114104,0.36844821542398176,0.5166792624505266
1910,,0.0,-0.3410535266255635,-0.3,0.0,-0.11242666131131668,0.02315815259233271,-0.04637786369176537,-0.15881297308682177,0.05171320923810709
1911,,0.0,0.2934374292017148,-0.3,0.0,0.25383940395408183,0.24375894630683193,0.43250465082552,0.1467300337243439,0.2056870102872504
1912,,0.0,-0.47651913618458247,-0.3,0.0,0.23674257591131825,0.29939073941818184,0.15428982035675548,0.3584587704626336,0.17729437894809044
1913,,0.0,-0.04933450252431809,-0.3,0.0,0.22029615831741475,0.19034683221822046,0.3471360754809389,0.3010706449220901,0.09988552082476361
1914,,0.0,0.19840695610285702,-0.3,0.0,-0.16615533225729776,-0.3819764618550683,0.12594804900849532,0.02627877539359043,0.47269765776919087
1915,,0.0,-0.43081748360572397,-0.29,0.0,0.6640165421286914,0.6040986932565772,0.6895001958544899,0.6488559848014035,0.816118539453065
1916,,0.0,-0.33502666303011003,-0.29,0.0,0.3930502592035129,0.3512546717693259,0.41643035412254553,0.48518889021902367,0.42135462517763334
1917,,0.0,-0.8417417371298398,-0.28,0.0,0.925914202259101,1.028353184500108,0.6741995454732406,0.8696699130553167,0.8191036817216998
1918,,0.0,-0.1288810642719911,-0.25,0.0,1.129918849965005,1.1300758205179622,0.6557363880116748,1.187998710360171,1.2353558868419585
1919,,0.0,-0.5122957648059596,-0.23,0.0,0.6150058634770842,0.5171875148370748,0.4920706275547908,0.604749650339592,0.5610220223251924
1920,,0.0,0.0750203995726388,-0.22,0.0,1.0893548360278826,1.1802589464317013,0.5820319944803363,0.8754467811297184,1.116039088861761
1921,,0.0,-0.6377398187420148,-0.2,0.0,0.7117505564318184,0.6074524780433729,0.8113310843403555,0.6647294086470955,0.7706285105046706
1922,,0.0,-0.12367158356487816,-0.17,0.0,0.642851045530339,0.9511241221267381,0.4991267597032763,0.7148375905817159,0.6911229157148394
1923,,0.0,-0.11148105798005879,-0.16,0.0,0.8188586190469833,0.5629993724059943,0.36299744541037304,0.9214523224870811,0.969569749496192
1924,,0.0,-0.2328501528466173,-0.16,0.0,0.5632747767472428,0.5303427568468434,0.3334799047337941,0.5309449129793128,0.6414691458884394
1925,,0.0,-0.3623316885424929,-0.16,0.0,0.3933066141694019,0.28686944640941,0.516221052009461,0.7253333912798153,0.6704595954543816
1926,,0.0,-0.6930564002743766,-0.15,0.0,0.804525958590242,0.751780518891181,0.4627414754768096,0.8848983594043746,0.7021545866542376
1927,,0.0,0.0053353629669836465,-0.15,0.0,0.40975538603802075,0.3660596690653317,0.5233704721715962,0.0782288601139205,0.4807268065486441
1928,,0.0,-0.8205417789822897,-0.15,0.0,-0.10550978609888452,0.04598793280202232,-0.10481038530394071,0.02856481735085052,-0.07050674875761782
1929,,0.0,-0.24138593471568545,-0.15,0.0,-0.3115024328930943,-0.28203612935859124,-0.15130765505114913,-0.09701491356590526,-0.4190311243496106
1930,,0.0,-0.4299121942609872,-0.14,0.0,0.10722348138551419,0.07995336875747293,0.27687615355220013,0.18348857577821004,0.2715381299647056
1931,,0.0,0.5239332901555613,-0.13,0.0,-0.02801760360423863,0.036910481648274845,-0.37638958037140413,-0.29122643733940823,-0.12869276193774395
1932,,0.0,-0.6108286028188253,-0.12,0.0,0.1905939833571917,0.5302976543417073,0.3264101027812851,0.22746148509242872,0.1556583876977654
1933,,0.0,-0.1343921006304151,-0.12,0.0,-0.062242474238498914,-0.04490900709924297,0.12117653485789638,-0.06881627276842288,-0.05277387779211615
1934,,0.0,0.0315858764481777,-0.11,0.0,-0.03907959050870291,0.13928594149552614,0.09403714666545282,-0.11927079659588725,-0.06402893725069138
1935,,0.0,-0.3527608928417941,-0.1,0.0,-0.10017453090851676,-0.16311901901058193,-0.111301505923592,-0.16826260356294898,-0.04437704703705617
1936,,0.0,0.021380920538124397,-0.1,0.0,-0.0013765934033450828,-0.09951342348233323,-0.05740967288250917,-0.07391457596900906,0.037193112049616665
1937,,0.0,-0.3017933036564276,-0.09,0.0,-0.28131075506019787,-0.4585555574904912,-0.3632713017827401,-0.032880921748260766,-0.5125185390050088
1938,,0.0,-0.313331961255434,-0.07,0.0,-0.4983024420631984,-0.776194910269857,-0.4779044114573604,-0.31916385855850904,-0.18444458126980456
1939,,0.0,0.14037253164547822,-0.07,0.0,-0.646709780654774,-0.6073278393920989,-0.3956565033292728,-0.3444280656117397,-0.3988793529167112
1940,,1.0,-0.21915473769167243,-0.06,0.0,0.18141105443906771,-0.047206978265860906,0.046748932703643505,-0.09749513311736266,0.20011961985393076
1941,,0.0,0.03221515383144729,-0.05,0.0,-0.2701702585575791,-0.20747611371160013,-0.5127153288287482,-0.2294679439413657,-0.2810376676529321
1942,,0.0,0.0709799635449097,-0.05,0.0,-0.9880882463250265,-0.7503770345852695,-1.2071280947892031,-1.0350201939376054,-0.8205470979837548
1943,,0.0,-1.1254945023848386,-0.04,0.0,-0.3240016967179704,-0.13129678551346965,0.01680026973005963,-0.5444731784611306,-0.057118337622410545
1944,,0.0,-0.31589595764820666,-0.04,0.0,0.8660287931790683,0.9736388426967366,0.7600396700073965,0.7395855612294793,0.7951865401928211
1945,,0.0,0.04665107996631938,-0.02,0.0,0.7458152188355981,0.7647497656016171,0.6608268720218378,0.7091779086501893,0.9403468482921461
1946,,0.0,-1.0394700291214993,-0.01,0.0,0.42119512574928464,0.42479231958679115,0.45094501290578165,0.19233858486288696,0.5377302384601957
1947,,0.0,-0.10809007096947415,0.0,0.0,-0.07409875691497672,0.2800845027066225,0.52433336384583,0.10092977319905773,0.3909727646846919
1948,,0.0,-0.10182690679972196,0.0,0.0,-0.7834551240185016,-0.8341035810195302,-0.4702822168693439,-1.0027141461715783,-0.19769813409852582
1949,,0.0,-0.577410269130838,0.0,0.0,0.6145472850492087,0.5989039931445579,0.5995918691645736,0.598120561850896,0.5206969482768894
1950,,0.0,-0.01644179165567395,0.0,0.0,0.4879082219764204,0.766010362559169,0.5737066642883465,0.6641568639724598,0.5460367015220977
1951,,0.0,-0.5072385582658816,0.0,0.0,0.052201044076442306,-0.25002455944606705,-0.006912080052748535,-0.5249081467647084,0.5640342360124871
1952,,0.0,-0.7405432808097028,0.03,0.0,0.4467423772574035,0.7838130164443362,0.44346362632256436,0.5967770218650528,0.5630254112616655
1953,,0.0,-0.03241017223180652,0.04,0.0,0.28873374510104355,0.517445196610945,0.4253608178459578,-0.1926218411372401,0.4992962893868481
1954,,0.0,-0.069871798830214,0.04,0.0,0.49445922360623035,0.7908450041608431,0.8473614630970537,0.6526087268579477,0.8262740312371266
1955,,0.0,-0.46665945365045913,0.08,0.0,0.4741453471480263,0.8714363387027179,0.7561542225494845,0.4887615852872227,0.9283202094637937
1956,,0.0,-0.2561108827588578,0.1,0.0,0.22526518481228902,0.38842786196823464,0.37672314578065536,0.16384713581683633,0.6277160612437763
1957,,0.0,-0.09642288453336749,0.11,0.0,0.8526668310416716,0.47121678430733366,0.7671647952447267,0.3216713465839081,0.6544053754378636
1958,,0.0,0.19709902168619348,0.11,0.0,-0.09716796430608465,-0.15331863902593065,-0.031200158975729426,-0.22696952965984113,0.08019997010130377
1959,,0.0,-0.41459858388435256,0.15,0.0,-0.04038497305670939,-0.16594634602769104,-0.10801988670604175,-0.20683723179974509,0.11728703219622809
1960,,0.0,-0.16353373753113898,0.16,0.0,-0.20351738347968285,-0.10511214972344177,0.06492385564159658,-0.15408267413543072,0.025834917848902
1961,,1.0,0.08130576870920422,0.16,0.0,0.24871808495087808,0.458798372192172,0.46370567060612994,0.2172866537431567,0.5815509130034686
1962,,1.0,-0.09758879014020895,0.18,0.0,-0.6174395634749419,-0.16137953472920064,-0.43743478507666683,-0.698403467083113,-0.4965756212359487
1963,,1.0,-0.16810153690237276,0.2,0.0,-0.8994614890737419,-0.6213223622077292,-0.53835453846365,-0.48785635553949463,-0.6550237719297386
1964,,1.0,0.5254369402211438,0.2,0.0,0.1207523133643855,-0.040576458854722774,-0.17191624730569882,0.15238691043834296,0.04858143681980087
1965,,1.0,0.4319435864471194,0.2,0.0,-0.7258423225987476,-1.0198573364345853,-0.6628412388830669,-0.8070260563208395,-0.6002289564073736
1966,,1.0,0.4296996420068979,0.22,0.0,-1.3356864443473586,-1.5260832451025144,-1.038018646145221,-1.0116803167976194,-1.0259017205263685
1967,,0.0,0.029331699394479768,0.27,0.0,-0.5152645818089884,-0.6820415655875413,-0.7142083261205411,-0.7149185361519235,-0.8059189399483982
1968,,1.0,0.2306750386238212,0.27,0.0,-0.24189167191966995,-0.2932912731874541,-0.2530551409367021,-0.27583797664597814,-0.2613568301974131
1969,,1.0,0.17553589096283834,0.27,0.0,-1.0636069681907059,-0.9155542759987886,-0.6350906124901736,-0.6145542959282962,-0.8476806636242576
1970,,0.0,0.19194072907148593,0.28,0.0,0.029337877889435357,0.24723375675854253,0.26415893714199884,0.25971233402168775,0.2746188971913179
1971,,0.0,-0.5446076617527192,0.3,0.0,0.019020193582744732,-0.03524175379055404,0.09771809860043235,-0.08121740068204258,0.18909457937236943
1972,,0.0,0.45939467612700974,0.3,0.0,0.026579879455915185,-0.12396370181675004,-0.07373141987806354,-0.23860775917938182,0.10135051469828782
1973,,1.0,0.10846711469483838,0.3,0.0,0.2979538737283091,0.2248490229435497,0.49525958760199584,-0.06775157107599993,0.4232352653177787
1974,,0.0,0.23311966527146158,0.32,0.0,-0.8161621904719626,-0.7677717332384033,-0.6597323055692121,-0.9126081194734244,-0.845779866902155
1975,,0.0,0.3076709936164719,0.33,0.0,0.04888969173656587,0.20884534809656155,0.3759196321346285,0.3150089929007825,0.5243231087654363
1976,,1.0,0.21814707828583396,0.35,0.0,0.6667757952357496,0.6985577897687221,0.6334478210390504,0.3434618447535984,0.3527649510465882
1977,,0.0,0.029756954537739567,0.38,0.0,-0.41194941074360314,-0.5092274516325342,-0.5149044579842498,-0.36594294948160544,-0.3743203353970696
1978,,1.0,0.31005215592235796,0.39,0.0,-0.13237499428752106,-0.07550791082007172,-0.068990876401982,-0.31517306003956497,-0.1973263693845716
1979,,1.0,0.389561496642073,0.4,0.0,-0.2952200776246872,-0.1852077851856153,-0.32271029125046446,-0.007715167967856121,-0.04492524944243304
1980,,1.0,0.6268202374015258,0.41,0.0,-0.9317568224265395,-1.0633236756756113,-1.0082673014322778,-0.8178826750314966,-1.0470747298414493
1981,,1.0,0.2131077514721699,0.42,0.0,-0.4601963753152556,-0.35415556689458033,-0.5049549971697608,-0.561780189010505,-0.4457696238135255
1982,,0.0,0.055193690200981756,0.44,0.0,-0.31883326405685913,-0.10028949394934183,-0.3668079715566703,-0.1578910504422027,0.02349396574885561
1983,,0.0,0.09774319153233028,0.45,0.0,-1.2998446099867251,-1.1648931313332143,-1.210028475515046,-1.2750448684923272,-0.7028644322487502
1984,,1.0,0.13818150714808797,0.49,0.0,-0.9881171050467521,-0.6248792563390271,-0.924667490008015,-1.0116074913825301,-0.6130629851816907
1985,,1.0,0.7753650149862747,0.5,0.0,-1.4316154607088671,-0.7115184824220152,-1.18547833308771,-1.7685721508265382,-1.5448515300557424
1986,,1.0,0.4092654721846649,0.56,0.0,-0.7398413072903081,-0.47612026652026224,-0.674912993749864,-0.4669522255272758,-0.6787787535010064
1987,,1.0,0.45133583158849133,0.56,0.0,-0.12386772147994754,-0.22889145343262338,0.041653997806028124,-0.08166184734613476,0.22937358334660715
1988,,1.0,-0.10147848246379444,0.57,0.0,-0.8228093333649287,-1.1142920622150763,-0.9156796635863319,-1.015598949781971,-0.8555250580164953
1989,,0.0,0.25572239266925384,0.6,0.0,0.009887316338553862,0.3038835408611776,-0.16417470523836428,0.20195127054290563,0.45816267999370364
1990,,0.0,-0.030744020940372485,0.6,0.0,0.48530819517126916,0.5982099171575835,0.6760731516590023,0.5429941096643354,0.7223431575239937
1991,,0.0,-0.5875877183942622,0.6,0.0,0.14478760992004083,0.03328992973990863,0.3358562198061329,-0.17483881644551288,0.252564751880055
1992,,0.0,0.5219761377229154,0.63,0.0,-0.19120935042401033,0.3383172982443409,0.19178689843415228,0.13342890145481026,0.5354894921245266
1993,,0.0,0.2350612413054513,0.64,0.0,-0.3215416265900551,-0.83615193633823,-0.38513527481301213,-0.18901939854514993,-0.28776117774760296
1994,,0.0,0.2730135877556255,0.7,0.0,-0.8815082288545406,-0.7658400859890527,-0.9410204949379521,-0.9480215412219857,-0.7119654008075622
1995,,0.0,0.6754982705755743,0.78,0.0,-0.6672132637695729,-0.8101895215564922,-0.5071527848095168,-0.6170263591957803,-0.2648505025772062
1996,,1.0,0.7345422486198162,0.8,0.0,-0.9640138458305038,-1.0233039363522094,-1.0013827603518,-0.8543925413775711,-0.771276880027341
1997,,0.0,0.8482210241345075,0.8,0.0,-1.227954340466591,-0.967278723315408,-1.017401533893902,-1.1259958042374754,-0.8474597095639635
1998,,0.0,0.6763789253134073,0.8,0.0,-0.8957180812955762,-1.0389861345753237,-0.801530275870582,-0.7137516152035195,-0.980315922496954
1999,,1.0,0.46474931525791496,0.85,0.0,-0.896974735675269,-0.9998344797027471,-0.9647648714302893,-0.8882246757834075,-0.802464398173192
2000,,0.0,0.24634104142827526,0.85,0.0,-0.9053259784532172,-1.0568564070176265,-0.5664827233165605,-0.7734923242500326,-0.10924371512608902
2001,,0.0,0.5923945940980275,0.88,0.0,-0.9336233372233538,-0.8539529452575593,-0.5163199966561736,-0.9340054172760119,-0.7233710806720183
2002,,0.0,0.9290533658291927,0.9,0.0,-0.7864068159702224,-1.035782840779883,-1.0629553457924068,-1.035428689634101,-0.9352909839591962
2003,,0.0,-0.1415052275775021,0.9,0.0,0.0367055331932281,0.10853851935273642,0.22668826270316503,0.22206741948491993,0.08659333063300124
2004,,1.0,-0.6825752620500564,0.92,0.0,-0.25508301076198003,-0.10180326285143149,0.08253759058928514,-0.3802407219246397,0.19444975513139778
2005,,0.0,0.5476601427394493,0.97,0.0,0.728482844102667,0.6100451907777101,0.6742526479952048,0.6652270627305472,0.7031635002273979
2006,,1.0,0.784619012982703,0.99,0.0,-0.21254245464172508,-0.19244985942544995,-0.20480196422972605,-0.7721594159342312,-0.647366816286079
2007,,0.0,-0.3194510105702941,1.0,0.0,-0.9203175520062963,-1.0450280818789401,-0.9366551138020508,-0.9523668177597664,-0.7887955132845859
2008,,0.0,0.18019718806781299,1.0,0.0,-1.220703550750555,-1.1633813651557128,-1.0967978922200396,-1.316465417442634,-0.8961537738736564
2009,,1.0,0.7302188633900971,1.02,0.0,-1.199586513994618,-1.4369758405606305,-1.0158173764583476,-1.0484160264458273,-1.0547516858823993
2010,,1.0,0.5270785211672896,1.03,0.0,-1.2780361767609074,-1.2803730755642224,-1.2751554426203175,-1.4329356175551253,-1.1837307078331638
2011,,1.0,0.4911055263734682,1.03,0.0,-1.732367575408385,-1.4015579159659137,-1.6046912830974933,-1.836690757011986,-1.5036381814718098
2012,,0.0,0.8434291523202807,1.04,0.0,-0.8812264586378273,-0.5741299793176229,-0.6253657099881281,-0.7626703887136094,-0.6308432725005657
2013,,0.0,0.38452135921076785,1.08,0.0,-0.811385705965602,-0.8247823335540875,-0.7595550135112001,-0.6901414681279747,-0.3179895232447973
2014,,0.0,0.8281768450233562,1.3,0.0,-0.8189525247372971,-0.6752458236878773,-0.4491905521457428,-0.6163058123196398,-0.5909949382993642
2015,,0.0,0.3801066882037666,1.32,0.0,-0.8514558121492203,-0.8912357732374431,-0.5154146556890361,-0.6175486633529574,-0.43118166044708955
2016,,1.0,1.0479800826576495,1.44,0.0,-0.46648233677304124,-0.7041413635557631,-0.6906737948502616,-0.6450918429728589,-0.40317767071091953
2017,,0.0,0.4637969638748368,,0.0,-0.9193490339074496,-0.9165629760374502,-0.8660336811874467,-0.5388661842187165,-0.56179726102647
2018,,0.0,0.3954520342554124,,0.0,-0.8724550078383994,-0.7282616727471886,-0.5976714776108485,-0.6915752800348475,-0.4765201047579685
2019,,0.0,-0.14373873979810142,,1.0,-0.7113625165002857,-0.42004176766276197,-0.42759817792411486,-0.31960852860533584,-0.42314954899626084
2020,,0.0,-0.9847169195885922,,0.0,-0.28326586536315534,-0.06254994830314226,-0.060744797180398075,-0.23460669383742896,-0.15245700972349965
2021,,1.0,0.3752332700819512,,0.0,-0.9128815029442239,-1.1701193201766047,-0.9322274026957398,-0.8419233926003521,-0.7681753414807166
2022,,0.0,0.5781888718012089,,0.0,-0.37524931154240254,-0.17726604375423888,-0.14178564442764294,-0.22997402121123486,0.3058366203455716
2023,,0.0,0.6196891167359402,,0.0,-0.20876846088047177,-0.09115088539186575,-0.14839830993786313,-0.17010387015682205,-0.34229343464055784
2024,,0.0,-0.9475224290049477,,1.0,-0.5666589177340237,-0.24231529784079106,-0.13613101921003062,-0.47862662735702116,-0.08511188682846704
2025,,0.0,-1.0648344116127386,,0.0,-0.08347962176698415,-0.20136169149070965,-0.03380505224861735,-0.14726402938842284,0.0342909172659261
2026,,0.0,-0.5123267869213592,,1.0,0.12688193496815778,0.11656207500780533,0.027455184917297516,-0.08095725398157423,-0.04120802398974147
2027,,0.0,0.04437273375317066,,0.0,0.3212343652165702,0.3563347580586665,0.36860930569502626,0.43057418211575155,0.4185985228452231
2028,,0.0,-0.4297363800787801,,0.0,-0.4661185018207051,-0.5671819921016568,-0.3188851391286668,-0.7449485452961726,-0.5962422228912259
2029,,0.0,-0.825587633740861,,0.0,-0.038326893181681594,-0.13034499565013377,-0.027890026283788887,-0.016023089156503918,-0.07592339964831156
2030,,0.0,-0.7889862630640764,,0.0,-0.7654187729895251,-0.6938350991768591,-0.7207426134576654,-0.5443795539356152,-0.6689137973293324
2031,,0.0,-0.7171366909282353,,0.0,-0.42436892835435114,-0.5552610382873393,-0.41879687913755864,-0.8532066815788074,-0.6028932786926239
2032,,0.0,-0.6851661973392924,,0.0,-0.8338762749945302,-0.89285753390568,-0.6587391744847707,-1.0147363078922644,-1.0438109794512183
2033,,1.0,-0.7086335282842271,,0.0,0.45923166222165457,0.4648228081843647,0.832168521105609,0.4325596855093183,0.7002006075443832
2034,,1.0,-0.9328496557521541,,0.0,-0.7944763486743126,-0.8078583353988097,-0.7921177732013119,-0.7538040111965983,-0.5375825985407567
2035,,1.0,-0.8406421803880093,,0.0,-0.058827449666184715,0.05001928072265406,-0.1221723575609351,0.06992143190366014,0.05437272852816178
2036,,0.0,-0.7668773983212924,,0.0,-1.3547460081207185,-0.8956986222397814,-1.077250096107991,-1.0427367750118848,-1.2327948234839696
2037,,0.0,-0.3612948169671206,,0.0,0.8896783361980841,0.9356124642818964,0.8669548640446255,1.0392487218738216,0.9010967670838294
2038,,0.0,-1.1085273670505735,,0.0,0.24028329580270302,0.38666186653767504,0.3568875063023293,0.3493731439267349,0.24003321039372844
2039,,0.0,0.5182357891213752,,0.0,0.21311476763002932,0.5508772752921884,0.4393895672670006,0.28267796560080005,0.3741886502716425
2040,,0.0,0.2200014443396586,,1.0,0.6697331163446564,0.7918239250291917,0.8531392898765686,0.6909913182114245,0.9490567794174224
2041,,0.0,-0.8313527337876755,,0.0,0.8342718853638159,1.2080750442392645,1.0098842852647438,0.9589700105593834,0.9582309867949226
2042,,0.0,-0.26419991922949065,,0.0,0.8449507183628819,0.6078108903109688,1.0336191159292598,0.5138081073235865,0.7039065557150611
2043,,1.0,-0.7634751795663061,,0.0,-0.9295234682145975,-1.0911908311136467,-0.6993200178550504,-0.7107799456559784,-0.7553798038113348
2044,,1.0,-0.9468377385393949,,0.0,-0.861429103670149,-1.088161393836473,-0.6338122092544246,-0.6550827652683604,-0.6216062225487784
2045,,0.0,0.3071349339164096,,1.0,-0.5232712930985203,-0.585593537754297,-0.5096320371469986,-0.5700755181427944,-0.7593440286283957
2046,,0.0,-0.9013635346745129,,0.0,-0.054912273850993516,-0.337842659222427,-0.019001678757920963,0.12306243461611371,0.1860971669553563
2047,,0.0,-0.970329094514878,,0.0,-1.0776204978522161,-1.0442620388558146,-0.8556640143103159,-0.96700204506702,-0.787509769714611
2048,,0.0,0.3149254157686832,,0.0,0.17935375522280753,0.09740603848660905,0.1498124760292201,-0.07116622049323224,0.17029453361246985
2049,,0.0,0.3907459057750166,,0.0,0.5950374388263594,0.5035505836065898,0.571118413777355,0.27312957885626077,0.5076061664389149
2050,,0.0,0.04500045446965434,,0.0,-0.537999227120888,-0.39992427189225493,-0.38265154795338013,-0.41268023939742104,-0.545759632506879
2051,,0.0,-1.3094825370431493,,1.0,0.029457044293352726,0.04242820382845031,0.20379623920839493,0.047911258369699526,0.04468449659552322
2052,,1.0,0.6818970938816353,,0.0,0.33841255455152836,0.29716823760027883,0.43085286633554026,0.31017908343129147,0.5230382977696836
2053,,1.0,0.014387829493387119,,0.0,-0.8969405829994573,-1.2736640281751792,-0.7197271992593257,-0.8899864387501121,-0.6658533207510202
2054,,0.0,-0.2657324494429726,,0.0,-0.8272186018600448,-0.8234978149949441,-0.7019618663836076,-0.5005640480453402,-0.6369317429547802
2055,,0.0,-0.08063785582668652,,0.0,-0.1551601286327844,-0.5590007385102496,-0.5696071205859958,-0.4720989406728399,-0.5712149366185129
2056,,0.0,-0.9464857591345867,,0.0,-0.4070273689844774,-0.5151875536933475,-0.6285910804683206,-0.46589360031799587,-0.3345937361183259
2057,,1.0,-0.902690417887782,,0.0,-0.9218146015017649,-0.961255768860159,-1.0133397082543556,-0.8043826493282824,-0.8493719159284937
2058,,0.0,-0.8888306837725183,,0.0,-0.3600339687373274,-0.4705883881956668,-0.3358581757921512,-0.49596788232656536,-0.5418941980388567
2059,,1.0,-0.9832647241931146,,0.0,-0.7517460296110333,-0.7778703561757856,-0.6573763795596601,-0.7023406682972965,-0.584749231449788
2060,,1.0,-0.9437404288014721,,1.0,0.35949113199384936,0.4549425416768297,0.6527959102705319,0.4831349441676287,0.568427603436409
2061,,0.0,-0.9715636295936495,,1.0,-0.8233221269715459,-0.8979372818575935,-0.885610285949303,-0.7834782322427964,-0.9754442879725895
2062,,0.0,-1.2487131093015487,,1.0,-0.3523924689118348,-0.3483015791415959,-0.47509136826494486,-0.07310499848944028,-0.39034893483883154
2063,,0.0,0.19578295173854451,,0.0,-0.7421241328428033,-0.6111267707641838,-0.7188290857403047,-0.8092550110563845,-0.651990046421898
2064,,0.0,-0.929719680504524,,0.0,-0.9613905777286409,-0.5082805815669681,-0.6194386068442522,-0.9646759998463945,-0.8891836609585166
2065,,1.0,-0.6348891254897322,,0.0,-0.21270837138287182,-0.3448753419285591,-0.21111118870045403,-0.4235075304724602,-0.4019158044228133
2066,,1.0,0.26413072262247644,,0.0,-1.1514245198190027,-1.1009956081944001,-1.3418439310686816,-1.0351094103505214,-1.0286712672475702
2067,,0.0,0.17667321649118936,,1.0,-0.8601700321385577,-0.6227058538824315,-0.7475497079067897,-0.7550863061729819,-0.7544647317653
2068,,0.0,0.21362646927663723,,0.0,-0.49539675914353165,-0.4085157111408368,-0.27325305930541344,-0.3555419143380557,-0.24426422802197054
2069,,0.0,0.5524603143126927,,0.0,-0.5943158677428685,-0.46431339933549276,-0.4071390742021217,-0.5514008376553733,-0.19969270734343886
2070,,0.0,0.32735468819333713,,0.0,-0.980378019210852,-0.789261582270838,-1.0799748312875428,-0.9456012292844701,-0.8187983497810796
2071,,0.0,-1.1201970128109044,,0.0,-0.6103415846711054,-0.6260596427376527,-0.4761613644792948,-0.6235145338923298,-0.29288657528811074
2072,,1.0,-0.7328181436764275,,0.0,-0.26619879083515646,-0.6369260736019475,-0.517156804024696,-0.3812131161450227,-0.5284062585840562
2073,,0.0,-0.5549802285664659,,0.0,-0.3654449764300121,-0.4090061646550642,-0.20599908380613516,-0.3451112068980289,-0.13519436843449262
2074,,0.0,-0.4537364863355773,,0.0,0.11077359546038423,0.03479202157517509,0.23006753406315586,0.26585342971398157,0.27991239235139836
2075,,1.0,0.4522350161766027,,0.0,-0.9196057595570661,-0.776816837324728,-0.7581760291976826,-1.0023359468263957,-0.7174970877145662
2076,,1.0,-0.03414961336743242,,1.0,-0.8337629563992568,-1.090057816848221,-0.5318224278573951,-1.1742467760957345,-0.2374945276244192
2077,,0.0,-0.25271838943384645,,0.0,-1.4564062261090343,-1.380635994654347,-1.2553340695911142,-1.354926261798006,-1.054122888293841
2078,,0.0,-0.047035491795148446,,0.0,-0.5588058735525301,-0.6243704018046743,-0.7211422938043464,-0.48684752067072523,-0.5158224501094235
2079,,0.0,-0.7192979158939774,,0.0,0.0767821336524431,0.12151526807405741,0.40401516982499697,0.257330031027654,0.3219295025040201
2080,,0.0,-0.3301151915844385,,1.0,-0.3970283573466952,-0.1495659355190433,-0.25059814508379297,-0.37869123776764757,-0.32991887607456527
2081,,1.0,-0.959081513883918,,0.0,-0.1770036292259373,-0.17310079632597755,-0.08456107787957716,-0.13119222866455962,0.17148859152033377
2082,,0.0,-0.08168340574809616,,0.0,0.09249165933761454,0.0015938549365816514,-0.05133512070654367,0.10572223449849961,0.03885929334921105
2083,,0.0,-0.10773610835801554,,0.0,0.3019836983118792,0.366246199609686,0.44328015413342087,0.2370109947359021,0.3797440697533818
2084,,1.0,0.8071309509013339,,0.0,-1.5834024112194778,-1.2152949914690625,-1.6864343181990213,-1.7255807502175038,-1.197188148411794
2085,,0.0,-0.09723440002346377,,1.0,-0.5920902132393027,-0.4242775207986336,-0.5759412839030631,-0.28901177781861886,-0.47183200757717203
2086,,0.0,-0.5191038423849532,,0.0,-0.030856573795013175,-0.028764209882703205,-0.15351766988947274,-0.289380680398443,-0.4162255959849522
2087,,0.0,-0.2991594657531506,,0.0,-1.0428861063000214,-0.9158831044916969,-0.9104079033488822,-1.423672354846277,-0.8167957092848191
2088,,0.0,-0.24228777471947985,,0.0,0.25789010116183,0.21284160799520957,0.21712908825265095,0.14206989299085848,0.32238663274739476
2089,,0.0,-0.2879596309264955,,0.0,-0.33332993259888943,-0.7838037082623956,0.07162975871272932,-0.11307312079689869,0.23409211016641532
2090,,0.0,-0.460284605083274,,0.0,0.5590083248545706,0.4569077191657636,0.40052714607097933,0.48457314217156733,0.5402798465173563
2091,,0.0,-0.01744413221163491,,0.0,0.08403799656957192,-0.06841199335042529,0.21417563438167694,-0.008565540808281404,0.30568289309033164
2092,,0.0,-0.04508449843165114,,0.0,-0.16392612270079066,-0.1276336642307954,0.04807013072332379,-0.1460703000627483,0.06696761014920484
2093,,1.0,0.05043714616835075,,0.0,-0.844038923515088,-1.1885532955428748,-0.8404644561083526,-0.9048285901100052,-0.6982860581778326
2094,,1.0,-0.3306474944158102,,1.0,-1.553429310358511,-1.2439363980574634,-1.1463536870901083,-0.8872211212662257,-1.0428760418344731
2095,,0.0,-0.9448189279818937,,0.0,-0.8484024826046166,-0.6191582778628654,-0.8078090440153863,-0.6557903248523379,-0.6632826781707859
2096,,1.0,-0.5669830591419744,,0.0,-0.6411919405447825,-0.6140073849464733,-0.6669678818783463,-0.5672801327538128,-0.5474100006690424
2097,,0.0,-0.14026823922109202,,1.0,-0.3535723282859257,-0.7952384419582854,-0.4263901476837482,-1.001232604712622,-0.35329683392082534
2098,,0.0,-0.02280821709229691,,0.0,-0.5037203339628687,-0.5130022856949852,-0.7433746540283985,-1.164064004454331,-0.5890516936351273
2099,,1.0,0.11868920104921767,,0.0,-0.7485377254613369,-0.59564234401481,-0.6939895159331294,-1.1546468481677916,-0.9043636060009324
2100,,1.0,0.7940777059727423,,0.0,-0.04040422027879046,0.18949722274744293,0.10425207889150223,0.1913325301163585,-0.16322705581074173
2101,,0.0,-0.4880096502566347,,0.0,-0.42100065620674687,-0.5536440207937288,-0.6755563774019542,-0.48889205639091843,-0.4810314840711307
2102,,1.0,0.6357647194263333,,0.0,-0.6350675397541592,-0.6734938004715573,-0.34787848904613017,-0.6450015301712542,-0.3025563067064955
2103,,1.0,0.1416167671084043,,0.0,-0.008737886584022104,0.046702812843001984,0.09991637287902799,0.016096289913094655,0.24073456803405208
2104,,1.0,0.22578975177225383,,0.0,-0.1502409025953806,0.11132043437291822,0.14670376106575883,0.07443945563072145,0.2857049663296818
2105,,0.0,-0.06377194431246061,,0.0,-0.17727161449955728,-0.20287842818408824,-0.16212974375521713,-0.0786776850427322,-0.3869814863879231
2106,,0.0,-0.3045615149621597,,0.0,-0.5764439568490833,-0.6722821548274637,-0.8449109958848176,-0.5236443812786813,-0.7519751225821267
2107,,1.0,-0.1424333022684114,,1.0,-0.48552042956200897,-0.38125838519167726,-0.019372035959247802,-0.4765006625086098,-0.4171609997759426
2108,,1.0,-0.6022534926336348,,0.0,-0.2751844768076237,-0.6215153621692513,-0.422216436093901,-0.6781899794062444,-0.7298587539067277
2109,,0.0,-0.07298745251976538,,0.0,-0.7347906720342439,-0.9646679392793117,-0.5865316835777388,-0.9051319502351394,-0.7787437746225251
2110,,0.0,-1.3184429622451368,,0.0,-1.0751950124032148,-0.9618914256040554,-0.7474527912742961,-1.1317363172572275,-0.7155086810061195
2111,,0.0,-0.6432391982115302,,0.0,-0.8077556720801848,-1.0494351559689115,-0.9316029289527754,-0.9179895374870953,-0.752766178987043
2112,,0.0,-0.5678572331892013,,0.0,-0.8178795031488951,-1.044127668402754,-0.8770843279100551,-0.939600540000679,-0.6822602115851846
2113,,1.0,0.021673347796317865,,0.0,-0.9640894741738332,-1.1783634381809587,-0.9443780590962778,-1.323093490502505,-0.8947140211690312
2114,,1.0,-0.032930271042853294,,0.0,-1.081023091075841,-0.9131865329127484,-0.6948148157567335,-0.9530710894397991,-0.45286551704822037
2115,,1.0,0.08385063501426245,,0.0,-1.0298438921376731,-1.2195017977197058,-1.0833454949763903,-1.345451854342206,-0.9132334582094083
2116,,0.0,0.49454145560375684,,0.0,-0.954417616657206,-1.3388202715726023,-0.9082705230942498,-1.0450344504306472,-0.926070114138896
2117,,1.0,-0.11021123224014048,,0.0,-1.5168380222147368,-1.1473947749119875,-1.3096514856854067,-1.4140588699282453,-1.2716421757188552
2118,,0.0,-0.5217494212138163,,1.0,-0.9437918112545399,-1.0443945508347796,-0.8572799207173811,-1.0453186809820154,-0.5692501998470874
2119,,1.0,-0.17373951690017667,,0.0,-1.0032443480304345,-0.750746751805598,-0.6818020449025874,-0.8389828524266563,-0.4136290046673447
2120,,0.0,-0.7425793784232945,,0.0,-0.8441896811513233,-0.9638952075775915,-0.7647418613398144,-1.0475668094773687,-0.5806299969663301
2121,,1.0,0.3324906173304456,,0.0,-0.6548469114546698,-0.638164686797501,-0.7151862779058137,-0.9579660561975987,-0.5668875484457662
2122,,0.0,0.3907767261917715,,1.0,-0.5261612515951553,-0.4563864895672851,-0.49648729753910353,-0.7735969889532248,-0.5224125690185172
2123,,0.0,0.40640684237186564,,0.0,-0.8305454003087608,-0.5599519703300335,-0.40159410647435384,-0.7654712177970068,-0.14269629336392184
2124,,1.0,0.5055393907786788,,0.0,-1.0582458124176588,-0.7968962391885047,-0.6923669592814048,-1.0177987655829734,-0.5934543290446552
2125,,0.0,0.011151723126577312,,0.0,-0.9562696755470105,-1.1034772866392455,-0.9049408415698451,-0.9922051121221346,-0.8113528126308374
2126,,1.0,-0.46129503846715647,,0.0,-0.9751449829793022,-1.0760771819451287,-0.9217111713036805,-0.9926896371496083,-0.8076169019331846
2127,,1.0,0.8561678430483507,,0.0,-0.846258061085377,-0.8012664657608392,-0.8349210262103397,-0.9803946079234492,-0.5904634838829199
2128,,0.0,-0.083506120403935,,0.0,-0.2904285817989593,-0.053408771577334174,-0.14442953543348186,-0.15530510191463898,-0.12021230945556717
2129,,0.0,0.3795543606499147,,0.0,-0.03082646108105275,0.014477987826774855,-0.2522828909541707,-0.009293907518390973,0.020384116717483216
2130,,0.0,0.3653685568909066,,0.0,-0.5899829807114554,-0.7020091164285018,-0.7461935278459965,-0.6402275604749437,-0.7251964163232602
2131,,0.0,-0.06404817494191671,,0.0,-0.6335178226715201,-0.5708933654605425,-0.6731023790811461,-0.8314801027467146,-0.725881111840363
2132,,1.0,-0.31277161559790034,,0.0,-0.8246434947612237,-0.7938419141870732,-0.8218366900549535,-0.6053474126955515,-0.6141853501278036
2133,,0.0,0.012453123676747743,,0.0,-0.5255119953050781,-0.782593071268588,-0.7644116455371054,-0.7507463990410099,-0.5096880788250294
2134,,0.0,0.5940389663953327,,0.0,-0.27282382657191306,-0.40169493170739357,-0.1886498230000368,-0.5210920242967295,-0.2016302057980981
2135,,0.0,-1.186312440706581,,0.0,-0.7802081724458901,-1.1243608470863997,-0.8671793839557578,-0.9744796525610799,-0.5688561142840187
2136,,0.0,-1.238766610695702,,1.0,-0.8963118629371408,-1.070244433598978,-0.9580831760905776,-1.0197611863985598,-0.8496858735965558
2137,,0.0,-0.28878847974745686,,0.0,-0.11757364888552223,-0.2145661484019732,0.08776749857552588,-0.6057213099781296,0.043407925516974866
2138,,0.0,-0.027396241329695946,,0.0,-1.2738756294295246,-1.206659183093534,-1.0914883649617646,-1.1078719741743153,-0.812420457122134
2139,,0.0,0.25959811384638753,,0.0,-0.9467333861208778,-1.0897839236746827,-0.898365650305857,-0.7557898411775646,-0.5731142897103431
2140,,0.0,0.19605126612468537,,0.0,-0.3230945356113728,-0.5654882198369009,-0.2898425350731732,-0.6491986382594043,-0.20594545988445728
2141,,0.0,0.42820726260927516,,0.0,-0.7943468749221934,-0.9088505320852743,-0.9797112046037607,-0.843768411870994,-1.0188503919993679
2142,,0.0,0.5890964637316073,,0.0,-0.8313258973367799,-0.6980963447206203,-0.7451036367240943,-0.601871668885153,-0.6984261164877539
2143,,0.0,0.4910217475861282,,0.0,-0.34775118588163856,-0.32993666177111614,-0.35989208289391605,-0.5922103677748092,-0.12916260014614803
2144,,0.0,0.5282363508741741,,0.0,-0.41814924833819184,-0.4817561432261476,-0.6227526868751151,-0.6538954745486069,-0.5253860873499332
2145,,1.0,-0.06485867684507246,,0.0,-1.2072678499706602,-0.9419173991563876,-1.083001246318372,-0.9803818703045771,-0.7011858591432559
2146,,0.0,-0.6179636089946042,,0.0,-0.36803359730318536,-0.46188728579824195,-0.4656136641643783,-0.6475407727279356,-0.36727323271894363
2147,,0.0,0.22246384390339127,,0.0,-0.07011135410333535,0.06165898548037903,-0.08239644966331387,-0.05391560183538215,-0.04747685278094735
2148,,0.0,0.6648746197515575,,0.0,0.11168904748265471,-0.027006910368177033,0.10054369054063042,0.14718965754452795,0.16691427936151346
2149,,0.0,0.38397988195742594,,0.0,-0.5336953167561196,-0.7053087257011048,-0.7598991670795326,-0.48545965638665367,-0.5532708347390317
2150,,0.0,-0.660215980576582,,0.0,-0.3970383072851906,-0.7034240610946589,-0.713158466382858,-0.6430443049444717,-0.3608059288687705
2151,,0.0,0.44988774852477315,,0.0,-0.08850072492784969,-0.23782416398291423,-0.25187608709551146,-0.3618454225688359,-0.003063389351227725
2152,,0.0,1.0821695537890745,,0.0,-0.024199960839161278,-0.11225474968730179,-0.08293189970945236,-0.05222912975179155,0.04131650315897034
2153,,0.0,0.787841463643244,,0.0,-0.24805657701100228,-0.23603627635134686,-0.4324145683569709,-0.516985419279162,-0.4555952649944417
2154,,0.0,-0.152256033271867,,0.0,-0.13038369294278682,-0.24245596111441708,-0.21123982556411686,-0.2663381091861991,-0.12011975485770866
2155,,0.0,-0.1885187886650432,,0.0,-0.7023082961411513,-0.8265883746880324,-1.003845497739578,-0.621201673337321,-1.0406185566100785
2156,,0.0,0.3793379634403983,,1.0,-0.5778408280091406,-0.49721820676172995,-0.7452615119370092,-0.5536883328339738,-0.7556432042995882
2157,,0.0,-0.21518791203770601,,0.0,-1.0935913302408475,-1.3259263930505951,-0.8081551403119953,-0.8983474202823859,-0.6685568026073448
2158,,0.0,-0.31590224067490735,,1.0,-0.5297152658668732,-0.6402715877326771,-0.2625274480386256,-0.3644472676451883,-0.5652434616687075
2159,,1.0,0.9446204244898684,,0.0,-0.1440943175757786,-0.082580410448064,0.00031225397470393537,-0.04862677009446101,-0.04420415077484296
2160,,1.0,0.8598707487351528,,0.0,-0.9030542287528709,-0.9398408394447171,-0.8631585935352818,-0.8546585064100981,-0.793092835279907
2161,,1.0,0.5285889828443792,,0.0,-0.9148091060262754,-1.0287834843646249,-1.139070009661397,-1.0383694040887534,-1.0349160844545295
2162,,1.0,0.1275024785448507,,0.0,-0.23264762948399265,-0.05977631180216933,-0.3569512907681302,-0.16623417395493625,-0.1652510092857554
2163,,0.0,-0.5326700700799935,,1.0,0.1771354789165552,-0.008647931249727944,0.3039556182234948,-0.013092903651026139,0.22324304790512556
2164,,1.0,-1.1684207794675676,,0.0,-1.133596035101763,-1.1730829293923004,-0.8542328669690892,-1.2300926147970197,-1.086484318343098
2165,,0.0,-0.29468111527596613,,0.0,-1.2732340614185949,-1.0407449642854307,-1.1166633817837328,-1.0597061113381312,-0.9927642143227259
2166,,0.0,-0.40232842927519463,,0.0,-1.0891742613419804,-1.1490153591701782,-1.3404201419427408,-1.2225340486234781,-1.0212808776880586
2167,,0.0,-0.7216341233705695,,0.0,-0.9247211219867844,-0.9883639586829853,-0.7136751600011706,-0.8100104876380596,-0.9329401735827962
2168,,0.0,-0.864461564952451,,0.0,-0.7713647968584079,-1.284642224530021,-1.0992170414995461,-0.8665616204474058,-0.7549711391839237
2169,,0.0,0.0862790674970699,,0.0,-1.032205536811695,-1.0608802201755905,-0.9741020428904055,-1.0275454384798257,-0.978500748966655
2170,,1.0,0.2566083123970201,,0.0,-1.2577405651986229,-1.1212597990345832,-0.943824059907155,-1.1143443727433555,-1.1508273283762054
2171,,0.0,0.5563038339761955,,0.0,-0.8871206789840422,-0.9836287484492584,-0.9803423572165799,-0.9236004527508128,-0.846289051644921
2172,,1.0,-0.313076954938465,,0.0,-0.9554482644474386,-1.0663986349866927,-1.1353724612059295,-0.9794671503352071,-0.8415414008431827
2173,,1.0,0.7403766798372885,,0.0,-1.0741379197998921,-1.189482725414738,-0.9686081066643026,-0.8812334935493099,-0.99590959048144
2174,,0.0,0.6646688865138951,,0.0,-1.6417251074746964,-1.2812093596981613,-1.4156712451621263,-1.916170085704389,-1.339000531644391
2175,,0.0,0.5636662112038835,,0.0,-0.60756922044693,-0.8370972831884216,-0.7323693781946351,-0.8319769877453626,-0.9154838617094001
2176,,1.0,0.22425764243509191,,0.0,-1.1696966577891053,-1.034928176470407,-1.0019865140688993,-1.0289764636195768,-0.9939714388936206
2177,,1.0,-0.6687657969573174,,1.0,-1.0351021825688336,-0.9977251077929261,-0.9365126113132815,-0.8365259592305956,-0.8192774692883399
2178,,0.0,-1.3282857127662484,,1.0,-0.42653906002145786,-0.754478021435143,-0.6945860381755024,-0.5223130379959335,-0.463648487542696
2179,,1.0,-0.4591343449854309,,0.0,-1.0345954951870575,-0.9996479302468069,-1.1975943354990235,-1.180984538159592,-1.0553869086762155
2180,,0.0,-0.8123795825259723,,0.0,-0.8318180376235876,-0.9205777193737785,-0.9534209628985104,-0.5581767369099051,-0.8061274272992001
2181,,1.0,-0.9951350939318842,,0.0,-1.1516304714313226,-1.3091421656493458,-0.904579565378338,-1.0680226115286846,-0.9316116796573068
2182,,0.0,-0.5715814244394947,,0.0,-1.2571295486826357,-1.2594163925946622,-1.1889548594277481,-1.3771840092852488,-0.8150020544886799
2183,,0.0,-0.4410644601215995,,0.0,-0.43121821703931185,-0.5358495478810711,-0.44143981040330643,-0.5119801566179456,-0.500015437619102
2184,,1.0,-0.6596730442046779,,0.0,-0.855089581398112,-0.8953372831986617,-0.8918777388667322,-1.1315091817348806,-0.9444667008516845
2185,,0.0,-0.45169980726844183,,0.0,-0.9909385195651088,-0.8648298650391315,-0.758290770075027,-0.6590759737502183,-0.5220673488347787
2186,,0.0,-0.41223906680308403,,1.0,-1.4052063818462808,-1.092593839617054,-1.2200055207913227,-1.4564357728751296,-0.9264424782288957
2187,,0.0,-0.39377867452807025,,0.0,-1.2359543673110447,-1.2411070614276654,-1.148875753481942,-1.3477201649347497,-1.0301464138018697
2188,,1.0,-0.5597287462208014,,0.0,-0.9194241556287115,-0.6151019478879273,-0.6212904857694789,-0.8229416277334333,-0.36919972893539216
2189,,0.0,-0.1294610825317642,,1.0,-0.6190395637707546,-0.608687823787419,-0.6927255871551578,-0.8833109367802765,-0.6482545191209169
2190,,1.0,-0.00040814978467204025,,0.0,-0.9126596952853903,-0.4980051931017882,-0.4913206300009793,-0.5845284292128041,-0.32797527718208563
2191,,1.0,-0.2807098827568718,,0.0,-0.4810311794874391,-0.39390150815379527,-0.19111343956253968,-0.626852053996112,-0.0951184754066175
2192,,1.0,-0.264077621779535,,0.0,-0.733763833105749,-0.4527807087967062,-0.4044166467420764,-0.7115291753642791,-0.14022107051198834
2193,,0.0,-1.3170641088153603,,0.0,-0.9772203672104365,-0.8817090077549596,-0.7494347964515634,-0.9450585466112086,-0.8632581680561517
2194,,1.0,-0.2995250813485607,,0.0,-0.9296960107170106,-1.26041478724521,-0.8979153869796331,-0.8430424086992999,-0.9710037557759934
2195,,1.0,0.3067831782158072,,0.0,-1.2419523776626384,-1.081299894220512,-0.9976664909972727,-1.033983564999833,-1.0705023194864889
2196,,0.0,-0.32964419962657787,,0.0,-0.4854884086507531,-0.49617066210586086,-0.3092429406600503,-0.4586395164652777,-0.5541016062362158
2197,,0.0,0.45030087402447716,,0.0,-0.08104499571794571,-0.04346831851866864,0.03204510087923738,0.11737724057482023,0.1065256377798267
2198,,1.0,0.08914420054836465,,0.0,-0.1947841179394214,-0.31995710470525224,-0.47391343711547124,-0.5349694563284301,-0.37905563987896257
2199,,0.0,-0.11199999208535653,,1.0,0.18688246707690637,0.08695288457453919,0.2043557906346659,0.17506399941331272,-0.03030420228255568
2200,,1.0,0.19384052711256244,,0.0,-0.9582252072303976,-1.1102506305440987,-0.8683669560397098,-1.0100056585454193,-1.0816087183062735
2201,,0.0,0.5475611143461221,,0.0,-0.9401252086781291,-1.0746315570048663,-0.9099377590547306,-1.1398902960769939,-1.0296548396334688
2202,,0.0,0.029221652982309807,,0.0,-0.05325112594468304,-0.09787713234070369,-0.00725955093326081,-0.12457075274867879,-0.02260988364746149
2203,,1.0,0.7251449661959057,,0.0,-0.6711255549676024,-0.7635806338725294,-0.6227316111917363,-0.7940439406991391,-0.552607784120412
2204,,0.0,-0.6286488070026712,,0.0,-0.7149774938409016,-0.7424333159479293,-0.7703224183976076,-0.8450617148727911,-0.6957654937652802
2205,,1.0,-0.02687125641408564,,0.0,-0.820616488160415,-0.8618997203344564,-0.9890005456898452,-0.8304978614882368,-0.7549061999717549
2206,,1.0,-0.35734259490923126,,0.0,-0.9317134532157496,-0.9172967577652255,-0.9258132844379329,-1.0546938948461735,-1.0362051874772924
2207,,0.0,-0.40073527983972573,,0.0,-1.0181452966397122,-0.9578942474609142,-0.9626013821191899,-0.950237141469607,-0.8025808885012639
2208,,0.0,-0.102162716264777,,0.0,-0.5830960854701672,-0.5678511944422912,-0.45573650361406676,-0.41681247804791954,-0.24133441073058823
2209,,1.0,-1.055806723431794,,1.0,-0.3660733781349083,-0.05376473495786738,-0.2023784417583769,-0.14477626517291095,-0.2585932044737558
2210,,1.0,-0.8243800199426393,,0.0,0.26217248984519725,0.6288009854484128,0.41407618757990544,0.5355995198571126,0.7458541008493157
2211,,0.0,0.04345506001738878,,0.0,-0.22929608149004305,-0.25559013590189794,-0.015247618496085965,-0.26005420607275037,0.033860723705207166
2212,,0.0,-0.8604769372970361,,0.0,-0.40782935323301184,-0.3939517693806494,-0.5154121231684129,-0.40855936012351957,-0.5044526796599084
2213,,0.0,-0.21235391208499202,,0.0,-0.8513860966048767,-1.0918537914237105,-1.1004963163678403,-0.8815658772262819,-0.9486984432528831
2214,,1.0,-1.1025034532389646,,0.0,-0.723535588282585,-0.8656461210958023,-0.791265201464439,-0.6951077388947063,-0.72564571157701
2215,,1.0,-1.2894568774710058,,1.0,-0.8371172421525894,-0.921464640124782,-0.8345561526911294,-0.7262868272239228,-0.9988109224583426
2216,,0.0,-0.566699171040834,,0.0,-0.7751287423150283,-0.9982898684381231,-0.8739581312329566,-0.7115061905250039,-0.9485587685423211
2217,,1.0,-0.32779309269700785,,1.0,-0.12238961117734182,-0.3163634382659193,-0.018987593044521252,-0.15511575631705904,-0.566242545224075
2218,,1.0,-0.9611372105087921,,1.0,-0.7168243643043297,-0.8907468284712874,-0.7362531572649216,-0.5701735051004427,-0.7742232843634617
2219,,1.0,-0.4456558343259531,,0.0,-1.0877352370691509,-1.1567226227176,-0.71419029899607,-0.8298456107952962,-0.9013316229018676
2220,,0.0,-1.0304631282233356,,0.0,-0.8129788274821266,-1.026383685074179,-0.896359486530723,-0.8094610989217251,-0.7881488462229423
2221,,0.0,0.5911636406071156,,0.0,-1.0547538361427147,-1.0133269387117427,-0.9182557900700404,-0.9258950623979126,-0.8534468461476877
2222,,0.0,-0.12107078465100601,,0.0,-0.6649420969362156,-0.5005711054430769,-0.1032380263542115,-0.5542766275463237,-0.1624044000775411
2223,,1.0,0.4435589717212425,,0.0,-0.9946909003260916,-1.1423702647809229,-0.7907788253471227,-0.6782596453580797,-0.29249858725927913
2224,,1.0,-0.22635513899030085,,1.0,-1.109219057768897,-1.1607950350550207,-1.0703336804250105,-1.2642264328679924,-1.0991792673611178
2225,,1.0,0.4183907486563939,,0.0,-0.8615288433081499,-0.8249472896417162,-0.7131262592047077,-0.9448384043796948,-0.6279661855693007
2226,,1.0,0.20662893213309097,,0.0,-0.9847137839567889,-0.9436111467379862,-0.6408846161471158,-0.9195354120132018,-0.3925197728212823
2227,,0.0,0.07680565979885108,,0.0,-0.9877913598739967,-0.7920189250142012,-0.7192146588810387,-1.124314633941988,-0.4676147226050325
2228,,0.0,-0.7506239894237322,,0.0,-0.688731986318529,-0.7230843124889929,-0.4816421209908892,-0.6633716655071789,-0.4366838327588592
2229,,1.0,0.14101585613185946,,0.0,-0.47519806192077335,-0.48293612481729575,-0.22970948347447853,-0.5907382696792423,-0.1722553020356231
2230,,1.0,0.14051256414527696,,0.0,-1.0324918025067744,-1.0596628206502325,-0.7445588627820502,-1.33441494363942,-0.7987038359190252
2231,,1.0,-0.11793903537956037,,0.0,-1.146431453719315,-1.1522850805371643,-0.8051477543249905,-0.9121171400342,-0.7855610657288523
2232,,0.0,-0.20314137111476702,,0.0,-0.7136669899372938,-1.0918360855547955,-0.7066058354359668,-0.822431214272968,-0.47937157307853884
2233,,1.0,0.47527897727851215,,0.0,-0.47551362734255015,-0.5270174818565422,-0.36761707297748225,-0.2629683900924652,-0.3222564480913987
2234,,0.0,-0.45215371952807426,,0.0,-0.8175114860605013,-0.5525892154785442,-0.3640120162377187,-0.6969368923534903,-0.15389203580737795
2235,,0.0,-0.12269796966552127,,0.0,-1.078213761674204,-0.882853729040063,-0.6599520184661231,-0.7806036960023295,-0.48423314856187133
2236,,0.0,0.13845749286622702,,0.0,-0.950769865907533,-0.9085059220493921,-0.6793053794087917,-1.0711966317200725,-0.28161431056016467
2237,,1.0,0.08592864945655444,,0.0,-1.2661951958974795,-0.9453466768888713,-0.7454604827748452,-0.7633266573913794,-0.595048553338808
2238,,0.0,0.04325860511460223,,0.0,-0.8771173020355428,-0.961390418435359,-0.8700304378043505,-0.8895474207847837,-0.8397961304877098
2239,,1.0,-0.06340573982400496,,0.0,-1.0725303550239949,-1.0325457430926743,-1.011753889266649,-1.1365666836011343,-0.9572315190290016
2240,,0.0,0.14423023866201096,,0.0,-0.859054907943604,-1.0941810000173073,-0.7964258190695979,-0.768518424555986,-0.5961631797704559
2241,,1.0,-0.7043810916133424,,1.0,-0.5768094285658869,-0.6217249125201255,-0.4773190075228762,-0.7051912924765713,-0.20830276262436961
2242,,0.0,-0.11603777289417008,,0.0,-0.8114955195961632,-0.6239226481606996,-0.4144101290482879,-0.7891378217711568,-0.5379101723512371
2243,,0.0,0.024322063626270842,,0.0,-0.4576428655757321,-0.5374208359595308,-0.30358528184543954,-0.5998918793313472,-0.3059904747972711
2244,,0.0,0.016169886116139686,,0.0,-0.9935977493108332,-1.017962555384231,-0.9471690442947649,-0.8223325139730935,-0.6118728851123454
2245,,1.0,-0.3728296255684519,,0.0,-1.0423910649789552,-0.8594123113716015,-0.6418033451570279,-1.0161709642681949,-0.37436889252577343
2246,,1.0,0.018888448532265522,,0.0,-1.3203603959525434,-1.1772186748967095,-1.2364893114662383,-1.2409437518231279,-1.165258332908865
2247,,0.0,0.8754467811297184,,0.0,-1.2248599411004568,-0.8982346289834281,-0.734175416837512,-1.0343271454415246,-0.8229326075766024
2248,,1.0,0.6647294086470955,,0.0,-0.9084267418815164,-0.9631443100663037,-0.6904855777805304,-0.9127334228222848,-0.722487669897393
2249,,0.0,0.9214523224870811,,0.0,-0.9001568728032067,-0.848402361179789,-0.7458075318970794,-0.7930193289992756,-0.6682134633813839
2250,,0.0,0.0782288601139205,,0.0,-1.2505439694883596,-1.3658194061564355,-1.1182873383172558,-1.4794158011184722,-0.9442851097485667
2251,,1.0,0.02856481735085052,,0.0,-1.3213442685415517,-1.2394347802536465,-0.9988590314841109,-1.52952347259108,-1.1729300932961406
2252,,1.0,-0.29122643733940823,,0.0,-0.40937570197951545,-0.6658473141699268,-0.5309677752380422,-0.691677827178862,-0.3010330881148453
2253,,0.0,0.22746148509242872,,0.0,-0.7930252936279485,-0.9035609859819451,-0.8433210751416897,-0.7830872244471367,-0.8078198104642422
2254,,0.0,-1.0350201939376054,,0.0,-0.5084778055650226,-0.7249109999168853,-0.9671423541843154,-0.6470012889443268,-0.6047855381213079
2255,,1.0,0.19233858486288696,,0.0,-1.079176012388149,-1.2129734431979693,-1.065045748051516,-1.0056938116873368,-0.9122445315342042
2256,,0.0,0.598120561850896,,0.0,-0.7473028755939947,-0.8440933844590622,-0.5835992262518216,-0.9838216521583307,-0.7481737980695815
2257,,0.0,0.6641568639724598,,0.0,-0.19031708827583482,-0.03794508754531017,0.12911164425731203,-0.08141047477995605,-0.05539678872964636
2258,,1.0,-0.698403467083113,,1.0,-0.23120798098995482,-0.039559021748939174,-0.05682557744260541,0.048212634234211287,-0.1236091983300232
2259,,1.0,-0.36594294948160544,,0.0,-0.12038960700076023,0.07014624545782694,0.16658109039699723,-0.13499628734464506,-0.16263792168705696
2260,,0.0,-0.007715167967856121,,1.0,0.3029376030220811,0.34003508671196647,0.3272153237498343,0.10720511022484118,0.1912846308524247
2261,,0.0,-0.8178826750314966,,1.0,-1.4214882197505008,-1.1717626604650875,-1.1479853079850348,-1.0532891303775935,-0.7517230885435742
2262,,0.0,-0.9340054172760119,,0.0,-0.7288237393723401,-0.5194529054249332,-0.46246858007117214,-0.8942942624423628,-0.24632090992105066
2263,,0.0,0.22206741948491993,,0.0,-0.6253020279796669,-0.4026339512678041,-0.28610208782206753,-0.47444933260540945,-0.18589787963829968
2264,,0.0,0.6652270627305472,,0.0,-1.40863598179342,-1.0975653423940859,-1.086698064895861,-0.8765221705734636,-0.7509414161991164
2265,,1.0,-0.7721594159342312,,1.0,-0.7971352184489537,-1.0580554659260264,-0.994186245914452,-0.9367247239811223,-1.1054121406086825
2266,,0.0,-1.316465417442634,,0.0,-0.14934166026318607,-0.12478345411636287,-0.2480372681128381,-0.13355258181906854,-0.26063841690706857
2267,,0.0,-1.836690757011986,,1.0,-0.5824176235358902,-0.8716812876409442,-0.6585149013252793,-0.6298925624553402,-0.6273664815748711
2268,,1.0,-0.6901414681279747,,0.0,-1.288455371880374,-1.0608287700311365,-1.1348098367095603,-0.8301485871292154,-0.9216825487749766
2269,,1.0,-0.6915752800348475,,0.0,0.06321550910562493,0.030989463090992195,0.006596509807438912,-0.0018525361269662152,0.1627213908439704
2270,,1.0,-0.23460669383742896,,0.0,-0.296945837361619,-0.24209873082703942,-0.21483565277997163,-0.2532942551087853,-0.19610346410398424
2271,,1.0,-0.14726402938842284,,0.0,-0.18647572446940605,-0.5417434307373655,-0.5669881087037595,-0.6927345119828597,-0.6357504772862291
2272,,1.0,0.06992143190366014,,1.0,-1.0807172851234077,-1.1983030205846248,-0.863848005413467,-1.04496974492855,-1.0409276651091384
2273,,1.0,0.047911258369699526,,0.0,-0.5773724286008294,-0.7762819618292393,-0.6486154710072918,-0.6041853307876504,-0.5275118851215017
2274,,1.0,0.31017908343129147,,1.0,0.12259729986987264,0.10413537788086505,-0.2688308005323734,0.18494592396036458,0.2474096425921729
2275,,1.0,-0.8899864387501121,,1.0,-0.3527880336919923,-0.39500469859413245,-0.36029787274251485,-0.4572691360544933,-0.18334324413262368
2276,,0.0,-0.8043826493282824,,1.0,0.42942445827580505,0.5611498041181749,0.5140981625986932,0.3820404233246683,0.4679893412812347
2277,,1.0,0.4831349441676287,,1.0,-0.43548569076042526,-0.5295656297396599,-0.5682957641754552,-0.7657009451479754,-0.4010237061871668
2278,,0.0,-0.8092550110563845,,0.0,-0.0767081028763223,0.0919427536577121,-0.0784948261807036,-0.2746997173777958,-0.04379730137013773
2279,,1.0,-1.0351094103505214,,1.0,0.07049565882703496,0.12141982613001562,0.019441843830112795,-0.002374110877519923,-0.06366472446764783
2280,,0.0,-0.3555419143380557,,0.0,-0.1331468502785518,-0.12070600910379788,-0.15375455160404067,-0.15269430275390525,-0.14819369624355153
2281,,0.0,-0.3812131161450227,,1.0,-0.29213141878363,-0.5323751105334515,-0.6895548509164682,-0.5869300224747891,-0.38197972903853855
2282,,0.0,-0.3451112068980289,,0.0,-0.6584229769963483,-0.94981634422459,-0.5978211609039135,-0.8673597266413183,-0.2853165099175549
2283,,0.0,-1.1742467760957345,,1.0,-1.066294735640934,-0.9809734428819437,-0.9213863530386337,-0.8955644841527355,-0.7966970779731605
2284,,0.0,-0.37869123776764757,,0.0,-0.6454787766438673,-0.7632987673653234,-0.3988216071652261,-0.8651035268515267,-0.370468913336143
2285,,1.0,-0.13119222866455962,,1.0,-0.5274884587186881,-0.5507852586073462,-0.47932214888219987,-0.760336191417752,-0.20982761179445047
2286,,0.0,0.2370109947359021,,0.0,-0.5139792949431696,-0.19700429978688047,-0.10491628951164597,-0.5153581101073809,-0.15824802853880027
2287,,0.0,-0.289380680398443,,0.0,-0.3176583482726634,-0.269977092892777,-0.1860792843498159,-0.6194019548112342,0.09112781362531848
2288,,0.0,0.14206989299085848,,0.0,-0.8660524409408513,-0.7528083524484128,-0.6346439141890581,-0.799130391274998,-0.44655812802375267
2289,,0.0,-1.001232604712622,,0.0,-0.23720337710462217,0.04737842046799871,-0.23963342891864703,-0.12746866219267658,-0.09336591562631408
2290,,0.0,-0.6450015301712542,,1.0,-0.5960600373067944,-0.38391794513548066,-0.6645194150884265,-0.7828870012844688,-0.5787236888705227
2291,,1.0,-0.6781899794062444,,1.0,-0.708431677835846,-0.3327142666888222,-0.7831141633172889,-0.5560461569173537,-0.37221215080153364
2292,,0.0,-1.1317363172572275,,0.0,0.4324785828816146,0.5826904040898138,0.6093622752051927,0.4118876064847734,0.4825558845203291
2293,,1.0,-0.939600540000679,,0.0,-0.3642140850784731,-0.5100943022162967,-0.37064114664629716,-0.3256619064698681,-0.16148885585332579
2294,,1.0,-1.323093490502505,,1.0,0.3304527075533714,0.5771964253502383,0.4490738785877334,0.357984905283875,0.3961663806904147
2295,,0.0,-0.8389828524266563,,1.0,-0.5419496946494097,-0.3988507312827162,-0.6664294256243857,-0.7534084184175762,-1.0501760853290927
2296,,0.0,-1.0177987655829734,,1.0,-0.04625642253694583,0.22116382448714852,0.14986449949364272,0.19992360430125286,0.08763991549090258
2297,,0.0,-0.8314801027467146,,0.0,-0.7234460052632812,-0.633479166651858,-0.857382857421408,-0.5229554784898496,-0.5482277670702698
2298,,0.0,-0.7507463990410099,,0.0,0.0347365314853032,0.3153525081442282,0.17617561591062977,0.11582444499908089,0.14615868053179654
2299,,1.0,-1.0197611863985598,,0.0,-0.7181251764566438,-0.5918490434973886,-0.8207732158184426,-0.8259252985665264,-0.6801091731029719
2300,,1.0,-0.7557898411775646,,0.0,-0.7446076028385248,-0.8420548921242075,-1.0012213990170165,-0.8568274709853351,-0.9388114555338448
2301,,0.0,-0.5922103677748092,,0.0,0.06350300965400237,0.12450002491379655,0.07280850879524196,0.19128680608757231,0.16409518089157243
2302,,0.0,-0.04862677009446101,,1.0,-0.32077241043132354,-0.457094762260986,-0.38395726623716375,-0.4840596045383269,-0.5217392200136024
2303,,0.0,-1.2300926147970197,,1.0,-0.7258424955942104,-0.974764613637832,-1.0087074882806923,-0.5578653954692044,-0.9024855030383574
2304,,1.0,-1.916170085704389,,0.0,0.14956580903164163,0.08993958164112388,0.001409331395832771,0.02589736620247782,0.25959593170416484
2305,,0.0,-1.0289764636195768,,1.0,-0.07587294799588803,-0.12495533349336968,0.02917709214199145,-0.28957157887940227,-0.03195791132133675
2306,,1.0,-0.8365259592305956,,1.0,-0.7730527966354107,-1.1755252112362937,-1.0393888400939761,-0.9182243488103394,-0.8984238775598022
2307,,1.0,-1.1315091817348806,,1.0,-0.9613915196215298,-1.1651518864809547,-0.8987239108556029,-0.7971253025753832,-0.7630303345020573
2308,,1.0,-0.6590759737502183,,0.0,-0.71180759157471,-0.44466706239717557,-0.3984221673111347,-0.6675357732136389,-0.1339954603561959
2309,,0.0,-0.8229416277334333,,1.0,-0.7433061661309309,-0.4310962576540409,-0.45956556798920395,-0.6678027670699772,-0.16846917790369342
2310,,1.0,-0.5845284292128041,,1.0,-0.6415012074167601,-0.5443906125725735,-0.6026274289529183,-0.7723095822979187,-0.37121159973974427
2311,,1.0,-0.9450585466112086,,0.0,-1.0246472121588386,-0.7848415413294665,-0.8136442399322592,-1.022525596821061,-0.5131636368876794
2312,,1.0,-1.033983564999833,,1.0,-1.20443431134049,-0.7187532539797731,-0.7244344356686989,-0.7741349585606965,-0.4615153333566627
2313,,0.0,-0.12457075274867879,,0.0,-0.8410254771698321,-0.4914540335938937,-0.6986425161699741,-0.7416811615608891,-0.4409390045892185
2314,,1.0,0.5355995198571126,,1.0,-0.8092546677599441,-0.5442972993642964,-0.70104380212566,-0.693494692659757,-0.4319148492268778
2315,,0.0,-0.7115061905250039,,0.0,0.032297319226355606,-0.2422015462546091,-0.15823100526751524,-0.05150559902192079,-0.09722804179087464
2316,,0.0,-1.2642264328679924,,1.0,-0.41332055046686306,-0.22252461700677412,-0.16300178459528064,-0.5877363214703291,-0.321416097944798
2317,,1.0,-0.822431214272968,,0.0,-0.4628882093957272,-0.6913810921075256,-0.8329310165198367,-0.658451712060029,-0.8087473761136972
2318,,0.0,-0.2629683900924652,,1.0,-0.7954406490649586,-0.858049004338566,-0.9534176517630942,-0.6620869515777377,-1.0053587258583168
2319,,0.0,-0.8895474207847837,,0.0,-0.27470471792436857,-0.10170131577908233,-0.33753835642394975,-0.22457334102462193,-0.005092380763998775
2320,,1.0,-0.7891378217711568,,0.0,-0.4227244862278142,-0.15405451975323303,-0.10510381285038212,-0.07892284041271914,-0.3210983671862926
2321,,0.0,-0.9127334228222848,,1.0,-0.4031193516931399,-0.17404428203270236,-0.2865467364408276,-0.09793168767078939,-0.40701175851220667
2322,,0.0,-1.4794158011184722,,0.0,-0.38113183794348854,-0.4962884956244447,-0.18013418977678186,-0.27495923938916894,-0.013857344589345993
2323,,0.0,-0.7830872244471367,,0.0,-0.75692742266042,-0.7226381433659503,-0.9300732293453224,-0.6684772872349205,-0.694735104224976
2324,,1.0,0.048212634234211287,,1.0,-0.6766984552925515,-0.5580680230045232,-0.7041799633614776,-0.5133703048350646,-0.777391010393309
2325,,0.0,0.10720511022484118,,0.0,-0.5414307606905187,-0.6365733246633888,-0.6385064091347423,-0.5486495167555213,-0.6304033889949766
2326,,0.0,-0.8942942624423628,,0.0,-1.325925326834536,-1.2682779941997475,-1.2738538558571775,-1.4509875996449224,-1.1851272997421147
2327,,1.0,-0.2532942551087853,,1.0,-1.3992606043371294,-0.9126445054771157,-1.0311115076522401,-1.0975445562045796,-0.887750036610034
2328,,0.0,-1.04496974492855,,1.0,-0.7903723219759973,-0.6542276112664686,-0.948990055762212,-0.9272632423541664,-0.7468968640321024
2329,,1.0,0.18494592396036458,,1.0,-0.26818449145255446,-0.011330833220864983,0.023077812520113025,0.08319006792367212,0.2831743342198605
2330,,0.0,-0.7828870012844688,,0.0,0.026391905106943458,-0.24800414083593286,-0.08668447013776825,0.007482764101492056,0.10682986823027556
2331,,1.0,-0.5560461569173537,,1.0,-0.25170636964847265,-0.3427550541115535,-0.4738550774047533,-0.4486281741268912,-0.5593463242441495
2332,,0.0,-0.3256619064698681,,1.0,-0.09969228304142803,-0.026981794910478026,-0.1198440681877061,-0.2875268531178809,-0.08533236049784218
2333,,1.0,0.357984905283875,,1.0,-0.6549472416946834,-0.6272165958630551,-0.9587815782505819,-0.5728845526137577,-0.6433594283304273
2334,,0.0,-0.4840596045383269,,0.0,-0.511882946178969,-0.38053230132478777,-0.4330341282781491,-0.22891019126860765,-0.545855953245438
2335,,0.0,-0.5578653954692044,,0.0,-0.6226294145836423,-0.10376156141585845,-0.13116998612166225,-0.5400298239395056,-0.1481401220727157
2336,,0.0,0.02589736620247782,,1.0,-0.36664730762342607,-0.15752149185035677,-0.002168353681555623,-0.4159994395178487,-0.11216476271183547
2337,,0.0,-0.7971253025753832,,1.0,-0.6840929280678608,-0.8580473808547304,-0.7303738513035919,-0.43159458871336137,-0.7893946932538902
2338,,0.0,-0.6678027670699772,,0.0,0.15574935135855372,0.3978670936768714,0.0029579979929635325,0.26224328398477476,0.5012714130998576
2339,,1.0,-0.5133703048350646,,1.0,0.12324658164672088,0.08832907246360576,0.26359644787465875,-0.30071627418878905,-0.0006714040360869221
2340,,1.0,-0.5486495167555213,,0.0,0.11531960215085489,0.1994200062280473,0.38880927201984505,-0.17050251957603807,0.10614168628342417
2341,,0.0,0.08319006792367212,,1.0,0.051400393793412366,0.019467542467904417,0.08935494255003197,-0.17156369421887202,0.1856495147387779
2342,,0.0,0.007482764101492056,,0.0,-1.4962800534691438,-1.1730151265206104,-1.4418530102211815,-1.4793862498405121,-1.1625785583091528
2343,,0.0,0.553852196857224,,0.0,0.623923751086493,0.48513605220502176,0.550586736914047,0.553852196857224,0.5800210288113651
2344,,0.0,0.29790334780393424,,0.0,-1.1732903082505854,-1.3603481347040371,-1.165263206933232,-1.1604319843806639,-0.9572537752453374
2345,,0.0,-1.0814795009801976,,1.0,0.5412519216858611,0.4382385665862357,0.5721089755345818,0.29790334780393424,0.6295723436069878
2346,,1.0,-0.7764959932182787,,0.0,-1.1177977882254584,-0.8321949466917014,-0.8711616763486323,-1.0814795009801976,-1.3067567254504633
2347,,1.0,-0.6222689175797205,,0.0,-1.1475432096099898,-0.3039947967667209,-0.33173264885164827,-0.43249889153243004,0.08426639034167273
2348,,1.0,-0.7845830511135905,,0.0,-1.0445793887771515,-1.0974345615335106,-1.1628081884681458,-1.2561718154524535,-1.017441719881467
2349,,0.0,-0.611719497476534,,1.0,-0.6884962409504918,-0.4587256268981771,-0.3563294311106084,-0.8192791312115184,-0.6598849758068916
2350,,0.0,-0.9639431892017009,,1.0,-0.06802579303192464,-0.12681208920927994,0.15873511208728264,-0.16499508538980756,-0.01021255032229916
2351,,1.0,-0.7769498443758581,,1.0,-0.9790334925915319,-0.9739485565579553,-0.7217493092491062,-0.8814768088605783,-0.7214237859773879
2352,,1.0,-0.4623255303534421,,1.0,-0.8034455874851215,-0.48001520744903037,-0.36798211443092926,-0.4705698253202809,-0.45995973992465056
2353,,1.0,-0.6551273422759397,,0.0,-1.2484512976361506,-1.2500667905142933,-1.1573196744422332,-1.2973099229753249,-1.0544012537206013
2354,,0.0,-0.4494431979420926,,1.0,-0.5683613338141347,-0.5595493746324944,-0.9074623382295047,-0.8702377033928043,-0.6166247988742422
2355,,1.0,-0.7363707339605153,,1.0,0.07577892300314554,0.46405420018030374,0.26141168654476193,0.11585060705028528,0.3623412320332215
2356,,0.0,-0.9126907100995703,,1.0,-0.6350189007286546,-0.8122597414677153,-0.8233539891878173,-0.750156082225558,-0.7832156787235532
2357,,1.0,-0.9504092093286634,,1.0,-0.09114404791735856,-0.5270128647511086,0.6562101372164713,-0.05850245015822755,0.9034900773821023
2358,,0.0,-0.7698476638378968,,0.0,-0.6744452708264492,-0.7509437478625196,-0.5661492313770993,-0.2918396629957572,-0.3994790522062714
2359,,0.0,-0.9000583406401775,,1.0,0.31686441743275223,0.1842192235584213,0.5664277065952461,0.2850640298201795,0.2827331624712968
2360,,0.0,-0.6817408902196461,,1.0,-0.8160427460110652,-0.6162563536182455,-0.7349480442550197,-0.7764959932182787,-0.4712453586412849
2361,,0.0,-0.8622235025001539,,1.0,-0.8458598894813707,-0.6835350799349423,-0.8398626495896466,-0.6222689175797205,-0.3801715768322654
2362,,0.0,0.16386817871038623,,1.0,-1.052843672690131,-0.6908365270921941,-0.8597416176819332,-0.7845830511135905,-0.3907069655890669
2363,,0.0,-1.1133484843289643,,1.0,-0.6934981513291446,-0.6920854365632911,-0.6175875379589072,-0.45170788396877193,-0.22798124213415263
2364,,1.0,-1.1698701852508613,,1.0,-0.1408787555173482,-0.03460577527787131,-0.015598462838081799,-0.12881826856043574,0.11921667111431233
2365,,0.0,-0.34099365940625487,,1.0,-0.9001024164342568,-1.079550178927703,-0.9786628202188518,-0.9151033740630768,-0.8809332317467597
2366,,0.0,-1.4108170229969954,,1.0,-0.05178944411052982,0.1166811224550818,-0.2566562360085886,0.0019931201457260013,-0.015903197173700534
2367,,1.0,-0.7892713537394529,,1.0,-1.005353596127981,-1.249176142337887,-1.1487159379862697,-0.932061197437713,-1.1007291752708919
2368,,1.0,-0.41955860716579463,,0.0,-1.094200853672767,-1.0812337686277846,-0.72152279667407,-1.0751531193695472,-0.802668578336351
2369,,1.0,-0.14958383942650869,,1.0,-1.2006185619044112,-1.1519208090506763,-1.0873934069992652,-1.07506809707787,-1.2882378543866795
2370,,0.0,-0.7729181766410999,,1.0,-0.32474410999003983,-0.3341874377101028,-0.39418428532951527,-0.36444824285889493,-0.38550189142555163
2371,,0.0,-0.4775667613229504,,1.0,-0.031049566901979977,0.03495074689258135,-0.046304564616601145,-0.31569532189136634,-0.0798068050527637
2372,,0.0,-1.0835356883148384,,1.0,-0.66183566018396,-0.5048007646515063,-0.37329462547227377,-0.21282898529795646,-0.340965721933723
2373,,1.0,-1.2707978023582038,,1.0,-0.6235301057273415,-0.7168013612441324,-0.34895876662674474,-0.9432084736418069,-0.730177102988582
2374,,0.0,-0.9189074263258884,,1.0,-0.04142909540771675,0.10292925072879025,0.003424952838161163,0.021732187498978754,0.29712257434127687
2375,,0.0,-1.0234755281334276,,1.0,0.24770583327196616,0.30494233124517095,0.1116463830762712,0.22744861566633498,-0.022308534262251236
2376,,0.0,-0.9020016554770054,,0.0,-0.5861528094778833,-0.3463840924433139,-0.5259116610554578,-0.8085844376345428,-0.7882076965229684
2377,,1.0,-0.08575631928358411,,0.0,-0.42905395463359525,-0.7729739173252235,-0.052075388357669915,-0.611719497476534,-0.07309347769711749
2378,,1.0,-0.1642536157586516,,1.0,-1.0455032689599306,-0.6448536403380521,-0.7430749421736493,-0.9639431892017009,-0.39383846440409825
2379,,1.0,0.4547164881367851,,1.0,-0.6870286639536299,-0.6605533452478155,-0.6084906050556689,-0.746051216884894,-0.3638716083024154
2380,,1.0,-0.6195220449931106,,1.0,-0.8256046274021237,-0.6054312566454721,-0.7751002118034812,-0.7769498443758581,-0.7896996159771458
2381,,1.0,-1.011136116366136,,1.0,-0.6269007524583995,-0.8671769682655311,-0.02228589480023729,-0.7235913973703528,-0.07758083766982336
2382,,1.0,1.3115109730560228,,1.0,-0.6133230857187641,-0.8273265903396053,-0.12584557713206856,-0.4623255303534421,0.027625338011763652
2383,,1.0,0.6295053826505875,,0.0,-0.0688084400066174,-0.19845163050668668,0.046272617334413124,-0.2528226434182001,-0.10362971094071037
2384,,1.0,0.9341674591110821,,0.0,-1.4027795634499696,-1.4210008191784085,-1.3500455494460704,-1.16456949510935,-0.9100821256560069
2385,,1.0,0.3789592199303318,,1.0,-0.6524196337309804,-0.933773403410915,-0.7345295157364374,-0.7834603386086588,-0.6314403178996402
2386,,1.0,-0.057913493393869524,,0.0,-1.025978845915583,-0.9181798159064686,-0.8615545432927194,-1.0285268015792104,-0.7563165861254296
2387,,1.0,-0.6976192533464572,,1.0,-0.9810770935443593,-0.9042503526374054,-0.8622471925981455,-0.7727773961085576,-0.8982127587891896
2388,,1.0,-0.5394008616580133,,1.0,-0.15012827891251415,-0.09888445144622222,-0.15886796779315068,-0.3059033359170631,-0.21943762596244815
2389,,1.0,0.140358666549424,,1.0,-0.7096194240845367,-0.8907493199022786,-0.4937229926921985,-0.8341949746981412,-0.5401946311959356
2390,,1.0,0.06139860219345011,,1.0,-1.333266591451643,-1.4272556066186968,-1.3005122480381932,-0.9476208447307324,-1.0979067233574795
2391,,1.0,0.10104000142192936,,1.0,-1.5430366924664807,-1.0438187389412568,-1.7179889572527134,-1.6290989157113567,-1.2967180824478979
2392,,0.0,-0.503665870071075,,1.0,-0.3071309492556288,-0.5281057121812115,-0.13183991946946813,-0.6551273422759397,-0.267789134330364
2393,,1.0,-0.7067829579572271,,1.0,0.031688438244206335,0.16342842428503962,0.1777161571284953,0.18639176516217898,0.30896465213743884
2394,,1.0,-1.8820795979694709,,1.0,-0.8021237249913779,-0.8474337220868358,-0.6357899650009879,-1.2145407596094804,-0.8653412462556018
2395,,1.0,-0.7704705292921024,,1.0,-1.344948632777911,-0.7123426921393221,-0.8522450692523877,-0.8648620453606126,-1.0541920678960002
2396,,1.0,-1.0671695882059087,,1.0,-0.4400206843805628,-0.34320926789655587,-0.3892551218391918,-0.4494431979420926,-0.21319300093572824
2397,,1.0,0.17177698542835124,,1.0,-0.5980487261834577,-0.5467172215023145,-0.294410520483682,-0.7363707339605153,-0.5658958755013642
2398,,1.0,-0.3924146910059009,,1.0,-0.5402753246585502,-0.38927563442811564,-0.205318446190037,-0.9126907100995703,-0.5574891310670577
2399,,1.0,-1.1942074236913887,,1.0,0.13897088250788237,0.032097442991496056,0.11504347165516698,0.08841978696860556,0.1976604117256578
2400,,1.0,-0.602312155136048,,1.0,0.3108025561374303,0.27094788325477664,0.14360184113794566,0.12401251132318217,0.07829825827747637
2401,,1.0,-1.2054976883365394,,1.0,0.6768048978675372,0.662815106741832,0.6861102884194824,0.43326471405477124,0.5074594480012701
2402,,1.0,-1.4259341286063878,,1.0,-0.2480581620591318,-0.18402090837038565,-0.18517594175884014,-0.471349107524735,-0.32048017574507504
2403,,1.0,-0.9598169979668817,,1.0,-0.7864297148473123,-0.7739693287187133,-0.6638011131801814,-0.9504092093286634,-0.8982846939903754
2404,,1.0,-0.19947656258964752,,1.0,-0.7866293017854803,-0.5894563352055239,-0.4536685063846926,-0.8723277931585998,-0.5285980004775754
2405,,0.0,-1.346112930536224,,1.0,-0.6138537403358669,-0.5701345635392865,-0.7907870841223843,-0.7698476638378968,-0.5455580883527029
2406,,1.0,-0.015059696356143175,,1.0,-1.039655496918325,-0.9746050719270634,-0.9666160079703789,-0.9000583406401775,-1.009745526511678
2407,,1.0,-0.5460600025851443,,1.0,-1.0497887764041611,-0.7272468395386126,-0.33023246619638685,-0.8643852031132663,-0.32264905592839943
2408,,1.0,-0.18795181746433792,,1.0,-0.304132787525884,-0.3731711549475504,-0.41797522204364196,-0.6817408902196461,-0.17436682358578312
2409,,1.0,-1.2208342389165134,,1.0,-0.5373769040226192,-0.9390554072977855,-0.5952864627497603,-0.8622235025001539,-0.6678733147503858
2410,,1.0,-0.17324618691287166,,1.0,-0.4428835907160696,-0.5762959711290246,-0.4833976157167949,-0.602984061743185,-0.4257177273136683
2411,,1.0,-1.0930937201901114,,1.0,-0.0008981464716674717,0.041412554381213565,-0.0496703002622638,-0.13956843903299315,-0.19325928869761005
2412,,1.0,-0.8108392033423024,,1.0,0.09839268757568237,-0.08854282901467384,0.1326509716941977,-0.0860620880676515,0.06361792200607783
2413,,1.0,-0.21269746769434456,,0.0,-0.06754147598662245,0.28281063769486986,0.32043028821647596,0.16386817871038623,0.2908726010951408
2414,,1.0,-0.5328789902242229,,1.0,-0.12561843766751943,0.08484992395568315,-0.05252199350051446,-0.4188015165511486,0.45042954708179983
2415,,1.0,-0.6884878719530215,,1.0,-1.1366715358400783,-1.1152845066014005,-1.0209047341823505,-1.3141512334584242,-1.3447967161048469
2416,,1.0,-0.7633767940027195,,1.0,-0.9963215136037905,-0.7941407081476979,-0.8276756248138577,-1.1133484843289643,-0.7222231326684124
2417,,1.0,0.23862604654987285,,1.0,0.5222284982577067,0.7339683684749617,0.6895058072901741,0.22618020179116446,0.5861680617857153
2418,,1.0,-0.8233421961612295,,1.0,0.030951261311070573,0.17662912468075373,0.14359239217707429,-0.11236084957832022,-0.03277025311051584
2419,,1.0,-1.1070883878302367,,1.0,-0.7144185029204169,-0.9036968324907652,-0.9817587257156768,-0.7676620250241111,-0.815703068132677
2420,,1.0,-1.038140929006537,,1.0,0.2958903166991401,0.3934620096154039,0.4808206407275066,0.298730607142588,0.6298004502409417
2421,,1.0,-0.07509547751399623,,1.0,-0.3370915216835202,-0.28316007190112696,-0.29387415535357064,-0.7396446494157196,-0.2938065716252064
2422,,1.0,0.12586359137002234,,1.0,-0.4376278458108547,-0.6336249598278745,-0.5593607475504809,-0.5330164137651381,-0.4332716793435502
2423,,1.0,-1.032615663026286,,1.0,-1.7278494198764671,-1.188546329255413,-1.4987792531987614,-1.4557727945456074,-1.3604463671360287
2424,,1.0,-0.6032574628771005,,1.0,0.12917191000840214,0.22485638875631928,0.11410584203227898,0.18956716760667086,0.3821376923110401
2425,,1.0,-0.5332974259204387,,0.0,-1.2715430639548961,-0.9450166497333916,-1.0427008682255956,-1.1698701852508613,-0.5694036418245909
2426,,1.0,-0.4299205088904301,,1.0,-0.44825567390722776,-0.27004305538167844,-0.19398038658133188,-0.34099365940625487,-0.6216358529765266
2427,,1.0,0.07398587957186294,,1.0,-0.2674413296157724,-0.21030672265880845,-0.30308380708399896,-0.561508955622869,-0.09458789633224117
2428,,1.0,-0.7515042918688243,,1.0,-1.3882915004025493,-1.0850164618323621,-0.528247784459621,-1.4108170229969954,-0.015912771291113223
2429,,1.0,-0.3985555021879367,,1.0,-0.9497936260850629,-0.8556086964063075,-0.5970477359042516,-0.7892713537394529,-0.3390006147026679
2430,,1.0,-0.8491255090300671,,0.0,-0.41415017929937176,-0.22270774099929366,-0.20797890470588423,-0.39472386425623057,-0.2595249313028116
2431,,1.0,-1.2925523555466403,,1.0,-0.7299234671662219,-0.7157327629170135,-0.7724917776677065,-0.7759912948383387,-0.8100358051201806
2432,,1.0,-1.1497783907886185,,1.0,-0.834723839751279,-0.8518757186130007,-0.6025335476137608,-0.6529183919937367,-0.5638870628286102
2433,,1.0,-0.6637784564870884,,1.0,-0.042134374824698895,0.054480899379666575,0.23203082612864914,-0.18528019093479628,0.25032578092095853
2434,,1.0,-0.9904210781834234,,0.0,0.32542646070412734,0.3249846923360219,0.5492966118906698,0.22351089020257478,0.4661231384094831
2435,,1.0,0.011694553362604224,,1.0,-0.4678316082520525,-0.35106785595559276,-0.46765619540861736,-0.7085310483384379,-0.5633200846223746
2436,,1.0,0.014759285683710153,,1.0,-1.0823589690766007,-1.0683919762373677,-1.0157721828621695,-1.0107536405469568,-0.785253806521034
2437,,0.0,-1.169240451178554,,1.0,-0.8429387753288387,-0.6548742981242972,-0.7963399631762714,-0.7893681103923736,-0.4376347217034613
2438,,0.0,-0.44934074010352537,,1.0,-0.545263961287479,-0.42487898500271826,-0.5777003866681372,-0.41955860716579463,-0.5678857869273778
2439,,1.0,-0.993893401468654,,1.0,-0.2692614992397386,-0.1592558278544905,-0.21984496226769618,-0.20881873522895114,0.02589922446695709
2440,,1.0,-0.24401395571702628,,1.0,-1.151200982045083,-0.8253653886392176,-0.9456058667251575,-0.8312024916463621,-0.5484134759433026
2441,,1.0,-0.3356333667083604,,1.0,-0.4234192686753247,-0.02269822001079622,-0.2933863161180013,-0.14958383942650869,-0.17612453706407563
2442,,1.0,-0.40347071677608165,,1.0,0.3397871416228758,0.19356158606241414,0.6073533680775695,0.021353634430533563,0.17596066877142447
2443,,1.0,-0.2138664797273465,,1.0,-0.3841042733945896,-0.22202446256167493,-0.07640987448154254,-0.166847108506696,0.034012290788051604
2444,,1.0,-1.0933080190605267,,1.0,-0.9898902855941729,-1.077608338078697,-1.0055390857101802,-0.657217224975332,-0.707003743590423
2445,,1.0,-0.5167975422311433,,1.0,-0.8583014286465426,-0.8800513250411282,-0.8959695924846964,-0.5693526147566526,-0.647622834750053
2446,,1.0,-1.0346181809582249,,1.0,-0.5442235118937495,-0.6993814055696232,-0.6199542904925198,-0.4659447562116068,-0.29439667250577667
2447,,1.0,0.32202595724712957,,1.0,-1.3599013252552064,-0.960766039572804,-1.0389149252458283,-1.0763372333364072,-0.7580288624366317
2448,,1.0,-0.6841997994593777,,1.0,-0.19086209944350033,0.009584554257724118,-0.03715901904917796,-0.5102521143850165,0.3185185746901347
2449,,1.0,-0.7962731842861728,,1.0,-1.0723596276390333,-1.0718357342088463,-0.9196826109222869,-0.7729181766410999,-0.6519931471098849
2450,,1.0,-0.2977072623418545,,1.0,-0.9082765081062586,-1.0012703972245567,-0.8360663953270434,-0.6503268116463689,-0.5535543296001318
2451,,1.0,-0.9681443942729865,,1.0,-0.6336065918984766,-0.8074936692051696,-0.8802052904126462,-0.6451419989838951,-0.8977774138834742
2452,,1.0,-1.435097659609508,,1.0,-0.5355717772722457,-0.41512967222583314,-0.61097475536988,-0.4775667613229504,-0.5859885900472905
2453,,1.0,-1.5057913242791032,,1.0,-1.040993805181995,-0.7957225129011549,-0.7383037936807646,-0.9447736263695456,-0.7030427713728922
2454,,1.0,-1.1927795782943502,,1.0,-0.7797486247656209,-0.8646365858512846,-1.166010919298284,-0.8153293761337204,-0.6307223384277565
2455,,1.0,-0.4503527401403624,,0.0,-1.0237524168347099,-1.0212801682767663,-0.9934085455733167,-1.0052478310633624,-1.099429283135039
2456,,1.0,-1.5876930446893296,,1.0,-0.8941661224978054,-1.1228214801210934,-1.0601025055047133,-1.0835356883148384,-1.1789021829012627
2457,,0.0,0.7937158395883223,,0.0,0.43849121545473946,0.5633804343418304,0.5687330550577117,0.3567480269489077,0.6634179364195095
2458,,1.0,-0.8120997854129155,,0.0,-0.5877170688708944,-0.5261626687141429,-0.3288362707298299,-0.38491786486830426,-0.18472920854104868
2459,,1.0,-0.9621780436020962,,0.0,-0.8826585689537404,-1.0315864007874083,-0.9127385399823494,-0.9903221695138691,-0.9872962962372004
2460,,1.0,-1.3360336274363553,,1.0,-1.248041978626945,-1.189768223890605,-1.1288816453014527,-1.2707978023582038,-1.3433857546022951
2461,,1.0,0.5111473510142626,,0.0,-0.8954876197683679,-0.5375461055852262,-0.8693880991257164,-1.137605945323703,-0.5952585923222621
2462,,1.0,-0.013607545453835785,,0.0,-0.7528201461740863,-0.16219199505316537,-0.3344068898268279,-0.9193006386350742,-0.07766283053954084
2463,,1.0,-0.28753692837568723,,0.0,0.08569003813483402,-0.021429400044259386,-0.17623084024984367,-0.23271650765896498,-0.22842715463816804
2464,,1.0,-0.9216062154606462,,0.0,-0.06061988063238637,-0.01834291944349624,-0.12689510394132408,-0.3335041719114927,-0.3088881688525993
2465,,1.0,0.050365275362928674,,0.0,-0.4777010695082644,-0.5752302710069033,-0.5520357768901911,-0.8878975195718831,-1.078288543417468
2466,,1.0,-0.08014940900917267,,0.0,0.22827042451352478,0.29727055271462904,0.35592787442806917,0.0667216767129202,0.2830004333438603
2467,,1.0,0.16703935542454748,,0.0,-0.6532766905378011,-0.47487918567844023,-0.4924685718772178,-0.7246753112772275,-0.6194803684659772
2468,,0.0,-0.029370884013656125,,0.0,-0.09767364286210643,-0.18047830654104166,0.09448184070296756,0.09088800699985088,0.07645579331299682
2469,,1.0,-0.6357204624545338,,0.0,0.6564250544341448,0.39293561995058024,0.6335678096282539,-0.0418375881683985,0.7007260761255023
2470,,1.0,-0.21798419286006301,,0.0,-1.242833925995188,-0.925611612688613,-0.9277037270696168,-0.9189074263258884,-1.0233969103274472
2471,,1.0,0.8216420636246488,,0.0,-1.3115453039332454,-0.9038211440690682,-0.9141758804141644,-0.8737978000809459,-1.0321207972738384
2472,,1.0,-0.849801141960037,,0.0,-1.2282609635101573,-1.036391024931117,-0.9894799475716799,-1.12354914528852,-0.987061435264615
2473,,1.0,-0.6709313094505192,,0.0,-1.0869424839031352,-0.8812187362544815,-1.0575218501914851,-0.9669843151823391,-1.2905402798294348
2474,,1.0,-0.894923649599199,,1.0,-1.2834597118939615,-1.0536660304030976,-1.1021528883190548,-1.0234755281334276,-1.2643204570139517
2475,,1.0,-0.783183095945179,,0.0,-1.1896252161675986,-0.7667586186019613,-0.9933029245911073,-0.7674342955872792,-1.0114430928139235
2476,,0.0,-1.1420494564247101,,1.0,-1.1476486983512797,-0.8225560941367795,-0.8735416793549283,-0.9020016554770054,-1.1426511488733198
2477,,1.0,-1.2536196342850032,,0.0,0.12380492092559389,0.32780337670428344,0.18844558084453267,0.012817820064014732,0.3104486931169578
2478,,1.0,-0.41983964085592884,,0.0,-0.6901897396605405,-0.5203285859823298,-0.5200908337615308,-0.7662853074385149,-0.41138881553385986
2479,,1.0,-0.3922058329196846,,0.0,-0.4903159097492505,-0.8499724292648663,-0.7612060458024914,-0.5377549549726482,-0.6519354927719597
2480,,1.0,-0.13859295293655788,,0.0,-0.7485414634041401,-0.8894373118543369,-0.8457570330814783,-0.9365000904065383,-0.8284988304395106
2481,,0.0,-0.5934795603755283,,0.0,0.04634926350669161,-0.04102383569079337,-0.15906954480143246,-0.08575631928358411,0.013184877351573648
2482,,1.0,-0.7166570966761543,,0.0,-0.42152930749258927,-0.8314986569449913,-0.5645105943340603,-0.8025891250342032,-0.7965459009870753
2483,,1.0,-0.18477786823253636,,0.0,-0.7621700778403994,-0.946531250568923,-1.0135806733077983,-0.9418768975863175,-0.6804401716274582
2484,,1.0,-1.5948498095183918,,0.0,-0.7325069826843681,-0.5420192628920723,-0.6871670615182073,-0.747252037729344,-0.7556981665136931
2485,,1.0,-1.4713366755734616,,1.0,-0.8294273684942038,-1.1469728020307397,-1.0868835359156959,-1.015820299780433,-0.930166405893177
2486,,1.0,-0.5142792303921657,,1.0,-0.9469139964482678,-1.1565892362158046,-1.1490154861765605,-1.227735241459912,-1.1746103709224718
2487,,1.0,-0.5558932917118558,,1.0,-0.12787827232365495,0.12127136103660599,0.1470143105417783,-0.1642536157586516,0.2542640517841582
2488,,1.0,0.5868694589529226,,1.0,0.187894204250787,0.6879706480248375,0.5178812165876754,0.4547164881367851,0.4794364720530895
2489,,1.0,-0.39092206477394853,,1.0,-0.8375160002417452,-0.569864741496009,-0.6149716730749962,-0.6195220449931106,-0.6725474867411153
2490,,1.0,-0.5948058849403811,,1.0,-0.7935195859434916,-0.9097042842586116,-0.8639000698110972,-0.8889615200882254,-0.5503234640121349
2491,,1.0,-0.07025037505719485,,1.0,-0.772862967547422,-0.6376196826037052,-0.7550050516975615,-0.570757875873564,-0.5992134070017672
2492,,1.0,0.01784202450199786,,1.0,-0.9689105124255262,-0.9527136872587872,-1.0117186296159209,-1.011136116366136,-1.0903524957076651
2493,,0.0,-0.45964277026369166,,0.0,-0.5330321777432391,-0.36509195539130523,-0.4933004695017089,-0.7947868959765089,-0.6433500921298828
2494,,1.0,-1.3723973086104224,-2.15,1.0,0.6301202722371729,1.2695086761471714,1.32447181232464,1.3115109730560228,1.2091096227889562
2495,,0.0,-0.7345275093917101,-1.89,1.0,0.9063453599083354,0.8693641479590757,0.9961620847197563,1.0154943285005553,1.0559999523117276
2496,,0.0,-1.4043293750053403,-1.82,1.0,0.68031982337789,0.7071751023149522,0.6228968463703628,0.6295053826505875,0.7515274775506955
2497,,0.0,-1.664558531125828,-1.82,1.0,0.8839053274058914,0.7877023370533461,0.918524739543948,0.8045756107635358,0.9911334125148247
2498,,0.0,-0.9191167176736326,-1.67,1.0,-0.19466837886554317,0.015241686244047564,-0.2676607041748721,-0.263926311162493,-0.37911641530840423
2499,,1.0,-1.0701909384563613,-1.54,1.0,-0.2701412695075528,-0.18190767944980338,-0.147475946049795,-0.26954369395554656,-0.3151387625361323
2500,,1.0,-0.5842893856393359,-1.52,1.0,-1.0695113830064045,-0.7988028962787287,-0.4558649561751299,-1.3811069756763783,-0.023365667408374906
2501,,1.0,-0.8698220265413419,-1.4,1.0,-1.193252811907511,-1.0214287326176568,-0.5965212290697306,-1.468654706691683,-0.5863468976894632
2502,,0.0,0.36671550030020406,-1.39,1.0,-0.8295929737338117,-0.5653999981958503,-0.504789007991705,-0.8857635798019308,-0.6816195507849735
2503,,1.0,-1.0480668418096943,-1.3,1.0,0.3720383722518683,0.3436890090302639,0.41287471095889977,0.5502102402934081,0.6111133594466202
2504,,0.0,-1.5277862579509842,-1.3,1.0,-0.8387773383721815,-0.48233949425715716,-0.6752020991203799,-0.8694657250429982,-0.668372813264833
2505,,1.0,0.649425622447112,-1.3,1.0,-0.1021583534632896,-0.06474685874031265,-0.14882139326410976,-0.1450336628544583,-0.08292202043982386
2506,,0.0,-0.7668388098248933,-1.3,1.0,-0.7570338339161965,-0.7009000512585573,-0.7434753586352587,-0.6898041773446305,-0.7923162342386748
2507,,0.0,0.18420431827802647,-1.3,1.0,0.622775275531741,0.7453051410685377,0.9005481052504246,0.5380188733248238,0.9057816079747504
2508,,0.0,-1.118049516138827,-1.23,1.0,0.548132778377187,0.7538414847171723,0.7470737027469231,0.4888596127994001,0.8525501463822625
2509,,0.0,0.12451490950969718,-1.22,1.0,0.8896725758901091,0.9346164363715136,0.9565649196439122,0.9341674591110821,1.1386599408797098
2510,,0.0,-0.8966955006167987,-1.15,1.0,0.8027838925738462,0.9105603534147859,1.0479849819740765,0.7800224505564964,0.7818615479481105
2511,,0.0,-0.6745974190019838,-1.12,1.0,0.3405624361269443,0.8515336396992201,0.7965088921604878,0.7258638279766659,0.8612980389682194
2512,,1.0,-0.5038928236552959,-1.1,1.0,0.144374355650175,0.6834418855277389,0.3103570271677561,0.023534792307231076,0.5248516084665522
2513,,0.0,-0.9011851090779892,-1.1,1.0,0.00691175351586963,-0.15374249541796442,-0.18565833909165144,-0.10632521036410976,-0.017537717628410176
2514,,1.0,-1.4690445253938331,-1.1,1.0,0.6950287172446098,0.835386765008651,0.9685757959205722,0.1401484281396729,0.7780540600281004
2515,,1.0,-0.1041152490532926,-1.09,1.0,-0.5873796119985167,-0.4836535036893893,-0.5824334177670178,-0.5636310491109529,-0.4429130644315351
2516,,1.0,-0.18311127402321248,-1.0,0.0,-1.2215056115401244,-1.1694344346624914,-1.171377695045852,-1.3511883029842886,-1.253383460376806
2517,,1.0,-0.9787822880310917,-1.0,0.0,0.08390577675552675,0.37262390099342574,0.3985494973956835,0.20964192831406098,0.4324603322475564
2518,,1.0,-0.417300813299185,-1.0,0.0,0.34638985982889026,0.2299560345282701,0.22532990547843032,0.3789592199303318,0.44511957321535495
2519,,1.0,-0.6499399005401097,-0.93,0.0,-0.9395051950154782,-1.2370185048436142,-0.7593058617797905,-0.9913073430592825,-0.5788983058030037
2520,,0.0,-0.17763365348309587,-0.9,0.0,-0.9633530797780899,-1.012357307499993,-0.8021498170308881,-0.8701551874126875,-1.0414392995053448
2521,,0.0,-0.20618602332243138,-0.89,0.0,-0.30827973575799833,-0.23242909132450243,-0.10425501785328684,-0.057913493393869524,0.15715860765467288
2522,,1.0,-0.967330878232582,-0.85,0.0,-0.7461042242400356,-0.6491861255505993,-0.46276832036566173,-0.7471245508920069,-0.6776206284155373
2523,,1.0,0.1714605026624902,-0.7,0.0,-0.7268881652773092,-1.0768345304409332,-0.7573920140360024,-0.7636902518229874,-0.6635748700636666
2524,,1.0,-0.8465084725503006,-0.67,0.0,-0.861340654308429,-1.0173511582403152,-1.126618178774362,-0.7762735844416742,-0.8796136813957108
2525,,1.0,-0.7187074617609535,-0.67,0.0,-0.9079000505918365,-1.0201462360106934,-0.9942404499367858,-0.6976192533464572,-0.8254234979188806
2526,,1.0,-0.41692255415196516,-0.67,0.0,-0.6382786859966779,-0.6612578449236012,-0.33367633607018626,-0.47523481283111385,-0.4316961144270284
2527,,1.0,-0.732620017472384,-0.66,0.0,-0.7476985701542289,-0.556198591131547,-0.21662899585324472,-0.5394008616580133,-0.5113699137647472
2528,,1.0,-0.7554841085427719,-0.65,0.0,-0.3018442741176099,-0.25265941374826967,-0.06913906151576582,-0.5605894472945356,-0.08530553654602982
2529,,1.0,-0.2952657268849736,-0.63,0.0,-0.7562431016503831,-0.6309088251757239,-0.6617646747672546,-0.7064837545813107,-0.5841095369409075
2530,,1.0,-0.32866856842430525,-0.62,0.0,-0.8633725563781269,-0.8184459130691357,-0.7728675254062012,-0.8448752110680152,-0.9768857979731623
2531,,1.0,-0.11670845752031336,-0.62,0.0,0.010132654313332877,0.02887011417890456,-0.1760961034440942,0.04607007229232513,0.3864099130767653
2532,,1.0,-0.1664758335733559,-0.6,0.0,-0.07290435728127985,-0.1990705525773957,0.0640839971489332,-0.1641445002387242,-0.05293366068363596
2533,,1.0,-0.8554849994607497,-0.59,0.0,-0.8339290462046075,-0.8289961050701626,-0.9846824365601675,-0.8807285184987133,-0.8923398501344116
2534,,1.0,-0.7207742151806575,-0.58,0.0,0.34074537727879606,0.23609490738260566,0.4354451671760221,-0.011622507685632248,0.20832062580325075
2535,,1.0,-0.7653313082710702,-0.52,0.0,-0.40778467130685864,-0.6809792654167584,-0.44360775749894865,-0.23657189695161285,-0.3754511532210375
2536,,1.0,0.05913101165324211,-0.52,0.0,-1.5490117511096133,-1.2788761348013786,-1.2383006691477985,-1.3159761657313367,-1.2578172386713722
2537,,1.0,0.01305586303138786,-0.52,0.0,-0.8009896804619178,-0.9043722022960139,-0.9175104479788547,-0.9654351729245573,-0.9051104856506291
2538,,1.0,0.10311071216824522,-0.5,0.0,-0.24999881085938636,-0.44935689741616075,-0.4340604414105563,-0.5225718352828782,-0.582920646319585
2539,,1.0,-0.14707629368515812,-0.48,0.0,-0.9702660890571779,-1.053703158247172,-0.77975102060364,-0.9124850545652492,-1.0235948746840466
2540,,1.0,-0.10066453780057692,-0.46,0.0,-0.903774829729149,-0.9289689316047403,-1.1224455666065867,-1.0285524650505564,-0.9330115593110209
2541,,1.0,-0.5375317991298393,-0.45,0.0,-1.3674752306066422,-1.0583345909243485,-1.0878611758391945,-1.00976628861581,-0.8935507464309894
2542,,1.0,-0.26251175258522186,-0.43,0.0,-0.05831243560440228,0.02467713279537359,0.17753469059502194,-0.5712582904870945,0.1197535020154433
2543,,1.0,-0.407164785404179,-0.43,0.0,-0.0771583723262146,-0.7068804639222849,0.32353202225088057,0.140358666549424,0.5741777841036743
2544,,1.0,-0.5824947309585113,-0.4,0.0,0.22813515927256128,0.5825753451845493,0.5175644118170203,-0.1331281963380986,0.7215248936844975
2545,,1.0,-0.2322647299043007,-0.37,0.0,-0.04062965367297097,-0.01752223358362844,-0.2394211780902425,-0.06435381476353808,0.051425794349523546
2546,,1.0,-0.028198448915889473,-0.3,0.0,0.01504513437400276,0.15926027244039226,0.2120524949725329,0.06139860219345011,0.2500160172185298
2547,,1.0,0.009784709260578693,-0.3,0.0,-0.6735314196302293,-0.3410614322980759,-0.5693098312607194,-0.7543596262746498,-0.5068966606583247
2548,,1.0,0.12870487634977718,-0.28,0.0,-0.7962354828466882,-0.735230969246814,-0.5459189856241712,-0.8658512907926533,-0.7036197790019939
2549,,1.0,-0.4046954482599212,-0.28,0.0,-0.6589441079491417,-0.4854797699501757,-0.6587424062984132,-0.8314293565499083,-0.6499899064324509
2550,,1.0,-0.2598270457648123,-0.28,0.0,-0.936260349182996,-1.0262684333859131,-1.0250520514865766,-1.181727325140418,-0.9687766136230511
2551,,1.0,-0.016264853729710795,-0.28,0.0,-0.9768343627720636,-0.9953034898909694,-1.0546614767878075,-1.0852489392898788,-0.9382730143474377
2552,,1.0,-0.3249474766308412,-0.24,0.0,-0.5301906643382013,-0.6699538510829933,-0.3356385206891071,0.10104000142192936,-0.19868879854967528
2553,,1.0,-0.2198016971187585,-0.24,0.0,-0.5891557543208704,-0.46502681465075746,-0.2916625232326497,-0.503665870071075,-0.3142233805752891
2554,,1.0,0.3228608264609181,-0.23,0.0,-0.35763204228053586,-0.06580371371098002,0.06718565738009437,-0.09587841142850365,0.17063383356040696
2555,,0.0,-0.09865624786316271,-0.22,0.0,0.18937282138803826,0.30746785713065933,0.368806101865583,0.3857546864475744,0.24229691719941038
2556,,1.0,-0.3156533257846469,-0.22,0.0,-0.11249688663409779,0.39301679077979296,0.06270750603157767,0.23676926672674656,0.24743222948290786
2557,,1.0,-0.4515619108498311,-0.22,0.0,-1.3430364427781791,-0.7558291420530945,-1.0312162814806214,-0.7067829579572271,-0.5782310816378039
2558,,1.0,-0.6527878607868324,-0.2,0.0,-0.03307003582288044,0.13991783572674552,0.05262139006356623,0.03719873423862977,-0.044527452845548335
2559,,0.0,0.28576915464610536,-0.2,0.0,0.11509380543293224,0.12424968017238623,0.058501086836470186,0.003625348525341655,0.10739219259794607
2560,,1.0,-0.29014405452841585,-0.2,0.0,-0.2711091501326282,-0.1699073461274296,-0.12048544305971909,-0.15713609306713847,-0.07110227905923523
2561,,1.0,-0.23494767993860796,-0.2,0.0,-0.9128537935368041,-0.7036053975796643,-1.0421503841504511,-0.8793899164046262,-0.8388350143294775
2562,,1.0,-0.32570928750068545,-0.17,0.0,-0.871325529078617,-0.7901672421831256,-0.8161796301353592,-1.0576294009360045,-0.8508381015836401
2563,,1.0,-0.03491950289741261,-0.15,0.0,-2.130039782342801,-2.0428905286531127,-1.6766348489041898,-1.8275607423414817,-1.7904340231383284
2564,,1.0,0.09747034679599907,-0.14,0.0,-2.089016282374534,-1.929122557972658,-1.7494121326834502,-1.8820795979694709,-1.8872984119454894
2565,,1.0,-0.08561186537828579,-0.1,0.0,-1.6899346647499205,-1.2488821367113276,-1.2218908975573646,-1.3220091943673824,-1.2205573123128999
2566,,1.0,-0.18758842812017457,-0.1,0.0,-0.6417301517288647,-0.38872644045309124,-0.4331967379022611,-0.7704705292921024,-0.6269140547394196
2567,,1.0,-0.278183292322281,-0.1,0.0,-1.3648133015934225,-1.1037425209387222,-1.0459099618223993,-1.1011157673796277,-0.8502848614535128
2568,,1.0,0.22323320074802255,-0.1,0.0,-1.3952024833949412,-1.3275962077397663,-1.3095099658239284,-1.2913003763567417,-0.8223482843427666
2569,,1.0,-0.47067299834042975,-0.07,0.0,-1.2114107880349982,-0.8595482258421949,-0.7686198218769569,-1.0671695882059087,-0.7886022242840147
2570,,1.0,0.0390164553974855,-0.02,0.0,-1.5307273307056155,-1.004556658914029,-1.30208186151085,-1.2599406581397918,-1.0624568966205743
2571,,1.0,0.2728551507016703,-0.02,0.0,-0.9065410659528862,-0.9381557882270251,-0.9315407905428302,-0.8692359545344951,-0.6930203155962296
2572,,1.0,-0.019787025849720013,-0.01,0.0,-0.4115703146114376,-0.1937526457327975,-0.16711570682809274,0.17177698542835124,0.08204913411551329
2573,,1.0,-0.5708756182261684,-0.01,0.0,-1.2231849285743897,-0.9123134507590313,-0.9909973681280266,-1.0895668368994622,-0.9465881266265698
2574,,1.0,-0.18711559828373042,0.0,0.0,-0.5884560484405512,-0.5126722624970145,-0.544354167694043,-0.3956659934835714,-0.4473710230476822
2575,,1.0,-0.19622257861564463,0.0,0.0,-1.1088558934785093,-0.8413472185830618,-0.9484862215777145,-0.8408184376413403,-0.9303587660902414
2576,,1.0,-0.003184353592580433,0.01,0.0,-0.6881140982852928,-0.6808785377431547,-0.6469107364963612,-0.5399153231832378,-0.6086797587645603
2577,,1.0,-0.3524518875738064,0.04,0.0,-0.08453563156606139,-0.1150577921165986,0.038779486476377835,-0.3376500592019024,0.157912315050563
2578,,1.0,0.11158012690011145,0.07,0.0,-0.5117033168475174,-0.33752959177070696,-0.4700746449263468,-0.3924146910059009,-0.5173023800656298
2579,,1.0,-0.809377624515385,0.08,0.0,-1.3590538640653393,-1.2330554896446424,-1.519614590217603,-1.424728892832135,-1.3508493225308837
2580,,1.0,0.044229162036650185,0.09,0.0,0.17728467943413392,0.4813234287429978,0.2392085703865966,-0.1404890160520563,0.5366148453208371
2581,,1.0,-0.6619385036523175,0.09,0.0,-1.2469633734189065,-1.192717012998702,-1.3910617182358755,-1.1942074236913887,-1.1918753323534048
2582,,1.0,0.35314636615503897,0.1,0.0,-0.8038837514320586,-0.7379850678514598,-0.9041301997143916,-0.8983727992322103,-0.7564428616763753
2583,,1.0,0.04484345659621257,0.1,0.0,-0.9133465983927199,-0.5853808464649051,-0.6716062534233311,-1.2399619666662713,-0.8839541487241832
2584,,1.0,-0.08416568963963193,0.1,0.0,-0.8228677380160504,-0.5501235515987416,-0.7740893333882044,-0.602312155136048,-1.1692431020284977
2585,,1.0,-0.5782268720425199,0.1,0.0,-0.7381451014060035,-0.21986623960262644,-0.5774679230933145,-0.6424589260834135,-0.7376187992043782
2586,,1.0,0.454498544241838,0.16,0.0,-1.8764167088765054,-1.1948223479454345,-1.9132839006805316,-1.9705709073878832,-1.8365212392473793
2587,,1.0,0.3385933040734745,0.2,0.0,-1.4120138132871278,-0.9545413101806112,-1.1607687668819444,-1.2054976883365394,-1.4100127949602719
2588,,1.0,-0.3835125396302791,0.2,0.0,-1.379206027133616,-0.990275403346176,-1.2672905156861785,-1.4259341286063878,-1.2480312501587896
2589,,1.0,0.6519670084376815,0.22,0.0,-1.2564678581190438,-0.504733703766553,-0.791772301121803,-0.9598169979668817,-1.0290843680783763
2590,,1.0,-0.32811919800515343,0.23,0.0,-0.6727664282418563,-0.3408885955848917,-0.42256977397862533,-0.47294579619943505,-1.001917160842441
2591,,1.0,-0.12158474818809696,0.24,0.0,-1.2702863581639072,-1.0510947365227015,-1.2024890923403317,-1.4668223780383167,-1.3902169343043826
2592,,1.0,0.19534755164731127,0.25,0.0,-0.44670026687005226,0.011935063804477153,-0.16514380693752168,-0.14057469332412972,-0.3875209818228184
2593,,0.0,-0.045043533629306146,0.25,0.0,-0.8510219848342082,-0.46210360008632595,-0.3638017204336143,-0.38813275899409405,-0.6340826584039448
2594,,1.0,0.24784368761598435,0.26,0.0,-0.133910358641309,-0.22209598378298345,-0.26315348186319226,-0.359150232078432,-0.3366298017269411
2595,,1.0,-0.1901357076914702,0.27,0.0,-0.999343550623787,-0.9630935410184592,-0.9210865023363604,-0.6616088803337788,-0.7854867506595986
2596,,1.0,-0.014461383858874187,0.28,0.0,-0.16575752480436384,-0.20400540443351467,-0.2159097489906326,-0.26376919992607994,-0.2084761699691387
2597,,1.0,0.24792917561285233,0.32,0.0,-1.191596707549939,-0.8566528758691094,-1.1746280691474245,-0.896565970792238,-0.7977839140007877
2598,,1.0,0.19474895235908538,0.32,0.0,-0.7194559448593872,-0.47518138039158836,-0.39942456199980847,-0.19947656258964752,-0.7869312055694334
2599,,1.0,0.5328772174221978,0.34,0.0,-0.23180572952205222,-0.3936584015468978,-0.28934222624898515,-0.4760029871786902,-0.33772865750290687
2600,,0.0,0.5714956857472855,0.39,0.0,-1.3745264136594297,-0.6870056837656154,-1.3986500105631756,-1.0484076124923192,-0.9682152663573247
2601,,1.0,0.3009197397680517,0.4,0.0,0.026706020410258338,0.22593819606970764,0.15274934864108225,-0.10535895089815915,0.42985517319994637
2602,,1.0,0.20734194918407722,0.4,0.0,-1.5171193464038903,-1.30534204827562,-1.2008336152371872,-1.346112930536224,-1.3139157864817912
2603,,1.0,0.355711218888883,0.4,0.0,-2.0897140458130483,-0.8965578882723962,-1.1598275444233126,-1.6312247891583669,-1.1819740411957513
2604,,1.0,0.13128655805558198,0.4,0.0,-0.8681715888507446,0.003553700505487749,0.0264480405331541,-0.5716330369511303,-0.07673985087891211
2605,,1.0,0.4829266477072852,0.41,0.0,-0.6213277583848974,-0.01363931316449028,0.25378913260878133,-0.48662046772439926,0.1300553012711678
2606,,1.0,0.5850094244384154,0.43,0.0,-1.8847782811553082,-1.044679505181461,-1.191363251621083,-1.5509001074989879,-1.701505444282424
2607,,1.0,-0.23709775475146647,0.44,0.0,-0.6503222657021486,-0.5730094150380468,-0.4645948629909579,-1.040745332237854,-0.6984785412068409
2608,,0.0,0.3996073371369711,0.46,0.0,-0.07669497870258928,-0.05628830545991541,0.09016133756678926,-0.1100949188354989,0.18966581965522342
2609,,1.0,0.3179859608017057,0.48,0.0,-0.20413020998747408,-0.00666623551022474,0.22219100542629436,-0.015059696356143175,-0.005815123143866472
2610,,1.0,-0.35316260449233117,0.5,0.0,-1.9319807573492305,-2.044413781396003,-1.4425971662104424,-0.45174753460611605,-1.5523102247587266
2611,,1.0,0.7675529609689224,0.5,0.0,-0.6609965885604113,-0.4160204025387347,-0.7155626036344903,-0.5460600025851443,-0.7001904455882548
2612,,1.0,0.34735600450432375,0.5,0.0,-1.487114951098712,-1.171194885548091,-1.1434727883391271,-1.411720494571367,-1.1377378938540454
2613,,1.0,0.1969162407146509,0.51,0.0,-0.978658202220302,-1.001650717290706,-0.9039170398644258,-0.7550639339740876,-0.7997767836305996
2614,,1.0,0.34203606740053033,0.52,0.0,-0.5728722051694968,-1.0593801459394636,-0.5996621674259107,-0.9749154235635618,-0.13836109592718432
2615,,1.0,-0.00442630364316513,0.53,0.0,-1.0845777045860605,-0.9710918639141135,-0.539561691184472,-0.9556356611502725,-0.2992329857733176
2616,,0.0,0.40811150911186195,0.57,0.0,0.07924986927631059,0.1067642740321122,0.06313654216759296,-0.030378813343399893,0.04513544766615847
2617,,1.0,0.36750469033168337,0.57,0.0,-0.3551321807631627,-0.4395404423653635,0.001563401790745092,-0.18795181746433792,-0.1897091868111889
2618,,1.0,-0.6303408229697075,0.57,0.0,-0.7190190063806995,-0.7879977802830256,-0.8566386334601397,-0.665339500568386,-0.5023808637786841
2619,,1.0,0.0528638985737352,0.58,0.0,-0.5405477902371765,-0.9779881610045059,-0.5375198970026857,-0.5551054988479153,-0.4950793281869008
2620,,1.0,0.3798891836977275,0.59,0.0,-1.1798558562187957,-1.2914302450145776,-1.1037603886450893,-1.1456843658223854,-0.7340291274924383
2621,,1.0,-0.2089994247086632,0.6,0.0,-0.7555760478609146,-0.6295529912117979,-0.6011785288573179,-0.8316211954731936,-0.7520872839583487
2622,,1.0,-0.17374625344101244,0.61,0.0,-1.5014473633072454,-1.2483197543205713,-1.3819996012442168,-1.2208342389165134,-1.2877759530820327
2623,,1.0,0.2751277994027834,0.62,0.0,-1.383700630492302,-1.0649112883271175,-1.138140174230828,-1.1486932825081584,-1.0264494763465803
2624,,1.0,0.7091221878601257,0.64,0.0,0.4295455778987458,0.5527911764523944,0.6105897964335416,0.2981217375404376,0.63873021762082
2625,,1.0,0.5036258040524827,0.65,0.0,-0.10266221042841542,-0.09981865338724219,-0.1407437073480584,-0.17324618691287166,0.18827617405420352
2626,,1.0,0.10369683562816526,0.71,0.0,-1.0880651585769252,-1.2849911925631865,-1.0178133886575165,-0.9139086951638274,-1.1558912933776866
2627,,1.0,0.868746629089093,0.74,0.0,-1.1165865751542208,-1.2206837560887116,-1.1342587394329806,-1.0930937201901114,-1.0445400927731703
2628,,1.0,0.5864214223079747,0.82,0.0,-1.0556058564897481,-1.1504228264240166,-0.9222376633542907,-0.9305619747727426,-0.6849824020270125
2629,,1.0,1.027014565795167,0.83,0.0,-0.03984523836300667,0.14173258260011493,0.1112652370704578,0.13720175676744106,0.11924524757199349
2630,,1.0,0.7509988992638502,0.9,0.0,-0.9393031965404246,-1.1480682766167596,-1.039644056203767,-0.9306980517819435,-1.06678974245097
2631,,1.0,0.6750405891405578,0.9,0.0,-0.14527493633121022,-0.0831637542165333,-0.14324768506261643,-0.10438760512086015,0.20793394051955003
2632,,1.0,0.4037976879546533,0.93,0.0,-0.8628094185607114,-1.0117270811893655,-1.086013201807799,-0.8108392033423024,-0.7517404245652751
2633,,1.0,0.950057718377345,0.98,0.0,-0.5206960669750579,-0.2627885988949023,-0.2064879358379552,-0.6256518359180728,-0.43689570546960677
2634,,1.0,0.6357096461981413,0.98,0.0,0.11830353245120562,0.09257922955480784,0.2847059993117666,-0.12437029972237329,-0.07698904621847656
2635,,1.0,0.9122644090687911,0.99,0.0,0.47624965602290265,0.6353861210863617,0.46794956644882807,0.1776394045136056,0.7490548066180251
2636,,0.0,0.17525404491791458,1.0,0.0,-0.17232423216761056,-0.0018354511383850162,0.2669690979380893,-0.01555990359540287,0.16701816405188397
2637,,1.0,0.550393610153611,1.0,0.0,-0.267861689120927,-0.323382200112645,-0.08805616685199384,-0.3488583252157862,-0.42099880837343934
2638,,1.0,0.9207181767842592,1.07,0.0,-0.44503828468342277,-0.4913429028912968,-0.22184766637993442,-0.6727782389378998,-0.4158169970008289
2639,,1.0,0.5442063419640415,1.08,0.0,-0.2831900728528254,-0.538760064381196,-0.4693292566778218,-0.6911871547426719,-0.45520508357535555
2640,,0.0,0.6272927975320275,1.3,0.0,-0.34402327253250814,-0.27747837498218353,-0.24031376441978905,-0.21269746769434456,-0.262068712967279
2641,,1.0,0.7644537121304453,1.3,0.0,-0.9411760842907047,-1.0145095495395278,-0.9313668430388169,-1.0284592353565638,-0.8433776397467642
2642,,1.0,1.1610397095090075,1.38,0.0,-1.2614915902489647,-0.4105734734357858,0.00018960540209333925,-0.9864188925595135,-0.29824683353134956
2643,,1.0,1.1345994645418818,1.4,0.0,-0.2866894252063859,-0.48629426291286415,-0.0044018598415029,-0.21477687181784128,0.21244253645689037
2644,,1.0,1.1807109807426315,1.4,0.0,-0.15232179674893892,-0.35717766426768155,-0.25698263298894064,-0.21418485651623792,-0.056102375730372564
2645,,0.0,-0.7764169193691907,,0.0,-1.0569952828700169,-0.9172849319776306,-0.884094156981146,-0.9732027813185647,-1.1634273430525912
2646,,1.0,-0.0672774326673782,,1.0,-0.1751792933547412,0.011228353156178374,0.23113660966984328,-0.18874041145097267,0.32017092796076985
2647,,1.0,0.39911838757732027,,0.0,0.2885985316901095,0.506989399311365,0.24991658453753304,-0.01445137339018463,0.4364593077611933
2648,,1.0,-0.5436569504073576,,0.0,-0.5708526463889285,-0.5368193305725549,-0.7970995892633936,-0.8260283241756404,-0.932183928606785
2649,,1.0,0.16903356051758733,,0.0,-0.4939765345267344,-0.724859126051473,-0.5453915761267006,-0.5328789902242229,-0.4296860539110947
2650,,1.0,0.05453771902442047,,1.0,-0.5027239040838002,-0.778690869950097,-0.4795790281559706,-0.6884878719530215,-0.5737115814120411
2651,,1.0,-0.6809277225456448,,0.0,-0.04716499460163611,0.06374221767298945,0.4906975616979285,-0.376231675246109,0.3033605542793791
2652,,1.0,0.3987791536699925,,0.0,-1.4577589772031416,-1.2065259134559643,-1.5940259693292749,-1.5487396326783718,-1.1535267625140169
2653,,1.0,-0.6054630365530548,,0.0,-1.055492460159995,-0.8086005558834939,-0.8780593134466985,-1.0970377688128237,-1.0995750035718126
2654,,1.0,-0.1999187411498424,,0.0,-1.2678736794532734,-1.3973413381330404,-1.4165673286413383,-1.084301700462967,-1.231122868731768
2655,,1.0,-0.18918608199379452,,0.0,-1.7158836219583296,-0.9886373296113151,-1.6524928091873445,-1.678459744240381,-1.4016649827574394
2656,,1.0,-1.0173949416916521,,0.0,-0.5377069445987469,-0.6212354177471584,-0.5973986098864762,-0.2099555204912383,-0.453060142545194
2657,,1.0,-0.7372668983367187,,0.0,-0.9488181474665932,-0.039994885540834746,-0.20098338864907486,-0.7283629158606226,-0.0937487524046715
2658,,1.0,-0.6261058673343026,,0.0,-1.1520940272190088,-0.8659183825084465,-0.9625557263583963,-0.7633767940027195,-0.6831150449318244
2659,,1.0,-0.9224254522338832,,1.0,-0.29128097922169005,-0.5011263990536765,-0.4195031069206376,-0.39052191146608306,-0.37885245398405476
2660,,0.0,-1.0118391455778544,,1.0,-0.32082587527991296,-0.025841231623104987,-0.3252860627269013,-0.08000411473611577,-0.24308732492726437
2661,,1.0,-1.092161004446481,,0.0,-0.3022803270038738,-0.37790201179035043,-0.40595804058251883,-0.8835100413304396,0.11170028002850062
2662,,1.0,-0.20688560612940912,,0.0,0.17234276785042152,0.5005750565962882,0.028952261071984717,0.23862604654987285,0.6829323730183859
2663,,1.0,-0.6748229069921953,,0.0,-0.07499071289170946,-0.057407488370832926,0.1709729001529252,-0.41054445840090537,0.1243440140275405
2664,,1.0,-0.43250294130077366,,0.0,-0.41270815536402516,-0.35988291861389327,-0.16618189399947347,-0.6042230464071895,-0.12307473917301864
2665,,1.0,-0.5662953636586582,,0.0,-0.10457572068035859,0.15578206082427726,0.13231996432148502,-0.4333581277013984,0.003031818934105053
2666,,1.0,-0.7384282189245238,,0.0,-0.03634825683607004,-0.1434835604726685,0.060885480353121746,-0.45850753922315113,-0.06169706220484678
2667,,1.0,-0.5097185908928404,,0.0,-0.19247772089262286,0.24395494846145138,0.39625914121930034,-0.3624571144116862,0.4326626501120248
2668,,1.0,-0.9790035265793351,,0.0,-0.7160155275901025,-0.4507544117516459,-0.3663344944142994,-0.6106809700446681,-0.08159776766436802
2669,,1.0,-1.015258461697576,,0.0,-0.4970352127331374,-0.8268420962227909,-0.21336896437613792,-0.8814302227006365,-0.31872711934804165
2670,,1.0,-0.9064746805049138,,0.0,-0.8503439563097324,-0.6788003922279953,-0.5049277131874309,-0.9677791337260321,-0.5504927502858592
2671,,1.0,-0.8623357395917604,,0.0,-1.1112097643500112,-1.1028102459419915,-0.766398392072827,-1.1977000378013882,-0.7383393163512313
2672,,1.0,-1.5378427326930473,,1.0,-0.34486518158887847,-0.2140674812054754,-0.41379853177648723,-0.2906551366104416,-0.34283433534491004
2673,,1.0,-1.2277836533647926,,1.0,-0.775474057586128,-0.8467758105712699,-0.6505394511612563,-0.7413507482043371,-0.3392548729332915
2674,,1.0,-0.6405348635943409,,1.0,0.16684198528300903,-0.026658014060872814,0.33754945385017326,-0.06466989775789028,0.3931904211083693
2675,,1.0,-0.735101011229974,,0.0,-0.3016618924746525,-0.4652324259273441,-0.5566992063251808,-0.6193594902523384,-0.4389196113781582
2676,,1.0,-0.3389522009213162,,0.0,-0.18145733642089915,-0.5053997202714144,-0.02899482661412643,-0.6737970858321007,0.16040912359271792
2677,,1.0,0.15618402889086694,,0.0,0.001204177887092009,-0.03567309908393128,0.17633769461572146,-0.16637656862067932,0.0696480772764595
2678,,1.0,-1.2011786320829705,,1.0,-0.530433496436648,-0.4199353728077723,-0.45464334180746224,-0.8768162121653446,-0.10095292866148337
2679,,1.0,-0.4243201296853742,,0.0,-1.3966216654332606,-1.242593113028866,-1.1440494889057815,-1.0288276518258892,-1.2059573314539573
2680,,1.0,0.5314453198975274,,1.0,-1.1144622542281717,-1.0432644646058378,-1.155589610261061,-1.052332767238327,-1.012007533758722
2681,,1.0,-0.37881760181165086,,0.0,-1.196456586227528,-0.8470867495695426,-0.918793085431282,-0.792072003407833,-0.6701577724725571
2682,,1.0,-0.19801312667019585,,0.0,-0.8563362693636851,-0.9130973642079524,-0.8496187904122351,-0.8469285971146214,-0.7468972075399235
2683,,1.0,0.0123297635304392,,1.0,-0.8388533439736513,-0.6060142659470736,-0.8069349795044091,-0.7866738253525191,-0.8034899327968344
2684,,1.0,0.876433652228782,,0.0,-1.2767062646528275,-1.3487008827650895,-1.4972867791841897,-1.4110935822611783,-1.1170974388565702
2685,,1.0,0.401835615311582,,0.0,-1.2073601214841243,-1.0794017582346835,-0.918935964018606,-0.9678713735731252,-0.9322678656210898
2686,,1.0,0.34818890610216247,,0.0,-0.6067598287424707,-0.2698305155601564,-0.0895963522548247,-0.8233421961612295,-0.03361003221705714
2687,,1.0,-0.035690709995878894,,1.0,-1.0744655590629109,-1.0387249217482322,-0.39379746711231384,-1.1070883878302367,-0.061735103737828145
2688,,1.0,0.7324253421528104,,0.0,-1.0458193341990938,-0.8005488303905857,-0.26924910859736867,-0.7680202305182638,-0.29816537851412933
2689,,1.0,-0.4545056989357804,,0.0,-1.0668773301125944,-0.8269211408988608,-0.4853320356866632,-1.038140929006537,-0.2524654970855284
2690,,1.0,0.02657517497983916,,1.0,-0.7008312613528407,-0.6846690292558557,-0.5567653236529471,-0.6491859512558167,-0.8133902039415919
2691,,1.0,0.19739799080888326,,0.0,-0.3456461659674573,-0.20739568866102484,-0.3742060729880432,-0.07509547751399623,-0.22034362431224375
2692,,1.0,-0.09540064953750402,,0.0,-1.06602486214312,-1.0869285229041643,-0.7601180396988412,-0.9537403725008381,-0.6973792562196557
2693,,1.0,0.018559133004064757,,0.0,-0.1669106935510571,-0.021489422356195255,0.23396811623392805,0.12586359137002234,0.423392287391209
2694,,1.0,-0.18629397169100448,,0.0,-1.268185434551912,-2.493408728800531,-0.9539171470291559,-1.0108498203562948,-1.0086564526128947
2695,,1.0,-0.6001851332368654,,0.0,-0.7954089702181307,-0.820560169699756,-0.615965651110123,-0.7076673581727768,-0.7173322335164278
2696,,1.0,-0.6899853813965998,,0.0,-0.900000105599903,-0.799634352390838,-0.7705018544904646,-1.1105105252292469,-0.9678463295100738
2697,,1.0,-1.099337653765168,,1.0,-1.8586557508430896,-1.165448728045637,-0.9704804969117067,-1.2191646932615656,-1.048198948388434
2698,,1.0,-1.2947734496468781,,1.0,-0.8326090946445673,-0.9213153248378178,-0.6337067923545935,-0.9883554716984386,-0.8483012536954372
2699,,1.0,-1.115160001182726,,1.0,-0.965634674291972,-0.7459371050521023,-0.9140230691056517,-0.8284037087355658,-1.0266792355629146
2700,,1.0,-0.5401465969410835,,1.0,-1.3752185453806804,-1.1344195012209768,-1.010954234121697,-1.032615663026286,-0.9108271717141301
2701,,1.0,-1.4306430059048942,,1.0,-0.5512340221217917,-0.25606410775623506,0.03543787386296,-0.45105554316176444,-0.06500204631633691
2702,,1.0,-0.9296229712501812,,0.0,-1.0372922430861793,-0.8036987892973784,-0.8587591701770165,-0.6032574628771005,-0.8267113946767557
2703,,1.0,-0.00742995825822418,,0.0,-1.0137245583981314,-1.0657240552732867,-0.776198940377992,-0.8741957893843276,-0.6460188991240491
2704,,1.0,0.4960738569894369,,0.0,-1.0165813580447454,-1.1786738539636885,-1.0224713866294897,-1.0339513215061358,-0.9073366174294394
2705,,0.0,0.2205468703090445,,0.0,-0.7610166088688703,-0.6144403423151131,-0.8404602857143372,-0.5332974259204387,-0.840713915523907
2706,,1.0,-0.8122822953196518,,0.0,-0.6755881105528272,-0.5487113409051061,-0.7600266000169571,-0.5028998792799002,-0.601035426865167
2707,,0.0,0.16003955618594726,,0.0,-0.9372052717936102,-1.1997738838036054,-0.9183128462424894,-1.1742578826710481,-0.8221630687662954
2708,,1.0,0.07884548213857501,,0.0,-1.033015495116627,-0.9015037577256444,-0.9114950349598389,-1.0654796132521909,-1.16884772942172
2709,,1.0,-0.0840803691288498,,0.0,-1.1267110718899978,-1.2162933935282818,-1.421148748637797,-1.3188888283876798,-1.1417697007067735
2710,,1.0,-0.1060369179834359,,0.0,-1.1322991491997296,-1.4722371801969059,-1.4113276091790545,-1.17958696730732,-0.9967097221710219
2711,,1.0,0.14123543136609568,,1.0,-0.6396798323124158,-0.4628402796157358,-0.48086997220211697,-0.4299205088904301,-0.626541912246289
2712,,1.0,-0.1954051637702611,,0.0,-0.011954826624171704,0.09259652247023976,-0.00014731956273102704,-0.36609997905704816,-0.0630865526433164
2713,,1.0,-0.09296575927143311,,0.0,-1.1578338395672914,-1.1376132385727373,-0.9952190936308577,-1.206176126606482,-0.9722055494457856
2714,,1.0,-0.0669077572920437,,0.0,-0.346713197565418,-0.5417241101991204,-0.3985262132763725,-0.45188294365421083,-0.023169703109233542
2715,,1.0,0.5432485529162231,,0.0,-0.6900102597019447,-0.7639616175757534,-0.5313111432390752,-0.8424455791064592,-0.34381162453344427
2716,,0.0,0.01216052373812808,,0.0,-0.5396031041131804,-0.36977619138774703,-0.33595973832340326,-0.35489318900038236,-0.2739602025908104
2717,,1.0,0.044848170215790295,,0.0,-0.47478162514307554,-0.4221997152661785,-0.08210854597146243,0.07398587957186294,-0.3708130976388643
2718,,1.0,-0.5389896173450676,,0.0,-0.783656260149325,-0.8960915626129003,-0.642052879154447,-0.7515042918688243,-0.5644634616519123
2719,,1.0,-0.17003816748488396,,0.0,-0.5168047444972282,-0.40149561170008913,-0.22601356714172777,-0.5034396076623605,-0.19127596010683723
2720,,1.0,-0.9132458736522788,,1.0,-0.3092330465822104,-0.1346587493624326,0.03244964340375454,-0.3985555021879367,0.08520193104996157
2721,,1.0,0.34398552028839624,,0.0,0.3208449417794678,0.2405445533510299,0.6242232323552704,0.1025634615111235,0.38016413466179155
2722,,1.0,0.45339363198806537,,0.0,-0.6766814573337313,-0.7332990317434612,-0.37531349807338227,-0.6869605447475778,-0.535274711231081
2723,,0.0,-0.23652531880395006,,0.0,0.2708355554033623,0.1422518004180871,0.18655011456099332,-0.04504619407642356,0.234225160843227
2724,,1.0,-0.3634911029491108,,0.0,-0.09315187658971802,-0.05334380493186174,-0.16445109178408068,-0.22582154191112006,-0.18800317909183703
2725,,0.0,0.28001639524346517,,0.0,-0.6250594497794099,-0.8916874402651456,-0.7050654614768153,-0.8174536574977251,-0.6119338837729555
2726,,1.0,-0.10671892858115334,,0.0,0.3522402465144456,0.4432390265960366,0.5538167669014159,0.024437656795358868,0.22501141056258536
2727,,1.0,-0.3134498602300206,,0.0,-1.127785869606301,-1.2528679626817598,-1.2458626780787345,-1.136455144256737,-0.6287836583675137
2728,,1.0,-0.2266063118657937,,0.0,-0.42127905147137495,-0.32652107291151916,-0.36062914830034926,-0.41268324035055537,-0.2821370691500951
2729,,1.0,0.7031401710685641,,0.0,-0.7807520401678272,-0.33595528367319694,-0.5814987144169677,-0.3564755938297911,-0.027697362895306846
2730,,0.0,-0.8647565761276829,,0.0,-1.0005257229742655,-1.121508580814998,-0.9926959952431372,-0.8491255090300671,-0.7328092663305196
2731,,1.0,-0.3759446361002913,,0.0,-0.6492644466114872,-0.5168257912322101,-0.21855449655951012,-0.5199413479308826,-0.17199559696074757
2732,,1.0,0.30315498599690394,,0.0,-1.3435916345663168,-1.0099110548452257,-0.9617072478535723,-0.8791202859519671,-0.5780444320518802
2733,,1.0,-0.2605002224839201,,0.0,-0.3192691900338911,-0.3368074260428131,-0.36544140017424037,-0.42484960832155394,0.07100248254035826
2734,,1.0,0.39305344225450467,,1.0,-1.0900713747068,-0.9145324490545962,-0.6964632671894823,-0.792525035056285,-0.6871200206067557
2735,,1.0,-0.19949426064705983,,0.0,-0.7699079006018497,-1.1037431408532161,-0.6559560439225549,-0.6451799409314466,-0.4666835929730216
2736,,1.0,0.3575728885179627,,1.0,-0.977238081242682,-0.7924283027726329,-1.0123664951851377,-0.5156621495007557,-0.7995088318385025
2737,,1.0,0.5367973086303246,,0.0,-0.9617289405472218,-0.9976940872628863,-0.7574980542215004,-0.6003006767737629,-0.7416649204853104
2738,,1.0,0.14739464468049393,,0.0,-0.6885204913454591,-0.7867172803692569,-0.400446250741008,-0.8495675212988412,-0.3205199609090222
2739,,1.0,-0.6889472029014005,,0.0,-1.2299638318475832,-0.6480384008888603,-0.76291620817161,-0.864503031645137,-0.48620412396445767
2740,,1.0,-0.7079627315480896,,1.0,-0.979752754930405,-1.2507873222138768,-1.0259027701394867,-1.0178919084665603,-0.830468660604835
2741,,1.0,-1.2623808501011438,,0.0,-0.6867444638648815,-0.5383260777093047,-0.8435286757684903,-0.7735912754695393,-0.5334485243522585
2742,,1.0,-0.17575534196362863,,1.0,-0.2464705872193708,-0.08228049497284523,-0.10289959583813635,-0.26382574268290065,0.0978171209024375
2743,,0.0,-0.3873929248968355,,0.0,0.08218745444084286,0.024878050470548883,0.4243440260831161,0.12262872562789853,0.35930554862190356
2744,,1.0,0.4857979142537582,,0.0,-0.3618800800700245,-0.3226667474187942,-0.141640337810954,-0.5831372963850769,-0.29304359186808887
2745,,1.0,0.20235367513024405,,0.0,-1.486395813406271,-1.5074644583774715,-1.3584004320842005,-1.0344209676538285,-1.0086755762248625
2746,,1.0,-0.058969261650888595,,0.0,-0.5792628119309772,-0.7427961999995473,-0.6366246554761896,-0.5526563096144556,-0.7727872850541903
2747,,1.0,-0.7449857433304086,,0.0,-0.7490739194166461,-0.784309163492954,-0.6869042525516532,-0.5442954842445861,-0.6439005170163019
2748,,1.0,0.5211392775649701,,0.0,-0.08646135556951107,0.24211942347192866,0.22067198835702734,0.11888814312661448,0.16813444919561243
2749,,1.0,0.13450267120449594,,0.0,-0.6594161130681137,-0.5036441242831893,-0.22929701871545136,-0.6050803938312279,-0.21909029690662823
2750,,1.0,1.0475618874418855,,0.0,-1.3086266633520653,-1.1473121909896762,-1.075206629826364,-1.2925523555466403,-0.9557215172810705
2751,,1.0,0.48072830218287915,,0.0,-0.9690653488151627,-1.0837121636171894,-0.42222191696739597,-0.5883347727100591,-0.7335193346886687
2752,,1.0,0.8279850936961002,,0.0,0.5042190030977209,0.520246386742058,0.7009905642253407,0.3046925846563865,0.552865954809588
2753,,0.0,0.48082921387498445,,0.0,-0.3911845884992197,-0.5136017834474689,-0.6082016651279712,-1.1298584297255012,-0.727755144564926
2754,,1.0,1.0465987006760096,,0.0,0.296483781390102,0.6732919569018604,0.6138012304061486,0.128148478779916,0.42141058709869517
2755,,1.0,0.9871670296967991,,0.0,0.24122073280346976,0.05681586886327642,0.24263703840153927,0.3558796190456614,0.14944550197615097
2756,,1.0,0.9961569419399846,,0.0,-0.12208238332358883,-0.17131781508178437,-0.17292018253861832,-0.32486324572210934,-0.2022819384507418
2757,,1.0,0.7183005128138983,,0.0,-1.30045770856398,-1.0189939424700951,-1.1200542788534018,-1.1497783907886185,-1.444479816809866
2758,,1.0,0.9652759350193513,,0.0,-1.1282603160865314,-0.7821623531448748,-1.1371972216184016,-1.0847444180354304,-1.3453614043855133
2759,,1.0,1.1094952643646838,,0.0,-1.2012472021262033,-0.9273515605309357,-1.1728249017630392,-1.0947843481133772,-1.21665469115946
2760,,1.0,0.47931323345258714,,0.0,-1.0800544110511685,-0.938703750051981,-0.7532850091160226,-1.2274531730321205,-0.4753706093565602
2761,,1.0,0.6205553151185061,,0.0,-1.2472167847849944,-1.0403482537099864,-1.0949098810413618,-0.9656614359544083,-0.9676782067423759
2762,,1.0,0.6152243627742972,,0.0,-1.0328658714834071,-0.7267626618724707,-0.8864573757188934,-0.832408546779214,-1.0005931087239155
2763,,1.0,0.7916215889431009,,0.0,-1.1090184245979369,-1.1415426471417385,-1.0891012760516239,-1.0843922807359012,-1.3193680336615452
2764,,1.0,-0.17426366334768623,,0.0,-0.6534706759714568,-0.8960337896964704,-0.6050161007354431,-0.6637784564870884,-0.7028942430084868
2765,,1.0,-0.32893559718134524,,0.0,-0.9615139952458087,-0.7945280113955949,-0.8026120435269319,-0.6115408145141954,-0.7107994949049075
2766,,1.0,0.0016411256904293177,,0.0,-0.62989594481834,-0.13208087206569857,-0.25834566634794215,-0.4671397172477414,-0.13628932731517318
2767,,1.0,-0.1900560062184299,,0.0,-0.02827625337837256,0.17491769297124116,0.17127809546987274,-0.048303746933099294,0.174091330309794
2768,,1.0,1.0205264279809905,,1.0,-0.8935280312386897,-0.697552997255163,-0.9537879226845615,-0.695638382554391,-0.4314502361272668
2769,,1.0,-0.534404624812632,,0.0,-0.8823113339582391,-0.9267975134730307,-0.8641081514026356,-0.8388999288406337,-0.6665910472579684
2770,,1.0,0.9093870816490421,,0.0,-0.7334810391715595,-0.8624257167518452,-0.7286178484145346,-0.8172079597583501,-0.6123231961289991
2771,,1.0,0.9430709812969832,,0.0,-0.5496238654951223,-0.8025657084910933,-0.25066669297474165,-1.3845797403755098,-0.7416649868528953
2772,,0.0,1.1341343663889454,,0.0,-0.7512592869067461,-1.218919863471117,-0.6365123719707543,-0.9904210781834234,-0.9137566514639329
2773,,1.0,0.9382004516366624,,0.0,0.03988463237081499,0.014718738462805392,-0.16026696256707718,0.011694553362604224,-0.21475269879004869
2774,,1.0,0.005350963015539062,,0.0,-0.5841609530597068,-1.0556195736711635,-0.493396936783508,-0.5159914659664578,-0.5005129691452848
2775,,1.0,0.9241934231017395,,0.0,-0.12753416657429367,0.35874508530480365,0.10150238282660119,-0.14692600101785527,0.6404490754455852
2776,,1.0,1.0372943103926848,,0.0,0.09273889184212837,-0.14700032121857876,-0.3345099401205978,-0.49474556743189285,-0.5075367564079378
2777,,0.0,0.9318521691885561,,0.0,-0.5340778669136816,-0.7698596827320813,-0.6425641769962814,-0.6956059810978373,-0.5836674351162846
2778,,1.0,-0.7322864947379099,,1.0,-0.9455808729625764,-1.0940633926600551,-0.9448767271364754,-0.9306079663493926,-1.0782267962381105
2779,,0.0,0.48306797050292805,,0.0,-0.038750535747151905,-0.06632977588488617,-0.04748796614433617,-0.7957410534441047,-0.22775755604223674
2780,,1.0,0.4775901870828567,,0.0,-1.068380237011044,-0.8844975078348781,-0.8996090743808385,-0.9111433606913202,-0.7779414286495282
2781,,1.0,-0.1716040436735171,,0.0,-0.26085247563946823,-0.28518620222404406,-0.3155827928751454,-0.378271870569022,-0.2639877238902158
2782,,1.0,0.04732909918636581,,0.0,-0.702045127757729,-0.485704001849137,-0.5588005519655312,-0.5683535510948963,-0.35579400378134174
2783,,1.0,-0.11789734201853724,,0.0,0.3493133412118388,0.7337703985433607,0.44731237283973774,0.45391207536110456,0.6922225531879697
2784,,1.0,0.053603642761231945,,0.0,0.30007980709971355,0.5264153158688598,0.23239681077727511,-0.19612164243263727,0.5663121511955956
2785,,1.0,-0.7823661617051769,,0.0,-0.12285741769205,0.03495894615168788,-0.2131626549063128,-0.007632134740877119,-0.22165523135030632
2786,,1.0,-0.3596739469988232,,1.0,-1.0178203583042387,-1.0145591259860738,-1.016769705205716,-1.1055332417802195,-0.7571392067787497
2787,,1.0,0.8068783497950903,,0.0,-0.4598571564160803,-0.642955614363351,-0.4629050529217021,-0.6781713654133364,-0.5095457228639125
2788,,1.0,0.6869818261140906,,0.0,-0.15901254658167993,0.10070847842060422,-0.005121676008576624,0.014759285683710153,0.1787627165045986
2789,,1.0,0.7357556332127142,,1.0,-1.2661418523436758,-1.0391557251453445,-0.910566309710876,-1.169240451178554,-0.7413904184004334
2790,,1.0,0.6041061184662831,,0.0,-1.3071694403807892,-1.0720858252262147,-1.1411392789854242,-0.9596333551840599,-1.5239423102914529
2791,,1.0,0.8694716087945027,,0.0,-0.15337842293335796,-0.34554003050748555,-0.2577477844393468,-0.44934074010352537,-0.26914357280888385
2792,,1.0,0.9954650224690099,,0.0,-0.9632181917960273,-1.0334265487943126,-0.8341470742998564,-1.0626210796622682,-0.9896768548066738
2793,,1.0,-0.4983028256811325,,1.0,-1.2779601430114877,-1.143321073520238,-1.1905313942022888,-1.2374766514674416,-0.9169428901414725
2794,,1.0,0.18491604581921894,,0.0,-0.48399635161997423,-0.46678810109542407,-0.6898615898952217,-0.6495539013505606,-0.8006576206185122
2795,,1.0,0.15061040970899559,,0.0,-0.5974453578129485,-2.1631686328784734,-0.5442317221450583,-0.8483839944580317,-0.2360779693742177
2796,,1.0,-1.0123239685687047,,0.0,-0.7162861368718655,-0.7948687115877964,-0.9678687716185888,-0.6775408011368556,-0.5879430215011888
2797,,1.0,0.0744737142808256,,1.0,-0.8786833993394646,-0.9326128437301503,-0.8400695274337479,-0.850567789073644,-0.9129532087665994
2798,,1.0,-0.5501642270584636,,0.0,-0.43663155400682174,-0.5714676157945426,-0.4765166730524144,-0.5866786704210022,-0.47379027100165755
2799,,1.0,0.36291320015179196,,1.0,-1.300460291201506,-0.9992423525706375,-1.1125378365821699,-0.9700915814839464,-0.9876802710389725
2800,,1.0,-0.8002453488780302,,0.0,-0.5471503375798252,-0.612756503965241,-0.544038529040781,-0.4229002379195084,-0.5740138003437112
2801,,1.0,-0.24542422677442088,,0.0,0.20951467406461247,0.16796195540080086,0.24109830468604648,-0.11196050952902113,0.0668087355822338
2802,,1.0,-0.5644364478515649,,0.0,-1.2952362354536764,-0.9571566857228172,-1.0640280122074672,-1.200962139900108,-0.9801568802642927
2803,,0.0,0.14780628245521651,,0.0,-0.03917521391720848,-0.16711324235109332,-0.2027600688900705,-0.19924052655791968,-0.04478150318686963
2804,,1.0,0.18831831505443278,,1.0,-1.2110394139415857,-0.9648335785434211,-0.8451468838013868,-0.9185431588932654,-1.0443872931518066
2805,,1.0,-0.8173648820541581,,0.0,-0.8825130910358818,-0.8389661541632454,-0.9405784900262762,-0.8055809224204514,-0.8137244209410255
2806,,1.0,-0.005271561588299928,,0.0,-0.9929060187126585,-0.935189654863225,-1.013966528532288,-0.9341245648672103,-0.9407599111330666
2807,,1.0,0.6922536030224593,,0.0,-1.158937137417102,-1.072065985719878,-1.0444243805518914,-0.8677477026967213,-0.9801672041343562
2808,,1.0,-0.3352789077329138,,0.0,-1.4207497581631288,-1.1696714459995272,-1.3682414455413896,-1.2902797606633667,-1.3091259020134296
2809,,1.0,0.1484312573154171,,0.0,-1.2536756067616914,-1.068927093261333,-1.1769421068340855,-0.993893401468654,-1.2884327077401134
2810,,1.0,-1.0257855171515184,,1.0,-0.22473852118467474,0.1450242311414174,0.10340395765058537,-0.17536876874354604,-0.11947367436120979
2811,,1.0,-0.4685761315500916,,0.0,-0.8593071113498953,-1.5031994819086847,0.10177103524973477,-0.8890150851484495,0.10161600688592928
2812,,1.0,-1.1268195356117154,,0.0,-0.843733654490273,-1.2155496220563173,-0.11429571970993761,-0.24401395571702628,0.3915835952181928
2813,,1.0,-1.08983129303713,,1.0,-0.3561825282476291,-0.18456520478899832,-0.43940256618497203,-0.2974014644641182,-0.511169719929343
2814,,1.0,-0.5565561324292189,,0.0,-1.001425977727012,-0.6346820439960531,-0.7597502915146555,-0.8663861271668912,-0.5293900412160973
2815,,1.0,-0.648225751468583,,0.0,-0.7705398027174505,-0.7034225741413455,-0.9429339063616913,-0.5808147768375417,-0.4163283072885383
2816,,1.0,-0.262343051748919,,0.0,-0.24935914621987823,-0.10846070138665273,-0.23369101247393628,-0.3518462207119272,-0.16634364976098837
2817,,1.0,-0.3739068044782814,,0.0,0.17870970489460083,0.7101326050981721,0.3871531928268446,-0.2839794476483255,0.41932796333307426
2818,,1.0,-0.3994713597298562,,1.0,-0.23656561493156714,-0.40699516738359953,-0.20915968195351237,-0.2109878665872017,-0.1698635064853531
2819,,1.0,-0.12312963441058024,,1.0,-0.16149084938408015,-0.0707647900084837,-0.15226263295479214,-0.5035965311571594,-0.45153180638749113
2820,,1.0,-0.9495527085265357,,1.0,-1.6670399330980452,-1.4705680921151822,-1.4933806790258612,-1.8034431009347451,-1.3178756402574399
2821,,1.0,-0.6853270979750558,,0.0,-0.23684325224046343,-0.41647979853551775,-0.18648031121303507,-0.3356333667083604,-0.000968555622324843
2822,,1.0,-0.19988448590727176,,0.0,-0.4430000340532139,-0.6056072031252503,-0.41044200889963783,-0.6503818433329487,-0.46189986105817626
2823,,1.0,0.40217917957229793,,0.0,-0.09817071716204953,-0.18610983871073464,-0.4860217048869049,-0.40347071677608165,-0.3072693985031632
2824,,1.0,-0.5597961693090394,,1.0,0.19833377733544377,0.07147792773255218,0.04664902570956607,0.1715943804714547,0.24775799220060007
2825,,1.0,-0.024000672433251703,,1.0,-1.5341213872481134,-1.2555185197102001,-1.087547079498032,-1.3858737142842683,-1.116780639506412
2826,,1.0,-0.23648423972116642,,1.0,-0.8874810145277341,-0.924530181427391,-0.8762786772467588,-0.9159447493523306,-0.8880482028910003
2827,,1.0,-0.315707235381179,,0.0,-0.31732470509572475,-0.24206745375943825,-0.16289661993087146,-0.2138664797273465,-0.2369871823786807
2828,,1.0,0.48061604598232455,,0.0,-0.5633673240690443,-0.8950087556944876,-0.7246590266087185,-1.0933080190605267,-0.7532093295551688
2829,,1.0,0.670277991454963,,0.0,-0.9652451588307852,-1.0009823572801142,-0.892777916079078,-0.9627208894969476,-0.6286524531954238
2830,,1.0,-0.2704974666541764,,0.0,-0.9335103304747848,-0.9090175835746039,-0.7847867497660231,-0.8322385320055135,-0.7999708803438756
2831,,1.0,-0.09472788739364918,,0.0,-1.2398518952362843,-1.2109208035425243,-1.1253202903066792,-1.2778630396152235,-0.7541616251729817
2832,,1.0,0.303641383796483,,0.0,-0.5271007940349377,-0.6847087350705717,-0.5749996043005922,-0.5167975422311433,-0.4691733493073827
2833,,1.0,0.36253375244795927,,1.0,-0.24119197803851206,-0.2833331752171762,-0.3503794795143835,-0.6516669020667242,-0.27127237352560374
2834,,1.0,-1.0556653498635522,,1.0,-1.2390964752955331,-1.2014944134529268,-1.0758974705179472,-1.0346181809582249,-0.9461636241168612
2835,,1.0,0.3198967684961527,,0.0,0.199878944772254,0.13527745729524612,0.41079075163989703,-0.23815274210410742,0.46501754915020715
2836,,1.0,-0.1167224383792465,,0.0,0.4368847238327856,0.6178508857741057,0.6699831827444432,0.32202595724712957,0.47474300648640994
2837,,1.0,0.4543490282541818,,0.0,-0.7783207691936389,-0.4029524207386325,-0.43915432021509476,-0.7374165980019456,-0.4359968116851795
2838,,1.0,-0.21495836137762853,,0.0,-0.7549648460660034,-0.9246995837597928,-0.9852799882403466,-0.6262548964866194,-0.7551660800353476
2839,,1.0,-0.5768242584959525,,0.0,-0.9341585089780806,-0.6891218322355286,-0.9121535614851627,-0.7994966508671044,-0.9954969178909424
2840,,1.0,0.6056598712596618,,0.0,-0.7915653531995961,-0.667424463095299,-0.438466991058326,-0.6841997994593777,-0.7595254173267584
2841,,1.0,-0.23177490030552836,,1.0,-0.8113069927227308,-0.06045264164055927,0.29693966126250904,-0.46262881584307614,0.3854677274122988
2842,,1.0,-0.9834102224087704,,0.0,0.06602862914087512,0.19100997106061451,0.22500437365175782,0.01887722512905991,0.21702208789848954
2843,,1.0,0.1695349095102171,,0.0,-0.45950014217857427,-0.31337537618831574,-0.49303522722405835,-0.7983910935774735,-0.35727006965408953
2844,,1.0,-0.22709242012707626,,0.0,-0.7449834725814773,-0.56480849236008,-0.7887794574220129,-0.7962731842861728,-0.199295707326408
2845,,1.0,-0.1303977373374922,,0.0,-0.35667911362209076,-0.3315480451123706,-0.3566122869299169,-0.4495076421618121,-0.4552890297421264
2846,,0.0,-0.10871746109042839,,0.0,-0.4477845618819495,-0.3062486621126607,-0.5673584625188798,-0.2812695363882279,-0.3548852078034448
2847,,1.0,0.01644002665023189,,0.0,-0.6126637092751811,-0.9169350296806084,-0.7384610991038565,-0.748327481277689,-0.4973741044193352
2848,,1.0,0.7070384734031326,,0.0,-0.8084665694338928,-0.6493550326921902,-0.6123529276037903,-0.8685828896657816,-0.3283099215389315
2849,,1.0,0.22454098731707678,,0.0,-0.8159432915947016,-1.0760765682772848,-1.0589181615494139,-0.8870735744278336,-0.6503942734803008
2850,,1.0,-0.617071143744624,,1.0,-0.9753858641707985,-0.723562389701916,-0.7831589459547913,-1.3666339399451901,-0.6341270794155123
2851,,1.0,-0.15020467638730833,,0.0,-1.193423793432511,-0.6415217808868421,-1.1785100553061385,-0.7005014898981828,-1.1303217564795327
2852,,1.0,0.05329992964742946,,1.0,-0.7965911105924158,-0.534799924344697,-0.7684063186423549,-0.6648975742998755,-0.6957690008542096
2853,,1.0,-0.28510273639294353,,0.0,-0.4377239263135187,-0.2871020292310614,-0.19259581841922832,-0.2977072623418545,-0.08576346853776157
2854,,1.0,-0.8281396162588006,,0.0,-0.7430883144979523,-0.7035973623819087,-0.3714477169660117,-0.5648117550429134,-0.4576219975496861
2855,,1.0,-0.20370269208509403,,0.0,-1.3047843483433108,-1.049674834382935,-0.9432045021398748,-0.8117020810517392,-0.9733022698470775
2856,,1.0,0.18035857663227914,,0.0,-0.81443979288465,-0.9736125255669765,-1.055827587964946,-0.9681443942729865,-1.024912937260368
2857,,1.0,0.24243837050051611,,0.0,-1.3041969562011353,-0.9854632267758098,-1.108819187084823,-1.0922161073823353,-1.0279166092958922
2858,,1.0,-0.21752335693382346,,0.0,-0.1627322863074546,-0.2915733276146223,-0.4583907284667695,-0.1629897782949313,-0.07139769472564603
2859,,1.0,-0.17988147515048192,,0.0,-0.7273770377328984,-0.46821582757269986,-0.562075045195818,-0.6506097493153717,-0.47098918046382837
2860,,1.0,-0.5083808843917247,,0.0,-1.3897840705992563,-0.9066332440256119,-1.0550803185175275,-1.4840291244871873,-1.0340024690038263
2861,,1.0,-0.7242007883520676,,0.0,-1.8248344035376796,-1.3404260626697722,-1.568215503991123,-1.435097659609508,-1.2914138586455186
2862,,1.0,-0.09660509378587047,,0.0,-1.1835422148584545,-1.0880751777586486,-0.9954398526598248,-0.8303503236412578,-1.0015461780052146
2863,,1.0,0.030002119869741682,,0.0,-1.3184151862115963,-1.0738835487505618,-1.3984321739266807,-1.5057913242791032,-1.0481753411074803
2864,,1.0,0.09646787635317818,,0.0,-1.6308206168533395,-1.120157310824998,-1.3514826229310761,-1.3652495544951824,-1.383301980721917
2865,,1.0,0.11008428178601333,,0.0,-1.262555417646853,-1.111657748072132,-1.1284231972420697,-1.1927795782943502,-1.1917640075049494
2866,,1.0,0.057889331876196076,,0.0,-1.2373392598620074,-0.7132085459566798,-0.7391264349623224,-1.0742792998867727,-1.0664101461437654
2867,,0.0,0.07450488775409758,,0.0,-0.597025476607552,-0.3919604074965425,-0.6879298375501557,-0.6322031398534304,-0.6434892133922491
2868,,1.0,0.1966875027832253,,0.0,-1.1429400198758333,-1.1303148690167923,-1.0611012084774654,-1.4199290323542277,-1.6745815298127358
2869,,0.0,0.1024282929063324,,0.0,-1.201798037780899,-0.6590988823326942,-0.7747001793278816,-1.0430700571102773,-1.0234619192012504
2870,,0.0,-0.4775427749782028,,0.0,-0.023175989157116668,-0.16995005665828694,-0.22100335337429908,-0.5178888853114955,0.1081520506876439
2871,,1.0,0.309614964745455,,0.0,0.20697765150085695,0.3969998632155318,-0.08640436625559537,0.3272798166400193,0.31462927377396405
2872,,1.0,-0.4590476103053724,,0.0,-0.30023783904963797,-0.4303642662077391,-0.27722178779021794,-0.5087688046443478,0.06985696859979802
2873,,1.0,-0.09426588042881509,,1.0,-0.22209290677741447,-0.04692661690511769,0.1158737651057869,-0.1458064034544415,0.1922587659546388
2874,,1.0,-0.4115981416819036,,0.0,-0.30105294121147996,-0.21092520057045028,-0.07157924642755623,-0.6666862404840596,-0.10998634145142887
2875,,0.0,-0.38104403486575783,,0.0,-0.5135065999089088,0.10160313122361193,-0.2068839034669706,-0.2999490378931082,-0.5714584010536329
2876,,0.0,-1.3536612524058234,,0.0,-0.36457436113116115,-0.3244174107563171,-0.21888927143218054,-0.4503527401403624,-0.08594081739149267
2877,,1.0,0.22731138498806924,,0.0,-0.2831669503773742,-0.25810218610029423,-0.04354151467558744,-0.4415198536115659,0.4262206868224327
2878,,1.0,0.42135462517763334,,0.0,-1.751412848391472,-1.1960550781776922,-0.9372460407018665,-1.5876930446893296,-0.6424716014447988
2879,,1.0,0.5610220223251924,,0.0,-0.31065655198006015,-0.4292545120452111,-0.29657403244491726,-0.48230739143358814,-0.26673804348643215
2880,,1.0,0.6911229157148394,,0.0,-1.3677521637230434,-0.8103565759758381,-1.1027949786492672,-0.19668241528142957,-1.0308185963263248
2881,,1.0,-0.4190311243496106,,0.0,-0.29334595498122734,-0.17916471447771512,-0.2888837644318787,-0.39389121111912023,-0.305074690030328
2882,,1.0,0.037193112049616665,,0.0,-0.733812628431357,-0.01931133840014035,-0.16691725651403727,-0.4180353405106647,0.03339056107918422
2883,,1.0,0.3909727646846919,,0.0,-1.0602448630806127,-2.089840288843685,-0.8235575645532155,-1.0963152970490877,-0.2625361403098228
2884,,0.0,0.4992962893868481,,0.0,0.34709777852808493,0.6107318013486717,0.60162471180743,0.41443757826421795,0.6459042060006187
2885,,0.0,0.11728703219622809,,0.0,-0.996317830754132,-0.9861094862644139,-0.9592464280868946,-0.8486795233302281,-0.8346512850845206
2886,,0.0,0.025834917848902,,0.0,-0.9713999192495059,-0.8030542241228762,-0.6208179584333453,-0.758822617825737,-0.19092725820857517
2887,,0.0,0.04858143681980087,,1.0,-0.06561440366652015,-0.2949592435514211,-0.3344149325245234,-0.23015371830407155,-0.3422152463474102
2888,,1.0,-0.2613568301974131,,1.0,-0.5510005021774462,-0.45133445548324597,-0.4710205163742028,-0.7948817037195518,-0.1681932234988682
2889,,1.0,0.18909457937236943,,0.0,-0.8799933580558639,-0.9338744506775915,-0.724845352625934,-1.1536538407634565,-0.8361876652861088
2890,,0.0,-1.5448515300557424,,1.0,-0.7816116714089947,-0.3476105310278416,-0.3176344012871919,-0.8653655908621553,-0.5372464512676824
2891,,0.0,0.22937358334660715,,1.0,-0.23659310382789836,-0.06619605363004019,-0.19316078112983806,-0.26557841420680467,-0.12533887835444615
2892,,0.0,0.252564751880055,,0.0,-0.4206670863451203,-0.2017208464288525,-0.20903310565118038,-0.2730795505906438,0.33347458765650145
2893,,0.0,0.19444975513139778,,1.0,0.0029909279438196297,-0.12492199857337029,-0.30723725191544227,-0.14624023346093531,-0.14148413979034385
2894,,0.0,-0.43118166044708955,,0.0,-0.3736432214977952,-0.27819046698414185,-0.4685836651320727,-0.3661262893852307,-0.3892572065057311
2895,,0.0,-0.7681753414807166,,1.0,-0.5746448472866916,-0.2888290050078109,-0.3010931425497033,-0.4189110267281921,-0.2546564457233313
2896,,0.0,-0.04120802398974147,,0.0,-0.6109896249290171,-0.7378314961886818,-0.5352715183795411,-0.822836383606962,-0.31779369920507294
2897,,1.0,0.4185985228452231,,0.0,-0.3480255373504267,-0.23675233280244531,-0.5185988157074083,-0.1641175008483189,-0.26840270812899947
2898,,1.0,-0.5375825985407567,,1.0,-0.18351994328818003,-0.2163297177635204,-0.3431303480494307,-0.18629470679433155,-0.19844542195541331
2899,,1.0,0.24003321039372844,,0.0,0.2575761924785245,0.44689755288736177,0.048184767474960664,0.30782954758713943,0.33049701015382965
2900,,0.0,0.9582309867949226,,0.0,-1.3465548317352838,-1.0931919158051788,-1.4714437671429652,-1.097852045080806,-1.3956494315651566
2901,,0.0,0.7039065557150611,,0.0,-0.6041164414871752,-0.5207823187336709,-0.16504286904505464,-0.617063846874575,0.33480839068015666
2902,,0.0,0.17029453361246985,,0.0,-0.27722947144088916,-0.2131075086711429,-0.23179118894537457,-0.3005309081807806,-0.2574476789435943
2903,,0.0,-0.545759632506879,,0.0,0.6765378953950322,0.8336814240280359,0.5589162981851038,0.7937158395883223,0.6159337360993999
2904,,0.0,-0.5712149366185129,,0.0,-0.9558169720645118,-0.8015749888557065,-0.6533064788494163,-0.8120997854129155,-0.5799933209009693
2905,,0.0,-0.584749231449788,,1.0,0.20938428600856288,0.13862003338373163,0.17259907410994982,0.24106153898394325,0.2001610558202043
2906,,0.0,0.3219295025040201,,0.0,-0.8961408430686292,-0.4983793086116225,-0.23250880633028592,-1.018202190186706,-0.027771825756699495
2907,,1.0,0.23409211016641532,,0.0,0.21531929204903508,0.21355189581882542,0.3109061423209887,-0.03628559134393229,0.02105138633368708
2908,,1.0,-0.6982860581778326,,1.0,-1.169963350718439,-1.2193462353926543,-1.198987938485376,-1.264604042539922,-1.3515185847804718
2909,,0.0,-0.5474100006690424,,1.0,-1.1511128222841378,-1.1592972745527887,-1.146330243513438,-0.9621780436020962,-1.1182193805718919
2910,,1.0,-0.5890516936351273,,0.0,-0.15649694383393056,-0.019447121982882325,0.15184737660826647,-0.5192028078899659,0.5784260330877102
2911,,0.0,-0.9043636060009324,,1.0,-1.2526020992581723,-1.0649319995637272,-0.9247405095481959,-0.7894003871701449,-1.2453135970824116
2912,,0.0,-0.16322705581074173,,1.0,-0.23557361153655926,-0.15263458935637178,-0.1856596832918702,-0.7110332127672837,-0.6376214921818877
2913,,1.0,-0.4810314840711307,,0.0,-1.0210360512452146,-0.9297711135794705,-0.9588653889630884,-1.1104208107361722,-0.863631142673749
2914,,0.0,-0.5806299969663301,,0.0,0.25166273391142174,0.250983777724891,0.46760479593971016,0.17179093014614294,0.37116433009408356
2915,,0.0,-0.5668875484457662,,1.0,-1.0653394635146987,-1.146018780798547,-1.0083300027219995,-1.2315425875482369,-0.8682582828383107
2916,,1.0,-0.12021230945556717,,0.0,-1.047511842303276,-1.0233390274459617,-0.830218868861005,-1.0378048881101813,-0.7277630632856905
2917,,1.0,-0.6141853501278036,,1.0,-1.1879481753890506,-1.1871028830492976,-1.2284495799045578,-1.116974988584637,-1.2867869288849396
2918,,1.0,-1.0188503919993679,,0.0,-1.4097115784892804,-1.339738073529191,-1.436463756655282,-1.3360336274363553,-1.0313777974264495
2919,,0.0,-0.5532708347390317,,0.0,0.1292912245411474,0.19567947341217012,0.19830933578297377,0.09181622561536742,-0.2093241343503188
2920,,0.0,-0.793092835279907,,1.0,0.12660837681760542,0.052272574500648664,0.0190551111539427,-0.09243487992914999,0.28071006456528313
2921,,0.0,-0.1652510092857554,,1.0,0.2496802046275352,0.10103011825527436,0.30623497491030305,0.05594183532553899,0.3713053836473815
2922,,0.0,0.22324304790512556,,0.0,0.35434558951887585,0.32318530830167463,0.423877421215799,0.21808689924672556,0.22246469846812436
2923,,0.0,-1.0212808776880586,,0.0,0.07035312749497516,0.37893468604927616,0.085397495545664,-0.18654148490840772,0.6362121419604735
2924,,0.0,-0.8415414008431827,,1.0,-0.6620226755946143,-0.6220356510294097,-0.2606630303127375,-0.6930822798840792,-0.09998311252623324
2925,,0.0,-0.99590959048144,,1.0,0.48843045440385535,0.7539603807725112,0.8663143049054464,0.5111473510142626,1.0899373681409865
2926,,0.0,-0.463648487542696,,0.0,-0.34192107430032487,-0.5488419087544991,-0.2870714978748359,-0.22875988956974236,-0.37397511474462886
2927,,0.0,-0.9316116796573068,,1.0,-0.9423289925790069,-1.302380048443588,-0.9086143634434588,-1.1214337218630916,-0.8550644068578597
2928,,0.0,-0.9264424782288957,,0.0,-0.5112532302189714,-0.5615243765522588,-0.6226619560551674,-0.7615092030240239,-0.6721746077126196
2929,,0.0,-1.0301464138018697,,0.0,0.30369935701874395,0.20112819574313887,-0.036789128847225516,-0.06987944289170135,0.08097549797285632
2930,,0.0,-0.0951184754066175,,1.0,0.830862967515639,0.8129488683099921,1.0467409183306835,0.8768469471739115,0.6253794788615928
2931,,0.0,-0.552607784120412,,1.0,-0.7688589119274255,-1.050191209921706,-0.8175569137909572,-0.7537827899425636,-0.8789705882903242
2932,,0.0,-0.8025808885012639,,0.0,-0.32169129079598735,-0.15454068004478794,-0.42131839753131,-0.4581226698899025,-0.5848977815727069
2933,,0.0,0.033860723705207166,,0.0,-0.15251073541522267,-0.16548581192156347,-0.14076083143863852,-0.20930554945060892,-0.33186958195258753
2934,,0.0,-0.72564571157701,,1.0,-0.25486385649391946,-0.21931953667907003,-0.22267797763636873,-0.3140617021099329,-0.4006980849613483
2935,,0.0,-0.9013316229018676,,1.0,-0.40008899524967717,-0.3140860269917244,-0.17432852992237008,-0.36628972134635174,-0.10905195204405675
2936,,0.0,-0.1624044000775411,,0.0,0.5780882734843349,0.34092646759532236,0.7081736607253794,0.42374382218059276,0.5752687547477262
2937,,0.0,-0.4366838327588592,,0.0,0.14762921450586589,0.20508362447921036,0.19590733484544842,-0.013607545453835785,0.26222838045083774
2938,,0.0,-0.15389203580737795,,0.0,0.019120497768457045,0.18435282215551096,0.1655198939520986,-0.28753692837568723,0.06950740271439623
2939,,0.0,-0.9572315190290016,,1.0,-0.006274608047028279,0.47107148550644184,0.5432152791476664,0.08066671389042122,0.6353715937693917
2940,,0.0,-0.5961631797704559,,0.0,-0.20436828676925708,-0.129480472401526,-0.21648168326541872,-0.2787217658984452,-0.07078710858136919
2941,,0.0,-0.6047855381213079,,0.0,0.25163195314633147,0.0915417199488763,0.32383919066647615,0.06789244661747129,0.15905753791797678
2942,,0.0,-0.7481737980695815,,0.0,-0.931212484846457,-1.0206049885036241,-0.9822247633425342,-0.9216062154606462,-0.945201471277774
2943,,0.0,-0.05539678872964636,,0.0,-0.8294169057717659,-1.1227369051835878,-0.7606892361928558,-0.9886109070381972,-0.784336675771088
2944,,0.0,-0.7517230885435742,,0.0,-0.17508615951128081,-0.1118670857115313,-0.310089497287436,-0.1250150073474997,-0.1644122166697689
2945,,0.0,-1.1054121406086825,,1.0,-0.12496411355318274,0.0024778910087547004,-0.06623928287258339,0.050365275362928674,-0.05749014180452162
2946,,1.0,-0.5275118851215017,,1.0,-0.8794824657376732,-0.43619843331109776,-0.5286293553877568,-0.8045784797998659,-0.470961415390329
2947,,0.0,0.4679893412812347,,0.0,-0.6175653037116774,-0.4667629136031467,-0.6971028112909318,-0.5703220275448407,-0.5263206543377854
2948,,0.0,-0.38197972903853855,,0.0,-0.6372170012536335,-0.8567215745819918,-0.9386258523276685,-0.800614757408818,-0.9827629720067024
2949,,1.0,-0.20982761179445047,,1.0,-0.7135886929674068,-0.7576108503946711,-0.5694881836599702,-0.7601046401027277,-0.7121143773968431
2950,,0.0,-0.15824802853880027,,0.0,-0.44041382454414113,-0.39492229056236017,-0.350574748603342,-0.413302900478356,-0.06570948697680579
2951,,0.0,-0.44655812802375267,,0.0,0.4545193373350147,-0.7424294746587291,0.4446656832335113,-0.0773488249759258,0.6478366118287052
2952,,0.0,-0.09336591562631408,,0.0,-0.2175152899546777,-0.1841375361096104,-0.01639949181019383,-0.4865433232584938,-0.19038169200913957
2953,,0.0,0.08763991549090258,,0.0,0.1405223788626414,0.5046792507357453,0.5484403783602774,0.19763360020184578,0.4860013124471018
2954,,0.0,-0.5482277670702698,,0.0,-0.8789562552733698,-1.0864418079175382,-0.9034763411448902,-0.8428066663447008,-0.9519016965086857
2955,,0.0,-0.9388114555338448,,1.0,0.6025703080261682,0.562785196643719,0.7475336585030444,0.318199789624315,0.6214545251984022
2956,,0.0,-0.1339954603561959,,1.0,-0.4677708763010962,-0.913137193499611,-0.8102284037051282,-0.9481114879682699,-0.6460096782432894
2957,,0.0,-0.4615153333566627,,1.0,-0.9075469584758254,-0.766135102648915,-0.7263532036110367,-0.7728299548550805,-0.7687992731371854
2958,,0.0,-0.09722804179087464,,0.0,0.44606054349654456,0.5263633372984327,0.30197712381219227,0.2628241366356111,0.24607613835809009
2959,,0.0,-0.005092380763998775,,0.0,-0.9150557745153592,-0.7891069072955467,-0.8797194398873553,-0.6515085504836682,-0.7198055905532201
2960,,0.0,-0.40701175851220667,,0.0,-1.2248562977722532,-0.9023698921629699,-1.0412019321281913,-1.0486872944682406,-0.8417991307133053
2961,,0.0,-0.013857344589345993,,0.0,0.5176496852041094,0.6079459886207904,0.7247112045259521,0.3173185380037193,0.37606880615065985
2962,,0.0,-0.08533236049784218,,0.0,0.18005182471879594,0.20676955033666186,0.33649312222828875,0.25402513585927866,0.25127248481409187
2963,,0.0,-0.545855953245438,,0.0,-0.3073340479352887,-0.3426694450238885,-0.2664638208939056,-0.414681590008869,0.009998585779288582
2964,,1.0,-0.7893946932538902,,0.0,-1.0944569012380951,-0.9030496579792774,-0.6629843136129396,-0.8678052516605436,-0.7149343072189003
2965,,0.0,0.1856495147387779,,0.0,-0.008932680771047826,0.0427290781717178,0.010968458509672901,-0.08618095221568173,0.11580315022638474
2966,,0.0,-1.1625785583091528,,0.0,-0.10376981216365802,-0.00951175435390833,0.05126749853333018,-0.08014940900917267,0.020453337104500292
2967,,0.0,-0.7214237859773879,,1.0,-0.3864616795665506,-0.20972948457976706,-0.4741414640035492,-0.24651942183152348,-0.4202998124673315
2968,,0.0,-0.6166247988742422,,0.0,-0.27001887089468657,-0.339477437596375,-0.12908467235933302,-0.19959845023625092,0.09502540303454222
2969,,0.0,-0.7832156787235532,,0.0,0.1845392687759914,0.13961209610702363,0.06515556739405556,0.05254813182725271,0.32600032887785074
2970,,0.0,0.9034900773821023,,1.0,0.759109378685312,0.704025814390015,0.8175408408092392,0.759296216813964,0.7534223314394927
2971,,0.0,-0.802668578336351,,1.0,0.46662863303038915,0.4145742865305255,0.4574478729223162,0.15836039997627735,0.45461294707376143
2972,,1.0,-0.7563165861254296,,1.0,-0.13741896804406392,0.21561663653754573,0.02487690273124656,-0.04203506229600999,0.09261682754687886
2973,,0.0,-1.0979067233574795,,1.0,0.040600572401583,0.0144579247151992,-0.2844484604493766,-0.08313433655767137,-0.20479323017081363
2974,,1.0,-0.8653412462556018,,1.0,0.5921504247051278,0.33731682942232105,0.7020092783229881,0.22396352630965596,0.6097062982338791
2975,,0.0,-1.0541920678960002,,1.0,0.2967640159524173,0.06353252141201395,0.2708471870926193,0.3520837928008238,0.15467420953227118
2976,,0.0,0.1976604117256578,,1.0,-1.0003674122127992,-0.8317666836109644,-1.0459292355792367,-0.9932051340396247,-0.8956339944516345
2977,,0.0,-0.32048017574507504,,1.0,-0.0428464003265085,-0.2833863343185277,-0.16095118094285188,0.14126605136265608,-0.15061695249490697
2978,,0.0,-0.815703068132677,,1.0,-0.44727400826616137,-0.5601012431573265,-0.5624850271305734,-0.4664482836336515,-0.5492692507704815
2979,,1.0,0.6298004502409417,,1.0,0.855113236905655,0.5058955654492195,0.5991766038574522,0.11668670882537571,0.7612660365019911
2980,,0.0,0.4661231384094831,,1.0,-0.6918344829256752,-0.7030080167999077,-0.6285028716306794,-0.5286932440398893,-0.9219327152721037
2981,,0.0,-0.5484134759433026,,1.0,-1.2249115181083694,-1.2917234534254765,-1.4149407114909782,-1.5381447867491393,-1.3485701881264278
2982,,0.0,-0.647622834750053,,1.0,-0.11892591609220447,0.24622342034552244,0.24471900205394062,0.16703935542454748,0.26799429364466787
2983,,0.0,-0.7580288624366317,,1.0,-0.5715118902602099,-0.21546994161421235,-0.47047615138433785,-0.4458615633278818,-0.7812071224810446
2984,,0.0,-0.5535543296001318,,1.0,-0.1148543988132455,-0.07413143331606996,-0.30689645452977243,-0.264666666662429,0.1169589980845768
2985,,0.0,-0.6307223384277565,,1.0,0.05141358783295992,0.0883458128477736,-0.05683991079610889,-0.276719981588147,-0.03835864931864514
2986,,0.0,-1.099429283135039,,1.0,-0.37902379518374046,-0.6897927903463678,-0.88181211610862,-0.801137891959619,-0.8735105190296281
2987,,0.0,-0.07766283053954084,,1.0,-0.9794285547128397,-0.9608753956028083,-0.8507463108443214,-0.509855288956738,-0.9759142063876689
2988,,0.0,0.7007260761255023,,1.0,0.6455662924535426,0.5631586039374854,0.4679434593255681,0.6412669375171902,0.4374961267775971
2989,,0.0,-1.0321207972738384,,1.0,0.9164453840573847,0.9183304737046227,0.8661888168373513,0.7820243172626885,0.852693831017601
2990,,0.0,0.3104486931169578,,1.0,0.5238066391604775,0.7186424387356382,0.6602645588444046,0.9545351565839171,0.695736368100951
2991,,0.0,-0.6804401716274582,,1.0,-0.8618987064591309,-1.1801885160110313,-1.4104968074271247,-1.3789069759197123,-1.1099518644673174
2992,,0.0,0.9911334125148247,,0.0,-0.792036534957624,-0.8905646771732767,-0.7976557866620397,-0.7530367390731671,-0.6037344063059508
2993,,0.0,-0.3151387625361323,,1.0,-1.514846454833004,-1.0646724897292221,-1.5260857985068217,-1.5023845661188469,-1.0127930852038975
2994,,0.0,0.9057816079747504,,0.0,0.3721364631153388,0.20945583060872877,0.3688394734753723,0.4682464993535889,0.4627302484159803
2995,,0.0,-0.017537717628410176,,0.0,-0.40732576782797025,-0.6218643645973527,-0.54706134844521,-0.7326620754853632,-0.6889898304714664
2996,,0.0,0.4324603322475564,,1.0,0.017326035864143614,0.05546078503387834,-0.05072471720714933,-0.029370884013656125,0.23833303134097528
2997,,0.0,-0.3754511532210375,,1.0,-0.7711265946287253,-0.6463226047215647,-0.7727291418600147,-0.8302204032522229,-0.7352241434006128
2998,,1.0,0.24229691719941038,,0.0,-0.33296878619416276,-0.3609522566577303,-0.4638504654879018,-0.5610937778104119,-0.49203635493246006
2999,,0.0,0.24743222948290786,,1.0,-0.6677456824527891,-0.9217376849087412,-0.842451992811413,-0.7932941823143834,-0.9399406372351174
3000,,0.0,-0.07110227905923523,,1.0,-0.5158504385575619,-0.40272794943142937,-0.4920775070822778,-0.6357204624545338,-0.6181392916269621
3001,,0.0,-0.8223482843427666,,1.0,-0.7357038382629433,-0.9385722072102892,-0.8000480422635927,-0.7699648997079543,-0.780749367177205
3002,,0.0,-1.0624568966205743,,1.0,-0.7632723241966858,-0.8459083792180355,-0.7785704998272698,-0.5579552457012356,-0.5248601194335415
3003,,1.0,-0.9303587660902414,,1.0,-1.5857820047879079,-1.2515194516022103,-0.8602277339255553,-1.1151299535355104,-0.48625457034299097
3004,,0.0,-0.6086797587645603,,1.0,-0.6292877644991516,-0.645346934743363,-0.5321466348725863,-0.46418512358271463,-0.6079562714596684
3005,,1.0,-0.8839541487241832,,1.0,-0.19920936558504115,-0.19034644952094978,0.08138432981924582,-0.4258312983532018,-0.09692880823587523
3006,,0.0,-0.6340826584039448,,0.0,-1.2038084215321805,-0.9403312071365139,-1.0087405305371044,-0.9102838094894097,-1.2079962862420028
3007,,1.0,-0.3366298017269411,,1.0,-0.6769210052831319,-1.0094436518116727,-0.7706877186619824,-0.9213277186760004,-0.733821654794987
3008,,0.0,-0.33772865750290687,,1.0,-0.7953152621808048,-0.5860413496125068,-0.6700122625210158,-0.5217264583089563,-0.6925062260552348
3009,,0.0,0.42985517319994637,,1.0,-0.17312742630796285,-0.19408737269710571,-0.01841051324868174,-0.21798419286006301,-0.3970269637878924
3010,,0.0,0.04513544766615847,,0.0,-0.8698235841446188,-1.0120456188286067,-0.9981991564496766,-0.920063866095531,-0.8793196765505149
3011,,0.0,-0.5023808637786841,,1.0,0.33465022960432506,0.3045153414156271,0.2898848810958509,0.3410876715172097,0.3642144077903785
3012,,0.0,-0.7520872839583487,,1.0,0.12707885732807905,0.09923313669790977,0.10984838691307783,0.15776172991452625,0.08085554170294776
3013,,0.0,0.7490548066180251,,1.0,-0.1540171706326801,-0.4039477109164531,-0.3792139501192382,-0.27328762372143806,-0.5305681942633458
3014,,0.0,0.16701816405188397,,0.0,-0.7546922641126084,-0.9472255537319693,-0.9332344778917456,-1.1006979269722275,-0.8581841625804509
3015,,0.0,0.21244253645689037,,1.0,-0.4650614275593687,-0.4709534656234518,-0.3250310468267484,-0.9841061710689178,-0.5026785575033809
3016,,0.0,-0.056102375730372564,,1.0,-0.8178729189508557,-1.0729918478116143,-0.9483217688386167,-0.7299247775219696,-0.9208465335884273
3017,,0.0,-1.1535267625140169,,1.0,0.8955492591061284,0.30471963929451024,0.9098921637859634,0.8216420636246488,0.8906172313107411
3018,,0.0,0.4326626501120248,,1.0,-0.8498710155642446,-0.8498201744781042,-0.6609273641608555,-0.5071496635822852,-0.5767940578159235
3019,,0.0,-0.7383393163512313,,1.0,-0.8510973310656152,-0.7635719754666479,-0.12028176482282518,-0.849801141960037,-1.0772007713564768
3020,,0.0,-1.012007533758722,,1.0,-0.9101738792002483,-0.2829715020949146,-0.6521703847002401,-0.7015248287228044,-0.9256630888494798
3021,,0.0,-0.29816537851412933,,1.0,-0.7647036846676291,-0.7747221457061121,-0.6549033143654038,-0.6709313094505192,-0.8743400079423003
3022,,0.0,-0.6973792562196557,,1.0,-0.8318493786456431,-0.23355716802021811,-0.4904497255126517,-0.982385389368878,-0.8688389510837968
3023,,0.0,-0.7173322335164278,,1.0,-0.20326486736884924,-0.3582467779214048,-0.03998110212102607,0.029927894250279183,-0.19282235610450985
3024,,1.0,-0.6460188991240491,,1.0,-0.9572021136050979,-1.2309689694212747,-1.1011953108617336,-1.02849932526047,-0.8462803155125459
3025,,1.0,-0.9073366174294394,,1.0,0.3276214387551582,0.5744751616640413,0.46129600495019396,0.2873606016008474,0.4916043301436459
3026,,1.0,-1.1417697007067735,,1.0,-0.1678180076949677,-0.02985418844204085,0.006340734783616606,-0.2741129737385058,0.13913264458874358
3027,,1.0,-0.9967097221710219,,1.0,-0.10521978537257064,-0.042760143160483245,0.024557058779269534,-0.20676975341560308,-0.0643682768511765
3028,,0.0,-0.34381162453344427,,1.0,-0.9284333182091422,-0.9420150667448692,-1.1516029748506351,-1.2401938477439831,-0.8111864522627045
3029,,1.0,0.234225160843227,,0.0,-0.8843031984878633,-0.8660589473421432,-0.7250582594746039,-0.894923649599199,-0.8066031716832065
3030,,0.0,-0.6287836583675137,,1.0,-0.9942091852005855,-0.3525742738382742,-0.7331556374791028,-0.783183095945179,-0.5028911753386375
3031,,0.0,-0.2821370691500951,,1.0,-0.5999331783485081,-0.3483178785928449,-0.3850747440211342,-0.5058868242713913,-0.32493206274283576
3032,,0.0,-0.17199559696074757,,1.0,-1.0167963625662861,-1.2462953200935052,-0.7764792573177527,-1.0378276796512331,-0.3539597378404692
3033,,1.0,-0.5780444320518802,,1.0,-0.6375067158012253,-0.5105183784204492,-0.5978070506369154,-0.7112926979761007,-0.6172808075737324
3034,,1.0,0.07100248254035826,,1.0,-0.8990891210698088,-0.8073721848424248,-0.7738525285680572,-0.7356705687906222,-0.878617683085091
3035,,1.0,-0.5334485243522585,,1.0,-0.6371306661781544,-1.0180424125383933,-0.7775203433514678,-0.9288138844905411,-0.6104016448727053
3036,,1.0,0.0978171209024375,,1.0,0.1715393421856034,0.08347634008522042,0.1622334312202678,0.039056191577631724,0.08787022925738444
3037,,0.0,0.35930554862190356,,0.0,-0.3410391430031257,-0.1988758983781758,-0.3224810832394843,-0.35465065663888595,-0.36966198752532525
3038,,0.0,-1.0086755762248625,,1.0,-0.49705686976577196,-0.3603667123676659,-0.5691081335656315,-0.5286598666187063,-0.5362964592423539
3039,,1.0,-0.6439005170163019,,1.0,-1.0946707217658571,-0.8943197302776372,-1.0502960525014013,-0.9209020385169957,-0.774965561830196
3040,,0.0,-0.727755144564926,,0.0,-0.6194318010032289,-0.5958401833877751,-0.7006566619012372,-0.591032135377956,-0.6444169171111345
3041,,0.0,0.42141058709869517,,1.0,-1.0024508788142803,-1.1450758813882245,-0.9928788506619888,-1.3222467275005563,-1.0958373086368183
3042,,0.0,-0.4753706093565602,,1.0,-1.7096375259095233,-1.222563815062846,-1.9264559670177588,-2.0237324061348345,-1.736858580411839
3043,,0.0,-0.2639877238902158,,1.0,-1.5366076722248414,-1.0018746268579042,-1.4119828896991284,-1.3036865859127655,-0.8484341196402702
3044,,1.0,-0.22165523135030632,,1.0,-1.1058843398994886,-0.8278291529126242,-0.6052656990554289,-1.1420494564247101,-0.7619270406454891
3045,,0.0,-0.7571392067787497,,1.0,-1.2489178041614917,-0.986095030684397,-1.229090992111626,-1.2536196342850032,-0.7671005067375206
3046,,0.0,-1.5239423102914529,,1.0,-1.2302848051653112,-0.6884858852553025,-0.7611585519469682,-0.7101413198996953,-0.7361478338142715
3047,,1.0,-0.5740138003437112,,1.0,1.0306994814099673,1.061281746735126,1.2432850447598103,0.6857384301768596,1.0452111451327692
3048,,0.0,-1.3091259020134296,,1.0,-2.149175716651875,-1.2471507219293887,-1.98337700897484,-2.0601941446963896,-1.8217429757986718
3049,,0.0,-0.511169719929343,,1.0,-0.5317864215461788,-0.46302605346083014,-0.4130115343584153,-0.30862249416205206,-0.639968498682702
3050,,0.0,-0.1698635064853531,,1.0,-0.6627979227142343,0.05426286919142259,-0.7774629165253442,-0.6239197461083974,-0.9069364863507984
3051,,0.0,-0.46189986105817626,,1.0,-0.24105905948854248,0.05069814684466655,-0.4104805796563796,-0.5147737361355672,-0.6767657700643809
3052,,0.0,-0.7999708803438756,,1.0,-1.144029990669257,-1.054404833951058,-1.0456242033959933,-1.1405429992959208,-1.0643615232510737
3053,,0.0,0.46501754915020715,,1.0,-1.4803556932376316,-1.1864746822366092,-1.7507339489748335,-1.8374455562234873,-1.9310622259240275
3054,,0.0,-0.35727006965408953,,1.0,-0.2738663723868384,-0.4941090455739019,-0.45182212646964737,-0.41983964085592884,-0.48214693275792136
3055,,0.0,-0.3548852078034448,,0.0,-0.15073416928347458,-0.1207651824938715,-0.14962890925843175,-0.3922058329196846,-0.08425637980385234
3056,,0.0,-0.4973741044193352,,1.0,-0.8563031654562958,-0.28508082386133127,-0.28431191210032203,-0.45511089806959104,-0.32971608869035185
3057,,0.0,-0.6503942734803008,,1.0,-1.551617359387063,-1.1648502123412843,-1.0131805376729188,-1.4802494572690066,-0.9655621355513164
3058,,0.0,-0.6957690008542096,,1.0,-0.7388005271408176,-0.9627308833474187,-0.9890805982634925,-0.8162425245457259,-0.8516256031875696
3059,,0.0,-0.4576219975496861,,1.0,0.21208651880376778,0.03195868773985675,-0.19934030115903675,-0.13859295293655788,0.16937388147638663
3060,,0.0,-1.0340024690038263,,1.0,-0.7113887950218164,-0.7380656880720076,-0.8581703235171283,-0.5934795603755283,-0.8555938719805875
3061,,0.0,-1.0664101461437654,,1.0,-0.501959137703065,-0.7547535973725557,-0.7235039481840783,-0.6296688645189131,-0.6666755106201987
3062,,0.0,-0.26673804348643215,,1.0,-0.8384731766954476,-0.9417764485208557,-0.8201700451617714,-0.6144117024333443,-0.15900027820274962
3063,,0.0,-1.0308185963263248,,1.0,0.4866627937278977,0.12300206393682979,0.3683983328612584,0.135162501902657,0.15860676788663444
3064,,0.0,0.03339056107918422,,1.0,-1.1767664090956438,-0.8794605883229144,-0.9254854427205507,-0.7166570966761543,-1.048327279980668
3065,,0.0,-0.8346512850845206,,0.0,-0.23635825687229775,-0.4511853050195926,-0.07387013148479922,-0.18477786823253636,0.12368745343482021
3066,,0.0,-0.19092725820857517,,0.0,-0.1324179429905095,-0.10514591254160094,-0.008579214424420133,-0.0021387979197880305,0.009698245862124045
3067,,0.0,-0.5372464512676824,,0.0,0.12455124722386128,0.27629370040778944,0.212163977214687,-0.1449635741482454,0.20438415803237905
3068,,0.0,0.33347458765650145,,0.0,-0.01777580820328206,0.025831263322023516,-0.0021632901758054544,-0.06854694097444831,0.012377304450888759
3069,,0.0,-0.3892572065057311,,0.0,0.751770812650709,0.8628409800010312,0.5553872619490928,0.6202107258941144,0.7685963066235977
3070,,0.0,0.2001610558202043,,0.0,-0.036959557592164856,-0.012546569415136603,0.09548979008473252,0.18905640674977264,0.1491531022106116
3071,,0.0,0.5784260330877102,,1.0,0.5376337798744918,-0.7885156666187974,0.697337491141471,0.3618007027721917,0.6205362407175529
3072,,1.0,-0.6721746077126196,,0.0,-0.2858551740189819,-0.4010683837437587,-0.0553597206391218,0.04875173665957251,0.1259197800158934
3073,,0.0,-0.5848977815727069,,0.0,-1.6485147255624355,-0.940834735875181,-1.6008664039241496,-1.5948498095183918,-1.436245799229767
3074,,1.0,-0.10905195204405675,,0.0,-0.7241731607883489,-0.5890228627841505,-0.6472987731617784,-0.4985055020337223,-0.35286433826341007
3075,,1.0,-0.07078710858136919,,0.0,-0.8151236133479746,-1.0323973156522055,-1.211649125148329,-0.9368864836051124,-1.019568120159955
3076,,1.0,0.6478366118287052,,0.0,-0.828553327435634,-0.6854144466024698,-0.7104565084531805,-0.7375643950135827,-0.7670982483736279
3077,,1.0,0.6214545251984022,,0.0,-0.541408224321206,-0.26982035373073693,-0.31197522306718917,-0.6901251677567595,-0.1861224977845022
3078,,1.0,-0.6460096782432894,,0.0,-0.18333734110215769,-0.2274155136587989,0.09440103552947451,-0.07282629819011217,-0.08315441051156992
3079,,1.0,-0.7687992731371854,,0.0,-0.12629312511717253,-0.4983249017586852,-0.4390928015323352,-0.6431738489865302,-0.1881498456147479
3080,,1.0,0.37606880615065985,,0.0,-1.003767993630467,-0.5493795040852613,-1.0084728526456426,-0.8072296475402839,-0.6804176215926512
3081,,1.0,0.25127248481409187,,0.0,-0.3229689842670682,-0.1641164180173875,-0.11893204513594921,-0.2326383032749991,-0.10499279578614563
3082,,1.0,-0.20479323017081363,,0.0,-0.828548861900136,-0.8589661045274409,-0.9192416739055917,-0.8639673093972206,-0.7109666901616489
3083,,0.0,0.15467420953227118,,0.0,-0.6404988879978212,-0.5123011647267528,-0.39001019902087997,-0.5590012146718595,-0.3713348066578197
3084,,1.0,-0.8956339944516345,,0.0,-1.005025799127485,-1.120464280109879,-1.2932239445573044,-1.4713366755734616,-1.4254078802792038
3085,,1.0,-0.5492692507704815,,0.0,-0.39901280900116476,-0.3527962222104607,-0.22709081493834163,-0.34661687180457007,-0.46187618333512304
3086,,1.0,0.1169589980845768,,0.0,-0.7517027284576041,-0.6863559473428141,-0.7911575843575297,-0.4856644381109714,-0.6263779596575981
3087,,1.0,0.4374961267775971,,0.0,-0.5335509023202035,-0.436445296669118,-0.42732675346747423,-0.5250739147079818,-0.17725826584020313
3088,,1.0,0.695736368100951,,0.0,-0.8241882214102035,-0.7524754808721675,-0.8344406637564474,-0.7060349782311378,-0.7441240555049854
3089,,1.0,0.4627302484159803,,0.0,-0.13679417749010986,-0.10518913730913287,-0.4010802925725102,-0.26769756022456975,-0.25380647462474176
3090,,1.0,-0.49203635493246006,,1.0,-0.8347555338125335,-1.0793288431146506,-0.6597227434922573,-1.4572395965022389,-1.0281855031158835
3091,,0.0,-0.9399406372351174,,0.0,1.0808351804181675,0.9588798448849417,0.8464428706499562,0.8462198124551747,0.995369361317101
3092,,1.0,-0.48625457034299097,,1.0,-0.41664817081917654,-0.4828607918353286,-0.7131674066402495,-0.5850064901237406,-0.6429341393150761
3093,,1.0,-0.6079562714596684,,0.0,-0.6296088628164946,-0.6017029780701878,-0.5262103840025125,-0.5142792303921657,-0.6546285803803877
3094,,1.0,-0.8581841625804509,,0.0,-1.005453744168096,-1.0080682028687515,-1.0245624074762043,-0.7583725557091786,-0.7481389157996584
3095,,1.0,-0.19282235610450985,,0.0,-1.5796050703763265,-1.157905400348294,-1.2703536343584394,-1.2999055804331985,-1.170168863850915
3096,,1.0,0.08787022925738444,,1.0,-0.7389976530706209,-0.8099132885211935,-0.9861541000335952,-0.9916872412931752,-0.8427215694261226
3097,,1.0,-0.774965561830196,,1.0,-0.221042817249195,-0.08133072523800057,-0.1910224191605673,-0.24072084433148142,0.0258467226927437
3098,,1.0,-1.736858580411839,,0.0,-0.4718006305203837,-0.09823356581623742,-0.13648109868064218,-0.5558932917118558,-0.40816242263607194
3099,,1.0,-1.8217429757986718,,0.0,-0.7560301821307525,-0.8474801520147434,-0.945542516538212,-0.7166902544210566,-0.9401342891017903
3100,,1.0,-0.639968498682702,,0.0,-0.7657293643743619,-0.8486616547281984,-0.8227356354435083,-0.8587164641019709,-0.6002221533245499
3101,,1.0,-0.9069364863507984,,0.0,-0.954766741662009,-1.05865130425929,-1.1426664729045868,-0.951728649796156,-0.8112922505389324
3102,,1.0,-1.0643615232510737,,0.0,0.34848700427798684,0.5552837066419943,0.7645929996426012,0.5868694589529226,0.6698402844878684
3103,,1.0,-0.32971608869035185,,0.0,0.5384451793474886,0.5931724435876861,0.8935846735515177,0.14562435226564677,0.7675520061799341
3104,,1.0,-0.15900027820274962,,0.0,-0.4274212143657271,-0.43134747717857613,-0.22796142433676214,-0.39092206477394853,-0.09369634378830334
3105,,1.0,0.20438415803237905,,0.0,-0.24893013086734592,-0.06680621612021453,-0.24205322335980864,-0.2937848710277153,0.0582979786426145
3106,,1.0,0.1259197800158934,,1.0,-0.3920906065441395,-0.8535667168183101,-0.4923081108946667,-0.5948058849403811,-0.6400145968387917
3107,,1.0,-0.7670982483736279,,1.0,-1.1387331623816603,-0.9264694505720084,-1.0191432744366369,-0.6644854343173787,-1.110493509011284
3108,,1.0,-0.1861224977845022,,1.0,-1.1516774649001986,-0.21880461493783476,-0.41586227865451747,-0.6739705222300849,-0.12495342545479454
3109,,1.0,-0.7109666901616489,,1.0,-0.7543960924541833,-0.45965117950003376,-0.6190936098085968,-0.4277188397837393,-0.10053514072151655
3110,,1.0,-0.46187618333512304,,1.0,-0.23201972363725085,0.11865813004285161,-0.39514528698746904,-0.07025037505719485,-0.14902935307549608
3111,,1.0,-0.17725826584020313,,1.0,-0.9686529106419766,-1.0077868664745948,-1.0037052720428454,-0.8825440971795044,-0.8995774096663077
3112,,0.0,-0.25380647462474176,,1.0,0.4999639309605329,0.45053296692986106,0.15746982633789014,0.11081922800005195,0.4293084746736394
3113,,0.0,0.0258467226927437,,1.0,-0.09440730017512326,0.10873065833894244,0.042049553757797155,0.02444478641569328,0.24201756337596647
3114,,1.0,-0.8112922505389324,,1.0,-0.14100060391698477,0.1897344407602833,0.4191127811811424,0.01784202450199786,0.5611400979919451
3115,,1.0,-0.10053514072151655,,1.0,-0.27089498154673686,-0.3597404121557129,-0.17412799161533601,-0.359436208711871,-0.24571848749815067
3116,,0.0,-0.8995774096663077,,1.0,-0.4509002414580126,-0.5715808576939603,-0.48483532132954904,-0.45964277026369166,-0.7047358580982331
