,logbb,bbb_class,all_preds,all_trues_r,all_trues_c,full_set_scores_fold_0,full_set_scores_fold_1,full_set_scores_fold_2,full_set_scores_fold_3,full_set_scores_fold_4
0,-2.69,1.0,-0.7567335262032305,-1.72,1.0,-2.641651399419806,-1.083841450566868,-2.6551123833144343,-2.6464492469110996,-2.5896056940117687
1,-2.4,1.0,-0.9982408913778833,-1.52,1.0,-2.2770219630895983,-2.3290983658172637,-2.283882053067704,-0.05306375258441563,-2.1770111663199816
2,-2.15,1.0,-0.7954231011817442,-1.52,1.0,-1.9995776912319585,-0.7738856439436107,-2.0679966857533674,-2.0639811114043254,-1.9080548354500724
3,-2.15,1.0,-1.135829470260959,-1.52,1.0,-2.088488299694608,-2.131795224183165,-2.1182076058153627,-2.0908978773676306,-1.4308616785891368
4,-2.09,1.0,-0.5952232734825006,-1.4,1.0,-2.022577565135117,-0.8027440776360609,-2.058227663484686,-2.0430259419776906,-1.9970602330041232
5,-2.0,1.0,-0.7657831664750021,-1.35,1.0,-1.8196072583056497,-1.8849217744166737,-1.1094395897024394,-1.8319773293508763,-1.862318045486786
6,-1.96,1.0,-1.3252331775693371,-1.33,1.0,-1.8710328855578846,-1.945330672498393,-1.9238942354228092,-1.0316161306811555,-1.887901368740786
7,-1.9,1.0,-0.4191281199616764,-1.3,1.0,-1.8739737389881046,-1.2426406136815018,-1.8409885437460918,-1.8079505261114694,-1.8879788356958234
8,-1.89,1.0,-0.9798058959879604,-1.3,1.0,-1.593878745644698,-1.6814270638529656,-1.6915512746436994,-1.6992213794085183,-0.7074652891273093
9,-1.88,1.0,-0.7403004991141791,-1.26,1.0,-1.8367499354666699,-1.8432334595444693,-1.877494706675345,-0.6245289968629666,-1.8496109661936426
10,-1.82,1.0,-1.2977156328482884,-1.23,1.0,-1.8011635995345272,-1.5745684332181635,-1.8158748301403593,-1.8182057029831107,-1.7055304731191663
11,-1.82,1.0,-1.0808768502588835,-1.23,1.0,-1.7782794347583972,-1.8069208908945429,-1.794170854997449,-1.7708042741233732,-1.426295375125417
12,-1.82,1.0,-0.38774951452780326,-1.19,1.0,-1.8388332434587185,-1.8208020858856235,-1.816990832857237,-1.8072122591106243,-1.6989839525610169
13,-1.72,1.0,-0.4997852186645919,-1.17,1.0,-0.7567335262032305,-1.6912643013145388,-1.7085459649787473,-1.6017794754472237,-1.499259102668643
14,-1.7,1.0,-0.3569811540843767,-1.17,1.0,-1.5629788918620011,-0.10392562325788723,-1.6401979827460964,-1.558551269187941,-1.5255829608799072
15,-1.7,1.0,-0.9934396598988638,-1.12,1.0,-1.6438782699545478,-0.8708684062121335,-1.6753782084579398,-1.6393257523892333,-1.6313397769447284
16,-1.68,1.0,-1.1078549191158715,-1.06,1.0,-1.5046590618416877,-1.6026279927036529,-0.36611035425833616,-1.5293167753382604,-1.4778487740253161
17,-1.67,1.0,-0.20867717719622858,-1.0,0.0,-1.6003166957878592,-1.642625022606938,-1.6372730184238455,-1.6137991253911863,-0.8579463017823692
18,-1.57,1.0,-0.49438362186793766,-1.0,0.0,-1.4827490481863388,-1.5093842649533478,-0.8988576891889081,-1.5141032303328754,-1.3890800318443346
19,-1.57,1.0,-1.086277317039502,-1.0,0.0,-1.482505436611736,-1.5466049354786235,-1.5460449096120832,-0.5596526571463553,-1.4812736066656917
20,-1.54,1.0,-0.5223835078579264,-1.0,0.0,-1.5324049803993605,-1.1657885340196799,-1.5156496218587319,-1.4715304637251516,-1.4624391360842681
21,-1.54,1.0,0.052376448505129895,-0.95,0.0,-1.5642493229549268,-1.5332962329605269,-1.5254113648995253,-1.5721141479244722,-1.3088092209572066
22,-1.52,1.0,-1.0101218355489097,-0.9,0.0,-1.2731752280330344,-1.4706669643551529,-1.4247575369121042,-0.35695594582673246,-1.3277911391245434
23,-1.52,1.0,-0.6705146946006493,-0.8,0.0,-0.9982408913778833,-1.5209794782150035,-1.5508991449709828,-1.551833613194547,-1.5469928898409624
24,-1.52,1.0,-0.31153406754297114,-0.8,0.0,-0.7954231011817442,-1.5122923803709132,-1.507482403202962,-1.4446365876036247,-1.4495199411648112
25,-1.52,1.0,-0.5092184792984447,-0.8,0.0,-1.135829470260959,-1.5099941282127087,-1.502649041281258,-1.531466229162548,-1.5121331585708744
26,-1.52,1.0,-1.0556177746939461,-0.74,0.0,-1.3194171170153253,-1.4551562837382501,-1.4542030003097264,-1.3831461007427712,-0.6860953190699136
27,-1.5,1.0,-0.42716508080394416,-0.73,0.0,-1.3699191914476645,-1.4620759139653965,-0.5796919201258154,-1.4559370472193642,-1.4574293355976546
28,-1.48,1.0,-0.4508861234062172,-0.71,0.0,-1.2445627457601232,-0.5480793387810038,-1.3437914668882296,-1.406239193805871,-1.2332257167445162
29,-1.42,1.0,-0.23509739382968065,-0.7,0.0,-1.3012280460240142,-0.28254129222164265,-1.3367598798363818,-1.3465908771074255,-1.3443853458287214
30,-1.42,1.0,0.108609249128368,-0.69,0.0,-1.3052143615664626,-1.4142036748777347,-0.8590228237655132,-1.2985717916355715,-1.3224607697849193
31,-1.42,1.0,-0.5939683639954791,-0.67,0.0,-1.421521198439088,-1.4262760976492856,-1.426435689131019,-1.3238039637294763,-1.4173833791815569
32,-1.4,1.0,-0.8092010772396286,-0.56,0.0,-1.4646149176283716,-1.3244916375171996,-1.4147464461142152,-1.4693662505962661,-1.4881426837688372
33,-1.4,1.0,-0.7858848147367192,-0.52,0.0,-1.3956874035124622,-1.394348739061791,-1.1424595240404913,-1.384672153298415,-1.3788928013635275
34,-1.4,1.0,0.28340621907149993,-0.51,0.0,-0.5952232734825006,-1.3558951675900095,-1.337405807761279,-1.337778291228301,-1.297855568850351
35,-1.4,1.0,-0.3808043146753711,-0.5,0.0,-1.3014319963621381,-1.3909378455173806,-1.3820593620791761,-1.3935839039686366,-0.9666369650442426
36,-1.4,1.0,-0.8134983711696988,-0.44,0.0,-1.2301922905077416,-1.37067077854882,-1.3374355746913067,-0.27188125706484995,-1.2470638762555493
37,-1.4,1.0,-0.3612906697069182,-0.43,0.0,-1.3289826861317688,-1.3687311668720423,-1.363143752570614,-0.6631054485520613,-1.2107583292987472
38,-1.4,1.0,-0.46438091002731324,-0.43,0.0,-1.2406843335730506,-0.5650578156292028,-1.2853271481772244,-1.308469356211652,-1.205159118428229
39,-1.39,1.0,-0.37754450923357125,-0.4,0.0,-1.2885376374513402,-1.334510617502585,-1.3162208023396378,-1.2663933143211659,0.5054754354420671
40,-1.39,1.0,0.011982071135289485,-0.4,0.0,-1.3107205427506934,-1.4280529504786816,-1.2548605511992172,-1.3105523480130403,-1.1912111354073236
41,-1.35,1.0,-0.928884897903872,-0.39,0.0,-0.7657831664750021,-1.326693006524346,-1.332522524661256,-1.2429251780041075,-1.278711134644625
42,-1.34,1.0,-0.24381395853565507,-0.3,0.0,-1.3009217861580111,-1.3004823119228102,-1.3452404638951607,-1.3222022538623275,-1.3512314532279428
43,-1.33,1.0,-0.2511435894496018,-0.3,0.0,-1.3252331775693371,-1.322330285881863,-1.3392525844890173,-1.2819081890667265,-1.2962779535764886
44,-1.3,1.0,-0.11977660108417651,-0.3,0.0,-0.4191281199616764,-1.285510931139418,-1.2204064802877002,-1.227002770550288,-1.1232454095057915
45,-1.3,1.0,-0.3673066981993128,-0.27,0.0,-1.2453246935965052,-1.2245935538438293,-1.2828054286652162,-1.2749497002745989,-1.240355540561467
46,-1.3,1.0,-0.42263584220600114,-0.27,0.0,-1.2816161342121157,-0.7744615105951039,-1.2915008347511185,-1.298968321964362,-1.247468637559741
47,-1.3,1.0,-0.21661348406890918,-0.25,0.0,-1.235526714077458,-1.2857808732833163,-0.9298491506636576,-1.2470832953660358,-1.2313778897306087
48,-1.3,1.0,-0.4048718281138461,-0.25,0.0,-1.2557648028701522,-1.2959228795032913,-1.2903610192692256,-1.2553170017491282,-1.0008812896837065
49,-1.3,1.0,0.04660541186442998,-0.21,0.0,-1.3621197926276298,-1.354008246025374,-1.2929705211710956,-1.3596822258188659,-1.5360087490586416
50,-1.3,1.0,-0.2591419311319777,-0.2,0.0,-1.2714156602132642,-1.2905352822046927,-1.3024732874541072,-1.299608622346768,0.5527393357450499
51,-1.3,1.0,-0.23462909298025558,-0.2,0.0,-1.1586063365851356,-1.2730490748048122,-1.2258189106309214,-0.932185866326782,-1.1433142434811785
52,-1.3,1.0,-0.7896485693733944,-0.19,0.0,-1.260402116015388,-1.2924765631686248,-1.3001720482007428,-1.278321625657059,-0.7779070157098733
53,-1.3,1.0,0.3539546444205539,-0.17,0.0,-1.319530763692141,-1.294504276835882,-1.2995341401957226,-1.42719213538137,-1.3136104024694375
54,-1.3,1.0,-0.6805017141152174,-0.15,0.0,-1.13706611080356,-0.4404376680024721,-1.2361121319788337,-1.1685434765018994,-1.1225677814040214
55,-1.3,1.0,-0.2598728630255088,-0.12,0.0,-1.1902380967690172,-1.2239248736282708,-1.1675118088842713,-1.1642187769088883,0.1631501459715377
56,-1.3,1.0,-0.8563327323486309,-0.12,0.0,-0.9798058959879604,-1.2934512164252268,-1.2844713431448365,-1.2406487048143178,-1.2391460832885512
57,-1.3,1.0,-0.22043294098773078,-0.1,0.0,-1.2272303958929554,-0.05984139694538448,-1.2721616329925822,-1.2575389326226538,-1.2024300443985099
58,-1.3,1.0,-0.033012409035955696,-0.1,0.0,-1.1896104866221069,-1.23000158513399,-0.39196476980784234,-1.1818912877944736,-1.1655134371497784
59,-1.26,1.0,-0.3282168287441624,-0.1,0.0,-0.7403004991141791,-1.2478681553664785,-1.2469545102202226,-1.2211066124279462,-1.1980110972921798
60,-1.26,1.0,-0.017412512393709705,-0.08,0.0,-1.244545325925884,-0.5209584283012729,-1.204875213685342,-1.1479894922076184,-1.1864610919345402
61,-1.23,1.0,-0.6831465641088739,-0.07,0.0,-1.1926968863854077,-1.2396472554241211,-1.2459558491219955,-1.1788154130727975,-1.0939572828227555
62,-1.23,1.0,0.242390925522076,-0.06,0.0,-1.2255961449162884,-1.2335467922300982,-1.2352283267326778,-1.0985123975694475,-1.2266480443115477
63,-1.23,1.0,0.05518113291481614,-0.05,0.0,-1.2977156328482884,-1.2246119570540754,-1.2211515024961297,-1.234910904682661,-1.194955824807213
64,-1.23,1.0,0.19122454726680413,-0.05,0.0,-1.2140445331995415,-1.2189108152394559,-1.1573302456545884,-1.1979484189222942,-1.208660988247113
65,-1.23,1.0,-0.7786888690699748,-0.01,0.0,-1.2672914131281843,-1.2294723013792148,-1.235646216158321,-1.2391153452914716,-1.2294504447741406
66,-1.23,1.0,-0.10303362510974251,-0.01,0.0,-1.0808768502588835,-1.2197501228271979,-1.206637584617139,-1.2284513821728722,-1.1515283326798884
67,-1.22,1.0,-0.21257985711341432,-0.01,0.0,-1.061830446138954,-1.1572294953243958,-1.1631045220877707,-1.1326007220853314,0.0512215652130735
68,-1.19,1.0,0.37255858763894495,0.0,0.0,-0.38774951452780326,-1.1729515293642954,-1.1913644668302201,-1.070754670935457,-1.0864399558435824
69,-1.17,1.0,-0.10821709715721774,0.0,0.0,-0.4997852186645919,-1.1591092105527558,-1.144051090193178,-1.1408176566535608,-1.1467151258948958
70,-1.17,1.0,-0.2845276248199614,0.0,0.0,-0.3569811540843767,-1.1465916303874115,-1.132555089364037,-1.1266374232751577,-1.059593579723148
71,-1.15,1.0,-0.2847998157327583,0.0,0.0,-1.0653512497038486,-1.1557912846547023,-1.1146123596439304,-1.1605971290351258,-0.8912259020589687
72,-1.15,1.0,0.019201761976531007,0.03,0.0,-1.088030441474164,-1.1398544070235994,-1.1210974172334198,-0.46575513323974216,-1.072379018366018
73,-1.14,1.0,-0.24428875927523278,0.04,0.0,-1.13280832600731,-1.1081777180047943,-1.143761355998679,-0.5431097822704478,-1.0436069121885576
74,-1.12,1.0,-0.07575846349060747,0.07,0.0,-1.0605769562399971,-1.1578360308558584,-1.1163583350214734,-1.0755019204924312,-1.095938909491897
75,-1.12,1.0,0.8079813853945991,0.08,0.0,-0.9934396598988638,-1.1171098230531857,-1.130642068792746,-1.1496160036162995,-1.1376514761250642
76,-1.12,1.0,0.40877511579847015,0.08,0.0,-1.0165968002859334,-1.0949243419412558,-1.0385036633059523,-1.0235331219614565,-0.7341483665966014
77,-1.11,1.0,-0.03118874259143761,0.09,0.0,-1.0816454196068426,-0.9155625035634618,-1.1016966923537481,-1.0953478006502209,-1.0386047027528817
78,-1.1,1.0,0.4141731356222602,0.09,0.0,-1.055003980500866,-1.062962118944071,-1.0724788595890318,-0.44727490515263246,-0.9992017171134032
79,-1.1,1.0,-0.195249681271605,0.1,0.0,-0.9933914210538671,-1.0606715199427357,-1.0387533732361565,-0.9615840347011892,-0.5281411024371763
80,-1.1,1.0,0.02602991269086919,0.1,0.0,-1.0695693610804933,-1.0853210936698547,-1.065134709001639,-1.0614829546188473,-0.8919606187966513
81,-1.1,1.0,0.3287518025971077,0.1,0.0,-1.0613029811970367,-1.1025721218598126,-1.0982089405816553,-0.8720596045674993,-1.0864330738408547
82,-1.1,1.0,0.1374870933141034,0.11,0.0,-1.1889874060179393,-1.1439568305502492,-1.1206325043796777,-1.202418718777109,-1.4014886981442072
83,-1.09,1.0,0.11970095703748873,0.11,0.0,-0.8774041756929813,-1.0238472380674215,-0.9535753834016798,-0.9296672383553791,-0.13332248487262996
84,-1.06,1.0,0.18237945912285006,0.11,0.0,-1.1078549191158715,-1.0657629813408294,-1.0734478745452203,-1.1136361152566574,-1.103885300126032
85,-1.04,1.0,0.26985424678988035,0.12,0.0,-0.9177100634915185,-0.19716006048714008,-0.9825943890172828,-0.9865382674919624,-0.8851474095238078
86,-1.03,1.0,0.4889559762236602,0.17,0.0,-1.0438212870166166,-1.032968609522465,-1.040606119779062,-0.5362926533399754,-1.0454111086304922
87,-1.0,0.0,-0.906050989670715,0.2,0.0,-0.9326910888083684,-0.9798150761793896,-0.9788656277167779,-0.9365764521939279,-0.10186226195124265
88,-1.0,0.0,0.2643332140866396,0.2,0.0,-0.9790736713955592,-1.0095646809072951,-0.99215353339254,-0.9490289144182604,-0.9603964179138595
89,-1.0,0.0,0.029969592705203413,0.2,0.0,-0.9724201935767306,-0.8732498981103012,-0.9795699453080251,-0.9389402788940874,-0.9680079243788712
90,-1.0,0.0,0.46256414135950835,0.2,0.0,-0.8137914054557605,-0.9189035431026887,-0.35501644382501674,-0.8844266264317764,-0.7707926338566108
91,-1.0,0.0,0.648751345192251,0.23,0.0,-0.9651281898474461,-0.7568373437359124,-1.0129714765412265,-0.9753213474620854,-0.975639914080557
92,-1.0,0.0,-0.061023577241613246,0.24,0.0,-0.9095786298364139,-1.003959167443776,-0.9880375550355147,-0.7116081141955671,-0.9538452866142643
93,-1.0,0.0,0.17313388798177917,0.28,0.0,-0.8870832512619143,-0.9830761480644092,-0.39806515986823704,-0.9035953582635455,-0.8693172856017476
94,-1.0,0.0,0.18538620115104695,0.28,0.0,-0.20867717719622858,-0.9801878101134319,-0.9719886285441138,-0.9620559886724296,-0.9072803088644484
95,-1.0,0.0,0.376107329047007,0.28,0.0,-0.49438362186793766,-0.9869225686338937,-0.9745109932567589,-0.9350047870436264,-0.9768296104340621
96,-1.0,0.0,0.20353877602114356,0.3,0.0,-1.086277317039502,-1.0027451792460205,-0.9767212258623326,-0.9752042026931002,-0.9617629371077987
97,-1.0,0.0,0.21078521153179094,0.3,0.0,-1.0224234310840035,-0.9844976167414203,-0.9872165883861891,-0.955593089519666,-0.48126374024893337
98,-1.0,0.0,0.18181706508120768,0.3,0.0,-0.8789694980325794,-0.9639783585813876,-0.09648702566908286,-0.9260453630220773,-0.7936172934470677
99,-1.0,0.0,-0.0407844561957346,0.32,0.0,-0.9520771389895664,-1.0210990425747744,-0.7955121834285078,-1.0561752511207636,-1.0239772013823543
100,-1.0,0.0,0.2304207815571855,0.33,0.0,-0.5223835078579264,-0.9903425129399499,-0.9957204854250522,-1.003921001379191,-1.002982966288016
101,-0.95,0.0,0.3910670623338369,0.36,0.0,-0.8759961568653736,-0.9494198777128565,-0.6505583399058644,-0.9062273314102114,-0.9084243410619558
102,-0.95,0.0,-0.4335220940353471,0.37,0.0,0.052376448505129895,-0.897554974623117,-0.8781830712195625,-0.8304696571023296,-0.7365653299302914
103,-0.93,0.0,0.37964467164024324,0.37,0.0,-0.9620389545531002,-0.9348823912260995,-0.9580090501634188,-1.0630485950194049,-0.9333393961162108
104,-0.93,0.0,0.1229438741190242,0.39,0.0,-0.9235676205769126,-0.9222246579729245,-0.9152345996055181,-0.8966550394282646,-0.7359476426036886
105,-0.92,0.0,0.324892242923662,0.4,0.0,-0.8882996948788943,-0.7837442890576902,-0.9256196129975947,-0.8651628838757143,-0.9001346110429158
106,-0.9,0.0,0.0192193064228705,0.4,0.0,-0.9605644244972835,-1.1235425422672107,-0.8900359955561666,-0.8683460644052077,-0.9324446473294387
107,-0.9,0.0,0.02953902217888206,0.4,0.0,-0.879523336276381,-0.8974421009188072,-0.6115826557879426,-0.891638437404075,-0.8089876801739574
108,-0.9,0.0,0.22279006568926735,0.4,0.0,-1.0101218355489097,-0.9187497784137462,-0.9152669949166539,-0.9256332179502809,-0.9100293026272398
109,-0.9,0.0,-0.6304486985703575,0.41,0.0,-0.8255811717831737,-0.890764340678793,-0.8426995020232136,-0.7864538759607632,-0.20246860079324253
110,-0.89,0.0,0.5928049343025414,0.43,0.0,-0.8416088223904601,-0.7652201724396142,-0.8859627755390669,-0.8292500581337638,-0.8225210339794248
111,-0.89,0.0,-0.2548034773888026,0.43,0.0,-0.7225501761977742,-0.8472463858255509,-0.8662814931477538,-0.7900236645505526,-0.16604812963293206
112,-0.87,0.0,-0.31132460389103533,0.43,0.0,-0.8288150120210929,-0.8331785298436789,-0.693505166628834,-0.7962812879076195,-0.8319144189155976
113,-0.85,0.0,0.28874869135131215,0.45,0.0,-0.8788235211530147,-0.8485339784151059,-0.8371808413870513,-0.8552304410446622,-1.0772862224317241
114,-0.85,0.0,-0.01000933182901221,0.46,0.0,-0.8994607398112197,-0.8704735699496899,-0.981472833914697,-0.8792727872041116,-0.8412806209679023
115,-0.85,0.0,-0.5509397473775002,0.48,0.0,-0.8189261982717553,-0.8660020872872151,-1.1861122481991633,-0.8853472802537543,-0.8319733661143185
116,-0.82,0.0,0.5160501700490989,0.48,0.0,-0.8046918361665184,-0.8174988620130839,-0.676296397529127,-0.8657701778945165,-0.7904145243660634
117,-0.8,0.0,-0.14427446755785717,0.48,0.0,-0.6705146946006493,-0.8003975112838545,-0.8104389472252946,-0.7808984816016573,-0.7835736866198716
118,-0.8,0.0,0.7241803622480721,0.5,0.0,-0.31153406754297114,-0.7818991131197223,-0.775881388625445,-0.7513256098743555,-0.6731213845795017
119,-0.8,0.0,0.2006475236222324,0.51,0.0,-0.8083884661694095,-0.7911429927298393,-0.45368478768917403,-0.7793845632549087,-0.7621597282041206
120,-0.8,0.0,0.08778118740749594,0.55,0.0,-0.7340048893536315,-0.18377935328684722,-0.7411866647494514,-0.7352474116830641,-0.6938012015952716
121,-0.8,0.0,0.4519725997841374,0.55,0.0,-0.8157064785631053,-1.3426312065615862,-0.797063288486555,-0.7960744849504846,-0.7765690163137733
122,-0.8,0.0,0.28536116199478817,0.55,0.0,-0.809762497251421,-0.8141623345296636,-0.7904228778182895,-0.7674488062799748,-0.7820583644288852
123,-0.8,0.0,-0.34248571611980433,0.56,0.0,-0.5092184792984447,-0.7780594097139312,-0.771807556678738,-0.7258174781178657,-0.6936479310912929
124,-0.8,0.0,1.1844708232340402,0.6,0.0,-0.7930991536499606,-0.924603172766606,-0.8077968219060883,-0.8434845603320975,-0.8006896733027294
125,-0.8,0.0,0.2655334141343115,0.7,0.0,-0.8172486724487747,-0.7953507284199127,-0.8030184703244723,-0.8309697164266968,-0.8165932007627319
126,-0.79,0.0,0.2470543699251979,0.77,0.0,-0.7031720394407718,-0.3843663956323146,-0.7604134011734272,-0.6888668963639262,-0.700923877178274
127,-0.78,0.0,0.8896080442559743,0.8,0.0,-0.7341999710578893,-0.7785727666041852,-0.760405461113186,-0.7542751232230225,-0.7299806600531885
128,-0.76,0.0,0.2405753204285342,0.81,0.0,-0.7138798068570037,-0.7401844458271811,-0.35443431783638796,-0.6910192875243296,-0.6754934734520757
129,-0.74,0.0,0.33694580823294196,0.83,0.0,-1.0556177746939461,-0.7605928493203256,-0.7554451595446681,-0.8001046614735947,-0.7863447524103936
130,-0.73,0.0,0.811202157280351,0.86,0.0,-0.7331644526567528,-0.7245932752264999,-0.7404485994584522,-0.7017614924766639,-0.7703835316095783
131,-0.73,0.0,0.9148606048539163,0.86,0.0,-0.7777978363931873,-0.720718505462286,-0.7518047910280499,-0.9786277790227186,-0.7188151193476248
132,-0.73,0.0,0.6944003476364617,0.87,0.0,-0.42716508080394416,-0.7147456165489791,-0.6698294538744209,-0.6462633711494007,-0.6992849951160487
133,-0.73,0.0,0.10770557832936338,0.88,0.0,-0.5880327296015994,-0.7154636729811537,-0.3667982414546012,-0.6795877520418627,-0.7382248032818639
134,-0.72,0.0,0.3938029285122328,0.89,0.0,-0.6375040187613249,-0.7048215587749536,-0.2692037010655765,-0.5859529350864857,-0.700435096761837
135,-0.71,0.0,0.48952466942937106,0.89,0.0,-0.6979323827033574,-0.7101734853794291,-0.6957050268901291,-0.860013152216287,-0.673824013995281
136,-0.71,0.0,0.6267569976599423,0.9,0.0,-0.4508861234062172,-0.6975275684041002,-0.7135054896510247,-0.6904897200975637,-0.6934716928939537
137,-0.7,0.0,0.729845953218237,0.9,0.0,-0.5743903568474359,-0.6876661187574776,-0.6528516005543765,-0.6444155637954613,0.15997540181638714
138,-0.7,0.0,0.8209285140782947,0.9,0.0,-0.6834637111409376,-0.47315875248732947,-0.6924390876711444,-0.6719245015800093,-0.6942352025575038
139,-0.7,0.0,0.8618262836957665,1.0,0.0,-0.5931821907190512,-0.6699191883230795,-0.6812773416127773,-0.2518022905989458,-0.544783600584207
140,-0.7,0.0,0.902871153146795,1.0,0.0,-0.23509739382968065,-0.6895482904264731,-0.6812962294951659,-0.7375460775998545,-0.7174246811000902
141,-0.7,0.0,0.031017425089946992,1.0,0.0,-0.6235761261385121,-0.6795235252106204,-0.6862366208351393,-0.6095496916675216,-0.665055204740917
142,-0.69,0.0,1.1307463969289062,1.06,0.0,0.108609249128368,-0.6146683506644917,-0.6106617044410046,-0.5556631451786718,-0.44165132961101766
143,-0.67,0.0,0.7950748259353311,1.06,0.0,-0.5826727112165,-0.6240644712617118,-0.5751668063889567,0.09396467356812008,-0.46115254321519694
144,-0.67,0.0,0.5537487383490963,1.11,0.0,-0.5939683639954791,-0.6769262857832591,-0.6806362875132024,-0.6863829963912502,-0.705524446807947
145,-0.67,0.0,-0.8268312334017369,1.11,0.0,-0.7569460050737785,-0.6884039316275542,-0.6842079362518539,-0.7606915261356705,-0.7873438795395942
146,-0.67,0.0,0.010161424632034254,1.15,0.0,-0.6597129197115161,-0.665377924171042,-0.6479275561866277,-0.6829980375153687,-0.7650696316097235
147,-0.67,0.0,0.5739679206595456,1.26,0.0,-0.628381325945318,-0.6459572948551988,-0.6348125115864865,-0.6350066056632732,-0.37933775034681383
148,-0.67,0.0,0.777308877973085,1.3,0.0,-0.6346796764345453,-0.5591395050710428,-0.6768062665143154,-0.6159278720500155,-0.6464095480474488
149,-0.67,0.0,0.3509237738970189,1.38,0.0,-0.6701168181732475,-0.6676209102658305,-0.6854894879739329,-0.6946251918344933,-0.7519129984884838
150,-0.66,0.0,1.0762326562125637,1.38,0.0,-0.6494406436262838,-0.6629268437807495,-0.6399518359618199,-0.6387798804248489,-0.6258349047358464
151,-0.66,0.0,0.7175379745718933,1.53,0.0,-0.7412015395902783,-0.6509453441121943,-0.5666725622280772,-0.6615780658775736,-0.6465089059402366
152,-0.66,0.0,0.7363270157613006,1.7,0.0,-0.6654540070286258,-0.6984981525907739,-0.6512529967435169,-0.6165773488669801,-0.6938302486002037
153,-0.66,0.0,0.3210576823449011,,0.0,-0.5965349284321562,0.01219019629979955,-0.6133102530152174,-0.5746629314595038,-0.5380071898386346
154,-0.66,0.0,0.010203722358723239,,0.0,-0.6901308939372142,-0.6508980209463886,-0.668021280497461,-0.6400566615134591,-0.682027607102819
155,-0.65,0.0,0.14407405466431136,,0.0,-0.7638353563012615,-0.7272092162336585,-0.6822956572364214,-0.6742596168322728,-0.8141787139681279
156,-0.64,0.0,-0.11832860902062198,,0.0,-0.6130710306319568,-0.6436340662997478,-0.6366567769558625,0.07416682485323282,-0.6145718331497073
157,-0.63,0.0,0.8190167363426851,,0.0,-0.6242754935864255,-0.9287658879051258,-0.6381940074128654,-0.6546523680831592,-0.6003717827301186
158,-0.63,0.0,0.49324273704494,,0.0,-0.5600176264335677,-0.6263670882408595,-0.6160688578721369,-0.5746886524076981,-0.2576865351334985
159,-0.62,0.0,-0.5569892452663038,,0.0,-0.6050199124294383,-0.6058918573853801,-0.6112243659229757,-0.5671014138670026,-0.29794951434450917
160,-0.62,0.0,-0.14994077804385336,,0.0,-0.5674188662236693,-0.6180181468804513,-0.6140316595786767,-0.5453970746991204,-0.13801011616526482
161,-0.6,0.0,-1.0083434867073346,,1.0,-0.6199897830381225,-0.6366379185782097,-0.6081713564769514,-0.30328673710245185,-0.5711488925740402
162,-0.6,0.0,-0.9135513300874083,,0.0,-0.537330752348918,-0.5034667150208049,-0.5850373471611583,-0.5335529205024092,-0.525335248862404
163,-0.6,0.0,-0.052517179516332536,,0.0,-0.5186198627206053,-0.5678396197404749,-0.5796242308998159,-0.5227887733810163,-0.17085773708030527
164,-0.6,0.0,-0.08108678366860154,,0.0,-0.5263054845273069,-0.5925027726783214,-0.3585265531800027,-0.5698171354427306,-0.5478298024283647
165,-0.6,0.0,-0.04987540874252729,,0.0,-0.523581166024446,-0.5851517075514792,-0.18309696700039305,-0.5035867990833064,-0.4771344726155656
166,-0.59,0.0,-0.11804582954697865,,0.0,-0.6758792009507046,-0.6287911904431852,-0.6429901814220247,-0.6690203159695719,-0.8171703103303554
167,-0.59,0.0,-0.7297839600512567,,0.0,-0.5070335990361899,-0.09219521054173015,-0.5258786847228532,-0.48206642770902985,-0.4267314259029782
168,-0.59,0.0,0.23491595187758496,,0.0,-0.5513921003089994,-0.21063633076398225,-0.5865347006224083,-0.5133786183244072,-0.5574394322108458
169,-0.58,0.0,0.27592108120331965,,1.0,-0.5356843347808782,-0.5944959561402537,-0.570851869940771,-0.5555428420175067,-0.6849802467377027
170,-0.56,0.0,-1.0085937164690058,,1.0,-0.8092010772396286,-0.5688780056062961,-0.5777179153691752,-0.6201581156847454,-0.5692304899872612
171,-0.55,0.0,-0.2576372293632134,,0.0,-0.4572358770399487,-0.4930506886388053,-0.07451904841817816,-0.42685988039405515,-0.4182825274225512
172,-0.55,0.0,0.40051177578793945,,1.0,-0.5317039271407487,-0.5540356434703345,-0.5329452972636882,-0.5880326248786637,-0.5100454890312249
173,-0.54,0.0,-0.26467887840142507,,0.0,-0.5373464902294579,-0.3791357563861782,-0.5479454742730089,-0.5586982241765589,-0.5029364917409151
174,-0.54,0.0,0.1979981536502591,,1.0,-0.48172096700808636,-0.5249247014046218,-0.5394818721502166,-0.14936871327756018,-0.5087630652627887
175,-0.52,0.0,-0.7963863282147426,,0.0,-0.4645252930708927,-0.5079132789256847,-0.3906212974917795,-0.43094800871131156,-0.36099239391696086
176,-0.52,0.0,-0.7184017544289051,,0.0,-0.5126975387132696,-0.5314620797835689,-0.5170878521451205,-0.5218443681349465,-0.8601891062642256
177,-0.52,0.0,-0.7409804757697654,,1.0,-0.49349011174252116,-0.5012454058647449,-0.4943563700343451,-0.4519055108853045,0.08961720560977121
178,-0.52,0.0,-1.6851715667653904,,1.0,-0.4671717080231561,-0.5139175598794541,-0.4958156175129484,-0.46092711878273834,0.06573069132010376
179,-0.52,0.0,-1.5724449340700661,,1.0,-0.7858848147367192,-0.5240529660970832,-0.4992101388331512,-0.5244571073608174,-0.48744067461458906
180,-0.52,0.0,-0.9229941486053744,,1.0,-0.4776005920354425,-0.12058474469186846,-0.5146241870680098,-0.4960503383827323,-0.4123800965801296
181,-0.52,0.0,-0.5105430895643229,,0.0,-0.46018250603746735,-0.509542120389069,-0.6741123481397169,-0.4964252554942853,-0.49859471181747944
182,-0.52,0.0,-0.5491770962766108,,0.0,-0.5391037295320007,-0.5379340756879312,-0.5608092014666926,-0.5290057600596201,-0.5061414402895438
183,-0.51,0.0,-0.12842304687103048,,0.0,0.28340621907149993,-0.49849124951926466,-0.46782439995713143,-0.4632157366628605,-0.4236373302093176
184,-0.51,0.0,0.27880952612315346,,0.0,-0.5077457445174807,-0.029572344464514014,-0.486749876430178,-0.4481549276565638,-0.3700014796631836
185,-0.5,0.0,0.41678136174412933,,0.0,-0.5303878604895021,-0.508711899779961,-0.38536684833347445,-0.49008891857904546,-0.5453409380399908
186,-0.5,0.0,0.09433213785930904,,1.0,-0.4319740488938199,-0.4951539969680529,-0.4698874410131237,-0.39307112621827806,0.1640037478425674
187,-0.5,0.0,0.45743544704348543,,0.0,-0.3808043146753711,-0.5107682751477598,-0.48743688760010395,-0.4542239137339383,-0.5255961974137133
188,-0.5,0.0,-0.7034280918284993,,0.0,-0.4921994870791382,-0.4961980087400643,-0.4941161612060745,-0.4508340161284972,-0.45006415030740604
189,-0.5,0.0,-0.04139201636062451,,1.0,-0.5520328340748314,-0.6656180315332805,-0.5277661477225932,-0.5704131688711351,-0.5896461562876718
190,-0.48,0.0,0.6799749242072854,,1.0,-0.48900404983407797,-0.4929181977160406,-0.47049700691705676,-0.44718056899649444,-0.18232749683703264
191,-0.48,0.0,0.541226461967147,,0.0,-0.26809953759683935,-0.4077578408075925,0.6052887284655721,-0.35532072346833943,-0.20110703371496852
192,-0.47,0.0,-0.29246388552162994,,0.0,-0.4409733886140193,0.014658398470260826,-0.4202945064365167,-0.37886944721211346,-0.3169262215583528
193,-0.47,0.0,-0.12169676635833716,,0.0,-0.4913060279038433,-0.45181463285782203,-0.4658019251382293,-0.4377894818888689,-0.4519868402820731
194,-0.46,0.0,-1.0293528105869827,,0.0,-0.393253143586382,-0.4222883225966377,-0.416795679873014,-0.3792830988924157,-0.12745777333213454
195,-0.46,0.0,-0.5077193924673755,,0.0,-0.547006024340055,-0.45551021865335994,-0.49689631313662674,-0.6576427900216488,-0.5153411371504458
196,-0.46,0.0,0.10099688589314783,,1.0,-0.4828867590696043,-0.4780061908081692,-0.4593515058909505,-0.6038440510866061,-0.4424138858402751
197,-0.45,0.0,-1.152197891351076,,0.0,-0.37223576359894733,-0.43054619880833184,-0.40968400988276377,-0.43469512202719834,-0.38963332770815196
198,-0.44,0.0,0.2275626072626867,,0.0,-0.8134983711696988,-0.4746966801210037,-0.48399693666566257,-0.49918697188394673,-0.5835977631850922
199,-0.43,0.0,0.7466630197115046,,0.0,-0.4485183960587215,-0.37885853997313484,-0.4402604092292083,-0.39124715871796145,-0.3950388747384256
200,-0.43,0.0,0.1610198634322885,,0.0,-0.4405478927462479,-0.4335626563034906,-0.4358994124854843,-0.4005530781703305,-0.29356756251977983
201,-0.43,0.0,-0.5323850782687333,,0.0,-0.3612906697069182,-0.4426380206565974,-0.37631251295135604,-0.39365925239436866,-0.38347544474225215
202,-0.43,0.0,-0.7153843191934072,,0.0,-0.46438091002731324,-0.4394080547833725,-0.40087657030965834,-0.41810858305769977,-0.40555924338942123
203,-0.43,0.0,-0.14692819777152138,,1.0,-0.38070011266957304,-0.4253509487875455,-0.42501357485679025,-0.49294456569551987,-0.30667419347262853
204,-0.42,0.0,-0.35951770689972995,,0.0,-0.39908908365841167,-0.4119616738947953,-0.40985207853223343,-0.14024321305211543,-0.37547588994956893
205,-0.42,0.0,-1.247325576062309,,1.0,-0.45071848916007323,-1.1881991802052565,-0.4282253250363057,-0.4329285862433877,-0.44300291508113654
206,-0.42,0.0,-0.748878962454699,,1.0,-0.44974406196412947,-1.1111942732122992,-0.41623141224684007,-0.46544603733150686,-0.40529569207814087
207,-0.42,0.0,-0.003032300850983991,,0.0,-0.4153123606635421,-0.4176508044270319,-0.5181629433811834,-0.40568881857894495,-0.42349794575566
208,-0.4,0.0,-0.4371498527614165,,0.0,-0.4199060718138624,-0.40884416634710197,-0.43182906972261953,-0.44791267530794,-0.5042866838018616
209,-0.4,0.0,0.21098700419198302,,0.0,-0.311408010914007,-0.4341580550435871,-0.4136530773812886,-0.4230014505088522,-0.37606770273009327
210,-0.4,0.0,0.7389203400410043,,0.0,-0.2732597470176647,-0.37892985626309006,-0.11652213294071083,-0.30776512001755835,-0.3102703140983035
211,-0.4,0.0,0.2337356038004092,,0.0,-0.4431317488879315,-0.9917080634003698,-0.4275444569604404,-0.42807312092393457,-0.4400347924415314
212,-0.4,0.0,-0.45272274652073063,,0.0,-0.43948792134128617,-0.4083179279622959,-0.41341809244946603,-0.8453299978783387,-0.4695941099121896
213,-0.4,0.0,0.7482148690834396,,0.0,-0.3154226822849638,-1.0610164683472965,-0.3538750062520291,-0.3252258042669149,-0.28618065556138145
214,-0.4,0.0,0.34201159788173097,,0.0,-0.37754450923357125,-0.40160335440795086,-0.40627495789866613,-0.430937484959395,-0.41594120445188626
215,-0.4,0.0,0.21485317466085435,,1.0,0.011982071135289485,-0.41611626719919853,-0.4123104671804745,-0.40510938308352434,-0.3475571854600129
216,-0.39,0.0,0.08850701238288204,,0.0,-0.928884897903872,-0.39435142994004957,-0.39647734088468223,-0.3923943192865864,-0.39674878714318146
217,-0.39,0.0,0.1649536784182069,,0.0,-0.30608628687352235,-0.0017305378224195772,-0.34151334090245605,-0.33842181606489435,-0.34556189164890233
218,-0.38,0.0,0.48944522190519824,,0.0,-0.3904981371154531,-0.40258768439860654,-0.2377143636296743,-0.3678900946439471,-0.356198393757006
219,-0.38,0.0,-0.28607392488112815,,0.0,-0.38342720701388544,-0.3731254784435178,-0.3929605844601218,-0.5148766404334213,-0.4345239432283835
220,-0.37,0.0,-0.16026299087120022,,0.0,-0.24769036356618615,0.33924320434173394,-0.27986549684593093,-0.25694077334033233,-0.18027100559900314
221,-0.37,0.0,-0.6013506490251305,,0.0,-0.3857089510116652,-0.38587617322736045,-0.6836512511699623,-0.4469935718565549,-0.413067101709491
222,-0.37,0.0,-0.6061250757814265,,0.0,-0.37563080310445435,-0.3371698730975167,-0.3274392215244041,-0.26116404755283773,-0.15503681415902237
223,-0.36,0.0,-0.301649034995873,,0.0,-0.23732749660790586,-0.3168238393877899,-0.29543051929705116,0.3124300069985961,-0.20629508763397203
224,-0.34,0.0,0.3478861042673664,,1.0,-0.33611147403311165,-0.3302371662838286,-0.34346026775231897,-0.30407389828050374,-0.36406998629800835
225,-0.34,0.0,-0.705299848468896,,0.0,-0.301432076617715,-0.0046866472355291304,-0.32147177316361425,-0.26132526470110456,-0.2648617749721646
226,-0.34,0.0,0.3418124245639185,,0.0,-0.2910317992649436,-0.17087189409724973,-0.31971693148235086,-0.31545479939248366,-0.2845007364138188
227,-0.34,0.0,0.09518098027038681,,0.0,-0.3017273178788201,-0.31358804274635094,-0.29195959269823185,-0.03952689527729297,-0.3429652820585935
228,-0.32,0.0,-0.5358801515932885,,0.0,-0.36200108591643226,-0.5047658004989766,-0.3310939256823743,-0.2933576430367557,-0.342897890269855
229,-0.32,0.0,-0.09670591284140231,,0.0,-0.24753260524261103,-0.09725690103669633,-0.26631140310899554,-0.2839459514533494,-0.2252950059793619
230,-0.31,0.0,-0.09286410730873405,,0.0,-0.37546158624899706,-0.463182840392708,-0.3195279010198884,-0.3461518743694184,-0.3331262144926772
231,-0.3,0.0,-0.14598517181906703,,0.0,-0.24381395853565507,-0.27948142827500255,-0.29817862919605514,-0.29169457624776624,-0.26294092401211694
232,-0.3,0.0,-0.4390530989720293,,0.0,-0.3017020280994345,-0.29148613157257863,-0.2715892220383403,-0.27757521280531916,-0.06476148092864407
233,-0.3,0.0,-0.5078935435663576,,0.0,-0.2868949528341362,-0.28965311621276246,-0.3062879139719972,-0.25153336423746936,-0.30171058670561185
234,-0.3,0.0,-0.5957301831474712,,0.0,-0.23270592073377816,-0.2614235269767668,-0.2661162354197662,-0.25458938647026186,0.017769732533157008
235,-0.3,0.0,-0.7269748002597259,,0.0,-0.1855228530239717,-0.2906062403562562,-0.24549575291648346,0.36524736248111744,-0.1802390462737145
236,-0.3,0.0,0.5768516668738928,,0.0,-0.2511435894496018,-0.30631473871163106,-0.3029704593585131,-0.2728456156660564,-0.29013825383948993
237,-0.3,0.0,-0.8443775373357872,,0.0,-0.20575855033412035,-0.01655450354701222,-0.19478033285683935,-0.1633829511096457,-0.1627002616460945
238,-0.3,0.0,-0.2392967900159576,,0.0,-0.339965980064019,-0.31356115206468943,-0.33559925463352325,-0.48120340423752983,-0.36928729327171694
239,-0.3,0.0,0.18242503191397805,,0.0,-0.34020051339274576,-0.30385936705670025,-0.6767816559946828,-0.3731699045392835,-0.3939626695373027
240,-0.3,0.0,0.3551214278379905,,1.0,-0.11977660108417651,-0.2680846009008506,-0.2816672864345194,-0.23827266031911662,-0.243834505875427
241,-0.3,0.0,0.6422134502093829,,0.0,-0.24276760677519635,-0.2917183372303741,-0.22829926279423451,-0.2969199054618066,-0.3129728652546014
242,-0.3,0.0,-0.2335282155255337,,1.0,-0.35978120372785033,-0.28311822191150254,-0.2986500970540423,-0.5403959506934862,-0.29251065884977656
243,-0.3,0.0,-1.1860716722193834,,0.0,-0.3082787629820624,-0.31233665704455843,-0.3192449318392662,-0.26113206836238323,-0.23652078586057979
244,-0.3,0.0,-0.1729142898006782,,0.0,-0.23783603340034418,-0.29501778962226183,-0.2972885692404232,0.1925652558791149,-0.22989257075569405
245,-0.29,0.0,-0.6599522236640898,,0.0,-0.28579452389340354,-0.295662084912127,-0.28465630546459775,-0.07568865079842649,-0.2763513619744542
246,-0.29,0.0,0.6550749648465782,,0.0,-0.34381896267668505,-0.30186541525971056,-0.30637574763220127,-0.25839427345886967,-0.29518289396900227
247,-0.28,0.0,-0.2685039505645862,,0.0,-0.33319826214573406,-0.2950801536039673,-0.31552618472585325,-0.9345418887666074,-0.42452686453662786
248,-0.28,0.0,0.16384583252127694,,0.0,-0.13840085250778195,-0.20396322476552778,-0.1879030948943909,-0.16860760900254704,0.1557875445812553
249,-0.28,0.0,-0.0454133099512522,,0.0,-0.2789079348661626,-0.27381906171156684,-0.27689640829925244,-0.3150034477534884,-0.41424369727022353
250,-0.28,0.0,0.41439727609883303,,0.0,-0.27573831899154394,-0.29572556062708016,-0.44128738316686256,-0.24468000440241658,-0.33899979539239333
251,-0.28,0.0,0.38011038779613676,,0.0,-0.2852262786673205,-0.27192847481608734,-0.2531968195368377,-0.2122403779610513,-0.27685572793184854
252,-0.28,0.0,-0.1898247777042104,,0.0,-0.2848879057168482,-0.30772889002581266,-0.30494514881608004,-0.28709775149087025,-0.020372119420356372
253,-0.27,0.0,-0.5750864479887405,,0.0,-0.32441605664674567,-0.3285819259002281,-0.31048322294140746,-0.26643701574077705,-0.3439510268953625
254,-0.27,0.0,0.8036865128318782,,0.0,-0.3673066981993128,-0.2858166362333097,-0.3141420049250902,-0.26283454655933314,-0.2894509920180155
255,-0.27,0.0,-0.03770158090642031,,0.0,-0.3342707004307854,-0.2784660545024027,-0.42089687600848047,-0.3451543059989154,-0.3716969202455038
256,-0.27,0.0,0.17306862365020198,,0.0,-0.42263584220600114,-0.2785188889662373,-0.30340596157791033,-0.3441435293632373,-0.28709531382919484
257,-0.25,0.0,-0.46873203991931145,,0.0,-0.21661348406890918,-0.24359427076344375,-0.2431384587377581,-0.2094340702515395,-0.17293763301771878
258,-0.25,0.0,-0.2296898545178937,,1.0,-0.2193627680557548,-0.25230423542078884,-0.23337044081560115,-0.10542447522353893,-0.2016081410833813
259,-0.25,0.0,-0.49524062014851145,,0.0,-0.4048718281138461,-0.2550851107741235,-0.2710559911586905,-0.28424925607770174,-0.2663572666781209
260,-0.24,0.0,0.373584334490705,,1.0,-0.23616805014700962,-0.314790275949826,-0.2484532001498195,-0.24084977192870463,-0.21390199597269677
261,-0.24,0.0,-0.0412859814737236,,0.0,-0.28404310749212225,-0.23882795176489016,-0.300517634891428,-0.223730880617134,-0.34883882746142386
262,-0.24,0.0,-0.012842377080971823,,1.0,-0.14796980558357514,0.05407388021325093,-0.19911646287526683,-0.14329603527025403,-0.048163381319645746
263,-0.24,0.0,-0.11122368451481512,,0.0,-0.1923122707845175,-0.23303207936486198,-0.2306851923106529,-0.2181571763232253,-0.15790541464792035
264,-0.23,0.0,0.1982654255763447,,0.0,-0.11601663054981297,-0.16361695866396078,-0.14460273602670018,-0.03349616225094209,0.35729145949817287
265,-0.23,0.0,-0.7848106303400555,,0.0,-0.2827321904459522,-0.2526275761378739,-0.25132953492133353,-0.665483146597302,-0.3027196158505864
266,-0.22,0.0,0.7210097410800368,,0.0,-0.15522301864788052,-0.20507339063447244,-0.18860600622614418,-0.20040769975999995,-0.0789864106560428
267,-0.22,0.0,-0.26472467730755506,,0.0,-0.21078029180254612,-0.22800595309454336,-0.3036096135931271,-0.29707786475366427,-0.23421857397803422
268,-0.22,0.0,0.5173191086930051,,0.0,-0.15325594581195962,-0.1975030409135783,-0.21189762631522588,-0.04333084606726339,-0.09027600177776117
269,-0.22,0.0,0.2933819368473996,,0.0,-0.26061922501353146,-0.24129420166271345,-0.22334870819526503,-0.24404769745327803,-0.35308944480301
270,-0.22,0.0,0.3087746877668186,,0.0,-0.19535352783340543,-0.2194569266822134,-0.3399680055049322,-0.20421463596950662,-0.25393485380404796
271,-0.22,0.0,0.7350563941772595,,0.0,-0.3062669111814547,-0.23716099227065662,-0.8766537452631321,-0.2899212070046509,-0.2890168931806867
272,-0.22,0.0,0.39066284526312445,,0.0,-0.21891549520438983,-0.21214489401380074,-0.22134819618029014,-0.2180762515255856,-0.4376648207158655
273,-0.21,0.0,0.7330947204693298,,0.0,0.04660541186442998,-0.20977972761239652,-0.21890135401579405,-0.1658008893241516,-0.09884998637076316
274,-0.2,0.0,0.9727242869983239,,0.0,-0.14646516761794035,-0.17421590028868625,-0.23976406093991354,-0.2064081945630831,-0.15391227999661036
275,-0.2,0.0,0.5384988144433186,,0.0,-0.23695749817392697,-0.21705948682329648,-0.18697609916079633,-0.21247585878729747,-0.6959854333287439
276,-0.2,0.0,0.8430189710491216,,0.0,-0.0785534864181286,-0.15596193392980423,-0.14719094416395426,-0.14113945545072892,0.2716543921335349
277,-0.2,0.0,0.29409958001826253,,0.0,-0.19910042750092555,-0.19610421824384852,-0.20783437491400744,-0.5099160355490047,-0.2821565525827821
278,-0.2,0.0,0.36058024867358884,,0.0,-0.23479561073017077,-0.18400817530555585,-0.11889056018143247,-0.21065310035726928,-0.19778156594708143
279,-0.2,0.0,0.7735676892274909,,0.0,-0.2591419311319777,-0.21226416553586064,-0.19703970422793793,-0.22131327821069333,-0.1754772297303584
280,-0.2,0.0,0.8404263394783933,,1.0,-0.19305197141349906,-0.20180240536493746,-0.20982926169646737,-0.19430928362730002,-0.15438554291881634
281,-0.2,0.0,0.057151463266787696,,0.0,-0.23462909298025558,-0.23225481318612778,-0.2190711282303181,-0.21560822889140288,-0.1694800749304121
282,-0.2,0.0,-0.0388024353947693,,0.0,-0.22842558033693852,-0.21442848862812575,-0.20201237397456445,-0.1966048186313726,-0.20155072367938956
283,-0.19,0.0,0.6746539601371645,,0.0,-0.21803122122798904,-0.2039903828452587,-0.4492648294483365,-0.264296019869595,-0.22280450172032407
284,-0.19,0.0,0.4519505175445347,,1.0,-0.17716018290239655,-0.19644196043761178,-0.3427627059315967,-0.22521586659792078,-0.20246937398017054
285,-0.19,0.0,-1.127735040381484,,0.0,-0.7896485693733944,-0.19823724542045792,-0.1915331287828984,-0.22833493424891482,-0.20486998452880723
286,-0.18,0.0,0.5118813990515589,,0.0,-0.1802764955581011,-0.4524612781996541,-0.21532001381478058,-0.18950979186808892,-0.22456326820560385
287,-0.18,0.0,0.8664263083798152,,0.0,-0.25474628624389767,-0.6314651523528184,-0.24688971042280705,-0.2791872969240905,-0.22433074446852647
288,-0.17,0.0,0.665516821152613,,0.0,0.3539546444205539,-0.0987417887926378,-0.07257839319522219,-0.12893970962826523,-0.00021436936344932788
289,-0.17,0.0,0.8799370285288286,,0.0,-0.17610717442720328,-0.18828066034519164,-0.18100076052505307,-0.2392461324807067,-0.31596000469793123
290,-0.17,0.0,-0.9452965514214675,,0.0,-0.08493659833255249,-0.1555949807331684,-0.058915208679526286,-0.11867645800654156,-0.09704809079472919
291,-0.17,0.0,-0.049910667330852226,,0.0,-0.21565129464909072,-0.1867723186632971,-0.7746500632483257,-0.20331797604945284,-0.15997886504594327
292,-0.17,0.0,0.25569365370359814,,1.0,-0.1442275456260846,-0.17312408263965656,-0.3823688910741531,-0.14687329807731553,-0.18056701377295278
293,-0.17,0.0,0.4815078351597827,,0.0,-0.21516171847409823,-0.20237497161705256,-0.2025982505760684,-0.28521782435785087,-0.22935904795423526
294,-0.17,0.0,0.5383772248902983,,0.0,-0.20398528177269648,-0.14266973232466534,-0.18107266423435767,-0.17812455500963814,-0.17050558168586552
295,-0.16,0.0,0.549914201896907,,0.0,-0.15987130070527644,-0.15597599458278993,-0.1471351957485975,-0.13772132454554115,-0.17149511253966865
296,-0.16,0.0,0.08262818576969784,,1.0,-0.28075900979411195,-0.5852418852814555,-0.18661851526613607,-0.271629760949244,-0.19441630596500195
297,-0.16,0.0,0.1386321585210353,,0.0,-0.10913730548031152,-0.14768536415054118,-0.14645901608139106,0.04837228933721083,-0.12795919520030083
298,-0.16,0.0,0.3554634148147942,,0.0,-0.16878718916217225,-0.16327489588957633,-0.17364071521776975,-0.14965247773972173,-0.13441907037266193
299,-0.15,0.0,0.7360540864498238,,0.0,-0.6805017141152174,-0.16649599910813367,-0.16296169553085713,-0.19145287000832845,-0.17847839345624975
300,-0.15,0.0,0.4579677324585408,,0.0,-0.1873680235441039,-0.16229560049756,-0.12426486343103836,-0.5721622908273714,-0.12983029613352925
301,-0.15,0.0,0.9144210489864536,,0.0,-0.1045514121633752,-0.13485484493143432,-0.10968678050967565,0.053566145314375015,-0.12443188662812533
302,-0.15,0.0,-0.11597513176135019,,0.0,-0.10279624610537752,-0.14512146396767459,-0.13204097911943358,-0.13350153760083572,-0.04424622998625383
303,-0.15,0.0,-0.6205603373357821,,0.0,-0.2719839986245378,-0.19363243886177747,-0.21329463608573246,-0.8885787567636667,-0.26170997022950626
304,-0.15,0.0,0.08376704973021903,,0.0,-0.12673810411496478,-0.1291953891436788,-0.12239765220338346,-0.14983398345019794,-0.1583575796477666
305,-0.15,0.0,-0.3381612532788059,,0.0,-0.19162462603567587,-0.1718953789946035,-0.17037733242622669,-0.5061864670635234,-0.2339848974748113
306,-0.14,0.0,0.16469084209826687,,0.0,-0.1428283839356235,-0.1602221387194287,-0.19454008861620098,-0.11101373857944748,-0.1592205248648842
307,-0.14,0.0,0.10847063027405633,,0.0,-0.18531821433161655,-0.2473373895214675,-0.1451138166893766,-0.17542494532142527,-0.19027006891219717
308,-0.14,0.0,0.6826537028468774,,1.0,-0.09363163087268284,-0.12517738267140685,-0.05527186408741076,-0.10730791694899594,-0.0742565213101827
309,-0.14,0.0,0.13061733796697386,,0.0,-0.15266171726296593,-0.1645587626469097,-0.14662559864199345,-0.15151481494118466,-0.2096942382123472
310,-0.14,0.0,0.255852821611932,,0.0,-0.17157820840412122,-0.15624042153887102,-0.08822795730626587,-0.1295327691354923,-0.08894348300541619
311,-0.14,0.0,-0.06399582690653313,,0.0,-0.12358092097318181,-0.12729847016031776,-0.3668218047126598,-0.09110359046289863,-0.15416084121386756
312,-0.14,0.0,0.22228949557847938,,0.0,-0.141106792732073,-0.13102708258602308,-0.13356963045408163,-0.17908542486161172,-0.021050973957608743
313,-0.13,0.0,0.7411096229162262,,0.0,-0.03654539131642021,-0.16521141931824887,-0.1314398039413152,-0.12208792608288344,-0.08336320279284573
314,-0.13,0.0,-0.8455614860385864,,0.0,-0.13263741365482598,-0.1163065301788138,0.3331760842954041,-0.09252327095392456,-0.03030764344165054
315,-0.13,0.0,-0.9454244034211031,,0.0,0.07830305768225339,-0.09693400896528323,-0.04936614975228019,0.6140729942711074,0.08023523870026404
316,-0.13,0.0,0.8886181466753535,,0.0,-0.0827113705255486,-0.15187053159574007,0.07373109599762842,-0.13852803688295287,-0.07995884828080747
317,-0.12,0.0,0.005134097212312575,,0.0,-0.09813692635401608,-0.10144720028501629,-0.05578009941542673,-0.10511629228889413,-0.06255288640984515
318,-0.12,0.0,-0.1595567480987181,,0.0,-0.2598728630255088,-0.13081229481125065,-0.11577517831073351,-0.11826063964694855,-0.17153163751658
319,-0.12,0.0,-1.6127100262817333,,0.0,-0.17555927930809967,-0.11838213343825667,-0.21286402117950867,-0.5890704974739348,-0.27231238238869904
320,-0.12,0.0,-0.8906365109226346,,0.0,-0.1382184863167313,-0.12487267019185459,-0.12909964817779856,-0.1780889611225449,-0.1540671529713725
321,-0.12,0.0,-0.4683772313435924,,0.0,-0.8563327323486309,-0.18940372005610553,-0.20992737074235515,-0.2722002333920267,-0.28618868186510543
322,-0.11,0.0,-0.492215119887982,,0.0,-0.06137557916382312,-0.10984607629327724,-0.08580846964213432,0.30540500550236427,-0.039043131783159074
323,-0.1,0.0,-0.42560606516755417,,0.0,-0.15201413335768507,-0.09509988561190302,-0.26094537335575546,-0.15266914182940583,-0.13580097678186584
324,-0.1,0.0,-0.8430723055093908,,0.0,-0.05648058958245162,-0.09326444582630364,-0.2423553686208918,-0.04834509721480128,-0.03994697436239963
325,-0.1,0.0,-0.587984585677096,,0.0,-0.13405163288350733,-0.10081154798038247,-0.10641467852228641,-0.17218500314554,-0.08965808882344187
326,-0.1,0.0,0.4905367939635385,,1.0,-0.08318589560251499,-0.08008656342522644,-0.03968818638187268,-0.08891458064689663,-0.03517624765925494
327,-0.1,0.0,-0.5417497635798111,,0.0,-0.08899491002677656,-0.11987306968984975,-0.08075970952826934,-0.08805296788790096,-0.06041115974827229
328,-0.1,0.0,0.6028701402535833,,1.0,-0.028675396080590443,-0.0854634345584522,0.036823634648921584,-0.09535633338142412,-0.0853208702610596
329,-0.1,0.0,-0.747460422934885,,1.0,-0.14096848090961525,-0.11858236980799722,-0.10738649072970628,-0.07252070214074637,-0.1724985975959532
330,-0.1,0.0,0.029179152014999113,,0.0,-0.06824835684743415,-0.1039229687271024,-0.11285690648967156,-0.12509335003865518,-0.32898468680758514
331,-0.1,0.0,-0.15419401836717592,,0.0,-0.09282013542396207,-0.06191728100082326,-0.1210483979928901,-0.12257939611219888,-0.12231132390800255
332,-0.1,0.0,0.4922920904801681,,0.0,-0.15842479287004296,-0.31431187552260226,-0.11836564115545077,-0.15722212495864893,-0.171138816850186
333,-0.1,0.0,-0.3589227460356573,,1.0,-0.007974679098728118,-0.0981773592269683,-0.05237003178885096,-0.11801000851053202,-0.04751389990426188
334,-0.1,0.0,-1.3892326680397877,,0.0,-0.06789700754175704,-0.0792327553882131,-0.06494678786804896,-0.24704866664152472,-0.06547019598740936
335,-0.1,0.0,-0.33269480339936025,,0.0,-0.22043294098773078,-0.11085982182108109,-0.12676678379360853,-0.12324432652003796,-0.10339713687079051
336,-0.1,0.0,-0.14970641717005292,,0.0,-0.11548036676770994,-0.10469340793751941,-0.22763665971727637,-0.026862202934802473,-0.061816008429136655
337,-0.1,0.0,-1.2974198460826818,,1.0,-0.10631642295792175,-0.36181811512293166,-0.10602955532781298,-0.11621803168637507,-0.18540667872359023
338,-0.1,0.0,-1.07672797028061,,1.0,-0.04791042871962666,-0.09085086065729547,-0.09924545291001677,-0.05630173887029715,0.14658444058956566
339,-0.1,0.0,0.8922554960926327,,1.0,-0.11161039432169219,-0.0761099726458234,-0.08857785233628232,0.1589587463184204,-0.001655499213011822
340,-0.1,0.0,0.9436302840699039,,0.0,-0.033012409035955696,-0.08994463287258493,-0.09092223683876952,-0.07688289093076778,-0.07351402773194216
341,-0.1,0.0,0.3647931482043513,,0.0,-0.3282168287441624,-0.13909597289518097,-0.09511204989962518,-0.12025714056039809,-0.13258981550400323
342,-0.09,0.0,0.09044168465485324,,0.0,-0.09358375405846524,-0.12108682548540341,-0.3175565469467864,-0.10190434877114349,-0.11826534740764272
343,-0.09,0.0,0.33922526497453176,,0.0,-0.08930840844132522,-0.07062939525654569,-0.08967602919520662,-0.22634631988495382,-0.06619135576991393
344,-0.09,0.0,0.06566635210992937,,0.0,-0.19314776666935105,-0.1081455036634609,-0.912675664642122,-0.14043836894726636,-0.1768564504290548
345,-0.08,0.0,0.3974914314929218,,0.0,-0.017412512393709705,-0.10986611889873252,-0.1085697600228594,-0.11391485813891834,-0.1267081755430844
346,-0.08,0.0,0.42229289856125973,,0.0,-0.172417358970699,-0.1239097185211643,-0.8681197156590391,-0.18092452694588346,-0.12104183188992083
347,-0.07,0.0,0.060588084030086475,,0.0,-0.09211887545883149,-0.08859044216488007,-0.09460717107964824,-0.08046622538631674,-0.3675157265017353
348,-0.07,0.0,-0.21972598609463237,,0.0,-0.09959846004728512,-0.08474570926974621,-0.07390297188630941,-0.11889879149094677,-0.1324501654203064
349,-0.07,0.0,-0.24002758122791856,,0.0,-0.6831465641088739,-0.08045842113539368,-0.09768060728016444,-0.07158015570539333,-0.11434991759158825
350,-0.07,0.0,0.32562619210510274,,0.0,-0.05258889633353017,-0.061437156931098934,-0.05521168016074275,0.4403245500393731,-0.050108827057335895
351,-0.06,0.0,-0.6412664337301941,,0.0,0.242390925522076,-0.0627545306836648,-0.044866883843204045,0.008336096943559884,0.03912979430111888
352,-0.06,0.0,0.046144397117639006,,0.0,-0.035877266220452925,-0.08133138726472484,-0.044319031256965055,-0.0797601150356921,-0.002823712145730226
353,-0.06,0.0,-0.3501645965970496,,0.0,-0.020710286778678245,-0.059799744626505016,-0.04856630051423471,0.08539426998222266,-0.08656956079437086
354,-0.05,0.0,0.6801523296682845,,1.0,0.05518113291481614,-0.05406850735822937,-0.009546437228337252,-0.05216971422588347,-0.06211731952227042
355,-0.05,0.0,-1.8779690771410127,,1.0,-0.021837220214757445,-0.05868830814667012,-0.032193413054561255,0.015507243956685608,-0.027522958280626474
356,-0.05,0.0,-0.934579785686613,,0.0,-0.009549851265594638,-0.17159892434039134,-0.06565173095442016,-0.03897782200524736,-0.022563587804156796
357,-0.05,0.0,-0.9959526980283663,,0.0,-0.0903563422968436,-0.05767135967329444,-0.08768563161405586,-0.0009515774362076131,-0.0008069901181318735
358,-0.05,0.0,-0.7609216353019226,,1.0,-0.07247258839437191,-0.08104341724191123,-0.3505774746478181,-0.09805626561219995,-0.07803078712003136
359,-0.05,0.0,-1.5017146678085749,,0.0,0.19122454726680413,-0.023301810389057532,-0.05897202688512554,-0.019471943789858087,0.040470124445632236
360,-0.05,0.0,0.13068046373445164,,0.0,-0.10526383257855718,-0.3434637407669591,-0.10407125522650593,-0.09782656311548742,-0.1774672057721456
361,-0.05,0.0,0.16235422009901246,,0.0,-0.15252310942735972,-0.08837704907542468,-0.6522458583172951,-0.10719508979785833,-0.1733355948614358
362,-0.04,0.0,-0.7682286788230175,,0.0,0.024728821659412602,-0.01040263575158663,-0.05363826408222305,-0.09153822025263496,-0.02845370312672473
363,-0.04,0.0,0.07666904871030505,,0.0,-0.007246838178368986,-0.07206925241530993,-0.17810998285565166,-0.014347611102696773,-0.06178726016532949
364,-0.04,0.0,-0.4852363623411062,,0.0,-0.08120341118809117,-0.09640899094282847,-0.07551307438088536,-0.1224124227611245,-0.1090818963643783
365,-0.04,0.0,0.2569751531142514,,1.0,-0.16731986361355586,-0.07875917861687787,-0.1117827571582347,-1.2910928112450981,-0.20179289859002286
366,-0.04,0.0,0.1226625129733361,,0.0,-0.057674523275322895,-0.06970078810773207,-0.0796254735403753,-0.2945433248999646,-0.11067526128592933
367,-0.03,0.0,0.19241464949638235,,0.0,-0.03524131611411921,-0.05211353368457001,-0.1640437081193202,-0.06458287531936215,-0.024823361362603567
368,-0.03,0.0,0.0017737592200199506,,0.0,0.06551541392883423,0.23211633794692402,0.06588740125369467,0.09966695814964059,0.20003783719070428
369,-0.02,0.0,-0.4341713575578601,,0.0,-0.05869460740357731,-0.043680812533415776,-0.02669633481428701,-0.01980981678758409,-0.06754637472761237
370,-0.02,0.0,-0.4960789805037115,,0.0,0.027876803842044346,0.0025559584481805813,-0.0049848003693104045,-0.011143326476548535,0.06497675718443238
371,-0.02,0.0,-0.5385279729341441,,0.0,0.018716068790674577,-0.005858398779504829,0.00010764049393526916,0.055766513748288025,0.04188828799999627
372,-0.02,0.0,0.23725721417952766,,0.0,0.03612951588627997,-0.020664216563173323,-0.0007451761426761494,0.12327018989340635,0.2626203391615755
373,-0.01,0.0,-0.0006088555289275797,,0.0,-0.13367016127325604,-0.01668808148541657,-0.04310579103513511,-0.8616690916371887,-0.10362313582036839
374,-0.01,0.0,0.2004947310317883,,0.0,-0.7786888690699748,-0.030494840171705784,-0.01773606118662744,-0.05577656209683098,-0.08063518552883867
375,-0.01,0.0,0.7386318236713789,,0.0,0.009125642409587971,0.0033313904237560433,0.021221206718958892,0.08044880041972248,-0.018802713999604745
376,-0.01,0.0,0.586664460726293,,0.0,-0.10303362510974251,0.01408391951182942,-0.008156838578793782,0.014630576975947872,0.0026778919333261073
377,-0.01,0.0,-0.3847633421515676,,0.0,-0.05252160212189458,-0.04319353079878038,-0.2564082794390021,-0.0886648398910808,-0.11756387816944248
378,-0.01,0.0,-0.07242800890604148,,0.0,-0.21257985711341432,-0.027852034036314203,-0.0067244939457000745,-0.030479587996747683,-0.10795893379806862
379,-0.01,0.0,-0.022943870671859063,,0.0,-0.09268649875121224,-0.022001313250149365,-0.0386471849572098,-0.08488984636607669,-0.42489208887239277
380,-0.01,0.0,0.7111706175688034,,0.0,-0.04298447671912277,-0.2565657422802943,-0.031151510290804752,-0.0383041979606249,-0.08578226188247673
381,0.0,0.0,0.54668509131365,,0.0,-0.09293349243773262,-0.34869274835900604,-0.030311314792249217,-0.09322913696829774,-0.11622951918881076
382,0.0,0.0,0.3504583619784374,,0.0,-0.009167089063694712,-0.005811300786709947,-0.006890470770215134,0.14920021103443915,0.12147333321994967
383,0.0,0.0,0.3318834442559621,,0.0,0.37255858763894495,0.03930763594474618,0.06166011299336177,0.010186239368615806,0.08419200348712963
384,0.0,0.0,0.6964976297142181,,0.0,0.0037638346581032787,0.01406292841259685,-0.0003370389066292629,-0.18193941587118553,0.043945820840989636
385,0.0,0.0,0.6572947802222859,,0.0,-0.010923114869209691,-0.0005064544003648599,0.30621783270812974,0.03245814823330964,0.005344484213108914
386,0.0,0.0,0.23504457192684264,,0.0,-0.07613346816764634,-1.2542720993898786,-0.05621613816984729,-0.04457976525984837,-0.11228820598639556
387,0.0,0.0,-0.059833745869596465,,0.0,-0.18947837234581302,-0.04982890076610519,-0.06249746140788182,-0.5602727037659702,-0.1088531277171887
388,0.0,0.0,-0.15352126804428948,,0.0,-0.10821709715721774,-0.02117002644623102,0.004775459221946515,0.01063824914423715,-0.02252893653187445
389,0.0,0.0,0.9455922363332744,,0.0,-0.014134463826241154,0.01448358166636509,0.01870850227308727,-0.04942599718643792,0.059068920035046234
390,0.0,0.0,0.8024443419855655,,0.0,0.028068891106049786,0.02454433862913655,0.1945969962566406,0.031603119360937605,-0.03395231565807509
391,0.0,0.0,-0.0633264144055715,,0.0,-0.2845276248199614,-0.013869316600020764,-0.03426236534885445,-0.0401132602524923,-0.032246826291936495
392,0.0,0.0,-0.4374516029817,,0.0,-0.004410254693315389,-0.021783729508725053,-0.018073800951383927,-0.026127205875909994,-0.23320313784647978
393,0.0,0.0,-1.0921088803839474,,1.0,-0.0950389590848528,-0.7859868075890485,-0.03619166364773201,-0.0567533987443763,-0.11762210488825128
394,0.0,0.0,-0.7675259728491723,,0.0,-0.04425894345890888,-0.013637474946090621,-0.03133105154731815,-0.1329848521729614,-0.3098953675502793
395,0.0,0.0,-0.8660260442362191,,0.0,-0.015836969483620983,-0.029431240408592622,-0.05513542371029212,-0.19229714163970874,-0.04452897868969784
396,0.0,0.0,-1.025372594637605,,1.0,-0.2847998157327583,-0.01484465612359015,-0.05179176178255007,-0.028261512224763818,-0.03705440680972
397,0.01,0.0,0.7840292783210446,,0.0,-0.03969098209046692,-0.021912040067443767,-0.009233789157143204,-0.015824050469214427,-0.04012955556614043
398,0.02,0.0,-0.08038028176966769,,0.0,-0.027169773480941184,-0.11652589785478618,0.023029273399657744,0.0297658028741308,0.012937595657386761
399,0.02,0.0,-0.4897346548391362,,1.0,-0.00020241344889410844,0.19305405416149093,0.037192952960853655,0.03468031296749396,0.11486485574693835
400,0.02,0.0,-0.6520703624211203,,0.0,0.1002254282943876,0.53353437633253,0.09641529412753931,0.13318365801511176,0.19386521826687542
401,0.03,0.0,-1.0261026294798035,,1.0,0.019201761976531007,0.03121092594378993,0.004382536954248817,0.03848091011482287,0.13763628752312773
402,0.03,0.0,-0.545077307771101,,1.0,-0.052704315059759685,0.003299127090026298,-0.0054916629667838114,-0.6660878086547721,-0.02930109990753515
403,0.04,0.0,-1.361336362483067,,0.0,0.04270960580016687,0.019390675665348033,0.05811615178982869,0.05423384648727385,0.07275610790416828
404,0.04,0.0,0.9615393929043716,,0.0,0.05645424470787222,0.03827295866344147,0.14558433179755423,0.07728823612452805,0.14511684657629306
405,0.04,0.0,-0.5332362555617305,,0.0,-0.04330794817794135,0.019348447457600757,-0.023625370018681646,-0.08634343619910892,-0.3436901642565105
406,0.04,0.0,-0.6630873739322793,,0.0,0.003544605754552825,0.038776247171130616,0.04763943613114706,0.027212652329344653,0.015615946019302504
407,0.04,0.0,-0.3806483934308431,,0.0,0.0487608208325436,0.030461888749949227,0.0267597173937557,-0.07098451340872056,-0.03796754133175039
408,0.04,0.0,-0.6938741895164919,,0.0,-0.24428875927523278,0.03507314474400211,0.006355082818682684,0.0004409188908165709,-0.05887626782817111
409,0.05,0.0,-0.4933900159854754,,0.0,0.06827935748530063,0.04522590602625169,0.059181882267281334,0.08465314393228682,0.11890914312152251
410,0.06,0.0,0.16965476053101916,,0.0,0.06320441055633569,0.06967903215813415,-0.17539302579189242,0.0439831550932189,0.026247762952077786
411,0.07,0.0,0.6000125928631392,,0.0,0.12534202504803735,0.09958566798259595,0.029892934774235436,0.08592110780433417,0.09982346584737528
412,0.07,0.0,-0.3136340114299152,,0.0,0.03371088061776041,0.06263627629348449,0.08034565374190432,0.053271099549447296,0.14464990612487238
413,0.07,0.0,-0.5376176246927338,,0.0,-0.07575846349060747,0.05342768375186088,0.07191908380558397,0.1007782371616166,0.03165360422264814
414,0.08,0.0,-0.6277372158382677,,0.0,-0.019577337173082687,0.06998129288842334,-0.39115281917690886,0.05598347224944763,0.06276607211536388
415,0.08,0.0,-0.679260601826819,,1.0,0.11315644012448246,0.08975460804471756,0.09085782683474572,-0.4399534156004128,0.11807864638770584
416,0.08,0.0,-0.6206671340603356,,0.0,0.8079813853945991,0.10484340050472614,0.13378775166434795,0.1388822438075285,0.22108621117930033
417,0.08,0.0,-0.17197370462574985,,0.0,-0.0002383445060107121,0.043549865777647426,0.03471859941487586,0.05492124956437263,-0.8379293071283281
418,0.08,0.0,-0.9469585803906787,,0.0,0.40877511579847015,0.10773927961988737,0.12403008018871786,0.11187788370701378,0.10806383360472498
419,0.09,0.0,-0.5629595661374446,,0.0,-0.03118874259143761,0.06431785879610749,0.07780182660737493,0.05264275912300781,0.0710320193731849
420,0.09,0.0,-0.37585658050531084,,0.0,0.07587277291460712,0.08220757776222225,0.07894007505506798,0.0711529606890506,0.041517103783943916
421,0.09,0.0,-0.6279558319755059,,0.0,0.4141731356222602,0.12779205095980287,0.16114009288466372,0.1769311596181824,0.25590745265547743
422,0.09,0.0,-0.8923470777325088,,0.0,0.07290559290572803,0.21427045350709398,0.06328887617581043,0.09468977492971872,0.12922938553420885
423,0.09,0.0,-1.0262708443873358,,1.0,-0.061699315691179146,0.04552946172139661,-0.01683093779768092,-0.02115512850167281,-0.6545279548991704
424,0.1,0.0,-1.0735924546607236,,0.0,-0.195249681271605,0.07944103734303475,0.043599951362345325,-0.025578856070367976,-0.009506010468556973
425,0.1,0.0,-1.1189570159772346,,0.0,0.21403898883349737,0.14089040200465064,0.13002023645860436,0.14067264665731058,0.3741982890497681
426,0.1,0.0,-1.2101679386880981,,1.0,0.04863645813279909,0.07328483631763232,0.06780334447922824,0.09775310844518954,-0.038043042884536984
427,0.1,0.0,-1.0053834086981064,,0.0,0.02602991269086919,0.08048956040701058,0.10037170405641754,0.099899913249658,0.05644838431489341
428,0.1,0.0,-0.6603742124785614,,0.0,0.08711837329093497,0.09142243740224386,0.07707707993382688,-0.2427342797475081,0.07036651195235752
429,0.1,0.0,-1.1824516330892536,,0.0,-0.015307001684457047,-0.5354755636471704,0.08842375451419726,-0.00353527261330499,0.0013641933618538905
430,0.1,0.0,-0.34825408058099433,,0.0,0.3287518025971077,0.12736211531615463,0.11076542724295885,0.06536152854380856,0.17621905149668096
431,0.1,0.0,-0.30697466345108204,,1.0,0.029579610767916115,0.09846172695878948,0.0666337091331546,0.0691372987650063,-0.08237727151551905
432,0.1,0.0,-0.5455153892930736,,0.0,-0.002735697928551389,0.05815091839756992,0.03991758470620424,-0.12345166304965706,-0.5521455270156966
433,0.1,0.0,-0.12540908825103497,,1.0,0.05326304160768343,0.08803792491741043,-0.17495946051143513,0.10061141180874378,0.1902701215032469
434,0.11,0.0,0.1387631440790514,,0.0,0.03151772988987557,0.08128437455396398,0.07671018642083288,-0.08332511335882864,0.04410175373052697
435,0.11,0.0,-0.69115967688913,,0.0,0.1374870933141034,0.10521179663035105,0.09758092313201251,0.0630886250626948,0.08657370666220791
436,0.11,0.0,-0.41894485811662463,,0.0,0.11035653703152076,0.10862013272940732,0.11657468548709009,0.09808669999917152,0.13532637199024
437,0.11,0.0,-0.5180609890878035,,1.0,0.0567710516341148,0.0953979944907761,-0.13484335191065897,0.11015947767075324,0.1406318809692769
438,0.11,0.0,-0.5714327372488103,,1.0,0.11970095703748873,0.10629784834855803,0.11742442314301783,0.13474953148217703,0.16971516524512614
439,0.11,0.0,-0.8345730146576845,,1.0,0.050185559408580535,0.0996008019947701,-0.09540279966850325,0.09957030732830155,0.11052267745495117
440,0.11,0.0,-0.7168255758748081,,0.0,0.05413816169483332,0.03587065788668569,0.10556612511594914,0.07993718480976336,0.09424032276327686
441,0.11,0.0,-0.6632927796067226,,1.0,0.18412777097715585,0.1298786126015342,0.2305901997263714,0.1726339641857258,0.12270515442792752
442,0.11,0.0,-0.6752512324025278,,0.0,0.18237945912285006,0.09458926476096628,0.11437825250213499,0.08911309545725744,0.13168017150566536
443,0.12,0.0,-1.1489029896183431,,1.0,0.10962954527701214,0.18809207740103567,0.15932967306339754,0.12443215682823182,0.14373495193759311
444,0.12,0.0,-0.21397273562385646,,0.0,0.26985424678988035,0.1174731996118397,0.11764483415752919,0.15795316475612212,0.15566768866608569
445,0.13,0.0,-0.7975668170307108,,0.0,0.1317719650888423,0.11829179627662066,0.11325694841749276,0.13144252043736326,0.12854204196187302
446,0.13,0.0,-0.4187728428617465,,0.0,0.08050391853034615,-0.0007260274284852269,0.09607724986384852,0.07238680102405882,0.08245316682291046
447,0.14,0.0,-1.1746904039490238,,1.0,0.20539363660160734,0.1541077570616569,-0.02319732787261932,0.13851530225667943,0.18172049979542837
448,0.15,0.0,-0.2031921830730348,,1.0,0.06803100649611928,0.1468039629178292,0.11312326212573699,-0.744164450074381,0.06573042135339684
449,0.16,0.0,-0.44478550778591514,,0.0,0.22540919155085137,0.3226581309962133,0.16961932873087804,0.2597692693732031,0.2952264900663424
450,0.16,0.0,-0.8117457176976854,,0.0,0.06413086157722701,0.1556341352336493,0.13354460698760112,-0.36380603390770666,0.012805124959647323
451,0.16,0.0,0.086798786759178,,0.0,0.2639383321032422,0.17762423043140566,0.17590271518083828,0.2079071275571396,0.5200178516123738
452,0.16,0.0,-0.7922387979927308,,1.0,0.1328241193747745,0.15320776526790567,0.17273783250670893,0.3343999625852354,0.24780151917542
453,0.17,0.0,-0.5295023528334644,,1.0,0.259283546665673,0.4414877312954241,0.22698071353134006,0.2448471638754875,0.2421240573826848
454,0.17,0.0,-0.45215290103152667,,1.0,0.4889559762236602,0.19432540318152572,0.14253221089901782,0.20735663568190538,0.20552129700423263
455,0.18,0.0,-0.7597449706292333,,1.0,0.14452532162500714,0.15385569588758585,0.15705679786646096,-0.16596966532427793,0.1530371925382377
456,0.18,0.0,-0.662957394126503,,1.0,0.06213516573327207,0.14715743703070333,-0.5187822308098196,0.08355272868642839,0.02062608592619977
457,0.18,0.0,-1.0190026709641158,,1.0,0.17894132265423213,0.18049746244500808,0.21513522184921488,0.20246079006070752,0.19878381194235523
458,0.18,0.0,-0.7662630793370282,,1.0,0.035333798412028376,0.15718135551798662,-0.4513834662992387,0.05975317154504712,0.006090000995339298
459,0.19,0.0,-0.23554268489894045,,0.0,0.07711160278561033,-0.03876120766353689,0.1391405145040893,0.09459309324313551,0.08959153055433358
460,0.2,0.0,-0.20065136745282738,,0.0,-0.906050989670715,0.12468289250254339,0.14955274283677283,0.14410162894807216,0.18173467682435948
461,0.2,0.0,0.20946641742461117,,1.0,0.20020166710704035,0.21972270127227497,0.20707003705222177,0.19317184704703577,0.19045042082252758
462,0.2,0.0,-1.1977491130091389,,1.0,0.2643332140866396,0.185941950640614,0.18911334616799935,0.21379653392927137,0.18856586467982175
463,0.2,0.0,-1.0403524939283797,,1.0,0.1491812015412223,0.19588348675785397,0.1671822506675511,0.23105716182363287,0.1214618853241836
464,0.2,0.0,0.04671355335590363,,0.0,0.31042080627309904,0.2889175742786587,0.3428082892277022,0.6003484829743974,0.40751425528589763
465,0.2,0.0,-1.132030397921763,,1.0,0.10191382734180571,-0.03987248955165047,0.13651338361006504,0.05981282949090302,0.04929118910936873
466,0.2,0.0,-0.24058448945071723,,0.0,0.2433379510250159,0.20313839188530955,0.2016361849946977,0.2452513510196472,0.4034342363615892
467,0.2,0.0,-0.5806091089933699,,0.0,0.029969592705203413,0.13418727919117726,0.15545294137790375,0.10945214473913499,0.08377096811673063
468,0.2,0.0,0.13676424300684334,,0.0,0.46256414135950835,0.2263876240852571,0.22018114645903822,0.28930034643179997,0.27306989350892574
469,0.2,0.0,-1.4495770951406106,,1.0,0.2725949823560487,0.2239812871245008,0.2954063025525492,0.25158565316797743,0.2388493425442963
470,0.2,0.0,-0.5347212288413513,,1.0,0.08116308446113504,0.17575829515974853,0.1526114280135929,0.09452772233236251,-0.23955537158081336
471,0.2,0.0,-0.7660286156318714,,1.0,0.17388579285233116,0.1682255855041267,0.2136501242712912,0.11790245001110863,0.13413856929729479
472,0.2,0.0,-0.8146190672821528,,1.0,0.21774477441848414,0.2386527471291152,0.23626847535029732,0.173969839139783,0.19492445667126554
473,0.2,0.0,-0.10171850392888136,,1.0,0.2637600578800338,0.23332426598181616,0.2610209641925958,0.3657467826765929,0.27636497611855576
474,0.22,0.0,-1.6860807934959015,,1.0,0.28676360867145523,0.24735839573894744,0.2588418207331113,0.34159850896406585,0.2879965756386481
475,0.22,0.0,0.13858558261102397,,1.0,0.25922106741981277,0.2290445449051501,0.2448028058512137,0.27678682991909964,0.630389134788962
476,0.22,0.0,0.2517241618046275,,1.0,0.15207813648715182,0.1836909751568825,-0.014253055796893961,0.19231722958802655,0.2520229923417394
477,0.23,0.0,-1.3478749690790897,,1.0,0.1322167753056385,0.20874052302462537,0.1755640836416893,0.1984219891055318,-0.39805316829235127
478,0.23,0.0,-0.12425409370058632,,1.0,0.18746228368712475,-0.14909011690596494,0.1758521208002653,0.17479386758691026,0.20126830262148893
479,0.23,0.0,-0.18974592170899546,,1.0,0.648751345192251,0.24274248827461803,0.22410437509127276,0.274273971929842,0.2890493911502156
480,0.24,0.0,-0.6363715339420106,,1.0,-0.061023577241613246,0.22891130743802132,0.23162309700965386,0.20078578812934855,0.22616018779420113
481,0.24,0.0,0.22179390644524605,,1.0,0.2436664207433533,0.2415405855100209,0.23538852581635988,0.20686222354630718,-0.13587986108468872
482,0.25,0.0,-0.4935466839585111,,1.0,0.27026201981381776,0.2603269895287242,0.23671666457064905,0.2913075440752166,0.30254870218911933
483,0.25,0.0,-0.7363179158211697,,0.0,0.2084292992778512,0.20222401955271777,0.1964648348699121,0.20328053095106735,-0.07690701651074702
484,0.26,0.0,-0.19741689165265797,,1.0,0.18559297148229914,0.24930838661755997,0.08939143394512526,0.20571208695026738,0.15626082648227296
485,0.26,0.0,-0.9679774080593616,,1.0,0.2839206779453415,0.2720651571023294,0.26433983929534494,0.26131423975325435,0.23873203453406439
486,0.27,0.0,-0.5782698110043754,,1.0,0.19817227857834085,0.25748890667795543,0.24685938051725714,-0.3775641964958393,0.2501658971795187
487,0.27,0.0,-0.40981823155238767,,1.0,0.2482247010701468,0.2507688401117744,0.2367844375469336,0.1908880493551097,0.22408652286161374
488,0.27,0.0,-0.8649460180308707,,1.0,0.17394916516471257,0.26201908214941727,0.22694247232997744,0.24326487694465188,-0.2550711855116358
489,0.27,0.0,-0.047490247511487824,,1.0,0.1744833129362073,0.2589411446359231,0.042240584025843304,0.2194631291074738,0.22388791719506315
490,0.27,0.0,0.24101925262011484,,1.0,0.2184360556036417,0.278359595071162,0.2788573808298446,0.22903092000392347,0.22148904995050964
491,0.28,0.0,-0.7886288090583383,,1.0,0.2693749985466182,0.2875268911039254,0.32401197751174204,0.21539655775306005,0.3071067807204824
492,0.28,0.0,-1.133831949697181,,1.0,0.17313388798177917,0.3007023817403527,0.2918914645138738,0.24792527737862347,0.2848901306920428
493,0.28,0.0,-1.3246132888951947,,1.0,0.2990026107566454,0.28084597263455524,0.2802796439559575,0.293228557604586,0.27406072297847167
494,0.28,0.0,-1.3445677153885016,,1.0,0.18538620115104695,0.26863663737694154,0.2514313103054804,0.3128180743133917,0.2514178473911455
495,0.28,0.0,-0.2937410750231243,,1.0,0.18186475401595711,0.2501750910776773,0.24204673285138598,0.17756505813409781,0.027605290019525865
496,0.28,0.0,-0.5263600440320478,,1.0,0.376107329047007,0.2678978714557395,0.28097891265578784,0.295934790553754,0.29142317279765556
497,0.3,0.0,-0.7169835451112835,,1.0,0.289679013791187,-0.18394796592781473,0.2806036991762225,0.30918418217702975,0.26530196506789466
498,0.3,0.0,-0.6050667236612932,,1.0,0.3477630504360395,0.3028705055902154,0.3121733367082115,0.31387558085267075,0.30238165226934033
499,0.3,0.0,-0.8469515744337387,,1.0,0.20353877602114356,0.2693914525823788,0.2810030620480631,0.24192737358992403,0.2724954360922292
500,0.3,0.0,-0.7896950967341341,,0.0,0.24863950961918055,0.2749554881911087,0.26455609276935727,-0.1693365420929645,0.24194215801063926
501,0.3,0.0,-0.3354550382449012,,0.0,0.21078521153179094,0.3173319742488197,0.2915863919614144,0.2912986980904103,0.30786900910335724
502,0.3,0.0,-0.8194818229772007,,0.0,0.2474336094102908,0.2884804174310153,-0.06784515597264344,0.2640992186023254,0.269636772180725
503,0.3,0.0,0.7539819108339009,,0.0,0.35667339060379366,0.29610262569327944,0.3137244336866849,0.494747299454238,0.41578102241024617
504,0.3,0.0,0.8226976900915703,,0.0,0.24185087015899262,-0.17475701227232035,0.2547300068246713,0.22803485861774025,0.17810141082057832
505,0.3,0.0,0.222156821186664,,1.0,0.3072070963323843,0.29810068081431623,0.3750848171363735,0.3265555251604703,0.31825916927916303
506,0.3,0.0,-0.6147640816505764,,1.0,0.18941529267644264,0.27459929172566006,-0.30584940698972884,0.19786319457902113,0.2335621619423214
507,0.3,0.0,0.1605165075712322,,1.0,0.18181706508120768,0.29626531472099427,0.3127323452209285,0.3037718885217069,0.3464758109245011
508,0.3,0.0,0.11635353902039067,,1.0,0.3099858088656738,0.29331234955897445,0.28831963926051407,0.20593609029160012,0.32352680262645817
509,0.31,0.0,-0.16413809768952345,,1.0,0.3228613839491171,0.5116361023994783,0.32350969830943627,0.3812411037082213,0.3835973446494459
510,0.32,0.0,-0.8621639373658594,,1.0,0.3074201396894645,0.3240505396806789,0.327801586129042,0.22877349518999052,0.3103458360996978
511,0.32,0.0,-1.1184163621058993,,1.0,0.3225885496617134,0.3148662079458908,0.12330989892292457,0.2963890341069204,0.37026396511161375
512,0.32,0.0,-0.7179964591128192,,1.0,0.25189009102158,0.3016621835530131,0.24391533369862797,0.22200502565931501,0.1490474818972326
513,0.32,0.0,-1.4053479687808204,,1.0,0.3539748981753142,0.4466068114623603,0.34617091464581745,0.33285989183612297,0.3825116166210437
514,0.32,0.0,-0.6335534720001379,,1.0,-0.0407844561957346,0.29184220894340956,0.33673094690431493,0.331122916070477,0.3326377204394799
515,0.32,0.0,0.08235757224835347,,1.0,0.17039571466654477,0.2745955419310328,-0.3494827631477033,0.15446129589859,0.17760080056281097
516,0.32,0.0,-1.381647879885029,,1.0,0.23321136949495436,0.2985842244839314,0.2961502324004003,0.22284014707857863,0.12415640656361654
517,0.33,0.0,-0.8795921188392359,,1.0,0.22609157137529137,0.2687158629145339,-0.2676656608681573,0.2599984088272895,0.21985147385607415
518,0.33,0.0,-1.2800421716731893,,1.0,0.2304207815571855,0.3335257155138623,0.315736057676328,0.34976548689763987,0.3408217130500205
519,0.33,0.0,-1.041419371101505,,1.0,0.30380601331929435,0.3242597511191176,0.30692825633738063,0.22362926247120066,0.3113611968496755
520,0.34,0.0,-1.0783255619705845,,1.0,0.39956092470990096,0.33582971252267474,0.353522354567655,0.3428758367864409,0.46516956428786216
521,0.35,0.0,-1.902492669514552,,1.0,0.3536822208066457,0.33881509372750024,0.3516523612466538,0.2952925216623774,0.3508810137875048
522,0.35,0.0,-0.8543060803973052,,1.0,0.20849382243904654,-0.672944011505324,0.258754825520854,0.24107588061165613,0.16480568754894262
523,0.35,0.0,-0.15919836507963844,,1.0,0.33616525217767385,0.3517059610575002,0.33584608243964253,0.26859841349949864,0.30627888726528085
524,0.36,0.0,-0.24978644670951436,,1.0,0.21006378047585617,0.3091268369764511,-0.9390866358245349,0.2694584419285723,0.1879107895834306
525,0.36,0.0,-0.7679908413183225,,1.0,0.2753312103697316,0.33798595773832363,0.05228598943767827,0.3421069724910249,0.2907349378207716
526,0.36,0.0,-1.1742307726965093,,1.0,0.3910670623338369,0.3407523596367735,0.392548016533322,0.43013954155215967,0.39500994407487994
527,0.36,0.0,-1.267936565335749,,1.0,0.4263523390437447,0.4297227505718967,0.39249231568573995,0.40231969392410455,0.42140401680771356
528,0.36,0.0,-0.511188123910895,,1.0,0.355058950998022,0.35555890248841454,0.20702484565522358,0.381521980252422,0.38141774975551745
529,0.36,0.0,-0.17826190722091786,,1.0,0.3055363148962457,0.0500433859184677,0.29270974646225584,0.2665654388824925,0.2467536273494341
530,0.37,0.0,-0.07731028172470097,,1.0,-0.4335220940353471,0.33307006287397134,0.2997754563330073,0.3201391416970625,0.22046235586184873
531,0.37,0.0,-0.7975439715513634,,1.0,0.37964467164024324,0.37536195153942953,0.3931310031987926,0.408219277435926,0.3423909839504936
532,0.38,0.0,-1.3726409497440546,,1.0,0.2917374709948488,-0.07855395399715102,0.36998120722041417,0.2918867648148466,0.31942189926822917
533,0.38,0.0,-0.46145383004441326,,1.0,0.3751276216218437,0.35474608349869186,-0.12864408831448707,0.28503652866022955,0.20858398175868328
534,0.38,0.0,-0.26920771394701387,,1.0,0.33645900213465213,0.37063734291438943,0.2993491473497377,-0.12777834212994965,0.33359531744735055
535,0.38,0.0,-0.5704260636599734,,0.0,0.2769539262425869,0.33743760244483406,-0.08313402180042401,0.2985034407673698,0.29942005493851903
536,0.39,0.0,0.07312150776054714,,1.0,0.1229438741190242,0.41421619956405975,0.43139105954620705,0.4664609869720027,0.4223372539085339
537,0.39,0.0,-0.2573491686507549,,1.0,0.39761058855325937,0.39210493417685716,0.4529414643455383,0.47484440383968846,0.4675043658961995
538,0.39,0.0,0.017836578504225757,,1.0,0.4202846586762965,0.5487643001988369,0.4468143569864393,0.4087489250108903,0.4764666962465669
539,0.39,0.0,0.12871415564015737,,1.0,0.3601580014759629,0.3768646377243311,0.41112061438301556,0.2545123155796625,0.38178469317233993
540,0.39,0.0,-0.07520449197343239,,1.0,0.4781543128550563,0.45459165002776314,0.7894640288560546,0.5241642779134309,0.5170392573183364
541,0.39,0.0,-0.688842120509321,,1.0,0.45304614817707867,0.4044922068120016,0.4484292124880873,0.43107717792492906,0.6603044216969001
542,0.39,0.0,-0.7084516105457555,,1.0,0.415485920398846,0.39093497049380904,0.4596646649400105,0.447490653910479,0.4240468113000416
543,0.4,0.0,-0.8691706726262992,,1.0,0.3233282392221663,0.34243460206476106,0.3630865300128423,0.34125961170715463,0.34176115545160446
544,0.4,0.0,-1.355173033244404,,1.0,0.38059231381610864,0.3989789891600742,0.08524322761153423,0.32982985826797323,0.40263311342455227
545,0.4,0.0,-0.022461058871848627,,1.0,0.38320790389379245,0.38821591630503205,0.381149509461839,0.3752061762764582,0.21805604719285587
546,0.4,0.0,-0.9903720563787509,,1.0,0.324892242923662,0.373024897717659,0.38955962219352597,0.43072880393070995,0.31261598148289144
547,0.4,0.0,-0.11496784566687127,,1.0,0.3613744430934738,0.3692990169975329,0.3597267978786939,0.1989296631959789,0.30117315579152953
548,0.4,0.0,-0.07885365282581963,,1.0,0.3805912877226812,0.347328991930561,0.3882190271897013,0.4128042271510156,0.3997070294287126
549,0.4,0.0,-0.5864178377461873,,1.0,0.0192193064228705,0.3899388999648492,0.38651986577817515,0.4096253544138579,0.4263216662709557
550,0.4,0.0,-0.8544165253687335,,1.0,0.3297903138838358,0.3955584429481704,0.3563036021469184,0.43450066220609773,0.40448613681414863
551,0.4,0.0,-0.9158634336130528,,1.0,0.02953902217888206,0.36814031812510134,0.33972167172567325,0.29581526476099707,0.24164682457952932
552,0.4,0.0,-0.386724557595388,,1.0,0.35781934105517266,0.3792542632332835,0.23292239108194948,0.36624772971543573,0.2884013358675332
553,0.4,0.0,-0.2529873364843542,,1.0,0.3593290612233306,0.38013849842705544,0.35749351957626596,0.3517044121533199,0.17811751835407894
554,0.4,0.0,-0.45692378419727187,,1.0,0.22279006568926735,0.38742128096995,0.3635242134531869,0.24742336918130514,0.35412364827082876
555,0.4,0.0,-0.7504826456929793,,1.0,0.45359655805119314,0.4210835688382104,0.8834900967399542,0.49744056084514376,0.48126244614263297
556,0.41,0.0,0.3096941959930948,,1.0,0.5287018314195525,0.4444271925981407,0.45701546091269096,0.5885322926189666,0.4961959291943155
557,0.41,0.0,-0.38852402031256905,,1.0,-0.6304486985703575,0.3637757962185227,0.36420814320670175,0.3526668502717083,0.28164245592689335
558,0.41,0.0,-0.8393770618524237,,1.0,0.5167640054307454,0.4254831872224483,0.4410794201432999,0.4471824049473385,0.5134901740809701
559,0.42,0.0,-0.9230977422591099,,1.0,0.38392588337245703,0.3848635181850167,0.4057988112348667,0.2996486910052306,0.39305550246452836
560,0.42,0.0,-1.0852785794843767,,1.0,0.27381164865078833,0.4075372290135258,-0.10056039231851073,0.3931496866288842,0.2599715261395286
561,0.42,0.0,-1.3409107654704995,,1.0,0.41645750648819446,0.45931514283646563,0.4131290971930823,0.36374927163460613,0.4250039463176127
562,0.42,0.0,-0.831215749824817,,1.0,0.38638196300502226,0.12187814857918845,0.43470304110712804,0.4074492658532433,0.41228669176976557
563,0.42,0.0,-0.09396825824197377,,1.0,0.4226854688870896,0.4300426283418581,0.45304257603495607,0.412876872949793,0.37276394933482043
564,0.43,0.0,-1.4942805580554326,,1.0,0.5928049343025414,0.4335765001746453,0.43490284520213107,0.49689888695507256,0.4081520778555166
565,0.43,0.0,0.16348696217184872,,1.0,-0.2548034773888026,0.39006128370120186,0.4085132951179332,0.3675160319114668,0.36193030665639186
566,0.43,0.0,-0.4870797889128125,,1.0,-0.31132460389103533,0.436747325332956,0.42153818357633716,0.3862306775531987,0.3440696676960555
567,0.43,0.0,-0.850101686010055,,1.0,0.429275323652519,0.42989792915518055,0.45470847938111736,0.4661634660416189,0.6454238113457478
568,0.44,0.0,-1.305473189771327,,1.0,0.4781415441403015,0.45772553960256296,0.42534759751557377,0.06484497100604707,0.4660477321538966
569,0.44,0.0,-1.0059910188563053,,1.0,0.42979983662333654,0.43247034616538227,0.4335059728733783,0.42593734194663796,-0.2311995372748844
570,0.44,0.0,-1.39081266341554,,1.0,0.35965695753917754,-0.08209069201118172,0.389866865198848,0.41490584816344955,0.3655763042364461
571,0.45,0.0,-1.0441639678978731,,0.0,0.292082089258282,0.40982076490735253,0.3803634591812692,0.06350361443253863,0.33408867388256075
572,0.45,0.0,0.44260976257871965,,1.0,0.28874869135131215,0.41825448248231695,0.3805830198874356,0.42433670375961574,0.4000281928858191
573,0.46,0.0,-0.4859901771587956,,1.0,0.48470924150335076,0.460872484514827,0.46066218907911016,0.40227310261265947,0.4244441486380492
574,0.46,0.0,-0.7189869524970957,,1.0,-0.01000933182901221,0.3955701003952157,0.3230960157797025,0.3114712572579265,0.1954488859987222
575,0.47,0.0,-0.026410046151873055,,0.0,0.4690122160656812,0.44867395351534634,0.4626815618138094,0.42166463988847125,0.4862142510030096
576,0.48,0.0,-0.021363506055573685,,0.0,-0.5509397473775002,0.46638384615930745,0.44702703949456224,0.4064324638423988,0.4246703462382492
577,0.48,0.0,-0.1275364725494271,,0.0,0.5160501700490989,0.4893279960136997,0.48867046964910754,0.5085407681499524,0.5475753005663132
578,0.48,0.0,-0.9531468346334305,,0.0,0.45458135331418204,0.471691113978114,0.4724016553100812,0.4304647343498502,0.37851871147654353
579,0.48,0.0,0.12883040523869033,,0.0,-0.14427446755785717,0.45127590284273544,0.43575068908898507,0.40897419572938015,0.34937601999469503
580,0.48,0.0,0.2369727233970352,,0.0,0.33879843945256854,0.4172152595167095,-0.06893057761972253,0.3258286058370414,0.29158920548668155
581,0.49,0.0,0.37480312414340117,,0.0,0.4894564052236258,0.49053549324797496,0.4740092293096722,0.4611863409630092,0.44594345903335836
582,0.49,0.0,-0.27321755022528804,,0.0,0.42464004323253113,0.4410564133503243,0.4218264281954119,-0.046715986254474394,0.3748938694945225
583,0.5,0.0,0.2192337068355079,,0.0,0.7241803622480721,0.5096894045496481,0.5309258857241328,0.5557852510173316,0.5399207692019549
584,0.5,0.0,-0.1937931672165437,,0.0,0.38833220249697314,0.45249145798934526,0.3960092896041697,0.3792906827649148,-0.2397603868332212
585,0.5,0.0,-0.2772434848446443,,0.0,0.5520493315880722,0.5259382154491443,0.5379204645371112,0.5969253355295682,0.727045403229938
586,0.5,0.0,0.17053556550544158,,0.0,0.4663836182994229,0.5145857940759543,0.49192916570403844,0.7921434484130331,0.5448354930309454
587,0.5,0.0,-0.19352177124935185,,0.0,0.46699398818184856,0.3289849147846329,0.4702604735960517,0.44855115135568563,0.33887389869148504
588,0.5,0.0,-0.2812349819781563,,0.0,0.5077434250939679,0.49844426116646984,0.49215870288053004,0.49789502601594016,0.441820778011768
589,0.51,0.0,-0.7631307522197511,,0.0,0.4679310330923679,0.48482678441948507,0.48006035735301356,0.4682649526062668,0.16546598782191305
590,0.51,0.0,-0.9614147505651027,,1.0,0.2006475236222324,0.4912989418509283,0.485065487303334,0.4763569530840598,0.5366775532027983
591,0.52,0.0,-0.5397565986410902,,0.0,0.6715468641198443,0.8244113328616807,0.6199534493160851,0.5971287578199173,0.7055076045799383
592,0.52,0.0,0.7357208275288671,,0.0,0.5129038257891708,0.5031073110145339,0.491325696365266,0.4975525409621716,0.3098423613622187
593,0.52,0.0,-0.08838761646345257,,0.0,0.480801264568064,0.5179712004915407,0.39979381155056326,0.45915916389806744,0.4687758390820822
594,0.53,0.0,-0.7185266860289543,,0.0,0.39091227736463124,0.5063010898522038,0.4771831366666944,0.43378451361404047,-0.031887146185483516
595,0.55,0.0,-1.2292308496683277,,0.0,0.08778118740749594,0.48544042680221294,0.3683218997048915,0.40924623151082373,0.31016145132929707
596,0.55,0.0,-0.6884148268798441,,0.0,0.4519725997841374,0.5287837311125718,0.544586111239101,0.49858406590277216,0.5445821159091996
597,0.55,0.0,-0.6525002460833306,,0.0,0.41016054042740735,0.5180323031686916,0.2488823675975659,0.45844448895776985,0.44044496228387675
598,0.55,0.0,-0.1842154663106071,,1.0,0.28536116199478817,0.5155099950564936,0.5144614410970275,0.5311616046540626,0.4726054160420613
599,0.55,0.0,-1.3576841156784873,,0.0,0.42496830785391676,0.367787384887495,0.502568286588826,0.4806451723548374,0.4623541522138255
600,0.56,0.0,0.33289409723626,,0.0,0.48803732525509375,0.5312968058619264,0.5471032236423021,0.5331414690995054,0.5402849755158546
601,0.56,0.0,-0.2977914336047529,,0.0,0.5502537177180004,0.5555416989392238,0.16151417995593406,0.5728166490876998,0.5277638983619619
602,0.56,0.0,-0.22512601896685622,,0.0,0.435541424563321,-0.3894003689279105,0.4926759694603946,0.46834640307918124,0.380023145753731
603,0.56,0.0,-0.8208491761663638,,1.0,-0.34248571611980433,0.5273492700926924,0.48989680939175906,0.502450769317345,0.43080000767766846
604,0.56,0.0,-0.6452081704495229,,0.0,0.5531678136017495,0.5872353703561255,0.5941104254762273,0.5295630495798647,0.5399213203558937
605,0.57,0.0,-1.2973813919758452,,0.0,0.6195711408503004,0.9403152117932366,0.6215298145961404,0.6503380180018461,0.6164723064825246
606,0.57,0.0,1.1571040211286534,,1.0,0.5313853535593395,0.5595269834120077,0.25219466642064875,0.53499828526985,0.5065011619599793
607,0.57,0.0,-0.4891989557306253,,0.0,0.5358645720228081,0.5144783970506761,0.5453223257244812,0.31823388718936174,0.5307108041395214
608,0.57,0.0,0.11019096891586418,,0.0,0.5495634758130594,0.5838403705232473,0.56451470484495,0.5803637151706554,0.45241687466910285
609,0.57,0.0,-0.5296512610150376,,1.0,0.5476538628143726,0.5535583325989623,0.5410214724286745,0.5245153491279243,0.3821213451258267
610,0.57,0.0,-1.087936000744274,,1.0,0.500107632337855,0.5351859907211558,0.5100013709574522,0.5286814372313379,-0.5658342135369769
611,0.58,0.0,-0.008970538875410711,,1.0,0.565353409655982,0.21785815540147166,0.5447123559182185,0.5294257771689858,0.4748940309009515
612,0.58,0.0,-0.4243034729269555,,1.0,0.5164574685031453,0.5575201323563008,0.5330061321143239,0.5436150919299799,0.0964066416151138
613,0.59,0.0,-0.3381720642100491,,1.0,0.5913848500016364,0.6038023921632434,0.5666373015574887,0.5623622444493228,0.3355563803843172
614,0.6,0.0,-0.5805116095214092,,1.0,0.5667344754678592,0.5884547849476266,0.560788036235348,0.5653436364542977,0.586801483680748
615,0.6,0.0,-0.8284884971425956,,1.0,0.5691471241800098,0.5868973183798156,0.5433233728454064,0.09304136773360577,0.5409002696662685
616,0.6,0.0,-0.7008569172800861,,1.0,1.1844708232340402,0.613260770752899,0.6950215738628521,0.7345862036959029,0.7685546901125088
617,0.6,0.0,1.1672383782893188,,0.0,0.4475717286764239,0.5292154315424241,-0.14480016768362128,0.41286743294915845,0.37025597128525173
618,0.6,0.0,-0.36532651791919973,,1.0,0.5412848166100946,0.5831207476326298,0.5663824851159367,-0.05513141566612876,0.524664177078097
619,0.6,0.0,-0.7432725009026685,,1.0,0.5286936242703998,0.573589822408254,0.5683923736831201,0.4667380036900466,-0.13743440912604352
620,0.6,0.0,-0.7438514280822952,,1.0,0.62192545475741,0.49090926856505374,0.5960396379657998,0.6211899785808995,0.5723512573910661
621,0.6,0.0,0.6949191969436169,,1.0,0.5454780719468142,0.46235338057934033,0.5962031120098854,0.4597878929088094,0.613424853175353
622,0.6,0.0,-1.033814630048859,,1.0,0.562357421747025,0.5853367321848498,0.5628735891862825,-0.07114545516106166,0.5484772549554089
623,0.6,0.0,0.462542189733179,,0.0,0.5852665712816143,0.5832894788979059,0.5211156049631965,0.551947447809133,0.6043901812843289
624,0.6,0.0,-1.083841450566868,-2.69,1.0,0.5059394911399295,-0.04536356356431318,0.5285550191693661,0.49246173363642426,0.4615152953894399
625,0.61,0.0,-0.7738856439436107,-2.15,1.0,0.7578373903237824,0.8505760926666327,0.7077312274027511,0.6680409726293436,0.6861471570825021
626,0.61,0.0,-0.8027440776360609,-2.09,1.0,0.49971773589476615,0.525031441356468,-0.3589729570562496,0.5247972688096347,0.4562577301879717
627,0.61,0.0,-1.2426406136815018,-1.9,1.0,0.4189781688126522,0.5514135174987211,0.49415167571969065,0.5445344368666005,-0.22471367710074158
628,0.62,0.0,-1.5745684332181635,-1.82,1.0,0.6155671912136187,0.3507816698171388,0.6031556250933786,0.5901452245872267,0.5451945925992864
629,0.62,0.0,-0.10392562325788723,-1.7,1.0,0.6309140957136051,0.6083160396533019,0.5960811234129287,0.5582532695638174,0.25105343894892945
630,0.63,0.0,-0.8708684062121335,-1.7,1.0,0.6425515558136445,0.6357435045908508,0.6196063515516194,0.6594576176865942,0.6139803283108538
631,0.63,0.0,-1.1657885340196799,-1.54,1.0,0.4551728326151105,-0.6286540837108714,0.5473530046405403,0.502052594617245,0.40194224768117354
632,0.63,0.0,-0.5480793387810038,-1.48,1.0,0.6166060120372994,0.61504953470652,0.6343483590777772,0.7726947063523294,0.6218805139811615
633,0.64,0.0,-0.28254129222164265,-1.42,1.0,0.6877045657998802,0.6351928036940909,0.650631197354509,0.6782658954278131,0.7527052153461911
634,0.64,0.0,-1.3244916375171996,-1.4,1.0,0.6921544595705094,0.6507891235636666,0.7477904508999019,0.7176525407976796,0.664139343641063
635,0.64,0.0,-0.5650578156292028,-1.4,1.0,0.5687981212697947,0.6061594942318161,0.6253626361181026,0.29969713492538175,0.5582220642933703
636,0.64,0.0,-1.3004823119228102,-1.34,1.0,0.664271223603634,0.6441427798251517,0.628939883418621,0.6614539302835615,0.6525006224269554
637,0.65,0.0,-1.2245935538438293,-1.3,1.0,0.595254504574145,0.6591940560304584,0.6602339620410356,0.5834064365919577,0.47984699303771666
638,0.66,0.0,-0.7744615105951039,-1.3,1.0,0.6701735775650501,0.6508677627887669,0.7539453388797988,0.7097901660307172,0.6425668366731762
639,0.69,0.0,-0.4404376680024721,-1.3,1.0,0.5636214676110566,0.12570610444145122,0.6239756152240331,0.5629774460226332,0.6610487783054901
640,0.7,0.0,-0.05984139694538448,-1.3,1.0,0.6835189142867794,0.10333017537363894,0.658632810306401,0.675715858373168,0.6532471015777173
641,0.7,0.0,-0.5209584283012729,-1.26,1.0,0.6226401325160521,0.6891618630178749,0.6281117994830252,0.6686287984397159,0.6532518440558095
642,0.7,0.0,-1.1578360308558584,-1.12,1.0,0.5993594660026507,0.6475255454544978,0.6239448996285314,0.16022811189033673,0.571408730942173
643,0.7,0.0,-0.9155625035634618,-1.11,1.0,0.2655334141343115,0.6453972085261355,0.6303218552126184,0.6225843237862065,0.6306726929023846
644,0.7,0.0,-0.19716006048714008,-1.04,1.0,0.5414403052380381,-0.6142248352798244,0.5987335454406908,0.5983974599854921,0.468893731453047
645,0.7,0.0,-0.8732498981103012,-1.0,0.0,0.7439853498128275,0.7083447729774963,0.8350275820162736,0.7413925374343966,0.697771701026308
646,0.7,0.0,-0.7568373437359124,-1.0,0.0,0.6523370786869245,0.3111639485173798,0.6840032708548628,0.6898809882320985,0.6940825991622805
647,0.71,0.0,-0.7837442890576902,-0.92,0.0,0.591340513053744,0.7244419265759736,0.7179697030673698,0.6946601213808749,0.09778058009208998
648,0.72,0.0,-1.1235425422672107,-0.9,0.0,0.8006390627950161,0.7286485324078248,0.9383268047361528,0.7889555073062892,0.7822215449134271
649,0.74,0.0,-0.7652201724396142,-0.89,0.0,0.7873040918246604,0.7797907576333486,0.7601559620025355,0.7997485697930972,0.8256985107475379
650,0.74,0.0,-0.18377935328684722,-0.8,0.0,0.733484555581767,0.7314829831388536,0.725847589520131,0.6534229166734318,0.6895711576657532
651,0.74,0.0,-1.3426312065615862,-0.8,0.0,0.7075569247337575,0.7226993976139184,0.5382435244574392,0.6432081554837533,0.6610930606527674
652,0.74,0.0,-0.8141623345296636,-0.8,0.0,0.4921199442661703,0.6840179819392056,-0.24450052663451227,0.6826618299616303,0.5176874086693255
653,0.77,0.0,-0.924603172766606,-0.8,0.0,0.2470543699251979,0.7325924919420469,0.7587790629563278,0.6352527408228528,0.7435123307222059
654,0.77,0.0,-0.3843663956323146,-0.79,0.0,0.724934571857571,0.9494373822193594,0.762041305538052,0.7596568905920504,0.7401199430531415
655,0.77,0.0,-0.47315875248732947,-0.7,0.0,0.654171077137416,0.4016399087177225,0.7277304411935858,0.6467015458251213,0.6896789924073291
656,0.78,0.0,-0.5591395050710428,-0.67,0.0,0.7577439530183022,0.7663714108443525,0.7496531541134618,0.7043326708153564,0.7795745823467446
657,0.78,0.0,-0.6984981525907739,-0.66,0.0,0.7692662398711645,0.745435875012131,0.37008430366285505,0.7349952154125455,0.6551797996576499
658,0.78,0.0,0.01219019629979955,-0.66,0.0,0.6948601849530925,0.7690389128090016,0.27365174232551864,0.7299156459453121,0.6740518672825389
659,0.79,0.0,-0.9287658879051258,-0.63,0.0,0.7013055087492464,0.34823958858150267,0.7861438879460475,0.7390988198535202,0.6884203466031276
660,0.8,0.0,-0.5034667150208049,-0.6,0.0,0.7444588437062428,0.6624017158378661,0.8118025228421047,0.757826501597599,0.7876258558916597
661,0.8,0.0,-0.09219521054173015,-0.59,0.0,0.8080533004053919,0.8107065084236698,0.7965786775643797,0.8164037573088688,0.7825335226570499
662,0.8,0.0,-0.21063633076398225,-0.59,0.0,0.7107865009438098,0.6874088901086395,0.7614547209150948,0.8128467703394192,0.8030504532296281
663,0.8,0.0,-0.3791357563861782,-0.54,0.0,0.8469529103426565,0.8237768582214117,0.8125828724853027,0.8679947842656934,0.8140362598504857
664,0.8,0.0,-0.12058474469186846,-0.52,0.0,0.8195262903638579,0.8032298098099322,0.8260573825661034,0.7100782882819991,0.8005781252036756
665,0.8,0.0,-0.5379340756879312,-0.52,0.0,0.8896080442559743,0.81890228112622,0.8104598136132312,0.8784621387081378,0.8505519573962527
666,0.81,0.0,-0.029572344464514014,-0.51,0.0,0.6220314607931432,0.7367864130369552,-0.45992280090123927,0.673071102062724,0.6365253543988982
667,0.81,0.0,-0.4961980087400643,-0.5,0.0,0.2405753204285342,0.7794786208944634,0.7852741040574278,0.7630946145336066,0.6865798990712113
668,0.81,0.0,-0.6656180315332805,-0.5,0.0,0.6489077026092023,0.7507574715178484,0.08819089805960058,0.7448894877296433,0.577630180022326
669,0.82,0.0,0.014658398470260826,-0.47,0.0,0.7553103183458646,0.8261508344139645,0.8093576590763771,0.7750396443507079,0.6611390699711287
670,0.83,0.0,-0.37885853997313484,-0.43,0.0,0.33694580823294196,0.8054018275842924,0.8091834697492606,0.8260071984835367,0.7313833127049111
671,0.83,0.0,-1.1881991802052565,-0.42,0.0,0.8102878664705057,0.4974852390497918,0.8264845830187142,0.7761764147387461,0.8457600694386588
672,0.83,0.0,-1.1111942732122992,-0.42,0.0,0.7973585591205097,0.8153989816079122,0.8076114843696169,0.7993575787432684,0.8057804903571573
673,0.83,0.0,-0.4341580550435871,-0.4,0.0,0.9129730023434712,0.851646608017093,0.8466227741157133,0.8690258994661209,1.0137941024104427
674,0.83,0.0,-0.9917080634003698,-0.4,0.0,0.7325107318911629,0.11076516789998629,0.7975779569133047,0.7113637213031128,0.6832004548338168
675,0.85,0.0,-1.0610164683472965,-0.4,0.0,0.7070748054723265,0.8175466574712777,0.7982704824835297,0.2936660292095078,0.7333974841498418
676,0.85,0.0,-0.0017305378224195772,-0.39,0.0,0.880347154333667,0.8601852866763342,0.8411561940758705,0.4556368079934705,0.8843905207230018
677,0.86,0.0,0.33924320434173394,-0.37,0.0,0.811202157280351,0.8696508347741663,0.8046324019302677,0.8311098160742495,0.8050774568453327
678,0.86,0.0,-0.0046866472355291304,-0.34,0.0,0.8860147993911854,0.8884341461584365,0.9138887451189565,0.8900704925148862,0.9056250614960024
679,0.86,0.0,-0.17087189409724973,-0.34,0.0,0.9148606048539163,0.8816264899665485,0.8884008924268716,0.9424345966126746,0.9105223960873386
680,0.87,0.0,-0.5047658004989766,-0.32,0.0,0.6944003476364617,0.8539577456498106,0.8328114267284817,0.8257882696660256,0.7885241104803438
681,0.88,0.0,-0.09725690103669633,-0.32,0.0,0.7870622034216822,0.8351947350595715,0.024531740732926067,0.7622239360259602,0.7103381105202705
682,0.88,0.0,-0.463182840392708,-0.31,0.0,0.727883782884268,0.8449059155569645,0.8254771613281904,0.6234000740302875,0.7636493521016767
683,0.88,0.0,-0.01655450354701222,-0.3,0.0,0.10770557832936338,0.7806369087380859,0.7159252505640126,0.7773152387758753,0.6228463703466456
684,0.88,0.0,-0.31233665704455843,-0.3,0.0,0.8101638687615667,0.8575796746709358,0.483470200713231,0.8562990567441041,0.8506076739713656
685,0.89,0.0,-0.3285819259002281,-0.27,0.0,0.3938029285122328,0.862418972634009,0.8093603583569942,0.7633963015751057,0.7860870142377067
686,0.89,0.0,-0.314790275949826,-0.24,0.0,0.48952466942937106,0.8479756384486075,0.8234067436490866,0.8193267137616032,0.8486750108978838
687,0.9,0.0,0.05407388021325093,-0.24,0.0,0.6267569976599423,0.8852554803083487,0.8784253493081241,0.837315047966327,0.8964631500226109
688,0.9,0.0,-0.4524612781996541,-0.18,0.0,0.966525694317332,0.9327702555920785,0.8641528647761624,0.939381624116633,0.9145564501578041
689,0.9,0.0,-0.6314651523528184,-0.18,0.0,0.8647156155685652,0.9134943507959943,0.9049937109343975,0.8701458980763617,0.9081856557725382
690,0.9,0.0,-0.14266973232466534,-0.17,0.0,0.729845953218237,0.8420401372581281,0.8448575904501054,0.7879914702436654,0.7889171197719942
691,0.9,0.0,-0.5852418852814555,-0.16,0.0,0.8362569818813956,0.8647111878405249,0.8708117624620197,0.8481088886752637,0.7657052229952831
692,0.9,0.0,-0.1291953891436788,-0.15,0.0,0.8209285140782947,0.8868033360918969,0.9362800365300021,0.8535169678495984,0.8461580024309411
693,0.9,0.0,-0.2473373895214675,-0.14,0.0,0.9524102064220915,0.9223037327858236,0.9143268417587201,0.8740288534726177,0.8440523536296906
694,0.9,0.0,-0.16521141931824887,-0.13,0.0,0.6481916974219626,0.7608483716874846,0.7695708978694872,-0.0915064025952725,0.561315008143355
695,0.9,0.0,-0.06191728100082326,-0.1,0.0,0.8334103346044355,0.8908954414066775,0.8846296342424028,0.8786148297203962,0.7056226066640796
696,0.9,0.0,-0.31431187552260226,-0.1,0.0,0.8018047921452913,0.3147778695500838,0.8470843519807429,0.8588958832361476,0.7573734891117103
697,0.9,0.0,-0.36181811512293166,-0.1,0.0,0.8460397204506593,0.4894421323589212,0.8827714215735462,0.8357847820779615,0.8473711428478871
698,0.92,0.0,-0.08133138726472484,-0.06,0.0,0.8725338338700943,0.9131624471754705,0.7546370994312513,0.9142497443338018,0.8790696105003267
699,0.92,0.0,-0.17159892434039134,-0.05,0.0,0.7016277939123696,0.8045066324445703,0.8202377054595594,-0.7074343871758948,0.7073766938471012
700,0.93,0.0,-0.3434637407669591,-0.05,0.0,0.8504074685786404,0.8890997922483378,0.8685573785151932,0.8577314002927305,0.3807229852685119
701,0.96,0.0,-0.09640899094282847,-0.04,0.0,0.849360112072979,0.8990383566022667,0.7780190346892261,0.8366878818192073,0.8503891039609115
702,0.96,0.0,0.23211633794692402,-0.03,0.0,0.9351439940453431,1.0199257098204952,0.9723678413651876,0.9565577584409916,0.8667224654215965
703,0.97,0.0,-0.043680812533415776,-0.02,0.0,0.9338684776910167,0.9617675788981149,0.9749391115543997,0.6408715559393267,0.9418143084335688
704,0.98,0.0,-0.2565657422802943,-0.01,0.0,0.8926209678039996,0.955874538299695,0.9044316842436588,0.9125750157619811,0.8911488836986188
705,0.98,0.0,-0.34869274835900604,0.0,0.0,0.9050718241949938,0.9733711182238461,0.9375196794913114,0.8754647194437946,0.6489175246840645
706,0.98,0.0,-1.2542720993898786,0.0,0.0,1.021645949547665,0.9590429172278085,1.0046745042176815,1.0105893520418463,1.0253058848701133
707,0.99,0.0,-0.7859868075890485,0.0,0.0,0.9693408954417398,0.9657889202508322,0.9742387440781681,1.0182964143030997,0.9620137580309381
708,0.99,0.0,-0.11652589785478618,0.02,0.0,0.9514818833413629,0.967484818893946,0.974961419180185,0.9784225964123706,0.9560336150529817
709,1.0,0.0,0.19305405416149093,0.02,0.0,0.7477858512708153,0.9464212478013042,0.8684140942666407,-0.36649699544578346,0.6829472094014487
710,1.0,0.0,0.53353437633253,0.02,0.0,0.8618262836957665,0.9584053930814569,0.9889744752200559,0.9607915355778934,0.9162748080416168
711,1.0,0.0,0.019390675665348033,0.04,0.0,0.8896773147962206,0.9517059420121161,0.9303695161037088,0.8691132979035457,0.10704653973450615
712,1.0,0.0,0.21427045350709398,0.09,0.0,0.9287462954135437,0.9712894796263489,0.9275497866692994,0.8990741734727056,0.5757378965405606
713,1.0,0.0,-0.5354755636471704,0.1,0.0,0.902871153146795,1.021017182602104,1.00229509799711,0.9771271936388588,0.9656518665496349
714,1.0,0.0,0.03587065788668569,0.11,0.0,0.9531450536449311,0.9753217976954917,0.7697139852216353,0.912901782469954,0.923563234379232
715,1.0,0.0,0.18809207740103567,0.12,0.0,0.9014956737194256,0.9688720759150908,0.9809338328753866,0.22196922237118527,0.9478315970464426
716,1.0,0.0,-0.0007260274284852269,0.13,0.0,0.031017425089946992,0.9506549776953566,0.9360443781529464,0.8827470227783787,0.8577467829457345
717,1.01,0.0,0.3226581309962133,0.16,0.0,1.0809690741064935,1.0548041872585572,1.2862495413963324,1.0646510067553983,1.1164167283644482
718,1.02,0.0,0.4414877312954241,0.17,0.0,0.912484115094733,1.0270471564930472,0.9899351287700673,0.6600776922960432,0.9079909468486648
719,1.03,0.0,-0.03876120766353689,0.19,0.0,0.9304449907047472,1.0074182668187266,0.9719855415815694,0.6735781272795591,0.9550587758493785
720,1.03,0.0,0.21972270127227497,0.2,0.0,0.9692050232755118,0.9951471937020683,1.0004219383556874,0.6914961213648755,0.8860449068524493
721,1.04,0.0,-0.03987248955165047,0.2,0.0,1.0379936379387251,1.0438704194915298,1.0487701113865733,1.0618886316507505,1.046964117000432
722,1.04,0.0,0.1682255855041267,0.2,0.0,1.0575288361133244,1.0551027523186407,1.0218653250691796,0.8250355250294943,1.0633976809560264
723,1.04,0.0,0.2386527471291152,0.2,0.0,0.985751603436506,1.010580121743657,0.031555662960925,1.0016645351133688,0.931959748821676
724,1.06,0.0,-0.14909011690596494,0.23,0.0,1.1307463969289062,1.069555344648108,1.09602385073334,1.0858139596358234,1.0725616768580903
725,1.06,0.0,-0.18394796592781473,0.3,0.0,1.0604918951155522,1.0382018229367782,0.9024850222173127,1.0322256525892113,1.0177248202396072
726,1.06,0.0,0.3028705055902154,0.3,0.0,0.7950748259353311,1.0283219434337616,1.0815827405682021,0.9657554975244415,0.9946135013577101
727,1.07,0.0,-0.17475701227232035,0.3,0.0,0.9873707848987097,1.0627585413001235,1.0265666155857867,0.9504198002704994,0.9166513035845969
728,1.08,0.0,0.5116361023994783,0.31,0.0,0.9943681470685013,1.0332008262598704,1.021910050430724,1.00610722610597,0.6456623027224033
729,1.08,0.0,0.4466068114623603,0.32,0.0,0.9832221492589193,1.0365333032523372,1.018749807588303,0.6158369783490469,0.9476833067796311
730,1.08,0.0,-0.672944011505324,0.35,0.0,0.9701007322385556,0.8658892852099076,1.023291792305655,1.0349473757196928,0.97188534108395
731,1.1,0.0,0.4297227505718967,0.36,0.0,1.078990686696276,0.9216170927830466,1.0595726058713733,1.0633114328171025,1.0238850114889158
732,1.11,0.0,0.0500433859184677,0.36,0.0,0.5537487383490963,1.0810542449186158,1.0449661553259435,1.0299517630416068,1.0129587910395006
733,1.11,0.0,-0.07855395399715102,0.38,0.0,-0.8268312334017369,1.0535848752504178,1.023504915481595,1.0278233832707273,0.9399207690124228
734,1.13,0.0,0.5487643001988369,0.39,0.0,1.0965136556019948,0.471068062661576,1.1017389746144297,1.0932114255880316,1.0631822653411875
735,1.15,0.0,0.347328991930561,0.4,0.0,0.010161424632034254,1.0367623329236355,1.0144784794470267,0.9606088791444253,0.8445831150293486
736,1.2,0.0,0.45931514283646563,0.42,0.0,1.1140050841591285,1.1636421386696325,0.982443469393288,1.1602628696909212,1.0945876893100437
737,1.2,0.0,0.12187814857918845,0.42,0.0,1.0713282918770721,1.1389287176628848,0.523635257715779,1.0265029901346965,1.0198961280542818
738,1.23,0.0,-0.08209069201118172,0.44,0.0,1.1090296124844126,0.7000369611039795,1.183517998497972,1.1275336476446012,1.1206963058611847
739,1.26,0.0,0.44867395351534634,0.47,0.0,0.5739679206595456,1.2219345766146532,1.204264402272945,1.1809869252355605,1.1286162837084726
740,1.3,0.0,0.3289849147846329,0.5,0.0,1.1690169169335376,1.2549243387214852,1.254674732778916,1.1897769869303314,0.6896352117918044
741,1.3,0.0,0.8244113328616807,0.52,0.0,1.2521412377336536,1.2857554493870573,1.324150243814866,0.845887165191409,1.2960156750432847
742,1.3,0.0,0.367787384887495,0.55,0.0,0.777308877973085,1.284932962656484,1.2553896263303153,1.2431686503555917,1.2392070924206884
743,1.3,0.0,-0.3894003689279105,0.56,0.0,1.2210377505216523,1.2531597633547524,1.2367204589149094,1.206578967618366,0.7856953769654974
744,1.32,0.0,0.9403152117932366,0.57,0.0,1.157041983663608,1.2685942197628053,1.2518444454007904,0.5376869907413727,1.130983897019562
745,1.37,0.0,0.21785815540147166,0.58,0.0,1.3477254114678692,0.9229737562801026,1.347234965945781,1.325603771956606,1.2548631262285546
746,1.38,0.0,0.49090926856505374,0.6,0.0,1.3404980982488088,1.3626945055409856,1.0742330823751578,1.3213680380477018,1.2898468859372634
747,1.38,0.0,0.46235338057934033,0.6,0.0,1.3627384950534462,1.383970266266809,1.1217636514865907,1.3572874589488437,1.3405994257830738
748,1.38,0.0,-0.04536356356431318,0.6,0.0,1.3360791862453103,1.3733953597509145,1.3175990973865457,1.3314346457899358,1.1877180888407493
749,1.38,0.0,0.8505760926666327,0.61,0.0,0.3509237738970189,1.3292662108752948,1.3165130074583016,1.3247501372001667,1.2339922376281862
750,1.38,0.0,0.3507816698171388,0.62,0.0,1.0762326562125637,1.3459292765484163,1.3668848736577266,1.2764089387731545,1.3258431071150498
751,1.38,0.0,0.6357435045908508,0.63,0.0,1.3101119376022532,1.0483134473452527,1.3553697112430767,1.3158357714674034,1.3621962694621281
752,1.4,0.0,-0.6286540837108714,0.63,0.0,1.3365786792780696,1.336772603753871,1.3379758110318112,1.2597955628653983,1.1183884427396413
753,1.4,0.0,0.12570610444145122,0.69,0.0,1.3948649218759828,1.404518272360321,1.3935916858536372,1.3639731096334116,1.2026422252419045
754,1.4,0.0,0.10333017537363894,0.7,0.0,1.2793260335991232,0.2790869684471575,1.3603641707407526,1.296855065445962,1.2519165420896987
755,1.44,0.0,-0.6142248352798244,0.7,0.0,1.4112775660559165,1.434904383523652,1.4300701449425566,1.0921062308586744,1.3658684845801055
756,1.48,0.0,0.3111639485173798,0.7,0.0,1.295632538039084,0.534862210611898,1.3930214934016996,1.382825844117494,1.2723855917543243
757,1.5,0.0,0.9494373822193594,0.77,0.0,1.3994317024230307,1.437688082674902,0.6205781301884725,1.4217454239740859,1.4488302976158063
758,1.53,0.0,0.4016399087177225,0.77,0.0,0.7175379745718933,1.4754957551958778,1.460830615157607,1.4190496805142085,1.3416168257381043
759,1.64,0.0,0.34823958858150267,0.79,0.0,1.506490297469547,0.31081098236470733,1.5277902131061614,1.5216089081550501,1.4858459050535928
760,1.7,0.0,0.6624017158378661,0.8,0.0,0.7363270157613006,1.6233775182382055,1.6187020260225042,1.5677484473463117,1.4791984721112617
761,,0.0,0.6874088901086395,0.8,0.0,0.3210576823449011,-0.03201982910597055,0.353144955054686,0.5939043693602248,0.37653665636488387
762,,0.0,0.4974852390497918,0.83,0.0,0.010203722358723239,0.0020938843363875375,0.013430631281160732,-0.030373004932485917,-0.048597313635108996
763,,0.0,0.11076516789998629,0.83,0.0,0.14407405466431136,0.07812395013658599,-0.054057684940684095,0.15844556162342752,-0.06296620183160384
764,,0.0,0.3147778695500838,0.9,0.0,-0.11832860902062198,0.052453349712211716,-0.16402599588022795,-0.25515902906110377,-0.27826824041106635
765,,0.0,0.4894421323589212,0.9,0.0,0.500500262485315,0.3319047774885958,0.4347871771344893,0.591180423953375,0.6789773341736336
766,,0.0,1.0199257098204952,0.96,0.0,0.04954719200560187,0.07702150643647471,-0.09949703235999137,-0.06095900513137254,-0.32367424953240587
767,,0.0,0.9590429172278085,0.98,0.0,0.8190167363426851,0.6317792054326163,1.0373759845001433,0.7601641857567021,0.728733857913893
768,,0.0,0.8658892852099076,1.08,0.0,0.5968742905749757,0.7129229752266957,0.5600678201652328,0.5527791912180402,0.39742960705153924
769,,0.0,0.9216170927830466,1.1,0.0,0.41775727174425203,0.3056858548692634,0.4053113196935651,0.21016588896029215,0.251408436600582
770,,0.0,0.471068062661576,1.13,0.0,0.49324273704494,0.8393067195922452,0.7202647359770283,0.4164554346188986,0.48936614194105604
771,,1.0,0.7000369611039795,1.23,0.0,0.03669835905460379,-0.07970118258633244,-0.05129134046870123,0.05051134191736044,0.11959183944279586
772,,1.0,0.9229737562801026,1.37,0.0,-0.15676186101190986,-0.2424174847866975,-0.14528830422597397,0.020516836772841072,-0.19925779615041303
773,,0.0,1.0483134473452527,1.38,0.0,0.3146808021292415,0.09072022021758828,0.23230396498439043,0.35790575029951077,0.25982199899369446
774,,0.0,0.2790869684471575,1.4,0.0,-0.9496462055014229,-0.8335828499877121,-0.9092198832112284,-0.8853460614739737,-0.7596375599953942
775,,0.0,0.534862210611898,1.48,0.0,-1.1641865422076942,-0.8930624619766121,-0.9901723410724441,-0.5271862642566942,-0.8324357178676597
776,,0.0,0.31081098236470733,1.64,0.0,0.3228019160987579,0.2067995218031578,0.07935919477938724,0.2681625041302334,0.29037138473600665
777,,0.0,0.09072022021758828,,0.0,-0.5569892452663038,-0.9555471789676243,-0.8774275599306209,-0.8703973438364785,-0.5985614588880729
778,,0.0,0.2067995218031578,,0.0,-0.39829989039239777,-0.4408942979586727,-0.34863453729863314,-0.3013487141956474,-0.4711013236090971
779,,0.0,-0.5700979870850352,,0.0,-0.14994077804385336,-0.15620439901762026,-0.015840561997585077,-0.5866802024478358,-0.0717609703143592
780,,1.0,-0.025182901004530137,,1.0,-0.08035510097836895,-0.11410761969865155,0.07203786757558685,-0.7120757827521944,0.0855069612922558
781,,1.0,-0.2135212253865081,,0.0,-1.0083434867073346,-1.3267325691009981,-1.2397506040674093,-1.1508004070522624,-1.2585474022272949
782,,0.0,-0.3480820089621534,,0.0,-0.9135513300874083,-0.7466908964438601,-1.1266167159325469,-0.8641663114970086,-0.7177025050351394
783,,0.0,-0.8502948174348987,,1.0,0.3397114414276711,0.5867790930429451,0.4220747695249459,0.22141989099194015,0.48919920799239797
784,,0.0,0.3257526864894076,,0.0,0.2900182583917881,0.17337727222629137,0.2265753967569427,0.13624308722701026,0.40689411088565536
785,,0.0,-0.4570969768746079,,1.0,0.1600777291596327,0.17436487449914875,0.43231017934055643,0.5807273172348574,0.3852557483226424
786,,0.0,-0.7161723220761858,,0.0,-0.7208277406325974,-0.5849277846445661,-0.2836782647445223,-1.0680128316263306,-0.4267980356427518
787,,0.0,-0.937334974213499,,0.0,-0.5944301505859467,-0.5460952424373559,-0.4753091493181894,-0.659027386762452,-0.25969738824893446
788,,0.0,-1.1380171536266208,,0.0,-0.5556949569702458,-0.5700979870850352,-0.4079277103682165,-0.5742471980487569,-0.2544323180115382
789,,0.0,-1.0695394678024004,,0.0,-0.002892122164312184,-0.6417710161158399,-0.00934780448512034,0.04259531700250434,0.19529292070504406
790,,0.0,-0.9222844038303049,,0.0,0.17068751135474078,0.3007614720862197,0.2788718060422035,-0.45426986883310805,0.10463543802769039
791,,0.0,-0.855743061187803,,0.0,-0.6852603603086451,-0.48511964533949054,-0.35856689352793414,-0.530172250989788,-0.38147592663818203
792,,1.0,-1.2395394764903276,,0.0,0.10885835103829283,-0.039372878689814025,-0.09029458747534909,-0.287581006811165,0.049721230833772376
793,,0.0,-0.39004949028326735,,0.0,0.7637999301665729,-0.7351019811609907,0.6234596949435811,0.7633425762427418,0.8588360805485674
794,,0.0,-0.2672936610785707,,0.0,-0.7434208186328428,-0.5807415272542866,-1.0274631119439477,-0.8544880572792704,-0.7293194285713449
795,,1.0,-0.18082272081710943,,1.0,-0.03634716277368664,-0.025182901004530137,0.0206084478417043,-0.07303305391528093,-0.007360927472372411
796,,0.0,-1.2447273264639764,,0.0,0.1064300489848996,0.2136210198981612,0.1419056150931604,0.26908141211323905,0.31524167919781215
797,,0.0,-1.1177749143972389,,0.0,-0.7823333290506429,-0.6462570253318572,-0.8358012658560706,-0.61070218972186,-0.5810883007803949
798,,0.0,0.1699723109812251,,0.0,-0.052517179516332536,-0.101506295029074,-0.10863839633027847,0.015408151031359455,0.10347623571562513
799,,0.0,0.061294709741264025,,0.0,0.6199602324426166,0.8253900647248978,0.5309632052387202,0.43863284628293064,0.46026049082244014
800,,0.0,-0.6804586994536435,,1.0,-0.08108678366860154,-0.0716419313806892,0.0005982735604791499,-0.12390853048329545,-0.08668973984260891
801,,0.0,-0.35329124292381753,,0.0,0.006373723223733109,-0.04656642976345051,0.04147149930627943,-0.0070673979942627065,-0.0038332651053752595
802,,0.0,-1.1565303401992704,,1.0,-0.04987540874252729,-0.1184705289239999,-0.2772017557009533,0.008154185104888455,-0.17513533373419554
803,,0.0,0.915997988145297,,1.0,-0.09445016497561509,-0.20778861759472508,-0.2626613816983236,-0.07866299318903873,-0.3558910472881554
804,,0.0,-0.7232569517868017,,0.0,-0.36460457334345925,-0.2691559272743263,-0.1871671355939066,-0.42747155675308934,-0.17300111473992577
805,,0.0,-0.06348585270848976,,1.0,0.08450111288477151,-0.21579678298401142,0.019117500871920996,-0.36167198681105545,-0.04656859355250408
806,,0.0,0.622863378109222,,1.0,0.05649284255684477,-0.14700280870105467,-0.040802544553085046,-0.16555703528062235,-0.17639040734258332
807,,0.0,0.11581338073844026,,0.0,-0.05358743815220611,-0.2135212253865081,-0.09047611459833342,-0.15280173221655285,-0.04099199549713636
808,,0.0,0.8201740727892988,,0.0,-0.2672248243861236,-0.3480820089621534,-0.3262787852149557,-0.35502769871337697,-0.3455041077243591
809,,0.0,0.855396741321876,,0.0,-0.11804582954697865,-0.5854213144257265,-0.5039871808579567,-0.5042822839322375,-0.22151318585551982
810,,0.0,-0.043793159825689876,,1.0,-0.20785526602278281,-0.37072857723310054,-0.6397090187967829,-0.23263174906566353,-0.5595790706309253
811,,0.0,0.24338995534287583,,0.0,-0.7297839600512567,-0.5914271304363393,-0.8964868007143244,-0.959322621726118,-0.6915204673058966
812,,0.0,1.009128594667357,,0.0,-0.7989954885440784,-1.1337858207103473,-1.101621988484727,-1.1031261089639381,-0.9579547164406602
813,,0.0,0.27082621164192044,,0.0,0.23491595187758496,0.3029585299914287,0.29117447678170966,-0.1261887235311938,0.09110959024353914
814,,0.0,0.6623358681079691,,0.0,-0.21764493331701207,-0.2759005690689618,-0.22047690943039652,0.26062106744455366,-0.0795930513259979
815,,0.0,-0.10672264185064331,,0.0,-0.6837210867300214,-0.5777289974756539,-0.7859571075859727,-0.7197176268278539,-0.6967214721674779
816,,1.0,-1.1881756226405682,,0.0,0.27592108120331965,0.15983939662421948,0.38720034691348854,0.027335886104243555,0.19345827243117872
817,,1.0,0.6319946478955739,,0.0,-0.9053629771865277,-1.5203387761621219,-1.2688781634838202,-1.289760070833575,-1.1040583703645879
818,,1.0,-0.11390320446250153,,0.0,-1.0085937164690058,-1.127914450297345,-1.194692436198461,-1.4044102779986918,-1.1937032635077243
819,,0.0,-1.308178145546298,,1.0,-0.42234782827232886,-0.5692572006449752,-0.5046476171106912,-0.38861213035849945,-0.3619842271677275
820,,1.0,-1.2073060159918911,,1.0,-0.5277397027963842,-0.5679100566593749,-0.3313866845606462,-0.43035391262477796,-0.10836395543668348
821,,0.0,-0.964326880197301,,1.0,-1.096307532046827,-1.0863691714354502,-0.6778424438731249,-1.1728473464670488,-0.8572210138286571
822,,0.0,-1.0501906736837077,,1.0,-0.2576372293632134,-0.22690799701534212,0.02826110935655716,-0.2877501953033686,-0.006388268070874355
823,,1.0,-1.161312385469213,,1.0,-0.764108036190291,-1.0529759754860788,-0.7912791204578695,-1.0222890806107192,-0.7049753688633272
824,,1.0,-1.397690409556179,,1.0,-0.4462149966475202,-0.44821259743463876,-0.4884521900909871,-0.7308776762086083,-0.6252030273656343
825,,0.0,-1.068791572991429,,1.0,-0.3891924030935179,-0.5149276196799751,-0.5659051780970261,-0.4687011038584003,-0.5446267626072696
826,,1.0,-0.7458332773080605,,0.0,0.40051177578793945,0.2441869374236311,0.3450233929927793,0.1416822381766177,0.08257085844380882
827,,1.0,-0.3287486000753433,,0.0,-0.37667730026536816,-0.5108516342154201,-0.6126794313888841,-0.6651657208083575,-0.7256261478295926
828,,1.0,-1.293992021269463,,1.0,-0.7262197424891488,-0.8502948174348987,-0.8863871221956552,-0.5007748661018426,-0.928621411545562
829,,1.0,-0.3809599747396321,,0.0,-0.8135601114671881,-1.0624627185789803,-0.99521141972837,-1.1318660339492643,-0.9317777679971758
830,,1.0,0.4900541208472568,,0.0,-0.9244320253903918,-0.9383954878983016,-1.0038542907736774,-0.869880462631421,-0.9019079109233521
831,,0.0,-0.7961342901604216,,0.0,-0.5272676220696914,-0.4585205192656617,-0.5839333234109799,-0.5404899619855155,-0.7345977145416301
832,,0.0,-0.7734200482306149,,0.0,0.01867175741230605,0.3257526864894076,0.3076444597398506,0.07864341674007749,0.15190557432433396
833,,0.0,-0.946489954024993,,0.0,0.4689496220148626,0.3892910743639689,0.15458886351655765,0.14261046706204836,0.24811779821028485
834,,0.0,0.4905792676525064,,0.0,-0.26467887840142507,-0.18795056675578745,-0.29821965558628033,-0.37886754452596283,-0.12929749685914071
835,,1.0,0.788752031121821,,0.0,-0.48552386939887143,-0.4570969768746079,-0.5817377286147796,-0.5324314157100112,-0.575581404762581
836,,0.0,-0.195156828200877,,0.0,-1.0893303126708278,-1.1059269170903954,-1.2441225250162564,-1.319302075682446,-1.3639167805695263
837,,0.0,-0.14156697471458904,,0.0,-0.5313728780856251,-0.7161723220761858,-0.7640881071785478,-1.105775456488621,-0.8487231091995361
838,,0.0,0.908337953526007,,0.0,-0.5450705873479781,-0.6219293519661032,-0.5321412131432159,-0.5984992969830738,-0.6774743190649424
839,,0.0,-1.1027378318739878,,0.0,-0.08882235481048838,-0.11685302506460357,-0.07631568374894535,-0.4284306042651992,-0.24320897224938365
840,,0.0,-0.02269313037707084,,0.0,-0.3724213555817651,-0.268535147152958,-0.3824559223763392,-0.11446879510762428,-0.3445734123427921
841,,1.0,-0.024556320564248637,,0.0,0.1979981536502591,0.31679032359917747,0.030970445035182526,0.06904565317935116,0.06501189314272653
842,,0.0,-0.1953230701689365,,0.0,-0.8802436827437,-1.3553605595458689,-0.8820727826325437,-0.7118342893083122,-0.6295426939556271
843,,0.0,0.5692052514738014,,0.0,-0.5454234272741878,-0.937334974213499,-0.7980469091044826,-0.5385385132804862,-0.5484009338410663
844,,0.0,0.1268937350179337,,0.0,-0.8962691619882921,-1.0160942153962649,-0.886723126457726,-0.763292404210553,-0.8130447690754804
845,,0.0,-0.45266298999183113,,0.0,-0.7723756580990813,-1.1538427057248182,-1.0117269358457808,-0.32707269190766236,-0.6342692855916546
846,,0.0,-0.07292778780433043,,0.0,-0.8205025826767346,-0.9683607172479922,-0.6988529162815643,-0.4101797308751999,-0.56119528356539
847,,0.0,-0.12705291136706362,,0.0,-0.7699222093087167,-1.081950083086676,-0.8394173029397796,-0.37903902846525633,-0.5566237237194719
848,,0.0,-0.5264882210205898,,0.0,-0.7979959543801527,-0.8666477504109572,-0.76480110148717,-0.38681282644176623,-0.4851794301935571
849,,0.0,-0.1274171195141797,,0.0,-0.7963863282147426,-1.031386377523381,-0.66358691772656,-0.41077036036717635,-0.687432825161195
850,,0.0,-1.1105504202960932,,0.0,-0.7122509072230233,-0.9948240297945085,-0.7079882439483473,-0.27616367873988146,-0.6747121448546844
851,,0.0,-0.5786795494724384,,0.0,-0.7136739894752753,-1.0064128190836932,-0.6660663329433355,-0.27288321545230415,-0.5260995182400559
852,,0.0,-1.2061596905775072,,0.0,-0.7122463389305749,-1.1380171536266208,-0.8151888133050088,-0.45146458609016565,-0.6734131117484693
853,,0.0,0.3251978146011101,,1.0,-0.7778695963448786,-1.0695394678024004,-0.8164023868079334,-0.7648395085552836,-0.596919956374971
854,,0.0,-0.5905158732512692,,0.0,-0.6649450244450851,-0.9392400004618643,-0.7034331685589276,-0.3776957266080418,-0.4052534596569723
855,,0.0,-0.22843326034634745,,0.0,-0.7184017544289051,-0.9648265424316567,-0.7808279762986866,-0.4038710633412482,-0.7414716810280346
856,,0.0,0.10328661935670345,,0.0,-0.8260304097332238,-0.7800711672589016,-0.7311287452962382,-0.633337341759769,-0.6307797480289197
857,,0.0,-0.8573418110293373,,0.0,-0.7833695764814614,-0.7098674207029181,-0.8325932984498199,-0.5006426876031643,-0.6585259285836012
858,,0.0,0.5362454688170601,,0.0,-0.7070988503504126,-0.945966210535113,-1.01517073936659,-0.7463296529198803,-0.8525398776029721
859,,0.0,0.2801589244061343,,0.0,-0.7155023279314845,-1.0955686384491372,-0.9917933169625511,-0.8167114071638698,-0.7472034205265147
860,,0.0,-0.005512747365393964,,0.0,-0.6421028587290336,-0.9833191906123845,-1.03978488378755,-1.055394118681509,-0.878217878976549
861,,0.0,-0.4562663955427616,,0.0,-0.7122207305279445,-1.031840684407003,-0.9764420535564259,-0.6678042343013515,-0.812616284728575
862,,0.0,0.14216536748603822,,0.0,-0.6955266536472821,-1.138306816646336,-1.0456324924642015,-0.9825757266336752,-0.8167260412021159
863,,0.0,-0.8700890414200949,,0.0,-0.6556083411296544,-0.9036582148618915,-0.9337306301657814,-0.7573157420603878,-0.7125434598925506
864,,0.0,0.8319140110561762,,0.0,-0.7855189806499018,-1.0553536804952073,-0.7786978331847936,-0.6213410615667474,-0.7634478983108968
865,,0.0,0.30733000866384974,,0.0,-0.561684832136279,-0.9222844038303049,-0.7212727519963669,-0.4720994504944157,-0.3579629117162564
866,,1.0,0.8217114825787166,,0.0,-0.7409804757697654,-1.1958780967774443,-0.8688308576218586,-0.8076209045514434,-0.8513207087612908
867,,1.0,-1.2488876485072515,,0.0,-1.6851715667653904,-1.2923130800711862,-1.5974999268770607,-1.3979102825447076,-1.6769639524190911
868,,1.0,0.47228821409419286,,0.0,-1.5724449340700661,-1.3874240320730173,-1.411509909090641,-1.2424710716488345,-1.4170857167944912
869,,1.0,0.29835182427049595,,0.0,-1.624961658274323,-1.3496332597074083,-1.5297395692203186,-1.3770565939004746,-1.6523953358130639
870,,1.0,-0.4104203491896972,,0.0,-1.5122965132741868,-1.2788430445719494,-1.4029883536677314,-1.1893193963350488,-1.4026582905373703
871,,0.0,-0.8169265000837871,,0.0,-0.8065806472226579,-0.855743061187803,-0.9212138982735725,-0.9882967375728886,-0.8520971626305689
872,,0.0,-0.7561183881681878,,1.0,-0.4919952174856777,-0.4841865973069071,-0.5980434915232126,-0.6680905068567785,-0.6123511323608573
873,,1.0,-0.4637834781362022,,0.0,0.4771096972941904,0.5758908486466428,0.3051571921803155,0.2701875933582836,0.289748022149693
874,,0.0,0.47243880150926293,,0.0,-0.7635770633173082,-1.2395394764903276,-1.0365630512342319,-0.975884191893981,-0.8812863882718617
875,,1.0,-1.1618929586623543,,0.0,-0.9229941486053744,-0.9065357671860609,-0.7834270986103268,-0.6112300359304177,-0.6631995266609567
876,,1.0,-0.2349768128839404,,1.0,-0.5611089575383935,-0.5577700916034438,-0.5354515917888076,-0.9755611631782938,-0.574704126675235
877,,0.0,-1.1478247197244817,,0.0,-0.5879543679992336,-0.8794614586235587,-0.890589327172699,-0.5455093527543534,-0.7018219802107581
878,,0.0,-0.2328037339768719,,0.0,-0.2564213015985217,-0.3423423298629152,-0.6326098763650264,-0.16190789625922566,-0.5684124243043298
879,,0.0,-0.5040323259298458,,0.0,-0.5105430895643229,-0.4614483248586099,-0.5436659206298017,-0.33105450814674076,-0.28498364773821916
880,,0.0,-0.6569408408974432,,0.0,-0.5290483287248057,-0.39004949028326735,-0.4529998726731518,-0.5208630928252583,-0.28984595384044165
881,,0.0,-1.1766500001196647,,0.0,-0.7789819752217673,-0.5792505597824368,-0.37376744152990765,-0.5516800149046821,-0.3238178146771948
882,,0.0,0.6296084263948019,,0.0,-0.5491770962766108,-0.47563334579878874,-0.6216815958787326,-0.43723416828506745,-0.44049425603796116
883,,0.0,-0.3628845943727707,,1.0,-0.12842304687103048,-0.05110995147221459,-0.07574972052713458,-0.5584857762689726,-0.052451580893965524
884,,0.0,0.6334177549908422,,0.0,-0.2969406910665667,-0.2672936610785707,-0.18535391299173612,-0.468576095334904,-0.13601323766256396
885,,0.0,0.5111383794659968,,0.0,0.06091564532197417,-0.27827775907993435,-0.07151952744327778,-0.44154286586439817,-0.057412506615680876
886,,0.0,0.4461947930412249,,0.0,-0.05909942193703365,-0.5100031898518664,-0.06710842189516948,-0.9323589969112474,0.18092121977705192
887,,1.0,0.5937234788731475,,0.0,-0.464743099636002,-0.18082272081710943,-0.05483412208594726,-0.32013011749056974,0.04610279180227379
888,,1.0,0.460241917231297,,0.0,-0.5304809163210875,-1.1685776456559314,-0.34019377037473925,-0.33451574788675714,-0.4639567644355626
889,,0.0,0.5128318420091944,,0.0,-0.9787535943465622,-0.8728340928378727,-1.255817705092376,-1.1470994663522909,-1.2217195930545557
890,,0.0,0.8417151085461415,,0.0,0.27880952612315346,0.4597037291572004,0.6653840769216354,0.5949477128189881,0.3933115741924058
891,,0.0,-1.0169075899953979,,0.0,0.4108756598721128,0.3963876477050281,0.7746573584197421,0.6135698652789164,0.3518436102598141
892,,0.0,0.2404763370984693,,0.0,0.22291785485811885,0.060983672080030187,0.28664605141341215,0.40898701136909027,0.10087207105780904
893,,0.0,-0.03506884761114979,,0.0,0.41678136174412933,0.3198896339147721,0.3180913888394757,0.18457714824198385,0.31115999980223397
894,,1.0,0.7783838164215741,,0.0,0.4504339253475067,0.2479887699587472,0.4869690026100897,0.2942447424921936,0.2746855211950865
895,,0.0,-0.2404276969008931,,0.0,-0.732376641742795,-0.6335304044064392,-0.6301697519666789,-0.9393821206898427,-0.6989431972860821
896,,1.0,1.0967059902246912,,0.0,0.09433213785930904,-0.2394754934907689,-0.38323972369363685,-0.7295877179466275,-0.15312507348563195
897,,1.0,0.6331937406846133,,0.0,-0.5184780714126025,-1.024456809590499,-0.6522872278701898,-0.8510911917089432,-0.6831910350003506
898,,0.0,-0.545802939093767,,0.0,-0.506802971108714,-1.2447273264639764,-0.6648278484101828,-0.8034529928612406,-0.7407703989677987
899,,0.0,0.41763946953319464,,0.0,-0.6340004484262793,-1.1177749143972389,-0.8219961905927349,-0.42198738464349905,-0.4618448380869155
900,,0.0,0.38008862207464006,,0.0,-0.07157022049021211,-0.19444461754984554,0.05366868956785207,-0.12290737962001351,0.23681453987187592
901,,0.0,0.831427780779905,,0.0,-0.8618740605849434,-0.8489268800148962,-0.775253178134262,-0.4210559112440897,-0.5190234852460935
902,,1.0,-1.0319509416020027,,0.0,-0.7312223671419968,-0.7520109864077832,-0.5814936145401481,-0.7248917634718823,-0.7392371513500369
903,,0.0,0.10493184019616264,,0.0,-0.8069263664662445,-0.5939312877943907,-0.5052773154343888,-1.006563243614351,-0.8054922322320383
904,,0.0,0.9070799133951827,,0.0,0.5100557585393211,0.1699723109812251,0.15220646737674398,-0.22754515563512076,0.24592606114797985
905,,1.0,0.44865131249091383,,0.0,0.6447168370544362,0.7990441378248421,0.6568241221112426,0.566459043757619,0.5689663133094446
906,,0.0,0.27288974181196823,,1.0,0.45743544704348543,0.16167544979753734,0.1918335114604823,0.6201805045816555,0.32336337870591053
907,,0.0,0.8853625235023002,,0.0,0.310860751685379,0.061294709741264025,0.18167340113139288,0.3399757385771114,0.2303547335876583
908,,1.0,0.3754965204449232,,0.0,0.17373747841639,0.02696875241812294,0.3828704436629877,0.5099515082879658,0.253911773418977
909,,1.0,-0.2205404061853806,,1.0,-1.02360733047269,-1.5518297381362423,-1.103960627087046,-1.1258640126956505,-1.1952401288598957
910,,1.0,-0.9929967402061961,,0.0,-0.0033493894712575056,-0.19644669453780456,-0.2261716478675321,-0.26860530671414545,-0.16708607733436498
911,,0.0,-0.8917737540381578,,0.0,-0.7034280918284993,-1.0921331022591574,-1.2012268714056762,-1.2225315374765318,-1.1835352630530134
912,,0.0,-1.2251359172479708,,0.0,-0.26731355413747876,-0.6057226061996502,-0.473024628911502,-0.228323136170715,-0.5245116875140649
913,,1.0,-0.720734565884883,,1.0,-0.8722590327473528,-0.6804586994536435,-0.8882002311007801,-0.7474694718898566,-0.6715380372972597
914,,0.0,-0.7329765204517398,,0.0,-0.8211099686418704,-1.454287290258461,-0.9755591583017276,-0.5206017403974664,-0.8061858970242488
915,,0.0,-0.9916197823971296,,0.0,-0.289173050920439,-0.4093340699496435,-0.20799237051646197,-0.2723030093421586,-0.1434149133688552
916,,0.0,-0.035740650102781324,,0.0,-0.9852989935327086,-0.35329124292381753,-0.7714412915630625,-0.821602357722936,-1.0009943098081673
917,,0.0,-0.4230081404056216,,0.0,0.41248393395046534,0.29432245789944156,0.533378107369821,0.6835084981799081,0.37007731328741955
918,,1.0,0.05877252928472309,,0.0,-0.04139201636062451,-0.47133333625178114,-0.2827704913836161,-0.5478772902828051,0.05090101404541195
919,,1.0,0.44361408497083515,,0.0,0.6799749242072854,0.49778761698603674,0.7384905672711138,0.524387916063382,0.6799269854806734
920,,1.0,-0.45785302625424756,,0.0,-0.8718081179334805,-1.1565303401992704,-1.0809087243434121,-1.1354082294982806,-1.2639715046155773
921,,0.0,-1.0779423656848526,,0.0,0.541226461967147,0.14460686316313015,0.3707874028036368,0.5588040238941564,0.44777119267450916
922,,1.0,0.4717288703793831,,0.0,0.6908988828160786,0.915997988145297,0.948626572015821,0.7361116673395799,0.8868757874620726
923,,0.0,-0.7600873133253997,,0.0,0.6737427781715626,-0.7232569517868017,0.6117070262035916,0.5074748388383985,0.7187918552545296
924,,1.0,0.5557286793066593,,0.0,-0.3634033529927384,-0.06348585270848976,-0.19520277579372203,-0.49635564904426954,-0.23904185518694027
925,,0.0,0.5055865154527336,,0.0,-0.29246388552162994,-0.4153001726085379,-0.3067730970918425,-0.07892341199407393,-0.4828429021416904
926,,1.0,-0.05910583608783223,,0.0,0.8915447323532376,0.6054717664312776,0.6565170842271417,0.8217835781151155,0.6690611881925449
927,,1.0,-1.1022490747161964,,0.0,-0.2267163356165333,-0.03434946308571372,-0.13067391371461531,-0.054557905691714155,-0.41606484772190955
928,,0.0,0.029990962633398368,,1.0,-0.28041322016098913,-0.8918232117536693,-0.8217130814405603,-0.8016408243494888,-0.710496331273211
929,,0.0,-0.49538432701527724,,0.0,-0.053145688044492816,0.10519321603540563,0.07563745877771498,0.00026517654790724713,0.055121394820185854
930,,0.0,-1.109879980738993,,0.0,-0.12169676635833716,-0.10129975138898979,-0.040797894125133564,-0.18031847590115124,-0.2900281382677047
931,,0.0,-0.48001238346158276,,0.0,-0.7149271599749316,-0.2754285177180736,-0.5159634772302306,-0.7668473674574222,-0.6779264888114385
932,,1.0,-1.295438941290055,,1.0,0.7065835085816322,0.622863378109222,0.8173707958768178,0.4023925806604738,0.5383580778314853
933,,0.0,-0.6012880236404262,,1.0,-1.0293528105869827,-1.2277164436327035,-1.1782520001817887,-1.65541023453574,-1.3858618347231662
934,,0.0,0.0790226903120689,,1.0,-0.5077193924673755,-0.42535326547581903,-0.2952656295360709,-0.5817444859482909,-0.5876485078160884
935,,0.0,-0.6911172525455663,,0.0,0.3455442593854138,0.41795341135274366,0.29092904214924276,0.44051725936379255,0.3760275401591998
936,,0.0,-1.281361815222866,,0.0,0.738168164224404,0.5606654841946117,0.7965621548148405,0.34829497969448137,0.6408294516881162
937,,0.0,0.20123796224336088,,0.0,0.5604200192146077,0.8200636715094106,0.5578589417304235,0.6080050499569392,0.5771028554774253
938,,1.0,-0.10252576625088475,,1.0,0.5653536675508439,0.3968236545858895,0.0988181644259248,0.4077727136466836,0.5109311777503853
939,,1.0,-0.1497616529745992,,0.0,0.10099688589314783,-0.06166831194970554,-0.18394513731352427,-0.2631597863270511,0.08420656562584244
940,,1.0,0.5549505419806736,,0.0,0.2337136555252945,-0.18803735689633058,0.11837163157099766,-0.03806154858528415,0.283324534270029
941,,0.0,0.406980828497502,,1.0,-1.152197891351076,-0.8841873805384555,-0.9752197593772151,-1.0752321622628491,-1.156851706796494
942,,0.0,0.5489868779268133,,1.0,-0.30359802675044145,-0.3637301213703576,-0.4575642265756753,-0.5410738032060955,-0.5171972606202058
943,,0.0,-0.9818613965395024,,0.0,0.08475865032620046,0.1384659703938789,0.01567439739030413,0.023964472147351597,0.12868230417591572
944,,0.0,0.8756908657915193,,0.0,0.07732261396491348,-0.04928590192215374,-0.1696192755510215,-0.006162580121465335,-0.20489251673368294
945,,0.0,-0.31824574338123623,,0.0,0.2275626072626867,-0.07046670119706676,-0.01711135191742998,0.34934344469112083,0.0040142637555202944
946,,0.0,0.4506431393041085,,0.0,0.7466630197115046,0.8527687083861945,0.9127087285709143,1.0388481581225628,1.005545871621681
947,,1.0,-0.8519606662026618,,0.0,0.18342771103398553,-0.03327746184605855,0.23327864983685898,0.18118643132849707,0.02244989377702244
948,,0.0,-0.26312838832893115,,0.0,0.0212153385656538,0.11581338073844026,-0.06996237523717916,-0.20407704148521033,-0.044677571704736095
949,,0.0,-0.43572810803669026,,0.0,0.1610198634322885,0.06044216541136699,0.4675553453968541,0.09437045752511905,0.4128325067789997
950,,0.0,0.008623876548801906,,0.0,0.8352393383405005,0.8201740727892988,0.9491938187904503,0.881699349465703,0.9309066507115782
951,,1.0,0.5592550593862072,,0.0,0.9533495468716172,0.7968618797373181,0.9842518522892089,0.7054060361792047,1.1177319829716335
952,,0.0,0.05386779763191964,,0.0,0.71713793247835,0.6634265030053252,0.8331795186732668,0.7819811773161136,0.8390272153541833
953,,0.0,-0.6337270098904103,,0.0,0.07101542382834543,0.1066174905859425,0.08095564342924814,0.35399012901445365,-0.10002488787271792
954,,0.0,-0.4529666415729217,,0.0,0.5158512498310522,0.2858298450113949,0.4697591276255751,0.4115854324491038,0.4798918729409423
955,,0.0,0.0499633395679377,,0.0,0.35064548878959034,0.21463307988594743,0.08025846805002078,0.12009154003005809,0.31722458121369007
956,,1.0,-1.306742753312227,,0.0,-0.9667081816761561,-1.1147584098353367,-1.123261430027177,-1.3929988560671083,-0.9328514151405921
957,,0.0,0.2751284854849611,,0.0,0.8690819186113992,0.855396741321876,0.8396013768176466,0.9531014490950711,0.7109113802466221
958,,1.0,-0.29944431764381096,,1.0,-0.09478142280430603,-0.043793159825689876,0.15958448620544072,-0.1555299851486839,-0.09621685500648422
959,,1.0,0.1521145065790425,,0.0,-0.040389338146128745,-0.09177865867354376,-0.20659707830388335,-0.8466180178778472,-0.04115275467324609
960,,0.0,0.2491091982527838,,0.0,-0.7311254638438585,-1.103096197697507,-0.6744844651678896,-0.8813514530189247,-0.845837355299774
961,,0.0,-0.1770836522064504,,0.0,0.07678644208900426,0.24338995534287583,-0.14034040425385766,0.07310432534843526,0.22054663819927148
962,,0.0,0.06176846368514893,,0.0,0.6900972902412006,0.9626283057898646,0.815699441596878,0.7590825694426512,0.7907419676062761
963,,0.0,-0.2033955316447092,,0.0,0.7260030811182916,1.009128594667357,0.8852110930989542,0.8174425618160486,0.7685588455898802
964,,0.0,0.3072596983059705,,0.0,0.2644686668460689,0.27082621164192044,0.34880490845732204,0.2987263716415115,0.38414724674735756
965,,0.0,-0.43205326561287116,,1.0,0.46266565865676584,0.6982219926877729,0.644116402527789,0.6123594948965869,0.5260787369255712
966,,0.0,-0.9575703745768889,,1.0,-0.2975160630672561,-0.41466541222288195,-0.43043437046729566,-0.4639087685208844,-0.5164972579543284
967,,1.0,-0.7402597076004039,,1.0,0.14612175593900414,-0.056980758502808634,-0.03801950707247607,-0.1045761128578015,-0.057647853145389776
968,,0.0,-0.740739341988871,,0.0,0.145232945263326,0.1480301333319105,0.1486758231536744,0.2925718324273102,0.1102736211898778
969,,0.0,-0.41913747676213087,,1.0,0.46439666079205394,0.6623358681079691,0.5430331182155618,0.43197471348866806,0.30828715051342265
970,,0.0,-0.3042613697843449,,0.0,-0.5323850782687333,-0.3245490239256613,-0.28363279193132657,-0.6257927113123074,-0.5297385988585404
971,,0.0,0.7409058943723884,,0.0,0.25085989891452093,0.09076658801657608,-0.03762716290696033,0.09590591037073862,0.21459397020228943
972,,0.0,-0.38469952766145077,,0.0,-0.7153843191934072,-0.8525056708048014,-0.8262350221508212,-0.6089936463551375,-0.7569395734996699
973,,0.0,0.4124314240969939,,0.0,0.05473533521886954,-0.10672264185064331,0.034861091793493136,0.18867284065467604,-0.12348678589698031
974,,0.0,0.301972940126822,,0.0,0.07984244757143115,0.06734505379109303,0.21229906066113188,0.08998927412399044,0.16130386953552778
975,,0.0,0.1388830096301355,,0.0,-0.11092671651288621,-0.2819085044113454,-0.12134693255467756,-0.2475539012943622,-0.14008593288044768
976,,1.0,0.36755305651528053,,0.0,-0.12438391452830506,-0.18748468645320995,-0.15625117466437524,-0.16444429254600798,-0.2108199935397566
977,,0.0,-0.07532298004792226,,1.0,-1.047792090288304,-1.1881756226405682,-1.051218005467616,-1.091601368424571,-1.1376645612040448
978,,1.0,-0.7418236368982243,,0.0,-0.14692819777152138,-0.03585615521602684,0.11127797382790666,-0.20563459334162223,-0.1682709111873938
979,,0.0,0.09304194905369882,,0.0,-0.029390988361165573,0.012121520482280513,0.08111270744347329,0.05705776794843088,-0.005327339120792113
980,,0.0,-1.1413774601790896,,0.0,-0.009152837209221786,-0.14406488973686635,-0.10084457577640489,-0.029530611299787412,-0.5346633278235325
981,,0.0,-0.3308514845767599,,1.0,0.6956283697423408,0.6319946478955739,0.7726262629981615,0.39591843432041834,0.6075915591819645
982,,0.0,-0.2112640005580397,,0.0,0.5041889934989707,0.33232586217896204,0.3101994582962871,0.42229460805357283,0.6365259771311764
983,,0.0,0.0837993655263847,,0.0,0.03348801869046053,-0.11390320446250153,-0.29745461691500713,-0.22532103641419585,0.005949404061322127
984,,0.0,-0.022517284484584923,,0.0,-0.058682065834283606,-0.24654482731380453,-0.3370345785321657,-0.355839218480755,-0.09803616992710266
985,,0.0,-0.06512007675401561,,0.0,0.015083393643616898,-0.2673187692919734,-0.1302587703789097,0.45981827427477406,-0.08712364834987037
986,,0.0,0.0688099800065629,,0.0,-0.8169910571463921,-0.9122148340907726,-0.8933694352911126,-0.5450418079300552,-0.8365562943142784
987,,0.0,0.22328730897175839,,0.0,-0.35951770689972995,-0.5496035256144582,-0.2733140418586658,-0.07591085394055597,-0.2655525078088632
988,,0.0,0.46594564058123494,,0.0,-0.9091482574383586,-0.9063945217657123,-0.8600376073683237,-0.726518864048911,-0.7560725332973341
989,,0.0,-0.1580736828933723,,1.0,-0.6289743786903783,-1.0054026839691699,-0.7124285821591979,-0.5508662592672627,-0.600609182220892
990,,0.0,-0.6408791484362323,,0.0,-0.7112254010478476,-0.9295464569471045,-0.6980776863319902,-0.4980704571764696,-0.7089085527686279
991,,0.0,-0.15669692694890372,,0.0,-0.6957542689352587,-1.078461156764681,-1.0290470455897245,-0.7084769777253953,-0.7429598046618593
992,,0.0,-0.7291854630900293,,0.0,-0.8772998959949923,-0.9919589417321427,-0.8054041184368225,-0.5796042835792147,-0.7656907078768934
993,,0.0,0.06561542414558967,,0.0,-0.5258480226144466,-0.8561707423016405,-0.7638066068626791,-0.475080003471056,-0.8386047513086315
994,,0.0,0.14734097919329972,,0.0,-0.7634201502338864,-0.8514362964746928,-0.9286364634457162,-0.7700950331689154,-0.8186846299960969
995,,1.0,0.35218077481648824,,0.0,-0.806902382370839,-0.9425933643010438,-0.8081440863440809,-0.6318985165944501,-0.7469299585873654
996,,1.0,-0.6198451002156443,,0.0,-1.0020401274668729,-1.308178145546298,-1.2262225853404924,-1.2759240485141958,-1.0990151456800132
997,,1.0,-0.028741361934916217,,1.0,-0.8393393435912255,-1.175899485572992,-1.1172058491793508,-1.2716931489260643,-0.7794739382287477
998,,1.0,-0.2759093490323479,,0.0,-1.07230290733238,-1.2073060159918911,-1.1022840218364633,-1.2121899828500735,-1.4809295127751083
999,,1.0,0.02579439636918524,,1.0,-0.8641298971540105,-0.964326880197301,-1.0593697175015635,-1.132657384697787,-1.1425725601748427
1000,,1.0,-0.05988107599580312,,0.0,-0.6208000619773774,-0.6752832307563214,-0.6701741190574955,-1.1166527875720111,-0.7808908162843808
1001,,1.0,0.9115501873217119,,0.0,-0.8869711524262447,-1.0501906736837077,-1.0954162814814214,-1.1773159361310999,-1.2039123298142773
1002,,1.0,0.09791076048545781,,0.0,-0.8882847106234628,-1.161312385469213,-1.053467340876095,-1.2588337284853162,-1.4148435719276158
1003,,1.0,0.200047539614892,,0.0,-1.036699185266234,-1.0579307124877013,-1.104393789239772,-1.2113983663703458,-1.2352800658113197
1004,,1.0,-0.31623420691570653,,0.0,-1.247325576062309,-1.2828502162627158,-1.5115882009755857,-1.4186365300093582,-1.3045813442655794
1005,,1.0,0.982772074099342,,0.0,-0.8406198193345101,-0.8309695628366196,-0.6046232694848769,-1.1234816446699807,-0.8355077071994732
1006,,1.0,0.3783824262519514,,0.0,-0.748878962454699,-1.4824906162154776,-0.642236469604074,-1.0277347865364135,-0.5403283301789957
1007,,1.0,-0.062333041674217556,,0.0,-1.2537192351365631,-1.3182185047731503,-1.0968033441916956,-1.3970665756669123,-1.257292380753322
1008,,1.0,0.2672623414372236,,0.0,-1.2053215282680776,-1.2743637680079458,-1.1259148223594564,-1.4596086380196571,-1.5171052673516465
1009,,1.0,-0.5633042056878869,,0.0,-0.8846966972963183,-1.397690409556179,-1.095705718942741,-1.4323541017568406,-1.0698492861440385
1010,,1.0,-0.31576995182072987,,0.0,-1.1192208380317077,-1.1173781989735327,-1.2311393107279718,-1.440554593332513,-1.2600247100230504
1011,,1.0,-0.09845961710575367,,0.0,-0.9783122119723356,-1.068791572991429,-1.0475434908907155,-1.3555436685805426,-0.9602708569452645
1012,,1.0,-0.627504481548438,,0.0,-0.8926187990557775,-1.4894227208380284,-0.9218351921645772,-0.8128335127434504,-1.0691331461651665
1013,,1.0,0.8426774533562932,,0.0,-1.3073204368309306,-1.184403418899886,-1.1263205290135203,-1.1839710838006017,-1.0602390489484383
1014,,1.0,0.5486477582909457,,0.0,-1.1680483586809558,-1.4181543098393437,-1.3114370433655254,-1.3044855899551209,-1.3717402573587805
1015,,0.0,0.5542851737488564,,0.0,-0.003032300850983991,0.10400227980367799,-0.15028259339868147,-0.26455068818730176,-0.015131662644644854
1016,,0.0,0.4838801087484685,,1.0,-0.583483535084697,-0.4780385517386643,-0.4648581220839032,-0.6003383944202245,-0.404935570127275
1017,,0.0,-1.4023662673775068,,1.0,-0.4598718150040137,-0.7458332773080605,-0.6806986592813075,-0.3935421830131903,-0.46760124359843486
1018,,0.0,-0.06684224768729903,,0.0,0.5670866344584127,-0.3287486000753433,-0.06705352345479504,0.39725135154212954,0.6193100385730909
1019,,0.0,0.7811010606983712,,1.0,-0.4371498527614165,-0.5065374790662958,-0.5880022460970505,-0.4631142664571514,-0.36950037036740263
1020,,0.0,-0.15299849679952468,,1.0,0.1629568678064151,0.15974461712418622,0.12267109465967571,-0.25931365997047,0.10285955620702587
1021,,0.0,-0.6030775045088128,,1.0,0.21098700419198302,-0.1527965614135161,0.04656237514059139,0.16787990575230452,-0.003906723475601808
1022,,1.0,-1.0479775351693432,,0.0,-1.0124915172519182,-0.7573921858497119,-0.9044976529982983,-0.7767312046283432,-0.542235781019287
1023,,1.0,-0.7647460759198103,,0.0,-1.0822780776799539,-1.064951537340407,-1.4101477007301837,-1.1097439757284295,-1.0492701248773255
1024,,1.0,-1.0338529398885403,,0.0,-0.9276262407986765,-1.293992021269463,-1.1962005110157683,-1.145415544569381,-1.0310449873244913
1025,,1.0,-0.6814232457324659,,0.0,-1.3972425201922345,-1.297462443157924,-1.6970918402195052,-1.5449746401021731,-1.4910647047286008
1026,,1.0,-0.7128266814245502,,0.0,-1.3787850260772723,-1.2429412992562827,-1.4271064159019262,-1.4143542862780678,-1.3431684350007707
1027,,1.0,-0.2616179778577388,,0.0,-1.0164460834764202,-1.1241894819360039,-1.207866219777677,-1.2657401345571586,-1.0176765401146357
1028,,0.0,-0.15538836494423258,,0.0,-0.8180119498309562,-0.8090980629442659,-0.8624543361364679,-0.5717606203433806,-0.6813235087995839
1029,,0.0,-0.1577114874529387,,0.0,0.045082767131446065,0.035563714209452174,-0.06415126749363412,-0.03716187887428301,-0.05825923735133064
1030,,0.0,-0.4649756054738583,,0.0,0.09356118662986297,0.13152705443448934,0.2343402635915542,0.42402962316211484,0.1892612704489472
1031,,0.0,-0.6404258416872293,,0.0,-0.9518364979578261,-0.932072957675569,-0.9951767743626472,-1.090199676314693,-0.7387721435976271
1032,,0.0,-0.5763711478951412,,0.0,-0.2893387644121363,-0.3809599747396321,-0.3349608932474134,-0.44228488000587296,-0.26457424322275297
1033,,0.0,0.5570987028152015,,0.0,0.7389203400410043,0.7419933380907531,0.565489361619583,0.5080266696745431,0.7849506118770581
1034,,0.0,-0.4209939722688604,,0.0,0.06292948401002003,0.004141958569935652,0.20946254258107305,0.2897446606166922,-0.001295449678580973
1035,,0.0,-0.5970771662922609,,0.0,0.2337356038004092,0.2894623086217168,0.2383753882836449,0.2933406232045091,0.04468394905125242
1036,,0.0,-1.3500261350741147,,0.0,0.2483936797340026,0.4900541208472568,0.2729186351862816,0.32994394182056463,0.2359655797709459
1037,,0.0,-0.03503777438813811,,0.0,-0.15087214508351185,-0.10303101153321485,-0.10700858407478987,-0.08951680611522655,-0.14104240473637053
1038,,0.0,-0.5467804017735539,,0.0,-0.45272274652073063,-0.5763350503460876,-0.6956918686755055,-0.478627437934478,-0.4905688081073771
1039,,0.0,-0.24870790976967475,,1.0,-0.3609921140238448,-0.6546267263049139,-0.6667589059488686,-0.70483394583656,-0.49481689001290186
1040,,0.0,-0.8854850119650239,,0.0,-0.6186980998681625,-0.7818779956063517,-0.6674120269457058,-0.6686664389531793,-0.4866241915092656
1041,,0.0,-1.300885547360318,,0.0,-0.5200767625852543,-0.5080308858326011,-0.5982993903997282,-0.24919071005848178,-0.42083370666933534
1042,,0.0,-0.9301257268507755,,0.0,0.4018652905844991,0.4414122206277102,0.11874004073984164,0.5398930099571093,0.36249972422364835
1043,,0.0,-0.26685320841197435,,0.0,0.7482148690834396,0.6020270841450862,0.5836823173217227,0.5607070575901616,0.4918815327591673
1044,,1.0,-1.1324580248406886,,1.0,0.27222226709911584,0.22879603962672376,-0.08072673535309913,-0.031179637554266317,0.26790288208501495
1045,,0.0,-0.7398540210240608,,1.0,-0.04629366703566045,-0.016843036326735186,0.03279758162312575,-0.050051477944605016,-0.004204596790118423
1046,,0.0,-0.6194873194604613,,0.0,0.34201159788173097,0.3164098161321233,0.4410351767658226,0.41984824532162274,0.29530937701688764
1047,,1.0,-0.3627668118572292,,0.0,0.21485317466085435,-0.06634323214741172,0.044199391494494686,0.0916324240893629,0.1892037583617836
1048,,0.0,-1.0139718630968737,,0.0,-0.7984042763945306,-0.7961342901604216,-0.7903891509238519,-0.9912990623754632,-0.7230315053613009
1049,,0.0,-0.43278552999409226,,0.0,0.14381459290141807,0.005163193094237363,0.005469154882937369,-0.11624539353335615,-0.019121263936093227
1050,,0.0,-0.9252097645175015,,1.0,0.09809405785142614,0.09183555120925624,0.4143831221665021,0.5186293540452559,0.34820558305340993
1051,,0.0,-0.6209487316225997,,0.0,0.08850701238288204,0.1331970903795427,-0.08070277561693837,0.1714319436734261,-0.12910213233610804
1052,,0.0,0.001119131368046949,,0.0,0.30591782459006966,0.25031843058339404,0.2494083648690243,0.3601869991613127,0.46358811540814293
1053,,0.0,-0.6633061702705814,,0.0,0.6182999299513774,0.7660905456349397,0.8102624466197244,0.407144303362851,0.77105939383195
1054,,0.0,-0.5654432287620803,,0.0,0.6124657590521166,0.59668534286461,0.6489261040957881,0.41763771241233133,0.7027690308294612
1055,,0.0,-0.9991306241046829,,0.0,0.321034713547133,0.0914180408979232,0.48174383567647433,0.23628371787227267,0.36513961134502654
1056,,0.0,-1.2093903213988713,,0.0,-0.4553883215225551,-0.4669400440359536,-0.5132094626755593,-0.516914801935042,-0.3119758914316365
1057,,0.0,-0.8005309421641719,,0.0,0.1649536784182069,0.13397047021425712,-0.09677797944733453,-0.022592413614636608,-0.14442371716412009
1058,,0.0,-0.6596552222833294,,0.0,0.48944522190519824,0.5023293539884802,0.8426441229056956,0.3776670147920431,0.779974255697347
1059,,0.0,-1.2053069273877939,,1.0,-0.28607392488112815,-0.4928052274940188,-0.6078952162828235,-0.3467193114690673,-0.4759790646036707
1060,,0.0,0.06039339827621525,,0.0,-0.16026299087120022,0.1778405963618127,-0.07223560188119793,0.07806147099338834,0.10181515816890818
1061,,0.0,-1.069079157390262,,0.0,-0.6013506490251305,-0.6902656917961792,-0.6004185357294368,-0.7651168678997318,-0.6884670256415935
1062,,0.0,-0.8594438947213521,,1.0,-0.04999868013259821,0.3178642925494446,0.07379995569393179,-0.04495594436956988,0.1999209545547976
1063,,0.0,-0.8128236716587915,,1.0,-0.6061250757814265,-0.49869398700935536,-0.5884174190445576,-0.7901688333046796,-0.7175965606929717
1064,,0.0,-0.4212568800532019,,0.0,-1.045108557978208,-1.1164639336101778,-1.0843199363333058,-0.9891269683892749,-1.0224758280038402
1065,,0.0,0.015115029157205587,,1.0,-0.301649034995873,-0.2504009498803133,-0.37852453819319937,-0.42474787001315134,-0.3246191669149517
1066,,1.0,-1.1563043056120537,,0.0,0.3478861042673664,0.2901961762755684,0.17714136365214467,0.22186699639841018,0.4371054953243687
1067,,0.0,-0.9448949955815428,,1.0,-0.9743282289729902,-0.8282844422295755,-1.0049466590074487,-1.0264925488114822,-0.7112209176098352
1068,,0.0,-0.8122262695357426,,0.0,-0.8172577323586635,-0.7734200482306149,-0.9124932726065433,-0.6938055706554964,-0.6901123128681145
1069,,0.0,-0.9400766258902703,,0.0,-0.8441435581420994,-0.946489954024993,-0.9272446802145087,-0.8998178551852647,-0.8119286961736532
1070,,1.0,-0.6697835553685003,,1.0,-0.7361834554613068,-0.9077152247006808,-0.9768041990715308,-0.7692350286061802,-0.7552068144619347
1071,,0.0,-0.9429563794310342,,1.0,-0.6577388415353442,-0.5124389874788545,-0.8540975941923626,-0.43969026468631656,-0.5498091979909494
1072,,0.0,-0.7397322746517259,,0.0,-0.705299848468896,-0.9566029136036682,-0.6998335658830502,-0.8455964401088772,-0.6176359586793568
1073,,0.0,-0.8609078552576744,,0.0,-0.9278223877887527,-1.0586685942887561,-0.7934171466818747,-0.8078326885492986,-0.7126475722825417
1074,,0.0,-0.6270929312988256,,1.0,-0.6259144137822157,-0.4514924190208952,-0.7002116796800978,-0.3381816292470037,-0.4166916951741258
1075,,0.0,-1.1319081317550286,,1.0,-0.7741017642694091,-0.621928386166422,-0.8602931800384895,-0.6971554444271275,-0.7140774060098277
1076,,0.0,-0.7184632960497654,,0.0,-0.9250719596380835,-0.6177801332125117,-1.0403333540191695,-0.8157106047563402,-0.7909186812142104
1077,,0.0,-1.2595913693981373,,1.0,-0.869510424737799,-0.6813339476321264,-1.0712205808733928,-0.6932001458339001,-0.7432996531070672
1078,,0.0,-0.018673866431924396,,0.0,0.29468199161982395,0.4905792676525064,0.30891945826354245,0.1290034573156691,0.5138100986926049
1079,,0.0,-0.5712580594668181,,1.0,0.43149532738237845,0.788752031121821,0.8907350750940785,0.8792339802942996,0.6992413481197535
1080,,0.0,-0.6353422030615233,,1.0,0.37953664939729953,0.1467299718021159,0.13801818001822136,0.2960253616804272,0.45712780281189797
1081,,0.0,-0.09499187100133609,,0.0,0.10086695811908779,0.16652488870474727,0.18078989950772062,0.2991484375463416,0.16372729591893756
1082,,0.0,-0.033822506590027855,,1.0,-0.41501835684789845,-0.07976125543456984,-0.10027476446367362,-0.05025424181920273,0.06312663301219468
1083,,0.0,-0.28092681848849416,,0.0,-0.2738933226214832,-0.26859276069855587,-0.2052879622943715,-0.30972244822733536,-0.14115794791919714
1084,,0.0,0.5696341019642391,,0.0,-0.36337001503440863,-0.195156828200877,-0.28210226500043545,-0.323659845662745,-0.301262087768883
1085,,0.0,-0.5507880170361213,,0.0,0.3418124245639185,0.36513778761548954,0.31006188021673103,0.24779244199219025,0.35793271688751427
1086,,0.0,0.08737547222938304,,0.0,0.09518098027038681,0.10557631074789828,0.03592269188443292,-0.27694610489929294,-0.08640246753296398
1087,,0.0,-0.6018293629394909,,0.0,0.04110927277495039,-0.14156697471458904,-0.07653610573724942,-0.07247067163944253,0.24307071201205388
1088,,0.0,-1.2375912461611276,,0.0,-0.5358801515932885,-0.27487525072430974,-0.28829374492443677,-0.45049290262077585,-0.3845865496861579
1089,,0.0,-0.48350969751872996,,1.0,-0.3921337781655192,-0.335586709860372,-0.2513867148584214,-0.3338563173056056,-0.20300704130295527
1090,,0.0,0.2478184873958182,,1.0,-0.12635962087035135,-0.20974100845920185,-0.050884104688363234,-0.32019406837474584,-0.05777775487606624
1091,,0.0,-0.420570201543362,,0.0,-0.331939024792655,-0.13844584655101555,-0.15002178901874555,-0.19915444783046485,-0.1008893120163991
1092,,1.0,0.5209955309872107,,1.0,0.04190638503392211,-0.03581321057960588,-0.07416935803522035,-0.002462812292120552,0.052291375110178555
1093,,1.0,-0.6825987214602821,,0.0,0.0038257852091744117,0.002095503567689694,0.07676626634386176,-0.03557163102234003,0.06141227180410998
1094,,0.0,0.058917217675397086,,1.0,-0.20768996385245247,-0.25200778855524414,-0.37016989362039604,-0.4255942696483898,-0.22688700608231752
1095,,0.0,-1.1867158508810725,,1.0,-0.43637216520608985,0.029707793091358594,-0.34603881540050835,-0.44521803739703303,0.08030346517862724
1096,,0.0,-0.4928954088017493,,0.0,-0.16843748807913567,-0.48069839902618994,-0.41981224139220336,-0.29010386479241623,-0.3537495993608076
1097,,0.0,0.018289876849239054,,0.0,0.734482904267189,0.908337953526007,0.9969541080941047,0.39405342829499,0.821245623950155
1098,,0.0,-0.4767773193299172,,0.0,0.4363639202985327,0.5361914701760714,0.5525222302936295,0.5290707215807839,0.5693615347134469
1099,,1.0,-0.7195298059442979,,1.0,-0.04593015995100636,0.1297295132727555,-0.0722157911779496,0.11946802121559073,-0.0522956337204132
1100,,0.0,0.16979956084238557,,1.0,-0.6591985142797101,-1.1027378318739878,-1.0820763944721161,-1.1107636726945496,-0.9511840236814216
1101,,0.0,0.6403476613814167,,1.0,-0.08628653723145324,-0.17630752951666145,-0.14517583521172142,-0.033823573744971254,-0.24220400269751374
1102,,0.0,-0.49052548037545957,,1.0,-0.13499861579385228,-0.22933280291046362,-0.24665269108337984,-0.29232800124551256,-0.2201360232188508
1103,,0.0,-0.5040414244446959,,1.0,-0.0785061687340236,-0.02269313037707084,-0.10216888733659095,-0.14130970135779627,-0.13915662743007257
1104,,0.0,0.05611864628438638,,1.0,-0.09670591284140231,-0.16224493202403736,-0.18600877305904934,-0.2419176529000033,-0.13448533939292326
1105,,0.0,0.7725960798396629,,1.0,-0.08895798315299867,0.012918077089806978,-0.13970727020647958,-0.16273668285038956,-0.12279746775466971
1106,,0.0,0.16466930528304327,,1.0,-0.2012011196739555,-0.0034970426227877685,-0.09759700058362918,-0.06984574356639126,-0.21763842415612586
1107,,0.0,0.2450536243111154,,1.0,-0.09286410730873405,-0.14450548965429014,-0.17613624746580442,-0.15637314619974083,-0.07331596003689546
1108,,0.0,-0.8687611207261846,,1.0,0.05125837081319039,-0.07069706306760948,-0.12024242754986271,-0.1219997122421947,-0.028361795744273405
1109,,0.0,0.22632342800397762,,1.0,-0.7365837020443115,-0.6535398077283612,-0.6335705288029316,-0.36575543027529606,-0.4501977589349644
1110,,0.0,-0.6225432367117691,,1.0,0.5144793587260051,0.5492830440144678,0.5838582451144108,0.3985716347330006,0.22355085450490553
1111,,0.0,-0.7484000813313421,,1.0,-0.14598517181906703,-0.3738955830512383,-0.3047549103644918,-0.5055630271869767,-0.40563130126635927
1112,,0.0,-1.1301156840367175,,1.0,-0.4390530989720293,-0.2935223216210704,-0.5183754673046155,-0.20400934960771147,-0.4011490682988179
1113,,0.0,-0.5810082602924708,,1.0,-0.06779475980030997,-0.024556320564248637,-0.03122634694644738,-0.16167992881858398,-0.1781533488749635
1114,,0.0,-0.10063887956266504,,0.0,-0.00018815272185597872,-0.19777972374754044,-0.20173773530323133,-0.03095835931193654,-0.08477790505103716
1115,,0.0,-0.5648943225973149,,1.0,-0.055822010200897554,-0.08308612798366619,-0.06177729832963737,-0.07259955411531878,-0.16656243680472393
1116,,0.0,-0.9581803333007038,,1.0,-0.10010616298350197,-0.1953230701689365,-0.18241209671866498,-0.17129888460754703,-0.028841968655936526
1117,,0.0,-0.6744073484284043,,1.0,-0.024766089981449208,-0.05947263602094522,-0.15442066701058652,-0.11197107801244438,-0.14086635656790858
1118,,0.0,0.9815337615864954,,0.0,0.43309917497163497,0.40491472837522435,0.31129748065580015,0.2988665406529534,0.5433228210797528
1119,,0.0,-0.6336807203098895,,1.0,0.5118150466302277,0.45822005137191213,0.5265857134807524,0.33428067542117973,0.2658661834945451
1120,,0.0,-0.6387514398364585,,0.0,0.5798108242406004,0.5692052514738014,0.6719812788018296,0.3592731006046529,0.1929456352480161
1121,,1.0,-0.5527839765326199,,1.0,-0.08316648443391199,-0.20278675967349558,-0.13399312766674581,-0.12960683788100924,-0.11690666387225222
1122,,0.0,-1.1508685418540756,,1.0,0.18738187916613622,0.1268937350179337,0.08112622550276068,0.002990464950207098,0.28626305850592004
1123,,0.0,-0.6342883709471087,,1.0,-0.5078935435663576,-0.40922310226013714,-0.5718128132248924,-0.4232897147980603,-0.57233247895715
1124,,0.0,-0.6884001132904786,,1.0,-0.5957301831474712,-0.5438907270430647,-0.639514392567094,-0.6226264122010315,-0.5128988893116091
1125,,0.0,0.10847492114190865,,1.0,-0.7269748002597259,-0.677247760062538,-0.8097812939311888,-0.6996580648910259,-0.6295346862531169
1126,,0.0,-0.9228020490106941,,1.0,-0.7565023703691937,-0.5464366014937708,-0.8446842781294296,-0.5914962518896935,-0.7449609348517736
1127,,0.0,-0.9357232177345183,,1.0,-0.9951810173901965,-0.6928152105304358,-0.9722331212413036,-0.9863614129722719,-0.6881645195713936
1128,,0.0,0.6462442231583556,,1.0,-0.7928589042231614,-0.49579897101925974,-0.6922924229819493,-0.6951816286137141,-0.5637021392948802
1129,,0.0,0.05439232470150975,,1.0,0.5768516668738928,0.5983406108563314,0.844451656849511,0.26048464861378623,0.5709606967127897
1130,,0.0,-0.7747472361750567,,1.0,-0.04538534257545846,-0.45266298999183113,-0.4625241035153392,-0.5089720625172813,-0.28516076317227296
1131,,0.0,-0.6131039431118501,,1.0,-0.16993068968204245,-0.2899293822513937,-0.14631447410326573,-0.008185051587481815,-0.03851500917263056
1132,,0.0,-1.064386997688115,,1.0,-0.017423470963277485,0.004630474779879576,-0.016331939383455472,-0.003720438369378383,-0.0020626385898832645
1133,,0.0,0.170579097886087,,1.0,-0.08442566173467883,-0.08622594648654835,-0.17095597257183545,0.02003641976219273,-0.04717068114753941
1134,,0.0,0.08512719504546003,,0.0,0.11271859811673457,-0.13562297042856483,-0.0834078081594516,-0.11788338887258248,0.1050730407121837
1135,,0.0,-0.9167700687793917,,1.0,-0.04836507941404647,-0.07292778780433043,0.04845709766431485,-0.04375826847453377,0.19787604960627295
1136,,0.0,-0.9260110678670348,,1.0,0.004137419459531068,-0.12705291136706362,-0.13131629831085986,-0.026539566865920034,0.016227529034685034
1137,,0.0,0.48997622537679947,,1.0,0.7248123361192006,0.7579866427163449,0.7848579284661631,0.6500098077094059,0.8891141004931963
1138,,0.0,-0.544748247214363,,1.0,0.1083499147225932,0.04857118547111046,0.21517729684997747,0.03697613078152163,0.0665855971946054
1139,,1.0,0.02890122108198714,,1.0,0.12202610454123972,-0.4019271677910914,0.19645896322011958,0.16738234245411096,0.2618002598810959
1140,,0.0,-1.0529853055499367,,1.0,-0.7176578251295955,-0.5264882210205898,-0.6476953685264896,-0.6054115942337636,-0.5502757978344494
1141,,0.0,0.0305354745956613,,1.0,-0.7392995234080092,-0.4450413442923963,-0.6667803180477353,-0.5617640648003581,-0.514879141788208
1142,,0.0,-0.5986209402479336,,1.0,-0.5719996853584106,-0.5010845672609323,-0.6459498016853212,-0.36507099244636676,-0.5532324644898811
1143,,0.0,-0.7252112947708107,,1.0,-0.8443775373357872,-0.4607136968286422,-0.7631102577731697,-0.47089521635625553,-0.5396210115645929
1144,,0.0,-0.9978497584415015,,1.0,-0.20079415476468235,-0.1274171195141797,-0.2791129762523036,-0.0011423844828555474,-0.27585023105394824
1145,,0.0,0.11420886579890895,,1.0,-0.2392967900159576,-0.504910042818594,-0.3438345744097853,-0.16482731725474056,-0.32677313311752426
1146,,0.0,-0.13243487270444645,,1.0,-0.4929652588623448,-1.1105504202960932,-1.157062899122833,-0.5216846898768592,-0.708864560452589
1147,,0.0,0.45548116397491384,,1.0,0.18242503191397805,0.32574799583984965,0.2067711645136935,-0.22139182205673358,0.059564589229608784
1148,,0.0,-0.5072482941331359,,1.0,-0.6671481620286704,-0.5786795494724384,-0.7032579632935343,-0.5113718826706256,-0.5357969202536697
1149,,1.0,0.002462261282885906,,1.0,0.3551214278379905,0.2874212344695289,0.3556348038796989,0.1789977444588308,0.3468321877285782
1150,,0.0,-0.19987797443138955,,1.0,-0.8650511545530423,-1.2061596905775072,-0.8277382986742905,-0.7274702706793152,-0.7881885005090078
1151,,1.0,-0.06339028335567186,,1.0,0.16926583186183625,0.3251978146011101,0.12114426232377792,0.17022144601574982,0.37520742289951536
1152,,0.0,-0.3442210237749912,,1.0,-0.41608034377270703,-0.5905158732512692,-0.40600632593639324,-0.329133312379285,-0.5406652594471215
1153,,0.0,-0.6798994601674624,,1.0,-0.41004921324628796,-0.5924978075306708,-0.4177952674808793,-0.25132263331260624,-0.4912270166108037
1154,,0.0,0.0835066790625884,,1.0,-0.2982962372413803,-0.22843326034634745,-0.2466592513598987,-0.30375681379231917,-0.06365739402119248
1155,,0.0,-0.8357583992223143,,1.0,0.2332767440205205,0.16627340305539287,0.03290392783124604,-0.33778422848447304,0.07348710360493066
1156,,0.0,-0.8720925142961238,,1.0,0.6422134502093829,0.6367828232707956,0.6448846237862583,0.5096833406003621,0.590502549829296
1157,,0.0,-0.7344744650041993,,1.0,0.17751035932655726,0.10328661935670345,0.19258011088913116,0.18912410290488807,0.27217802509700134
1158,,0.0,-0.4497308867165707,,1.0,0.3860345957308399,0.31356056555463224,0.5881001431759423,0.36362768183916033,0.8549369683996846
1159,,0.0,-0.030276616189187214,,1.0,-0.21094975782733533,-0.10779229095711566,-0.2625205224059052,-0.18616357213060827,-0.21861711504370307
1160,,1.0,-0.37506176584138734,,0.0,-0.2335282155255337,-0.4308714617429388,-0.47929386747041686,-0.194049949545831,-0.3449744551161123
1161,,0.0,-0.35537044177611365,,1.0,-1.1860716722193834,-1.3185102956842574,-1.2195845238722607,-0.7273594877650736,-1.0643881970840923
1162,,0.0,0.4164134221292744,,1.0,-0.1729142898006782,-0.19178286553582072,-0.07832136144116417,-0.15247736563524006,-0.05938060446596532
1163,,0.0,-0.37723485603126805,,1.0,-0.5262831334184135,-0.5232174286363477,-0.5586293757883254,-0.060158003540544826,-0.6782000327193678
1164,,0.0,-1.2398876345044965,,1.0,-0.6599522236640898,-0.5610535752540954,-0.3371174560139878,-0.30253800150952825,-0.42122315869980226
1165,,0.0,-0.17423835736207424,,1.0,0.3178782632451416,0.27473461953041817,0.32393459630665417,0.3042219219093994,0.33671773070686994
1166,,0.0,-0.6056132354546371,,1.0,0.29336626639754126,0.17275649493373302,0.3978187101424058,0.49086485911782324,0.4596122528008243
1167,,0.0,-1.0750373985460853,,1.0,-0.24632391856439464,-0.1397780294564675,-0.10408210178346693,0.07790991042899707,-0.16546908593360038
1168,,0.0,0.050734823520606334,,1.0,-0.18097343143919536,-0.12129379910629493,-0.10709682296250694,0.13241759167797776,-0.31330318345851405
1169,,0.0,-0.8504949665744971,,1.0,-0.5064586320529728,-0.515171004793008,-0.5321234016272494,-0.44346392724854183,-0.39874753255706746
1170,,1.0,-0.9524797310801659,,1.0,-0.5593538864961051,-0.7223555234243141,-0.9119243823183998,-0.7330779791180342,-0.8637475478028169
1171,,0.0,-1.0009701853173247,,1.0,0.44863120257749856,0.3078144767331591,0.39507942201054924,0.390964349690061,0.4101939078004595
1172,,0.0,-0.8130401839728492,,1.0,-0.7572126036817015,-0.8573418110293373,-0.7797001269185143,-0.4984543369168723,-0.8466347876400209
1173,,0.0,-0.33541426619694575,,1.0,-0.024634741453320796,-0.20910958124382986,-0.15683925047773525,-0.09848980523326803,-0.10389563363165369
1174,,0.0,0.23638865018671784,,1.0,0.5422867618030175,0.5362454688170601,0.5051062886500322,0.4533839220749321,0.2373197686476482
1175,,0.0,-0.721919232618161,,1.0,-0.11017390680265644,-0.08766427094538973,-0.29837625540587875,-0.06328038033138482,-0.06704774284420725
1176,,0.0,0.016341705664737208,,0.0,0.14814522116728665,0.3339338329413855,0.32890498946999674,0.1494796019398837,0.4824623706790342
1177,,0.0,-0.5033063584272779,,1.0,-0.46182217012763527,-0.17188813978911766,-0.7629199476636641,-0.1529010286958538,-0.31679784473807526
1178,,0.0,-1.167872807335537,,1.0,0.6550749648465782,0.97056430663643,0.7145805402018202,0.46924368948354167,0.7265915927930351
1179,,0.0,-0.5268688227966016,,1.0,-0.9275025963922483,-0.886440449148407,-0.9376418270793268,-0.9739256539045865,-0.900575627117859
1180,,0.0,-2.053004882727493,,1.0,-0.2685039505645862,-0.0048385462412140505,-0.27718451868777727,-0.34993501470329813,-0.2808083706386529
1181,,0.0,0.11499410891283106,,1.0,0.3782355004633083,0.2801589244061343,0.2636372278513022,0.3382627508884571,0.40384329220878573
1182,,0.0,-0.1862342532149629,,0.0,0.1771485341664589,0.15768078904387262,0.14781601530168031,0.19696669523645186,0.16907790242812576
1183,,0.0,-0.8414641046240284,,1.0,0.24307397289899932,-0.005512747365393964,-0.09700813699055834,-0.0032581352727817626,0.20478131623898982
1184,,0.0,-1.0016432797939645,,1.0,0.16384583252127694,0.12227338732497851,0.26570417880230995,0.14847166600056633,0.180343111413328
1185,,1.0,0.1041432339346475,,1.0,-0.26843973893958634,-0.17331509400465653,-0.37803730808667974,-0.1388502170825775,-0.019185457916313972
1186,,1.0,-1.3201225076542584,,1.0,-0.8172376214835568,-1.035448539483562,-0.9758858310887482,-0.7519414632347771,-0.8089897401872872
1187,,0.0,-0.5630744929569336,,1.0,-0.8919772744329795,-0.6680888028039624,-0.9868026069126442,-0.9624266183998499,-0.5727272303879922
1188,,0.0,-0.030794566386537787,,1.0,-0.6802523047741685,-0.4255492758191401,-0.6263175937733809,-0.5757143898214254,-0.5784140070637124
1189,,0.0,0.6758132835928038,,1.0,-0.2432794329995056,-0.34068394275877195,-0.49899803090709066,-0.5475040000597142,-0.48823194950164855
1190,,0.0,-0.6728738050003071,,1.0,0.5889839449076241,0.4151135537456371,0.5872058710719719,0.4561060190586182,0.2534424261598832
1191,,0.0,-0.40780343703188027,,1.0,-0.0454133099512522,-0.045198149681416014,-0.07506833261415144,-0.22669852694791645,-0.06988798559009075
1192,,0.0,-0.7150677015017578,,1.0,-0.33835944693370057,-0.28148978541692543,-0.30187024148034336,-0.3990036463065649,-0.15961906298573417
1193,,0.0,-0.4993231909109104,,1.0,-0.45101430934236447,-0.4562663955427616,-0.4604153284034588,-0.28738377916217694,-0.5931795445383764
1194,,1.0,-0.1549338064068958,,0.0,-0.5805422544846403,-0.586974620421712,-0.5196256541795248,-0.7200819153641341,-0.7281742191230136
1195,,0.0,0.02648851315753143,,1.0,-0.06556784128525638,-0.11685681794828957,-0.4227665852742866,-0.45227137150399116,-0.2680952747170633
1196,,0.0,-0.18997097428118653,,1.0,-0.06775793523422975,-0.045943285076464446,-0.341784299307621,-0.2534473088137098,-0.23241198221972198
1197,,0.0,0.01428458544872284,,0.0,-0.11116340139656843,-0.015854657684949296,-0.1426440357935925,-0.3416313725559062,0.16102877476480174
1198,,0.0,-0.18077337328071982,,1.0,0.2341355430061927,0.14216536748603822,0.03581562605807979,-0.3094270832377209,0.27059527896404545
1199,,1.0,-0.29336318030161745,,1.0,-0.26216145035861027,-0.32037592447010166,-0.028032238029814655,-0.07630077263642254,0.010160371647665289
1200,,0.0,-0.11684387814773833,,0.0,-0.6966875781507003,-0.8684959348134902,-0.8077946507224005,-0.7352079684919173,-0.5644216422032363
1201,,0.0,-0.23884516332795713,,0.0,-0.617114687703893,-0.8700890414200949,-0.8627958302171058,-0.5755553445086217,-0.4808301674300271
1202,,0.0,-0.2643159803512256,,1.0,0.09848212679053607,-0.04677109812300737,-0.16663612046680193,-0.2129247203105258,-0.14708079932260987
1203,,0.0,0.4836112663082891,,1.0,0.41439727609883303,0.4147351958842479,0.46348409016614317,0.38620473089976104,0.3343783957747985
1204,,0.0,-0.5694030370250673,,0.0,0.8613077316897182,0.8319140110561762,0.8286409041951416,0.6969609406402798,0.7148802995194276
1205,,0.0,0.2501902763462635,,1.0,0.302546529572598,0.30733000866384974,0.35250803578349577,0.15488909215672667,0.3415067804311527
1206,,0.0,-1.1014439354797214,,0.0,0.0905023340085123,0.24210776690630187,0.10051456835176141,-0.013503592093485846,0.07477403493220432
1207,,0.0,-1.2034333294832584,,1.0,0.38011038779613676,0.48954042787277224,0.666531194423473,-0.18948103304507302,0.2685295892702668
1208,,0.0,0.8681269264333706,,0.0,0.5211074943446823,0.4847856007986811,0.6106638494407438,0.08534409409797815,0.6517009965082969
1209,,0.0,-0.9424788896590216,,0.0,-0.8036615169928623,-0.6151457951294614,-0.8210975030882646,-0.7910080167354592,-1.0015144700293552
1210,,0.0,0.42330666960476726,,0.0,0.07535302146831467,0.28858308968165636,0.1510902440291001,0.2983463989281273,0.22276070674002998
1211,,0.0,0.5275753785593001,,0.0,0.8572138037170419,0.8217114825787166,0.9706739421937863,0.8932452588055142,0.775245791017593
1212,,0.0,-0.4913247450164585,,1.0,-0.1898247777042104,-0.18752315132956948,-0.4674362759688236,-0.3939592164100192,-0.5079111366456311
1213,,1.0,-0.7017208515468693,,1.0,0.192067370819648,0.18572820067979112,0.01925847872072686,0.06375508547108816,0.1708549927553169
1214,,0.0,-0.08259408746551573,,0.0,-0.4038446334987959,-0.29192292683641097,-0.28284536231456453,-0.27596651930911603,-0.404028354054221
1215,,0.0,-1.05739522228256,,0.0,0.2978992359189416,0.16128861777963024,-0.09756152234649962,0.19521579943304296,0.20817036680605286
1216,,0.0,-0.8572805925676312,,0.0,0.9543082382449041,0.89090626093406,0.7992203136386197,0.6723922169236297,0.9144623962247623
1217,,0.0,-0.2506375835370644,,0.0,0.03543667282031947,-0.02901880596069735,-0.1000639944400955,-0.044665937730396586,0.0663793134300415
1218,,0.0,-0.3115386160269567,,0.0,-0.5750864479887405,-0.8487143181611378,-0.6685236289623214,-0.8271069638310309,-0.5267243048348238
1219,,0.0,0.14360676389679317,,0.0,-0.5721580693420716,-0.5369042518148498,-0.7922449130202697,-0.47211924362511976,-0.5323675092427235
1220,,0.0,0.11348625736947932,,1.0,0.3792691625715275,0.16797040142106398,0.4133756531251804,0.10829395694056604,0.17984874332041062
1221,,0.0,0.3633813532889495,,1.0,0.6003452524358722,0.6329781757206503,0.5905164387837756,0.8234290852611578,0.7925408780031509
1222,,0.0,0.5045067788658197,,1.0,0.13301896002661762,0.2844863587158683,0.027433231901539536,0.022622653843129788,0.2816579019359424
1223,,0.0,-0.21354262459021914,,0.0,-0.3576785283679297,-0.2794684337951506,-0.3268863735563438,-0.46059392867074356,-0.3123566302675328
1224,,0.0,0.08740067492608344,,0.0,0.6816052676114224,0.6088885727381846,0.5988893640776387,0.8389632242447295,0.6615005393295394
1225,,0.0,-1.1672831053174761,,0.0,0.2678542421798781,0.10470355960345677,0.15270646528181325,0.15661693087061623,0.07075312516421005
1226,,0.0,-0.8037552684981234,,0.0,0.20724717472140378,0.3895150657149438,0.3465580470134263,0.17032248109404355,0.06019532803369827
1227,,0.0,-0.9618165294174743,,0.0,0.8036865128318782,0.6792786980592219,0.9317018444730791,0.6439168113684454,0.7464166938413918
1228,,0.0,-0.4806177520399065,,0.0,-0.06570068797348623,-0.18058844030469148,0.16074471240094163,0.0638714363487299,-0.0759211534588086
1229,,1.0,-0.9538798123747352,,0.0,0.44169856705407445,0.42373400836397435,0.032083828950811924,0.27986595427032057,0.42681012952881886
1230,,0.0,-1.0647896308342553,,0.0,-0.19403602573937556,-0.3549297312146193,-0.368222252923303,-0.7261832086076884,-0.4020253903630412
1231,,1.0,-0.39810552522666376,,0.0,-0.202881138662644,-0.37567547645570243,-0.12067296950625984,0.08368400046236636,-0.22877452434229653
1232,,1.0,-0.02005393502523957,,1.0,0.5500098078611918,0.47870310737106037,0.6600684886757823,0.4843368208473467,0.6446820315784848
1233,,0.0,-0.9670910246119857,,0.0,-0.9686616814729674,-1.2488876485072515,-1.0008572822615913,-1.1172814352372098,-1.2116031522824777
1234,,0.0,-0.9203661581014136,,1.0,0.09970271333989489,0.027071531754106128,-0.3487592667139692,-0.07429398432116732,-0.16426976111174033
1235,,0.0,-1.06336501110896,,1.0,0.45906167341910264,0.47228821409419286,0.4760501230202825,0.10237070000189433,0.4099711403328162
1236,,0.0,-0.12779099338650424,,0.0,0.3190994981403691,0.29835182427049595,0.03037673283563688,0.1958138230724366,0.468079162508748
1237,,1.0,-0.3823426820692061,,0.0,-0.019390052221479888,0.14944989574286768,0.01483044172953813,0.0567606940673261,0.28341448643174383
1238,,0.0,-0.7298143483730537,,0.0,-0.2698695877080109,-0.24579674472965354,-0.4283464963892645,-0.2875132122280669,-0.22602076360972323
1239,,0.0,-1.1602383619211334,,0.0,-0.38667512323859915,-0.4104203491896972,-0.668086571574133,-0.6120570195250489,-0.36777108530777847
1240,,0.0,-0.6039854898599315,,0.0,-0.6841363183477638,-0.8169265000837871,-0.8901656897248729,-0.4979847551469781,-0.8221988438901492
1241,,0.0,0.24140305834124745,,0.0,0.6415220072487026,0.47023478540561997,0.3913252314673704,0.3145482741420491,0.5527693128907298
1242,,0.0,0.7820763628467168,,0.0,-0.03770158090642031,0.17886447183355297,-0.11228339777849634,0.09228261481713651,0.04443823329806598
1243,,0.0,-0.47320283145165504,,1.0,0.17306862365020198,0.17203759074215483,-0.11703857476880082,0.005082434566874602,-0.04156097989723681
1244,,0.0,-0.9444150502769246,,1.0,0.1054155992999191,0.005525200311139808,-0.0009727145042372144,-0.09917124160928266,0.04584692378439878
1245,,0.0,-0.9227787625492821,,1.0,-0.04791623595688296,-0.027662667606763443,-0.2867878976142682,0.03383017447905125,0.06246378399719351
1246,,0.0,0.10193588620150963,,1.0,-0.08446612250550888,0.133667617897446,-0.1531000231070231,0.03055638332494103,-0.02563989853219623
1247,,1.0,-0.16875275945286017,,1.0,-0.32084067233555247,-0.7561183881681878,-0.7432289080491877,-0.5809196244403219,-0.5770675119027384
1248,,0.0,-1.1094395897024394,-2.0,1.0,-0.3538736741160321,-0.4637834781362022,-0.572469275951051,-0.6852812869936287,-0.7071179948158329
1249,,0.0,-0.36611035425833616,-1.68,1.0,-0.6549427404093078,-0.596145283261063,-0.8608029936735568,-0.8618826019571038,-0.5985479772076745
1250,,0.0,-0.8988576891889081,-1.57,1.0,-0.8418464556905846,-0.8774292749163854,-1.0614817929725797,-1.1435394175997937,-0.921236588907298
1251,,1.0,-0.5796919201258154,-1.5,1.0,-0.7444385949733129,-0.6753734540470774,-0.9462712906037158,-0.7394117934431728,-0.5828040604663406
1252,,0.0,-0.8590228237655132,-1.42,1.0,-1.3980431102258863,-1.0989384822381287,-1.1356519007649641,-1.2530614336465424,-1.4088532363220345
1253,,0.0,-1.1424595240404913,-1.4,1.0,-0.5718543364691129,-0.6040372431422331,-0.6777682674530137,-0.4278182858874936,-0.5171920157003197
1254,,0.0,-1.2548605511992172,-1.39,1.0,-0.3837561490356153,-0.3525768150140198,-0.5531838947809263,-0.11343227229420542,-0.4184944572793432
1255,,0.0,-0.9298491506636576,-1.3,1.0,-0.015145222907502321,-0.05524837636118529,0.20346583848974711,0.014259108913938634,-0.02939331531213141
1256,,0.0,-0.39196476980784234,-1.3,1.0,0.10982656043307407,0.040228508998022404,0.11120064517101255,-0.042431894920125245,0.13687954583563805
1257,,1.0,-1.1573302456545884,-1.23,1.0,0.133963537261104,-0.1263199844702288,-0.016877142865499666,-0.34877641605223597,-0.12883256229202592
1258,,0.0,-0.35501644382501674,-1.0,0.0,0.5716846517091744,0.47243880150926293,0.33376478695967565,0.1826911917936012,0.4252230832566712
1259,,0.0,-0.39806515986823704,-1.0,0.0,-0.46873203991931145,-0.13655410375934204,-0.28008271937547036,-0.3066652265424623,-0.051427199787255684
1260,,1.0,-0.09648702566908286,-1.0,0.0,-0.2296898545178937,-0.2375504137795284,-0.2087402223625783,-0.42366302877176365,-0.10804728194081657
1261,,0.0,-0.7955121834285078,-1.0,0.0,-0.7302456375503441,-1.1618929586623543,-1.0168527636016929,-1.1564751811463232,-1.0525715176375503
1262,,0.0,-0.6505583399058644,-0.95,0.0,0.1903369050183522,0.28828129945665765,0.2750750099214747,0.41331629137574205,0.23336671795125413
1263,,0.0,-0.6115826557879426,-0.9,0.0,0.4743795135565325,0.5314969773433822,0.4570017252808061,0.6943277926457746,0.4049964581635762
1264,,0.0,-0.693505166628834,-0.87,0.0,-0.47726113945285603,-0.8389577655617966,-0.28437645474273854,-0.6507402142206073,-0.3890717244896453
1265,,0.0,-0.981472833914697,-0.85,0.0,-0.49524062014851145,-0.27388133115427515,-0.27796168394372917,-0.41022169042164436,-0.14029895284301125
1266,,0.0,-1.1861122481991633,-0.85,0.0,-0.040196343955448924,-0.03545681945057815,0.036021842972944106,-0.08433583745472573,-0.005389557169732256
1267,,1.0,-0.676296397529127,-0.82,0.0,-0.5497680531293162,-0.2349768128839404,-0.2663892933347913,-0.056955955640125254,-0.3655042085354399
1268,,1.0,-0.45368478768917403,-0.8,0.0,0.1463541014546189,-0.08756867805858562,0.08469892548609852,-0.06706619547960493,0.17262683404542736
1269,,1.0,-0.35443431783638796,-0.76,0.0,0.06924262304781018,-0.0797306956538127,-0.06400970169136674,0.01588445205250449,0.023324917704267045
1270,,0.0,-0.7404485994584522,-0.73,0.0,-0.6269377586706919,-1.1478247197244817,-0.9507449564365223,-0.6883653121058592,-0.7287678093209792
1271,,1.0,-0.3667982414546012,-0.73,0.0,0.373584334490705,0.47250675810226034,0.39904520971038565,0.20541469516832547,0.6306448689637653
1272,,0.0,-0.2692037010655765,-0.72,0.0,0.5265852691603928,0.4605184079053524,0.29139946587713467,0.6955311667456308,0.576579205438296
1273,,0.0,-0.6862366208351393,-0.7,0.0,-0.3047257263429794,-0.2328037339768719,-0.3621430701173433,-0.10871415982936371,-0.5889276138630081
1274,,0.0,-0.6399518359618199,-0.66,0.0,-0.10289975836421947,0.03639127801358797,-0.0846248204491443,-0.019175112669207985,-0.1341347436381344
1275,,0.0,-0.5666725622280772,-0.66,0.0,-0.0412859814737236,-0.043791793162436275,-0.013051158522334691,0.031546060583637264,0.006666661540959226
1276,,1.0,-0.3585265531800027,-0.6,0.0,-0.012842377080971823,-0.2552352552368891,-0.14016736455108272,-0.26234274533790103,-0.01406795570069573
1277,,1.0,-0.18309696700039305,-0.6,0.0,-0.24224279779787963,-0.6060015946270028,-0.3050832291056825,-0.40272556164967643,-0.4678937147427529
1278,,0.0,-0.07451904841817816,-0.55,0.0,-0.30813353356276996,-0.5040323259298458,-0.44346474558071647,-0.39572138358267983,-0.34880759462317434
1279,,0.0,-0.3906212974917795,-0.52,0.0,-0.13261979507916477,-0.4087642336432606,-0.4167015781097581,-0.3820310518912939,-0.49021584896255593
1280,,0.0,-0.6741123481397169,-0.52,0.0,-0.07484496447480016,-0.13378273094491658,-0.12760402378993774,-0.12963711767940128,-0.08375540398094365
1281,,0.0,-0.38536684833347445,-0.5,0.0,0.09931756885679409,0.2671789606759324,0.18453038997208354,0.16670486927507963,0.1911260672344216
1282,,0.0,0.6052887284655721,-0.48,0.0,0.12040054798780132,0.10663476164074728,0.0666534340755396,0.08633400565327456,0.06609042031219141
1283,,0.0,-0.5181629433811834,-0.42,0.0,0.14817656649566627,0.035170206670324486,-0.13041076836332333,-0.0843736680430038,0.271446882872799
1284,,0.0,-0.11652213294071083,-0.4,0.0,-0.11122368451481512,0.02578233808255917,-0.2877927456775169,-0.24769704384963,0.17964654533555907
1285,,0.0,-0.2377143636296743,-0.38,0.0,0.1982654255763447,0.3883994806517731,0.2585410668804016,0.2808135222964429,0.5069700247633784
1286,,0.0,-0.6836512511699623,-0.37,0.0,-0.7848106303400555,-0.6379793142070073,-0.7280850960932815,-0.6297585333258336,-0.5896601235777119
1287,,0.0,-0.6767816559946828,-0.3,0.0,-0.07522770533674085,-0.26666755780830037,-0.18776454453282995,-0.18286302672208357,-0.08240257938402888
1288,,0.0,-0.22829926279423451,-0.3,0.0,0.05064502785760806,0.1128399443507368,0.10705902070151535,-0.23969370451171745,0.11280515584197849
1289,,0.0,-0.44128738316686256,-0.28,0.0,-0.7312022760029899,-0.5163069884097088,-0.510053571068238,-0.7092899671380997,-0.7549481162965983
1290,,0.0,-0.42089687600848047,-0.27,0.0,-0.5831881425099529,-0.6569408408974432,-0.6820819726326146,-0.5882232595833463,-0.7191096885398943
1291,,0.0,-0.3036096135931271,-0.22,0.0,-0.7002386904142374,-0.7889137224678429,-0.8138602176243515,-0.5690181762672045,-0.6092257402415878
1292,,0.0,-0.3399680055049322,-0.22,0.0,-0.750961209638919,-0.8061901842493169,-0.7931064475372426,-0.40105187349286975,-0.6961586569310582
1293,,0.0,-0.8766537452631321,-0.22,0.0,0.2440226102868931,0.22216039615637323,0.43837339107910106,0.5984956861264055,0.34640582819483373
1294,,0.0,-0.23976406093991354,-0.2,0.0,0.7210097410800368,0.5688658849133745,0.7158079788343195,0.26933305697491855,0.5922884700687464
1295,,0.0,-0.11889056018143247,-0.2,0.0,0.7759197978542678,0.641857298353724,0.8041138169807418,0.38322774178089053,0.616298067317473
1296,,1.0,-0.4492648294483365,-0.19,0.0,0.7444561378196808,0.47279327034578034,0.34216582737239815,0.16264213414558654,0.4077050767223599
1297,,0.0,-0.3427627059315967,-0.19,0.0,-0.26472467730755506,-0.28272546593281245,-0.42895559204336964,-0.5869927516705896,-0.5633655640392361
1298,,0.0,-0.058915208679526286,-0.17,0.0,0.3464456269042281,0.14139114335384,0.4707855943438573,0.18675650613287142,0.4686432349102421
1299,,0.0,-0.7746500632483257,-0.17,0.0,0.23036976577638033,0.24242702825285312,-0.015960675301529455,0.010692956263327362,0.17040545589757913
1300,,0.0,-0.3823688910741531,-0.17,0.0,0.5173191086930051,0.5902351701527221,0.4948172178021556,0.2912807290063478,0.5538491699080563
1301,,0.0,-0.19454008861620098,-0.14,0.0,-0.07680990368126571,-0.06755227678390006,-0.26167519672551737,-0.38990073061385266,-0.03390079907863813
1302,,0.0,-0.05527186408741076,-0.14,0.0,-1.1921410367484677,-1.1766500001196647,-0.8542742419681967,-0.8141290221739726,-0.9677279266682927
1303,,0.0,-0.08822795730626587,-0.14,0.0,0.8813535682080262,0.6296084263948019,0.6469595641924423,0.3141014720053368,0.5577448741097292
1304,,0.0,-0.3668218047126598,-0.14,0.0,0.676310701153169,0.9377765157478422,0.7850066417704191,0.8929165897324506,0.9524480088002204
1305,,1.0,0.3331760842954041,-0.13,0.0,-0.34387010720934397,-0.3628845943727707,-0.10898230510021939,-0.29916448359658504,-0.02594651247665818
1306,,0.0,0.07373109599762842,-0.13,0.0,0.2933819368473996,0.2843916546598074,0.16386993344928416,0.28988539388664664,0.20909015905906447
1307,,0.0,-0.05578009941542673,-0.12,0.0,0.2532502086532758,0.8335964043958521,0.3084866314613912,0.6724105240747474,0.5204212750071572
1308,,0.0,-0.26094537335575546,-0.1,0.0,0.9996498873389551,0.7839497228046005,0.709218857571252,1.022576568024609,0.8820016916394914
1309,,0.0,-0.2423553686208918,-0.1,0.0,0.5756494532472285,0.6334177549908422,0.6578818501446162,0.7411556028877989,0.6632740991890186
1310,,0.0,-0.10641467852228641,-0.1,0.0,0.3087746877668186,0.3230368078984096,0.4486358542900624,0.5119488222340735,0.4768988145379813
1311,,0.0,-0.03968818638187268,-0.1,0.0,0.7350563941772595,-0.6245482084724064,0.7678426803305779,0.6006670004145986,0.37827501937008057
1312,,0.0,0.036823634648921584,-0.1,0.0,0.6404231915058125,0.6145115768188143,0.9256488501590838,0.564325183484798,0.45019952002334446
1313,,0.0,-0.05237003178885096,-0.1,0.0,0.5952612178780895,0.5003660133218778,0.19017029344951755,0.5287118257882041,0.4448192927254589
1314,,0.0,-0.22763665971727637,-0.1,0.0,0.9325314666735931,0.8778675866285829,0.8981196067228353,0.9965849101713466,1.0323222882527334
1315,,0.0,-0.3175565469467864,-0.09,0.0,1.0109699018938076,0.743908427252763,0.6967008447435571,0.7727083570167999,1.0318113206618769
1316,,0.0,-0.912675664642122,-0.09,0.0,0.39066284526312445,0.503699065083002,0.6018789271922728,0.5594920960022471,0.5926238118452426
1317,,0.0,-0.8681197156590391,-0.08,0.0,0.8429923878099859,1.1461228822288019,1.1488122204223365,0.8266889259633371,1.0325939738990477
1318,,0.0,-0.3505774746478181,-0.05,0.0,0.44107701115802034,0.5786064934173515,0.4040179426121286,0.8679334057763465,0.5105510257202267
1319,,0.0,-0.6522458583172951,-0.05,0.0,0.8107360574838308,0.942454855231504,0.7083515846629138,0.9457552725522242,0.953721545206492
1320,,0.0,-0.05363826408222305,-0.04,0.0,0.7330947204693298,0.6932334064486109,0.7112924340966639,0.7041599480332466,0.7568391235971079
1321,,0.0,-0.17810998285565166,-0.04,0.0,0.9727242869983239,0.7982948037832805,0.9674263137483908,0.6966203642816913,1.1213954654185478
1322,,0.0,-0.1640437081193202,-0.03,0.0,0.993009028057991,1.1300243747250829,1.181759150342065,1.1488242511662035,1.1557118866544673
1323,,0.0,-0.2564082794390021,-0.01,0.0,0.8369138157332173,0.5716525773214145,0.7318420984640801,0.7222719731725639,0.7225559561497296
1324,,0.0,0.30621783270812974,0.0,0.0,0.47011325176575264,0.6914970541439165,0.589818334636265,0.8131919680080382,0.6523416783563442
1325,,0.0,0.1945969962566406,0.0,0.0,0.9498457005008318,0.7426083435398779,0.8073989201002324,0.3768669735730797,0.9157917659286042
1326,,0.0,0.14558433179755423,0.04,0.0,0.767760317132236,0.7118851722141974,0.9085810428643418,0.2879078686952562,1.0442664915442066
1327,,0.0,0.059181882267281334,0.05,0.0,0.5384988144433186,0.40341168359952134,0.6182940342067632,0.5599403682126776,0.4301020551592978
1328,,0.0,-0.17539302579189242,0.06,0.0,0.8430189710491216,0.7964974280601722,0.7812404741506968,1.133613606967282,0.8391562784896632
1329,,0.0,0.029892934774235436,0.07,0.0,0.6422075164940367,0.5111383794659968,0.8083852284934006,0.8203175312678392,0.9129464720698754
1330,,0.0,-0.39115281917690886,0.08,0.0,0.6849311480315265,0.48371958131086196,0.6202106882439503,0.545529321946039,0.49661900844827694
1331,,0.0,-0.17495946051143513,0.1,0.0,0.5033712730832057,0.4461947930412249,0.369668898644642,0.35105694430981,0.4020508257914685
1332,,0.0,-0.13484335191065897,0.11,0.0,0.5834628850690755,0.6613152185549335,0.6289970746362322,0.5222801461808011,0.6775687895352186
1333,,0.0,-0.09540279966850325,0.11,0.0,0.7756453878349033,0.8479835911247828,0.606649437297462,0.8024796139571084,0.6836763358614869
1334,,0.0,0.2305901997263714,0.11,0.0,0.4761603551027055,0.6667664525145426,0.5171722308127146,0.43377951101756956,0.49836527987740825
1335,,0.0,0.11325694841749276,0.13,0.0,0.47588159937024155,0.5937234788731475,0.47783275712069745,0.6178025526518028,0.6678263384147983
1336,,0.0,-0.02319732787261932,0.14,0.0,0.6205099713012158,0.460241917231297,0.7630639248979206,0.6028744394133235,0.408918348317235
1337,,0.0,-0.5187822308098196,0.18,0.0,0.33352123860634775,0.5128318420091944,0.48596390169722053,0.5037922580004991,0.5351494706715096
1338,,0.0,0.21513522184921488,0.18,0.0,0.11955478059396184,0.20522896576994257,0.09751019114074347,0.05823522418517049,0.3878374917023671
1339,,0.0,-0.4513834662992387,0.18,0.0,0.29409958001826253,0.3533096751341517,0.20965536286375436,0.37915200510014696,0.45639431026371113
1340,,0.0,0.2954063025525492,0.2,0.0,0.36058024867358884,0.3773824910789662,0.18772770267654817,0.20944895319732182,0.3076062619321891
1341,,0.0,-0.014253055796893961,0.22,0.0,0.9371433306750321,0.8417151085461415,0.8959764680625402,0.9044477180017578,0.8268116774828737
1342,,0.0,0.08939143394512526,0.26,0.0,1.0782323479829568,1.0760517608382125,1.1806185731189403,1.2356859916513843,0.7758319619167594
1343,,0.0,0.042240584025843304,0.27,0.0,0.7735676892274909,0.873346476740425,0.8755687285118979,0.8165717962583832,0.918793834320611
1344,,0.0,0.32401197751174204,0.28,0.0,0.5634437482192469,0.8380377320755101,0.5452342868406379,0.20092002894577474,0.5846134185020931
1345,,0.0,-0.06784515597264344,0.3,0.0,0.8699047678478974,0.787453562206244,0.8888048141054056,0.7438038306927917,1.1333410832427153
1346,,0.0,0.3750848171363735,0.3,0.0,0.7777285046618345,0.7439773276315432,0.67249145130534,0.927180986485193,0.7849407935276668
1347,,0.0,-0.30584940698972884,0.3,0.0,0.6697566372702319,0.8888371275985446,0.8315430879902366,0.7885578428292468,0.8052718612027314
1348,,0.0,0.12330989892292457,0.32,0.0,-1.0311396159265356,-1.0169075899953979,-0.5944578066734183,-1.1216372174410765,-0.9807983278640707
1349,,0.0,-0.3494827631477033,0.32,0.0,0.25852093670955656,0.289885196881541,0.12460435607675911,0.04688857692609165,0.14839979273159448
1350,,0.0,-0.2676656608681573,0.33,0.0,0.3013344577931425,0.4233807358421265,0.5140085354116801,0.003913628501531609,0.551931419010229
1351,,0.0,0.3516523612466538,0.35,0.0,-0.8275544131744972,-0.7299636286808976,-0.6624147527265165,-0.2853154464658124,-0.6578286131142421
1352,,1.0,-0.9390866358245349,0.36,0.0,0.8404263394783933,0.6631314905034719,0.7092009055933648,0.3786219247564533,0.6722949403051022
1353,,0.0,0.05228598943767827,0.36,0.0,-0.1206996787067343,-0.3357114207830434,-0.21869633099491184,-0.13441578974294616,-0.15004653773418553
1354,,0.0,0.20702484565522358,0.36,0.0,0.01098536949009621,0.2404763370984693,0.28564641289588516,-0.19977439948643866,0.18427128517474103
1355,,0.0,-0.12864408831448707,0.38,0.0,0.14864636683831578,0.3365920305087128,0.2722325882916434,-0.02751072713604048,0.28668833461194027
1356,,0.0,-0.08313402180042401,0.38,0.0,0.057151463266787696,0.18093299943388994,0.11633983645773091,-0.1911277218185892,0.18336423104559588
1357,,0.0,0.4529414643455383,0.39,0.0,0.43315045385729656,0.2632618776434327,0.2732297842084544,0.10585819909584056,0.29970278960656205
1358,,0.0,0.7894640288560546,0.39,0.0,-0.1374197444611007,-0.2784899552961468,-0.05056373854644802,-0.07616833704066349,-0.024262061969848616
1359,,0.0,0.4596646649400105,0.39,0.0,-0.4067036671338083,-0.37642925820369283,-0.35480020946224766,-0.2352218698805822,-0.2768381725382301
1360,,0.0,0.08524322761153423,0.4,0.0,-0.055256590944658984,-0.03506884761114979,-0.04113033883839197,-0.04246302338837501,0.004729617158678141
1361,,0.0,0.23292239108194948,0.4,0.0,-0.17964155764166873,0.09356720994002514,0.3302796231013927,0.09140809947632604,0.20011681535563106
1362,,0.0,0.8834900967399542,0.4,0.0,-0.0388024353947693,-0.06716074259594154,0.2311154100290397,-0.2916876575292939,0.02313086640711802
1363,,0.0,-0.10056039231851073,0.42,0.0,-0.12748161632481603,-0.40457241216581125,-0.4907129264265488,-0.379356006723446,-0.2150477979402231
1364,,0.0,0.45304257603495607,0.42,0.0,0.6746539601371645,0.6142720801937677,0.5724834776646125,0.4987756518991574,0.5687260776016975
1365,,0.0,-0.06893057761972253,0.48,0.0,0.5761951647075164,0.36066663903903995,0.3831311395722279,0.6704267016725745,0.376328428285338
1366,,0.0,0.4740092293096722,0.49,0.0,0.014906147476995566,-0.14121428946423298,-0.19236892257534724,0.0595745991359498,-0.0649990189436856
1367,,0.0,0.39979381155056326,0.52,0.0,0.0690670688110078,-0.03459397022895292,-0.14183391325586228,-0.09988708084563308,0.0429901189813219
1368,,0.0,0.2488823675975659,0.55,0.0,0.6378729199555827,0.4647324230654046,0.5350320733101699,0.4231958308963072,0.4760787401849074
1369,,0.0,0.16151417995593406,0.56,0.0,-0.10009826122445903,-0.29631615033227166,-0.29510197136338745,-0.1784972618427705,-0.2335379345255843
1370,,1.0,0.25219466642064875,0.57,0.0,0.8101248122350007,0.8627628489657128,0.7344646687173974,0.8029993102568055,0.8578723926490267
1371,,0.0,0.560788036235348,0.6,0.0,-1.3384855457333777,-1.028259695415219,-1.3747655798467768,-1.0897661173033029,-1.1254712499785526
1372,,1.0,-0.14480016768362128,0.6,0.0,0.4519505175445347,0.25248729902312045,0.508416560388148,0.06848344594134505,0.39707769517398295
1373,,1.0,0.5211156049631965,0.6,0.0,-1.2990081174296206,-1.3257681620562751,-1.4465106718762561,-0.9736778846941799,-0.747745831148144
1374,,0.0,-0.3589729570562496,0.61,0.0,-1.127735040381484,-1.579482942965996,-1.3520254973657204,-0.6997103063114988,-0.855686817429964
1375,,0.0,0.7477904508999019,0.64,0.0,0.08184295638774902,0.09201661687260954,0.07293596349787877,-0.07283188145392312,0.21644732965366217
1376,,0.0,0.628939883418621,0.64,0.0,0.6471746745586445,0.7783838164215741,0.6447846481471321,0.7881694848027951,0.7889806343356065
1377,,0.0,0.7539453388797988,0.66,0.0,-0.4302260886889322,-0.5763019167657027,-0.43552585484024126,-0.6073339065646779,-0.5896372526945329
1378,,0.0,0.6281117994830252,0.7,0.0,0.2922380437725879,0.5297221728551822,0.3968854622128613,0.6557517173600478,0.4591260511352337
1379,,0.0,0.8350275820162736,0.7,0.0,0.592789451764526,0.9485013419300133,0.7311363645085523,0.7136727039688429,0.7187603961188445
1380,,0.0,0.9383268047361528,0.72,0.0,0.5118813990515589,0.5658341642536825,0.7477440276493383,0.46386556715543015,0.572885489446665
1381,,0.0,0.725847589520131,0.74,0.0,0.5785275860459078,0.8813118448771377,0.7438617255129134,0.7948385128826756,0.9573031417515988
1382,,0.0,0.5382435244574392,0.74,0.0,0.8741764691121933,0.9107515058270156,1.0438243148267785,0.7251013323229856,0.6953093895443208
1383,,0.0,-0.24450052663451227,0.74,0.0,0.8258048505528611,0.8034329854541814,0.9090049275431829,0.9776956825413698,0.9849097651814953
1384,,0.0,0.37008430366285505,0.78,0.0,0.7912304705308529,0.7226894524139148,0.8201607843081203,0.5738697631161515,1.1023585416464001
1385,,0.0,0.27365174232551864,0.78,0.0,0.7357785931222679,0.9071255557085676,0.8557104893074021,1.0982958289791376,0.9613901658969665
1386,,0.0,-0.45992280090123927,0.81,0.0,0.2613709636212257,-0.03373806623126417,0.18102391470192777,0.24887578639278912,-0.10005076250194042
1387,,0.0,0.08819089805960058,0.81,0.0,0.05425463756225387,-0.2404276969008931,-0.10528033800934211,0.2661847451438545,-0.10634372110382295
1388,,0.0,0.8076114843696169,0.83,0.0,0.12858716004876813,0.02304535101164358,0.1753359287980179,0.23111194960993375,0.04001787101845152
1389,,0.0,0.9138887451189565,0.86,0.0,0.8664263083798152,0.8572622000935117,0.7610490716404598,0.8546897295679766,0.9248663091124237
1390,,0.0,0.024531740732926067,0.88,0.0,0.6838290742077785,0.7847954989814043,0.9213594986752347,0.9498826079847237,0.8697032375651976
1391,,0.0,0.483470200713231,0.88,0.0,0.665516821152613,0.8211348637777635,0.7581992697761607,0.7861996571122625,0.8056020519160545
1392,,0.0,0.8641528647761624,0.9,0.0,0.8799370285288286,0.826578015178287,0.8653736952194429,0.5387906669255416,0.8272383081262507
1393,,0.0,0.9143268417587201,0.9,0.0,0.892619890296977,0.9156695331818624,1.0254603469702797,0.8239204115056832,1.0701139514423301
1394,,0.0,0.7546370994312513,0.92,0.0,0.9920403228806338,1.1008828106838018,1.10000797095129,1.0592408423488875,0.8633846925712463
1395,,0.0,0.7780190346892261,0.96,0.0,0.3136635215147845,0.2739194324627885,0.21151857237838015,0.4689207041104387,0.28417723257261246
1396,,0.0,0.7697139852216353,1.0,0.0,-0.9452965514214675,-0.9194890714546919,-0.5875539220867202,-0.4662350983872968,-0.47803218877391185
1397,,0.0,1.2862495413963324,1.01,0.0,0.6690958905893464,0.6277662977772691,0.77661324847069,0.5612931893657638,0.6600610332156739
1398,,0.0,1.0487701113865733,1.04,0.0,-0.6794032452438857,-0.9892473931911209,-0.9627115417632747,-0.7736052924341633,-0.8080556621635168
1399,,0.0,0.031555662960925,1.04,0.0,0.916173995041099,1.0967059902246912,1.121232390035118,0.8011583190612064,0.7577753331987782
1400,,0.0,0.9024850222173127,1.06,0.0,0.7297761160455983,0.961329103838808,0.7792898990605422,1.0413393906669337,0.9581361953911909
1401,,0.0,0.982443469393288,1.2,0.0,0.7616068063294903,0.7460339548663947,0.7536832635349845,0.9799519835596296,0.8525366684524893
1402,,0.0,0.523635257715779,1.2,0.0,0.7319723513195339,0.6331937406846133,0.5969904968646137,0.6912899273117737,0.5851571275642781
1403,,0.0,1.0742330823751578,1.38,0.0,0.7646009232055582,0.9199498083757833,0.6185441931661959,0.752274902766329,0.9587907982796923
1404,,0.0,1.1217636514865907,1.38,0.0,0.9037086277613257,0.8981232344346928,0.9657379832742512,1.1364224744527187,1.005568010054269
1405,,0.0,0.6205781301884725,1.5,0.0,0.2187130391091242,0.03542102512124975,0.004333540678706958,0.12738000118271353,0.46055888227144826
1406,,0.0,-0.09949703235999137,,0.0,0.3495293928568484,0.2928560937856431,0.38621779994520716,0.6038848857756329,0.5529196911160797
1407,,0.0,0.5600678201652328,,0.0,1.0418339883579428,1.171663969672913,1.0612137373010888,1.0509558134200352,1.0470327587124033
1408,,0.0,-0.05129134046870123,,1.0,-0.41779611694863056,-0.545802939093767,-0.4699639881216538,-0.13522702784893262,-0.30252908443493404
1409,,0.0,-0.34863453729863314,,0.0,-0.049910667330852226,0.04749785667737399,0.24974871419484831,0.2709607412526787,0.20279139716404
1410,,0.0,0.2265753967569427,,0.0,0.8862676428934976,0.9346000701964834,0.7544809459001844,1.0313915579508945,1.109366452647203
1411,,0.0,-0.4753091493181894,,0.0,0.9365405726286399,-0.4306959143317653,0.8655624313530658,0.8305509485901302,0.9379235915503202
1412,,0.0,-0.00934780448512034,,0.0,0.06944066137427334,0.15964937526611422,0.18891014179359544,0.24964690258550787,0.17979883814541925
1413,,1.0,-0.35856689352793414,,0.0,0.25569365370359814,0.4533378754017821,0.08590521802172528,0.18110676907154863,0.5887123807477102
1414,,1.0,0.04147149930627943,,0.0,-0.6502852162320936,-0.941166193534128,-0.4398930939198615,-0.638743200894768,-0.694177712741923
1415,,0.0,-0.2626613816983236,,0.0,-0.6882372389189132,-0.6167735101926096,-0.5057879798760454,-0.4974877191833687,-0.6341652187793635
1416,,0.0,0.019117500871920996,,0.0,0.3045689248397164,0.41763946953319464,0.3663502180575359,0.30547181877534485,0.35470095585777545
1417,,0.0,-0.6397090187967829,,0.0,1.0184365014824728,1.1137175150068246,0.8169113045410983,0.4825776687760435,0.846973556831765
1418,,0.0,-0.22047690943039652,,0.0,0.20760831015080972,0.15758724335872287,0.16220437478854893,0.31782561367114626,0.38935581583569645
1419,,0.0,-1.2688781634838202,,1.0,0.43904777674886025,0.38008862207464006,0.5188072152306398,0.5291580752332641,0.516644125060545
1420,,0.0,-0.5046476171106912,,0.0,0.3103042013908268,0.5324204640437885,0.5030726540672409,0.6291717784614295,0.5296507144486551
1421,,0.0,-0.7912791204578695,,1.0,0.8839069754355484,0.9108729639535998,0.8010811671700805,0.8501145304908666,0.8407917038229992
1422,,0.0,-0.6126794313888841,,1.0,0.8010874144093038,0.831427780779905,0.8231400589776868,0.5446052873903167,0.6091961287087934
1423,,0.0,-0.5839333234109799,,0.0,0.3529314546598396,0.3518566340629391,0.2542428094835944,-0.11878797732435552,0.4883736525757801
1424,,0.0,-0.3824559223763392,,0.0,0.23613196597020147,0.05694259923066273,-0.06932151681292617,-0.15042325870768278,-0.09793585757625065
1425,,0.0,-0.7311287452962382,,0.0,-0.1729825870982321,-0.17723720203076204,0.06920464345382805,0.043696607133453996,0.352312589973009
1426,,0.0,-1.0456324924642015,,0.0,0.13271261557863107,-0.18012198803673504,0.09495923183600738,0.4916082090045651,0.08922699399969042
1427,,0.0,0.3051571921803155,,1.0,-0.05752544937981042,-0.6946015963585676,-0.3932966254227517,-0.2452675254439921,-0.15929249423729652
1428,,0.0,-0.6326098763650264,,0.0,-0.4150339093524093,-0.6672715244777851,-0.7876168005665337,-0.221555906213063,-0.6378210156243421
1429,,0.0,-0.34019377037473925,,1.0,0.4815078351597827,0.3316731489182966,0.30457799736739277,0.571979893273159,0.5665053612037629
1430,,0.0,0.28664605141341215,,0.0,0.4884063631590969,0.6400239562388795,0.5469717919375517,0.5301343886417561,0.6156887890319139
1431,,0.0,-0.6522872278701898,,1.0,0.3271408169708171,0.25206292820017717,0.2859966399458726,0.5123117058907889,0.049343289346790165
1432,,0.0,-0.5814936145401481,,1.0,0.4368216837784706,0.32681316308125413,0.13800997276194307,0.09036720526542555,0.23248341792348287
1433,,0.0,0.6568241221112426,,1.0,-0.012040638042014579,-0.02048693364404255,-0.22022185706380376,-0.06983878827054338,-0.0715772321527233
1434,,0.0,-0.2261716478675321,,1.0,0.8999296937315578,1.1194349385423823,0.9063539781212836,0.8243258186585692,1.0610070505515112
1435,,0.0,-0.20799237051646197,,0.0,-1.0603818743315279,-1.0319509416020027,-1.006983249947104,-1.1297962707651295,-1.081789392864396
1436,,0.0,0.533378107369821,,0.0,-0.5953144253457185,-0.5831568079653642,-0.5930830097415114,-0.7143909221171251,-0.7381358480236844
1437,,0.0,0.6565170842271417,,1.0,0.8112274372097221,0.8242546524811778,0.7373904758736468,0.8291939944432756,0.7904575188740066
1438,,0.0,-0.13067391371461531,,1.0,0.221994251703243,0.05689971994676911,-0.017676964178106866,0.2353356729233373,0.19479866284189268
1439,,0.0,0.07563745877771498,,0.0,-0.07424802666385365,-0.157482553454964,-0.24330355093160905,0.23128224208504833,0.1535557668789118
1440,,0.0,-0.5159634772302306,,0.0,-0.16669179408260243,-0.10592348607861578,0.07364155327872487,-0.2791620979561427,-0.08077054802519663
1441,,0.0,0.7965621548148405,,0.0,-0.9020068045180957,-0.7560927794862907,-0.8334068985712687,-1.086740681709522,-0.7403674414012985
1442,,0.0,0.11837163157099766,,1.0,0.5383772248902983,0.43715806805161384,0.6067288081538631,0.5093053356349877,0.44548738415109823
1443,,0.0,0.01567439739030413,,0.0,0.10929184787249141,0.1173428139954397,0.12757364209914654,0.16258066734646465,0.13889585631120285
1444,,0.0,0.9842518522892089,,1.0,0.5614375478958267,0.633773911779492,0.24530831093141775,0.4766113551528302,0.7565267415536899
1445,,0.0,-0.6744844651678896,,0.0,0.28422160492460247,0.10493184019616264,0.22165167630816815,0.00959482213482428,0.13342866983220486
1446,,1.0,0.1486758231536744,,0.0,0.3435536639614385,0.4021849247787352,0.49932896844187513,0.459085831328202,0.5626974203258394
1447,,0.0,-0.15625117466437524,,1.0,0.549914201896907,0.08329963510356138,0.45560171050316284,-0.010208682910755721,0.5533866497357419
1448,,0.0,0.3101994582962871,,0.0,-0.14955269806814264,-0.1648031694875889,-0.3260775748964821,-0.03154985046497572,-0.08729049126090684
1449,,1.0,-0.6980776863319902,,0.0,-0.26940036976186943,-0.3325946121935424,-0.4530968601576539,-0.20717753306096526,-0.2671574692700413
1450,,1.0,-1.0290470455897245,,0.0,0.08262818576969784,0.059090275644002044,0.1220479578587319,0.1372007179860366,0.23493942698063847
1451,,1.0,-1.1172058491793508,,1.0,-0.02471032135952409,-0.30246066563286306,-0.39559376248991107,-0.4446402959642199,-0.33581160875113275
1452,,0.0,-0.6701741190574955,,1.0,0.3868612158750599,0.5896253266701197,0.6147099017698785,0.9395449350935346,0.6261113735745386
1453,,1.0,-0.6046232694848769,,1.0,0.3978149852615181,0.1185888748192528,0.6952472457638011,0.46884242581356855,0.34582800385972023
1454,,0.0,-1.0968033441916956,,1.0,0.8278722946064833,1.0153281804308028,0.9458806468660182,0.5335628047510546,0.9347311272099036
1455,,0.0,-1.2311393107279718,,1.0,0.6573461662101049,0.8402000875364043,0.8841001740944086,0.44448312871580553,0.7089192442347124
1456,,0.0,-1.3114370433655254,,1.0,0.1386321585210353,-0.10246461707889286,-0.12442693013812249,0.08698173176965156,0.16500351360319104
1457,,1.0,-0.4648581220839032,,0.0,0.6001563574059071,0.7696816976342925,0.7668169281701078,0.4733273779457181,0.7468538762541509
1458,,1.0,0.12267109465967571,,0.0,-0.12961993723333118,-0.7470647052889078,-0.7085767507370655,-0.648444855079992,-0.6571373580948865
1459,,0.0,-1.4101477007301837,,1.0,0.3554634148147942,0.09618394992010618,-0.13780524620349863,-0.2335874764000067,0.40577850449507763
1460,,0.0,-1.4271064159019262,,1.0,0.7360540864498238,0.9075828851327484,0.9682274913609653,0.8037723341478907,0.6816944611827231
1461,,0.0,-0.8624543361364679,,0.0,0.6642891456355176,0.661234648929036,0.8013267704576501,0.723362862569388,0.7327989199531059
1462,,0.0,-0.06415126749363412,,0.0,0.8400106784173517,0.8425738233555103,0.6679563705055666,0.8422513040163017,0.6773387211792337
1463,,0.0,-0.10700858407478987,,0.0,0.8459091939056175,0.7672416136440802,0.8486731321530119,0.7556953470416348,0.6999174538236523
1464,,0.0,-0.5982993903997282,,0.0,0.9845864224418206,0.9070799133951827,0.862834170788214,0.8194028086188058,0.9382182537764447
1465,,0.0,0.03279758162312575,,0.0,0.4579677324585408,0.3984855432198865,0.4690002778466653,0.3725926195534262,0.5112002601746111
1466,,0.0,0.005469154882937369,,0.0,0.7561833414887466,0.7849824055735452,0.7645149179288355,0.9858030572650055,0.8020745056688107
1467,,0.0,0.6489261040957881,,0.0,0.561804400097911,0.44865131249091383,0.3661354544827389,0.23598078168888512,0.4669387810847025
1468,,0.0,-0.5132094626755593,,0.0,1.084886226962526,1.1241003424179632,1.0792289693049673,0.9300401185505593,1.0057186725748293
1469,,0.0,-1.0049466590074487,,0.0,0.5376205023211262,0.678401186621478,0.5099805631358223,0.6844737420730262,0.7850702422131177
1470,,0.0,-0.9768041990715308,,1.0,1.0408499410208059,0.9578786736515074,0.8563717632977526,1.1112442578062547,0.9688349324382043
1471,,0.0,-0.7934171466818747,,0.0,0.9144210489864536,0.7574708222817726,0.8954847447122525,1.0498538548556386,0.7181384091582156
1472,,0.0,-0.8602931800384895,,0.0,1.043535464958904,0.9427128105570295,1.0277724761925908,1.0586382186037757,0.7600068512964026
1473,,0.0,-1.0712205808733928,,0.0,0.756361822624659,0.6278901207482228,0.6072955838403129,0.6690532424234191,0.5780501611206027
1474,,1.0,0.13801818001822136,,0.0,0.3881553732944552,0.27288974181196823,0.3348754649904848,0.40858793809032556,0.540866145742307
1475,,0.0,-0.050884104688363234,,0.0,0.9086336403847174,0.8853625235023002,0.9143460026948725,0.8937144024958523,0.7741573994255895
1476,,0.0,0.07676626634386176,,1.0,0.3310318831690263,0.28113272561403974,0.07980968311991546,-0.3639657622126204,0.2283955193515086
1477,,1.0,-0.37016989362039604,,0.0,0.7242631892441173,0.6954317251080185,0.861690515957861,0.43472211046069037,0.4532463700796817
1478,,1.0,-0.34603881540050835,,0.0,-0.5324326229137036,-1.0365552842100685,-0.7212014224663436,-0.4139365560474907,-0.5512692106606255
1479,,0.0,-0.41981224139220336,,0.0,0.3952252863283466,0.11186789602917918,0.2244826981938101,0.08888094210254617,0.1419809157644013
1480,,1.0,-0.13970727020647958,,0.0,0.887474019412666,0.9624463696607222,0.9711088411761504,0.4235366569686846,0.776771877518777
1481,,0.0,0.5838582451144108,,0.0,0.3841752753709064,0.3754965204449232,0.213507844590371,0.010417345428130649,0.5239968716146585
1482,,1.0,-0.20173773530323133,,0.0,0.25720581466851156,-0.2205404061853806,-0.01718682326278517,0.05885283327146564,0.17656292842687749
1483,,0.0,-0.06177729832963737,,0.0,-0.11597513176135019,-0.05194738270829876,-0.09298563943366225,-0.02988087542519707,-0.012900324975571744
1484,,0.0,0.5265857134807524,,0.0,0.09258250802635992,0.007304228126511924,0.038331536689013894,0.16302924555999299,0.22589194464269405
1485,,0.0,-0.8446842781294296,,0.0,-0.6205603373357821,-0.395924772754414,-0.689548186476371,-0.6261404483481039,-0.5637873030725176
1486,,0.0,-0.6922924229819493,,0.0,0.08376704973021903,0.044135756851064,-0.059200929203739296,-0.1288928830801341,0.2993771141746336
1487,,1.0,-0.016331939383455472,,0.0,-0.7463499473047432,-0.6675218008282163,-0.6765407202946432,-0.6252162480336253,-0.5632213917917294
1488,,0.0,-0.4177952674808793,,0.0,-0.3381612532788059,-0.28073989113947273,-0.5603537604963849,-0.814293146347093,-0.8587710420518803
1489,,0.0,0.5881001431759423,,0.0,-0.9774764164209837,-0.9929967402061961,-1.0292042969075603,-1.169518427990268,-1.1641587999421885
1490,,0.0,-0.5586293757883254,,0.0,-1.0314717294146194,-0.8765435486546933,-0.9936736769852653,-0.9383586391657023,-1.028627624869765
1491,,0.0,0.32393459630665417,,0.0,-0.8708318553827261,-0.9632870707293267,-0.9990149547887847,-0.989752155789223,-0.9680934692143768
1492,,0.0,0.3978187101424058,,0.0,-0.8788705087654739,-0.8917737540381578,-0.966905276946284,-0.8476751275323545,-1.005218057921841
1493,,0.0,-0.9376418270793268,,0.0,-0.06585916499898155,-0.2521087460363118,-0.01738703476971728,0.015257672515433305,-0.16442058332032247
1494,,1.0,-0.9758858310887482,,1.0,-0.1207698440359016,-0.1356646708079539,0.1200020135626383,-0.1278785218487267,0.10324497242692227
1495,,0.0,-0.5196256541795248,,1.0,-1.1975508977197158,-1.2251359172479708,-1.2713111593762465,-1.5513884074243578,-1.301957376206666
1496,,0.0,-0.1426440357935925,,0.0,0.16469084209826687,0.24136887177589472,0.2361623386942009,0.20892726272271947,0.24315803236601846
1497,,0.0,-0.8077946507224005,,0.0,-0.5477651732609766,-0.6032491081271844,-0.6514159070864252,-0.5220722776149621,-0.6170613676223055
1498,,0.0,-0.16663612046680193,,0.0,0.235155291502506,0.15942734755118024,0.1369878496006503,-0.3673026151514809,0.15335602956157462
1499,,1.0,0.10051456835176141,,0.0,-0.16388362670208598,-0.720734565884883,-0.7561208093382757,-0.5605703832167239,-0.09384843952011054
1500,,0.0,0.01925847872072686,,1.0,0.10847063027405633,-0.005594132527642669,0.21302073772470803,-0.093666206733499,0.18493341476600528
1501,,1.0,-0.1000639944400955,,0.0,0.18964329128471366,0.2606750588384677,0.22631189558248307,0.26604908515252884,0.24385204801676186
1502,,0.0,0.5905164387837756,,0.0,-0.5337624065574501,-0.7329765204517398,-0.9319199933031508,-0.692271230839152,-0.7055785830046755
1503,,1.0,0.027433231901539536,,0.0,0.5311403834737833,0.5280092951215277,0.4607239810446604,0.1604535487291373,0.49792490744819945
1504,,0.0,0.6600684886757823,,1.0,0.09187925116747955,-0.29034051566916286,-0.26431477609490583,-0.6398042286737885,-0.31168394563151636
1505,,1.0,-0.1531000231070231,,0.0,0.6826537028468774,0.6573908758215888,0.8447241417361679,0.4472676334201701,0.5789702581636991
1506,,0.0,0.036021842972944106,,0.0,0.13061733796697386,0.21094106899386078,0.26798324580797944,0.30269760576109656,0.339553454892384
1507,,0.0,0.08469892548609852,,1.0,-0.3249556198607236,-0.6420742349703622,-0.5617200670583696,-0.22372495473030332,-0.43654826376262185
1508,,1.0,-0.06400970169136674,,1.0,-0.3196572986881606,-0.1987394944232982,-0.413404031051669,-0.3691703207033664,-0.19184770584482116
1509,,1.0,-0.4167015781097581,,0.0,-0.8137544246918121,-1.192615771292164,-1.0094656151541754,-1.0101876633095865,-1.16174889082276
1510,,0.0,0.0666534340755396,,0.0,-0.5817979210177004,-1.0502470372062072,-0.9350524267948159,-0.8148029876453786,-0.8618660425347605
1511,,0.0,-0.13041076836332333,,0.0,-0.24857964827151874,-0.5009921413903982,-0.5393098072568525,-0.41156798580805126,-0.36035811265407397
1512,,0.0,0.10705902070151535,,0.0,-0.9371920838230021,-0.9916197823971296,-0.9727104839949824,-0.620175826065024,-0.9817015742089205
1513,,0.0,-0.7931064475372426,,0.0,-0.14375898039601215,-0.035740650102781324,-0.038932771034199495,-0.0540979922474228,-0.13509286708525065
1514,,1.0,0.8041138169807418,,0.0,0.07917672550028375,0.043052372990501034,0.03620627915613262,-0.10211182627635063,-0.24007215856296535
1515,,1.0,-0.26167519672551737,,0.0,0.32199942919099744,0.1702220019369517,0.22740056820825796,0.34524410385888044,0.3065465605602818
1516,,0.0,0.19017029344951755,,0.0,-0.09506076842109185,-0.7616372683433047,-0.7278784859951574,-0.34318899437275496,-0.03835612505400772
1517,,0.0,1.1488122204223365,,0.0,-0.06891289435515137,-0.6666373212635446,-0.5533473535416189,-0.22593240810272652,0.14806188407315438
1518,,0.0,1.181759150342065,,0.0,0.255852821611932,0.04912284445357736,0.1328303869469059,0.2620103073469136,0.17269542542078695
1519,,0.0,0.589818334636265,,0.0,-0.3759857597051206,-0.4230081404056216,-0.4524193341362117,-0.37178128886896816,-0.3747654385948497
1520,,0.0,0.6289970746362322,,0.0,0.5119061293596167,0.37271551634544825,0.32017549286538194,0.4755589607184817,0.44119583865401896
1521,,0.0,0.67249145130534,,0.0,0.24701278102331442,0.15900954024117261,0.31789222727585825,0.15966736749682567,0.24076657817622774
1522,,0.0,-0.6624147527265165,,0.0,0.18084983814032252,0.12810264191587709,0.2649227561193803,0.14296197293117352,0.17085040903793006
1523,,0.0,-0.4907129264265488,,0.0,-0.06399582690653313,-0.0029724455251625595,0.10356286929836128,-0.0023623658292143144,-0.012214575313605024
1524,,0.0,-0.14183391325586228,,0.0,-0.38651984310558124,-0.3057090505767919,-0.25383230435486226,-0.21887393180546894,-0.6249594647507026
1525,,0.0,0.5350320733101699,,0.0,-0.14030108860699833,-0.24265021694899028,-0.07587019778577266,-0.16353987211158172,-0.0919780816461101
1526,,0.0,0.3968854622128613,,0.0,0.18810198118845034,0.5627598017023888,0.22050060499704066,0.34244674997327346,0.3431422509908345
1527,,0.0,0.7311363645085523,,0.0,-0.074551817546773,0.40996410893588775,0.09302407578702761,0.3702183241105523,0.19100300139428794
1528,,0.0,1.0438243148267785,,0.0,0.15700211770704262,0.05877252928472309,-0.060915096744185986,0.014022877289938354,0.08136280324342435
1529,,0.0,1.0254603469702797,,0.0,0.43296390502797744,0.44361408497083515,0.5457835504319913,0.2718578050267529,0.524850509080542
1530,,0.0,-0.9627115417632747,,0.0,0.22228949557847938,0.46140869198718076,0.22188241464978814,0.31109649350917207,0.19833333502939357
1531,,0.0,0.7792898990605422,,0.0,-0.27676442191167905,-0.45785302625424756,-0.5249181617963644,-0.5211729614206514,-0.5349041835210588
1532,,0.0,0.7536832635349845,,0.0,0.6359452983569502,0.7187658015869625,0.6063714330876092,0.7417530498531405,0.6324180430290758
1533,,0.0,0.9657379832742512,,0.0,0.11552165323493846,-0.02705466173904711,0.13049775729791352,0.06420327310730752,0.06770012461879871
1534,,1.0,0.004333540678706958,,0.0,-0.2637317913897242,-0.49747726692135436,-0.4527429059198308,-0.4405036265965598,-0.2287049472190642
1535,,0.0,0.8169113045410983,,0.0,-0.4397974492552664,-0.39591402537136927,-0.4235722049161857,-0.3468442665100633,-0.7033806766644747
1536,,0.0,0.06920464345382805,,0.0,-0.2797305584510345,-0.330957516911725,-0.07115664621614863,-0.22883596386467742,-0.2570189246556957
1537,,1.0,-0.3932966254227517,,0.0,0.4495947142099841,0.22454277706744832,0.14550746394358996,0.00676108508483799,0.29615914463368337
1538,,0.0,0.13800997276194307,,0.0,-0.5633250869247386,-0.9451083388401444,-0.7272710804849625,-0.3802614521722073,-0.7603815262857873
1539,,1.0,-0.5930830097415114,,0.0,0.7657427693265725,0.6616859356104167,0.7433545816565434,0.871326539063967,0.6902192819176268
1540,,0.0,0.12757364209914654,,0.0,0.37393451437639097,0.18377123102182608,0.38504904975876386,0.5444199507810024,0.5157538614843855
1541,,0.0,0.24530831093141775,,0.0,0.08702194499355959,0.057804639823858237,-0.029506064578112636,0.02931648054635834,-0.08973181925493631
1542,,0.0,0.6952472457638011,,1.0,-0.45796216648430865,-1.0779423656848526,-0.7584226481699194,-0.6918455428154731,-0.7136163476754481
1543,,0.0,-0.7085767507370655,,1.0,0.7411096229162262,0.7345053502639526,0.6295177204654959,0.7932193500710492,0.7439126559793274
1544,,0.0,0.8013267704576501,,0.0,-0.8455614860385864,-1.0507135383690358,-1.0431613878774348,-0.9341288504565084,-0.9021839507487285
1545,,0.0,0.6679563705055666,,0.0,-0.9454244034211031,-0.8897829362114309,-0.9468227601478548,-1.075521876998839,-1.0425478347382895
1546,,0.0,1.0792289693049673,,0.0,0.05980367426513427,0.06049011550784188,-0.20530405049698913,-0.2979252241167339,-0.12796307898844952
1547,,0.0,0.5099805631358223,,0.0,0.3860740239526256,0.6370031213204991,0.5240120582423068,0.6343178142766215,0.47137196908527335
1548,,0.0,0.861690515957861,,1.0,0.3793785458099302,0.4717288703793831,0.4402035923590103,0.6115978201842406,0.5529724355664218
1549,,0.0,0.9711088411761504,,1.0,0.45225529921294233,0.3262639085213413,0.5803431897149648,0.935535420268531,0.7286603057105693
1550,,0.0,0.4607239810446604,,1.0,0.8886181466753535,0.9137318689945839,0.7554646425827531,0.5590689592116257,0.8614882820210881
1551,,0.0,-0.5617200670583696,,0.0,0.512271199783117,0.36089829124316175,0.4571177483273315,0.2498239161859936,0.39862284212822885
1552,,0.0,-0.413404031051669,,1.0,0.4439845127591934,0.4677162031349338,0.6907186285797718,0.6195929567765752,0.7049254469390646
1553,,0.0,-1.0094656151541754,,1.0,0.678201978886261,0.6391952254453873,0.7754576186662474,0.6982048060617113,0.8138591771879731
1554,,0.0,0.03620627915613262,,1.0,0.06007736406913701,-0.07705523467813122,0.03051043559041071,0.17415607692856339,0.12547637514959561
1555,,0.0,0.22740056820825796,,1.0,-0.5420168575997324,-0.7600873133253997,-0.6031135386740442,-0.8105847959993757,-0.6576889320255276
1556,,0.0,-0.5533473535416189,,0.0,-0.010153631649846891,-0.19499125822158264,-0.35068561597356385,-0.43082422709114904,-0.3774665735670344
1557,,0.0,0.32017549286538194,,0.0,-0.0748934919165127,-0.03924933945657897,0.09879142236494667,0.298750516451402,0.030993733754012355
1558,,0.0,0.31789222727585825,,0.0,0.005134097212312575,-0.13031583274472663,-0.24731733545247023,0.273107073152621,-0.14939059701074014
1559,,0.0,-0.07587019778577266,,0.0,0.12750805314066815,0.15510032547532554,0.03136076002826787,0.09039985215886608,0.14384161884820268
1560,,1.0,0.22050060499704066,,0.0,0.22587617650098477,0.23174540301651736,0.2566628311056295,0.2022621421176663,0.26035005542244216
1561,,1.0,-0.4527429059198308,,1.0,-0.5653649159930344,-0.8953234752424827,-0.7621215205748615,-0.4883877448410672,-0.7576441090962596
1562,,1.0,-0.4235722049161857,,0.0,-0.690542101038717,-1.2196383017261072,-1.0534417644524547,-1.199346218407537,-1.2107038509195254
1563,,1.0,0.7433545816565434,,1.0,-0.9740990333609248,-1.1817859801149206,-0.9741779947131358,-0.7588157270204275,-0.9285747191122422
1564,,0.0,0.38504904975876386,,0.0,-0.08105018692658106,-0.5249727652235637,-0.384051112173961,-0.2478640625525216,-0.3558102144293576
1565,,0.0,-0.029506064578112636,,0.0,0.5943389957053953,0.5557286793066593,0.5843111996155022,0.7666375066102175,0.5773932887369901
1566,,0.0,0.7754576186662474,,0.0,0.4790878149825014,0.5055865154527336,0.6428247845004146,0.2853916391373858,0.39420121661079544
1567,,0.0,0.03051043559041071,,0.0,-0.23487615538743373,0.005278868386510905,-0.128461711064303,-0.5536647382308245,-0.1396008469847555
1568,,0.0,0.2566628311056295,,1.0,-0.9422079130471124,-0.9926825007858973,-0.907931578603011,-0.7654963880051718,-0.6762424261331983
1569,,0.0,-0.07651282755237691,,0.0,-0.13384402524952518,-0.1336342921909062,-0.07651282755237691,-0.2793095381899663,-0.2298350544165189
1570,,0.0,-0.816281109522459,,0.0,-0.1595567480987181,-0.5139572420102742,-0.4755568500289535,-0.503046863736572,-0.4244561766164046
1571,,0.0,-0.7756293478588978,,0.0,0.08307746001968719,-0.05910583608783223,0.2604882706005753,0.05936687540990524,0.2095011152562095
1572,,0.0,0.781153659031046,,0.0,-1.5455961130080238,-1.152047593196974,-1.6405897283018294,-1.0025387974700577,-1.0609672198704805
1573,,0.0,-0.9277545909904388,,0.0,-1.6127100262817333,-1.2717298967520188,-1.6441749144664743,-1.3884254390511015,-1.2240833017481834
1574,,0.0,-0.0847362585032626,,0.0,-0.7321757847261757,-0.7899383395606454,-0.816281109522459,-0.7595770616801916,-0.5436765213828068
1575,,0.0,0.011562751091534746,,0.0,-0.8906365109226346,-0.5184031544865861,-0.5457753133358073,-0.40125192603585996,-0.5398294002621568
1576,,0.0,-0.5395971616166618,,0.0,-0.7670346247037307,-0.6209899127587138,-0.9213724458613464,-0.734009493093905,-0.6689251402323155
1577,,0.0,-0.009783891734378316,,0.0,-0.7877023250907781,-1.1022490747161964,-0.9632389862966355,-1.2400297094963395,-0.9368711149259157
1578,,1.0,-0.7085545532266747,,1.0,0.3940630556069626,0.029990962633398368,0.2152169354686078,0.3123669007281709,0.15695391220181323
1579,,0.0,0.9231326594626128,,0.0,-0.6492565266563507,-0.5804693076168105,-0.7756293478588978,-0.7280939529455513,-0.8972988669046617
1580,,0.0,0.45488129243563774,,0.0,0.6268257897302106,1.0875446792177925,0.781153659031046,0.883155434212333,1.0143573540539599
1581,,1.0,-0.06579698545123129,,1.0,-1.3484631983097768,-1.2130793474489325,-1.027454210652104,-1.3083025932852461,-1.1206182555571351
1582,,0.0,-0.26975438773172083,,0.0,-0.9021831127653295,-1.0457565473061383,-0.9277545909904388,-0.9176537394557188,-0.8858939559382972
1583,,0.0,-0.6232506146000594,,1.0,-0.3987423539074448,-0.5107694847346258,-0.749967752122532,-0.2932070956015724,-0.28185504398444783
1584,,0.0,0.10705532168388507,,1.0,-0.5470226148507105,-0.9031821203269121,-0.8557115895630455,-0.5018303138281339,-0.5116063221613103
1585,,0.0,-0.26063488294136034,,0.0,-0.43951494302789496,-0.46670444119964155,-0.6243614519779703,-0.3755613614284406,-0.3099527155776335
1586,,0.0,0.6245217588049433,,0.0,-0.4683772313435924,-0.5235611181988242,-0.6761127451808893,-0.481884951763514,-0.26123615833099195
1587,,0.0,-0.060979875479844396,,0.0,0.17334138923587292,0.1053403232862157,-0.0847362585032626,-0.169455505031327,0.04022456747790773
1588,,0.0,-0.014868952374592634,,0.0,-0.5554118812634823,-1.0701991347030242,-0.7251015515644978,-0.5351419400427944,-0.5854293523093527
1589,,0.0,-0.5602014825667326,,0.0,-0.6261308739771659,-0.4311634348491998,-0.68229488201346,-0.24027756497101863,-0.267794465540829
1590,,0.0,-0.04602055010447499,,0.0,-0.5378679662860428,-0.49538432701527724,-0.5525308141212415,-0.1018113583863674,-0.3253163316556576
1591,,0.0,-0.044619151961330414,,0.0,-0.492215119887982,-0.3880761230910745,-0.43756525192484264,-0.3029555791615893,-0.1938838116288939
1592,,0.0,0.00972871079654587,,0.0,0.02538802130795357,-0.10281471288634329,0.011562751091534746,0.0275264502015975,-0.14355221151169698
1593,,0.0,-0.004638317186114049,,1.0,-0.6554473238831872,-0.49853555607354677,-0.5395971616166618,-0.5010021237804372,-0.29981555348027145
1594,,0.0,-0.5392031071226772,,1.0,-0.5293500456446149,-1.0832248731616234,-0.7130742108778823,-0.41810391980377476,-0.637539520224257
1595,,0.0,0.4108353098835672,,0.0,-0.6286222732832317,-0.47173599942621225,-0.3461325302577805,-0.5031931935516094,-0.2682032620978971
1596,,0.0,-0.478758272390999,,0.0,-0.42560606516755417,-0.49524907148662956,-0.5734372648934474,-0.28768288055866176,-0.2441561878711232
1597,,1.0,-0.5307712187153558,,0.0,-0.48473607206188785,-0.29239789474021805,-0.6380396355518887,-0.4346172400622733,-0.033889646871431686
1598,,0.0,-0.32102747538543286,,0.0,-0.8204733757106261,-1.109879980738993,-0.744787774043564,-0.5399691892688671,-0.6151745688709894
1599,,0.0,-0.420118409567266,,0.0,0.22527504307366766,-0.04477267604071291,-0.009783891734378316,0.3769426189845556,-0.05089155848474461
1600,,1.0,-0.4289092495559974,,0.0,-0.39771541853389786,-0.7242196910265363,-0.7085545532266747,-0.6242935515121493,-0.6224402873070749
1601,,0.0,-0.7224442232668533,,1.0,0.23057767379104827,0.49675000937310826,0.9231326594626128,0.11325003692354545,0.5162938199582218
1602,,0.0,-0.5220128311552644,,0.0,-0.47521982310112537,-0.48001238346158276,-0.5191857180361408,-0.31567241887814673,-0.28133546223397127
1603,,0.0,-0.31764249796624117,,0.0,-0.9373977813521427,-0.5804607399796293,-0.8877267362389502,-0.4501663443598715,-0.477770636740505
1604,,1.0,0.32770299264840397,,0.0,-0.8569237329676778,-1.295438941290055,-1.0750708726018416,-0.8954041732928569,-0.8545074596114561
1605,,0.0,-0.8433322692880828,,1.0,0.2918189992971748,0.35636678547239325,0.45488129243563774,0.5378786134338515,0.38492697979535373
1606,,0.0,-1.4930990209943704,,1.0,-0.1255255313480237,-0.3141799416658042,-0.2610006521143447,-0.14433873358644847,-0.002463543130126287
1607,,1.0,-0.320001563821827,,0.0,-0.7561925809541279,-0.6706718700898174,-0.7882918431100444,-0.6818876189786283,-0.5194496450770179
1608,,1.0,0.03939864077173897,,1.0,-0.4105140104383889,-0.6012880236404262,-0.6385925510629293,-0.7001638947416915,-0.4684875174051866
1609,,1.0,0.7855603971621973,,0.0,-0.040146987995647226,-0.04201310367625894,-0.06579698545123129,-0.06581823210065324,-0.03745907920595144
1610,,1.0,0.27701886606548626,,0.0,-0.17624179320412728,0.0790226903120689,-0.13456986507958954,-0.14596548216163627,-0.02532531506022047
1611,,1.0,-0.08386128271426277,,0.0,-0.08348819539702747,-0.3109026414363695,-0.07329306461874173,-0.05541687460807759,-0.16686533273785126
1612,,0.0,0.14444413735303005,,0.0,-0.09226642479531007,-0.46129975725370775,-0.37379626765898744,-0.053290589296162524,-0.11618025929372246
1613,,0.0,0.09302741557610586,,0.0,-0.8430723055093908,-0.6567240823257613,-0.7553818305701202,-0.27487639395611957,-0.44757168441101464
1614,,0.0,0.810842903519126,,1.0,-0.7079199928540414,-0.6911172525455663,-0.5166038729794376,-0.6238493374762955,-0.4855269324541555
1615,,0.0,-0.28146325350932433,,0.0,-0.587984585677096,-0.7104280784321577,-0.49906069686697696,-0.47984553657728996,-0.1710240272188946
1616,,1.0,-1.1187716266412782,,1.0,-0.8494270512986267,-1.3960205973613613,-1.0388562342817924,-0.9000997657332096,-0.8544350156913478
1617,,0.0,-0.8440602260301195,,0.0,-0.9042565380310633,-1.281361815222866,-1.0558870608428939,-0.8592955096418802,-1.022575862848917
1618,,0.0,-0.7108484837357746,,1.0,-0.6265023705433811,-0.6889935877084398,-0.6559819578812951,-0.673995008033204,-0.7037884651528099
1619,,0.0,-0.7096958608510261,,0.0,-0.1744912985125249,-0.35202661432028887,-0.2966762950630646,-0.36772281924002975,-0.22006483939138927
1620,,0.0,-0.38342030017102263,,0.0,0.511148071263315,0.5259941094597115,0.4124561693879536,0.3608033475092074,0.46430177869594297
1621,,1.0,-0.0933909918175865,,0.0,0.4905367939635385,0.3820804257022931,0.4016555421164707,0.11756813268735328,0.3452733467327014
1622,,1.0,-0.23301972671368987,,0.0,0.059824641545753364,-0.06147780486230378,0.09534515845412386,0.025000351697410515,0.34185204608199893
1623,,0.0,-0.7165401006169944,,0.0,0.1452779822679897,0.20123796224336088,0.1263133679464917,0.3713784865041351,0.26802507094989064
1624,,1.0,-0.1708981215616935,,0.0,-0.35777198266660676,-0.42318919442485053,-0.3712070905575732,-0.38779064453166817,-0.5400615779100701
1625,,0.0,0.3939469001059586,,0.0,0.17762955379548395,0.1328188297648203,-0.0035777692171800966,0.3242000177030495,0.16098369835708856
1626,,0.0,-0.42930203777291975,,0.0,-0.3477274304566608,-0.3342432248015286,-0.525338838518844,-0.4629745392890618,-0.5141603643962775
1627,,0.0,0.49213080331974546,,0.0,-0.23061885280438066,-0.22424031006734996,-0.26975438773172083,-0.6699127622757699,-0.27489972492210385
1628,,1.0,-0.12118110235588833,,0.0,-0.22698447986459885,-0.323072893062236,-0.3162147228422338,-0.3262712631847503,-0.05414691397116989
1629,,1.0,-0.4244329857862468,,0.0,-0.7314723569536672,-0.6521440855176202,-0.6232506146000594,-0.4812752992407831,-0.32843970872370787
1630,,1.0,-0.3534388826504033,,0.0,-0.18163430956476528,-0.5170237013711758,-0.42714748557209437,-0.3836710292410718,-0.37335931467178146
1631,,1.0,-0.9114533147456508,,0.0,0.12218301619020011,0.05156094356322867,0.10705532168388507,0.06142253343575084,0.04923069108430465
1632,,1.0,-0.9168873696260352,,0.0,0.08003331626972743,-0.10252576625088475,-0.16150106585867188,0.08174546599275798,-0.14048488676791607
1633,,0.0,-1.6024292725552292,,0.0,-0.5187968555534199,-0.5484745726076128,-0.38664030526250676,-0.2620883796594261,-0.3558097619475147
1634,,0.0,0.014143223494047428,,0.0,-0.5417497635798111,-0.6163723894694838,-0.5867057358166641,-1.0576508569172838,-0.6039098128679922
1635,,0.0,-0.45856270638616636,,0.0,-0.34847478844046853,-0.2869237203787724,-0.26063488294136034,-0.5823744743420284,-0.467274477742717
1636,,0.0,-0.7498869672758608,,0.0,-0.29236169420419866,-0.29413337923290733,-0.24298762075877656,-0.46349938567792226,-0.06227456787114887
1637,,0.0,-0.07955451222766724,,0.0,-0.05208543320344337,-0.1497616529745992,-0.1727400442493045,-0.21778967164144988,-0.1911776018409403
1638,,0.0,0.7472584685420234,,0.0,0.4576072032033809,0.5549505419806736,0.3667618518696097,0.2617899571963268,0.2960064785650513
1639,,1.0,0.6796029387672606,,0.0,0.6028701402535833,0.3122620917424028,0.14498278490271801,0.1710345447001439,0.29894858218755554
1640,,0.0,-0.4036357980906029,,0.0,-0.9710167049176449,-1.1624561739456536,-1.2986470099101113,-0.9502504312369091,-0.9932993785780592
1641,,0.0,0.10350012619659846,,1.0,-0.16938581321276047,-0.21418518437526518,-0.1304941832677611,-0.16497719519374152,-0.1416758065969048
1642,,1.0,0.8443205699644646,,0.0,0.43287070486525475,0.406980828497502,0.3687612394473099,0.4354108926994193,0.6625857646939006
1643,,0.0,-0.003184148513531982,,0.0,0.14682378971978513,-0.039923236880921004,0.1692703019538958,-0.09163550531473616,0.38171483697475816
1644,,1.0,0.771953275835074,,0.0,0.38489567015285514,0.5489868779268133,0.5548636706696026,0.38947970206841587,0.5748965534677064
1645,,0.0,-0.6147848718130964,,1.0,-0.9395186283633459,-0.9818613965395024,-1.0300709273499056,-0.5853501366304646,-1.0630267174773473
1646,,0.0,-0.5711328113326392,,1.0,0.9487722692811522,0.8756908657915193,0.739608445300636,0.7328815559699655,0.7764257794782888
1647,,1.0,0.30256407183891415,,0.0,-0.747460422934885,-0.6531651376051991,-0.5320739692404366,-0.8422726183322637,-0.4205462313143507
1648,,0.0,0.47322660763473473,,1.0,-0.492660287025317,-0.31824574338123623,-0.4478312987788985,-0.6305061686164979,-0.5482695121833934
1649,,0.0,0.34547504299321047,,0.0,0.6898859094559545,0.7749770972115345,0.6245217588049433,0.7202132453301899,0.8247246913519332
1650,,0.0,-0.5414345917021143,,1.0,0.3114245417519689,0.6755508439858776,0.3475912735100011,0.45818221876950777,0.5784288328930703
1651,,0.0,-0.3087288533378396,,0.0,0.19402140547737928,0.5294206199950454,0.5889826339054294,0.23951060081230496,0.3960078431683492
1652,,0.0,-0.6527806177716239,,1.0,0.2933034708095966,0.4506431393041085,0.36901484736210044,0.16035295747467526,0.39581201768999286
1653,,0.0,-0.06823125753701638,,0.0,0.48349531649219923,-0.8519606662026618,0.48728209752713564,0.12593420167310612,0.3406224409056777
1654,,0.0,0.14991634865998058,,0.0,-0.09702307862192118,-0.18934235530141902,-0.21080775757479783,-0.3733129286397655,-0.2434063645477207
1655,,0.0,-0.9162502983008528,,0.0,0.11321569446725468,0.03940316648192548,-0.060979875479844396,0.13434029140167414,0.2318715515460981
1656,,0.0,-1.0965630269500921,,0.0,0.029179152014999113,0.48036708639365366,0.3837974581545867,0.4384527702451497,0.46692945853787315
1657,,0.0,-0.7643211099962467,,0.0,-0.024496117745352625,0.27647192750833244,-0.09038061507648804,-0.3948697709400223,0.10619127835914405
1658,,0.0,-0.9004851966079518,,1.0,-0.13612571292153786,-0.26312838832893115,-0.32218143633631063,-0.1672652834415514,-0.18671273342690212
1659,,0.0,-1.0368867144851532,,1.0,-0.4560093757676487,-0.43572810803669026,-0.41251245529018776,-0.39385038334567873,-0.2432935079477606
1660,,0.0,-0.6666329649646883,,0.0,0.2829354359424151,0.4738132211960795,0.2624766437183465,0.17311628075907415,0.16554337721097725
1661,,0.0,-0.3251959916052345,,0.0,0.20148401098051,0.008623876548801906,0.2925869561583935,-0.08758805283421169,0.3173993775938738
1662,,0.0,-0.09571749880951944,,0.0,-0.15419401836717592,-0.08431521090775994,-0.12909876016286592,0.018509948249563625,-0.159989583028464
1663,,0.0,-0.667231568737567,,0.0,-0.0716984680962894,-0.01898822935833358,-0.014868952374592634,0.21177481433651718,0.03293483258712284
1664,,0.0,0.8116711327452545,,1.0,0.4922920904801681,0.4336710725810725,0.3829417678401147,0.6077301479042947,0.504290265007765
1665,,0.0,0.8022237856847707,,0.0,-0.45722728324714296,-0.4629446369269096,-0.5602014825667326,-0.12880835574737776,-0.6416751127650552
1666,,1.0,-0.7111551485250828,,1.0,-0.3589227460356573,-0.8092930662313921,-0.8068755998395736,-1.0006846899477373,-0.7713763427085853
1667,,0.0,-0.6122048326345738,,1.0,-1.3892326680397877,-1.5377899481599013,-1.2775094464666688,-1.255773599765214,-1.2256675281328329
1668,,0.0,0.6125236363412497,,0.0,0.31578130061413917,0.5592550593862072,0.2549266578285155,0.48994252880543754,0.5644722485612028
1669,,0.0,-0.7127069236584092,,0.0,-0.33269480339936025,-0.3229562472829143,-0.3077324306074416,-0.3754152697723138,-0.4687414772091841
1670,,0.0,-0.4504411796842379,,0.0,0.13558209299484095,0.0911477232048941,-0.01711046013836123,0.21299343896329714,0.011184362721279588
1671,,0.0,-0.9565890318159935,,0.0,-0.2103476389628746,-0.052687533499146316,-0.04602055010447499,0.35259330595094385,0.05438280467535936
1672,,0.0,-0.4292317294713572,,0.0,0.040734671541765674,0.05386779763191964,-0.2172625639142767,-0.029451507861302875,0.06575848445379465
1673,,0.0,-0.5956769722976197,,0.0,-0.7935636126126505,-0.6337270098904103,-0.564834992285481,-0.719606313569648,-0.7323903731548199
1674,,0.0,-0.27073785618221236,,1.0,-0.4840337583666303,-0.4529666415729217,-0.5139986892188424,-0.5341682622726296,-0.3730187181650164
1675,,0.0,-0.4222901390290924,,0.0,-0.09995287351539932,-0.08860999494907142,-0.044619151961330414,0.06988833595561247,0.19156586413442947
1676,,0.0,-1.0450240482340525,,0.0,0.10853585129711364,0.4130845915499713,0.13719461329834773,0.08821838219977406,0.44778516840836174
1677,,0.0,0.23397331690788822,,0.0,-0.22931545158571628,-0.12969209327528536,0.00972871079654587,0.09935679337093478,0.0795447174148889
1678,,0.0,-0.7467163113604371,,1.0,-0.14970641717005292,0.028548821960344358,-0.15255979760200353,0.13568250252619868,0.13082556249322277
1679,,0.0,-1.6879677217232056,,1.0,0.3320230343410424,0.2510492828303795,0.23071455322867135,0.03308974172110573,0.3148394191538928
1680,,0.0,-0.5386609452669555,,0.0,-0.14529533150199134,0.0499633395679377,0.10034846861115884,-0.2600843889902745,-0.08405298027742951
1681,,1.0,-1.0425965165465785,,0.0,-0.13593895828702232,0.0017780671686698118,-0.004638317186114049,-0.2624694038940846,-0.10349166940695446
1682,,1.0,0.007593698945858216,,0.0,0.3831485914740735,0.25205646695151673,0.22706021731491677,0.19703112970910147,0.310330157949839
1683,,1.0,-1.1543727519748153,,1.0,-1.1030352706622042,-1.1754016725934817,-1.112312969106649,-1.2236836527271764,-1.2517742231731366
1684,,1.0,0.17158079564358777,,1.0,-1.2974198460826818,-1.3352810938040929,-1.2984855720286659,-1.4139343049222934,-1.2328043466205476
1685,,1.0,0.15491321432214245,,1.0,-1.07672797028061,-1.2810219632850195,-1.1523449375901198,-1.1332823736011994,-1.221821700490753
1686,,0.0,-1.0451879576181424,,1.0,-1.0171004773706844,-1.306742753312227,-1.1666918992263,-1.3135002253363102,-1.1533999688459489
1687,,1.0,-1.3165031527570292,,1.0,0.8922554960926327,0.7704250413041513,0.8594689769534032,0.5613337870067454,0.645528372174029
1688,,0.0,-0.38620822084628365,,0.0,0.9436302840699039,0.6391819639495034,0.6650076374754492,0.635533116603436,0.749696199739759
1689,,0.0,-0.25637106123673775,,0.0,0.3647931482043513,0.042253157131806544,0.16630304680119812,-0.12979669696209206,0.3232577467598932
1690,,0.0,-0.6365310519129009,,0.0,0.641118964830637,0.37631450471350597,0.6332685323322168,-0.13457284689736881,0.3514438303046609
1691,,0.0,-0.45824003209810926,,0.0,0.2872280891297342,0.2751284854849611,0.31796825774612303,0.18935546920779164,0.11525900506476129
1692,,1.0,-0.046925924112736946,,0.0,0.0030139297487816706,-0.04712714020477033,-0.16484968328717567,-0.07752128856631195,-0.011903388371229501
1693,,0.0,0.14925687099878773,,0.0,0.0927567517095206,0.053980790857277694,0.15823129263927618,0.22316418015765227,0.20471878435709312
1694,,1.0,-0.2578632251763461,,0.0,-0.6049812395953412,-0.5394227603088413,-0.5392031071226772,-0.42083461977529746,-0.5753600192096845
1695,,0.0,-0.40648314420130727,,0.0,0.3598000945606873,0.35579394535375913,0.4108353098835672,0.2035326664300457,0.23892632927825855
1696,,0.0,-1.162668693768724,,1.0,0.09044168465485324,-0.17516260394178151,-0.03742293921486583,-0.11865969041378295,0.11401946545409353
1697,,1.0,-0.86068042582241,,1.0,-0.015922048360799083,-0.29944431764381096,-0.2622866703816161,-0.1817577018456166,-0.3318362879407402
1698,,0.0,-0.0878727188866273,,1.0,0.33922526497453176,0.2677702492735792,0.3239679384821181,-0.21301413335927877,0.3029812944717209
1699,,0.0,-0.7990463988034018,,1.0,0.06566635210992937,0.16074031139479536,0.11083608680912738,-0.374471382076453,0.017670338696758523
1700,,0.0,-0.6859537400171308,,0.0,0.6438046451970934,0.5683863431132691,0.4290288650280663,0.6933476840589117,0.7398579714788407
1701,,0.0,-0.22053511978286336,,1.0,0.18441236433539993,0.1521145065790425,0.17764334214727484,-0.28091646895014927,0.10156486330456813
1702,,0.0,-0.40626771399950334,,1.0,0.3974914314929218,0.38675773081651516,0.3943098595034924,0.4998885552904398,0.2698019909212931
1703,,0.0,-0.41341160076114497,,0.0,0.29343154283501105,0.2491091982527838,0.17913802177792834,0.21616111910767763,0.022256831880173963
1704,,0.0,-0.4848998895028775,,1.0,0.42229289856125973,0.26267075287341674,0.1555780334363788,0.2892641598997017,0.07658157146288438
1705,,0.0,0.1425705067639929,,1.0,-0.1110885745071693,0.0653069992533591,-0.1615727659109232,0.015302948455158746,-0.06477598658095382
1706,,0.0,-0.0346332804822798,,1.0,0.8373666658520175,0.6879649908960629,0.6218302682778409,0.3860382129691944,0.8825837589383461
1707,,0.0,-0.5090057458956487,,0.0,-0.10023668728359685,-0.049215021007269544,-0.2538662111359205,-0.3953083851159922,-0.14126329149776692
1708,,0.0,-0.22755244342896622,,0.0,-0.7459606603987983,-0.47335002184205077,-0.478758272390999,-1.0775016219722175,-0.4771382136414998
1709,,0.0,-0.9282495920508512,,1.0,0.060588084030086475,0.08708428195451876,0.013749703115854744,0.20816050003715522,-0.004004194838140153
1710,,0.0,-0.00820660041563342,,0.0,0.3589845140387922,0.25343104588288917,0.5746787696746599,0.41489381089271615,0.32575112061883416
1711,,0.0,-0.6584267681201513,,0.0,-0.7200521123793819,-0.8268179541399968,-0.7242962499452623,-0.6682021978290662,-0.5610233721551446
1712,,0.0,-0.20492293967086903,,0.0,-0.7698441981531882,-0.7203868410244868,-0.5307712187153558,-0.507993661433793,-0.767484571146134
1713,,0.0,-1.0103375740488754,,0.0,-0.40740123173115517,-0.1770836522064504,-0.38149409071043683,-0.17757060809161432,-0.012559169858626163
1714,,0.0,-0.15106172603583415,,1.0,-0.18459198744050004,-0.20189018289281283,-0.32102747538543286,-0.2454434989216739,-0.1891863981187607
1715,,0.0,-0.8837678060870752,,0.0,0.02732106755745313,0.06176846368514893,0.04134468651122424,0.30407768155765724,0.2855638554652773
1716,,0.0,0.14130760639794002,,0.0,-0.21972598609463237,-0.060955051875952675,0.04931507540243276,-0.10862025436899034,0.22115319687181725
1717,,0.0,-1.1949769981405551,,0.0,-0.11282192499526415,-0.05570066963792352,-0.07979611241569705,-0.1904047637851521,-0.12572779243808152
1718,,0.0,-0.27243656079324197,,1.0,-0.24002758122791856,0.009036471309401934,0.18406914141546257,0.07380905706423253,0.010839950588446307
1719,,0.0,0.6183335875145073,,0.0,-0.2671176397262227,-0.22265357800668528,-0.420118409567266,-0.40247168830334706,-0.32679003714573246
1720,,0.0,-0.4281945812024851,,0.0,-0.3247033911202439,-0.41165316360191767,-0.35429396984516015,-0.6308608032209879,-0.333124806566889
1721,,0.0,-0.048659631620520165,,0.0,-0.4746167006499019,-0.30203779274483616,-0.4289092495559974,-0.7351583765462305,-0.10109787289168778
1722,,0.0,0.18561808942045527,,0.0,0.32562619210510274,-0.03761831964591912,0.2505172160690078,-0.1442042535031275,0.1639401405747214
1723,,0.0,-0.6131111437147463,,1.0,-0.35967102173068677,-0.23307194486490004,-0.44681434328665215,-0.22284603945240072,-0.20972634656097772
1724,,0.0,0.06894298319670102,,1.0,-0.6531642279427148,-0.2033955316447092,-0.16623750016070998,-0.30420431567362916,-0.40152897075101235
1725,,0.0,-1.3903922836092522,,1.0,0.2572936933677041,0.3072596983059705,0.042540078361714896,0.025117318120871243,0.5263348734180764
1726,,1.0,-0.5278470167646483,,1.0,-0.938691605041151,-0.7799645245527885,-0.7224442232668533,-0.5399067333863955,-0.8858766861929733
1727,,0.0,0.2285386125883453,,1.0,-0.3072493974044437,0.05034362879834996,-0.25827255857481335,-0.2320066376731561,-0.33775019523038763
1728,,0.0,-0.3121437976339882,,1.0,-0.1821063733190425,-0.15375119117965813,-0.19432407603344212,-0.24479567975391012,0.00681891358783071
1729,,0.0,-0.22960242969116418,,1.0,-0.4502473046150835,-0.4300662767762102,-0.5220128311552644,-0.34085842018954204,-0.5755076870148518
1730,,0.0,-0.5206178109932854,,1.0,-0.5728662981242149,-0.5847896583401597,-0.31764249796624117,-0.5145027607386531,-0.5565060079572348
1731,,1.0,-1.59026837688043,,1.0,-1.1471277478864985,-1.0991100768756754,-0.9222560029318619,-1.423761378162349,-0.9058931743259573
1732,,0.0,-0.9452530552195437,,1.0,-0.6412664337301941,-0.5786723424341025,-0.9083077474114464,-0.7095424877553466,-0.8711353125678396
1733,,1.0,-0.12376409357352415,,1.0,-0.6749895303409892,-0.43205326561287116,-0.5100851860277338,-0.7325305885726217,-0.6439618515575177
1734,,0.0,0.005898774577299803,,1.0,-0.47682185786992365,-0.33510493805328145,-0.4589062436000617,-0.6466608166040088,-0.4907303507983114
1735,,0.0,0.6023006065938802,,0.0,-0.8085463883900618,-0.6893322425369183,-0.7719127726970315,-0.8542876427283979,-0.5550704787319265
1736,,0.0,-0.1511635162030571,,1.0,0.046144397117639006,0.19398095306713184,0.11067897808712786,0.03919684009133979,0.2026920791134783
1737,,0.0,-0.6804683948229004,,1.0,0.49590156155739606,0.4768103763976677,0.4661751742632874,0.1267293651317686,0.6424200973945715
1738,,0.0,-0.5998385173630589,,1.0,-0.3501645965970496,-0.11780740447254597,-0.19503225639450994,-0.44761806350710315,-0.3102983032393283
1739,,0.0,0.4528755513559469,,1.0,0.3722350593701076,0.06417843865134183,0.32770299264840397,0.08713457334186636,0.29664564800400234
1740,,0.0,-0.6616476517917336,,0.0,0.6827312179580274,0.7845147331503158,0.7143477667267013,0.4903710750453601,0.5638590773457082
1741,,1.0,-0.2025378634460491,,1.0,-1.2894807015426444,-0.9575703745768889,-0.9761825306740755,-1.1267590374998304,-0.9156300971157382
1742,,1.0,0.804204054146099,,0.0,-0.24697832834114553,-0.7402597076004039,-0.8672061900254644,-0.7030291758250962,-0.7562700016888939
1743,,0.0,0.9240775555014972,,1.0,-0.34925975671841886,-0.740739341988871,-0.6353338480813545,-0.6877505274193965,-0.6758774089105447
1744,,1.0,-0.7525927794235762,,1.0,-0.19408948299750556,-0.41913747676213087,-0.4029324898643127,-0.227142516334134,-0.17456061231762607
1745,,1.0,-0.7512340773237214,,0.0,0.6801523296682845,0.4556799029086919,0.579348850675605,0.2323856628487862,0.5208545179124059
1746,,0.0,-0.8146232649017426,,1.0,-0.8846051510060148,-1.1029911721842791,-0.8557499105258828,-0.6308020176663122,-0.29180084215599217
1747,,1.0,-1.1324718744377915,,1.0,-0.8371503435796244,-0.6741615857550259,-0.5705225124891009,-0.5476966517831725,-0.14499690746590163
1748,,0.0,0.05163566810436776,,1.0,-0.5540104426201751,-0.3042613697843449,-0.5152390510675234,-0.5648232428568306,-0.5305807199828859
1749,,0.0,-0.7891280204830202,,1.0,0.05309114256025699,-0.0097795299515798,-0.005184997909700667,0.13488030417032862,0.035067388672015004
1750,,1.0,-1.2794153861798028,,1.0,-0.959669912196908,-0.9279457844274976,-0.8433322692880828,-0.8394691898250748,-0.5526154513898315
1751,,1.0,-0.7447504368569552,,1.0,-1.8779690771410127,-1.2443037557170165,-1.7629688970445385,-1.7093544876023128,-1.7049813712929982
1752,,1.0,0.1452604411610111,,1.0,-1.2076182731030645,-1.2629733610449307,-1.4930990209943704,-1.0316969274994874,-1.009467560473222
1753,,0.0,-1.1144396831136782,,1.0,-0.934579785686613,-1.0553877779974976,-0.9973437078139056,-1.0302121101666368,-0.8766823752634679
1754,,0.0,0.07896385336179572,,1.0,-0.9959526980283663,-0.9246703755963427,-1.057928420548369,-0.8781659332711474,-0.7729944550148448
1755,,0.0,-1.472927212667129,,1.0,-1.1240240150408656,-0.9016711694535751,-0.9728671701408627,-1.0406220731615519,-0.7095234706406451
1756,,1.0,-1.2751391845446185,,1.0,-0.7609216353019226,-1.1233793949388198,-0.6805789732304447,-0.7534700861568625,-0.6123737147543369
1757,,1.0,-1.0447682679652084,,1.0,-1.5094499030368933,-1.218867203400709,-1.2746542053227652,-1.2016548700764202,-1.4276925822178808
1758,,0.0,-0.8870952671214581,,1.0,-1.5017146678085749,-1.269878927624296,-1.4579176859836196,-1.164225800048583,-1.4187362983649796
1759,,0.0,-1.9586401145902246,,1.0,-0.933710460762173,-0.7047557166226934,-0.9085988356553809,-1.120560123277809,-0.8436050147402688
1760,,0.0,-0.4771925819220408,,1.0,0.7200577945767528,0.7409058943723884,0.5383748376883958,0.8216129692970543,0.47601402474393484
1761,,0.0,-0.3744012429211963,,1.0,-0.16336116532744793,-0.03322034733622675,-0.392256651712407,0.06489171149916714,0.14802446802717167
1762,,0.0,-1.3182581743506498,,0.0,1.175726877664519e-05,-0.4062147093948667,-0.320001563821827,0.20558453010328406,-0.19360734768475443
1763,,1.0,0.15733336696168027,,1.0,-0.04872965559107305,-0.09921988113851805,0.03939864077173897,-0.16696919073026448,-0.13624367947459723
1764,,0.0,-1.1985840231684473,,1.0,-0.7993217277858745,-0.6455367322634389,-0.4465772747847913,-0.6925595178553859,-0.7183848270514208
1765,,0.0,0.12228029999234942,,0.0,-0.13891832829550155,-0.38469952766145077,-0.45475725534061834,-0.26036593832934546,-0.1021085657214411
1766,,1.0,-1.2362655620694558,,1.0,-0.6909321601003342,-0.48246583981702695,-0.6422619197696517,-0.19989592214998542,-0.32945015022868906
1767,,1.0,0.6772007746515136,,1.0,-0.8735683619406165,-1.0798842818181247,-1.078069677920778,-1.205807435892181,-0.9477174304339584
1768,,0.0,-0.8749241120924083,,1.0,-0.4675712907194184,-0.9506378851700363,-0.6276006173318602,-0.3669517429386755,-0.45136054000071185
1769,,0.0,0.30499333215935787,,1.0,0.11834775821285583,-0.1872725091232044,-0.1082764845582391,0.008420975162793911,-0.28008933565426947
1770,,0.0,-0.27440168738264026,,1.0,-0.1374924724752432,-0.0984571698341563,-0.10027945893219606,-0.2188483244353677,-0.09651328334599575
1771,,0.0,0.03217250708566088,,1.0,-0.4623922256428572,-0.8515932131138265,-0.6673151407050035,-0.8118227056652493,-0.6729392215257821
1772,,0.0,-0.9055801889300767,,0.0,0.7605286314381481,0.27358842826712976,0.7369931361467997,0.6626754836919713,0.8026453350969247
1773,,0.0,0.16223935791854255,,1.0,-0.33399243762838077,-0.25152712821209605,-0.16232748603774666,-0.3536703761104671,-0.20075355136315168
1774,,0.0,0.4653298867094402,,1.0,0.5684195774160503,0.31217754000268916,0.7855603971621973,0.21892402666533647,0.7267069112890641
1775,,0.0,-0.8299771786911095,,1.0,0.5045626455293378,0.6004631291197394,0.27701886606548626,0.25695098608370426,0.485996894241743
1776,,0.0,-1.6678500484806165,,1.0,-0.2725805660057868,-0.15994822859864255,-0.16601127795304282,-0.06308357710098844,-0.07129488540736423
1777,,0.0,-0.24986128686436984,,1.0,0.007474951127402316,0.06638002071018358,0.09231327855027113,-0.11400742846167536,0.018325100952246424
1778,,0.0,0.07744568975648797,,1.0,0.13068046373445164,0.0990969871810417,0.17835761191754212,0.38515703849190863,0.1217145453256078
1779,,0.0,-0.5085342311528397,,1.0,0.4317936985117079,0.4124314240969939,0.704901681251293,0.6752312771000312,0.7163075572038256
1780,,0.0,-0.5410232745416463,,1.0,0.2542408214807626,0.301972940126822,0.553399533430881,0.5822210310065417,0.5484362844941949
1781,,0.0,-0.5336709797998754,,1.0,0.6273869493288012,0.45828636236996134,0.6640496590814808,0.5875759632999841,0.8438944945652471
1782,,0.0,-1.115058049620605,,1.0,0.4099822680419032,0.20210680286037389,0.16128758097493706,0.518427277917192,0.39754645277154926
1783,,0.0,-1.3386990666207768,,1.0,0.05477994061756805,0.10991906792503442,-0.08386128271426277,-0.1491705980415527,-0.023857706445844267
1784,,0.0,-0.9537300627341857,,1.0,0.022282806044404017,0.1388830096301355,-0.24627004031238273,-0.10579563647331976,-0.09690962792623505
1785,,0.0,-0.6121283314460224,,1.0,0.16235422009901246,0.2931539364749622,0.13495900454347767,0.4284726714748227,0.5652147137203528
1786,,0.0,-0.7915202475120164,,1.0,-0.7682286788230175,-0.6715500809485816,-0.6406059631211285,-0.980600700649265,-1.1551404328586943
1787,,0.0,-0.7815218143456886,,0.0,0.07666904871030505,0.11118372566818781,0.051351959522678396,0.04103794580389094,-0.01545729960103018
1788,,0.0,-1.0123075272947584,,1.0,0.24998638013519286,0.3720345099362123,0.14444413735303005,0.03159765102783881,0.18235056127358432
1789,,0.0,0.6189002175656769,,1.0,0.13817684185991003,-0.041729385839425856,0.09302741557610586,0.13769491717551333,0.10293830062546813
1790,,0.0,-0.4382239403180709,,1.0,0.6404627214559623,0.532503120664792,0.6056558260508031,0.5518716144881171,0.5696134767466322
1791,,1.0,-0.7321041520154399,,0.0,0.7596898454803434,0.5730121622513804,0.810842903519126,0.5732806473069506,0.6656198216294812
1792,,1.0,-0.6485739658168573,,1.0,-0.11704147404799997,-0.5529343242647937,-0.49078476939149757,-0.37579609651247076,-0.41657804718699953
1793,,1.0,-0.7001343665432146,,1.0,0.0008607911609983929,0.013279514583405622,-0.24717771484492268,-0.13453073972005966,-0.15573899398607977
1794,,0.0,-0.640996765091593,,1.0,-0.4852363623411062,-0.6148545152626113,-0.8446618853734754,-0.7128627920447341,-0.890467405175102
1795,,0.0,0.3319358743645775,,1.0,0.6777147978169346,0.5783519953374339,0.620541720999851,0.5500402380198172,0.507723288836851
1796,,0.0,0.6256245600871123,,1.0,0.27230767279596424,0.2354254301015211,0.14029377380275584,0.25870140053210827,0.19432914796131961
1797,,0.0,-1.1175576928913604,,1.0,-0.12163489299641263,-0.14865396757207755,-0.3142079971796901,-0.0911081513499581,-0.22503359220904967
1798,,0.0,-0.7622088333327323,,1.0,0.47842800389335854,0.36755305651528053,0.48681549320146084,0.5960801051764196,0.6897224967754045
1799,,1.0,-0.8708484068819787,,1.0,0.2569751531142514,0.14138313393731325,0.11349225829803712,0.12165733519963289,0.3663579047281331
1800,,0.0,-0.8434547158760882,,1.0,0.1226625129733361,-0.18634205617473917,-0.4071122505573304,-0.289047155939393,-0.22387796007302618
1801,,1.0,-0.3056810623593185,,1.0,0.15416693113914895,0.0780344691657057,-0.03039819618284047,0.18966269672832295,0.06217700055980181
1802,,1.0,0.13005277522024972,,1.0,0.1749846932459385,-0.07532298004792226,0.16026903515370955,-0.24843032112667557,0.013448325217205175
1803,,0.0,-0.24738744270487478,,1.0,-0.02316581188478543,-0.04971613021207276,-0.37838346722786703,-0.06615382272476568,-0.3117801482672145
1804,,0.0,-0.6858385545443023,,0.0,0.19241464949638235,0.1540391432081704,0.2247032484711001,0.11428609523230306,0.24008923568945534
1805,,0.0,-0.9598060072611214,,1.0,-0.4439904620361728,-0.7418236368982243,-0.42558764049861975,-0.5850951993726609,-0.5553881412827348
1806,,0.0,0.490718062368507,,1.0,0.0017737592200199506,0.05451305350853223,-0.11611942095377797,-0.30814482828256223,0.1754007847583006
1807,,0.0,-0.7704159823903495,,1.0,0.1758210876501608,0.09304194905369882,0.11507041763116439,-0.10458071851059617,0.03293598859913588
1808,,0.0,-0.4280183997965849,,1.0,-0.4341713575578601,-0.5581380527866697,-0.6423403136437238,-0.49426927039254837,-0.48765883792790765
1809,,0.0,-0.8950247647668567,,1.0,-0.4960789805037115,-0.26356387340473314,-0.473705336278913,-0.2768288865121016,-0.3026060012746495
1810,,0.0,-0.7039688612534403,,1.0,-0.055368248260313245,0.04193413414334243,-0.44751325816996945,-0.2701063386611616,-0.06852061508568967
1811,,0.0,-1.1535456160876467,,1.0,-0.2657717861769187,-0.2770269718391603,-0.28146325350932433,-0.751637581552502,-0.45839200332704205
1812,,1.0,-0.9195668154926131,,1.0,-1.1136236308970815,-0.9091203316497904,-1.1187716266412782,-0.9549562041473325,-1.0165086102409278
1813,,0.0,-0.9457253416682689,,1.0,-0.967684001309566,-0.6348817349164285,-0.7150608979730401,-0.8960338043269631,-0.9191358395667376
1814,,0.0,-1.0885819800039356,,1.0,-0.6774753076060236,-0.24056875326522506,-0.8440602260301195,-0.5991604395272326,-0.7750376153467811
1815,,1.0,-0.3627063152972272,,1.0,-0.5213009532977756,-0.5451634418621586,-0.7108484837357746,-0.6652943962393201,-0.6042560832910479
1816,,0.0,0.3176743333976293,,1.0,-0.15019089939042654,0.031781935081816565,-0.13119995492956552,-0.6765578332325464,-0.20607528579770995
1817,,0.0,0.313162576616548,,1.0,-1.1075512827686997,-1.1413774601790896,-1.3127634205744538,-0.8515059913650733,-1.171962994985619
1818,,0.0,-0.748410816071302,,1.0,-0.6165176294220301,-0.5980310793187387,-0.8341706981624045,-0.8214724392040946,-0.7375968297662734
1819,,0.0,-0.6902732865007655,,1.0,-0.5385279729341441,-0.5388068052948158,-0.5502812551391425,-0.5855050467209325,-0.5564804817302025
1820,,1.0,-1.079860942721483,,1.0,-0.691895881665163,-0.3308514845767599,-0.619104395698356,-0.39192877651201113,-0.600388481050593
1821,,0.0,-0.44342331077776925,,1.0,-0.7983200910174691,-0.7183041072514232,-0.7096958608510261,-0.750355547935396,-0.46412862177951447
1822,,0.0,-1.2722311136560456,,1.0,0.302750990995398,0.14289876967114626,0.31028227959041144,0.24343938311875196,0.39637173116303837
1823,,0.0,-0.6280569288274671,,0.0,0.551444398666453,-0.25025458743833057,0.3102764250813208,0.18257943601399934,0.2369137714224522
1824,,0.0,-0.29411266888958504,,1.0,0.08695185738834195,0.08373946545142191,0.06384052336140122,0.2631547234110822,0.13822792528710695
1825,,0.0,0.07014596430136082,,1.0,0.4075239994956494,0.4059881499229426,0.27267098882426494,0.05378686735590662,0.41875970313929506
1826,,0.0,0.5605913158108601,,0.0,-0.19669742952850935,-0.2112640005580397,-0.023469801840208082,-0.19916321676348045,-0.10674107858760105
1827,,0.0,-0.3077892323637442,,0.0,-0.35971723702849673,-0.26772376461957237,-0.1822714514674428,-0.05537165675571379,-0.11003424363293349
1828,,0.0,-0.4709008485694763,,0.0,0.23725721417952766,0.34936697247049836,0.2689045109266538,0.3531639287932861,0.27622828928129256
1829,,0.0,-0.5408613084041424,,1.0,-0.2474823390873172,-0.29416103024369145,-0.38342030017102263,-0.43011007395532463,-0.48298150293704306
1830,,0.0,-1.4139052679312074,,0.0,-0.3580334389436142,-0.22124617652728593,-0.07965110734784761,-0.1696499245508374,-0.3136905895189713
1831,,0.0,-1.1418357535689458,,1.0,-0.2030694140816351,0.0837993655263847,-0.050651133718435506,-0.1501512613547106,-0.10667030413617358
1832,,0.0,-0.2679334414776901,,0.0,-0.6956250200071549,-0.4872435681654098,-0.705175652946539,-1.0532062922815242,-0.6173026927365941
1833,,0.0,-0.9790705516004884,,1.0,-0.024359051333671472,-0.02984801733803364,-0.19745530646617576,-0.07057929870356995,-0.20370493911203244
1834,,0.0,0.4811537471009592,,0.0,-0.016368255448947867,0.11071509984226054,-0.0933909918175865,0.13731607565934487,0.11362358449102543
1835,,0.0,-0.8039760127876864,,1.0,-0.029901857142946207,-0.022517284484584923,-0.06164343589371491,-0.08664425223292072,-0.2723716770499379
1836,,0.0,0.18288776622533723,,0.0,-0.4081948216866744,-0.326904678250456,-0.32062203849451243,-0.3988697705839629,-0.6626208104100466
1837,,0.0,0.1998440065268318,,0.0,-0.06875949287393575,-0.06512007675401561,-0.2662229688352894,-0.3599559657631682,-0.266789708804193
1838,,0.0,-0.20800449055691514,,0.0,0.011416213533674507,0.0688099800065629,0.03823255836734776,0.23722361743499326,-0.13030944056578436
1839,,0.0,-0.9172606445594116,,0.0,-0.13168193735563571,-0.2534159198869565,-0.2105062203012018,-0.11351301270386717,-0.1995132901520199
1840,,0.0,-0.6653630313593674,,0.0,-0.34144863413649235,-0.21650410590320823,-0.3287341173347837,-0.18468421706105106,-0.24333588445499157
1841,,0.0,-0.7607096931956647,,0.0,-0.0006088555289275797,-0.1430096634502656,-0.08490491160672442,-0.18606387091792964,0.03297215076772222
1842,,0.0,-0.30597363503671776,,0.0,0.43008010388984863,0.49912387830599325,0.3429251966243967,0.3655038382149736,0.5495458515082703
1843,,0.0,0.4571588579738887,,0.0,-0.19327327241984069,-0.8516112201422911,-0.27785913671490925,0.0349215057075563,-0.1308394785590737
1844,,0.0,0.2923697097910767,,0.0,-0.2895455869036513,-0.1823006394894248,-0.23301972671368987,-0.16134428105943113,-0.2712079815975701
1845,,0.0,-0.00031016028984889415,,0.0,0.00908292481950261,0.2162343411417342,-0.02966768535643616,0.010350437837473166,-0.0884152407368214
1846,,0.0,0.5280443520132853,,0.0,0.42717938576471876,0.1855037853389003,0.21331952101837576,0.42371125006901766,0.0930023479347153
1847,,0.0,-0.8548165107806809,,0.0,-0.29305848921747824,-0.5924445116012372,-0.7165401006169944,-0.631180058366277,-0.6281432580794949
1848,,0.0,-0.9630017754161652,,0.0,0.04568726770920843,0.22328730897175839,0.30607391461550376,0.10845405784993513,0.08545574157433368
1849,,0.0,0.8524947339001712,,0.0,0.2004947310317883,0.20787113522703857,-0.2386606375012072,-0.14600171544616486,0.27726118432317115
1850,,0.0,-0.511596334185837,,0.0,0.29057906104047243,0.07872945418575703,-0.39306943489908797,-0.01608735793524574,0.359539024686959
1851,,0.0,-0.733179802992674,,0.0,0.16571465483607956,-0.1367257257819824,-0.1708981215616935,-0.15376031669586745,-0.18444307665374624
1852,,0.0,-0.6849752864785338,,1.0,0.3577613835960199,0.1508997867621358,0.05490721738263644,0.45001028440295165,0.24140246457663686
1853,,0.0,0.11289773578989779,,0.0,-0.24300454045132266,0.022837299807122007,-0.04861171329455586,-0.04475140119201614,0.20381607592280077
1854,,0.0,-0.7819958690665758,,0.0,0.7386318236713789,0.6148947525351554,0.6002196226625418,0.43307474560052994,0.6347021271167461
1855,,0.0,-0.5090813660321536,,0.0,0.586664460726293,0.48851745514962347,0.5885861176709299,0.507311972398298,0.5436692540071872
1856,,0.0,0.39246886044175544,,1.0,0.3339551697159582,0.17960881084889724,0.3939469001059586,0.19798601960076828,0.368782043017935
1857,,0.0,-0.009564555603365764,,1.0,0.6182489944630732,0.46594564058123494,0.38475767336858685,0.5113138485499863,0.3391216014922186
1858,,0.0,-0.39573350099432913,,0.0,-0.3847633421515676,-0.13065588565533423,-0.5164978232230722,-0.3244479099435407,0.046713043473128955
1859,,0.0,-0.524741851759481,,1.0,-0.5801379252888164,-0.4373438287162652,-0.42930203777291975,-0.43564405624148655,-0.4825309302225976
1860,,0.0,-0.9734327403562917,,0.0,0.546086042838966,0.3854996155909375,0.49213080331974546,0.5661306258063318,0.5194335798049642
1861,,0.0,-0.7806233489355849,,0.0,0.257252891874779,0.13539658617648193,-0.0631563349160303,0.389711498830578,0.13713888489923712
1862,,0.0,-1.2468503740627577,,0.0,-0.035690675724438826,0.1574368474813161,-0.00046383427979609395,-0.13595024904724098,0.08626679461845609
1863,,0.0,-0.9541484161746244,,0.0,0.08700045679717669,0.31405144143179226,0.29711370610991206,0.22908502762360428,0.24242047210833298
1864,,0.0,0.08823155670125583,,0.0,0.09417562675373774,0.3641617262986536,0.3319196768209184,0.3121565442606603,0.19439701857311661
1865,,0.0,0.13050737245921,,0.0,0.0524677172435121,0.14925849672845143,-0.047063018572085,-0.03697150488269813,0.14462796905459716
1866,,0.0,0.7502459919897191,,0.0,-0.22832633030045582,-0.12980165343996838,-0.12118110235588833,-0.04658449690617107,-0.011205964977415156
1867,,0.0,-0.3534432884953314,,0.0,-0.48005971366587746,-0.23393019342096838,-0.4244329857862468,-0.41808875190055234,-0.39568941762362164
1868,,0.0,-1.2337321771061116,,1.0,-0.33486806918678963,-0.38726065595073017,-0.5075519340371714,-0.15066452363221064,-0.4031049951942846
1869,,0.0,0.009562279425191467,,0.0,-0.27035190206199883,-0.3284100269986724,-0.3534388826504033,-0.31022653155909047,-0.32188177231473103
1870,,1.0,-0.19759346972253936,,1.0,-0.23078035970765592,-0.1580736828933723,-0.3540517552525185,-0.8492677823348596,-0.23856650918973682
1871,,0.0,-0.05306375258441563,-2.4,1.0,-0.38466967060717405,-0.6408791484362323,-0.6123946490568276,-0.8341420630806929,-0.8431346859034592
1872,,0.0,-1.0316161306811555,-1.96,1.0,-0.46765493717216683,-0.15669692694890372,-0.38036935562838586,-0.15843411588582487,-0.12982206387427292
1873,,0.0,-0.6245289968629666,-1.88,1.0,-1.3979608294954617,-0.7291854630900293,-0.9324940638810012,-1.1312741577721583,-1.04755036058759
1874,,0.0,-0.5596526571463553,-1.57,1.0,0.3260309070454524,0.1559991401333018,0.06448203106362259,0.04937070491481552,0.30486087700999787
1875,,0.0,-0.35695594582673246,-1.52,1.0,-0.616000628823764,-0.717452306053498,-0.7611358724116443,-0.32317043451127764,-0.43668555505632967
1876,,0.0,-1.3238039637294763,-1.42,1.0,0.09734606063525329,0.06561542414558967,0.08169930030999098,-0.029819374130216944,0.12913368965291597
1877,,0.0,-0.27188125706484995,-1.4,1.0,-0.02815724720018289,0.01576475294855214,-0.026460145570954705,0.14356874661411714,0.30067886397693583
1878,,0.0,-0.6631054485520613,-1.4,1.0,-0.5389824220434981,-0.4226569855705354,-0.25624196493796436,-0.16846475054510388,-0.2681341944468619
1879,,0.0,-0.932185866326782,-1.3,1.0,0.23568794841235927,0.15473459138920334,0.028159213353137015,0.1791446791736601,0.12781484472007515
1880,,0.0,-1.42719213538137,-1.3,1.0,0.23373770421175058,0.14734097919329972,0.04923126619250976,0.17967088434731496,0.20550095179918162
1881,,1.0,-1.0985123975694475,-1.23,1.0,-0.19452048503073102,-0.24345296597336175,-0.049261537507915794,-0.28953507897400627,-0.10614847528347063
1882,,0.0,-1.2391153452914716,-1.23,1.0,0.6335320766259576,0.35218077481648824,0.1353107106614158,0.5755570686269293,0.6441015469026601
1883,,1.0,-0.46575513323974216,-1.15,1.0,-0.20638563376275756,-0.25817240087383586,-0.46230645739316606,-0.4321291366415597,-0.13478149967835
1884,,0.0,-0.5431097822704478,-1.14,1.0,-0.6716123477894894,-0.6198451002156443,-0.6084032511187474,-0.7206745306181387,-0.5809826918540467
1885,,0.0,-0.44727490515263246,-1.1,1.0,-0.21360352195260207,0.06578478951472368,-0.13085856348480393,-0.124146029774702,0.044628638441007035
1886,,0.0,-0.8720596045674993,-1.1,1.0,-0.14570023000461266,0.04802487666139199,-0.12025366070865534,0.040716550609766596,0.23883225936440766
1887,,0.0,-0.5362926533399754,-1.03,1.0,0.023837521972182012,-0.1347187100695273,-0.07323971455144347,-0.3697078606493661,-0.4367073365365419
1888,,0.0,-0.7116081141955671,-1.0,0.0,-0.07240025220203047,-0.22498535673674816,-0.2569478034326569,0.0050130511447904445,-0.3932260471114816
1889,,0.0,-1.0630485950194049,-0.93,0.0,-0.7335133546987547,-0.8609178327777783,-0.9114533147456508,-0.4555446489657024,-0.6386849561099017
1890,,0.0,-0.8309697164266968,-0.8,0.0,-0.9453420504599765,-0.8820552432227413,-0.9168873696260352,-0.5081636678415421,-0.583872905882045
1891,,1.0,-0.7542751232230225,-0.78,0.0,-0.14447412847290797,-0.028741361934916217,-0.2989058277487481,-0.28439514148046097,-0.02431326624135178
1892,,0.0,-0.9786277790227186,-0.73,0.0,-1.445754838230174,-1.5621379923098087,-1.6024292725552292,-1.2290447684186072,-1.1930656618242812
1893,,0.0,-0.860013152216287,-0.71,0.0,0.05050052957272291,0.015339045208835127,0.014143223494047428,-0.2785972809081568,0.05492402987998887
1894,,0.0,-0.2518022905989458,-0.7,0.0,-0.2163066795550897,-0.2759093490323479,-0.30118967245831485,-0.515120270727269,-0.3306510425014586
1895,,0.0,0.09396467356812008,-0.67,0.0,0.23099908919447426,0.20605268966587298,-0.15273141207213065,0.013207962620798304,0.3536595620075462
1896,,0.0,-0.6946251918344933,-0.67,0.0,-0.270865785453388,-0.1137942693656225,-0.3527187055485848,-0.3799329803929182,-0.08724265096771437
1897,,0.0,0.07416682485323282,-0.64,0.0,-0.39069304342840205,-0.40593346426813237,-0.45856270638616636,-0.47873679697722893,-0.3952519113976726
1898,,1.0,-0.30328673710245185,-0.6,0.0,-0.009677549674033076,0.02579439636918524,-0.029529021956018694,-0.06669876379660529,0.21381339477105374
1899,,0.0,-0.5880326248786637,-0.55,0.0,-1.274450502402724,-1.2918355789367422,-1.3508291232493008,-1.1326101223991405,-1.2842162187671506
1900,,0.0,-0.14936871327756018,-0.54,0.0,-0.07242800890604148,-0.20623733106365383,-0.13788930123115758,0.13928021552715952,-0.07411986789636056
1901,,0.0,-0.4377894818888689,-0.47,0.0,-0.20883934130386367,-0.05988107599580312,0.10834076603354216,-0.14630507851150557,-0.02039008220941466
1902,,0.0,-0.6576427900216488,-0.46,0.0,0.9540452440893645,0.9115501873217119,1.0679767805505813,0.44153870596048983,1.0063039785793404
1903,,0.0,-0.6038440510866061,-0.46,0.0,0.13356445786570242,0.09791076048545781,0.30568522064197523,-0.03870191785543044,0.18302783506748915
1904,,0.0,-0.14024321305211543,-0.42,0.0,-0.06788370043433187,0.07547896831659208,0.4196154976236754,-0.4776469943901967,0.16050713527382637
1905,,0.0,-0.8453299978783387,-0.4,0.0,-0.022943870671859063,-0.3551529271584664,-0.05803799772470365,-0.03994178237018328,-0.009868622253593728
1906,,0.0,-0.5148766404334213,-0.38,0.0,-1.0470837109254771,-1.326501574621855,-0.7498869672758608,-0.32909357397123234,-0.8142904683239284
1907,,0.0,0.3124300069985961,-0.36,0.0,0.25461813075123957,0.24980115486017765,0.30441104631454463,-0.20561126611889968,0.22555128187133122
1908,,0.0,-0.30407389828050374,-0.34,0.0,0.7111706175688034,0.524319373949707,0.6672765645545474,0.6332581670311501,0.5947195396499586
1909,,0.0,-0.03952689527729297,-0.34,0.0,0.54668509131365,0.449228981532531,0.761390289586056,0.32846703604962085,0.42460107083309606
1910,,0.0,-0.25153336423746936,-0.3,0.0,-0.0520633737625424,0.046389071240056506,-0.07955451222766724,-0.02044214301831286,0.17334491211994726
1911,,0.0,0.36524736248111744,-0.3,0.0,0.18343681776280807,0.200047539614892,0.34567443373970447,0.18283122521948184,0.21134921389491296
1912,,0.0,-0.48120340423752983,-0.3,0.0,0.3504583619784374,0.37159633939100806,0.25218878549947255,0.2697541584284313,0.09478752208057527
1913,,0.0,-0.5403959506934862,-0.3,0.0,0.3318834442559621,0.317330152566048,0.38288934052512463,0.241657224802989,0.022953327057117955
1914,,0.0,0.1925652558791149,-0.3,0.0,0.22598119768737684,-0.31623420691570653,0.07982924109666201,-0.05643876175090875,0.36349978383024995
1915,,0.0,-0.07568865079842649,-0.29,0.0,0.5792874265405955,0.5761366526220199,0.7472584685420234,0.7745182377417074,0.855330350500958
1916,,0.0,-0.25839427345886967,-0.29,0.0,0.3399211317885247,0.3374778034439127,0.43794510054163743,0.04756596135012852,0.32537253404812916
1917,,0.0,-0.9345418887666074,-0.28,0.0,0.9556423880032351,0.982772074099342,0.6718877218943913,0.8547488445169443,0.9535543366681838
1918,,0.0,-0.10542447522353893,-0.25,0.0,1.1094636388036734,1.0964252011786015,0.6796029387672606,1.255318244474482,1.2741803657911415
1919,,0.0,-0.665483146597302,-0.23,0.0,0.6493856258122134,0.4967058618110451,0.55073898308856,0.4920322866814977,0.616334096981999
1920,,0.0,-0.04333084606726339,-0.22,0.0,0.8993347468557112,1.1355191848217716,0.6256656662629442,0.9388938767018827,1.146445735269131
1921,,0.0,-0.5099160355490047,-0.2,0.0,0.6390693917654626,0.5507810979342054,0.8155311248470717,0.6072660144810222,0.808819165667759
1922,,0.0,-0.28521782435785087,-0.17,0.0,0.5906234774601639,0.8829473349328807,0.5337515885798079,0.7370358111177078,0.8356441990679153
1923,,0.0,-0.13772132454554115,-0.16,0.0,0.9137386449078277,0.682095750608745,0.3664004944535848,0.9640172443438559,1.0096294505580539
1924,,0.0,0.04837228933721083,-0.16,0.0,0.6964976297142181,0.4430728796492526,0.43753629659744375,0.22611986144594112,0.5905610386660953
1925,,0.0,-0.14965247773972173,-0.16,0.0,0.4839036989456868,0.3783824262519514,0.5383116255465084,0.6780580532908288,0.6697262265784539
1926,,0.0,-0.5721622908273714,-0.15,0.0,0.6572947802222859,0.7422448745355039,0.4846328682923576,0.7865431861390916,0.7991746694765208
1927,,0.0,0.053566145314375015,-0.15,0.0,0.36669372599146727,0.376818879653704,0.48081103615954124,0.20920983796960796,0.5007222344599924
1928,,0.0,-0.8885787567636667,-0.15,0.0,-0.06882123838655858,0.03541517674125377,-0.15040160252658702,0.12423314851303735,-0.045481915026476236
1929,,0.0,-0.5061864670635234,-0.15,0.0,-0.41496208196889967,-0.3369952776534035,-0.23984553509456158,-0.01615502579448763,-0.5189813563994532
1930,,0.0,-0.15151481494118466,-0.14,0.0,0.23504457192684264,0.059351656103258335,0.30369249927009273,0.21514879269121076,0.2921384929413492
1931,,0.0,0.6140729942711074,-0.13,0.0,-0.1454934769762757,-0.002913706029296843,-0.31721659516129114,-0.6235756700225156,-0.11690465916981789
1932,,0.0,-0.5890704974739348,-0.12,0.0,0.16611429808871447,0.4728907991835612,0.4379323254261557,0.06983308595513316,0.13080606794204966
1933,,0.0,-0.1780889611225449,-0.12,0.0,-0.048727532254062914,-0.062333041674217556,0.1559530654475778,0.03146844657411994,-0.021792969624046768
1934,,0.0,0.30540500550236427,-0.11,0.0,0.34172840728557996,0.2672623414372236,0.039528505517300985,0.21194855752675879,-0.07632932705956756
1935,,0.0,-0.24704866664152472,-0.1,0.0,-0.059833745869596465,-0.10034860304920268,-0.10520924645820381,0.008536612982288319,-0.12359894825442515
1936,,0.0,0.1589587463184204,-0.1,0.0,0.12393494397348034,-0.007481915971316179,-0.0733017897922495,-0.036001718893345275,-0.025741323305908115
1937,,0.0,-0.22634631988495382,-0.09,0.0,-0.28866783830982695,-0.42095146610052697,-0.4036357980906029,0.003358160685194994,-0.40928936261282867
1938,,0.0,-0.11889879149094677,-0.07,0.0,-0.15352126804428948,-0.6044817320751839,-0.4564611533194875,-0.3285908027899726,-0.20763212592710012
1939,,0.0,0.4403245500393731,-0.07,0.0,-0.44192025721009537,-0.5633042056878869,-0.38878518847034743,-0.5265173941757286,-0.3507748154998588
1940,,1.0,0.08539426998222266,-0.06,0.0,0.19955370362785507,-0.050219566155985586,0.10350012619659846,-0.027495373686180068,0.2410949609770833
1941,,0.0,0.015507243956685608,-0.05,0.0,-0.19029985915075837,-0.31576995182072987,-0.5001452688238028,-0.23595860310551903,-0.3147717338529439
1942,,0.0,-0.0009515774362076131,-0.05,0.0,-0.9932648745006357,-0.9205593726995598,-1.1846653153217857,-1.0676511667153594,-1.0442673156362918
1943,,0.0,-1.2910928112450981,-0.04,0.0,-0.09737978217858162,-0.09845961710575367,0.021821057298156962,-0.27052310227322757,-0.09053064769016633
1944,,0.0,-0.2945433248999646,-0.04,0.0,0.8489140222759007,0.9777453010749702,0.8443205699644646,0.8048035484350751,0.7754139372258679
1945,,0.0,0.055766513748288025,-0.02,0.0,0.9455922363332744,0.8632695409379874,0.6930352883173385,0.6616679514622478,0.9568671938481941
1946,,0.0,-0.8616690916371887,-0.01,0.0,0.3884734042293126,0.39140303927159387,0.4755887929025438,0.4974825887778101,0.4458993535776053
1947,,0.0,0.14920021103443915,0.0,0.0,0.5018309926802683,0.3722167228556439,0.4582932812822141,0.25324750709567956,0.45790533431453184
1948,,0.0,-0.18193941587118553,0.0,0.0,-0.45400522094292695,-0.627504481548438,-0.47225112062254915,-0.5482521041647519,-0.16693056686856828
1949,,0.0,-0.5602727037659702,0.0,0.0,0.78097036345695,0.767137043896274,0.6491169707123268,0.3857342771655574,0.5214551921842538
1950,,0.0,-0.04942599718643792,0.0,0.0,0.5389879543040046,0.7542140794663749,0.6275275027151055,0.4459127792906361,0.5608236612034202
1951,,0.0,-0.19229714163970874,0.0,0.0,0.2905520420540012,0.012835511539973369,-0.003184148513531982,0.0004334212035550226,0.5762756521575922
1952,,0.0,-0.6660878086547721,0.03,0.0,0.34182963330524363,0.8426774533562932,0.41758385575598733,0.16551357560893754,0.5146768812734321
1953,,0.0,0.027212652329344653,0.04,0.0,0.5028140099607403,0.5678847375582766,0.4357192058297311,0.19447296963308924,0.46250040772609224
1954,,0.0,-0.07098451340872056,0.04,0.0,0.8024443419855655,0.8717747118066349,0.7893553864636675,0.8073554685006983,0.8486238344983308
1955,,0.0,-0.4399534156004128,0.08,0.0,0.7933429869061053,0.9915669309809322,0.771953275835074,0.7630978786045363,0.8926898410426493
1956,,0.0,-0.2427342797475081,0.1,0.0,0.42211115650455533,0.5486477582909457,0.38757324481003635,0.20664774272430161,0.6427184784902051
1957,,0.0,-0.08332511335882864,0.11,0.0,0.806483376383821,0.5542851737488564,0.7353308721343548,0.875972834669779,0.6961334446108236
1958,,0.0,0.09808669999917152,0.11,0.0,-0.0633264144055715,-0.15448671315421186,-0.02520759586203556,0.14020195786714293,0.10666167522240404
1959,,0.0,-0.744164450074381,0.15,0.0,0.08963938012242528,0.015637993560049673,0.019016191923126036,0.054811398672522355,0.13987460561696055
1960,,0.0,-0.36380603390770666,0.16,0.0,0.05595860632953063,-0.00043499163801651513,0.09164781580543703,-0.01621290474932528,0.011184572966715768
1961,,1.0,0.3343999625852354,0.16,0.0,0.2454861720801222,0.4838801087484685,0.5451507079533255,0.6094070907362877,0.5945481113702432
1962,,1.0,-0.16596966532427793,0.18,0.0,-0.40736913205858044,-0.18064201510698558,-0.4576204084767921,-0.9764310932090216,-0.45335064015630067
1963,,1.0,0.23105716182363287,0.2,0.0,-0.7940488810534237,-0.6418799019904667,-0.6147848718130964,-0.5043857907749486,-0.5898749976219463
1964,,1.0,0.6003484829743974,0.2,0.0,0.2597750002324285,0.10528737444105747,-0.2007680104922367,0.2378595285936749,0.022421352276600144
1965,,1.0,0.3657467826765929,0.2,0.0,-0.603406665926531,-1.1179517131828418,-0.5711328113326392,-0.8486983546154573,-0.6558109779107402
1966,,1.0,0.34159850896406585,0.22,0.0,-1.0676225299428252,-1.4023662673775068,-1.049354293696965,-1.2176502574640444,-0.9740265262073182
1967,,0.0,-0.3775641964958393,0.27,0.0,-0.4374516029817,-0.641328910102282,-0.6364976481241699,-1.0306349005684061,-0.7413517304413791
1968,,1.0,0.1908880493551097,0.27,0.0,-0.11609488865036525,-0.22660486936398302,-0.29447349403513123,-0.2304738950486925,-0.174110665669238
1969,,1.0,0.22903092000392347,0.27,0.0,-1.0921088803839474,-0.9145424356333534,-0.7129796684533061,-0.9479759690600076,-0.8331748116745387
1970,,0.0,0.293228557604586,0.28,0.0,0.039903880048113405,0.27574862272045697,0.30256407183891415,0.23254491235070737,0.2970378076399302
1971,,0.0,-0.1693365420929645,0.3,0.0,0.05544082119685033,0.09132171417347676,0.0337696166847904,0.08912475334136742,0.2638233701777115
1972,,0.0,0.494747299454238,0.3,0.0,0.147724234687725,-0.06684224768729903,0.03005726941041909,-0.4876558235261418,0.11203822243754957
1973,,1.0,0.20593609029160012,0.3,0.0,0.18874064624034914,0.1914941416834579,0.47322660763473473,-0.44260577295311127,0.3650928502047729
1974,,0.0,0.22877349518999052,0.32,0.0,-0.7675259728491723,-0.7564100698579022,-0.7461097198388142,-1.2172352968446711,-0.8377777153199489
1975,,0.0,0.22362926247120066,0.33,0.0,0.23316917615578361,0.29805597209664153,0.34547504299321047,0.22733461203978703,0.5382261266534643
1976,,1.0,0.26859841349949864,0.35,0.0,0.7683604803719482,0.7811010606983712,0.6594045948088991,0.6451048131535945,0.41690618404895535
1977,,0.0,-0.12777834212994965,0.38,0.0,-0.3505015690042835,-0.5220479600811273,-0.5198185150752404,-0.3660461140082848,-0.3620617014425809
1978,,1.0,0.2545123155796625,0.39,0.0,-0.09075056727001332,-0.15299849679952468,-0.10637542318198764,-0.5812122409310642,-0.1715355067012428
1979,,1.0,0.1989296631959789,0.4,0.0,-0.24578358880117884,-0.19679399048422144,-0.326918879435233,-0.04304742717885273,-0.03269986811850083
1980,,1.0,0.5885322926189666,0.41,0.0,-1.045846541223718,-1.1350934782856232,-0.8932486273702909,-0.7859782678093722,-0.9176792489882805
1981,,1.0,0.2996486910052306,0.42,0.0,-0.5182435924226716,-0.3568445996413565,-0.5414345917021143,-0.4608368169295171,-0.44210943719905216
1982,,0.0,0.06484497100604707,0.44,0.0,-0.011483378069856765,-0.09034040070201527,-0.3087288533378396,-0.08933732897695662,0.11386113338943815
1983,,0.0,0.06350361443253863,0.45,0.0,-0.8660260442362191,-1.1647391093857764,-1.1782528352596702,-0.9154970064838451,-0.6156074113321102
1984,,1.0,-0.046715986254474394,0.49,0.0,-0.5228737458709161,-0.6030775045088128,-0.9244054382689406,-0.8688660442583086,-0.5175025634948816
1985,,1.0,0.7921434484130331,0.5,0.0,-1.3745592063071281,-0.5848396121318931,-1.2103476249468588,-1.3014245307008485,-1.5808448018912231
1986,,1.0,0.5331414690995054,0.56,0.0,-0.802558151074979,-0.4335770657599912,-0.6527806177716239,-1.0343593552960706,-0.7987878962921783
1987,,1.0,0.5295630495798647,0.56,0.0,-0.07755043579837918,-0.15799881127229815,0.04922437377797993,0.12518395100783383,0.22095542566232895
1988,,1.0,0.31823388718936174,0.57,0.0,-1.025372594637605,-1.1256153499320736,-0.8199722608345602,-1.1368853633181166,-0.8852406729900923
1989,,0.0,0.09304136773360577,0.6,0.0,0.11250081968014457,0.31971729828459333,-0.06823125753701638,-0.02470557257130719,0.433816329703367
1990,,0.0,-0.05513141566612876,0.6,0.0,0.7840292783210446,0.7560173255818792,0.657511485234389,0.36802960030820786,0.7592967648395876
1991,,0.0,-0.07114545516106166,0.6,0.0,0.2838794090973676,0.1665391558605175,0.25324250086770456,0.12222228725590309,0.3007381520715899
1992,,0.0,0.7726947063523294,0.63,0.0,0.05488735451506607,0.45883462929133195,0.14991634865998058,0.03201508429586102,0.5011907999283469
1993,,0.0,0.29969713492538175,0.64,0.0,-0.08038028176966769,-0.7764803109789825,-0.4648350537072543,-0.10745356336202377,-0.4116646246744484
1994,,0.0,0.16022811189033673,0.7,0.0,-0.5438391280402995,-0.8649476650746555,-0.9162502983008528,-0.5686178027304336,-0.7696313809360367
1995,,0.0,0.7043326708153564,0.78,0.0,-0.5091074352135446,-1.0479775351693432,-0.56514586555887,-0.6192486983478349,-0.4050028649019046
1996,,1.0,0.8164037573088688,0.8,0.0,-0.4897346548391362,-1.0834257713008462,-0.9486191460171263,-0.8676895454224769,-0.6575049813159354
1997,,0.0,0.8679947842656934,0.8,0.0,-1.0449061032489464,-1.1445769019232233,-1.0965630269500921,-0.9092147004011876,-0.7171194199304806
1998,,0.0,0.7100782882819991,0.8,0.0,-0.7870783803056349,-0.8669089274529201,-0.7643211099962467,-0.8272787936543445,-0.8774559674926264
1999,,1.0,0.2936660292095078,0.85,0.0,-0.8510191655492899,-0.9072921109725419,-0.9004851966079518,-0.7961681310153027,-0.8761823162183523
2000,,0.0,0.4556368079934705,0.85,0.0,-0.593402775426524,-0.7647460759198103,-0.608137749815104,-0.05338944801209393,-0.2101786945951756
2001,,0.0,0.6234000740302875,0.88,0.0,-0.6641356504719721,-0.7454126003170257,-0.4856332793090615,-0.8320710766451508,-0.5980641309357497
2002,,0.0,0.8701458980763617,0.9,0.0,-0.6520703624211203,-1.1115807184415565,-0.9786048400281115,-0.9395429139720927,-0.976093969810097
2003,,0.0,-0.0915064025952725,0.9,0.0,0.170251798699282,0.21692914163573138,0.228713750547615,0.0926852069274765,0.14237871398239813
2004,,1.0,-0.7074343871758948,0.92,0.0,0.27279228736279604,0.08865759247500621,0.22455905210811605,-0.42059715580680795,0.21554377808647973
2005,,0.0,0.6408715559393267,0.97,0.0,0.9873189859241256,0.6328290402551074,0.6126836570895106,0.9236022262887306,0.7120287346520385
2006,,1.0,0.9784225964123706,0.99,0.0,-0.29381068859365456,-0.19692245220009297,-0.20515814688390524,-0.44876146126239885,-0.6245508057740942
2007,,0.0,-0.36649699544578346,1.0,0.0,-0.7707393220303242,-1.0338529398885403,-0.9243147325808369,-0.92025255464705,-0.9020024992095087
2008,,0.0,0.22196922237118527,1.0,0.0,-0.9798341287258399,-1.2104131102837337,-1.0980413241957747,-1.1430322763259062,-0.7951508786319929
2009,,1.0,0.6600776922960432,1.02,0.0,-0.9424659583664918,-1.3857949545350359,-1.0368867144851532,-1.1160366307225005,-1.0288762026301672
2010,,1.0,0.6735781272795591,1.03,0.0,-1.0261026294798035,-1.1903743393433088,-1.2152782991373365,-1.430652925693788,-1.3023977890972696
2011,,1.0,0.6914961213648755,1.03,0.0,-1.3469088140776726,-1.2751417555128977,-1.5245902923314842,-1.5367887552566504,-1.5391753235638777
2012,,0.0,0.8250355250294943,1.04,0.0,-0.8016804839975832,-0.7196657817584485,-0.6666329649646883,-0.7673086142364519,-0.6270298986785834
2013,,0.0,0.6158369783490469,1.08,0.0,-0.7066776094016051,-0.84623988380153,-0.7923804926075954,-0.5471134416819421,-0.37310598591175503
2014,,0.0,0.845887165191409,1.3,0.0,-0.8496861757416069,-0.6814232457324659,-0.4279854107363492,-0.768812706541647,-0.48330451643254624
2015,,0.0,0.5376869907413727,1.32,0.0,-0.7812676584947608,-0.8613879811192082,-0.6781774454579733,-0.6809403018030904,-0.37192446520044775
2016,,1.0,1.0921062308586744,1.44,0.0,-0.545077307771101,-0.6737430055716234,-0.6310869674948967,-0.5798692506653195,-0.40506461491990003
2017,,0.0,0.591180423953375,,0.0,-0.6901331242495063,-0.7128266814245502,-0.804785283846736,-0.305376633171767,-0.4956776908540888
2018,,0.0,0.21016588896029215,,0.0,-0.5108324553033776,-0.6873026503506104,-0.5945525625106058,-0.7251896188607875,-0.4217764846283717
2019,,0.0,0.020516836772841072,,1.0,-0.5536631412678926,-0.38129487553349994,-0.3251959916052345,-0.4422719347786483,-0.35980755778146234
2020,,0.0,-0.8853460614739737,,0.0,-0.03531139250039571,-0.05591697019257905,-0.023317667377015645,0.019800943061210895,-0.07384331085304269
2021,,1.0,0.22141989099194015,,0.0,-0.7595925592542029,-1.0938736445569337,-0.918235800185601,-0.5551673017185824,-0.7570628393474157
2022,,0.0,0.7633425762427418,,0.0,0.004673400195227867,-0.2616179778577388,-0.10970957107388188,0.26893215071081317,0.43904044222996297
2023,,0.0,0.43863284628293064,,0.0,-0.19449244815439562,-0.15538836494423258,-0.16430815897648102,-0.1295111995877601,-0.2735900120092071
2024,,0.0,-0.43035391262477796,,1.0,-0.3190034102324375,-0.1577114874529387,-0.11978324979060041,-0.06855554198677126,-0.03302424324008978
2025,,0.0,-1.1728473464670488,,0.0,-0.12728675679935997,-0.15877974053394622,-0.0316769548383882,-0.08111430094612926,0.025866234151788185
2026,,0.0,-0.7308776762086083,,1.0,0.10323443995669783,0.08624938473640918,-0.01441724420683656,0.037716296631864744,-0.07422931906546651
2027,,0.0,0.14261046706204836,,0.0,0.2896452854237923,0.38657523765637647,0.3813389532980573,0.4026862511256453,0.39655508365643793
2028,,0.0,-0.5984992969830738,,0.0,-0.5135132053379519,-0.4649756054738583,-0.36098131955399193,-0.7644168489654767,-0.5128281177845573
2029,,0.0,-0.763292404210553,,0.0,-0.007094359754312045,-0.15386530929075592,-0.09571749880951944,-0.23591773962935716,-0.11234327556718259
2030,,0.0,-0.37903902846525633,,0.0,-0.5676368143100425,-0.6404258416872293,-0.6529904697884066,-0.6863842339742159,-0.6269276535950539
2031,,0.0,-0.38681282644176623,,0.0,-0.4140174011621796,-0.5763711478951412,-0.4555471407763905,-0.7897748264712149,-0.6111731503669533
2032,,0.0,-0.27288321545230415,,0.0,-0.4405483653749943,-0.8332336776853448,-0.667231568737567,-0.9052197366211916,-1.043053538111095
2033,,1.0,-0.5006426876031643,,0.0,0.7022789536921339,0.5846101441498535,0.8116711327452545,0.4117721293804432,0.6792516808339825
2034,,1.0,-0.8167114071638698,,0.0,-0.5344841659251445,-0.7587888577315622,-0.7353437412492244,-0.7222562987108572,-0.5756915260716886
2035,,1.0,-0.6213410615667474,,0.0,-0.007279310598749955,0.1243363841227238,-0.17410497991902452,0.035435052384801526,-0.06144763427423567
2036,,0.0,-0.6680905068567785,,0.0,-1.361336362483067,-0.895641859622155,-1.0348498951034282,-0.970363379085507,-1.193312056137371
2037,,0.0,-0.44154286586439817,,0.0,0.9615393929043716,0.9212225166198379,0.8587410442197174,1.062970589623647,0.9006178240657395
2038,,0.0,-1.1470994663522909,,0.0,0.30336771053916445,0.45138490220748295,0.33562279254344474,0.1963479445703623,0.2721339421183386
2039,,0.0,0.6135698652789164,,0.0,0.3373695514663115,0.5570987028152015,0.3778668593043364,0.687000571483953,0.508283093778312
2040,,0.0,0.2942447424921936,,1.0,0.8682996211615305,0.8530104157627686,0.8022237856847707,0.8816654262616346,0.9856126672974095
2041,,0.0,-0.9393821206898427,,0.0,0.8380656528243324,1.195095245243929,1.068497434613273,1.196961431229448,0.9519200075772297
2042,,0.0,-0.12290737962001351,,0.0,0.7104627556182544,0.5903390129325392,1.0267619912362256,0.6635743737111499,0.6807614949188024
2043,,1.0,-0.4210559112440897,,0.0,-0.8277063455851036,-0.9670675486217153,-0.7111551485250828,-0.649883261298912,-0.7630020574688927
2044,,1.0,-1.006563243614351,,0.0,-0.8063365213690193,-0.9541110474636891,-0.6122048326345738,-0.5634476773326812,-0.6539804008373203
2045,,0.0,0.5099515082879658,,1.0,-0.5332362555617305,-0.5587786147279366,-0.5707171345489134,-0.57877373029655,-0.8601030151370407
2046,,0.0,-0.5206017403974664,,0.0,-0.07869823319196047,-0.4209939722688604,0.07435693573805162,0.29177718208776415,0.20422401815186564
2047,,0.0,-0.8016408243494888,,0.0,-0.6630873739322793,-0.9030460929631396,-0.8601590605092747,-0.7196790292899122,-0.7388335667834832
2048,,0.0,0.44051725936379255,,0.0,0.20283109439925773,0.15942667084278678,0.1914577210089997,0.20259612119973003,0.1935548040110593
2049,,0.0,0.6080050499569392,,0.0,0.4390921811628297,0.45163318601045255,0.6125236363412497,0.16683108583840456,0.46825719968504226
2050,,0.0,0.35399012901445365,,0.0,-0.4669102256440588,-0.3891388296350028,-0.4423277512589301,-0.30621517537772175,-0.45118123345915095
2051,,0.0,-1.3929988560671083,,1.0,0.0770336241861861,0.06876906443985567,0.22151302930478742,0.0625359184644964,0.054706634025349817
2052,,1.0,0.6123594948965869,,0.0,0.34615463069640146,0.28621450167854817,0.3981461916479858,0.3692530818149405,0.5528419657327244
2053,,1.0,0.09590591037073862,,0.0,-0.4592932211439074,-1.1521056035061121,-0.8215716449007143,-0.7878143636137547,-0.8402659594249444
2054,,0.0,-0.029530611299787412,,0.0,-0.7198155623078623,-0.7190140038317574,-0.7127069236584092,-0.3006627366541616,-0.73400008917458
2055,,0.0,-0.355839218480755,,0.0,-0.04416740874464876,-0.6346596956483449,-0.6009426089924982,-0.7222379845060484,-0.6868682112415186
2056,,0.0,-0.726518864048911,,0.0,-0.3806483934308431,-0.5290224362638899,-0.5796589711640814,-0.3269316136459861,-0.4186798602502892
2057,,1.0,-0.5508662592672627,,0.0,-0.9531463783574775,-0.994150306194817,-1.0973895642962468,-0.7599368333439989,-0.8487913780463667
2058,,0.0,-0.475080003471056,,0.0,-0.24839795833284758,-0.39313562760806714,-0.4504411796842379,-0.6436181228806931,-0.5936415734296956
2059,,1.0,-0.7700950331689154,,0.0,-0.6007492904046371,-0.7182445154146715,-0.6343658289836241,-0.581079034352758,-0.5447906182797936
2060,,1.0,-0.6318985165944501,,1.0,0.6830870141644754,0.5246406679853699,0.6991183679767503,0.712149984211355,0.564899737037614
2061,,0.0,-0.8128335127434504,,1.0,-0.8182997746597479,-0.8570583144391005,-0.9565890318159935,-0.6892632478010682,-1.0236075065926877
2062,,0.0,-1.2657401345571586,,1.0,-0.33520270551846637,-0.3019120809118222,-0.4292317294713572,-0.16593954070957245,-0.4269814453525961
2063,,0.0,0.42402962316211484,,0.0,-0.4468715580753233,-0.5557537413230844,-0.655093711264762,-0.11320655860623342,-0.5929159499630837
2064,,0.0,-0.70483394583656,,0.0,-0.8000713219824388,-0.5658484970221496,-0.5956769722976197,-0.6118314476905854,-0.9730730786198908
2065,,1.0,-0.6686664389531793,,0.0,-0.0022321684402078954,-0.3662050897970469,-0.27073785618221236,-0.2413654776762037,-0.4353496696144764
2066,,1.0,0.5398930099571093,,0.0,-0.9413846647651539,-1.0175381821498892,-1.3473035369630182,-0.9078045735061907,-1.1406142595253512
2067,,0.0,-0.031179637554266317,,1.0,-0.7587010941164448,-0.5970771662922609,-0.7002827478270988,-0.6900782769722806,-0.6604454055380341
2068,,0.0,0.5186293540452559,,0.0,-0.41640057461555474,-0.3668321428507812,-0.22669369422272506,-0.5163255981701802,-0.2603914345454597
2069,,0.0,0.407144303362851,,0.0,-0.6069970865655054,-0.3866826804074624,-0.4222901390290924,-0.5580810474274319,-0.22140220029127272
2070,,0.0,0.23628371787227267,,0.0,-0.9328043260214318,-0.7721972492024302,-1.0450240482340525,-1.1343071055967178,-0.8247550248384108
2071,,0.0,-0.9891269683892749,,0.0,-0.6938741895164919,-0.6075019375035315,-0.4875041266675913,-0.4684619627182925,-0.28191070683366815
2072,,1.0,-0.43969026468631656,,0.0,-0.22539211199068931,-0.6343889117344292,-0.4566433193870091,-0.4525318781579456,-0.636728817669795
2073,,0.0,-0.3381816292470037,,0.0,-0.35227963508019305,-0.4106951355620448,-0.20446137720184213,-0.3973961773393399,-0.16662466169953918
2074,,0.0,-0.3338563173056056,,0.0,0.1204693384141478,-0.037929753836702905,0.23397331690788822,0.30358764662519083,0.2378711101960265
2075,,1.0,0.5290707215807839,,0.0,-0.31619492825630774,-0.7884938573206534,-0.7467163113604371,-0.9670171164977415,-0.690592900010997
2076,,1.0,0.11946802121559073,,1.0,-0.3899017204330203,-0.9116847539152761,-0.46845033691913474,-0.47509492058055736,-0.21957827176139227
2077,,0.0,-0.033823573744971254,,0.0,-1.293992476784871,-1.3500261350741147,-1.229518889371049,-1.5046807842426202,-1.174634656578368
2078,,0.0,-0.06984574356639126,,0.0,-0.4933900159854754,-0.5512562224218056,-0.6070131994613299,-0.6469116000916539,-0.5468016140523729
2079,,0.0,-0.36575543027529606,,0.0,0.06762620125377142,0.23671717213854795,0.3786936548255906,0.20434398331934428,0.3541240750892482
2080,,0.0,-0.12960683788100924,,1.0,-0.3819670671413827,-0.09164784987238973,-0.289789929445551,-0.5455942184409511,-0.3389954286468515
2081,,1.0,-0.9863614129722719,,0.0,-0.09313796099598924,-0.16067284427254908,-0.13258133370773803,0.18852376683805364,0.11455864704086094
2082,,0.0,-0.008185051587481815,,0.0,0.16965476053101916,0.06837796411290878,-0.10659687959212144,0.16016920657374353,0.12247338321572747
2083,,0.0,-0.11788338887258248,,0.0,0.3385112800485034,0.37824805254207283,0.41065294134270247,0.5102204298304482,0.49128532397962826
2084,,1.0,0.6500098077094059,,0.0,-1.6065943137224499,-1.296290604907476,-1.6879677217232056,-1.5398001960206107,-1.2291256447547803
2085,,0.0,0.16738234245411096,,1.0,-0.41028369499950373,-0.3430602414735559,-0.5386609452669555,0.07604166829203168,-0.4416918655679474
2086,,0.0,-0.5617640648003581,,0.0,0.011631448420777886,-0.09301546955761847,-0.16416404196225398,-0.2978388734919627,-0.3612814762537281
2087,,0.0,-0.33778422848447304,,0.0,-1.0347865404075103,-0.8799451321901363,-1.0425965165465785,-1.253824952510501,-0.8949067224760746
2088,,0.0,-0.18616357213060827,,0.0,0.2570606450501938,0.2362293258347132,0.21086192261628334,0.21513766215835128,0.3000054907859989
2089,,0.0,0.13241759167797776,,0.0,0.25465128646209706,-0.23597128702052494,0.04936283737973322,0.3181074656626988,0.1439856286027062
2090,,0.0,-0.44346392724854183,,0.0,0.6000125928631392,0.4312147779562904,0.48580029602021585,0.18581796890241356,0.5645496523360158
2091,,0.0,-0.09848980523326803,,0.0,0.20267556460577166,-0.03503777438813811,0.2471182499992145,0.24905816544486453,0.24933526317614702
2092,,0.0,-0.06328038033138482,,0.0,0.08315843285629365,-0.005734378390362533,0.007593698945858216,0.0506643172059368,0.02586670023205343
2093,,1.0,0.19696669523645186,,0.0,-0.5907160526541211,-1.0531045529952672,-0.7709483384991406,-1.155622182718876,-0.7127723852234633
2094,,1.0,-0.1388502170825775,,1.0,-1.4892354137350075,-0.9882987608199095,-1.1543727519748153,-0.5081514586358336,-0.9461484452899029
2095,,0.0,-0.9624266183998499,,0.0,-0.6355616102706146,-0.5467804017735539,-0.6962232981549669,-0.697568421314019,-0.6536093954552848
2096,,1.0,-0.5757143898214254,,0.0,-0.4107089933459653,-0.652717104649798,-0.6569790417364898,-0.6620520581628722,-0.5937257763467793
2097,,0.0,-0.07630077263642254,,1.0,-0.18907398748489543,-0.7397092519687014,-0.4904464053084068,-0.9655432443783538,-0.43251885049673583
2098,,0.0,0.2983463989281273,,0.0,-0.45461368541475305,-0.44427024410131744,-0.6654306102325637,-1.009376905966656,-0.592292745462056
2099,,1.0,0.19521579943304296,,0.0,-0.5615465459024164,-0.5261746436075835,-0.7095342775613509,-1.1698589984599619,-0.9554712983162662
2100,,1.0,0.6723922169236297,,0.0,-0.12281672983750973,0.19533954438539688,0.023763611367131565,0.10451912884663817,-0.10948797818292612
2101,,0.0,-0.47211924362511976,,0.0,-0.37803172477684616,-0.4777099658789895,-0.5670329210616561,-0.4063286012257865,-0.5054504157183005
2102,,1.0,0.8389632242447295,,0.0,-0.32793200850140464,-0.6055886717172408,-0.3802976757528385,-0.5146622487326689,-0.28867949853400526
2103,,1.0,0.15661693087061623,,0.0,0.1050891108611442,0.0064480257636689384,0.17158079564358777,0.3195725692359238,0.23001815039890533
2104,,1.0,0.17032248109404355,,0.0,-0.09448233312662127,0.006906787056939506,0.15491321432214245,0.1589054945957705,0.24885975935528876
2105,,0.0,0.0638714363487299,,0.0,-0.3136340114299152,-0.16945491469736623,-0.05141220973807164,-0.17460496433684625,-0.3301307594699049
2106,,0.0,-0.7261832086076884,,0.0,-0.5376176246927338,-0.5778803890701195,-0.7828612437460517,-0.38352088731074896,-0.7958204444162083
2107,,1.0,0.08368400046236636,,1.0,-0.12158390329300606,-0.24870790976967475,-0.0217875993883857,-0.5901071172373998,-0.41406289214634173
2108,,1.0,-0.2875132122280669,,0.0,-0.2641829906822634,-0.5810246549359992,-0.4170919649547447,-0.3757030064251372,-0.5747861225027397
2109,,0.0,-0.09917124160928266,,0.0,-0.5875151983591739,-0.8854850119650239,-0.6744674755374984,-1.127270343093279,-0.7387557195931356
2110,,0.0,-1.1435394175997937,,0.0,-0.7158721295778082,-0.9001224811919989,-0.7859214356212547,-1.219501030231675,-0.5999529107749142
2111,,0.0,-0.4278182858874936,,0.0,-0.6277372158382677,-1.100822940717074,-0.8797904836611514,-0.9075985894583463,-0.5782909551035655
2112,,0.0,-0.11343227229420542,,0.0,-0.6134826264385126,-1.0678604849543447,-0.8176196513573836,-0.8367997942327071,-0.5506110646029885
2113,,1.0,0.014259108913938634,,0.0,-0.7673104797365092,-1.2566990378632312,-0.9795368721085203,-1.427378705196249,-0.8943672093122993
2114,,1.0,-0.042431894920125245,,0.0,-0.679260601826819,-0.8083275807194691,-0.7110080194464272,-1.1055463427034524,-0.582184481518204
2115,,1.0,0.41331629137574205,,0.0,-0.7089640827724139,-1.2700000679451444,-1.0451879576181424,-1.2393016021489789,-0.8750124273232596
2116,,0.0,0.6943277926457746,,0.0,-0.9606230985854379,-1.300885547360318,-0.9619623673804981,-1.031911464467942,-0.9031014839094356
2117,,1.0,-0.019175112669207985,,0.0,-1.3454249349589626,-1.1712405288112657,-1.3165031527570292,-1.1723392032016027,-1.2503867373696906
2118,,0.0,-0.40272556164967643,,1.0,-0.3340727593849864,-0.9301257268507755,-0.8163377608138987,-1.024467676346572,-0.5522685587964757
2119,,1.0,-0.12963711767940128,,0.0,-0.6575020023470697,-0.5608892378489153,-0.6256344043541804,-1.000372002555368,-0.4254833873391258
2120,,0.0,-0.5690181762672045,,0.0,-0.3793853699748151,-0.9054678895323205,-0.703421475443959,-0.9167272178751875,-0.6519960556826545
2121,,1.0,0.5984956861264055,,0.0,-0.3697779585082196,-0.5243063195156047,-0.7304626856466163,-1.0250870462706354,-0.5073972460491203
2122,,0.0,0.16264213414558654,,1.0,-0.21580772578477592,-0.261313622388805,-0.38620822084628365,-0.8442384959489235,-0.42246150433012
2123,,0.0,0.8679334057763465,,0.0,-0.3580347291463052,-0.26685320841197435,-0.28258918373348707,-0.8393204356523476,-0.15403484194757955
2124,,1.0,0.43377951101756956,,0.0,-0.548306057939485,-0.7000522098658454,-0.7449449383035982,-0.9641468055217024,-0.6466919799241142
2125,,0.0,0.05823522418517049,,0.0,-0.6206671340603356,-1.127339615861951,-0.9696800885570522,-1.1052808546791895,-0.6652889066579157
2126,,1.0,0.20092002894577474,,0.0,-0.6373462646774837,-1.1324580248406886,-0.9662770586657813,-1.1012167842778617,-0.6775697398913527
2127,,1.0,0.7438038306927917,,0.0,-0.6693107522604029,-0.7398540210240608,-0.8633099515502178,-1.2839177653336042,-0.6277859174359643
2128,,0.0,0.04688857692609165,,0.0,-0.3408823911526608,-0.06780151389329467,-0.17960829446040527,-0.15530558061270375,-0.16331072019667917
2129,,0.0,0.003913628501531609,,0.0,-0.3183842867561999,-0.12817818135336143,-0.25637106123673775,-0.021799057415216,-0.019964545710257145
2130,,0.0,-0.02751072713604048,,0.0,-0.6524113497651535,-0.6194873194604613,-0.6968615017992134,-0.618283759477933,-0.7761183568939304
2131,,0.0,0.10585819909584056,,0.0,-0.6302392293639376,-0.6118985714700382,-0.7076793471095063,-0.8671097862137386,-0.6693558486081405
2132,,1.0,-0.07616833704066349,,0.0,-0.5720280032740264,-0.6060782110370849,-0.8661441167301408,-1.0297526895075093,-0.5638369541389593
2133,,0.0,0.09140809947632604,,0.0,-0.45166026326710407,-0.656255405891189,-0.8613232684765884,-0.8457724916104513,-0.5136969687164501
2134,,0.0,0.6704267016725745,,0.0,-0.07465137674362571,-0.3627668118572292,-0.11730433503303023,-0.28540733692419484,-0.13922825861913563
2135,,0.0,-1.0897661173033029,,0.0,-0.4964885607715695,-1.0139718630968737,-0.8504242586533093,-0.8037622738145284,-0.5236600412651601
2136,,0.0,-0.9736778846941799,,1.0,-0.67348334337258,-1.112277495448243,-0.9445687086174407,-1.1308951973349448,-0.7935175096167595
2137,,0.0,-0.07283188145392312,,0.0,-0.17197370462574985,-0.1705572744524286,0.1134627641802149,-0.17499294408899885,0.05502967993259648
2138,,0.0,0.24887578639278912,,0.0,-0.9469585803906787,-1.2078892936755723,-1.062645855546364,-1.0733016032271474,-0.749961171239926
2139,,0.0,0.9498826079847237,,0.0,-0.5342427452654567,-1.000431415633518,-0.932564744109544,-0.9435547468997827,-0.5220014629593743
2140,,0.0,0.4689207041104387,,0.0,-0.17737746294503634,-0.43278552999409226,-0.2720402577093887,-0.7314488126373281,-0.1543748145073108
2141,,0.0,0.5612931893657638,,0.0,-1.095257317653665,-0.8645572874388677,-0.8134588664314941,-0.8981971804740163,-1.051233007581178
2142,,0.0,0.752274902766329,,0.0,-0.7284303860710643,-0.6714380736085188,-0.6365310519129009,-0.6110247283255926,-0.5351780353203811
2143,,0.0,0.6038848857756329,,0.0,-0.39491534718068394,-0.46050767045679153,-0.3737417882443971,-0.4624742014580527,-0.17377563192995793
2144,,0.0,0.8305509485901302,,0.0,-0.36209818373438024,-0.39110782731232135,-0.45824003209810926,-0.731533467177805,-0.5035097672969019
2145,,1.0,0.24964690258550787,,0.0,-1.1208993787168893,-0.9252097645175015,-1.1074964414209416,-1.2378235044322163,-0.7360811461753135
2146,,0.0,-0.4974877191833687,,0.0,-0.40313973547904763,-0.6209487316225997,-0.4408231420076059,-0.61625250337772,-0.3711687998500813
2147,,0.0,0.6291717784614295,,0.0,0.08113253918549752,0.08057788529787666,-0.046925924112736946,-0.10666588326740298,-0.02440698912694395
2148,,0.0,0.8501145304908666,,0.0,0.2642518211614128,0.03243087705317096,0.14925687099878773,0.1884250011216087,0.27247509303353623
2149,,0.0,0.4916082090045651,,0.0,-0.5290662834358767,-0.6696590984576883,-0.7467040021285285,-0.40779711436816646,-0.47186362571985124
2150,,0.0,-0.221555906213063,,0.0,-0.5629595661374446,-0.7778535938226239,-0.7093085598104688,-0.5759598590839148,-0.4045238009417326
2151,,0.0,0.5301343886417561,,0.0,-0.05956701434527657,-0.31409074143854493,-0.2578632251763461,-0.1071428279835166,-0.05322621288801043
2152,,0.0,0.8243258186585692,,0.0,0.031029958762790286,0.001119131368046949,-0.043559644324167056,0.3746978301511138,0.02880578080565101
2153,,0.0,0.8291939944432756,,0.0,-0.5733983627444968,-0.30162968808949703,-0.40648314420130727,-0.6999060848039206,-0.5488227746229323
2154,,0.0,0.2353356729233373,,0.0,-0.37585658050531084,-0.24036241646912085,-0.12434269617822694,-0.34038459351149625,-0.09295908848635477
2155,,0.0,0.23128224208504833,,0.0,-0.6279558319755059,-0.8334978415609696,-0.9187580037039339,-0.5534325709873589,-1.1236778664370428
2156,,0.0,0.459085831328202,,1.0,-0.5991181947682817,-0.6633061702705814,-0.7359596678078801,-0.7990434239834806,-0.8354482737804895
2157,,0.0,-0.03154985046497572,,0.0,-0.8923470777325088,-1.3245576420788485,-0.8525960134463191,-0.7959548659650425,-0.6499414344938684
2158,,0.0,-0.20717753306096526,,1.0,-0.2875555614034763,-0.5654432287620803,-0.28846746373397986,-0.6522759485991426,-0.5904099162746939
2159,,1.0,0.5335628047510546,,0.0,-0.05855712122214867,-0.10241729951694248,0.0710791305912867,-0.18951566564707856,-0.08950858106679582
2160,,1.0,1.0586382186037757,,0.0,-0.9137738299115233,-0.9013013032380688,-0.8998898768166859,-1.0299299542413076,-0.8145704796506132
2161,,1.0,0.6690532424234191,,0.0,-1.0262708443873358,-0.892868436154885,-1.1170000245358098,-1.1362531659484052,-1.1481818558958687
2162,,1.0,-0.3639657622126204,,0.0,-0.12680338756477905,-0.1295492267894305,-0.2393956102008947,-0.005800461891109905,-0.1840583280951034
2163,,0.0,-0.6252162480336253,,1.0,0.1378398135277776,0.030773967179022917,0.22169001763520457,0.22168906748175682,0.16412733389406267
2164,,1.0,-0.989752155789223,,0.0,-1.188967339288025,-1.2005295739906832,-0.9606362795108535,-0.9777114498425705,-1.0634376875543572
2165,,0.0,0.015257672515433305,,0.0,-1.0727561453528853,-0.9991306241046829,-1.1614546428588761,-1.0409188396108078,-0.9663351797912652
2166,,0.0,-0.3673026151514809,,0.0,-1.2723421887877118,-1.1663824236678337,-1.3944647199575788,-1.0317125182494082,-0.8771368008908917
2167,,0.0,-0.6398042286737885,,0.0,-1.0735924546607236,-0.9601079874250018,-0.7681644297418447,-0.9873166204480212,-1.0903065789962778
2168,,0.0,-0.34318899437275496,,0.0,-0.7792652061519844,-1.2093903213988713,-1.1366858123842445,-0.828467951551397,-0.7910417726527978
2169,,0.0,0.14296197293117352,,0.0,-1.1189570159772346,-1.0616519957590822,-0.9826149876874305,-0.9468161233269103,-0.9401035058783638
2170,,1.0,0.3702183241105523,,0.0,-1.2101679386880981,-1.2250216627094728,-0.8980830178367915,-1.2921267385002335,-1.0735026946658208
2171,,0.0,0.7417530498531405,,0.0,-1.0053834086981064,-1.0206290169066492,-0.9202518738375328,-0.7616483013613969,-0.7340303582406884
2172,,1.0,-0.22883596386467742,,0.0,-0.903454990184834,-0.9785686225768796,-1.12269325320964,-0.9113315810167464,-0.7478465085381353
2173,,1.0,0.6343178142766215,,0.0,-1.319644666955442,-1.1578059228764472,-0.9547124200648628,-1.2502247821039127,-1.0371592835617893
2174,,0.0,0.935535420268531,,0.0,-1.516789782090637,-1.219294828146313,-1.39544519972694,-1.6310305440156931,-1.2985267448662505
2175,,0.0,0.2498239161859936,,0.0,-0.7745564418073014,-0.8005309421641719,-0.7339800150826948,-1.0059474398455348,-0.889042723879343
2176,,1.0,0.298750516451402,,0.0,-1.276287758215678,-1.1240525761085984,-1.01581868556681,-1.09887400164579,-0.8749115661002579
2177,,1.0,-0.4883877448410672,,1.0,-0.913313435597588,-0.9285775976617779,-0.9358851086515902,-0.9441147952132712,-0.8066418912944109
2178,,0.0,-1.199346218407537,,1.0,-0.6001830591625525,-0.6086150459244065,-0.6471024753008707,-0.7740323815089513,-0.5379813742992227
2179,,1.0,-0.5536647382308245,,0.0,-1.0841758423339538,-1.1783782934957094,-1.162668693768724,-1.0927437847199422,-0.860474584497974
2180,,0.0,-0.7654963880051718,,0.0,-0.6603742124785614,-0.9206114691703401,-1.0873058840361318,-0.4005419975580496,-0.7815732942209873
2181,,1.0,-0.734009493093905,,0.0,-1.3045947782147198,-1.2760369457236536,-0.8817016994038378,-1.2845331552027626,-0.9920210769123214
2182,,0.0,-0.2932070956015724,,0.0,-1.1824516330892536,-1.1411208412407388,-1.1022542407979636,-0.9078655439750384,-0.8909215732237519
2183,,0.0,-0.3755613614284406,,0.0,-0.30857439048529367,-0.6596552222833294,-0.4968270572396541,-0.44602257169101467,-0.5096690550073738
2184,,1.0,-0.41810391980377476,,0.0,-0.8997302487505717,-0.9351572391058496,-0.8891512667071977,-1.1477391188681492,-1.0733810719750485
2185,,0.0,-0.5031931935516094,,0.0,-0.6237676553759756,-0.7840515662120173,-0.8167714971207745,-0.9563959081341581,-0.5092466604968345
2186,,0.0,-0.4346172400622733,,1.0,-0.8054043138855962,-1.1202924692007643,-1.0832545513850174,-1.2147711505927743,-0.7287204380227457
2187,,0.0,-0.14433873358644847,,0.0,-0.6706932423253908,-1.3570168811556602,-1.115804210941644,-1.2479586197821135,-0.9124496235168561
2188,,1.0,-0.053290589296162524,,0.0,-0.409754376845874,-0.3387992207697144,-0.5200688562539482,-0.8529338251684302,-0.34142761199237176
2189,,0.0,0.025000351697410515,,1.0,-0.34825408058099433,-0.5085956439430174,-0.6632137763643502,-0.7373035618084586,-0.5273178144673238
2190,,1.0,0.3242000177030495,,0.0,-0.27442580216949014,-0.24688272311607437,-0.4177375742860156,-0.6614950145834191,-0.29220474694258547
2191,,1.0,-0.4629745392890618,,0.0,-0.16933408696622654,-0.28224913415569747,-0.15752475874779817,-0.7359145232107478,-0.1752260218176344
2192,,1.0,-0.2620883796594261,,0.0,-0.30697466345108204,-0.19868374309486037,-0.372630932467955,-0.809127951750192,-0.1808419481767671
2193,,0.0,-0.9502504312369091,,0.0,-0.8639175332642984,-0.8827707495454631,-0.8152756654908516,-1.3599392465220455,-0.9973402932908454
2194,,1.0,-0.16497719519374152,,0.0,-0.587761396027249,-1.2053069273877939,-0.936449096011537,-0.9397293748454412,-0.8438226294797763
2195,,1.0,0.23951060081230496,,0.0,-0.9384161918935033,-1.0521340348648878,-1.0927975919497201,-1.3306570539067573,-1.0104672975849986
2196,,0.0,-0.3948697709400223,,0.0,-0.5455153892930736,-0.5237223068041293,-0.36126047230195324,-0.7059598564058205,-0.6441171806693108
2197,,0.0,0.17311628075907415,,0.0,0.11144077381946249,0.06039339827621525,0.07934965822205875,0.007580330097664484,0.1718844451635032
2198,,1.0,0.08821838219977406,,0.0,-0.12540908825103497,-0.35166080742075106,-0.48667033568772655,-0.6025841470857611,-0.45568645430784915
2199,,0.0,-0.07752128856631195,,1.0,0.1387631440790514,0.03483461546613184,0.3148147944547637,0.15396111431162077,-0.028822395189353
2200,,1.0,0.22316418015765227,,0.0,-1.0622272243857593,-1.101540780485038,-0.86068042582241,-1.2035995684577772,-1.0834892303727757
2201,,0.0,0.6933476840589117,,0.0,-0.9000299932227577,-1.069079157390262,-0.8564589402422705,-1.0730068238304884,-1.0146333124270186
2202,,0.0,0.015302948455158746,,0.0,-0.023189509404314794,-0.033063124390278587,0.006930035307545641,0.0008016881460402312,-0.09746286433728564
2203,,1.0,0.3860382129691944,,0.0,-0.4917501628861682,-0.7160639931271654,-0.639778304410659,-0.449188598205172,-0.6273266280163813
2204,,0.0,-0.6682021978290662,,0.0,-0.69115967688913,-0.6759108044335606,-0.7393440748850059,-0.971226066983976,-0.7362278218760315
2205,,1.0,-0.1904047637851521,,0.0,-0.8298042568406052,-0.8594438947213521,-1.0092379577694532,-0.9143732177079815,-0.7390274269662994
2206,,1.0,-0.22284603945240072,,0.0,-1.0406269509869694,-0.8128236716587915,-1.07044106547093,-1.0581406847331125,-1.138110344522199
2207,,0.0,-0.2320066376731561,,0.0,-0.810004063013193,-0.8978601460806078,-0.9259725209105333,-1.0025089422470834,-0.8593388014862415
2208,,0.0,-0.24479567975391012,,0.0,-0.297525942701517,-0.4212568800532019,-0.4686404316068114,-0.05851031671437482,-0.10349097319062596
2209,,1.0,-1.423761378162349,,1.0,-0.5584694766312002,0.015115029157205587,-0.2497385201294057,-0.20470102758388062,-0.1826607567398974
2210,,1.0,-0.6466608166040088,,0.0,0.5294718400733268,0.652776741223105,0.43380225030127073,0.6758312791877318,0.6347251923348177
2211,,0.0,0.1267293651317686,,0.0,0.012294363782005685,-0.2954276886007246,-0.09126147138520639,-0.007778119411878024,-0.006887219570238687
2212,,0.0,-0.6308020176663122,,0.0,-0.41894485811662463,-0.37200592192898285,-0.6224981919677037,-0.39024764734356954,-0.5702330691563218
2213,,0.0,0.13488030417032862,,0.0,-1.1745807569205333,-1.1563043056120537,-1.1248800093548517,-1.1258317351306102,-1.0123027359765144
2214,,1.0,-1.0406220731615519,,0.0,-0.5999169287792899,-0.812256049503131,-0.7546552219322734,-1.257795750861571,-0.788471437170982
2215,,1.0,-1.2016548700764202,,1.0,-0.8803227316920077,-0.9448949955815428,-0.8367458577906651,-1.1584060559820892,-0.9851388763384665
2216,,0.0,-0.6925595178553859,,0.0,-0.9006250969882372,-0.9653909455729136,-0.8320698080433238,-1.0067265749513883,-0.8741770773052963
2217,,1.0,-0.19989592214998542,,1.0,0.026892301771454033,-0.17236941777601864,-0.0878727188866273,-0.4126711218872324,-0.49494022074299715
2218,,1.0,-1.205807435892181,,1.0,-0.7496324263634708,-0.8614294253031312,-0.7990463988034018,-1.111887488695243,-0.8465546075782978
2219,,1.0,-0.3669517429386755,,0.0,-1.1013868473212205,-1.1568490657926978,-0.8104766053384594,-0.9794370020146871,-1.049605903585919
2220,,0.0,-0.8118227056652493,,0.0,-0.757419940666595,-0.8122262695357426,-0.9808074867971349,-0.4882244065118757,-0.8418217168954921
2221,,0.0,0.6626754836919713,,0.0,-1.0744447047183183,-0.9400766258902703,-0.9774317039658487,-1.0588917598680498,-1.009552599864155
2222,,0.0,-0.3536703761104671,,0.0,-0.08328316033652207,-0.3012797837097749,-0.10844794480230409,-0.5555424838965377,-0.035982512579011014
2223,,1.0,0.5518716144881171,,0.0,-0.5180609890878035,-0.9643829263303835,-0.7564441268319815,-0.8889533472699697,-0.36792188965117
2224,,1.0,-0.13453073972005966,,1.0,-0.8101978897375547,-1.1578547604634901,-1.141989976178376,-1.3283531294007986,-0.9857578008651056
2225,,1.0,0.5500402380198172,,0.0,-0.5714327372488103,-0.6862493627315233,-0.698052093110034,-0.9685819891522868,-0.5588702885684349
2226,,1.0,0.25870140053210827,,0.0,-0.6053411240437964,-0.6697835553685003,-0.704741098195017,-0.7677090954472078,-0.37468957132951247
2227,,0.0,-0.2701063386611616,,0.0,-0.5879656103886254,-0.5133974373782703,-0.6859537400171308,-0.8755564121144754,-0.4039146443285326
2228,,0.0,-0.8214724392040946,,0.0,-0.353477536799352,-0.584389998093163,-0.4324754520384923,-0.4822592634342345,-0.47738807555644214
2229,,1.0,0.24343938311875196,,0.0,-0.27378629441949415,-0.3954755285437098,-0.22053511978286336,-0.6654387806700944,-0.20712822580174803
2230,,1.0,0.05378686735590662,,0.0,-0.8345730146576845,-1.0973572002808814,-0.855306710602335,-1.2537335925268045,-0.8566674832316902
2231,,1.0,-0.07057929870356995,,0.0,-0.37736007271245364,-0.9429563794310342,-0.8023830062289453,-1.0404047421198748,-0.6238404392315956
2232,,0.0,-0.18468421706105106,,0.0,-0.612114340445183,-0.9963337614043168,-0.6878037070804687,-0.96996513967053,-0.41428019234879904
2233,,1.0,0.3655038382149736,,0.0,-0.1895197674183972,-0.4792079515921863,-0.3691100732918963,-0.12656909764351573,-0.3551190685058676
2234,,0.0,0.0349215057075563,,0.0,-0.22123203779237632,-0.24550250105511295,-0.465428167267031,-0.5209035582021904,-0.06818380939754894
2235,,0.0,0.010350437837473166,,0.0,-0.7168255758748081,-0.8247747337881484,-0.6672920889604337,-0.793468438903523,-0.5465285445557714
2236,,0.0,0.389711498830578,,0.0,-0.6058566221374884,-0.7397322746517259,-0.670626702181927,-0.8953802355849816,-0.3461537532249862
2237,,1.0,-0.03697150488269813,,0.0,-0.6632927796067226,-0.7580903906249212,-0.7141411688619395,-0.8744555388230072,-0.48794484405922256
2238,,0.0,0.14356874661411714,,0.0,-0.6563101479321178,-0.8961456480793576,-0.8849302124105872,-0.846554840308383,-0.628302721211001
2239,,1.0,-0.16846475054510388,,0.0,-0.9068095374287389,-1.0622229023291918,-1.0058091561470561,-1.194634035037477,-0.7574476921518911
2240,,0.0,0.1791446791736601,,0.0,-0.6683988015840625,-1.0101572268387573,-0.8504196969974466,-0.9090608310868292,-0.47869399786461725
2241,,1.0,-0.4321291366415597,,1.0,-0.2456484975534632,-0.47070569435589055,-0.40626771399950334,-0.5911583612329693,-0.27148570084695334
2242,,0.0,-0.124146029774702,,0.0,-0.34509595000786564,-0.4067324380298253,-0.42569624588689786,-0.5350379595415525,-0.41637317596808193
2243,,0.0,0.040716550609766596,,0.0,-0.18646189123962054,-0.4259779230713166,-0.41341160076114497,-0.5767917236606492,-0.2741526801340212
2244,,0.0,0.013207962620798304,,0.0,-0.592129486072949,-0.8609078552576744,-0.9748076695516732,-0.8247262825963024,-0.5555105645346818
2245,,1.0,-0.3799329803929182,,0.0,-0.6033412154581725,-0.6270929312988256,-0.7562484577446319,-1.0536623301771593,-0.33605154197726594
2246,,1.0,-0.4776469943901967,,0.0,-1.048046023650961,-1.1319081317550286,-1.3113701113056344,-1.4004868213203647,-1.0956553887768397
2247,,0.0,0.9388938767018827,,0.0,-0.6752512324025278,-0.8190451307857576,-0.8401228047018264,-0.9522047213512139,-0.6656980777113826
2248,,1.0,0.6072660144810222,,0.0,-0.6196640340725037,-0.9082083642246375,-0.761123722536725,-1.0662371232510814,-0.7280219358336719
2249,,0.0,0.9640172443438559,,0.0,-0.6121091365690329,-0.7184632960497654,-0.7731462672012172,-0.946119179463719,-0.5766729217407004
2250,,0.0,0.20920983796960796,,0.0,-0.9425260184225501,-1.3272990764670043,-1.086989929531636,-1.252916626450624,-0.773869347830237
2251,,1.0,0.12423314851303735,,0.0,-1.1489029896183431,-1.3046110799404815,-1.0354824892956866,-1.4273513036061145,-1.2030018443102362
2252,,1.0,-0.6235756700225156,,0.0,-0.4064592879357012,-0.5077165247379017,-0.4848998895028775,-0.781860087331365,-0.3536112698791254
2253,,0.0,0.06983308595513316,,0.0,-0.7446917603959476,-0.893540561339315,-0.9828913773176663,-1.0335017145187455,-0.8218978662722012
2254,,0.0,-1.0676511667153594,,0.0,-0.5126696344931689,-0.572911532561728,-0.9169013119443882,-0.9892467041552847,-0.6207009115449539
2255,,1.0,0.4974825887778101,,0.0,-1.0190537279157132,-1.2595913693981373,-1.0781802582556483,-1.2570287241373168,-0.8345655622379579
2256,,0.0,0.3857342771655574,,0.0,-0.5754053518900317,-0.8081522646663277,-0.5913473213457201,-0.85632461546148,-0.7149200584256035
2257,,0.0,0.4459127792906361,,0.0,-0.34786035008986654,0.0044519590843568975,0.06133702505868832,0.013923734790608149,-0.010365491906874667
2258,,1.0,-0.9764310932090216,,1.0,-0.4397063088906594,0.06908666109900373,-0.06477112202816289,0.06800529438119,-0.0749389242878397
2259,,1.0,-0.3660461140082848,,0.0,-0.241358112682062,0.07556730826400623,0.1425705067639929,-0.12173979549105986,-0.12641818333105087
2260,,0.0,-0.04304742717885273,,1.0,0.3094651074101125,0.33960223424697383,0.3039571369439533,0.09474176869808705,0.20314831685137397
2261,,0.0,-0.7859782678093722,,1.0,-0.8288484653181675,-1.1535978514844385,-1.1926557717970996,-1.0182858747993695,-0.6604728317331052
2262,,0.0,-0.8320710766451508,,0.0,-0.5272648174630136,-0.4997298672070795,-0.5505653394907005,-0.7548778702962619,-0.2744020790580849
2263,,0.0,0.0926852069274765,,0.0,-0.21397273562385646,-0.3311995325447877,-0.1790733711556954,-0.42328538246393216,-0.24339067335409645
2264,,0.0,0.9236022262887306,,0.0,-0.7975668170307108,-1.0771727602874477,-1.0185275515308954,-1.0776111616885127,-0.6823246136328048
2265,,1.0,-0.44876146126239885,,1.0,-0.7619231991276767,-1.08805671054293,-0.9785861788589229,-0.9420774362188676,-0.9440651088206033
2266,,0.0,-1.1430322763259062,,0.0,-0.17156852756045626,-0.018673866431924396,-0.1876943706427452,-0.15918716060097568,-0.1910296362764393
2267,,0.0,-1.5367887552566504,,1.0,-0.4187728428617465,-0.8105495621783199,-0.6310034995227545,-0.5782088398271373,-0.7358779808141388
2268,,1.0,-0.5471134416819421,,0.0,-1.1746904039490238,-0.985287117958943,-1.1989035278228313,-0.8756620940335693,-0.9619089729567156
2269,,1.0,-0.7251896188607875,,0.0,0.19057699366009803,0.05775823694261484,-0.0346332804822798,0.18620249353746396,0.13958967085632293
2270,,1.0,0.019800943061210895,,0.0,-0.36038361540354885,-0.23260080045736772,-0.19434870553514505,-0.22902368878244364,-0.22599307165864965
2271,,1.0,-0.08111430094612926,,0.0,-0.2031921830730348,-0.6980146289524041,-0.4535220303222318,-0.6399496102326042,-0.41934500993877283
2272,,1.0,0.035435052384801526,,1.0,-1.2361975832874466,-1.2567317894065893,-0.8688981098653378,-1.430352051330255,-1.0665524207145496
2273,,1.0,0.0625359184644964,,0.0,-0.5398113381974414,-0.6651899097773437,-0.7217858310960161,-0.47896354975400707,-0.5565819305322359
2274,,1.0,0.3692530818149405,,1.0,0.1518090085862495,-0.014290762637207403,-0.15413637274357536,0.3128885211691674,0.041686619641872626
2275,,1.0,-0.7878143636137547,,1.0,-0.39629815429100657,-0.5712580594668181,-0.5002543868429696,-0.5306904101765382,-0.356774265968792
2276,,0.0,-0.7599368333439989,,1.0,0.3393644918404894,0.5240351020381677,0.47883839498813685,0.3660559590488823,0.40879314347431867
2277,,1.0,0.712149984211355,,1.0,-0.4497353783801645,-0.6353422030615233,-0.6227753971193064,-0.6881080233799091,-0.48022073095041207
2278,,0.0,-0.11320655860623342,,0.0,-0.2541793133415285,-0.09499187100133609,-0.10041684920776697,-0.154451476313506,-0.09833049764706928
2279,,1.0,-0.9078045735061907,,1.0,-0.11480810175197627,-0.033822506590027855,0.008148415472187559,0.02443383435910481,-0.11969042908679861
2280,,0.0,-0.5163255981701802,,0.0,-0.17670292618787325,-0.28092681848849416,-0.11093810336392941,-0.10591666032100758,-0.2366349382585502
2281,,0.0,-0.4525318781579456,,1.0,-0.4155153174629356,-0.4630230246993542,-0.5981903674208283,-0.5995730709988352,-0.513666171913112
2282,,0.0,-0.3973961773393399,,0.0,-0.44478550778591514,-0.8856974329979096,-0.5776202923751292,-0.9116251849162087,-0.376755219995779
2283,,0.0,-0.47509492058055736,,1.0,-0.8117457176976854,-1.013314614451342,-0.9732938843173156,-1.1112020901040736,-0.7599963748548345
2284,,0.0,-0.5455942184409511,,0.0,-0.5217249926359407,-0.7387515023663214,-0.5090057458956487,-0.8850126548482833,-0.5562969468431379
2285,,1.0,0.18852376683805364,,1.0,-0.35800684320158727,-0.5433307049961257,-0.5121981117533267,-0.644387438180574,-0.2166843291033483
2286,,0.0,0.5102204298304482,,0.0,-0.26568860361483165,-0.2214230299765402,-0.1401660178305162,-0.3289676520563997,-0.1156780443313115
2287,,0.0,-0.2978388734919627,,0.0,-0.11856604584104455,-0.29407067820126787,-0.22755244342896622,-0.46141069778084115,0.061747949451441034
2288,,0.0,0.21513766215835128,,0.0,-0.57252582187821,-0.6129835913392795,-0.5232490868551244,-0.962580178911339,-0.5354787470621324
2289,,0.0,-0.9655432443783538,,0.0,-0.36884076374440083,-0.004002624385576233,-0.35766021382214624,-0.2827093355197053,-0.21488502348802066
2290,,0.0,-0.5146622487326689,,1.0,-0.7965174448837327,-0.5002982782924936,-0.7354468672091623,-0.878697551469249,-0.7873522615812444
2291,,1.0,-0.3757030064251372,,1.0,-0.9427600684373723,-0.43472311306072403,-0.8982298236660862,-0.6421987602606477,-0.5513789512807105
2292,,0.0,-1.219501030231675,,0.0,0.500674823978182,0.5696341019642391,0.6318317312792558,0.5827807189453391,0.4454997793466475
2293,,1.0,-0.8367997942327071,,0.0,-0.42374568598370144,-0.4293529734887683,-0.3521110611791035,-0.22917389865160664,-0.26760790473097196
2294,,1.0,-1.427378705196249,,1.0,0.5040677639220472,0.5551038158731085,0.47828838442051724,0.52307613101355,0.4132086704448621
2295,,0.0,-1.000372002555368,,1.0,-0.670254249654438,-0.5507880170361213,-0.6523171811644303,-1.0410839628538928,-1.0290468224372356
2296,,0.0,-0.9641468055217024,,1.0,0.23083153952772553,0.07571653328615056,0.1851962364725968,-0.006392355449263751,0.08905762354330253
2297,,0.0,-0.8671097862137386,,0.0,-0.35588498541310637,-0.7970756808651095,-0.9200550632572896,-0.5004864824309561,-0.6238154709001296
2298,,0.0,-0.8457724916104513,,0.0,0.086798786759178,0.1767450653398324,0.1853210250995018,-0.01396832168888441,0.19813604561615247
2299,,1.0,-1.1308951973349448,,0.0,-0.8342438337735545,-0.5753755887348917,-0.9282495920508512,-0.9638460069184641,-0.7071969252973738
2300,,1.0,-0.9435547468997827,,0.0,-0.5540080914279858,-0.8743295603043074,-0.9324328182703218,-0.9511192941438038,-0.9526404466853149
2301,,0.0,-0.4624742014580527,,0.0,-0.019800086394950872,0.08737547222938304,0.01987350482683455,0.17437051719896743,0.2789392810660537
2302,,0.0,-0.18951566564707856,,1.0,-0.4486409622660697,-0.4715762540963311,-0.46209651763185366,-0.38464483608951555,-0.4810052344290025
2303,,0.0,-0.9777114498425705,,1.0,-0.7914285215836872,-1.0124458878230014,-0.8857701855811784,-0.7875255263137477,-1.028710418043869
2304,,1.0,-1.6310305440156931,,0.0,0.2174613315452757,0.05824647645200506,-0.028367294858692833,0.1244064756996776,0.13640580990579088
2305,,0.0,-1.09887400164579,,1.0,-0.1993971258298961,-0.13587963324301686,-0.00820660041563342,-0.36638909071995407,-0.015311858073590779
2306,,1.0,-0.9441147952132712,,1.0,-0.7922387979927308,-1.1646476116681932,-1.1072499991443858,-1.063815779697884,-0.9369911434847278
2307,,1.0,-1.1477391188681492,,1.0,-0.980370072443208,-1.1300169280382502,-0.9241418594700384,-0.974583070240915,-0.844938966998082
2308,,1.0,-0.9563959081341581,,0.0,-0.46827242284991155,-0.28272587443022035,-0.39425823791324227,-0.5572380154688241,-0.046134048575944366
2309,,0.0,-0.8529338251684302,,1.0,-0.5123916060563903,-0.29574431919907285,-0.46458346308295206,-0.5246413280762695,-0.04148414446252348
2310,,1.0,-0.6614950145834191,,1.0,-0.5295023528334644,-0.3523923182345686,-0.6429613237784307,-0.9873891243583086,-0.31772746831523285
2311,,1.0,-1.3599392465220455,,0.0,-0.45215290103152667,-0.7229822201295691,-0.756315892469846,-0.9614269653388492,-0.44565526099828395
2312,,1.0,-1.3306570539067573,,1.0,-0.7083055060129833,-0.6684567115062116,-0.6389385906305894,-1.1317644844770014,-0.41770768060347785
2313,,0.0,0.0008016881460402312,,0.0,-0.7691684762595882,-0.4238722825276011,-0.6584267681201513,-0.5028632517190773,-0.5151678509588821
2314,,1.0,0.6758312791877318,,1.0,-0.7597449706292333,-0.42576197658303916,-0.7463189848495009,-0.8097353337603239,-0.38622427858281655
2315,,0.0,-1.0067265749513883,,0.0,-0.10277581787429942,-0.2644073494429588,-0.2054809488133602,-0.12914873600559995,-0.2503002266796356
2316,,0.0,-1.3283531294007986,,1.0,-0.24241219382788315,-0.16117123583349294,-0.20492293967086903,-0.3306943238552809,-0.4141748385375419
2317,,1.0,-0.96996513967053,,0.0,-0.662957394126503,-0.6304781453042407,-0.8433858091109268,-0.855209877997053,-0.835327148678386
2318,,0.0,-0.12656909764351573,,1.0,-0.6982089507259491,-0.8404871969402119,-1.0103375740488754,-0.994150771620898,-0.9952412174766893
2319,,0.0,-0.846554840308383,,0.0,-0.0566063382892188,-0.12638025967624458,-0.4621908598571613,-0.6735260425033481,0.025719687594678745
2320,,1.0,-0.5350379595415525,,0.0,-0.3454803443001563,-0.20213939270769446,-0.15106172603583415,-0.056038634067961016,-0.3150280887498935
2321,,0.0,-1.0662371232510814,,1.0,-0.6038952362796867,-0.12195339554550517,-0.21981280837540185,-0.3701011541087835,-0.3411275783934935
2322,,0.0,-1.252916626450624,,0.0,-0.32491330643295324,-0.4015398452676944,-0.18222612478577158,-0.16253803560620506,-0.020076958175488893
2323,,0.0,-1.0335017145187455,,0.0,-0.6431326449076179,-0.6018293629394909,-0.8044759456032232,-0.7681838451078614,-0.7828744318668016
2324,,1.0,0.06800529438119,,1.0,-0.44239665871694833,-0.479101446378218,-0.6192060361382551,-0.6079381191668035,-0.6915097123748799
2325,,0.0,0.09474176869808705,,0.0,-0.6485428781709678,-0.5678420710266867,-0.5678051307376011,-0.51133905127635,-0.5460371300534688
2326,,0.0,-0.7548778702962619,,0.0,-1.1567606097183654,-1.2375912461611276,-1.3004721673913748,-1.380915763991646,-1.0904724820239973
2327,,1.0,-0.22902368878244364,,1.0,-1.0190026709641158,-0.8000553859730332,-0.9828318233747022,-1.2106794444664486,-0.7729094924457733
2328,,0.0,-1.430352051330255,,1.0,-1.057570079529375,-0.6688892078447518,-0.8837678060870752,-0.8212751829665969,-0.46164951818326894
2329,,1.0,0.3128885211691674,,1.0,-0.12384740915606729,0.072228134245414,0.03689778992937838,0.14044230017247358,0.24917167071251964
2330,,0.0,-0.878697551469249,,0.0,-0.11810366509581034,-0.06329441689604368,-0.15526569928200729,0.055317401416901446,0.020691688905943535
2331,,1.0,-0.6421987602606477,,1.0,-0.29078477607928216,-0.48350969751872996,-0.40333341299564257,-0.5621093142267347,-0.5775767630347081
2332,,0.0,-0.22917389865160664,,1.0,-0.23313632269836254,-0.09765313467991579,-0.12309865448844166,-0.3217183223465318,-0.15379218796037525
2333,,1.0,0.52307613101355,,1.0,-0.7662630793370282,-0.6517369313060984,-0.944229197543185,-0.7202650003799306,-0.6866025787627664
2334,,0.0,-0.38464483608951555,,0.0,-0.26558534439153725,-0.4178725881128289,-0.5259755455031229,-0.21861082016787978,-0.6263417696132711
2335,,0.0,-0.7875255263137477,,0.0,-0.23554268489894045,-0.007798577359514631,-0.13799637030916614,-0.18943800892796323,0.03752284651680903
2336,,0.0,0.1244064756996776,,1.0,-0.20065136745282738,-0.09363638877137419,-0.07970493719364227,-0.3249697199568924,0.026919928214974496
2337,,0.0,-0.974583070240915,,1.0,-0.5934242891740299,-0.9614121781040067,-0.6820436916669873,-0.5730308280839728,-0.8496039862548452
2338,,0.0,-0.5246413280762695,,0.0,0.3031374128879425,0.48497151577703873,0.14130760639794002,-0.012650396253047038,0.5028267786046987
2339,,1.0,-0.6079381191668035,,1.0,0.20946641742461117,0.09500853443621897,0.3324061227710025,-0.28988315278549875,-0.019754679260849728
2340,,1.0,-0.51133905127635,,0.0,0.2811844551499838,0.2478184873958182,0.41013691013975745,0.02432204763012495,0.3350092602050191
2341,,0.0,0.14044230017247358,,1.0,0.11126297067075541,0.007355435783658599,0.21194559978736174,-0.2666904726077545,0.06324755272833577
2342,,0.0,0.055317401416901446,,0.0,-1.3289471424321053,-1.2681826694787715,-1.374688094244194,-1.406641015824557,-1.4111137349937122
2343,,0.0,0.5768977947276667,,0.0,0.5558613162060534,0.48151303499090503,0.49316629150591,0.5768977947276667,0.4924620470168369
2344,,0.0,0.5611650538377713,,0.0,-1.2240432827847632,-1.3760818258061573,-1.1949769981405551,-1.0022963068180815,-1.1918132238881
2345,,0.0,-0.8611356916533064,,1.0,0.6644509061909448,0.5034644254409881,0.6342063607776196,0.5611650538377713,0.6356094721757444
2346,,1.0,-0.36658230110963025,,0.0,-0.9046137314583772,-0.8669148132404177,-0.9614846969128108,-0.8611356916533064,-1.157989620512363
2347,,1.0,-0.7541993203317903,,0.0,-1.1977491130091389,-0.2584572397334036,-0.39040654738790076,-0.2739466592814635,0.06557320289429691
2348,,1.0,-0.5508194428819814,,0.0,-1.0403524939283797,-1.1329912191527187,-1.127366589429839,-1.3135419969314877,-1.0185806116317908
2349,,0.0,-0.12699670812401145,,1.0,-0.646392415533493,-0.420570201543362,-0.44389565511009416,-0.852511943191778,-0.7197844613741615
2350,,0.0,-0.858281868403014,,1.0,0.04671355335590363,0.0021802617175354267,0.16804774111809925,-0.2713483073894684,0.06066571244164046
2351,,1.0,-0.8377567046123989,,1.0,-0.6471452235410405,-0.8692900689031892,-0.7404537064385294,-0.9160172931470496,-0.7546093891873514
2352,,1.0,0.029571332199713137,,1.0,-0.8018222172494214,-0.4487381345921572,-0.27243656079324197,-0.5459278163423147,-0.4683074268675512
2353,,1.0,-0.4353650671616561,,0.0,-1.132030397921763,-1.1443825256937972,-1.2425776141411558,-1.3631062276453056,-1.3539883261835253
2354,,0.0,0.07802485339306639,,1.0,-0.4645482087925616,-0.5072338359247813,-1.0171534284086532,-0.46306284291274546,-0.6526895263147222
2355,,1.0,-0.6001152395838973,,1.0,0.5508157152974685,0.5209955309872107,0.2692788417300734,0.4967870857234208,0.4523913613065761
2356,,0.0,-1.1386393582064254,,1.0,-0.6465590511774099,-0.7297030930574916,-0.7999361144394351,-0.8105352832176201,-0.6427558842613468
2357,,1.0,-1.0876075615517438,,1.0,0.551173955337723,-0.5397814919597314,0.5695798494908699,0.33460762794810917,0.8277210669449304
2358,,0.0,-0.5190181055348777,,0.0,-0.24058448945071723,-0.5800261050884401,-0.5610559086314019,-0.18448021621322666,-0.4740449901057865
2359,,0.0,-0.9011887431913134,,1.0,0.2989337038360425,0.17857287057323445,0.6183335875145073,0.33429382634588595,0.2036861798065604
2360,,0.0,-0.20162664270474606,,1.0,-0.7870643633423828,-0.48062730182477414,-0.6389455047839221,-0.36658230110963025,-0.46898580988817384
2361,,0.0,-0.9509637805703954,,1.0,-0.6995814994597561,-0.6777875137340474,-0.9248210065232086,-0.7541993203317903,-0.398655238276837
2362,,0.0,0.33213697713684376,,1.0,-0.8067062602456287,-0.6065118290130571,-0.9084009002770388,-0.5508194428819814,-0.39123663486905935
2363,,0.0,-1.168970906116138,,1.0,-0.46056556620227673,-0.6825987214602821,-0.666692643761192,-0.5225415142306117,-0.26185882277787814
2364,,1.0,-0.938486179309411,,1.0,0.10538464266318412,0.058917217675397086,0.04627580777356035,0.25929250876874704,0.14542164691707934
2365,,0.0,-0.2455892618007761,,1.0,-0.5806091089933699,-1.0865675122698513,-0.8790653408764089,-0.8076964402412709,-0.9389743034375162
2366,,0.0,-1.0038419593046575,,1.0,0.13676424300684334,0.09185480223784423,-0.2333932297645195,-0.020396162749712083,0.06702145476525545
2367,,1.0,-1.070210233826979,,1.0,-0.8942104462886311,-1.1867158508810725,-1.1594651690032216,-0.824117829545523,-1.1153552196032845
2368,,1.0,-0.45976082285321584,,0.0,-1.0544883452858158,-1.1151620425678612,-0.7890104381188319,-0.9428000474305346,-0.7648924161433633
2369,,1.0,-0.08591242601902169,,1.0,-1.4495770951406106,-1.1644144393294942,-1.1336575203370667,-1.3153367513757979,-1.3095319927511853
2370,,0.0,-0.8505637319691842,,1.0,-0.3808042171822176,-0.3325539075729767,-0.4281945812024851,-0.27092864773105263,-0.3459620826932155
2371,,0.0,-0.5428001887815885,,1.0,0.016053382154020964,-0.06624282849080045,-0.048659631620520165,-0.18505289172122158,-0.05323689728877076
2372,,0.0,-1.1543108353186802,,1.0,-0.6029637728729593,-0.4928954088017493,-0.36457251895255544,-0.31435751005039647,-0.2807712669314693
2373,,1.0,-1.7510881465531096,,1.0,-0.5347212288413513,-0.6761608462201145,-0.35067736972407726,-0.7230342852846112,-0.7901925234561349
2374,,0.0,-1.4121390379632446,,1.0,0.160329508233296,0.018289876849239054,-0.049720797769564486,0.24470401614263912,0.19443026259813725
2375,,0.0,-1.2747640004510195,,1.0,0.22529307736495274,0.13802686199350137,0.18561808942045527,0.06379986016960269,-0.09613112390523561
2376,,0.0,-1.3797870806038877,,0.0,-0.686036628763418,-0.4767773193299172,-0.5446124534705128,-0.8036847756217347,-0.8400225665371723
2377,,1.0,-0.28454238066732934,,0.0,-0.0098168894701098,-0.6101483783757866,-0.06975399374073216,-0.12699670812401145,0.04800423109989793
2378,,1.0,0.15925550905995114,,1.0,-0.42017276125866376,-0.46638815274328127,-0.8562227049960224,-0.858281868403014,-0.36822669305845485
2379,,1.0,0.4958409951033123,,1.0,-0.4697742499317141,-0.70481948995925,-0.6131111437147463,-0.29071393015067415,-0.2929460084323601
2380,,1.0,-0.5656231420045714,,1.0,-0.651231974212006,-0.5504154356315784,-0.7143458206687061,-0.8377567046123989,-0.7970477867703768
2381,,1.0,-0.8155690831326354,,1.0,-0.5021074581970728,-0.7195298059442979,-0.09038649120386155,-0.12252723706793336,-0.06412832809440251
2382,,1.0,1.4242784049057031,,1.0,-0.39445919009977426,-0.617993857958009,-0.11599839755535635,0.029571332199713137,0.019285945985094307
2383,,1.0,0.7299602593792952,,0.0,-0.018525519796839918,-0.045421336650048404,0.06894298319670102,-0.2741411299553998,-0.008270953575503531
2384,,1.0,0.9117584807269004,,0.0,-1.0439897024564193,-1.4226129129250844,-1.3903922836092522,-1.2769851410995345,-1.098413149157725
2385,,1.0,0.48205123769060426,,1.0,-0.7660286156318714,-0.9444115746178094,-0.7491283853637712,-0.7943644159163432,-0.5800889190072721
2386,,1.0,0.3000189448645407,,0.0,-1.0352271866044103,-0.9111260358571115,-0.9072059879813932,-1.2634967229257943,-0.8780355229041301
2387,,1.0,-0.8621543329196745,,1.0,-0.8146190672821528,-1.1206702833826663,-0.8858675646939277,-0.46027153948886185,-0.7690105783913673
2388,,1.0,-0.5713140665229323,,1.0,-0.10171850392888136,-0.09717260657761151,-0.2064577209221999,-0.2676981834528885,-0.17908086573876747
2389,,1.0,0.7024003930459699,,1.0,-0.4079868817933413,-0.746870232872383,-0.5278470167646483,-0.770621996747835,-0.5113277935302158
2390,,1.0,0.19767915063709124,,1.0,-1.1846654510890824,-1.4452772472984252,-1.4204238584633333,-1.0534061695565713,-1.1553666359842474
2391,,1.0,0.16869116682708066,,1.0,-1.6860807934959015,-1.0199148364888588,-1.6813387708081922,-1.405983419992395,-1.44185806356761
2392,,0.0,-0.26114374940828794,,1.0,-0.23951668661914025,-0.43682595959751624,-0.1991240627233315,-0.4353650671616561,-0.255188451847796
2393,,1.0,-0.6817966185207516,,1.0,0.3153383936166999,0.21540153753492378,0.2285386125883453,0.19833092770570127,0.3641638157030559
2394,,1.0,-1.6411513732180476,,1.0,-0.6639186166507923,-0.8612371709442418,-0.6231847698692649,-0.7976720669351456,-0.8670350761579741
2395,,1.0,-0.650824692081158,,1.0,-1.3493515689144204,-0.7163960832005172,-0.7998014266007335,-1.0091834173423524,-0.9975102014875648
2396,,1.0,-0.8613053037060773,,1.0,-0.19795638635134533,-0.2913638602256644,-0.2725287107613255,0.07802485339306639,-0.2619394902502824
2397,,1.0,0.18118056311464187,,1.0,-0.38300628952089283,-0.4882883561042243,-0.326153562475942,-0.6001152395838973,-0.4783758736737241
2398,,1.0,-0.5652962962407806,,1.0,-0.23334644157693663,-0.37290217614430055,-0.1506886862418901,-1.1386393582064254,-0.5186154331702628
2399,,1.0,-0.9998380365999219,,1.0,0.08564629305472732,-0.014289655965979836,0.0362890770269839,-0.459940323981378,0.18063228864767134
2400,,1.0,-0.6270754494305967,,1.0,0.29364928662443823,0.16979956084238557,0.22025657148248534,-0.36038329803360414,0.17234838724873203
2401,,1.0,-1.443857781467125,,1.0,0.7771244937047778,0.6403476613814167,0.7044088861349806,0.28513283064408446,0.41962336979061193
2402,,1.0,-1.531679821154946,,1.0,-0.07456114534788394,-0.07563961455004327,-0.1272952971362087,-0.6187878791456627,-0.45231798872192075
2403,,1.0,-1.0405739643149108,,1.0,-0.7810569902878404,-0.8002037255562573,-0.7344277105088507,-1.0876075615517438,-0.9358786626898029
2404,,1.0,-0.3604416489928954,,1.0,-0.5277456132951461,-0.49052548037545957,-0.37596885129157825,-0.9522389480607031,-0.4531209063060922
2405,,0.0,-1.1872213920313768,,1.0,-0.5328619552110816,-0.4957945080339101,-0.7642352815997818,-0.5190181055348777,-0.522804711267464
2406,,1.0,-0.12894209724353764,,1.0,-0.9357565087012673,-0.963179396104555,-0.917243558441409,-0.9011887431913134,-1.0039432349599269
2407,,1.0,-0.6111439200312063,,1.0,-0.9006945664814558,-0.8200972991988352,-0.3121437976339882,-0.8396994535921435,-0.25835525856905067
2408,,1.0,-0.07158636048574549,,1.0,-0.1943818632675711,-0.11222174707918053,-0.5142078522301994,-0.20162664270474606,-0.19917233145891322
2409,,1.0,-1.1315686570296428,,1.0,-0.3894928418618482,-1.053867543629995,-0.5248701221920525,-0.9509637805703954,-0.7726543454740512
2410,,1.0,-0.03850623316679779,,1.0,-0.28853722701724593,-0.5040414244446959,-0.5645060747227056,-0.41630684649572686,-0.4924337618229616
2411,,1.0,-1.0447474985573653,,1.0,0.06795981701401788,0.05611864628438638,0.01437871175556384,0.11477546868312137,-0.18502481391426276
2412,,1.0,-0.8015980016073885,,1.0,0.13858558261102397,-0.13184430270680644,0.16584299055324006,0.08347402341167472,0.06115037558391981
2413,,1.0,-0.1654955209444604,,0.0,0.31823989278875425,0.2330056368735879,0.4017516667506352,0.33213697713684376,0.2893480354404129
2414,,1.0,-0.41743482668419907,,1.0,0.2517241618046275,0.2809964480229484,-0.1208918741076384,-0.06626319391712004,0.4250183081504446
2415,,1.0,-0.629245933064021,,1.0,-1.3478749690790897,-0.952201718291615,-1.1652857021500613,-1.4740355848590478,-1.2933787834425683
2416,,1.0,-0.6688053657636666,,1.0,-0.784202746202938,-0.6550245723978768,-0.8332961031390892,-1.168970906116138,-0.6574199478318637
2417,,1.0,-0.19262926287598667,,1.0,0.8606485895686626,0.7725960798396629,0.6470953507329805,0.4803764688431636,0.6086028015339352
2418,,1.0,-0.6020163215472502,,1.0,-0.15007086284839172,0.16466930528304327,0.1113033391667374,-0.16621078469269499,0.001985903739910589
2419,,1.0,-0.39310809816193854,,1.0,-0.5043503458141466,-0.8629335779919447,-0.9096346377898207,-0.6510525930521771,-0.7691625880443361
2420,,1.0,-0.4142250356443194,,1.0,0.5998108269577452,0.4564877163232899,0.5641487514832643,0.4612743165648031,0.6627666841537772
2421,,1.0,-0.05460656188470764,,1.0,-0.26977046323267634,-0.1828989264554054,-0.22960242969116418,-0.5028015107452142,-0.34327226475171
2422,,1.0,-0.014229095226203765,,1.0,-0.34529660706643617,-0.5655497608406851,-0.5206178109932854,-0.3816773582944171,-0.35678003270926306
2423,,1.0,-0.775459756963477,,1.0,-1.6854455294044142,-1.2003606816503742,-1.59026837688043,-1.1265225561331043,-1.2469313321751414
2424,,1.0,-0.6138733819331939,,1.0,0.18605654038318645,0.2450536243111154,0.13577857258576168,0.06706812689330845,0.4139707443722427
2425,,1.0,-0.5863728394293178,,0.0,-1.0889268857712282,-0.8644085981261127,-1.1328487331567267,-0.938486179309411,-0.4179015748169871
2426,,1.0,-0.8692816876805984,,1.0,-0.23614246198220062,-0.3525429909244712,-0.16868199945980314,-0.2455892618007761,-0.6587587733281679
2427,,1.0,0.29417159579944097,,1.0,-0.12425409370058632,-0.22522203371477617,-0.2504435982177913,-0.13399753364187947,-0.16625591790422742
2428,,1.0,-1.1844205388802356,,1.0,-0.4780226325425533,-0.8876872497498615,-0.5160407660651813,-1.0038419593046575,0.03804877574695064
2429,,1.0,-0.16164474311591806,,1.0,-0.39654521244132224,-0.6152024528040033,-0.6081782299723645,-1.070210233826979,-0.3282425062119918
2430,,1.0,-0.7534093172827735,,0.0,-0.18974592170899546,-0.20383317471863638,-0.19534833580171349,-0.061179230217642495,-0.1810214640344652
2431,,1.0,-1.2677108192343889,,1.0,-0.6363715339420106,-0.6094272496611897,-0.7604114643160848,-0.6417874952795558,-0.7969151838021767
2432,,1.0,-1.3118600737114214,,1.0,-0.8456034792203277,-0.8687611207261846,-0.5747441602358135,-0.9153698447411894,-0.5835003720679447
2433,,1.0,-0.37733342135504533,,1.0,0.22179390644524605,0.04111423838398594,0.1886868466732701,0.25905442670095874,0.21708043807671581
2434,,1.0,-0.90870862706007,,0.0,0.408929179125873,0.3139929724160575,0.5838905733998455,0.3082382229078436,0.5173182465486325
2435,,1.0,0.11976131767814185,,1.0,-0.4935466839585111,-0.33135996055948463,-0.3761960338621568,-0.5121134731456322,-0.5606662994968901
2436,,1.0,0.3122037907260608,,1.0,-0.8031615258981472,-1.09047838726674,-0.9452530552195437,-1.1243652519571996,-0.7181181242380009
2437,,0.0,-0.8441882052798413,,1.0,-0.7363179158211697,-0.6305946235461655,-0.7825692214168964,-0.7842454315118296,-0.46998938111083505
2438,,0.0,-0.29983026234669746,,1.0,-0.4920410467182378,-0.40500574074615764,-0.6496539860078633,-0.45976082285321584,-0.4882223116713034
2439,,1.0,-1.1477413288306175,,1.0,-0.19741689165265797,-0.205267818745307,-0.18812717669793214,-0.15430344955220385,-0.04135998902655876
2440,,1.0,0.2228778961755862,,1.0,-0.9866581349161773,-0.7998643415974058,-0.9701232462405592,-0.8951554764590905,-0.6815720465389454
2441,,1.0,0.030200773355317095,,1.0,-0.08451381148157103,-0.09944196192556463,-0.2797784977429477,-0.08591242601902169,-0.12725396818448823
2442,,1.0,-0.25682065318241665,,1.0,0.5459268952602567,0.22632342800397762,0.6280791040020539,0.3206948814764702,0.1635613821658808
2443,,1.0,-0.4358273817298166,,1.0,-0.15059995178760446,-0.24445305334889897,-0.12376409357352415,-0.1919911473740428,-0.008140162409436777
2444,,1.0,-1.054276982862375,,1.0,-0.9679774080593616,-1.0319654194435433,-0.9262737539081702,-0.6520571529370333,-0.6086311904922186
2445,,1.0,-0.5066094160649119,,1.0,-0.6490274482557981,-0.878878947654604,-0.8767611441325964,-0.5621158231491576,-0.7211053474546173
2446,,1.0,-1.2454641028691396,,1.0,-0.5810170727688473,-0.6225432367117691,-0.6426941974868469,-0.3521998236649189,-0.32931363491096033
2447,,1.0,0.20708023555842583,,1.0,-1.1484041175473707,-1.00584558379625,-1.0459457333205127,-1.0360325060118514,-0.9377104923171622
2448,,1.0,-0.792594288091764,,1.0,0.3919571840890888,0.1164703739437613,0.005898774577299803,0.050421359007100916,0.2811548084235179
2449,,1.0,-0.7831518043285894,,1.0,-0.8193172321380456,-1.055403697750089,-0.9120635720020466,-0.8505637319691842,-0.6407686675927562
2450,,1.0,0.08943979513331855,,1.0,-0.7473557323970696,-0.9296750589422972,-0.7814717863081908,-0.8713342773137533,-0.5779166408185461
2451,,1.0,-0.9275809020381987,,1.0,-0.5782698110043754,-0.7832829854561835,-0.8129094688833488,-0.8515082381422839,-0.937962499801227
2452,,1.0,-1.1817195268601663,,1.0,-0.6772460817752851,-0.3793729137328325,-0.6061089732463045,-0.5428001887815885,-0.5000957379186647
2453,,1.0,-1.4327092123562664,,1.0,-0.9294986762018865,-0.7484000813313421,-0.6244068301645402,-0.9402013823981543,-0.7637869630213406
2454,,1.0,-2.0093037373688674,,1.0,-0.8177670988720397,-0.8116224607364132,-1.1729267834726942,-0.6827485358905542,-0.6170696306307699
2455,,1.0,-0.6491491910298781,,0.0,-1.2237463238700883,-1.123176897751767,-1.026379284601683,-1.289249639969044,-1.067461210112764
2456,,1.0,-1.309864355683376,,1.0,-0.9971106235266067,-1.0557152517657629,-0.974145938985457,-1.1543108353186802,-1.210396878910091
2457,,0.0,0.9106522054558969,,0.0,0.4146584831668601,0.546388102661993,0.6023006065938802,0.3482778890987813,0.7266086595080502
2458,,1.0,-1.169711610049005,,0.0,-0.40981823155238767,-0.35149672187156883,-0.4586050353290828,-0.0029252473534737617,-0.17996560037959577
2459,,1.0,-0.9567379743256237,,0.0,-1.1435660053540926,-1.1301156840367175,-0.8624736761252838,-1.5061023163207607,-1.0753438737490182
2460,,1.0,-1.2658498223682284,,1.0,-1.5400691072432493,-1.1915179748470734,-1.2156717717535384,-1.7510881465531096,-1.5154072244783263
2461,,1.0,0.7011261648855313,,0.0,-0.8649460180308707,-0.5752868345500618,-0.8784653408597239,-0.6384352808939591,-0.7105469038638528
2462,,1.0,-0.18881583978636504,,0.0,-0.19397165254096008,-0.14810503790330337,-0.28516920317075223,-0.6256766314971166,0.036599367095425064
2463,,1.0,0.12183854658177148,,0.0,-0.047490247511487824,-0.03485002540693372,-0.22762702278247773,-0.1061082175466223,-0.2172324353792211
2464,,1.0,-0.88201709511337,,0.0,-0.1148382998766362,0.012502863857901784,-0.1511635162030571,-0.35319152608045956,-0.3251919969061806
2465,,1.0,-0.09720017554806247,,0.0,-0.7082721767248402,-0.5810082602924708,-0.5969948393499004,-0.7581712658909837,-1.0595443872657215
2466,,1.0,-0.16947095906482837,,0.0,0.24101925262011484,0.3135933437840319,0.3321344555395145,0.2813938337087986,0.433927833460352
2467,,1.0,0.3713940671244059,,0.0,-0.7886288090583383,-0.4524208368408841,-0.47298835123468824,-0.43653869606870654,-0.6754449474298897
2468,,0.0,-0.003227563722117907,,0.0,0.11278828052675977,-0.10063887956266504,0.14064332095228863,0.27834668199839707,0.07090598601137837
2469,,1.0,-0.5917262114837705,,0.0,0.8780671017732168,0.4510666450284732,0.5996141817803,0.7183942900584275,0.6894667413826305
2470,,1.0,-0.8315514590150188,,0.0,-1.371487534664227,-0.9562225504731359,-0.957089628553093,-1.4121390379632446,-1.1051022644771822
2471,,1.0,1.1259226576183778,,0.0,-1.283399519783968,-0.9549964003920702,-0.878229569028398,-1.2202009274651786,-1.0979832358971602
2472,,1.0,-0.8756410587225513,,0.0,-1.133831949697181,-0.9822976705549944,-1.0678768023581524,-1.4242073886078495,-1.1155237026120095
2473,,1.0,-0.5893723837731533,,0.0,-1.3246132888951947,-0.985055579139977,-1.1353189790616747,-1.529882980898319,-1.3497653417175948
2474,,1.0,-0.7581106868953036,,1.0,-1.2859542106421378,-1.0327869880851055,-1.1159420171670626,-1.2747640004510195,-1.301724301923255
2475,,1.0,-0.7478957246370664,,0.0,-1.3445677153885016,-0.8579792370546481,-1.0362275839104316,-1.3179110433671613,-1.1211407379571228
2476,,0.0,-1.0662446652554118,,1.0,-1.1131292488454216,-0.8460492024036983,-0.9171237463141246,-1.3797870806038877,-1.2973718606654994
2477,,1.0,-1.0393716454159194,,0.0,0.16335769637887493,0.38993252639912934,0.20730035431554758,-0.14921902701003323,0.3039547463115864
2478,,1.0,-0.4667383033501392,,0.0,-0.2937410750231243,-0.48888027181577,-0.5109261214770554,-0.5262056744425442,-0.40541995005626585
2479,,1.0,-0.3002688167775526,,0.0,-0.5263600440320478,-0.816027194504824,-0.7824947292851142,-0.6009818644417785,-0.7307292505877133
2480,,1.0,-0.45532251541466223,,0.0,-0.7169835451112835,-0.8969872844700407,-0.8098366071741561,-0.7379446198915659,-1.0094848623243777
2481,,0.0,-0.5096454736525496,,0.0,-0.004678397226440764,-0.12568763980105024,-0.12752743852486517,-0.28454238066732934,-0.03508517717587777
2482,,1.0,-0.7495356429634502,,0.0,-0.46010186400534225,-0.6707764874948093,-0.6804683948229004,-0.5772302064051245,-0.7262067017669568
2483,,1.0,0.09732607879842728,,0.0,-0.7735289357339926,-0.9171118433103056,-0.9940650292085338,-0.9131414762580369,-0.7615924913218717
2484,,1.0,-1.3822980124880078,,0.0,-0.4045772993795883,-0.5648943225973149,-0.7055133867810719,-0.4742873807516018,-0.5665353561755166
2485,,1.0,-1.6896188504256382,,1.0,-0.6050667236612932,-1.031791545432192,-1.0441929492934345,-1.174381454792515,-0.9972144594849651
2486,,1.0,-0.8083724048214794,,1.0,-0.8469515744337387,-1.1596896638435987,-1.1446851945955285,-1.1415699043142096,-1.0768845094941812
2487,,1.0,-0.6667442434417759,,1.0,0.13150469978982748,0.04731299669673342,0.1398286185233469,0.15925550905995114,0.25199795273986325
2488,,1.0,0.6809232404702837,,1.0,0.6278093015833753,0.7589351514797433,0.5482159983599257,0.4958409951033123,0.44242319646432926
2489,,1.0,-0.4041010223706039,,1.0,-0.7748374955069697,-0.5470823311562115,-0.6694027462256403,-0.5656231420045714,-0.6761780389152965
2490,,1.0,-0.6973144402060649,,1.0,-0.6908693327856523,-0.9581803333007038,-0.9464381115427389,-0.7244270578780884,-0.5126810485799368
2491,,1.0,-0.3411495218170713,,1.0,-0.7494393052304122,-0.6744073484284043,-0.7571290125717509,-0.7658404006447131,-0.6852411945041447
2492,,1.0,0.5332994409252154,,1.0,-0.7938137967306107,-0.9458653867342176,-1.034690041867401,-0.8155690831326354,-0.9936349176658947
2493,,0.0,-0.6615441457798975,,0.0,-0.7896950967341341,-0.4351875185724521,-0.4241984612031875,-0.9804649657053701,-0.9237386039911016
2494,,1.0,-1.4308616785891368,-2.15,1.0,0.7865770698977569,1.3202517348206448,1.2527272246842853,1.4242784049057031,1.2314241799924266
2495,,0.0,-0.7074652891273093,-1.89,1.0,1.0887815031172094,0.9815337615864954,0.9061455461088563,1.0842272177808217,1.0773951132683053
2496,,0.0,-1.426295375125417,-1.82,1.0,0.7177479958279145,0.7308880078728369,0.6084950347864108,0.7299602593792952,0.7276678851056992
2497,,0.0,-1.6989839525610169,-1.82,1.0,0.7271614147713095,0.7715202745049712,0.8632161330220214,0.8032095196222788,1.033407563617846
2498,,0.0,-0.8579463017823692,-1.67,1.0,-0.3354550382449012,-0.08275917652981882,-0.28689509019690024,-0.3530094596424118,-0.383522905355936
2499,,1.0,-1.3088092209572066,-1.54,1.0,-0.15881065228308677,-0.08580404424856536,-0.25504240922476373,-0.656455112902686,-0.3605952356345993
2500,,1.0,-0.6860953190699136,-1.52,1.0,-0.37849033013857625,-0.6336807203098895,-0.35833908344458265,-0.9281503355684669,0.16428687406069029
2501,,1.0,-0.9666369650442426,-1.4,1.0,-0.7227024249088874,-0.8435807977733345,-0.5998385173630589,-0.8078486623086147,-0.4400251370470976
2502,,0.0,0.5054754354420671,-1.39,1.0,-0.7752334234422873,-0.6387514398364585,-0.6479662794251235,-0.7921760093022454,-0.6893931896594208
2503,,1.0,-1.0008812896837065,-1.3,1.0,0.6113807363593411,0.3962991637155927,0.4528755513559469,0.7919539767090835,0.5405988976902141
2504,,0.0,-1.5360087490586416,-1.3,1.0,-0.508355356906716,-0.4040225495029182,-0.6616476517917336,-0.8488906915161465,-0.737429463133347
2505,,1.0,0.5527393357450499,-1.3,1.0,0.04650032106772165,-0.06563497884156001,-0.2025378634460491,-0.2045839822474707,-0.07930868621239355
2506,,0.0,-0.7779070157098733,-1.3,1.0,-0.8194818229772007,-0.6799097730794594,-0.8755486872483123,-0.6749364874120948,-0.8145498760821472
2507,,0.0,0.1631501459715377,-1.3,1.0,0.885933061647423,0.9110652228194958,0.8339084486988333,1.0088924452247598,0.9129707577931466
2508,,0.0,-1.0939572828227555,-1.23,1.0,0.7539819108339009,0.8414905734973656,0.7168965149777273,0.8837415300476973,0.7972678976862771
2509,,0.0,0.0512215652130735,-1.22,1.0,0.9592872120217422,0.9214361627758805,0.9834106662415912,0.9117584807269004,1.1745160270468273
2510,,0.0,-0.8912259020589687,-1.15,1.0,0.8226976900915703,0.9378100072615561,0.9991287555687729,1.017374070592508,0.8248435453841773
2511,,0.0,-0.7341483665966014,-1.12,1.0,0.6940400681038461,0.9172232558866356,0.804204054146099,0.8013750444814581,0.9263280883530309
2512,,1.0,-0.5281411024371763,-1.1,1.0,0.222156821186664,0.515977759904327,0.31023838435771367,0.2276063263285322,0.43506744369999395
2513,,0.0,-0.8919606187966513,-1.1,1.0,-0.2910124653338608,-0.0824616977215599,-0.08004835784023621,-0.010006156791377313,-0.01956216504279299
2514,,1.0,-1.4014886981442072,-1.1,1.0,0.8618187883897666,0.9987219171654641,0.9240775555014972,0.7326471881229666,0.7316781444703313
2515,,1.0,-0.13332248487262996,-1.09,1.0,-0.7738025170408829,-0.5527839765326199,-0.6045420500119637,-0.394033366111929,-0.39366132109152774
2516,,1.0,-0.10186226195124265,-1.0,0.0,-1.0475737569055592,-1.1508685418540756,-1.167926517008614,-1.1809098257162869,-1.2294376555554825
2517,,1.0,-0.9603964179138595,-1.0,0.0,0.1459172528077276,0.31041068946343303,0.33573814510302336,0.763677726084008,0.5246059760233236
2518,,1.0,-0.48126374024893337,-1.0,0.0,0.36089033585621616,0.299023925515592,0.22913135642837565,0.48205123769060426,0.4255468573276774
2519,,1.0,-0.7359476426036886,-0.93,0.0,-0.42585073011214886,-1.0641751831460597,-0.7525927794235762,-0.9518005082303408,-0.5989777593054159
2520,,0.0,-0.20246860079324253,-0.9,0.0,-0.8058305939464483,-1.028850319099158,-0.7512340773237214,-0.9139486875989219,-0.8514534189665959
2521,,0.0,-0.16604812963293206,-0.89,0.0,-0.11414655757045591,-0.2285753558206451,-0.14062599012871485,0.3000189448645407,0.09690296063575908
2522,,1.0,-1.0772862224317241,-0.85,0.0,-0.6237709313498007,-0.6342883709471087,-0.5326223989841867,-0.44153643926315156,-0.7456167762545113
2523,,1.0,0.15997540181638714,-0.7,0.0,-0.9941222324146796,-1.1156464749158814,-0.8146232649017426,-1.0288560844958456,-0.6947139465394935
2524,,1.0,-0.7873438795395942,-0.67,0.0,-0.9565889698952306,-0.9649054772621293,-1.1324718744377915,-0.9709531127119114,-0.9432424178245544
2525,,1.0,-0.7650696316097235,-0.67,0.0,-0.6924085778444979,-0.9248495861621032,-1.002297820331003,-0.8621543329196745,-0.7360766958538584
2526,,1.0,-0.37933775034681383,-0.67,0.0,-0.6147640816505764,-0.5901267966910201,-0.3209311403190793,-0.4396531370676183,-0.3608485040707778
2527,,1.0,-0.682027607102819,-0.66,0.0,-0.6983063479484861,-0.48868093577328847,-0.23128323745438703,-0.5713140665229323,-0.39557803050815066
2528,,1.0,-0.8141787139681279,-0.65,0.0,-0.12996156256545477,-0.23166450889470688,0.05163566810436776,-0.18927418833335835,-0.1757226108295521
2529,,1.0,-0.2576865351334985,-0.63,0.0,-0.6681635784442338,-0.6884001132904786,-0.724077843830859,-0.6930760820729253,-0.6312806083220489
2530,,1.0,-0.29794951434450917,-0.62,0.0,-0.6631345626931014,-0.6954471842039522,-0.7891280204830202,-0.995031088885765,-0.929733451321082
2531,,1.0,-0.13801011616526482,-0.62,0.0,0.2795865738872536,0.10847492114190865,-0.12031648805342954,0.21014034234068063,0.452969571804632
2532,,1.0,-0.17085773708030527,-0.6,0.0,0.1605165075712322,-0.13985955428315736,0.11637828201108355,-0.2377243214858966,0.009891965825748052
2533,,1.0,-0.8171703103303554,-0.59,0.0,-0.641582122391037,-0.9228020490106941,-0.8815301890183339,-0.9058344797199613,-0.8448491975817238
2534,,1.0,-0.6849802467377027,-0.58,0.0,0.11635353902039067,0.18729031253436068,0.28873528252861647,0.22324996393239208,0.2896939754672704
2535,,1.0,-0.8601891062642256,-0.52,0.0,-0.22081315598068607,-0.7617852527471763,-0.4552580955596313,-0.3496803291939011,-0.32509853762561586
2536,,1.0,0.08961720560977121,-0.52,0.0,-1.5890027957134423,-1.2509077482234296,-1.2794153861798028,-1.305967443014663,-1.2916968821980461
2537,,1.0,0.06573069132010376,-0.52,0.0,-0.8943347614000529,-0.9357232177345183,-0.816299337754064,-1.1606168438314513,-1.0622755207632808
2538,,1.0,0.1640037478425674,-0.5,0.0,-0.16413809768952345,-0.4242496125173383,-0.33799183389246523,-0.22652456880829053,-0.6663920448204295
2539,,1.0,-0.18232749683703264,-0.48,0.0,-0.9463563725226031,-1.092999982012631,-0.7447504368569552,-1.1669776322299814,-0.9976516341936155
2540,,1.0,-0.12745777333213454,-0.46,0.0,-0.8621639373658594,-0.9489721912630648,-1.1124244880797425,-0.9422962567014949,-0.8240680943620569
2541,,1.0,-0.38963332770815196,-0.45,0.0,-1.1184163621058993,-1.0488636844208052,-1.0291841537332405,-0.9561788252373218,-0.9177207938346449
2542,,1.0,-0.29356756251977983,-0.43,0.0,0.22111141922739241,0.019435629752073712,0.1452604411610111,0.03671651414113314,0.10929325154798836
2543,,1.0,-0.30667419347262853,-0.43,0.0,0.5750019666986337,-0.7187763536309774,0.29476833281443016,0.7024003930459699,0.544588612689205
2544,,1.0,-0.5042866838018616,-0.4,0.0,0.7109902049879049,0.6462442231583556,0.5161335324881542,0.6425754625768368,0.6671875191331924
2545,,1.0,-0.15503681415902237,-0.37,0.0,0.11372944852856745,0.05439232470150975,-0.2913775141472962,0.19822947080254688,0.06753613274338618
2546,,1.0,-0.06476148092864407,-0.3,0.0,0.023193822454250657,0.12857367843449996,0.17999478484681655,0.19767915063709124,0.2692267157093438
2547,,1.0,0.017769732533157008,-0.3,0.0,-0.7179964591128192,-0.41060706179433004,-0.5995751022264556,-0.5983320681212259,-0.46521798168138306
2548,,1.0,0.1557875445812553,-0.28,0.0,-0.5125939731345284,-0.7747472361750567,-0.5123286360513097,-1.0087420653828132,-0.6205488329709519
2549,,1.0,-0.41424369727022353,-0.28,0.0,-0.4620159805309538,-0.6131039431118501,-0.6230935656032716,-0.9160133238964364,-0.6321347620522559
2550,,1.0,-0.27685572793184854,-0.28,0.0,-0.8286596576809659,-1.064386997688115,-1.042523574011483,-1.2054637803389316,-1.0684615417627097
2551,,1.0,-0.020372119420356372,-0.28,0.0,-0.880309443462866,-1.023124148165382,-1.1144396831136782,-1.2223119756528102,-0.9456790572277297
2552,,1.0,-0.34883882746142386,-0.24,0.0,-0.44894335830491044,-0.5749716504228847,-0.371481770546801,0.16869116682708066,-0.2063473224551287
2553,,1.0,-0.15790541464792035,-0.24,0.0,-0.3406356344791598,-0.47376871728315356,-0.27771050852428886,-0.26114374940828794,-0.35930386357478206
2554,,1.0,0.35729145949817287,-0.23,0.0,-0.22176313219760305,-0.040173820400549454,0.07896385336179572,-0.02665811596744301,0.09433982201953882
2555,,0.0,-0.0789864106560428,-0.22,0.0,0.11380113346669231,0.17274416502813703,0.24501493508616204,0.32499713376391665,0.1966986991519372
2556,,1.0,-0.35308944480301,-0.22,0.0,0.055759016287808175,0.3237210027202014,0.04989219852784346,0.08702100519530094,0.2604930937653325
2557,,1.0,-0.4376648207158655,-0.22,0.0,-1.0846418714726356,-0.6866849551165334,-1.0587920487093252,-0.6817966185207516,-0.4913137355719514
2558,,1.0,-0.6959854333287439,-0.2,0.0,0.11252943599842868,0.170579097886087,-0.01990006305740977,0.11847097132505137,-0.03842151910187744
2559,,0.0,0.2716543921335349,-0.2,0.0,0.16590767782448615,0.08512719504546003,-0.0008393842980916317,-0.21194563420046644,0.23062409320409855
2560,,1.0,-0.15438554291881634,-0.2,0.0,-0.26785448479905066,-0.05039405713923364,-0.26164814563982985,-0.10684894295243635,-0.18705242686029114
2561,,1.0,-0.20155072367938956,-0.2,0.0,-0.8301917598099959,-0.9167700687793917,-1.1928532293800616,-0.8529724798576361,-0.7490098360263717
2562,,1.0,-0.31596000469793123,-0.17,0.0,-0.6677943167516985,-0.9260110678670348,-0.8918161014209107,-0.8263515198698986,-0.7736827106780055
2563,,1.0,-0.04424622998625383,-0.15,0.0,-1.7226031070165522,-2.120705707108215,-1.472927212667129,-1.555373529484498,-1.9596415192812755
2564,,1.0,-0.021050973957608743,-0.14,0.0,-1.6957858885546635,-1.6831783924811814,-1.6080624074057694,-1.6411513732180476,-2.002936322339735
2565,,1.0,-0.06041115974827229,-0.1,0.0,-1.3255952453199928,-1.198158381829451,-1.2751391845446185,-1.175797006212283,-1.4261572506776967
2566,,1.0,-0.1724985975959532,-0.1,0.0,-0.6881121301557516,-0.381875804931082,-0.5091436602937776,-0.650824692081158,-0.6109306226226559
2567,,1.0,-0.32898468680758514,-0.1,0.0,-0.9674657943181778,-1.109009122961237,-1.0447682679652084,-0.9264253838911093,-0.8358083515489524
2568,,1.0,0.14658444058956566,-0.1,0.0,-1.005137468282116,-1.2698286809509962,-1.3667743151513467,-0.6642435951048374,-0.8613966029115152
2569,,1.0,-0.3675157265017353,-0.07,0.0,-1.1173998847716138,-0.8728339717120629,-0.7895546800316694,-0.8613053037060773,-0.5664078316768141
2570,,1.0,0.06497675718443238,-0.02,0.0,-0.9518710185851743,-0.9437073771308694,-1.3713171775764625,-0.9699835256076323,-0.9594723470528075
2571,,1.0,0.2626203391615755,-0.02,0.0,-1.014617018213568,-0.8434601885665829,-0.8870952671214581,-0.9180786781734166,-0.5253232331827657
2572,,1.0,-0.018802713999604745,-0.01,0.0,0.1969609837833516,-0.10307385818355126,-0.2049283580551639,0.18118056311464187,0.01086521270625763
2573,,1.0,-0.42489208887239277,-0.01,0.0,-1.4053479687808204,-0.9320503104422394,-1.0647921784951173,-1.4460117263209389,-1.0351551896918458
2574,,1.0,-0.23320313784647978,0.0,0.0,-0.6335534720001379,-0.5089695123231082,-0.41623781072916904,-0.3725270169026703,-0.4631004080731196
2575,,1.0,-0.3098953675502793,0.0,0.0,-1.0440099665113316,-0.8426496560268583,-0.9378087057510113,-0.6759787470610396,-0.8028649483283214
2576,,1.0,-0.04012955556614043,0.01,0.0,-0.7239180045460617,-0.6736655843738365,-0.6585417087341412,-0.6342431083054147,-0.5317926340348261
2577,,1.0,-0.3436901642565105,0.04,0.0,0.08235757224835347,-0.09239760470020858,0.08652029816001046,-0.19635635623938577,0.14158416657602635
2578,,1.0,0.14464990612487238,0.07,0.0,-0.5800374933168457,-0.34187923611574267,-0.5041779214050343,-0.5652962962407806,-0.61000710938788
2579,,1.0,-0.8379293071283281,0.08,0.0,-1.381647879885029,-1.2765985689430217,-1.4063559124032525,-1.5991447013643323,-1.2595374876908458
2580,,1.0,0.041517103783943916,0.09,0.0,0.3863653816764863,0.48997622537679947,0.17702884201046165,0.062041051273609205,0.42895324347153274
2581,,1.0,-0.6545279548991704,0.09,0.0,-1.2957845256205176,-1.115915986321122,-1.362207778038954,-0.9998380365999219,-1.2791744454765448
2582,,1.0,0.3741982890497681,0.1,0.0,-0.6594579504013801,-0.544748247214363,-0.8433567524180859,-0.9733262114476885,-0.670880788192239
2583,,1.0,-0.038043042884536984,0.1,0.0,-0.8586114635612322,-0.60105862993026,-0.7060994101394896,-0.9884021351976083,-0.8775252489844758
2584,,1.0,-0.08237727151551905,0.1,0.0,-0.8643279333471613,-0.5725307647951314,-0.8347129275705151,-0.6270754494305967,-1.2335513403453042
2585,,1.0,-0.5521455270156966,0.1,0.0,-0.8795921188392359,-0.20799620738072722,-0.7720462613838517,-0.8662428490834445,-0.6656184740425982
2586,,1.0,0.5200178516123738,0.16,0.0,-1.82064389632608,-1.2002288067151425,-1.9586401145902246,-1.7511656371329263,-1.921706916624037
2587,,1.0,0.4034342363615892,0.2,0.0,-1.4284104267537254,-0.8678332839841563,-1.2554150648086004,-1.443857781467125,-1.5008754257168762
2588,,1.0,-0.23955537158081336,0.2,0.0,-1.2671050669323858,-1.058364631094812,-1.1880812346308063,-1.531679821154946,-1.1163787968201502
2589,,1.0,0.630389134788962,0.22,0.0,-1.4027180307823284,-0.5454377065621296,-0.835611531168307,-1.0405739643149108,-1.1074982301116953
2590,,1.0,-0.39805316829235127,0.23,0.0,-0.8858767766436451,-0.28913572868635085,-0.4771925819220408,-0.905998334564666,-1.0363222366066789
2591,,1.0,-0.13587986108468872,0.24,0.0,-1.2800421716731893,-1.0406146757495944,-1.1698425435708633,-1.693639340993937,-1.4716326884853952
2592,,1.0,0.30254870218911933,0.25,0.0,-0.856140841215155,0.02890122108198714,-0.1105053131989089,-0.7013201345378698,-0.48207832045332916
2593,,0.0,-0.07690701651074702,0.25,0.0,-1.045547591325414,-0.4206367916480569,-0.4974656761383384,-0.7874354093784444,-0.8274529560093247
2594,,1.0,0.23873203453406439,0.26,0.0,-0.3116438533148775,-0.23994400842699828,-0.3047621330881773,-0.5241536959800519,-0.42164878088785224
2595,,1.0,-0.2550711855116358,0.27,0.0,-1.041419371101505,-0.9566482323578058,-0.9988535455830524,-0.37661775077712106,-0.6425734753562636
2596,,1.0,0.027605290019525865,0.28,0.0,0.16839791381555919,-0.21035275328989425,-0.3744012429211963,-0.14055297808119882,-0.22800612229323516
2597,,1.0,0.1490474818972326,0.32,0.0,-1.0783255619705845,-0.9073478020754482,-1.1190465617506995,-1.01607729069319,-0.7681776798183514
2598,,1.0,0.12415640656361654,0.32,0.0,-0.6904470205786504,-0.30347498309951804,-0.3836327538462256,-0.3604416489928954,-0.674953213186334
2599,,1.0,0.46516956428786216,0.34,0.0,-0.2987942151900341,-0.33625353210550585,-0.40317167170155455,-0.4125255250614234,-0.28064536068667356
2600,,0.0,0.6603044216969001,0.39,0.0,-1.2872087676334607,-0.8296021596199809,-1.3182581743506498,-1.2026987188703877,-1.0703572875928768
2601,,1.0,0.34176115545160446,0.4,0.0,0.3701281037082308,0.3494195615845867,0.16401431991488813,0.13477933299565573,0.42808726390668417
2602,,1.0,0.21805604719285587,0.4,0.0,-1.1082832039760981,-1.1817685747510331,-1.251987709899989,-1.1872213920313768,-1.226982008497503
2603,,1.0,0.40448613681414863,0.4,0.0,-1.5142582348300833,-1.0529853055499367,-1.3275726229150404,-1.2918731512656463,-1.12682710702924
2604,,1.0,0.17811751835407894,0.4,0.0,-0.22413302201783372,0.0305354745956613,-0.05096195912582241,-0.10037286864577284,-0.05598871276627026
2605,,1.0,0.5134901740809701,0.41,0.0,0.09176996853053826,0.08726943469250817,0.15733336696168027,-0.11471096524956322,0.20688848430356446
2606,,1.0,0.6454238113457478,0.43,0.0,-1.3886443324622428,-0.9959642826023911,-1.1985840231684473,-1.9201976789777744,-1.608251130964474
2607,,1.0,-0.2311995372748844,0.44,0.0,-0.49695991465354766,-0.5986209402479336,-0.47889535912522596,-1.0183850023950525,-0.709689593856084
2608,,0.0,0.4244441486380492,0.46,0.0,-0.052222918039993876,0.03159122047205013,0.12228029999234942,-0.024835948584058107,0.22727711283982124
2609,,1.0,0.37851871147654353,0.48,0.0,-0.16438378410298002,-0.05066220214128787,0.15028855055157753,-0.12894209724353764,-0.028414110133274988
2610,,1.0,-0.2397603868332212,0.5,0.0,-1.902492669514552,-1.78962843047958,-1.4538252640004112,-0.017222956225138888,-1.5690735759563221
2611,,1.0,0.727045403229938,0.5,0.0,-0.26190670078801165,-0.4926391854443686,-0.6475066529242508,-0.6111439200312063,-0.5709942063388783
2612,,1.0,0.441820778011768,0.5,0.0,-1.1547668158486035,-1.244284029447749,-1.2362655620694558,-1.3444705761905515,-1.109637891128118
2613,,1.0,0.16546598782191305,0.51,0.0,-0.8543060803973052,-0.9759343323122838,-0.8781861162900274,-0.6246569589421855,-0.7361532503266429
2614,,1.0,0.3098423613622187,0.52,0.0,-0.15919836507963844,-0.7044285104923218,-0.5643678840941975,-0.4873954885307822,-0.13135485424846838
2615,,1.0,-0.031887146185483516,0.53,0.0,-0.6211592802940205,-0.7252112947708107,-0.5053700496524296,-0.716808274385279,-0.32231671487187796
2616,,0.0,0.45241687466910285,0.57,0.0,0.039888462832144145,-0.004220780832306282,0.06935430772883021,-0.12144666504272895,0.03438007420038923
2617,,1.0,0.3821213451258267,0.57,0.0,-0.03173099185631889,-0.3502485591945772,-0.04551554216826373,-0.07158636048574549,-0.13757821323198044
2618,,1.0,-0.5658342135369769,0.57,0.0,-0.8245956354543182,-0.7696329785581529,-0.7194502445228098,-0.787553420219064,-0.44587060438972353
2619,,1.0,0.0964066416151138,0.58,0.0,-0.24978644670951436,-0.844452335249174,-0.5488778455192908,-0.5456272853831994,-0.6242221909074415
2620,,1.0,0.3355563803843172,0.59,0.0,-0.7679908413183225,-1.2993642111619756,-0.9887967777858765,-0.8650449708136837,-0.8073740737906363
2621,,1.0,-0.13743440912604352,0.6,0.0,-0.7072263703756708,-0.5576037413463798,-0.5411482287753963,-0.7418981596204933,-0.6035086105422421
2622,,1.0,-0.22471367710074158,0.61,0.0,-1.310102244729689,-1.1845817106560235,-1.4203559210978403,-1.1315686570296428,-1.1723828802228922
2623,,1.0,0.25105343894892945,0.62,0.0,-1.0857267731866562,-0.9978497584415015,-1.13831392563791,-1.0397650208482192,-0.9041517822625655
2624,,1.0,0.7527052153461911,0.64,0.0,0.5841756091955184,0.5531301618306435,0.6772007746515136,0.3360961753237976,0.7047933239047491
2625,,1.0,0.47984699303771666,0.65,0.0,0.05476556674279133,0.006729274404983755,-0.09937695099890043,-0.03850623316679779,0.1890574735509036
2626,,1.0,0.09778058009208998,0.71,0.0,-1.1742307726965093,-1.2765777042870667,-1.0847556263300213,-1.0343791168132455,-1.2458010986440122
2627,,1.0,0.8256985107475379,0.74,0.0,-1.0271193681907465,-1.245319060405826,-1.067834324390848,-1.0447474985573653,-0.9574408573199826
2628,,1.0,0.6611390699711287,0.82,0.0,-0.7930041216415379,-1.097153188839444,-0.8749241120924083,-1.2290287098375716,-0.5967395786329397
2629,,1.0,1.0137941024104427,0.83,0.0,0.0815960372075257,0.11420886579890895,0.1755161299819791,0.4397615736226766,0.12877860976912708
2630,,1.0,0.7657052229952831,0.9,0.0,-1.267936565335749,-1.1558701660649273,-1.0612004647788886,-1.2301952743097118,-1.162322120368059
2631,,1.0,0.7056226066640796,0.9,0.0,0.07879918749735829,-0.13243487270444645,-0.05736112283110503,0.0017890666363034684,0.1752723623855157
2632,,1.0,0.3807229852685119,0.93,0.0,-0.7874401488559326,-1.0463634254639842,-1.0137223012714422,-0.8015980016073885,-0.8358028255086709
2633,,1.0,0.8911488836986188,0.98,0.0,-0.511188123910895,-0.24827978880444754,-0.22717435275815046,-0.530021100819936,-0.5246229006204901
2634,,1.0,0.6489175246840645,0.98,0.0,0.17535704507433666,0.057024618531161295,0.30499333215935787,0.17043635464707124,-0.06800891375164136
2635,,1.0,0.9620137580309381,0.99,0.0,0.872753710677371,0.7212113142199581,0.45590158650666895,0.4522778929772393,0.7784334031245608
2636,,0.0,0.10704653973450615,1.0,0.0,0.13668698952685335,0.0611468675159687,0.24744291392096412,-0.09689372959995728,0.1940397608760206
2637,,1.0,0.5757378965405606,1.0,0.0,-0.22793098570069895,-0.38887252666735017,-0.27440168738264026,-0.6254025392049534,-0.35566296264288855
2638,,1.0,0.9166513035845969,1.07,0.0,-0.17826190722091786,-0.4752082495931606,-0.20630164106329393,-0.34607632736404786,-0.4331075992604067
2639,,1.0,0.6456623027224033,1.08,0.0,-0.07731028172470097,-0.4840737620369955,-0.39829628504820724,-0.4163893907466471,-0.32336853499613644
2640,,0.0,0.6896352117918044,1.3,0.0,-0.32006374417722583,-0.24078262911724307,-0.18899074530396093,-0.1654955209444604,-0.24054021990573252
2641,,1.0,0.7856953769654974,1.3,0.0,-0.7975439715513634,-1.007176267757835,-0.8737029423823457,-0.9291988867869012,-0.822188512715243
2642,,1.0,1.1877180888407493,1.38,0.0,-0.31694703420836434,-0.3009376757062126,0.03217250708566088,-0.571781283285402,0.04258312246298319
2643,,1.0,1.1183884427396413,1.4,0.0,0.023645442751351903,-0.449455535133769,0.11446599199164494,-0.03310447902837662,0.24329312462474742
2644,,1.0,1.2026422252419045,1.4,0.0,-0.19918062044901205,-0.37256183496624834,-0.2688894176933061,-0.09547902546979017,-0.15248124677976857
2645,,0.0,-0.8324357178676597,,0.0,-0.9289226231378409,-0.9637171439301974,-0.9055801889300767,-1.0616954003209216,-1.0415556320276556
2646,,1.0,0.0855069612922558,,1.0,-0.007602613233124478,0.034309529663152094,0.16223935791854255,-0.061221266801840105,0.38829180888685433
2647,,1.0,0.3852557483226424,,0.0,0.5255288672942483,0.45548116397491384,0.18696265434460516,0.7650414795687841,0.47544641497585066
2648,,1.0,-0.4267980356427518,,0.0,-0.3519049041992959,-0.5072482941331359,-0.7932638500578446,-0.9045162914160293,-0.8374376041785867
2649,,1.0,0.10463543802769039,,0.0,-0.18627604133441059,-0.6443928861946239,-0.5619219456520029,-0.41743482668419907,-0.5927554583104548
2650,,1.0,0.049721230833772376,,1.0,-0.51862529607806,-0.9091548973618951,-0.503082323893826,-0.629245933064021,-0.563881915298845
2651,,1.0,-0.7293194285713449,,0.0,0.29640646312797336,0.12509763295798862,0.4653298867094402,0.2896933361124259,0.31641698179311367
2652,,1.0,0.31524167919781215,,0.0,-1.3240494480213514,-1.1461435918952436,-1.4729073142344504,-0.9587232241225493,-1.2061532078220811
2653,,1.0,-0.5810883007803949,,0.0,-1.0791160662717687,-0.7776745513128993,-0.8299771786911095,-1.1989413738858856,-1.0718712790764389
2654,,1.0,-0.17300111473992577,,0.0,-1.3726409497440546,-1.5462623355667677,-1.3858530910068116,-1.2593384227895101,-1.1932832848471382
2655,,1.0,-0.17639040734258332,,0.0,-1.601514029870649,-0.8908812408418151,-1.6678500484806165,-1.5412696048737249,-1.374513677032145
2656,,1.0,-0.9579547164406602,,0.0,-0.46145383004441326,-0.5367815406387171,-0.5680614274680869,-0.2022617465315407,-0.3713011734274324
2657,,1.0,-0.6967214721674779,,0.0,-0.35368452012672097,0.002462261282885906,-0.3652738833113337,-0.3054862136946704,-0.052744733531580705
2658,,1.0,-0.5446267626072696,,0.0,-0.8694844582031844,-0.7441850525709504,-0.816616018399798,-0.6688053657636666,-0.7464735465336734
2659,,1.0,-0.9317777679971758,,1.0,-0.26920771394701387,-0.5394968538721743,-0.413774374806118,-0.08611457750953701,-0.40287254318489907
2660,,0.0,-0.9019079109233521,,1.0,-0.5704260636599734,0.10862510269237886,-0.23937647819889787,-0.036910771748638584,-0.3324393078465506
2661,,1.0,-1.3639167805695263,,0.0,-0.2548272148658599,-0.19987797443138955,-0.416069720567615,-0.5640366810134665,0.12196290155097674
2662,,1.0,-0.24320897224938365,,0.0,0.11309789604389361,0.4707120919572314,0.12242289396165565,-0.19262926287598667,0.5876619913105059
2663,,1.0,-0.6295426939556271,,0.0,0.08552257244265754,-0.06339028335567186,0.14693174941683926,0.10528718071508013,0.1939660511757453
2664,,1.0,-0.6342692855916546,,0.0,-0.28507088682127363,-0.2652109542612054,-0.24986128686436984,-0.11735259382798495,-0.07059753296337853
2665,,1.0,-0.56119528356539,,0.0,0.07240795241596405,0.05475935345044424,0.07744568975648797,-0.06990064839380172,0.09789107289675017
2666,,1.0,-0.6747121448546844,,0.0,0.07312150776054714,-0.042130011286265145,0.051245650203777,-0.16286836075487754,-0.024377456111584483
2667,,1.0,-0.4052534596569723,,0.0,0.23163848469670273,0.3051578536599182,0.3914200186554914,-0.16828406760419037,0.3433906236205494
2668,,1.0,-0.8525398776029721,,0.0,-0.2667206207514523,-0.3442210237749912,-0.43643013367084343,-0.5422576742361362,-0.05237874784678127
2669,,1.0,-0.878217878976549,,0.0,-0.3957132879845843,-0.6798994601674624,-0.19832688971433843,-0.7096008703804655,-0.40354138858822236
2670,,1.0,-0.812616284728575,,0.0,-0.6932417904929926,-0.633625633004361,-0.5085342311528397,-1.1177449567749065,-0.4808066912636659
2671,,1.0,-0.7125434598925506,,0.0,-1.1096848816668359,-1.2246270954344025,-0.8359799196080118,-1.2675379921941647,-0.7138309546944398
2672,,1.0,-1.6523953358130639,,1.0,-0.2573491686507549,-0.2632878840883853,-0.4136188600578992,-0.4145813168376301,-0.2885065798595437
2673,,1.0,-1.4026582905373703,,1.0,-0.6221703778402109,-0.8254495559323655,-0.5410232745416463,-1.079471938336264,-0.3133871866606336
2674,,1.0,-0.574704126675235,,1.0,0.12238145328418439,0.0835066790625884,0.35197662190002255,0.019722565650040158,0.39729009656188546
2675,,1.0,-0.7018219802107581,,0.0,-0.3335885584338104,-0.49905617866499147,-0.5336709797998754,-0.5534994411076221,-0.6027722343936549
2676,,1.0,-0.3238178146771948,,0.0,0.017836578504225757,-0.3534055033399644,0.005401217996989152,-0.9204906215278303,0.16019140183717284
2677,,1.0,0.18092121977705192,,0.0,0.12871415564015737,-0.028397972114594116,0.15229364396477066,0.09876275774633146,0.11095046822547507
2678,,1.0,-1.1952401288598957,,1.0,-0.07520449197343239,-0.2638906117034309,-0.49568764181012326,-0.8611021424243737,-0.17106232255599096
2679,,1.0,-0.5245116875140649,,0.0,-1.4975523094007015,-1.397792401864962,-1.115058049620605,-1.504903512746913,-1.24636810269814
2680,,1.0,0.5109311777503853,,1.0,-0.9683340911593089,-1.0974653582269827,-1.1204161008789137,-1.03254768033689,-1.061909863053968
2681,,1.0,-0.5171972606202058,,0.0,-1.2512898593632458,-0.8357583992223143,-0.9126846193120772,-0.7649755753350423,-0.7524884974807468
2682,,1.0,-0.20489251673368294,,0.0,-0.688842120509321,-0.9104614546039809,-0.8139637019545272,-0.9784294599585779,-0.8095691354252836
2683,,1.0,0.02244989377702244,,1.0,-0.7084516105457555,-0.5558545864835398,-0.7473844051009861,-0.9337701281544056,-0.7974493562266648
2684,,1.0,0.8390272153541833,,0.0,-1.2302854420995586,-1.256368334229777,-1.3386990666207768,-1.376850630673176,-1.4214412308306106
2685,,1.0,0.4798918729409423,,0.0,-1.2168792860738953,-1.0720860617837118,-0.9537300627341857,-0.8287808874386378,-0.956921789711519
2686,,1.0,0.31722458121369007,,0.0,-0.09212972694107596,-0.10432674232738304,-0.02836660084024929,-0.6020163215472502,0.07934095788638491
2687,,1.0,-0.04115275467324609,,1.0,-0.488902433025031,-0.7879253515125159,-0.4346060203971535,-0.39310809816193854,-0.2094799556184026
2688,,1.0,0.7907419676062761,,0.0,-0.3888392563400211,-0.5655635778508686,-0.31090577638799716,-0.5497820187121943,-0.3213935347889477
2689,,1.0,-0.5164972579543284,,0.0,-0.602737765037713,-0.5991980463332783,-0.45416720364188357,-0.4142250356443194,-0.23826647457038003
2690,,1.0,-0.057647853145389776,,1.0,-0.8428664515526909,-0.7139897421579946,-0.6121283314460224,-0.6771484722877075,-0.7541746630832439
2691,,1.0,0.16130386953552778,,0.0,-0.16744843813240395,-0.28166329014758174,-0.28297957465124196,-0.05460656188470764,-0.21812116966789996
2692,,1.0,-0.14008593288044768,,0.0,-0.7547267121254884,-1.0179600798430437,-0.7618972063548706,-1.0777320944795064,-0.6063316375081013
2693,,1.0,-0.005327339120792113,,0.0,0.03683289768355962,-0.0662575486817775,0.2360903853093043,-0.014229095226203765,0.4405152203805795
2694,,1.0,-0.08712364834987037,,0.0,-0.8691706726262992,-2.510165947692426,-0.9372284268855553,-0.8009418491769053,-1.0282505517269669
2695,,1.0,-0.8365562943142784,,0.0,-0.8943162400174824,-0.736703843975154,-0.6826681490456827,-0.9541299738859231,-0.6501221823259636
2696,,1.0,-0.7656907078768934,,0.0,-0.9062872715484052,-0.8508408560164071,-0.7915202475120164,-1.1412988942942923,-0.8987559627254568
2697,,1.0,-1.2352800658113197,,1.0,-1.355173033244404,-1.0823151662259272,-0.9722907829910727,-1.6002131127844754,-1.0722642459688343
2698,,1.0,-1.5171052673516465,,1.0,-0.6950697825380214,-0.8720925142961238,-0.5380866191712522,-0.7945289849904036,-0.8949414526781505
2699,,1.0,-1.0602390489484383,,1.0,-0.8287650527987938,-0.7344744650041993,-0.9587257256052932,-0.36286072066859615,-0.9650855410617726
2700,,1.0,-0.542235781019287,,1.0,-1.304971086565825,-1.1101981724566747,-1.0039564697726284,-0.775459756963477,-0.8680851683420066
2701,,1.0,-1.4910647047286008,,1.0,-0.022461058871848627,-0.1310172609174035,0.004200833938599338,-0.017920191678872068,-0.06358922981266457
2702,,1.0,-0.7387721435976271,,0.0,-0.8133137865302691,-0.8264726142382618,-0.7828520479480736,-0.6138733819331939,-0.8789317120740071
2703,,1.0,-0.001295449678580973,,0.0,-1.058850025513471,-1.1712125457692841,-0.8531932871490912,-0.7470967166574998,-0.7121930747151782
2704,,1.0,0.46358811540814293,,0.0,-0.9176305334803714,-1.1786130347352195,-0.9501385406808011,-1.366788938042659,-0.7742718040621483
2705,,0.0,0.1999209545547976,,0.0,-0.7301572419022784,-0.6260817889910751,-0.7503754204712212,-0.5863728394293178,-0.8002821807132393
2706,,1.0,-0.7909186812142104,,0.0,-0.6930786211052647,-0.4497308867165707,-0.6340765273069301,-0.2718859484380425,-0.6546822939659735
2707,,0.0,0.16372729591893756,,0.0,-0.7043215736012848,-1.2110531855334727,-0.7815218143456886,-1.3166823836971844,-0.7137594962942946
2708,,1.0,0.06312663301219468,,0.0,-0.9336817586553418,-0.7974822894267589,-1.0123075272947584,-1.1147629966817036,-1.0830661520118587
2709,,1.0,-0.14115794791919714,,0.0,-1.3291120995103674,-1.241703008078353,-1.3778791507523178,-1.3062891484582744,-1.114302887572278
2710,,1.0,-0.1008893120163991,,0.0,-0.7649493909774543,-1.3968239786567203,-1.3817689584868924,-0.8555398010316831,-1.0607537468048962
2711,,1.0,0.052291375110178555,,1.0,-0.591212010015731,-0.3505332110124351,-0.598300663931345,-0.8692816876805984,-0.6960109332250499
2712,,1.0,-0.2201360232188508,,0.0,0.11361321718147953,-0.030276616189187214,0.06374240337761604,-0.17567042713698253,-0.0748135710262178
2713,,1.0,-0.028361795744273405,,0.0,-0.9903720563787509,-1.1386940756171626,-1.0732349988461702,-1.1912021867869005,-1.194870506352283
2714,,1.0,-0.14086635656790858,,0.0,-0.11496784566687127,-0.28089760482076936,-0.3942628494336665,-0.11939503614011102,-0.017327327391046088
2715,,1.0,0.5433228210797528,,0.0,-0.34573964921204625,-0.5798912119740299,-0.526712235149308,-1.0902162127902542,-0.25019509941725515
2716,,0.0,-0.04717068114753941,,0.0,-0.33663559027101975,-0.37506176584138734,-0.37736512566220176,-0.1692049052912307,-0.27526022946676465
2717,,1.0,0.0665855971946054,,0.0,-0.3103539832936172,-0.41424346351534486,-0.15279838939250834,0.29417159579944097,-0.3047975738644732
2718,,1.0,-0.5532324644898811,,0.0,-0.6911960290931194,-0.7671715732440935,-0.7207423863916168,-1.1844205388802356,-0.6005496697393726
2719,,1.0,-0.16546908593360038,,0.0,-0.1433063051999198,-0.35537044177611365,-0.2950455355964495,-0.04566142854304478,-0.31052663515022444
2720,,1.0,-0.8637475478028169,,1.0,-0.02992121739996746,-0.1271784593376977,0.029393355016836514,-0.16164474311591806,0.060421277963169435
2721,,1.0,0.4101939078004595,,0.0,0.47551841884530227,0.3361985357825658,0.6189002175656769,0.37339639807923686,0.347133383708819
2722,,1.0,0.4824623706790342,,0.0,-0.663337322559045,-0.6967547583496412,-0.4382239403180709,-0.6913769305262244,-0.5482301340000001
2723,,0.0,-0.31679784473807526,,0.0,0.2872167540619062,0.2094765278411548,0.17395045818681654,0.29135456833746926,0.27315475909410214
2724,,1.0,-0.48823194950164855,,0.0,-0.07885365282581963,-0.051547380497220525,-0.17056929813545157,-0.14593665775471756,-0.09784954987060528
2725,,0.0,0.2534424261598832,,0.0,-0.545075542863464,-0.8614092441546092,-0.7321041520154399,-0.9301394950510737,-0.6118697551630765
2726,,1.0,-0.15961906298573417,,0.0,0.49977731165534106,0.4164134221292744,0.6277582891763297,0.388763509732024,0.24999358569444274
2727,,1.0,-0.2680952747170633,,0.0,-0.7565290190802407,-1.2349928028394108,-1.2092754394342193,-0.6547159052796883,-0.7258113726333869
2728,,1.0,-0.23241198221972198,,0.0,-0.37837217374647913,-0.28042955099089967,-0.39101116657020835,-0.22062829271364437,-0.26928541968031955
2729,,1.0,0.6517009965082969,,0.0,-0.07184235416342921,-0.37723485603126805,-0.6075512777021154,-0.40712018990124466,0.06381523143691714
2730,,0.0,-1.0015144700293552,,0.0,-0.5551897737409459,-0.9395787659272129,-1.0649767523804354,-0.7534093172827735,-0.8101083967853161
2731,,1.0,-0.404028354054221,,0.0,-0.3362007571678419,-0.42948853230949174,-0.2914751783704938,-0.37217029051423867,-0.22541020545562865
2732,,1.0,0.17984874332041062,,0.0,-0.8299491584028249,-0.9322216453269679,-0.9821704730457679,-0.5158268944024915,-0.7273702592966185
2733,,1.0,-0.3123566302675328,,0.0,-0.19109686012049276,-0.34049292742182985,-0.34657059113783123,-0.39992916762663344,0.1220963124960767
2734,,1.0,0.42681012952881886,,1.0,-0.9415059475154136,-0.8021973806291762,-0.6485739658168573,-0.6294073648885334,-0.693067270856383
2735,,1.0,-0.16426976111174033,,0.0,-0.5864178377461873,-0.9634152497398878,-0.5848051291958719,-0.6542893897976103,-0.5034107252853885
2736,,1.0,0.28341448643174383,,1.0,-0.8544165253687335,-0.7243746342989419,-0.8295835282620417,-0.8159778545235301,-0.7076878840089389
2737,,1.0,0.5527693128907298,,0.0,-0.9158634336130528,-0.8842284967342758,-0.6303242209026452,-0.547181057621073,-0.6872928855202888
2738,,1.0,0.06246378399719351,,0.0,-0.386724557595388,-0.7189044663270195,-0.35100323130223354,-0.36464488457811545,-0.2815028340560547
2739,,1.0,-0.5985479772076745,,0.0,-0.534187695498,-0.5157939282701803,-0.7001343665432146,-0.42533865619160943,-0.3882367085063173
2740,,1.0,-0.5828040604663406,,1.0,-0.8508725807203373,-1.2398876345044965,-0.9319242160308616,-0.6880966929067864,-0.8046236552487146
2741,,1.0,-1.4088532363220345,,0.0,-0.6481683331457471,-0.4829950013377015,-0.8485697677541288,-1.0451463012695268,-0.4608526696387339
2742,,1.0,-0.12883256229202592,,1.0,-0.04205003924376262,-0.014792180988887463,-0.04911692106590145,0.09048912511960576,0.15625337475572698
2743,,0.0,-0.3890717244896453,,0.0,-0.0070942583384058355,0.18089926215390723,0.4232164331433654,-0.054820869057399794,0.35369457863387516
2744,,1.0,0.576579205438296,,0.0,-0.023524840923785647,-0.17423835736207424,-0.12054343834696708,-0.07276227631014127,-0.24133871678289973
2745,,1.0,0.1911260672344216,,0.0,-0.9056666647060028,-1.4621072992637656,-1.3455575499301593,-0.6946663433726974,-0.9305590743996409
2746,,1.0,-0.08240257938402888,,0.0,-0.8329840078955763,-0.7352639244480641,-0.640996765091593,-0.8431519486472471,-0.8817952665483684
2747,,1.0,-0.7549481162965983,,0.0,-0.6499144877298595,-0.9133976935548584,-0.6430601738452443,-0.6327057154277512,-0.7052011557634494
2748,,1.0,0.4686432349102421,,0.0,0.052855053491587346,0.2684735964042592,0.3319358743645775,0.24834694879957125,0.32308561168530514
2749,,1.0,0.17040545589757913,,0.0,-0.11973805709773859,-0.6056132354546371,-0.26597366335659417,-0.05414644940417113,-0.21495269292510508
2750,,1.0,0.9524480088002204,,0.0,-1.016305550026702,-1.054013955059479,-1.0868623910391066,-1.2677108192343889,-1.0167068751705846
2751,,1.0,0.5204212750071572,,0.0,-0.9078809294567284,-1.0750373985460853,-0.41847266777969777,-0.7208498039967789,-0.5963582396294784
2752,,1.0,0.8820016916394914,,0.0,0.567274856569838,0.4768291763461654,0.6256245600871123,0.14638152832043408,0.5843309392363152
2753,,0.0,0.45019952002334446,,0.0,-0.44452139568793037,-0.536926321589211,-0.5907187245845987,-1.1865059195652092,-0.8022203156977159
2754,,1.0,1.0323222882527334,,0.0,0.533514258785788,0.7619773428439399,0.6282277513742456,0.10708639143629571,0.30316634502779394
2755,,1.0,1.0318113206618769,,0.0,0.24017670329749802,0.050734823520606334,0.18061989724120533,0.27728138128961405,0.04612018283971457
2756,,1.0,0.953721545206492,,0.0,-0.2529873364843542,-0.15553185944230669,-0.08625432132567971,-0.03554496837019454,-0.1490670528240308
2757,,1.0,0.7225559561497296,,0.0,-1.4044849090757563,-1.00287355697503,-1.09048788580287,-1.3118600737114214,-1.4557620183106115
2758,,1.0,0.9157917659286042,,0.0,-1.28177849000171,-0.8504949665744971,-1.2409639276395756,-1.4353662574050976,-1.354485274101406
2759,,1.0,1.0442664915442066,,0.0,-1.2765989027846913,-0.9524797310801659,-1.1630443928678813,-1.742725309568102,-1.0941303993612796
2760,,1.0,0.49661900844827694,,0.0,-0.6047662409576398,-0.7309852823045626,-0.5808747255655443,-1.026828895712394,-0.5002658367101387
2761,,1.0,0.6836763358614869,,0.0,-1.1568626647588411,-1.0009701853173247,-1.0523414207774529,-1.2319895660758948,-1.0763992323228257
2762,,1.0,0.7758319619167594,,0.0,-0.9915194190778263,-0.8130401839728492,-0.8823137150111391,-0.7910104845606294,-0.8844791135037527
2763,,1.0,0.8052718612027314,,0.0,-0.7891447766960294,-1.050939016597434,-1.1175576928913604,-1.1136705363338004,-1.2616502980558326
2764,,1.0,-0.15004653773418553,,0.0,-0.5272500889052056,-0.9268739429252919,-0.5817848545861538,-0.37733342135504533,-0.551926293215445
2765,,1.0,-0.2768381725382301,,0.0,-1.0860108225253453,-0.7691782471859181,-0.7622088333327323,-0.6676616567771776,-0.6892837401195557
2766,,1.0,-0.0649990189436856,,0.0,-0.07359942227974081,-0.33541426619694575,-0.1970643063850944,-0.46563140356059757,0.10455674095415161
2767,,1.0,-0.2335379345255843,,0.0,0.11410466344177135,0.23638865018671784,0.16369651655221304,-0.21636632904225217,0.24224597521904284
2768,,1.0,0.8578723926490267,,1.0,-0.6016616503549492,-0.7449639940136467,-0.8708484068819787,-0.8066800420105287,-0.3970644873948989
2769,,1.0,-0.5896372526945329,,0.0,-0.6657862645768421,-0.9780096736897802,-0.8434547158760882,-1.3288176044980438,-0.6953756769020821
2770,,1.0,0.9573031417515988,,0.0,-0.5377795248085105,-0.721919232618161,-0.7149976555494852,-0.8565163847264932,-0.5649299576701736
2771,,1.0,0.9849097651814953,,0.0,-0.3723152321393075,-0.6839279657930838,-0.3056810623593185,-1.1617234169668589,-0.6926175788487816
2772,,0.0,1.1023585416464001,,0.0,-0.886463776560536,-1.089621847143831,-0.6312426832709099,-0.90870862706007,-1.0937363865922005
2773,,1.0,0.9613901658969665,,0.0,0.2904532626315931,0.01423611011254415,-0.0942303518814477,0.11976131767814185,-0.28520393452397497
2774,,1.0,0.04001787101845152,,0.0,-0.45692378419727187,-0.9622431141316707,-0.4465864329896816,-0.47752606689919863,-0.5749265593660305
2775,,1.0,0.8633846925712463,,0.0,0.3929021153986845,0.37356665066679384,0.13005277522024972,0.36435317562687797,0.5410657966697486
2776,,1.0,1.0470327587124033,,0.0,0.07236738088997788,-0.13565828145388534,-0.24738744270487478,-0.41012362457399426,-0.4421263749232081
2777,,0.0,1.109366452647203,,0.0,-0.6177003689425297,-0.5648048431750057,-0.6858385545443023,-0.6913786726254366,-0.6570933625342339
2778,,1.0,-0.694177712741923,,1.0,-1.1000960605429593,-1.092969772892078,-0.9598060072611214,-1.0673605730930145,-0.9903778808711501
2779,,0.0,0.38935581583569645,,0.0,0.10101861272790717,0.016341705664737208,-0.10893488062492626,-0.47856450601558165,-0.146321694440906
2780,,1.0,0.4883736525757801,,0.0,-0.7504826456929793,-0.9345394385225541,-0.8878344777956204,-0.6796099393003555,-0.7503779654482564
2781,,1.0,-0.09793585757625065,,0.0,-0.29139496429008943,-0.24275794737520892,-0.3186578857410923,-0.22234125430247328,-0.3238601479259335
2782,,1.0,0.049343289346790165,,0.0,-0.7640608691619494,-0.5033063584272779,-0.4615062644602113,-0.6918571649825206,-0.18855484178880638
2783,,1.0,-0.0715772321527233,,0.0,0.560202313546165,0.7471643688093795,0.490718062368507,0.5884572955489439,0.7043784303567316
2784,,1.0,-0.08077054802519663,,0.0,0.3096941959930948,0.6351200911241228,0.2858687616789932,0.21042324893119785,0.5276317431440409
2785,,1.0,-0.7403674414012985,,0.0,-0.005486824210794837,-0.007219550872574575,-0.15925517878532422,-0.058413625070592654,-0.17285689503358664
2786,,1.0,-0.33581160875113275,,1.0,-0.945821836153184,-1.0340861339561223,-0.9366352536030232,-0.6778910851690524,-0.8197450510920448
2787,,1.0,0.6261113735745386,,0.0,-0.38852402031256905,-0.5616242165075603,-0.4961129274046396,-0.45674277276182107,-0.4788991651753962
2788,,1.0,0.7089192442347124,,0.0,0.15351511587928998,0.1271493168540329,-0.01692214605017304,0.3122037907260608,0.13410342011787463
2789,,1.0,0.7468538762541509,,1.0,-1.1128441423690818,-1.0595300109948378,-0.8813280528946306,-0.8441882052798413,-0.8872381395513663
2790,,1.0,0.6999174538236523,,0.0,-1.1730038357304102,-1.057007615749329,-1.1254531390833526,-1.2278159651217257,-1.3891572811528612
2791,,1.0,0.8020745056688107,,0.0,-0.08409110995596764,-0.32355367855437717,-0.29595249144624153,-0.29983026234669746,-0.2071401755993917
2792,,1.0,0.9688349324382043,,0.0,-0.9475124935572897,-1.0532763077610032,-0.7704159823903495,-1.1288025059808349,-0.9562698985875907
2793,,1.0,-0.5512692106606255,,1.0,-0.9256736083949357,-1.167872807335537,-1.1701522147227408,-0.963801834990709,-0.9146286087129442
2794,,1.0,0.1419809157644013,,0.0,-0.5722037533821954,-0.5268688227966016,-0.7429980790731439,-0.8699999049766747,-0.7800538142204553
2795,,1.0,0.22589194464269405,,0.0,-0.45501874370659623,-2.053004882727493,-0.4702140610259357,-0.4076753922051498,-0.29208079578941093
2796,,1.0,-1.028627624869765,,0.0,-0.8393770618524237,-0.8151650240075676,-0.8443779773038476,-0.916035004240292,-0.6400863204559885
2797,,1.0,0.10324497242692227,,1.0,-0.9230977422591099,-1.0001484253637156,-0.8414300206886852,-0.9128813526553242,-0.9533733366742075
2798,,1.0,-0.6170613676223055,,0.0,-0.25834561729016764,-0.407984656300754,-0.4280183997965849,-0.26965972021816087,-0.4779347206383206
2799,,1.0,0.24385204801676186,,1.0,-1.0852785794843767,-1.028359801771943,-0.9528913138516912,-0.7652405836317903,-0.8638128191320155
2800,,1.0,-0.8618660425347605,,0.0,-0.5178179043183606,-0.5478152064634945,-0.4770818272094754,-0.3774243258445458,-0.6563872746781648
2801,,1.0,-0.36035811265407397,,0.0,-0.02331278522199398,0.11499410891283106,0.2049301143278265,0.1436815180381266,0.09231284954560438
2802,,1.0,-0.6249594647507026,,0.0,-1.3409107654704995,-0.9809490540446528,-1.0688293957121162,-1.4848365533445678,-0.9087135217042647
2803,,0.0,0.06770012461879871,,0.0,0.003209953433037267,-0.1862342532149629,-0.11075378649314727,-0.013765108548280747,-0.02088092469241545
2804,,1.0,0.29615914463368337,,1.0,-0.9710544921311608,-0.854459846435826,-0.8950247647668567,-1.0212233548922727,-1.0647053619787237
2805,,1.0,-0.7603815262857873,,0.0,-0.8206405156978933,-0.8414641046240284,-0.855822578347214,-0.8574658443565043,-0.6464839307321563
2806,,1.0,-0.12796307898844952,,0.0,-0.8611709403671499,-1.0016432797939645,-1.0437968631945496,-1.0951515200825688,-0.8277500523940241
2807,,1.0,0.7049254469390646,,0.0,-0.831215749824817,-1.0731044379623698,-1.0002127839430226,-0.9189090055074597,-0.7923331958988362
2808,,1.0,-0.3774665735670344,,0.0,-1.3468149114970451,-1.1648040775067503,-1.3658058076119477,-1.368116825089971,-1.194155391454397
2809,,1.0,0.14384161884820268,,0.0,-1.4402706486789782,-1.0288569345413672,-1.2223432968302537,-1.1477413288306175,-1.4288194514906716
2810,,1.0,-0.9285747191122422,,1.0,-0.006725522835197953,0.1041432339346475,0.12800428248088377,-0.049991870512654545,-0.001946689484899903
2811,,1.0,-0.3558102144293576,,0.0,0.39345798254177644,-1.3201225076542584,0.11317564548616219,-0.45601383683164287,0.3217633638137937
2812,,1.0,-1.0609672198704805,,0.0,0.2189496669658475,-1.0144099790557768,-0.04258638021723315,0.2228778961755862,0.3738027731082477
2813,,1.0,-1.1206182555571351,,1.0,-0.13137999020395014,-0.20048737952761703,-0.40063091301445164,-0.4961375312570039,-0.4983842123449337
2814,,1.0,-0.5116063221613103,,0.0,-0.8267364460500715,-0.6676175292386827,-0.7039688612534403,-1.1510174192028255,-0.5855579623144925
2815,,1.0,-0.5854293523093527,,0.0,-0.7046025534509545,-0.5630744929569336,-0.8819344256901345,-0.4892033486591094,-0.48138491489939994
2816,,1.0,-0.267794465540829,,0.0,-0.0471086550527799,-0.030794566386537787,-0.21524337632815804,-0.35847336512544425,-0.12412373318261816
2817,,1.0,-0.477770636740505,,0.0,0.4848213013940446,0.6758132835928038,0.39952835034832285,-0.0559370859264399,0.4956771453555049
2818,,1.0,-0.5194496450770179,,1.0,-0.3130594219743313,-0.42013913773236555,-0.09018484898847604,-0.1101481690996376,-0.26456749415939684
2819,,1.0,-0.16686533273785126,,1.0,-0.09396825824197377,-0.04172590187125537,-0.11349690053481705,-0.33680211836049223,-0.5321989380271301
2820,,1.0,-0.8544350156913478,,1.0,-1.4942805580554326,-1.5715544017753387,-1.6269853627268314,-1.4870725481094018,-1.4368854821814898
2821,,1.0,-0.7037884651528099,,0.0,-0.4401140004512113,-0.42481245046579297,-0.14323016936027827,0.030200773355317095,-0.05595298417020604
2822,,1.0,-0.22006483939138927,,0.0,-0.27967211831496847,-0.6691654846361426,-0.462990606109319,-0.5082454582522892,-0.5540379351821263
2823,,1.0,0.46430177869594297,,0.0,-0.03423803832487915,-0.234871053302095,-0.5160748308437664,-0.25682065318241665,-0.41145556184216225
2824,,1.0,-0.5400615779100701,,1.0,0.16348696217184872,0.1411645420049118,0.22197591778042042,0.25476856156484357,0.2570390948477367
2825,,1.0,-0.05414691397116989,,1.0,-1.668968004694017,-1.2887990065511128,-1.1535456160876467,-1.3866543707031822,-1.148603862500809
2826,,1.0,-0.37335931467178146,,1.0,-0.973383075538942,-0.9914449680839093,-0.9195668154926131,-0.7753319437845229,-0.7370552529160712
2827,,1.0,-0.06227456787114887,,0.0,-0.3803569532063495,-0.18596577458395605,-0.20423693424176445,-0.4358273817298166,-0.2921160052569213
2828,,1.0,0.38171483697475816,,0.0,-0.5684178630295512,-0.8441094475108115,-0.6674421599062325,-1.054276982862375,-0.7980666318112336
2829,,1.0,0.5784288328930703,,0.0,-0.6642650535867581,-1.0559430129977,-0.9457253416682689,-0.9808174876934814,-0.582489439957479
2830,,1.0,-0.2434063645477207,,0.0,-0.7251039128583526,-1.0060968184541392,-0.8502722452596182,-0.7574790434051801,-0.67406884789765
2831,,1.0,0.011184362721279588,,0.0,-1.1793994714881388,-1.2666669674890711,-1.0885819800039356,-1.2980702689197636,-0.7787038910398333
2832,,1.0,0.3148394191538928,,0.0,-0.2660650945958945,-0.6030589998790727,-0.5838782326572871,-0.5066094160649119,-0.6437435332919776
2833,,1.0,0.310330157949839,,1.0,-0.1884440374557061,-0.3157500577253493,-0.3627063152972272,-0.3147062133608102,-0.2707563023809283
2834,,1.0,-1.2517742231731366,,1.0,-1.2189524652342427,-1.2748621825682915,-1.092250977496426,-1.2454641028691396,-0.9724647541366191
2835,,1.0,0.3514438303046609,,0.0,0.5888148197591399,0.3423495909250992,0.43753139296175175,0.29032617448094616,0.5966201751537807
2836,,1.0,-0.14126329149776692,,0.0,0.6361474923965528,0.7098502404454713,0.6977761464848103,0.20708023555842583,0.4805444880029033
2837,,1.0,0.32575112061883416,,0.0,-0.4870797889128125,-0.4149413581116832,-0.3868200048594952,-0.41915186513073643,-0.3585980249757745
2838,,1.0,-0.333124806566889,,0.0,-0.850101686010055,-0.921813786280454,-0.9582012385113305,-0.6762681815111653,-0.8194753490324238
2839,,1.0,-0.5550704787319265,,0.0,-0.9699657162516822,-0.6728738050003071,-0.9857145658569306,-0.7908839394627825,-0.963362928034906
2840,,1.0,0.5638590773457082,,0.0,-0.6046689532135412,-0.5495679046098455,-0.41094257656950656,-0.792594288091764,-0.7082813984394529
2841,,1.0,-0.14499690746590163,,1.0,0.3010199826614959,0.20299736266894775,0.3176743333976293,-0.40540937266173616,0.3677233220286552
2842,,1.0,-0.8436050147402688,,0.0,0.03057911710459655,0.11186952831553491,0.313162576616548,-0.4436707525628507,0.2199547927293229
2843,,1.0,0.14802446802717167,,0.0,-0.5574981587217768,-0.25512853630523397,-0.48496760125222155,-0.7707843623539918,-0.3137776206012371
2844,,1.0,-0.28008933565426947,,0.0,-0.5684597982104063,-0.629149768335502,-0.6418135608103728,-0.7831518043285894,-0.21230580369664764
2845,,1.0,-0.09651328334599575,,0.0,-0.2594595089524295,-0.40780343703188027,-0.3245934794447312,-0.5327104336890988,-0.46652877619754995
2846,,0.0,-0.07129488540736423,,0.0,-0.3856005212257201,-0.2527665199985401,-0.46054970008173723,-0.4596894803574635,-0.3271687737364052
2847,,1.0,0.018325100952246424,,0.0,-0.8558133647183852,-0.948404072435268,-0.6768863738528959,-0.739065413567381,-0.5102199362675899
2848,,1.0,0.8438944945652471,,0.0,-0.49991027455945,-0.7331073751205828,-0.748410816071302,-0.1890947485491571,-0.22478310567105944
2849,,1.0,0.39754645277154926,,0.0,-0.7291567809286998,-1.0354684516026984,-1.0527597276403997,-0.8189295040350701,-0.7596810973741029
2850,,1.0,-0.41657804718699953,,1.0,-0.8475871436557235,-0.6953060216430805,-0.6902732865007655,-1.3293609053286102,-0.8451747988455458
2851,,1.0,-0.22503359220904967,,0.0,-1.3100805989686592,-0.7150677015017578,-1.169079850883766,-0.9481774316150361,-1.2579671927254887
2852,,1.0,0.06217700055980181,,1.0,-0.719631543547932,-0.40202108176260143,-0.7008477938429926,-0.2812555043010327,-0.6583462795073224
2853,,1.0,-0.3117801482672145,,0.0,-0.004198514128115268,-0.29468108451679137,-0.20014055142658557,0.08943979513331855,-0.05701517098329212
2854,,1.0,-0.9191358395667376,,0.0,-0.6859679024670319,-0.6426830322439158,-0.41986236488545137,-0.5630334574029826,-0.41777105374827106
2855,,1.0,-0.20607528579770995,,0.0,-1.305473189771327,-1.0269053248726219,-1.080809066057572,-0.8784603987975658,-1.0378079670489369
2856,,1.0,0.2369137714224522,,0.0,-0.9992229522667362,-0.9922294591170759,-1.0551763818325226,-0.9275809020381987,-1.0730607056707429
2857,,1.0,0.13822792528710695,,0.0,-1.1572468205484407,-0.9911732944169493,-1.079860942721483,-0.850560231168343,-0.8610707934148009
2858,,1.0,-0.11003424363293349,,0.0,-0.21333708979846835,-0.26557012581304423,-0.44342331077776925,-0.10005393762209973,-0.08196523319278293
2859,,1.0,-0.3136905895189713,,0.0,-0.4677370741735095,-0.4993231909109104,-0.6220971412495707,-0.30847586204334765,-0.4750275932640327
2860,,1.0,-0.6173026927365941,,0.0,-1.5383531993901771,-0.9200930334584282,-0.9441589869968924,-1.49994500588969,-1.045294799579872
2861,,1.0,-0.6626208104100466,,0.0,-1.4679218485829792,-1.2140993668830418,-1.474220153353697,-1.1817195268601663,-1.300172675665333
2862,,1.0,-0.1995132901520199,,0.0,-1.0059910188563053,-1.0158626093869578,-0.9253459418625841,-1.2240938958806824,-1.0731399881802974
2863,,1.0,0.0930023479347153,,0.0,-1.3648431045292293,-1.0564417699762458,-1.3922194718105485,-1.4327092123562664,-1.2098775888824407
2864,,1.0,0.359539024686959,,0.0,-1.2154954123714194,-1.0950413371212955,-1.2722311136560456,-1.1733475151015031,-1.215889757198153
2865,,1.0,0.24140246457663686,,0.0,-1.3103810628570178,-1.0653069630656107,-1.139821102886801,-2.0093037373688674,-1.3100461887048602
2866,,1.0,0.20381607592280077,,0.0,-1.2819829117456127,-0.7742488706725661,-0.7814326126370594,-1.0496104825988815,-1.262363583081394
2867,,0.0,0.08626679461845609,,0.0,-0.6256687195050444,-0.4421066466489764,-0.6280569288274671,-0.5189571036388373,-0.6858556997458647
2868,,1.0,0.24242047210833298,,0.0,-1.39081266341554,-1.152640898255272,-1.110510997897849,-1.493053323819454,-1.8688360002549802
2869,,0.0,0.19439701857311661,,0.0,-1.0441639678978731,-0.667346713994357,-0.8430751314195115,-0.9379299326555806,-1.0859780180220402
2870,,0.0,-0.4031049951942846,,0.0,0.23352300210620144,-0.1549338064068958,-0.27090872378609826,-0.16011466993279683,0.07983752712974011
2871,,1.0,0.30486087700999787,,0.0,0.44260976257871965,0.40688449787324865,-0.10623432293775288,0.19575677223738025,0.44681567350963197
2872,,1.0,-0.43668555505632967,,0.0,-0.4669412396923183,-0.4324935870314839,-0.29411266888958504,-0.20852197867556255,-0.040039816590623944
2873,,1.0,-0.10614847528347063,,1.0,-0.033608689561655865,0.02648851315753143,0.1634980486697216,0.30215349144457776,0.2662991435437175
2874,,1.0,-0.4367073365365419,,0.0,-0.17303386768284468,-0.18997097428118653,0.008718271540810122,0.12334534173060831,-0.09723559498398306
2875,,0.0,-0.3932260471114816,,0.0,-0.5449091662313953,0.01428458544872284,-0.2584075628235551,-0.6877239773449083,-0.5032608663324766
2876,,0.0,-1.2842162187671506,,0.0,-0.4373528529644549,-0.2649957408092957,-0.16917462934282348,-0.6491491910298781,-0.28445070840058106
2877,,1.0,0.22555128187133122,,0.0,0.050263779726505406,-0.17854938622582928,0.07014596430136082,-0.23913654457182026,0.4798925364717925
2878,,1.0,0.32537253404812916,,0.0,-1.1362617099693866,-1.2447579979684782,-1.0277477633058298,-1.309864355683376,-0.7056104534835758
2879,,1.0,0.616334096981999,,0.0,-0.4190408755177361,-0.3871479221099878,-0.3460850898162562,-0.036912957385964916,-0.24827371153587902
2880,,1.0,0.8356441990679153,,0.0,-1.4129154420421788,-0.8182212368972923,-1.1128781330860595,0.011527895983735784,-1.1345058119264566
2881,,1.0,-0.5189813563994532,,0.0,-0.2630240119957549,-0.18077337328071982,-0.2842643178392773,-0.2886266877859064,-0.29651830222636616
2882,,1.0,-0.025741323305908115,,0.0,-0.5246085975589625,0.1313134641266254,-0.01332493601118292,0.305042094780853,0.12032275998444694
2883,,1.0,0.45790533431453184,,0.0,-0.4859901771587956,-1.8723380649993762,-0.7305203765493943,-0.7433657343590433,-0.286527728630543
2884,,0.0,0.46250040772609224,,0.0,0.6474185150640243,0.7474109978561407,0.5605913158108601,0.30583180509145447,0.5930678306388873
2885,,0.0,0.13987460561696055,,0.0,-0.8407553493735994,-0.844515273567653,-0.8783532811232123,-0.7592439696316428,-0.7118335569764955
2886,,0.0,0.011184572966715768,,0.0,-0.3733515759106915,-0.7434901311438236,-0.6268438844304334,-0.32605106538758,-0.18857726156687143
2887,,0.0,0.022421352276600144,,1.0,-0.2038735079463619,-0.27402960129368487,-0.3077892323637442,-0.3083148491544681,-0.4087503631247368
2888,,1.0,-0.174110665669238,,1.0,-0.16369695707386214,-0.29336318030161745,-0.48441984349472406,-1.0376231098792275,-0.051497662449911476
2889,,1.0,0.2638233701777115,,0.0,-0.7189869524970957,-0.7754266090096495,-0.6894291018364852,-0.8482107492205279,-0.778609957841043
2890,,0.0,-1.5808448018912231,,1.0,-0.679326854992455,-0.36077021208381505,-0.2619855709161148,-0.4296362045353037,-0.5276823240297935
2891,,0.0,0.22095542566232895,,1.0,-0.206621356787519,-0.11684387814773833,-0.21263973287783647,-0.20926152362619946,-0.14299710268940471
2892,,0.0,0.3007381520715899,,0.0,-0.03400908727417827,-0.29947640171097883,-0.15415327357661787,0.19023304494803733,0.441307668643399
2893,,0.0,0.21554377808647973,,1.0,-0.026410046151873055,-0.06036289784181259,-0.20829632247166954,-0.3247955019508714,-0.15209162411694416
2894,,0.0,-0.37192446520044775,,0.0,-0.23333885722858008,-0.29367160261523906,-0.5337202358161007,-0.4332697085090339,-0.5877186273296103
2895,,0.0,-0.7570628393474157,,1.0,-0.6549358784774717,-0.23884516332795713,-0.33258868625190424,-0.5952783720789014,-0.28875234361726293
2896,,0.0,-0.07422931906546651,,0.0,-0.3517578202305018,-0.5852957161749154,-0.4709008485694763,-0.6032959288904414,-0.5428048745240549
2897,,1.0,0.39655508365643793,,0.0,-0.2735550554298028,-0.2763120417383339,-0.5408613084041424,-0.0037445893601923586,-0.30381879290334757
2898,,1.0,-0.5756915260716886,,1.0,-0.29304384680508866,-0.2643159803512256,-0.2779196635211418,-0.3348209166404997,-0.2276064469038805
2899,,1.0,0.2721339421183386,,0.0,0.4377192403694598,0.4836112663082891,0.023688953373869098,0.42154676960302695,0.5149666386658828
2900,,0.0,0.9519200075772297,,0.0,-1.1565005657278924,-1.0523155938147484,-1.4139052679312074,-0.9308647188045088,-1.5231537298050635
2901,,0.0,0.6807614949188024,,0.0,-0.021363506055573685,-0.4869549668973109,-0.22454198306530632,-0.355047085779436,0.4228223556228822
2902,,0.0,0.1935548040110593,,0.0,-0.1275364725494271,-0.18438474083378736,-0.27146680187639216,-0.32835683037064556,-0.2729862293010735
2903,,0.0,-0.45118123345915095,,0.0,0.8836264276132022,0.8175794371783448,0.6153632740769657,0.9106522054558969,0.6064313669514222
2904,,0.0,-0.6868682112415186,,0.0,-0.8991905747888543,-0.7750422404059063,-0.7326286738601759,-1.169711610049005,-0.7087359099161719
2905,,0.0,-0.5447906182797936,,1.0,0.38827062973256055,0.23211947768258587,0.2713512913282054,0.30972498783191427,0.28286855050988774
2906,,0.0,0.3541240750892482,,0.0,-0.19790020829649024,-0.5694030370250673,-0.16749045267394227,-0.8089531829598438,0.09080228013628446
2907,,1.0,0.1439856286027062,,0.0,0.3918092659965652,0.2501902763462635,0.3646797263867274,0.1838201307480871,0.2194147692678436
2908,,1.0,-0.7127723852234633,,1.0,-1.1382544558683814,-1.130796450717019,-1.1418357535689458,-1.2785492664268827,-1.169404855026201
2909,,0.0,-0.5937257763467793,,1.0,-1.2524695673098094,-1.1615377427280962,-1.1182824316947881,-0.9567379743256237,-1.022313287990915
2910,,1.0,-0.592292745462056,,0.0,0.09283486420953214,-0.056849409647881356,0.22946762022423126,-0.7385486064616724,0.5783930703352447
2911,,0.0,-0.9554712983162662,,1.0,-1.1775717605608642,-1.1014439354797214,-0.9296879907728164,-0.7606581821855652,-1.3263242294393445
2912,,0.0,-0.10948797818292612,,1.0,-0.2777474465297725,-0.2100666046084859,-0.2679334414776901,-0.588556845608101,-0.583778901843332
2913,,1.0,-0.5054504157183005,,0.0,-1.0742320697642953,-0.9111529951825854,-0.9790705516004884,-1.0902857244864008,-0.9185231905378081
2914,,0.0,-0.6519960556826545,,0.0,0.4897553329130876,0.26477872063190416,0.4811537471009592,0.3792860524595219,0.3143076124582262
2915,,0.0,-0.5073972460491203,,1.0,-0.9531468346334305,-1.095019146513776,-0.9697264414542082,-1.0963365086148804,-0.8251624294751997
2916,,1.0,-0.16331072019667917,,0.0,-1.011537123489464,-0.9574896406009491,-0.8039760127876864,-1.0459597148468236,-0.7358212332048494
2917,,1.0,-0.5638369541389593,,1.0,-1.231813019279322,-1.2034333294832584,-1.2367312471761285,-1.239659977730286,-1.3037042636583984
2918,,1.0,-1.051233007581178,,0.0,-1.0895720481791773,-1.4460294363542747,-1.4461866840903188,-1.2658498223682284,-0.8999998612117922
2919,,0.0,-0.47186362571985124,,0.0,0.16550200831832407,0.20199979322858436,0.18288776622533723,0.07663921132323039,0.1122267731957268
2920,,0.0,-0.8145704796506132,,1.0,0.12883040523869033,0.07507316875574127,0.0663398696553988,0.08520639841569747,0.2654663781495202
2921,,0.0,-0.1840583280951034,,1.0,0.2369727233970352,0.13942083146570267,0.3832503449366904,0.30557213139729655,0.21520218880193032
2922,,0.0,0.16412733389406267,,0.0,0.37480312414340117,0.30305455377470586,0.29390777392875955,0.25558869419419084,0.2172199683926142
2923,,0.0,-0.8771368008908917,,0.0,0.5336050589981975,0.5607851648023142,0.1998440065268318,0.15989600426652925,0.5994018036375289
2924,,0.0,-0.7478465085381353,,1.0,-0.27321755022528804,-0.5020913273136602,-0.24852224329696593,-0.49410860349470737,-0.04237763157786563
2925,,0.0,-1.0371592835617893,,1.0,0.8369858883969556,0.9030678127768716,0.8690903641975317,0.7011261648855313,1.0517690414755498
2926,,0.0,-0.5379813742992227,,0.0,-0.1782821051634746,-0.47720758794856233,-0.20800449055691514,-0.12514003125153064,-0.519901855581559
2927,,0.0,-0.9920210769123214,,1.0,-0.9668925197938357,-1.2321268214278338,-0.9172606445594116,-1.1715253006823,-0.8050028966122023
2928,,0.0,-0.7287204380227457,,0.0,-0.3616902143398029,-0.5794564429944324,-0.6073627052560702,-0.5544545286291972,-0.508587932665863
2929,,0.0,-0.9124496235168561,,0.0,0.2192337068355079,0.18265146052769898,0.0376604144843772,0.11598371587218653,0.19448698688823124
2930,,0.0,-0.1752260218176344,,1.0,0.7658340038376225,0.8681269264333706,1.0031190295314931,1.2122100315548756,0.5965354549443733
2931,,0.0,-0.6273266280163813,,1.0,-0.7763550788655902,-0.9424788896590216,-0.8569922899621827,-0.3340529000994731,-0.8971248602224191
2932,,0.0,-0.8593388014862415,,0.0,-0.3260816531791136,-0.20546521607194,-0.4038288221177162,-0.16336362250919742,-0.5168316660550486
2933,,0.0,-0.006887219570238687,,0.0,-0.1937931672165437,-0.14146071416772224,-0.13469100740344284,-0.2454888302103842,-0.2817245458860007
2934,,0.0,-0.788471437170982,,1.0,-0.2772434848446443,-0.21338528956741065,-0.20079599226559555,-0.6015357003316952,-0.4861048191040637
2935,,0.0,-1.049605903585919,,1.0,-0.31443017532585127,-0.18977930758209063,-0.28078359148479315,-0.46724906222885887,-0.16548546534329242
2936,,0.0,-0.035982512579011014,,0.0,0.7174052386932618,0.42330666960476726,0.6924873048504635,0.4411378093859751,0.5480333799130328
2937,,0.0,-0.47738807555644214,,0.0,0.21577985468794886,0.17955082971440167,0.2617493451495682,-0.18881583978636504,0.2658722530126104
2938,,0.0,-0.06818380939754894,,0.0,0.16891821261672094,0.13849895393027048,0.1489192339665821,0.12183854658177148,0.16082442619804582
2939,,0.0,-0.7574476921518911,,1.0,0.5254867978591702,0.5275753785593001,0.521513630053653,0.390598219755931,0.6190328332544703
2940,,0.0,-0.47869399786461725,,0.0,-0.21545358528387232,-0.13529038600741483,-0.3353377023485097,-0.4445619972876249,-0.09977072096516999
2941,,0.0,-0.6207009115449539,,0.0,0.17053556550544158,0.06641656308870114,0.20255204666251608,0.020236767740398107,0.06524733292578709
2942,,0.0,-0.7149200584256035,,0.0,-0.8202051323367809,-1.136921058311694,-0.9414283729861903,-0.88201709511337,-0.8086605516600577
2943,,0.0,-0.010365491906874667,,0.0,-1.0665875963476963,-1.104385334598525,-0.6653630313593674,-1.1695483104166398,-0.8429536250126941
2944,,0.0,-0.6604728317331052,,0.0,-0.19352177124935185,-0.13585071231692947,-0.4834351746108384,-0.5440602527276692,-0.244981048932915
2945,,0.0,-0.9440651088206033,,1.0,-0.0819513615558786,0.0504271778211029,0.000483884526351911,-0.09720017554806247,-0.02313431381155501
2946,,1.0,-0.5565819305322359,,1.0,-0.48725876965464177,-0.4913247450164585,-0.43352526129727376,-0.9495441738438517,-0.49433690653508133
2947,,0.0,0.40879314347431867,,0.0,-0.2812349819781563,-0.42597447284972717,-0.672954831033063,-0.2443549141748627,-0.691458452292214
2948,,0.0,-0.513666171913112,,0.0,-0.8223038604786996,-0.9410844475423388,-0.7607096931956647,-1.045318677867557,-1.0174777534257997
2949,,1.0,-0.2166843291033483,,1.0,-0.6751677350050295,-0.7017208515468693,-0.6179897067422759,-0.7220928129183344,-0.8050032643409253
2950,,0.0,-0.1156780443313115,,0.0,-0.1640448483407365,-0.3814621096353114,-0.30597363503671776,-0.2940547761804165,0.017106515856247145
2951,,0.0,-0.5354787470621324,,0.0,0.5633196772913526,-0.6462846569629057,0.5486407738567984,0.3306875055515267,0.7117651709870346
2952,,0.0,-0.21488502348802066,,0.0,-0.15232528735753592,-0.08259408746551573,-0.11160547091712288,0.045417758616908624,-0.3392625680101552
2953,,0.0,0.08905762354330253,,0.0,0.1496411266170776,0.46329422395616127,0.4571588579738887,0.5430256377809357,0.4876979946205032
2954,,0.0,-0.6238154709001296,,0.0,-0.774433459897659,-1.05739522228256,-0.970180094877081,-0.8256373896099277,-0.9415840696295458
2955,,0.0,-0.9526404466853149,,1.0,0.641674474784405,0.46047131483886167,0.7226157272648847,0.507322526849336,0.5146566019567188
2956,,0.0,-0.046134048575944366,,1.0,-0.37316524130770073,-0.9246306902848871,-0.6988766376651246,-0.6942349249862837,-0.7829975403553029
2957,,0.0,-0.41770768060347785,,1.0,-0.8602701000450805,-0.6728124005062377,-0.6945304749062389,-0.6585186045852808,-0.733195698097468
2958,,0.0,-0.2503002266796356,,0.0,0.4402280709623359,0.49378697212072925,0.2923697097910767,0.26136293420628864,0.21499104421342635
2959,,0.0,0.025719687594678745,,0.0,-0.7631307522197511,-0.8129038229015993,-0.9132810779754892,-0.8594242339842488,-0.6578896773219297
2960,,0.0,-0.3411275783934935,,0.0,-1.1287468974275898,-0.8572805925676312,-0.9934454168624803,-1.166038806068992,-0.8615166027962499
2961,,0.0,-0.020076958175488893,,0.0,0.5732915379823876,0.5463741385695664,0.6488405217938883,0.23951824430697394,0.396052494778098
2962,,0.0,-0.15379218796037525,,0.0,0.4365032250609436,0.22960098629778333,0.3223883156324919,0.49735570473529356,0.30762788208637976
2963,,0.0,-0.6263417696132711,,0.0,-0.20304459899641075,-0.2506375835370644,-0.354695239904435,-0.4167409054371963,0.025320686359765962
2964,,1.0,-0.8496039862548452,,0.0,-0.9614147505651027,-0.7960886336137926,-0.6170874422988536,-0.7607844655995254,-0.7264816703838487
2965,,0.0,0.06324755272833577,,0.0,0.06136106792163632,0.008696610355328864,-0.00031016028984889415,0.0521402490150758,0.06491462427823456
2966,,0.0,-1.4111137349937122,,0.0,-0.21113638852306002,-0.03302343981693951,-0.03297491280185269,-0.16947095906482837,-0.03359563591261495
2967,,0.0,-0.7546093891873514,,1.0,-0.5397565986410902,-0.20805196979592408,-0.5115344629437959,-0.09783782882592276,-0.45453635332839715
2968,,0.0,-0.6526895263147222,,0.0,-0.4182695126790353,-0.3115386160269567,-0.20158884187392245,-0.14699796954679722,-0.02379152589892771
2969,,0.0,-0.6427558842613468,,0.0,0.19910553221866645,0.14360676389679317,0.12227660172134486,0.17357882940030753,0.264750273989446
2970,,0.0,0.8277210669449304,,1.0,0.7357208275288671,0.7427672319909978,0.8109263161355172,0.8693054170515122,0.60243337058029
2971,,0.0,-0.7648924161433633,,1.0,0.5980615690242505,0.4426581088775676,0.5280443520132853,0.057629216340377654,0.5473352137205283
2972,,1.0,-0.8780355229041301,,1.0,0.10369538090230954,0.11348625736947932,0.08192719709523527,-0.22421791449968717,0.22039972327098126
2973,,0.0,-1.1553666359842474,,1.0,-0.052935314242864615,0.06624842133471835,-0.31626650417929714,0.07987418381577473,-0.21116489873643315
2974,,1.0,-0.8670350761579741,,1.0,0.5839200078121451,0.3633813532889495,0.6967617474872593,0.40257127458087805,0.5702449431215797
2975,,0.0,-0.9975102014875648,,1.0,0.23838084683077734,0.02694616967385977,0.18674345018172284,0.32485982288811405,0.04934244309149361
2976,,0.0,0.18063228864767134,,1.0,-1.0212731931490655,-0.8752242055579861,-0.9615111961312746,-0.9500421244004226,-0.8522032741107496
2977,,0.0,-0.45231798872192075,,1.0,-0.08838761646345257,-0.23344162153079137,-0.17377062104459529,0.28842434710066583,-0.11166942885793933
2978,,0.0,-0.7691625880443361,,1.0,-0.614186397060302,-0.5323402984968517,-0.5682321509033007,-0.707604700049619,-0.6313868373275726
2979,,1.0,0.6627666841537772,,1.0,0.7883417799906404,0.5045067788658197,0.5584598483648254,0.7360826717645689,0.727740158068169
2980,,0.0,0.5173182465486325,,1.0,-0.7185266860289543,-0.6488690077511293,-0.5962342769235273,-0.4853609754006175,-0.8698791468838113
2981,,0.0,-0.6815720465389454,,1.0,-1.2292308496683277,-1.4352035195877877,-1.438484793077351,-1.3754715678642686,-1.2749594174560424
2982,,0.0,-0.7211053474546173,,1.0,0.07441985219935598,0.18654088971277816,0.22829741365898676,0.3713940671244059,0.22635427625373714
2983,,0.0,-0.9377104923171622,,1.0,-0.48325516441767924,-0.21354262459021914,-0.40007962640020267,-0.4123338437765527,-0.7189272379285992
2984,,0.0,-0.5779166408185461,,1.0,0.18512727818953942,-0.025153898489862225,-0.289988160723596,0.22117252283908892,0.12322755154581456
2985,,0.0,-0.6170696306307699,,1.0,0.11107500674407664,0.08740067492608344,-0.0460219300349823,-0.02317721352196628,-0.05097696548279458
2986,,0.0,-1.067461210112764,,1.0,-0.5820518244754339,-0.5891744621043701,-0.8548165107806809,-0.7880850100587372,-0.8511681612575188
2987,,0.0,0.036599367095425064,,1.0,-1.0425378123389737,-0.883886753884594,-0.9630017754161652,-0.9145966259161901,-1.0114577060846903
2988,,0.0,0.6894667413826305,,1.0,0.668314356065912,0.5719507070783809,0.5002090147800301,0.24194077657979818,0.5008448141023681
2989,,0.0,-1.0979832358971602,,1.0,0.9219454495271809,0.8729863160197336,0.8524947339001712,0.9785741376806281,0.8583275192227583
2990,,0.0,0.3039547463115864,,1.0,0.5507884281421777,0.7968250038640673,0.684597917237674,0.8150630147351263,0.6953916342645889
2991,,0.0,-0.7615924913218717,,1.0,-1.3876405845893613,-1.1672831053174761,-1.398241990844823,-1.2115873383103009,-1.2137367694729297
2992,,0.0,1.033407563617846,,0.0,-0.9233014932952157,-0.8037552684981234,-0.8516838479756108,-0.7999478990122512,-0.556362225406177
2993,,0.0,-0.3605952356345993,,1.0,-1.5790007127321992,-0.9618165294174743,-1.4749674138887132,-1.0264389893097576,-0.9117372392638361
2994,,0.0,0.9129707577931466,,0.0,0.591699491993048,0.2518650132838084,0.34324966446428157,0.4554678887903607,0.5909829368209337
2995,,0.0,-0.01956216504279299,,0.0,-0.2595821771415905,-0.6360293747472759,-0.511596334185837,-0.7824662751331908,-0.790947732166321
2996,,0.0,0.5246059760233236,,1.0,0.19690408478195603,-0.02166094423911377,-0.06579801540997099,-0.003227563722117907,0.22722561756898954
2997,,0.0,-0.32509853762561586,,1.0,-0.6884148268798441,-0.586404912088986,-0.7944108236474223,-1.0394508141895433,-0.6570182431369712
2998,,1.0,0.1966986991519372,,0.0,-0.46564211140376105,-0.3759401860189216,-0.5689817157462762,-0.4638552681576584,-0.44346444602430385
2999,,0.0,0.2604930937653325,,1.0,-0.7025930958658076,-0.8332849504429874,-0.8448834238839681,-0.6953806773072279,-0.9107005585756753
3000,,0.0,-0.18705242686029114,,1.0,-0.5966747812296779,-0.37354533649386257,-0.5237731224490129,-0.5917262114837705,-0.6817296209050849
3001,,0.0,-0.8613966029115152,,1.0,-0.6525002460833306,-0.8059269317330588,-0.7903486622050604,-0.6791597189340184,-0.7764735903075749
3002,,0.0,-0.9594723470528075,,1.0,-0.6627360349183641,-0.7953979839312973,-0.733179802992674,-0.3669157353612453,-0.6430361494551221
3003,,1.0,-0.8028649483283214,,1.0,-0.8207279770460866,-1.0998798096006526,-0.7740660341358614,-0.41287920445885823,-0.4020693739524936
3004,,0.0,-0.5317926340348261,,1.0,-0.6673841796434812,-0.5754179429512564,-0.537896635738249,-0.39578677575773136,-0.5319698102927084
3005,,1.0,-0.8775252489844758,,1.0,-0.1842154663106071,-0.14548110985568394,0.052819449712955345,-0.27699317082420577,-0.10409005799958958
3006,,0.0,-0.8274529560093247,,0.0,-1.3576841156784873,-0.9634998063640339,-1.0130622658858792,-1.3795862242605306,-1.3559220567444037
3007,,1.0,-0.42164878088785224,,1.0,-0.8394173732582967,-0.9758899773811827,-0.6849752864785338,-0.8176572088142745,-0.7686989466758237
3008,,0.0,-0.28064536068667356,,1.0,-0.7629179079468459,-0.4806177520399065,-0.6467523707919343,-0.48588679340236446,-0.8085787567992004
3009,,0.0,0.42808726390668417,,1.0,-0.4714961578499039,-0.17287315425836966,-0.0004090196920179299,-0.8315514590150188,-0.3777984977034969
3010,,0.0,0.03438007420038923,,0.0,-0.9578104202902435,-0.9538798123747352,-1.0755478693974911,-1.1197051180123754,-0.9001630650710205
3011,,0.0,-0.44587060438972353,,1.0,0.33289409723626,0.30729016534601855,0.28393696333553725,0.29026147294923493,0.32380563131980833
3012,,0.0,-0.6035086105422421,,1.0,0.2170436947521674,0.05963141451008032,0.11289773578989779,0.215500240214467,0.09290970510810301
3013,,0.0,0.7784334031245608,,1.0,-0.2977914336047529,-0.4446347495015078,-0.3795027596245273,0.012930673877578234,-0.5750737394877431
3014,,0.0,0.1940397608760206,,0.0,-0.8252383237843065,-1.0847767884864707,-0.9404023704714268,-1.019020520415333,-0.9239886725343066
3015,,0.0,0.24329312462474742,,1.0,-0.22512601896685622,-0.5012094641082224,-0.3585297133317394,-0.6344490029164499,-0.41591491257762936
3016,,0.0,-0.15248124677976857,,1.0,-0.7464536705502913,-1.108280493822137,-0.7819958690665758,-0.6660868773165008,-0.9269934900085373
3017,,0.0,-1.2061532078220811,,1.0,0.89078564379689,0.2647146058375492,0.9531714200803866,1.1259226576183778,0.8656718459271019
3018,,0.0,0.3433906236205494,,1.0,-0.5716846906284506,-1.0647896308342553,-0.6389066523567214,-0.6564040744414822,-0.5731557357966761
3019,,0.0,-0.7138309546944398,,1.0,-1.0443363739137972,-0.8163022918376784,-0.07712097843743224,-0.8756410587225513,-1.1832026694413762
3020,,0.0,-1.061909863053968,,1.0,-0.8634643529942418,-0.39810552522666376,-0.6061993372071861,-0.6009400818977273,-0.9399354816120492
3021,,0.0,-0.3213935347889477,,1.0,-0.7437763964693366,-0.7436386753806821,-0.7107644506068342,-0.5893723837731533,-1.0192415009359115
3022,,0.0,-0.6063316375081013,,1.0,-0.8442285671790227,-0.3372585495225167,-0.5090813660321536,-0.6392961062819692,-0.8703001272465095
3023,,0.0,-0.6501221823259636,,1.0,0.003577392705042139,-0.2892554191113295,-0.10099681367218921,0.2393633728216185,-0.18403844389306243
3024,,1.0,-0.7121930747151782,,1.0,-0.8208491761663638,-1.2095668492125728,-1.008257611091786,-1.0134428751267712,-0.9690566487086345
3025,,1.0,-0.7742718040621483,,1.0,0.6360080744235279,0.568077370978535,0.39246886044175544,0.734843668958221,0.41552371348080946
3026,,1.0,-1.114302887572278,,1.0,0.04005559483530389,-0.015067729913164548,-0.009564555603365764,0.0741335461935153,0.1692211303754065
3027,,1.0,-1.0607537468048962,,1.0,-0.15322920560083045,-0.02005393502523957,0.06861422939366045,-0.10147055589508996,-0.014711865284229448
3028,,0.0,-0.25019509941725515,,1.0,-0.9735260839646853,-0.9670910246119857,-1.0690943612497075,-1.0816541063135947,-0.8792584468756829
3029,,1.0,0.27315475909410214,,0.0,-0.7611641104524863,-0.9473596221081633,-0.8013402051783137,-0.7581106868953036,-0.7788386951621706
3030,,0.0,-0.7258113726333869,,1.0,-0.9641123221535604,-0.4554458291308163,-0.6291711507073908,-0.7478957246370664,-0.5824085923116786
3031,,0.0,-0.26928541968031955,,1.0,-0.4803490315915098,-0.4605466054796515,-0.39573350099432913,-0.7384872495322307,-0.4099178626823587
3032,,0.0,-0.22541020545562865,,1.0,-0.6452081704495229,-1.2055817785694551,-0.7133696979421187,-0.6814770705032535,-0.4504410531860759
3033,,1.0,-0.7273702592966185,,1.0,-0.4321416260387766,-0.49815280415413565,-0.524741851759481,-1.0783114520966628,-0.5381191943776497
3034,,1.0,0.1220963124960767,,1.0,-0.7117667020442321,-0.9203661581014136,-0.7468070758957271,-0.9517635463100579,-0.8638389620473496
3035,,1.0,-0.4608526696387339,,1.0,-0.8084662699828365,-1.06336501110896,-0.758844382549055,-0.6664026098213841,-0.5439762928840715
3036,,1.0,0.15625337475572698,,1.0,0.13350653291542472,0.09615918374547461,0.1360810813329952,-0.1640399461015749,0.03927922602618824
3037,,0.0,0.35369457863387516,,0.0,-0.2905282365760825,-0.12779099338650424,-0.4412730282644002,-0.2421812323480939,-0.28460064275796176
3038,,0.0,-0.9305590743996409,,1.0,-0.3722295189923483,-0.3823426820692061,-0.6702925010686606,-0.6279030059996271,-0.5779966068627989
3039,,1.0,-0.7052011557634494,,1.0,-0.9679125841484985,-0.8972554657224706,-1.1436873314220275,-0.9144508034171297,-0.8148140679544793
3040,,0.0,-0.8022203156977159,,0.0,-0.6480205654503163,-0.7298143483730537,-0.6820926152710747,-0.6299944053437933,-0.6794727527442301
3041,,0.0,0.30316634502779394,,1.0,-0.9141660041757846,-1.118484457389957,-0.9734327403562917,-1.3631935037495178,-0.9402968275786435
3042,,0.0,-0.5002658367101387,,1.0,-1.8854344108850196,-1.2968454490298909,-1.944415111288673,-1.8869908247044032,-1.8381057814501245
3043,,0.0,-0.3238601479259335,,1.0,-1.2973813919758452,-0.9796889588039658,-1.432859876840446,-0.9916146748362672,-0.8053579336061358
3044,,1.0,-0.17285689503358664,,1.0,-0.8983449527320777,-0.770731859386314,-0.48361706664939663,-1.0662446652554118,-0.6199729707339238
3045,,0.0,-0.8197450510920448,,1.0,-0.978317218208302,-1.09913856199603,-1.322948789711637,-1.0393716454159194,-0.7559170787930217
3046,,0.0,-1.3891572811528612,,1.0,-0.857456406186024,-0.7104241631752417,-0.7806233489355849,-0.8005495881850292,-0.5875359365085475
3047,,1.0,-0.6563872746781648,,1.0,1.1571040211286534,1.0645804848500464,1.2789793023245384,0.7871781185949002,1.0617100421212464
3048,,0.0,-1.194155391454397,,1.0,-2.355315265552763,-1.1571337906357244,-2.033507093029911,-1.7885184991229868,-1.779620033992328
3049,,0.0,-0.4983842123449337,,1.0,-0.740214479024594,-0.3872034738542752,-0.5226359678514889,-0.5784419643463681,-0.6657753276771626
3050,,0.0,-0.26456749415939684,,1.0,-1.0381154033270252,-0.02076307283627043,-0.835960519632703,-1.0908444155026242,-0.9552347725235795
3051,,0.0,-0.5540379351821263,,1.0,-0.4891989557306253,-0.013090584465534771,-0.596017355933674,-0.9234265190231656,-0.612491752614657
3052,,0.0,-0.67406884789765,,1.0,-1.1734147256208747,-0.9219182614027546,-1.1641680722230767,-1.2841410768532076,-1.2915968131779625
3053,,0.0,0.5966201751537807,,1.0,-2.0101812540845034,-1.1602383619211334,-1.8020865421301633,-1.3162383606177614,-1.8847578989884703
3054,,0.0,-0.3137776206012371,,1.0,-0.44906672098144956,-0.6163729392302056,-0.5291185333219183,-0.4667383033501392,-0.4176786676601484
3055,,0.0,-0.3271687737364052,,0.0,-0.31531382852439,-0.1132848145413883,-0.13964968385771642,-0.3002688167775526,-0.12649247211438058
3056,,0.0,-0.5102199362675899,,1.0,-0.6592991673871387,-0.24634607778949502,-0.297378627747884,-0.4061666664619388,-0.2386009192391306
3057,,0.0,-0.7596810973741029,,1.0,-1.265385875398214,-1.3190597765038452,-1.2468503740627577,-1.1949590518659219,-0.9603285742980163
3058,,0.0,-0.6583462795073224,,1.0,-0.7157517996231081,-0.959056269757956,-0.9541484161746244,-0.7917891991929247,-0.8210907420386849
3059,,0.0,-0.41777105374827106,,1.0,0.0067498131513860195,-0.02048955608401838,-0.19636022910062928,-0.45532251541466223,0.22997399874917504
3060,,0.0,-1.045294799579872,,1.0,-0.6135159995156665,-0.6200915093022764,-0.7688461625311235,-0.5096454736525496,-0.8414003063725177
3061,,0.0,-1.262363583081394,,1.0,-0.30075906206275727,-0.6039854898599315,-0.730376622850597,-0.5297008521927513,-0.6965487849654728
3062,,0.0,-0.24827371153587902,,1.0,-0.2264313936519237,-0.8967787651551473,-0.7724727026899524,-0.1818598876392296,-0.08602948422255825
3063,,0.0,-1.1345058119264566,,1.0,0.32194388525640966,0.24140305834124745,0.35557365416012704,0.3866252503612419,0.2163384475033136
3064,,0.0,0.12032275998444694,,1.0,-1.2873432088382097,-0.7890998487173515,-0.8357673403467768,-0.7495356429634502,-0.9790976405747752
3065,,0.0,-0.7118335569764955,,0.0,0.002775694467500458,-0.2896165114812004,-0.09433610176554,0.09732607879842728,0.10472316179199154
3066,,0.0,-0.18857726156687143,,0.0,0.11019096891586418,-0.06028808942076544,0.0018474079317503493,-0.16509398580997708,-0.002476704426290873
3067,,0.0,-0.5276823240297935,,0.0,0.25517746145201214,0.2741435057248073,0.2371081676475672,0.19313975971666272,0.2575349683872498
3068,,0.0,0.441307668643399,,0.0,-0.19398219846477952,0.047789748228324304,0.08823155670125583,0.09003359765886053,0.10679544754314269
3069,,0.0,-0.5877186273296103,,0.0,0.6661040716434904,0.7820763628467168,0.5581101467845855,0.7368257954330211,0.8346641691864642
3070,,0.0,0.28286855050988774,,0.0,0.1127333015667607,0.042197955621349065,0.13050737245921,-0.004507609843610688,0.33808681509308774
3071,,0.0,0.5783930703352447,,1.0,0.8551525854126181,-0.7888464221584227,0.7502459919897191,0.8584630424918988,0.6775200846324579
3072,,1.0,-0.508587932665863,,0.0,-0.14389151744336706,-0.35490165334140167,-0.11553866638181824,0.025744962218494358,0.12804956760704156
3073,,0.0,-0.5168316660550486,,0.0,-1.5446258201579781,-0.9379024186778646,-1.5600078661876138,-1.3822980124880078,-1.5398805696584599
3074,,1.0,-0.16548546534329242,,0.0,-0.5296512610150376,-0.454006783669001,-0.6265333187329557,-0.2926604997103816,-0.44916830116840495
3075,,1.0,-0.09977072096516999,,0.0,-1.087936000744274,-1.0420502558847367,-1.2781698584012289,-1.0403237344392706,-0.8996324065459932
3076,,1.0,0.7117651709870346,,0.0,-0.5847241156751777,-0.7395749459851656,-0.6893969593367697,-0.4729131136826361,-0.80313373441619
3077,,1.0,0.5146566019567188,,0.0,-0.2152437975652815,-0.2038116206903984,-0.2318778670646306,0.016054353905056207,-0.17273450853221073
3078,,1.0,-0.7829975403553029,,0.0,-0.008970538875410711,-0.3134631416227192,0.16817496118353484,0.10204990184451322,-0.18311563291677443
3079,,1.0,-0.733195698097468,,0.0,-0.4243034729269555,-0.4317853864875975,-0.3844703673403272,-0.35987263069981584,-0.14509019594685107
3080,,1.0,0.396052494778098,,0.0,-0.7479592733147911,-0.47320283145165504,-1.0322339739884194,-0.7512932405240593,-0.8328822921896356
3081,,1.0,0.30762788208637976,,0.0,-0.3381720642100491,-0.25696160302649756,-0.09066173987616435,-0.08077410744888966,-0.08782200832928062
3082,,1.0,-0.21116489873643315,,0.0,-0.7338721600209125,-0.858911315003207,-0.9315551996954754,-0.7661497518531244,-0.7513072917051762
3083,,0.0,0.04934244309149361,,0.0,-0.6675519105056971,-0.453625514807685,-0.3534432884953314,-0.8612167246865666,-0.39591605469645763
3084,,1.0,-0.8522032741107496,,0.0,-1.1360393042334263,-1.0222611805608521,-1.2901684423051916,-1.6896188504256382,-1.2459899853913725
3085,,1.0,-0.6313868373275726,,0.0,-0.48365011722453094,-0.362972492307098,-0.3032195094717029,-0.5933514234982892,-0.5882689613054221
3086,,1.0,0.12322755154581456,,0.0,-0.5805116095214092,-0.7065690313395965,-0.8405995624642436,-0.5583771161740241,-0.7020101625782911
3087,,1.0,0.5008448141023681,,0.0,-0.10905380323457088,-0.40375791083809914,-0.36548720352375,-0.23119459888301766,-0.099298900104956
3088,,1.0,0.6953916342645889,,0.0,-0.8284884971425956,-0.7814369622751266,-0.8885563153553389,-0.766106410590349,-0.6477800733368105
3089,,1.0,0.5909829368209337,,0.0,-0.13595567969408884,-0.16105106831241117,-0.31664624384626106,0.052145038747602346,-0.271420724488789
3090,,1.0,-0.44346444602430385,,1.0,-0.7008569172800861,-1.1842846496881339,-0.7127767795707334,-1.3513331299594318,-1.056352291244391
3091,,0.0,-0.9107005585756753,,0.0,1.1672383782893188,0.928751771738186,0.8289486585197386,0.8606752070653875,1.048118509229732
3092,,1.0,-0.4020693739524936,,1.0,-0.36532651791919973,-0.4319277913888748,-0.9118594602890675,-0.5056656897696564,-0.6179978523887788
3093,,1.0,-0.5319698102927084,,0.0,-0.6825476818605589,-0.5596219941328768,-0.5578435291298063,-0.8083724048214794,-0.6483529919294906
3094,,1.0,-0.9239886725343066,,0.0,-0.79345249669812,-0.9444150502769246,-0.9983911955573014,-0.7646399761098921,-0.6586506903525322
3095,,1.0,-0.18403844389306243,,0.0,-1.3626446283948666,-1.1389863187005693,-1.2337321771061116,-1.5357031012151263,-0.9999895122030215
3096,,1.0,0.03927922602618824,,1.0,-0.7432725009026685,-0.8056305727308096,-0.915895240444554,-0.866373343554106,-0.9642417068134379
3097,,1.0,-0.8148140679544793,,1.0,-0.11645789862640653,-0.1242938187318041,-0.25163924221933337,-0.25158173254728056,0.11209157264972135
3098,,1.0,-1.8381057814501245,,0.0,-0.4034823437117014,-0.2154319245057557,-0.1246119670340376,-0.6667442434417759,-0.5163571241811247
3099,,1.0,-1.779620033992328,,0.0,-0.7438514280822952,-0.9045370369680499,-0.9750322678792509,-0.937629116374454,-0.87810780644253
3100,,1.0,-0.6657753276771626,,0.0,-0.748572948621641,-0.9227787625492821,-0.853526092714791,-0.827192863726724,-0.6271899557652552
3101,,1.0,-0.9552347725235795,,0.0,-1.277178299405412,-1.0738398205234407,-1.1020300167627533,-0.861326805203842,-0.8314830755812848
3102,,1.0,-1.2915968131779625,,0.0,0.6925146363503094,0.7073756393929066,0.8139063130548287,0.6809232404702837,0.6484490511445884
3103,,1.0,-0.2386009192391306,,0.0,0.6949191969436169,0.8760962098310546,0.8952265439879428,0.7917751269742198,0.7999999351000183
3104,,1.0,-0.08602948422255825,,0.0,-0.20409215725973628,-0.465519039856727,-0.25182126223554635,-0.4041010223706039,-0.04029707795585644
3105,,1.0,0.2575349683872498,,0.0,-0.06514458316747355,0.10193588620150963,-0.2130510039040843,-0.0143816485843312,-0.01069614411416358
3106,,1.0,0.12804956760704156,,1.0,-0.4323874235432315,-0.6877184473058682,-0.603690746442058,-0.6973144402060649,-0.652720198082438
3107,,1.0,-0.80313373441619,,1.0,-1.033814630048859,-1.0834089229714032,-0.9684470862378981,-0.5841873657620801,-1.125107946929865
3108,,1.0,-0.17273450853221073,,1.0,-1.122738205128938,-0.16875275945286017,-0.3405032778726882,-0.11034214253622858,-0.21411491986634365
3109,,1.0,-0.7513072917051762,,1.0,-0.2344701883832544,-0.5230563990383316,-0.6131639402449575,-0.7696127836126441,-0.1380284688262399
3110,,1.0,-0.5882689613054221,,1.0,-0.27158735664199174,0.06530743261139575,-0.3331415120905556,-0.3411495218170713,-0.24340361927200996
3111,,1.0,-0.099298900104956,,1.0,-0.7445863330749461,-0.9146608586145062,-1.0055127638478982,-0.5234150971145657,-0.7844724686428094
3112,,0.0,-0.271420724488789,,1.0,0.462542189733179,0.5101437786424917,0.1809497161736127,0.20982450220175403,0.4651556522045276
3113,,0.0,0.11209157264972135,,1.0,0.031753731956501635,0.13779123525826883,0.009562279425191467,0.1873334741716659,0.2560623195653517
3114,,1.0,-0.8314830755812848,,1.0,0.13917452586753523,0.3893342898053397,0.4504398187098454,0.5332994409252154,0.6207177789958855
3115,,1.0,-0.1380284688262399,,1.0,-0.13445123172562687,-0.33330324510977943,-0.19759346972253936,-0.4231322399638881,-0.1859475650594231
3116,,0.0,-0.7844724686428094,,1.0,-0.5009501989091331,-0.38488559688112534,-0.6148461594234162,-0.6615441457798975,-0.736408732575895
