level_0,index,NO.,Name,SMILES,logBB,Class,MW,nHBAcc,nHBDon,SLogP,TopoPSA
1,1,2,moxalactam,COC1(NC(=O)C(C(=O)O)c2ccc(O)cc2)C(=O)N2C(C(=O)O)=C(CSc3nnnn3C)COC21,-2.52,-1,520.1,11,4,-1.13,206.3
4,4,5,schembl614298,CN1CC[C@]23c4c5ccc(OC6O[C@H](C(=O)O)[C@@H](O)[C@H](O)[C@H]6O)c4O[C@H]2[C@@H](O)C=C[C@H]3[C@H]1C5,-2.15,-1,461.17,9,5,-1.24,149.15
6,6,7,morphine-6-glucuronide,CN1CC[C@]23c4c5ccc(O)c4O[C@H]2[C@@H](OC2O[C@H](C(=O)O)[C@@H](O)[C@H](O)[C@H]2O)C=C[C@H]3[C@H]1C5,-2.09,-1,461.17,9,5,-0.89,149.15
8,8,9,"l-701,324",O=c1[nH]c2cc(Cl)ccc2c(O)c1-c1cccc(Oc2ccccc2)c1,-2.03,-1,363.07,3,2,5.35,62.32
9,9,10,33419-42-0,COc1cc(C2c3cc4c(cc3C(OC3OC5COC(C)OC5C(O)C3O)C3COC(=O)C23)OCO4)cc(OC)c1O,-2.0,-1,588.18,13,3,1.34,160.83
13,13,14,"disodium;(6r,7s)-7-[[4-(2-amino-1-carboxylato-2-oxoethylidene)-1,3-dithietane-2-carbonyl]amino]-7-methoxy-3-[(1-methyltetrazol-5-yl)sulfanylmethyl]-8-oxo-5-thia-1-azabicyclo[4.2.0]oct-2-ene-2-carboxylate",COC1(NC(=O)C2SC(=C(C(N)=O)C(=O)O)S2)C(=O)N2C(C(=O)O)=C(CSc3nnnn3C)CSC21,-1.89,-1,575.0,13,4,-1.4,219.93
18,18,19,ritonavir,CC(C)c1nc(CN(C)C(=O)N[C@@H](C)C(=O)C[C@@H](Cc2ccccc2)C[C@H](O)[C@H](Cc2ccccc2)NC(=O)OCc2cncs2)cs1,-1.82,-1,691.29,9,3,6.36,133.75
22,22,23,raloxifene,O=C(c1ccc(OCCN2CCCCC2)cc1)c1c(-c2ccc(O)cc2)sc2cc(O)ccc12,-1.81,-1,473.17,6,2,6.08,70.0
26,26,27,sucrose,OC[C@H]1O[C@H](O[C@]2(CO)O[C@H](CO)[C@@H](O)[C@@H]2O)[C@H](O)[C@@H](O)[C@@H]1O,-1.7,-1,342.12,11,8,-5.4,189.53
29,29,30,d-mannitol,OC[C@@H](O)[C@@H](O)[C@H](O)[C@H](O)CO,-1.6,-1,182.08,6,6,-3.59,121.38
33,33,34,l4,CC(=O)NC1C(O)OC(COS(=O)(=O)O)C(OC2OC(COS(=O)(=O)O)C(O)C(O)C2O)C1O,-1.54,-1,543.06,15,8,-5.6,285.14
40,40,41,amethopterin,CN(Cc1cnc2nc(N)nc(N)c2n1)c1ccc(C(=O)NC(CCC(=O)O)C(=O)O)cc1,-1.52,-1,454.17,10,5,0.27,210.54
41,41,42,rifampicin,CO[C@H]1/C=C/O[C@@]2(C)Oc3c(C)c(O)c4c(O)c(c(/C=N/N5CCN(C)CC5)c(O)c4c3C2=O)NC(=O)C/C(C)=C\C=C\[C@@H](C)C(O)[C@@H](C)[C@H](O)[C@H](C)[C@H](OC(C)=O)[C@@H]1C,-1.52,-1,836.42,15,6,4.73,220.15
46,46,47,.alpha.-d-ddc,Nc1ccn([C@@H]2CC[C@@H](CO)O2)c(=O)n1,-1.5,-1,211.1,5,2,-0.5,90.37
47,47,48,"mdl 63,246",CN[C@H]1C(=O)N[C@@H]2Cc3ccc(cc3)Oc3cc4cc(c3O[C@@H]3O[C@H](CO)[C@@H](O)[C@H](O)[C@H]3NC(=O)CCCCCCCCC(C)C)Oc3ccc(cc3Cl)[C@@H](O)[C@@H]3NC(=O)[C@H](NC(=O)[C@@H]4NC(=O)[C@@H](NC2=O)c2cc(cc(O)c2Cl)Oc2cc1ccc2O)c1ccc(O)c(c1)-c1c(O[C@H]2O[C@H](CO)[C@@H](O)[C@H](O)[C@@H]2O)cc(O)cc1[C@@H](C(=O)NCCCN(C)C)NC3=O,-1.48,-1,1800.63,29,21,4.08,555.44
53,53,54,biosone,CC1(C(=O)O)CCC2(C)CCC3(C)C(=CC(=O)C4C5(C)CCC(O)C(C)(C)C5CCC43C)C2C1,-1.4,-1,470.34,3,2,6.41,74.6
61,61,62,,CCOc1ccc(C(=O)c2cccc3ccccc23)c2ccccc12,-1.39,-1,326.13,2,0,5.62,26.3
64,64,65,atorvastatin,CC(C)c1c(C(=O)Nc2ccccc2)c(-c2ccccc2)c(-c2ccc(F)cc2)n1CC[C@@H](O)C[C@@H](O)CC(=O)O,-1.36,-1,558.25,4,4,6.31,111.79
68,68,69,didanosine,O=c1[nH]cnc2c1ncn2C1CCC(CO)O1,-1.3,-1,236.09,5,2,-0.21,93.03
96,96,97,digoxin,C[C@H]1O[C@@H](O[C@H]2[C@@H](O)C[C@H](O[C@H]3[C@@H](O)C[C@H](O[C@H]4CC[C@]5(C)[C@H]6C[C@@H](O)[C@]7(C)C(C8=CC(=O)OC8)CC[C@]7(O)[C@@H]6CC[C@@H]5C4)O[C@@H]3C)O[C@@H]2C)C[C@H](O)[C@@H]1O,-1.23,-1,780.43,14,6,2.22,203.06
98,98,99,ftc; emtricitabine,Nc1nc(=O)n([C@@H]2CS[C@H](CO)O2)cc1F,-1.22,-1,247.04,6,2,-0.46,90.37
106,106,107,chembl1950329,CCOc1ccc(Cc2nc3cc(N(C)S(=O)(=O)c4cccs4)ccc3n2CC2CCCCC2)nc1,-1.15,-1,524.19,6,0,5.89,77.32
108,108,109,miltefosine,CCCCCCCCCCCCCCCCOP(=O)(O)OCC[N+](C)(C)C,-1.14,-1,408.32,3,1,6.31,55.76
121,121,122,amiodarone,CCCCc1oc2ccccc2c1C(=O)c1cc(I)c(OCCN(CC)CC)c(I)c1,-1.08,-1,645.02,4,0,6.94,42.68
125,125,126,vincristine,CCC1(O)CC2CN(CCc3c([nH]c4ccccc34)C(C(=O)OC)(c3cc4c(cc3OC)N(C=O)C3C(O)(C(=O)OC)C(OC(C)=O)C5(CC)C=CCN6CCC43C65)C2)C1,-1.03,-1,824.4,12,3,3.52,171.17
128,128,129,fexofenadine (allegra),CC(C)(C(=O)O)c1ccc(C(O)CCCN2CCC(C(O)(c3ccccc3)c3ccccc3)CC2)cc1,-1.0,1,501.29,4,3,5.51,81.0
130,130,131,ivermectin,CCC(C)C1OC2(CCC1C)CC1CC(CC=C(C)C(OC3CC(OC)C(OC4CC(OC)C(O)C(C)O4)C(C)O3)C(C)C=CC=C3COC4C(O)C(C)=CC(C(=O)O1)C34O)O2,-1.0,1,874.51,14,3,5.6,170.06
131,131,132,chembl68445,CCC(NC(=O)c1c(OCC(=O)O)c(-c2ccccc2)nc2ccccc12)c1ccccc1,-1.0,1,440.17,4,2,5.25,88.52
146,146,147,"takle-2; l-779,450",Oc1cc(-c2nc(-c3ccccc3)[nH]c2-c2ccncc2)ccc1Cl,-1.0,1,347.08,3,2,5.16,61.8
153,153,154,chembl243790,CCS(=O)(=O)c1ccc(-c2ccc3cc(O)ccc3c2Oc2ccc(OCCN3CCCCC3)cc2)cc1,-0.92,1,531.21,6,1,6.66,76.07
158,158,159,161105-56-2,COc1ccc(C(C)(C)O)cc1CNC1C2CCN(CC2)C1C(c1ccccc1)c1ccccc1,-0.89,1,470.29,4,2,5.31,44.73
165,165,166,alovudine,Cc1cn([C@H]2C[C@H](F)[C@@H](CO)O2)c(=O)[nH]c1=O,-0.85,1,244.09,4,2,-0.54,84.32
167,167,168,nsc169534,COc1cccc2c1C(=O)c1c(O)c3c(c(O)c1C2=O)CC(O)(C(=O)CO)CC3OC1CC(N)C(O)C(C)O1,-0.83,1,543.17,12,6,0.0,206.07
170,170,171,ly2066948,CS(=O)(=O)c1ccc(-c2ccc3cc(O)ccc3c2Oc2ccc(OCCN3CCCCC3)cc2)cc1,-0.81,1,517.19,6,1,6.27,76.07
172,172,173,aciclovir,Nc1nc(=O)c2ncn(COCCO)c2[nH]1,-0.8,1,225.09,6,3,-1.33,119.05
182,182,183,"2',3'-dideoxy-3'-hydroxymethylcytidine",Nc1ccn(C2CC(CO)C(CO)O2)c(=O)n1,-0.79,1,241.11,6,3,-1.29,110.6
186,186,187,cyclosporine a,C/C=C/C(C)C(O)C1C(=O)NC(CC)C(=O)N(C)CC(=O)N(C)C(CC(C)C)C(=O)NC(C(C)C)C(=O)N(C)C(CC(C)C)C(=O)NC(C)C(=O)NC(C)C(=O)N(C)C(CC(C)C)C(=O)N(C)C(CC(C)C)C(=O)N(C)C(CC(C)C)C(=O)N1C,-0.78,1,1201.84,12,5,3.27,278.8
189,189,190,cyclosporin a,CC=CCC(C)C(O)C1C(=O)NC(CC)C(=O)N(C)CC(=O)N(C)C(CC(C)C)C(=O)NC(C(C)C)C(=O)N(C)C(CC(C)C)C(=O)NC(C)C(=O)NC(C)C(=O)N(C)C(CC(C)C)C(=O)N(C)C(CC(C)C)C(=O)N(C)C(C(C)C)C(=O)N1C,-0.78,1,1201.84,12,5,3.27,278.8
192,192,193,chembl244000,Oc1ccc(-c2ccc3cc(O)ccc3c2Oc2ccc(OCCN3CCCCC3)cc2)cc1,-0.77,1,455.21,5,2,6.58,62.16
199,199,200,zidovudine,Cc1cn(C2CC(N=[N+]=[N-])C(CO)O2)c(=O)[nH]c1=O,-0.72,1,267.1,5,2,-0.2,133.08
202,202,203,zidovudine,Cc1cn(C2CC(NN=N)C(CO)O2)c(=O)[nH]c1=O,-0.72,1,269.11,6,4,-0.97,132.56
209,209,210,"n-[3-hydroxy-5-[[3-methyl-2-[[[methyl-[(2-propan-2-yl-4-thiazolyl)methyl]amino]-oxomethyl]amino]-1-oxobutyl]amino]-1,6-diphenylhexan-2-yl]carbamic acid 5-thiazolylmethyl ester",CC(C)c1nc(CN(C)C(=O)NC(C(=O)NC(Cc2ccccc2)CC(O)C(Cc2ccccc2)NC(=O)OCc2cncs2)C(C)C)cs1,-0.7,1,720.31,9,4,5.91,145.78
212,212,213,2-o-methyl-paf (c),CCCCCCCCCCCCCCCCCCOCC(COP(=O)(O)OCC[N+](C)(C)C)OC,-0.7,1,524.41,5,1,7.12,74.22
213,213,214,mitratapid,CC[C@@H](C)n1ncn(-c2ccc(N3CCN(c4ccc(OC[C@@H]5CO[C@@](CSc6nncn6C)(c6ccc(Cl)cc6)O5)cc4)CC3)cc2)c1=O,-0.7,1,716.27,10,0,5.55,104.7
214,214,215,verapamil,COc1ccc(CCN(C)CCCC(C#N)(c2ccc(OC)c(OC)c2)C(C)C)cc1OC,-0.7,1,454.28,6,0,5.09,63.95
219,219,220,s120,O=C1CC=[N+](C2CC(F)C(CO)O2)C(=O)N1,-0.69,1,231.08,4,2,-0.84,78.64
222,222,223,ribavirin,NC(=O)c1ncn(C2OC(CO)C(O)C2O)n1,-0.67,1,244.08,7,4,-3.01,143.72
225,225,226,ribavirin,NC(=O)c1cnn(C2OC(CO)C(O)C2O)n1,-0.67,1,244.08,7,4,-3.01,143.72
233,233,234,schembl5010920,O=C1NCC(c2ccccc2)C2(CCN(C(=O)c3cc(C(F)(F)F)cc(C(F)(F)F)c3)CC2)O1,-0.66,1,486.14,3,1,5.22,58.64
236,236,237,itraconazole,CCC(C)n1ncn(-c2ccc(N3CCN(c4ccc(OCC5COC(Cn6cncn6)(c6ccc(Cl)cc6Cl)O5)cc4)CC3)cc2)c1=O,-0.64,1,704.24,9,0,5.58,104.7
253,253,254,chembl2096766,O=C(Cc1ccc(OCc2ccccc2)cc1)Nc1ccc2ccn(CCN3CCCC3)c2c1,-0.59,1,453.24,3,1,5.5,46.5
255,255,256,tipr-dcka,C/C(=C(\CCOC(=O)c1cc(=O)c2c(Cl)cc(Cl)cc2[nH]1)SSC(C)C)N(C=O)Cc1cnc(C)nc1N,-0.57,1,595.09,9,2,5.74,131.27
256,256,257,chembl390020,Oc1cccc(-c2ccc3cc(O)ccc3c2Oc2ccc(OCCN3CCCCC3)cc2)c1,-0.57,1,455.21,5,2,6.58,62.16
262,262,263,paclitaxel,CC(=O)OC1C(=O)[C@]2(C)[C@@H](O)C[C@H]3OCC3(OC(C)=O)[C@H]2C(OC(=O)c2ccccc2)[C@]2(O)C[C@H](OC(=O)[C@H](O)C(NC(=O)c3ccccc3)c3ccccc3)C(C)=C1C2(C)C,-0.55,1,853.33,14,4,3.74,221.29
266,266,267,acetazolamide,CC(=O)Nc1nnc(S(N)(=O)=O)s1,-0.52,1,221.99,6,2,-0.86,115.04
282,282,283,isotretinoin (13-cis-retinoic acid),CC1=C(/C=C/C(C)=C/C=C/C(C)=C\C(=O)O)C(C)(C)CCC1,-0.49,1,300.21,1,1,5.6,37.3
286,286,287,stavudine,Cc1cn(C2C=CC(CO)O2)c(=O)[nH]c1=O,-0.48,1,224.08,4,2,-0.71,84.32
289,289,290,temozolomide,Cn1nnc2c(C(N)=O)ncn2c1=O,-0.47,1,194.06,5,1,-2.08,108.17
292,292,293,y30,CC(C)(C)NC(=O)[C@@]1(c2c(C(=O)O)[nH]c3cc(Cl)ccc23)N2C(=O)[C@]21c1ccc(OCc2ccc(Cl)cc2)cc1,-0.46,1,577.12,4,3,5.61,111.5
307,307,308,mgs0028,N[C@@]1(C(=O)O)CC(=O)[C@@H]2[C@H]1[C@@]2(F)C(=O)O,-0.41,1,217.04,4,3,-1.22,117.69
315,315,316,"tramiprosate, alzhemed",NCCCS(=O)(=O)O,-0.4,1,139.03,3,2,-0.78,80.39
322,322,323,nolpitantium,CC(C)Oc1cccc(CC(=O)N2CCC[C@](CC[N+]34CCC(c5ccccc5)(CC3)CC4)(c3ccc(Cl)c(Cl)c3)C2)c1,-0.37,1,619.29,2,0,8.23,29.54
324,324,325,chembl243571,CN(C)S(=O)(=O)c1ccc(-c2ccc3cc(O)ccc3c2Oc2ccc(OCCN3CCCCC3)cc2)cc1,-0.37,1,546.22,6,1,6.12,79.31
338,338,339,theophylline,Cn1c(=O)c2[nH]cnc2n(C)c1=O,-0.3,1,180.06,3,1,-1.04,72.68
348,348,349,dpdpe,CC1(C)SSC(C)(C)[C@@H](C(=O)O)NC(=O)C(Cc2ccccc2)NC(=O)CNC(=O)[C@@H]1NC(=O)C(N)Cc1ccc(O)cc1,-0.3,1,645.23,9,7,1.11,199.95
349,349,350,dpdpe,CC1(C)SSC(C)(C)[C@@H](NC(=O)[C@@H](N)Cc2ccc(O)cc2)C(=O)NCC(=O)N[C@@H](Cc2ccccc2)C(=O)N[C@H]1C(=O)O,-0.3,1,645.23,9,7,1.11,199.95
350,350,351,theobromine,CC1C=Nc2c1c(=O)[nH]c(=O)n2C,-0.3,1,179.07,3,1,-0.11,67.22
354,354,355,"theobromine (3,7-dimethylxanthine)",Cn1cnc2c1c(=O)[nH]c(=O)n2C,-0.3,1,180.06,3,1,-1.04,72.68
356,356,357,ns 1738,O=C(Nc1cc(Cl)ccc1O)Nc1cc(C(F)(F)F)ccc1Cl,-0.3,1,364.0,2,3,5.36,61.36
357,357,358,7439-93-2,[Li],-0.3,1,7.02,0,0,-0.38,0.0
361,361,362,theophylline,CN1C(=O)C2N=CN=C2N(C)C1=O,-0.29,1,180.06,4,0,-0.68,65.34
362,362,363,"1,3-dimethyl-5,7-dihydro-4h-purine-2,6-dione",CN1C(=O)C2NC=NC2N(C)C1=O,-0.29,1,182.08,4,1,-1.16,65.01
374,374,375,107447-22-3,CC1NC(=O)C2(CCCC2)NC1=O,-0.26,1,182.11,2,2,-0.07,58.2
377,377,378,loperamide,CN(C)C(=O)C(CCCN1CCC(O)(c2ccc(Cl)cc2)CC1)(c1ccccc1)c1ccccc1,-0.25,1,490.24,3,1,5.48,43.78
384,384,385,propargyl alcohol,C#CCO,-0.23,1,56.03,1,1,-0.39,20.23
388,388,389,schembl5488979,CCCN(CC1CC1)c1nc(C)nc2c1CCN2c1ccc(Cl)cc1Cl,-0.22,1,390.14,4,0,5.41,32.26
399,399,400,glycerol,OCC(O)CO,-0.21,1,92.05,3,3,-1.67,60.69
403,403,404,5-methyl-5-ethyl barbituric acid (nsc 30403),CCC1(C)C(=O)NC(=O)NC1=O,-0.2,1,170.07,3,2,-0.23,75.27
407,407,408,ethanol,CCO,-0.2,1,46.04,1,1,-0.0,20.23
408,408,409,tz-3,Clc1ccc(C(Cn2ccnc2)OCc2ccsc2Cl)c(Cl)c1,-0.2,1,385.98,3,0,5.86,27.05
418,418,419,y19,CCC(=O)N[C@@H]1C(=O)NC(=O)NC1=NC[C@H](O)[C@H](O)[C@H](O)CO,-0.18,1,332.13,8,7,-3.81,180.58
425,425,426,dl-alanine,CC(N)C(=O)O,-0.17,1,89.05,2,2,-0.58,63.32
436,436,437,7439-90-9,[Kr],-0.16,1,83.91,0,0,0.0,0.0
444,444,445,urea,NC(N)=O,-0.14,1,60.03,1,2,-0.98,69.11
462,462,463,vinblastine,CCC1(O)CC2CN(CCc3c([nH]c4ccccc34)C(C(=O)OC)(c3cc4c(cc3OC)N(C)C3C(O)(C(=O)OC)C(OC(C)=O)C5(CC)C=CCN6CCC43C65)C2)C1,-0.1,1,810.42,12,3,3.99,154.1
480,480,481,58-08-2,Cn1c(=O)c2c(ncn2C)n(C)c1=O,-0.1,1,194.08,3,0,-1.03,61.82
490,490,491,topiramate,CC1(C)O[C@@H]2CO[C@@]3(COS(N)(=O)=O)OC(C)(C)O[C@H]3[C@@H]2O1,-0.07,1,339.1,8,1,-0.4,115.54
501,501,502,pf-2545920,Cn1cc(-c2ccncc2)c(-c2ccc(OCc3ccc4ccccc4n3)cc2)n1,-0.06,1,392.16,4,0,5.28,52.83
502,502,503,"1,3,7-trimethylxanthine, tms",CN1C(=O)C2C(N=CN2C)N(C)C1=O,-0.06,1,196.1,4,0,-0.82,56.22
509,509,510,compound-4h,CCNCc1ccc(C(=O)Nc2cc(C)n(Cc3cc(Cl)ccc3OCC(C)C)n2)cc1,-0.05,1,454.21,4,2,5.29,68.18
512,512,513,chembl534947,Cc1cccc(C)c1Nc1ncc(-c2cccc(OCCN3CCCC3)c2)n2cncc12,-0.05,1,427.24,5,1,5.23,54.69
514,514,515,s122,CC1C=[N+](C2CC(N=[N+]=N)C(CO)O2)C(=O)NC1=O,-0.05,1,269.11,6,3,-1.02,128.95
515,515,516,levetiracetam,CC[C@@H](C(N)=O)N1CCCC1=O,-0.04,1,170.11,2,1,-0.13,63.4
520,520,521,water,O,-0.04,1,18.01,0,0,-0.82,31.5
523,523,524,,CN1CCCC12CCN(Cc1ccc(C(=O)Nc3cc(-c4ccccc4)ccc3N)cc1)CC2,-0.03,1,454.27,4,2,5.25,61.6
531,531,532,414910-27-3,CC(=O)N1CCN(C2CCN(C(=O)N(C)C(C)c3cc(C(F)(F)F)cc(C(F)(F)F)c3)C(c3ccc(F)cc3C)C2)CC1,-0.01,1,616.26,3,0,6.65,47.1
534,534,535,bpsp,CCCN1CN(c2ccc(Br)cc2)C2(CCN(CCCC(=O)c3ccc(F)cc3)CC2)C1=O,-0.01,1,515.16,4,0,5.1,43.86
549,549,550,dronabinol,CCCCCc1cc(O)c2c(c1)OC(C)(C)[C@@H]1CCC(C)=C[C@@H]21,0.0,1,314.22,2,1,5.74,29.46
560,560,561,dipyridamole,OCCN(CCO)c1nc(N2CCCCC2)c2nc(N(CCO)CCO)nc(N3CCCCC3)c2n1,0.0,1,504.32,12,4,-0.02,145.44
562,562,563,compound d,C[C@H](Nc1cc(-c2c(-c3cccc(C(F)(F)F)c3)nc(C3CCNCC3)n2C)ccn1)c1ccccc1,0.01,1,505.25,4,2,6.81,54.77
565,565,566,methanol,CO,0.02,1,32.03,1,1,-0.39,20.23
567,567,568,nsc382927,O=C(CC1=NC2NN(c3ccccc3)C(=O)C2=C1CC(=O)c1cccc2ccccc12)c1cccc2ccccc12,0.02,1,535.19,5,1,6.47,78.84
569,569,570,argon,[Ar],0.03,1,39.96,0,0,0.0,0.0
570,570,571,nitrous oxide,[N-]=[N+]=O,0.03,1,44.0,1,0,-0.16,53.47
573,573,574,nitrogen,NN,0.03,1,32.04,2,2,-1.18,52.04
574,574,575,7440-63-3,[Xe],0.03,1,131.9,0,0,0.0,0.0
585,585,586,4-boronophenylalanine,N[C@@H](Cc1ccc(B(O)O)cc1)C(=O)O,0.05,1,209.09,4,4,-1.68,103.78
587,587,588,paraxanthine,CN1C(=O)NC2=NCN(C)C2C1=O,0.06,1,182.08,4,1,-1.16,65.01
588,588,589,paraxanthine,CN1C(=O)NC2N=CN(C)C2C1=O,0.06,1,182.08,4,1,-1.16,65.01
596,596,597,cube-8,CCOc1cc(OCCCCOc2ccc(C(=O)CC(C)C)c(O)c2)ccc1CCC(=O)O,0.08,1,458.23,6,2,5.27,102.29
610,610,611,paraxanthine,Cn1c(=O)[nH]c2ncn(C)c2c1=O,0.1,1,180.06,3,1,-1.04,72.68
619,619,620,zolantidine; 41,c1cc(CN2CCCCC2)cc(OCCCNc2nc3ccccc3s2)c1,0.1,1,381.19,5,1,5.16,37.39
637,637,638,mchr antagonist 2',O=c1cc(NC2CCN(C/C=C/c3ccccc3)CC2)c2cc(Cl)ccc2o1,0.13,1,394.14,4,1,5.04,45.48
639,639,640,compound-10b,CNCc1ccc(NC(=O)c2cc(C)n(Cc3cc(Cl)ccc3OCc3ccccc3)n2)cc1,0.15,1,474.18,4,2,5.44,68.18
640,640,641,cyanidin 3-o-glucoside,OC[C@H]1OC(OC2=C(c3ccc(O)c(O)c3)OC3C=C(O)C=C(O)C3=C2)[C@H](O)[C@@H](O)[C@@H]1O,0.15,1,450.12,11,8,-0.19,189.53
641,641,642,cyanidin 3-o-glucoside,OC[C@H]1O[C@@H](Oc2cc3c(O)cc(O)cc3[o+]c2-c2ccc(O)c(O)c2)[C@H](O)[C@@H](O)[C@@H]1O,0.15,1,449.11,10,8,0.38,191.6
643,643,644,lactic acid,CC(O)C(=O)O,0.16,1,90.03,2,2,-0.55,57.53
650,650,651,chembl243999,N#Cc1cccc(-c2ccc3cc(O)ccc3c2Oc2ccc(OCCN3CCCCC3)cc2)c1,0.17,1,464.21,5,1,6.74,65.72
656,656,657,4-fluoropaclitaxel,CC(=O)O[C@H]1C(=O)[C@@]2(C)[C@@H](O)C[C@H]3OC[C@@]3(OC(C)=O)[C@H]2[C@@H](OC(=O)c2ccccc2)[C@]2(O)C[C@H](OC(=O)[C@@H](O)[C@H](NC(=O)c3ccc(F)cc3)c3ccccc3)C(C)=C1C2(C)C,0.19,1,871.32,14,4,3.87,221.29
660,660,661,thioridazine,CSc1ccc2c(c1)N(CCC1CCCCN1C)c1ccccc1S2,0.2,1,370.15,4,0,5.89,6.48
672,672,673,"ptk-787, vatalanib",Clc1ccc(Nc2nnc(Cc3ccncc3)c3ccccc23)cc1,0.2,1,346.1,4,1,5.01,50.7
674,674,675,1/9/40,[Ne],0.2,1,19.99,0,0,0.0,0.0
684,684,685,compound 14b,Cc1cccc(C)c1Nc1ncc(-c2ccc(OCCN3CCCC3)cc2)n2cncc12,0.23,1,427.24,5,1,5.23,54.69
712,712,713,,CCC(NC(=O)c1c(C)c(-c2ccccc2)cc2ccccc12)c1ccccc1,0.3,1,379.19,1,1,6.7,29.1
713,713,714,sb-222200,CCC(NC(=O)c1c(C)c(-c2ccccc2)nc2ccccc12)c1ccccc1,0.3,1,380.19,2,1,6.09,41.99
720,720,721,chembl481689,Cc1cc(NC(=O)c2ccc(CN3CCCC3)cc2)nn1Cc1cc(Cl)ccc1OCC(C)C,0.3,1,480.23,4,1,5.78,59.39
722,722,723,ritanserin,Cc1nc2sccn2c(=O)c1CCN1CCC(=C(c2ccc(F)cc2)c2ccc(F)cc2)CC1,0.3,1,477.17,4,0,5.48,37.61
742,742,743,schembl6867748,Cc1ccccc1-c1ccc(N)cc1N(C)C(=O)C(C)(C)c1cc(C(F)(F)F)cc(C(F)(F)F)c1,0.34,1,494.18,2,1,7.22,46.33
755,755,756,135095-42-0,COc1ccccc1CNC1C2CCN(CC2)C1C(c1ccccc1)c1ccccc1,0.37,1,412.25,3,1,5.08,24.5
807,807,808,147116-67-4,COc1ccc(C(C)(C)C)cc1CNC1C2CCN(CC2)C1C(c1ccccc1)c1ccccc1,0.46,1,468.31,3,1,6.38,24.5
810,810,811,pk 11195,CCC(C)N(C)C(=O)c1cc2ccccc2c(-c2ccccc2Cl)n1,0.48,1,352.13,2,0,5.43,33.2
812,812,813,pfizer compound 1,COc1ccc(C(C)C)cc1CNC1C2CCN(CC2)C1C(c1ccccc1)c1ccccc1,0.48,1,454.3,3,1,6.2,24.5
814,814,815,piperidinederivatives 3,O=C(NCCCCN1CCC(Oc2cccc(C(F)(F)F)c2)CC1)c1ccnc2ccccc12,0.48,1,471.21,4,1,5.31,54.46
832,832,833,zipr-dopa(p)2,C/C(=C(\CCOC(=O)C(N)Cc1ccc(OC(=O)C(C)(C)C)c(OC(=O)C(C)(C)C)c1)SSC(C)C)N(C)C=O,0.53,1,596.26,10,1,5.5,125.23
841,841,842,antibiotic mx 2,CCC1(O)CC(OC2CC(N3CCOCC3)C(O)C(C)O2)c2c(O)c3c(c(O)c2C1O)C(=O)c1cccc(O)c1C3=O,0.56,1,585.22,12,6,1.41,186.45
871,871,872,1-(2-pyrimidinyl)-piperazine,c1cnc(N2CCNCC2)nc1,0.6,1,164.11,4,1,-0.11,41.05
889,889,890,revaprazan,Cc1nc(Nc2ccc(F)cc2)nc(N2CCc3ccccc3C2C)c1C,0.68,1,362.19,4,1,5.1,41.05
890,890,891,chembl204958,Cc1ccccc1-c1ccncc1C(=O)N(C)Cc1cc(C(F)(F)F)cc(C(F)(F)F)c1,0.68,1,452.13,2,0,6.37,33.2
902,902,903,chembl390021,Oc1ccc2c(Oc3ccc(OCCN4CCCCC4)cc3)c(-c3cccc(F)c3)ccc2c1,0.73,1,457.21,4,1,7.01,41.93
905,905,906,jhw 007,CCCCN1C2CC[C@@H]1C[C@@H](OC(c1ccc(F)cc1)c1ccc(F)cc1)C2,0.74,1,385.22,2,0,5.87,12.47
906,906,907,bms-184111,COc1cccc(CC2CCN(C3CCC(OC)(c4ccc5c(c4)OCO5)CC3)CC2)c1,0.74,1,437.26,5,0,5.16,40.16
910,910,911,northioridazine,CSc1ccc2c(c1)N(CCC1CCCNC1)c1ccccc1S2,0.75,1,356.14,4,1,5.4,15.27
911,911,912,loperamide(1+),CN(C)C(=O)C(CCN1CCC(O)(c2ccc(Cl)cc2)CC1)(c1ccccc1)c1ccccc1,0.77,1,476.22,3,1,5.09,43.78
917,917,918,515141-51-2,COc1cc(-n2cnc3cc(-c4ccc(Cl)cc4)sc3c2=O)ccc1OCCN1CCCC1,0.78,1,481.12,6,0,5.25,56.59
926,926,927,northioridazine,CSc1ccc2c(c1)N(CCC1CCCCN1)c1ccccc1S2,0.8,1,356.14,4,1,5.54,15.27
943,943,944,pfizer compound 21,COc1cc2sc(C(C)(C)C)nc2cc1CNC1CCCNC1c1ccccc1,0.85,1,409.22,5,2,5.19,46.18
954,954,955,schembl5966350,CN(Cc1cc(C(F)(F)F)cc(C(F)(F)F)c1)C(=O)c1cnccc1-c1ccccc1Cl,0.89,1,472.08,2,0,6.71,33.2
968,968,969,am-36,CC(C)(C)c1cc(CN2CCN(CC(O)c3ccc(Cl)cc3)CC2)cc(C(C)(C)C)c1O,0.91,1,458.27,4,2,5.49,46.94
969,969,970,s123,CC/C(=C(\c1ccccc1)c1ccc(OCCN(C)C)cc1)c1ccccc1,0.92,1,371.22,2,0,6.0,12.47
973,973,974,chembl244206,Oc1ccc2c(Oc3ccc(OCCN4CCCCC4)cc3)c(-c3ccc(F)c(F)c3)ccc2c1,0.92,1,475.2,4,1,7.15,41.93
978,978,979,145742-01-4,CC(C)(C)c1ccc(OC(F)(F)F)c(CNC2CCCNC2c2ccccc2)c1,0.96,1,406.22,3,2,5.47,33.29
1005,1005,1006,schembl7050625,O=C(NCCCCN1CCC(Oc2cccc(C(F)(F)F)c2)CC1)c1ccc(Br)cc1,1.04,1,498.11,3,1,5.52,41.57
1016,1016,1017,astemizole,COc1ccc(CCN2CCC(Nc3nc4ccccc4n3Cc3ccc(F)cc3)CC2)cc1,1.1,1,458.25,4,1,5.35,42.32
1024,1024,1025,zanapezil,O=C(CCC1CCN(Cc2ccccc2)CC1)c1ccc2c(c1)NCCCC2,1.14,1,376.25,3,1,5.31,32.34
1026,1026,1027,piperidinederivatives 2,O=C(NCCCCN1CCC(Nc2cccc(C(F)(F)F)c2)CC1)c1ccc(Br)cc1,1.18,1,497.13,3,2,5.55,44.37
1030,1030,1031,chembl244205,Oc1ccc2c(Oc3ccc(OCCN4CCCCC4)cc3)c(-c3ccc(F)cc3)ccc2c1,1.25,1,457.21,4,1,7.01,41.93
1031,1031,1032,pfizer compound 23,COc1cc2sc(-c3ccccc3)nc2cc1CNC1CCCNC1c1ccccc1,1.26,1,429.19,5,2,5.55,46.18
1048,1048,1049,chembl4248308,CC1CCN(CCCN2c3ccccc3Sc3ccc(C(F)(F)F)cc32)CC1,1.44,1,406.17,3,0,6.43,6.48
1049,1049,1050,trifluopromazine,CN(C)CCCN1c2ccccc2Sc2ccc(C(F)(F)F)cc21,1.44,1,352.12,3,0,5.26,6.48
1054,1054,1055,sertraline,CN[C@H]1CC[C@@H](c2ccc(Cl)c(Cl)c2)c2ccccc21,1.6,1,305.07,1,1,5.18,12.03
1068,1068,1069,nivazol(nivacortol),C#C[C@]1(O)CC[C@H]2C3CCC4=Cc5c(cnn5-c5ccc(F)cc5)CC4(C)[C@H]3CCC21C,,1,430.24,2,1,5.56,38.05
1073,1073,1074,bisbentiamine,C/C(=C(/CCOC(=O)c1ccccc1)SS/C(CCOC(=O)c1ccccc1)=C(\C)N(C=O)Cc1cnc(C)nc1N)N(C=O)Cc1cnc(C)nc1N,,1,770.27,14,2,6.0,196.82
1082,1082,1083,efrotomycin,C/C=C/C=C/C1OC(O)(C(CC)C(=O)NC/C=C/C=C(\C)C(OC)C(C)C2OC(/C=C/C=C/C=C(\C)C(=O)c3c(O)ccn(C)c3=O)C(O)C2O)C(O)C(OC2OC(C)C(OC3OC(C)C(OC)C(O)C3OC)C(OC)C2O)C1(C)C,,-1,1144.59,20,8,2.75,302.08
1087,1087,1088,"resorcinol, 2-p-mentha-1,8-dien-3-yl-5-pentyl-, (-)-(e)-",C=C(C)[C@@H]1CCC(C)=CC1c1c(O)cc(CCCCC)cc1O,,1,314.22,2,2,5.85,40.46
1095,1095,1096,meclocycline,C=C1c2c(Cl)ccc(O)c2C(O)=C2C(=O)C3(O)C(O)=C(C(N)=O)C(=O)C(N(C)C)C3C(O)C12,,-1,476.1,9,6,0.06,181.62
1096,1096,1097,methacycline,C=C1c2cccc(O)c2C(O)=C2C(=O)[C@]3(O)C(O)=C(C(N)=O)C(=O)[C@@H](N(C)C)[C@@H]3[C@@H](O)[C@H]12,,-1,442.14,9,6,-0.59,181.62
1100,1100,1101,cefdinir,C=CC1=C(C(=O)O)N2C(=O)[C@@H](NC(=O)/C(=N/O)c3csc(N)n3)[C@H]2SC1,,-1,395.04,9,4,-0.17,158.21
1101,1101,1102,cefixime,C=CC1=C(C(=O)O)N2C(=O)[C@@H](NC(=O)/C(=N/OCC(=O)O)c3csc(N)n3)[C@H]2SC1,,-1,453.04,10,4,-0.54,184.51
1113,1113,1114,proxibarbal,C=CCC1(CC(C)O)C(=O)NC(=O)NC1=O,,1,226.1,4,3,-0.31,95.5
1125,1125,1126,tacrolimus,C=CC[C@@H]1/C=C(\C)C[C@H](C)C[C@H](OC)[C@H]2O[C@@](O)(C(=O)C(=O)N3CCCC[C@H]3C(=O)O[C@H](/C(C)=C/[C@@H]3CC[C@@H](O)[C@H](OC)C3)[C@H](C)[C@@H](O)CC1=O)[C@H](C)C[C@@H]2OC,,-1,803.48,12,3,4.64,178.36
1130,1130,1131,mifepristone,CC#C[C@]1(O)CC[C@H]2[C@@H]3CCC4=CC(=O)CCC4=C3[C@@H](c3ccc(N(C)C)cc3)C[C@@]21C,,-1,429.27,3,1,5.41,40.54
1140,1140,1141,gr94839_l,CC(=O)N1CCN(C(=O)Cc2ccc(S(C)(=O)=O)cc2)[C@@H](CN2CC[C@H](O)C2)C1,,-1,423.18,6,1,-0.24,98.23
1145,1145,1146,aceglutamide,CC(=O)NC(CCC(N)=O)C(=O)O,,1,188.08,3,3,-1.16,109.49
1148,1148,1149,bisorcic,CC(=O)NCCC[C@H](NC(C)=O)C(=O)O,,1,216.11,3,3,-0.51,95.5
1158,1158,1159,schembl1006384,CC(=O)OC1CC[C@@]2(C)C([C@@H]1Br)[C@H](Br)C[C@@H]1[C@@H]2CC[C@@]2(C)[C@H]1CC[C@@H]2[C@H](C)CCCC(C)C,,1,586.2,2,0,8.79,26.3
1185,1185,1186,cephalosporin-c,CC(=O)OCC1=C(C(=O)O)N2C(=O)[C@@H](NC(=O)CCC[C@@H](N)C(=O)O)[C@H]2SC1,,-1,415.1,8,4,-1.13,176.33
1189,1189,1190,cephaloglycin,CC(=O)OCC1=C(C(=O)O)N2C(=O)[C@@H](NC(=O)[C@H](N)c3ccccc3)[C@H]2SC1,,-1,405.1,7,3,-0.01,139.03
1191,1191,1192,cephacetrile,CC(=O)OCC1=C(C(=O)O)N2C(=O)[C@H](NC(=O)CC#N)[C@@H]2SC1,,-1,339.05,7,2,-0.8,136.8
1197,1197,1198,docetaxel,CC(=O)O[C@@]12CO[C@@H]1C[C@H](O)[C@@]1(C)C(=O)[C@H](O)C3=C(C)[C@@H](OC(=O)[C@H](O)[C@@H](NC(=O)OC(C)(C)C)c4ccccc4)C[C@@](O)([C@@H](OC(=O)c4ccccc4)[C@@H]12)C3(C)C,,-1,807.35,14,5,3.26,224.45
1200,1200,1201,fusidic acid,CC(=O)O[C@H]1C[C@@]2(C)[C@@H](C[C@@H](O)[C@H]3[C@@]4(C)CC[C@@H](O)[C@@H](C)[C@@H]4CC[C@@]32C)/C1=C(\CCC=C(C)C)C(=O)O,,-1,516.35,5,3,5.67,104.06
1213,1213,1214,50935-04-1,CC(=O)[C@]1(O)Cc2c(O)c3c(c(O)c2C(OC2CC(N)C(O)C(C)O2)C1)C(=O)c1c(O)cccc1C3=O,,-1,513.16,11,6,0.73,196.84
1220,1220,1221,clomipramine,CC(C)(C(=O)O)c1ccc(C(=O)CCCN2CCC(OC(c3ccccc3)c3ccccc3)CC2)cc1,,-1,499.27,4,1,6.28,66.84
1232,1232,1233,efavirenz,CC(C)(C)c1ccc(C(=O)CCCN2CCC(OC(c3ccccc3)c3ccccc3)CC2)cc1,,-1,469.3,3,0,7.22,29.54
1233,1233,1234,terfenadine,CC(C)(C)c1ccc(C(O)CCCN2CCC(C(O)(c3ccccc3)c3ccccc3)CC2)cc1,,-1,471.31,3,2,6.45,43.7
1234,1234,1235,buclizine,CC(C)(C)c1ccc(CN2CCN(C(c3ccccc3)c3ccc(Cl)cc3)CC2)cc1,,1,432.23,2,0,6.54,6.48
1235,1235,1236,hopantenic acid,CC(C)(CO)[C@@H](O)C(=O)NCCCC(=O)O,,1,233.13,4,4,-0.65,106.86
1250,1250,1251,valinomycin,CC(C)C1NC(=O)[C@@H](C(C)C)OC(=O)[C@H](C(C)C)NC(=O)[C@H](C)OC(=O)[C@@H](C(C)C)NC(=O)[C@@H](C(C)C)OC(=O)[C@H](C(C)C)NC(=O)[C@H](C)OC(=O)[C@@H](C(C)C)NC(=O)[C@@H](C(C)C)OC(=O)[C@H](C(C)C)NC(=O)[C@H](C)OC1=O,,-1,1110.63,18,6,2.34,332.4
1253,1253,1254,gramicidin-s,CC(C)CC1NC(=O)C(CCCN)NC(=O)C(C(C)C)NC(=O)C2CCCN2C(=O)C(Cc2ccccc2)NC(=O)C(CC(C)C)NC(=O)C(CCCN)NC(=O)C(C(C)C)NC(=O)C2CCCN2C(=O)C(Cc2ccccc2)NC1=O,,-1,1140.71,12,10,1.23,325.46
1254,1254,1255,pagoclone,CC(C)CCC(=O)CC1c2ccccc2C(=O)N1c1ccc2ccc(Cl)nc2n1,,1,407.14,4,0,5.38,63.16
1262,1262,1263,clofazimine,CC(C)N=c1cc2n(-c3ccc(Cl)cc3)c3ccccc3nc-2cc1Nc1ccc(Cl)cc1,,-1,472.12,3,1,7.49,42.21
1274,1274,1275,valganciclovir,CC(C)[C@H](N)C(=O)OCC(CO)OCn1cnc2c(=O)[nH]c(N)nc21,,1,354.17,9,4,-1.44,171.37
1275,1275,1276,enkephalin,CC(C)[C@H](NC(=O)[C@H](Cc1ccccc1)NC(=O)CNC(=O)[C@@H](C)NC(=O)[C@@H](N)Cc1ccc(O)cc1)C(N)=O,,-1,554.29,7,7,-0.76,205.74
1290,1290,1291,trifluomeprazine,CC(CN(C)C)CN1c2ccccc2Sc2ccc(C(F)(F)F)cc21,,1,366.14,3,0,5.51,6.48
1306,1306,1307,tixadil,CC(Cc1ccccc1)NCCC1c2ccccc2Sc2ccccc21,,1,359.17,2,1,5.89,12.03
1316,1316,1317,proxyphylline,CC(O)Cn1cnc2c1c(=O)n(C)c(=O)n2C,,1,238.11,4,1,-1.19,82.05
1334,1334,1335,triclonide,CC1(C)O[C@@H]2C[C@H]3C4C[C@H](F)C5=CC(=O)C=CC5(C)[C@@]4(Cl)[C@@H](Cl)CC3(C)[C@]2(C(=O)CCl)O1,,1,504.1,4,0,5.13,52.6
1337,1337,1338,triamcinolone furetonide,CC1(C)O[C@@H]2C[C@H]3[C@@H]4CCC5=CC(=O)C=C[C@]5(C)[C@@]4(F)[C@@H](O)C[C@]3(C)[C@]2(C(=O)COC(=O)c2cc3ccccc3o2)O1,,1,578.23,8,1,5.03,112.27
1354,1354,1355,penicillin n,CC1(C)S[C@@H]2[C@H](NC(=O)CCC[C@@H](N)C(=O)O)C(=O)N2[C@H]1C(=O)O,,-1,359.12,6,4,-0.8,150.03
1361,1361,1362,sultamicillin,CC1(C)S[C@@H]2[C@H](NC(=O)[C@H](N)c3ccccc3)C(=O)N2[C@H]1C(=O)O.CC1(C)[C@H](C(=O)O)N2C(=O)C[C@H]2S1(=O)=O,,-1,582.15,9,4,-0.48,204.48
1364,1364,1365,mezlocillin,CC1(C)S[C@@H]2[C@H](NC(=O)[C@H](NC(=O)N3CCN(S(C)(=O)=O)C3=O)c3ccccc3)C(=O)N2[C@H]1C(=O)O,,-1,539.11,8,3,-0.23,173.5
1365,1365,1366,piroxicillin,CC1(C)S[C@@H]2[C@H](NC(=O)[C@H](NC(=O)Nc3cnc(Nc4ccc(S(N)(=O)=O)cc4)[nH]c3=O)c3ccc(O)cc3)C(=O)N2[C@H]1C(=O)O,,-1,672.14,11,8,0.36,266.01
1366,1366,1367,piridicillin sodium,CC1(C)S[C@@H]2[C@H](NC(=O)[C@H](NC(=O)c3ccc(-c4ccc(S(=O)(=O)N(CCO)CCO)cc4)[nH]c3=O)c3ccc(O)cc3)C(=O)N2[C@H]1C(=O)O,,-1,729.18,11,7,-0.17,246.74
1367,1367,1368,suncillin,CC1(C)S[C@@H]2[C@H](NC(=O)[C@H](NS(=O)(=O)O)c3ccccc3)C(=O)N2[C@H]1C(=O)O,,-1,429.07,6,4,-0.25,153.11
1369,1369,1370,tigemonam,CC1(C)[C@H](NC(=O)/C(=N/OCC(=O)O)c2csc(N)n2)C(=O)N1OS(=O)(=O)O,,-1,437.03,11,4,-1.63,210.81
1383,1383,1384,cefsumide,CC1=C(C(=O)O)N2C(=O)[C@@H](NC(=O)[C@H](N)c3cccc(NS(C)(=O)=O)c3)[C@H]2SC1,,-1,440.08,7,4,-0.18,158.9
1402,1402,1403,pristinamycin-ic,CC1NC(=O)C(NC(=O)c2ncccc2O)C(C)OC(=O)C(c2ccccc2)NC(=O)C2CC(=O)CCN2C(=O)C(Cc2ccc(N(C)C)cc2)N(C)C(=O)C2CCCN2C1=O,,-1,852.38,12,4,0.88,227.96
1406,1406,1407,4-demethoxyadriamycin hcl,CC1OC(OC2CC(O)(C(=O)CO)Cc3c(O)c4c(c(O)c32)C(=O)c2ccccc2C4=O)CC(N)C1O,,-1,513.16,11,6,-0.01,196.84
1426,1426,1427,midecamycin,CCC(=O)OC1CC(=O)OC(C)C/C=C/C=C\C(O)C(C)CC(CC=O)C(O[C@@H]2O[C@H](C)[C@@H](O[C@H]3C[C@@](C)(O)[C@H](OC(=O)CC)[C@@H](C)O3)[C@H](N(C)C)[C@H]2O)C1OC,,-1,813.45,16,3,2.77,206.05
1431,1431,1432,diproleandomycin,CCC(=O)O[C@H]1[C@H](C)O[C@@H](O[C@@H]2C(C)C(=O)O[C@H](C)[C@H](C)[C@H](OC(=O)CC)[C@@H](C)C(=O)[C@]3(CO3)CC(C)[C@H](O[C@@H]3O[C@H](C)C[C@H](N(C)C)[C@H]3O)[C@H]2C)C[C@@H]1OC,,-1,799.47,15,1,3.83,178.12
1456,1456,1457,bacitracin,CCC(C)C(N)C1=NC(C(=O)N[C@@H](CC(C)C)C(=O)N[C@H](CCC(=O)O)C(=O)N[C@H](C(=O)NCCCC[C@@H]2NC(=O)[C@H](CC(N)=O)NC(=O)[C@@H](CC(=O)O)NC(=O)[C@H](Cc3cnc[nH]3)NC(=O)[C@@H](Cc3ccccc3)NC(=O)[C@H]([C@@H](C)CC)NC(=O)[C@@H](CCCN)NC2=O)[C@@H](C)CC)CS1,,-1,1421.75,19,17,-1.68,530.87
1507,1507,1508,lincomycine,CCCC1CC(C(=O)NC(C(C)O)C2OC(SC)C(O)C(O)C2O)N(C)C1,,-1,406.21,8,5,-0.86,122.49
1517,1517,1518,nabazenil,CCCCCC(C)C(C)c1cc(OC(=O)CCCN2CCCCCC2)c2c(c1)OC(C)(C)C1=C2CC(C)CC1,,1,537.42,4,0,9.31,38.77
1520,1520,1521,fluphenazine-enanthate,CCCCCCC(=O)OCCN1CCN(CCCN2c3ccccc3Sc3ccc(C(F)(F)F)cc32)CC1,,1,549.26,6,0,6.83,36.02
1521,1521,1522,nabilone,CCCCCCC(C)(C)c1cc(O)c2c(c1)OC(C)(C)[C@@H]1CCC(=O)C[C@@H]21,,1,372.27,3,1,6.26,46.53
1523,1523,1524,teichomycin,CCCCCCCCCC(=O)N[C@H]1[C@H](Oc2c3cc4cc2Oc2ccc(cc2Cl)[C@@H](O[C@@H]2O[C@H](CO)[C@@H](O)[C@H](O)[C@H]2NC(C)=O)[C@@H]2NC(=O)[C@H](NC(=O)[C@@H]4NC(=O)[C@H]4NC(=O)[C@@H](Cc5ccc(c(Cl)c5)O3)NC(=O)[C@H](N)c3ccc(O)c(c3)Oc3cc(O)cc4c3)c3ccc(O)c(c3)-c3c(O[C@H]4O[C@H](CO)[C@@H](O)[C@H](O)[C@@H]4O)cc(O)cc3[C@H](C(=O)O)NC2=O)O[C@H](CO)[C@@H](O)[C@@H]1O,,-1,1877.56,33,24,1.16,662.41
1524,1524,1525,bromperidol-decanoate,CCCCCCCCCC(=O)OC1(c2ccc(Br)cc2)CCN(CCCC(=O)c2ccc(F)cc2)CC1,,1,573.23,4,0,8.23,46.61
1525,1525,1526,haloperidol decanoate,CCCCCCCCCC(=O)OC1(c2ccc(Cl)cc2)CCN(CCCC(=O)c2ccc(F)cc2)CC1,,1,529.28,4,0,8.12,46.61
1527,1527,1528,myrophine,CCCCCCCCCCCCCC(=O)O[C@H]1C=C[C@H]2[C@H]3Cc4ccc(OCc5ccccc5)c5c4[C@@]2(CCN3C)[C@H]1O5,,1,585.38,5,0,8.32,48.0
1528,1528,1529,pipotiazine palmitate,CCCCCCCCCCCCCCCC(=O)OCCC1CCN(CCCN2c3ccccc3Sc3ccc(S(=O)(=O)N(C)C)cc32)CC1,,1,713.43,7,0,10.06,70.16
1529,1529,1530,prednisolone-steaglate,CCCCCCCCCCCCCCCCCC(=O)OCC(=O)OCC(=O)[C@@]1(O)CC[C@H]2[C@@H]3CCC4=CC(=O)C=C[C@]4(C)[C@H]3[C@@H](O)C[C@@]21C,,1,684.46,8,2,7.91,127.2
1541,1541,1542,fengabine,CCCCN=C(c1cc(Cl)ccc1O)c1ccccc1Cl,,1,321.07,2,1,5.34,32.59
1549,1549,1550,difebarbamate,CCCCOCC(CN1C(=O)N(CC(COCCCC)OC(N)=O)C(=O)C(CC)(c2ccccc2)C1=O)OC(N)=O,,1,578.3,9,2,2.69,180.79
1552,1552,1553,captodiame,CCCCSc1ccc(C(SCCN(C)C)c2ccccc2)cc1,,1,359.17,3,0,5.96,3.24
1553,1553,1554,trospectomycin,CCCC[C@@H]1CC(=O)[C@]2(O)O[C@@H]3[C@@H](NC)[C@@H](O)[C@@H](NC)[C@H](O)[C@H]3O[C@@H]2O1,,-1,374.21,9,5,-1.76,129.51
1556,1556,1557,alpidem,CCCN(CCC)C(=O)Cc1c(-c2ccc(Cl)cc2)nc2ccc(Cl)cn12,,1,403.12,2,0,5.5,37.61
1580,1580,1581,rifamide,CCN(CC)C(=O)COc1cc2c(O)c3c(O)c(C)c4c(c13)C(=O)[C@@](C)(O/C=C/[C@H](OC)[C@@H](C)[C@@H](OC(C)=O)[C@H](C)[C@H](O)[C@H](C)[C@@H](O)[C@@H](C)/C=C/C=C(/C)C(=O)N2)O4,,-1,810.39,13,5,5.3,210.62
1581,1581,1582,stacofylline,CCN(CC)C(=O)N1CCN(CCCc2nc3c(c(=O)n(C)c(=O)n3C)n2C)CC1,,1,419.26,5,0,-0.02,88.61
1587,1587,1588,rifametane,CCN(CC)C(C)=NN=Cc1c2c(O)c3c(O)c(C)c4c(c3c1O)C(=O)C(C)(OC=CC(OC)C(C)C(OC(C)=O)C(C)C(O)C(C)C(O)C(C)C=CC=C(C)C(=O)N2)O4,,-1,836.42,14,6,5.85,229.27
1588,1588,1589,isothamine(profenamine),CCN(CC)C(C)CN1c2ccccc2Sc2ccccc21,,1,312.17,3,0,5.02,6.48
1589,1589,1590,elanzepine,CCN(CC)C/C=C1/c2ccccc2Nc2cc(Cl)ccc21,,1,312.14,2,1,5.17,15.27
1593,1593,1594,fluacizine,CCN(CC)CCC(=O)N1c2ccccc2Sc2ccc(C(F)(F)F)cc21,,1,394.13,3,0,5.57,23.55
1603,1603,1604,etamiphyllin,CCN(CC)CCn1cnc2c1c(=O)n(C)c(=O)n2C,,1,279.17,4,0,-0.22,65.06
1606,1606,1607,rifamexil,CCN(CC)c1nc2c(s1)c1c(O)c3c(O)c(C)c4c(c32)C(=O)[C@@](C)(O/C=C/[C@H](OC)[C@@H](C)[C@@H](OC(C)=O)[C@H](C)[C@H](O)[C@H](C)[C@@H](O)[C@@H](C)/C=C/C=C(/C)C(=O)N1)O4,,-1,809.36,14,5,6.5,197.21
1625,1625,1626,netilmicin,CCN[C@@H]1C[C@H](N)[C@@H](O[C@H]2OC(CN)=CC[C@H]2N)[C@H](O)[C@H]1O[C@H]1OC[C@](C)(O)[C@H](NC)[C@H]1O,,-1,475.3,12,8,-3.2,199.73
1652,1652,1653,detorubicin,CCOC(OCC)C(=O)OCC(=O)C1(O)Cc2c(O)c3c(c(O)c2C(OC2CC(N)C(O)C(C)O2)C1)C(=O)c1c(OC)cccc1C3=O,,-1,673.24,15,5,0.95,230.6
1662,1662,1663,tipredane,CCS[C@]1(SC)CC[C@H]2[C@@H]3CCC4=CC(=O)C=C[C@]4(C)[C@@]3(F)[C@@H](O)C[C@@]21C,,1,410.17,4,1,5.17,37.3
1663,1663,1664,thiethylperazine,CCSc1ccc2c(c1)N(CCCN1CCN(C)CC1)c1ccccc1S2,,1,399.18,5,0,5.04,9.72
1664,1664,1665,ethambutol,CC[C@@H](CO)NCCN[C@@H](CC)CO,,-1,204.18,4,4,-0.29,64.52
1666,1666,1667,aclucinomycin a,CC[C@@]1(O)C[C@H](OC2CC(N(C)C)C(OC3CC(O)C(OC4CCC(=O)C(C)O4)C(C)O3)C(C)O2)c2c(cc3c(c2O)C(=O)c2c(O)cccc2C3=O)[C@H]1C(=O)OC,,-1,811.34,16,4,3.16,217.05
1667,1667,1668,rodorubicin,CC[C@@]1(O)C[C@H](O[C@H]2C[C@H](N(C)C)[C@H](O[C@H]3C[C@@H]4O[C@H]5CC(=O)[C@H](C)O[C@H]5O[C@@H]4[C@H](C)O3)[C@H](C)O2)c2c(O)c3c(c(O)c2[C@H]1O[C@H]1C[C@H](N(C)C)[C@H](O)[C@H](C)O1)C(=O)c1cccc(O)c1C3=O,,-1,940.42,19,5,3.11,241.91
1669,1669,1670,skb-i,CC[C@H](NC(=O)c1c(Cn2ccnc2)c(-c2ccccc2)nc2ccccc12)c1ccccc1,,-1,446.21,3,1,6.03,59.81
1670,1670,1671,talnetant,CC[C@H](NC(=O)c1c(O)c(-c2ccccc2)nc2ccccc12)c1ccccc1,,1,382.17,3,2,5.49,62.22
1672,1672,1673,skb-e,CC[C@H](NC(=O)c1c(OCCCC(=O)O)c(-c2ccccc2)nc2ccccc12)c1ccccc1,,-1,468.2,4,2,6.03,88.52
1673,1673,1674,chembl2113676,CC[C@H](NC(=O)c1c(OCCCN(C)C)c(-c2ccccc2)nc2ccccc12)c1ccccc1,,1,467.26,4,1,6.11,54.46
1674,1674,1675,skb-f,CC[C@H](NC(=O)c1c(OCCNC(=O)Cc2ccccc2C(=O)O)c(-c2ccccc2)nc2ccccc12)c1ccccc1,,-1,587.24,5,3,6.22,117.62
1675,1675,1676,skb-g,CC[C@H](NC(=O)c1c(OCCNC(=O)Cc2ccccn2)c(-c2ccccc2)nc2ccccc12)c1ccccc1,,-1,544.25,5,2,5.92,93.21
1676,1676,1677,skb-h,CC[C@H](NC(=O)c1c(OCCNC(=O)[C@@H]2CCCN2)c(-c2ccccc2)nc2ccccc12)c1ccccc1,,-1,522.26,5,3,5.03,92.35
1679,1679,1680,lexithromycin,CC[C@H]1OC(=O)[C@H](C)[C@@H](OC2CC(C)(OC)C(O)C(C)O2)C(C)[C@@H](OC2OC(C)CC(N(C)C)C2O)[C@](C)(O)C[C@@H](C)/C(=N/OC)[C@H](C)[C@@H](O)[C@]1(C)O,,-1,762.49,15,5,2.22,198.43
1680,1680,1681,berythromycin,CC[C@H]1OC(=O)[C@H](C)[C@@H](OC2CC(C)(OC)C(O)C(C)O2)C(C)[C@@H](OC2OC(C)CC(N(C)C)C2O)[C@](C)(O)C[C@@H](C)C(=O)[C@H](C)[C@@H](O)[C@H]1C,,-1,717.47,13,4,2.67,173.68
1681,1681,1682,azithromycin,CC[C@H]1OC(=O)[C@H](C)[C@@H](O[C@H]2C[C@@](C)(OC)[C@@H](O)[C@H](C)O2)C(C)[C@@H](O[C@@H]2O[C@H](C)C[C@H](N(C)C)[C@H]2O)[C@](C)(O)C[C@@H](C)CN(C)[C@H](C)[C@@H](O)[C@]1(C)O,,-1,748.51,14,5,1.9,180.08
1682,1682,1683,roxithromycin,CC[C@H]1OC(=O)[C@H](C)[C@@H](O[C@H]2C[C@@](C)(OC)[C@@H](O)[C@H](C)O2)[C@H](C)[C@@H](O[C@@H]2O[C@H](C)C[C@H](N(C)C)[C@H]2O)[C@](C)(O)C[C@@H](C)/C(=N\OCOCCOC)[C@H](C)[C@@H](O)[C@]1(C)O,,-1,836.52,17,5,2.21,216.89
1683,1683,1684,erythromycin,CC[C@H]1OC(=O)[C@H](C)[C@@H](O[C@H]2C[C@@](C)(OC)[C@@H](O)[C@H](C)O2)[C@H](C)[C@@H](O[C@@H]2O[C@H](C)C[C@H](N(C)C)[C@H]2O)[C@](C)(O)C[C@@H](C)C(=O)[C@H](C)[C@@H](O)[C@]1(C)O,,-1,733.46,14,5,1.79,193.91
1684,1684,1685,dirithromycin,CC[C@H]1OC(=O)[C@H](C)[C@@H](O[C@H]2C[C@@](C)(OC)[C@@H](O)[C@H](C)O2)[C@H](C)[C@@H](O[C@@H]2O[C@H](C)C[C@H](N(C)C)[C@H]2O)[C@](C)(O)C[C@@H](C)[C@@H]2N[C@@H](COCCOC)O[C@H]([C@H]2C)[C@]1(C)O,,-1,834.55,16,5,2.2,196.33
1685,1685,1686,flurithromycin,CC[C@H]1OC(=O)[C@H](C)[C@@H](O[C@H]2C[C@@](C)(OC)[C@@H](O)[C@H](C)O2)[C@H](C)[C@@H](O[C@@H]2O[C@H](C)C[C@H](N(C)C)[C@H]2O)[C@](C)(O)C[C@](C)(F)C(=O)[C@H](C)[C@@H](O)[C@]1(C)O,,-1,751.45,14,5,1.88,193.91
1686,1686,1687,clarithromycin,CC[C@H]1OC(=O)[C@H](C)[C@@H](O[C@H]2C[C@@](C)(OC)[C@@H](O)[C@H](C)O2)[C@H](C)[C@@H](O[C@@H]2O[C@H](C)C[C@H](N(C)C)[C@H]2O)[C@](C)(OC)C[C@@H](C)C(=O)[C@H](C)[C@@H](O)[C@]1(C)O,,-1,747.48,14,4,2.44,182.91
1700,1700,1701,etymemazine,CCc1ccc2c(c1)N(CC(C)CN(C)C)c1ccccc1S2,,1,326.18,3,0,5.05,6.48
1725,1725,1726,guamecycline,CN(C)C1C(=O)C(C(=O)NCN2CCN(C(=N)N=C(N)N)CC2)=C(O)C2(O)C(=O)C3=C(O)c4c(O)cccc4C(C)(O)C3CC12,,-1,626.28,11,9,-1.96,262.36
1726,1726,1727,pipacycline,CN(C)C1C(=O)C(C(=O)NCN2CCN(CCO)CC2)=C(O)C2(O)C(=O)C3=C(O)c4c(O)cccc4C(C)(O)C3CC12,,-1,586.26,12,7,-1.17,194.34
1737,1737,1738,chlorprothixene,CN(C)CC/C=C1/c2ccccc2Sc2ccc(Cl)cc21,,1,315.08,2,0,5.19,3.24
1762,1762,1763,deanol,CN(C)CCO,,1,89.08,2,1,-0.46,23.47
1774,1774,1775,dimethazan,CN(C)CCn1cnc2c1c(=O)n(C)c(=O)n2C,,1,251.14,4,0,-1.0,65.06
1775,1775,1776,cefotiam,CN(C)CCn1nnnc1SCC1=C(C(=O)O)N2C(=O)[C@@H](NC(=O)Cc3csc(N)n3)[C@H]2SC1,,-1,525.1,12,3,-0.65,172.46
1779,1779,1780,apicycline,CN(C)[C@@H]1C(=O)C(C(=O)NC(C(=O)O)N2CCN(CCO)CC2)=C(O)[C@@]2(O)C(=O)C3=C(O)c4c(O)cccc4[C@@](C)(O)[C@H]3C[C@@H]12,,-1,630.25,13,8,-1.72,231.64
1780,1780,1781,pecocycline,CN(C)[C@@H]1C(=O)C(C(=O)NCN2CCCC(C(=O)O)C2)=C(O)[C@@]2(O)C(=O)C3=C(O)c4c(O)cccc4[C@@](C)(O)[C@H]3C[C@@H]12,,-1,585.23,11,7,0.01,208.17
1781,1781,1782,penimocyclin,CN(C)[C@@H]1C(=O)C(C(=O)NCNC(C(=O)NC2C(=O)N3C2SC(C)(C)C3C(=O)O)c2ccccc2)=C(O)[C@@]2(O)C(=O)C3=C(O)c4c(O)cccc4[C@@](C)(O)[C@H]3C[C@@H]12,,-1,805.26,14,9,0.18,266.37
1782,1782,1783,clomocycline,CN(C)[C@@H]1C(=O)C(C(=O)NCO)=C(O)[C@@]2(O)C(=O)C3=C(O)c4c(O)ccc(Cl)c4[C@@](C)(O)[C@H]3C[C@@H]12,,-1,508.12,10,7,-0.14,187.86
1783,1783,1784,demeclocycline,CN(C)[C@@H]1C(=O)C(C(N)=O)=C(O)[C@@]2(O)C(=O)C3=C(O)c4c(O)ccc(Cl)c4[C@@H](O)[C@H]3C[C@@H]12,,-1,464.1,9,6,0.11,181.62
1784,1784,1785,auxeomycin,CN(C)[C@@H]1C(=O)C(C(N)=O)=C(O)[C@@]2(O)C(=O)C3=C(O)c4c(O)ccc(Cl)c4[C@@](C)(O)[C@H]3C[C@@H]12,,-1,478.11,9,6,0.28,181.62
1785,1785,1786,nitrocycline,CN(C)[C@@H]1C(=O)C(C(N)=O)=C(O)[C@@]2(O)C(=O)C3=C(O)c4c(O)ccc([N+](=O)[O-])c4C[C@H]3C[C@@H]12,,-1,459.13,10,5,-0.13,204.53
1786,1786,1787,demecycline,CN(C)[C@@H]1C(=O)C(C(N)=O)=C(O)[C@@]2(O)C(=O)C3=C(O)c4c(O)cccc4[C@@H](O)[C@H]3C[C@@H]12,,-1,430.14,9,6,-0.55,181.62
1787,1787,1788,tetracycline,CN(C)[C@@H]1C(=O)C(C(N)=O)=C(O)[C@@]2(O)C(=O)C3=C(O)c4c(O)cccc4[C@@](C)(O)[C@H]3C[C@@H]12,,-1,444.15,9,6,-0.37,181.62
1788,1788,1789,oxytetracycline dihydrate,CN(C)[C@@H]1C(=O)C(C(N)=O)=C(O)[C@@]2(O)C(=O)C3=C(O)c4c(O)cccc4[C@@](C)(O)[C@H]3[C@H](O)[C@@H]12,,-1,460.15,10,7,-1.4,201.85
1789,1789,1790,amicycline,CN(C)[C@@H]1C(=O)C(C(N)=O)=C(O)[C@@]2(O)C(=O)C3=C(O)c4c(ccc(N)c4O)C[C@H]3C[C@@H]12,,-1,429.15,9,6,-0.45,187.41
1791,1791,1792,cinfenine,CN(C/C=C/c1ccccc1)CCOC(c1ccccc1)c1ccccc1,,1,357.21,2,0,5.44,12.47
1792,1792,1793,lofepramine,CN(CCCN1c2ccccc2CCc2ccccc21)CC(=O)c1ccc(Cl)cc1,,1,418.18,3,0,5.78,23.55
1793,1793,1794,etamocycline,CN(CCN(C)CNC(=O)C1=C(O)[C@@]2(O)C(=O)C3=C(O)c4c(O)cccc4[C@@](C)(O)[C@H]3C[C@H]2[C@H](N(C)C)C1=O)CNC(=O)C1=C(O)[C@@]2(O)C(=O)C3=C(O)c4c(O)cccc4[C@@](C)(O)[C@H]3C[C@H]2[C@H](N(C)C)C1=O,,-1,1000.41,20,12,-0.69,341.74
1794,1794,1795,azipramine,CN(CCc1cc2cccc3c2n1-c1ccccc1CC3)Cc1ccccc1,,1,366.21,1,0,5.4,8.17
1795,1795,1796,streptozocin,CN(N=O)C(=O)N[C@H]1[C@@H](O)O[C@H](CO)[C@@H](O)[C@@H]1O,,-1,265.09,8,5,-2.89,151.92
1896,1896,1897,aspoxicillin,CNC(=O)C[C@@H](N)C(=O)N[C@@H](C(=O)N[C@@H]1C(=O)N2[C@@H](C(=O)O)C(C)(C)S[C@H]12)c1ccc(O)cc1,,-1,493.16,8,6,-1.36,191.16
1902,1902,1903,gentamicin,CNC(C)C1CCC(N)C(OC2C(N)CC(N)C(OC3OCC(C)(O)C(NC)C3O)C2O)O1,,-1,477.32,12,8,-3.33,199.73
1905,1905,1906,isepamicin,CNC1C(O)C(OC2C(NC(=O)C(O)CN)CC(N)C(OC3OC(CN)C(O)C(O)C3O)C2O)OCC1(C)O,,-1,569.29,16,12,-7.52,297.72
1927,1927,1928,lenapenem,CNCC[C@@H](O)[C@@H]1C[C@H](SC2=C(C(=O)O)N3C(=O)[C@H]([C@@H](C)O)[C@H]3[C@H]2C)CN1,,-1,399.18,7,5,-0.43,122.13
1935,1935,1936,sisomicin,CN[C@@H]1[C@@H](O)[C@@H](O[C@@H]2[C@@H](O)[C@H](O[C@H]3OC(CN)=CC[C@H]3N)[C@@H](N)C[C@H]2N)OC[C@]1(C)O,,-1,447.27,12,8,-3.85,213.72
1936,1936,1937,sr-05000001656,CN[C@@H]1[C@@H](O[C@H]2O[C@H](CO)[C@@H](N)[C@H](O)[C@H]2O)O[C@H]2C[C@@H](N)[C@H](O[C@@H]3[C@@H](N)C[C@@H](N)[C@H](O)[C@H]3O)O[C@@H]2[C@@H]1O,,-1,539.28,16,11,-6.95,283.64
1937,1937,1938,streptomycin,CN[C@@H]1[C@H](O[C@H]2[C@H](O[C@@H]3[C@@H](N=C(N)N)[C@H](O)[C@@H](N=C(N)N)[C@H](O)[C@H]3O)O[C@@H](C)[C@]2(O)C=O)O[C@@H](CO)[C@H](O)[C@H]1O,,-1,581.27,15,12,-8.16,336.43
1938,1938,1939,prestwick0_000159,CN[C@@H]1[C@H](O[C@H]2[C@H](O[C@@H]3[C@@H](O)[C@H](O)[C@@H](N=C(N)N)[C@H](O)[C@H]3N=C(N)N)O[C@@H](C)[C@]2(O)CO)O[C@@H](CO)[C@H](O)[C@H]1O,,-1,583.28,15,13,-8.37,339.59
1939,1939,1940,1404-90-6,CN[C@H](CC(C)C)C(=O)NC1C(=O)N[C@@H](CC(N)=O)C(=O)N[C@H]2C(=O)N[C@H]3C(=O)N[C@H](C(=O)N[C@@H](C(=O)O)c4cc(O)cc(O)c4-c4cc3ccc4O)[C@H](O)c3ccc(c(Cl)c3)Oc3cc2cc(c3O[C@@H]2O[C@H](CO)[C@@H](O)[C@H](O)[C@H]2O[C@H]2C[C@](C)(N)[C@H](O)[C@H](C)O2)Oc2ccc(cc2Cl)[C@H]1O,,-1,1447.43,25,19,0.11,530.49
1942,1942,1943,oximonam,CO/N=C(/C(=O)NC1C(=O)N(OCC(=O)O)[C@H]1C)c1csc(N)n1,,-1,357.07,9,3,-1.19,156.44
1944,1944,1945,gloximonam,CO/N=C(/C(=O)N[C@@H]1C(=O)N(OCC(=O)OCC(=O)OC(C)(C)C)[C@H]1C)c1csc(N)n1,,-1,471.14,12,2,-0.39,171.74
1945,1945,1946,ceftiolene,CO/N=C(/C(=O)N[C@@H]1C(=O)N2C(C(=O)O)=C(/C=C/Sc3n[nH]c(=O)c(=O)n3CC=O)CS[C@H]12)c1csc(N)n1,,-1,594.04,14,4,-1.44,232.03
1946,1946,1947,cefetamet,CO/N=C(/C(=O)N[C@@H]1C(=O)N2C(C(=O)O)=C(C)CS[C@H]12)c1csc(N)n1,,-1,397.05,9,3,-0.17,147.21
1947,1947,1948,39685-31-9,CO/N=C(/C(=O)N[C@@H]1C(=O)N2C(C(=O)O)=C(COC(C)=O)CS[C@H]12)c1ccco1,,-1,423.07,9,2,-0.07,147.74
1948,1948,1949,ceftioxide,CO/N=C(/C(=O)N[C@@H]1C(=O)N2C(C(=O)O)=C(COC(C)=O)C[S+]([O-])[C@H]12)c1csc(N)n1,,-1,471.05,11,3,-1.61,196.57
1949,1949,1950,cefuroxime,CO/N=C(/C(=O)N[C@@H]1C(=O)N2C(C(=O)O)=C(COC(N)=O)CS[C@H]12)c1ccco1,,1,424.07,9,3,-0.54,173.76
1950,1950,1951,ceftiofur,CO/N=C(/C(=O)N[C@@H]1C(=O)N2C(C(=O)O)=C(CSC(=O)c3ccco3)CS[C@H]12)c1csc(N)n1,,-1,523.03,12,3,0.98,177.42
1951,1951,1952,cefuzonam,CO/N=C(/C(=O)N[C@@H]1C(=O)N2C(C(=O)O)=C(CSc3cnns3)CS[C@H]12)c1csc(N)n1,,-1,513.0,13,3,0.46,172.99
1952,1952,1953,ceftriaxone,CO/N=C(/C(=O)N[C@@H]1C(=O)N2C(C(=O)O)=C(CSc3nc(=O)c(=O)[nH]n3C)CS[C@H]12)c1csc(N)n1,,1,554.05,13,4,-1.61,214.96
1953,1953,1954,cefmenoxime,CO/N=C(/C(=O)N[C@@H]1C(=O)N2C(C(=O)O)=C(CSc3nnnn3C)CS[C@H]12)c1csc(N)n1,,-1,511.05,13,3,-0.87,190.81
1954,1954,1955,82547-58-8,CO/N=C(/C(=O)N[C@@H]1C(=O)N2C(C(=O)O)=C(Cn3nnc(C)n3)CS[C@H]12)c1csc(N)n1,,-1,479.08,12,3,-1.19,190.81
1955,1955,1956,ceftizoxime,CO/N=C(/C(=O)N[C@@H]1C(=O)N2C(C(=O)O)=CCS[C@H]12)c1csc(N)n1,,-1,383.04,9,3,-0.56,147.21
1956,1956,1957,cefuroxime-axetil,CO/N=C(/C(=O)N[C@@H]1C(=O)N2C(C(=O)OC(C)OC(C)=O)=C(COC(N)=O)CS[C@H]12)c1ccco1,,-1,510.11,12,2,-0.17,189.06
1957,1957,1958,schembl13576356,CO/N=C(/C(=O)N[C@H]1C(=O)N2C(C(=O)O)=C(COC(C)=O)CS[C@@H]12)c1csc(N)n1,,1,455.06,11,3,-0.62,173.51
1958,1958,1959,cefodizime,CO/N=C(\C(=O)N[C@@H]1C(=O)N2C(C(=O)O)=C(CSc3nc(C)c(CC(=O)O)s3)CS[C@H]12)c1csc(N)n1,,-1,584.03,13,4,1.0,197.4
1976,1976,1977,cefroxadine,COC1=C(C(=O)O)N2C(=O)C(NC(=O)C(N)C3C=CCC=C3)C2SC1,,-1,365.1,6,3,-0.21,121.96
1979,1979,1980,spiramycin,COC1C(O)CC(=O)OC(C)C/C=C/C=C/C(OC2CCC(N(C)C)C(C)O2)C(C)CC(CC=O)C1OC1OC(C)C(OC2CC(C)(O)C(O)C(C)O2)C(N(C)C)C1O,,-1,842.51,16,4,2.33,195.38
1980,1980,1981,rifampin (rifampicin),COC1C=COC2(C)Oc3c(C)c(O)c4c(O)c(c(C=NN5CCN(C)CC5)c(O)c4c3C2=O)NC(=O)C(C)=CC=CC(C)C(O)C(C)C(O)C(C)C(OC(C)=O)C1C,,-1,822.41,15,6,4.34,220.15
1981,1981,1982,oleandomycin,COC1CC(O[C@@H]2[C@@H](C)C(=O)O[C@H](C)[C@H](C)[C@H](O)[C@@H](C)C(=O)[C@@]3(CO3)C[C@H](C)[C@H](OC3OC(C)CC(N(C)C)C3O)[C@H]2C)OC(C)C1O,,-1,687.42,13,3,1.91,165.98
1984,1984,1985,mibefradil,COCC(=O)O[C@]1(CCN(C)CCCc2nc3ccccc3[nH]2)CCc2cc(F)ccc2[C@@H]1C(C)C,,-1,495.29,5,1,5.27,67.45
1985,1985,1986,schembl417203,COCC1=C(C(=O)O)N2C(=O)[C@@H](NC(=O)/C(=N/O)c3csc(N)n3)[C@H]2SC1,,-1,413.05,10,4,-0.71,167.44
1986,1986,1987,cefpodoxime,COCC1=C(C(=O)O)N2C(=O)[C@@H](NC(=O)/C(=N/OC)c3csc(N)n3)[C@H]2SC1,,-1,427.06,10,3,-0.54,156.44
1989,1989,1990,cefuroxime-pivoxetil,COCCCC(=O)OC(C)OC(=O)C1=C(COC(N)=O)CS[C@@H]2[C@H](NC(=O)/C(=N/OC)c3ccco3)C(=O)N12,,-1,568.15,13,2,0.24,198.29
1996,1996,1997,gedocarnil,COCc1c(C(=O)OC(C)C)ncc2[nH]c3cccc(Oc4ccc(Cl)cc4)c3c12,,1,424.12,5,1,5.87,73.44
2000,2000,2001,novobiocin sodium,CO[C@@H]1[C@@H](OC(N)=O)[C@@H](O)[C@H](Oc2ccc3c(O)c(NC(=O)c4ccc(O)c(CC=C(C)C)c4)c(=O)oc3c2C)OC1(C)C,,-1,612.23,11,5,3.63,200.01
2001,2001,2002,josamycin,CO[C@@H]1[C@@H](O[C@@H]2O[C@H](C)[C@@H](O[C@H]3C[C@@](C)(O)[C@@H](OC(=O)CC(C)C)[C@H](C)O3)[C@H](N(C)C)[C@H]2O)[C@@H](CC=O)C[C@@H](C)[C@@H](O)/C=C/C=C/C[C@@H](C)OC(=O)C[C@H]1OC(C)=O,,-1,827.47,16,3,3.01,206.05
2004,2004,2005,flomoxef,CO[C@@]1(NC(=O)CSC(F)(F)F)C(=O)N2C(C(=O)O)=C(CSc3nnnn3CCO)CO[C@@H]21,,-1,514.06,11,3,-0.99,169.0
2005,2005,2006,cefmetazole,CO[C@@]1(NC(=O)CSCC#N)C(=O)N2C(C(=O)O)=C(CSc3nnnn3C)CS[C@@H]21,,-1,471.05,11,2,-0.73,163.33
2006,2006,2007,cefminox,CO[C@@]1(NC(=O)CSC[C@@H](N)C(=O)O)C(=O)N2C(C(=O)O)=C(CSc3nnnn3C)CS[C@@H]21,,-1,519.07,12,4,-1.84,202.86
2007,2007,2008,mitomycin,CO[C@@]12[C@H](COC(N)=O)C3=C(C(=O)C(C)=C(N)C3=O)N1C[C@@H]1N[C@@H]12,,-1,334.13,8,3,-1.65,146.89
2008,2008,2009,plicamycin,CO[C@H](C(=O)[C@@H](O)[C@@H](C)O)[C@@H]1Cc2cc3cc(O[C@H]4C[C@@H](O[C@H]5C[C@@H](O)[C@H](O)[C@@H](C)O5)[C@H](O)[C@@H](C)O4)c(C)c(O)c3c(O)c2C(=O)[C@H]1O[C@H]1C[C@@H](O[C@H]2C[C@@H](O[C@H]3C[C@](C)(O)[C@H](O)[C@@H](C)O3)[C@H](O)[C@@H](C)O2)[C@H](O)[C@@H](C)O1,,1,1084.47,24,11,-0.25,358.2
2009,2009,2010,rifapentine,CO[C@H]1/C=C/O[C@@]2(C)Oc3c(C)c(O)c4c(O)c(c(C=NN5CCN(C6CCCC6)CC5)c(O)c4c3C2=O)NC(=O)/C(C)=C\C=C\[C@H](C)[C@H](O)[C@@H](C)[C@@H](O)[C@@H](C)[C@H](OC(C)=O)[C@@H]1C,,-1,876.45,15,6,5.65,220.15
2010,2010,2011,rifabutin,CO[C@H]1/C=C/O[C@@]2(C)Oc3c(C)c(O)c4c(O)c(c5c(c4c3C2=O)NC2(CCN(CC(C)C)CC2)N=5)=NC(=O)/C(C)=C\C=C\[C@H](C)[C@H](O)[C@@H](C)[C@@H](O)[C@@H](C)[C@H](OC(C)=O)[C@@H]1C,,-1,846.44,14,5,4.75,209.04
2011,2011,2012,rifaximin,CO[C@H]1/C=C/O[C@@]2(C)Oc3c(C)c(O)c4c(O)c(c5c(nc6cc(C)ccn65)c4c3C2=O)NC(=O)/C(C)=C\C=C\[C@H](C)[C@H](O)[C@@H](C)[C@@H](O)[C@@H](C)[C@H](OC(C)=O)[C@@H]1C,,-1,785.35,12,5,6.16,198.38
2012,2012,2013,rifamycin,CO[C@H]1/C=C/O[C@@]2(C)Oc3c(C)c(O)c4c(O)c(cc(O)c4c3C2=O)NC(=O)/C(C)=C\C=C\[C@H](C)[C@H](O)[C@@H](C)[C@@H](O)[C@@H](C)[C@H](OC(C)=O)[C@@H]1C,,-1,697.31,12,6,4.75,201.31
2014,2014,2015,troleandomycin,CO[C@H]1C[C@H](O[C@@H]2[C@@H](C)C(=O)O[C@H](C)[C@H](C)[C@H](OC(C)=O)[C@@H](C)C(=O)[C@]3(CO3)C[C@H](C)[C@H](O[C@@H]3O[C@H](C)C[C@H](N(C)C)[C@H]3OC(C)=O)[C@H]2C)O[C@@H](C)[C@@H]1OC(C)=O,,-1,813.45,16,0,3.62,184.19
2015,2015,2016,astromicin,CO[C@H]1[C@@H](O)[C@H](N)[C@@H](O[C@H]2O[C@H](C(C)N)CC[C@H]2N)[C@H](O)[C@@H]1N(C)C(=O)CN,,-1,405.26,10,6,-3.59,192.54
2024,2024,2025,metofenazate,COc1cc(C(=O)OCCN2CCN(CCCN3c4ccccc4Sc4ccc(Cl)cc43)CC2)cc(OC)c1OC,,1,597.21,9,0,5.83,63.71
2027,2027,2028,teniposide,COc1cc([C@@H]2c3cc4c(cc3[C@@H](OC3OC5COC(c6cccs6)OC5C(O)C3O)[C@H]3COC(=O)[C@H]23)OCO4)cc(OC)c1O,,1,656.16,14,3,2.75,160.83
2040,2040,2041,diosmin,COc1ccc(-c2cc(=O)c3c(O)cc(O[C@@H]4O[C@H](CO[C@@H]5O[C@@H](C)[C@H](O)[C@@H](O)[C@H]5O)[C@@H](O)[C@H](O)[C@H]4O)cc3o2)cc1O,,-1,608.17,15,8,-1.09,238.2
2046,2046,2047,schembl20815730,COc1ccc(C[C@H](N)C(=O)NC2[C@@H](CO)O[C@@H](n3cnc4c(N(C)C)ncnc43)[C@@H]2O)cc1,,-1,471.22,10,4,-0.79,160.88
2054,2054,2055,mindoperone,COc1ccc2c(C3CCN(CCCC(=O)c4ccc(F)cc4)CC3)c(C)[nH]c2c1,,1,408.22,3,1,5.47,45.33
2060,2060,2061,oxyridazine,COc1ccc2c(c1)N(CCC1CCCCN1C)c1ccccc1S2,,1,354.18,4,0,5.17,15.71
2073,2073,2074,zorubicin,COc1cccc2c1C(=O)c1c(O)c3c(c(O)c1C2=O)C[C@@](O)(/C(C)=N/NC(=O)c1ccccc1)C[C@@H]3O[C@H]1C[C@H](N)[C@H](O)[C@H](C)O1,,-1,645.23,12,6,2.25,210.23
2074,2074,2075,pirarubicin,COc1cccc2c1C(=O)c1c(O)c3c(c(O)c1C2=O)C[C@@](O)(C(=O)CO)C[C@@H]3O[C@H]1C[C@H](N)[C@H](O[C@H]2CCCCO2)[C@H](C)O1,,-1,627.23,13,5,1.55,204.3
2075,2075,2076,leurubicin,COc1cccc2c1C(=O)c1c(O)c3c(c(O)c1C2=O)C[C@@](O)(C(=O)CO)C[C@@H]3O[C@H]1C[C@H](NC(=O)[C@@H](N)CC(C)C)[C@H](O)[C@H](C)O1,,-1,656.26,13,7,0.53,235.17
2076,2076,2077,daunorubicin,COc1cccc2c1C(=O)c1c(O)c3c(c(O)c1C2=O)C[C@@](O)(C(C)=O)C[C@@H]3O[C@H]1C[C@H](N)[C@H](O)[C@H](C)O1,,-1,527.18,11,5,1.03,185.84
2077,2077,2078,4'-deoxyadriamycin,COc1cccc2c1C(=O)c1c(O)c3c(c(O)c1C2=O)C[C@](O)(C(=O)CO)C[C@H]3OC1CC(N)CC(C)O1,,-1,527.18,11,5,1.03,185.84
2095,2095,2096,methiomeprazine(levometiomeprazine),CSc1ccc2c(c1)N(CC(C)CN(C)C)c1ccccc1S2,,1,344.14,4,0,5.21,6.48
2096,2096,2097,dexrazoxane,C[C@@H](CN1CC(=O)NC(=O)C1)N1CC(=O)NC(=O)C1,,-1,268.12,6,2,-2.71,98.82
2097,2097,2098,ritipenem sodium,C[C@@H](O)[C@H]1C(=O)N2C(C(=O)O)=C(COC(N)=O)S[C@H]12,,-1,288.04,6,3,-0.71,130.16
2116,2116,2117,amphotericinb,C[C@@H]1OC(=O)C[C@H](O)C[C@H](O)CC[C@@H](O)[C@H](O)C[C@H](O)C[C@]2(O)C[C@H](O)[C@@H](C(=O)O)[C@H](C[C@@H](O[C@@H]3O[C@H](C)[C@@H](O)[C@H](N)[C@@H]3O)/C=C\C=C/C=C\C=C/C=C\C=C/C=C\[C@H](C)[C@@H](O)[C@H]1C)O2,,-1,923.49,17,12,0.71,319.61
2117,2117,2118,carbidopa,C[C@@](Cc1ccc(O)c(O)c1)(NN)C(=O)O,,-1,226.1,5,5,-0.05,115.81
2122,2122,2123,meropenem,C[C@H](O)C1C(=O)N2C(C(=O)O)=C(S[C@@H]3CN[C@H](C(=O)N(C)C)C3)[C@H](C)C12,,-1,383.15,6,3,-0.31,110.18
2123,2123,2124,imipenem-1-wasser,C[C@H](O)[C@H]1C(=O)N2C(C(=O)O)=C(SCCN=CN)C[C@H]12,,-1,299.09,5,3,-0.39,116.22
2129,2129,2130,digitoxin,C[C@H]1O[C@@H](O[C@H]2[C@@H](O)C[C@H](O[C@H]3[C@@H](O)C[C@H](O[C@H]4CC[C@]5(C)[C@H]6CC[C@]7(C)[C@H](C8=CC(=O)OC8)CC[C@]7(O)[C@@H]6CC[C@@H]5C4)O[C@@H]3C)O[C@@H]2C)C[C@H](O)[C@@H]1O,,-1,764.43,13,5,3.25,182.83
2131,2131,2132,aztreonam,C[C@H]1[C@H](NC(=O)/C(=N/OC(C)(C)C(=O)O)c2csc(N)n2)C(=O)N1S(=O)(=O)O,,-1,435.05,10,4,-1.17,201.58
2133,2133,2134,fluotracen,C[C@H]1c2ccccc2[C@@H](CCCN(C)C)c2cc(C(F)(F)F)ccc21,,1,347.19,1,0,5.64,3.24
2134,2134,2135,tazobactam,C[C@]1(Cn2ccnn2)[C@H](C(=O)O)N2C(=O)C[C@H]2S1(=O)=O,,-1,300.05,6,1,-1.52,122.46
2151,2151,2152,choline,C[N+](C)(C)CCO,,1,104.11,1,1,-0.32,20.23
2152,2152,2153,schembl2734225,C[N+](C)([O-])CC/C=C1/c2ccccc2C=Cc2c(Cl)cccc21,,1,325.12,1,0,5.22,23.06
2159,2159,2160,s-adenosyl-l-methionine,C[S+](CC[C@H](N)C(=O)O)C[C@H]1O[C@@H](n2cnc3c(N)ncnc32)[C@H](O)[C@@H]1O,,1,399.14,9,5,-1.92,182.63
2162,2162,2163,vitamine(alpha-tocopherol),Cc1c(C)c2c(c(C)c1O)CC[C@@](C)(CCC[C@H](C)CCC[C@H](C)CCCC(C)C)O2,,1,430.38,2,1,8.84,29.46
2168,2168,2169,dactinomycin,Cc1c2oc3c(C)ccc(C(=O)NC4C(=O)NC(C(C)C)C(=O)N5CCCC5C(=O)N(C)CC(=O)N(C)C(C(C)C)C(=O)OC4C)c3nc-2c(C(=O)NC2C(=O)NC(C(C)C)C(=O)N3CCCC3C(=O)N(C)CC(=O)N(C)C(C(C)C)C(=O)OC2C)c(N)c1=O,,-1,1254.63,18,5,0.73,359.98
2170,2170,2171,cefpiramide,Cc1cc(=O)c(C(=O)N[C@@H](C(=O)NC2C(=O)N3C(C(=O)O)=C(CSc4nnnn4C)CS[C@H]23)c2ccc(O)cc2)c[nH]1,,-1,612.12,11,5,-0.09,212.5
2174,2174,2175,omeprazole,Cc1cc(C(C)(C)SC(C)(C)CNc2[nH]ccc2[N+](=O)[O-])nc(C)c1C,,1,376.19,5,2,5.1,83.85
2207,2207,2208,tigabine,Cc1ccsc1C(=CCCN1CCC[C@@H](C(=O)O)C1)c1sccc1C,,1,375.13,4,1,5.04,40.54
2228,2228,2229,cefazolin,Cc1nnc(SCC2=C(C(=O)O)N3C(=O)[C@@H](NC(=O)Cn4cnnn4)[C@H]3SC2)s1,,-1,454.03,11,2,-0.64,156.09
2230,2230,2231,cefcanel-daloxate,Cc1nnc(SCC2=C(C(=O)OCc3oc(=O)oc3C)N3C(=O)C(NC(=O)C(OC(=O)C(C)N)c4ccccc4)C3SC2)s1,,-1,661.1,15,2,1.82,197.16
2237,2237,2238,econazole,Clc1ccc(COC(Cn2ccnc2)c2ccc(Cl)cc2Cl)cc1,,-1,380.02,2,0,5.8,27.05
2241,2241,2242,nuclotixene,Clc1ccc2c(c1)/C(=C/C1CN3CCC1CC3)c1ccccc1S2,,1,353.1,2,0,5.58,3.24
2246,2246,2247,clotrimazole,Clc1ccccc1C(c1ccccc1)(c1ccccc1)n1ccnc1,,-1,344.11,1,0,5.38,17.82
2247,2247,2248,ciclotizolam,Clc1ccccc1C1=NCc2nnc(C3CCCCC3)n2-c2sc(Br)cc21,,1,460.01,4,0,6.14,43.07
2250,2250,2251,theodrenaline,Cn1c(=O)c2c(ncn2CCNCC(O)c2ccc(O)c(O)c2)n(C)c1=O,,-1,375.15,7,4,-0.83,134.54
2254,2254,2255,cefivitril,Cn1nnnc1SCC1=C(C(=O)O)N2C(=O)[C@@H](NC(=O)CS/C=C\C#N)[C@H]2SC1,,-1,453.03,10,2,-0.19,154.1
2258,2258,2259,cyclophenazine,FC(F)(F)c1ccc2c(c1)N(CCCN1CCN(C3CC3)CC1)c1ccccc1S2,,1,433.18,4,0,5.48,9.72
2259,2259,2260,oxaflumazine,FC(F)(F)c1ccc2c(c1)N(CCCN1CCN(CCC3OCCCO3)CC1)c1ccccc1S2,,1,507.22,6,0,5.47,28.18
2260,2260,2261,xaliproden,FC(F)(F)c1cccc(C2=CCN(CCc3ccc4ccccc4c3)CC2)c1,,1,381.17,1,0,6.19,3.24
2264,2264,2265,difluanine(difluanazine),Fc1ccc(C(CCCN2CCN(CCNc3ccccc3)CC2)c2ccc(F)cc2)cc1,,1,449.26,3,1,5.61,18.51
2269,2269,2270,quazepam,Fc1ccccc1C1=NCC(=S)N(CC(F)(F)F)c2ccc(Cl)cc21,,1,386.03,2,0,5.03,15.6
2274,2274,2275,savoxepin,N#Cc1ccc2c(c1)C1=C(CCN(CC3CCCC3)CC1)c1ccccc1O2,,1,370.2,3,0,5.86,36.26
2285,2285,2286,paraxazone,NC(=O)CN1C(=O)COc2ccccc21,,1,206.07,3,1,-0.1,72.63
2286,2286,2287,oxiracetam,NC(=O)CN1CC(O)CC1=O,,1,158.07,3,2,-1.94,83.63
2287,2287,2288,piracetam,NC(=O)CN1CCCC1=O,,1,142.07,2,1,-0.91,63.4
2295,2295,2296,carumonam,NC(=O)OCC1[C@H](NC(=O)/C(=N/OCC(=O)O)c2csc(N)n2)C(=O)N1S(=O)(=O)O,,-1,466.02,12,5,-2.88,253.9
2300,2300,2301,m-xylene,NC(=O)c1cnccn1,,1,123.04,3,1,-0.42,68.87
2303,2303,2304,trometamol,NC(CO)(CO)CO,,-1,121.07,4,4,-2.34,86.71
2304,2304,2305,benserazide,NC(CO)C(=O)NNCc1ccc(O)c(O)c1O,,-1,257.1,7,7,-1.76,148.07
2315,2315,2316,dl-cycloserine,NC1CONC1=O,,1,102.04,3,2,-1.62,64.35
2320,2320,2321,dibekacin,NCC1CCC(N)C(OC2C(N)CC(N)C(OC3OC(CO)C(O)C(N)C3O)C2O)O1,,-1,451.26,13,9,-5.27,247.94
2321,2321,2322,kanamycin b,NCC1OC(OC2C(N)CC(N)C(OC3OC(CO)C(O)C(N)C3O)C2O)C(N)C(O)C1O,,-1,483.25,15,11,-7.33,288.4
2322,2322,2323,"(2r,3s,4s,5r,6r)-2-(aminomethyl)-6-[(1r,2r,3s,4r,6s)-4,6-diamino-3-[(2s,3r,4s,5s,6r)-4-amino-3,5-dihydroxy-6-(hydroxymethyl)oxan-2-yl]oxy-2-hydroxycyclohexyl]oxyoxane-3,4,5-triol",NCC1OC(OC2C(N)CC(N)C(OC3OC(CO)C(O)C(N)C3O)C2O)C(O)C(O)C1O,,-1,484.24,15,11,-7.29,282.61
2323,2323,2324,propikacin,NCC1OC(OC2C(N)CC(NC(CO)CO)C(OC3OC(CO)C(O)C(N)C3O)C2O)C(N)C(O)C1O,,-1,557.29,17,13,-8.34,314.87
2324,2324,2325,butikacin,NCCC(O)CNC1CC(N)C(OC2OC(CN)C(O)C(O)C2O)C(O)C1OC1OC(CO)C(O)C(N)C1O,,-1,571.31,17,13,-7.95,314.87
2326,2326,2327,amifostine,NCCCNCCSP(=O)(O)O,,-1,214.05,4,4,-0.25,95.58
2327,2327,2328,arbekacin,NCC[C@H](O)C(=O)N[C@@H]1C[C@H](N)[C@@H](O[C@H]2O[C@H](CN)CC[C@H]2N)[C@H](O)[C@H]1O[C@H]1O[C@H](CO)[C@@H](O)[C@H](N)[C@H]1O,,-1,552.31,15,11,-6.4,297.27
2330,2330,2331,neomycin,NC[C@H]1O[C@H](O[C@@H]2[C@@H](N)C[C@@H](N)[C@H](O)[C@H]2O)[C@H](N)[C@@H](O)[C@@H]1O,,-1,322.19,10,8,-5.12,203.46
2331,2331,2332,tobramycin,NC[C@H]1O[C@H](O[C@@H]2[C@@H](N)C[C@@H](N)[C@H](O[C@H]3O[C@H](CO)[C@@H](O)[C@H](N)[C@H]3O)[C@H]2O)[C@H](N)C[C@@H]1O,,-1,467.26,14,10,-6.3,268.17
2332,2332,2333,ceforanide,NCc1ccccc1CC(=O)N[C@@H]1C(=O)N2C(C(=O)O)=C(CSc3nnnn3CC(=O)O)CS[C@H]12,,-1,519.1,10,4,-0.71,193.63
2352,2352,2353,ceftibuten,Nc1nc(/C(=C/CC(=O)O)C(=O)N[C@@H]2C(=O)N3C(C(=O)O)=CCS[C@H]23)cs1,,-1,410.04,8,4,-0.05,162.92
2355,2355,2356,buciclovir,Nc1nc2c(ncn2CC[C@@H](O)CO)c(=O)[nH]1,,1,239.1,6,4,-1.55,130.05
2356,2356,2357,folic acid,Nc1nc2ncc(CNc3ccc(C(=O)N[C@@H](CCC(=O)O)C(=O)O)cc3)nc2c(=O)[nH]1,,1,441.14,9,6,-0.04,213.28
2357,2357,2358,desciclovir,Nc1ncc2ncn(COCCO)c2n1,,1,209.09,6,2,-0.63,99.08
2363,2363,2364,cloroperone,O=C(CCCN1CCC(C(=O)c2ccc(Cl)cc2)CC1)c1ccc(F)cc1,,1,387.14,3,0,5.04,37.38
2365,2365,2366,clofluperol,O=C(CCCN1CCC(O)(c2ccc(Cl)c(C(F)(F)F)c2)CC1)c1ccc(F)cc1,,1,443.13,3,1,5.44,40.54
2368,2368,2369,timiperone,O=C(CCCN1CCC(n2c(=S)[nH]c3ccccc32)CC1)c1ccc(F)cc1,,1,397.16,3,1,5.14,41.03
2380,2380,2381,dupracetam,O=C(CN1CCCC1=O)NNC(=O)CN1CCCC1=O,,1,282.13,4,2,-1.62,98.82
2381,2381,2382,omiloxetine,O=C(CN1CC[C@H](c2ccc(F)cc2)[C@@H](COc2ccc3c(c2)OCO3)C1)c1ccc(F)cc1,,1,465.18,5,0,5.06,48.0
2398,2398,2399,ceftezole,O=C(Cn1cnnn1)N[C@@H]1C(=O)N2C(C(=O)O)=C(CSc3nncs3)CS[C@H]12,,-1,440.01,11,2,-0.94,156.09
2407,2407,2408,cyclarbamate,O=C(Nc1ccccc1)OCC1(COC(=O)Nc2ccccc2)CCCC1,,1,368.17,4,2,5.04,76.66
2408,2408,2409,cefonicid [inn:ban],O=C(O)C1=C(CSc2nnnn2CS(=O)(=O)O)CS[C@@H]2[C@H](NC(=O)C(O)c3ccccc3)C(=O)N12,,-1,542.03,11,4,-0.92,204.91
2415,2415,2416,mesna,O=C(O)P(=O)(O)O,,1,125.97,2,3,-0.16,94.83
2425,2425,2426,duoperone,O=C(c1ccc(F)cc1)C1CCN(CCCN2c3ccccc3Sc3ccc(C(F)(F)F)cc32)CC1,,1,514.17,4,0,7.43,23.55
2438,2438,2439,taglutimide(biglumide),O=C1CCC(N2C(=O)C3C4CCC(C4)C3C2=O)C(=O)N1,,1,276.11,4,1,-0.18,83.55
2450,2450,2451,dimiracetam,O=C1CN2C(=O)CCC2N1,,1,140.06,2,1,-0.94,49.41
2466,2466,2467,schembl499258,O=C1C[C@H]2SC(C3(O)CN4C(=O)C[C@H]4S3)CN12,,1,272.03,5,1,-0.35,60.85
2483,2483,2484,fluspirilene,O=C1NCN(c2ccccc2)C12CCN(CCCC(c1ccc(F)cc1)c1ccc(F)cc1)CC2,,1,475.24,3,1,5.31,35.58
2496,2496,2497,floxuridine,O=c1[nH]c(=O)n([C@H]2C[C@H](O)[C@@H](CO)O2)cc1F,,-1,246.07,5,3,-1.68,104.55
2499,2499,2500,clopimozide,O=c1[nH]c2cc(Cl)ccc2n1C1CCN(CCCC(c2ccc(F)cc2)c2ccc(F)cc2)CC1,,1,495.19,2,1,6.51,41.03
2503,2503,2504,maprotiline,O=c1[nH]c2ccccc2n1C1CCN(CCCC(c2ccc(F)cc2)c2ccc(F)cc2)CC1,,1,461.23,2,1,5.86,41.03
2506,2506,2507,5-fluorouracil,O=c1[nH]cc(F)c(=O)[nH]1,,-1,130.02,2,2,-0.8,65.72
2507,2507,2508,gaboxadol,O=c1[nH]oc2c1CCNC2,,1,140.06,3,2,-0.39,58.03
2508,2508,2509,isoquercitrin,O=c1c(O[C@@H]2O[C@H](CO)[C@@H](O)[C@H](O)[C@H]2O)c(-c2ccc(O)c(O)c2)oc2cc(O)cc(O)c12,,-1,464.1,12,8,-0.54,210.51
2509,2509,2510,pyridazinone,O=c1cc[nH]nc1,,1,96.03,2,1,-0.23,45.75
2510,2510,2511,58-96-8,O=c1ccn(C2OC(CO)C(O)C2O)c(=O)[nH]1,,1,244.07,6,4,-2.85,124.78
2514,2514,2515,flutroline,OC(CCCN1CCc2c(c3cc(F)ccc3n2-c2ccc(F)cc2)C1)c1ccc(F)cc1,,1,450.19,2,1,5.92,28.4
2523,2523,2524,penfluridol,OC1(c2ccc(Cl)c(C(F)(F)F)c2)CCN(CCCC(c2ccc(F)cc2)c2ccc(F)cc2)CC1,,1,523.17,2,1,7.53,23.47
2528,2528,2529,celucloral,OC1OC(COCCOC(O)C(Cl)(Cl)Cl)C(OC2OC(COCCOCCOC(O)C(Cl)(Cl)Cl)CC(OC(O)C(Cl)(Cl)Cl)C2O)C(OCCOCCOC(O)C(Cl)(Cl)Cl)C1O,,1,1129.89,19,7,2.57,252.37
2530,2530,2531,piflutixol,OCCC1CCN(CC/C=C2\c3ccc(F)cc3Sc3ccc(C(F)(F)F)cc32)CC1,,1,451.16,3,1,6.23,23.47
2543,2543,2544,flupimazine,OCCOC1CCN(CCCN2c3ccccc3Sc3ccc(C(F)(F)F)cc32)CC1,,1,452.17,5,1,5.17,35.94
2545,2545,2546,chloralose,OC[C@@H](O)[C@H]1OC2O[C@H](C(Cl)(Cl)Cl)O[C@@H]2[C@H]1O,,1,307.96,6,3,-0.46,88.38
2546,2546,2547,pentostatin,OC[C@H]1O[C@@H](n2cnc3c2NC=NC[C@H]3O)C[C@@H]1O,,1,268.12,7,4,-0.99,112.13
2548,2548,2549,salicin,OCc1ccccc1O[C@@H]1O[C@H](CO)[C@@H](O)[C@H](O)[C@H]1O,,1,286.11,7,5,-1.64,119.61
2591,2591,2592,estradiol valerate,CCCCC(=O)O[C@H]1CC[C@H]2[C@@H]3CCc4cc(O)ccc4[C@H]3CC[C@]12C,,-1,356.24,3,1,5.35,46.53
2595,2595,2596,cgp-39551,CCOC(=O)C(N)/C=C(\C)CP(=O)(O)O,,1,237.08,4,3,0.0,109.85
2602,2602,2603,cefetametpivoxil,CO/N=C(\C(=O)N[C@@H]1C(=O)N2C(C(=O)OCOC(=O)C(C)(C)C)=C(C)CS[C@H]12)c1csc(N)n1,,-1,511.12,12,2,0.84,162.51
2603,2603,2604,abecarnil,COCc1c(C(=O)OC(C)C)ncc2[nH]c3ccc(OCc4ccccc4)cc3c12,,1,404.17,5,1,5.01,73.44
2604,2604,2605,elacridar,COc1cc2c(cc1OC)CN(CCc1ccc(NC(=O)c3cccc4c(=O)c5cccc(OC)c5[nH]c34)cc1)CC2,,-1,563.24,6,2,5.56,92.89
2606,2606,2607,acarbose,C[C@H]1O[C@H](O[C@@H]2[C@@H](CO)O[C@H](O[C@@H]3[C@@H](CO)OC(O)[C@H](O)[C@H]3O)[C@H](O)[C@H]2O)[C@H](O)[C@@H](O)[C@@H]1N[C@H]1C=C(CO)[C@@H](O)[C@H](O)[C@H]1O,,-1,645.25,19,14,-8.56,321.17
2611,2611,2612,napsagatran,N=C(N)N1CCC[C@@H](CNC(=O)C[C@H](NS(=O)(=O)c2ccc3ccccc3c2)C(=O)N(CC(=O)O)C2CC2)C1,,-1,558.23,6,5,0.67,185.99
2618,2618,2619,miglitol,OCCN1C[C@H](O)[C@@H](O)[C@H](O)[C@H]1CO,,-1,207.11,6,5,-3.26,104.39
2650,2650,2651,,C=C1c2c(Cl)ccc(O)c2C(=O)C2=C(O)C3(O)C(=O)C(C(N)=O)=C(O)[C@@H](N(C)C)[C@H]3[C@@H](O)[C@@H]12,,-1,476.1,9,6,0.22,181.62
2652,2652,2653,,C=C1c2cccc(O)c2C(=O)C2=C(O)C3(O)C(=O)C(C(N)=O)=C(O)[C@@H](N(C)C)[C@H]3[C@@H](O)[C@@H]12,,-1,442.14,9,6,-0.44,181.62
2754,2754,2755,,CC(=O)O[C@H]1CCC2(C)[C@H]3CCC4(C)C(C(C)CCCC(C)C)CC[C@H]4[C@@H]3C[C@H](Br)C2(Br)C1,,1,586.2,2,0,8.93,26.3
2809,2809,2810,,CC(C)C[C@H](N)C(=O)N[C@@H](CCCN)C(=O)N[C@H](C(=O)N[C@@H](CCCN)C(=O)N1CCC[C@H]1C(=O)N[C@H](C=O)Cc1ccccc1)C(C)C,,-1,686.45,9,7,-0.13,231.84
2838,2838,2839,,CC1(C)C(NC/C(=N/OCC(=O)O)c2csc(N)n2)C(=O)N1OS(=O)(=O)O,,-1,423.05,11,4,-1.16,193.74
2879,2879,2880,,CC1(C)S[C@H]2C(NC(=O)[C@@H](N)c3ccccc3)C(=O)N2[C@H]1C(=O)OCOC(=O)[C@@H]1N2C(=O)C[C@@H]2S(=O)(=O)C1(C)C,,-1,594.15,11,2,-0.59,182.48
2968,2968,2969,,CCC(=O)O[C@@H]1[C@H](O[C@H]2C(C)[C@H](O[C@@H]3CC(C)(OC)[C@@H](O)[C@H](C)O3)[C@H](C)C(=O)O[C@@H](CC)C(C)(O)[C@@H](O)[C@H](C)C(=O)[C@@H](C)CC2(C)O)O[C@@H](C)C[C@@H]1N(C)C,,-1,789.49,15,4,2.75,199.98
2998,2998,2999,,CCCC(=O)OCC(=O)C1(OC(=O)CCC)[C@@H](C)C[C@H]2[C@@H]3CCC4=CC(=O)C=CC4(C)C3(Cl)[C@@H](Cl)CC21C,,1,566.22,6,0,6.11,86.74
3069,3069,3070,,CCN(CC)C/C=C(\O)N1c2ccccc2Sc2ccc(C(F)(F)F)cc21,,1,394.13,4,1,6.05,26.71
3082,3082,3083,,CCN1CCN(C(=O)N[C@H](C(=O)NC2C(=O)N3C(C(=O)O)=C(CSc4nnnn4C)CS[C@@H]23)c2ccc(O)cc2)C(=O)C1=O,,1,645.14,12,4,-1.11,220.26
3083,3083,3084,,CCN1CCN(C(=O)N[C@H](C(=O)NC2C(=O)N3[C@H]2SC(C)(C)[C@@H]3C(=O)O)c2ccccc2)C(=O)C1=O,,-1,517.16,7,3,-0.24,156.43
3093,3093,3094,,CCOC(=O)CCC(=O)O[C@@H]1[C@H](O[C@H]2[C@@H](C)[C@H](O[C@@H]3CC(C)(OC)[C@@H](O)[C@H](C)O3)[C@H](C)C(=O)O[C@@H](CC)C(C)(O)[C@@H](O)[C@H](C)C(=O)[C@@H](C)CC2(C)O)O[C@@H](C)C[C@@H]1N(C)C,,-1,861.51,17,4,2.68,226.28
3102,3102,3103,,CCOC(=O)O[C@@H]1[C@H](O[C@H]2[C@@H](C)[C@H](O[C@@H]3CC(C)(OC)[C@@H](O)[C@H](C)O3)[C@H](C)C(=O)O[C@@H](CC)C(C)(O)[C@@H](O)[C@H](C)C(=O)[C@@H](C)CC2(C)O)O[C@@H](C)C[C@@H]1N(C)C,,-1,805.48,16,4,2.97,209.21
3117,3117,3118,,CC[C@@H]1NC(=O)[C@@H](NC(=O)c2ncccc2O)[C@H](C)OC(=O)[C@H](c2ccccc2)NC(=O)[C@@H]2CC(=O)CCN2C(=O)[C@H](Cc2ccccc2)N(C)C(=O)C2CCCN2C1=O,,-1,823.35,11,4,1.2,224.72
3174,3174,3175,,CN(C)[C@@H]1C(=O)C(C(=O)NCN2CCN(/C(N)=N/C(=N)N)CC2)=C(O)C2(O)C(=O)C3=C(O)c4c(O)cccc4C(C)(O)[C@H]3C[C@@H]12,,-1,626.28,11,9,-1.96,262.36
3187,3187,3188,,CN(C)[C@@H]1C(O)=C(C(=O)NCN2CCC[C@H](C(=O)O)C2)C(=O)C2(O)C(O)=C3C(=O)c4c(O)cccc4C(C)(O)[C@H]3C[C@@H]12,,-1,585.23,11,7,0.17,208.17
3188,3188,3189,,CN(C)[C@@H]1C(O)=C(C(=O)NCN2CCN(/C(N)=N/C(=N)N)CC2)C(=O)C2(O)C(O)=C3C(=O)c4c(O)cccc4C(C)(O)[C@H]3C[C@@H]12,,-1,626.28,11,9,-1.8,262.36
3189,3189,3190,,CN(C)[C@@H]1C(O)=C(C(=O)NCN2CCN(CCO)CC2)C(=O)C2(O)C(O)=C3C(=O)c4c(O)cccc4C(C)(O)[C@H]3C[C@@H]12,,-1,586.26,12,7,-1.02,194.34
3190,3190,3191,,CN(C)[C@@H]1C(O)=C(C(=O)NCNCCCC[C@H](N)C(=O)O)C(=O)C2(O)C(O)=C3C(=O)c4c(O)cccc4C(C)(O)[C@H]3C[C@@H]12,,-1,602.26,12,9,-0.45,242.98
3191,3191,3192,,CN(C)[C@@H]1C(O)=C(C(=O)NCN[C@H](C(=O)NC2C(=O)N3[C@H]2SC(C)(C)[C@@H]3C(=O)O)c2ccccc2)C(=O)C2(O)C(O)=C3C(=O)c4c(O)cccc4C(C)(O)[C@H]3C[C@@H]12,,-1,805.26,14,9,0.34,266.37
3192,3192,3193,,CN(C)[C@@H]1C(O)=C(C(=O)NCO)C(=O)C2(O)C(O)=C3C(=O)c4c(O)ccc(Cl)c4C(C)(O)[C@H]3C[C@@H]12,,-1,508.12,10,7,0.02,187.86
3193,3193,3194,,CN(C)[C@@H]1C(O)=C(C(=O)N[C@H](C(=O)O)N2CCN(CCO)CC2)C(=O)C2(O)C(O)=C3C(=O)c4c(O)cccc4C(C)(O)[C@H]3C[C@@H]12,,-1,630.25,13,8,-1.56,231.64
3194,3194,3195,,CN(C)[C@@H]1C(O)=C(C(N)=O)C(=O)C2(O)C(O)=C3C(=O)c4c(O)ccc(Cl)c4[C@@H](O)[C@H]3C[C@@H]12,,-1,464.1,9,6,0.26,181.62
3195,3195,3196,,CN(C)[C@@H]1C(O)=C(C(N)=O)C(=O)C2(O)C(O)=C3C(=O)c4c(O)cccc4C(C)(O)[C@@H]3[C@H](O)[C@H]12,,-1,460.15,10,7,-1.24,201.85
3196,3196,3197,,CN(C)[C@@H]1C(O)=C(C(N)=O)C(=O)C2(O)C(O)=C3C(=O)c4c(O)cccc4C(C)(O)[C@H]3C[C@@H]12,,-1,444.15,9,6,-0.21,181.62
3197,3197,3198,,CN(C)[C@@H]1C(O)=C(C(N)=O)C(=O)C2(O)C(O)=C3C(=O)c4c(ccc(N)c4O)C[C@@H]3C[C@@H]12,,-1,429.15,9,6,-0.3,187.41
3288,3288,3289,,CN[C@@H]1[C@H](O[C@@H]2C(O[C@@H]3[C@@H](O)[C@@H](O)[C@@H](NC(=N)N)[C@H](O)[C@@H]3NC(=N)N)O[C@@H](C)C2(O)CO)O[C@@H](CO)[C@@H](O)[C@H]1O,,-1,583.28,15,15,-7.95,334.59
3290,3290,3291,,CN[C@@H]1[C@H](O[C@@H]2[C@@H](O[C@@H]3[C@@H](O)[C@@H](O)[C@@H](NC(=N)N)[C@H](O)[C@@H]3NC(=N)N)OC(C)C2(O)C=O)O[C@@H](CO)[C@@H](O)[C@H]1O,,-1,581.27,15,14,-7.74,331.43
3298,3298,3299,,CN[C@H]1[C@H](O)[C@H](O[C@H]2[C@@H](N)C[C@H](N)[C@H](O[C@@H]3O[C@H](CN)CC[C@@H]3N)[C@@H]2O)OCC1(C)O,,-1,449.28,12,8,-3.98,213.72
3316,3316,3317,,CO/N=C(/C(=O)NC1C(=O)N2C(C(=O)OCOC(=O)C(C)(C)C)=CCS[C@@H]12)c1csc(NC(=O)[C@H](C)N)n1,,-1,568.14,13,3,0.15,191.61
3318,3318,3319,,CO/N=C(/C(=O)NC1C(=O)N2C(C(=O)O[C@H](C)OC(=O)C(C)(C)OC)=C(COC(N)=O)CS[C@@H]12)c1ccco1,,-1,568.15,13,2,0.24,198.29
3352,3352,3353,,COC1(NC(=O)C2SC(=C(C#N)C(=O)O)S2)C(=O)N2C(C(=O)O)=C(CSc3nnnn3C)CS[C@H]21,,-1,556.99,13,3,-0.36,200.63
3355,3355,3356,,COC1(NC(=O)CSC(F)F)C(=O)N2C(C(=O)O)=C(CSc3nnnn3CCO)CO[C@H]21,,-1,496.06,11,3,-1.29,169.0
3390,3390,3391,,CO[C@H]1/C=C/OC2(C)Oc3c(C)c(O)c4c(c3C2=O)C(=O)/C(=C/NN2CCN(C)CC2)C(=C4O)NC(=O)/C(C)=C\C=C\[C@H](C)[C@H](O)[C@H](C)[C@H](O)[C@H](C)[C@H](OC(C)=O)[C@H]1C,,-1,822.41,15,6,3.43,216.66
3391,3391,3392,,CO[C@H]1/C=C/OC2(C)Oc3c(C)c(O)c4c(c3C2=O)C2=NC3(CCN(CC(C)C)CC3)NC2=C(NC(=O)/C(C)=C\C=C\[C@H](C)[C@H](O)[C@H](C)[C@H](O)[C@H](C)[C@H](OC(C)=O)[C@H]1C)C4=O,,-1,846.44,14,5,4.62,205.55
3400,3400,3401,,CO[C@H]1[C@@H](O)CC(=O)O[C@@H](C)C/C=C/C=C/[C@@H](O)[C@@H](C)C[C@@H](CC=O)[C@@H]1O[C@@H]1O[C@@H](C)[C@@H](O[C@H]2CC(C)(O)[C@@H](O)[C@H](C)O2)[C@@H](N(C)C)[C@@H]1O,,-1,701.4,14,5,0.85,193.91
3407,3407,3408,,COc1cc([C@H]2c3cc4c(cc3[C@@H](O[C@H]3O[C@H]5CO[C@H](c6cccs6)O[C@H]5[C@@H](O)[C@@H]3O)[C@@H]3COC(=O)[C@@H]23)OCO4)cc(OC)c1OC,,-1,670.17,14,2,3.06,149.83
3471,3471,3472,,COc1cccc2c1C(=O)c1c(O)c3c(c(O)c1C2=O)CC(O)([C@@H](O)CO)C[C@@H]3O,,-1,416.11,9,6,-0.05,164.75
3521,3521,3522,,C[C@@H]1O[C@@H](O[C@H]2[C@@H](O)C[C@H](O[C@H]3[C@@H](O)C[C@@H](O[C@H]4CCC5(C)[C@@H](CC[C@H]6[C@@H]5CCC5(C)[C@H](C7=CC(=O)OC7)CCC65O)C4)O[C@H]3C)O[C@H]2C)C[C@H](O)[C@@H]1O,,-1,764.43,13,5,3.25,182.83
3525,3525,3526,chembl1616512,C[C@@H]1O[C@H]1P(=O)(O)O,,1,138.01,2,2,-0.09,70.06
3531,3531,3532,,C[C@@H]1c2cccc(O)c2C(=O)C2=C(O)C3(O)C(=O)C(C(N)=O)=C(O)[C@@H](N(C)C)[C@H]3[C@@H](O)[C@H]21,,-1,444.15,9,6,-0.35,181.62
3532,3532,3533,,C[C@@H]1c2cccc(O)c2C(O)=C2C(=O)C3(O)C(=O)C(C(N)=O)=C(O)[C@@H](N(C)C)[C@H]3[C@@H](O)[C@H]21,,-1,444.15,9,6,-0.5,181.62
3553,3553,3554,,C[C@H]1/C=C/C=C/C=C/C=C/C=C/C=C/C=C/[C@@H](O[C@H]2O[C@@H](C)[C@@H](O)[C@H](N)[C@@H]2O)C[C@@H]2OC(O)(C[C@H](O)[C@@H](O)CC[C@H](O)C[C@H](O)C[C@H](O)CC(=O)O[C@@H](C)[C@@H](C)[C@H]1O)C[C@H](O)[C@@H]2C(=O)O,,-1,923.49,17,12,0.71,319.61
3639,3639,3640,(s)-miconazole,Clc1ccc(CO[C@H](Cn2ccnc2)c2ccc(Cl)cc2Cl)c(Cl)c1,,1,413.99,2,0,6.45,27.05
3649,3649,3650,,Cn1nnnc1SCC1=C(C(=O)O)N2C(=O)C(NC(=O)[C@@H](O)c3ccccc3)[C@@H]2SC1,,-1,462.08,9,3,-0.23,150.54
3674,3674,3675,,NCC[C@H](O)C(=O)N[C@H]1C[C@H](N)[C@H](O[C@@H]2O[C@@H](CN)[C@@H](O)[C@H](O)[C@@H]2O)[C@H](O)[C@H]1O[C@H]1O[C@@H](CO)[C@@H](O)[C@H](N)[C@@H]1O,,-1,585.29,17,13,-8.42,331.94
3682,3682,3683,,NC[C@@H]1O[C@@H](O[C@@H]2C(CO)O[C@@H](O[C@H]3[C@@H](O)[C@@H](N)C[C@H](N)[C@@H]3O[C@@H]3O[C@@H](CN)[C@@H](O)[C@@H](O)[C@@H]3N)[C@H]2O)[C@@H](N)[C@H](O)[C@@H]1O,,-1,614.31,19,13,-8.9,353.11
3705,3705,3706,.beta.-l-xylo-c,Nc1ccn([C@H]2O[C@@H](CO)[C@@H](O)[C@@H]2O)c(=O)n1,,1,243.09,7,4,-2.56,130.83
3708,3708,3709,zinc3830565,Nc1nc(Cl)nc2c1ncn2[C@@H]1C[C@H](O)[C@H](CO)O1,,1,285.06,7,3,-0.3,119.31
3710,3710,3711,levoleucovorin,Nc1nc2c(c(=O)[nH]1)N(C=O)[C@@H](CNc1ccc(C(=O)N[C@@H](CCC(=O)O)C(=O)O)cc1)CN2,,1,473.17,9,7,-0.73,219.84
3712,3712,3713,l-adenosine,Nc1ncnc2c1ncn2[C@H]1O[C@@H](CO)[C@@H](O)[C@@H]1O,,1,267.1,8,4,-1.98,139.54
3768,3768,3769,l-isoascorbic acid,O=C1O[C@@H]([C@@H](O)CO)C(O)=C1O,,1,176.03,6,4,-1.41,107.22
3830,3830,3831,methyclothiazide,CC(C)C1CCC(C(=O)N[C@@H](Cc2ccccc2)C(=O)N2CCCC[C@H]2c2cccnc2)CC1,,-1,461.3,3,1,5.33,62.3
3833,3833,3834,valproic acid,CC(C)c1ccc(CCCNC(=O)[C@@H](C)SCc2ccccc2)cc1,,1,355.2,2,1,5.18,29.1
3835,3835,3836,piroxicam,CC(O)C1([SiH3])CCCCO1,,-1,160.09,2,1,-0.37,29.46
3836,3836,3837,famotidine,CC1CCN(c2ccc([C@@H](C)NC(=O)CCSc3ccccc3)cc2)CC1,,1,382.21,3,1,5.28,32.34
3882,3882,3883,flurazepam,CC[C@H](NC(=O)CCSc1ccccc1)c1ccc(C)c(C)c1,,1,327.17,2,1,5.05,29.1
3886,3886,3887,carbamazepine,CC[C@H](NC(=O)[C@@H](C)Sc1ccccc1)c1ccc(C)cc1C,,1,327.17,2,1,5.05,29.1
3889,3889,3890,mannitol,CC[C@H](NC(=O)c1ccc(CSc2ccc(Cl)cc2)cc1)c1ccc(C)c(C)c1,,-1,423.14,2,1,7.13,29.1
3903,3903,3904,ethionamide,CNc1nc(Oc2cccc(Cl)c2F)c(Cl)cc1Cl,,1,319.97,3,1,5.01,34.15
3914,3914,3915,lomustine,COC(=O)C[C@H](C1=C(O)C(=O)C([C@@H](CC(=O)OC)c2ccc(OC)c(OCC(N)=O)c2)=C(O)C1=O)c1ccc(OC)c(OCC(N)=O)c1,,1,670.2,14,4,1.2,250.3
3942,3942,3943,minocycline,COc1cc(/C=C2/SC(=O)N(CC(=O)Nc3ccc(F)cc3F)C2=O)ccc1Oc1ccc([N+](=O)[O-])cc1[N+](=O)[O-],,1,586.06,10,1,5.26,171.22
3959,3959,3960,levorphanol,COc1ccc(NC(=O)/C(=C/c2ccco2)c2ccccc2)cc1Cl,,1,353.08,3,1,5.12,51.47
4003,4003,4004,midazolam,COc1ccc2c(c1)[C@@H](NC(=O)/C(=C/c1ccco1)c1ccccc1)CC(C)(C)O2,,1,403.18,4,1,5.25,60.7
4013,4013,4014,secobarbital,CS(=O)(=O)[C@@H]1[C@H](c2ccc3c(c2)OCO3)C1(CN)CN,,1,298.1,6,2,-0.17,104.64
4014,4014,4015,streptozotocin,CS(=O)(=O)[C@@H]1[C@H](c2ccc3c(c2)OCO3)[C@@]1(N)CO,,-1,285.07,6,2,-0.38,98.85
4017,4017,4018,sevoflurane,CS(=O)(=O)[C@H]1[C@H](c2ccc3c(c2)OCO3)[C@@]1(CN)CO,,1,299.08,6,2,-0.14,98.85
4018,4018,4019,kanamycin,CS(=O)(=O)[C@H]1[C@H](c2ccccc2)[C@@]1(N)CO,,-1,241.08,4,2,-0.11,80.39
4022,4022,4023,metronidazole,C[C@@H]1CCCN(c2ccc([C@@H](C)NC(=O)/C(=C/c3ccco3)c3ccccc3)cc2)C1,,1,414.23,3,1,5.93,45.48
4045,4045,4046,zonisamide,Cc1ccc(SCCC(=O)N[C@@H](C)c2ccc(N3CCC[C@@H](C)C3)cc2)cc1,,1,396.22,3,1,5.59,32.34
4048,4048,4049,thiotepa,Cc1ccc(S[C@@H](C)C(=O)N[C@@H]2CC(C)(C)Oc3ccc(C)cc32)cc1,,1,369.18,3,1,5.2,38.33
4049,4049,4050,tamoxifen,Cc1ccc(S[C@H](C)C(=O)NCCCc2ccc(OC(C)C)cc2)cc1,,1,371.19,3,1,5.01,38.33
4061,4061,4062,loperamide,Cc1cccc(CSCCNC(=O)/C(=C/c2ccco2)c2ccccc2)c1,,-1,377.14,3,1,5.18,42.24
4087,4087,4088,ketamine,O=C(NCCSc1ccc(Cl)cc1)/C(=C/c1ccco1)c1ccccc1,,1,383.07,3,1,5.38,42.24
4091,4091,4092,sulphur hexafluoride,O=C(Nc1ccc(OC2CCCC2)cc1)c1cc2c(ccc3ccccc32)o1,,1,371.15,3,1,6.16,51.47
4318,4318,4319,valinomycin,CC1COC(=O)C(C(C)C)NC(=O)C(C)OC(=O)C(C(C)C)NC(=O)C(C(C)C)OC(=O)C(C(C)C)NC(=O)C(C)OC(=O)C(C(C)C)NC(=O)C(C)COC(=O)C(C(C)C)NC(=O)C(C)OC(=O)C(C(C)C)NC1=O,,-1,1082.6,18,6,1.57,332.4
4348,4348,4349,gramicidin-s-3,CCC(NC(=O)C1CCCN1C(=O)C(Cc1ccccc1)NC(=O)C(N)CC(C)C)C(=O)NC(CCCN)C(=O)NC(CC(C)C)C(=O)NC(Cc1ccccc1)C(=O)N1CCCC1C(=O)NC(CC)C(=O)NC(C=O)CCCN,,-1,1114.69,13,10,0.76,339.45
4440,4440,4441,"lymecycline, antibiotic for culture media use only",CN(C)C1C(=O)C(C(=O)NCNCCCCC(N)C(=O)O)=C(O)C2(O)C(=O)C3=C(O)c4c(O)cccc4C(C)(O)C3CC12,,-1,602.26,12,9,-0.61,242.98
4497,4497,4498,teicoplanin,COC(=O)C1NC(=O)C2NC(=O)C(NC(=O)C3NC(=O)C4NC(=O)C(NC(=O)C(N)c5ccc(O)c(c5)Oc5cc4cc(O)c5C)C(O)c4ccc(c(Cl)c4)Oc4cc3cc(c4O)Oc3ccc(cc3Cl)C2OC2OC(CO)C(O)C(O)C2NC(C)=O)c2ccc(O)c(c2)-c2c(O)cc(O)cc21,,-1,1444.33,25,18,2.84,504.47
4499,4499,4500,plicamycin,COC(C(=O)C(O)C(C)O)C1Cc2cc3cc(OC4CC(OC5CC(O)C(O)C(C)O5)C(O)C(C)O4)c(C)c(O)c3c(O)c2C(=O)C1OC1CC(OC2CC(O)C(OC3CC(C)(O)C(O)C(C)O3)C(C)O2)C(O)C(C)O1,,1,1084.47,24,11,-0.25,358.2
4665,4665,4666,ceftazidime,CC(C)(ON=C(C(=O)NC1C(=O)N2C(C(=O)O)=C(C[n+]3ccccc3)CSC12)c1csc(N)n1)C(=O)O,,1,547.11,10,4,0.04,188.39
4669,4669,4670,2-ethoxy-6-fluorophenylboronic acid,CCOc1cccc(F)c1B(O)O,,1,184.07,3,2,-0.1,49.69
4740,4740,4741,gramicidin-b,CC(C)CC(NC(=O)C(C)NC(=O)CNC(=O)C(NC=O)C(C)C)C(=O)NC(C)C(=O)NC(C(=O)NC(C(=O)NC(C(=O)NC(Cc1c[nH]c2ccccc12)C(=O)NC(CC(C)C)C(=O)NC(Cc1ccccc1)C(=O)NC(CC(C)C)C(=O)NC(Cc1c[nH]c2ccccc12)C(=O)NC(CC(C)C)C(=O)NC(Cc1c[nH]c2ccccc12)C(=O)NCCO)C(C)C)C(C)C)C(C)C,,-1,1842.06,17,20,3.89,533.2
4742,4742,4743,valinegramicidin a,CC(C)C[C@@H](NC(=O)[C@H](C)NC(=O)CNC(=O)[C@@H](NC=O)C(C)C)C(=O)N[C@@H](C)C(=O)N[C@@H](C(=O)N[C@H](C(=O)N[C@@H](C(=O)N[C@@H](Cc1c[nH]c2ccccc12)C(=O)N[C@H](CC(C)C)C(=O)N[C@@H](Cc1c[nH]c2ccccc12)C(=O)N[C@H](CC(C)C)C(=O)N[C@@H](Cc1c[nH]c2ccccc12)C(=O)N[C@H](CC(C)C)C(=O)N[C@@H](Cc1c[nH]c2ccccc12)C(=O)NCCO)C(C)C)C(C)C)C(C)C,,-1,1881.07,17,21,4.37,548.99
4777,4777,4778,valinomycin,CC1OC(=O)C(C(C)C)NC(=O)C(C(C)C)OC(=O)C(C(C)C)NC(=O)C(C)OC(=O)C(C(C)C)NC(=O)C(C(C)C)OC(=O)C(C(C)C)NC(=O)C(C)OC(=O)C(C(C)C)NC(=O)C(C(C)C)OC(=O)C(C(C)C)NC1=O,,-1,1110.63,18,6,2.34,332.4
4837,4837,4838,cefluprenam,CC[N+](C)(C/C=C/C1=C(C(=O)O)N2C(=O)[C@@H](NC(=O)/C(=N/OCF)c3nsc(N)n3)[C@H]2SC1)CC(N)=O,,-1,557.14,11,4,-0.99,203.19
4871,4871,4872,cefozopran,CO/N=C(/C(=O)N[C@@H]1C(=O)N2C(C(=O)O)=C(C[n+]3ccn4ncccc43)CS[C@H]12)c1nsc(N)n1,,-1,516.09,11,3,-1.16,181.28
4877,4877,4878,cefclidin,CO/N=C(\C(=O)N[C@@H]1C(=O)N2C(C(=O)O)=C(C[N+]34CCC(C(N)=O)(CC3)CC4)CS[C@H]12)c1nsc(N)n1,,-1,551.15,11,4,-1.3,203.19
4878,4878,4879,cefoselis,CO/N=C(\C(=O)N[C@@H]1C(=O)N2C(C(=O)O)=C(C[n+]3ccc(N)n3CCO)CS[C@H]12)c1csc(N)n1,,-1,523.12,11,5,-1.82,202.27
4921,4921,4922,biapenem,C[C@@H](O)[C@H]1C(=O)N2C(C(=O)O)=C(SC3Cn4cnc[n+]4C3)[C@H](C)[C@H]12,,-1,351.11,5,2,-0.56,99.54
4980,4980,4981,cefsulodin,NC(=O)c1cc[n+](CC2=C(C(=O)O)N3C(=O)[C@@H](NC(=O)[C@@H](c4ccccc4)S(=O)(=O)O)[C@H]3SC2)cc1,,-1,533.08,7,4,-0.56,188.05
4991,4991,4992,cefempidone,Nc1ncc(/C(=N\OC2CCNC2=O)C(=O)N[C@@H]2C(=O)N3C(C(=O)O)=C(C[n+]4ccccc4)CS[C@H]23)s1,,-1,544.11,10,4,-0.94,180.19
4995,4995,4996,84880-03-5,O=C(O)C1=C(C[n+]2ccc(CCS(=O)(=O)O)cc2)CS[C@@H]2[C@H](NC(=O)[C@H](NC(=O)c3nc[nH]c3C(=O)O)c3ccccc3)C(=O)N12,,-1,671.12,9,6,-0.26,240.04
5004,5004,5005,clopenthixol,OCCC1CCC(CC/C=C2\c3ccccc3Sc3ccc(Cl)cc32)CC1,,1,398.15,2,1,7.21,20.23
5037,5037,5038,teniposide,COc1cc([C@H]2c3cc4c(cc3[C@H](O[C@H]3O[C@H]5CO[C@H](c6cccs6)O[C@@H]5[C@@H](O)[C@@H]3O)[C@H]3COC(=O)[C@H]23)OCO4)cc(O)c1O,,1,642.14,14,4,2.45,171.83
5069,5069,5070,"(8r,9s,13s,14s,17r)-3-cyclopentyloxy-17-ethynyl-13-methyl-7,8,9,11,12,14,15,16-octahydro-6h-cyclopenta[a]phenanthren-17-ol",C#CC1(O)CCC2C3CCc4cc(OC5CCCC5)ccc4C3CCC21C,,-1,364.24,2,1,5.23,29.46
5070,5070,5071,cinnarizine,C(=C/c1ccccc1)\CN1CCN(C(c2ccccc2)c2ccccc2)CC1,,1,368.23,2,0,5.11,6.48
5071,5071,5072,piperazine citrate,C1CNCCN1,,-1,86.08,2,2,-0.82,24.06
5073,5073,5074,bexarotene,C=C(c1ccc(C(=O)O)cc1)c1cc2c(cc1C)C(C)(C)CCC2(C)C,,-1,348.21,1,1,6.1,37.3
5074,5074,5075,calcitriol,C=C1C(=CC=C2CCCC3(C)C2CCC3C(C)CCCC(C)(C)O)CC(O)CC1O,,-1,416.33,3,3,5.7,60.69
5075,5075,5076,alfacalcidol,C=C1C(=CC=C2CCCC3(C)C2CCC3C(C)CCCC(C)C)CC(O)CC1O,,-1,400.33,2,2,6.59,40.46
5076,5076,5077,ergocalciferol,C=C1CCC(O)CC1=CC=C1CCCC2(C)C1CCC2C(C)C=CC(C)C(C)C,,-1,396.34,1,1,7.64,20.23
5077,5077,5078,cholecalciferol (undefined stereochemistry),C=C1CCC(O)CC1=CC=C1CCCC2(C)C1CCC2C(C)CCCC(C)C,,-1,384.34,1,1,7.62,20.23
5079,5079,5080,"2-methyl-3-(3,7,11,15-tetramethylhexadec-2-enyl)naphthalene-1,4-dione",CC(=CCC1=C(C)C(=O)c2ccccc2C1=O)CCCC(C)CCCC(C)CCCC(C)C,,-1,450.35,2,0,9.16,34.14
5085,5085,5086,iohexol,CC(=O)N(CC(O)CO)c1c(I)c(C(=O)NCC(O)CO)c(I)c(C(=O)NCC(O)CO)c1I,,-1,820.88,9,8,-1.63,199.89
5087,5087,5088,methazolamide,CC(=O)N=c1sc(S(N)(=O)=O)nn1C,,-1,236.0,5,1,-1.42,107.41
5088,5088,5089,acetylcysteine,CC(=O)NC(CS)C(=O)O,,-1,163.03,3,3,-0.49,66.4
5089,5089,5090,acetohydroxamic acid,CC(=O)NO,,-1,75.03,2,2,-0.49,49.33
5092,5092,5093,triacetyl 6-azauridine,CC(=O)OCC1OC(n2ncc(=O)[nH]c2=O)C(OC(C)=O)C1OC(C)=O,,-1,371.1,10,1,-1.74,155.88
5093,5093,5094,acetyldigitoxin,CC(=O)O[C@H]1C[C@H](O[C@H]2[C@@H](O)C[C@H](O[C@H]3[C@@H](O)C[C@H](O[C@H]4CC[C@]5(C)[C@H]6CC[C@]7(C)[C@@H](C8=CC(=O)OC8)CC[C@]7(O)[C@@H]6CC[C@@H]5C4)O[C@@H]3C)O[C@@H]2C)O[C@H](C)[C@H]1O,,-1,806.45,14,4,3.82,188.9
5095,5095,5096,cyclofenil,CC(=O)Oc1ccc(C(=C2CCCCC2)c2ccc(OC(C)=O)cc2)cc1,,-1,364.17,4,0,5.3,52.6
5104,5104,5105,adefovir dipivoxil,CC(C)(C)C(=O)OCOP(=O)(COCCn1cnc2c(N)ncnc21)OCOC(=O)C(C)(C)C,,-1,501.2,12,1,2.7,166.98
5110,5110,5111,dl-pantothenic acid,CC(C)(CO)C(O)C(=O)NCCC(=O)O,,-1,219.11,4,4,-1.04,106.86
5111,5111,5112,dl-panthenol,CC(C)(CO)C(O)C(=O)NCCCO,,-1,205.13,4,4,-1.14,89.79
5116,5116,5117,probucol,CC(C)(Sc1cc(C(C)(C)C)c(O)c(C(C)(C)C)c1)Sc1cc(C(C)(C)C)c(O)c(C(C)(C)C)c1,,-1,516.31,4,2,9.91,40.46
5117,5117,5118,menatetrenone,CC(C)=CCCC(C)=CCCC(C)=CCCC(C)=CCC1=C(C)C(=O)c2ccccc2C1=O,,-1,444.3,2,0,8.92,34.14
5130,5130,5131,beta-carotene,CC(C=CC=C(C)C=CC1=C(C)CCCC1(C)C)=CC=CC=C(C)C=CC=C(C)C=CC1=C(C)CCCC1(C)C,,-1,536.44,0,0,12.61,0.0
5137,5137,5138,apropovir,CC(Cn1cnc2c(N)ncnc21)OCP(=O)(O)O,,-1,287.08,6,3,-0.05,136.38
5141,5141,5142,etidronic acid,CC(O)(P(=O)(O)O)P(=O)(O)O,,-1,205.97,3,5,-0.99,135.29
5142,5142,5143,tetrahydrobiopterin,CC(O)C(O)C1CNc2nc(N)[nH]c(=O)c2N1,,-1,241.12,7,6,-1.7,136.29
5144,5144,5145,tiopronin,CC(S)C(=O)NCC(=O)O,,-1,163.03,3,3,-0.49,66.4
5147,5147,5148,carbenoxolone,CC1(C)[C@@H](OC(=O)CCC(=O)O)CC[C@@]2(C)[C@H]1CC[C@]1(C)[C@@H]2C(=O)C=C2[C@@H]3C[C@@](C)(C(=O)O)CC[C@]3(C)CC[C@]21C,,-1,570.36,5,2,6.83,117.97
5149,5149,5150,dutasteride,CC12C=CC(=O)NC1CCC1C2CCC2(C)C(C(=O)Nc3cc(C(F)(F)F)ccc3C(F)(F)F)CCC12,,-1,528.22,2,2,6.58,58.2
5155,5155,5156,estramustine,CC12CCC3c4ccc(OC(=O)N(CCCl)CCCl)cc4CCC3C1CCC2O,,-1,439.17,3,1,5.18,49.77
5161,5161,5162,nystatin,CC1C=CC=CCCC=CC=CC=CC=CC(OC2OC(C)C(O)C(N)C2O)CC(O)C(C(=O)O)C(O)CC(=O)CC(O)C(O)CCC(O)CC(O)CC(O)CC(=O)OC(C)C(C)C1O,,-1,925.5,17,12,0.78,327.45
5165,5165,5166,dihydrotachysterol,CC1CCC(O)CC1=CC=C1CCCC2(C)C1CCC2C(C)C=CC(C)C(C)C,,-1,398.35,1,1,7.72,20.23
5170,5170,5171,dipipanone,CCC(=O)C(CC(C)N1CCCCC1)(c1ccccc1)c1ccccc1,,1,349.24,2,0,5.22,20.31
5171,5171,5172,fosinopril,CCC(=O)OC(OP(=O)(CCCCc1ccccc1)CC(=O)N1CC(C2CCCCC2)CC1C(=O)O)C(C)C,,-1,563.3,6,1,6.12,110.21
5173,5173,5174,colistin sulfate,CCC(C)CCCC(=O)NC(CCN)C(=O)NC(C(=O)NC(CCN)C(=O)NC1CCNC(=O)C(C(C)O)NC(=O)C(CCN)NC(=O)C(CCN)NC(=O)C(CC(C)C)NC(=O)C(CC(C)C)NC(=O)C(CCN)NC1=O)C(C)O,,-1,1154.75,18,18,-5.83,490.66
5179,5179,5180,ethylnandrol,CCC1(O)CCC2C3CCC4=CCCCC4C3CCC21C,,-1,288.25,1,1,5.09,20.23
5189,5189,5190,174484-81-2,CCCC1(CCc2ccccc2)CC(O)=C(C(CC)c2cccc(NS(=O)(=O)c3ccc(C(F)(F)F)cn3)c2)C(=O)O1,,-1,602.21,6,2,7.33,105.59
5192,5192,5193,orlistat,CCCCCCCCCCCC(CC1OC(=O)C1CCCCCC)OC(=O)C(CC(C)C)NC=O,,-1,495.39,5,1,6.88,81.7
5193,5193,5194,chloramphenicol palmitate,CCCCCCCCCCCCCCCC(=O)OCC(NC(=O)C(Cl)Cl)C(O)c1ccc([N+](=O)[O-])cc1,,-1,560.24,6,2,6.94,118.77
5194,5194,5195,retinol palmitate,CCCCCCCCCCCCCCCC(=O)OCC=C(C)C=CC=C(C)C=CC1=C(C)CCCC1(C)C,,-1,524.46,2,0,11.54,26.3
5195,5195,5196,otilonium,CCCCCCCCOc1ccccc1C(=O)Nc1ccc(C(=O)OCC[N+](C)(CC)CC)cc1,,-1,483.32,4,1,6.32,64.63
5198,5198,5199,halofantrine hydrochloride,CCCCN(CCCC)CCC(O)c1cc2c(Cl)cc(Cl)cc2c2cc(C(F)(F)F)ccc12,,-1,499.17,2,1,8.64,23.47
5199,5199,5200,benzonatate,CCCCNc1ccc(C(=O)OCCOCCOCCOCCOCCOCCOCCOCCOCCOC)cc1,,-1,603.36,12,1,2.83,121.4
5202,5202,5203,proglumetacin,CCCN(CCC)C(=O)C(CCC(=O)OCCCN1CCN(CCOC(=O)Cc2c(C)n(C(=O)c3ccc(Cl)cc3)c3ccc(OC)cc23)CC1)NC(=O)c1ccccc1,,-1,843.4,10,1,6.16,139.72
5207,5207,5208,enprofylline,CCCn1c(=O)[nH]c(=O)c2[nH]cnc21,,-1,194.08,3,2,-0.18,83.54
5210,5210,5211,quinacrine,CCN(CC)CCCC(C)Nc1c2ccc(Cl)cc2nc2ccc(OC)cc12,,-1,399.21,4,1,5.97,37.39
5215,5215,5216,amodiaquine,CCN(CC)Cc1cc(Nc2ccnc3cc(Cl)ccc23)ccc1O,,-1,355.15,4,2,5.18,48.39
5230,5230,5231,"9-(4-methoxy-2,3,6-trimethylphenyl)-3,7-dimethylnona-2,4,6,8-tetraenoic acid ethyl ester",CCOC(=O)C=C(C)C=CC=C(C)C=Cc1c(C)cc(OC)c(C)c1C,,-1,354.22,3,0,5.65,35.53
5234,5234,5235,arbidol,CCOC(=O)c1c(CSc2ccccc2)n(C)c2cc(Br)c(O)c(CN(C)C)c12,,-1,476.08,5,1,5.18,54.7
5236,5236,5237,2-ethoxy-4-[2-[[3-methyl-1-(2-piperidin-1-ylphenyl)butyl]amino]-2-oxoethyl]benzoic acid,CCOc1cc(CC(=O)NC(CC(C)C)c2ccccc2N2CCCCC2)ccc1C(=O)O,,-1,452.27,4,2,5.22,78.87
5239,5239,5240,candesartan cilexetil,CCOc1nc2cccc(C(=O)OC(C)OC(=O)OC3CCCCC3)c2n1Cc1ccc(-c2ccccc2-c2nn[nH]n2)cc1,,-1,610.25,10,1,6.32,143.34
5240,5240,5241,telithromycin,CC[C@H]1OC(=O)[C@H](C)C(=O)[C@H](C)[C@@H](O[C@@H]2O[C@H](C)C[C@H](N(C)C)[C@H]2O)[C@](C)(OC)C[C@@H](C)C(=O)[C@H](C)[C@H]2N(CCCCn3cnc(-c4cccnc4)c3)C(=O)O[C@]12C,,-1,811.47,13,1,4.93,171.85
5243,5243,5244,prifinium,CC[N+]1(CC)CCC(=C(c2ccccc2)c2ccccc2)C1C,,-1,306.22,0,0,5.14,0.0
5247,5247,5248,pipemidic,CCn1cc(C(=O)O)c(=O)c2cnc(N3CCNCC3)nc21,,-1,303.13,6,2,-0.08,100.35
5260,5260,5261,taltirelin,CN1C(=O)CC(C(=O)NC(Cc2cnc[nH]2)C(=O)N2CCCC2C(N)=O)NC1=O,,1,405.18,6,4,-2.15,170.59
5270,5270,5271,metixene,CN1CCCC(CC2c3ccccc3Sc3ccccc32)C1,,1,309.16,2,0,5.02,3.24
5271,5271,5272,clemastinum,CN1CCCC1CCOC(C)(c1ccccc1)c1ccc(Cl)cc1,,1,343.17,2,0,5.1,12.47
5277,5277,5278,marimastat,CNC(=O)C(NC(=O)C(CC(C)C)C(O)C(=O)NO)C(C)(C)C,,-1,331.21,5,5,-0.21,127.76
5279,5279,5280,vancomycin hydrochloride,CNC(CC(C)C)C(=O)NC1C(=O)NC(CC(N)=O)C(=O)NC2C(=O)NC3C(=O)CC(C(=O)NC(C(=O)O)c4cc(O)cc(O)c4-c4cc3ccc4O)C(O)c3ccc(c(Cl)c3)Oc3cc2cc(c3OC2OC(CO)C(O)C(O)C2OC2CC(C)(N)C(O)C(C)O2)Oc2ccc(cc2Cl)C1O,,-1,1446.43,25,18,1.2,518.46
5280,5280,5281,mepartricin,CNc1ccc(C(=O)CC(O)CCC(C)C2OC(=O)CC(O)CC(=O)CC(O)CC(O)CC(O)CC(O)CC3(O)CC(O)C(C(=O)OC)C(O3)C(OC3O[C@H](C)[C@@H](O)[C@H](N)[C@@H]3O)C/C=C/C=C/C=C/C=C\C=C/C=C/C=C/C2C)cc1,,-1,1140.6,21,12,2.83,354.78
5281,5281,5282,aspartame,COC(=O)C(Cc1ccccc1)NC(=O)C(N)CC(=O)O,,-1,294.12,5,3,-0.31,118.72
5283,5283,5284,lercanidipine,COC(=O)C1=C(C)NC(C)=C(C(=O)OC(C)(C)CN(C)CCC(c2ccccc2)c2ccccc2)C1c1cccc([N+](=O)[O-])c1,,-1,611.3,8,1,6.48,111.01
5290,5290,5291,josamycin,COC1C(OC(C)=O)CC(=O)OC(C)CC=CC=CC(O)C(C)CC(CC=O)C1OC1OC(C)C(OC2CC(C)(OC(=O)CC(C)C)C(O)C(C)O2)C(N(C)C)C1O,,-1,827.47,16,3,3.01,206.05
5291,5291,5292,sirolimus,COC1CC2CCC(C)C(O)(O2)C(=O)C(=O)N2CCCCC2C(=O)OC(C(C)CC2CCC(O)C(OC)C2)CC(=O)C(C)C=C(C)C(O)C(OC)C(=O)C(C)CC(C)C=CC=CC=C1C,,-1,913.56,13,3,6.18,195.43
5292,5292,5293,cefditoren pivoxil,CON=C(C(=O)NC1C(=O)N2C(C(=O)OCOC(=O)C(C)(C)C)=C(C=Cc3scnc3C)CSC12)c1csc(N)n1,,-1,620.12,14,2,2.3,175.4
5294,5294,5295,rifabutin,CO[C@H]1/C=C/O[C@@]2(C)Oc3c(C)c(O)c4c(O)c(c5c(c4c3C2=O)=NC2(CCN(CC(C)C)CC2)N=5)NC(=O)/C(C)=C\C=C\[C@H](C)[C@H](O)[C@@H](C)[C@@H](O)[C@@H](C)[C@H](OC(C)=O)[C@@H]1C,,-1,846.44,14,5,4.75,209.04
5300,5300,5301,pinaverium,COc1cc(Br)c(C[N+]2(CCOCCC3CCC4CC3C4(C)C)CCOCC2)cc1OC,,-1,510.22,4,0,5.29,36.92
5301,5301,5302,zafirlukast,COc1cc(C(=O)NS(=O)(=O)c2ccccc2C)ccc1Cc1cn(C)c2ccc(NC(=O)OC3CCCC3)cc12,,-1,575.21,6,2,5.7,115.73
5302,5302,5303,9-cis acitretin,COc1cc(C)c(C=CC(C)=CC=CC(C)=CC(=O)O)c(C)c1C,,-1,326.19,2,1,5.17,46.53
5306,5306,5307,chlorotrianisene,COc1ccc(C(Cl)=C(c2ccc(OC)cc2)c2ccc(OC)cc2)cc1,,-1,380.12,3,0,5.87,27.69
5310,5310,5311,midodrine,COc1ccc(OC)c(C(O)CNC(=O)CN)c1,,-1,254.13,5,3,-0.19,93.81
5313,5313,5314,indometacin,COc1ccc2c(c1)c(CC(=O)OCC=C(C)CCC=C(C)CCC=C(C)C)c(C)n2C(=O)c1ccc(Cl)cc1,,-1,561.26,4,0,8.81,57.53
5319,5319,5320,treosulfan,CS(=O)(=O)OCC(O)C(O)COS(C)(=O)=O,,-1,278.01,8,2,-2.34,127.2
5321,5321,5322,levocarnitine,C[N+](C)(C)CC(O)CC(=O)O,,-1,162.11,2,2,-0.47,57.53
5325,5325,5326,brequinar,Cc1c(-c2ccc(-c3ccccc3F)cc2)nc2ccc(F)cc2c1C(=O)O,,-1,375.11,2,1,5.85,50.19
5333,5333,5334,pyrvinium,Cc1cc(C=Cc2ccc3cc(N(C)C)ccc3[n+]2C)c(C)n1-c1ccccc1,,-1,382.23,1,0,5.31,12.05
5336,5336,5337,riboflavin,Cc1cc2nc3c(=O)[nH]c(=O)nc-3n(CC(O)C(O)C(O)CO)c2cc1C,,-1,376.14,8,5,-1.72,161.56
5340,5340,5341,lidoflazine,Cc1cccc(C)c1NC(=O)CN1CCN(CCCC(c2ccc(F)cc2)c2ccc(F)cc2)CC1,,-1,491.27,3,1,5.75,35.58
5341,5341,5342,meclizine,Cc1cccc(CN2CCN(C(c3ccccc3)c3ccc(Cl)cc3)CC2)c1,,1,390.19,2,0,5.56,6.48
5346,5346,5347,mitotane,Clc1ccc(C(c2ccccc2Cl)C(Cl)Cl)cc1,,-1,317.95,0,0,5.93,0.0
5347,5347,5348,dyphylline,Cn1c(=O)c2c(ncn2CC(O)CO)n(C)c1=O,,-1,254.1,5,2,-2.21,102.28
5348,5348,5349,doxofylline,Cn1c(=O)c2c(ncn2CC2OCCO2)n(C)c1=O,,-1,266.1,5,0,-1.19,80.28
5351,5351,5352,perflubron,FC(F)(F)C(F)(F)C(F)(F)C(F)(F)C(F)(F)C(F)(F)C(F)(F)C(F)(F)Br,,-1,497.89,0,0,6.35,0.0
5352,5352,5353,flunarizine,Fc1ccc(C(c2ccc(F)cc2)N2CCN(C/C=C/c3ccccc3)CC2)cc1,,1,404.21,2,0,5.39,6.48
5353,5353,5354,desmopressin,NC(=O)CCC1NC(=O)C(Cc2ccccc2)NC(=O)C(Cc2ccc(O)cc2)NC(=O)CCSSCC(C(=O)N2CCCC2C(=O)NC(CCCN=C(N)N)C(=O)NCC(N)=O)NC(=O)C(CC(N)=O)NC1=O,,-1,1068.43,15,13,-4.34,437.91
5354,5354,5355,mizoribine,NC(=O)c1ncn(C2OC(CO)C(O)C2O)c1O,,-1,259.08,7,5,-2.7,151.06
5355,5355,5356,droxidopa,NC(C(=O)O)C(O)c1ccc(O)c(O)c1,,1,213.06,5,5,-0.46,124.01
5356,5356,5357,glutamic acid,NC(CCC(=O)O)C(=O)O,,-1,147.05,3,3,-0.74,100.62
5357,5357,5358,loviscol,NC(CSCC(=O)O)C(=O)O,,-1,179.03,4,3,-0.78,100.62
5360,5360,5361,phenformin,NC(N)=NC(N)=NCCc1ccccc1,,-1,205.13,1,3,-0.18,102.78
5361,5361,5362,d-2-galactosamine,NC1C(O)OC(CO)C(O)C1O,,-1,179.08,6,5,-3.25,116.17
5363,5363,5364,pamidronate,NCCC(O)(P(=O)(O)O)P(=O)(O)O,,-1,235.0,4,6,-1.66,161.31
5364,5364,5365,alendronate sodium,NCCCC(O)(P(=O)(O)O)P(=O)(O)O,,-1,249.02,4,6,-1.27,161.31
5367,5367,5368,trientine hydrochloride,NCCNCCNCCN,,-1,146.15,4,4,-1.92,76.1
5368,5368,5369,cysteamine,NCCS,,-1,77.03,2,2,-0.13,26.02
5380,5380,5381,mls003373964,Nc1ccn(C2CSC(CO)O2)c(=O)n1,,-1,229.05,6,2,-0.59,90.37
5381,5381,5382,tirapazamine,Nc1n[n+]([O-])c2ccccc2[n+]1[O-],,-1,178.05,4,1,-0.92,92.79
5383,5383,5384,"azacytidine, 5-",Nc1ncn(C2OC(CO)C(O)C2O)c(=O)n1,,-1,244.08,8,4,-3.17,143.72
5384,5384,5385,adefovir,Nc1ncnc2c1ncn2CCOCP(=O)(O)O,,-1,273.06,6,3,-0.44,136.38
5386,5386,5387,lactulose,O=C(CO)C(O)C(OC1OC(CO)C(O)C(O)C1O)C(O)CO,,-1,342.12,11,8,-5.55,197.37
5391,5391,5392,succimer,O=C(O)C(S)C(S)C(=O)O,,-1,181.97,4,4,-0.25,74.6
5397,5397,5398,edta,O=C(O)CN(CCN(CC(=O)O)CC(=O)O)CC(=O)O,,-1,292.09,6,4,-2.07,155.68
5415,5415,5416,xylose,O=CC(O)C(O)C(O)CO,,-1,150.05,5,4,-2.74,97.99
5420,5420,5421,sucralfate,O=S(=O)(O)OCC1OC(OC2(COS(=O)(=O)O)OC(OS(=O)(=O)O)C(OS(=O)(=O)O)C2OS(=O)(=O)O)C(OS(=O)(=O)O)C(OS(=O)(=O)O)C1OS(=O)(=O)O,,-1,967.76,27,8,-6.82,536.49
5422,5422,5423,isosorbide mononitrate,O=[N+]([O-])OC1COC2C(O)COC12,,-1,191.04,6,1,-1.28,91.06
5423,5423,5424,pentaerythritol tetranitrate,O=[N+]([O-])OCC(CO[N+](=O)[O-])(CO[N+](=O)[O-])CO[N+](=O)[O-],,-1,316.01,12,0,-1.19,209.48
5424,5424,5425,nitroglycerin,O=[N+]([O-])OCC(CO[N+](=O)[O-])O[N+](=O)[O-],,-1,227.0,9,0,-1.02,157.11
5425,5425,5426,erythrityl,O=[N+]([O-])OCC(O[N+](=O)[O-])C(CO[N+](=O)[O-])O[N+](=O)[O-],,-1,302.0,12,0,-1.44,209.48
5426,5426,5427,brivudine,O=c1[nH]c(=O)n(C2CC(O)C(CO)O2)cc1C=CBr,,-1,332.0,5,3,-0.46,104.55
5427,5427,5428,tegafur,O=c1[nH]c(=O)n(C2CCCO2)cc1F,,-1,200.06,3,1,-0.02,64.09
5428,5428,5429,"uridine, 5-(2-bromoethenyl)-",O=c1[nH]c(=O)n(C2OC(CO)C(O)C2O)cc1C=CBr,,-1,348.0,6,4,-1.49,124.78
5430,5430,5431,"1,6-dibromo-1,6-dideoxyhexitol",OC(CBr)C(O)C(O)C(O)CBr,,-1,305.91,4,4,-0.78,80.92
5431,5431,5432,voglibose,OCC(CO)NC1CC(O)(CO)C(O)C(O)C1O,,-1,267.13,8,8,-4.49,153.64
5432,5432,5433,lactitol,OCC(O)C(O)C(OC1OC(CO)C(O)C(O)C1O)C(O)CO,,-1,344.13,11,9,-5.76,200.53
5437,5437,5438,bithionol,Oc1c(Cl)cc(Cl)cc1Sc1cc(Cl)cc(Cl)c1O,,-1,353.88,3,2,5.86,40.46
5439,5439,5440,hexoprenaline,Oc1ccc(C(O)CNCCCCCCNCC(O)c2ccc(O)c(O)c2)cc1O,,-1,420.23,8,8,2.02,145.44
5448,5448,5449,zanamivir,CC(=O)N[C@@H]1[C@@H](N=C(N)N)C=C(C(=O)O)O[C@H]1[C@H](O)[C@H](O)CO,,-1,332.13,7,7,-3.79,200.72
5450,5450,5451,vecuronium bromide,CC(=O)O[C@H]1C[C@@H]2CC[C@@H]3[C@H](CC[C@@]4(C)[C@H]3C[C@H]([N+]3(C)CCCCC3)[C@@H]4OC(C)=O)[C@@]2(C)C[C@@H]1N1CCCCC1,,-1,557.43,5,0,5.97,55.84
5458,5458,5459,gonadorelin,CC(C)C[C@H](NC(=O)CNC(=O)[C@H](Cc1ccc(O)cc1)NC(=O)[C@H](CO)NC(=O)[C@H](Cc1c[nH]c2ccccc12)NC(=O)[C@H](Cc1cnc[nH]1)NC(=O)[C@@H]1CCC(=O)N1)C(=O)N[C@@H](CCCN=C(N)N)C(=O)N1CCC[C@H]1C(=O)NCC(N)=O,,-1,1181.57,15,16,-4.39,474.63
5459,5459,5460,goserelin,CC(C)C[C@H](NC(=O)[C@@H](COC(C)(C)C)NC(=O)[C@H](Cc1ccc(O)cc1)NC(=O)[C@H](CO)NC(=O)[C@H](Cc1c[nH]c2ccccc12)NC(=O)[C@H](Cc1cnc[nH]1)NC(=O)[C@@H]1CCC(=O)N1)C(=O)N[C@@H](CCCN=C(N)N)C(=O)N1CCC[C@H]1C(=O)NNC(N)=O,,-1,1268.64,16,17,-3.11,495.89
5461,5461,5462,octreotide,CC(O)C(CO)NC(=O)C1CSSCC(NC(=O)C(N)Cc2ccccc2)C(=O)NC(Cc2ccccc2)C(=O)NC(Cc2c[nH]c3ccccc23)C(=O)NC(CCCCN)C(=O)NC(C(C)O)C(=O)N1,,-1,1018.44,14,13,-0.81,332.22
5463,5463,5464,permethrin,CC1(C)C(C=C(Cl)Cl)C1C(=O)OCc1cccc(Oc2ccccc2)c1,,-1,390.08,3,0,6.11,35.53
5465,5465,5466,argatroban,CC1CNc2c(cccc2S(=O)(=O)N[C@@H](CCCN=C(N)N)C(=O)N2CC[C@@H](C)C[C@@H]2C(=O)O)C1,,-1,508.25,6,5,0.7,180.21
5478,5478,5479,leuprolide,CCNC(=O)[C@@H]1CCCN1C(=O)[C@H](CCCN=C(N)N)NC(=O)[C@H](CC(C)C)NC(=O)[C@@H](CC(C)C)NC(=O)[C@H](Cc1ccc(O)cc1)NC(=O)[C@H](CO)NC(=O)[C@H](Cc1c[nH]c2ccccc12)NC(=O)[C@H](Cc1cnc[nH]1)NC(=O)[C@@H]1CCC(=O)N1,,-1,1208.65,14,15,-1.44,431.54
5492,5492,5493,oxytocin,CC[C@H](C)[C@@H]1NC(=O)[C@H](Cc2ccc(O)cc2)NC(=O)[C@@H](N)CSSC[C@@H](C(=O)N2CCC[C@H]2C(=O)N[C@@H](CC(C)C)C(=O)NCC(N)=O)NC(=O)[C@H](CC(N)=O)NC(=O)[C@H](CCC(N)=O)NC1=O,,-1,1006.44,15,12,-3.61,399.53
5495,5495,5496,cholestyramine,CCc1ccc(C(C)CCc2ccc([N+](C)(C)C)cc2)cc1,,-1,296.24,0,0,5.18,0.0
5528,5528,5529,fluticasonepropionate,Cc1cc(C(C)(C(=O)OCCOCCOCCO)c2cc(C)c(O)c(C(C)(C)C)c2)cc(C(C)(C)C)c1O,,-1,530.32,7,3,5.18,105.45
5530,5530,5531,tolterodine,Cc1ccc(O)c([C@H](CCN(C(C)C)C(C)C)c2ccccc2)c1,,-1,325.24,2,1,5.34,23.47
5538,5538,5539,colestipol,ClCC1CO1.NCCNCCNCCNCCN,,-1,281.2,6,5,-1.7,100.66
5539,5539,5540,oxiconazole,Clc1ccc(CO/N=C(\Cn2ccnc2)c2ccc(Cl)cc2Cl)c(Cl)c1,,-1,426.98,3,0,6.12,39.41
5548,5548,5549,cidofovir,Nc1ccn(C[C@@H](CO)OCP(=O)(O)O)c(=O)n1,,-1,279.06,6,4,-1.66,147.9
5550,5550,5551,gemcitabine,Nc1ccn([C@@H]2O[C@H](CO)[C@@H](O)C2(F)F)c(=O)n1,,-1,263.07,6,3,-1.29,110.6
5556,5556,5557,isosorbide dinitrate,O=[N+]([O-])O[C@H]1CO[C@H]2[C@@H]1OC[C@H]2O[N+](=O)[O-],,-1,236.03,8,0,-1.06,123.2
5570,5570,5571,chembl306438,C#CCC(Cc1cnc2nc(N)nc(N)c2n1)c1ccc(C(=O)NC(CCC(=O)O)C(=O)O)cc1,,-1,477.18,9,5,0.98,207.3
5580,5580,5581,vocamine,C/C=C1/CN(C)C2Cc3c([nH]c4ccccc34)C(c3cc4[nH]c5c(c4cc3OC)CCN3CC4CC(CC)C3C5(C(=O)OC)C4)CC1C2C(=O)OC,,-1,704.39,7,2,6.49,99.89
5581,5581,5582,perhexiline,C1CCC(C(CC2CCCCN2)C2CCCCC2)CC1,,-1,277.28,1,1,5.3,12.03
5582,5582,5583,doxercalciferol,C=C1/C(=C/C=C2\CCCC3(C)C2CCC3C(C)/C=C/C(C)C(C)C)CC(O)CC1O,,-1,412.33,2,2,6.61,40.46
5583,5583,5584,calcipotriol,C=C1/C(=C/C=C2\CCCC3(C)C2CCC3C(C)/C=C/C(O)C2CC2)CC(O)CC1O,,-1,412.3,3,3,5.09,60.69
5584,5584,5585,eldecalcitol,C=C1/C(=C/C=C2\CCCC3(C)C2CCC3C(C)CCCC(C)(C)O)CC(O)C(OCCCO)C1O,,-1,490.37,5,4,5.08,90.15
5588,5588,5589,entecavir,C=C1C(CO)C(O)CC1n1cnc2c(=O)[nH]c(N)nc21,,-1,277.12,6,4,-0.83,130.05
5591,5591,5592,calcidiol,C=C1CCC(O)C/C1=C\C=C1/CCCC2(C)C1CCC2C(C)CCCC(C)(C)O,,-1,400.33,2,2,6.73,40.46
5593,5593,5594,eribulin,C=C1C[C@@H]2CC[C@@]34C[C@H]5O[C@H]6[C@@H](O3)[C@H]3OC(CC[C@@H]3O[C@H]6[C@H]5O4)CC(=O)C[C@H]3[C@H](C[C@H]4O[C@@H](CC[C@@H]1O2)C[C@@H](C)C4=C)O[C@H](C[C@H](O)CN)[C@@H]3OC,,-1,729.41,12,2,3.44,146.39
5594,5594,5595,224452-66-8,C=CC1(C)CC(OC(=O)CSC2CC3CCC(C2)N3C)C2(C)C(C)CCC3(CCC(=O)C32)C(C)C1O,,-1,517.32,6,1,5.25,66.84
5597,5597,5598,mcule-5010058438,C=CCC1(O)CCC2C3CCC4=CCCCC4C3CCC21C,,-1,300.25,1,1,5.26,20.23
5603,5603,5604,paricalcitol,CC(/C=C/C(C)C(C)(C)O)C1CCC2/C(=C/C=C3CC(O)CC(O)C3)CCCC21C,,-1,416.33,3,3,5.56,60.69
5605,5605,5606,deferoxamine,CC(=O)N(O)CCCCCNC(=O)CCC(=O)N(O)CCCCCNC(=O)CCC(=O)N(O)CCCCCN,,-1,560.35,9,6,0.92,205.84
5606,5606,5607,2-acetamido-2-deoxyglucose,CC(=O)NC(C=O)C(O)C(O)C(O)CO,,-1,221.09,6,5,-3.23,127.09
5608,5608,5609,hms3373j14,CC(=O)Nc1c(I)c(C(=O)NC2C(O)OC(CO)C(O)C2O)c(I)c(N(C)C(C)=O)c1I,,-1,788.85,8,6,-0.03,168.66
5623,5623,5624,ivacaftor,CC(C)(C)c1cc(C(C)(C)C)c(NC(=O)c2c[nH]c3ccccc3c2=O)cc1O,,-1,392.21,3,3,5.08,82.19
5625,5625,5626,2-(3-(diisopropylamino)-1-phenylpropyl)-4-(hydroxymethyl)phenyl isobutyrate,CC(C)C(=O)Oc1ccc(CO)cc1C(CCN(C(C)C)C(C)C)c1ccccc1,,1,411.28,4,1,5.38,49.77
5629,5629,5630,sobuzoxane,CC(C)COC(=O)OCN1C(=O)CN(CCN2CC(=O)N(COC(=O)OCC(C)C)C(=O)C2)CC1=O,,-1,514.23,12,0,-0.14,152.3
5640,5640,5641,epervudine,CC(C)c1cn(C2CC(O)C(CO)O2)c(=O)[nH]c1=O,,-1,270.12,5,3,-0.7,104.55
5641,5641,5642,"thiazol-5-ylmethyl (2r,5r)-5-((s)-2-(3-((2-isopropylthiazol-4-yl)methyl)-3-methylureido)-4-morpholinobutanamido)-1,6-diphenylhexan-2-ylcarbamate",CC(C)c1nc(CN(C)C(=O)NC(CCN2CCOCC2)C(=O)NC(CCC(Cc2ccccc2)NC(=O)OCc2cncs2)Cc2ccccc2)cs1,,-1,775.35,10,3,6.0,138.02
5649,5649,5650,crizotinib,CC(Oc1cc(-c2cnn(C3CCNCC3)c2)cnc1N)c1c(Cl)ccc(F)c1Cl,,-1,449.12,5,2,5.04,77.99
5651,5651,5652,84494-70-2,CC/C=C/C/C=C/C/C=C/C/C=C/C/C=C/CCCC(=O)OCC,,-1,330.26,2,0,6.47,26.3
5652,5652,5653,sulbactam sodium,CC1(C)C(C(=O)O)N2C(=O)CC2S1(=O)=O,,-1,233.04,4,1,-0.79,91.75
5659,5659,5660,dutasteride,CC12CCC3C4C=CC(=O)NC4CCC3C1CCC2C(=O)Nc1cc(C(F)(F)F)ccc1C(F)(F)F,,-1,514.21,2,2,6.19,58.2
5660,5660,5661,nandrobolic,CC12CCC3C4CCC(=O)C=C4CCC3C1CCC2OC(=O)CCc1ccccc1,,-1,406.25,3,0,5.67,43.37
5661,5661,5662,fulvestrant r enantiomer,CC12CCC3c4ccc(O)cc4CC(CCCCCCCCC[S+]([O-])CCCC(F)(F)C(F)(F)F)C3C1CCC2O,,-1,606.32,3,2,8.68,63.52
5665,5665,5666,xanthophyll,CC1=CC(O)CC(C)(C)C1/C=C/C(C)=C/C=C/C(C)=C/C=C/C=C(C)/C=C/C=C(C)/C=C/C1=C(C)CC(O)CC1(C)C,,-1,568.43,2,2,10.4,40.46
5666,5666,5667,natamycin,CC1C/C=C\C=C\C=C/C=C\C(OC2OC(C)C(O)C(N)C2O)CC2OC(O)(CC(O)CC3OC3/C=C\C(=O)O1)CC(O)C2C(=O)O,,-1,665.3,13,7,0.12,230.99
5676,5676,5677,mls002702983,CC1OC(OC2CC(O)C3(CO)C4C(O)CC5(C)C(C6=CC(=O)OC6)CCC5(O)C4CCC3(O)C2)C(O)C(O)C1O,,-1,584.28,12,8,-1.51,206.6
5680,5680,5681,clinofibrate,CCC(C)(Oc1ccc(C2(c3ccc(OC(C)(CC)C(=O)O)cc3)CCCCC2)cc1)C(=O)O,,-1,468.25,4,2,6.2,93.06
5681,5681,5682,cinalukast,CCC(CC)(CC(=O)Nc1cccc(/C=C/c2nc(C3CCC3)cs2)c1)C(=O)O,,-1,412.18,4,2,5.8,79.29
5687,5687,5688,spinosad,CCC1CCCC(OC2CCC(N(C)C)C(C)O2)C(C)C(=O)C2=CC3C(C=C(C)C4CC(OC5OC(C)C(OC)C(OC)C5OC)CC43)C2CC(=O)O1,,-1,745.48,11,0,5.88,111.22
5692,5692,5693,valrubicin,CCCCC(=O)OCC(=O)C1(O)Cc2c(O)c3c(c(O)c2C(OC2CC(NC(=O)C(F)(F)F)C(O)C(C)O2)C1)C(=O)c1c(OC)cccc1C3=O,,-1,723.21,13,5,2.46,215.22
5694,5694,5695,octocrylene,CCCCC(CC)COC(=O)C(C#N)=C(c1ccccc1)c1ccccc1,,-1,361.2,3,0,5.77,50.09
5698,5698,5699,laninamivir octanoate,CCCCCCCC(=O)OCC(O)C(OC)C1OC(C(=O)O)=CC(N=C(N)N)C1NC(C)=O,,-1,472.25,8,5,-0.22,195.79
5700,5700,5701,nandrolone decanoate,CCCCCCCCCC(=O)OC1CCC2C3CCC4=CC(=O)CCC4C3CCC12C,,-1,428.33,3,0,7.18,43.37
5701,5701,5702,clindamycin palmitate,CCCCCCCCCCCCCCCC(=O)O[C@@H]1[C@@H](O)[C@@H](O)[C@@H]([C@H](NC(=O)[C@@H]2C[C@@H](CCC)CN2C)[C@H](C)Cl)O[C@@H]1SC,,-1,662.41,8,3,6.42,108.33
5702,5702,5703,1-docosanol,CCCCCCCCCCCCCCCCCCCCCCO,,-1,326.35,1,1,7.8,20.23
5703,5703,5704,1-hexadecanol,CCCCCCCCCCCCCCCCO,,-1,242.26,1,1,5.46,20.23
5704,5704,5705,thonzonium,CCCCCCCCCCCCCCCC[N+](C)(C)CCN(Cc1ccc(OC)cc1)c1ncccn1,,-1,511.44,4,0,8.05,38.25
5706,5706,5707,bibr 1048,CCCCCCOC(=O)NC(=N)c1ccc(NCc2nc3cc(C(=O)N(CCC(=O)OCC)c4ccccn4)ccc3n2C)cc1,,-1,627.32,9,3,5.81,151.53
5711,5711,5712,"1-butyl-2-(hydroxymethyl)piperidine-3,4,5-triol",CCCCN1CC(O)C(O)C(O)C1CO,,1,219.15,5,4,-1.45,84.16
5714,5714,5715,bremelanotide,CCCC[C@H](NC(C)=O)C(=O)N[C@H]1CC(=O)NCCCC[C@@H](C(=O)O)NC(=O)[C@H](CC2=CNC3C=CC=CC23)NC(=O)[C@H](CCCN=C(N)N)NC(=O)[C@@H](Cc2ccccc2)NC(=O)[C@H](Cc2c[nH]cn2)NC1=O,,-1,1026.54,12,13,-1.39,375.21
5718,5718,5719,dronedarone,CCCCc1oc2ccc(NS(C)(=O)=O)cc2c1C(=O)c1ccc(OCCCN(CCCC)CCCC)cc1,,-1,556.3,6,1,7.05,88.85
5722,5722,5723,vemurafenib,CCCS(=O)(=O)Nc1ccc(F)c(C(=O)c2c[nH]c3ncc(-c4ccc(Cl)cc4)cc23)c1F,,-1,489.07,4,2,5.54,91.92
5725,5725,5726,clomiphene,CCN(CC)CCOc1ccc(/C(=C(/Cl)c2ccccc2)c2ccccc2)cc1,,-1,405.19,2,0,6.56,12.47
5732,5732,5733,netilmicin,CCNC1CC(N)C(OC2OC(CN)=CCC2N)C(O)C1OC1OCC(O)C(NC)C1(C)O,,-1,475.3,12,8,-3.2,199.73
5740,5740,5741,ethyl 10-(2-iodophenyl)undecanoate,CCOC(=O)CCCCCCCCC(C)c1ccccc1I,,-1,416.12,2,0,6.08,26.3
5750,5750,5751,gallamine triethiodide,CC[N+](CC)(CC)CCOc1cccc(OCC[N+](CC)(CC)CC)c1OCC[N+](CC)(CC)CC,,-1,510.46,3,0,5.45,27.69
5752,5752,5753,saprisartan,CCc1nc(C2CC2)c(C(N)=O)n1Cc1ccc2oc(-c3ccccc3NS(=O)(=O)C(F)(F)F)c(Br)c2c1,,-1,610.05,5,2,5.91,120.22
5756,5756,5757,toremifene,CN(C)CCOc1ccc(/C(=C(/CCCl)c2ccccc2)c2ccccc2)cc1,,-1,405.19,2,0,6.22,12.47
5758,5758,5759,schembl15367478,CN(C)c1cc(NC(=O)CNC(C)(C)C)c(O)c2c1CC1CC3C(N(C)C)C(=O)C(C(N)=O)=C(O)C3(O)C(=O)C1=C2O,,-1,585.28,11,7,0.36,205.76
5761,5761,5762,streptozocin,CN(N=O)C(=O)NC1COC(CO)C(O)C1O,,-1,249.1,7,4,-2.21,131.69
5768,5768,5769,dtpa-bma,CNC(=O)CN(CCN(CCN(CC(=O)O)CC(=O)NC)CC(=O)O)CC(=O)O,,-1,419.2,8,5,-3.36,179.82
5769,5769,5770,regorafenib,CNC(=O)c1cc(Oc2ccc(NC(=O)Nc3ccc(Cl)c(C(F)(F)F)c3)c(F)c2)ccn1,,-1,482.08,4,3,5.69,92.35
5771,5771,5772,regadenoson,CNC(=O)c1cnn(-c2nc(N)c3ncn(C4OC(CO)C(O)C4O)c3n2)c1,,-1,390.14,10,5,-2.43,186.46
5774,5774,5775,spectinomicina,CNC1C(O)C(NC)C2OC3(O)C(=O)CC(C)OC3OC2C1O,,-1,332.16,9,5,-2.93,129.51
5787,5787,5788,methyl aminolevulinate,COC(=O)CCC(=O)CN,,-1,145.07,4,1,-0.53,69.39
5789,5789,5790,pibrentasvir,COC(=O)N[C@H](C(=O)N1CCC[C@H]1c1nc2cc(F)c([C@H]3CC[C@H](c4cc5[nH]c([C@@H]6CCCN6C(=O)[C@@H](NC(=O)OC)[C@@H](C)OC)nc5cc4F)N3c3cc(F)c(N4CCC(c5ccc(F)cc5)CC4)c(F)c3)cc2[nH]1)[C@@H](C)OC,,-1,1112.49,12,4,9.45,199.58
5797,5797,5798,sarecycline,CON(C)Cc1ccc(O)c2c1C[C@H]1C[C@H]3[C@H](N(C)C)C(=O)C(C(N)=O)=C(O)[C@@]3(O)C(=O)C1=C2O,,-1,487.2,10,5,-0.04,173.86
5801,5801,5802,tafenoquine,COc1cc(C)c2c(Oc3cccc(C(F)(F)F)c3)c(OC)cc(NC(C)CCCN)c2n1,,-1,463.21,6,2,5.91,78.63
5805,5805,5806,bosutinib,COc1cc(Nc2c(C#N)cnc3cc(OCCCN4CCN(C)CC4)c(OC)cc23)c(Cl)cc1Cl,,-1,529.16,8,1,5.19,82.88
5806,5806,5807,fostamatinib,COc1cc(Nc2ncc(F)c(Nc3ccc4c(n3)N(COP(=O)(O)O)C(=O)C(C)(C)O4)n2)cc(OC)c1OC,,-1,580.15,12,4,3.09,186.72
5808,5808,5809,tubocurarine,COc1cc2c3cc1Oc1cc(ccc1O)CC1c4c(cc(OC)c(O)c4Oc4ccc(cc4)CC3N(C)CC2)CC[N+]1(C)C,,-1,609.3,7,2,6.7,80.62
5810,5810,5811,adapalene,COc1ccc(-c2ccc3cc(C(=O)O)ccc3c2)cc1C12CC3CC(CC(C3)C1)C2,,-1,412.2,2,1,6.68,46.53
5819,5819,5820,ncgc00181151-01,COc1ccc2cc1Oc1cc3c(cc1OC)CC[N+](C)(C)C3Cc1ccc(cc1)Oc1c(OC)c(OC)cc3c1C(C2)[N+](C)(C)CC3,,-1,652.35,6,0,7.45,55.38
5821,5821,5822,letermovir,COc1cccc(N2CCN(C3=Nc4c(F)cccc4[C@H](CC(=O)O)N3c3cc(C(F)(F)F)ccc3OC)CC2)c1,,-1,572.2,7,1,5.71,77.84
5824,5824,5825,nelarabine,COc1nc(N)nc2c1ncn2[C@@H]1O[C@H](CO)[C@@H](O)[C@@H]1O,,-1,297.11,9,4,-1.97,148.77
5827,5827,5828,lapatinib,CS(=O)(=O)CCNCc1ccc(-c2ccc3ncnc(Nc4ccc(OCc5cccc(F)c5)c(Cl)c4)c3c2)o1,,-1,580.13,8,2,6.14,106.35
5829,5829,5830,pentagastrin,CSCCC(NC(=O)C(Cc1c[nH]c2ccccc12)NC(=O)CCNC(=O)OC(C)(C)C)C(=O)NC(CC(=O)O)C(=O)NC(Cc1ccccc1)C(N)=O,,-1,767.33,9,8,1.52,250.91
5830,5830,5831,triclabendazole,CSc1nc2cc(Oc3cccc(Cl)c3Cl)c(Cl)cc2[nH]1,,-1,357.95,3,1,6.04,37.91
5832,5832,5833,iopamidol,C[C@H](O)C(=O)Nc1c(I)c(C(=O)NC(CO)CO)c(I)c(C(=O)NC(CO)CO)c1I,,-1,776.85,8,8,-1.01,188.45
5835,5835,5836,carbamylcholine,C[N+](C)(C)CCOC(N)=O,,-1,147.11,2,1,-0.21,52.32
5836,5836,5837,hexafluronium,C[N+](C)(CCCCCC[N+](C)(C)C1c2ccccc2-c2ccccc21)C1c2ccccc2-c2ccccc21,,-1,502.33,0,0,8.24,0.0
5838,5838,5839,bazedoxifene,Cc1c(-c2ccc(O)cc2)n(Cc2ccc(OCCN3CCCCCC3)cc2)c2ccc(O)cc12,,-1,470.26,4,2,6.33,57.86
5847,5847,5848,eltrombopag,Cc1ccc(-n2[nH]c(C)c(N=Nc3cccc(-c4cccc(C(=O)O)c4)c3O)c2=O)cc1C,,-1,442.16,5,3,5.58,120.04
5851,5851,5852,mozavaptan,Cc1ccccc1C(=O)Nc1ccc(C(=O)N2CCCC(N(C)C)c3ccccc32)cc1,,-1,427.23,3,1,5.29,52.65
5852,5852,5853,tolvaptan,Cc1ccccc1C(=O)Nc1ccc(C(=O)N2CCCC(O)c3cc(Cl)ccc32)c(C)c1,,-1,448.16,3,2,5.68,69.64
5856,5856,5857,nilotinib,Cc1cn(-c2cc(NC(=O)c3ccc(C)c(Nc4nccc(-c5cccnc5)n4)c3)cc(C(F)(F)F)c2)cn1,,-1,529.18,6,2,6.36,97.62
5857,5857,5858,telbivudine,Cc1cn(C2CC(O)C(CO)O2)c(=O)[nH]c1=O,,-1,242.09,5,3,-1.51,104.55
5858,5858,5859,clevudine,Cc1cn(C2OC(CO)C(O)C2F)c(=O)[nH]c1=O,,-1,260.08,5,3,-1.57,104.55
5864,5864,5865,conivaptan,Cc1nc2c([nH]1)CCN(C(=O)c1ccc(NC(=O)c3ccccc3-c3ccccc3)cc1)c1ccccc1-2,,-1,498.21,3,2,6.51,78.09
5868,5868,5869,maraviroc,Cc1nnc(C(C)C)n1C1CC2CCC(C1)N2CCC(NC(=O)C1CCC(F)(F)CC1)c1ccccc1,,-1,513.33,4,1,5.95,63.05
5872,5872,5873,fenticonazole,Clc1ccc(C(Cn2ccnc2)OCc2ccc(Sc3ccccc3)cc2)c(Cl)c1,,-1,454.07,3,0,7.3,27.05
5873,5873,5874,sertaconazole,Clc1ccc(C(Cn2ccnc2)OCc2csc3c(Cl)cccc23)c(Cl)c1,,-1,436.0,3,0,7.02,27.05
5874,5874,5875,butoconazole,Clc1ccc(CCC(Cn2ccnc2)Sc2c(Cl)cccc2Cl)cc1,,-1,410.02,2,0,6.64,17.82
5875,5875,5876,sulconazole,Clc1ccc(CSC(Cn2ccnc2)c2ccc(Cl)cc2Cl)cc1,,-1,396.0,2,0,6.52,17.82
5880,5880,5881,cefamandole nafate,Cn1nnnc1SCC1=C(C(=O)O)N2C(=O)[C@@H](NC(=O)[C@H](OC=O)c3ccccc3)[C@H]2SC1,,-1,490.07,10,2,-0.04,156.61
5888,5888,5889,guanidine,N=C(N)N,,-1,59.05,1,3,-1.16,75.89
5894,5894,5895,gamma-glutamylcysteinylglycine,NC(CCC(=O)NC(CS)C(=O)NCC(=O)O)C(=O)O,,-1,307.08,6,6,-2.21,158.82
5895,5895,5896,l-cystine,NC(CSSCC(N)C(=O)O)C(=O)O,,-1,240.02,6,4,-0.81,126.64
5896,5896,5897,mimosine,NC(Cn1ccc(=O)c(O)c1)C(=O)O,,-1,198.06,4,3,-1.03,105.55
5900,5900,5901,spermine,NCCCNCCCCNCCCN,,-1,202.22,4,4,-0.36,76.1
5901,5901,5902,colestipol,NCCNCCNCCNCCN,,-1,189.2,5,5,-2.33,88.13
5902,5902,5903,betazole,NCCc1ccn[nH]1,,-1,111.08,2,2,-0.09,54.7
5903,5903,5904,histamine phosphate,NCCc1cnc[nH]1,,-1,111.08,2,2,-0.09,54.7
5904,5904,5905,mafenide,NCc1ccc(S(N)(=O)=O)cc1,,-1,186.05,3,2,-0.21,86.18
5907,5907,5908,sulfanilamide,Nc1ccc(S(N)(=O)=O)cc1,,-1,172.03,3,2,-0.08,86.18
5913,5913,5914,clofarabine,Nc1nc(Cl)nc2c1ncn2C1OC(CO)C(O)C1F,,-1,303.05,7,3,-0.35,119.31
5914,5914,5915,fludara,Nc1nc(F)nc2c1ncn2C1OC(COP(=O)(O)O)C(O)C1O,,-1,365.05,9,5,-1.72,186.07
5915,5915,5916,pemetrexed,Nc1nc2[nH]cc(CCc3ccc(C(=O)NC(CCC(=O)O)C(=O)O)cc3)c2c(=O)[nH]1,,-1,427.15,6,6,0.67,191.26
5916,5916,5917,tetrahydrofolic acid,Nc1nc2c(c(=O)[nH]1)NC(CNc1ccc(C(=O)NC(CCC(=O)O)C(=O)O)cc1)CN2,,-1,445.17,9,8,-0.28,211.56
5917,5917,5918,decitabine,Nc1ncn(C2CC(O)C(CO)O2)c(=O)n1,,-1,228.09,7,3,-2.14,123.49
5918,5918,5919,9-(5-o-phosphonopentofuranosyl)-9h-purin-6-amine,Nc1ncnc2c1ncn2C1OC(COP(=O)(O)O)C(O)C1O,,-1,347.06,9,5,-1.86,186.07
5919,5919,5920,adenosine triphosphate,Nc1ncnc2c1ncn2C1OC(COP(=O)(O)OP(=O)(O)OP(=O)(O)O)C(O)C1O,,-1,507.0,13,7,-1.63,279.13
5920,5920,5921,adenine,Nc1ncnc2nc[nH]c12,,-1,135.05,4,2,-0.06,80.48
5922,5922,5923,glycerol phenylbutyrate,O=C(CCCc1ccccc1)OCC(COC(=O)CCCc1ccccc1)OC(=O)CCCc1ccccc1,,-1,530.27,6,0,6.05,78.9
5924,5924,5925,ioversol,O=C(NCC(O)CO)c1c(I)c(C(=O)NCC(O)CO)c(I)c(N(CCO)C(=O)CO)c1I,,-1,806.86,9,8,-2.02,199.89
5927,5927,5928,roflumilast,O=C(Nc1c(Cl)cncc1Cl)c1ccc(OC(F)F)c(OCC2CC2)c1,,-1,402.03,4,1,5.03,60.45
5931,5931,5932,gamma hydroxybutyric acid,O=C(O)CCCO,,1,104.05,2,2,-0.16,57.53
5932,5932,5933,gadobenate dimeglumine,O=C(O)CN(CCN(CC(=O)O)CC(=O)O)CCN(CC(=O)O)C(COCc1ccccc1)C(=O)O,,-1,513.2,9,5,-1.1,205.45
5933,5933,5934,gadopentetate dimeglumine,O=C(O)CN(CCN(CC(=O)O)CC(=O)O)CCN(CC(=O)O)CC(=O)O,,-1,393.14,8,5,-2.68,196.22
5939,5939,5940,antrafenine,O=C(OCCN1CCN(c2cccc(C(F)(F)F)c2)CC1)c1ccccc1Nc1ccnc2cc(C(F)(F)F)ccc12,,-1,588.2,6,1,7.0,57.7
5946,5946,5947,gluconolactone,O=C1OC(CO)C(O)C(O)C1O,,-1,178.05,6,4,-3.01,107.22
5948,5948,5949,mitoxantrone,O=C1c2c(O)ccc(O)c2C(=O)c2c(NCCNCCO)ccc(NCCNCCO)c21,,-1,444.2,10,8,-0.14,163.18
5950,5950,5951,risedronate,O=P(O)(O)C(O)(Cc1cccnc1)P(=O)(O)O,,-1,283.0,4,5,-0.37,148.18
5951,5951,5952,zoledronic acid,O=P(O)(O)C(O)(Cn1ccnc1)P(=O)(O)O,,-1,272.0,4,5,-1.12,153.11
5952,5952,5953,pentosan polysulfate,O=S(=O)(O)OC1C(O)COC(OC2COC(O)C(OS(=O)(=O)O)C2OS(=O)(=O)O)C1OS(=O)(=O)O,,-1,601.92,17,6,-4.81,322.55
5953,5953,5954,taurolidine,O=S1(=O)CCN(CN2CCS(=O)(=O)NC2)CN1,,-1,284.06,6,2,-2.67,98.82
5955,5955,5956,"thymidine,.alpha.,.alpha.-trifluoro-",O=c1[nH]c(=O)n(C2CC(O)C(CO)O2)cc1C(F)(F)F,,-1,296.06,5,3,-0.8,104.55
5957,5957,5958,ophthalmadine,O=c1[nH]c(=O)n(C2CC(O)C(CO)O2)cc1I,,-1,353.97,5,3,-1.22,104.55
5958,5958,5959,pentopyranose,OC1COC(O)C(O)C1O,,-1,150.05,5,4,-2.58,90.15
5959,5959,5960,isosorbide,OC1COC2C(O)COC12,,-1,146.06,4,2,-1.49,58.92
5961,5961,5962,lactulose,OCC1OC(OC2C(CO)OC(O)(CO)C2O)C(O)C(O)C1O,,-1,342.12,11,8,-5.4,189.53
5963,5963,5964,hexachlorophene,Oc1c(Cl)cc(Cl)cc1Cc1c(O)c(Cl)cc(Cl)c1Cl,,-1,369.89,2,2,5.96,40.46
5964,5964,5965,temoporfin,Oc1cccc(-c2c3nc(c(-c4cccc(O)c4)c4ccc([nH]4)c(-c4cccc(O)c4)c4nc(c(-c5cccc(O)c5)c5ccc2[nH]5)CC4)C=C3)c1,,-1,680.24,6,6,9.76,138.28
5968,5968,5969,bifonazole,c1ccc(-c2ccc(C(c3ccccc3)n3ccnc3)cc2)cc1,,-1,310.15,1,0,5.19,17.82
5975,5975,5976,,C#[S@]1(C[C@H]2O[C@H](n3cnc4c3NC=N[C@@H]4N)[C@@H](O)[C@@H]2O)CC[C@H](N)C(=O)O1,,1,398.14,10,5,-1.5,170.24
6050,6050,6051,,CC(=O)O[C@H]1C(=O)[C@]2(C)[C@H](O)C[C@H]3OC[C@]3(OC(C)=O)[C@H]2[C@H](OC(=O)c2ccccc2)[C@@]2(O)C[C@@H](OC(=O)[C@@H](O)[C@@H](NC(=O)c3ccccc3)c3ccccc3)[C@@H](C)[C@@H]1C2(C)C,,-1,855.35,14,4,3.67,221.29
6054,6054,6055,,CC(=O)O[C@]12CO[C@H]1C[C@H](O)[C@]1(C)C(=O)[C@H](O)[C@H]3[C@@H](C)[C@@H](OC(=O)[C@H](O)[C@H](NC(=O)OC(C)(C)C)c4ccccc4)C[C@@](O)([C@@H](OC(=O)c4ccccc4)[C@H]21)C3(C)C,,-1,809.36,14,5,3.2,224.45
6086,6086,6087,,CC(C)(O/N=C(/C(=O)N[C@H]1C(=O)N2C(C(=O)O)=C(CN3C=CCC=C3)CS[C@H]12)c1csc(N)n1)C(=O)O,,-1,548.11,11,4,0.78,187.75
6088,6088,6089,,CC(C)/N=C1\C=C2C(=C[C@@H]1Nc1ccc(Cl)cc1)Nc1ccccc1N2c1ccc(Cl)cc1,,-1,474.14,4,2,7.67,39.66
6145,6145,6146,,CC1(C)S[C@H]2[C@@H](NC(=O)[C@@H](NC(=O)Nc3cnc(Nc4ccc(S(N)(=O)=O)cc4)nc3O)c3ccc(O)cc3)C(=O)N2[C@@H]1C(=O)O,,-1,672.14,12,8,0.77,266.27
6288,6288,6289,,CC[C@@H](C)n1ncn(-c2ccc(N3CCN(c4ccc(OC[C@@H]5CO[C@@](CN6CN=CN6)(c6ccc(Cl)cc6Cl)O5)cc4)CC3)cc2)c1=O,,-1,706.25,10,1,5.09,101.62
6316,6316,6317,,CC[C@H](C)[C@H](NC(=O)[C@@H](CCC(=O)O)NC(=O)[C@H](CC(C)C)NC(=O)[C@@H]1CS[C@H]([C@H](N)[C@H](C)CC)N1)C(=O)NCCCC[C@@H]1NC(=O)[C@H](CC(N)=O)NC(=O)[C@@H](CC(=O)O)NC(=O)[C@H](Cc2c[nH]cn2)NC(=O)[C@@H](Cc2ccccc2)NC(=O)[C@H]([C@@H](C)CC)NC(=O)[C@@H](CCCN)NC1=O,,-1,1423.76,19,18,-2.16,530.54
6368,6368,6369,,CN(C)[C@H]1C(O)=C(C(N)=O)C(=O)[C@@]2(O)C(O)=C3C(=O)c4c(O)cccc4[C@H](O)[C@@H]3C[C@H]12,,-1,430.14,9,6,-0.39,181.62
6369,6369,6370,,CN(C)[C@H]1C(O)=C(C(N)=O)C(=O)[C@]2(O)C(O)=C3C(=O)c4c(O)ccc([N+](=O)[O-])c4C[C@H]3C[C@@H]12,,-1,459.13,10,5,0.03,204.53
6371,6371,6372,,CN(C)c1cc(C2=N[C@H](N)NN2)ccn1,,-1,206.13,6,3,-0.76,78.57
6373,6373,6374,,CN(CCN(C)CNC(=O)C1=C(O)[C@@H](N(C)C)[C@H]2C[C@@H]3C(=C(O)[C@@]2(O)C1=O)C(=O)c1c(O)cccc1[C@]3(C)O)CNC(=O)C1=C(O)[C@@H](N(C)C)[C@@H]2C[C@H]3C(=C(O)[C@@]2(O)C1=O)C(=O)c1c(O)cccc1[C@]3(C)O,,-1,1000.41,20,12,-0.37,341.74
6446,6446,6447,,CO/N=C(/C(=O)N[C@@H]1C(=O)N2C(C(=O)O)=C(CN3C=CN4N=CC=C[C@@H]34)CS[C@H]12)c1nsc(N)n1,,-1,517.1,13,3,-0.82,178.94
6447,6447,6448,,CO/N=C(/C(=O)N[C@@H]1C(=O)N2C(C(=O)O)=C(CN3NN=C(C)N3)CS[C@@H]12)c1csc(N)n1,,-1,481.1,13,5,-1.53,186.87
6450,6450,6451,,CO/N=C(/C(=O)N[C@H]1C(=O)N2C(C(=O)O)=C(CN3CC=C(N)N3CCO)CS[C@@H]12)c1csc(N)n1,,-1,524.13,13,5,-1.86,199.94
6482,6482,6483,,CO[C@@H]1/C=C/O[C@]2(C)Oc3c(C)c(O)c4c(c3C2=O)C2=C(NC3(CCN(CC(C)C)CC3)N2)[C@@H](NC(=O)/C(C)=C/C=C/[C@@H](C)[C@@H](O)[C@@H](C)[C@@H](O)[C@H](C)[C@H](OC(C)=O)[C@@H]1C)C4=O,,-1,848.46,14,6,4.24,205.22
6494,6494,6495,,CO[C@@]1(NC(=O)[C@H]2SC3=S2OC(N)=C3C(=O)O)C(=O)N2C(C(=O)O)=C(CSc3nnnn3C)CS[C@@H]21,,-1,575.0,13,4,-1.31,212.09
6562,6562,6563,,C[C@@H]1C(S[C@@H]2CN3C=NCN3C2)=C(C(=O)O)N2C(=O)[C@@H]([C@@H](C)O)[C@H]12,,-1,352.12,7,2,-0.23,96.68
6640,6640,6641,zinc1851098,C[C@H]1c2cccc(O)c2C(O)=C2C(=O)[C@@]3(O)C(O)=C(C(N)=O)C(=O)[C@@H](N(C)C)[C@H]3[C@@H](O)[C@H]21,,-1,444.15,9,6,-0.5,181.62
6660,6660,6661,,Cc1ccc(C(=O)N[C@@H]2C(=O)N[C@H](C(C)C)C(=O)N3CCC[C@@H]3C(=O)N(C)CC(=O)N(C)[C@@H](C(C)C)C(=O)O[C@H]2C)c2c1OC1=C(N2)C(C(=O)N[C@H]2C(=O)N[C@@H](C(C)C)C(=O)N3CCC[C@H]3C(=O)N(C)CC(=O)N(C)[C@H](C(C)C)C(=O)O[C@@H]2C)=C(N)C(=O)[C@@H]1C,,-1,1256.64,18,6,0.06,355.21
6691,6691,6692,,NC(=O)C1C=CN(C[C@H]2CS[C@@H]3[C@@H](NC(=O)[C@H](c4ccccc4)S(=O)(=O)O)C(=O)N3[C@H]2C(=O)O)C=C1,,-1,536.1,8,4,-0.47,187.41
6698,6698,6699,"2-amino-9-[(2-hydroxyethoxy)methyl]-6,9-dihydro-1h-purine",NC1=NCc2ncn(COCCO)c2N1,,1,211.11,6,3,-0.91,97.69
6715,6715,6716,hydrazino alcohol,NNO,,1,48.03,3,3,-1.16,58.28
6723,6723,6724,,N[C@H]1N=C(Cl)Nc2c1ncn2[C@H]1C[C@@H](O)[C@@H](CO)O1,,1,287.08,7,4,-0.5,117.92
6724,6724,6725,,N[C@H]1N[C@H](O)[C@H]2NCN(COC(CO)CO)[C@H]2N1,,1,263.16,9,7,-4.38,135.27
6728,6728,6729,,Nc1ncc(/C(=N\O[C@H]2CCNC2=O)C(=O)N[C@@H]2C(=O)N3C(C(=O)O)=C(CN4C=CCC=C4)CS[C@@H]23)s1,,-1,545.12,11,4,-0.19,179.55
6736,6736,6737,,O=C(O)C1=C(CN2C=CC(CCS(=O)(=O)O)C=C2)CS[C@H]2[C@H](NC(=O)[C@H](NC(=O)c3nc[nH]c3C(=O)O)c3ccccc3)C(=O)N12,,-1,672.13,10,6,0.55,239.4
6764,6764,6765,"2-(2,4-difluorophenyl)-1,3-bis(1,3-dihydro-1,2,4-triazol-2-yl)propan-2-ol",OC(CN1CN=CN1)(CN1CN=CN1)c1ccc(F)cc1F,,1,310.14,7,3,-0.24,75.49
6803,6803,6804,cep-1347,CCSCc1ccc2c(c1)c1c3c(c4c5cc(CSCC)ccc5n5c4c1n2C1C[C@](O)(C(=O)OC)C5(C)O1)CNC3=O,,1,615.19,7,2,6.16,94.72
6809,6809,6810,sorafenib,CNC(=O)c1cc(Oc2ccc(NC(=O)Nc3ccc(Cl)c(C(F)(F)F)c3)cc2)ccn1,,1,464.09,4,3,5.55,92.35
6813,6813,6814,"everolimus, rad001",COC1C(=O)C(C)CC(C)/C=C/C=C/C=C(\C)[C@@H](OC)CC2CC[C@@H](C)[C@@](O)(O2)C(=O)C(=O)N2CCCCC2C(=O)OC(C(C)CC2CC[C@@H](OCCO)C(OC)C2)CC(=O)[C@H](C)C=C(C)[C@@H]1O,,1,957.58,14,3,6.2,204.66
6814,6814,6815,temsirolimus,COC1CC(CC(C)C2CC(=O)[C@H](C)C=C(C)[C@H](O)C(OC)C(=O)C(C)CC(C)/C=C/C=C/C=C(\C)[C@@H](OC)CC3CC[C@@H](C)[C@@](O)(O3)C(=O)C(=O)N3CCCCC3C(=O)O2)CC[C@@H]1OC(=O)C(C)(CO)CO,,1,1029.6,16,4,5.72,241.96
6818,6818,6819,hydantoin,O=C1CNC(=O)N1,,1,100.03,2,2,-1.17,58.2
6828,6828,6829,,C#C[C@@]1(O)CC[C@@H]2[C@@H]3CC[C@@H]4CC(=O)CCC4=C3[C@H](c3ccc(N(C)C)cc3)C[C@@]21C,,1,417.27,3,1,5.1,40.54
6865,6865,6866,,C=CC[N@+]12CC[C@@]34c5ccccc5N5C=C6[C@H]7C[C@H]8[C@]9(CC[N@@+]8(CC=C)C/C7=C\CO)c7ccccc7N(C=C([C@@H]53)[C@H](C[C@H]41)/C(=C/CO)C2)[C@@H]69,,-1,666.39,4,2,5.48,46.94
6872,6872,6873,5-(1-propynyl)uridine,CC#Cc1cn([C@@H]2O[C@H](CO)[C@@H](O)[C@H]2O)c(=O)[nH]c1=O,,-1,282.09,6,4,-2.48,124.78
6875,6875,6876,,CC(=CCO)/C=C/C=C(C)\C=C\C1=C(C)CCCC1(C)C,,1,286.23,1,1,5.51,20.23
6882,6882,6883,,CC(=O)NC[C@@H]1O[C@@H](O[C@H]2[C@@H](N)C[C@H](N)[C@H](O[C@@H]3O[C@@H](CO)[C@@H](O)[C@H](N)[C@@H]3O)[C@@H]2O)[C@@H](O)[C@@H](O)[C@@H]1O,,-1,526.25,15,11,-7.11,285.69
6975,6975,6976,cholesterol-3-18o,CC(C)CCC[C@H](C)[C@@H]1CC[C@@H]2[C@@H]3CC=C4C[C@@H](O)CC[C@]4(C)[C@@H]3CC[C@]12C,,1,386.35,1,1,7.39,20.23
7063,7063,7064,,CCC(=O)O[C@@]1(CCN(C)CCCc2nc3ccccc3[nH]2)CCc2cc(F)ccc2[C@@H]1C(C)C,,1,479.29,4,1,6.03,58.22
7090,7090,7091,,CCCCCC(=O)O[C@]1(C(C)=O)CC[C@@H]2[C@@H]3C=CC4=CC(=O)CC[C@]4(C)[C@@H]3CC[C@@]21C,,1,426.28,4,0,5.75,60.44
7130,7130,7131,,CCCc1nc2c(n1Cc1ccc(-c3ccccc3C(=O)O)cc1)=C[C@H](c1nc3ccccc3n1C)CC=2C,,1,516.25,3,1,5.27,72.94
7163,7163,7164,,CCN[C@@H]1C[C@H](N)[C@H](O[C@@H]2C[C@@H](N)C=C(CN)O2)[C@H](O)[C@@H]1O[C@@H]1OC[C@@](C)(O)[C@@H](NC)[C@@H]1O,,-1,475.3,12,8,-3.2,199.73
7189,7189,7190,,CC[C@@H](C)[C@H]1[C@H](C)[C@H]2C[C@]3(C[C@@H]4C[C@H](C/C=C(/C)[C@@H](O[C@@H]5C[C@@H](OC)[C@@H](O[C@H]6C[C@@H](OC)[C@@H](O)[C@H](C)O6)[C@H](C)O5)[C@@H](C)C=CC=C5CO[C@@H]6[C@@H](O)C(C)=C[C@H](C(=O)O4)[C@]56O)O3)O[C@@H]12,,1,886.51,14,3,5.46,170.06
7195,7195,7196,,CC[C@@H]1CC[C@H](N)[C@H](O[C@@H]2[C@@H](N)C[C@H](N)[C@H](O[C@@H]3OC[C@@](C)(O)[C@H](NC)[C@@H]3O)[C@H]2O)O1,,-1,448.29,11,7,-2.53,187.7
7268,7268,7269,guamecycline,CN(C)[C@H]1C(O)=C(C(=O)NCN2CCN(C(=N)NC(=N)N)CC2)C(=O)[C@@]2(O)C(O)=C3C(=O)c4c(O)cccc4[C@@](C)(O)[C@H]3C[C@@H]12,,-1,626.28,12,10,-1.59,259.86
7343,7343,7344,,CO/N=C(\C(=O)N[C@@H]1C(=O)N2C(C(=O)O)=C(C[n+]3ccccc3)CS[C@@H]12)c1csc(N)n1,,-1,475.09,9,3,-0.2,151.09
7369,7369,7370,"[(1s)-1-propan-2-yloxycarbonyloxyethyl] (6s,7s)-7-[[2-(2-amino-1,3-thiazol-4-yl)-2-methoxyiminoacetyl]amino]-3-(methoxymethyl)-8-oxo-5-thia-1-azabicyclo[4.2.0]oct-2-ene-2-carboxylate",COCC1=C(C(=O)O[C@H](C)OC(=O)OC(C)C)N2C(=O)[C@H](NC(=O)C(=NOC)c3csc(N)n3)[C@@H]2SC1,,1,557.13,14,2,0.83,180.97
7411,7411,7412,,COc1cc2c(cc1OC)[C@H](Cc1cc(OC)c(OC)c(OC)c1)[N@+](C)(CCCOC(=O)CC/C=C/CCC(=O)OCCC[N@+]1(C)CCc3cc(OC)c(OC)cc3[C@@H]1Cc1cc(OC)c(OC)c(OC)c1)CC2,,-1,1028.56,14,0,9.03,144.9
7412,7412,7413,ac1mmxuk,COc1cc2c3cc1Oc1cc(ccc1O)C[C@@H]1c4c(cc(OC)c(O)c4Oc4ccc(cc4)C[C@@H]3[N+](C)(C)CC2)CC[N+]1(C)C,,-1,624.32,6,2,6.85,77.38
7417,7417,7418,(r)-gallopamil,COc1ccc(CCN(C)CCC[C@](C#N)(c2cc(OC)c(OC)c(OC)c2)C(C)C)cc1OC,,1,484.29,7,0,5.1,73.18
7418,7418,7419,iso046,COc1ccc(C[C@H]2c3cc(OC)c(OC)cc3CC[N@@+]2(C)CCC(=O)OCCCCCOC(=O)CC[N@+]2(C)CCc3cc(OC)c(OC)cc3[C@@H]2Cc2ccc(OC)c(OC)c2)cc1OC,,-1,928.51,12,0,8.07,126.44
7472,7472,7473,,C[C@@H]1OC(=O)C[C@H](O)C[C@H](O)CC[C@@H](O)[C@H](O)C[C@H](O)C[C@@]2(O)C[C@@H](O)[C@@H](C(=O)O)[C@H](C[C@@](O)(O[C@@H]3O[C@@H](C)[C@@H](O)[C@H](N)[C@@H]3O)C=CC=CC=CC=CC=CC=CC=C[C@@H](C)[C@H](O)[C@@H]1C)O2,,-1,939.48,18,13,0.03,339.84
7577,7577,7578,cefpiramide,Cc1cc(O)c(C(=O)N[C@@H](C(=O)N[C@H]2C(=O)N3C(C(=O)O)=C(CSc4nnnn4C)CS[C@@H]23)c2ccc(O)cc2)cn1,,-1,612.12,12,5,0.33,212.76
7589,7589,7590,"4-amino-1-[(2r,5r)-5-(hydroxymethyl)-2,5-dihydrofuran-2-yl]-5-methylpyrimidin-2-one",Cc1cn([C@H]2C=C[C@H](CO)O2)c(=O)nc1N,,1,223.1,5,2,-0.42,90.37
7590,7590,7591,acipimox,Cc1cnc(C(=O)O)c[n+]1[O-],,1,154.04,3,1,-0.28,77.13
7604,7604,7605,zinc2019839,Cn1c(=O)c2c(ncn2CCCNC[C@@H](O)c2cc(O)cc(O)c2)n(C)c1=O,,1,389.17,7,4,-0.44,134.54
7608,7608,7609,oprea1_628450,Fc1ccc(C(c2ccc(F)cc2)N2CCN(CCCc3ccccc3)CC2)cc1,,1,406.22,2,0,5.3,6.48
7611,7611,7612,,N#C[C@H](O[C@@H]1O[C@@H](CO[C@@H]2O[C@@H](CO)[C@@H](O)[C@H](O)[C@@H]2O)[C@@H](O)[C@H](O)[C@@H]1O)c1ccccc1,,-1,457.16,12,7,-3.11,202.32
7612,7612,7613,,N=C(NCCCCNC(=N)NC(=N)Nc1ccc(Cl)cc1)NC(=N)Nc1ccc(Cl)cc1,,-1,476.17,4,10,3.4,167.58
7615,7615,7616,"(2s,4s,5s,6r)-11-fluoro-4-(hydroxymethyl)-10-imino-3,7-dioxa-1,9-diazatricyclo[6.4.0.02,6]dodeca-8,11-dien-5-ol",N=c1nc2n(cc1F)[C@H]1O[C@@H](CO)[C@H](O)[C@H]1O2,,1,243.07,6,3,-1.49,100.59
7621,7621,7622,,NC1=NC(=O)N([C@H]2CS[C@H](CO)O2)CC1,,1,231.07,5,2,-0.42,88.15
7622,7622,7623,glycine,NCC(=O)O,,1,75.03,2,2,-0.97,63.32
7623,7623,7624,l-eflornithine,NCCC[C@](N)(C(=O)O)C(F)F,,1,182.09,3,3,-0.23,89.34
7630,7630,7631,,NC[C@@H]1O[C@@H](O[C@H]2[C@@H](N)C[C@H](N)[C@H](O)[C@H]2O[C@@H]2O[C@H](CO)[C@H](OC[C@@H]3O[C@@H](CN)[C@@H](O)[C@@H](O)[C@@H]3N)[C@H]2O)[C@@H](N)[C@H](O)[C@@H]1O,,-1,628.33,19,13,-8.85,353.11
7639,7639,7640,,NNC(=O)NNN1C(=O)c2cc(S(=O)(=O)O)cc3c(N)c(S(=O)(=O)O)cc(c23)C1=O,,-1,460.01,10,7,-1.9,251.32
7654,7654,7655,iotroxic acid,O=C(COCCOCCOCC(=O)Nc1c(I)cc(I)c(C(=O)O)c1I)Nc1c(I)cc(I)c(C(=O)O)c1I,,-1,1215.53,7,4,5.34,160.49
7663,7663,7664,"(2s,5s)-3-(2-hydroxyethylidene)-7-oxo-4-oxa-1-azabicyclo[3.2.0]heptane-2-carboxylic acid",O=C(O)[C@@H]1C(=CCO)O[C@H]2CC(=O)N21,,1,199.05,4,2,-1.1,87.07
7681,7681,7682,,O=C1NC(=O)N([C@H]2O[C@@H](CO)[C@@H](O)[C@@H]2O)C[C@H]1C=CBr,,1,350.01,6,4,-1.5,119.33
7690,7690,7691,fosmidomycin,O=CN(O)CCCP(=O)(O)O,,-1,183.03,3,3,-0.6,98.07
7695,7695,7696,"3-[1-[3,3-bis(4-fluorophenyl)propyl]piperidin-4-yl]-1h-benzimidazol-2-one",O=c1[nH]c2ccccc2n1C1CCN(CCC(c2ccc(F)cc2)c2ccc(F)cc2)CC1,,1,447.21,2,1,5.47,41.03
7700,7700,7701,,OC[C@@H]1O[C@@H](OC[C@@H]2O[C@@H](O[C@]3(CO)O[C@@H](CO)[C@H](O)[C@@H]3O)[C@@H](O)[C@@H](O)[C@@H]2O)[C@@H](O)[C@@H](O)[C@@H]1O,,-1,504.17,16,11,-7.57,268.68
7720,7720,7721,cgp-37849,C/C(=C\C(N)C(=O)O)CP(=O)(O)O,,1,209.05,3,4,-0.48,120.85
7725,7725,7726,cgs-19755,O=C(O)[C@@H]1C[C@H](CP(=O)(O)O)CCN1,,1,223.06,3,4,-0.38,106.86
7747,7747,7748,rimonabant,Cc1c(C(=O)NN2CCCCC2)nn(-c2ccc(Cl)cc2Cl)c1-c1ccc(Cl)cc1,,1,462.08,3,1,5.94,50.16
7755,7755,7756,triclosan,Oc1cc(Cl)ccc1Oc1ccc(Cl)cc1Cl,,1,287.95,2,1,5.14,29.46
7772,7772,7773,telmisartan,CCCc1nc2c(C)cc(-c3nc4ccccc4n3C)cc2n1Cc1ccc(-c2ccccc2C(=O)O)cc1,,-1,514.24,3,1,7.26,72.94
