scope,cluster_id,cluster_size,feature,algorithmic_medoid,selected_representative,representative_source,is_algorithmic_medoid,is_selected_representative,medoid_candidate_rank,mean_distance_to_cluster,mean_abs_correlation_to_cluster,min_abs_correlation_to_cluster,max_abs_correlation_to_cluster,missing_fraction,n_nonmissing,variance_after_imputation,members_json
final,1,9,MZ,MZ,MZ,algorithmic_medoid,True,True,1,0.027662242733936804,0.9723377572660632,0.9559796885315653,0.9995117614324893,0.0,860,0.134271054653027,"[""AATS0Z"", ""AATS0m"", ""AATS1Z"", ""AATS1m"", ""AATS2Z"", ""AATS2m"", ""AMW"", ""MZ"", ""Mm""]"
final,1,9,Mm,MZ,MZ,algorithmic_medoid,False,False,2,0.028191918981267383,0.9718080810187326,0.9554713128917387,0.9999873076923784,0.0,860,0.19537218574924323,"[""AATS0Z"", ""AATS0m"", ""AATS1Z"", ""AATS1m"", ""AATS2Z"", ""AATS2m"", ""AMW"", ""MZ"", ""Mm""]"
final,1,9,AMW,MZ,MZ,algorithmic_medoid,False,False,3,0.028262240654502335,0.9717377593454977,0.9549144835439363,0.9999873076923784,0.0,860,28.367372368939233,"[""AATS0Z"", ""AATS0m"", ""AATS1Z"", ""AATS1m"", ""AATS2Z"", ""AATS2m"", ""AMW"", ""MZ"", ""Mm""]"
final,1,9,AATS1m,MZ,MZ,algorithmic_medoid,False,False,4,0.036399521311079264,0.9636004786889207,0.9368160853561345,0.9990577222342865,0.004651162790697674,856,691.1712204922983,"[""AATS0Z"", ""AATS0m"", ""AATS1Z"", ""AATS1m"", ""AATS2Z"", ""AATS2m"", ""AMW"", ""MZ"", ""Mm""]"
final,1,9,AATS1Z,MZ,MZ,algorithmic_medoid,False,False,5,0.037489553423498356,0.9625104465765016,0.9362215805098956,0.9990577222342865,0.004651162790697674,856,38.45778910600497,"[""AATS0Z"", ""AATS0m"", ""AATS1Z"", ""AATS1m"", ""AATS2Z"", ""AATS2m"", ""AMW"", ""MZ"", ""Mm""]"
final,1,9,AATS2Z,MZ,MZ,algorithmic_medoid,False,False,6,0.03947211650846849,0.9605278834915315,0.917989561320926,0.9988952411731471,0.005813953488372093,855,40.545051230090706,"[""AATS0Z"", ""AATS0m"", ""AATS1Z"", ""AATS1m"", ""AATS2Z"", ""AATS2m"", ""AMW"", ""MZ"", ""Mm""]"
final,1,9,AATS2m,MZ,MZ,algorithmic_medoid,False,False,7,0.04155998383521231,0.9584400161647877,0.9161968379615155,0.9988952411731471,0.005813953488372093,855,733.1961808276089,"[""AATS0Z"", ""AATS0m"", ""AATS1Z"", ""AATS1m"", ""AATS2Z"", ""AATS2m"", ""AMW"", ""MZ"", ""Mm""]"
final,1,9,AATS0Z,MZ,MZ,algorithmic_medoid,False,False,8,0.05079710846702212,0.9492028915329779,0.9190545503502835,0.9994254783750923,0.0,860,11959.62509140824,"[""AATS0Z"", ""AATS0m"", ""AATS1Z"", ""AATS1m"", ""AATS2Z"", ""AATS2m"", ""AMW"", ""MZ"", ""Mm""]"
final,1,9,AATS0m,MZ,MZ,algorithmic_medoid,False,False,9,0.05337312143864947,0.9466268785613505,0.9161968379615155,0.9994254783750923,0.0,860,407341.00563551765,"[""AATS0Z"", ""AATS0m"", ""AATS1Z"", ""AATS1m"", ""AATS2Z"", ""AATS2m"", ""AMW"", ""MZ"", ""Mm""]"
final,2,18,Mare,Mare,Mare,algorithmic_medoid,True,True,1,0.03814748016337499,0.961852519836625,0.9093545335654327,0.9981037144217243,0.004651162790697674,856,0.0017458452501829035,"[""AATS0are"", ""AATS0pe"", ""AATS0se"", ""AATS1are"", ""AATS1pe"", ""AATS1se"", ""AATS2are"", ""AATS2pe"", ""AATS2se"", ""AATS3are"", ""AATS3pe"", ""AATS3s"", ""AATS3se"", ""ETA_dEpsilon_A"", ""ETA_epsilon_1"", ""Mare"", ""Mpe"", ""Mse""]"
final,2,18,AATS0are,Mare,Mare,algorithmic_medoid,False,False,2,0.040717178198513726,0.9592828218014863,0.9123343061413616,0.9981037144217243,0.004651162790697674,856,0.3534399737078898,"[""AATS0are"", ""AATS0pe"", ""AATS0se"", ""AATS1are"", ""AATS1pe"", ""AATS1se"", ""AATS2are"", ""AATS2pe"", ""AATS2se"", ""AATS3are"", ""AATS3pe"", ""AATS3s"", ""AATS3se"", ""ETA_dEpsilon_A"", ""ETA_epsilon_1"", ""Mare"", ""Mpe"", ""Mse""]"
final,2,18,Mse,Mare,Mare,algorithmic_medoid,False,False,3,0.041860859869851,0.958139140130149,0.8994588761183602,0.9991827633971676,0.0,860,0.0016092694791183825,"[""AATS0are"", ""AATS0pe"", ""AATS0se"", ""AATS1are"", ""AATS1pe"", ""AATS1se"", ""AATS2are"", ""AATS2pe"", ""AATS2se"", ""AATS3are"", ""AATS3pe"", ""AATS3s"", ""AATS3se"", ""ETA_dEpsilon_A"", ""ETA_epsilon_1"", ""Mare"", ""Mpe"", ""Mse""]"
final,2,18,AATS0pe,Mare,Mare,algorithmic_medoid,False,False,4,0.04264671700068612,0.9573532829993139,0.895263309607149,0.9979887855648295,0.002325581395348837,858,0.31502897358710147,"[""AATS0are"", ""AATS0pe"", ""AATS0se"", ""AATS1are"", ""AATS1pe"", ""AATS1se"", ""AATS2are"", ""AATS2pe"", ""AATS2se"", ""AATS3are"", ""AATS3pe"", ""AATS3s"", ""AATS3se"", ""ETA_dEpsilon_A"", ""ETA_epsilon_1"", ""Mare"", ""Mpe"", ""Mse""]"
final,2,18,AATS0se,Mare,Mare,algorithmic_medoid,False,False,5,0.0434702042675309,0.9565297957324691,0.9020098389296687,0.9991827633971676,0.0,860,0.4768696484904626,"[""AATS0are"", ""AATS0pe"", ""AATS0se"", ""AATS1are"", ""AATS1pe"", ""AATS1se"", ""AATS2are"", ""AATS2pe"", ""AATS2se"", ""AATS3are"", ""AATS3pe"", ""AATS3s"", ""AATS3se"", ""ETA_dEpsilon_A"", ""ETA_epsilon_1"", ""Mare"", ""Mpe"", ""Mse""]"
final,2,18,Mpe,Mare,Mare,algorithmic_medoid,False,False,6,0.04499916413312777,0.9550008358668722,0.888514318821152,0.9979887855648295,0.002325581395348837,858,0.0015538907554132372,"[""AATS0are"", ""AATS0pe"", ""AATS0se"", ""AATS1are"", ""AATS1pe"", ""AATS1se"", ""AATS2are"", ""AATS2pe"", ""AATS2se"", ""AATS3are"", ""AATS3pe"", ""AATS3s"", ""AATS3se"", ""ETA_dEpsilon_A"", ""ETA_epsilon_1"", ""Mare"", ""Mpe"", ""Mse""]"
final,2,18,AATS1pe,Mare,Mare,algorithmic_medoid,False,False,7,0.04687678405240969,0.9531232159475903,0.891889931835954,0.9960863695726242,0.004651162790697674,856,0.14805760834247506,"[""AATS0are"", ""AATS0pe"", ""AATS0se"", ""AATS1are"", ""AATS1pe"", ""AATS1se"", ""AATS2are"", ""AATS2pe"", ""AATS2se"", ""AATS3are"", ""AATS3pe"", ""AATS3s"", ""AATS3se"", ""ETA_dEpsilon_A"", ""ETA_epsilon_1"", ""Mare"", ""Mpe"", ""Mse""]"
final,2,18,AATS2pe,Mare,Mare,algorithmic_medoid,False,False,8,0.056087548680837096,0.9439124513191629,0.8612075151672257,0.9946394660263294,0.005813953488372093,855,0.19909185423994893,"[""AATS0are"", ""AATS0pe"", ""AATS0se"", ""AATS1are"", ""AATS1pe"", ""AATS1se"", ""AATS2are"", ""AATS2pe"", ""AATS2se"", ""AATS3are"", ""AATS3pe"", ""AATS3s"", ""AATS3se"", ""ETA_dEpsilon_A"", ""ETA_epsilon_1"", ""Mare"", ""Mpe"", ""Mse""]"
final,2,18,ETA_dEpsilon_A,Mare,Mare,algorithmic_medoid,False,False,9,0.05649301863499501,0.943506981365005,0.8715067001019754,0.9969118730643871,0.002325581395348837,858,0.014895771864355891,"[""AATS0are"", ""AATS0pe"", ""AATS0se"", ""AATS1are"", ""AATS1pe"", ""AATS1se"", ""AATS2are"", ""AATS2pe"", ""AATS2se"", ""AATS3are"", ""AATS3pe"", ""AATS3s"", ""AATS3se"", ""ETA_dEpsilon_A"", ""ETA_epsilon_1"", ""Mare"", ""Mpe"", ""Mse""]"
final,2,18,AATS1are,Mare,Mare,algorithmic_medoid,False,False,10,0.05726248341981188,0.9427375165801881,0.8941879932892763,0.9960863695726242,0.004651162790697674,856,0.16884661835068915,"[""AATS0are"", ""AATS0pe"", ""AATS0se"", ""AATS1are"", ""AATS1pe"", ""AATS1se"", ""AATS2are"", ""AATS2pe"", ""AATS2se"", ""AATS3are"", ""AATS3pe"", ""AATS3s"", ""AATS3se"", ""ETA_dEpsilon_A"", ""ETA_epsilon_1"", ""Mare"", ""Mpe"", ""Mse""]"
final,2,18,AATS2are,Mare,Mare,algorithmic_medoid,False,False,11,0.05810380208003729,0.9418961979199627,0.8689214382395707,0.9946394660263294,0.005813953488372093,855,0.22606852256369178,"[""AATS0are"", ""AATS0pe"", ""AATS0se"", ""AATS1are"", ""AATS1pe"", ""AATS1se"", ""AATS2are"", ""AATS2pe"", ""AATS2se"", ""AATS3are"", ""AATS3pe"", ""AATS3s"", ""AATS3se"", ""ETA_dEpsilon_A"", ""ETA_epsilon_1"", ""Mare"", ""Mpe"", ""Mse""]"
final,2,18,AATS2se,Mare,Mare,algorithmic_medoid,False,False,12,0.059135946891589075,0.9408640531084109,0.8598521106989873,0.9895345587269136,0.005813953488372093,855,0.18676839641834903,"[""AATS0are"", ""AATS0pe"", ""AATS0se"", ""AATS1are"", ""AATS1pe"", ""AATS1se"", ""AATS2are"", ""AATS2pe"", ""AATS2se"", ""AATS3are"", ""AATS3pe"", ""AATS3s"", ""AATS3se"", ""ETA_dEpsilon_A"", ""ETA_epsilon_1"", ""Mare"", ""Mpe"", ""Mse""]"
final,2,18,ETA_epsilon_1,Mare,Mare,algorithmic_medoid,False,False,13,0.06031664689472127,0.9396833531052787,0.8631955969661846,0.9969118730643871,0.002325581395348837,858,0.014349795674567376,"[""AATS0are"", ""AATS0pe"", ""AATS0se"", ""AATS1are"", ""AATS1pe"", ""AATS1se"", ""AATS2are"", ""AATS2pe"", ""AATS2se"", ""AATS3are"", ""AATS3pe"", ""AATS3s"", ""AATS3se"", ""ETA_dEpsilon_A"", ""ETA_epsilon_1"", ""Mare"", ""Mpe"", ""Mse""]"
final,2,18,AATS1se,Mare,Mare,algorithmic_medoid,False,False,14,0.06077342461992985,0.9392265753800701,0.8914931241547137,0.9898526087161676,0.004651162790697674,856,0.17669099538959399,"[""AATS0are"", ""AATS0pe"", ""AATS0se"", ""AATS1are"", ""AATS1pe"", ""AATS1se"", ""AATS2are"", ""AATS2pe"", ""AATS2se"", ""AATS3are"", ""AATS3pe"", ""AATS3s"", ""AATS3se"", ""ETA_dEpsilon_A"", ""ETA_epsilon_1"", ""Mare"", ""Mpe"", ""Mse""]"
final,2,18,AATS3are,Mare,Mare,algorithmic_medoid,False,False,15,0.06549570928994608,0.9345042907100539,0.901701024947994,0.9944675966275589,0.00813953488372093,853,0.23998439501053404,"[""AATS0are"", ""AATS0pe"", ""AATS0se"", ""AATS1are"", ""AATS1pe"", ""AATS1se"", ""AATS2are"", ""AATS2pe"", ""AATS2se"", ""AATS3are"", ""AATS3pe"", ""AATS3s"", ""AATS3se"", ""ETA_dEpsilon_A"", ""ETA_epsilon_1"", ""Mare"", ""Mpe"", ""Mse""]"
final,2,18,AATS3pe,Mare,Mare,algorithmic_medoid,False,False,16,0.06817557308592048,0.9318244269140795,0.9119828310563335,0.9944675966275589,0.00813953488372093,853,0.2126988022243762,"[""AATS0are"", ""AATS0pe"", ""AATS0se"", ""AATS1are"", ""AATS1pe"", ""AATS1se"", ""AATS2are"", ""AATS2pe"", ""AATS2se"", ""AATS3are"", ""AATS3pe"", ""AATS3s"", ""AATS3se"", ""ETA_dEpsilon_A"", ""ETA_epsilon_1"", ""Mare"", ""Mpe"", ""Mse""]"
final,2,18,AATS3se,Mare,Mare,algorithmic_medoid,False,False,17,0.06860632022543256,0.9313936797745674,0.8986240954505635,0.9905941912553153,0.00813953488372093,853,0.1965043834050371,"[""AATS0are"", ""AATS0pe"", ""AATS0se"", ""AATS1are"", ""AATS1pe"", ""AATS1se"", ""AATS2are"", ""AATS2pe"", ""AATS2se"", ""AATS3are"", ""AATS3pe"", ""AATS3s"", ""AATS3se"", ""ETA_dEpsilon_A"", ""ETA_epsilon_1"", ""Mare"", ""Mpe"", ""Mse""]"
final,2,18,AATS3s,Mare,Mare,algorithmic_medoid,False,False,18,0.10569400472099888,0.8943059952790011,0.8598521106989873,0.9404053666434359,0.00813953488372093,853,2.596058695157128,"[""AATS0are"", ""AATS0pe"", ""AATS0se"", ""AATS1are"", ""AATS1pe"", ""AATS1se"", ""AATS2are"", ""AATS2pe"", ""AATS2se"", ""AATS3are"", ""AATS3pe"", ""AATS3s"", ""AATS3se"", ""ETA_dEpsilon_A"", ""ETA_epsilon_1"", ""Mare"", ""Mpe"", ""Mse""]"
final,3,3,AATS1d,AATS1d,AATS1d,algorithmic_medoid,True,True,1,0.038325422575195,0.961674577424805,0.9612774711745832,0.9620716836750267,0.004651162790697674,856,0.34189682703060637,"[""AATS0d"", ""AATS1d"", ""AATS2d""]"
final,3,3,AATS2d,AATS1d,AATS1d,algorithmic_medoid,False,False,2,0.053353159878061884,0.9466468401219381,0.9312219965688496,0.9620716836750267,0.005813953488372093,855,0.3034696108545987,"[""AATS0d"", ""AATS1d"", ""AATS2d""]"
final,3,3,AATS0d,AATS1d,AATS1d,algorithmic_medoid,False,False,3,0.0537502661282836,0.9462497338717164,0.9312219965688496,0.9612774711745832,0.0,860,0.2749218664653076,"[""AATS0d"", ""AATS1d"", ""AATS2d""]"
final,4,5,AATS2dv,AATS2dv,AATS2dv,algorithmic_medoid,True,True,1,0.07899564379181567,0.9210043562081843,0.8996552586435782,0.9350257525731652,0.005813953488372093,855,6.43953603468703,"[""AATS0dv"", ""AATS1dv"", ""AATS2dv"", ""AATS3dv"", ""AATS4dv""]"
final,4,5,AATS3dv,AATS2dv,AATS2dv,algorithmic_medoid,False,False,2,0.09302836735612208,0.9069716326438779,0.8602505227336409,0.9407967062008106,0.00813953488372093,853,4.609960240864555,"[""AATS0dv"", ""AATS1dv"", ""AATS2dv"", ""AATS3dv"", ""AATS4dv""]"
final,4,5,AATS1dv,AATS2dv,AATS2dv,algorithmic_medoid,False,False,3,0.1067576723907726,0.8932423276092274,0.8748485745929129,0.9167869416901728,0.004651162790697674,856,4.653198243309969,"[""AATS0dv"", ""AATS1dv"", ""AATS2dv"", ""AATS3dv"", ""AATS4dv""]"
final,4,5,AATS4dv,AATS2dv,AATS2dv,algorithmic_medoid,False,False,4,0.11478288474107301,0.885217115258927,0.8255679215984065,0.9407967062008106,0.010465116279069767,851,4.348653598158726,"[""AATS0dv"", ""AATS1dv"", ""AATS2dv"", ""AATS3dv"", ""AATS4dv""]"
final,4,5,AATS0dv,AATS2dv,AATS2dv,algorithmic_medoid,False,False,5,0.12302795966405078,0.8769720403359492,0.8255679215984065,0.9350257525731652,0.0,860,11.8855420867377,"[""AATS0dv"", ""AATS1dv"", ""AATS2dv"", ""AATS3dv"", ""AATS4dv""]"
final,5,4,Mi,Mi,Mi,algorithmic_medoid,True,True,1,0.07607535635656015,0.9239246436434398,0.8873329679999448,0.996223398976767,0.0,860,0.0012649526473107364,"[""AATS0i"", ""AATS1i"", ""AATS2i"", ""Mi""]"
final,5,4,AATS0i,Mi,Mi,algorithmic_medoid,False,False,2,0.07653504154370927,0.9234649584562907,0.8839175160269266,0.996223398976767,0.0,860,150.3617732038295,"[""AATS0i"", ""AATS1i"", ""AATS2i"", ""Mi""]"
final,5,4,AATS2i,Mi,Mi,algorithmic_medoid,False,False,3,0.12768639005346472,0.8723136099465353,0.8393539014744826,0.8902539603651786,0.005813953488372093,855,40.72895710338364,"[""AATS0i"", ""AATS1i"", ""AATS2i"", ""Mi""]"
final,5,4,AATS1i,Mi,Mi,algorithmic_medoid,False,False,4,0.12950367284832776,0.8704963271516722,0.8393539014744826,0.8882175639536076,0.004651162790697674,856,47.0034619814741,"[""AATS0i"", ""AATS1i"", ""AATS2i"", ""Mi""]"
final,6,5,Mp,Mp,Mp,algorithmic_medoid,True,True,1,0.08546548372373286,0.9145345162762671,0.8500268698673681,0.9690234656590703,0.0,860,0.06118427965856404,"[""AATS0p"", ""AATS1p"", ""AATS2p"", ""AATS3p"", ""Mp""]"
final,6,5,AATS2p,Mp,Mp,algorithmic_medoid,False,False,2,0.09050760281637293,0.9094923971836271,0.8883595150554291,0.9350541257164209,0.005813953488372093,855,0.04439199762018194,"[""AATS0p"", ""AATS1p"", ""AATS2p"", ""AATS3p"", ""Mp""]"
final,6,5,AATS1p,Mp,Mp,algorithmic_medoid,False,False,3,0.09234413305426448,0.9076558669457355,0.837193068529539,0.9367890961633,0.004651162790697674,856,0.28145517426465505,"[""AATS0p"", ""AATS1p"", ""AATS2p"", ""AATS3p"", ""Mp""]"
final,6,5,AATS0p,Mp,Mp,algorithmic_medoid,False,False,4,0.10020691759020894,0.8997930824097911,0.8050002527613649,0.9690234656590703,0.0,860,101.22906877123182,"[""AATS0p"", ""AATS1p"", ""AATS2p"", ""AATS3p"", ""Mp""]"
final,6,5,AATS3p,Mp,Mp,algorithmic_medoid,False,False,5,0.15268110327100448,0.8473188967289955,0.8050002527613649,0.8970553957577103,0.00813953488372093,853,0.04929461738172479,"[""AATS0p"", ""AATS1p"", ""AATS2p"", ""AATS3p"", ""Mp""]"
final,7,7,AATSC0are,AATSC0are,AATSC0are,algorithmic_medoid,True,True,1,0.07553729899863093,0.9244627010013691,0.8758514411519416,0.9936529915907826,0.004651162790697674,856,0.005112918799041491,"[""AATS0s"", ""AATS2s"", ""AATSC0are"", ""AATSC0dv"", ""AATSC0pe"", ""AATSC0s"", ""AATSC0se""]"
final,7,7,AATSC0pe,AATSC0are,AATSC0are,algorithmic_medoid,False,False,2,0.08056205872643118,0.9194379412735688,0.8667245434475722,0.9936529915907826,0.002325581395348837,858,0.0035962576039309945,"[""AATS0s"", ""AATS2s"", ""AATSC0are"", ""AATSC0dv"", ""AATSC0pe"", ""AATSC0s"", ""AATSC0se""]"
final,7,7,AATS0s,AATSC0are,AATSC0are,algorithmic_medoid,False,False,3,0.0809739528396003,0.9190260471603997,0.8790879810579305,0.9892381895143555,0.0069767441860465115,854,9.336788687004075,"[""AATS0s"", ""AATS2s"", ""AATSC0are"", ""AATSC0dv"", ""AATSC0pe"", ""AATSC0s"", ""AATSC0se""]"
final,7,7,AATSC0se,AATSC0are,AATSC0are,algorithmic_medoid,False,False,4,0.08738440885287291,0.9126155911471271,0.8502485008152152,0.9853351712891073,0.0,860,0.003110677387539697,"[""AATS0s"", ""AATS2s"", ""AATSC0are"", ""AATSC0dv"", ""AATSC0pe"", ""AATSC0s"", ""AATSC0se""]"
final,7,7,AATSC0s,AATSC0are,AATSC0are,algorithmic_medoid,False,False,5,0.09350797257128829,0.9064920274287117,0.8539410132140948,0.9892381895143555,0.0069767441860465115,854,1.8243463514439089,"[""AATS0s"", ""AATS2s"", ""AATSC0are"", ""AATSC0dv"", ""AATSC0pe"", ""AATSC0s"", ""AATSC0se""]"
final,7,7,AATS2s,AATSC0are,AATSC0are,algorithmic_medoid,False,False,6,0.11832257292662351,0.8816774270733765,0.8502485008152152,0.9277842918654747,0.0069767441860465115,854,4.739137338822589,"[""AATS0s"", ""AATS2s"", ""AATSC0are"", ""AATSC0dv"", ""AATSC0pe"", ""AATSC0s"", ""AATSC0se""]"
final,7,7,AATSC0dv,AATSC0are,AATSC0are,algorithmic_medoid,False,False,7,0.12960588138330564,0.8703941186166944,0.8539410132140948,0.8790879810579305,0.0,860,0.9116893043518346,"[""AATS0s"", ""AATS2s"", ""AATSC0are"", ""AATSC0dv"", ""AATSC0pe"", ""AATSC0s"", ""AATSC0se""]"
final,8,5,AATS0v,AATS0v,AATS0v,algorithmic_medoid,True,True,1,0.06512094600139451,0.9348790539986055,0.8861428061735219,0.9785958943279796,0.0,860,5047.323473400794,"[""AATS0v"", ""AATS1v"", ""AATS2v"", ""GATS1v"", ""Mv""]"
final,8,5,AATS2v,AATS0v,AATS0v,algorithmic_medoid,False,False,2,0.07390769555590404,0.926092304444096,0.9133696522228334,0.9507186933471512,0.005813953488372093,855,854.3883930114152,"[""AATS0v"", ""AATS1v"", ""AATS2v"", ""GATS1v"", ""Mv""]"
final,8,5,Mv,AATS0v,AATS0v,algorithmic_medoid,False,False,3,0.07516766794837093,0.9248323320516291,0.8914346396400609,0.9785958943279796,0.0,860,0.006627517834988795,"[""AATS0v"", ""AATS1v"", ""AATS2v"", ""GATS1v"", ""Mv""]"
final,8,5,AATS1v,AATS0v,AATS0v,algorithmic_medoid,False,False,4,0.07594925770269567,0.9240507422973043,0.8744170342289942,0.9551380995974293,0.004651162790697674,856,607.9874812778436,"[""AATS0v"", ""AATS1v"", ""AATS2v"", ""GATS1v"", ""Mv""]"
final,8,5,GATS1v,AATS0v,AATS0v,algorithmic_medoid,False,False,5,0.10684101591162865,0.8931589840883714,0.8744170342289942,0.9206414563109083,0.004651162790697674,856,0.029210106037855652,"[""AATS0v"", ""AATS1v"", ""AATS2v"", ""GATS1v"", ""Mv""]"
final,9,7,AATS4se,AATS4se,AATS4se,algorithmic_medoid,True,True,1,0.09120678657773718,0.9087932134222628,0.8223829438907052,0.9896046386659382,0.010465116279069767,851,0.21554475160101158,"[""AATS1s"", ""AATS4are"", ""AATS4pe"", ""AATS4s"", ""AATS4se"", ""FNSA4"", ""FNSA5""]"
final,9,7,AATS4are,AATS4se,AATS4se,algorithmic_medoid,False,False,2,0.09189437777779308,0.9081056222222069,0.8321355136845984,0.9936039304885315,0.010465116279069767,851,0.26401480983923054,"[""AATS1s"", ""AATS4are"", ""AATS4pe"", ""AATS4s"", ""AATS4se"", ""FNSA4"", ""FNSA5""]"
final,9,7,AATS4pe,AATS4se,AATS4se,algorithmic_medoid,False,False,3,0.09945942602844704,0.900540573971553,0.8199238663280723,0.9936039304885315,0.010465116279069767,851,0.2366597950723591,"[""AATS1s"", ""AATS4are"", ""AATS4pe"", ""AATS4s"", ""AATS4se"", ""FNSA4"", ""FNSA5""]"
final,9,7,AATS4s,AATS4se,AATS4se,algorithmic_medoid,False,False,4,0.11320498255757772,0.8867950174424223,0.8322678908198327,0.942146082677312,0.010465116279069767,851,2.6750027578063573,"[""AATS1s"", ""AATS4are"", ""AATS4pe"", ""AATS4s"", ""AATS4se"", ""FNSA4"", ""FNSA5""]"
final,9,7,FNSA5,AATS4se,AATS4se,algorithmic_medoid,False,False,5,0.12981237853715888,0.8701876214628411,0.8367545252551426,0.947990279707446,0.005813953488372093,855,0.0016863585774183857,"[""AATS1s"", ""AATS4are"", ""AATS4pe"", ""AATS4s"", ""AATS4se"", ""FNSA4"", ""FNSA5""]"
final,9,7,FNSA4,AATS4se,AATS4se,algorithmic_medoid,False,False,6,0.13287898908392248,0.8671210109160775,0.8322678908198327,0.947990279707446,0.005813953488372093,855,0.00018859709200629533,"[""AATS1s"", ""AATS4are"", ""AATS4pe"", ""AATS4s"", ""AATS4se"", ""FNSA4"", ""FNSA5""]"
final,9,7,AATS1s,AATS4se,AATS4se,algorithmic_medoid,False,False,7,0.15192525884770458,0.8480747411522954,0.8199238663280723,0.8823839820611743,0.0069767441860465115,854,0.6674652249435881,"[""AATS1s"", ""AATS4are"", ""AATS4pe"", ""AATS4s"", ""AATS4se"", ""FNSA4"", ""FNSA5""]"
final,10,4,AATS4Z,AATS4Z,AATS4Z,algorithmic_medoid,True,True,1,0.0469960531592547,0.9530039468407453,0.9282017508442384,0.9989156817283197,0.010465116279069767,851,121.04449272810348,"[""AATS3Z"", ""AATS3m"", ""AATS4Z"", ""AATS4m""]"
final,10,4,AATS3m,AATS4Z,AATS4Z,algorithmic_medoid,False,False,2,0.04803104641435019,0.9519689535856498,0.9253082192127052,0.9987042335945665,0.00813953488372093,853,765.0289703980064,"[""AATS3Z"", ""AATS3m"", ""AATS4Z"", ""AATS4m""]"
final,10,4,AATS3Z,AATS4Z,AATS4Z,algorithmic_medoid,False,False,3,0.05083177956359275,0.9491682204364073,0.920598676870417,0.9987042335945665,0.00813953488372093,853,41.348323482467165,"[""AATS3Z"", ""AATS3m"", ""AATS4Z"", ""AATS4m""]"
final,10,4,AATS4m,AATS4Z,AATS4Z,algorithmic_medoid,False,False,4,0.05172580739618604,0.948274192603814,0.920598676870417,0.9989156817283197,0.010465116279069767,851,3128.8600941913764,"[""AATS3Z"", ""AATS3m"", ""AATS4Z"", ""AATS4m""]"
final,11,2,AATS3v,AATS3v,AATS3v,algorithmic_medoid,True,True,1,0.09338720924922539,0.9066127907507746,0.9066127907507746,0.9066127907507746,0.00813953488372093,853,1003.0876597240291,"[""AATS3d"", ""AATS3v""]"
final,11,2,AATS3d,AATS3v,AATS3v,algorithmic_medoid,False,False,2,0.09338720924922539,0.9066127907507746,0.9066127907507746,0.9066127907507746,0.00813953488372093,853,0.28361195542912837,"[""AATS3d"", ""AATS3v""]"
final,12,1,AATS3i,AATS3i,AATS3i,algorithmic_medoid,True,True,1,0.0,1.0,1.0,1.0,0.00813953488372093,853,45.94116456567504,"[""AATS3i""]"
final,13,4,AATS4d,AATS4d,AATS4d,algorithmic_medoid,True,True,1,0.09866918790239809,0.9013308120976019,0.8652079717089961,0.9351051935970135,0.010465116279069767,851,0.23920908672348587,"[""AATS4d"", ""AATS4v"", ""AATS5d"", ""AATS5v""]"
final,13,4,AATS5v,AATS4d,AATS4d,algorithmic_medoid,False,False,2,0.10180329242191066,0.8981967075780893,0.8652079717089961,0.9390071769706854,0.01627906976744186,846,1156.5649332191201,"[""AATS4d"", ""AATS4v"", ""AATS5d"", ""AATS5v""]"
final,13,4,AATS5d,AATS4d,AATS4d,algorithmic_medoid,False,False,3,0.10774992508563452,0.8922500749143655,0.8340637767856149,0.9390071769706854,0.01627906976744186,846,0.23999462412769348,"[""AATS4d"", ""AATS4v"", ""AATS5d"", ""AATS5v""]"
final,13,4,AATS4v,AATS4d,AATS4d,algorithmic_medoid,False,False,4,0.11348535185426167,0.8865146481457383,0.8340637767856149,0.9351051935970135,0.010465116279069767,851,1038.65036334238,"[""AATS4d"", ""AATS4v"", ""AATS5d"", ""AATS5v""]"
final,14,2,AATS4i,AATS4i,AATS4i,algorithmic_medoid,True,True,1,0.16980402437064712,0.8301959756293529,0.8301959756293529,0.8301959756293529,0.010465116279069767,851,46.55783424704265,"[""AATS4i"", ""AATS5i""]"
final,14,2,AATS5i,AATS4i,AATS4i,algorithmic_medoid,False,False,2,0.16980402437064712,0.8301959756293529,0.8301959756293529,0.8301959756293529,0.01627906976744186,846,49.03351549272042,"[""AATS4i"", ""AATS5i""]"
final,15,2,AATS4p,AATS4p,AATS4p,algorithmic_medoid,True,True,1,0.09999567300130274,0.9000043269986973,0.9000043269986973,0.9000043269986973,0.010465116279069767,851,0.05747217468028525,"[""AATS4p"", ""AATS5p""]"
final,15,2,AATS5p,AATS4p,AATS4p,algorithmic_medoid,False,False,2,0.09999567300130274,0.9000043269986973,0.9000043269986973,0.9000043269986973,0.01627906976744186,846,0.049704318758590285,"[""AATS4p"", ""AATS5p""]"
final,16,3,AATS5m,AATS5m,AATS5m,algorithmic_medoid,True,True,1,0.05094021010446037,0.9490597898955396,0.8993463150939336,0.9987732646971457,0.01627906976744186,846,841.6978707878689,"[""AATS5Z"", ""AATS5dv"", ""AATS5m""]"
final,16,3,AATS5Z,AATS5m,AATS5m,algorithmic_medoid,False,False,2,0.052110957839093475,0.9478890421609065,0.8970048196246673,0.9987732646971457,0.01627906976744186,846,47.025173518191956,"[""AATS5Z"", ""AATS5dv"", ""AATS5m""]"
final,16,3,AATS5dv,AATS5m,AATS5m,algorithmic_medoid,False,False,3,0.10182443264069962,0.8981755673593004,0.8970048196246673,0.8993463150939336,0.01627906976744186,846,4.632356867729406,"[""AATS5Z"", ""AATS5dv"", ""AATS5m""]"
final,17,8,AATS5are,AATS5are,AATS5are,algorithmic_medoid,True,True,1,0.07923331307181891,0.9207666869281811,0.8545242468252467,0.9943671150859106,0.01627906976744186,846,0.3090452007529384,"[""AATS5are"", ""AATS5pe"", ""AATS5s"", ""AATS5se"", ""AATS6are"", ""AATS6pe"", ""AATS6s"", ""AATS6se""]"
final,17,8,AATS6se,AATS5are,AATS5are,algorithmic_medoid,False,False,2,0.07996071873604615,0.9200392812639538,0.845881126898413,0.989429455625976,0.029069767441860465,835,0.24581873954677644,"[""AATS5are"", ""AATS5pe"", ""AATS5s"", ""AATS5se"", ""AATS6are"", ""AATS6pe"", ""AATS6s"", ""AATS6se""]"
final,17,8,AATS5pe,AATS5are,AATS5are,algorithmic_medoid,False,False,3,0.08061292739261228,0.9193870726073877,0.84769043705949,0.9943671150859106,0.01627906976744186,846,0.2802625636430718,"[""AATS5are"", ""AATS5pe"", ""AATS5s"", ""AATS5se"", ""AATS6are"", ""AATS6pe"", ""AATS6s"", ""AATS6se""]"
final,17,8,AATS6are,AATS5are,AATS5are,algorithmic_medoid,False,False,4,0.08257181662709101,0.917428183372909,0.8367524502929753,0.9934288151474123,0.029069767441860465,835,0.3037345838695082,"[""AATS5are"", ""AATS5pe"", ""AATS5s"", ""AATS5se"", ""AATS6are"", ""AATS6pe"", ""AATS6s"", ""AATS6se""]"
final,17,8,AATS5se,AATS5are,AATS5are,algorithmic_medoid,False,False,5,0.08643704050377654,0.9135629594962235,0.8425731449427343,0.9902170452703194,0.01627906976744186,846,0.25091436226168945,"[""AATS5are"", ""AATS5pe"", ""AATS5s"", ""AATS5se"", ""AATS6are"", ""AATS6pe"", ""AATS6s"", ""AATS6se""]"
final,17,8,AATS6pe,AATS5are,AATS5are,algorithmic_medoid,False,False,6,0.09266915740262294,0.9073308425973771,0.8165714566345257,0.9934288151474123,0.029069767441860465,835,0.2743468858613522,"[""AATS5are"", ""AATS5pe"", ""AATS5s"", ""AATS5se"", ""AATS6are"", ""AATS6pe"", ""AATS6s"", ""AATS6se""]"
final,17,8,AATS6s,AATS5are,AATS5are,algorithmic_medoid,False,False,7,0.11093054529992119,0.8890694547000788,0.8425731449427343,0.9451368485571239,0.029069767441860465,835,3.2156789694974988,"[""AATS5are"", ""AATS5pe"", ""AATS5s"", ""AATS5se"", ""AATS6are"", ""AATS6pe"", ""AATS6s"", ""AATS6se""]"
final,17,8,AATS5s,AATS5are,AATS5are,algorithmic_medoid,False,False,8,0.11627921590635537,0.8837207840936446,0.8165714566345257,0.9472018725419546,0.01627906976744186,846,3.5154745211234015,"[""AATS5are"", ""AATS5pe"", ""AATS5s"", ""AATS5se"", ""AATS6are"", ""AATS6pe"", ""AATS6s"", ""AATS6se""]"
final,18,6,AATS6m,AATS6m,AATS6m,algorithmic_medoid,True,True,1,0.1005548803220424,0.8994451196779576,0.8080990023028699,0.9982768979387713,0.029069767441860465,835,895.876288956068,"[""AATS6Z"", ""AATS6dv"", ""AATS6m"", ""AATS7Z"", ""AATS7dv"", ""AATS7m""]"
final,18,6,AATS6Z,AATS6m,AATS6m,algorithmic_medoid,False,False,2,0.10255004900230169,0.8974499509976983,0.8070972194430945,0.9982768979387713,0.029069767441860465,835,49.39277740153383,"[""AATS6Z"", ""AATS6dv"", ""AATS6m"", ""AATS7Z"", ""AATS7dv"", ""AATS7m""]"
final,18,6,AATS7Z,AATS6m,AATS6m,algorithmic_medoid,False,False,3,0.10270710567322894,0.8972928943267711,0.8162414515846748,0.9985845195264607,0.03953488372093023,826,67.06451314514204,"[""AATS6Z"", ""AATS6dv"", ""AATS6m"", ""AATS7Z"", ""AATS7dv"", ""AATS7m""]"
final,18,6,AATS7m,AATS6m,AATS6m,algorithmic_medoid,False,False,4,0.1040906115445992,0.8959093884554008,0.8145389236071588,0.9985845195264607,0.03953488372093023,826,1251.1606696517158,"[""AATS6Z"", ""AATS6dv"", ""AATS6m"", ""AATS7Z"", ""AATS7dv"", ""AATS7m""]"
final,18,6,AATS6dv,AATS6m,AATS6m,algorithmic_medoid,False,False,5,0.13751323838449814,0.8624867616155019,0.8145389236071588,0.8963924481117106,0.029069767441860465,835,4.6525547929646525,"[""AATS6Z"", ""AATS6dv"", ""AATS6m"", ""AATS7Z"", ""AATS7dv"", ""AATS7m""]"
final,18,6,AATS7dv,AATS6m,AATS6m,algorithmic_medoid,False,False,6,0.14756273629140537,0.8524372637085946,0.8070972194430945,0.8963924481117106,0.03953488372093023,826,6.951556887386809,"[""AATS6Z"", ""AATS6dv"", ""AATS6m"", ""AATS7Z"", ""AATS7dv"", ""AATS7m""]"
final,19,2,AATS6v,AATS6v,AATS6v,algorithmic_medoid,True,True,1,0.06592346714613362,0.9340765328538664,0.9340765328538664,0.9340765328538664,0.029069767441860465,835,1203.1178095977284,"[""AATS6d"", ""AATS6v""]"
final,19,2,AATS6d,AATS6v,AATS6v,algorithmic_medoid,False,False,2,0.06592346714613362,0.9340765328538664,0.9340765328538664,0.9340765328538664,0.029069767441860465,835,0.24805673611174442,"[""AATS6d"", ""AATS6v""]"
final,20,1,AATS6i,AATS6i,AATS6i,algorithmic_medoid,True,True,1,0.0,1.0,1.0,1.0,0.029069767441860465,835,52.51039849233219,"[""AATS6i""]"
final,21,2,AATS6p,AATS6p,AATS6p,algorithmic_medoid,True,True,1,0.1294586599957922,0.8705413400042078,0.8705413400042078,0.8705413400042078,0.029069767441860465,835,0.0552695097674119,"[""AATS6p"", ""AATS7p""]"
final,21,2,AATS7p,AATS6p,AATS6p,algorithmic_medoid,False,False,2,0.1294586599957922,0.8705413400042078,0.8705413400042078,0.8705413400042078,0.03953488372093023,826,0.06346886160101997,"[""AATS6p"", ""AATS7p""]"
final,22,4,AATS7are,AATS7are,AATS7are,algorithmic_medoid,True,True,1,0.02259076682007921,0.9774092331799208,0.9504162178246158,0.9934954737698212,0.03953488372093023,826,0.3943014119651878,"[""AATS7are"", ""AATS7pe"", ""AATS7s"", ""AATS7se""]"
final,22,4,AATS7se,AATS7are,AATS7are,algorithmic_medoid,False,False,2,0.028998920814246376,0.9710010791857536,0.9421282710651756,0.9883160079453251,0.03953488372093023,826,0.3184582019110756,"[""AATS7are"", ""AATS7pe"", ""AATS7s"", ""AATS7se""]"
final,22,4,AATS7pe,AATS7are,AATS7are,algorithmic_medoid,False,False,3,0.03072336278782084,0.9692766372121792,0.9317754793199563,0.9934954737698212,0.03953488372093023,826,0.3563130864066392,"[""AATS7are"", ""AATS7pe"", ""AATS7s"", ""AATS7se""]"
final,22,4,AATS7s,AATS7are,AATS7are,algorithmic_medoid,False,False,4,0.05856001059675087,0.9414399894032491,0.9317754793199563,0.9504162178246158,0.03953488372093023,826,6.238892267850321,"[""AATS7are"", ""AATS7pe"", ""AATS7s"", ""AATS7se""]"
final,23,2,AATS7v,AATS7v,AATS7v,algorithmic_medoid,True,True,1,0.09110504245208695,0.908894957547913,0.908894957547913,0.908894957547913,0.03953488372093023,826,1388.0470539370199,"[""AATS7d"", ""AATS7v""]"
final,23,2,AATS7d,AATS7v,AATS7v,algorithmic_medoid,False,False,2,0.09110504245208695,0.908894957547913,0.908894957547913,0.908894957547913,0.03953488372093023,826,0.2714942637751224,"[""AATS7d"", ""AATS7v""]"
final,24,1,AATS7i,AATS7i,AATS7i,algorithmic_medoid,True,True,1,0.0,1.0,1.0,1.0,0.03953488372093023,826,63.29473998597472,"[""AATS7i""]"
final,25,3,AATS8m,AATS8m,AATS8m,algorithmic_medoid,True,True,1,0.07257575332468691,0.9274242466753131,0.8562883437554343,0.9985601495951918,0.07093023255813953,799,1192.6139607091486,"[""AATS8Z"", ""AATS8dv"", ""AATS8m""]"
final,25,3,AATS8Z,AATS8m,AATS8m,algorithmic_medoid,False,False,2,0.07298179405384142,0.9270182059461586,0.8554762622971254,0.9985601495951918,0.07093023255813953,799,67.00758498530566,"[""AATS8Z"", ""AATS8dv"", ""AATS8m""]"
final,25,3,AATS8dv,AATS8m,AATS8m,algorithmic_medoid,False,False,3,0.14411769697372012,0.8558823030262799,0.8554762622971254,0.8562883437554343,0.07093023255813953,799,9.484557081495288,"[""AATS8Z"", ""AATS8dv"", ""AATS8m""]"
final,26,4,AATS8are,AATS8are,AATS8are,algorithmic_medoid,True,True,1,0.024515618514646342,0.9754843814853537,0.9472135430157688,0.9920779498458073,0.07093023255813953,799,0.4392968042345437,"[""AATS8are"", ""AATS8pe"", ""AATS8s"", ""AATS8se""]"
final,26,4,AATS8se,AATS8are,AATS8are,algorithmic_medoid,False,False,2,0.03251109229139093,0.9674889077086091,0.931115114437439,0.9871616515944847,0.07093023255813953,799,0.3548700868167828,"[""AATS8are"", ""AATS8pe"", ""AATS8s"", ""AATS8se""]"
final,26,4,AATS8pe,AATS8are,AATS8are,algorithmic_medoid,False,False,3,0.03313481231780202,0.966865187682198,0.9243276561068832,0.9920779498458073,0.07093023255813953,799,0.39552790279306616,"[""AATS8are"", ""AATS8pe"", ""AATS8s"", ""AATS8se""]"
final,26,4,AATS8s,AATS8are,AATS8are,algorithmic_medoid,False,False,4,0.06578122881330317,0.9342187711866968,0.9243276561068832,0.9472135430157688,0.07093023255813953,799,11.540466992204294,"[""AATS8are"", ""AATS8pe"", ""AATS8s"", ""AATS8se""]"
final,27,3,AATS8v,AATS8v,AATS8v,algorithmic_medoid,True,True,1,0.10281162631101481,0.8971883736889852,0.8944345859885972,0.8999421613893732,0.07093023255813953,799,1243.5881091391766,"[""AATS8d"", ""AATS8p"", ""AATS8v""]"
final,27,3,AATS8p,AATS8v,AATS8v,algorithmic_medoid,False,False,2,0.13953704442564718,0.8604629555743528,0.8209837497593325,0.8999421613893732,0.07093023255813953,799,0.05757764037977396,"[""AATS8d"", ""AATS8p"", ""AATS8v""]"
final,27,3,AATS8d,AATS8v,AATS8v,algorithmic_medoid,False,False,3,0.14229083212603522,0.8577091678739648,0.8209837497593325,0.8944345859885972,0.07093023255813953,799,0.24082387005482708,"[""AATS8d"", ""AATS8p"", ""AATS8v""]"
final,28,1,AATS8i,AATS8i,AATS8i,algorithmic_medoid,True,True,1,0.0,1.0,1.0,1.0,0.07093023255813953,799,56.81028343780727,"[""AATS8i""]"
final,29,2,AATSC0m,AATSC0m,AATSC0m,algorithmic_medoid,True,True,1,0.0013696326702786754,0.9986303673297213,0.9986303673297213,0.9986303673297213,0.0,860,5419.434954562191,"[""AATSC0Z"", ""AATSC0m""]"
final,29,2,AATSC0Z,AATSC0m,AATSC0m,algorithmic_medoid,False,False,2,0.0013696326702786754,0.9986303673297213,0.9986303673297213,0.9986303673297213,0.0,860,158.7975235962512,"[""AATSC0Z"", ""AATSC0m""]"
final,30,5,RPSA,RPSA,RPSA,algorithmic_medoid,True,True,1,0.07586244617229476,0.9241375538277052,0.8688501437966117,0.9999999009519123,0.005813953488372093,855,0.030607528399623565,"[""AATSC0c"", ""AATSC1c"", ""FNSA3"", ""RASA"", ""RPSA""]"
final,30,5,RASA,RPSA,RPSA,algorithmic_medoid,False,False,2,0.075867748341921,0.924132251658079,0.8688477843496905,0.9999999009519123,0.005813953488372093,855,0.030607528399623565,"[""AATSC0c"", ""AATSC1c"", ""FNSA3"", ""RASA"", ""RPSA""]"
final,30,5,FNSA3,RPSA,RPSA,algorithmic_medoid,False,False,3,0.08614625573336354,0.9138537442666365,0.869106925752407,0.9310525589511727,0.005813953488372093,855,0.001645237768212607,"[""AATSC0c"", ""AATSC1c"", ""FNSA3"", ""RASA"", ""RPSA""]"
final,30,5,AATSC0c,RPSA,RPSA,algorithmic_medoid,False,False,4,0.08816770874230762,0.9118322912576924,0.8966396461211372,0.9298280901451184,0.0011627906976744186,859,0.00020171694851626028,"[""AATSC0c"", ""AATSC1c"", ""FNSA3"", ""RASA"", ""RPSA""]"
final,30,5,AATSC1c,RPSA,RPSA,algorithmic_medoid,False,False,5,0.11584176398904311,0.8841582360109569,0.8688477843496905,0.9298280901451184,0.005813953488372093,855,0.0001038784503328886,"[""AATSC0c"", ""AATSC1c"", ""FNSA3"", ""RASA"", ""RPSA""]"
final,31,1,AATSC0d,AATSC0d,AATSC0d,algorithmic_medoid,True,True,1,0.0,1.0,1.0,1.0,0.0,860,0.022404657768112495,"[""AATSC0d""]"
final,32,1,AATSC0i,AATSC0i,AATSC0i,algorithmic_medoid,True,True,1,0.0,1.0,1.0,1.0,0.0,860,0.5206138043750783,"[""AATSC0i""]"
final,33,4,BCUTp-1h,BCUTp-1h,BCUTp-1h,algorithmic_medoid,True,True,1,0.0721942343872346,0.9278057656127654,0.8814448589389225,0.9872783100136246,0.002325581395348837,858,0.9070511755900269,"[""AATSC0p"", ""BCUTi-1l"", ""BCUTp-1h"", ""BCUTv-1h""]"
final,33,4,BCUTv-1h,BCUTp-1h,BCUTp-1h,algorithmic_medoid,False,False,2,0.0761775320468342,0.9238224679531658,0.8774850511539632,0.9872783100136246,0.002325581395348837,858,5.16673689058862,"[""AATSC0p"", ""BCUTi-1l"", ""BCUTp-1h"", ""BCUTv-1h""]"
final,33,4,AATSC0p,BCUTp-1h,BCUTp-1h,algorithmic_medoid,False,False,3,0.11712243282424828,0.8828775671757517,0.8272345309495969,0.9146941278857493,0.0,860,22.689837579510286,"[""AATSC0p"", ""BCUTi-1l"", ""BCUTp-1h"", ""BCUTv-1h""]"
final,33,4,BCUTi-1l,BCUTp-1h,BCUTp-1h,algorithmic_medoid,False,False,4,0.1379451863191724,0.8620548136808276,0.8272345309495969,0.8814448589389225,0.002325581395348837,858,0.3656081514692315,"[""AATSC0p"", ""BCUTi-1l"", ""BCUTp-1h"", ""BCUTv-1h""]"
final,34,5,ETA_dPsi_A,ETA_dPsi_A,ETA_dPsi_A,algorithmic_medoid,True,True,1,0.08707269048111022,0.9129273095188898,0.8722574410986861,0.9999992925119062,0.002325581395348837,858,0.009679056210880761,"[""AATSC0v"", ""AETA_alpha"", ""ETA_dAlpha_B"", ""ETA_dPsi_A"", ""ETA_psi_1""]"
final,34,5,ETA_psi_1,ETA_dPsi_A,ETA_dPsi_A,algorithmic_medoid,False,False,2,0.08709223292351154,0.9129077670764885,0.8722612305368335,0.9999992925119062,0.002325581395348837,858,0.010910313001067682,"[""AATSC0v"", ""AETA_alpha"", ""ETA_dAlpha_B"", ""ETA_dPsi_A"", ""ETA_psi_1""]"
final,34,5,ETA_dAlpha_B,ETA_dPsi_A,ETA_dPsi_A,algorithmic_medoid,False,False,3,0.10066770554636961,0.8993322944536304,0.8500872038141255,0.9945366786513316,0.002325581395348837,858,0.0005703036706638917,"[""AATSC0v"", ""AETA_alpha"", ""ETA_dAlpha_B"", ""ETA_dPsi_A"", ""ETA_psi_1""]"
final,34,5,AETA_alpha,ETA_dPsi_A,ETA_dPsi_A,algorithmic_medoid,False,False,4,0.10381373283104145,0.8961862671689586,0.8456897183889829,0.9945366786513316,0.002325581395348837,858,0.005185516046504677,"[""AATSC0v"", ""AETA_alpha"", ""ETA_dAlpha_B"", ""ETA_dPsi_A"", ""ETA_psi_1""]"
final,34,5,AATSC0v,ETA_dPsi_A,ETA_dPsi_A,algorithmic_medoid,False,False,5,0.12452633085594367,0.8754736691440563,0.8456897183889829,0.9030996925011789,0.0,860,42.63395859012113,"[""AATSC0v"", ""AETA_alpha"", ""ETA_dAlpha_B"", ""ETA_dPsi_A"", ""ETA_psi_1""]"
final,35,6,AATSC1Z,AATSC1Z,AATSC1Z,algorithmic_medoid,True,True,1,0.029498160285986286,0.9705018397140137,0.9452164975627928,0.9990817490754389,0.004651162790697674,856,1.1627357861948582,"[""AATSC1Z"", ""AATSC1m"", ""ATSC1Z"", ""ATSC1m"", ""MATS1Z"", ""MATS1m""]"
final,35,6,AATSC1m,AATSC1Z,AATSC1Z,algorithmic_medoid,False,False,2,0.031216451637614995,0.968783548362385,0.9432232792750019,0.9990817490754389,0.004651162790697674,856,22.778721820962986,"[""AATSC1Z"", ""AATSC1m"", ""ATSC1Z"", ""ATSC1m"", ""MATS1Z"", ""MATS1m""]"
final,35,6,MATS1m,AATSC1Z,AATSC1Z,algorithmic_medoid,False,False,3,0.03208426651698848,0.9679157334830115,0.9392095963724176,0.9991624966089003,0.004651162790697674,856,0.008191582047919605,"[""AATSC1Z"", ""AATSC1m"", ""ATSC1Z"", ""ATSC1m"", ""MATS1Z"", ""MATS1m""]"
final,35,6,MATS1Z,AATSC1Z,AATSC1Z,algorithmic_medoid,False,False,4,0.03223772105881617,0.9677622789411838,0.9396821216593053,0.9991624966089003,0.004651162790697674,856,0.00866156036956835,"[""AATSC1Z"", ""AATSC1m"", ""ATSC1Z"", ""ATSC1m"", ""MATS1Z"", ""MATS1m""]"
final,35,6,ATSC1Z,AATSC1Z,AATSC1Z,algorithmic_medoid,False,False,5,0.04497189346783981,0.9550281065321602,0.9410457867339944,0.998984969296412,0.0,860,1787.2591594407572,"[""AATSC1Z"", ""AATSC1m"", ""ATSC1Z"", ""ATSC1m"", ""MATS1Z"", ""MATS1m""]"
final,35,6,ATSC1m,AATSC1Z,AATSC1Z,algorithmic_medoid,False,False,6,0.046736707166814107,0.9532632928331859,0.9392095963724176,0.998984969296412,0.0,860,34059.05713265147,"[""AATSC1Z"", ""AATSC1m"", ""ATSC1Z"", ""ATSC1m"", ""MATS1Z"", ""MATS1m""]"
final,36,7,MATS1pe,MATS1pe,MATS1pe,algorithmic_medoid,True,True,1,0.04209210665525187,0.9579078933447481,0.8932693378655462,0.994220030314373,0.004651162790697674,856,0.01687727239540708,"[""AATSC1are"", ""AATSC1pe"", ""AATSC1se"", ""ETA_dEpsilon_D"", ""MATS1are"", ""MATS1pe"", ""MATS1se""]"
final,36,7,AATSC1pe,MATS1pe,MATS1pe,algorithmic_medoid,False,False,2,0.04225087370897462,0.9577491262910254,0.8905504277055855,0.9939574953579341,0.004651162790697674,856,0.0009807406554408799,"[""AATSC1are"", ""AATSC1pe"", ""AATSC1se"", ""ETA_dEpsilon_D"", ""MATS1are"", ""MATS1pe"", ""MATS1se""]"
final,36,7,MATS1are,MATS1pe,MATS1pe,algorithmic_medoid,False,False,3,0.045545302680494615,0.9544546973195054,0.8908249853525108,0.994220030314373,0.004651162790697674,856,0.018354416516204092,"[""AATSC1are"", ""AATSC1pe"", ""AATSC1se"", ""ETA_dEpsilon_D"", ""MATS1are"", ""MATS1pe"", ""MATS1se""]"
final,36,7,AATSC1are,MATS1pe,MATS1pe,algorithmic_medoid,False,False,4,0.04588952292070514,0.9541104770792949,0.8861524925502225,0.9939574953579341,0.004651162790697674,856,0.0013018326497030446,"[""AATSC1are"", ""AATSC1pe"", ""AATSC1se"", ""ETA_dEpsilon_D"", ""MATS1are"", ""MATS1pe"", ""MATS1se""]"
final,36,7,MATS1se,MATS1pe,MATS1pe,algorithmic_medoid,False,False,5,0.06511467776446078,0.9348853222355392,0.8597837680715447,0.9776641833454565,0.004651162790697674,856,0.015959458792814126,"[""AATSC1are"", ""AATSC1pe"", ""AATSC1se"", ""ETA_dEpsilon_D"", ""MATS1are"", ""MATS1pe"", ""MATS1se""]"
final,36,7,AATSC1se,MATS1pe,MATS1pe,algorithmic_medoid,False,False,6,0.06769323259652837,0.9323067674034716,0.847993340575224,0.9776641833454565,0.004651162790697674,856,0.001410764940970619,"[""AATSC1are"", ""AATSC1pe"", ""AATSC1se"", ""ETA_dEpsilon_D"", ""MATS1are"", ""MATS1pe"", ""MATS1se""]"
final,36,7,ETA_dEpsilon_D,MATS1pe,MATS1pe,algorithmic_medoid,False,False,7,0.12190427464656117,0.8780957253534388,0.847993340575224,0.8932693378655462,0.002325581395348837,858,0.006510243614102392,"[""AATSC1are"", ""AATSC1pe"", ""AATSC1se"", ""ETA_dEpsilon_D"", ""MATS1are"", ""MATS1pe"", ""MATS1se""]"
final,37,2,AATSC1d,AATSC1d,AATSC1d,algorithmic_medoid,True,True,1,0.06745895541817526,0.9325410445818247,0.9325410445818247,0.9325410445818247,0.004651162790697674,856,0.01378501110740852,"[""AATSC1d"", ""MATS1d""]"
final,37,2,MATS1d,AATSC1d,AATSC1d,algorithmic_medoid,False,False,2,0.06745895541817526,0.9325410445818247,0.9325410445818247,0.9325410445818247,0.0069767441860465115,854,0.028570128793571535,"[""AATSC1d"", ""MATS1d""]"
final,38,2,AATSC1dv,AATSC1dv,AATSC1dv,algorithmic_medoid,True,True,1,0.14756685989276164,0.8524331401072384,0.8524331401072384,0.8524331401072384,0.004651162790697674,856,0.4727392120917758,"[""AATSC1dv"", ""MATS1dv""]"
final,38,2,MATS1dv,AATSC1dv,AATSC1dv,algorithmic_medoid,False,False,2,0.14756685989276164,0.8524331401072384,0.8524331401072384,0.8524331401072384,0.005813953488372093,855,0.0278635481346772,"[""AATSC1dv"", ""MATS1dv""]"
final,39,3,AATSC1i,AATSC1i,AATSC1i,algorithmic_medoid,True,True,1,0.04903031395902602,0.950969686040974,0.924580138290167,0.977359233791781,0.004651162790697674,856,0.4017139159856326,"[""AATSC1i"", ""ATSC1i"", ""MATS1i""]"
final,39,3,MATS1i,AATSC1i,AATSC1i,algorithmic_medoid,False,False,2,0.05601773497950091,0.9439822650204991,0.9106052962492172,0.977359233791781,0.004651162790697674,856,0.03931240584589269,"[""AATSC1i"", ""ATSC1i"", ""MATS1i""]"
final,39,3,ATSC1i,AATSC1i,AATSC1i,algorithmic_medoid,False,False,3,0.08240728273030795,0.917592717269692,0.9106052962492172,0.924580138290167,0.0,860,205.42278104687918,"[""AATSC1i"", ""ATSC1i"", ""MATS1i""]"
final,40,3,AATSC1p,AATSC1p,AATSC1p,algorithmic_medoid,True,True,1,0.022388663313883672,0.9776113366861163,0.9679415860025653,0.9872810873696672,0.004651162790697674,856,22.760916417826305,"[""AATSC1p"", ""ATSC1p"", ""MATS1p""]"
final,40,3,MATS1p,AATSC1p,AATSC1p,algorithmic_medoid,False,False,2,0.028435165841672383,0.9715648341583276,0.9558485809469881,0.9872810873696672,0.004651162790697674,856,0.015804814270853968,"[""AATSC1p"", ""ATSC1p"", ""MATS1p""]"
final,40,3,ATSC1p,AATSC1p,AATSC1p,algorithmic_medoid,False,False,3,0.0381049165252233,0.9618950834747767,0.9558485809469881,0.9679415860025653,0.0,860,26.07676468202559,"[""AATSC1p"", ""ATSC1p"", ""MATS1p""]"
final,41,2,AATSC1s,AATSC1s,AATSC1s,algorithmic_medoid,True,True,1,0.12523608225340355,0.8747639177465965,0.8747639177465965,0.8747639177465965,0.0069767441860465115,854,0.21911763029199444,"[""AATSC1s"", ""MATS1s""]"
final,41,2,MATS1s,AATSC1s,AATSC1s,algorithmic_medoid,False,False,2,0.12523608225340355,0.8747639177465965,0.8747639177465965,0.8747639177465965,0.0069767441860465115,854,0.012374546162700157,"[""AATSC1s"", ""MATS1s""]"
final,42,3,AATSC1v,AATSC1v,AATSC1v,algorithmic_medoid,True,True,1,0.035921111281892015,0.964078888718108,0.9314811039284713,0.9966766735077448,0.004651162790697674,856,20.95460248385752,"[""AATSC1v"", ""ATSC1v"", ""MATS1v""]"
final,42,3,MATS1v,AATSC1v,AATSC1v,algorithmic_medoid,False,False,2,0.041418558747925216,0.9585814412520748,0.9204862089964047,0.9966766735077448,0.004651162790697674,856,0.007572102150742176,"[""AATSC1v"", ""ATSC1v"", ""MATS1v""]"
final,42,3,ATSC1v,AATSC1v,AATSC1v,algorithmic_medoid,False,False,3,0.07401634353756203,0.925983656462438,0.9204862089964047,0.9314811039284713,0.0,860,33528.33033699869,"[""AATSC1v"", ""ATSC1v"", ""MATS1v""]"
final,43,6,AATSC2Z,AATSC2Z,AATSC2Z,algorithmic_medoid,True,True,1,0.04146046852197516,0.9585395314780248,0.923849554949931,0.9987156955133575,0.005813953488372093,855,1.4995267638974688,"[""AATSC2Z"", ""AATSC2m"", ""ATSC2Z"", ""ATSC2m"", ""MATS2Z"", ""MATS2m""]"
final,43,6,AATSC2m,AATSC2Z,AATSC2Z,algorithmic_medoid,False,False,2,0.04168140818650712,0.9583185918134929,0.9252149459777932,0.9987156955133575,0.005813953488372093,855,33.60409461439957,"[""AATSC2Z"", ""AATSC2m"", ""ATSC2Z"", ""ATSC2m"", ""MATS2Z"", ""MATS2m""]"
final,43,6,MATS2m,AATSC2Z,AATSC2Z,algorithmic_medoid,False,False,3,0.04366295467495607,0.9563370453250439,0.9190354180553638,0.999012372699749,0.005813953488372093,855,0.012388168143343824,"[""AATSC2Z"", ""AATSC2m"", ""ATSC2Z"", ""ATSC2m"", ""MATS2Z"", ""MATS2m""]"
final,43,6,MATS2Z,AATSC2Z,AATSC2Z,algorithmic_medoid,False,False,4,0.04456421978181191,0.9554357802181881,0.9167606966926183,0.999012372699749,0.005813953488372093,855,0.01238760839284251,"[""AATSC2Z"", ""AATSC2m"", ""ATSC2Z"", ""ATSC2m"", ""MATS2Z"", ""MATS2m""]"
final,43,6,ATSC2Z,AATSC2Z,AATSC2Z,algorithmic_medoid,False,False,5,0.0625599198076372,0.9374400801923628,0.918824814578587,0.998836020232031,0.0,860,14760.233112884478,"[""AATSC2Z"", ""AATSC2m"", ""ATSC2Z"", ""ATSC2m"", ""MATS2Z"", ""MATS2m""]"
final,43,6,ATSC2m,AATSC2Z,AATSC2Z,algorithmic_medoid,False,False,6,0.06304972102026929,0.9369502789797307,0.9167606966926183,0.998836020232031,0.0,860,326129.07063924003,"[""AATSC2Z"", ""AATSC2m"", ""ATSC2Z"", ""ATSC2m"", ""MATS2Z"", ""MATS2m""]"
final,44,9,AATSC2are,AATSC2are,AATSC2are,algorithmic_medoid,True,True,1,0.040389446031370846,0.9596105539686292,0.920512867666496,0.9962163960018837,0.005813953488372093,855,0.0011498355590782363,"[""AATSC2are"", ""AATSC2pe"", ""AATSC2se"", ""ATSC2are"", ""ATSC2pe"", ""ATSC2se"", ""MATS2are"", ""MATS2pe"", ""MATS2se""]"
final,44,9,AATSC2pe,AATSC2are,AATSC2are,algorithmic_medoid,False,False,2,0.04156388290853141,0.9584361170914686,0.9273234953668669,0.9962163960018837,0.005813953488372093,855,0.000847272169660687,"[""AATSC2are"", ""AATSC2pe"", ""AATSC2se"", ""ATSC2are"", ""ATSC2pe"", ""ATSC2se"", ""MATS2are"", ""MATS2pe"", ""MATS2se""]"
final,44,9,MATS2pe,AATSC2are,AATSC2are,algorithmic_medoid,False,False,3,0.04371114494910944,0.9562888550508906,0.9188398489828268,0.9956802913062685,0.005813953488372093,855,0.022278588557803528,"[""AATSC2are"", ""AATSC2pe"", ""AATSC2se"", ""ATSC2are"", ""ATSC2pe"", ""ATSC2se"", ""MATS2are"", ""MATS2pe"", ""MATS2se""]"
final,44,9,AATSC2se,AATSC2are,AATSC2are,algorithmic_medoid,False,False,4,0.04465284954302717,0.9553471504569728,0.9098856922116358,0.988953487371192,0.005813953488372093,855,0.0004699256254146215,"[""AATSC2are"", ""AATSC2pe"", ""AATSC2se"", ""ATSC2are"", ""ATSC2pe"", ""ATSC2se"", ""MATS2are"", ""MATS2pe"", ""MATS2se""]"
final,44,9,MATS2are,AATSC2are,AATSC2are,algorithmic_medoid,False,False,5,0.04522252049210096,0.954777479507899,0.9120740626704685,0.9956802913062685,0.005813953488372093,855,0.024866929207079967,"[""AATSC2are"", ""AATSC2pe"", ""AATSC2se"", ""ATSC2are"", ""ATSC2pe"", ""ATSC2se"", ""MATS2are"", ""MATS2pe"", ""MATS2se""]"
final,44,9,MATS2se,AATSC2are,AATSC2are,algorithmic_medoid,False,False,6,0.05002605739634958,0.9499739426036504,0.9012006984681877,0.9878168862210805,0.005813953488372093,855,0.025641491340502198,"[""AATSC2are"", ""AATSC2pe"", ""AATSC2se"", ""ATSC2are"", ""ATSC2pe"", ""ATSC2se"", ""MATS2are"", ""MATS2pe"", ""MATS2se""]"
final,44,9,ATSC2are,AATSC2are,AATSC2are,algorithmic_medoid,False,False,7,0.057355393434125324,0.9426446065658747,0.9156210310906782,0.9940275068486297,0.004651162790697674,856,9.410040521014317,"[""AATSC2are"", ""AATSC2pe"", ""AATSC2se"", ""ATSC2are"", ""ATSC2pe"", ""ATSC2se"", ""MATS2are"", ""MATS2pe"", ""MATS2se""]"
final,44,9,ATSC2se,AATSC2are,AATSC2are,algorithmic_medoid,False,False,8,0.05810698831396377,0.9418930116860362,0.9188398489828268,0.9868957070150385,0.0,860,3.6897603506709244,"[""AATSC2are"", ""AATSC2pe"", ""AATSC2se"", ""ATSC2are"", ""ATSC2pe"", ""ATSC2se"", ""MATS2are"", ""MATS2pe"", ""MATS2se""]"
final,44,9,ATSC2pe,AATSC2are,AATSC2are,algorithmic_medoid,False,False,9,0.06747491070980882,0.9325250892901912,0.9012006984681877,0.9940275068486297,0.002325581395348837,858,6.9623748863544135,"[""AATSC2are"", ""AATSC2pe"", ""AATSC2se"", ""ATSC2are"", ""ATSC2pe"", ""ATSC2se"", ""MATS2are"", ""MATS2pe"", ""MATS2se""]"
final,45,3,AATSC2c,AATSC2c,AATSC2c,algorithmic_medoid,True,True,1,0.038347795345923696,0.9616522046540763,0.9609485412034818,0.9623558681046708,0.005813953488372093,855,2.9021611226330826e-05,"[""AATSC2c"", ""ATSC2c"", ""MATS2c""]"
final,45,3,MATS2c,AATSC2c,AATSC2c,algorithmic_medoid,False,False,2,0.05271800111417235,0.9472819988858276,0.9322081296669846,0.9623558681046708,0.005813953488372093,855,0.021026387325361242,"[""AATSC2c"", ""ATSC2c"", ""MATS2c""]"
final,45,3,ATSC2c,AATSC2c,AATSC2c,algorithmic_medoid,False,False,3,0.05342166456476671,0.9465783354352333,0.9322081296669846,0.9609485412034818,0.0011627906976744186,859,0.12695028077861611,"[""AATSC2c"", ""ATSC2c"", ""MATS2c""]"
final,46,3,AATSC2d,AATSC2d,AATSC2d,algorithmic_medoid,True,True,1,0.04781001277073482,0.9521899872292652,0.9161123265678419,0.9882676478906885,0.005813953488372093,855,0.005969424934992081,"[""AATSC2d"", ""ATSC2d"", ""MATS2d""]"
final,46,3,MATS2d,AATSC2d,AATSC2d,algorithmic_medoid,False,False,2,0.05512888695979479,0.9448711130402052,0.9014745781897219,0.9882676478906885,0.00813953488372093,853,0.015262055351265466,"[""AATSC2d"", ""ATSC2d"", ""MATS2d""]"
final,46,3,ATSC2d,AATSC2d,AATSC2d,algorithmic_medoid,False,False,3,0.09120654762121805,0.908793452378782,0.9014745781897219,0.9161123265678419,0.0,860,55.68131942551628,"[""AATSC2d"", ""ATSC2d"", ""MATS2d""]"
final,47,3,MATS2dv,MATS2dv,MATS2dv,algorithmic_medoid,True,True,1,0.05970481891479962,0.9402951810852004,0.8965436122817991,0.9840467498886016,0.005813953488372093,855,0.015071913587386463,"[""AATSC2dv"", ""ATSC2dv"", ""MATS2dv""]"
final,47,3,AATSC2dv,MATS2dv,MATS2dv,algorithmic_medoid,False,False,2,0.06259371084849885,0.9374062891515011,0.8907658284144007,0.9840467498886016,0.005813953488372093,855,0.2758430130874045,"[""AATSC2dv"", ""ATSC2dv"", ""MATS2dv""]"
final,47,3,ATSC2dv,MATS2dv,MATS2dv,algorithmic_medoid,False,False,3,0.1063452796519001,0.8936547203480999,0.8907658284144007,0.8965436122817991,0.0,860,3255.648957220777,"[""AATSC2dv"", ""ATSC2dv"", ""MATS2dv""]"
final,48,4,MATS2i,MATS2i,MATS2i,algorithmic_medoid,True,True,1,0.06998452249482245,0.9300154775051775,0.8559234788845077,0.9906259010869561,0.005813953488372093,855,0.029776681594013,"[""AATSC2i"", ""ATSC2i"", ""GATS2i"", ""MATS2i""]"
final,48,4,AATSC2i,MATS2i,MATS2i,algorithmic_medoid,False,False,2,0.07155233677980677,0.9284476632201932,0.8419605077374481,0.9906259010869561,0.005813953488372093,855,0.08620406968412352,"[""AATSC2i"", ""ATSC2i"", ""GATS2i"", ""MATS2i""]"
final,48,4,ATSC2i,MATS2i,MATS2i,algorithmic_medoid,False,False,3,0.09982883823396582,0.9001711617660342,0.8042598519178584,0.9527565808361754,0.0,860,872.3134629900565,"[""AATSC2i"", ""ATSC2i"", ""GATS2i"", ""MATS2i""]"
final,48,4,GATS2i,MATS2i,MATS2i,algorithmic_medoid,False,False,4,0.16595205382006195,0.834047946179938,0.8042598519178584,0.8559234788845077,0.005813953488372093,855,0.04827638453533196,"[""AATSC2i"", ""ATSC2i"", ""GATS2i"", ""MATS2i""]"
final,49,6,AATSC2v,AATSC2v,AATSC2v,algorithmic_medoid,True,True,1,0.08557260851190984,0.9144273914880902,0.85097920069469,0.9968397721820748,0.005813953488372093,855,33.24832083285606,"[""AATSC2p"", ""AATSC2v"", ""ATSC2p"", ""ATSC2v"", ""MATS2p"", ""MATS2v""]"
final,49,6,MATS2p,AATSC2v,AATSC2v,algorithmic_medoid,False,False,2,0.08836321669782454,0.9116367833021755,0.8383406690532893,0.9861479790096547,0.005813953488372093,855,0.02144962708809041,"[""AATSC2p"", ""AATSC2v"", ""ATSC2p"", ""ATSC2v"", ""MATS2p"", ""MATS2v""]"
final,49,6,MATS2v,AATSC2v,AATSC2v,algorithmic_medoid,False,False,3,0.09048591433698705,0.909514085663013,0.8398068523111712,0.9968397721820748,0.005813953488372093,855,0.017487890229218588,"[""AATSC2p"", ""AATSC2v"", ""ATSC2p"", ""ATSC2v"", ""MATS2p"", ""MATS2v""]"
final,49,6,AATSC2p,AATSC2v,AATSC2v,algorithmic_medoid,False,False,4,0.09930367937027307,0.9006963206297269,0.8205668185212075,0.9861479790096547,0.005813953488372093,855,0.0013101289433071575,"[""AATSC2p"", ""AATSC2v"", ""ATSC2p"", ""ATSC2v"", ""MATS2p"", ""MATS2v""]"
final,49,6,ATSC2p,AATSC2v,AATSC2v,algorithmic_medoid,False,False,5,0.10962555386731054,0.8903744461326895,0.8398068523111712,0.9473450218767383,0.0,860,12.861901461397604,"[""AATSC2p"", ""AATSC2v"", ""ATSC2p"", ""ATSC2v"", ""MATS2p"", ""MATS2v""]"
final,49,6,ATSC2v,AATSC2v,AATSC2v,algorithmic_medoid,False,False,6,0.11504532408962365,0.8849546759103764,0.8205668185212075,0.9495901405409951,0.0,860,472573.00524854177,"[""AATSC2p"", ""AATSC2v"", ""ATSC2p"", ""ATSC2v"", ""MATS2p"", ""MATS2v""]"
final,50,4,AATSC2s,AATSC2s,AATSC2s,algorithmic_medoid,True,True,1,0.07681461523454292,0.9231853847654571,0.872433291761608,0.9536954880432916,0.0069767441860465115,854,0.32881081258974537,"[""AATSC2s"", ""ATSC2s"", ""GATS2s"", ""MATS2s""]"
final,50,4,ATSC2s,AATSC2s,AATSC2s,algorithmic_medoid,False,False,2,0.09237378770595372,0.9076262122940463,0.8561743181200728,0.9536954880432916,0.0069767441860465115,854,2104.71167132439,"[""AATSC2s"", ""ATSC2s"", ""GATS2s"", ""MATS2s""]"
final,50,4,MATS2s,AATSC2s,AATSC2s,algorithmic_medoid,False,False,3,0.09291159663632709,0.9070884033636729,0.864829004880772,0.943427374491472,0.0069767441860465115,854,0.023938634721620257,"[""AATSC2s"", ""ATSC2s"", ""GATS2s"", ""MATS2s""]"
final,50,4,GATS2s,AATSC2s,AATSC2s,algorithmic_medoid,False,False,4,0.13552112841251562,0.8644788715874844,0.8561743181200728,0.872433291761608,0.0069767441860465115,854,0.04537210000430111,"[""AATSC2s"", ""ATSC2s"", ""GATS2s"", ""MATS2s""]"
final,51,6,AATSC3m,AATSC3m,AATSC3m,algorithmic_medoid,True,True,1,0.04489559518161401,0.955104404818386,0.9052054933355957,0.9993895712064353,0.00813953488372093,853,49.75862178598814,"[""AATSC3Z"", ""AATSC3m"", ""ATSC3Z"", ""ATSC3m"", ""MATS3Z"", ""MATS3m""]"
final,51,6,AATSC3Z,AATSC3m,AATSC3m,algorithmic_medoid,False,False,2,0.04507071186685674,0.9549292881331433,0.9052112019794739,0.9993895712064353,0.00813953488372093,853,2.0180336129757306,"[""AATSC3Z"", ""AATSC3m"", ""ATSC3Z"", ""ATSC3m"", ""MATS3Z"", ""MATS3m""]"
final,51,6,MATS3Z,AATSC3m,AATSC3m,algorithmic_medoid,False,False,3,0.04522844429949924,0.9547715557005008,0.9050650737065716,0.999450410290795,0.00813953488372093,853,0.012461491315339935,"[""AATSC3Z"", ""AATSC3m"", ""ATSC3Z"", ""ATSC3m"", ""MATS3Z"", ""MATS3m""]"
final,51,6,MATS3m,AATSC3m,AATSC3m,algorithmic_medoid,False,False,4,0.045744857281948326,0.9542551427180517,0.9043424044033179,0.999450410290795,0.00813953488372093,853,0.012429073388013244,"[""AATSC3Z"", ""AATSC3m"", ""ATSC3Z"", ""ATSC3m"", ""MATS3Z"", ""MATS3m""]"
final,51,6,ATSC3Z,AATSC3m,AATSC3m,algorithmic_medoid,False,False,5,0.07474314051211994,0.9252568594878801,0.9049430035479517,0.9993495417915321,0.0,860,24872.263008441005,"[""AATSC3Z"", ""AATSC3m"", ""ATSC3Z"", ""ATSC3m"", ""MATS3Z"", ""MATS3m""]"
final,51,6,ATSC3m,AATSC3m,AATSC3m,algorithmic_medoid,False,False,6,0.07616525695670173,0.9238347430432983,0.9043424044033179,0.9993495417915321,0.0,860,631651.2043965423,"[""AATSC3Z"", ""AATSC3m"", ""ATSC3Z"", ""ATSC3m"", ""MATS3Z"", ""MATS3m""]"
final,52,9,AATSC3are,AATSC3are,AATSC3are,algorithmic_medoid,True,True,1,0.05668349127852923,0.9433165087214708,0.9055364157678045,0.9849545097907891,0.00813953488372093,853,0.0004902841415717492,"[""AATSC3are"", ""AATSC3pe"", ""AATSC3se"", ""ATSC3are"", ""ATSC3pe"", ""ATSC3se"", ""MATS3are"", ""MATS3pe"", ""MATS3se""]"
final,52,9,AATSC3pe,AATSC3are,AATSC3are,algorithmic_medoid,False,False,2,0.06248653915223612,0.9375134608477639,0.8815809061749694,0.9849545097907891,0.00813953488372093,853,0.0004143750835174596,"[""AATSC3are"", ""AATSC3pe"", ""AATSC3se"", ""ATSC3are"", ""ATSC3pe"", ""ATSC3se"", ""MATS3are"", ""MATS3pe"", ""MATS3se""]"
final,52,9,MATS3are,AATSC3are,AATSC3are,algorithmic_medoid,False,False,3,0.07023538757962311,0.9297646124203769,0.8652034507867599,0.983695571171828,0.00813953488372093,853,0.012303095107949734,"[""AATSC3are"", ""AATSC3pe"", ""AATSC3se"", ""ATSC3are"", ""ATSC3pe"", ""ATSC3se"", ""MATS3are"", ""MATS3pe"", ""MATS3se""]"
final,52,9,ATSC3are,AATSC3are,AATSC3are,algorithmic_medoid,False,False,4,0.07526910108768836,0.9247308989123116,0.8862743318688715,0.9846714326040326,0.004651162790697674,856,5.999419086851142,"[""AATSC3are"", ""AATSC3pe"", ""AATSC3se"", ""ATSC3are"", ""ATSC3pe"", ""ATSC3se"", ""MATS3are"", ""MATS3pe"", ""MATS3se""]"
final,52,9,MATS3pe,AATSC3are,AATSC3are,algorithmic_medoid,False,False,5,0.07610316468264511,0.9238968353173549,0.846533000095301,0.983695571171828,0.00813953488372093,853,0.012498399199878538,"[""AATSC3are"", ""AATSC3pe"", ""AATSC3se"", ""ATSC3are"", ""ATSC3pe"", ""ATSC3se"", ""MATS3are"", ""MATS3pe"", ""MATS3se""]"
final,52,9,MATS3se,AATSC3are,AATSC3are,algorithmic_medoid,False,False,6,0.07777134234934291,0.9222286576506571,0.8743595544857224,0.9578249328900638,0.00813953488372093,853,0.011906949442377442,"[""AATSC3are"", ""AATSC3pe"", ""AATSC3se"", ""ATSC3are"", ""ATSC3pe"", ""ATSC3se"", ""MATS3are"", ""MATS3pe"", ""MATS3se""]"
final,52,9,AATSC3se,AATSC3are,AATSC3are,algorithmic_medoid,False,False,7,0.07787097392848996,0.92212902607151,0.8809477645479237,0.9568972941378023,0.00813953488372093,853,0.0001952913326172006,"[""AATSC3are"", ""AATSC3pe"", ""AATSC3se"", ""ATSC3are"", ""ATSC3pe"", ""ATSC3se"", ""MATS3are"", ""MATS3pe"", ""MATS3se""]"
final,52,9,ATSC3pe,AATSC3are,AATSC3are,algorithmic_medoid,False,False,8,0.08017625769174963,0.9198237423082504,0.8743595544857224,0.9846714326040326,0.002325581395348837,858,4.954726501700654,"[""AATSC3are"", ""AATSC3pe"", ""AATSC3se"", ""ATSC3are"", ""ATSC3pe"", ""ATSC3se"", ""MATS3are"", ""MATS3pe"", ""MATS3se""]"
final,52,9,ATSC3se,AATSC3are,AATSC3are,algorithmic_medoid,False,False,9,0.09425867827476031,0.9057413217252397,0.846533000095301,0.9598576745397365,0.0,860,2.6339257429024028,"[""AATSC3are"", ""AATSC3pe"", ""AATSC3se"", ""ATSC3are"", ""ATSC3pe"", ""ATSC3se"", ""MATS3are"", ""MATS3pe"", ""MATS3se""]"
final,53,3,AATSC3c,AATSC3c,AATSC3c,algorithmic_medoid,True,True,1,0.041206326174819785,0.9587936738251802,0.9511250477099487,0.9664622999404118,0.00813953488372093,853,2.361911919163491e-05,"[""AATSC3c"", ""ATSC3c"", ""MATS3c""]"
final,53,3,MATS3c,AATSC3c,AATSC3c,algorithmic_medoid,False,False,2,0.04984659640664768,0.9501534035933523,0.933844507246293,0.9664622999404118,0.00813953488372093,853,0.01550022174700865,"[""AATSC3c"", ""ATSC3c"", ""MATS3c""]"
final,53,3,ATSC3c,AATSC3c,AATSC3c,algorithmic_medoid,False,False,3,0.05751522252187913,0.9424847774781209,0.933844507246293,0.9511250477099487,0.0011627906976744186,859,0.406074176892011,"[""AATSC3c"", ""ATSC3c"", ""MATS3c""]"
final,54,2,AATSC3d,AATSC3d,AATSC3d,algorithmic_medoid,True,True,1,0.01988671456584923,0.9801132854341508,0.9801132854341508,0.9801132854341508,0.00813953488372093,853,0.004220919790262749,"[""AATSC3d"", ""MATS3d""]"
final,54,2,MATS3d,AATSC3d,AATSC3d,algorithmic_medoid,False,False,2,0.01988671456584923,0.9801132854341508,0.9801132854341508,0.9801132854341508,0.010465116279069767,851,0.008672993244333673,"[""AATSC3d"", ""MATS3d""]"
final,55,3,MATS3dv,MATS3dv,MATS3dv,algorithmic_medoid,True,True,1,0.053912719428975464,0.9460872805710245,0.9061085910051923,0.9860659701368569,0.00813953488372093,853,0.01463308578329582,"[""AATSC3dv"", ""ATSC3dv"", ""MATS3dv""]"
final,55,3,AATSC3dv,MATS3dv,MATS3dv,algorithmic_medoid,False,False,2,0.05508992988655348,0.9449100701134465,0.9037541700900362,0.9860659701368569,0.00813953488372093,853,0.27675756432116977,"[""AATSC3dv"", ""ATSC3dv"", ""MATS3dv""]"
final,55,3,ATSC3dv,MATS3dv,MATS3dv,algorithmic_medoid,False,False,3,0.09506861945238576,0.9049313805476142,0.9037541700900362,0.9061085910051923,0.0,860,4150.73159517993,"[""AATSC3dv"", ""ATSC3dv"", ""MATS3dv""]"
final,56,3,AATSC3i,AATSC3i,AATSC3i,algorithmic_medoid,True,True,1,0.05749319229022831,0.9425068077097717,0.8975314770380111,0.9874821383815323,0.00813953488372093,853,0.03268664644244632,"[""AATSC3i"", ""ATSC3i"", ""MATS3i""]"
final,56,3,MATS3i,AATSC3i,AATSC3i,algorithmic_medoid,False,False,2,0.0632619118881943,0.9367380881118057,0.885994037842079,0.9874821383815323,0.00813953488372093,853,0.01440304021496666,"[""AATSC3i"", ""ATSC3i"", ""MATS3i""]"
final,56,3,ATSC3i,AATSC3i,AATSC3i,algorithmic_medoid,False,False,3,0.10823724255995493,0.8917627574400451,0.885994037842079,0.8975314770380111,0.0,860,487.1860033582414,"[""AATSC3i"", ""ATSC3i"", ""MATS3i""]"
final,57,3,AATSC3p,AATSC3p,AATSC3p,algorithmic_medoid,True,True,1,0.08430194829609661,0.9156980517039034,0.8486814485364569,0.9827146548713499,0.00813953488372093,853,0.001054413182157235,"[""AATSC3p"", ""ATSC3p"", ""MATS3p""]"
final,57,3,MATS3p,AATSC3p,AATSC3p,algorithmic_medoid,False,False,2,0.08828464273142633,0.9117153572685737,0.8407160596657974,0.9827146548713499,0.00813953488372093,853,0.01333777997659464,"[""AATSC3p"", ""ATSC3p"", ""MATS3p""]"
final,57,3,ATSC3p,AATSC3p,AATSC3p,algorithmic_medoid,False,False,3,0.15530124589887284,0.8446987541011272,0.8407160596657974,0.8486814485364569,0.0,860,14.665202162858241,"[""AATSC3p"", ""ATSC3p"", ""MATS3p""]"
final,58,3,AATSC3s,AATSC3s,AATSC3s,algorithmic_medoid,True,True,1,0.04750889219609589,0.9524911078039041,0.9439635384140715,0.9610186771937367,0.00813953488372093,853,0.11380309123933818,"[""AATSC3s"", ""ATSC3s"", ""MATS3s""]"
final,58,3,ATSC3s,AATSC3s,AATSC3s,algorithmic_medoid,False,False,2,0.06596852483049287,0.9340314751695071,0.9070442731452777,0.9610186771937367,0.0069767441860465115,854,797.6279883633824,"[""AATSC3s"", ""ATSC3s"", ""MATS3s""]"
final,58,3,MATS3s,AATSC3s,AATSC3s,algorithmic_medoid,False,False,3,0.07449609422032544,0.9255039057796746,0.9070442731452777,0.9439635384140715,0.00813953488372093,853,0.01028914294645779,"[""AATSC3s"", ""ATSC3s"", ""MATS3s""]"
final,59,2,AATSC3v,AATSC3v,AATSC3v,algorithmic_medoid,True,True,1,0.004607161626589917,0.9953928383734101,0.9953928383734101,0.9953928383734101,0.00813953488372093,853,24.410187761081982,"[""AATSC3v"", ""MATS3v""]"
final,59,2,MATS3v,AATSC3v,AATSC3v,algorithmic_medoid,False,False,2,0.004607161626589917,0.9953928383734101,0.9953928383734101,0.9953928383734101,0.00813953488372093,853,0.012450290351994062,"[""AATSC3v"", ""MATS3v""]"
final,60,6,MATS4Z,MATS4Z,MATS4Z,algorithmic_medoid,True,True,1,0.05361703569912635,0.9463829643008737,0.8891659365324354,0.9995104331688002,0.010465116279069767,851,0.015204673049628864,"[""AATSC4Z"", ""AATSC4m"", ""ATSC4Z"", ""ATSC4m"", ""MATS4Z"", ""MATS4m""]"
final,60,6,MATS4m,MATS4Z,MATS4Z,algorithmic_medoid,False,False,2,0.05387314786044617,0.9461268521395538,0.888955388456834,0.9995104331688002,0.010465116279069767,851,0.015112659666501814,"[""AATSC4Z"", ""AATSC4m"", ""ATSC4Z"", ""ATSC4m"", ""MATS4Z"", ""MATS4m""]"
final,60,6,AATSC4m,MATS4Z,MATS4Z,algorithmic_medoid,False,False,3,0.05505968236362935,0.9449403176363707,0.8855817947268066,0.9992892774629495,0.010465116279069767,851,703.8109966505807,"[""AATSC4Z"", ""AATSC4m"", ""ATSC4Z"", ""ATSC4m"", ""MATS4Z"", ""MATS4m""]"
final,60,6,AATSC4Z,MATS4Z,MATS4Z,algorithmic_medoid,False,False,4,0.05569288056684518,0.9443071194331548,0.8841550338304837,0.9992892774629495,0.010465116279069767,851,21.39111776080436,"[""AATSC4Z"", ""AATSC4m"", ""ATSC4Z"", ""ATSC4m"", ""MATS4Z"", ""MATS4m""]"
final,60,6,ATSC4Z,MATS4Z,MATS4Z,algorithmic_medoid,False,False,5,0.08973343660605304,0.910266563393947,0.8858666827206466,0.9994508109978271,0.0,860,378969.83998106525,"[""AATSC4Z"", ""AATSC4m"", ""ATSC4Z"", ""ATSC4m"", ""MATS4Z"", ""MATS4m""]"
final,60,6,ATSC4m,MATS4Z,MATS4Z,algorithmic_medoid,False,False,6,0.0905382070911227,0.9094617929088773,0.8841550338304837,0.9994508109978271,0.0,860,12525245.571735645,"[""AATSC4Z"", ""AATSC4m"", ""ATSC4Z"", ""ATSC4m"", ""MATS4Z"", ""MATS4m""]"
final,61,9,AATSC4are,AATSC4are,AATSC4are,algorithmic_medoid,True,True,1,0.05707133405296594,0.9429286659470341,0.8979125582711112,0.9900863105799865,0.010465116279069767,851,0.0008257619555969714,"[""AATSC4are"", ""AATSC4pe"", ""AATSC4se"", ""ATSC4are"", ""ATSC4pe"", ""ATSC4se"", ""MATS4are"", ""MATS4pe"", ""MATS4se""]"
final,61,9,AATSC4pe,AATSC4are,AATSC4are,algorithmic_medoid,False,False,2,0.06225354154529794,0.9377464584547021,0.8789221123333996,0.9900863105799865,0.010465116279069767,851,0.0006753227428329565,"[""AATSC4are"", ""AATSC4pe"", ""AATSC4se"", ""ATSC4are"", ""ATSC4pe"", ""ATSC4se"", ""MATS4are"", ""MATS4pe"", ""MATS4se""]"
final,61,9,MATS4are,AATSC4are,AATSC4are,algorithmic_medoid,False,False,3,0.06374762529886091,0.9362523747011391,0.8740757993636654,0.9902314020071122,0.010465116279069767,851,0.016251092228412842,"[""AATSC4are"", ""AATSC4pe"", ""AATSC4se"", ""ATSC4are"", ""ATSC4pe"", ""ATSC4se"", ""MATS4are"", ""MATS4pe"", ""MATS4se""]"
final,61,9,AATSC4se,AATSC4are,AATSC4are,algorithmic_medoid,False,False,4,0.06879111396452442,0.9312088860354756,0.8758492975800548,0.9741932478953206,0.010465116279069767,851,0.000331327441370158,"[""AATSC4are"", ""AATSC4pe"", ""AATSC4se"", ""ATSC4are"", ""ATSC4pe"", ""ATSC4se"", ""MATS4are"", ""MATS4pe"", ""MATS4se""]"
final,61,9,MATS4se,AATSC4are,AATSC4are,algorithmic_medoid,False,False,5,0.07151270104667329,0.9284872989533267,0.8696977675704626,0.9709056125601387,0.010465116279069767,851,0.014913252609395472,"[""AATSC4are"", ""AATSC4pe"", ""AATSC4se"", ""ATSC4are"", ""ATSC4pe"", ""ATSC4se"", ""MATS4are"", ""MATS4pe"", ""MATS4se""]"
final,61,9,MATS4pe,AATSC4are,AATSC4are,algorithmic_medoid,False,False,6,0.07292865265814408,0.9270713473418559,0.8536649651671898,0.9902314020071122,0.010465116279069767,851,0.01641271210826338,"[""AATSC4are"", ""AATSC4pe"", ""AATSC4se"", ""ATSC4are"", ""ATSC4pe"", ""ATSC4se"", ""MATS4are"", ""MATS4pe"", ""MATS4se""]"
final,61,9,ATSC4are,AATSC4are,AATSC4are,algorithmic_medoid,False,False,7,0.08234196058871335,0.9176580394112867,0.8828788475329435,0.9892375932503977,0.004651162790697674,856,10.929505164108855,"[""AATSC4are"", ""AATSC4pe"", ""AATSC4se"", ""ATSC4are"", ""ATSC4pe"", ""ATSC4se"", ""MATS4are"", ""MATS4pe"", ""MATS4se""]"
final,61,9,ATSC4pe,AATSC4are,AATSC4are,algorithmic_medoid,False,False,8,0.08984203651991374,0.9101579634800863,0.8696977675704626,0.9892375932503977,0.002325581395348837,858,8.49577418791582,"[""AATSC4are"", ""AATSC4pe"", ""AATSC4se"", ""ATSC4are"", ""ATSC4pe"", ""ATSC4se"", ""MATS4are"", ""MATS4pe"", ""MATS4se""]"
final,61,9,ATSC4se,AATSC4are,AATSC4are,algorithmic_medoid,False,False,9,0.0919421120436148,0.9080578879563852,0.8536649651671898,0.9748286587123953,0.0,860,4.8161326450627815,"[""AATSC4are"", ""AATSC4pe"", ""AATSC4se"", ""ATSC4are"", ""ATSC4pe"", ""ATSC4se"", ""MATS4are"", ""MATS4pe"", ""MATS4se""]"
final,62,3,AATSC4c,AATSC4c,AATSC4c,algorithmic_medoid,True,True,1,0.041140623398880916,0.9588593766011191,0.9494171731725687,0.9683015800296696,0.010465116279069767,851,2.417077008332138e-05,"[""AATSC4c"", ""ATSC4c"", ""MATS4c""]"
final,62,3,MATS4c,AATSC4c,AATSC4c,algorithmic_medoid,False,False,2,0.049070464377616974,0.950929535622383,0.9335574912150965,0.9683015800296696,0.010465116279069767,851,0.015814138252731005,"[""AATSC4c"", ""ATSC4c"", ""MATS4c""]"
final,62,3,ATSC4c,AATSC4c,AATSC4c,algorithmic_medoid,False,False,3,0.05851266780616737,0.9414873321938326,0.9335574912150965,0.9494171731725687,0.0011627906976744186,859,0.569191833017505,"[""AATSC4c"", ""ATSC4c"", ""MATS4c""]"
final,63,3,AATSC4d,AATSC4d,AATSC4d,algorithmic_medoid,True,True,1,0.07378405648405972,0.9262159435159403,0.8628974219403494,0.9895344650915312,0.010465116279069767,851,0.004820758560876651,"[""AATSC4d"", ""ATSC4d"", ""MATS4d""]"
final,63,3,MATS4d,AATSC4d,AATSC4d,algorithmic_medoid,False,False,2,0.08596705286323614,0.9140329471367639,0.8385314291819966,0.9895344650915312,0.010465116279069767,851,0.01011212409633584,"[""AATSC4d"", ""ATSC4d"", ""MATS4d""]"
final,63,3,ATSC4d,AATSC4d,AATSC4d,algorithmic_medoid,False,False,3,0.14928557443882706,0.8507144255611729,0.8385314291819966,0.8628974219403494,0.0,860,112.12636575763835,"[""AATSC4d"", ""ATSC4d"", ""MATS4d""]"
final,64,3,MATS4dv,MATS4dv,MATS4dv,algorithmic_medoid,True,True,1,0.058430349715957286,0.9415696502840427,0.8943678072969066,0.9887714932711787,0.010465116279069767,851,0.014952130919704858,"[""AATSC4dv"", ""ATSC4dv"", ""MATS4dv""]"
final,64,3,AATSC4dv,MATS4dv,MATS4dv,algorithmic_medoid,False,False,2,0.06086098934798656,0.9391390106520134,0.8895065280328482,0.9887714932711787,0.010465116279069767,851,0.3142933624623626,"[""AATSC4dv"", ""ATSC4dv"", ""MATS4dv""]"
final,64,3,ATSC4dv,MATS4dv,MATS4dv,algorithmic_medoid,False,False,3,0.1080628323351226,0.8919371676648774,0.8895065280328482,0.8943678072969066,0.0,860,4779.538403505972,"[""AATSC4dv"", ""ATSC4dv"", ""MATS4dv""]"
final,65,3,AATSC4i,AATSC4i,AATSC4i,algorithmic_medoid,True,True,1,0.0605096815611863,0.9394903184388137,0.8950273515817158,0.9839532852959116,0.010465116279069767,851,0.020521526008555193,"[""AATSC4i"", ""ATSC4i"", ""MATS4i""]"
final,65,3,MATS4i,AATSC4i,AATSC4i,algorithmic_medoid,False,False,2,0.062390572986647075,0.9376094270133529,0.8912655687307942,0.9839532852959116,0.010465116279069767,851,0.008722992632844142,"[""AATSC4i"", ""ATSC4i"", ""MATS4i""]"
final,65,3,ATSC4i,AATSC4i,AATSC4i,algorithmic_medoid,False,False,3,0.10685353984374502,0.893146460156255,0.8912655687307942,0.8950273515817158,0.0,860,566.8183290165956,"[""AATSC4i"", ""ATSC4i"", ""MATS4i""]"
final,66,4,MATS4p,MATS4p,MATS4p,algorithmic_medoid,True,True,1,0.09281012661846544,0.9071898733815346,0.8294756960056661,0.9853948324397301,0.010465116279069767,851,0.010682848582095091,"[""AATSC4p"", ""ATSC4p"", ""GATS4p"", ""MATS4p""]"
final,66,4,AATSC4p,MATS4p,MATS4p,algorithmic_medoid,False,False,2,0.0945781934077976,0.9054218065922024,0.822158139097888,0.9853948324397301,0.010465116279069767,851,0.0018327390785925434,"[""AATSC4p"", ""ATSC4p"", ""GATS4p"", ""MATS4p""]"
final,66,4,ATSC4p,MATS4p,MATS4p,algorithmic_medoid,False,False,3,0.12343398832670027,0.8765660116732997,0.8142864950817025,0.908712448238989,0.0,860,37.36753116677667,"[""AATSC4p"", ""ATSC4p"", ""GATS4p"", ""MATS4p""]"
final,66,4,GATS4p,MATS4p,MATS4p,algorithmic_medoid,False,False,4,0.1780265566049145,0.8219734433950855,0.8142864950817025,0.8294756960056661,0.010465116279069767,851,0.030986898521068233,"[""AATSC4p"", ""ATSC4p"", ""GATS4p"", ""MATS4p""]"
final,67,3,AATSC4s,AATSC4s,AATSC4s,algorithmic_medoid,True,True,1,0.04985503565683591,0.9501449643431641,0.9451400032851683,0.95514992540116,0.010465116279069767,851,0.1942175145638254,"[""AATSC4s"", ""ATSC4s"", ""MATS4s""]"
final,67,3,MATS4s,AATSC4s,AATSC4s,algorithmic_medoid,False,False,2,0.06615805832987687,0.9338419416701231,0.9125339579390864,0.95514992540116,0.010465116279069767,851,0.013292303327971555,"[""AATSC4s"", ""ATSC4s"", ""MATS4s""]"
final,67,3,ATSC4s,AATSC4s,AATSC4s,algorithmic_medoid,False,False,3,0.07116301938787262,0.9288369806121274,0.9125339579390864,0.9451400032851683,0.0069767441860465115,854,1951.064176592147,"[""AATSC4s"", ""ATSC4s"", ""MATS4s""]"
final,68,4,AATSC4v,AATSC4v,AATSC4v,algorithmic_medoid,True,True,1,0.0811088113526236,0.9188911886473764,0.8581958908957147,0.9972944377879617,0.010465116279069767,851,23.241780014345053,"[""AATSC4v"", ""ATSC4v"", ""GATS4v"", ""MATS4v""]"
final,68,4,MATS4v,AATSC4v,AATSC4v,algorithmic_medoid,False,False,2,0.08833341621961976,0.9116665837803802,0.8502066121452039,0.9972944377879617,0.010465116279069767,851,0.011508652890312037,"[""AATSC4v"", ""ATSC4v"", ""GATS4v"", ""MATS4v""]"
final,68,4,ATSC4v,AATSC4v,AATSC4v,algorithmic_medoid,False,False,3,0.11776507645192102,0.882234923548079,0.858022831977809,0.9011832372584528,0.0,860,750624.0354005598,"[""AATSC4v"", ""ATSC4v"", ""GATS4v"", ""MATS4v""]"
final,68,4,GATS4v,AATSC4v,AATSC4v,algorithmic_medoid,False,False,4,0.14452488832709076,0.8554751116729092,0.8502066121452039,0.8581958908957147,0.010465116279069767,851,0.01562324380511569,"[""AATSC4v"", ""ATSC4v"", ""GATS4v"", ""MATS4v""]"
final,69,6,AATSC5m,AATSC5m,AATSC5m,algorithmic_medoid,True,True,1,0.03999973830395687,0.9600002616960431,0.9174606853844897,0.9988794884994804,0.01627906976744186,846,88.03872231251667,"[""AATSC5Z"", ""AATSC5m"", ""ATSC5Z"", ""ATSC5m"", ""MATS5Z"", ""MATS5m""]"
final,69,6,AATSC5Z,AATSC5m,AATSC5m,algorithmic_medoid,False,False,2,0.040873182288878374,0.9591268177111216,0.9152076429479692,0.9988794884994804,0.01627906976744186,846,3.733115468340779,"[""AATSC5Z"", ""AATSC5m"", ""ATSC5Z"", ""ATSC5m"", ""MATS5Z"", ""MATS5m""]"
final,69,6,MATS5Z,AATSC5m,AATSC5m,algorithmic_medoid,False,False,3,0.041409949093818454,0.9585900509061815,0.913544832989015,0.9992293229093995,0.01627906976744186,846,0.024770483902438325,"[""AATSC5Z"", ""AATSC5m"", ""ATSC5Z"", ""ATSC5m"", ""MATS5Z"", ""MATS5m""]"
final,69,6,MATS5m,AATSC5m,AATSC5m,algorithmic_medoid,False,False,4,0.04142465718539978,0.9585753428146002,0.9142008406835849,0.9992293229093995,0.01627906976744186,846,0.02493634360836265,"[""AATSC5Z"", ""AATSC5m"", ""ATSC5Z"", ""ATSC5m"", ""MATS5Z"", ""MATS5m""]"
final,69,6,ATSC5Z,AATSC5m,AATSC5m,algorithmic_medoid,False,False,5,0.06729138479170982,0.9327086152082902,0.9144068598952163,0.9991539796274506,0.0,860,34658.49614824057,"[""AATSC5Z"", ""AATSC5m"", ""ATSC5Z"", ""ATSC5m"", ""MATS5Z"", ""MATS5m""]"
final,69,6,ATSC5m,AATSC5m,AATSC5m,algorithmic_medoid,False,False,6,0.06808640367349805,0.931913596326502,0.913544832989015,0.9991539796274506,0.0,860,901316.6595490159,"[""AATSC5Z"", ""AATSC5m"", ""ATSC5Z"", ""ATSC5m"", ""MATS5Z"", ""MATS5m""]"
final,70,9,AATSC5are,AATSC5are,AATSC5are,algorithmic_medoid,True,True,1,0.05236353536592753,0.9476364646340725,0.8962533515105154,0.9888140344667841,0.01627906976744186,846,0.0010807228695536915,"[""AATSC5are"", ""AATSC5pe"", ""AATSC5se"", ""ATSC5are"", ""ATSC5pe"", ""ATSC5se"", ""MATS5are"", ""MATS5pe"", ""MATS5se""]"
final,70,9,AATSC5pe,AATSC5are,AATSC5are,algorithmic_medoid,False,False,2,0.054988217511270365,0.9450117824887296,0.8846035185752932,0.9888140344667841,0.01627906976744186,846,0.0009253431283723779,"[""AATSC5are"", ""AATSC5pe"", ""AATSC5se"", ""ATSC5are"", ""ATSC5pe"", ""ATSC5se"", ""MATS5are"", ""MATS5pe"", ""MATS5se""]"
final,70,9,MATS5are,AATSC5are,AATSC5are,algorithmic_medoid,False,False,3,0.05623016862207009,0.9437698313779299,0.8831419219759452,0.9896130583320211,0.01627906976744186,846,0.02006472013548318,"[""AATSC5are"", ""AATSC5pe"", ""AATSC5se"", ""ATSC5are"", ""ATSC5pe"", ""ATSC5se"", ""MATS5are"", ""MATS5pe"", ""MATS5se""]"
final,70,9,MATS5pe,AATSC5are,AATSC5are,algorithmic_medoid,False,False,4,0.05876697689384236,0.9412330231061576,0.8741858158834106,0.9896130583320211,0.01627906976744186,846,0.021010313706030227,"[""AATSC5are"", ""AATSC5pe"", ""AATSC5se"", ""ATSC5are"", ""ATSC5pe"", ""ATSC5se"", ""MATS5are"", ""MATS5pe"", ""MATS5se""]"
final,70,9,ATSC5are,AATSC5are,AATSC5are,algorithmic_medoid,False,False,5,0.06888897203780164,0.9311110279621984,0.886454974132136,0.9887097274000544,0.004651162790697674,856,9.98744866512815,"[""AATSC5are"", ""AATSC5pe"", ""AATSC5se"", ""ATSC5are"", ""ATSC5pe"", ""ATSC5se"", ""MATS5are"", ""MATS5pe"", ""MATS5se""]"
final,70,9,AATSC5se,AATSC5are,AATSC5are,algorithmic_medoid,False,False,6,0.07167499182371617,0.9283250081762838,0.8797815392985989,0.977437683776432,0.01627906976744186,846,0.0004230760108539792,"[""AATSC5are"", ""AATSC5pe"", ""AATSC5se"", ""ATSC5are"", ""ATSC5pe"", ""ATSC5se"", ""MATS5are"", ""MATS5pe"", ""MATS5se""]"
final,70,9,MATS5se,AATSC5are,AATSC5are,algorithmic_medoid,False,False,7,0.07375072661521531,0.9262492733847847,0.8725960477912054,0.977437683776432,0.01627906976744186,846,0.01773973240710195,"[""AATSC5are"", ""AATSC5pe"", ""AATSC5se"", ""ATSC5are"", ""ATSC5pe"", ""ATSC5se"", ""MATS5are"", ""MATS5pe"", ""MATS5se""]"
final,70,9,ATSC5pe,AATSC5are,AATSC5are,algorithmic_medoid,False,False,8,0.0771398121340362,0.9228601878659638,0.8725960477912054,0.9887097274000544,0.002325581395348837,858,8.63029327921654,"[""AATSC5are"", ""AATSC5pe"", ""AATSC5se"", ""ATSC5are"", ""ATSC5pe"", ""ATSC5se"", ""MATS5are"", ""MATS5pe"", ""MATS5se""]"
final,70,9,ATSC5se,AATSC5are,AATSC5are,algorithmic_medoid,False,False,9,0.08800343966709456,0.9119965603329054,0.8741858158834106,0.9510397577961935,0.0,860,3.963459133098072,"[""AATSC5are"", ""AATSC5pe"", ""AATSC5se"", ""ATSC5are"", ""ATSC5pe"", ""ATSC5se"", ""MATS5are"", ""MATS5pe"", ""MATS5se""]"
final,71,3,AATSC5c,AATSC5c,AATSC5c,algorithmic_medoid,True,True,1,0.042883861206960194,0.9571161387930398,0.9428483779494728,0.9713838996366069,0.01627906976744186,846,2.3884678342018638e-05,"[""AATSC5c"", ""ATSC5c"", ""MATS5c""]"
final,71,3,MATS5c,AATSC5c,AATSC5c,algorithmic_medoid,False,False,2,0.05091747657193202,0.949082523428068,0.9267811472195291,0.9713838996366069,0.01627906976744186,846,0.016385641921123892,"[""AATSC5c"", ""ATSC5c"", ""MATS5c""]"
final,71,3,ATSC5c,AATSC5c,AATSC5c,algorithmic_medoid,False,False,3,0.06518523741549909,0.9348147625845009,0.9267811472195291,0.9428483779494728,0.0011627906976744186,859,0.22503024299449723,"[""AATSC5c"", ""ATSC5c"", ""MATS5c""]"
final,72,3,AATSC5d,AATSC5d,AATSC5d,algorithmic_medoid,True,True,1,0.04220620388516516,0.9577937961148348,0.9209803560439528,0.994607236185717,0.01627906976744186,846,0.005330931584485208,"[""AATSC5d"", ""ATSC5d"", ""MATS5d""]"
final,72,3,MATS5d,AATSC5d,AATSC5d,algorithmic_medoid,False,False,2,0.04791134819492582,0.9520886518050742,0.9095700674244313,0.994607236185717,0.01627906976744186,846,0.012435258607841443,"[""AATSC5d"", ""ATSC5d"", ""MATS5d""]"
final,72,3,ATSC5d,AATSC5d,AATSC5d,algorithmic_medoid,False,False,3,0.08472478826580798,0.915275211734192,0.9095700674244313,0.9209803560439528,0.0,860,122.60349277262914,"[""AATSC5d"", ""ATSC5d"", ""MATS5d""]"
final,73,3,AATSC5dv,AATSC5dv,AATSC5dv,algorithmic_medoid,True,True,1,0.046391261004013584,0.9536087389959864,0.9131835338627111,0.9940339441292616,0.01627906976744186,846,0.6174784673871074,"[""AATSC5dv"", ""ATSC5dv"", ""MATS5dv""]"
final,73,3,MATS5dv,AATSC5dv,AATSC5dv,algorithmic_medoid,False,False,2,0.04686349511574761,0.9531365048842524,0.9122390656392431,0.9940339441292616,0.01627906976744186,846,0.02616450014474702,"[""AATSC5dv"", ""ATSC5dv"", ""MATS5dv""]"
final,73,3,ATSC5dv,AATSC5dv,AATSC5dv,algorithmic_medoid,False,False,3,0.08728870024902291,0.9127112997509771,0.9122390656392431,0.9131835338627111,0.0,860,8618.773268215939,"[""AATSC5dv"", ""ATSC5dv"", ""MATS5dv""]"
final,74,3,AATSC5i,AATSC5i,AATSC5i,algorithmic_medoid,True,True,1,0.0458575011418092,0.9541424988581908,0.9140334865436697,0.9942515111727119,0.01627906976744186,846,0.03135280419572177,"[""AATSC5i"", ""ATSC5i"", ""MATS5i""]"
final,74,3,MATS5i,AATSC5i,AATSC5i,algorithmic_medoid,False,False,2,0.046790150736492064,0.9532098492635079,0.9121681873543038,0.9942515111727119,0.01627906976744186,846,0.010899440661025857,"[""AATSC5i"", ""ATSC5i"", ""MATS5i""]"
final,74,3,ATSC5i,AATSC5i,AATSC5i,algorithmic_medoid,False,False,3,0.0868991630510132,0.9131008369489868,0.9121681873543038,0.9140334865436697,0.0,860,718.8496713230995,"[""AATSC5i"", ""ATSC5i"", ""MATS5i""]"
final,75,3,AATSC5p,AATSC5p,AATSC5p,algorithmic_medoid,True,True,1,0.044671087278784105,0.9553289127212159,0.920572216455323,0.9900856089871088,0.01627906976744186,846,0.0010664303557952148,"[""AATSC5p"", ""ATSC5p"", ""MATS5p""]"
final,75,3,MATS5p,AATSC5p,AATSC5p,algorithmic_medoid,False,False,2,0.046464354673869,0.953535645326131,0.916985681665153,0.9900856089871088,0.01627906976744186,846,0.016127746830592916,"[""AATSC5p"", ""ATSC5p"", ""MATS5p""]"
final,75,3,ATSC5p,AATSC5p,AATSC5p,algorithmic_medoid,False,False,3,0.08122105093976195,0.918778949060238,0.916985681665153,0.920572216455323,0.0,860,16.470976803710364,"[""AATSC5p"", ""ATSC5p"", ""MATS5p""]"
final,76,3,AATSC5s,AATSC5s,AATSC5s,algorithmic_medoid,True,True,1,0.04268448637912137,0.9573155136208786,0.9551726313101994,0.9594583959315578,0.01627906976744186,846,0.2925314242691759,"[""AATSC5s"", ""ATSC5s"", ""MATS5s""]"
final,76,3,MATS5s,AATSC5s,AATSC5s,algorithmic_medoid,False,False,2,0.05972864037983672,0.9402713596201633,0.9210843233087689,0.9594583959315578,0.01627906976744186,846,0.017944159266214236,"[""AATSC5s"", ""ATSC5s"", ""MATS5s""]"
final,76,3,ATSC5s,AATSC5s,AATSC5s,algorithmic_medoid,False,False,3,0.06187152269051588,0.9381284773094841,0.9210843233087689,0.9551726313101994,0.0069767441860465115,854,2526.9308510861897,"[""AATSC5s"", ""ATSC5s"", ""MATS5s""]"
final,77,3,AATSC5v,AATSC5v,AATSC5v,algorithmic_medoid,True,True,1,0.04027866544375003,0.95972133455625,0.9208192962821213,0.9986233728303786,0.01627906976744186,846,45.073059326017415,"[""AATSC5v"", ""ATSC5v"", ""MATS5v""]"
final,77,3,MATS5v,AATSC5v,AATSC5v,algorithmic_medoid,False,False,2,0.043395882913663586,0.9566041170863364,0.9145848613422942,0.9986233728303786,0.01627906976744186,846,0.024186349592936217,"[""AATSC5v"", ""ATSC5v"", ""MATS5v""]"
final,77,3,ATSC5v,AATSC5v,AATSC5v,algorithmic_medoid,False,False,3,0.08229792118779222,0.9177020788122078,0.9145848613422942,0.9208192962821213,0.0,860,571411.1311586575,"[""AATSC5v"", ""ATSC5v"", ""MATS5v""]"
final,78,6,MATS6Z,MATS6Z,MATS6Z,algorithmic_medoid,True,True,1,0.040746267650321855,0.9592537323496781,0.9113561406032484,0.9993886634677173,0.029069767441860465,835,0.025561958539920597,"[""AATSC6Z"", ""AATSC6m"", ""ATSC6Z"", ""ATSC6m"", ""MATS6Z"", ""MATS6m""]"
final,78,6,MATS6m,MATS6Z,MATS6Z,algorithmic_medoid,False,False,2,0.04079226121387536,0.9592077387861246,0.911876958098804,0.9993886634677173,0.029069767441860465,835,0.02567837391494767,"[""AATSC6Z"", ""AATSC6m"", ""ATSC6Z"", ""ATSC6m"", ""MATS6Z"", ""MATS6m""]"
final,78,6,AATSC6m,MATS6Z,MATS6Z,algorithmic_medoid,False,False,3,0.04197428171461115,0.9580257182853888,0.908063076008909,0.9993315583532771,0.029069767441860465,835,176.5514627826826,"[""AATSC6Z"", ""AATSC6m"", ""ATSC6Z"", ""ATSC6m"", ""MATS6Z"", ""MATS6m""]"
final,78,6,AATSC6Z,MATS6Z,MATS6Z,algorithmic_medoid,False,False,4,0.042846763199175464,0.9571532368008245,0.9063036500515496,0.9993315583532771,0.029069767441860465,835,6.212890523554098,"[""AATSC6Z"", ""AATSC6m"", ""ATSC6Z"", ""ATSC6m"", ""MATS6Z"", ""MATS6m""]"
final,78,6,ATSC6Z,MATS6Z,MATS6Z,algorithmic_medoid,False,False,5,0.0719707003325819,0.9280292996674181,0.9080277522439467,0.9992727149921866,0.0,860,86349.08591447995,"[""AATSC6Z"", ""AATSC6m"", ""ATSC6Z"", ""ATSC6m"", ""MATS6Z"", ""MATS6m""]"
final,78,6,ATSC6m,MATS6Z,MATS6Z,algorithmic_medoid,False,False,6,0.07262549204906033,0.9273745079509397,0.9063036500515496,0.9992727149921866,0.0,860,2599629.121924506,"[""AATSC6Z"", ""AATSC6m"", ""ATSC6Z"", ""ATSC6m"", ""MATS6Z"", ""MATS6m""]"
final,79,9,AATSC6are,AATSC6are,AATSC6are,algorithmic_medoid,True,True,1,0.054244452438241275,0.9457555475617587,0.9023481864767599,0.9830807116194769,0.029069767441860465,835,0.0010451721295467505,"[""AATSC6are"", ""AATSC6pe"", ""AATSC6se"", ""ATSC6are"", ""ATSC6pe"", ""ATSC6se"", ""MATS6are"", ""MATS6pe"", ""MATS6se""]"
final,79,9,AATSC6pe,AATSC6are,AATSC6are,algorithmic_medoid,False,False,2,0.057322255213066886,0.9426777447869331,0.8912847437033946,0.9830807116194769,0.029069767441860465,835,0.0008936195553621429,"[""AATSC6are"", ""AATSC6pe"", ""AATSC6se"", ""ATSC6are"", ""ATSC6pe"", ""ATSC6se"", ""MATS6are"", ""MATS6pe"", ""MATS6se""]"
final,79,9,MATS6are,AATSC6are,AATSC6are,algorithmic_medoid,False,False,3,0.059670670330407294,0.9403293296695927,0.8834669910367274,0.984457932159309,0.029069767441860465,835,0.023062550885356813,"[""AATSC6are"", ""AATSC6pe"", ""AATSC6se"", ""ATSC6are"", ""ATSC6pe"", ""ATSC6se"", ""MATS6are"", ""MATS6pe"", ""MATS6se""]"
final,79,9,MATS6pe,AATSC6are,AATSC6are,algorithmic_medoid,False,False,4,0.06300352100230056,0.9369964789976994,0.8757238847899539,0.984457932159309,0.029069767441860465,835,0.024554158891511683,"[""AATSC6are"", ""AATSC6pe"", ""AATSC6se"", ""ATSC6are"", ""ATSC6pe"", ""ATSC6se"", ""MATS6are"", ""MATS6pe"", ""MATS6se""]"
final,79,9,AATSC6se,AATSC6are,AATSC6are,algorithmic_medoid,False,False,5,0.07205402671891692,0.9279459732810831,0.8758431624280518,0.9724972518368514,0.029069767441860465,835,0.0004044798787532288,"[""AATSC6are"", ""AATSC6pe"", ""AATSC6se"", ""ATSC6are"", ""ATSC6pe"", ""ATSC6se"", ""MATS6are"", ""MATS6pe"", ""MATS6se""]"
final,79,9,MATS6se,AATSC6are,AATSC6are,algorithmic_medoid,False,False,6,0.07262004338372785,0.9273799566162721,0.8713057893177368,0.9724972518368514,0.029069767441860465,835,0.020807802313942518,"[""AATSC6are"", ""AATSC6pe"", ""AATSC6se"", ""ATSC6are"", ""ATSC6pe"", ""ATSC6se"", ""MATS6are"", ""MATS6pe"", ""MATS6se""]"
final,79,9,ATSC6are,AATSC6are,AATSC6are,algorithmic_medoid,False,False,7,0.07604516368736514,0.9239548363126349,0.8819057230103751,0.9866031426755749,0.004651162790697674,856,10.522856070730189,"[""AATSC6are"", ""AATSC6pe"", ""AATSC6se"", ""ATSC6are"", ""ATSC6pe"", ""ATSC6se"", ""MATS6are"", ""MATS6pe"", ""MATS6se""]"
final,79,9,ATSC6pe,AATSC6are,AATSC6are,algorithmic_medoid,False,False,8,0.08158006968382381,0.9184199303161762,0.8713057893177368,0.9866031426755749,0.002325581395348837,858,8.755675136125715,"[""AATSC6are"", ""AATSC6pe"", ""AATSC6se"", ""ATSC6are"", ""ATSC6pe"", ""ATSC6se"", ""MATS6are"", ""MATS6pe"", ""MATS6se""]"
final,79,9,ATSC6se,AATSC6are,AATSC6are,algorithmic_medoid,False,False,9,0.0858637648332996,0.9141362351667004,0.8757238847899539,0.9683192245197743,0.0,860,4.037675637396056,"[""AATSC6are"", ""AATSC6pe"", ""AATSC6se"", ""ATSC6are"", ""ATSC6pe"", ""ATSC6se"", ""MATS6are"", ""MATS6pe"", ""MATS6se""]"
final,80,3,AATSC6c,AATSC6c,AATSC6c,algorithmic_medoid,True,True,1,0.042337583205449114,0.9576624167945509,0.9432858517219787,0.972038981867123,0.029069767441860465,835,3.1407092840573384e-05,"[""AATSC6c"", ""ATSC6c"", ""MATS6c""]"
final,80,3,MATS6c,AATSC6c,AATSC6c,algorithmic_medoid,False,False,2,0.048421557194335274,0.9515784428056647,0.9311179037442064,0.972038981867123,0.029069767441860465,835,0.021580839957254194,"[""AATSC6c"", ""ATSC6c"", ""MATS6c""]"
final,80,3,ATSC6c,AATSC6c,AATSC6c,algorithmic_medoid,False,False,3,0.0627981222669074,0.9372018777330926,0.9311179037442064,0.9432858517219787,0.0011627906976744186,859,0.3498580389467466,"[""AATSC6c"", ""ATSC6c"", ""MATS6c""]"
final,81,3,AATSC6d,AATSC6d,AATSC6d,algorithmic_medoid,True,True,1,0.06287424402427477,0.9371257559757252,0.8810953014349693,0.9931562105164812,0.029069767441860465,835,0.007188040338441247,"[""AATSC6d"", ""ATSC6d"", ""MATS6d""]"
final,81,3,MATS6d,AATSC6d,AATSC6d,algorithmic_medoid,False,False,2,0.06852861575652403,0.931471384243476,0.8697865579704708,0.9931562105164812,0.029069767441860465,835,0.015612114108873164,"[""AATSC6d"", ""ATSC6d"", ""MATS6d""]"
final,81,3,ATSC6d,AATSC6d,AATSC6d,algorithmic_medoid,False,False,3,0.12455907029727997,0.87544092970272,0.8697865579704708,0.8810953014349693,0.0,860,109.98380145030893,"[""AATSC6d"", ""ATSC6d"", ""MATS6d""]"
final,82,3,MATS6dv,MATS6dv,MATS6dv,algorithmic_medoid,True,True,1,0.05446958977491545,0.9455304102250845,0.8995147503553093,0.9915460700948597,0.029069767441860465,835,0.025298332997326586,"[""AATSC6dv"", ""ATSC6dv"", ""MATS6dv""]"
final,82,3,AATSC6dv,MATS6dv,MATS6dv,algorithmic_medoid,False,False,2,0.055330354978781804,0.9446696450212182,0.8977932199475767,0.9915460700948597,0.029069767441860465,835,0.54412036172739,"[""AATSC6dv"", ""ATSC6dv"", ""MATS6dv""]"
final,82,3,ATSC6dv,MATS6dv,MATS6dv,algorithmic_medoid,False,False,3,0.10134601484855699,0.898653985151443,0.8977932199475767,0.8995147503553093,0.0,860,6651.396631568783,"[""AATSC6dv"", ""ATSC6dv"", ""MATS6dv""]"
final,83,3,AATSC6i,AATSC6i,AATSC6i,algorithmic_medoid,True,True,1,0.045935630377015535,0.9540643696229845,0.9134474863843159,0.9946812528616529,0.029069767441860465,835,0.04729454367575345,"[""AATSC6i"", ""ATSC6i"", ""MATS6i""]"
final,83,3,MATS6i,AATSC6i,AATSC6i,algorithmic_medoid,False,False,2,0.046376238312604734,0.9536237616873953,0.9125662705131375,0.9946812528616529,0.029069767441860465,835,0.014543870540263258,"[""AATSC6i"", ""ATSC6i"", ""MATS6i""]"
final,83,3,ATSC6i,AATSC6i,AATSC6i,algorithmic_medoid,False,False,3,0.08699312155127326,0.9130068784487267,0.9125662705131375,0.9134474863843159,0.0,860,1235.025666129129,"[""AATSC6i"", ""ATSC6i"", ""MATS6i""]"
final,84,3,AATSC6p,AATSC6p,AATSC6p,algorithmic_medoid,True,True,1,0.04241490159552386,0.9575850984044761,0.9215862376501626,0.9935839591587897,0.029069767441860465,835,0.0015767112791849167,"[""AATSC6p"", ""ATSC6p"", ""MATS6p""]"
final,84,3,MATS6p,AATSC6p,AATSC6p,algorithmic_medoid,False,False,2,0.043390724537047065,0.9566092754629529,0.9196345917671163,0.9935839591587897,0.029069767441860465,835,0.01797426270891204,"[""AATSC6p"", ""ATSC6p"", ""MATS6p""]"
final,84,3,ATSC6p,AATSC6p,AATSC6p,algorithmic_medoid,False,False,3,0.07938958529136064,0.9206104147086394,0.9196345917671163,0.9215862376501626,0.0,860,28.789410631315906,"[""AATSC6p"", ""ATSC6p"", ""MATS6p""]"
final,85,3,AATSC6s,AATSC6s,AATSC6s,algorithmic_medoid,True,True,1,0.05959435950312386,0.9404056404968761,0.9290955280911951,0.9517157529025573,0.029069767441860465,835,0.3517275939378716,"[""AATSC6s"", ""ATSC6s"", ""MATS6s""]"
final,85,3,MATS6s,AATSC6s,AATSC6s,algorithmic_medoid,False,False,2,0.08049058954631128,0.9195094104536887,0.8873030680048202,0.9517157529025573,0.029069767441860465,835,0.021595252844501783,"[""AATSC6s"", ""ATSC6s"", ""MATS6s""]"
final,85,3,ATSC6s,AATSC6s,AATSC6s,algorithmic_medoid,False,False,3,0.09180070195199241,0.9081992980480076,0.8873030680048202,0.9290955280911951,0.0069767441860465115,854,2456.2779404360344,"[""AATSC6s"", ""ATSC6s"", ""MATS6s""]"
final,86,4,AATSC6v,AATSC6v,AATSC6v,algorithmic_medoid,True,True,1,0.06658612910687323,0.9334138708931268,0.8901727363522416,0.9982645553360286,0.029069767441860465,835,46.8126427384397,"[""AATSC6v"", ""ATSC6v"", ""GATS6v"", ""MATS6v""]"
final,86,4,MATS6v,AATSC6v,AATSC6v,algorithmic_medoid,False,False,2,0.07159244921951025,0.9284075507804898,0.8835054963230631,0.9982645553360286,0.029069767441860465,835,0.023166561604442124,"[""AATSC6v"", ""ATSC6v"", ""GATS6v"", ""MATS6v""]"
final,86,4,ATSC6v,AATSC6v,AATSC6v,algorithmic_medoid,False,False,3,0.11437897105250183,0.8856210289474982,0.8416061651690068,0.9118043209911101,0.0,860,880321.4066737023,"[""AATSC6v"", ""ATSC6v"", ""GATS6v"", ""MATS6v""]"
final,86,4,GATS6v,AATSC6v,AATSC6v,algorithmic_medoid,False,False,4,0.12823853405189622,0.8717614659481038,0.8416061651690068,0.8901727363522416,0.029069767441860465,835,0.027975543507889115,"[""AATSC6v"", ""ATSC6v"", ""GATS6v"", ""MATS6v""]"
final,87,6,MATS7Z,MATS7Z,MATS7Z,algorithmic_medoid,True,True,1,0.04509404493283353,0.9549059550671665,0.900525513336753,0.9991139088444195,0.03953488372093023,826,0.054794120348817386,"[""AATSC7Z"", ""AATSC7m"", ""ATSC7Z"", ""ATSC7m"", ""MATS7Z"", ""MATS7m""]"
final,87,6,MATS7m,MATS7Z,MATS7Z,algorithmic_medoid,False,False,2,0.045513832602489424,0.9544861673975106,0.9003485743439705,0.9991139088444195,0.03953488372093023,826,0.05539383420868335,"[""AATSC7Z"", ""AATSC7m"", ""ATSC7Z"", ""ATSC7m"", ""MATS7Z"", ""MATS7m""]"
final,87,6,AATSC7m,MATS7Z,MATS7Z,algorithmic_medoid,False,False,3,0.04734840014962172,0.9526515998503783,0.8949571802165904,0.9990353777753879,0.03953488372093023,826,269.38866391071184,"[""AATSC7Z"", ""AATSC7m"", ""ATSC7Z"", ""ATSC7m"", ""MATS7Z"", ""MATS7m""]"
final,87,6,AATSC7Z,MATS7Z,MATS7Z,algorithmic_medoid,False,False,4,0.04779504774848964,0.9522049522515104,0.893873154807115,0.9990353777753879,0.03953488372093023,826,10.063729777903559,"[""AATSC7Z"", ""AATSC7m"", ""ATSC7Z"", ""ATSC7m"", ""MATS7Z"", ""MATS7m""]"
final,87,6,ATSC7Z,MATS7Z,MATS7Z,algorithmic_medoid,False,False,5,0.08132915514534955,0.9186708448546504,0.8957848190135119,0.9990908622395875,0.0,860,97595.57521376974,"[""AATSC7Z"", ""AATSC7m"", ""ATSC7Z"", ""ATSC7m"", ""MATS7Z"", ""MATS7m""]"
final,87,6,ATSC7m,MATS7Z,MATS7Z,algorithmic_medoid,False,False,6,0.08224094301119655,0.9177590569888034,0.893873154807115,0.9990908622395875,0.0,860,2980941.555303634,"[""AATSC7Z"", ""AATSC7m"", ""ATSC7Z"", ""ATSC7m"", ""MATS7Z"", ""MATS7m""]"
final,88,9,AATSC7are,AATSC7are,AATSC7are,algorithmic_medoid,True,True,1,0.055515204449468,0.944484795550532,0.8923932251572834,0.9866323326783623,0.03953488372093023,826,0.0017747719696252823,"[""AATSC7are"", ""AATSC7pe"", ""AATSC7se"", ""ATSC7are"", ""ATSC7pe"", ""ATSC7se"", ""MATS7are"", ""MATS7pe"", ""MATS7se""]"
final,88,9,MATS7are,AATSC7are,AATSC7are,algorithmic_medoid,False,False,2,0.06217495177977339,0.9378250482202266,0.8696737905711366,0.9884329859790848,0.03953488372093023,826,0.040547109088624564,"[""AATSC7are"", ""AATSC7pe"", ""AATSC7se"", ""ATSC7are"", ""ATSC7pe"", ""ATSC7se"", ""MATS7are"", ""MATS7pe"", ""MATS7se""]"
final,88,9,AATSC7pe,AATSC7are,AATSC7are,algorithmic_medoid,False,False,3,0.06232921933564428,0.9376707806643557,0.8683324654618501,0.9866323326783623,0.03953488372093023,826,0.0015834447316454277,"[""AATSC7are"", ""AATSC7pe"", ""AATSC7se"", ""ATSC7are"", ""ATSC7pe"", ""ATSC7se"", ""MATS7are"", ""MATS7pe"", ""MATS7se""]"
final,88,9,MATS7pe,AATSC7are,AATSC7are,algorithmic_medoid,False,False,4,0.0696583383962952,0.9303416616037048,0.8501240506863612,0.9884329859790848,0.03953488372093023,826,0.04517493229364762,"[""AATSC7are"", ""AATSC7pe"", ""AATSC7se"", ""ATSC7are"", ""ATSC7pe"", ""ATSC7se"", ""MATS7are"", ""MATS7pe"", ""MATS7se""]"
final,88,9,MATS7se,AATSC7are,AATSC7are,algorithmic_medoid,False,False,5,0.07380670584760785,0.9261932941523922,0.8690164791582675,0.970702747982555,0.03953488372093023,826,0.03438633903540941,"[""AATSC7are"", ""AATSC7pe"", ""AATSC7se"", ""ATSC7are"", ""ATSC7pe"", ""ATSC7se"", ""MATS7are"", ""MATS7pe"", ""MATS7se""]"
final,88,9,AATSC7se,AATSC7are,AATSC7are,algorithmic_medoid,False,False,6,0.07403260629856234,0.9259673937014377,0.8706408832257064,0.970702747982555,0.03953488372093023,826,0.0006585434340303277,"[""AATSC7are"", ""AATSC7pe"", ""AATSC7se"", ""ATSC7are"", ""ATSC7pe"", ""ATSC7se"", ""MATS7are"", ""MATS7pe"", ""MATS7se""]"
final,88,9,ATSC7are,AATSC7are,AATSC7are,algorithmic_medoid,False,False,7,0.08345028332637372,0.9165497166736263,0.8778784785361661,0.9859964230573968,0.004651162790697674,856,13.563462123530956,"[""AATSC7are"", ""AATSC7pe"", ""AATSC7se"", ""ATSC7are"", ""ATSC7pe"", ""ATSC7se"", ""MATS7are"", ""MATS7pe"", ""MATS7se""]"
final,88,9,ATSC7pe,AATSC7are,AATSC7are,algorithmic_medoid,False,False,8,0.08708580053106285,0.9129141994689371,0.8690164791582675,0.9859964230573968,0.002325581395348837,858,11.040399590229297,"[""AATSC7are"", ""AATSC7pe"", ""AATSC7se"", ""ATSC7are"", ""ATSC7pe"", ""ATSC7se"", ""MATS7are"", ""MATS7pe"", ""MATS7se""]"
final,88,9,ATSC7se,AATSC7are,AATSC7are,algorithmic_medoid,False,False,9,0.09915553065241123,0.9008444693475888,0.8501240506863612,0.9603153695385931,0.0,860,5.328443203096362,"[""AATSC7are"", ""AATSC7pe"", ""AATSC7se"", ""ATSC7are"", ""ATSC7pe"", ""ATSC7se"", ""MATS7are"", ""MATS7pe"", ""MATS7se""]"
final,89,3,AATSC7c,AATSC7c,AATSC7c,algorithmic_medoid,True,True,1,0.0461269133497183,0.9538730866502817,0.9350677518859424,0.972678421414621,0.03953488372093023,826,4.8001546079558285e-05,"[""AATSC7c"", ""ATSC7c"", ""MATS7c""]"
final,89,3,MATS7c,AATSC7c,AATSC7c,algorithmic_medoid,False,False,2,0.054106351253991436,0.9458936487460086,0.9191088760773961,0.972678421414621,0.03953488372093023,826,0.031408774195698125,"[""AATSC7c"", ""ATSC7c"", ""MATS7c""]"
final,89,3,ATSC7c,AATSC7c,AATSC7c,algorithmic_medoid,False,False,3,0.07291168601833076,0.9270883139816692,0.9191088760773961,0.9350677518859424,0.0011627906976744186,859,0.43581093832075163,"[""AATSC7c"", ""ATSC7c"", ""MATS7c""]"
final,90,3,AATSC7d,AATSC7d,AATSC7d,algorithmic_medoid,True,True,1,0.08168081146224448,0.9183191885377555,0.8454473382574521,0.991191038818059,0.03953488372093023,826,0.011527891892198492,"[""AATSC7d"", ""ATSC7d"", ""MATS7d""]"
final,90,3,MATS7d,AATSC7d,AATSC7d,algorithmic_medoid,False,False,2,0.08684836351685732,0.9131516364831427,0.8351122341482262,0.991191038818059,0.03953488372093023,826,0.024304626880918195,"[""AATSC7d"", ""ATSC7d"", ""MATS7d""]"
final,90,3,ATSC7d,AATSC7d,AATSC7d,algorithmic_medoid,False,False,3,0.15972021379716084,0.8402797862028392,0.8351122341482262,0.8454473382574521,0.0,860,108.87997124838095,"[""AATSC7d"", ""ATSC7d"", ""MATS7d""]"
final,91,3,MATS7dv,MATS7dv,MATS7dv,algorithmic_medoid,True,True,1,0.07143275535843807,0.9285672446415619,0.8669015998464413,0.9902328894366825,0.03953488372093023,826,0.047880524737090355,"[""AATSC7dv"", ""ATSC7dv"", ""MATS7dv""]"
final,91,3,AATSC7dv,MATS7dv,MATS7dv,algorithmic_medoid,False,False,2,0.07170726675095085,0.9282927332490492,0.8663525770614159,0.9902328894366825,0.03953488372093023,826,1.0723577504839443,"[""AATSC7dv"", ""ATSC7dv"", ""MATS7dv""]"
final,91,3,ATSC7dv,MATS7dv,MATS7dv,algorithmic_medoid,False,False,3,0.13337291154607134,0.8666270884539287,0.8663525770614159,0.8669015998464413,0.0,860,5771.01357766228,"[""AATSC7dv"", ""ATSC7dv"", ""MATS7dv""]"
final,92,3,MATS7i,MATS7i,MATS7i,algorithmic_medoid,True,True,1,0.06230326079243431,0.9376967392075657,0.8830932679241436,0.9923002104909879,0.03953488372093023,826,0.01565926689175693,"[""AATSC7i"", ""ATSC7i"", ""MATS7i""]"
final,92,3,AATSC7i,MATS7i,MATS7i,algorithmic_medoid,False,False,2,0.06331240548938033,0.9366875945106197,0.8810749785302513,0.9923002104909879,0.03953488372093023,826,0.042866376468273286,"[""AATSC7i"", ""ATSC7i"", ""MATS7i""]"
final,92,3,ATSC7i,MATS7i,MATS7i,algorithmic_medoid,False,False,3,0.11791587677280257,0.8820841232271974,0.8810749785302513,0.8830932679241436,0.0,860,843.9946696557928,"[""AATSC7i"", ""ATSC7i"", ""MATS7i""]"
final,93,4,MATS7p,MATS7p,MATS7p,algorithmic_medoid,True,True,1,0.08682355473521353,0.9131764452647865,0.8463683750265719,0.991750412852933,0.03953488372093023,826,0.028748627573029147,"[""AATSC7p"", ""ATSC7p"", ""GATS7p"", ""MATS7p""]"
final,93,4,AATSC7p,MATS7p,MATS7p,algorithmic_medoid,False,False,2,0.09053917064868033,0.9094608293513197,0.8383441476873731,0.991750412852933,0.03953488372093023,826,0.0024271716021746106,"[""AATSC7p"", ""ATSC7p"", ""GATS7p"", ""MATS7p""]"
final,93,4,ATSC7p,MATS7p,MATS7p,algorithmic_medoid,False,False,3,0.13229794970589426,0.8677020502941057,0.8034076754538094,0.9014105479148548,0.0,860,29.765793385310385,"[""AATSC7p"", ""ATSC7p"", ""GATS7p"", ""MATS7p""]"
final,93,4,GATS7p,MATS7p,MATS7p,algorithmic_medoid,False,False,4,0.17062660061074852,0.8293733993892515,0.8034076754538094,0.8463683750265719,0.03953488372093023,826,0.08202125841197605,"[""AATSC7p"", ""ATSC7p"", ""GATS7p"", ""MATS7p""]"
final,94,3,AATSC7s,AATSC7s,AATSC7s,algorithmic_medoid,True,True,1,0.06584274521904343,0.9341572547809566,0.9256139498654806,0.9427005596964325,0.03953488372093023,826,0.5589659669356711,"[""AATSC7s"", ""ATSC7s"", ""MATS7s""]"
final,94,3,MATS7s,AATSC7s,AATSC7s,algorithmic_medoid,False,False,2,0.08879248689566466,0.9112075131043353,0.8797144665122381,0.9427005596964325,0.03953488372093023,826,0.033718038484488365,"[""AATSC7s"", ""ATSC7s"", ""MATS7s""]"
final,94,3,ATSC7s,AATSC7s,AATSC7s,algorithmic_medoid,False,False,3,0.0973357918111406,0.9026642081888594,0.8797144665122381,0.9256139498654806,0.0069767441860465115,854,2627.673901278738,"[""AATSC7s"", ""ATSC7s"", ""MATS7s""]"
final,95,4,AATSC7v,AATSC7v,AATSC7v,algorithmic_medoid,True,True,1,0.07438396468846109,0.9256160353115389,0.885881279241115,0.9984745473975846,0.03953488372093023,826,97.70272645486581,"[""AATSC7v"", ""ATSC7v"", ""GATS7v"", ""MATS7v""]"
final,95,4,MATS7v,AATSC7v,AATSC7v,algorithmic_medoid,False,False,2,0.07728828513658925,0.9227117148634107,0.8837011930502715,0.9984745473975846,0.03953488372093023,826,0.047376512004708396,"[""AATSC7v"", ""ATSC7v"", ""GATS7v"", ""MATS7v""]"
final,95,4,ATSC7v,AATSC7v,AATSC7v,algorithmic_medoid,False,False,3,0.12287258629858056,0.8771274137014194,0.8529305576659649,0.8924922792959171,0.0,860,761547.3503868589,"[""AATSC7v"", ""ATSC7v"", ""GATS7v"", ""MATS7v""]"
final,95,4,GATS7v,AATSC7v,AATSC7v,algorithmic_medoid,False,False,4,0.1258289900142162,0.8741710099857838,0.8529305576659649,0.885881279241115,0.03953488372093023,826,0.04646002521740001,"[""AATSC7v"", ""ATSC7v"", ""GATS7v"", ""MATS7v""]"
final,96,6,MATS8Z,MATS8Z,MATS8Z,algorithmic_medoid,True,True,1,0.05311974480589576,0.9468802551941042,0.8793852326281416,0.9987275722440596,0.07093023255813953,799,0.05403179997586251,"[""AATSC8Z"", ""AATSC8m"", ""ATSC8Z"", ""ATSC8m"", ""MATS8Z"", ""MATS8m""]"
final,96,6,MATS8m,MATS8Z,MATS8Z,algorithmic_medoid,False,False,2,0.05349547537796995,0.94650452462203,0.8792304158398524,0.9987275722440596,0.07093023255813953,799,0.054404741649340005,"[""AATSC8Z"", ""AATSC8m"", ""ATSC8Z"", ""ATSC8m"", ""MATS8Z"", ""MATS8m""]"
final,96,6,AATSC8m,MATS8Z,MATS8Z,algorithmic_medoid,False,False,3,0.05471862504007263,0.9452813749599274,0.875670554495574,0.9987182535166601,0.07093023255813953,799,332.1952361851009,"[""AATSC8Z"", ""AATSC8m"", ""ATSC8Z"", ""ATSC8m"", ""MATS8Z"", ""MATS8m""]"
final,96,6,AATSC8Z,MATS8Z,MATS8Z,algorithmic_medoid,False,False,4,0.055104355106277536,0.9448956448937225,0.8745327882839898,0.9987182535166601,0.07093023255813953,799,12.26335968290793,"[""AATSC8Z"", ""AATSC8m"", ""ATSC8Z"", ""ATSC8m"", ""MATS8Z"", ""MATS8m""]"
final,96,6,ATSC8Z,MATS8Z,MATS8Z,algorithmic_medoid,False,False,5,0.09779481150273417,0.9022051884972658,0.8759580365186869,0.9990774454120235,0.0,860,120184.36629945773,"[""AATSC8Z"", ""AATSC8m"", ""ATSC8Z"", ""ATSC8m"", ""MATS8Z"", ""MATS8m""]"
final,96,6,ATSC8m,MATS8Z,MATS8Z,algorithmic_medoid,False,False,6,0.09842071266808383,0.9015792873319162,0.8745327882839898,0.9990774454120235,0.0,860,3586909.375469307,"[""AATSC8Z"", ""AATSC8m"", ""ATSC8Z"", ""ATSC8m"", ""MATS8Z"", ""MATS8m""]"
final,97,9,AATSC8are,AATSC8are,AATSC8are,algorithmic_medoid,True,True,1,0.05751183155789219,0.9424881684421078,0.8907354849506577,0.982577676095665,0.07093023255813953,799,0.0021553410263298028,"[""AATSC8are"", ""AATSC8pe"", ""AATSC8se"", ""ATSC8are"", ""ATSC8pe"", ""ATSC8se"", ""MATS8are"", ""MATS8pe"", ""MATS8se""]"
final,97,9,MATS8are,AATSC8are,AATSC8are,algorithmic_medoid,False,False,2,0.06240077478029993,0.9375992252197001,0.8743296991825906,0.9851150577571046,0.07093023255813953,799,0.03920771390750388,"[""AATSC8are"", ""AATSC8pe"", ""AATSC8se"", ""ATSC8are"", ""ATSC8pe"", ""ATSC8se"", ""MATS8are"", ""MATS8pe"", ""MATS8se""]"
final,97,9,AATSC8pe,AATSC8are,AATSC8are,algorithmic_medoid,False,False,3,0.06350138388903281,0.9364986161109672,0.869669474165555,0.9829612865682432,0.07093023255813953,799,0.0019068399323896189,"[""AATSC8are"", ""AATSC8pe"", ""AATSC8se"", ""ATSC8are"", ""ATSC8pe"", ""ATSC8se"", ""MATS8are"", ""MATS8pe"", ""MATS8se""]"
final,97,9,MATS8pe,AATSC8are,AATSC8are,algorithmic_medoid,False,False,4,0.06997807550957491,0.9300219244904251,0.8548181221798941,0.9851150577571046,0.07093023255813953,799,0.04328014196924637,"[""AATSC8are"", ""AATSC8pe"", ""AATSC8se"", ""ATSC8are"", ""ATSC8pe"", ""ATSC8se"", ""MATS8are"", ""MATS8pe"", ""MATS8se""]"
final,97,9,MATS8se,AATSC8are,AATSC8are,algorithmic_medoid,False,False,5,0.07604698436381263,0.9239530156361874,0.8602354078344155,0.9757732354130587,0.07093023255813953,799,0.03410763176951367,"[""AATSC8are"", ""AATSC8pe"", ""AATSC8se"", ""ATSC8are"", ""ATSC8pe"", ""ATSC8se"", ""MATS8are"", ""MATS8pe"", ""MATS8se""]"
final,97,9,AATSC8se,AATSC8are,AATSC8are,algorithmic_medoid,False,False,6,0.07811653972988775,0.9218834602701123,0.8638373612872167,0.9757732354130587,0.07093023255813953,799,0.0008288870552424503,"[""AATSC8are"", ""AATSC8pe"", ""AATSC8se"", ""ATSC8are"", ""ATSC8pe"", ""ATSC8se"", ""MATS8are"", ""MATS8pe"", ""MATS8se""]"
final,97,9,ATSC8are,AATSC8are,AATSC8are,algorithmic_medoid,False,False,7,0.08176334492059578,0.9182366550794042,0.8787796255193244,0.9860252083294319,0.004651162790697674,856,9.66332798963578,"[""AATSC8are"", ""AATSC8pe"", ""AATSC8se"", ""ATSC8are"", ""ATSC8pe"", ""ATSC8se"", ""MATS8are"", ""MATS8pe"", ""MATS8se""]"
final,97,9,ATSC8pe,AATSC8are,AATSC8are,algorithmic_medoid,False,False,8,0.09067540351234438,0.9093245964876556,0.8602354078344155,0.9860252083294319,0.002325581395348837,858,8.200423187664914,"[""AATSC8are"", ""AATSC8pe"", ""AATSC8se"", ""ATSC8are"", ""ATSC8pe"", ""ATSC8se"", ""MATS8are"", ""MATS8pe"", ""MATS8se""]"
final,97,9,ATSC8se,AATSC8are,AATSC8are,algorithmic_medoid,False,False,9,0.0971786644745053,0.9028213355254947,0.8548181221798941,0.9634518261886621,0.0,860,4.067076336807701,"[""AATSC8are"", ""AATSC8pe"", ""AATSC8se"", ""ATSC8are"", ""ATSC8pe"", ""ATSC8se"", ""MATS8are"", ""MATS8pe"", ""MATS8se""]"
final,98,3,AATSC8c,AATSC8c,AATSC8c,algorithmic_medoid,True,True,1,0.042454418387458226,0.9575455816125418,0.9358754503002801,0.9792157129248035,0.07093023255813953,799,5.687591748404017e-05,"[""AATSC8c"", ""ATSC8c"", ""MATS8c""]"
final,98,3,MATS8c,AATSC8c,AATSC8c,algorithmic_medoid,False,False,2,0.04914676449033106,0.9508532355096689,0.9224907580945344,0.9792157129248035,0.07093023255813953,799,0.02968712286687836,"[""AATSC8c"", ""ATSC8c"", ""MATS8c""]"
final,98,3,ATSC8c,AATSC8c,AATSC8c,algorithmic_medoid,False,False,3,0.07081689580259276,0.9291831041974072,0.9224907580945344,0.9358754503002801,0.0011627906976744186,859,0.20287448320128085,"[""AATSC8c"", ""ATSC8c"", ""MATS8c""]"
final,99,3,AATSC8d,AATSC8d,AATSC8d,algorithmic_medoid,True,True,1,0.0729992863274509,0.9270007136725491,0.8599581053854026,0.9940433219596956,0.07093023255813953,799,0.011188065561376897,"[""AATSC8d"", ""ATSC8d"", ""MATS8d""]"
final,99,3,MATS8d,AATSC8d,AATSC8d,algorithmic_medoid,False,False,2,0.07518206330420729,0.9248179366957927,0.8555925514318898,0.9940433219596956,0.07093023255813953,799,0.02405338631003829,"[""AATSC8d"", ""ATSC8d"", ""MATS8d""]"
final,99,3,ATSC8d,AATSC8d,AATSC8d,algorithmic_medoid,False,False,3,0.14222467159135377,0.8577753284086462,0.8555925514318898,0.8599581053854026,0.0,860,117.83946992485635,"[""AATSC8d"", ""ATSC8d"", ""MATS8d""]"
final,100,3,AATSC8dv,AATSC8dv,AATSC8dv,algorithmic_medoid,True,True,1,0.05496897261790756,0.9450310273820924,0.8953768117039297,0.9946852430602552,0.07093023255813953,799,1.3336878832631516,"[""AATSC8dv"", ""ATSC8dv"", ""MATS8dv""]"
final,100,3,MATS8dv,AATSC8dv,AATSC8dv,algorithmic_medoid,False,False,2,0.055472902599431384,0.9445270974005686,0.894368951740882,0.9946852430602552,0.07093023255813953,799,0.05057300786618877,"[""AATSC8dv"", ""ATSC8dv"", ""MATS8dv""]"
final,100,3,ATSC8dv,AATSC8dv,AATSC8dv,algorithmic_medoid,False,False,3,0.10512711827759413,0.8948728817224059,0.894368951740882,0.8953768117039297,0.0,860,5656.993744125148,"[""AATSC8dv"", ""ATSC8dv"", ""MATS8dv""]"
final,101,3,AATSC8i,AATSC8i,AATSC8i,algorithmic_medoid,True,True,1,0.07617546037249445,0.9238245396275055,0.8560955824432782,0.9915534968117328,0.07093023255813953,799,0.0397456305764307,"[""AATSC8i"", ""ATSC8i"", ""MATS8i""]"
final,101,3,MATS8i,AATSC8i,AATSC8i,algorithmic_medoid,False,False,2,0.07649799377533117,0.9235020062246688,0.8554505156376049,0.9915534968117328,0.07093023255813953,799,0.015191789974874723,"[""AATSC8i"", ""ATSC8i"", ""MATS8i""]"
final,101,3,ATSC8i,AATSC8i,AATSC8i,algorithmic_medoid,False,False,3,0.1442269509595584,0.8557730490404416,0.8554505156376049,0.8560955824432782,0.0,860,624.6017124955082,"[""AATSC8i"", ""ATSC8i"", ""MATS8i""]"
final,102,3,AATSC8p,AATSC8p,AATSC8p,algorithmic_medoid,True,True,1,0.06267322375666162,0.9373267762433384,0.88060758317291,0.9940459693137668,0.07093023255813953,799,0.002277325933802606,"[""AATSC8p"", ""ATSC8p"", ""MATS8p""]"
final,102,3,MATS8p,AATSC8p,AATSC8p,algorithmic_medoid,False,False,2,0.06281185678340528,0.9371881432165947,0.8803303171194226,0.9940459693137668,0.07093023255813953,799,0.024238402973856977,"[""AATSC8p"", ""ATSC8p"", ""MATS8p""]"
final,102,3,ATSC8p,AATSC8p,AATSC8p,algorithmic_medoid,False,False,3,0.11953104985383378,0.8804689501461662,0.8803303171194226,0.88060758317291,0.0,860,24.71745438287297,"[""AATSC8p"", ""ATSC8p"", ""MATS8p""]"
final,103,3,AATSC8s,AATSC8s,AATSC8s,algorithmic_medoid,True,True,1,0.052573829026984154,0.9474261709730158,0.9342395660557365,0.960612775890295,0.07093023255813953,799,1.1560810977016485,"[""AATSC8s"", ""ATSC8s"", ""MATS8s""]"
final,103,3,MATS8s,AATSC8s,AATSC8s,algorithmic_medoid,False,False,2,0.06875949219695765,0.9312405078030423,0.9018682397157896,0.960612775890295,0.07093023255813953,799,0.043463314823640506,"[""AATSC8s"", ""ATSC8s"", ""MATS8s""]"
final,103,3,ATSC8s,AATSC8s,AATSC8s,algorithmic_medoid,False,False,3,0.08194609711423695,0.918053902885763,0.9018682397157896,0.9342395660557365,0.0069767441860465115,854,2774.0839129623387,"[""AATSC8s"", ""ATSC8s"", ""MATS8s""]"
final,104,3,AATSC8v,AATSC8v,AATSC8v,algorithmic_medoid,True,True,1,0.051290234387803,0.948709765612197,0.8994382399329037,0.9979812912914903,0.07093023255813953,799,90.01954118064302,"[""AATSC8v"", ""GATS8v"", ""MATS8v""]"
final,104,3,MATS8v,AATSC8v,AATSC8v,algorithmic_medoid,False,False,2,0.05274044755601914,0.9472595524439809,0.8965378135964716,0.9979812912914903,0.07093023255813953,799,0.04462327651394195,"[""AATSC8v"", ""GATS8v"", ""MATS8v""]"
final,104,3,GATS8v,AATSC8v,AATSC8v,algorithmic_medoid,False,False,3,0.10201197323531241,0.8979880267646876,0.8965378135964716,0.8994382399329037,0.07093023255813953,799,0.0448091067135621,"[""AATSC8v"", ""GATS8v"", ""MATS8v""]"
final,105,6,HybRatio,HybRatio,HybRatio,algorithmic_medoid,True,True,1,0.08679123956817103,0.913208760431829,0.8720721880589912,0.9810471534535588,0.010465116279069767,851,0.06181585838296304,"[""AETA_beta"", ""AETA_beta_ns"", ""AETA_dBeta"", ""ETA_dEpsilon_B"", ""FCSP3"", ""HybRatio""]"
final,105,6,AETA_beta_ns,HybRatio,HybRatio,algorithmic_medoid,False,False,2,0.08687862154983805,0.913121378450162,0.8501896242741335,0.9722835954867214,0.002325581395348837,858,0.045459859292071456,"[""AETA_beta"", ""AETA_beta_ns"", ""AETA_dBeta"", ""ETA_dEpsilon_B"", ""FCSP3"", ""HybRatio""]"
final,105,6,FCSP3,HybRatio,HybRatio,algorithmic_medoid,False,False,3,0.10591513873110936,0.8940848612688906,0.8405785121015611,0.9810471534535588,0.0,860,0.06426183531196017,"[""AETA_beta"", ""AETA_beta_ns"", ""AETA_dBeta"", ""ETA_dEpsilon_B"", ""FCSP3"", ""HybRatio""]"
final,105,6,AETA_dBeta,HybRatio,HybRatio,algorithmic_medoid,False,False,4,0.11224601307397519,0.8877539869260248,0.824002142236639,0.9410269888079617,0.002325581395348837,858,0.045754206070901825,"[""AETA_beta"", ""AETA_beta_ns"", ""AETA_dBeta"", ""ETA_dEpsilon_B"", ""FCSP3"", ""HybRatio""]"
final,105,6,AETA_beta,HybRatio,HybRatio,algorithmic_medoid,False,False,5,0.12291540832367431,0.8770845916763257,0.8028436897647571,0.9722835954867214,0.002325581395348837,858,0.0562402388880466,"[""AETA_beta"", ""AETA_beta_ns"", ""AETA_dBeta"", ""ETA_dEpsilon_B"", ""FCSP3"", ""HybRatio""]"
final,105,6,ETA_dEpsilon_B,HybRatio,HybRatio,algorithmic_medoid,False,False,6,0.16206276871278358,0.8379372312872164,0.8028436897647571,0.8720721880589912,0.002325581395348837,858,0.0007886344535232424,"[""AETA_beta"", ""AETA_beta_ns"", ""AETA_dBeta"", ""ETA_dEpsilon_B"", ""FCSP3"", ""HybRatio""]"
final,106,2,ETA_beta_ns_d,ETA_beta_ns_d,ETA_beta_ns_d,algorithmic_medoid,True,True,1,0.04042681547442584,0.9595731845255742,0.9595731845255742,0.9595731845255742,0.002325581395348837,858,0.5660394131963223,"[""AETA_beta_ns_d"", ""ETA_beta_ns_d""]"
final,106,2,AETA_beta_ns_d,ETA_beta_ns_d,ETA_beta_ns_d,algorithmic_medoid,False,False,2,0.04042681547442584,0.9595731845255742,0.9595731845255742,0.9595731845255742,0.002325581395348837,858,0.0006648698990116669,"[""AETA_beta_ns_d"", ""ETA_beta_ns_d""]"
final,107,1,AETA_beta_s,AETA_beta_s,AETA_beta_s,algorithmic_medoid,True,True,1,0.0,1.0,1.0,1.0,0.002325581395348837,858,0.005536364808050795,"[""AETA_beta_s""]"
final,108,1,AETA_eta,AETA_eta,AETA_eta,algorithmic_medoid,True,True,1,0.0,1.0,1.0,1.0,0.002325581395348837,858,0.150798609901514,"[""AETA_eta""]"
final,109,4,AETA_eta_B,AETA_eta_B,AETA_eta_B,algorithmic_medoid,True,True,1,0.0779731279565059,0.9220268720434941,0.8907574564595315,0.9500587901246721,0.009302325581395349,852,0.000123495180721648,"[""AETA_eta_B"", ""AETA_eta_BR"", ""AETA_eta_RL"", ""JGT10""]"
final,109,4,AETA_eta_BR,AETA_eta_B,AETA_eta_B,algorithmic_medoid,False,False,2,0.10110060687607791,0.8988993931239221,0.8746073973246943,0.9252643695462789,0.009302325581395349,852,9.889409428240855e-05,"[""AETA_eta_B"", ""AETA_eta_BR"", ""AETA_eta_RL"", ""JGT10""]"
final,109,4,AETA_eta_RL,AETA_eta_B,AETA_eta_B,algorithmic_medoid,False,False,3,0.10692332285326633,0.8930766771467337,0.8545638439908348,0.9500587901246721,0.002325581395348837,858,0.0016815695833589908,"[""AETA_eta_B"", ""AETA_eta_BR"", ""AETA_eta_RL"", ""JGT10""]"
final,109,4,JGT10,AETA_eta_B,AETA_eta_B,algorithmic_medoid,False,False,4,0.11928409568294684,0.8807159043170532,0.8545638439908348,0.8968264125007933,0.0,860,0.013765932071935928,"[""AETA_eta_B"", ""AETA_eta_BR"", ""AETA_eta_RL"", ""JGT10""]"
final,110,1,AETA_eta_F,AETA_eta_F,AETA_eta_F,algorithmic_medoid,True,True,1,0.0,1.0,1.0,1.0,0.002325581395348837,858,0.08326488605911961,"[""AETA_eta_F""]"
final,111,2,AETA_eta_L,AETA_eta_L,AETA_eta_L,algorithmic_medoid,True,True,1,0.07332713537754565,0.9266728646224544,0.9266728646224544,0.9266728646224544,0.002325581395348837,858,0.0031663717057345115,"[""AETA_eta_FL"", ""AETA_eta_L""]"
final,111,2,AETA_eta_FL,AETA_eta_L,AETA_eta_L,algorithmic_medoid,False,False,2,0.07332713537754565,0.9266728646224544,0.9266728646224544,0.9266728646224544,0.002325581395348837,858,0.0031102026113371387,"[""AETA_eta_FL"", ""AETA_eta_L""]"
final,112,9,Xpc-4d,Xpc-4d,Xpc-4d,algorithmic_medoid,True,True,1,0.06512631974787109,0.9348736802521289,0.8487728725386869,0.9863338101837332,0.0,860,16.99171314482372,"[""AETA_eta_R"", ""ATSC0d"", ""ETA_eta_B"", ""ETA_eta_BR"", ""GGI1"", ""GGI2"", ""Xc-3d"", ""Xc-5d"", ""Xpc-4d""]"
final,112,9,ETA_eta_BR,Xpc-4d,Xpc-4d,algorithmic_medoid,False,False,2,0.06685321245868592,0.9331467875413141,0.8583695922543362,0.9618705914072062,0.009302325581395349,852,0.43879953208355105,"[""AETA_eta_R"", ""ATSC0d"", ""ETA_eta_B"", ""ETA_eta_BR"", ""GGI1"", ""GGI2"", ""Xc-3d"", ""Xc-5d"", ""Xpc-4d""]"
final,112,9,GGI2,Xpc-4d,Xpc-4d,algorithmic_medoid,False,False,3,0.07175175702997716,0.9282482429700228,0.8401481973940363,0.9863338101837332,0.0,860,8.271608961133484,"[""AETA_eta_R"", ""ATSC0d"", ""ETA_eta_B"", ""ETA_eta_BR"", ""GGI1"", ""GGI2"", ""Xc-3d"", ""Xc-5d"", ""Xpc-4d""]"
final,112,9,GGI1,Xpc-4d,Xpc-4d,algorithmic_medoid,False,False,4,0.07535329217330489,0.9246467078266951,0.8108230715192716,0.9739956396336643,0.0,860,22.76560674689021,"[""AETA_eta_R"", ""ATSC0d"", ""ETA_eta_B"", ""ETA_eta_BR"", ""GGI1"", ""GGI2"", ""Xc-3d"", ""Xc-5d"", ""Xpc-4d""]"
final,112,9,ATSC0d,Xpc-4d,Xpc-4d,algorithmic_medoid,False,False,5,0.07590034079074659,0.9240996592092534,0.8318934391623639,0.9756126688732717,0.0,860,608.3714303057774,"[""AETA_eta_R"", ""ATSC0d"", ""ETA_eta_B"", ""ETA_eta_BR"", ""GGI1"", ""GGI2"", ""Xc-3d"", ""Xc-5d"", ""Xpc-4d""]"
final,112,9,Xc-3d,Xpc-4d,Xpc-4d,algorithmic_medoid,False,False,6,0.07658918215060628,0.9234108178493937,0.8457673247844472,0.9739956396336643,0.0,860,3.265978386692,"[""AETA_eta_R"", ""ATSC0d"", ""ETA_eta_B"", ""ETA_eta_BR"", ""GGI1"", ""GGI2"", ""Xc-3d"", ""Xc-5d"", ""Xpc-4d""]"
final,112,9,AETA_eta_R,Xpc-4d,Xpc-4d,algorithmic_medoid,False,False,7,0.08306030348703752,0.9169396965129625,0.8287226064483789,0.9756126688732717,0.002325581395348837,858,0.28316725235172013,"[""AETA_eta_R"", ""ATSC0d"", ""ETA_eta_B"", ""ETA_eta_BR"", ""GGI1"", ""GGI2"", ""Xc-3d"", ""Xc-5d"", ""Xpc-4d""]"
final,112,9,ETA_eta_B,Xpc-4d,Xpc-4d,algorithmic_medoid,False,False,8,0.130869909080519,0.869130090919481,0.8181106666660923,0.9451485910413543,0.009302325581395349,852,0.33380045362952565,"[""AETA_eta_R"", ""ATSC0d"", ""ETA_eta_B"", ""ETA_eta_BR"", ""GGI1"", ""GGI2"", ""Xc-3d"", ""Xc-5d"", ""Xpc-4d""]"
final,112,9,Xc-5d,Xpc-4d,Xpc-4d,algorithmic_medoid,False,False,9,0.14310661860610696,0.856893381393893,0.8108230715192716,0.9381262385672758,0.0,860,0.5615743417084729,"[""AETA_eta_R"", ""ATSC0d"", ""ETA_eta_B"", ""ETA_eta_BR"", ""GGI1"", ""GGI2"", ""Xc-3d"", ""Xc-5d"", ""Xpc-4d""]"
final,113,4,AMID,AMID,AMID,algorithmic_medoid,True,True,1,0.07236312348975016,0.9276368765102498,0.9056026793637784,0.9488431357093844,0.002325581395348837,858,0.011752083750487134,"[""AMID"", ""AXp-0d"", ""ETA_epsilon_3"", ""SpMAD_A""]"
final,113,4,AXp-0d,AMID,AMID,algorithmic_medoid,False,False,2,0.10895543878873115,0.8910445612112688,0.8194068689335695,0.9284648144575869,0.0069767441860465115,854,0.0012783491901034666,"[""AMID"", ""AXp-0d"", ""ETA_epsilon_3"", ""SpMAD_A""]"
final,113,4,SpMAD_A,AMID,AMID,algorithmic_medoid,False,False,3,0.11949434375305634,0.8805056562469437,0.8106522891344027,0.9252620002426499,0.002325581395348837,858,0.015409501644205102,"[""AMID"", ""AXp-0d"", ""ETA_epsilon_3"", ""SpMAD_A""]"
final,113,4,ETA_epsilon_3,AMID,AMID,algorithmic_medoid,False,False,4,0.1403659020742145,0.8596340979257855,0.8106522891344027,0.9488431357093844,0.002325581395348837,858,5.87614658914261e-05,"[""AMID"", ""AXp-0d"", ""ETA_epsilon_3"", ""SpMAD_A""]"
final,114,5,ETA_dEpsilon_C,ETA_dEpsilon_C,ETA_dEpsilon_C,algorithmic_medoid,True,True,1,0.04145745504311116,0.9585425449568888,0.9272323400481286,0.9974258788134006,0.002325581395348837,858,0.015833150422880846,"[""AMID_C"", ""AMID_h"", ""ETA_dEpsilon_C"", ""ETA_epsilon_2"", ""ETA_epsilon_4""]"
final,114,5,ETA_epsilon_4,ETA_dEpsilon_C,ETA_dEpsilon_C,algorithmic_medoid,False,False,2,0.0512685434691339,0.9487314565308661,0.9081528946989457,0.9974258788134006,0.002325581395348837,858,0.015113036623439739,"[""AMID_C"", ""AMID_h"", ""ETA_dEpsilon_C"", ""ETA_epsilon_2"", ""ETA_epsilon_4""]"
final,114,5,AMID_h,ETA_dEpsilon_C,ETA_dEpsilon_C,algorithmic_medoid,False,False,3,0.05407355267709635,0.9459264473229037,0.9156632012508842,0.9845080406339074,0.002325581395348837,858,0.07568549974609712,"[""AMID_C"", ""AMID_h"", ""ETA_dEpsilon_C"", ""ETA_epsilon_2"", ""ETA_epsilon_4""]"
final,114,5,ETA_epsilon_2,ETA_dEpsilon_C,ETA_dEpsilon_C,algorithmic_medoid,False,False,4,0.0633443276379494,0.9366556723620506,0.915635022026997,0.9631381691513514,0.002325581395348837,858,0.019817546440316327,"[""AMID_C"", ""AMID_h"", ""ETA_dEpsilon_C"", ""ETA_epsilon_2"", ""ETA_epsilon_4""]"
final,114,5,AMID_C,ETA_dEpsilon_C,ETA_dEpsilon_C,algorithmic_medoid,False,False,5,0.06611792564800534,0.9338820743519947,0.9081528946989457,0.9845080406339074,0.002325581395348837,858,0.11265113979779896,"[""AMID_C"", ""AMID_h"", ""ETA_dEpsilon_C"", ""ETA_epsilon_2"", ""ETA_epsilon_4""]"
final,115,1,AMID_N,AMID_N,AMID_N,algorithmic_medoid,True,True,1,0.0,1.0,1.0,1.0,0.002325581395348837,858,0.03322597038578667,"[""AMID_N""]"
final,116,1,AMID_O,AMID_O,AMID_O,algorithmic_medoid,True,True,1,0.0,1.0,1.0,1.0,0.002325581395348837,858,0.045745059386130806,"[""AMID_O""]"
final,117,6,MACCS_134,MACCS_134,MACCS_134,algorithmic_medoid,True,True,1,0.04253865663889833,0.9574613433611017,0.8545838688216472,0.9888329953527637,0.0,860,0.18155083829096813,"[""AMID_X"", ""MACCS_107"", ""MACCS_134"", ""MACCS_87"", ""MID_X"", ""nX""]"
final,117,6,MID_X,MACCS_134,MACCS_134,algorithmic_medoid,False,False,2,0.04375914290116989,0.9562408570988301,0.8313735532602995,0.9966764086412898,0.002325581395348837,858,5.57676226327094,"[""AMID_X"", ""MACCS_107"", ""MACCS_134"", ""MACCS_87"", ""MID_X"", ""nX""]"
final,117,6,nX,MACCS_134,MACCS_134,algorithmic_medoid,False,False,3,0.04575802423081199,0.954241975769188,0.8226890770289164,0.9966764086412898,0.0,860,1.8924215792320178,"[""AMID_X"", ""MACCS_107"", ""MACCS_134"", ""MACCS_87"", ""MID_X"", ""nX""]"
final,117,6,AMID_X,MACCS_134,MACCS_134,algorithmic_medoid,False,False,4,0.04692179785739525,0.9530782021426047,0.8240302619215416,0.9948744908683996,0.002325581395348837,858,0.006547298661586047,"[""AMID_X"", ""MACCS_107"", ""MACCS_134"", ""MACCS_87"", ""MID_X"", ""nX""]"
final,117,6,MACCS_107,MACCS_134,MACCS_134,algorithmic_medoid,False,False,5,0.04773755137632296,0.952262448623677,0.877070739418114,0.9743613945992707,0.0,860,0.17659680908599243,"[""AMID_X"", ""MACCS_107"", ""MACCS_134"", ""MACCS_87"", ""MID_X"", ""nX""]"
final,117,6,MACCS_87,MACCS_134,MACCS_134,algorithmic_medoid,False,False,6,0.15805049990989628,0.8419495000901037,0.8226890770289164,0.877070739418114,0.0,860,0.15143320713899408,"[""AMID_X"", ""MACCS_107"", ""MACCS_134"", ""MACCS_87"", ""MID_X"", ""nX""]"
final,118,4,ATS0Z,ATS0Z,ATS0Z,algorithmic_medoid,True,True,1,0.028347683382681788,0.9716523166173182,0.9580918588926473,0.9986384397227983,0.0,860,1359895.8232504057,"[""ATS0Z"", ""ATS0m"", ""ATSC0Z"", ""ATSC0m""]"
final,118,4,ATSC0Z,ATS0Z,ATS0Z,algorithmic_medoid,False,False,2,0.028973400164463925,0.9710265998355361,0.9562239599294834,0.9986291883406159,0.0,860,525647.4376802256,"[""ATS0Z"", ""ATS0m"", ""ATSC0Z"", ""ATSC0m""]"
final,118,4,ATSC0m,ATS0Z,ATS0Z,algorithmic_medoid,False,False,3,0.02907948032117602,0.970920519678824,0.9560405118032089,0.9986291883406159,0.0,860,17357512.342173923,"[""ATS0Z"", ""ATS0m"", ""ATSC0Z"", ""ATSC0m""]"
final,118,4,ATS0m,ATS0Z,ATS0Z,algorithmic_medoid,False,False,4,0.029699029514836384,0.9703009704851636,0.9560405118032089,0.9986384397227983,0.0,860,33753603.39350701,"[""ATS0Z"", ""ATS0m"", ""ATSC0Z"", ""ATSC0m""]"
final,119,77,ATS2se,ATS2se,ATS2se,algorithmic_medoid,True,True,1,0.02535764940837948,0.9746423505916205,0.9125310042235969,0.9967317157592819,0.0,860,298107.79131709907,"[""ATS0are"", ""ATS0i"", ""ATS0pe"", ""ATS0se"", ""ATS1are"", ""ATS1i"", ""ATS1pe"", ""ATS1se"", ""ATS2are"", ""ATS2d"", ""ATS2i"", ""ATS2p"", ""ATS2pe"", ""ATS2se"", ""ATS2v"", ""ATS3are"", ""ATS3d"", ""ATS3i"", ""ATS3p"", ""ATS3pe"", ""ATS3se"", ""ATS3v"", ""ATS4are"", ""ATS4d"", ""ATS4i"", ""ATS4p"", ""ATS4pe"", ""ATS4se"", ""ATS4v"", ""ATS5are"", ""ATS5d"", ""ATS5i"", ""ATS5p"", ""ATS5pe"", ""ATS5se"", ""ATS5v"", ""ATS6are"", ""ATS6d"", ""ATS6i"", ""ATS6p"", ""ATS6pe"", ""ATS6se"", ""ATS6v"", ""ATS7are"", ""ATS7d"", ""ATS7i"", ""ATS7p"", ""ATS7pe"", ""ATS7se"", ""ATS7v"", ""ATS8are"", ""ATS8d"", ""ATS8i"", ""ATS8p"", ""ATS8pe"", ""ATS8se"", ""ATS8v"", ""ATSC0v"", ""CIC0"", ""ETA_eta"", ""ETA_eta_L"", ""PPSA1"", ""Sare"", ""Si"", ""Spe"", ""Sse"", ""TIC2"", ""TIC3"", ""TIC4"", ""TIC5"", ""Vabc"", ""WPSA1"", ""nAtom"", ""nBonds"", ""nBondsKS"", ""nBondsS"", ""nH""]"
final,119,77,nBonds,ATS2se,ATS2se,algorithmic_medoid,False,False,2,0.025741830992596082,0.9742581690074039,0.9290321042658972,0.9989615879993163,0.0,860,1419.398121957815,"[""ATS0are"", ""ATS0i"", ""ATS0pe"", ""ATS0se"", ""ATS1are"", ""ATS1i"", ""ATS1pe"", ""ATS1se"", ""ATS2are"", ""ATS2d"", ""ATS2i"", ""ATS2p"", ""ATS2pe"", ""ATS2se"", ""ATS2v"", ""ATS3are"", ""ATS3d"", ""ATS3i"", ""ATS3p"", ""ATS3pe"", ""ATS3se"", ""ATS3v"", ""ATS4are"", ""ATS4d"", ""ATS4i"", ""ATS4p"", ""ATS4pe"", ""ATS4se"", ""ATS4v"", ""ATS5are"", ""ATS5d"", ""ATS5i"", ""ATS5p"", ""ATS5pe"", ""ATS5se"", ""ATS5v"", ""ATS6are"", ""ATS6d"", ""ATS6i"", ""ATS6p"", ""ATS6pe"", ""ATS6se"", ""ATS6v"", ""ATS7are"", ""ATS7d"", ""ATS7i"", ""ATS7p"", ""ATS7pe"", ""ATS7se"", ""ATS7v"", ""ATS8are"", ""ATS8d"", ""ATS8i"", ""ATS8p"", ""ATS8pe"", ""ATS8se"", ""ATS8v"", ""ATSC0v"", ""CIC0"", ""ETA_eta"", ""ETA_eta_L"", ""PPSA1"", ""Sare"", ""Si"", ""Spe"", ""Sse"", ""TIC2"", ""TIC3"", ""TIC4"", ""TIC5"", ""Vabc"", ""WPSA1"", ""nAtom"", ""nBonds"", ""nBondsKS"", ""nBondsS"", ""nH""]"
final,119,77,ATS1i,ATS2se,ATS2se,algorithmic_medoid,False,False,3,0.02630168751499984,0.9736983124850002,0.9237705192676636,0.9985584163066592,0.0,860,30903752.692622956,"[""ATS0are"", ""ATS0i"", ""ATS0pe"", ""ATS0se"", ""ATS1are"", ""ATS1i"", ""ATS1pe"", ""ATS1se"", ""ATS2are"", ""ATS2d"", ""ATS2i"", ""ATS2p"", ""ATS2pe"", ""ATS2se"", ""ATS2v"", ""ATS3are"", ""ATS3d"", ""ATS3i"", ""ATS3p"", ""ATS3pe"", ""ATS3se"", ""ATS3v"", ""ATS4are"", ""ATS4d"", ""ATS4i"", ""ATS4p"", ""ATS4pe"", ""ATS4se"", ""ATS4v"", ""ATS5are"", ""ATS5d"", ""ATS5i"", ""ATS5p"", ""ATS5pe"", ""ATS5se"", ""ATS5v"", ""ATS6are"", ""ATS6d"", ""ATS6i"", ""ATS6p"", ""ATS6pe"", ""ATS6se"", ""ATS6v"", ""ATS7are"", ""ATS7d"", ""ATS7i"", ""ATS7p"", ""ATS7pe"", ""ATS7se"", ""ATS7v"", ""ATS8are"", ""ATS8d"", ""ATS8i"", ""ATS8p"", ""ATS8pe"", ""ATS8se"", ""ATS8v"", ""ATSC0v"", ""CIC0"", ""ETA_eta"", ""ETA_eta_L"", ""PPSA1"", ""Sare"", ""Si"", ""Spe"", ""Sse"", ""TIC2"", ""TIC3"", ""TIC4"", ""TIC5"", ""Vabc"", ""WPSA1"", ""nAtom"", ""nBonds"", ""nBondsKS"", ""nBondsS"", ""nH""]"
final,119,77,Sse,ATS2se,ATS2se,algorithmic_medoid,False,False,4,0.02643259006814136,0.9735674099318586,0.9196725323193985,0.9987283259851907,0.0,860,1341.1185166094608,"[""ATS0are"", ""ATS0i"", ""ATS0pe"", ""ATS0se"", ""ATS1are"", ""ATS1i"", ""ATS1pe"", ""ATS1se"", ""ATS2are"", ""ATS2d"", ""ATS2i"", ""ATS2p"", ""ATS2pe"", ""ATS2se"", ""ATS2v"", ""ATS3are"", ""ATS3d"", ""ATS3i"", ""ATS3p"", ""ATS3pe"", ""ATS3se"", ""ATS3v"", ""ATS4are"", ""ATS4d"", ""ATS4i"", ""ATS4p"", ""ATS4pe"", ""ATS4se"", ""ATS4v"", ""ATS5are"", ""ATS5d"", ""ATS5i"", ""ATS5p"", ""ATS5pe"", ""ATS5se"", ""ATS5v"", ""ATS6are"", ""ATS6d"", ""ATS6i"", ""ATS6p"", ""ATS6pe"", ""ATS6se"", ""ATS6v"", ""ATS7are"", ""ATS7d"", ""ATS7i"", ""ATS7p"", ""ATS7pe"", ""ATS7se"", ""ATS7v"", ""ATS8are"", ""ATS8d"", ""ATS8i"", ""ATS8p"", ""ATS8pe"", ""ATS8se"", ""ATS8v"", ""ATSC0v"", ""CIC0"", ""ETA_eta"", ""ETA_eta_L"", ""PPSA1"", ""Sare"", ""Si"", ""Spe"", ""Sse"", ""TIC2"", ""TIC3"", ""TIC4"", ""TIC5"", ""Vabc"", ""WPSA1"", ""nAtom"", ""nBonds"", ""nBondsKS"", ""nBondsS"", ""nH""]"
final,119,77,ATS1se,ATS2se,ATS2se,algorithmic_medoid,False,False,5,0.02645402280972997,0.97354597719027,0.9118381636157206,0.9984079201405013,0.0,860,85896.86483695642,"[""ATS0are"", ""ATS0i"", ""ATS0pe"", ""ATS0se"", ""ATS1are"", ""ATS1i"", ""ATS1pe"", ""ATS1se"", ""ATS2are"", ""ATS2d"", ""ATS2i"", ""ATS2p"", ""ATS2pe"", ""ATS2se"", ""ATS2v"", ""ATS3are"", ""ATS3d"", ""ATS3i"", ""ATS3p"", ""ATS3pe"", ""ATS3se"", ""ATS3v"", ""ATS4are"", ""ATS4d"", ""ATS4i"", ""ATS4p"", ""ATS4pe"", ""ATS4se"", ""ATS4v"", ""ATS5are"", ""ATS5d"", ""ATS5i"", ""ATS5p"", ""ATS5pe"", ""ATS5se"", ""ATS5v"", ""ATS6are"", ""ATS6d"", ""ATS6i"", ""ATS6p"", ""ATS6pe"", ""ATS6se"", ""ATS6v"", ""ATS7are"", ""ATS7d"", ""ATS7i"", ""ATS7p"", ""ATS7pe"", ""ATS7se"", ""ATS7v"", ""ATS8are"", ""ATS8d"", ""ATS8i"", ""ATS8p"", ""ATS8pe"", ""ATS8se"", ""ATS8v"", ""ATSC0v"", ""CIC0"", ""ETA_eta"", ""ETA_eta_L"", ""PPSA1"", ""Sare"", ""Si"", ""Spe"", ""Sse"", ""TIC2"", ""TIC3"", ""TIC4"", ""TIC5"", ""Vabc"", ""WPSA1"", ""nAtom"", ""nBonds"", ""nBondsKS"", ""nBondsS"", ""nH""]"
final,119,77,Si,ATS2se,ATS2se,algorithmic_medoid,False,False,6,0.027051833137582304,0.9729481668624177,0.9298221342705051,0.9995957472625502,0.0,860,1716.993680911684,"[""ATS0are"", ""ATS0i"", ""ATS0pe"", ""ATS0se"", ""ATS1are"", ""ATS1i"", ""ATS1pe"", ""ATS1se"", ""ATS2are"", ""ATS2d"", ""ATS2i"", ""ATS2p"", ""ATS2pe"", ""ATS2se"", ""ATS2v"", ""ATS3are"", ""ATS3d"", ""ATS3i"", ""ATS3p"", ""ATS3pe"", ""ATS3se"", ""ATS3v"", ""ATS4are"", ""ATS4d"", ""ATS4i"", ""ATS4p"", ""ATS4pe"", ""ATS4se"", ""ATS4v"", ""ATS5are"", ""ATS5d"", ""ATS5i"", ""ATS5p"", ""ATS5pe"", ""ATS5se"", ""ATS5v"", ""ATS6are"", ""ATS6d"", ""ATS6i"", ""ATS6p"", ""ATS6pe"", ""ATS6se"", ""ATS6v"", ""ATS7are"", ""ATS7d"", ""ATS7i"", ""ATS7p"", ""ATS7pe"", ""ATS7se"", ""ATS7v"", ""ATS8are"", ""ATS8d"", ""ATS8i"", ""ATS8p"", ""ATS8pe"", ""ATS8se"", ""ATS8v"", ""ATSC0v"", ""CIC0"", ""ETA_eta"", ""ETA_eta_L"", ""PPSA1"", ""Sare"", ""Si"", ""Spe"", ""Sse"", ""TIC2"", ""TIC3"", ""TIC4"", ""TIC5"", ""Vabc"", ""WPSA1"", ""nAtom"", ""nBonds"", ""nBondsKS"", ""nBondsS"", ""nH""]"
final,119,77,nAtom,ATS2se,ATS2se,algorithmic_medoid,False,False,7,0.027078988145826877,0.9729210118541731,0.9319125189435848,0.9995957472625502,0.0,860,1329.2638399134667,"[""ATS0are"", ""ATS0i"", ""ATS0pe"", ""ATS0se"", ""ATS1are"", ""ATS1i"", ""ATS1pe"", ""ATS1se"", ""ATS2are"", ""ATS2d"", ""ATS2i"", ""ATS2p"", ""ATS2pe"", ""ATS2se"", ""ATS2v"", ""ATS3are"", ""ATS3d"", ""ATS3i"", ""ATS3p"", ""ATS3pe"", ""ATS3se"", ""ATS3v"", ""ATS4are"", ""ATS4d"", ""ATS4i"", ""ATS4p"", ""ATS4pe"", ""ATS4se"", ""ATS4v"", ""ATS5are"", ""ATS5d"", ""ATS5i"", ""ATS5p"", ""ATS5pe"", ""ATS5se"", ""ATS5v"", ""ATS6are"", ""ATS6d"", ""ATS6i"", ""ATS6p"", ""ATS6pe"", ""ATS6se"", ""ATS6v"", ""ATS7are"", ""ATS7d"", ""ATS7i"", ""ATS7p"", ""ATS7pe"", ""ATS7se"", ""ATS7v"", ""ATS8are"", ""ATS8d"", ""ATS8i"", ""ATS8p"", ""ATS8pe"", ""ATS8se"", ""ATS8v"", ""ATSC0v"", ""CIC0"", ""ETA_eta"", ""ETA_eta_L"", ""PPSA1"", ""Sare"", ""Si"", ""Spe"", ""Sse"", ""TIC2"", ""TIC3"", ""TIC4"", ""TIC5"", ""Vabc"", ""WPSA1"", ""nAtom"", ""nBonds"", ""nBondsKS"", ""nBondsS"", ""nH""]"
final,119,77,ATS2pe,ATS2se,ATS2se,algorithmic_medoid,False,False,8,0.02718326489730316,0.9728167351026968,0.9090763880461947,0.9964174553898758,0.002325581395348837,858,197341.62124147188,"[""ATS0are"", ""ATS0i"", ""ATS0pe"", ""ATS0se"", ""ATS1are"", ""ATS1i"", ""ATS1pe"", ""ATS1se"", ""ATS2are"", ""ATS2d"", ""ATS2i"", ""ATS2p"", ""ATS2pe"", ""ATS2se"", ""ATS2v"", ""ATS3are"", ""ATS3d"", ""ATS3i"", ""ATS3p"", ""ATS3pe"", ""ATS3se"", ""ATS3v"", ""ATS4are"", ""ATS4d"", ""ATS4i"", ""ATS4p"", ""ATS4pe"", ""ATS4se"", ""ATS4v"", ""ATS5are"", ""ATS5d"", ""ATS5i"", ""ATS5p"", ""ATS5pe"", ""ATS5se"", ""ATS5v"", ""ATS6are"", ""ATS6d"", ""ATS6i"", ""ATS6p"", ""ATS6pe"", ""ATS6se"", ""ATS6v"", ""ATS7are"", ""ATS7d"", ""ATS7i"", ""ATS7p"", ""ATS7pe"", ""ATS7se"", ""ATS7v"", ""ATS8are"", ""ATS8d"", ""ATS8i"", ""ATS8p"", ""ATS8pe"", ""ATS8se"", ""ATS8v"", ""ATSC0v"", ""CIC0"", ""ETA_eta"", ""ETA_eta_L"", ""PPSA1"", ""Sare"", ""Si"", ""Spe"", ""Sse"", ""TIC2"", ""TIC3"", ""TIC4"", ""TIC5"", ""Vabc"", ""WPSA1"", ""nAtom"", ""nBonds"", ""nBondsKS"", ""nBondsS"", ""nH""]"
final,119,77,ATS0i,ATS2se,ATS2se,algorithmic_medoid,False,False,9,0.027682845267935186,0.9723171547320648,0.9263137767372334,0.9995086789046977,0.0,860,36246660.02231269,"[""ATS0are"", ""ATS0i"", ""ATS0pe"", ""ATS0se"", ""ATS1are"", ""ATS1i"", ""ATS1pe"", ""ATS1se"", ""ATS2are"", ""ATS2d"", ""ATS2i"", ""ATS2p"", ""ATS2pe"", ""ATS2se"", ""ATS2v"", ""ATS3are"", ""ATS3d"", ""ATS3i"", ""ATS3p"", ""ATS3pe"", ""ATS3se"", ""ATS3v"", ""ATS4are"", ""ATS4d"", ""ATS4i"", ""ATS4p"", ""ATS4pe"", ""ATS4se"", ""ATS4v"", ""ATS5are"", ""ATS5d"", ""ATS5i"", ""ATS5p"", ""ATS5pe"", ""ATS5se"", ""ATS5v"", ""ATS6are"", ""ATS6d"", ""ATS6i"", ""ATS6p"", ""ATS6pe"", ""ATS6se"", ""ATS6v"", ""ATS7are"", ""ATS7d"", ""ATS7i"", ""ATS7p"", ""ATS7pe"", ""ATS7se"", ""ATS7v"", ""ATS8are"", ""ATS8d"", ""ATS8i"", ""ATS8p"", ""ATS8pe"", ""ATS8se"", ""ATS8v"", ""ATSC0v"", ""CIC0"", ""ETA_eta"", ""ETA_eta_L"", ""PPSA1"", ""Sare"", ""Si"", ""Spe"", ""Sse"", ""TIC2"", ""TIC3"", ""TIC4"", ""TIC5"", ""Vabc"", ""WPSA1"", ""nAtom"", ""nBonds"", ""nBondsKS"", ""nBondsS"", ""nH""]"
final,119,77,Spe,ATS2se,ATS2se,algorithmic_medoid,False,False,10,0.028361738576903495,0.9716382614230965,0.918890141946689,0.9982649556457274,0.002325581395348837,858,1228.156277896799,"[""ATS0are"", ""ATS0i"", ""ATS0pe"", ""ATS0se"", ""ATS1are"", ""ATS1i"", ""ATS1pe"", ""ATS1se"", ""ATS2are"", ""ATS2d"", ""ATS2i"", ""ATS2p"", ""ATS2pe"", ""ATS2se"", ""ATS2v"", ""ATS3are"", ""ATS3d"", ""ATS3i"", ""ATS3p"", ""ATS3pe"", ""ATS3se"", ""ATS3v"", ""ATS4are"", ""ATS4d"", ""ATS4i"", ""ATS4p"", ""ATS4pe"", ""ATS4se"", ""ATS4v"", ""ATS5are"", ""ATS5d"", ""ATS5i"", ""ATS5p"", ""ATS5pe"", ""ATS5se"", ""ATS5v"", ""ATS6are"", ""ATS6d"", ""ATS6i"", ""ATS6p"", ""ATS6pe"", ""ATS6se"", ""ATS6v"", ""ATS7are"", ""ATS7d"", ""ATS7i"", ""ATS7p"", ""ATS7pe"", ""ATS7se"", ""ATS7v"", ""ATS8are"", ""ATS8d"", ""ATS8i"", ""ATS8p"", ""ATS8pe"", ""ATS8se"", ""ATS8v"", ""ATSC0v"", ""CIC0"", ""ETA_eta"", ""ETA_eta_L"", ""PPSA1"", ""Sare"", ""Si"", ""Spe"", ""Sse"", ""TIC2"", ""TIC3"", ""TIC4"", ""TIC5"", ""Vabc"", ""WPSA1"", ""nAtom"", ""nBonds"", ""nBondsKS"", ""nBondsS"", ""nH""]"
final,119,77,nBondsKS,ATS2se,ATS2se,algorithmic_medoid,False,False,11,0.028671252340354392,0.9713287476596456,0.9290495816806804,0.9974978722195033,0.0,860,1229.1953001622499,"[""ATS0are"", ""ATS0i"", ""ATS0pe"", ""ATS0se"", ""ATS1are"", ""ATS1i"", ""ATS1pe"", ""ATS1se"", ""ATS2are"", ""ATS2d"", ""ATS2i"", ""ATS2p"", ""ATS2pe"", ""ATS2se"", ""ATS2v"", ""ATS3are"", ""ATS3d"", ""ATS3i"", ""ATS3p"", ""ATS3pe"", ""ATS3se"", ""ATS3v"", ""ATS4are"", ""ATS4d"", ""ATS4i"", ""ATS4p"", ""ATS4pe"", ""ATS4se"", ""ATS4v"", ""ATS5are"", ""ATS5d"", ""ATS5i"", ""ATS5p"", ""ATS5pe"", ""ATS5se"", ""ATS5v"", ""ATS6are"", ""ATS6d"", ""ATS6i"", ""ATS6p"", ""ATS6pe"", ""ATS6se"", ""ATS6v"", ""ATS7are"", ""ATS7d"", ""ATS7i"", ""ATS7p"", ""ATS7pe"", ""ATS7se"", ""ATS7v"", ""ATS8are"", ""ATS8d"", ""ATS8i"", ""ATS8p"", ""ATS8pe"", ""ATS8se"", ""ATS8v"", ""ATSC0v"", ""CIC0"", ""ETA_eta"", ""ETA_eta_L"", ""PPSA1"", ""Sare"", ""Si"", ""Spe"", ""Sse"", ""TIC2"", ""TIC3"", ""TIC4"", ""TIC5"", ""Vabc"", ""WPSA1"", ""nAtom"", ""nBonds"", ""nBondsKS"", ""nBondsS"", ""nH""]"
final,119,77,ATS2i,ATS2se,ATS2se,algorithmic_medoid,False,False,12,0.028858885947848356,0.9711411140521516,0.9290585381456101,0.9974978722195033,0.0,860,121001704.99336931,"[""ATS0are"", ""ATS0i"", ""ATS0pe"", ""ATS0se"", ""ATS1are"", ""ATS1i"", ""ATS1pe"", ""ATS1se"", ""ATS2are"", ""ATS2d"", ""ATS2i"", ""ATS2p"", ""ATS2pe"", ""ATS2se"", ""ATS2v"", ""ATS3are"", ""ATS3d"", ""ATS3i"", ""ATS3p"", ""ATS3pe"", ""ATS3se"", ""ATS3v"", ""ATS4are"", ""ATS4d"", ""ATS4i"", ""ATS4p"", ""ATS4pe"", ""ATS4se"", ""ATS4v"", ""ATS5are"", ""ATS5d"", ""ATS5i"", ""ATS5p"", ""ATS5pe"", ""ATS5se"", ""ATS5v"", ""ATS6are"", ""ATS6d"", ""ATS6i"", ""ATS6p"", ""ATS6pe"", ""ATS6se"", ""ATS6v"", ""ATS7are"", ""ATS7d"", ""ATS7i"", ""ATS7p"", ""ATS7pe"", ""ATS7se"", ""ATS7v"", ""ATS8are"", ""ATS8d"", ""ATS8i"", ""ATS8p"", ""ATS8pe"", ""ATS8se"", ""ATS8v"", ""ATSC0v"", ""CIC0"", ""ETA_eta"", ""ETA_eta_L"", ""PPSA1"", ""Sare"", ""Si"", ""Spe"", ""Sse"", ""TIC2"", ""TIC3"", ""TIC4"", ""TIC5"", ""Vabc"", ""WPSA1"", ""nAtom"", ""nBonds"", ""nBondsKS"", ""nBondsS"", ""nH""]"
final,119,77,ATS1pe,ATS2se,ATS2se,algorithmic_medoid,False,False,13,0.02897104110585169,0.9710289588941483,0.9112211285675501,0.9982649556457274,0.002325581395348837,858,59026.17100427718,"[""ATS0are"", ""ATS0i"", ""ATS0pe"", ""ATS0se"", ""ATS1are"", ""ATS1i"", ""ATS1pe"", ""ATS1se"", ""ATS2are"", ""ATS2d"", ""ATS2i"", ""ATS2p"", ""ATS2pe"", ""ATS2se"", ""ATS2v"", ""ATS3are"", ""ATS3d"", ""ATS3i"", ""ATS3p"", ""ATS3pe"", ""ATS3se"", ""ATS3v"", ""ATS4are"", ""ATS4d"", ""ATS4i"", ""ATS4p"", ""ATS4pe"", ""ATS4se"", ""ATS4v"", ""ATS5are"", ""ATS5d"", ""ATS5i"", ""ATS5p"", ""ATS5pe"", ""ATS5se"", ""ATS5v"", ""ATS6are"", ""ATS6d"", ""ATS6i"", ""ATS6p"", ""ATS6pe"", ""ATS6se"", ""ATS6v"", ""ATS7are"", ""ATS7d"", ""ATS7i"", ""ATS7p"", ""ATS7pe"", ""ATS7se"", ""ATS7v"", ""ATS8are"", ""ATS8d"", ""ATS8i"", ""ATS8p"", ""ATS8pe"", ""ATS8se"", ""ATS8v"", ""ATSC0v"", ""CIC0"", ""ETA_eta"", ""ETA_eta_L"", ""PPSA1"", ""Sare"", ""Si"", ""Spe"", ""Sse"", ""TIC2"", ""TIC3"", ""TIC4"", ""TIC5"", ""Vabc"", ""WPSA1"", ""nAtom"", ""nBonds"", ""nBondsKS"", ""nBondsS"", ""nH""]"
final,119,77,ATS0se,ATS2se,ATS2se,algorithmic_medoid,False,False,14,0.029853715616601773,0.9701462843833982,0.9018185921431435,0.9978920395365504,0.0,860,79086.323037558,"[""ATS0are"", ""ATS0i"", ""ATS0pe"", ""ATS0se"", ""ATS1are"", ""ATS1i"", ""ATS1pe"", ""ATS1se"", ""ATS2are"", ""ATS2d"", ""ATS2i"", ""ATS2p"", ""ATS2pe"", ""ATS2se"", ""ATS2v"", ""ATS3are"", ""ATS3d"", ""ATS3i"", ""ATS3p"", ""ATS3pe"", ""ATS3se"", ""ATS3v"", ""ATS4are"", ""ATS4d"", ""ATS4i"", ""ATS4p"", ""ATS4pe"", ""ATS4se"", ""ATS4v"", ""ATS5are"", ""ATS5d"", ""ATS5i"", ""ATS5p"", ""ATS5pe"", ""ATS5se"", ""ATS5v"", ""ATS6are"", ""ATS6d"", ""ATS6i"", ""ATS6p"", ""ATS6pe"", ""ATS6se"", ""ATS6v"", ""ATS7are"", ""ATS7d"", ""ATS7i"", ""ATS7p"", ""ATS7pe"", ""ATS7se"", ""ATS7v"", ""ATS8are"", ""ATS8d"", ""ATS8i"", ""ATS8p"", ""ATS8pe"", ""ATS8se"", ""ATS8v"", ""ATSC0v"", ""CIC0"", ""ETA_eta"", ""ETA_eta_L"", ""PPSA1"", ""Sare"", ""Si"", ""Spe"", ""Sse"", ""TIC2"", ""TIC3"", ""TIC4"", ""TIC5"", ""Vabc"", ""WPSA1"", ""nAtom"", ""nBonds"", ""nBondsKS"", ""nBondsS"", ""nH""]"
final,119,77,TIC5,ATS2se,ATS2se,algorithmic_medoid,False,False,15,0.030171105963563982,0.969828894036436,0.9117910352009415,0.9994894915834812,0.0,860,61728.802283059835,"[""ATS0are"", ""ATS0i"", ""ATS0pe"", ""ATS0se"", ""ATS1are"", ""ATS1i"", ""ATS1pe"", ""ATS1se"", ""ATS2are"", ""ATS2d"", ""ATS2i"", ""ATS2p"", ""ATS2pe"", ""ATS2se"", ""ATS2v"", ""ATS3are"", ""ATS3d"", ""ATS3i"", ""ATS3p"", ""ATS3pe"", ""ATS3se"", ""ATS3v"", ""ATS4are"", ""ATS4d"", ""ATS4i"", ""ATS4p"", ""ATS4pe"", ""ATS4se"", ""ATS4v"", ""ATS5are"", ""ATS5d"", ""ATS5i"", ""ATS5p"", ""ATS5pe"", ""ATS5se"", ""ATS5v"", ""ATS6are"", ""ATS6d"", ""ATS6i"", ""ATS6p"", ""ATS6pe"", ""ATS6se"", ""ATS6v"", ""ATS7are"", ""ATS7d"", ""ATS7i"", ""ATS7p"", ""ATS7pe"", ""ATS7se"", ""ATS7v"", ""ATS8are"", ""ATS8d"", ""ATS8i"", ""ATS8p"", ""ATS8pe"", ""ATS8se"", ""ATS8v"", ""ATSC0v"", ""CIC0"", ""ETA_eta"", ""ETA_eta_L"", ""PPSA1"", ""Sare"", ""Si"", ""Spe"", ""Sse"", ""TIC2"", ""TIC3"", ""TIC4"", ""TIC5"", ""Vabc"", ""WPSA1"", ""nAtom"", ""nBonds"", ""nBondsKS"", ""nBondsS"", ""nH""]"
final,119,77,ATS2are,ATS2se,ATS2se,algorithmic_medoid,False,False,16,0.030376292361694035,0.969623707638306,0.911022044271547,0.9964174553898758,0.004651162790697674,856,190458.01321114835,"[""ATS0are"", ""ATS0i"", ""ATS0pe"", ""ATS0se"", ""ATS1are"", ""ATS1i"", ""ATS1pe"", ""ATS1se"", ""ATS2are"", ""ATS2d"", ""ATS2i"", ""ATS2p"", ""ATS2pe"", ""ATS2se"", ""ATS2v"", ""ATS3are"", ""ATS3d"", ""ATS3i"", ""ATS3p"", ""ATS3pe"", ""ATS3se"", ""ATS3v"", ""ATS4are"", ""ATS4d"", ""ATS4i"", ""ATS4p"", ""ATS4pe"", ""ATS4se"", ""ATS4v"", ""ATS5are"", ""ATS5d"", ""ATS5i"", ""ATS5p"", ""ATS5pe"", ""ATS5se"", ""ATS5v"", ""ATS6are"", ""ATS6d"", ""ATS6i"", ""ATS6p"", ""ATS6pe"", ""ATS6se"", ""ATS6v"", ""ATS7are"", ""ATS7d"", ""ATS7i"", ""ATS7p"", ""ATS7pe"", ""ATS7se"", ""ATS7v"", ""ATS8are"", ""ATS8d"", ""ATS8i"", ""ATS8p"", ""ATS8pe"", ""ATS8se"", ""ATS8v"", ""ATSC0v"", ""CIC0"", ""ETA_eta"", ""ETA_eta_L"", ""PPSA1"", ""Sare"", ""Si"", ""Spe"", ""Sse"", ""TIC2"", ""TIC3"", ""TIC4"", ""TIC5"", ""Vabc"", ""WPSA1"", ""nAtom"", ""nBonds"", ""nBondsKS"", ""nBondsS"", ""nH""]"
final,119,77,ATS3se,ATS2se,ATS2se,algorithmic_medoid,False,False,17,0.030864156543956134,0.9691358434560439,0.8906653689420255,0.9967092215309682,0.0,860,654444.4746064125,"[""ATS0are"", ""ATS0i"", ""ATS0pe"", ""ATS0se"", ""ATS1are"", ""ATS1i"", ""ATS1pe"", ""ATS1se"", ""ATS2are"", ""ATS2d"", ""ATS2i"", ""ATS2p"", ""ATS2pe"", ""ATS2se"", ""ATS2v"", ""ATS3are"", ""ATS3d"", ""ATS3i"", ""ATS3p"", ""ATS3pe"", ""ATS3se"", ""ATS3v"", ""ATS4are"", ""ATS4d"", ""ATS4i"", ""ATS4p"", ""ATS4pe"", ""ATS4se"", ""ATS4v"", ""ATS5are"", ""ATS5d"", ""ATS5i"", ""ATS5p"", ""ATS5pe"", ""ATS5se"", ""ATS5v"", ""ATS6are"", ""ATS6d"", ""ATS6i"", ""ATS6p"", ""ATS6pe"", ""ATS6se"", ""ATS6v"", ""ATS7are"", ""ATS7d"", ""ATS7i"", ""ATS7p"", ""ATS7pe"", ""ATS7se"", ""ATS7v"", ""ATS8are"", ""ATS8d"", ""ATS8i"", ""ATS8p"", ""ATS8pe"", ""ATS8se"", ""ATS8v"", ""ATSC0v"", ""CIC0"", ""ETA_eta"", ""ETA_eta_L"", ""PPSA1"", ""Sare"", ""Si"", ""Spe"", ""Sse"", ""TIC2"", ""TIC3"", ""TIC4"", ""TIC5"", ""Vabc"", ""WPSA1"", ""nAtom"", ""nBonds"", ""nBondsKS"", ""nBondsS"", ""nH""]"
final,119,77,Sare,ATS2se,ATS2se,algorithmic_medoid,False,False,18,0.03094272377534346,0.9690572762246565,0.9211394191744484,0.9980826551140389,0.004651162790697674,856,1257.6774765300163,"[""ATS0are"", ""ATS0i"", ""ATS0pe"", ""ATS0se"", ""ATS1are"", ""ATS1i"", ""ATS1pe"", ""ATS1se"", ""ATS2are"", ""ATS2d"", ""ATS2i"", ""ATS2p"", ""ATS2pe"", ""ATS2se"", ""ATS2v"", ""ATS3are"", ""ATS3d"", ""ATS3i"", ""ATS3p"", ""ATS3pe"", ""ATS3se"", ""ATS3v"", ""ATS4are"", ""ATS4d"", ""ATS4i"", ""ATS4p"", ""ATS4pe"", ""ATS4se"", ""ATS4v"", ""ATS5are"", ""ATS5d"", ""ATS5i"", ""ATS5p"", ""ATS5pe"", ""ATS5se"", ""ATS5v"", ""ATS6are"", ""ATS6d"", ""ATS6i"", ""ATS6p"", ""ATS6pe"", ""ATS6se"", ""ATS6v"", ""ATS7are"", ""ATS7d"", ""ATS7i"", ""ATS7p"", ""ATS7pe"", ""ATS7se"", ""ATS7v"", ""ATS8are"", ""ATS8d"", ""ATS8i"", ""ATS8p"", ""ATS8pe"", ""ATS8se"", ""ATS8v"", ""ATSC0v"", ""CIC0"", ""ETA_eta"", ""ETA_eta_L"", ""PPSA1"", ""Sare"", ""Si"", ""Spe"", ""Sse"", ""TIC2"", ""TIC3"", ""TIC4"", ""TIC5"", ""Vabc"", ""WPSA1"", ""nAtom"", ""nBonds"", ""nBondsKS"", ""nBondsS"", ""nH""]"
final,119,77,TIC4,ATS2se,ATS2se,algorithmic_medoid,False,False,19,0.031365060271020595,0.9686349397289794,0.9094171847072987,0.9994894915834812,0.0,860,58908.28877937752,"[""ATS0are"", ""ATS0i"", ""ATS0pe"", ""ATS0se"", ""ATS1are"", ""ATS1i"", ""ATS1pe"", ""ATS1se"", ""ATS2are"", ""ATS2d"", ""ATS2i"", ""ATS2p"", ""ATS2pe"", ""ATS2se"", ""ATS2v"", ""ATS3are"", ""ATS3d"", ""ATS3i"", ""ATS3p"", ""ATS3pe"", ""ATS3se"", ""ATS3v"", ""ATS4are"", ""ATS4d"", ""ATS4i"", ""ATS4p"", ""ATS4pe"", ""ATS4se"", ""ATS4v"", ""ATS5are"", ""ATS5d"", ""ATS5i"", ""ATS5p"", ""ATS5pe"", ""ATS5se"", ""ATS5v"", ""ATS6are"", ""ATS6d"", ""ATS6i"", ""ATS6p"", ""ATS6pe"", ""ATS6se"", ""ATS6v"", ""ATS7are"", ""ATS7d"", ""ATS7i"", ""ATS7p"", ""ATS7pe"", ""ATS7se"", ""ATS7v"", ""ATS8are"", ""ATS8d"", ""ATS8i"", ""ATS8p"", ""ATS8pe"", ""ATS8se"", ""ATS8v"", ""ATSC0v"", ""CIC0"", ""ETA_eta"", ""ETA_eta_L"", ""PPSA1"", ""Sare"", ""Si"", ""Spe"", ""Sse"", ""TIC2"", ""TIC3"", ""TIC4"", ""TIC5"", ""Vabc"", ""WPSA1"", ""nAtom"", ""nBonds"", ""nBondsKS"", ""nBondsS"", ""nH""]"
final,119,77,ATS3pe,ATS2se,ATS2se,algorithmic_medoid,False,False,20,0.03151832725922288,0.9684816727407771,0.887699434965287,0.9964391327644627,0.002325581395348837,858,427674.14173857344,"[""ATS0are"", ""ATS0i"", ""ATS0pe"", ""ATS0se"", ""ATS1are"", ""ATS1i"", ""ATS1pe"", ""ATS1se"", ""ATS2are"", ""ATS2d"", ""ATS2i"", ""ATS2p"", ""ATS2pe"", ""ATS2se"", ""ATS2v"", ""ATS3are"", ""ATS3d"", ""ATS3i"", ""ATS3p"", ""ATS3pe"", ""ATS3se"", ""ATS3v"", ""ATS4are"", ""ATS4d"", ""ATS4i"", ""ATS4p"", ""ATS4pe"", ""ATS4se"", ""ATS4v"", ""ATS5are"", ""ATS5d"", ""ATS5i"", ""ATS5p"", ""ATS5pe"", ""ATS5se"", ""ATS5v"", ""ATS6are"", ""ATS6d"", ""ATS6i"", ""ATS6p"", ""ATS6pe"", ""ATS6se"", ""ATS6v"", ""ATS7are"", ""ATS7d"", ""ATS7i"", ""ATS7p"", ""ATS7pe"", ""ATS7se"", ""ATS7v"", ""ATS8are"", ""ATS8d"", ""ATS8i"", ""ATS8p"", ""ATS8pe"", ""ATS8se"", ""ATS8v"", ""ATSC0v"", ""CIC0"", ""ETA_eta"", ""ETA_eta_L"", ""PPSA1"", ""Sare"", ""Si"", ""Spe"", ""Sse"", ""TIC2"", ""TIC3"", ""TIC4"", ""TIC5"", ""Vabc"", ""WPSA1"", ""nAtom"", ""nBonds"", ""nBondsKS"", ""nBondsS"", ""nH""]"
final,119,77,ATS1are,ATS2se,ATS2se,algorithmic_medoid,False,False,21,0.031973318697386954,0.968026681302613,0.9129488750523924,0.9980826551140389,0.004651162790697674,856,56288.418699384194,"[""ATS0are"", ""ATS0i"", ""ATS0pe"", ""ATS0se"", ""ATS1are"", ""ATS1i"", ""ATS1pe"", ""ATS1se"", ""ATS2are"", ""ATS2d"", ""ATS2i"", ""ATS2p"", ""ATS2pe"", ""ATS2se"", ""ATS2v"", ""ATS3are"", ""ATS3d"", ""ATS3i"", ""ATS3p"", ""ATS3pe"", ""ATS3se"", ""ATS3v"", ""ATS4are"", ""ATS4d"", ""ATS4i"", ""ATS4p"", ""ATS4pe"", ""ATS4se"", ""ATS4v"", ""ATS5are"", ""ATS5d"", ""ATS5i"", ""ATS5p"", ""ATS5pe"", ""ATS5se"", ""ATS5v"", ""ATS6are"", ""ATS6d"", ""ATS6i"", ""ATS6p"", ""ATS6pe"", ""ATS6se"", ""ATS6v"", ""ATS7are"", ""ATS7d"", ""ATS7i"", ""ATS7p"", ""ATS7pe"", ""ATS7se"", ""ATS7v"", ""ATS8are"", ""ATS8d"", ""ATS8i"", ""ATS8p"", ""ATS8pe"", ""ATS8se"", ""ATS8v"", ""ATSC0v"", ""CIC0"", ""ETA_eta"", ""ETA_eta_L"", ""PPSA1"", ""Sare"", ""Si"", ""Spe"", ""Sse"", ""TIC2"", ""TIC3"", ""TIC4"", ""TIC5"", ""Vabc"", ""WPSA1"", ""nAtom"", ""nBonds"", ""nBondsKS"", ""nBondsS"", ""nH""]"
final,119,77,ATS7se,ATS2se,ATS2se,algorithmic_medoid,False,False,22,0.03205084077517062,0.9679491592248294,0.8708293407125337,0.9977992238964338,0.0,860,1909921.3811655084,"[""ATS0are"", ""ATS0i"", ""ATS0pe"", ""ATS0se"", ""ATS1are"", ""ATS1i"", ""ATS1pe"", ""ATS1se"", ""ATS2are"", ""ATS2d"", ""ATS2i"", ""ATS2p"", ""ATS2pe"", ""ATS2se"", ""ATS2v"", ""ATS3are"", ""ATS3d"", ""ATS3i"", ""ATS3p"", ""ATS3pe"", ""ATS3se"", ""ATS3v"", ""ATS4are"", ""ATS4d"", ""ATS4i"", ""ATS4p"", ""ATS4pe"", ""ATS4se"", ""ATS4v"", ""ATS5are"", ""ATS5d"", ""ATS5i"", ""ATS5p"", ""ATS5pe"", ""ATS5se"", ""ATS5v"", ""ATS6are"", ""ATS6d"", ""ATS6i"", ""ATS6p"", ""ATS6pe"", ""ATS6se"", ""ATS6v"", ""ATS7are"", ""ATS7d"", ""ATS7i"", ""ATS7p"", ""ATS7pe"", ""ATS7se"", ""ATS7v"", ""ATS8are"", ""ATS8d"", ""ATS8i"", ""ATS8p"", ""ATS8pe"", ""ATS8se"", ""ATS8v"", ""ATSC0v"", ""CIC0"", ""ETA_eta"", ""ETA_eta_L"", ""PPSA1"", ""Sare"", ""Si"", ""Spe"", ""Sse"", ""TIC2"", ""TIC3"", ""TIC4"", ""TIC5"", ""Vabc"", ""WPSA1"", ""nAtom"", ""nBonds"", ""nBondsKS"", ""nBondsS"", ""nH""]"
final,119,77,ATS8se,ATS2se,ATS2se,algorithmic_medoid,False,False,23,0.03265181175791876,0.9673481882420812,0.8845881634209387,0.9980108584451075,0.0,860,2325521.2363879546,"[""ATS0are"", ""ATS0i"", ""ATS0pe"", ""ATS0se"", ""ATS1are"", ""ATS1i"", ""ATS1pe"", ""ATS1se"", ""ATS2are"", ""ATS2d"", ""ATS2i"", ""ATS2p"", ""ATS2pe"", ""ATS2se"", ""ATS2v"", ""ATS3are"", ""ATS3d"", ""ATS3i"", ""ATS3p"", ""ATS3pe"", ""ATS3se"", ""ATS3v"", ""ATS4are"", ""ATS4d"", ""ATS4i"", ""ATS4p"", ""ATS4pe"", ""ATS4se"", ""ATS4v"", ""ATS5are"", ""ATS5d"", ""ATS5i"", ""ATS5p"", ""ATS5pe"", ""ATS5se"", ""ATS5v"", ""ATS6are"", ""ATS6d"", ""ATS6i"", ""ATS6p"", ""ATS6pe"", ""ATS6se"", ""ATS6v"", ""ATS7are"", ""ATS7d"", ""ATS7i"", ""ATS7p"", ""ATS7pe"", ""ATS7se"", ""ATS7v"", ""ATS8are"", ""ATS8d"", ""ATS8i"", ""ATS8p"", ""ATS8pe"", ""ATS8se"", ""ATS8v"", ""ATSC0v"", ""CIC0"", ""ETA_eta"", ""ETA_eta_L"", ""PPSA1"", ""Sare"", ""Si"", ""Spe"", ""Sse"", ""TIC2"", ""TIC3"", ""TIC4"", ""TIC5"", ""Vabc"", ""WPSA1"", ""nAtom"", ""nBonds"", ""nBondsKS"", ""nBondsS"", ""nH""]"
final,119,77,ATS6se,ATS2se,ATS2se,algorithmic_medoid,False,False,24,0.03299383273714829,0.9670061672628517,0.8637654343069351,0.9976609754509302,0.0,860,1600848.7818404872,"[""ATS0are"", ""ATS0i"", ""ATS0pe"", ""ATS0se"", ""ATS1are"", ""ATS1i"", ""ATS1pe"", ""ATS1se"", ""ATS2are"", ""ATS2d"", ""ATS2i"", ""ATS2p"", ""ATS2pe"", ""ATS2se"", ""ATS2v"", ""ATS3are"", ""ATS3d"", ""ATS3i"", ""ATS3p"", ""ATS3pe"", ""ATS3se"", ""ATS3v"", ""ATS4are"", ""ATS4d"", ""ATS4i"", ""ATS4p"", ""ATS4pe"", ""ATS4se"", ""ATS4v"", ""ATS5are"", ""ATS5d"", ""ATS5i"", ""ATS5p"", ""ATS5pe"", ""ATS5se"", ""ATS5v"", ""ATS6are"", ""ATS6d"", ""ATS6i"", ""ATS6p"", ""ATS6pe"", ""ATS6se"", ""ATS6v"", ""ATS7are"", ""ATS7d"", ""ATS7i"", ""ATS7p"", ""ATS7pe"", ""ATS7se"", ""ATS7v"", ""ATS8are"", ""ATS8d"", ""ATS8i"", ""ATS8p"", ""ATS8pe"", ""ATS8se"", ""ATS8v"", ""ATSC0v"", ""CIC0"", ""ETA_eta"", ""ETA_eta_L"", ""PPSA1"", ""Sare"", ""Si"", ""Spe"", ""Sse"", ""TIC2"", ""TIC3"", ""TIC4"", ""TIC5"", ""Vabc"", ""WPSA1"", ""nAtom"", ""nBonds"", ""nBondsKS"", ""nBondsS"", ""nH""]"
final,119,77,ATS5se,ATS2se,ATS2se,algorithmic_medoid,False,False,25,0.03306741301763361,0.9669325869823664,0.8652153038283636,0.996963598958139,0.0,860,1313879.145590488,"[""ATS0are"", ""ATS0i"", ""ATS0pe"", ""ATS0se"", ""ATS1are"", ""ATS1i"", ""ATS1pe"", ""ATS1se"", ""ATS2are"", ""ATS2d"", ""ATS2i"", ""ATS2p"", ""ATS2pe"", ""ATS2se"", ""ATS2v"", ""ATS3are"", ""ATS3d"", ""ATS3i"", ""ATS3p"", ""ATS3pe"", ""ATS3se"", ""ATS3v"", ""ATS4are"", ""ATS4d"", ""ATS4i"", ""ATS4p"", ""ATS4pe"", ""ATS4se"", ""ATS4v"", ""ATS5are"", ""ATS5d"", ""ATS5i"", ""ATS5p"", ""ATS5pe"", ""ATS5se"", ""ATS5v"", ""ATS6are"", ""ATS6d"", ""ATS6i"", ""ATS6p"", ""ATS6pe"", ""ATS6se"", ""ATS6v"", ""ATS7are"", ""ATS7d"", ""ATS7i"", ""ATS7p"", ""ATS7pe"", ""ATS7se"", ""ATS7v"", ""ATS8are"", ""ATS8d"", ""ATS8i"", ""ATS8p"", ""ATS8pe"", ""ATS8se"", ""ATS8v"", ""ATSC0v"", ""CIC0"", ""ETA_eta"", ""ETA_eta_L"", ""PPSA1"", ""Sare"", ""Si"", ""Spe"", ""Sse"", ""TIC2"", ""TIC3"", ""TIC4"", ""TIC5"", ""Vabc"", ""WPSA1"", ""nAtom"", ""nBonds"", ""nBondsKS"", ""nBondsS"", ""nH""]"
final,119,77,TIC3,ATS2se,ATS2se,algorithmic_medoid,False,False,26,0.033264760141442196,0.9667352398585578,0.9053960010621953,0.9983722142020474,0.0,860,51733.32655266608,"[""ATS0are"", ""ATS0i"", ""ATS0pe"", ""ATS0se"", ""ATS1are"", ""ATS1i"", ""ATS1pe"", ""ATS1se"", ""ATS2are"", ""ATS2d"", ""ATS2i"", ""ATS2p"", ""ATS2pe"", ""ATS2se"", ""ATS2v"", ""ATS3are"", ""ATS3d"", ""ATS3i"", ""ATS3p"", ""ATS3pe"", ""ATS3se"", ""ATS3v"", ""ATS4are"", ""ATS4d"", ""ATS4i"", ""ATS4p"", ""ATS4pe"", ""ATS4se"", ""ATS4v"", ""ATS5are"", ""ATS5d"", ""ATS5i"", ""ATS5p"", ""ATS5pe"", ""ATS5se"", ""ATS5v"", ""ATS6are"", ""ATS6d"", ""ATS6i"", ""ATS6p"", ""ATS6pe"", ""ATS6se"", ""ATS6v"", ""ATS7are"", ""ATS7d"", ""ATS7i"", ""ATS7p"", ""ATS7pe"", ""ATS7se"", ""ATS7v"", ""ATS8are"", ""ATS8d"", ""ATS8i"", ""ATS8p"", ""ATS8pe"", ""ATS8se"", ""ATS8v"", ""ATSC0v"", ""CIC0"", ""ETA_eta"", ""ETA_eta_L"", ""PPSA1"", ""Sare"", ""Si"", ""Spe"", ""Sse"", ""TIC2"", ""TIC3"", ""TIC4"", ""TIC5"", ""Vabc"", ""WPSA1"", ""nAtom"", ""nBonds"", ""nBondsKS"", ""nBondsS"", ""nH""]"
final,119,77,ATS6d,ATS2se,ATS2se,algorithmic_medoid,False,False,27,0.03331417034871631,0.9666858296512837,0.8583791727414437,0.9951881681666012,0.0,860,193660.4592685235,"[""ATS0are"", ""ATS0i"", ""ATS0pe"", ""ATS0se"", ""ATS1are"", ""ATS1i"", ""ATS1pe"", ""ATS1se"", ""ATS2are"", ""ATS2d"", ""ATS2i"", ""ATS2p"", ""ATS2pe"", ""ATS2se"", ""ATS2v"", ""ATS3are"", ""ATS3d"", ""ATS3i"", ""ATS3p"", ""ATS3pe"", ""ATS3se"", ""ATS3v"", ""ATS4are"", ""ATS4d"", ""ATS4i"", ""ATS4p"", ""ATS4pe"", ""ATS4se"", ""ATS4v"", ""ATS5are"", ""ATS5d"", ""ATS5i"", ""ATS5p"", ""ATS5pe"", ""ATS5se"", ""ATS5v"", ""ATS6are"", ""ATS6d"", ""ATS6i"", ""ATS6p"", ""ATS6pe"", ""ATS6se"", ""ATS6v"", ""ATS7are"", ""ATS7d"", ""ATS7i"", ""ATS7p"", ""ATS7pe"", ""ATS7se"", ""ATS7v"", ""ATS8are"", ""ATS8d"", ""ATS8i"", ""ATS8p"", ""ATS8pe"", ""ATS8se"", ""ATS8v"", ""ATSC0v"", ""CIC0"", ""ETA_eta"", ""ETA_eta_L"", ""PPSA1"", ""Sare"", ""Si"", ""Spe"", ""Sse"", ""TIC2"", ""TIC3"", ""TIC4"", ""TIC5"", ""Vabc"", ""WPSA1"", ""nAtom"", ""nBonds"", ""nBondsKS"", ""nBondsS"", ""nH""]"
final,119,77,ATS4se,ATS2se,ATS2se,algorithmic_medoid,False,False,28,0.0334819099218322,0.9665180900781678,0.8719063443137574,0.9970893998820818,0.0,860,1048236.791459953,"[""ATS0are"", ""ATS0i"", ""ATS0pe"", ""ATS0se"", ""ATS1are"", ""ATS1i"", ""ATS1pe"", ""ATS1se"", ""ATS2are"", ""ATS2d"", ""ATS2i"", ""ATS2p"", ""ATS2pe"", ""ATS2se"", ""ATS2v"", ""ATS3are"", ""ATS3d"", ""ATS3i"", ""ATS3p"", ""ATS3pe"", ""ATS3se"", ""ATS3v"", ""ATS4are"", ""ATS4d"", ""ATS4i"", ""ATS4p"", ""ATS4pe"", ""ATS4se"", ""ATS4v"", ""ATS5are"", ""ATS5d"", ""ATS5i"", ""ATS5p"", ""ATS5pe"", ""ATS5se"", ""ATS5v"", ""ATS6are"", ""ATS6d"", ""ATS6i"", ""ATS6p"", ""ATS6pe"", ""ATS6se"", ""ATS6v"", ""ATS7are"", ""ATS7d"", ""ATS7i"", ""ATS7p"", ""ATS7pe"", ""ATS7se"", ""ATS7v"", ""ATS8are"", ""ATS8d"", ""ATS8i"", ""ATS8p"", ""ATS8pe"", ""ATS8se"", ""ATS8v"", ""ATSC0v"", ""CIC0"", ""ETA_eta"", ""ETA_eta_L"", ""PPSA1"", ""Sare"", ""Si"", ""Spe"", ""Sse"", ""TIC2"", ""TIC3"", ""TIC4"", ""TIC5"", ""Vabc"", ""WPSA1"", ""nAtom"", ""nBonds"", ""nBondsKS"", ""nBondsS"", ""nH""]"
final,119,77,ATS7pe,ATS2se,ATS2se,algorithmic_medoid,False,False,29,0.03362751605807246,0.9663724839419275,0.8701037266953818,0.9966840924704935,0.002325581395348837,858,1231986.9447194783,"[""ATS0are"", ""ATS0i"", ""ATS0pe"", ""ATS0se"", ""ATS1are"", ""ATS1i"", ""ATS1pe"", ""ATS1se"", ""ATS2are"", ""ATS2d"", ""ATS2i"", ""ATS2p"", ""ATS2pe"", ""ATS2se"", ""ATS2v"", ""ATS3are"", ""ATS3d"", ""ATS3i"", ""ATS3p"", ""ATS3pe"", ""ATS3se"", ""ATS3v"", ""ATS4are"", ""ATS4d"", ""ATS4i"", ""ATS4p"", ""ATS4pe"", ""ATS4se"", ""ATS4v"", ""ATS5are"", ""ATS5d"", ""ATS5i"", ""ATS5p"", ""ATS5pe"", ""ATS5se"", ""ATS5v"", ""ATS6are"", ""ATS6d"", ""ATS6i"", ""ATS6p"", ""ATS6pe"", ""ATS6se"", ""ATS6v"", ""ATS7are"", ""ATS7d"", ""ATS7i"", ""ATS7p"", ""ATS7pe"", ""ATS7se"", ""ATS7v"", ""ATS8are"", ""ATS8d"", ""ATS8i"", ""ATS8p"", ""ATS8pe"", ""ATS8se"", ""ATS8v"", ""ATSC0v"", ""CIC0"", ""ETA_eta"", ""ETA_eta_L"", ""PPSA1"", ""Sare"", ""Si"", ""Spe"", ""Sse"", ""TIC2"", ""TIC3"", ""TIC4"", ""TIC5"", ""Vabc"", ""WPSA1"", ""nAtom"", ""nBonds"", ""nBondsKS"", ""nBondsS"", ""nH""]"
final,119,77,ATS8i,ATS2se,ATS2se,algorithmic_medoid,False,False,30,0.034051439264653816,0.9659485607353462,0.8927380212680626,0.9980108584451075,0.0,860,1030314005.0463918,"[""ATS0are"", ""ATS0i"", ""ATS0pe"", ""ATS0se"", ""ATS1are"", ""ATS1i"", ""ATS1pe"", ""ATS1se"", ""ATS2are"", ""ATS2d"", ""ATS2i"", ""ATS2p"", ""ATS2pe"", ""ATS2se"", ""ATS2v"", ""ATS3are"", ""ATS3d"", ""ATS3i"", ""ATS3p"", ""ATS3pe"", ""ATS3se"", ""ATS3v"", ""ATS4are"", ""ATS4d"", ""ATS4i"", ""ATS4p"", ""ATS4pe"", ""ATS4se"", ""ATS4v"", ""ATS5are"", ""ATS5d"", ""ATS5i"", ""ATS5p"", ""ATS5pe"", ""ATS5se"", ""ATS5v"", ""ATS6are"", ""ATS6d"", ""ATS6i"", ""ATS6p"", ""ATS6pe"", ""ATS6se"", ""ATS6v"", ""ATS7are"", ""ATS7d"", ""ATS7i"", ""ATS7p"", ""ATS7pe"", ""ATS7se"", ""ATS7v"", ""ATS8are"", ""ATS8d"", ""ATS8i"", ""ATS8p"", ""ATS8pe"", ""ATS8se"", ""ATS8v"", ""ATSC0v"", ""CIC0"", ""ETA_eta"", ""ETA_eta_L"", ""PPSA1"", ""Sare"", ""Si"", ""Spe"", ""Sse"", ""TIC2"", ""TIC3"", ""TIC4"", ""TIC5"", ""Vabc"", ""WPSA1"", ""nAtom"", ""nBonds"", ""nBondsKS"", ""nBondsS"", ""nH""]"
final,119,77,ATS5pe,ATS2se,ATS2se,algorithmic_medoid,False,False,31,0.03422512159094038,0.9657748784090596,0.8631304978140238,0.9965063608548813,0.002325581395348837,858,847947.5330806336,"[""ATS0are"", ""ATS0i"", ""ATS0pe"", ""ATS0se"", ""ATS1are"", ""ATS1i"", ""ATS1pe"", ""ATS1se"", ""ATS2are"", ""ATS2d"", ""ATS2i"", ""ATS2p"", ""ATS2pe"", ""ATS2se"", ""ATS2v"", ""ATS3are"", ""ATS3d"", ""ATS3i"", ""ATS3p"", ""ATS3pe"", ""ATS3se"", ""ATS3v"", ""ATS4are"", ""ATS4d"", ""ATS4i"", ""ATS4p"", ""ATS4pe"", ""ATS4se"", ""ATS4v"", ""ATS5are"", ""ATS5d"", ""ATS5i"", ""ATS5p"", ""ATS5pe"", ""ATS5se"", ""ATS5v"", ""ATS6are"", ""ATS6d"", ""ATS6i"", ""ATS6p"", ""ATS6pe"", ""ATS6se"", ""ATS6v"", ""ATS7are"", ""ATS7d"", ""ATS7i"", ""ATS7p"", ""ATS7pe"", ""ATS7se"", ""ATS7v"", ""ATS8are"", ""ATS8d"", ""ATS8i"", ""ATS8p"", ""ATS8pe"", ""ATS8se"", ""ATS8v"", ""ATSC0v"", ""CIC0"", ""ETA_eta"", ""ETA_eta_L"", ""PPSA1"", ""Sare"", ""Si"", ""Spe"", ""Sse"", ""TIC2"", ""TIC3"", ""TIC4"", ""TIC5"", ""Vabc"", ""WPSA1"", ""nAtom"", ""nBonds"", ""nBondsKS"", ""nBondsS"", ""nH""]"
final,119,77,ATS4pe,ATS2se,ATS2se,algorithmic_medoid,False,False,32,0.03436605416203897,0.965633945837961,0.8698537528018168,0.9964613051957424,0.002325581395348837,858,674784.7386916613,"[""ATS0are"", ""ATS0i"", ""ATS0pe"", ""ATS0se"", ""ATS1are"", ""ATS1i"", ""ATS1pe"", ""ATS1se"", ""ATS2are"", ""ATS2d"", ""ATS2i"", ""ATS2p"", ""ATS2pe"", ""ATS2se"", ""ATS2v"", ""ATS3are"", ""ATS3d"", ""ATS3i"", ""ATS3p"", ""ATS3pe"", ""ATS3se"", ""ATS3v"", ""ATS4are"", ""ATS4d"", ""ATS4i"", ""ATS4p"", ""ATS4pe"", ""ATS4se"", ""ATS4v"", ""ATS5are"", ""ATS5d"", ""ATS5i"", ""ATS5p"", ""ATS5pe"", ""ATS5se"", ""ATS5v"", ""ATS6are"", ""ATS6d"", ""ATS6i"", ""ATS6p"", ""ATS6pe"", ""ATS6se"", ""ATS6v"", ""ATS7are"", ""ATS7d"", ""ATS7i"", ""ATS7p"", ""ATS7pe"", ""ATS7se"", ""ATS7v"", ""ATS8are"", ""ATS8d"", ""ATS8i"", ""ATS8p"", ""ATS8pe"", ""ATS8se"", ""ATS8v"", ""ATSC0v"", ""CIC0"", ""ETA_eta"", ""ETA_eta_L"", ""PPSA1"", ""Sare"", ""Si"", ""Spe"", ""Sse"", ""TIC2"", ""TIC3"", ""TIC4"", ""TIC5"", ""Vabc"", ""WPSA1"", ""nAtom"", ""nBonds"", ""nBondsKS"", ""nBondsS"", ""nH""]"
final,119,77,ATS7i,ATS2se,ATS2se,algorithmic_medoid,False,False,33,0.03441349788033754,0.9655865021196625,0.8784342290241357,0.9977992238964338,0.0,860,832123017.6718808,"[""ATS0are"", ""ATS0i"", ""ATS0pe"", ""ATS0se"", ""ATS1are"", ""ATS1i"", ""ATS1pe"", ""ATS1se"", ""ATS2are"", ""ATS2d"", ""ATS2i"", ""ATS2p"", ""ATS2pe"", ""ATS2se"", ""ATS2v"", ""ATS3are"", ""ATS3d"", ""ATS3i"", ""ATS3p"", ""ATS3pe"", ""ATS3se"", ""ATS3v"", ""ATS4are"", ""ATS4d"", ""ATS4i"", ""ATS4p"", ""ATS4pe"", ""ATS4se"", ""ATS4v"", ""ATS5are"", ""ATS5d"", ""ATS5i"", ""ATS5p"", ""ATS5pe"", ""ATS5se"", ""ATS5v"", ""ATS6are"", ""ATS6d"", ""ATS6i"", ""ATS6p"", ""ATS6pe"", ""ATS6se"", ""ATS6v"", ""ATS7are"", ""ATS7d"", ""ATS7i"", ""ATS7p"", ""ATS7pe"", ""ATS7se"", ""ATS7v"", ""ATS8are"", ""ATS8d"", ""ATS8i"", ""ATS8p"", ""ATS8pe"", ""ATS8se"", ""ATS8v"", ""ATSC0v"", ""CIC0"", ""ETA_eta"", ""ETA_eta_L"", ""PPSA1"", ""Sare"", ""Si"", ""Spe"", ""Sse"", ""TIC2"", ""TIC3"", ""TIC4"", ""TIC5"", ""Vabc"", ""WPSA1"", ""nAtom"", ""nBonds"", ""nBondsKS"", ""nBondsS"", ""nH""]"
final,119,77,ATS7d,ATS2se,ATS2se,algorithmic_medoid,False,False,34,0.034488052362511845,0.9655119476374882,0.870333878552059,0.9954065057242238,0.0,860,223750.08791779343,"[""ATS0are"", ""ATS0i"", ""ATS0pe"", ""ATS0se"", ""ATS1are"", ""ATS1i"", ""ATS1pe"", ""ATS1se"", ""ATS2are"", ""ATS2d"", ""ATS2i"", ""ATS2p"", ""ATS2pe"", ""ATS2se"", ""ATS2v"", ""ATS3are"", ""ATS3d"", ""ATS3i"", ""ATS3p"", ""ATS3pe"", ""ATS3se"", ""ATS3v"", ""ATS4are"", ""ATS4d"", ""ATS4i"", ""ATS4p"", ""ATS4pe"", ""ATS4se"", ""ATS4v"", ""ATS5are"", ""ATS5d"", ""ATS5i"", ""ATS5p"", ""ATS5pe"", ""ATS5se"", ""ATS5v"", ""ATS6are"", ""ATS6d"", ""ATS6i"", ""ATS6p"", ""ATS6pe"", ""ATS6se"", ""ATS6v"", ""ATS7are"", ""ATS7d"", ""ATS7i"", ""ATS7p"", ""ATS7pe"", ""ATS7se"", ""ATS7v"", ""ATS8are"", ""ATS8d"", ""ATS8i"", ""ATS8p"", ""ATS8pe"", ""ATS8se"", ""ATS8v"", ""ATSC0v"", ""CIC0"", ""ETA_eta"", ""ETA_eta_L"", ""PPSA1"", ""Sare"", ""Si"", ""Spe"", ""Sse"", ""TIC2"", ""TIC3"", ""TIC4"", ""TIC5"", ""Vabc"", ""WPSA1"", ""nAtom"", ""nBonds"", ""nBondsKS"", ""nBondsS"", ""nH""]"
final,119,77,ATS8pe,ATS2se,ATS2se,algorithmic_medoid,False,False,35,0.03457002481672056,0.9654299751832794,0.8835122558330828,0.9968902763136323,0.002325581395348837,858,1492241.9380657023,"[""ATS0are"", ""ATS0i"", ""ATS0pe"", ""ATS0se"", ""ATS1are"", ""ATS1i"", ""ATS1pe"", ""ATS1se"", ""ATS2are"", ""ATS2d"", ""ATS2i"", ""ATS2p"", ""ATS2pe"", ""ATS2se"", ""ATS2v"", ""ATS3are"", ""ATS3d"", ""ATS3i"", ""ATS3p"", ""ATS3pe"", ""ATS3se"", ""ATS3v"", ""ATS4are"", ""ATS4d"", ""ATS4i"", ""ATS4p"", ""ATS4pe"", ""ATS4se"", ""ATS4v"", ""ATS5are"", ""ATS5d"", ""ATS5i"", ""ATS5p"", ""ATS5pe"", ""ATS5se"", ""ATS5v"", ""ATS6are"", ""ATS6d"", ""ATS6i"", ""ATS6p"", ""ATS6pe"", ""ATS6se"", ""ATS6v"", ""ATS7are"", ""ATS7d"", ""ATS7i"", ""ATS7p"", ""ATS7pe"", ""ATS7se"", ""ATS7v"", ""ATS8are"", ""ATS8d"", ""ATS8i"", ""ATS8p"", ""ATS8pe"", ""ATS8se"", ""ATS8v"", ""ATSC0v"", ""CIC0"", ""ETA_eta"", ""ETA_eta_L"", ""PPSA1"", ""Sare"", ""Si"", ""Spe"", ""Sse"", ""TIC2"", ""TIC3"", ""TIC4"", ""TIC5"", ""Vabc"", ""WPSA1"", ""nAtom"", ""nBonds"", ""nBondsKS"", ""nBondsS"", ""nH""]"
final,119,77,ATS6pe,ATS2se,ATS2se,algorithmic_medoid,False,False,36,0.0347061027503458,0.9652938972496542,0.8619053680283517,0.9966109959473832,0.002325581395348837,858,1031754.0207299388,"[""ATS0are"", ""ATS0i"", ""ATS0pe"", ""ATS0se"", ""ATS1are"", ""ATS1i"", ""ATS1pe"", ""ATS1se"", ""ATS2are"", ""ATS2d"", ""ATS2i"", ""ATS2p"", ""ATS2pe"", ""ATS2se"", ""ATS2v"", ""ATS3are"", ""ATS3d"", ""ATS3i"", ""ATS3p"", ""ATS3pe"", ""ATS3se"", ""ATS3v"", ""ATS4are"", ""ATS4d"", ""ATS4i"", ""ATS4p"", ""ATS4pe"", ""ATS4se"", ""ATS4v"", ""ATS5are"", ""ATS5d"", ""ATS5i"", ""ATS5p"", ""ATS5pe"", ""ATS5se"", ""ATS5v"", ""ATS6are"", ""ATS6d"", ""ATS6i"", ""ATS6p"", ""ATS6pe"", ""ATS6se"", ""ATS6v"", ""ATS7are"", ""ATS7d"", ""ATS7i"", ""ATS7p"", ""ATS7pe"", ""ATS7se"", ""ATS7v"", ""ATS8are"", ""ATS8d"", ""ATS8i"", ""ATS8p"", ""ATS8pe"", ""ATS8se"", ""ATS8v"", ""ATSC0v"", ""CIC0"", ""ETA_eta"", ""ETA_eta_L"", ""PPSA1"", ""Sare"", ""Si"", ""Spe"", ""Sse"", ""TIC2"", ""TIC3"", ""TIC4"", ""TIC5"", ""Vabc"", ""WPSA1"", ""nAtom"", ""nBonds"", ""nBondsKS"", ""nBondsS"", ""nH""]"
final,119,77,ATS3are,ATS2se,ATS2se,algorithmic_medoid,False,False,37,0.0347423432224947,0.9652576567775053,0.8897441326575279,0.9964391327644627,0.004651162790697674,856,416326.28084663383,"[""ATS0are"", ""ATS0i"", ""ATS0pe"", ""ATS0se"", ""ATS1are"", ""ATS1i"", ""ATS1pe"", ""ATS1se"", ""ATS2are"", ""ATS2d"", ""ATS2i"", ""ATS2p"", ""ATS2pe"", ""ATS2se"", ""ATS2v"", ""ATS3are"", ""ATS3d"", ""ATS3i"", ""ATS3p"", ""ATS3pe"", ""ATS3se"", ""ATS3v"", ""ATS4are"", ""ATS4d"", ""ATS4i"", ""ATS4p"", ""ATS4pe"", ""ATS4se"", ""ATS4v"", ""ATS5are"", ""ATS5d"", ""ATS5i"", ""ATS5p"", ""ATS5pe"", ""ATS5se"", ""ATS5v"", ""ATS6are"", ""ATS6d"", ""ATS6i"", ""ATS6p"", ""ATS6pe"", ""ATS6se"", ""ATS6v"", ""ATS7are"", ""ATS7d"", ""ATS7i"", ""ATS7p"", ""ATS7pe"", ""ATS7se"", ""ATS7v"", ""ATS8are"", ""ATS8d"", ""ATS8i"", ""ATS8p"", ""ATS8pe"", ""ATS8se"", ""ATS8v"", ""ATSC0v"", ""CIC0"", ""ETA_eta"", ""ETA_eta_L"", ""PPSA1"", ""Sare"", ""Si"", ""Spe"", ""Sse"", ""TIC2"", ""TIC3"", ""TIC4"", ""TIC5"", ""Vabc"", ""WPSA1"", ""nAtom"", ""nBonds"", ""nBondsKS"", ""nBondsS"", ""nH""]"
final,119,77,ATS2v,ATS2se,ATS2se,algorithmic_medoid,False,False,38,0.03484908471860193,0.9651509152813981,0.8770680054894904,0.9928640486975447,0.0,860,204145176.9452438,"[""ATS0are"", ""ATS0i"", ""ATS0pe"", ""ATS0se"", ""ATS1are"", ""ATS1i"", ""ATS1pe"", ""ATS1se"", ""ATS2are"", ""ATS2d"", ""ATS2i"", ""ATS2p"", ""ATS2pe"", ""ATS2se"", ""ATS2v"", ""ATS3are"", ""ATS3d"", ""ATS3i"", ""ATS3p"", ""ATS3pe"", ""ATS3se"", ""ATS3v"", ""ATS4are"", ""ATS4d"", ""ATS4i"", ""ATS4p"", ""ATS4pe"", ""ATS4se"", ""ATS4v"", ""ATS5are"", ""ATS5d"", ""ATS5i"", ""ATS5p"", ""ATS5pe"", ""ATS5se"", ""ATS5v"", ""ATS6are"", ""ATS6d"", ""ATS6i"", ""ATS6p"", ""ATS6pe"", ""ATS6se"", ""ATS6v"", ""ATS7are"", ""ATS7d"", ""ATS7i"", ""ATS7p"", ""ATS7pe"", ""ATS7se"", ""ATS7v"", ""ATS8are"", ""ATS8d"", ""ATS8i"", ""ATS8p"", ""ATS8pe"", ""ATS8se"", ""ATS8v"", ""ATSC0v"", ""CIC0"", ""ETA_eta"", ""ETA_eta_L"", ""PPSA1"", ""Sare"", ""Si"", ""Spe"", ""Sse"", ""TIC2"", ""TIC3"", ""TIC4"", ""TIC5"", ""Vabc"", ""WPSA1"", ""nAtom"", ""nBonds"", ""nBondsKS"", ""nBondsS"", ""nH""]"
final,119,77,ATS5d,ATS2se,ATS2se,algorithmic_medoid,False,False,39,0.035222043411538784,0.9647779565884612,0.8481639900996164,0.9969838271473264,0.0,860,161734.90294618715,"[""ATS0are"", ""ATS0i"", ""ATS0pe"", ""ATS0se"", ""ATS1are"", ""ATS1i"", ""ATS1pe"", ""ATS1se"", ""ATS2are"", ""ATS2d"", ""ATS2i"", ""ATS2p"", ""ATS2pe"", ""ATS2se"", ""ATS2v"", ""ATS3are"", ""ATS3d"", ""ATS3i"", ""ATS3p"", ""ATS3pe"", ""ATS3se"", ""ATS3v"", ""ATS4are"", ""ATS4d"", ""ATS4i"", ""ATS4p"", ""ATS4pe"", ""ATS4se"", ""ATS4v"", ""ATS5are"", ""ATS5d"", ""ATS5i"", ""ATS5p"", ""ATS5pe"", ""ATS5se"", ""ATS5v"", ""ATS6are"", ""ATS6d"", ""ATS6i"", ""ATS6p"", ""ATS6pe"", ""ATS6se"", ""ATS6v"", ""ATS7are"", ""ATS7d"", ""ATS7i"", ""ATS7p"", ""ATS7pe"", ""ATS7se"", ""ATS7v"", ""ATS8are"", ""ATS8d"", ""ATS8i"", ""ATS8p"", ""ATS8pe"", ""ATS8se"", ""ATS8v"", ""ATSC0v"", ""CIC0"", ""ETA_eta"", ""ETA_eta_L"", ""PPSA1"", ""Sare"", ""Si"", ""Spe"", ""Sse"", ""TIC2"", ""TIC3"", ""TIC4"", ""TIC5"", ""Vabc"", ""WPSA1"", ""nAtom"", ""nBonds"", ""nBondsKS"", ""nBondsS"", ""nH""]"
final,119,77,ATS0pe,ATS2se,ATS2se,algorithmic_medoid,False,False,40,0.03559564277379712,0.9644043572262029,0.8932246931177258,0.996392370981268,0.002325581395348837,858,50788.63116655535,"[""ATS0are"", ""ATS0i"", ""ATS0pe"", ""ATS0se"", ""ATS1are"", ""ATS1i"", ""ATS1pe"", ""ATS1se"", ""ATS2are"", ""ATS2d"", ""ATS2i"", ""ATS2p"", ""ATS2pe"", ""ATS2se"", ""ATS2v"", ""ATS3are"", ""ATS3d"", ""ATS3i"", ""ATS3p"", ""ATS3pe"", ""ATS3se"", ""ATS3v"", ""ATS4are"", ""ATS4d"", ""ATS4i"", ""ATS4p"", ""ATS4pe"", ""ATS4se"", ""ATS4v"", ""ATS5are"", ""ATS5d"", ""ATS5i"", ""ATS5p"", ""ATS5pe"", ""ATS5se"", ""ATS5v"", ""ATS6are"", ""ATS6d"", ""ATS6i"", ""ATS6p"", ""ATS6pe"", ""ATS6se"", ""ATS6v"", ""ATS7are"", ""ATS7d"", ""ATS7i"", ""ATS7p"", ""ATS7pe"", ""ATS7se"", ""ATS7v"", ""ATS8are"", ""ATS8d"", ""ATS8i"", ""ATS8p"", ""ATS8pe"", ""ATS8se"", ""ATS8v"", ""ATSC0v"", ""CIC0"", ""ETA_eta"", ""ETA_eta_L"", ""PPSA1"", ""Sare"", ""Si"", ""Spe"", ""Sse"", ""TIC2"", ""TIC3"", ""TIC4"", ""TIC5"", ""Vabc"", ""WPSA1"", ""nAtom"", ""nBonds"", ""nBondsKS"", ""nBondsS"", ""nH""]"
final,119,77,ATS3v,ATS2se,ATS2se,algorithmic_medoid,False,False,41,0.03567805359585674,0.9643219464041433,0.8569690810193793,0.9955321804539703,0.0,860,348546344.1308557,"[""ATS0are"", ""ATS0i"", ""ATS0pe"", ""ATS0se"", ""ATS1are"", ""ATS1i"", ""ATS1pe"", ""ATS1se"", ""ATS2are"", ""ATS2d"", ""ATS2i"", ""ATS2p"", ""ATS2pe"", ""ATS2se"", ""ATS2v"", ""ATS3are"", ""ATS3d"", ""ATS3i"", ""ATS3p"", ""ATS3pe"", ""ATS3se"", ""ATS3v"", ""ATS4are"", ""ATS4d"", ""ATS4i"", ""ATS4p"", ""ATS4pe"", ""ATS4se"", ""ATS4v"", ""ATS5are"", ""ATS5d"", ""ATS5i"", ""ATS5p"", ""ATS5pe"", ""ATS5se"", ""ATS5v"", ""ATS6are"", ""ATS6d"", ""ATS6i"", ""ATS6p"", ""ATS6pe"", ""ATS6se"", ""ATS6v"", ""ATS7are"", ""ATS7d"", ""ATS7i"", ""ATS7p"", ""ATS7pe"", ""ATS7se"", ""ATS7v"", ""ATS8are"", ""ATS8d"", ""ATS8i"", ""ATS8p"", ""ATS8pe"", ""ATS8se"", ""ATS8v"", ""ATSC0v"", ""CIC0"", ""ETA_eta"", ""ETA_eta_L"", ""PPSA1"", ""Sare"", ""Si"", ""Spe"", ""Sse"", ""TIC2"", ""TIC3"", ""TIC4"", ""TIC5"", ""Vabc"", ""WPSA1"", ""nAtom"", ""nBonds"", ""nBondsKS"", ""nBondsS"", ""nH""]"
final,119,77,ATS6i,ATS2se,ATS2se,algorithmic_medoid,False,False,42,0.0359552614655797,0.9640447385344203,0.873494881845173,0.9976609754509302,0.0,860,697281246.3339108,"[""ATS0are"", ""ATS0i"", ""ATS0pe"", ""ATS0se"", ""ATS1are"", ""ATS1i"", ""ATS1pe"", ""ATS1se"", ""ATS2are"", ""ATS2d"", ""ATS2i"", ""ATS2p"", ""ATS2pe"", ""ATS2se"", ""ATS2v"", ""ATS3are"", ""ATS3d"", ""ATS3i"", ""ATS3p"", ""ATS3pe"", ""ATS3se"", ""ATS3v"", ""ATS4are"", ""ATS4d"", ""ATS4i"", ""ATS4p"", ""ATS4pe"", ""ATS4se"", ""ATS4v"", ""ATS5are"", ""ATS5d"", ""ATS5i"", ""ATS5p"", ""ATS5pe"", ""ATS5se"", ""ATS5v"", ""ATS6are"", ""ATS6d"", ""ATS6i"", ""ATS6p"", ""ATS6pe"", ""ATS6se"", ""ATS6v"", ""ATS7are"", ""ATS7d"", ""ATS7i"", ""ATS7p"", ""ATS7pe"", ""ATS7se"", ""ATS7v"", ""ATS8are"", ""ATS8d"", ""ATS8i"", ""ATS8p"", ""ATS8pe"", ""ATS8se"", ""ATS8v"", ""ATSC0v"", ""CIC0"", ""ETA_eta"", ""ETA_eta_L"", ""PPSA1"", ""Sare"", ""Si"", ""Spe"", ""Sse"", ""TIC2"", ""TIC3"", ""TIC4"", ""TIC5"", ""Vabc"", ""WPSA1"", ""nAtom"", ""nBonds"", ""nBondsKS"", ""nBondsS"", ""nH""]"
final,119,77,ATS4d,ATS2se,ATS2se,algorithmic_medoid,False,False,43,0.036293594251559425,0.9637064057484406,0.8454047917124315,0.9969838271473264,0.0,860,134616.16690643592,"[""ATS0are"", ""ATS0i"", ""ATS0pe"", ""ATS0se"", ""ATS1are"", ""ATS1i"", ""ATS1pe"", ""ATS1se"", ""ATS2are"", ""ATS2d"", ""ATS2i"", ""ATS2p"", ""ATS2pe"", ""ATS2se"", ""ATS2v"", ""ATS3are"", ""ATS3d"", ""ATS3i"", ""ATS3p"", ""ATS3pe"", ""ATS3se"", ""ATS3v"", ""ATS4are"", ""ATS4d"", ""ATS4i"", ""ATS4p"", ""ATS4pe"", ""ATS4se"", ""ATS4v"", ""ATS5are"", ""ATS5d"", ""ATS5i"", ""ATS5p"", ""ATS5pe"", ""ATS5se"", ""ATS5v"", ""ATS6are"", ""ATS6d"", ""ATS6i"", ""ATS6p"", ""ATS6pe"", ""ATS6se"", ""ATS6v"", ""ATS7are"", ""ATS7d"", ""ATS7i"", ""ATS7p"", ""ATS7pe"", ""ATS7se"", ""ATS7v"", ""ATS8are"", ""ATS8d"", ""ATS8i"", ""ATS8p"", ""ATS8pe"", ""ATS8se"", ""ATS8v"", ""ATSC0v"", ""CIC0"", ""ETA_eta"", ""ETA_eta_L"", ""PPSA1"", ""Sare"", ""Si"", ""Spe"", ""Sse"", ""TIC2"", ""TIC3"", ""TIC4"", ""TIC5"", ""Vabc"", ""WPSA1"", ""nAtom"", ""nBonds"", ""nBondsKS"", ""nBondsS"", ""nH""]"
final,119,77,ATS7are,ATS2se,ATS2se,algorithmic_medoid,False,False,44,0.03655131256411526,0.9634486874358847,0.8716820374132143,0.9966840924704935,0.004651162790697674,856,1205642.4315787225,"[""ATS0are"", ""ATS0i"", ""ATS0pe"", ""ATS0se"", ""ATS1are"", ""ATS1i"", ""ATS1pe"", ""ATS1se"", ""ATS2are"", ""ATS2d"", ""ATS2i"", ""ATS2p"", ""ATS2pe"", ""ATS2se"", ""ATS2v"", ""ATS3are"", ""ATS3d"", ""ATS3i"", ""ATS3p"", ""ATS3pe"", ""ATS3se"", ""ATS3v"", ""ATS4are"", ""ATS4d"", ""ATS4i"", ""ATS4p"", ""ATS4pe"", ""ATS4se"", ""ATS4v"", ""ATS5are"", ""ATS5d"", ""ATS5i"", ""ATS5p"", ""ATS5pe"", ""ATS5se"", ""ATS5v"", ""ATS6are"", ""ATS6d"", ""ATS6i"", ""ATS6p"", ""ATS6pe"", ""ATS6se"", ""ATS6v"", ""ATS7are"", ""ATS7d"", ""ATS7i"", ""ATS7p"", ""ATS7pe"", ""ATS7se"", ""ATS7v"", ""ATS8are"", ""ATS8d"", ""ATS8i"", ""ATS8p"", ""ATS8pe"", ""ATS8se"", ""ATS8v"", ""ATSC0v"", ""CIC0"", ""ETA_eta"", ""ETA_eta_L"", ""PPSA1"", ""Sare"", ""Si"", ""Spe"", ""Sse"", ""TIC2"", ""TIC3"", ""TIC4"", ""TIC5"", ""Vabc"", ""WPSA1"", ""nAtom"", ""nBonds"", ""nBondsKS"", ""nBondsS"", ""nH""]"
final,119,77,ATS8d,ATS2se,ATS2se,algorithmic_medoid,False,False,45,0.03697645137543215,0.9630235486245678,0.8839887329432217,0.9966714909303205,0.0,860,243918.2610316387,"[""ATS0are"", ""ATS0i"", ""ATS0pe"", ""ATS0se"", ""ATS1are"", ""ATS1i"", ""ATS1pe"", ""ATS1se"", ""ATS2are"", ""ATS2d"", ""ATS2i"", ""ATS2p"", ""ATS2pe"", ""ATS2se"", ""ATS2v"", ""ATS3are"", ""ATS3d"", ""ATS3i"", ""ATS3p"", ""ATS3pe"", ""ATS3se"", ""ATS3v"", ""ATS4are"", ""ATS4d"", ""ATS4i"", ""ATS4p"", ""ATS4pe"", ""ATS4se"", ""ATS4v"", ""ATS5are"", ""ATS5d"", ""ATS5i"", ""ATS5p"", ""ATS5pe"", ""ATS5se"", ""ATS5v"", ""ATS6are"", ""ATS6d"", ""ATS6i"", ""ATS6p"", ""ATS6pe"", ""ATS6se"", ""ATS6v"", ""ATS7are"", ""ATS7d"", ""ATS7i"", ""ATS7p"", ""ATS7pe"", ""ATS7se"", ""ATS7v"", ""ATS8are"", ""ATS8d"", ""ATS8i"", ""ATS8p"", ""ATS8pe"", ""ATS8se"", ""ATS8v"", ""ATSC0v"", ""CIC0"", ""ETA_eta"", ""ETA_eta_L"", ""PPSA1"", ""Sare"", ""Si"", ""Spe"", ""Sse"", ""TIC2"", ""TIC3"", ""TIC4"", ""TIC5"", ""Vabc"", ""WPSA1"", ""nAtom"", ""nBonds"", ""nBondsKS"", ""nBondsS"", ""nH""]"
final,119,77,ATS3i,ATS2se,ATS2se,algorithmic_medoid,False,False,46,0.03728143451377186,0.9627185654862281,0.904026311129394,0.9967092215309682,0.0,860,273637111.8604296,"[""ATS0are"", ""ATS0i"", ""ATS0pe"", ""ATS0se"", ""ATS1are"", ""ATS1i"", ""ATS1pe"", ""ATS1se"", ""ATS2are"", ""ATS2d"", ""ATS2i"", ""ATS2p"", ""ATS2pe"", ""ATS2se"", ""ATS2v"", ""ATS3are"", ""ATS3d"", ""ATS3i"", ""ATS3p"", ""ATS3pe"", ""ATS3se"", ""ATS3v"", ""ATS4are"", ""ATS4d"", ""ATS4i"", ""ATS4p"", ""ATS4pe"", ""ATS4se"", ""ATS4v"", ""ATS5are"", ""ATS5d"", ""ATS5i"", ""ATS5p"", ""ATS5pe"", ""ATS5se"", ""ATS5v"", ""ATS6are"", ""ATS6d"", ""ATS6i"", ""ATS6p"", ""ATS6pe"", ""ATS6se"", ""ATS6v"", ""ATS7are"", ""ATS7d"", ""ATS7i"", ""ATS7p"", ""ATS7pe"", ""ATS7se"", ""ATS7v"", ""ATS8are"", ""ATS8d"", ""ATS8i"", ""ATS8p"", ""ATS8pe"", ""ATS8se"", ""ATS8v"", ""ATSC0v"", ""CIC0"", ""ETA_eta"", ""ETA_eta_L"", ""PPSA1"", ""Sare"", ""Si"", ""Spe"", ""Sse"", ""TIC2"", ""TIC3"", ""TIC4"", ""TIC5"", ""Vabc"", ""WPSA1"", ""nAtom"", ""nBonds"", ""nBondsKS"", ""nBondsS"", ""nH""]"
final,119,77,ATS2d,ATS2se,ATS2se,algorithmic_medoid,False,False,47,0.03732811575542738,0.9626718842445726,0.8556290987863088,0.9959536271841698,0.0,860,62097.053131422384,"[""ATS0are"", ""ATS0i"", ""ATS0pe"", ""ATS0se"", ""ATS1are"", ""ATS1i"", ""ATS1pe"", ""ATS1se"", ""ATS2are"", ""ATS2d"", ""ATS2i"", ""ATS2p"", ""ATS2pe"", ""ATS2se"", ""ATS2v"", ""ATS3are"", ""ATS3d"", ""ATS3i"", ""ATS3p"", ""ATS3pe"", ""ATS3se"", ""ATS3v"", ""ATS4are"", ""ATS4d"", ""ATS4i"", ""ATS4p"", ""ATS4pe"", ""ATS4se"", ""ATS4v"", ""ATS5are"", ""ATS5d"", ""ATS5i"", ""ATS5p"", ""ATS5pe"", ""ATS5se"", ""ATS5v"", ""ATS6are"", ""ATS6d"", ""ATS6i"", ""ATS6p"", ""ATS6pe"", ""ATS6se"", ""ATS6v"", ""ATS7are"", ""ATS7d"", ""ATS7i"", ""ATS7p"", ""ATS7pe"", ""ATS7se"", ""ATS7v"", ""ATS8are"", ""ATS8d"", ""ATS8i"", ""ATS8p"", ""ATS8pe"", ""ATS8se"", ""ATS8v"", ""ATSC0v"", ""CIC0"", ""ETA_eta"", ""ETA_eta_L"", ""PPSA1"", ""Sare"", ""Si"", ""Spe"", ""Sse"", ""TIC2"", ""TIC3"", ""TIC4"", ""TIC5"", ""Vabc"", ""WPSA1"", ""nAtom"", ""nBonds"", ""nBondsKS"", ""nBondsS"", ""nH""]"
final,119,77,ATS5i,ATS2se,ATS2se,algorithmic_medoid,False,False,48,0.037341260279900035,0.9626587397201,0.8757864725786589,0.996963598958139,0.0,860,569983229.9049678,"[""ATS0are"", ""ATS0i"", ""ATS0pe"", ""ATS0se"", ""ATS1are"", ""ATS1i"", ""ATS1pe"", ""ATS1se"", ""ATS2are"", ""ATS2d"", ""ATS2i"", ""ATS2p"", ""ATS2pe"", ""ATS2se"", ""ATS2v"", ""ATS3are"", ""ATS3d"", ""ATS3i"", ""ATS3p"", ""ATS3pe"", ""ATS3se"", ""ATS3v"", ""ATS4are"", ""ATS4d"", ""ATS4i"", ""ATS4p"", ""ATS4pe"", ""ATS4se"", ""ATS4v"", ""ATS5are"", ""ATS5d"", ""ATS5i"", ""ATS5p"", ""ATS5pe"", ""ATS5se"", ""ATS5v"", ""ATS6are"", ""ATS6d"", ""ATS6i"", ""ATS6p"", ""ATS6pe"", ""ATS6se"", ""ATS6v"", ""ATS7are"", ""ATS7d"", ""ATS7i"", ""ATS7p"", ""ATS7pe"", ""ATS7se"", ""ATS7v"", ""ATS8are"", ""ATS8d"", ""ATS8i"", ""ATS8p"", ""ATS8pe"", ""ATS8se"", ""ATS8v"", ""ATSC0v"", ""CIC0"", ""ETA_eta"", ""ETA_eta_L"", ""PPSA1"", ""Sare"", ""Si"", ""Spe"", ""Sse"", ""TIC2"", ""TIC3"", ""TIC4"", ""TIC5"", ""Vabc"", ""WPSA1"", ""nAtom"", ""nBonds"", ""nBondsKS"", ""nBondsS"", ""nH""]"
final,119,77,ATS8are,ATS2se,ATS2se,algorithmic_medoid,False,False,49,0.03735277056080122,0.9626472294391988,0.8849877416952006,0.9968902763136323,0.004651162790697674,856,1465017.459992941,"[""ATS0are"", ""ATS0i"", ""ATS0pe"", ""ATS0se"", ""ATS1are"", ""ATS1i"", ""ATS1pe"", ""ATS1se"", ""ATS2are"", ""ATS2d"", ""ATS2i"", ""ATS2p"", ""ATS2pe"", ""ATS2se"", ""ATS2v"", ""ATS3are"", ""ATS3d"", ""ATS3i"", ""ATS3p"", ""ATS3pe"", ""ATS3se"", ""ATS3v"", ""ATS4are"", ""ATS4d"", ""ATS4i"", ""ATS4p"", ""ATS4pe"", ""ATS4se"", ""ATS4v"", ""ATS5are"", ""ATS5d"", ""ATS5i"", ""ATS5p"", ""ATS5pe"", ""ATS5se"", ""ATS5v"", ""ATS6are"", ""ATS6d"", ""ATS6i"", ""ATS6p"", ""ATS6pe"", ""ATS6se"", ""ATS6v"", ""ATS7are"", ""ATS7d"", ""ATS7i"", ""ATS7p"", ""ATS7pe"", ""ATS7se"", ""ATS7v"", ""ATS8are"", ""ATS8d"", ""ATS8i"", ""ATS8p"", ""ATS8pe"", ""ATS8se"", ""ATS8v"", ""ATSC0v"", ""CIC0"", ""ETA_eta"", ""ETA_eta_L"", ""PPSA1"", ""Sare"", ""Si"", ""Spe"", ""Sse"", ""TIC2"", ""TIC3"", ""TIC4"", ""TIC5"", ""Vabc"", ""WPSA1"", ""nAtom"", ""nBonds"", ""nBondsKS"", ""nBondsS"", ""nH""]"
final,119,77,ATS5are,ATS2se,ATS2se,algorithmic_medoid,False,False,50,0.03739543703839188,0.9626045629616081,0.8645170658664282,0.9965063608548813,0.004651162790697674,856,830458.5596230997,"[""ATS0are"", ""ATS0i"", ""ATS0pe"", ""ATS0se"", ""ATS1are"", ""ATS1i"", ""ATS1pe"", ""ATS1se"", ""ATS2are"", ""ATS2d"", ""ATS2i"", ""ATS2p"", ""ATS2pe"", ""ATS2se"", ""ATS2v"", ""ATS3are"", ""ATS3d"", ""ATS3i"", ""ATS3p"", ""ATS3pe"", ""ATS3se"", ""ATS3v"", ""ATS4are"", ""ATS4d"", ""ATS4i"", ""ATS4p"", ""ATS4pe"", ""ATS4se"", ""ATS4v"", ""ATS5are"", ""ATS5d"", ""ATS5i"", ""ATS5p"", ""ATS5pe"", ""ATS5se"", ""ATS5v"", ""ATS6are"", ""ATS6d"", ""ATS6i"", ""ATS6p"", ""ATS6pe"", ""ATS6se"", ""ATS6v"", ""ATS7are"", ""ATS7d"", ""ATS7i"", ""ATS7p"", ""ATS7pe"", ""ATS7se"", ""ATS7v"", ""ATS8are"", ""ATS8d"", ""ATS8i"", ""ATS8p"", ""ATS8pe"", ""ATS8se"", ""ATS8v"", ""ATSC0v"", ""CIC0"", ""ETA_eta"", ""ETA_eta_L"", ""PPSA1"", ""Sare"", ""Si"", ""Spe"", ""Sse"", ""TIC2"", ""TIC3"", ""TIC4"", ""TIC5"", ""Vabc"", ""WPSA1"", ""nAtom"", ""nBonds"", ""nBondsKS"", ""nBondsS"", ""nH""]"
final,119,77,ATS4i,ATS2se,ATS2se,algorithmic_medoid,False,False,51,0.03770607466811604,0.962293925331884,0.8845939896836345,0.9970893998820818,0.0,860,456652520.2222165,"[""ATS0are"", ""ATS0i"", ""ATS0pe"", ""ATS0se"", ""ATS1are"", ""ATS1i"", ""ATS1pe"", ""ATS1se"", ""ATS2are"", ""ATS2d"", ""ATS2i"", ""ATS2p"", ""ATS2pe"", ""ATS2se"", ""ATS2v"", ""ATS3are"", ""ATS3d"", ""ATS3i"", ""ATS3p"", ""ATS3pe"", ""ATS3se"", ""ATS3v"", ""ATS4are"", ""ATS4d"", ""ATS4i"", ""ATS4p"", ""ATS4pe"", ""ATS4se"", ""ATS4v"", ""ATS5are"", ""ATS5d"", ""ATS5i"", ""ATS5p"", ""ATS5pe"", ""ATS5se"", ""ATS5v"", ""ATS6are"", ""ATS6d"", ""ATS6i"", ""ATS6p"", ""ATS6pe"", ""ATS6se"", ""ATS6v"", ""ATS7are"", ""ATS7d"", ""ATS7i"", ""ATS7p"", ""ATS7pe"", ""ATS7se"", ""ATS7v"", ""ATS8are"", ""ATS8d"", ""ATS8i"", ""ATS8p"", ""ATS8pe"", ""ATS8se"", ""ATS8v"", ""ATSC0v"", ""CIC0"", ""ETA_eta"", ""ETA_eta_L"", ""PPSA1"", ""Sare"", ""Si"", ""Spe"", ""Sse"", ""TIC2"", ""TIC3"", ""TIC4"", ""TIC5"", ""Vabc"", ""WPSA1"", ""nAtom"", ""nBonds"", ""nBondsKS"", ""nBondsS"", ""nH""]"
final,119,77,ATS4are,ATS2se,ATS2se,algorithmic_medoid,False,False,52,0.03770677784150245,0.9622932221584976,0.871387277825203,0.9964613051957424,0.004651162790697674,856,659720.3384063033,"[""ATS0are"", ""ATS0i"", ""ATS0pe"", ""ATS0se"", ""ATS1are"", ""ATS1i"", ""ATS1pe"", ""ATS1se"", ""ATS2are"", ""ATS2d"", ""ATS2i"", ""ATS2p"", ""ATS2pe"", ""ATS2se"", ""ATS2v"", ""ATS3are"", ""ATS3d"", ""ATS3i"", ""ATS3p"", ""ATS3pe"", ""ATS3se"", ""ATS3v"", ""ATS4are"", ""ATS4d"", ""ATS4i"", ""ATS4p"", ""ATS4pe"", ""ATS4se"", ""ATS4v"", ""ATS5are"", ""ATS5d"", ""ATS5i"", ""ATS5p"", ""ATS5pe"", ""ATS5se"", ""ATS5v"", ""ATS6are"", ""ATS6d"", ""ATS6i"", ""ATS6p"", ""ATS6pe"", ""ATS6se"", ""ATS6v"", ""ATS7are"", ""ATS7d"", ""ATS7i"", ""ATS7p"", ""ATS7pe"", ""ATS7se"", ""ATS7v"", ""ATS8are"", ""ATS8d"", ""ATS8i"", ""ATS8p"", ""ATS8pe"", ""ATS8se"", ""ATS8v"", ""ATSC0v"", ""CIC0"", ""ETA_eta"", ""ETA_eta_L"", ""PPSA1"", ""Sare"", ""Si"", ""Spe"", ""Sse"", ""TIC2"", ""TIC3"", ""TIC4"", ""TIC5"", ""Vabc"", ""WPSA1"", ""nAtom"", ""nBonds"", ""nBondsKS"", ""nBondsS"", ""nH""]"
final,119,77,ATS6are,ATS2se,ATS2se,algorithmic_medoid,False,False,53,0.03774105032444419,0.9622589496755558,0.8634413812448749,0.9966109959473832,0.004651162790697674,856,1010945.3215298922,"[""ATS0are"", ""ATS0i"", ""ATS0pe"", ""ATS0se"", ""ATS1are"", ""ATS1i"", ""ATS1pe"", ""ATS1se"", ""ATS2are"", ""ATS2d"", ""ATS2i"", ""ATS2p"", ""ATS2pe"", ""ATS2se"", ""ATS2v"", ""ATS3are"", ""ATS3d"", ""ATS3i"", ""ATS3p"", ""ATS3pe"", ""ATS3se"", ""ATS3v"", ""ATS4are"", ""ATS4d"", ""ATS4i"", ""ATS4p"", ""ATS4pe"", ""ATS4se"", ""ATS4v"", ""ATS5are"", ""ATS5d"", ""ATS5i"", ""ATS5p"", ""ATS5pe"", ""ATS5se"", ""ATS5v"", ""ATS6are"", ""ATS6d"", ""ATS6i"", ""ATS6p"", ""ATS6pe"", ""ATS6se"", ""ATS6v"", ""ATS7are"", ""ATS7d"", ""ATS7i"", ""ATS7p"", ""ATS7pe"", ""ATS7se"", ""ATS7v"", ""ATS8are"", ""ATS8d"", ""ATS8i"", ""ATS8p"", ""ATS8pe"", ""ATS8se"", ""ATS8v"", ""ATSC0v"", ""CIC0"", ""ETA_eta"", ""ETA_eta_L"", ""PPSA1"", ""Sare"", ""Si"", ""Spe"", ""Sse"", ""TIC2"", ""TIC3"", ""TIC4"", ""TIC5"", ""Vabc"", ""WPSA1"", ""nAtom"", ""nBonds"", ""nBondsKS"", ""nBondsS"", ""nH""]"
final,119,77,ATS3d,ATS2se,ATS2se,algorithmic_medoid,False,False,54,0.03811028307853448,0.9618897169214655,0.8463304754716413,0.9967688822587804,0.0,860,100821.49645619254,"[""ATS0are"", ""ATS0i"", ""ATS0pe"", ""ATS0se"", ""ATS1are"", ""ATS1i"", ""ATS1pe"", ""ATS1se"", ""ATS2are"", ""ATS2d"", ""ATS2i"", ""ATS2p"", ""ATS2pe"", ""ATS2se"", ""ATS2v"", ""ATS3are"", ""ATS3d"", ""ATS3i"", ""ATS3p"", ""ATS3pe"", ""ATS3se"", ""ATS3v"", ""ATS4are"", ""ATS4d"", ""ATS4i"", ""ATS4p"", ""ATS4pe"", ""ATS4se"", ""ATS4v"", ""ATS5are"", ""ATS5d"", ""ATS5i"", ""ATS5p"", ""ATS5pe"", ""ATS5se"", ""ATS5v"", ""ATS6are"", ""ATS6d"", ""ATS6i"", ""ATS6p"", ""ATS6pe"", ""ATS6se"", ""ATS6v"", ""ATS7are"", ""ATS7d"", ""ATS7i"", ""ATS7p"", ""ATS7pe"", ""ATS7se"", ""ATS7v"", ""ATS8are"", ""ATS8d"", ""ATS8i"", ""ATS8p"", ""ATS8pe"", ""ATS8se"", ""ATS8v"", ""ATSC0v"", ""CIC0"", ""ETA_eta"", ""ETA_eta_L"", ""PPSA1"", ""Sare"", ""Si"", ""Spe"", ""Sse"", ""TIC2"", ""TIC3"", ""TIC4"", ""TIC5"", ""Vabc"", ""WPSA1"", ""nAtom"", ""nBonds"", ""nBondsKS"", ""nBondsS"", ""nH""]"
final,119,77,ATS4v,ATS2se,ATS2se,algorithmic_medoid,False,False,55,0.03836708146692036,0.9616329185330796,0.8444689517722398,0.9955321804539703,0.0,860,468854971.3624653,"[""ATS0are"", ""ATS0i"", ""ATS0pe"", ""ATS0se"", ""ATS1are"", ""ATS1i"", ""ATS1pe"", ""ATS1se"", ""ATS2are"", ""ATS2d"", ""ATS2i"", ""ATS2p"", ""ATS2pe"", ""ATS2se"", ""ATS2v"", ""ATS3are"", ""ATS3d"", ""ATS3i"", ""ATS3p"", ""ATS3pe"", ""ATS3se"", ""ATS3v"", ""ATS4are"", ""ATS4d"", ""ATS4i"", ""ATS4p"", ""ATS4pe"", ""ATS4se"", ""ATS4v"", ""ATS5are"", ""ATS5d"", ""ATS5i"", ""ATS5p"", ""ATS5pe"", ""ATS5se"", ""ATS5v"", ""ATS6are"", ""ATS6d"", ""ATS6i"", ""ATS6p"", ""ATS6pe"", ""ATS6se"", ""ATS6v"", ""ATS7are"", ""ATS7d"", ""ATS7i"", ""ATS7p"", ""ATS7pe"", ""ATS7se"", ""ATS7v"", ""ATS8are"", ""ATS8d"", ""ATS8i"", ""ATS8p"", ""ATS8pe"", ""ATS8se"", ""ATS8v"", ""ATSC0v"", ""CIC0"", ""ETA_eta"", ""ETA_eta_L"", ""PPSA1"", ""Sare"", ""Si"", ""Spe"", ""Sse"", ""TIC2"", ""TIC3"", ""TIC4"", ""TIC5"", ""Vabc"", ""WPSA1"", ""nAtom"", ""nBonds"", ""nBondsKS"", ""nBondsS"", ""nH""]"
final,119,77,ATS5v,ATS2se,ATS2se,algorithmic_medoid,False,False,56,0.03964667525055121,0.9603533247494488,0.8440976733701189,0.9955149709974764,0.0,860,576513970.5681212,"[""ATS0are"", ""ATS0i"", ""ATS0pe"", ""ATS0se"", ""ATS1are"", ""ATS1i"", ""ATS1pe"", ""ATS1se"", ""ATS2are"", ""ATS2d"", ""ATS2i"", ""ATS2p"", ""ATS2pe"", ""ATS2se"", ""ATS2v"", ""ATS3are"", ""ATS3d"", ""ATS3i"", ""ATS3p"", ""ATS3pe"", ""ATS3se"", ""ATS3v"", ""ATS4are"", ""ATS4d"", ""ATS4i"", ""ATS4p"", ""ATS4pe"", ""ATS4se"", ""ATS4v"", ""ATS5are"", ""ATS5d"", ""ATS5i"", ""ATS5p"", ""ATS5pe"", ""ATS5se"", ""ATS5v"", ""ATS6are"", ""ATS6d"", ""ATS6i"", ""ATS6p"", ""ATS6pe"", ""ATS6se"", ""ATS6v"", ""ATS7are"", ""ATS7d"", ""ATS7i"", ""ATS7p"", ""ATS7pe"", ""ATS7se"", ""ATS7v"", ""ATS8are"", ""ATS8d"", ""ATS8i"", ""ATS8p"", ""ATS8pe"", ""ATS8se"", ""ATS8v"", ""ATSC0v"", ""CIC0"", ""ETA_eta"", ""ETA_eta_L"", ""PPSA1"", ""Sare"", ""Si"", ""Spe"", ""Sse"", ""TIC2"", ""TIC3"", ""TIC4"", ""TIC5"", ""Vabc"", ""WPSA1"", ""nAtom"", ""nBonds"", ""nBondsKS"", ""nBondsS"", ""nH""]"
final,119,77,ATS0are,ATS2se,ATS2se,algorithmic_medoid,False,False,57,0.039702299323438606,0.9602977006765614,0.8926684692379725,0.9963129811170779,0.004651162790697674,856,49760.98907377789,"[""ATS0are"", ""ATS0i"", ""ATS0pe"", ""ATS0se"", ""ATS1are"", ""ATS1i"", ""ATS1pe"", ""ATS1se"", ""ATS2are"", ""ATS2d"", ""ATS2i"", ""ATS2p"", ""ATS2pe"", ""ATS2se"", ""ATS2v"", ""ATS3are"", ""ATS3d"", ""ATS3i"", ""ATS3p"", ""ATS3pe"", ""ATS3se"", ""ATS3v"", ""ATS4are"", ""ATS4d"", ""ATS4i"", ""ATS4p"", ""ATS4pe"", ""ATS4se"", ""ATS4v"", ""ATS5are"", ""ATS5d"", ""ATS5i"", ""ATS5p"", ""ATS5pe"", ""ATS5se"", ""ATS5v"", ""ATS6are"", ""ATS6d"", ""ATS6i"", ""ATS6p"", ""ATS6pe"", ""ATS6se"", ""ATS6v"", ""ATS7are"", ""ATS7d"", ""ATS7i"", ""ATS7p"", ""ATS7pe"", ""ATS7se"", ""ATS7v"", ""ATS8are"", ""ATS8d"", ""ATS8i"", ""ATS8p"", ""ATS8pe"", ""ATS8se"", ""ATS8v"", ""ATSC0v"", ""CIC0"", ""ETA_eta"", ""ETA_eta_L"", ""PPSA1"", ""Sare"", ""Si"", ""Spe"", ""Sse"", ""TIC2"", ""TIC3"", ""TIC4"", ""TIC5"", ""Vabc"", ""WPSA1"", ""nAtom"", ""nBonds"", ""nBondsKS"", ""nBondsS"", ""nH""]"
final,119,77,ATS7p,ATS2se,ATS2se,algorithmic_medoid,False,False,58,0.039720697634137214,0.9602793023658628,0.8813166272407639,0.9946776540074879,0.0,860,44034.821170080075,"[""ATS0are"", ""ATS0i"", ""ATS0pe"", ""ATS0se"", ""ATS1are"", ""ATS1i"", ""ATS1pe"", ""ATS1se"", ""ATS2are"", ""ATS2d"", ""ATS2i"", ""ATS2p"", ""ATS2pe"", ""ATS2se"", ""ATS2v"", ""ATS3are"", ""ATS3d"", ""ATS3i"", ""ATS3p"", ""ATS3pe"", ""ATS3se"", ""ATS3v"", ""ATS4are"", ""ATS4d"", ""ATS4i"", ""ATS4p"", ""ATS4pe"", ""ATS4se"", ""ATS4v"", ""ATS5are"", ""ATS5d"", ""ATS5i"", ""ATS5p"", ""ATS5pe"", ""ATS5se"", ""ATS5v"", ""ATS6are"", ""ATS6d"", ""ATS6i"", ""ATS6p"", ""ATS6pe"", ""ATS6se"", ""ATS6v"", ""ATS7are"", ""ATS7d"", ""ATS7i"", ""ATS7p"", ""ATS7pe"", ""ATS7se"", ""ATS7v"", ""ATS8are"", ""ATS8d"", ""ATS8i"", ""ATS8p"", ""ATS8pe"", ""ATS8se"", ""ATS8v"", ""ATSC0v"", ""CIC0"", ""ETA_eta"", ""ETA_eta_L"", ""PPSA1"", ""Sare"", ""Si"", ""Spe"", ""Sse"", ""TIC2"", ""TIC3"", ""TIC4"", ""TIC5"", ""Vabc"", ""WPSA1"", ""nAtom"", ""nBonds"", ""nBondsKS"", ""nBondsS"", ""nH""]"
final,119,77,ATS7v,ATS2se,ATS2se,algorithmic_medoid,False,False,59,0.03979920649756197,0.960200793502438,0.8651095298139196,0.9954065057242238,0.0,860,841490866.9781219,"[""ATS0are"", ""ATS0i"", ""ATS0pe"", ""ATS0se"", ""ATS1are"", ""ATS1i"", ""ATS1pe"", ""ATS1se"", ""ATS2are"", ""ATS2d"", ""ATS2i"", ""ATS2p"", ""ATS2pe"", ""ATS2se"", ""ATS2v"", ""ATS3are"", ""ATS3d"", ""ATS3i"", ""ATS3p"", ""ATS3pe"", ""ATS3se"", ""ATS3v"", ""ATS4are"", ""ATS4d"", ""ATS4i"", ""ATS4p"", ""ATS4pe"", ""ATS4se"", ""ATS4v"", ""ATS5are"", ""ATS5d"", ""ATS5i"", ""ATS5p"", ""ATS5pe"", ""ATS5se"", ""ATS5v"", ""ATS6are"", ""ATS6d"", ""ATS6i"", ""ATS6p"", ""ATS6pe"", ""ATS6se"", ""ATS6v"", ""ATS7are"", ""ATS7d"", ""ATS7i"", ""ATS7p"", ""ATS7pe"", ""ATS7se"", ""ATS7v"", ""ATS8are"", ""ATS8d"", ""ATS8i"", ""ATS8p"", ""ATS8pe"", ""ATS8se"", ""ATS8v"", ""ATSC0v"", ""CIC0"", ""ETA_eta"", ""ETA_eta_L"", ""PPSA1"", ""Sare"", ""Si"", ""Spe"", ""Sse"", ""TIC2"", ""TIC3"", ""TIC4"", ""TIC5"", ""Vabc"", ""WPSA1"", ""nAtom"", ""nBonds"", ""nBondsKS"", ""nBondsS"", ""nH""]"
final,119,77,ATS3p,ATS2se,ATS2se,algorithmic_medoid,False,False,60,0.039886328320799525,0.9601136716792005,0.8763688785191933,0.9941660379705959,0.0,860,17762.77178775824,"[""ATS0are"", ""ATS0i"", ""ATS0pe"", ""ATS0se"", ""ATS1are"", ""ATS1i"", ""ATS1pe"", ""ATS1se"", ""ATS2are"", ""ATS2d"", ""ATS2i"", ""ATS2p"", ""ATS2pe"", ""ATS2se"", ""ATS2v"", ""ATS3are"", ""ATS3d"", ""ATS3i"", ""ATS3p"", ""ATS3pe"", ""ATS3se"", ""ATS3v"", ""ATS4are"", ""ATS4d"", ""ATS4i"", ""ATS4p"", ""ATS4pe"", ""ATS4se"", ""ATS4v"", ""ATS5are"", ""ATS5d"", ""ATS5i"", ""ATS5p"", ""ATS5pe"", ""ATS5se"", ""ATS5v"", ""ATS6are"", ""ATS6d"", ""ATS6i"", ""ATS6p"", ""ATS6pe"", ""ATS6se"", ""ATS6v"", ""ATS7are"", ""ATS7d"", ""ATS7i"", ""ATS7p"", ""ATS7pe"", ""ATS7se"", ""ATS7v"", ""ATS8are"", ""ATS8d"", ""ATS8i"", ""ATS8p"", ""ATS8pe"", ""ATS8se"", ""ATS8v"", ""ATSC0v"", ""CIC0"", ""ETA_eta"", ""ETA_eta_L"", ""PPSA1"", ""Sare"", ""Si"", ""Spe"", ""Sse"", ""TIC2"", ""TIC3"", ""TIC4"", ""TIC5"", ""Vabc"", ""WPSA1"", ""nAtom"", ""nBonds"", ""nBondsKS"", ""nBondsS"", ""nH""]"
final,119,77,ATS6p,ATS2se,ATS2se,algorithmic_medoid,False,False,61,0.039950039561485795,0.9600499604385142,0.8696372260547535,0.9934469070954413,0.0,860,36517.73809157592,"[""ATS0are"", ""ATS0i"", ""ATS0pe"", ""ATS0se"", ""ATS1are"", ""ATS1i"", ""ATS1pe"", ""ATS1se"", ""ATS2are"", ""ATS2d"", ""ATS2i"", ""ATS2p"", ""ATS2pe"", ""ATS2se"", ""ATS2v"", ""ATS3are"", ""ATS3d"", ""ATS3i"", ""ATS3p"", ""ATS3pe"", ""ATS3se"", ""ATS3v"", ""ATS4are"", ""ATS4d"", ""ATS4i"", ""ATS4p"", ""ATS4pe"", ""ATS4se"", ""ATS4v"", ""ATS5are"", ""ATS5d"", ""ATS5i"", ""ATS5p"", ""ATS5pe"", ""ATS5se"", ""ATS5v"", ""ATS6are"", ""ATS6d"", ""ATS6i"", ""ATS6p"", ""ATS6pe"", ""ATS6se"", ""ATS6v"", ""ATS7are"", ""ATS7d"", ""ATS7i"", ""ATS7p"", ""ATS7pe"", ""ATS7se"", ""ATS7v"", ""ATS8are"", ""ATS8d"", ""ATS8i"", ""ATS8p"", ""ATS8pe"", ""ATS8se"", ""ATS8v"", ""ATSC0v"", ""CIC0"", ""ETA_eta"", ""ETA_eta_L"", ""PPSA1"", ""Sare"", ""Si"", ""Spe"", ""Sse"", ""TIC2"", ""TIC3"", ""TIC4"", ""TIC5"", ""Vabc"", ""WPSA1"", ""nAtom"", ""nBonds"", ""nBondsKS"", ""nBondsS"", ""nH""]"
final,119,77,ATS6v,ATS2se,ATS2se,algorithmic_medoid,False,False,62,0.040120757531336926,0.9598792424686631,0.8511366562372099,0.9950342870594792,0.0,860,700871454.3171027,"[""ATS0are"", ""ATS0i"", ""ATS0pe"", ""ATS0se"", ""ATS1are"", ""ATS1i"", ""ATS1pe"", ""ATS1se"", ""ATS2are"", ""ATS2d"", ""ATS2i"", ""ATS2p"", ""ATS2pe"", ""ATS2se"", ""ATS2v"", ""ATS3are"", ""ATS3d"", ""ATS3i"", ""ATS3p"", ""ATS3pe"", ""ATS3se"", ""ATS3v"", ""ATS4are"", ""ATS4d"", ""ATS4i"", ""ATS4p"", ""ATS4pe"", ""ATS4se"", ""ATS4v"", ""ATS5are"", ""ATS5d"", ""ATS5i"", ""ATS5p"", ""ATS5pe"", ""ATS5se"", ""ATS5v"", ""ATS6are"", ""ATS6d"", ""ATS6i"", ""ATS6p"", ""ATS6pe"", ""ATS6se"", ""ATS6v"", ""ATS7are"", ""ATS7d"", ""ATS7i"", ""ATS7p"", ""ATS7pe"", ""ATS7se"", ""ATS7v"", ""ATS8are"", ""ATS8d"", ""ATS8i"", ""ATS8p"", ""ATS8pe"", ""ATS8se"", ""ATS8v"", ""ATSC0v"", ""CIC0"", ""ETA_eta"", ""ETA_eta_L"", ""PPSA1"", ""Sare"", ""Si"", ""Spe"", ""Sse"", ""TIC2"", ""TIC3"", ""TIC4"", ""TIC5"", ""Vabc"", ""WPSA1"", ""nAtom"", ""nBonds"", ""nBondsKS"", ""nBondsS"", ""nH""]"
final,119,77,ATS5p,ATS2se,ATS2se,algorithmic_medoid,False,False,63,0.04035475502133534,0.9596452449786647,0.8639698899746726,0.9940477824449363,0.0,860,29835.779296570086,"[""ATS0are"", ""ATS0i"", ""ATS0pe"", ""ATS0se"", ""ATS1are"", ""ATS1i"", ""ATS1pe"", ""ATS1se"", ""ATS2are"", ""ATS2d"", ""ATS2i"", ""ATS2p"", ""ATS2pe"", ""ATS2se"", ""ATS2v"", ""ATS3are"", ""ATS3d"", ""ATS3i"", ""ATS3p"", ""ATS3pe"", ""ATS3se"", ""ATS3v"", ""ATS4are"", ""ATS4d"", ""ATS4i"", ""ATS4p"", ""ATS4pe"", ""ATS4se"", ""ATS4v"", ""ATS5are"", ""ATS5d"", ""ATS5i"", ""ATS5p"", ""ATS5pe"", ""ATS5se"", ""ATS5v"", ""ATS6are"", ""ATS6d"", ""ATS6i"", ""ATS6p"", ""ATS6pe"", ""ATS6se"", ""ATS6v"", ""ATS7are"", ""ATS7d"", ""ATS7i"", ""ATS7p"", ""ATS7pe"", ""ATS7se"", ""ATS7v"", ""ATS8are"", ""ATS8d"", ""ATS8i"", ""ATS8p"", ""ATS8pe"", ""ATS8se"", ""ATS8v"", ""ATSC0v"", ""CIC0"", ""ETA_eta"", ""ETA_eta_L"", ""PPSA1"", ""Sare"", ""Si"", ""Spe"", ""Sse"", ""TIC2"", ""TIC3"", ""TIC4"", ""TIC5"", ""Vabc"", ""WPSA1"", ""nAtom"", ""nBonds"", ""nBondsKS"", ""nBondsS"", ""nH""]"
final,119,77,ETA_eta,ATS2se,ATS2se,algorithmic_medoid,False,False,64,0.040606756230180174,0.9593932437698198,0.8550530679176356,0.9887259918361012,0.002325581395348837,858,1326.4132247434013,"[""ATS0are"", ""ATS0i"", ""ATS0pe"", ""ATS0se"", ""ATS1are"", ""ATS1i"", ""ATS1pe"", ""ATS1se"", ""ATS2are"", ""ATS2d"", ""ATS2i"", ""ATS2p"", ""ATS2pe"", ""ATS2se"", ""ATS2v"", ""ATS3are"", ""ATS3d"", ""ATS3i"", ""ATS3p"", ""ATS3pe"", ""ATS3se"", ""ATS3v"", ""ATS4are"", ""ATS4d"", ""ATS4i"", ""ATS4p"", ""ATS4pe"", ""ATS4se"", ""ATS4v"", ""ATS5are"", ""ATS5d"", ""ATS5i"", ""ATS5p"", ""ATS5pe"", ""ATS5se"", ""ATS5v"", ""ATS6are"", ""ATS6d"", ""ATS6i"", ""ATS6p"", ""ATS6pe"", ""ATS6se"", ""ATS6v"", ""ATS7are"", ""ATS7d"", ""ATS7i"", ""ATS7p"", ""ATS7pe"", ""ATS7se"", ""ATS7v"", ""ATS8are"", ""ATS8d"", ""ATS8i"", ""ATS8p"", ""ATS8pe"", ""ATS8se"", ""ATS8v"", ""ATSC0v"", ""CIC0"", ""ETA_eta"", ""ETA_eta_L"", ""PPSA1"", ""Sare"", ""Si"", ""Spe"", ""Sse"", ""TIC2"", ""TIC3"", ""TIC4"", ""TIC5"", ""Vabc"", ""WPSA1"", ""nAtom"", ""nBonds"", ""nBondsKS"", ""nBondsS"", ""nH""]"
final,119,77,ATS2p,ATS2se,ATS2se,algorithmic_medoid,False,False,65,0.041845182136238,0.958154817863762,0.8927674043071046,0.9930902363357957,0.0,860,10101.78649147026,"[""ATS0are"", ""ATS0i"", ""ATS0pe"", ""ATS0se"", ""ATS1are"", ""ATS1i"", ""ATS1pe"", ""ATS1se"", ""ATS2are"", ""ATS2d"", ""ATS2i"", ""ATS2p"", ""ATS2pe"", ""ATS2se"", ""ATS2v"", ""ATS3are"", ""ATS3d"", ""ATS3i"", ""ATS3p"", ""ATS3pe"", ""ATS3se"", ""ATS3v"", ""ATS4are"", ""ATS4d"", ""ATS4i"", ""ATS4p"", ""ATS4pe"", ""ATS4se"", ""ATS4v"", ""ATS5are"", ""ATS5d"", ""ATS5i"", ""ATS5p"", ""ATS5pe"", ""ATS5se"", ""ATS5v"", ""ATS6are"", ""ATS6d"", ""ATS6i"", ""ATS6p"", ""ATS6pe"", ""ATS6se"", ""ATS6v"", ""ATS7are"", ""ATS7d"", ""ATS7i"", ""ATS7p"", ""ATS7pe"", ""ATS7se"", ""ATS7v"", ""ATS8are"", ""ATS8d"", ""ATS8i"", ""ATS8p"", ""ATS8pe"", ""ATS8se"", ""ATS8v"", ""ATSC0v"", ""CIC0"", ""ETA_eta"", ""ETA_eta_L"", ""PPSA1"", ""Sare"", ""Si"", ""Spe"", ""Sse"", ""TIC2"", ""TIC3"", ""TIC4"", ""TIC5"", ""Vabc"", ""WPSA1"", ""nAtom"", ""nBonds"", ""nBondsKS"", ""nBondsS"", ""nH""]"
final,119,77,ATS4p,ATS2se,ATS2se,algorithmic_medoid,False,False,66,0.04236746514043088,0.9576325348595691,0.8616266765977112,0.9941660379705959,0.0,860,24392.639901168503,"[""ATS0are"", ""ATS0i"", ""ATS0pe"", ""ATS0se"", ""ATS1are"", ""ATS1i"", ""ATS1pe"", ""ATS1se"", ""ATS2are"", ""ATS2d"", ""ATS2i"", ""ATS2p"", ""ATS2pe"", ""ATS2se"", ""ATS2v"", ""ATS3are"", ""ATS3d"", ""ATS3i"", ""ATS3p"", ""ATS3pe"", ""ATS3se"", ""ATS3v"", ""ATS4are"", ""ATS4d"", ""ATS4i"", ""ATS4p"", ""ATS4pe"", ""ATS4se"", ""ATS4v"", ""ATS5are"", ""ATS5d"", ""ATS5i"", ""ATS5p"", ""ATS5pe"", ""ATS5se"", ""ATS5v"", ""ATS6are"", ""ATS6d"", ""ATS6i"", ""ATS6p"", ""ATS6pe"", ""ATS6se"", ""ATS6v"", ""ATS7are"", ""ATS7d"", ""ATS7i"", ""ATS7p"", ""ATS7pe"", ""ATS7se"", ""ATS7v"", ""ATS8are"", ""ATS8d"", ""ATS8i"", ""ATS8p"", ""ATS8pe"", ""ATS8se"", ""ATS8v"", ""ATSC0v"", ""CIC0"", ""ETA_eta"", ""ETA_eta_L"", ""PPSA1"", ""Sare"", ""Si"", ""Spe"", ""Sse"", ""TIC2"", ""TIC3"", ""TIC4"", ""TIC5"", ""Vabc"", ""WPSA1"", ""nAtom"", ""nBonds"", ""nBondsKS"", ""nBondsS"", ""nH""]"
final,119,77,ATS8p,ATS2se,ATS2se,algorithmic_medoid,False,False,67,0.04374897611011641,0.9562510238898836,0.8879489915860893,0.9951251440755154,0.0,860,49661.09204458042,"[""ATS0are"", ""ATS0i"", ""ATS0pe"", ""ATS0se"", ""ATS1are"", ""ATS1i"", ""ATS1pe"", ""ATS1se"", ""ATS2are"", ""ATS2d"", ""ATS2i"", ""ATS2p"", ""ATS2pe"", ""ATS2se"", ""ATS2v"", ""ATS3are"", ""ATS3d"", ""ATS3i"", ""ATS3p"", ""ATS3pe"", ""ATS3se"", ""ATS3v"", ""ATS4are"", ""ATS4d"", ""ATS4i"", ""ATS4p"", ""ATS4pe"", ""ATS4se"", ""ATS4v"", ""ATS5are"", ""ATS5d"", ""ATS5i"", ""ATS5p"", ""ATS5pe"", ""ATS5se"", ""ATS5v"", ""ATS6are"", ""ATS6d"", ""ATS6i"", ""ATS6p"", ""ATS6pe"", ""ATS6se"", ""ATS6v"", ""ATS7are"", ""ATS7d"", ""ATS7i"", ""ATS7p"", ""ATS7pe"", ""ATS7se"", ""ATS7v"", ""ATS8are"", ""ATS8d"", ""ATS8i"", ""ATS8p"", ""ATS8pe"", ""ATS8se"", ""ATS8v"", ""ATSC0v"", ""CIC0"", ""ETA_eta"", ""ETA_eta_L"", ""PPSA1"", ""Sare"", ""Si"", ""Spe"", ""Sse"", ""TIC2"", ""TIC3"", ""TIC4"", ""TIC5"", ""Vabc"", ""WPSA1"", ""nAtom"", ""nBonds"", ""nBondsKS"", ""nBondsS"", ""nH""]"
final,119,77,ATS8v,ATS2se,ATS2se,algorithmic_medoid,False,False,68,0.04388415995244532,0.9561158400475547,0.8736380790216659,0.9966714909303205,0.0,860,927541113.9729793,"[""ATS0are"", ""ATS0i"", ""ATS0pe"", ""ATS0se"", ""ATS1are"", ""ATS1i"", ""ATS1pe"", ""ATS1se"", ""ATS2are"", ""ATS2d"", ""ATS2i"", ""ATS2p"", ""ATS2pe"", ""ATS2se"", ""ATS2v"", ""ATS3are"", ""ATS3d"", ""ATS3i"", ""ATS3p"", ""ATS3pe"", ""ATS3se"", ""ATS3v"", ""ATS4are"", ""ATS4d"", ""ATS4i"", ""ATS4p"", ""ATS4pe"", ""ATS4se"", ""ATS4v"", ""ATS5are"", ""ATS5d"", ""ATS5i"", ""ATS5p"", ""ATS5pe"", ""ATS5se"", ""ATS5v"", ""ATS6are"", ""ATS6d"", ""ATS6i"", ""ATS6p"", ""ATS6pe"", ""ATS6se"", ""ATS6v"", ""ATS7are"", ""ATS7d"", ""ATS7i"", ""ATS7p"", ""ATS7pe"", ""ATS7se"", ""ATS7v"", ""ATS8are"", ""ATS8d"", ""ATS8i"", ""ATS8p"", ""ATS8pe"", ""ATS8se"", ""ATS8v"", ""ATSC0v"", ""CIC0"", ""ETA_eta"", ""ETA_eta_L"", ""PPSA1"", ""Sare"", ""Si"", ""Spe"", ""Sse"", ""TIC2"", ""TIC3"", ""TIC4"", ""TIC5"", ""Vabc"", ""WPSA1"", ""nAtom"", ""nBonds"", ""nBondsKS"", ""nBondsS"", ""nH""]"
final,119,77,TIC2,ATS2se,ATS2se,algorithmic_medoid,False,False,69,0.04400286321274516,0.9559971367872548,0.8885541630530664,0.9923622020030135,0.0,860,37221.74205792459,"[""ATS0are"", ""ATS0i"", ""ATS0pe"", ""ATS0se"", ""ATS1are"", ""ATS1i"", ""ATS1pe"", ""ATS1se"", ""ATS2are"", ""ATS2d"", ""ATS2i"", ""ATS2p"", ""ATS2pe"", ""ATS2se"", ""ATS2v"", ""ATS3are"", ""ATS3d"", ""ATS3i"", ""ATS3p"", ""ATS3pe"", ""ATS3se"", ""ATS3v"", ""ATS4are"", ""ATS4d"", ""ATS4i"", ""ATS4p"", ""ATS4pe"", ""ATS4se"", ""ATS4v"", ""ATS5are"", ""ATS5d"", ""ATS5i"", ""ATS5p"", ""ATS5pe"", ""ATS5se"", ""ATS5v"", ""ATS6are"", ""ATS6d"", ""ATS6i"", ""ATS6p"", ""ATS6pe"", ""ATS6se"", ""ATS6v"", ""ATS7are"", ""ATS7d"", ""ATS7i"", ""ATS7p"", ""ATS7pe"", ""ATS7se"", ""ATS7v"", ""ATS8are"", ""ATS8d"", ""ATS8i"", ""ATS8p"", ""ATS8pe"", ""ATS8se"", ""ATS8v"", ""ATSC0v"", ""CIC0"", ""ETA_eta"", ""ETA_eta_L"", ""PPSA1"", ""Sare"", ""Si"", ""Spe"", ""Sse"", ""TIC2"", ""TIC3"", ""TIC4"", ""TIC5"", ""Vabc"", ""WPSA1"", ""nAtom"", ""nBonds"", ""nBondsKS"", ""nBondsS"", ""nH""]"
final,119,77,Vabc,ATS2se,ATS2se,algorithmic_medoid,False,False,70,0.045008954330768014,0.954991045669232,0.9007828289993344,0.9877440327290522,0.015116279069767442,847,56197.615953810135,"[""ATS0are"", ""ATS0i"", ""ATS0pe"", ""ATS0se"", ""ATS1are"", ""ATS1i"", ""ATS1pe"", ""ATS1se"", ""ATS2are"", ""ATS2d"", ""ATS2i"", ""ATS2p"", ""ATS2pe"", ""ATS2se"", ""ATS2v"", ""ATS3are"", ""ATS3d"", ""ATS3i"", ""ATS3p"", ""ATS3pe"", ""ATS3se"", ""ATS3v"", ""ATS4are"", ""ATS4d"", ""ATS4i"", ""ATS4p"", ""ATS4pe"", ""ATS4se"", ""ATS4v"", ""ATS5are"", ""ATS5d"", ""ATS5i"", ""ATS5p"", ""ATS5pe"", ""ATS5se"", ""ATS5v"", ""ATS6are"", ""ATS6d"", ""ATS6i"", ""ATS6p"", ""ATS6pe"", ""ATS6se"", ""ATS6v"", ""ATS7are"", ""ATS7d"", ""ATS7i"", ""ATS7p"", ""ATS7pe"", ""ATS7se"", ""ATS7v"", ""ATS8are"", ""ATS8d"", ""ATS8i"", ""ATS8p"", ""ATS8pe"", ""ATS8se"", ""ATS8v"", ""ATSC0v"", ""CIC0"", ""ETA_eta"", ""ETA_eta_L"", ""PPSA1"", ""Sare"", ""Si"", ""Spe"", ""Sse"", ""TIC2"", ""TIC3"", ""TIC4"", ""TIC5"", ""Vabc"", ""WPSA1"", ""nAtom"", ""nBonds"", ""nBondsKS"", ""nBondsS"", ""nH""]"
final,119,77,ETA_eta_L,ATS2se,ATS2se,algorithmic_medoid,False,False,71,0.045764643968139285,0.9542353560318607,0.8814735850631772,0.9887259918361012,0.002325581395348837,858,29.309709917138235,"[""ATS0are"", ""ATS0i"", ""ATS0pe"", ""ATS0se"", ""ATS1are"", ""ATS1i"", ""ATS1pe"", ""ATS1se"", ""ATS2are"", ""ATS2d"", ""ATS2i"", ""ATS2p"", ""ATS2pe"", ""ATS2se"", ""ATS2v"", ""ATS3are"", ""ATS3d"", ""ATS3i"", ""ATS3p"", ""ATS3pe"", ""ATS3se"", ""ATS3v"", ""ATS4are"", ""ATS4d"", ""ATS4i"", ""ATS4p"", ""ATS4pe"", ""ATS4se"", ""ATS4v"", ""ATS5are"", ""ATS5d"", ""ATS5i"", ""ATS5p"", ""ATS5pe"", ""ATS5se"", ""ATS5v"", ""ATS6are"", ""ATS6d"", ""ATS6i"", ""ATS6p"", ""ATS6pe"", ""ATS6se"", ""ATS6v"", ""ATS7are"", ""ATS7d"", ""ATS7i"", ""ATS7p"", ""ATS7pe"", ""ATS7se"", ""ATS7v"", ""ATS8are"", ""ATS8d"", ""ATS8i"", ""ATS8p"", ""ATS8pe"", ""ATS8se"", ""ATS8v"", ""ATSC0v"", ""CIC0"", ""ETA_eta"", ""ETA_eta_L"", ""PPSA1"", ""Sare"", ""Si"", ""Spe"", ""Sse"", ""TIC2"", ""TIC3"", ""TIC4"", ""TIC5"", ""Vabc"", ""WPSA1"", ""nAtom"", ""nBonds"", ""nBondsKS"", ""nBondsS"", ""nH""]"
final,119,77,ATSC0v,ATS2se,ATS2se,algorithmic_medoid,False,False,72,0.04801048331176383,0.9519895166882362,0.9278210538399184,0.9829272871510868,0.0,860,3219967.374102068,"[""ATS0are"", ""ATS0i"", ""ATS0pe"", ""ATS0se"", ""ATS1are"", ""ATS1i"", ""ATS1pe"", ""ATS1se"", ""ATS2are"", ""ATS2d"", ""ATS2i"", ""ATS2p"", ""ATS2pe"", ""ATS2se"", ""ATS2v"", ""ATS3are"", ""ATS3d"", ""ATS3i"", ""ATS3p"", ""ATS3pe"", ""ATS3se"", ""ATS3v"", ""ATS4are"", ""ATS4d"", ""ATS4i"", ""ATS4p"", ""ATS4pe"", ""ATS4se"", ""ATS4v"", ""ATS5are"", ""ATS5d"", ""ATS5i"", ""ATS5p"", ""ATS5pe"", ""ATS5se"", ""ATS5v"", ""ATS6are"", ""ATS6d"", ""ATS6i"", ""ATS6p"", ""ATS6pe"", ""ATS6se"", ""ATS6v"", ""ATS7are"", ""ATS7d"", ""ATS7i"", ""ATS7p"", ""ATS7pe"", ""ATS7se"", ""ATS7v"", ""ATS8are"", ""ATS8d"", ""ATS8i"", ""ATS8p"", ""ATS8pe"", ""ATS8se"", ""ATS8v"", ""ATSC0v"", ""CIC0"", ""ETA_eta"", ""ETA_eta_L"", ""PPSA1"", ""Sare"", ""Si"", ""Spe"", ""Sse"", ""TIC2"", ""TIC3"", ""TIC4"", ""TIC5"", ""Vabc"", ""WPSA1"", ""nAtom"", ""nBonds"", ""nBondsKS"", ""nBondsS"", ""nH""]"
final,119,77,nBondsS,ATS2se,ATS2se,algorithmic_medoid,False,False,73,0.048774214131173776,0.9512257858688262,0.8997077166080766,0.9850350975784944,0.0,860,1197.4764413196324,"[""ATS0are"", ""ATS0i"", ""ATS0pe"", ""ATS0se"", ""ATS1are"", ""ATS1i"", ""ATS1pe"", ""ATS1se"", ""ATS2are"", ""ATS2d"", ""ATS2i"", ""ATS2p"", ""ATS2pe"", ""ATS2se"", ""ATS2v"", ""ATS3are"", ""ATS3d"", ""ATS3i"", ""ATS3p"", ""ATS3pe"", ""ATS3se"", ""ATS3v"", ""ATS4are"", ""ATS4d"", ""ATS4i"", ""ATS4p"", ""ATS4pe"", ""ATS4se"", ""ATS4v"", ""ATS5are"", ""ATS5d"", ""ATS5i"", ""ATS5p"", ""ATS5pe"", ""ATS5se"", ""ATS5v"", ""ATS6are"", ""ATS6d"", ""ATS6i"", ""ATS6p"", ""ATS6pe"", ""ATS6se"", ""ATS6v"", ""ATS7are"", ""ATS7d"", ""ATS7i"", ""ATS7p"", ""ATS7pe"", ""ATS7se"", ""ATS7v"", ""ATS8are"", ""ATS8d"", ""ATS8i"", ""ATS8p"", ""ATS8pe"", ""ATS8se"", ""ATS8v"", ""ATSC0v"", ""CIC0"", ""ETA_eta"", ""ETA_eta_L"", ""PPSA1"", ""Sare"", ""Si"", ""Spe"", ""Sse"", ""TIC2"", ""TIC3"", ""TIC4"", ""TIC5"", ""Vabc"", ""WPSA1"", ""nAtom"", ""nBonds"", ""nBondsKS"", ""nBondsS"", ""nH""]"
final,119,77,nH,ATS2se,ATS2se,algorithmic_medoid,False,False,74,0.06500806714563867,0.9349919328543613,0.8993347772827873,0.9829226346249336,0.0,860,389.3100108166576,"[""ATS0are"", ""ATS0i"", ""ATS0pe"", ""ATS0se"", ""ATS1are"", ""ATS1i"", ""ATS1pe"", ""ATS1se"", ""ATS2are"", ""ATS2d"", ""ATS2i"", ""ATS2p"", ""ATS2pe"", ""ATS2se"", ""ATS2v"", ""ATS3are"", ""ATS3d"", ""ATS3i"", ""ATS3p"", ""ATS3pe"", ""ATS3se"", ""ATS3v"", ""ATS4are"", ""ATS4d"", ""ATS4i"", ""ATS4p"", ""ATS4pe"", ""ATS4se"", ""ATS4v"", ""ATS5are"", ""ATS5d"", ""ATS5i"", ""ATS5p"", ""ATS5pe"", ""ATS5se"", ""ATS5v"", ""ATS6are"", ""ATS6d"", ""ATS6i"", ""ATS6p"", ""ATS6pe"", ""ATS6se"", ""ATS6v"", ""ATS7are"", ""ATS7d"", ""ATS7i"", ""ATS7p"", ""ATS7pe"", ""ATS7se"", ""ATS7v"", ""ATS8are"", ""ATS8d"", ""ATS8i"", ""ATS8p"", ""ATS8pe"", ""ATS8se"", ""ATS8v"", ""ATSC0v"", ""CIC0"", ""ETA_eta"", ""ETA_eta_L"", ""PPSA1"", ""Sare"", ""Si"", ""Spe"", ""Sse"", ""TIC2"", ""TIC3"", ""TIC4"", ""TIC5"", ""Vabc"", ""WPSA1"", ""nAtom"", ""nBonds"", ""nBondsKS"", ""nBondsS"", ""nH""]"
final,119,77,CIC0,ATS2se,ATS2se,algorithmic_medoid,False,False,75,0.06956477638227876,0.9304352236177212,0.8920569228752927,0.9829226346249336,0.0,860,0.9963385800178187,"[""ATS0are"", ""ATS0i"", ""ATS0pe"", ""ATS0se"", ""ATS1are"", ""ATS1i"", ""ATS1pe"", ""ATS1se"", ""ATS2are"", ""ATS2d"", ""ATS2i"", ""ATS2p"", ""ATS2pe"", ""ATS2se"", ""ATS2v"", ""ATS3are"", ""ATS3d"", ""ATS3i"", ""ATS3p"", ""ATS3pe"", ""ATS3se"", ""ATS3v"", ""ATS4are"", ""ATS4d"", ""ATS4i"", ""ATS4p"", ""ATS4pe"", ""ATS4se"", ""ATS4v"", ""ATS5are"", ""ATS5d"", ""ATS5i"", ""ATS5p"", ""ATS5pe"", ""ATS5se"", ""ATS5v"", ""ATS6are"", ""ATS6d"", ""ATS6i"", ""ATS6p"", ""ATS6pe"", ""ATS6se"", ""ATS6v"", ""ATS7are"", ""ATS7d"", ""ATS7i"", ""ATS7p"", ""ATS7pe"", ""ATS7se"", ""ATS7v"", ""ATS8are"", ""ATS8d"", ""ATS8i"", ""ATS8p"", ""ATS8pe"", ""ATS8se"", ""ATS8v"", ""ATSC0v"", ""CIC0"", ""ETA_eta"", ""ETA_eta_L"", ""PPSA1"", ""Sare"", ""Si"", ""Spe"", ""Sse"", ""TIC2"", ""TIC3"", ""TIC4"", ""TIC5"", ""Vabc"", ""WPSA1"", ""nAtom"", ""nBonds"", ""nBondsKS"", ""nBondsS"", ""nH""]"
final,119,77,WPSA1,ATS2se,ATS2se,algorithmic_medoid,False,False,76,0.08758622831174767,0.9124137716882523,0.8715558446592866,0.9861204581811825,0.005813953488372093,855,93477.4152726443,"[""ATS0are"", ""ATS0i"", ""ATS0pe"", ""ATS0se"", ""ATS1are"", ""ATS1i"", ""ATS1pe"", ""ATS1se"", ""ATS2are"", ""ATS2d"", ""ATS2i"", ""ATS2p"", ""ATS2pe"", ""ATS2se"", ""ATS2v"", ""ATS3are"", ""ATS3d"", ""ATS3i"", ""ATS3p"", ""ATS3pe"", ""ATS3se"", ""ATS3v"", ""ATS4are"", ""ATS4d"", ""ATS4i"", ""ATS4p"", ""ATS4pe"", ""ATS4se"", ""ATS4v"", ""ATS5are"", ""ATS5d"", ""ATS5i"", ""ATS5p"", ""ATS5pe"", ""ATS5se"", ""ATS5v"", ""ATS6are"", ""ATS6d"", ""ATS6i"", ""ATS6p"", ""ATS6pe"", ""ATS6se"", ""ATS6v"", ""ATS7are"", ""ATS7d"", ""ATS7i"", ""ATS7p"", ""ATS7pe"", ""ATS7se"", ""ATS7v"", ""ATS8are"", ""ATS8d"", ""ATS8i"", ""ATS8p"", ""ATS8pe"", ""ATS8se"", ""ATS8v"", ""ATSC0v"", ""CIC0"", ""ETA_eta"", ""ETA_eta_L"", ""PPSA1"", ""Sare"", ""Si"", ""Spe"", ""Sse"", ""TIC2"", ""TIC3"", ""TIC4"", ""TIC5"", ""Vabc"", ""WPSA1"", ""nAtom"", ""nBonds"", ""nBondsKS"", ""nBondsS"", ""nH""]"
final,119,77,PPSA1,ATS2se,ATS2se,algorithmic_medoid,False,False,77,0.1110505256334402,0.8889494743665598,0.8440976733701189,0.9861204581811825,0.005813953488372093,855,39595.623249185395,"[""ATS0are"", ""ATS0i"", ""ATS0pe"", ""ATS0se"", ""ATS1are"", ""ATS1i"", ""ATS1pe"", ""ATS1se"", ""ATS2are"", ""ATS2d"", ""ATS2i"", ""ATS2p"", ""ATS2pe"", ""ATS2se"", ""ATS2v"", ""ATS3are"", ""ATS3d"", ""ATS3i"", ""ATS3p"", ""ATS3pe"", ""ATS3se"", ""ATS3v"", ""ATS4are"", ""ATS4d"", ""ATS4i"", ""ATS4p"", ""ATS4pe"", ""ATS4se"", ""ATS4v"", ""ATS5are"", ""ATS5d"", ""ATS5i"", ""ATS5p"", ""ATS5pe"", ""ATS5se"", ""ATS5v"", ""ATS6are"", ""ATS6d"", ""ATS6i"", ""ATS6p"", ""ATS6pe"", ""ATS6se"", ""ATS6v"", ""ATS7are"", ""ATS7d"", ""ATS7i"", ""ATS7p"", ""ATS7pe"", ""ATS7se"", ""ATS7v"", ""ATS8are"", ""ATS8d"", ""ATS8i"", ""ATS8p"", ""ATS8pe"", ""ATS8se"", ""ATS8v"", ""ATSC0v"", ""CIC0"", ""ETA_eta"", ""ETA_eta_L"", ""PPSA1"", ""Sare"", ""Si"", ""Spe"", ""Sse"", ""TIC2"", ""TIC3"", ""TIC4"", ""TIC5"", ""Vabc"", ""WPSA1"", ""nAtom"", ""nBonds"", ""nBondsKS"", ""nBondsS"", ""nH""]"
final,120,119,VR1_Dzp,VR1_Dzp,VR1_Dzp,algorithmic_medoid,True,True,1,0.01892031849755016,0.9810796815024498,0.9197425386466396,0.999893084701716,0.002325581395348837,858,42007.143871018794,"[""ATS0d"", ""ATS1Z"", ""ATS1d"", ""ATS1m"", ""ATS1s"", ""ATS2Z"", ""ATS2m"", ""ATS3Z"", ""ATS3m"", ""ATS4Z"", ""ATS4m"", ""ATS5Z"", ""ATS5m"", ""ATS6Z"", ""ATS6m"", ""ATS7Z"", ""ATS7dv"", ""ATS7m"", ""ATS8Z"", ""ATS8dv"", ""ATS8m"", ""ETA_alpha"", ""ETA_beta_s"", ""ETA_eta_R"", ""ETA_eta_RL"", ""GGI10"", ""GGI6"", ""GGI7"", ""GGI8"", ""GGI9"", ""GRAV"", ""GRAVH"", ""GRAVHp"", ""GRAVp"", ""Kier1"", ""LabuteASA"", ""LogEE_A"", ""MID"", ""MOMI-Z"", ""MPC2"", ""MW"", ""MWC01"", ""MWC02"", ""MWC03"", ""SRW02"", ""SRW04"", ""SZ"", ""Sm"", ""SpAD_A"", ""SpAbs_A"", ""TIC0"", ""TIC1"", ""TMWC10"", ""VAdjMat"", ""VE1_D"", ""VE1_DzZ"", ""VE1_Dzare"", ""VE1_Dzi"", ""VE1_Dzm"", ""VE1_Dzp"", ""VE1_Dzpe"", ""VE1_Dzse"", ""VE1_Dzv"", ""VE2_D"", ""VE2_DzZ"", ""VE2_Dzare"", ""VE2_Dzi"", ""VE2_Dzm"", ""VE2_Dzp"", ""VE2_Dzpe"", ""VE2_Dzse"", ""VE2_Dzv"", ""VE3_A"", ""VE3_D"", ""VE3_DzZ"", ""VE3_Dzare"", ""VE3_Dzi"", ""VE3_Dzm"", ""VE3_Dzp"", ""VE3_Dzpe"", ""VE3_Dzse"", ""VE3_Dzv"", ""VR1_D"", ""VR1_DzZ"", ""VR1_Dzare"", ""VR1_Dzi"", ""VR1_Dzm"", ""VR1_Dzp"", ""VR1_Dzpe"", ""VR1_Dzse"", ""VR1_Dzv"", ""VR2_D"", ""VR2_DzZ"", ""VR2_Dzare"", ""VR2_Dzi"", ""VR2_Dzm"", ""VR2_Dzp"", ""VR2_Dzpe"", ""VR2_Dzse"", ""VR2_Dzv"", ""VR3_D"", ""VR3_DzZ"", ""VR3_Dzare"", ""VR3_Dzi"", ""VR3_Dzm"", ""VR3_Dzp"", ""VR3_Dzpe"", ""VR3_Dzse"", ""VR3_Dzv"", ""Xp-0d"", ""Xp-1d"", ""Xp-2d"", ""Xp-3d"", ""ZMIC0"", ""Zagreb1"", ""Zagreb2"", ""mZagreb2"", ""nBondsO"", ""nHeavyAtom""]"
final,120,119,VR1_Dzv,VR1_Dzp,VR1_Dzp,algorithmic_medoid,False,False,2,0.018986897393026836,0.9810131026069732,0.9201965843458821,0.999893084701716,0.002325581395348837,858,41776.06644833582,"[""ATS0d"", ""ATS1Z"", ""ATS1d"", ""ATS1m"", ""ATS1s"", ""ATS2Z"", ""ATS2m"", ""ATS3Z"", ""ATS3m"", ""ATS4Z"", ""ATS4m"", ""ATS5Z"", ""ATS5m"", ""ATS6Z"", ""ATS6m"", ""ATS7Z"", ""ATS7dv"", ""ATS7m"", ""ATS8Z"", ""ATS8dv"", ""ATS8m"", ""ETA_alpha"", ""ETA_beta_s"", ""ETA_eta_R"", ""ETA_eta_RL"", ""GGI10"", ""GGI6"", ""GGI7"", ""GGI8"", ""GGI9"", ""GRAV"", ""GRAVH"", ""GRAVHp"", ""GRAVp"", ""Kier1"", ""LabuteASA"", ""LogEE_A"", ""MID"", ""MOMI-Z"", ""MPC2"", ""MW"", ""MWC01"", ""MWC02"", ""MWC03"", ""SRW02"", ""SRW04"", ""SZ"", ""Sm"", ""SpAD_A"", ""SpAbs_A"", ""TIC0"", ""TIC1"", ""TMWC10"", ""VAdjMat"", ""VE1_D"", ""VE1_DzZ"", ""VE1_Dzare"", ""VE1_Dzi"", ""VE1_Dzm"", ""VE1_Dzp"", ""VE1_Dzpe"", ""VE1_Dzse"", ""VE1_Dzv"", ""VE2_D"", ""VE2_DzZ"", ""VE2_Dzare"", ""VE2_Dzi"", ""VE2_Dzm"", ""VE2_Dzp"", ""VE2_Dzpe"", ""VE2_Dzse"", ""VE2_Dzv"", ""VE3_A"", ""VE3_D"", ""VE3_DzZ"", ""VE3_Dzare"", ""VE3_Dzi"", ""VE3_Dzm"", ""VE3_Dzp"", ""VE3_Dzpe"", ""VE3_Dzse"", ""VE3_Dzv"", ""VR1_D"", ""VR1_DzZ"", ""VR1_Dzare"", ""VR1_Dzi"", ""VR1_Dzm"", ""VR1_Dzp"", ""VR1_Dzpe"", ""VR1_Dzse"", ""VR1_Dzv"", ""VR2_D"", ""VR2_DzZ"", ""VR2_Dzare"", ""VR2_Dzi"", ""VR2_Dzm"", ""VR2_Dzp"", ""VR2_Dzpe"", ""VR2_Dzse"", ""VR2_Dzv"", ""VR3_D"", ""VR3_DzZ"", ""VR3_Dzare"", ""VR3_Dzi"", ""VR3_Dzm"", ""VR3_Dzp"", ""VR3_Dzpe"", ""VR3_Dzse"", ""VR3_Dzv"", ""Xp-0d"", ""Xp-1d"", ""Xp-2d"", ""Xp-3d"", ""ZMIC0"", ""Zagreb1"", ""Zagreb2"", ""mZagreb2"", ""nBondsO"", ""nHeavyAtom""]"
final,120,119,VR1_D,VR1_Dzp,VR1_Dzp,algorithmic_medoid,False,False,3,0.019016095859522686,0.9809839041404773,0.9204261397711598,0.9998934997221117,0.002325581395348837,858,41661.912557184456,"[""ATS0d"", ""ATS1Z"", ""ATS1d"", ""ATS1m"", ""ATS1s"", ""ATS2Z"", ""ATS2m"", ""ATS3Z"", ""ATS3m"", ""ATS4Z"", ""ATS4m"", ""ATS5Z"", ""ATS5m"", ""ATS6Z"", ""ATS6m"", ""ATS7Z"", ""ATS7dv"", ""ATS7m"", ""ATS8Z"", ""ATS8dv"", ""ATS8m"", ""ETA_alpha"", ""ETA_beta_s"", ""ETA_eta_R"", ""ETA_eta_RL"", ""GGI10"", ""GGI6"", ""GGI7"", ""GGI8"", ""GGI9"", ""GRAV"", ""GRAVH"", ""GRAVHp"", ""GRAVp"", ""Kier1"", ""LabuteASA"", ""LogEE_A"", ""MID"", ""MOMI-Z"", ""MPC2"", ""MW"", ""MWC01"", ""MWC02"", ""MWC03"", ""SRW02"", ""SRW04"", ""SZ"", ""Sm"", ""SpAD_A"", ""SpAbs_A"", ""TIC0"", ""TIC1"", ""TMWC10"", ""VAdjMat"", ""VE1_D"", ""VE1_DzZ"", ""VE1_Dzare"", ""VE1_Dzi"", ""VE1_Dzm"", ""VE1_Dzp"", ""VE1_Dzpe"", ""VE1_Dzse"", ""VE1_Dzv"", ""VE2_D"", ""VE2_DzZ"", ""VE2_Dzare"", ""VE2_Dzi"", ""VE2_Dzm"", ""VE2_Dzp"", ""VE2_Dzpe"", ""VE2_Dzse"", ""VE2_Dzv"", ""VE3_A"", ""VE3_D"", ""VE3_DzZ"", ""VE3_Dzare"", ""VE3_Dzi"", ""VE3_Dzm"", ""VE3_Dzp"", ""VE3_Dzpe"", ""VE3_Dzse"", ""VE3_Dzv"", ""VR1_D"", ""VR1_DzZ"", ""VR1_Dzare"", ""VR1_Dzi"", ""VR1_Dzm"", ""VR1_Dzp"", ""VR1_Dzpe"", ""VR1_Dzse"", ""VR1_Dzv"", ""VR2_D"", ""VR2_DzZ"", ""VR2_Dzare"", ""VR2_Dzi"", ""VR2_Dzm"", ""VR2_Dzp"", ""VR2_Dzpe"", ""VR2_Dzse"", ""VR2_Dzv"", ""VR3_D"", ""VR3_DzZ"", ""VR3_Dzare"", ""VR3_Dzi"", ""VR3_Dzm"", ""VR3_Dzp"", ""VR3_Dzpe"", ""VR3_Dzse"", ""VR3_Dzv"", ""Xp-0d"", ""Xp-1d"", ""Xp-2d"", ""Xp-3d"", ""ZMIC0"", ""Zagreb1"", ""Zagreb2"", ""mZagreb2"", ""nBondsO"", ""nHeavyAtom""]"
final,120,119,VR1_Dzse,VR1_Dzp,VR1_Dzp,algorithmic_medoid,False,False,4,0.019173139259182848,0.9808268607408172,0.9199994570582771,0.9999856238826024,0.002325581395348837,858,41618.69764914299,"[""ATS0d"", ""ATS1Z"", ""ATS1d"", ""ATS1m"", ""ATS1s"", ""ATS2Z"", ""ATS2m"", ""ATS3Z"", ""ATS3m"", ""ATS4Z"", ""ATS4m"", ""ATS5Z"", ""ATS5m"", ""ATS6Z"", ""ATS6m"", ""ATS7Z"", ""ATS7dv"", ""ATS7m"", ""ATS8Z"", ""ATS8dv"", ""ATS8m"", ""ETA_alpha"", ""ETA_beta_s"", ""ETA_eta_R"", ""ETA_eta_RL"", ""GGI10"", ""GGI6"", ""GGI7"", ""GGI8"", ""GGI9"", ""GRAV"", ""GRAVH"", ""GRAVHp"", ""GRAVp"", ""Kier1"", ""LabuteASA"", ""LogEE_A"", ""MID"", ""MOMI-Z"", ""MPC2"", ""MW"", ""MWC01"", ""MWC02"", ""MWC03"", ""SRW02"", ""SRW04"", ""SZ"", ""Sm"", ""SpAD_A"", ""SpAbs_A"", ""TIC0"", ""TIC1"", ""TMWC10"", ""VAdjMat"", ""VE1_D"", ""VE1_DzZ"", ""VE1_Dzare"", ""VE1_Dzi"", ""VE1_Dzm"", ""VE1_Dzp"", ""VE1_Dzpe"", ""VE1_Dzse"", ""VE1_Dzv"", ""VE2_D"", ""VE2_DzZ"", ""VE2_Dzare"", ""VE2_Dzi"", ""VE2_Dzm"", ""VE2_Dzp"", ""VE2_Dzpe"", ""VE2_Dzse"", ""VE2_Dzv"", ""VE3_A"", ""VE3_D"", ""VE3_DzZ"", ""VE3_Dzare"", ""VE3_Dzi"", ""VE3_Dzm"", ""VE3_Dzp"", ""VE3_Dzpe"", ""VE3_Dzse"", ""VE3_Dzv"", ""VR1_D"", ""VR1_DzZ"", ""VR1_Dzare"", ""VR1_Dzi"", ""VR1_Dzm"", ""VR1_Dzp"", ""VR1_Dzpe"", ""VR1_Dzse"", ""VR1_Dzv"", ""VR2_D"", ""VR2_DzZ"", ""VR2_Dzare"", ""VR2_Dzi"", ""VR2_Dzm"", ""VR2_Dzp"", ""VR2_Dzpe"", ""VR2_Dzse"", ""VR2_Dzv"", ""VR3_D"", ""VR3_DzZ"", ""VR3_Dzare"", ""VR3_Dzi"", ""VR3_Dzm"", ""VR3_Dzp"", ""VR3_Dzpe"", ""VR3_Dzse"", ""VR3_Dzv"", ""Xp-0d"", ""Xp-1d"", ""Xp-2d"", ""Xp-3d"", ""ZMIC0"", ""Zagreb1"", ""Zagreb2"", ""mZagreb2"", ""nBondsO"", ""nHeavyAtom""]"
final,120,119,VR1_Dzi,VR1_Dzp,VR1_Dzp,algorithmic_medoid,False,False,5,0.019180403573219817,0.9808195964267802,0.9198900932084242,0.9999856238826024,0.002325581395348837,858,41667.994215813815,"[""ATS0d"", ""ATS1Z"", ""ATS1d"", ""ATS1m"", ""ATS1s"", ""ATS2Z"", ""ATS2m"", ""ATS3Z"", ""ATS3m"", ""ATS4Z"", ""ATS4m"", ""ATS5Z"", ""ATS5m"", ""ATS6Z"", ""ATS6m"", ""ATS7Z"", ""ATS7dv"", ""ATS7m"", ""ATS8Z"", ""ATS8dv"", ""ATS8m"", ""ETA_alpha"", ""ETA_beta_s"", ""ETA_eta_R"", ""ETA_eta_RL"", ""GGI10"", ""GGI6"", ""GGI7"", ""GGI8"", ""GGI9"", ""GRAV"", ""GRAVH"", ""GRAVHp"", ""GRAVp"", ""Kier1"", ""LabuteASA"", ""LogEE_A"", ""MID"", ""MOMI-Z"", ""MPC2"", ""MW"", ""MWC01"", ""MWC02"", ""MWC03"", ""SRW02"", ""SRW04"", ""SZ"", ""Sm"", ""SpAD_A"", ""SpAbs_A"", ""TIC0"", ""TIC1"", ""TMWC10"", ""VAdjMat"", ""VE1_D"", ""VE1_DzZ"", ""VE1_Dzare"", ""VE1_Dzi"", ""VE1_Dzm"", ""VE1_Dzp"", ""VE1_Dzpe"", ""VE1_Dzse"", ""VE1_Dzv"", ""VE2_D"", ""VE2_DzZ"", ""VE2_Dzare"", ""VE2_Dzi"", ""VE2_Dzm"", ""VE2_Dzp"", ""VE2_Dzpe"", ""VE2_Dzse"", ""VE2_Dzv"", ""VE3_A"", ""VE3_D"", ""VE3_DzZ"", ""VE3_Dzare"", ""VE3_Dzi"", ""VE3_Dzm"", ""VE3_Dzp"", ""VE3_Dzpe"", ""VE3_Dzse"", ""VE3_Dzv"", ""VR1_D"", ""VR1_DzZ"", ""VR1_Dzare"", ""VR1_Dzi"", ""VR1_Dzm"", ""VR1_Dzp"", ""VR1_Dzpe"", ""VR1_Dzse"", ""VR1_Dzv"", ""VR2_D"", ""VR2_DzZ"", ""VR2_Dzare"", ""VR2_Dzi"", ""VR2_Dzm"", ""VR2_Dzp"", ""VR2_Dzpe"", ""VR2_Dzse"", ""VR2_Dzv"", ""VR3_D"", ""VR3_DzZ"", ""VR3_Dzare"", ""VR3_Dzi"", ""VR3_Dzm"", ""VR3_Dzp"", ""VR3_Dzpe"", ""VR3_Dzse"", ""VR3_Dzv"", ""Xp-0d"", ""Xp-1d"", ""Xp-2d"", ""Xp-3d"", ""ZMIC0"", ""Zagreb1"", ""Zagreb2"", ""mZagreb2"", ""nBondsO"", ""nHeavyAtom""]"
final,120,119,LogEE_A,VR1_Dzp,VR1_Dzp,algorithmic_medoid,False,False,6,0.019203871068023126,0.9807961289319769,0.9165616878602205,0.9995989729387014,0.002325581395348837,858,0.42124747085748143,"[""ATS0d"", ""ATS1Z"", ""ATS1d"", ""ATS1m"", ""ATS1s"", ""ATS2Z"", ""ATS2m"", ""ATS3Z"", ""ATS3m"", ""ATS4Z"", ""ATS4m"", ""ATS5Z"", ""ATS5m"", ""ATS6Z"", ""ATS6m"", ""ATS7Z"", ""ATS7dv"", ""ATS7m"", ""ATS8Z"", ""ATS8dv"", ""ATS8m"", ""ETA_alpha"", ""ETA_beta_s"", ""ETA_eta_R"", ""ETA_eta_RL"", ""GGI10"", ""GGI6"", ""GGI7"", ""GGI8"", ""GGI9"", ""GRAV"", ""GRAVH"", ""GRAVHp"", ""GRAVp"", ""Kier1"", ""LabuteASA"", ""LogEE_A"", ""MID"", ""MOMI-Z"", ""MPC2"", ""MW"", ""MWC01"", ""MWC02"", ""MWC03"", ""SRW02"", ""SRW04"", ""SZ"", ""Sm"", ""SpAD_A"", ""SpAbs_A"", ""TIC0"", ""TIC1"", ""TMWC10"", ""VAdjMat"", ""VE1_D"", ""VE1_DzZ"", ""VE1_Dzare"", ""VE1_Dzi"", ""VE1_Dzm"", ""VE1_Dzp"", ""VE1_Dzpe"", ""VE1_Dzse"", ""VE1_Dzv"", ""VE2_D"", ""VE2_DzZ"", ""VE2_Dzare"", ""VE2_Dzi"", ""VE2_Dzm"", ""VE2_Dzp"", ""VE2_Dzpe"", ""VE2_Dzse"", ""VE2_Dzv"", ""VE3_A"", ""VE3_D"", ""VE3_DzZ"", ""VE3_Dzare"", ""VE3_Dzi"", ""VE3_Dzm"", ""VE3_Dzp"", ""VE3_Dzpe"", ""VE3_Dzse"", ""VE3_Dzv"", ""VR1_D"", ""VR1_DzZ"", ""VR1_Dzare"", ""VR1_Dzi"", ""VR1_Dzm"", ""VR1_Dzp"", ""VR1_Dzpe"", ""VR1_Dzse"", ""VR1_Dzv"", ""VR2_D"", ""VR2_DzZ"", ""VR2_Dzare"", ""VR2_Dzi"", ""VR2_Dzm"", ""VR2_Dzp"", ""VR2_Dzpe"", ""VR2_Dzse"", ""VR2_Dzv"", ""VR3_D"", ""VR3_DzZ"", ""VR3_Dzare"", ""VR3_Dzi"", ""VR3_Dzm"", ""VR3_Dzp"", ""VR3_Dzpe"", ""VR3_Dzse"", ""VR3_Dzv"", ""Xp-0d"", ""Xp-1d"", ""Xp-2d"", ""Xp-3d"", ""ZMIC0"", ""Zagreb1"", ""Zagreb2"", ""mZagreb2"", ""nBondsO"", ""nHeavyAtom""]"
final,120,119,VR1_DzZ,VR1_Dzp,VR1_Dzp,algorithmic_medoid,False,False,7,0.019263661288286937,0.9807363387117131,0.9198467062384825,0.9999819449549219,0.002325581395348837,858,41634.516534485905,"[""ATS0d"", ""ATS1Z"", ""ATS1d"", ""ATS1m"", ""ATS1s"", ""ATS2Z"", ""ATS2m"", ""ATS3Z"", ""ATS3m"", ""ATS4Z"", ""ATS4m"", ""ATS5Z"", ""ATS5m"", ""ATS6Z"", ""ATS6m"", ""ATS7Z"", ""ATS7dv"", ""ATS7m"", ""ATS8Z"", ""ATS8dv"", ""ATS8m"", ""ETA_alpha"", ""ETA_beta_s"", ""ETA_eta_R"", ""ETA_eta_RL"", ""GGI10"", ""GGI6"", ""GGI7"", ""GGI8"", ""GGI9"", ""GRAV"", ""GRAVH"", ""GRAVHp"", ""GRAVp"", ""Kier1"", ""LabuteASA"", ""LogEE_A"", ""MID"", ""MOMI-Z"", ""MPC2"", ""MW"", ""MWC01"", ""MWC02"", ""MWC03"", ""SRW02"", ""SRW04"", ""SZ"", ""Sm"", ""SpAD_A"", ""SpAbs_A"", ""TIC0"", ""TIC1"", ""TMWC10"", ""VAdjMat"", ""VE1_D"", ""VE1_DzZ"", ""VE1_Dzare"", ""VE1_Dzi"", ""VE1_Dzm"", ""VE1_Dzp"", ""VE1_Dzpe"", ""VE1_Dzse"", ""VE1_Dzv"", ""VE2_D"", ""VE2_DzZ"", ""VE2_Dzare"", ""VE2_Dzi"", ""VE2_Dzm"", ""VE2_Dzp"", ""VE2_Dzpe"", ""VE2_Dzse"", ""VE2_Dzv"", ""VE3_A"", ""VE3_D"", ""VE3_DzZ"", ""VE3_Dzare"", ""VE3_Dzi"", ""VE3_Dzm"", ""VE3_Dzp"", ""VE3_Dzpe"", ""VE3_Dzse"", ""VE3_Dzv"", ""VR1_D"", ""VR1_DzZ"", ""VR1_Dzare"", ""VR1_Dzi"", ""VR1_Dzm"", ""VR1_Dzp"", ""VR1_Dzpe"", ""VR1_Dzse"", ""VR1_Dzv"", ""VR2_D"", ""VR2_DzZ"", ""VR2_Dzare"", ""VR2_Dzi"", ""VR2_Dzm"", ""VR2_Dzp"", ""VR2_Dzpe"", ""VR2_Dzse"", ""VR2_Dzv"", ""VR3_D"", ""VR3_DzZ"", ""VR3_Dzare"", ""VR3_Dzi"", ""VR3_Dzm"", ""VR3_Dzp"", ""VR3_Dzpe"", ""VR3_Dzse"", ""VR3_Dzv"", ""Xp-0d"", ""Xp-1d"", ""Xp-2d"", ""Xp-3d"", ""ZMIC0"", ""Zagreb1"", ""Zagreb2"", ""mZagreb2"", ""nBondsO"", ""nHeavyAtom""]"
final,120,119,VR1_Dzm,VR1_Dzp,VR1_Dzp,algorithmic_medoid,False,False,8,0.0193237341767859,0.9806762658232141,0.9197928452501339,0.9999819449549219,0.002325581395348837,858,41648.951209425606,"[""ATS0d"", ""ATS1Z"", ""ATS1d"", ""ATS1m"", ""ATS1s"", ""ATS2Z"", ""ATS2m"", ""ATS3Z"", ""ATS3m"", ""ATS4Z"", ""ATS4m"", ""ATS5Z"", ""ATS5m"", ""ATS6Z"", ""ATS6m"", ""ATS7Z"", ""ATS7dv"", ""ATS7m"", ""ATS8Z"", ""ATS8dv"", ""ATS8m"", ""ETA_alpha"", ""ETA_beta_s"", ""ETA_eta_R"", ""ETA_eta_RL"", ""GGI10"", ""GGI6"", ""GGI7"", ""GGI8"", ""GGI9"", ""GRAV"", ""GRAVH"", ""GRAVHp"", ""GRAVp"", ""Kier1"", ""LabuteASA"", ""LogEE_A"", ""MID"", ""MOMI-Z"", ""MPC2"", ""MW"", ""MWC01"", ""MWC02"", ""MWC03"", ""SRW02"", ""SRW04"", ""SZ"", ""Sm"", ""SpAD_A"", ""SpAbs_A"", ""TIC0"", ""TIC1"", ""TMWC10"", ""VAdjMat"", ""VE1_D"", ""VE1_DzZ"", ""VE1_Dzare"", ""VE1_Dzi"", ""VE1_Dzm"", ""VE1_Dzp"", ""VE1_Dzpe"", ""VE1_Dzse"", ""VE1_Dzv"", ""VE2_D"", ""VE2_DzZ"", ""VE2_Dzare"", ""VE2_Dzi"", ""VE2_Dzm"", ""VE2_Dzp"", ""VE2_Dzpe"", ""VE2_Dzse"", ""VE2_Dzv"", ""VE3_A"", ""VE3_D"", ""VE3_DzZ"", ""VE3_Dzare"", ""VE3_Dzi"", ""VE3_Dzm"", ""VE3_Dzp"", ""VE3_Dzpe"", ""VE3_Dzse"", ""VE3_Dzv"", ""VR1_D"", ""VR1_DzZ"", ""VR1_Dzare"", ""VR1_Dzi"", ""VR1_Dzm"", ""VR1_Dzp"", ""VR1_Dzpe"", ""VR1_Dzse"", ""VR1_Dzv"", ""VR2_D"", ""VR2_DzZ"", ""VR2_Dzare"", ""VR2_Dzi"", ""VR2_Dzm"", ""VR2_Dzp"", ""VR2_Dzpe"", ""VR2_Dzse"", ""VR2_Dzv"", ""VR3_D"", ""VR3_DzZ"", ""VR3_Dzare"", ""VR3_Dzi"", ""VR3_Dzm"", ""VR3_Dzp"", ""VR3_Dzpe"", ""VR3_Dzse"", ""VR3_Dzv"", ""Xp-0d"", ""Xp-1d"", ""Xp-2d"", ""Xp-3d"", ""ZMIC0"", ""Zagreb1"", ""Zagreb2"", ""mZagreb2"", ""nBondsO"", ""nHeavyAtom""]"
final,120,119,VE2_Dzp,VR1_Dzp,VR1_Dzp,algorithmic_medoid,False,False,9,0.01974507457107355,0.9802549254289264,0.9186531305066666,0.9999023103203609,0.002325581395348837,858,0.008801450053982864,"[""ATS0d"", ""ATS1Z"", ""ATS1d"", ""ATS1m"", ""ATS1s"", ""ATS2Z"", ""ATS2m"", ""ATS3Z"", ""ATS3m"", ""ATS4Z"", ""ATS4m"", ""ATS5Z"", ""ATS5m"", ""ATS6Z"", ""ATS6m"", ""ATS7Z"", ""ATS7dv"", ""ATS7m"", ""ATS8Z"", ""ATS8dv"", ""ATS8m"", ""ETA_alpha"", ""ETA_beta_s"", ""ETA_eta_R"", ""ETA_eta_RL"", ""GGI10"", ""GGI6"", ""GGI7"", ""GGI8"", ""GGI9"", ""GRAV"", ""GRAVH"", ""GRAVHp"", ""GRAVp"", ""Kier1"", ""LabuteASA"", ""LogEE_A"", ""MID"", ""MOMI-Z"", ""MPC2"", ""MW"", ""MWC01"", ""MWC02"", ""MWC03"", ""SRW02"", ""SRW04"", ""SZ"", ""Sm"", ""SpAD_A"", ""SpAbs_A"", ""TIC0"", ""TIC1"", ""TMWC10"", ""VAdjMat"", ""VE1_D"", ""VE1_DzZ"", ""VE1_Dzare"", ""VE1_Dzi"", ""VE1_Dzm"", ""VE1_Dzp"", ""VE1_Dzpe"", ""VE1_Dzse"", ""VE1_Dzv"", ""VE2_D"", ""VE2_DzZ"", ""VE2_Dzare"", ""VE2_Dzi"", ""VE2_Dzm"", ""VE2_Dzp"", ""VE2_Dzpe"", ""VE2_Dzse"", ""VE2_Dzv"", ""VE3_A"", ""VE3_D"", ""VE3_DzZ"", ""VE3_Dzare"", ""VE3_Dzi"", ""VE3_Dzm"", ""VE3_Dzp"", ""VE3_Dzpe"", ""VE3_Dzse"", ""VE3_Dzv"", ""VR1_D"", ""VR1_DzZ"", ""VR1_Dzare"", ""VR1_Dzi"", ""VR1_Dzm"", ""VR1_Dzp"", ""VR1_Dzpe"", ""VR1_Dzse"", ""VR1_Dzv"", ""VR2_D"", ""VR2_DzZ"", ""VR2_Dzare"", ""VR2_Dzi"", ""VR2_Dzm"", ""VR2_Dzp"", ""VR2_Dzpe"", ""VR2_Dzse"", ""VR2_Dzv"", ""VR3_D"", ""VR3_DzZ"", ""VR3_Dzare"", ""VR3_Dzi"", ""VR3_Dzm"", ""VR3_Dzp"", ""VR3_Dzpe"", ""VR3_Dzse"", ""VR3_Dzv"", ""Xp-0d"", ""Xp-1d"", ""Xp-2d"", ""Xp-3d"", ""ZMIC0"", ""Zagreb1"", ""Zagreb2"", ""mZagreb2"", ""nBondsO"", ""nHeavyAtom""]"
final,120,119,VE2_Dzv,VR1_Dzp,VR1_Dzp,algorithmic_medoid,False,False,10,0.019856556955524796,0.9801434430444752,0.9179556646773415,0.9999023103203609,0.002325581395348837,858,0.008812224329012545,"[""ATS0d"", ""ATS1Z"", ""ATS1d"", ""ATS1m"", ""ATS1s"", ""ATS2Z"", ""ATS2m"", ""ATS3Z"", ""ATS3m"", ""ATS4Z"", ""ATS4m"", ""ATS5Z"", ""ATS5m"", ""ATS6Z"", ""ATS6m"", ""ATS7Z"", ""ATS7dv"", ""ATS7m"", ""ATS8Z"", ""ATS8dv"", ""ATS8m"", ""ETA_alpha"", ""ETA_beta_s"", ""ETA_eta_R"", ""ETA_eta_RL"", ""GGI10"", ""GGI6"", ""GGI7"", ""GGI8"", ""GGI9"", ""GRAV"", ""GRAVH"", ""GRAVHp"", ""GRAVp"", ""Kier1"", ""LabuteASA"", ""LogEE_A"", ""MID"", ""MOMI-Z"", ""MPC2"", ""MW"", ""MWC01"", ""MWC02"", ""MWC03"", ""SRW02"", ""SRW04"", ""SZ"", ""Sm"", ""SpAD_A"", ""SpAbs_A"", ""TIC0"", ""TIC1"", ""TMWC10"", ""VAdjMat"", ""VE1_D"", ""VE1_DzZ"", ""VE1_Dzare"", ""VE1_Dzi"", ""VE1_Dzm"", ""VE1_Dzp"", ""VE1_Dzpe"", ""VE1_Dzse"", ""VE1_Dzv"", ""VE2_D"", ""VE2_DzZ"", ""VE2_Dzare"", ""VE2_Dzi"", ""VE2_Dzm"", ""VE2_Dzp"", ""VE2_Dzpe"", ""VE2_Dzse"", ""VE2_Dzv"", ""VE3_A"", ""VE3_D"", ""VE3_DzZ"", ""VE3_Dzare"", ""VE3_Dzi"", ""VE3_Dzm"", ""VE3_Dzp"", ""VE3_Dzpe"", ""VE3_Dzse"", ""VE3_Dzv"", ""VR1_D"", ""VR1_DzZ"", ""VR1_Dzare"", ""VR1_Dzi"", ""VR1_Dzm"", ""VR1_Dzp"", ""VR1_Dzpe"", ""VR1_Dzse"", ""VR1_Dzv"", ""VR2_D"", ""VR2_DzZ"", ""VR2_Dzare"", ""VR2_Dzi"", ""VR2_Dzm"", ""VR2_Dzp"", ""VR2_Dzpe"", ""VR2_Dzse"", ""VR2_Dzv"", ""VR3_D"", ""VR3_DzZ"", ""VR3_Dzare"", ""VR3_Dzi"", ""VR3_Dzm"", ""VR3_Dzp"", ""VR3_Dzpe"", ""VR3_Dzse"", ""VR3_Dzv"", ""Xp-0d"", ""Xp-1d"", ""Xp-2d"", ""Xp-3d"", ""ZMIC0"", ""Zagreb1"", ""Zagreb2"", ""mZagreb2"", ""nBondsO"", ""nHeavyAtom""]"
final,120,119,TMWC10,VR1_Dzp,VR1_Dzp,algorithmic_medoid,False,False,11,0.0198965800333456,0.9801034199666544,0.9141775630370764,0.9983721251349646,0.0,860,1956.7951288675488,"[""ATS0d"", ""ATS1Z"", ""ATS1d"", ""ATS1m"", ""ATS1s"", ""ATS2Z"", ""ATS2m"", ""ATS3Z"", ""ATS3m"", ""ATS4Z"", ""ATS4m"", ""ATS5Z"", ""ATS5m"", ""ATS6Z"", ""ATS6m"", ""ATS7Z"", ""ATS7dv"", ""ATS7m"", ""ATS8Z"", ""ATS8dv"", ""ATS8m"", ""ETA_alpha"", ""ETA_beta_s"", ""ETA_eta_R"", ""ETA_eta_RL"", ""GGI10"", ""GGI6"", ""GGI7"", ""GGI8"", ""GGI9"", ""GRAV"", ""GRAVH"", ""GRAVHp"", ""GRAVp"", ""Kier1"", ""LabuteASA"", ""LogEE_A"", ""MID"", ""MOMI-Z"", ""MPC2"", ""MW"", ""MWC01"", ""MWC02"", ""MWC03"", ""SRW02"", ""SRW04"", ""SZ"", ""Sm"", ""SpAD_A"", ""SpAbs_A"", ""TIC0"", ""TIC1"", ""TMWC10"", ""VAdjMat"", ""VE1_D"", ""VE1_DzZ"", ""VE1_Dzare"", ""VE1_Dzi"", ""VE1_Dzm"", ""VE1_Dzp"", ""VE1_Dzpe"", ""VE1_Dzse"", ""VE1_Dzv"", ""VE2_D"", ""VE2_DzZ"", ""VE2_Dzare"", ""VE2_Dzi"", ""VE2_Dzm"", ""VE2_Dzp"", ""VE2_Dzpe"", ""VE2_Dzse"", ""VE2_Dzv"", ""VE3_A"", ""VE3_D"", ""VE3_DzZ"", ""VE3_Dzare"", ""VE3_Dzi"", ""VE3_Dzm"", ""VE3_Dzp"", ""VE3_Dzpe"", ""VE3_Dzse"", ""VE3_Dzv"", ""VR1_D"", ""VR1_DzZ"", ""VR1_Dzare"", ""VR1_Dzi"", ""VR1_Dzm"", ""VR1_Dzp"", ""VR1_Dzpe"", ""VR1_Dzse"", ""VR1_Dzv"", ""VR2_D"", ""VR2_DzZ"", ""VR2_Dzare"", ""VR2_Dzi"", ""VR2_Dzm"", ""VR2_Dzp"", ""VR2_Dzpe"", ""VR2_Dzse"", ""VR2_Dzv"", ""VR3_D"", ""VR3_DzZ"", ""VR3_Dzare"", ""VR3_Dzi"", ""VR3_Dzm"", ""VR3_Dzp"", ""VR3_Dzpe"", ""VR3_Dzse"", ""VR3_Dzv"", ""Xp-0d"", ""Xp-1d"", ""Xp-2d"", ""Xp-3d"", ""ZMIC0"", ""Zagreb1"", ""Zagreb2"", ""mZagreb2"", ""nBondsO"", ""nHeavyAtom""]"
final,120,119,nHeavyAtom,VR1_Dzp,VR1_Dzp,algorithmic_medoid,False,False,12,0.020057795242316323,0.9799422047576837,0.9164918351119744,0.9985029933450534,0.0,860,313.11418469442935,"[""ATS0d"", ""ATS1Z"", ""ATS1d"", ""ATS1m"", ""ATS1s"", ""ATS2Z"", ""ATS2m"", ""ATS3Z"", ""ATS3m"", ""ATS4Z"", ""ATS4m"", ""ATS5Z"", ""ATS5m"", ""ATS6Z"", ""ATS6m"", ""ATS7Z"", ""ATS7dv"", ""ATS7m"", ""ATS8Z"", ""ATS8dv"", ""ATS8m"", ""ETA_alpha"", ""ETA_beta_s"", ""ETA_eta_R"", ""ETA_eta_RL"", ""GGI10"", ""GGI6"", ""GGI7"", ""GGI8"", ""GGI9"", ""GRAV"", ""GRAVH"", ""GRAVHp"", ""GRAVp"", ""Kier1"", ""LabuteASA"", ""LogEE_A"", ""MID"", ""MOMI-Z"", ""MPC2"", ""MW"", ""MWC01"", ""MWC02"", ""MWC03"", ""SRW02"", ""SRW04"", ""SZ"", ""Sm"", ""SpAD_A"", ""SpAbs_A"", ""TIC0"", ""TIC1"", ""TMWC10"", ""VAdjMat"", ""VE1_D"", ""VE1_DzZ"", ""VE1_Dzare"", ""VE1_Dzi"", ""VE1_Dzm"", ""VE1_Dzp"", ""VE1_Dzpe"", ""VE1_Dzse"", ""VE1_Dzv"", ""VE2_D"", ""VE2_DzZ"", ""VE2_Dzare"", ""VE2_Dzi"", ""VE2_Dzm"", ""VE2_Dzp"", ""VE2_Dzpe"", ""VE2_Dzse"", ""VE2_Dzv"", ""VE3_A"", ""VE3_D"", ""VE3_DzZ"", ""VE3_Dzare"", ""VE3_Dzi"", ""VE3_Dzm"", ""VE3_Dzp"", ""VE3_Dzpe"", ""VE3_Dzse"", ""VE3_Dzv"", ""VR1_D"", ""VR1_DzZ"", ""VR1_Dzare"", ""VR1_Dzi"", ""VR1_Dzm"", ""VR1_Dzp"", ""VR1_Dzpe"", ""VR1_Dzse"", ""VR1_Dzv"", ""VR2_D"", ""VR2_DzZ"", ""VR2_Dzare"", ""VR2_Dzi"", ""VR2_Dzm"", ""VR2_Dzp"", ""VR2_Dzpe"", ""VR2_Dzse"", ""VR2_Dzv"", ""VR3_D"", ""VR3_DzZ"", ""VR3_Dzare"", ""VR3_Dzi"", ""VR3_Dzm"", ""VR3_Dzp"", ""VR3_Dzpe"", ""VR3_Dzse"", ""VR3_Dzv"", ""Xp-0d"", ""Xp-1d"", ""Xp-2d"", ""Xp-3d"", ""ZMIC0"", ""Zagreb1"", ""Zagreb2"", ""mZagreb2"", ""nBondsO"", ""nHeavyAtom""]"
final,120,119,VE2_D,VR1_Dzp,VR1_Dzp,algorithmic_medoid,False,False,13,0.020139188741461034,0.979860811258539,0.9164218199314839,0.9998659549077674,0.002325581395348837,858,0.008817835205800408,"[""ATS0d"", ""ATS1Z"", ""ATS1d"", ""ATS1m"", ""ATS1s"", ""ATS2Z"", ""ATS2m"", ""ATS3Z"", ""ATS3m"", ""ATS4Z"", ""ATS4m"", ""ATS5Z"", ""ATS5m"", ""ATS6Z"", ""ATS6m"", ""ATS7Z"", ""ATS7dv"", ""ATS7m"", ""ATS8Z"", ""ATS8dv"", ""ATS8m"", ""ETA_alpha"", ""ETA_beta_s"", ""ETA_eta_R"", ""ETA_eta_RL"", ""GGI10"", ""GGI6"", ""GGI7"", ""GGI8"", ""GGI9"", ""GRAV"", ""GRAVH"", ""GRAVHp"", ""GRAVp"", ""Kier1"", ""LabuteASA"", ""LogEE_A"", ""MID"", ""MOMI-Z"", ""MPC2"", ""MW"", ""MWC01"", ""MWC02"", ""MWC03"", ""SRW02"", ""SRW04"", ""SZ"", ""Sm"", ""SpAD_A"", ""SpAbs_A"", ""TIC0"", ""TIC1"", ""TMWC10"", ""VAdjMat"", ""VE1_D"", ""VE1_DzZ"", ""VE1_Dzare"", ""VE1_Dzi"", ""VE1_Dzm"", ""VE1_Dzp"", ""VE1_Dzpe"", ""VE1_Dzse"", ""VE1_Dzv"", ""VE2_D"", ""VE2_DzZ"", ""VE2_Dzare"", ""VE2_Dzi"", ""VE2_Dzm"", ""VE2_Dzp"", ""VE2_Dzpe"", ""VE2_Dzse"", ""VE2_Dzv"", ""VE3_A"", ""VE3_D"", ""VE3_DzZ"", ""VE3_Dzare"", ""VE3_Dzi"", ""VE3_Dzm"", ""VE3_Dzp"", ""VE3_Dzpe"", ""VE3_Dzse"", ""VE3_Dzv"", ""VR1_D"", ""VR1_DzZ"", ""VR1_Dzare"", ""VR1_Dzi"", ""VR1_Dzm"", ""VR1_Dzp"", ""VR1_Dzpe"", ""VR1_Dzse"", ""VR1_Dzv"", ""VR2_D"", ""VR2_DzZ"", ""VR2_Dzare"", ""VR2_Dzi"", ""VR2_Dzm"", ""VR2_Dzp"", ""VR2_Dzpe"", ""VR2_Dzse"", ""VR2_Dzv"", ""VR3_D"", ""VR3_DzZ"", ""VR3_Dzare"", ""VR3_Dzi"", ""VR3_Dzm"", ""VR3_Dzp"", ""VR3_Dzpe"", ""VR3_Dzse"", ""VR3_Dzv"", ""Xp-0d"", ""Xp-1d"", ""Xp-2d"", ""Xp-3d"", ""ZMIC0"", ""Zagreb1"", ""Zagreb2"", ""mZagreb2"", ""nBondsO"", ""nHeavyAtom""]"
final,120,119,VE2_Dzse,VR1_Dzp,VR1_Dzp,algorithmic_medoid,False,False,14,0.020265369370893516,0.9797346306291065,0.9158629841077873,0.9999799451275674,0.002325581395348837,858,0.008811268739502037,"[""ATS0d"", ""ATS1Z"", ""ATS1d"", ""ATS1m"", ""ATS1s"", ""ATS2Z"", ""ATS2m"", ""ATS3Z"", ""ATS3m"", ""ATS4Z"", ""ATS4m"", ""ATS5Z"", ""ATS5m"", ""ATS6Z"", ""ATS6m"", ""ATS7Z"", ""ATS7dv"", ""ATS7m"", ""ATS8Z"", ""ATS8dv"", ""ATS8m"", ""ETA_alpha"", ""ETA_beta_s"", ""ETA_eta_R"", ""ETA_eta_RL"", ""GGI10"", ""GGI6"", ""GGI7"", ""GGI8"", ""GGI9"", ""GRAV"", ""GRAVH"", ""GRAVHp"", ""GRAVp"", ""Kier1"", ""LabuteASA"", ""LogEE_A"", ""MID"", ""MOMI-Z"", ""MPC2"", ""MW"", ""MWC01"", ""MWC02"", ""MWC03"", ""SRW02"", ""SRW04"", ""SZ"", ""Sm"", ""SpAD_A"", ""SpAbs_A"", ""TIC0"", ""TIC1"", ""TMWC10"", ""VAdjMat"", ""VE1_D"", ""VE1_DzZ"", ""VE1_Dzare"", ""VE1_Dzi"", ""VE1_Dzm"", ""VE1_Dzp"", ""VE1_Dzpe"", ""VE1_Dzse"", ""VE1_Dzv"", ""VE2_D"", ""VE2_DzZ"", ""VE2_Dzare"", ""VE2_Dzi"", ""VE2_Dzm"", ""VE2_Dzp"", ""VE2_Dzpe"", ""VE2_Dzse"", ""VE2_Dzv"", ""VE3_A"", ""VE3_D"", ""VE3_DzZ"", ""VE3_Dzare"", ""VE3_Dzi"", ""VE3_Dzm"", ""VE3_Dzp"", ""VE3_Dzpe"", ""VE3_Dzse"", ""VE3_Dzv"", ""VR1_D"", ""VR1_DzZ"", ""VR1_Dzare"", ""VR1_Dzi"", ""VR1_Dzm"", ""VR1_Dzp"", ""VR1_Dzpe"", ""VR1_Dzse"", ""VR1_Dzv"", ""VR2_D"", ""VR2_DzZ"", ""VR2_Dzare"", ""VR2_Dzi"", ""VR2_Dzm"", ""VR2_Dzp"", ""VR2_Dzpe"", ""VR2_Dzse"", ""VR2_Dzv"", ""VR3_D"", ""VR3_DzZ"", ""VR3_Dzare"", ""VR3_Dzi"", ""VR3_Dzm"", ""VR3_Dzp"", ""VR3_Dzpe"", ""VR3_Dzse"", ""VR3_Dzv"", ""Xp-0d"", ""Xp-1d"", ""Xp-2d"", ""Xp-3d"", ""ZMIC0"", ""Zagreb1"", ""Zagreb2"", ""mZagreb2"", ""nBondsO"", ""nHeavyAtom""]"
final,120,119,VE2_Dzi,VR1_Dzp,VR1_Dzp,algorithmic_medoid,False,False,15,0.020287076595841835,0.9797129234041582,0.9157184049095607,0.9999799451275674,0.002325581395348837,858,0.00881351597331367,"[""ATS0d"", ""ATS1Z"", ""ATS1d"", ""ATS1m"", ""ATS1s"", ""ATS2Z"", ""ATS2m"", ""ATS3Z"", ""ATS3m"", ""ATS4Z"", ""ATS4m"", ""ATS5Z"", ""ATS5m"", ""ATS6Z"", ""ATS6m"", ""ATS7Z"", ""ATS7dv"", ""ATS7m"", ""ATS8Z"", ""ATS8dv"", ""ATS8m"", ""ETA_alpha"", ""ETA_beta_s"", ""ETA_eta_R"", ""ETA_eta_RL"", ""GGI10"", ""GGI6"", ""GGI7"", ""GGI8"", ""GGI9"", ""GRAV"", ""GRAVH"", ""GRAVHp"", ""GRAVp"", ""Kier1"", ""LabuteASA"", ""LogEE_A"", ""MID"", ""MOMI-Z"", ""MPC2"", ""MW"", ""MWC01"", ""MWC02"", ""MWC03"", ""SRW02"", ""SRW04"", ""SZ"", ""Sm"", ""SpAD_A"", ""SpAbs_A"", ""TIC0"", ""TIC1"", ""TMWC10"", ""VAdjMat"", ""VE1_D"", ""VE1_DzZ"", ""VE1_Dzare"", ""VE1_Dzi"", ""VE1_Dzm"", ""VE1_Dzp"", ""VE1_Dzpe"", ""VE1_Dzse"", ""VE1_Dzv"", ""VE2_D"", ""VE2_DzZ"", ""VE2_Dzare"", ""VE2_Dzi"", ""VE2_Dzm"", ""VE2_Dzp"", ""VE2_Dzpe"", ""VE2_Dzse"", ""VE2_Dzv"", ""VE3_A"", ""VE3_D"", ""VE3_DzZ"", ""VE3_Dzare"", ""VE3_Dzi"", ""VE3_Dzm"", ""VE3_Dzp"", ""VE3_Dzpe"", ""VE3_Dzse"", ""VE3_Dzv"", ""VR1_D"", ""VR1_DzZ"", ""VR1_Dzare"", ""VR1_Dzi"", ""VR1_Dzm"", ""VR1_Dzp"", ""VR1_Dzpe"", ""VR1_Dzse"", ""VR1_Dzv"", ""VR2_D"", ""VR2_DzZ"", ""VR2_Dzare"", ""VR2_Dzi"", ""VR2_Dzm"", ""VR2_Dzp"", ""VR2_Dzpe"", ""VR2_Dzse"", ""VR2_Dzv"", ""VR3_D"", ""VR3_DzZ"", ""VR3_Dzare"", ""VR3_Dzi"", ""VR3_Dzm"", ""VR3_Dzp"", ""VR3_Dzpe"", ""VR3_Dzse"", ""VR3_Dzv"", ""Xp-0d"", ""Xp-1d"", ""Xp-2d"", ""Xp-3d"", ""ZMIC0"", ""Zagreb1"", ""Zagreb2"", ""mZagreb2"", ""nBondsO"", ""nHeavyAtom""]"
final,120,119,VE3_Dzm,VR1_Dzp,VR1_Dzp,algorithmic_medoid,False,False,16,0.020297265803618014,0.979702734196382,0.9157112052014125,0.9999994906100135,0.002325581395348837,858,0.8830413371080574,"[""ATS0d"", ""ATS1Z"", ""ATS1d"", ""ATS1m"", ""ATS1s"", ""ATS2Z"", ""ATS2m"", ""ATS3Z"", ""ATS3m"", ""ATS4Z"", ""ATS4m"", ""ATS5Z"", ""ATS5m"", ""ATS6Z"", ""ATS6m"", ""ATS7Z"", ""ATS7dv"", ""ATS7m"", ""ATS8Z"", ""ATS8dv"", ""ATS8m"", ""ETA_alpha"", ""ETA_beta_s"", ""ETA_eta_R"", ""ETA_eta_RL"", ""GGI10"", ""GGI6"", ""GGI7"", ""GGI8"", ""GGI9"", ""GRAV"", ""GRAVH"", ""GRAVHp"", ""GRAVp"", ""Kier1"", ""LabuteASA"", ""LogEE_A"", ""MID"", ""MOMI-Z"", ""MPC2"", ""MW"", ""MWC01"", ""MWC02"", ""MWC03"", ""SRW02"", ""SRW04"", ""SZ"", ""Sm"", ""SpAD_A"", ""SpAbs_A"", ""TIC0"", ""TIC1"", ""TMWC10"", ""VAdjMat"", ""VE1_D"", ""VE1_DzZ"", ""VE1_Dzare"", ""VE1_Dzi"", ""VE1_Dzm"", ""VE1_Dzp"", ""VE1_Dzpe"", ""VE1_Dzse"", ""VE1_Dzv"", ""VE2_D"", ""VE2_DzZ"", ""VE2_Dzare"", ""VE2_Dzi"", ""VE2_Dzm"", ""VE2_Dzp"", ""VE2_Dzpe"", ""VE2_Dzse"", ""VE2_Dzv"", ""VE3_A"", ""VE3_D"", ""VE3_DzZ"", ""VE3_Dzare"", ""VE3_Dzi"", ""VE3_Dzm"", ""VE3_Dzp"", ""VE3_Dzpe"", ""VE3_Dzse"", ""VE3_Dzv"", ""VR1_D"", ""VR1_DzZ"", ""VR1_Dzare"", ""VR1_Dzi"", ""VR1_Dzm"", ""VR1_Dzp"", ""VR1_Dzpe"", ""VR1_Dzse"", ""VR1_Dzv"", ""VR2_D"", ""VR2_DzZ"", ""VR2_Dzare"", ""VR2_Dzi"", ""VR2_Dzm"", ""VR2_Dzp"", ""VR2_Dzpe"", ""VR2_Dzse"", ""VR2_Dzv"", ""VR3_D"", ""VR3_DzZ"", ""VR3_Dzare"", ""VR3_Dzi"", ""VR3_Dzm"", ""VR3_Dzp"", ""VR3_Dzpe"", ""VR3_Dzse"", ""VR3_Dzv"", ""Xp-0d"", ""Xp-1d"", ""Xp-2d"", ""Xp-3d"", ""ZMIC0"", ""Zagreb1"", ""Zagreb2"", ""mZagreb2"", ""nBondsO"", ""nHeavyAtom""]"
final,120,119,VE3_DzZ,VR1_Dzp,VR1_Dzp,algorithmic_medoid,False,False,17,0.02030089096178056,0.9796991090382194,0.9156948430861713,0.9999994906100135,0.002325581395348837,858,0.8831526493781913,"[""ATS0d"", ""ATS1Z"", ""ATS1d"", ""ATS1m"", ""ATS1s"", ""ATS2Z"", ""ATS2m"", ""ATS3Z"", ""ATS3m"", ""ATS4Z"", ""ATS4m"", ""ATS5Z"", ""ATS5m"", ""ATS6Z"", ""ATS6m"", ""ATS7Z"", ""ATS7dv"", ""ATS7m"", ""ATS8Z"", ""ATS8dv"", ""ATS8m"", ""ETA_alpha"", ""ETA_beta_s"", ""ETA_eta_R"", ""ETA_eta_RL"", ""GGI10"", ""GGI6"", ""GGI7"", ""GGI8"", ""GGI9"", ""GRAV"", ""GRAVH"", ""GRAVHp"", ""GRAVp"", ""Kier1"", ""LabuteASA"", ""LogEE_A"", ""MID"", ""MOMI-Z"", ""MPC2"", ""MW"", ""MWC01"", ""MWC02"", ""MWC03"", ""SRW02"", ""SRW04"", ""SZ"", ""Sm"", ""SpAD_A"", ""SpAbs_A"", ""TIC0"", ""TIC1"", ""TMWC10"", ""VAdjMat"", ""VE1_D"", ""VE1_DzZ"", ""VE1_Dzare"", ""VE1_Dzi"", ""VE1_Dzm"", ""VE1_Dzp"", ""VE1_Dzpe"", ""VE1_Dzse"", ""VE1_Dzv"", ""VE2_D"", ""VE2_DzZ"", ""VE2_Dzare"", ""VE2_Dzi"", ""VE2_Dzm"", ""VE2_Dzp"", ""VE2_Dzpe"", ""VE2_Dzse"", ""VE2_Dzv"", ""VE3_A"", ""VE3_D"", ""VE3_DzZ"", ""VE3_Dzare"", ""VE3_Dzi"", ""VE3_Dzm"", ""VE3_Dzp"", ""VE3_Dzpe"", ""VE3_Dzse"", ""VE3_Dzv"", ""VR1_D"", ""VR1_DzZ"", ""VR1_Dzare"", ""VR1_Dzi"", ""VR1_Dzm"", ""VR1_Dzp"", ""VR1_Dzpe"", ""VR1_Dzse"", ""VR1_Dzv"", ""VR2_D"", ""VR2_DzZ"", ""VR2_Dzare"", ""VR2_Dzi"", ""VR2_Dzm"", ""VR2_Dzp"", ""VR2_Dzpe"", ""VR2_Dzse"", ""VR2_Dzv"", ""VR3_D"", ""VR3_DzZ"", ""VR3_Dzare"", ""VR3_Dzi"", ""VR3_Dzm"", ""VR3_Dzp"", ""VR3_Dzpe"", ""VR3_Dzse"", ""VR3_Dzv"", ""Xp-0d"", ""Xp-1d"", ""Xp-2d"", ""Xp-3d"", ""ZMIC0"", ""Zagreb1"", ""Zagreb2"", ""mZagreb2"", ""nBondsO"", ""nHeavyAtom""]"
final,120,119,VE2_DzZ,VR1_Dzp,VR1_Dzp,algorithmic_medoid,False,False,18,0.02030685549142186,0.9796931445085781,0.9158476788304395,0.9999829260023033,0.002325581395348837,858,0.008806282588419511,"[""ATS0d"", ""ATS1Z"", ""ATS1d"", ""ATS1m"", ""ATS1s"", ""ATS2Z"", ""ATS2m"", ""ATS3Z"", ""ATS3m"", ""ATS4Z"", ""ATS4m"", ""ATS5Z"", ""ATS5m"", ""ATS6Z"", ""ATS6m"", ""ATS7Z"", ""ATS7dv"", ""ATS7m"", ""ATS8Z"", ""ATS8dv"", ""ATS8m"", ""ETA_alpha"", ""ETA_beta_s"", ""ETA_eta_R"", ""ETA_eta_RL"", ""GGI10"", ""GGI6"", ""GGI7"", ""GGI8"", ""GGI9"", ""GRAV"", ""GRAVH"", ""GRAVHp"", ""GRAVp"", ""Kier1"", ""LabuteASA"", ""LogEE_A"", ""MID"", ""MOMI-Z"", ""MPC2"", ""MW"", ""MWC01"", ""MWC02"", ""MWC03"", ""SRW02"", ""SRW04"", ""SZ"", ""Sm"", ""SpAD_A"", ""SpAbs_A"", ""TIC0"", ""TIC1"", ""TMWC10"", ""VAdjMat"", ""VE1_D"", ""VE1_DzZ"", ""VE1_Dzare"", ""VE1_Dzi"", ""VE1_Dzm"", ""VE1_Dzp"", ""VE1_Dzpe"", ""VE1_Dzse"", ""VE1_Dzv"", ""VE2_D"", ""VE2_DzZ"", ""VE2_Dzare"", ""VE2_Dzi"", ""VE2_Dzm"", ""VE2_Dzp"", ""VE2_Dzpe"", ""VE2_Dzse"", ""VE2_Dzv"", ""VE3_A"", ""VE3_D"", ""VE3_DzZ"", ""VE3_Dzare"", ""VE3_Dzi"", ""VE3_Dzm"", ""VE3_Dzp"", ""VE3_Dzpe"", ""VE3_Dzse"", ""VE3_Dzv"", ""VR1_D"", ""VR1_DzZ"", ""VR1_Dzare"", ""VR1_Dzi"", ""VR1_Dzm"", ""VR1_Dzp"", ""VR1_Dzpe"", ""VR1_Dzse"", ""VR1_Dzv"", ""VR2_D"", ""VR2_DzZ"", ""VR2_Dzare"", ""VR2_Dzi"", ""VR2_Dzm"", ""VR2_Dzp"", ""VR2_Dzpe"", ""VR2_Dzse"", ""VR2_Dzv"", ""VR3_D"", ""VR3_DzZ"", ""VR3_Dzare"", ""VR3_Dzi"", ""VR3_Dzm"", ""VR3_Dzp"", ""VR3_Dzpe"", ""VR3_Dzse"", ""VR3_Dzv"", ""Xp-0d"", ""Xp-1d"", ""Xp-2d"", ""Xp-3d"", ""ZMIC0"", ""Zagreb1"", ""Zagreb2"", ""mZagreb2"", ""nBondsO"", ""nHeavyAtom""]"
final,120,119,VE3_Dzi,VR1_Dzp,VR1_Dzp,algorithmic_medoid,False,False,19,0.020321917762632924,0.9796780822373671,0.9157930535218287,0.999995717350854,0.002325581395348837,858,0.8830445999982909,"[""ATS0d"", ""ATS1Z"", ""ATS1d"", ""ATS1m"", ""ATS1s"", ""ATS2Z"", ""ATS2m"", ""ATS3Z"", ""ATS3m"", ""ATS4Z"", ""ATS4m"", ""ATS5Z"", ""ATS5m"", ""ATS6Z"", ""ATS6m"", ""ATS7Z"", ""ATS7dv"", ""ATS7m"", ""ATS8Z"", ""ATS8dv"", ""ATS8m"", ""ETA_alpha"", ""ETA_beta_s"", ""ETA_eta_R"", ""ETA_eta_RL"", ""GGI10"", ""GGI6"", ""GGI7"", ""GGI8"", ""GGI9"", ""GRAV"", ""GRAVH"", ""GRAVHp"", ""GRAVp"", ""Kier1"", ""LabuteASA"", ""LogEE_A"", ""MID"", ""MOMI-Z"", ""MPC2"", ""MW"", ""MWC01"", ""MWC02"", ""MWC03"", ""SRW02"", ""SRW04"", ""SZ"", ""Sm"", ""SpAD_A"", ""SpAbs_A"", ""TIC0"", ""TIC1"", ""TMWC10"", ""VAdjMat"", ""VE1_D"", ""VE1_DzZ"", ""VE1_Dzare"", ""VE1_Dzi"", ""VE1_Dzm"", ""VE1_Dzp"", ""VE1_Dzpe"", ""VE1_Dzse"", ""VE1_Dzv"", ""VE2_D"", ""VE2_DzZ"", ""VE2_Dzare"", ""VE2_Dzi"", ""VE2_Dzm"", ""VE2_Dzp"", ""VE2_Dzpe"", ""VE2_Dzse"", ""VE2_Dzv"", ""VE3_A"", ""VE3_D"", ""VE3_DzZ"", ""VE3_Dzare"", ""VE3_Dzi"", ""VE3_Dzm"", ""VE3_Dzp"", ""VE3_Dzpe"", ""VE3_Dzse"", ""VE3_Dzv"", ""VR1_D"", ""VR1_DzZ"", ""VR1_Dzare"", ""VR1_Dzi"", ""VR1_Dzm"", ""VR1_Dzp"", ""VR1_Dzpe"", ""VR1_Dzse"", ""VR1_Dzv"", ""VR2_D"", ""VR2_DzZ"", ""VR2_Dzare"", ""VR2_Dzi"", ""VR2_Dzm"", ""VR2_Dzp"", ""VR2_Dzpe"", ""VR2_Dzse"", ""VR2_Dzv"", ""VR3_D"", ""VR3_DzZ"", ""VR3_Dzare"", ""VR3_Dzi"", ""VR3_Dzm"", ""VR3_Dzp"", ""VR3_Dzpe"", ""VR3_Dzse"", ""VR3_Dzv"", ""Xp-0d"", ""Xp-1d"", ""Xp-2d"", ""Xp-3d"", ""ZMIC0"", ""Zagreb1"", ""Zagreb2"", ""mZagreb2"", ""nBondsO"", ""nHeavyAtom""]"
final,120,119,VE1_DzZ,VR1_Dzp,VR1_Dzp,algorithmic_medoid,False,False,20,0.02032288287269024,0.9796771171273098,0.9156518996107028,0.9999976794456169,0.002325581395348837,858,2.18674810590798,"[""ATS0d"", ""ATS1Z"", ""ATS1d"", ""ATS1m"", ""ATS1s"", ""ATS2Z"", ""ATS2m"", ""ATS3Z"", ""ATS3m"", ""ATS4Z"", ""ATS4m"", ""ATS5Z"", ""ATS5m"", ""ATS6Z"", ""ATS6m"", ""ATS7Z"", ""ATS7dv"", ""ATS7m"", ""ATS8Z"", ""ATS8dv"", ""ATS8m"", ""ETA_alpha"", ""ETA_beta_s"", ""ETA_eta_R"", ""ETA_eta_RL"", ""GGI10"", ""GGI6"", ""GGI7"", ""GGI8"", ""GGI9"", ""GRAV"", ""GRAVH"", ""GRAVHp"", ""GRAVp"", ""Kier1"", ""LabuteASA"", ""LogEE_A"", ""MID"", ""MOMI-Z"", ""MPC2"", ""MW"", ""MWC01"", ""MWC02"", ""MWC03"", ""SRW02"", ""SRW04"", ""SZ"", ""Sm"", ""SpAD_A"", ""SpAbs_A"", ""TIC0"", ""TIC1"", ""TMWC10"", ""VAdjMat"", ""VE1_D"", ""VE1_DzZ"", ""VE1_Dzare"", ""VE1_Dzi"", ""VE1_Dzm"", ""VE1_Dzp"", ""VE1_Dzpe"", ""VE1_Dzse"", ""VE1_Dzv"", ""VE2_D"", ""VE2_DzZ"", ""VE2_Dzare"", ""VE2_Dzi"", ""VE2_Dzm"", ""VE2_Dzp"", ""VE2_Dzpe"", ""VE2_Dzse"", ""VE2_Dzv"", ""VE3_A"", ""VE3_D"", ""VE3_DzZ"", ""VE3_Dzare"", ""VE3_Dzi"", ""VE3_Dzm"", ""VE3_Dzp"", ""VE3_Dzpe"", ""VE3_Dzse"", ""VE3_Dzv"", ""VR1_D"", ""VR1_DzZ"", ""VR1_Dzare"", ""VR1_Dzi"", ""VR1_Dzm"", ""VR1_Dzp"", ""VR1_Dzpe"", ""VR1_Dzse"", ""VR1_Dzv"", ""VR2_D"", ""VR2_DzZ"", ""VR2_Dzare"", ""VR2_Dzi"", ""VR2_Dzm"", ""VR2_Dzp"", ""VR2_Dzpe"", ""VR2_Dzse"", ""VR2_Dzv"", ""VR3_D"", ""VR3_DzZ"", ""VR3_Dzare"", ""VR3_Dzi"", ""VR3_Dzm"", ""VR3_Dzp"", ""VR3_Dzpe"", ""VR3_Dzse"", ""VR3_Dzv"", ""Xp-0d"", ""Xp-1d"", ""Xp-2d"", ""Xp-3d"", ""ZMIC0"", ""Zagreb1"", ""Zagreb2"", ""mZagreb2"", ""nBondsO"", ""nHeavyAtom""]"
final,120,119,VE1_Dzm,VR1_Dzp,VR1_Dzp,algorithmic_medoid,False,False,21,0.020323554102177455,0.9796764458978225,0.9156129758936499,0.9999631729906034,0.002325581395348837,858,2.18563772368306,"[""ATS0d"", ""ATS1Z"", ""ATS1d"", ""ATS1m"", ""ATS1s"", ""ATS2Z"", ""ATS2m"", ""ATS3Z"", ""ATS3m"", ""ATS4Z"", ""ATS4m"", ""ATS5Z"", ""ATS5m"", ""ATS6Z"", ""ATS6m"", ""ATS7Z"", ""ATS7dv"", ""ATS7m"", ""ATS8Z"", ""ATS8dv"", ""ATS8m"", ""ETA_alpha"", ""ETA_beta_s"", ""ETA_eta_R"", ""ETA_eta_RL"", ""GGI10"", ""GGI6"", ""GGI7"", ""GGI8"", ""GGI9"", ""GRAV"", ""GRAVH"", ""GRAVHp"", ""GRAVp"", ""Kier1"", ""LabuteASA"", ""LogEE_A"", ""MID"", ""MOMI-Z"", ""MPC2"", ""MW"", ""MWC01"", ""MWC02"", ""MWC03"", ""SRW02"", ""SRW04"", ""SZ"", ""Sm"", ""SpAD_A"", ""SpAbs_A"", ""TIC0"", ""TIC1"", ""TMWC10"", ""VAdjMat"", ""VE1_D"", ""VE1_DzZ"", ""VE1_Dzare"", ""VE1_Dzi"", ""VE1_Dzm"", ""VE1_Dzp"", ""VE1_Dzpe"", ""VE1_Dzse"", ""VE1_Dzv"", ""VE2_D"", ""VE2_DzZ"", ""VE2_Dzare"", ""VE2_Dzi"", ""VE2_Dzm"", ""VE2_Dzp"", ""VE2_Dzpe"", ""VE2_Dzse"", ""VE2_Dzv"", ""VE3_A"", ""VE3_D"", ""VE3_DzZ"", ""VE3_Dzare"", ""VE3_Dzi"", ""VE3_Dzm"", ""VE3_Dzp"", ""VE3_Dzpe"", ""VE3_Dzse"", ""VE3_Dzv"", ""VR1_D"", ""VR1_DzZ"", ""VR1_Dzare"", ""VR1_Dzi"", ""VR1_Dzm"", ""VR1_Dzp"", ""VR1_Dzpe"", ""VR1_Dzse"", ""VR1_Dzv"", ""VR2_D"", ""VR2_DzZ"", ""VR2_Dzare"", ""VR2_Dzi"", ""VR2_Dzm"", ""VR2_Dzp"", ""VR2_Dzpe"", ""VR2_Dzse"", ""VR2_Dzv"", ""VR3_D"", ""VR3_DzZ"", ""VR3_Dzare"", ""VR3_Dzi"", ""VR3_Dzm"", ""VR3_Dzp"", ""VR3_Dzpe"", ""VR3_Dzse"", ""VR3_Dzv"", ""Xp-0d"", ""Xp-1d"", ""Xp-2d"", ""Xp-3d"", ""ZMIC0"", ""Zagreb1"", ""Zagreb2"", ""mZagreb2"", ""nBondsO"", ""nHeavyAtom""]"
final,120,119,VE3_Dzse,VR1_Dzp,VR1_Dzp,algorithmic_medoid,False,False,22,0.020342539341589694,0.9796574606584103,0.915645558583343,0.9999968115960103,0.002325581395348837,858,0.8829624315639971,"[""ATS0d"", ""ATS1Z"", ""ATS1d"", ""ATS1m"", ""ATS1s"", ""ATS2Z"", ""ATS2m"", ""ATS3Z"", ""ATS3m"", ""ATS4Z"", ""ATS4m"", ""ATS5Z"", ""ATS5m"", ""ATS6Z"", ""ATS6m"", ""ATS7Z"", ""ATS7dv"", ""ATS7m"", ""ATS8Z"", ""ATS8dv"", ""ATS8m"", ""ETA_alpha"", ""ETA_beta_s"", ""ETA_eta_R"", ""ETA_eta_RL"", ""GGI10"", ""GGI6"", ""GGI7"", ""GGI8"", ""GGI9"", ""GRAV"", ""GRAVH"", ""GRAVHp"", ""GRAVp"", ""Kier1"", ""LabuteASA"", ""LogEE_A"", ""MID"", ""MOMI-Z"", ""MPC2"", ""MW"", ""MWC01"", ""MWC02"", ""MWC03"", ""SRW02"", ""SRW04"", ""SZ"", ""Sm"", ""SpAD_A"", ""SpAbs_A"", ""TIC0"", ""TIC1"", ""TMWC10"", ""VAdjMat"", ""VE1_D"", ""VE1_DzZ"", ""VE1_Dzare"", ""VE1_Dzi"", ""VE1_Dzm"", ""VE1_Dzp"", ""VE1_Dzpe"", ""VE1_Dzse"", ""VE1_Dzv"", ""VE2_D"", ""VE2_DzZ"", ""VE2_Dzare"", ""VE2_Dzi"", ""VE2_Dzm"", ""VE2_Dzp"", ""VE2_Dzpe"", ""VE2_Dzse"", ""VE2_Dzv"", ""VE3_A"", ""VE3_D"", ""VE3_DzZ"", ""VE3_Dzare"", ""VE3_Dzi"", ""VE3_Dzm"", ""VE3_Dzp"", ""VE3_Dzpe"", ""VE3_Dzse"", ""VE3_Dzv"", ""VR1_D"", ""VR1_DzZ"", ""VR1_Dzare"", ""VR1_Dzi"", ""VR1_Dzm"", ""VR1_Dzp"", ""VR1_Dzpe"", ""VR1_Dzse"", ""VR1_Dzv"", ""VR2_D"", ""VR2_DzZ"", ""VR2_Dzare"", ""VR2_Dzi"", ""VR2_Dzm"", ""VR2_Dzp"", ""VR2_Dzpe"", ""VR2_Dzse"", ""VR2_Dzv"", ""VR3_D"", ""VR3_DzZ"", ""VR3_Dzare"", ""VR3_Dzi"", ""VR3_Dzm"", ""VR3_Dzp"", ""VR3_Dzpe"", ""VR3_Dzse"", ""VR3_Dzv"", ""Xp-0d"", ""Xp-1d"", ""Xp-2d"", ""Xp-3d"", ""ZMIC0"", ""Zagreb1"", ""Zagreb2"", ""mZagreb2"", ""nBondsO"", ""nHeavyAtom""]"
final,120,119,VE1_Dzi,VR1_Dzp,VR1_Dzp,algorithmic_medoid,False,False,23,0.020343816086301203,0.9796561839136988,0.9157381923119026,0.999995717350854,0.002325581395348837,858,2.1869453828069014,"[""ATS0d"", ""ATS1Z"", ""ATS1d"", ""ATS1m"", ""ATS1s"", ""ATS2Z"", ""ATS2m"", ""ATS3Z"", ""ATS3m"", ""ATS4Z"", ""ATS4m"", ""ATS5Z"", ""ATS5m"", ""ATS6Z"", ""ATS6m"", ""ATS7Z"", ""ATS7dv"", ""ATS7m"", ""ATS8Z"", ""ATS8dv"", ""ATS8m"", ""ETA_alpha"", ""ETA_beta_s"", ""ETA_eta_R"", ""ETA_eta_RL"", ""GGI10"", ""GGI6"", ""GGI7"", ""GGI8"", ""GGI9"", ""GRAV"", ""GRAVH"", ""GRAVHp"", ""GRAVp"", ""Kier1"", ""LabuteASA"", ""LogEE_A"", ""MID"", ""MOMI-Z"", ""MPC2"", ""MW"", ""MWC01"", ""MWC02"", ""MWC03"", ""SRW02"", ""SRW04"", ""SZ"", ""Sm"", ""SpAD_A"", ""SpAbs_A"", ""TIC0"", ""TIC1"", ""TMWC10"", ""VAdjMat"", ""VE1_D"", ""VE1_DzZ"", ""VE1_Dzare"", ""VE1_Dzi"", ""VE1_Dzm"", ""VE1_Dzp"", ""VE1_Dzpe"", ""VE1_Dzse"", ""VE1_Dzv"", ""VE2_D"", ""VE2_DzZ"", ""VE2_Dzare"", ""VE2_Dzi"", ""VE2_Dzm"", ""VE2_Dzp"", ""VE2_Dzpe"", ""VE2_Dzse"", ""VE2_Dzv"", ""VE3_A"", ""VE3_D"", ""VE3_DzZ"", ""VE3_Dzare"", ""VE3_Dzi"", ""VE3_Dzm"", ""VE3_Dzp"", ""VE3_Dzpe"", ""VE3_Dzse"", ""VE3_Dzv"", ""VR1_D"", ""VR1_DzZ"", ""VR1_Dzare"", ""VR1_Dzi"", ""VR1_Dzm"", ""VR1_Dzp"", ""VR1_Dzpe"", ""VR1_Dzse"", ""VR1_Dzv"", ""VR2_D"", ""VR2_DzZ"", ""VR2_Dzare"", ""VR2_Dzi"", ""VR2_Dzm"", ""VR2_Dzp"", ""VR2_Dzpe"", ""VR2_Dzse"", ""VR2_Dzv"", ""VR3_D"", ""VR3_DzZ"", ""VR3_Dzare"", ""VR3_Dzi"", ""VR3_Dzm"", ""VR3_Dzp"", ""VR3_Dzpe"", ""VR3_Dzse"", ""VR3_Dzv"", ""Xp-0d"", ""Xp-1d"", ""Xp-2d"", ""Xp-3d"", ""ZMIC0"", ""Zagreb1"", ""Zagreb2"", ""mZagreb2"", ""nBondsO"", ""nHeavyAtom""]"
final,120,119,VE1_Dzse,VR1_Dzp,VR1_Dzp,algorithmic_medoid,False,False,24,0.020362446095793407,0.9796375539042066,0.9155899991055229,0.9999968115960103,0.002325581395348837,858,2.1862238542060672,"[""ATS0d"", ""ATS1Z"", ""ATS1d"", ""ATS1m"", ""ATS1s"", ""ATS2Z"", ""ATS2m"", ""ATS3Z"", ""ATS3m"", ""ATS4Z"", ""ATS4m"", ""ATS5Z"", ""ATS5m"", ""ATS6Z"", ""ATS6m"", ""ATS7Z"", ""ATS7dv"", ""ATS7m"", ""ATS8Z"", ""ATS8dv"", ""ATS8m"", ""ETA_alpha"", ""ETA_beta_s"", ""ETA_eta_R"", ""ETA_eta_RL"", ""GGI10"", ""GGI6"", ""GGI7"", ""GGI8"", ""GGI9"", ""GRAV"", ""GRAVH"", ""GRAVHp"", ""GRAVp"", ""Kier1"", ""LabuteASA"", ""LogEE_A"", ""MID"", ""MOMI-Z"", ""MPC2"", ""MW"", ""MWC01"", ""MWC02"", ""MWC03"", ""SRW02"", ""SRW04"", ""SZ"", ""Sm"", ""SpAD_A"", ""SpAbs_A"", ""TIC0"", ""TIC1"", ""TMWC10"", ""VAdjMat"", ""VE1_D"", ""VE1_DzZ"", ""VE1_Dzare"", ""VE1_Dzi"", ""VE1_Dzm"", ""VE1_Dzp"", ""VE1_Dzpe"", ""VE1_Dzse"", ""VE1_Dzv"", ""VE2_D"", ""VE2_DzZ"", ""VE2_Dzare"", ""VE2_Dzi"", ""VE2_Dzm"", ""VE2_Dzp"", ""VE2_Dzpe"", ""VE2_Dzse"", ""VE2_Dzv"", ""VE3_A"", ""VE3_D"", ""VE3_DzZ"", ""VE3_Dzare"", ""VE3_Dzi"", ""VE3_Dzm"", ""VE3_Dzp"", ""VE3_Dzpe"", ""VE3_Dzse"", ""VE3_Dzv"", ""VR1_D"", ""VR1_DzZ"", ""VR1_Dzare"", ""VR1_Dzi"", ""VR1_Dzm"", ""VR1_Dzp"", ""VR1_Dzpe"", ""VR1_Dzse"", ""VR1_Dzv"", ""VR2_D"", ""VR2_DzZ"", ""VR2_Dzare"", ""VR2_Dzi"", ""VR2_Dzm"", ""VR2_Dzp"", ""VR2_Dzpe"", ""VR2_Dzse"", ""VR2_Dzv"", ""VR3_D"", ""VR3_DzZ"", ""VR3_Dzare"", ""VR3_Dzi"", ""VR3_Dzm"", ""VR3_Dzp"", ""VR3_Dzpe"", ""VR3_Dzse"", ""VR3_Dzv"", ""Xp-0d"", ""Xp-1d"", ""Xp-2d"", ""Xp-3d"", ""ZMIC0"", ""Zagreb1"", ""Zagreb2"", ""mZagreb2"", ""nBondsO"", ""nHeavyAtom""]"
final,120,119,VE2_Dzm,VR1_Dzp,VR1_Dzp,algorithmic_medoid,False,False,25,0.020382006914290707,0.9796179930857093,0.9157966203497186,0.9999829260023033,0.002325581395348837,858,0.008807788408761327,"[""ATS0d"", ""ATS1Z"", ""ATS1d"", ""ATS1m"", ""ATS1s"", ""ATS2Z"", ""ATS2m"", ""ATS3Z"", ""ATS3m"", ""ATS4Z"", ""ATS4m"", ""ATS5Z"", ""ATS5m"", ""ATS6Z"", ""ATS6m"", ""ATS7Z"", ""ATS7dv"", ""ATS7m"", ""ATS8Z"", ""ATS8dv"", ""ATS8m"", ""ETA_alpha"", ""ETA_beta_s"", ""ETA_eta_R"", ""ETA_eta_RL"", ""GGI10"", ""GGI6"", ""GGI7"", ""GGI8"", ""GGI9"", ""GRAV"", ""GRAVH"", ""GRAVHp"", ""GRAVp"", ""Kier1"", ""LabuteASA"", ""LogEE_A"", ""MID"", ""MOMI-Z"", ""MPC2"", ""MW"", ""MWC01"", ""MWC02"", ""MWC03"", ""SRW02"", ""SRW04"", ""SZ"", ""Sm"", ""SpAD_A"", ""SpAbs_A"", ""TIC0"", ""TIC1"", ""TMWC10"", ""VAdjMat"", ""VE1_D"", ""VE1_DzZ"", ""VE1_Dzare"", ""VE1_Dzi"", ""VE1_Dzm"", ""VE1_Dzp"", ""VE1_Dzpe"", ""VE1_Dzse"", ""VE1_Dzv"", ""VE2_D"", ""VE2_DzZ"", ""VE2_Dzare"", ""VE2_Dzi"", ""VE2_Dzm"", ""VE2_Dzp"", ""VE2_Dzpe"", ""VE2_Dzse"", ""VE2_Dzv"", ""VE3_A"", ""VE3_D"", ""VE3_DzZ"", ""VE3_Dzare"", ""VE3_Dzi"", ""VE3_Dzm"", ""VE3_Dzp"", ""VE3_Dzpe"", ""VE3_Dzse"", ""VE3_Dzv"", ""VR1_D"", ""VR1_DzZ"", ""VR1_Dzare"", ""VR1_Dzi"", ""VR1_Dzm"", ""VR1_Dzp"", ""VR1_Dzpe"", ""VR1_Dzse"", ""VR1_Dzv"", ""VR2_D"", ""VR2_DzZ"", ""VR2_Dzare"", ""VR2_Dzi"", ""VR2_Dzm"", ""VR2_Dzp"", ""VR2_Dzpe"", ""VR2_Dzse"", ""VR2_Dzv"", ""VR3_D"", ""VR3_DzZ"", ""VR3_Dzare"", ""VR3_Dzi"", ""VR3_Dzm"", ""VR3_Dzp"", ""VR3_Dzpe"", ""VR3_Dzse"", ""VR3_Dzv"", ""Xp-0d"", ""Xp-1d"", ""Xp-2d"", ""Xp-3d"", ""ZMIC0"", ""Zagreb1"", ""Zagreb2"", ""mZagreb2"", ""nBondsO"", ""nHeavyAtom""]"
final,120,119,VE3_D,VR1_Dzp,VR1_Dzp,algorithmic_medoid,False,False,26,0.02046236860045536,0.9795376313995446,0.9151100716025873,0.9999985944598265,0.002325581395348837,858,0.882870647864534,"[""ATS0d"", ""ATS1Z"", ""ATS1d"", ""ATS1m"", ""ATS1s"", ""ATS2Z"", ""ATS2m"", ""ATS3Z"", ""ATS3m"", ""ATS4Z"", ""ATS4m"", ""ATS5Z"", ""ATS5m"", ""ATS6Z"", ""ATS6m"", ""ATS7Z"", ""ATS7dv"", ""ATS7m"", ""ATS8Z"", ""ATS8dv"", ""ATS8m"", ""ETA_alpha"", ""ETA_beta_s"", ""ETA_eta_R"", ""ETA_eta_RL"", ""GGI10"", ""GGI6"", ""GGI7"", ""GGI8"", ""GGI9"", ""GRAV"", ""GRAVH"", ""GRAVHp"", ""GRAVp"", ""Kier1"", ""LabuteASA"", ""LogEE_A"", ""MID"", ""MOMI-Z"", ""MPC2"", ""MW"", ""MWC01"", ""MWC02"", ""MWC03"", ""SRW02"", ""SRW04"", ""SZ"", ""Sm"", ""SpAD_A"", ""SpAbs_A"", ""TIC0"", ""TIC1"", ""TMWC10"", ""VAdjMat"", ""VE1_D"", ""VE1_DzZ"", ""VE1_Dzare"", ""VE1_Dzi"", ""VE1_Dzm"", ""VE1_Dzp"", ""VE1_Dzpe"", ""VE1_Dzse"", ""VE1_Dzv"", ""VE2_D"", ""VE2_DzZ"", ""VE2_Dzare"", ""VE2_Dzi"", ""VE2_Dzm"", ""VE2_Dzp"", ""VE2_Dzpe"", ""VE2_Dzse"", ""VE2_Dzv"", ""VE3_A"", ""VE3_D"", ""VE3_DzZ"", ""VE3_Dzare"", ""VE3_Dzi"", ""VE3_Dzm"", ""VE3_Dzp"", ""VE3_Dzpe"", ""VE3_Dzse"", ""VE3_Dzv"", ""VR1_D"", ""VR1_DzZ"", ""VR1_Dzare"", ""VR1_Dzi"", ""VR1_Dzm"", ""VR1_Dzp"", ""VR1_Dzpe"", ""VR1_Dzse"", ""VR1_Dzv"", ""VR2_D"", ""VR2_DzZ"", ""VR2_Dzare"", ""VR2_Dzi"", ""VR2_Dzm"", ""VR2_Dzp"", ""VR2_Dzpe"", ""VR2_Dzse"", ""VR2_Dzv"", ""VR3_D"", ""VR3_DzZ"", ""VR3_Dzare"", ""VR3_Dzi"", ""VR3_Dzm"", ""VR3_Dzp"", ""VR3_Dzpe"", ""VR3_Dzse"", ""VR3_Dzv"", ""Xp-0d"", ""Xp-1d"", ""Xp-2d"", ""Xp-3d"", ""ZMIC0"", ""Zagreb1"", ""Zagreb2"", ""mZagreb2"", ""nBondsO"", ""nHeavyAtom""]"
final,120,119,VE1_D,VR1_Dzp,VR1_Dzp,algorithmic_medoid,False,False,27,0.020466847203847505,0.9795331527961525,0.9151132399144895,0.9999985944598265,0.002325581395348837,858,2.186589088246993,"[""ATS0d"", ""ATS1Z"", ""ATS1d"", ""ATS1m"", ""ATS1s"", ""ATS2Z"", ""ATS2m"", ""ATS3Z"", ""ATS3m"", ""ATS4Z"", ""ATS4m"", ""ATS5Z"", ""ATS5m"", ""ATS6Z"", ""ATS6m"", ""ATS7Z"", ""ATS7dv"", ""ATS7m"", ""ATS8Z"", ""ATS8dv"", ""ATS8m"", ""ETA_alpha"", ""ETA_beta_s"", ""ETA_eta_R"", ""ETA_eta_RL"", ""GGI10"", ""GGI6"", ""GGI7"", ""GGI8"", ""GGI9"", ""GRAV"", ""GRAVH"", ""GRAVHp"", ""GRAVp"", ""Kier1"", ""LabuteASA"", ""LogEE_A"", ""MID"", ""MOMI-Z"", ""MPC2"", ""MW"", ""MWC01"", ""MWC02"", ""MWC03"", ""SRW02"", ""SRW04"", ""SZ"", ""Sm"", ""SpAD_A"", ""SpAbs_A"", ""TIC0"", ""TIC1"", ""TMWC10"", ""VAdjMat"", ""VE1_D"", ""VE1_DzZ"", ""VE1_Dzare"", ""VE1_Dzi"", ""VE1_Dzm"", ""VE1_Dzp"", ""VE1_Dzpe"", ""VE1_Dzse"", ""VE1_Dzv"", ""VE2_D"", ""VE2_DzZ"", ""VE2_Dzare"", ""VE2_Dzi"", ""VE2_Dzm"", ""VE2_Dzp"", ""VE2_Dzpe"", ""VE2_Dzse"", ""VE2_Dzv"", ""VE3_A"", ""VE3_D"", ""VE3_DzZ"", ""VE3_Dzare"", ""VE3_Dzi"", ""VE3_Dzm"", ""VE3_Dzp"", ""VE3_Dzpe"", ""VE3_Dzse"", ""VE3_Dzv"", ""VR1_D"", ""VR1_DzZ"", ""VR1_Dzare"", ""VR1_Dzi"", ""VR1_Dzm"", ""VR1_Dzp"", ""VR1_Dzpe"", ""VR1_Dzse"", ""VR1_Dzv"", ""VR2_D"", ""VR2_DzZ"", ""VR2_Dzare"", ""VR2_Dzi"", ""VR2_Dzm"", ""VR2_Dzp"", ""VR2_Dzpe"", ""VR2_Dzse"", ""VR2_Dzv"", ""VR3_D"", ""VR3_DzZ"", ""VR3_Dzare"", ""VR3_Dzi"", ""VR3_Dzm"", ""VR3_Dzp"", ""VR3_Dzpe"", ""VR3_Dzse"", ""VR3_Dzv"", ""Xp-0d"", ""Xp-1d"", ""Xp-2d"", ""Xp-3d"", ""ZMIC0"", ""Zagreb1"", ""Zagreb2"", ""mZagreb2"", ""nBondsO"", ""nHeavyAtom""]"
final,120,119,VE3_Dzv,VR1_Dzp,VR1_Dzp,algorithmic_medoid,False,False,28,0.020758723504304744,0.9792412764956953,0.913608135537925,0.9999943589775566,0.002325581395348837,858,0.8831153094535247,"[""ATS0d"", ""ATS1Z"", ""ATS1d"", ""ATS1m"", ""ATS1s"", ""ATS2Z"", ""ATS2m"", ""ATS3Z"", ""ATS3m"", ""ATS4Z"", ""ATS4m"", ""ATS5Z"", ""ATS5m"", ""ATS6Z"", ""ATS6m"", ""ATS7Z"", ""ATS7dv"", ""ATS7m"", ""ATS8Z"", ""ATS8dv"", ""ATS8m"", ""ETA_alpha"", ""ETA_beta_s"", ""ETA_eta_R"", ""ETA_eta_RL"", ""GGI10"", ""GGI6"", ""GGI7"", ""GGI8"", ""GGI9"", ""GRAV"", ""GRAVH"", ""GRAVHp"", ""GRAVp"", ""Kier1"", ""LabuteASA"", ""LogEE_A"", ""MID"", ""MOMI-Z"", ""MPC2"", ""MW"", ""MWC01"", ""MWC02"", ""MWC03"", ""SRW02"", ""SRW04"", ""SZ"", ""Sm"", ""SpAD_A"", ""SpAbs_A"", ""TIC0"", ""TIC1"", ""TMWC10"", ""VAdjMat"", ""VE1_D"", ""VE1_DzZ"", ""VE1_Dzare"", ""VE1_Dzi"", ""VE1_Dzm"", ""VE1_Dzp"", ""VE1_Dzpe"", ""VE1_Dzse"", ""VE1_Dzv"", ""VE2_D"", ""VE2_DzZ"", ""VE2_Dzare"", ""VE2_Dzi"", ""VE2_Dzm"", ""VE2_Dzp"", ""VE2_Dzpe"", ""VE2_Dzse"", ""VE2_Dzv"", ""VE3_A"", ""VE3_D"", ""VE3_DzZ"", ""VE3_Dzare"", ""VE3_Dzi"", ""VE3_Dzm"", ""VE3_Dzp"", ""VE3_Dzpe"", ""VE3_Dzse"", ""VE3_Dzv"", ""VR1_D"", ""VR1_DzZ"", ""VR1_Dzare"", ""VR1_Dzi"", ""VR1_Dzm"", ""VR1_Dzp"", ""VR1_Dzpe"", ""VR1_Dzse"", ""VR1_Dzv"", ""VR2_D"", ""VR2_DzZ"", ""VR2_Dzare"", ""VR2_Dzi"", ""VR2_Dzm"", ""VR2_Dzp"", ""VR2_Dzpe"", ""VR2_Dzse"", ""VR2_Dzv"", ""VR3_D"", ""VR3_DzZ"", ""VR3_Dzare"", ""VR3_Dzi"", ""VR3_Dzm"", ""VR3_Dzp"", ""VR3_Dzpe"", ""VR3_Dzse"", ""VR3_Dzv"", ""Xp-0d"", ""Xp-1d"", ""Xp-2d"", ""Xp-3d"", ""ZMIC0"", ""Zagreb1"", ""Zagreb2"", ""mZagreb2"", ""nBondsO"", ""nHeavyAtom""]"
final,120,119,VE1_Dzv,VR1_Dzp,VR1_Dzp,algorithmic_medoid,False,False,29,0.020797145439344966,0.979202854560655,0.9135171719906789,0.9999943589775566,0.002325581395348837,858,2.1859206591975244,"[""ATS0d"", ""ATS1Z"", ""ATS1d"", ""ATS1m"", ""ATS1s"", ""ATS2Z"", ""ATS2m"", ""ATS3Z"", ""ATS3m"", ""ATS4Z"", ""ATS4m"", ""ATS5Z"", ""ATS5m"", ""ATS6Z"", ""ATS6m"", ""ATS7Z"", ""ATS7dv"", ""ATS7m"", ""ATS8Z"", ""ATS8dv"", ""ATS8m"", ""ETA_alpha"", ""ETA_beta_s"", ""ETA_eta_R"", ""ETA_eta_RL"", ""GGI10"", ""GGI6"", ""GGI7"", ""GGI8"", ""GGI9"", ""GRAV"", ""GRAVH"", ""GRAVHp"", ""GRAVp"", ""Kier1"", ""LabuteASA"", ""LogEE_A"", ""MID"", ""MOMI-Z"", ""MPC2"", ""MW"", ""MWC01"", ""MWC02"", ""MWC03"", ""SRW02"", ""SRW04"", ""SZ"", ""Sm"", ""SpAD_A"", ""SpAbs_A"", ""TIC0"", ""TIC1"", ""TMWC10"", ""VAdjMat"", ""VE1_D"", ""VE1_DzZ"", ""VE1_Dzare"", ""VE1_Dzi"", ""VE1_Dzm"", ""VE1_Dzp"", ""VE1_Dzpe"", ""VE1_Dzse"", ""VE1_Dzv"", ""VE2_D"", ""VE2_DzZ"", ""VE2_Dzare"", ""VE2_Dzi"", ""VE2_Dzm"", ""VE2_Dzp"", ""VE2_Dzpe"", ""VE2_Dzse"", ""VE2_Dzv"", ""VE3_A"", ""VE3_D"", ""VE3_DzZ"", ""VE3_Dzare"", ""VE3_Dzi"", ""VE3_Dzm"", ""VE3_Dzp"", ""VE3_Dzpe"", ""VE3_Dzse"", ""VE3_Dzv"", ""VR1_D"", ""VR1_DzZ"", ""VR1_Dzare"", ""VR1_Dzi"", ""VR1_Dzm"", ""VR1_Dzp"", ""VR1_Dzpe"", ""VR1_Dzse"", ""VR1_Dzv"", ""VR2_D"", ""VR2_DzZ"", ""VR2_Dzare"", ""VR2_Dzi"", ""VR2_Dzm"", ""VR2_Dzp"", ""VR2_Dzpe"", ""VR2_Dzse"", ""VR2_Dzv"", ""VR3_D"", ""VR3_DzZ"", ""VR3_Dzare"", ""VR3_Dzi"", ""VR3_Dzm"", ""VR3_Dzp"", ""VR3_Dzpe"", ""VR3_Dzse"", ""VR3_Dzv"", ""Xp-0d"", ""Xp-1d"", ""Xp-2d"", ""Xp-3d"", ""ZMIC0"", ""Zagreb1"", ""Zagreb2"", ""mZagreb2"", ""nBondsO"", ""nHeavyAtom""]"
final,120,119,VE3_Dzp,VR1_Dzp,VR1_Dzp,algorithmic_medoid,False,False,30,0.020864378466973532,0.9791356215330265,0.9132246921037038,0.9999819449549219,0.002325581395348837,858,0.8835013725928019,"[""ATS0d"", ""ATS1Z"", ""ATS1d"", ""ATS1m"", ""ATS1s"", ""ATS2Z"", ""ATS2m"", ""ATS3Z"", ""ATS3m"", ""ATS4Z"", ""ATS4m"", ""ATS5Z"", ""ATS5m"", ""ATS6Z"", ""ATS6m"", ""ATS7Z"", ""ATS7dv"", ""ATS7m"", ""ATS8Z"", ""ATS8dv"", ""ATS8m"", ""ETA_alpha"", ""ETA_beta_s"", ""ETA_eta_R"", ""ETA_eta_RL"", ""GGI10"", ""GGI6"", ""GGI7"", ""GGI8"", ""GGI9"", ""GRAV"", ""GRAVH"", ""GRAVHp"", ""GRAVp"", ""Kier1"", ""LabuteASA"", ""LogEE_A"", ""MID"", ""MOMI-Z"", ""MPC2"", ""MW"", ""MWC01"", ""MWC02"", ""MWC03"", ""SRW02"", ""SRW04"", ""SZ"", ""Sm"", ""SpAD_A"", ""SpAbs_A"", ""TIC0"", ""TIC1"", ""TMWC10"", ""VAdjMat"", ""VE1_D"", ""VE1_DzZ"", ""VE1_Dzare"", ""VE1_Dzi"", ""VE1_Dzm"", ""VE1_Dzp"", ""VE1_Dzpe"", ""VE1_Dzse"", ""VE1_Dzv"", ""VE2_D"", ""VE2_DzZ"", ""VE2_Dzare"", ""VE2_Dzi"", ""VE2_Dzm"", ""VE2_Dzp"", ""VE2_Dzpe"", ""VE2_Dzse"", ""VE2_Dzv"", ""VE3_A"", ""VE3_D"", ""VE3_DzZ"", ""VE3_Dzare"", ""VE3_Dzi"", ""VE3_Dzm"", ""VE3_Dzp"", ""VE3_Dzpe"", ""VE3_Dzse"", ""VE3_Dzv"", ""VR1_D"", ""VR1_DzZ"", ""VR1_Dzare"", ""VR1_Dzi"", ""VR1_Dzm"", ""VR1_Dzp"", ""VR1_Dzpe"", ""VR1_Dzse"", ""VR1_Dzv"", ""VR2_D"", ""VR2_DzZ"", ""VR2_Dzare"", ""VR2_Dzi"", ""VR2_Dzm"", ""VR2_Dzp"", ""VR2_Dzpe"", ""VR2_Dzse"", ""VR2_Dzv"", ""VR3_D"", ""VR3_DzZ"", ""VR3_Dzare"", ""VR3_Dzi"", ""VR3_Dzm"", ""VR3_Dzp"", ""VR3_Dzpe"", ""VR3_Dzse"", ""VR3_Dzv"", ""Xp-0d"", ""Xp-1d"", ""Xp-2d"", ""Xp-3d"", ""ZMIC0"", ""Zagreb1"", ""Zagreb2"", ""mZagreb2"", ""nBondsO"", ""nHeavyAtom""]"
final,120,119,MID,VR1_Dzp,VR1_Dzp,algorithmic_medoid,False,False,31,0.020905104826707377,0.9790948951732926,0.9107656318132082,0.9992766516772035,0.002325581395348837,858,1274.9700465595224,"[""ATS0d"", ""ATS1Z"", ""ATS1d"", ""ATS1m"", ""ATS1s"", ""ATS2Z"", ""ATS2m"", ""ATS3Z"", ""ATS3m"", ""ATS4Z"", ""ATS4m"", ""ATS5Z"", ""ATS5m"", ""ATS6Z"", ""ATS6m"", ""ATS7Z"", ""ATS7dv"", ""ATS7m"", ""ATS8Z"", ""ATS8dv"", ""ATS8m"", ""ETA_alpha"", ""ETA_beta_s"", ""ETA_eta_R"", ""ETA_eta_RL"", ""GGI10"", ""GGI6"", ""GGI7"", ""GGI8"", ""GGI9"", ""GRAV"", ""GRAVH"", ""GRAVHp"", ""GRAVp"", ""Kier1"", ""LabuteASA"", ""LogEE_A"", ""MID"", ""MOMI-Z"", ""MPC2"", ""MW"", ""MWC01"", ""MWC02"", ""MWC03"", ""SRW02"", ""SRW04"", ""SZ"", ""Sm"", ""SpAD_A"", ""SpAbs_A"", ""TIC0"", ""TIC1"", ""TMWC10"", ""VAdjMat"", ""VE1_D"", ""VE1_DzZ"", ""VE1_Dzare"", ""VE1_Dzi"", ""VE1_Dzm"", ""VE1_Dzp"", ""VE1_Dzpe"", ""VE1_Dzse"", ""VE1_Dzv"", ""VE2_D"", ""VE2_DzZ"", ""VE2_Dzare"", ""VE2_Dzi"", ""VE2_Dzm"", ""VE2_Dzp"", ""VE2_Dzpe"", ""VE2_Dzse"", ""VE2_Dzv"", ""VE3_A"", ""VE3_D"", ""VE3_DzZ"", ""VE3_Dzare"", ""VE3_Dzi"", ""VE3_Dzm"", ""VE3_Dzp"", ""VE3_Dzpe"", ""VE3_Dzse"", ""VE3_Dzv"", ""VR1_D"", ""VR1_DzZ"", ""VR1_Dzare"", ""VR1_Dzi"", ""VR1_Dzm"", ""VR1_Dzp"", ""VR1_Dzpe"", ""VR1_Dzse"", ""VR1_Dzv"", ""VR2_D"", ""VR2_DzZ"", ""VR2_Dzare"", ""VR2_Dzi"", ""VR2_Dzm"", ""VR2_Dzp"", ""VR2_Dzpe"", ""VR2_Dzse"", ""VR2_Dzv"", ""VR3_D"", ""VR3_DzZ"", ""VR3_Dzare"", ""VR3_Dzi"", ""VR3_Dzm"", ""VR3_Dzp"", ""VR3_Dzpe"", ""VR3_Dzse"", ""VR3_Dzv"", ""Xp-0d"", ""Xp-1d"", ""Xp-2d"", ""Xp-3d"", ""ZMIC0"", ""Zagreb1"", ""Zagreb2"", ""mZagreb2"", ""nBondsO"", ""nHeavyAtom""]"
final,120,119,VE1_Dzp,VR1_Dzp,VR1_Dzp,algorithmic_medoid,False,False,32,0.021022402135574048,0.978977597864426,0.9127472655853985,0.9999819449549219,0.002325581395348837,858,2.185881581215811,"[""ATS0d"", ""ATS1Z"", ""ATS1d"", ""ATS1m"", ""ATS1s"", ""ATS2Z"", ""ATS2m"", ""ATS3Z"", ""ATS3m"", ""ATS4Z"", ""ATS4m"", ""ATS5Z"", ""ATS5m"", ""ATS6Z"", ""ATS6m"", ""ATS7Z"", ""ATS7dv"", ""ATS7m"", ""ATS8Z"", ""ATS8dv"", ""ATS8m"", ""ETA_alpha"", ""ETA_beta_s"", ""ETA_eta_R"", ""ETA_eta_RL"", ""GGI10"", ""GGI6"", ""GGI7"", ""GGI8"", ""GGI9"", ""GRAV"", ""GRAVH"", ""GRAVHp"", ""GRAVp"", ""Kier1"", ""LabuteASA"", ""LogEE_A"", ""MID"", ""MOMI-Z"", ""MPC2"", ""MW"", ""MWC01"", ""MWC02"", ""MWC03"", ""SRW02"", ""SRW04"", ""SZ"", ""Sm"", ""SpAD_A"", ""SpAbs_A"", ""TIC0"", ""TIC1"", ""TMWC10"", ""VAdjMat"", ""VE1_D"", ""VE1_DzZ"", ""VE1_Dzare"", ""VE1_Dzi"", ""VE1_Dzm"", ""VE1_Dzp"", ""VE1_Dzpe"", ""VE1_Dzse"", ""VE1_Dzv"", ""VE2_D"", ""VE2_DzZ"", ""VE2_Dzare"", ""VE2_Dzi"", ""VE2_Dzm"", ""VE2_Dzp"", ""VE2_Dzpe"", ""VE2_Dzse"", ""VE2_Dzv"", ""VE3_A"", ""VE3_D"", ""VE3_DzZ"", ""VE3_Dzare"", ""VE3_Dzi"", ""VE3_Dzm"", ""VE3_Dzp"", ""VE3_Dzpe"", ""VE3_Dzse"", ""VE3_Dzv"", ""VR1_D"", ""VR1_DzZ"", ""VR1_Dzare"", ""VR1_Dzi"", ""VR1_Dzm"", ""VR1_Dzp"", ""VR1_Dzpe"", ""VR1_Dzse"", ""VR1_Dzv"", ""VR2_D"", ""VR2_DzZ"", ""VR2_Dzare"", ""VR2_Dzi"", ""VR2_Dzm"", ""VR2_Dzp"", ""VR2_Dzpe"", ""VR2_Dzse"", ""VR2_Dzv"", ""VR3_D"", ""VR3_DzZ"", ""VR3_Dzare"", ""VR3_Dzi"", ""VR3_Dzm"", ""VR3_Dzp"", ""VR3_Dzpe"", ""VR3_Dzse"", ""VR3_Dzv"", ""Xp-0d"", ""Xp-1d"", ""Xp-2d"", ""Xp-3d"", ""ZMIC0"", ""Zagreb1"", ""Zagreb2"", ""mZagreb2"", ""nBondsO"", ""nHeavyAtom""]"
final,120,119,VR1_Dzpe,VR1_Dzp,VR1_Dzp,algorithmic_medoid,False,False,33,0.02103972923332642,0.9789602707666736,0.916612316798413,0.998313089282175,0.004651162790697674,856,41491.44822526087,"[""ATS0d"", ""ATS1Z"", ""ATS1d"", ""ATS1m"", ""ATS1s"", ""ATS2Z"", ""ATS2m"", ""ATS3Z"", ""ATS3m"", ""ATS4Z"", ""ATS4m"", ""ATS5Z"", ""ATS5m"", ""ATS6Z"", ""ATS6m"", ""ATS7Z"", ""ATS7dv"", ""ATS7m"", ""ATS8Z"", ""ATS8dv"", ""ATS8m"", ""ETA_alpha"", ""ETA_beta_s"", ""ETA_eta_R"", ""ETA_eta_RL"", ""GGI10"", ""GGI6"", ""GGI7"", ""GGI8"", ""GGI9"", ""GRAV"", ""GRAVH"", ""GRAVHp"", ""GRAVp"", ""Kier1"", ""LabuteASA"", ""LogEE_A"", ""MID"", ""MOMI-Z"", ""MPC2"", ""MW"", ""MWC01"", ""MWC02"", ""MWC03"", ""SRW02"", ""SRW04"", ""SZ"", ""Sm"", ""SpAD_A"", ""SpAbs_A"", ""TIC0"", ""TIC1"", ""TMWC10"", ""VAdjMat"", ""VE1_D"", ""VE1_DzZ"", ""VE1_Dzare"", ""VE1_Dzi"", ""VE1_Dzm"", ""VE1_Dzp"", ""VE1_Dzpe"", ""VE1_Dzse"", ""VE1_Dzv"", ""VE2_D"", ""VE2_DzZ"", ""VE2_Dzare"", ""VE2_Dzi"", ""VE2_Dzm"", ""VE2_Dzp"", ""VE2_Dzpe"", ""VE2_Dzse"", ""VE2_Dzv"", ""VE3_A"", ""VE3_D"", ""VE3_DzZ"", ""VE3_Dzare"", ""VE3_Dzi"", ""VE3_Dzm"", ""VE3_Dzp"", ""VE3_Dzpe"", ""VE3_Dzse"", ""VE3_Dzv"", ""VR1_D"", ""VR1_DzZ"", ""VR1_Dzare"", ""VR1_Dzi"", ""VR1_Dzm"", ""VR1_Dzp"", ""VR1_Dzpe"", ""VR1_Dzse"", ""VR1_Dzv"", ""VR2_D"", ""VR2_DzZ"", ""VR2_Dzare"", ""VR2_Dzi"", ""VR2_Dzm"", ""VR2_Dzp"", ""VR2_Dzpe"", ""VR2_Dzse"", ""VR2_Dzv"", ""VR3_D"", ""VR3_DzZ"", ""VR3_Dzare"", ""VR3_Dzi"", ""VR3_Dzm"", ""VR3_Dzp"", ""VR3_Dzpe"", ""VR3_Dzse"", ""VR3_Dzv"", ""Xp-0d"", ""Xp-1d"", ""Xp-2d"", ""Xp-3d"", ""ZMIC0"", ""Zagreb1"", ""Zagreb2"", ""mZagreb2"", ""nBondsO"", ""nHeavyAtom""]"
final,120,119,MWC01,VR1_Dzp,VR1_Dzp,algorithmic_medoid,False,False,34,0.021232770384873922,0.9787672296151261,0.9146448844220166,1.0,0.0,860,364.8696809085993,"[""ATS0d"", ""ATS1Z"", ""ATS1d"", ""ATS1m"", ""ATS1s"", ""ATS2Z"", ""ATS2m"", ""ATS3Z"", ""ATS3m"", ""ATS4Z"", ""ATS4m"", ""ATS5Z"", ""ATS5m"", ""ATS6Z"", ""ATS6m"", ""ATS7Z"", ""ATS7dv"", ""ATS7m"", ""ATS8Z"", ""ATS8dv"", ""ATS8m"", ""ETA_alpha"", ""ETA_beta_s"", ""ETA_eta_R"", ""ETA_eta_RL"", ""GGI10"", ""GGI6"", ""GGI7"", ""GGI8"", ""GGI9"", ""GRAV"", ""GRAVH"", ""GRAVHp"", ""GRAVp"", ""Kier1"", ""LabuteASA"", ""LogEE_A"", ""MID"", ""MOMI-Z"", ""MPC2"", ""MW"", ""MWC01"", ""MWC02"", ""MWC03"", ""SRW02"", ""SRW04"", ""SZ"", ""Sm"", ""SpAD_A"", ""SpAbs_A"", ""TIC0"", ""TIC1"", ""TMWC10"", ""VAdjMat"", ""VE1_D"", ""VE1_DzZ"", ""VE1_Dzare"", ""VE1_Dzi"", ""VE1_Dzm"", ""VE1_Dzp"", ""VE1_Dzpe"", ""VE1_Dzse"", ""VE1_Dzv"", ""VE2_D"", ""VE2_DzZ"", ""VE2_Dzare"", ""VE2_Dzi"", ""VE2_Dzm"", ""VE2_Dzp"", ""VE2_Dzpe"", ""VE2_Dzse"", ""VE2_Dzv"", ""VE3_A"", ""VE3_D"", ""VE3_DzZ"", ""VE3_Dzare"", ""VE3_Dzi"", ""VE3_Dzm"", ""VE3_Dzp"", ""VE3_Dzpe"", ""VE3_Dzse"", ""VE3_Dzv"", ""VR1_D"", ""VR1_DzZ"", ""VR1_Dzare"", ""VR1_Dzi"", ""VR1_Dzm"", ""VR1_Dzp"", ""VR1_Dzpe"", ""VR1_Dzse"", ""VR1_Dzv"", ""VR2_D"", ""VR2_DzZ"", ""VR2_Dzare"", ""VR2_Dzi"", ""VR2_Dzm"", ""VR2_Dzp"", ""VR2_Dzpe"", ""VR2_Dzse"", ""VR2_Dzv"", ""VR3_D"", ""VR3_DzZ"", ""VR3_Dzare"", ""VR3_Dzi"", ""VR3_Dzm"", ""VR3_Dzp"", ""VR3_Dzpe"", ""VR3_Dzse"", ""VR3_Dzv"", ""Xp-0d"", ""Xp-1d"", ""Xp-2d"", ""Xp-3d"", ""ZMIC0"", ""Zagreb1"", ""Zagreb2"", ""mZagreb2"", ""nBondsO"", ""nHeavyAtom""]"
final,120,119,nBondsO,VR1_Dzp,VR1_Dzp,algorithmic_medoid,False,False,35,0.021232770384873922,0.9787672296151261,0.9146448844220166,1.0,0.0,860,364.8696809085993,"[""ATS0d"", ""ATS1Z"", ""ATS1d"", ""ATS1m"", ""ATS1s"", ""ATS2Z"", ""ATS2m"", ""ATS3Z"", ""ATS3m"", ""ATS4Z"", ""ATS4m"", ""ATS5Z"", ""ATS5m"", ""ATS6Z"", ""ATS6m"", ""ATS7Z"", ""ATS7dv"", ""ATS7m"", ""ATS8Z"", ""ATS8dv"", ""ATS8m"", ""ETA_alpha"", ""ETA_beta_s"", ""ETA_eta_R"", ""ETA_eta_RL"", ""GGI10"", ""GGI6"", ""GGI7"", ""GGI8"", ""GGI9"", ""GRAV"", ""GRAVH"", ""GRAVHp"", ""GRAVp"", ""Kier1"", ""LabuteASA"", ""LogEE_A"", ""MID"", ""MOMI-Z"", ""MPC2"", ""MW"", ""MWC01"", ""MWC02"", ""MWC03"", ""SRW02"", ""SRW04"", ""SZ"", ""Sm"", ""SpAD_A"", ""SpAbs_A"", ""TIC0"", ""TIC1"", ""TMWC10"", ""VAdjMat"", ""VE1_D"", ""VE1_DzZ"", ""VE1_Dzare"", ""VE1_Dzi"", ""VE1_Dzm"", ""VE1_Dzp"", ""VE1_Dzpe"", ""VE1_Dzse"", ""VE1_Dzv"", ""VE2_D"", ""VE2_DzZ"", ""VE2_Dzare"", ""VE2_Dzi"", ""VE2_Dzm"", ""VE2_Dzp"", ""VE2_Dzpe"", ""VE2_Dzse"", ""VE2_Dzv"", ""VE3_A"", ""VE3_D"", ""VE3_DzZ"", ""VE3_Dzare"", ""VE3_Dzi"", ""VE3_Dzm"", ""VE3_Dzp"", ""VE3_Dzpe"", ""VE3_Dzse"", ""VE3_Dzv"", ""VR1_D"", ""VR1_DzZ"", ""VR1_Dzare"", ""VR1_Dzi"", ""VR1_Dzm"", ""VR1_Dzp"", ""VR1_Dzpe"", ""VR1_Dzse"", ""VR1_Dzv"", ""VR2_D"", ""VR2_DzZ"", ""VR2_Dzare"", ""VR2_Dzi"", ""VR2_Dzm"", ""VR2_Dzp"", ""VR2_Dzpe"", ""VR2_Dzse"", ""VR2_Dzv"", ""VR3_D"", ""VR3_DzZ"", ""VR3_Dzare"", ""VR3_Dzi"", ""VR3_Dzm"", ""VR3_Dzp"", ""VR3_Dzpe"", ""VR3_Dzse"", ""VR3_Dzv"", ""Xp-0d"", ""Xp-1d"", ""Xp-2d"", ""Xp-3d"", ""ZMIC0"", ""Zagreb1"", ""Zagreb2"", ""mZagreb2"", ""nBondsO"", ""nHeavyAtom""]"
final,120,119,SRW02,VR1_Dzp,VR1_Dzp,algorithmic_medoid,False,False,36,0.021232770384873922,0.9787672296151261,0.9146448844220166,1.0,0.0,860,0.46296691067358325,"[""ATS0d"", ""ATS1Z"", ""ATS1d"", ""ATS1m"", ""ATS1s"", ""ATS2Z"", ""ATS2m"", ""ATS3Z"", ""ATS3m"", ""ATS4Z"", ""ATS4m"", ""ATS5Z"", ""ATS5m"", ""ATS6Z"", ""ATS6m"", ""ATS7Z"", ""ATS7dv"", ""ATS7m"", ""ATS8Z"", ""ATS8dv"", ""ATS8m"", ""ETA_alpha"", ""ETA_beta_s"", ""ETA_eta_R"", ""ETA_eta_RL"", ""GGI10"", ""GGI6"", ""GGI7"", ""GGI8"", ""GGI9"", ""GRAV"", ""GRAVH"", ""GRAVHp"", ""GRAVp"", ""Kier1"", ""LabuteASA"", ""LogEE_A"", ""MID"", ""MOMI-Z"", ""MPC2"", ""MW"", ""MWC01"", ""MWC02"", ""MWC03"", ""SRW02"", ""SRW04"", ""SZ"", ""Sm"", ""SpAD_A"", ""SpAbs_A"", ""TIC0"", ""TIC1"", ""TMWC10"", ""VAdjMat"", ""VE1_D"", ""VE1_DzZ"", ""VE1_Dzare"", ""VE1_Dzi"", ""VE1_Dzm"", ""VE1_Dzp"", ""VE1_Dzpe"", ""VE1_Dzse"", ""VE1_Dzv"", ""VE2_D"", ""VE2_DzZ"", ""VE2_Dzare"", ""VE2_Dzi"", ""VE2_Dzm"", ""VE2_Dzp"", ""VE2_Dzpe"", ""VE2_Dzse"", ""VE2_Dzv"", ""VE3_A"", ""VE3_D"", ""VE3_DzZ"", ""VE3_Dzare"", ""VE3_Dzi"", ""VE3_Dzm"", ""VE3_Dzp"", ""VE3_Dzpe"", ""VE3_Dzse"", ""VE3_Dzv"", ""VR1_D"", ""VR1_DzZ"", ""VR1_Dzare"", ""VR1_Dzi"", ""VR1_Dzm"", ""VR1_Dzp"", ""VR1_Dzpe"", ""VR1_Dzse"", ""VR1_Dzv"", ""VR2_D"", ""VR2_DzZ"", ""VR2_Dzare"", ""VR2_Dzi"", ""VR2_Dzm"", ""VR2_Dzp"", ""VR2_Dzpe"", ""VR2_Dzse"", ""VR2_Dzv"", ""VR3_D"", ""VR3_DzZ"", ""VR3_Dzare"", ""VR3_Dzi"", ""VR3_Dzm"", ""VR3_Dzp"", ""VR3_Dzpe"", ""VR3_Dzse"", ""VR3_Dzv"", ""Xp-0d"", ""Xp-1d"", ""Xp-2d"", ""Xp-3d"", ""ZMIC0"", ""Zagreb1"", ""Zagreb2"", ""mZagreb2"", ""nBondsO"", ""nHeavyAtom""]"
final,120,119,ETA_eta_R,VR1_Dzp,VR1_Dzp,algorithmic_medoid,False,False,37,0.021753036117167168,0.9782469638828328,0.9181393181845957,0.9912869693338191,0.002325581395348837,858,3947.696135583326,"[""ATS0d"", ""ATS1Z"", ""ATS1d"", ""ATS1m"", ""ATS1s"", ""ATS2Z"", ""ATS2m"", ""ATS3Z"", ""ATS3m"", ""ATS4Z"", ""ATS4m"", ""ATS5Z"", ""ATS5m"", ""ATS6Z"", ""ATS6m"", ""ATS7Z"", ""ATS7dv"", ""ATS7m"", ""ATS8Z"", ""ATS8dv"", ""ATS8m"", ""ETA_alpha"", ""ETA_beta_s"", ""ETA_eta_R"", ""ETA_eta_RL"", ""GGI10"", ""GGI6"", ""GGI7"", ""GGI8"", ""GGI9"", ""GRAV"", ""GRAVH"", ""GRAVHp"", ""GRAVp"", ""Kier1"", ""LabuteASA"", ""LogEE_A"", ""MID"", ""MOMI-Z"", ""MPC2"", ""MW"", ""MWC01"", ""MWC02"", ""MWC03"", ""SRW02"", ""SRW04"", ""SZ"", ""Sm"", ""SpAD_A"", ""SpAbs_A"", ""TIC0"", ""TIC1"", ""TMWC10"", ""VAdjMat"", ""VE1_D"", ""VE1_DzZ"", ""VE1_Dzare"", ""VE1_Dzi"", ""VE1_Dzm"", ""VE1_Dzp"", ""VE1_Dzpe"", ""VE1_Dzse"", ""VE1_Dzv"", ""VE2_D"", ""VE2_DzZ"", ""VE2_Dzare"", ""VE2_Dzi"", ""VE2_Dzm"", ""VE2_Dzp"", ""VE2_Dzpe"", ""VE2_Dzse"", ""VE2_Dzv"", ""VE3_A"", ""VE3_D"", ""VE3_DzZ"", ""VE3_Dzare"", ""VE3_Dzi"", ""VE3_Dzm"", ""VE3_Dzp"", ""VE3_Dzpe"", ""VE3_Dzse"", ""VE3_Dzv"", ""VR1_D"", ""VR1_DzZ"", ""VR1_Dzare"", ""VR1_Dzi"", ""VR1_Dzm"", ""VR1_Dzp"", ""VR1_Dzpe"", ""VR1_Dzse"", ""VR1_Dzv"", ""VR2_D"", ""VR2_DzZ"", ""VR2_Dzare"", ""VR2_Dzi"", ""VR2_Dzm"", ""VR2_Dzp"", ""VR2_Dzpe"", ""VR2_Dzse"", ""VR2_Dzv"", ""VR3_D"", ""VR3_DzZ"", ""VR3_Dzare"", ""VR3_Dzi"", ""VR3_Dzm"", ""VR3_Dzp"", ""VR3_Dzpe"", ""VR3_Dzse"", ""VR3_Dzv"", ""Xp-0d"", ""Xp-1d"", ""Xp-2d"", ""Xp-3d"", ""ZMIC0"", ""Zagreb1"", ""Zagreb2"", ""mZagreb2"", ""nBondsO"", ""nHeavyAtom""]"
final,120,119,VE2_Dzpe,VR1_Dzp,VR1_Dzp,algorithmic_medoid,False,False,38,0.022123123395269895,0.9778768766047301,0.9125142960716032,0.9986073468533151,0.004651162790697674,856,0.007312246653997981,"[""ATS0d"", ""ATS1Z"", ""ATS1d"", ""ATS1m"", ""ATS1s"", ""ATS2Z"", ""ATS2m"", ""ATS3Z"", ""ATS3m"", ""ATS4Z"", ""ATS4m"", ""ATS5Z"", ""ATS5m"", ""ATS6Z"", ""ATS6m"", ""ATS7Z"", ""ATS7dv"", ""ATS7m"", ""ATS8Z"", ""ATS8dv"", ""ATS8m"", ""ETA_alpha"", ""ETA_beta_s"", ""ETA_eta_R"", ""ETA_eta_RL"", ""GGI10"", ""GGI6"", ""GGI7"", ""GGI8"", ""GGI9"", ""GRAV"", ""GRAVH"", ""GRAVHp"", ""GRAVp"", ""Kier1"", ""LabuteASA"", ""LogEE_A"", ""MID"", ""MOMI-Z"", ""MPC2"", ""MW"", ""MWC01"", ""MWC02"", ""MWC03"", ""SRW02"", ""SRW04"", ""SZ"", ""Sm"", ""SpAD_A"", ""SpAbs_A"", ""TIC0"", ""TIC1"", ""TMWC10"", ""VAdjMat"", ""VE1_D"", ""VE1_DzZ"", ""VE1_Dzare"", ""VE1_Dzi"", ""VE1_Dzm"", ""VE1_Dzp"", ""VE1_Dzpe"", ""VE1_Dzse"", ""VE1_Dzv"", ""VE2_D"", ""VE2_DzZ"", ""VE2_Dzare"", ""VE2_Dzi"", ""VE2_Dzm"", ""VE2_Dzp"", ""VE2_Dzpe"", ""VE2_Dzse"", ""VE2_Dzv"", ""VE3_A"", ""VE3_D"", ""VE3_DzZ"", ""VE3_Dzare"", ""VE3_Dzi"", ""VE3_Dzm"", ""VE3_Dzp"", ""VE3_Dzpe"", ""VE3_Dzse"", ""VE3_Dzv"", ""VR1_D"", ""VR1_DzZ"", ""VR1_Dzare"", ""VR1_Dzi"", ""VR1_Dzm"", ""VR1_Dzp"", ""VR1_Dzpe"", ""VR1_Dzse"", ""VR1_Dzv"", ""VR2_D"", ""VR2_DzZ"", ""VR2_Dzare"", ""VR2_Dzi"", ""VR2_Dzm"", ""VR2_Dzp"", ""VR2_Dzpe"", ""VR2_Dzse"", ""VR2_Dzv"", ""VR3_D"", ""VR3_DzZ"", ""VR3_Dzare"", ""VR3_Dzi"", ""VR3_Dzm"", ""VR3_Dzp"", ""VR3_Dzpe"", ""VR3_Dzse"", ""VR3_Dzv"", ""Xp-0d"", ""Xp-1d"", ""Xp-2d"", ""Xp-3d"", ""ZMIC0"", ""Zagreb1"", ""Zagreb2"", ""mZagreb2"", ""nBondsO"", ""nHeavyAtom""]"
final,120,119,VE3_Dzpe,VR1_Dzp,VR1_Dzp,algorithmic_medoid,False,False,39,0.022187772512293646,0.9778122274877064,0.9124031393801411,0.9999969059279562,0.004651162790697674,856,0.8252042117655136,"[""ATS0d"", ""ATS1Z"", ""ATS1d"", ""ATS1m"", ""ATS1s"", ""ATS2Z"", ""ATS2m"", ""ATS3Z"", ""ATS3m"", ""ATS4Z"", ""ATS4m"", ""ATS5Z"", ""ATS5m"", ""ATS6Z"", ""ATS6m"", ""ATS7Z"", ""ATS7dv"", ""ATS7m"", ""ATS8Z"", ""ATS8dv"", ""ATS8m"", ""ETA_alpha"", ""ETA_beta_s"", ""ETA_eta_R"", ""ETA_eta_RL"", ""GGI10"", ""GGI6"", ""GGI7"", ""GGI8"", ""GGI9"", ""GRAV"", ""GRAVH"", ""GRAVHp"", ""GRAVp"", ""Kier1"", ""LabuteASA"", ""LogEE_A"", ""MID"", ""MOMI-Z"", ""MPC2"", ""MW"", ""MWC01"", ""MWC02"", ""MWC03"", ""SRW02"", ""SRW04"", ""SZ"", ""Sm"", ""SpAD_A"", ""SpAbs_A"", ""TIC0"", ""TIC1"", ""TMWC10"", ""VAdjMat"", ""VE1_D"", ""VE1_DzZ"", ""VE1_Dzare"", ""VE1_Dzi"", ""VE1_Dzm"", ""VE1_Dzp"", ""VE1_Dzpe"", ""VE1_Dzse"", ""VE1_Dzv"", ""VE2_D"", ""VE2_DzZ"", ""VE2_Dzare"", ""VE2_Dzi"", ""VE2_Dzm"", ""VE2_Dzp"", ""VE2_Dzpe"", ""VE2_Dzse"", ""VE2_Dzv"", ""VE3_A"", ""VE3_D"", ""VE3_DzZ"", ""VE3_Dzare"", ""VE3_Dzi"", ""VE3_Dzm"", ""VE3_Dzp"", ""VE3_Dzpe"", ""VE3_Dzse"", ""VE3_Dzv"", ""VR1_D"", ""VR1_DzZ"", ""VR1_Dzare"", ""VR1_Dzi"", ""VR1_Dzm"", ""VR1_Dzp"", ""VR1_Dzpe"", ""VR1_Dzse"", ""VR1_Dzv"", ""VR2_D"", ""VR2_DzZ"", ""VR2_Dzare"", ""VR2_Dzi"", ""VR2_Dzm"", ""VR2_Dzp"", ""VR2_Dzpe"", ""VR2_Dzse"", ""VR2_Dzv"", ""VR3_D"", ""VR3_DzZ"", ""VR3_Dzare"", ""VR3_Dzi"", ""VR3_Dzm"", ""VR3_Dzp"", ""VR3_Dzpe"", ""VR3_Dzse"", ""VR3_Dzv"", ""Xp-0d"", ""Xp-1d"", ""Xp-2d"", ""Xp-3d"", ""ZMIC0"", ""Zagreb1"", ""Zagreb2"", ""mZagreb2"", ""nBondsO"", ""nHeavyAtom""]"
final,120,119,VE1_Dzpe,VR1_Dzp,VR1_Dzp,algorithmic_medoid,False,False,40,0.0222061234826868,0.9777938765173132,0.9123528452234779,0.9999969059279562,0.004651162790697674,856,2.1404689079903485,"[""ATS0d"", ""ATS1Z"", ""ATS1d"", ""ATS1m"", ""ATS1s"", ""ATS2Z"", ""ATS2m"", ""ATS3Z"", ""ATS3m"", ""ATS4Z"", ""ATS4m"", ""ATS5Z"", ""ATS5m"", ""ATS6Z"", ""ATS6m"", ""ATS7Z"", ""ATS7dv"", ""ATS7m"", ""ATS8Z"", ""ATS8dv"", ""ATS8m"", ""ETA_alpha"", ""ETA_beta_s"", ""ETA_eta_R"", ""ETA_eta_RL"", ""GGI10"", ""GGI6"", ""GGI7"", ""GGI8"", ""GGI9"", ""GRAV"", ""GRAVH"", ""GRAVHp"", ""GRAVp"", ""Kier1"", ""LabuteASA"", ""LogEE_A"", ""MID"", ""MOMI-Z"", ""MPC2"", ""MW"", ""MWC01"", ""MWC02"", ""MWC03"", ""SRW02"", ""SRW04"", ""SZ"", ""Sm"", ""SpAD_A"", ""SpAbs_A"", ""TIC0"", ""TIC1"", ""TMWC10"", ""VAdjMat"", ""VE1_D"", ""VE1_DzZ"", ""VE1_Dzare"", ""VE1_Dzi"", ""VE1_Dzm"", ""VE1_Dzp"", ""VE1_Dzpe"", ""VE1_Dzse"", ""VE1_Dzv"", ""VE2_D"", ""VE2_DzZ"", ""VE2_Dzare"", ""VE2_Dzi"", ""VE2_Dzm"", ""VE2_Dzp"", ""VE2_Dzpe"", ""VE2_Dzse"", ""VE2_Dzv"", ""VE3_A"", ""VE3_D"", ""VE3_DzZ"", ""VE3_Dzare"", ""VE3_Dzi"", ""VE3_Dzm"", ""VE3_Dzp"", ""VE3_Dzpe"", ""VE3_Dzse"", ""VE3_Dzv"", ""VR1_D"", ""VR1_DzZ"", ""VR1_Dzare"", ""VR1_Dzi"", ""VR1_Dzm"", ""VR1_Dzp"", ""VR1_Dzpe"", ""VR1_Dzse"", ""VR1_Dzv"", ""VR2_D"", ""VR2_DzZ"", ""VR2_Dzare"", ""VR2_Dzi"", ""VR2_Dzm"", ""VR2_Dzp"", ""VR2_Dzpe"", ""VR2_Dzse"", ""VR2_Dzv"", ""VR3_D"", ""VR3_DzZ"", ""VR3_Dzare"", ""VR3_Dzi"", ""VR3_Dzm"", ""VR3_Dzp"", ""VR3_Dzpe"", ""VR3_Dzse"", ""VR3_Dzv"", ""Xp-0d"", ""Xp-1d"", ""Xp-2d"", ""Xp-3d"", ""ZMIC0"", ""Zagreb1"", ""Zagreb2"", ""mZagreb2"", ""nBondsO"", ""nHeavyAtom""]"
final,120,119,ETA_eta_RL,VR1_Dzp,VR1_Dzp,algorithmic_medoid,False,False,41,0.022681348072338015,0.977318651927662,0.9044638477505704,0.9990322187892198,0.002325581395348837,858,70.15403595330069,"[""ATS0d"", ""ATS1Z"", ""ATS1d"", ""ATS1m"", ""ATS1s"", ""ATS2Z"", ""ATS2m"", ""ATS3Z"", ""ATS3m"", ""ATS4Z"", ""ATS4m"", ""ATS5Z"", ""ATS5m"", ""ATS6Z"", ""ATS6m"", ""ATS7Z"", ""ATS7dv"", ""ATS7m"", ""ATS8Z"", ""ATS8dv"", ""ATS8m"", ""ETA_alpha"", ""ETA_beta_s"", ""ETA_eta_R"", ""ETA_eta_RL"", ""GGI10"", ""GGI6"", ""GGI7"", ""GGI8"", ""GGI9"", ""GRAV"", ""GRAVH"", ""GRAVHp"", ""GRAVp"", ""Kier1"", ""LabuteASA"", ""LogEE_A"", ""MID"", ""MOMI-Z"", ""MPC2"", ""MW"", ""MWC01"", ""MWC02"", ""MWC03"", ""SRW02"", ""SRW04"", ""SZ"", ""Sm"", ""SpAD_A"", ""SpAbs_A"", ""TIC0"", ""TIC1"", ""TMWC10"", ""VAdjMat"", ""VE1_D"", ""VE1_DzZ"", ""VE1_Dzare"", ""VE1_Dzi"", ""VE1_Dzm"", ""VE1_Dzp"", ""VE1_Dzpe"", ""VE1_Dzse"", ""VE1_Dzv"", ""VE2_D"", ""VE2_DzZ"", ""VE2_Dzare"", ""VE2_Dzi"", ""VE2_Dzm"", ""VE2_Dzp"", ""VE2_Dzpe"", ""VE2_Dzse"", ""VE2_Dzv"", ""VE3_A"", ""VE3_D"", ""VE3_DzZ"", ""VE3_Dzare"", ""VE3_Dzi"", ""VE3_Dzm"", ""VE3_Dzp"", ""VE3_Dzpe"", ""VE3_Dzse"", ""VE3_Dzv"", ""VR1_D"", ""VR1_DzZ"", ""VR1_Dzare"", ""VR1_Dzi"", ""VR1_Dzm"", ""VR1_Dzp"", ""VR1_Dzpe"", ""VR1_Dzse"", ""VR1_Dzv"", ""VR2_D"", ""VR2_DzZ"", ""VR2_Dzare"", ""VR2_Dzi"", ""VR2_Dzm"", ""VR2_Dzp"", ""VR2_Dzpe"", ""VR2_Dzse"", ""VR2_Dzv"", ""VR3_D"", ""VR3_DzZ"", ""VR3_Dzare"", ""VR3_Dzi"", ""VR3_Dzm"", ""VR3_Dzp"", ""VR3_Dzpe"", ""VR3_Dzse"", ""VR3_Dzv"", ""Xp-0d"", ""Xp-1d"", ""Xp-2d"", ""Xp-3d"", ""ZMIC0"", ""Zagreb1"", ""Zagreb2"", ""mZagreb2"", ""nBondsO"", ""nHeavyAtom""]"
final,120,119,Xp-1d,VR1_Dzp,VR1_Dzp,algorithmic_medoid,False,False,42,0.022701591138975297,0.9772984088610247,0.9049828125564858,0.9989579935624789,0.0,860,70.2114210712717,"[""ATS0d"", ""ATS1Z"", ""ATS1d"", ""ATS1m"", ""ATS1s"", ""ATS2Z"", ""ATS2m"", ""ATS3Z"", ""ATS3m"", ""ATS4Z"", ""ATS4m"", ""ATS5Z"", ""ATS5m"", ""ATS6Z"", ""ATS6m"", ""ATS7Z"", ""ATS7dv"", ""ATS7m"", ""ATS8Z"", ""ATS8dv"", ""ATS8m"", ""ETA_alpha"", ""ETA_beta_s"", ""ETA_eta_R"", ""ETA_eta_RL"", ""GGI10"", ""GGI6"", ""GGI7"", ""GGI8"", ""GGI9"", ""GRAV"", ""GRAVH"", ""GRAVHp"", ""GRAVp"", ""Kier1"", ""LabuteASA"", ""LogEE_A"", ""MID"", ""MOMI-Z"", ""MPC2"", ""MW"", ""MWC01"", ""MWC02"", ""MWC03"", ""SRW02"", ""SRW04"", ""SZ"", ""Sm"", ""SpAD_A"", ""SpAbs_A"", ""TIC0"", ""TIC1"", ""TMWC10"", ""VAdjMat"", ""VE1_D"", ""VE1_DzZ"", ""VE1_Dzare"", ""VE1_Dzi"", ""VE1_Dzm"", ""VE1_Dzp"", ""VE1_Dzpe"", ""VE1_Dzse"", ""VE1_Dzv"", ""VE2_D"", ""VE2_DzZ"", ""VE2_Dzare"", ""VE2_Dzi"", ""VE2_Dzm"", ""VE2_Dzp"", ""VE2_Dzpe"", ""VE2_Dzse"", ""VE2_Dzv"", ""VE3_A"", ""VE3_D"", ""VE3_DzZ"", ""VE3_Dzare"", ""VE3_Dzi"", ""VE3_Dzm"", ""VE3_Dzp"", ""VE3_Dzpe"", ""VE3_Dzse"", ""VE3_Dzv"", ""VR1_D"", ""VR1_DzZ"", ""VR1_Dzare"", ""VR1_Dzi"", ""VR1_Dzm"", ""VR1_Dzp"", ""VR1_Dzpe"", ""VR1_Dzse"", ""VR1_Dzv"", ""VR2_D"", ""VR2_DzZ"", ""VR2_Dzare"", ""VR2_Dzi"", ""VR2_Dzm"", ""VR2_Dzp"", ""VR2_Dzpe"", ""VR2_Dzse"", ""VR2_Dzv"", ""VR3_D"", ""VR3_DzZ"", ""VR3_Dzare"", ""VR3_Dzi"", ""VR3_Dzm"", ""VR3_Dzp"", ""VR3_Dzpe"", ""VR3_Dzse"", ""VR3_Dzv"", ""Xp-0d"", ""Xp-1d"", ""Xp-2d"", ""Xp-3d"", ""ZMIC0"", ""Zagreb1"", ""Zagreb2"", ""mZagreb2"", ""nBondsO"", ""nHeavyAtom""]"
final,120,119,VR1_Dzare,VR1_Dzp,VR1_Dzp,algorithmic_medoid,False,False,43,0.02320621833483627,0.9767937816651637,0.9131386541759248,0.9983398791676013,0.0069767441860465115,854,41359.40659624864,"[""ATS0d"", ""ATS1Z"", ""ATS1d"", ""ATS1m"", ""ATS1s"", ""ATS2Z"", ""ATS2m"", ""ATS3Z"", ""ATS3m"", ""ATS4Z"", ""ATS4m"", ""ATS5Z"", ""ATS5m"", ""ATS6Z"", ""ATS6m"", ""ATS7Z"", ""ATS7dv"", ""ATS7m"", ""ATS8Z"", ""ATS8dv"", ""ATS8m"", ""ETA_alpha"", ""ETA_beta_s"", ""ETA_eta_R"", ""ETA_eta_RL"", ""GGI10"", ""GGI6"", ""GGI7"", ""GGI8"", ""GGI9"", ""GRAV"", ""GRAVH"", ""GRAVHp"", ""GRAVp"", ""Kier1"", ""LabuteASA"", ""LogEE_A"", ""MID"", ""MOMI-Z"", ""MPC2"", ""MW"", ""MWC01"", ""MWC02"", ""MWC03"", ""SRW02"", ""SRW04"", ""SZ"", ""Sm"", ""SpAD_A"", ""SpAbs_A"", ""TIC0"", ""TIC1"", ""TMWC10"", ""VAdjMat"", ""VE1_D"", ""VE1_DzZ"", ""VE1_Dzare"", ""VE1_Dzi"", ""VE1_Dzm"", ""VE1_Dzp"", ""VE1_Dzpe"", ""VE1_Dzse"", ""VE1_Dzv"", ""VE2_D"", ""VE2_DzZ"", ""VE2_Dzare"", ""VE2_Dzi"", ""VE2_Dzm"", ""VE2_Dzp"", ""VE2_Dzpe"", ""VE2_Dzse"", ""VE2_Dzv"", ""VE3_A"", ""VE3_D"", ""VE3_DzZ"", ""VE3_Dzare"", ""VE3_Dzi"", ""VE3_Dzm"", ""VE3_Dzp"", ""VE3_Dzpe"", ""VE3_Dzse"", ""VE3_Dzv"", ""VR1_D"", ""VR1_DzZ"", ""VR1_Dzare"", ""VR1_Dzi"", ""VR1_Dzm"", ""VR1_Dzp"", ""VR1_Dzpe"", ""VR1_Dzse"", ""VR1_Dzv"", ""VR2_D"", ""VR2_DzZ"", ""VR2_Dzare"", ""VR2_Dzi"", ""VR2_Dzm"", ""VR2_Dzp"", ""VR2_Dzpe"", ""VR2_Dzse"", ""VR2_Dzv"", ""VR3_D"", ""VR3_DzZ"", ""VR3_Dzare"", ""VR3_Dzi"", ""VR3_Dzm"", ""VR3_Dzp"", ""VR3_Dzpe"", ""VR3_Dzse"", ""VR3_Dzv"", ""Xp-0d"", ""Xp-1d"", ""Xp-2d"", ""Xp-3d"", ""ZMIC0"", ""Zagreb1"", ""Zagreb2"", ""mZagreb2"", ""nBondsO"", ""nHeavyAtom""]"
final,120,119,Xp-2d,VR1_Dzp,VR1_Dzp,algorithmic_medoid,False,False,44,0.023318574136112935,0.9766814258638871,0.9118802935244372,0.9946374486355269,0.0,860,63.48422583862589,"[""ATS0d"", ""ATS1Z"", ""ATS1d"", ""ATS1m"", ""ATS1s"", ""ATS2Z"", ""ATS2m"", ""ATS3Z"", ""ATS3m"", ""ATS4Z"", ""ATS4m"", ""ATS5Z"", ""ATS5m"", ""ATS6Z"", ""ATS6m"", ""ATS7Z"", ""ATS7dv"", ""ATS7m"", ""ATS8Z"", ""ATS8dv"", ""ATS8m"", ""ETA_alpha"", ""ETA_beta_s"", ""ETA_eta_R"", ""ETA_eta_RL"", ""GGI10"", ""GGI6"", ""GGI7"", ""GGI8"", ""GGI9"", ""GRAV"", ""GRAVH"", ""GRAVHp"", ""GRAVp"", ""Kier1"", ""LabuteASA"", ""LogEE_A"", ""MID"", ""MOMI-Z"", ""MPC2"", ""MW"", ""MWC01"", ""MWC02"", ""MWC03"", ""SRW02"", ""SRW04"", ""SZ"", ""Sm"", ""SpAD_A"", ""SpAbs_A"", ""TIC0"", ""TIC1"", ""TMWC10"", ""VAdjMat"", ""VE1_D"", ""VE1_DzZ"", ""VE1_Dzare"", ""VE1_Dzi"", ""VE1_Dzm"", ""VE1_Dzp"", ""VE1_Dzpe"", ""VE1_Dzse"", ""VE1_Dzv"", ""VE2_D"", ""VE2_DzZ"", ""VE2_Dzare"", ""VE2_Dzi"", ""VE2_Dzm"", ""VE2_Dzp"", ""VE2_Dzpe"", ""VE2_Dzse"", ""VE2_Dzv"", ""VE3_A"", ""VE3_D"", ""VE3_DzZ"", ""VE3_Dzare"", ""VE3_Dzi"", ""VE3_Dzm"", ""VE3_Dzp"", ""VE3_Dzpe"", ""VE3_Dzse"", ""VE3_Dzv"", ""VR1_D"", ""VR1_DzZ"", ""VR1_Dzare"", ""VR1_Dzi"", ""VR1_Dzm"", ""VR1_Dzp"", ""VR1_Dzpe"", ""VR1_Dzse"", ""VR1_Dzv"", ""VR2_D"", ""VR2_DzZ"", ""VR2_Dzare"", ""VR2_Dzi"", ""VR2_Dzm"", ""VR2_Dzp"", ""VR2_Dzpe"", ""VR2_Dzse"", ""VR2_Dzv"", ""VR3_D"", ""VR3_DzZ"", ""VR3_Dzare"", ""VR3_Dzi"", ""VR3_Dzm"", ""VR3_Dzp"", ""VR3_Dzpe"", ""VR3_Dzse"", ""VR3_Dzv"", ""Xp-0d"", ""Xp-1d"", ""Xp-2d"", ""Xp-3d"", ""ZMIC0"", ""Zagreb1"", ""Zagreb2"", ""mZagreb2"", ""nBondsO"", ""nHeavyAtom""]"
final,120,119,Zagreb1,VR1_Dzp,VR1_Dzp,algorithmic_medoid,False,False,45,0.023530593181498194,0.9764694068185018,0.9037176534857215,1.0,0.0,860,8992.072660897782,"[""ATS0d"", ""ATS1Z"", ""ATS1d"", ""ATS1m"", ""ATS1s"", ""ATS2Z"", ""ATS2m"", ""ATS3Z"", ""ATS3m"", ""ATS4Z"", ""ATS4m"", ""ATS5Z"", ""ATS5m"", ""ATS6Z"", ""ATS6m"", ""ATS7Z"", ""ATS7dv"", ""ATS7m"", ""ATS8Z"", ""ATS8dv"", ""ATS8m"", ""ETA_alpha"", ""ETA_beta_s"", ""ETA_eta_R"", ""ETA_eta_RL"", ""GGI10"", ""GGI6"", ""GGI7"", ""GGI8"", ""GGI9"", ""GRAV"", ""GRAVH"", ""GRAVHp"", ""GRAVp"", ""Kier1"", ""LabuteASA"", ""LogEE_A"", ""MID"", ""MOMI-Z"", ""MPC2"", ""MW"", ""MWC01"", ""MWC02"", ""MWC03"", ""SRW02"", ""SRW04"", ""SZ"", ""Sm"", ""SpAD_A"", ""SpAbs_A"", ""TIC0"", ""TIC1"", ""TMWC10"", ""VAdjMat"", ""VE1_D"", ""VE1_DzZ"", ""VE1_Dzare"", ""VE1_Dzi"", ""VE1_Dzm"", ""VE1_Dzp"", ""VE1_Dzpe"", ""VE1_Dzse"", ""VE1_Dzv"", ""VE2_D"", ""VE2_DzZ"", ""VE2_Dzare"", ""VE2_Dzi"", ""VE2_Dzm"", ""VE2_Dzp"", ""VE2_Dzpe"", ""VE2_Dzse"", ""VE2_Dzv"", ""VE3_A"", ""VE3_D"", ""VE3_DzZ"", ""VE3_Dzare"", ""VE3_Dzi"", ""VE3_Dzm"", ""VE3_Dzp"", ""VE3_Dzpe"", ""VE3_Dzse"", ""VE3_Dzv"", ""VR1_D"", ""VR1_DzZ"", ""VR1_Dzare"", ""VR1_Dzi"", ""VR1_Dzm"", ""VR1_Dzp"", ""VR1_Dzpe"", ""VR1_Dzse"", ""VR1_Dzv"", ""VR2_D"", ""VR2_DzZ"", ""VR2_Dzare"", ""VR2_Dzi"", ""VR2_Dzm"", ""VR2_Dzp"", ""VR2_Dzpe"", ""VR2_Dzse"", ""VR2_Dzv"", ""VR3_D"", ""VR3_DzZ"", ""VR3_Dzare"", ""VR3_Dzi"", ""VR3_Dzm"", ""VR3_Dzp"", ""VR3_Dzpe"", ""VR3_Dzse"", ""VR3_Dzv"", ""Xp-0d"", ""Xp-1d"", ""Xp-2d"", ""Xp-3d"", ""ZMIC0"", ""Zagreb1"", ""Zagreb2"", ""mZagreb2"", ""nBondsO"", ""nHeavyAtom""]"
final,120,119,MWC02,VR1_Dzp,VR1_Dzp,algorithmic_medoid,False,False,46,0.023530593181498194,0.9764694068185018,0.9037176534857215,1.0,0.0,860,0.5790557508833408,"[""ATS0d"", ""ATS1Z"", ""ATS1d"", ""ATS1m"", ""ATS1s"", ""ATS2Z"", ""ATS2m"", ""ATS3Z"", ""ATS3m"", ""ATS4Z"", ""ATS4m"", ""ATS5Z"", ""ATS5m"", ""ATS6Z"", ""ATS6m"", ""ATS7Z"", ""ATS7dv"", ""ATS7m"", ""ATS8Z"", ""ATS8dv"", ""ATS8m"", ""ETA_alpha"", ""ETA_beta_s"", ""ETA_eta_R"", ""ETA_eta_RL"", ""GGI10"", ""GGI6"", ""GGI7"", ""GGI8"", ""GGI9"", ""GRAV"", ""GRAVH"", ""GRAVHp"", ""GRAVp"", ""Kier1"", ""LabuteASA"", ""LogEE_A"", ""MID"", ""MOMI-Z"", ""MPC2"", ""MW"", ""MWC01"", ""MWC02"", ""MWC03"", ""SRW02"", ""SRW04"", ""SZ"", ""Sm"", ""SpAD_A"", ""SpAbs_A"", ""TIC0"", ""TIC1"", ""TMWC10"", ""VAdjMat"", ""VE1_D"", ""VE1_DzZ"", ""VE1_Dzare"", ""VE1_Dzi"", ""VE1_Dzm"", ""VE1_Dzp"", ""VE1_Dzpe"", ""VE1_Dzse"", ""VE1_Dzv"", ""VE2_D"", ""VE2_DzZ"", ""VE2_Dzare"", ""VE2_Dzi"", ""VE2_Dzm"", ""VE2_Dzp"", ""VE2_Dzpe"", ""VE2_Dzse"", ""VE2_Dzv"", ""VE3_A"", ""VE3_D"", ""VE3_DzZ"", ""VE3_Dzare"", ""VE3_Dzi"", ""VE3_Dzm"", ""VE3_Dzp"", ""VE3_Dzpe"", ""VE3_Dzse"", ""VE3_Dzv"", ""VR1_D"", ""VR1_DzZ"", ""VR1_Dzare"", ""VR1_Dzi"", ""VR1_Dzm"", ""VR1_Dzp"", ""VR1_Dzpe"", ""VR1_Dzse"", ""VR1_Dzv"", ""VR2_D"", ""VR2_DzZ"", ""VR2_Dzare"", ""VR2_Dzi"", ""VR2_Dzm"", ""VR2_Dzp"", ""VR2_Dzpe"", ""VR2_Dzse"", ""VR2_Dzv"", ""VR3_D"", ""VR3_DzZ"", ""VR3_Dzare"", ""VR3_Dzi"", ""VR3_Dzm"", ""VR3_Dzp"", ""VR3_Dzpe"", ""VR3_Dzse"", ""VR3_Dzv"", ""Xp-0d"", ""Xp-1d"", ""Xp-2d"", ""Xp-3d"", ""ZMIC0"", ""Zagreb1"", ""Zagreb2"", ""mZagreb2"", ""nBondsO"", ""nHeavyAtom""]"
final,120,119,VE2_Dzare,VR1_Dzp,VR1_Dzp,algorithmic_medoid,False,False,47,0.024276932003859275,0.9757230679961407,0.9091222833031682,0.998598253088547,0.0069767441860465115,854,0.00580481469784308,"[""ATS0d"", ""ATS1Z"", ""ATS1d"", ""ATS1m"", ""ATS1s"", ""ATS2Z"", ""ATS2m"", ""ATS3Z"", ""ATS3m"", ""ATS4Z"", ""ATS4m"", ""ATS5Z"", ""ATS5m"", ""ATS6Z"", ""ATS6m"", ""ATS7Z"", ""ATS7dv"", ""ATS7m"", ""ATS8Z"", ""ATS8dv"", ""ATS8m"", ""ETA_alpha"", ""ETA_beta_s"", ""ETA_eta_R"", ""ETA_eta_RL"", ""GGI10"", ""GGI6"", ""GGI7"", ""GGI8"", ""GGI9"", ""GRAV"", ""GRAVH"", ""GRAVHp"", ""GRAVp"", ""Kier1"", ""LabuteASA"", ""LogEE_A"", ""MID"", ""MOMI-Z"", ""MPC2"", ""MW"", ""MWC01"", ""MWC02"", ""MWC03"", ""SRW02"", ""SRW04"", ""SZ"", ""Sm"", ""SpAD_A"", ""SpAbs_A"", ""TIC0"", ""TIC1"", ""TMWC10"", ""VAdjMat"", ""VE1_D"", ""VE1_DzZ"", ""VE1_Dzare"", ""VE1_Dzi"", ""VE1_Dzm"", ""VE1_Dzp"", ""VE1_Dzpe"", ""VE1_Dzse"", ""VE1_Dzv"", ""VE2_D"", ""VE2_DzZ"", ""VE2_Dzare"", ""VE2_Dzi"", ""VE2_Dzm"", ""VE2_Dzp"", ""VE2_Dzpe"", ""VE2_Dzse"", ""VE2_Dzv"", ""VE3_A"", ""VE3_D"", ""VE3_DzZ"", ""VE3_Dzare"", ""VE3_Dzi"", ""VE3_Dzm"", ""VE3_Dzp"", ""VE3_Dzpe"", ""VE3_Dzse"", ""VE3_Dzv"", ""VR1_D"", ""VR1_DzZ"", ""VR1_Dzare"", ""VR1_Dzi"", ""VR1_Dzm"", ""VR1_Dzp"", ""VR1_Dzpe"", ""VR1_Dzse"", ""VR1_Dzv"", ""VR2_D"", ""VR2_DzZ"", ""VR2_Dzare"", ""VR2_Dzi"", ""VR2_Dzm"", ""VR2_Dzp"", ""VR2_Dzpe"", ""VR2_Dzse"", ""VR2_Dzv"", ""VR3_D"", ""VR3_DzZ"", ""VR3_Dzare"", ""VR3_Dzi"", ""VR3_Dzm"", ""VR3_Dzp"", ""VR3_Dzpe"", ""VR3_Dzse"", ""VR3_Dzv"", ""Xp-0d"", ""Xp-1d"", ""Xp-2d"", ""Xp-3d"", ""ZMIC0"", ""Zagreb1"", ""Zagreb2"", ""mZagreb2"", ""nBondsO"", ""nHeavyAtom""]"
final,120,119,VE3_Dzare,VR1_Dzp,VR1_Dzp,algorithmic_medoid,False,False,48,0.024343096962154864,0.9756569030378451,0.9091621789336409,0.9999966229330522,0.0069767441860465115,854,0.767174965701851,"[""ATS0d"", ""ATS1Z"", ""ATS1d"", ""ATS1m"", ""ATS1s"", ""ATS2Z"", ""ATS2m"", ""ATS3Z"", ""ATS3m"", ""ATS4Z"", ""ATS4m"", ""ATS5Z"", ""ATS5m"", ""ATS6Z"", ""ATS6m"", ""ATS7Z"", ""ATS7dv"", ""ATS7m"", ""ATS8Z"", ""ATS8dv"", ""ATS8m"", ""ETA_alpha"", ""ETA_beta_s"", ""ETA_eta_R"", ""ETA_eta_RL"", ""GGI10"", ""GGI6"", ""GGI7"", ""GGI8"", ""GGI9"", ""GRAV"", ""GRAVH"", ""GRAVHp"", ""GRAVp"", ""Kier1"", ""LabuteASA"", ""LogEE_A"", ""MID"", ""MOMI-Z"", ""MPC2"", ""MW"", ""MWC01"", ""MWC02"", ""MWC03"", ""SRW02"", ""SRW04"", ""SZ"", ""Sm"", ""SpAD_A"", ""SpAbs_A"", ""TIC0"", ""TIC1"", ""TMWC10"", ""VAdjMat"", ""VE1_D"", ""VE1_DzZ"", ""VE1_Dzare"", ""VE1_Dzi"", ""VE1_Dzm"", ""VE1_Dzp"", ""VE1_Dzpe"", ""VE1_Dzse"", ""VE1_Dzv"", ""VE2_D"", ""VE2_DzZ"", ""VE2_Dzare"", ""VE2_Dzi"", ""VE2_Dzm"", ""VE2_Dzp"", ""VE2_Dzpe"", ""VE2_Dzse"", ""VE2_Dzv"", ""VE3_A"", ""VE3_D"", ""VE3_DzZ"", ""VE3_Dzare"", ""VE3_Dzi"", ""VE3_Dzm"", ""VE3_Dzp"", ""VE3_Dzpe"", ""VE3_Dzse"", ""VE3_Dzv"", ""VR1_D"", ""VR1_DzZ"", ""VR1_Dzare"", ""VR1_Dzi"", ""VR1_Dzm"", ""VR1_Dzp"", ""VR1_Dzpe"", ""VR1_Dzse"", ""VR1_Dzv"", ""VR2_D"", ""VR2_DzZ"", ""VR2_Dzare"", ""VR2_Dzi"", ""VR2_Dzm"", ""VR2_Dzp"", ""VR2_Dzpe"", ""VR2_Dzse"", ""VR2_Dzv"", ""VR3_D"", ""VR3_DzZ"", ""VR3_Dzare"", ""VR3_Dzi"", ""VR3_Dzm"", ""VR3_Dzp"", ""VR3_Dzpe"", ""VR3_Dzse"", ""VR3_Dzv"", ""Xp-0d"", ""Xp-1d"", ""Xp-2d"", ""Xp-3d"", ""ZMIC0"", ""Zagreb1"", ""Zagreb2"", ""mZagreb2"", ""nBondsO"", ""nHeavyAtom""]"
final,120,119,VE1_Dzare,VR1_Dzp,VR1_Dzp,algorithmic_medoid,False,False,49,0.024361008607152623,0.9756389913928474,0.9091132435647594,0.9999966229330522,0.0069767441860465115,854,2.0945407275897456,"[""ATS0d"", ""ATS1Z"", ""ATS1d"", ""ATS1m"", ""ATS1s"", ""ATS2Z"", ""ATS2m"", ""ATS3Z"", ""ATS3m"", ""ATS4Z"", ""ATS4m"", ""ATS5Z"", ""ATS5m"", ""ATS6Z"", ""ATS6m"", ""ATS7Z"", ""ATS7dv"", ""ATS7m"", ""ATS8Z"", ""ATS8dv"", ""ATS8m"", ""ETA_alpha"", ""ETA_beta_s"", ""ETA_eta_R"", ""ETA_eta_RL"", ""GGI10"", ""GGI6"", ""GGI7"", ""GGI8"", ""GGI9"", ""GRAV"", ""GRAVH"", ""GRAVHp"", ""GRAVp"", ""Kier1"", ""LabuteASA"", ""LogEE_A"", ""MID"", ""MOMI-Z"", ""MPC2"", ""MW"", ""MWC01"", ""MWC02"", ""MWC03"", ""SRW02"", ""SRW04"", ""SZ"", ""Sm"", ""SpAD_A"", ""SpAbs_A"", ""TIC0"", ""TIC1"", ""TMWC10"", ""VAdjMat"", ""VE1_D"", ""VE1_DzZ"", ""VE1_Dzare"", ""VE1_Dzi"", ""VE1_Dzm"", ""VE1_Dzp"", ""VE1_Dzpe"", ""VE1_Dzse"", ""VE1_Dzv"", ""VE2_D"", ""VE2_DzZ"", ""VE2_Dzare"", ""VE2_Dzi"", ""VE2_Dzm"", ""VE2_Dzp"", ""VE2_Dzpe"", ""VE2_Dzse"", ""VE2_Dzv"", ""VE3_A"", ""VE3_D"", ""VE3_DzZ"", ""VE3_Dzare"", ""VE3_Dzi"", ""VE3_Dzm"", ""VE3_Dzp"", ""VE3_Dzpe"", ""VE3_Dzse"", ""VE3_Dzv"", ""VR1_D"", ""VR1_DzZ"", ""VR1_Dzare"", ""VR1_Dzi"", ""VR1_Dzm"", ""VR1_Dzp"", ""VR1_Dzpe"", ""VR1_Dzse"", ""VR1_Dzv"", ""VR2_D"", ""VR2_DzZ"", ""VR2_Dzare"", ""VR2_Dzi"", ""VR2_Dzm"", ""VR2_Dzp"", ""VR2_Dzpe"", ""VR2_Dzse"", ""VR2_Dzv"", ""VR3_D"", ""VR3_DzZ"", ""VR3_Dzare"", ""VR3_Dzi"", ""VR3_Dzm"", ""VR3_Dzp"", ""VR3_Dzpe"", ""VR3_Dzse"", ""VR3_Dzv"", ""Xp-0d"", ""Xp-1d"", ""Xp-2d"", ""Xp-3d"", ""ZMIC0"", ""Zagreb1"", ""Zagreb2"", ""mZagreb2"", ""nBondsO"", ""nHeavyAtom""]"
final,120,119,LabuteASA,VR1_Dzp,VR1_Dzp,algorithmic_medoid,False,False,50,0.024567160945113686,0.9754328390548863,0.9044344063270121,0.9972475296384375,0.0,860,10614.727990885109,"[""ATS0d"", ""ATS1Z"", ""ATS1d"", ""ATS1m"", ""ATS1s"", ""ATS2Z"", ""ATS2m"", ""ATS3Z"", ""ATS3m"", ""ATS4Z"", ""ATS4m"", ""ATS5Z"", ""ATS5m"", ""ATS6Z"", ""ATS6m"", ""ATS7Z"", ""ATS7dv"", ""ATS7m"", ""ATS8Z"", ""ATS8dv"", ""ATS8m"", ""ETA_alpha"", ""ETA_beta_s"", ""ETA_eta_R"", ""ETA_eta_RL"", ""GGI10"", ""GGI6"", ""GGI7"", ""GGI8"", ""GGI9"", ""GRAV"", ""GRAVH"", ""GRAVHp"", ""GRAVp"", ""Kier1"", ""LabuteASA"", ""LogEE_A"", ""MID"", ""MOMI-Z"", ""MPC2"", ""MW"", ""MWC01"", ""MWC02"", ""MWC03"", ""SRW02"", ""SRW04"", ""SZ"", ""Sm"", ""SpAD_A"", ""SpAbs_A"", ""TIC0"", ""TIC1"", ""TMWC10"", ""VAdjMat"", ""VE1_D"", ""VE1_DzZ"", ""VE1_Dzare"", ""VE1_Dzi"", ""VE1_Dzm"", ""VE1_Dzp"", ""VE1_Dzpe"", ""VE1_Dzse"", ""VE1_Dzv"", ""VE2_D"", ""VE2_DzZ"", ""VE2_Dzare"", ""VE2_Dzi"", ""VE2_Dzm"", ""VE2_Dzp"", ""VE2_Dzpe"", ""VE2_Dzse"", ""VE2_Dzv"", ""VE3_A"", ""VE3_D"", ""VE3_DzZ"", ""VE3_Dzare"", ""VE3_Dzi"", ""VE3_Dzm"", ""VE3_Dzp"", ""VE3_Dzpe"", ""VE3_Dzse"", ""VE3_Dzv"", ""VR1_D"", ""VR1_DzZ"", ""VR1_Dzare"", ""VR1_Dzi"", ""VR1_Dzm"", ""VR1_Dzp"", ""VR1_Dzpe"", ""VR1_Dzse"", ""VR1_Dzv"", ""VR2_D"", ""VR2_DzZ"", ""VR2_Dzare"", ""VR2_Dzi"", ""VR2_Dzm"", ""VR2_Dzp"", ""VR2_Dzpe"", ""VR2_Dzse"", ""VR2_Dzv"", ""VR3_D"", ""VR3_DzZ"", ""VR3_Dzare"", ""VR3_Dzi"", ""VR3_Dzm"", ""VR3_Dzp"", ""VR3_Dzpe"", ""VR3_Dzse"", ""VR3_Dzv"", ""Xp-0d"", ""Xp-1d"", ""Xp-2d"", ""Xp-3d"", ""ZMIC0"", ""Zagreb1"", ""Zagreb2"", ""mZagreb2"", ""nBondsO"", ""nHeavyAtom""]"
final,120,119,SpAD_A,VR1_Dzp,VR1_Dzp,algorithmic_medoid,False,False,51,0.02505396674860505,0.974946033251395,0.8998059315298356,0.9999999669839542,0.002325581395348837,858,494.5524214911595,"[""ATS0d"", ""ATS1Z"", ""ATS1d"", ""ATS1m"", ""ATS1s"", ""ATS2Z"", ""ATS2m"", ""ATS3Z"", ""ATS3m"", ""ATS4Z"", ""ATS4m"", ""ATS5Z"", ""ATS5m"", ""ATS6Z"", ""ATS6m"", ""ATS7Z"", ""ATS7dv"", ""ATS7m"", ""ATS8Z"", ""ATS8dv"", ""ATS8m"", ""ETA_alpha"", ""ETA_beta_s"", ""ETA_eta_R"", ""ETA_eta_RL"", ""GGI10"", ""GGI6"", ""GGI7"", ""GGI8"", ""GGI9"", ""GRAV"", ""GRAVH"", ""GRAVHp"", ""GRAVp"", ""Kier1"", ""LabuteASA"", ""LogEE_A"", ""MID"", ""MOMI-Z"", ""MPC2"", ""MW"", ""MWC01"", ""MWC02"", ""MWC03"", ""SRW02"", ""SRW04"", ""SZ"", ""Sm"", ""SpAD_A"", ""SpAbs_A"", ""TIC0"", ""TIC1"", ""TMWC10"", ""VAdjMat"", ""VE1_D"", ""VE1_DzZ"", ""VE1_Dzare"", ""VE1_Dzi"", ""VE1_Dzm"", ""VE1_Dzp"", ""VE1_Dzpe"", ""VE1_Dzse"", ""VE1_Dzv"", ""VE2_D"", ""VE2_DzZ"", ""VE2_Dzare"", ""VE2_Dzi"", ""VE2_Dzm"", ""VE2_Dzp"", ""VE2_Dzpe"", ""VE2_Dzse"", ""VE2_Dzv"", ""VE3_A"", ""VE3_D"", ""VE3_DzZ"", ""VE3_Dzare"", ""VE3_Dzi"", ""VE3_Dzm"", ""VE3_Dzp"", ""VE3_Dzpe"", ""VE3_Dzse"", ""VE3_Dzv"", ""VR1_D"", ""VR1_DzZ"", ""VR1_Dzare"", ""VR1_Dzi"", ""VR1_Dzm"", ""VR1_Dzp"", ""VR1_Dzpe"", ""VR1_Dzse"", ""VR1_Dzv"", ""VR2_D"", ""VR2_DzZ"", ""VR2_Dzare"", ""VR2_Dzi"", ""VR2_Dzm"", ""VR2_Dzp"", ""VR2_Dzpe"", ""VR2_Dzse"", ""VR2_Dzv"", ""VR3_D"", ""VR3_DzZ"", ""VR3_Dzare"", ""VR3_Dzi"", ""VR3_Dzm"", ""VR3_Dzp"", ""VR3_Dzpe"", ""VR3_Dzse"", ""VR3_Dzv"", ""Xp-0d"", ""Xp-1d"", ""Xp-2d"", ""Xp-3d"", ""ZMIC0"", ""Zagreb1"", ""Zagreb2"", ""mZagreb2"", ""nBondsO"", ""nHeavyAtom""]"
final,120,119,SpAbs_A,VR1_Dzp,VR1_Dzp,algorithmic_medoid,False,False,52,0.025054010996379605,0.9749459890036204,0.8998059640820104,0.9999999669839542,0.002325581395348837,858,494.5524214911595,"[""ATS0d"", ""ATS1Z"", ""ATS1d"", ""ATS1m"", ""ATS1s"", ""ATS2Z"", ""ATS2m"", ""ATS3Z"", ""ATS3m"", ""ATS4Z"", ""ATS4m"", ""ATS5Z"", ""ATS5m"", ""ATS6Z"", ""ATS6m"", ""ATS7Z"", ""ATS7dv"", ""ATS7m"", ""ATS8Z"", ""ATS8dv"", ""ATS8m"", ""ETA_alpha"", ""ETA_beta_s"", ""ETA_eta_R"", ""ETA_eta_RL"", ""GGI10"", ""GGI6"", ""GGI7"", ""GGI8"", ""GGI9"", ""GRAV"", ""GRAVH"", ""GRAVHp"", ""GRAVp"", ""Kier1"", ""LabuteASA"", ""LogEE_A"", ""MID"", ""MOMI-Z"", ""MPC2"", ""MW"", ""MWC01"", ""MWC02"", ""MWC03"", ""SRW02"", ""SRW04"", ""SZ"", ""Sm"", ""SpAD_A"", ""SpAbs_A"", ""TIC0"", ""TIC1"", ""TMWC10"", ""VAdjMat"", ""VE1_D"", ""VE1_DzZ"", ""VE1_Dzare"", ""VE1_Dzi"", ""VE1_Dzm"", ""VE1_Dzp"", ""VE1_Dzpe"", ""VE1_Dzse"", ""VE1_Dzv"", ""VE2_D"", ""VE2_DzZ"", ""VE2_Dzare"", ""VE2_Dzi"", ""VE2_Dzm"", ""VE2_Dzp"", ""VE2_Dzpe"", ""VE2_Dzse"", ""VE2_Dzv"", ""VE3_A"", ""VE3_D"", ""VE3_DzZ"", ""VE3_Dzare"", ""VE3_Dzi"", ""VE3_Dzm"", ""VE3_Dzp"", ""VE3_Dzpe"", ""VE3_Dzse"", ""VE3_Dzv"", ""VR1_D"", ""VR1_DzZ"", ""VR1_Dzare"", ""VR1_Dzi"", ""VR1_Dzm"", ""VR1_Dzp"", ""VR1_Dzpe"", ""VR1_Dzse"", ""VR1_Dzv"", ""VR2_D"", ""VR2_DzZ"", ""VR2_Dzare"", ""VR2_Dzi"", ""VR2_Dzm"", ""VR2_Dzp"", ""VR2_Dzpe"", ""VR2_Dzse"", ""VR2_Dzv"", ""VR3_D"", ""VR3_DzZ"", ""VR3_Dzare"", ""VR3_Dzi"", ""VR3_Dzm"", ""VR3_Dzp"", ""VR3_Dzpe"", ""VR3_Dzse"", ""VR3_Dzv"", ""Xp-0d"", ""Xp-1d"", ""Xp-2d"", ""Xp-3d"", ""ZMIC0"", ""Zagreb1"", ""Zagreb2"", ""mZagreb2"", ""nBondsO"", ""nHeavyAtom""]"
final,120,119,SRW04,VR1_Dzp,VR1_Dzp,algorithmic_medoid,False,False,53,0.025432023931528103,0.9745679760684719,0.8991164689756194,0.9992278285464246,0.0,860,0.6387320083749077,"[""ATS0d"", ""ATS1Z"", ""ATS1d"", ""ATS1m"", ""ATS1s"", ""ATS2Z"", ""ATS2m"", ""ATS3Z"", ""ATS3m"", ""ATS4Z"", ""ATS4m"", ""ATS5Z"", ""ATS5m"", ""ATS6Z"", ""ATS6m"", ""ATS7Z"", ""ATS7dv"", ""ATS7m"", ""ATS8Z"", ""ATS8dv"", ""ATS8m"", ""ETA_alpha"", ""ETA_beta_s"", ""ETA_eta_R"", ""ETA_eta_RL"", ""GGI10"", ""GGI6"", ""GGI7"", ""GGI8"", ""GGI9"", ""GRAV"", ""GRAVH"", ""GRAVHp"", ""GRAVp"", ""Kier1"", ""LabuteASA"", ""LogEE_A"", ""MID"", ""MOMI-Z"", ""MPC2"", ""MW"", ""MWC01"", ""MWC02"", ""MWC03"", ""SRW02"", ""SRW04"", ""SZ"", ""Sm"", ""SpAD_A"", ""SpAbs_A"", ""TIC0"", ""TIC1"", ""TMWC10"", ""VAdjMat"", ""VE1_D"", ""VE1_DzZ"", ""VE1_Dzare"", ""VE1_Dzi"", ""VE1_Dzm"", ""VE1_Dzp"", ""VE1_Dzpe"", ""VE1_Dzse"", ""VE1_Dzv"", ""VE2_D"", ""VE2_DzZ"", ""VE2_Dzare"", ""VE2_Dzi"", ""VE2_Dzm"", ""VE2_Dzp"", ""VE2_Dzpe"", ""VE2_Dzse"", ""VE2_Dzv"", ""VE3_A"", ""VE3_D"", ""VE3_DzZ"", ""VE3_Dzare"", ""VE3_Dzi"", ""VE3_Dzm"", ""VE3_Dzp"", ""VE3_Dzpe"", ""VE3_Dzse"", ""VE3_Dzv"", ""VR1_D"", ""VR1_DzZ"", ""VR1_Dzare"", ""VR1_Dzi"", ""VR1_Dzm"", ""VR1_Dzp"", ""VR1_Dzpe"", ""VR1_Dzse"", ""VR1_Dzv"", ""VR2_D"", ""VR2_DzZ"", ""VR2_Dzare"", ""VR2_Dzi"", ""VR2_Dzm"", ""VR2_Dzp"", ""VR2_Dzpe"", ""VR2_Dzse"", ""VR2_Dzv"", ""VR3_D"", ""VR3_DzZ"", ""VR3_Dzare"", ""VR3_Dzi"", ""VR3_Dzm"", ""VR3_Dzp"", ""VR3_Dzpe"", ""VR3_Dzse"", ""VR3_Dzv"", ""Xp-0d"", ""Xp-1d"", ""Xp-2d"", ""Xp-3d"", ""ZMIC0"", ""Zagreb1"", ""Zagreb2"", ""mZagreb2"", ""nBondsO"", ""nHeavyAtom""]"
final,120,119,VR2_D,VR1_Dzp,VR1_Dzp,algorithmic_medoid,False,False,54,0.025489794362227758,0.9745102056377722,0.9066831568838689,0.9994093102194146,0.002325581395348837,858,3.280210173486422,"[""ATS0d"", ""ATS1Z"", ""ATS1d"", ""ATS1m"", ""ATS1s"", ""ATS2Z"", ""ATS2m"", ""ATS3Z"", ""ATS3m"", ""ATS4Z"", ""ATS4m"", ""ATS5Z"", ""ATS5m"", ""ATS6Z"", ""ATS6m"", ""ATS7Z"", ""ATS7dv"", ""ATS7m"", ""ATS8Z"", ""ATS8dv"", ""ATS8m"", ""ETA_alpha"", ""ETA_beta_s"", ""ETA_eta_R"", ""ETA_eta_RL"", ""GGI10"", ""GGI6"", ""GGI7"", ""GGI8"", ""GGI9"", ""GRAV"", ""GRAVH"", ""GRAVHp"", ""GRAVp"", ""Kier1"", ""LabuteASA"", ""LogEE_A"", ""MID"", ""MOMI-Z"", ""MPC2"", ""MW"", ""MWC01"", ""MWC02"", ""MWC03"", ""SRW02"", ""SRW04"", ""SZ"", ""Sm"", ""SpAD_A"", ""SpAbs_A"", ""TIC0"", ""TIC1"", ""TMWC10"", ""VAdjMat"", ""VE1_D"", ""VE1_DzZ"", ""VE1_Dzare"", ""VE1_Dzi"", ""VE1_Dzm"", ""VE1_Dzp"", ""VE1_Dzpe"", ""VE1_Dzse"", ""VE1_Dzv"", ""VE2_D"", ""VE2_DzZ"", ""VE2_Dzare"", ""VE2_Dzi"", ""VE2_Dzm"", ""VE2_Dzp"", ""VE2_Dzpe"", ""VE2_Dzse"", ""VE2_Dzv"", ""VE3_A"", ""VE3_D"", ""VE3_DzZ"", ""VE3_Dzare"", ""VE3_Dzi"", ""VE3_Dzm"", ""VE3_Dzp"", ""VE3_Dzpe"", ""VE3_Dzse"", ""VE3_Dzv"", ""VR1_D"", ""VR1_DzZ"", ""VR1_Dzare"", ""VR1_Dzi"", ""VR1_Dzm"", ""VR1_Dzp"", ""VR1_Dzpe"", ""VR1_Dzse"", ""VR1_Dzv"", ""VR2_D"", ""VR2_DzZ"", ""VR2_Dzare"", ""VR2_Dzi"", ""VR2_Dzm"", ""VR2_Dzp"", ""VR2_Dzpe"", ""VR2_Dzse"", ""VR2_Dzv"", ""VR3_D"", ""VR3_DzZ"", ""VR3_Dzare"", ""VR3_Dzi"", ""VR3_Dzm"", ""VR3_Dzp"", ""VR3_Dzpe"", ""VR3_Dzse"", ""VR3_Dzv"", ""Xp-0d"", ""Xp-1d"", ""Xp-2d"", ""Xp-3d"", ""ZMIC0"", ""Zagreb1"", ""Zagreb2"", ""mZagreb2"", ""nBondsO"", ""nHeavyAtom""]"
final,120,119,VR3_Dzp,VR1_Dzp,VR1_Dzp,algorithmic_medoid,False,False,55,0.02550808315643882,0.9744919168435612,0.9108594969559184,0.9999558339815402,0.009302325581395349,852,2.0748390623488833,"[""ATS0d"", ""ATS1Z"", ""ATS1d"", ""ATS1m"", ""ATS1s"", ""ATS2Z"", ""ATS2m"", ""ATS3Z"", ""ATS3m"", ""ATS4Z"", ""ATS4m"", ""ATS5Z"", ""ATS5m"", ""ATS6Z"", ""ATS6m"", ""ATS7Z"", ""ATS7dv"", ""ATS7m"", ""ATS8Z"", ""ATS8dv"", ""ATS8m"", ""ETA_alpha"", ""ETA_beta_s"", ""ETA_eta_R"", ""ETA_eta_RL"", ""GGI10"", ""GGI6"", ""GGI7"", ""GGI8"", ""GGI9"", ""GRAV"", ""GRAVH"", ""GRAVHp"", ""GRAVp"", ""Kier1"", ""LabuteASA"", ""LogEE_A"", ""MID"", ""MOMI-Z"", ""MPC2"", ""MW"", ""MWC01"", ""MWC02"", ""MWC03"", ""SRW02"", ""SRW04"", ""SZ"", ""Sm"", ""SpAD_A"", ""SpAbs_A"", ""TIC0"", ""TIC1"", ""TMWC10"", ""VAdjMat"", ""VE1_D"", ""VE1_DzZ"", ""VE1_Dzare"", ""VE1_Dzi"", ""VE1_Dzm"", ""VE1_Dzp"", ""VE1_Dzpe"", ""VE1_Dzse"", ""VE1_Dzv"", ""VE2_D"", ""VE2_DzZ"", ""VE2_Dzare"", ""VE2_Dzi"", ""VE2_Dzm"", ""VE2_Dzp"", ""VE2_Dzpe"", ""VE2_Dzse"", ""VE2_Dzv"", ""VE3_A"", ""VE3_D"", ""VE3_DzZ"", ""VE3_Dzare"", ""VE3_Dzi"", ""VE3_Dzm"", ""VE3_Dzp"", ""VE3_Dzpe"", ""VE3_Dzse"", ""VE3_Dzv"", ""VR1_D"", ""VR1_DzZ"", ""VR1_Dzare"", ""VR1_Dzi"", ""VR1_Dzm"", ""VR1_Dzp"", ""VR1_Dzpe"", ""VR1_Dzse"", ""VR1_Dzv"", ""VR2_D"", ""VR2_DzZ"", ""VR2_Dzare"", ""VR2_Dzi"", ""VR2_Dzm"", ""VR2_Dzp"", ""VR2_Dzpe"", ""VR2_Dzse"", ""VR2_Dzv"", ""VR3_D"", ""VR3_DzZ"", ""VR3_Dzare"", ""VR3_Dzi"", ""VR3_Dzm"", ""VR3_Dzp"", ""VR3_Dzpe"", ""VR3_Dzse"", ""VR3_Dzv"", ""Xp-0d"", ""Xp-1d"", ""Xp-2d"", ""Xp-3d"", ""ZMIC0"", ""Zagreb1"", ""Zagreb2"", ""mZagreb2"", ""nBondsO"", ""nHeavyAtom""]"
final,120,119,VR3_Dzv,VR1_Dzp,VR1_Dzp,algorithmic_medoid,False,False,56,0.025612516962742915,0.9743874830372571,0.9098859036983894,0.9999558339815402,0.009302325581395349,852,2.07602695393601,"[""ATS0d"", ""ATS1Z"", ""ATS1d"", ""ATS1m"", ""ATS1s"", ""ATS2Z"", ""ATS2m"", ""ATS3Z"", ""ATS3m"", ""ATS4Z"", ""ATS4m"", ""ATS5Z"", ""ATS5m"", ""ATS6Z"", ""ATS6m"", ""ATS7Z"", ""ATS7dv"", ""ATS7m"", ""ATS8Z"", ""ATS8dv"", ""ATS8m"", ""ETA_alpha"", ""ETA_beta_s"", ""ETA_eta_R"", ""ETA_eta_RL"", ""GGI10"", ""GGI6"", ""GGI7"", ""GGI8"", ""GGI9"", ""GRAV"", ""GRAVH"", ""GRAVHp"", ""GRAVp"", ""Kier1"", ""LabuteASA"", ""LogEE_A"", ""MID"", ""MOMI-Z"", ""MPC2"", ""MW"", ""MWC01"", ""MWC02"", ""MWC03"", ""SRW02"", ""SRW04"", ""SZ"", ""Sm"", ""SpAD_A"", ""SpAbs_A"", ""TIC0"", ""TIC1"", ""TMWC10"", ""VAdjMat"", ""VE1_D"", ""VE1_DzZ"", ""VE1_Dzare"", ""VE1_Dzi"", ""VE1_Dzm"", ""VE1_Dzp"", ""VE1_Dzpe"", ""VE1_Dzse"", ""VE1_Dzv"", ""VE2_D"", ""VE2_DzZ"", ""VE2_Dzare"", ""VE2_Dzi"", ""VE2_Dzm"", ""VE2_Dzp"", ""VE2_Dzpe"", ""VE2_Dzse"", ""VE2_Dzv"", ""VE3_A"", ""VE3_D"", ""VE3_DzZ"", ""VE3_Dzare"", ""VE3_Dzi"", ""VE3_Dzm"", ""VE3_Dzp"", ""VE3_Dzpe"", ""VE3_Dzse"", ""VE3_Dzv"", ""VR1_D"", ""VR1_DzZ"", ""VR1_Dzare"", ""VR1_Dzi"", ""VR1_Dzm"", ""VR1_Dzp"", ""VR1_Dzpe"", ""VR1_Dzse"", ""VR1_Dzv"", ""VR2_D"", ""VR2_DzZ"", ""VR2_Dzare"", ""VR2_Dzi"", ""VR2_Dzm"", ""VR2_Dzp"", ""VR2_Dzpe"", ""VR2_Dzse"", ""VR2_Dzv"", ""VR3_D"", ""VR3_DzZ"", ""VR3_Dzare"", ""VR3_Dzi"", ""VR3_Dzm"", ""VR3_Dzp"", ""VR3_Dzpe"", ""VR3_Dzse"", ""VR3_Dzv"", ""Xp-0d"", ""Xp-1d"", ""Xp-2d"", ""Xp-3d"", ""ZMIC0"", ""Zagreb1"", ""Zagreb2"", ""mZagreb2"", ""nBondsO"", ""nHeavyAtom""]"
final,120,119,VR3_D,VR1_Dzp,VR1_Dzp,algorithmic_medoid,False,False,57,0.025668080016116646,0.9743319199838834,0.9092399383012596,0.9999443773716258,0.009302325581395349,852,2.075559333082231,"[""ATS0d"", ""ATS1Z"", ""ATS1d"", ""ATS1m"", ""ATS1s"", ""ATS2Z"", ""ATS2m"", ""ATS3Z"", ""ATS3m"", ""ATS4Z"", ""ATS4m"", ""ATS5Z"", ""ATS5m"", ""ATS6Z"", ""ATS6m"", ""ATS7Z"", ""ATS7dv"", ""ATS7m"", ""ATS8Z"", ""ATS8dv"", ""ATS8m"", ""ETA_alpha"", ""ETA_beta_s"", ""ETA_eta_R"", ""ETA_eta_RL"", ""GGI10"", ""GGI6"", ""GGI7"", ""GGI8"", ""GGI9"", ""GRAV"", ""GRAVH"", ""GRAVHp"", ""GRAVp"", ""Kier1"", ""LabuteASA"", ""LogEE_A"", ""MID"", ""MOMI-Z"", ""MPC2"", ""MW"", ""MWC01"", ""MWC02"", ""MWC03"", ""SRW02"", ""SRW04"", ""SZ"", ""Sm"", ""SpAD_A"", ""SpAbs_A"", ""TIC0"", ""TIC1"", ""TMWC10"", ""VAdjMat"", ""VE1_D"", ""VE1_DzZ"", ""VE1_Dzare"", ""VE1_Dzi"", ""VE1_Dzm"", ""VE1_Dzp"", ""VE1_Dzpe"", ""VE1_Dzse"", ""VE1_Dzv"", ""VE2_D"", ""VE2_DzZ"", ""VE2_Dzare"", ""VE2_Dzi"", ""VE2_Dzm"", ""VE2_Dzp"", ""VE2_Dzpe"", ""VE2_Dzse"", ""VE2_Dzv"", ""VE3_A"", ""VE3_D"", ""VE3_DzZ"", ""VE3_Dzare"", ""VE3_Dzi"", ""VE3_Dzm"", ""VE3_Dzp"", ""VE3_Dzpe"", ""VE3_Dzse"", ""VE3_Dzv"", ""VR1_D"", ""VR1_DzZ"", ""VR1_Dzare"", ""VR1_Dzi"", ""VR1_Dzm"", ""VR1_Dzp"", ""VR1_Dzpe"", ""VR1_Dzse"", ""VR1_Dzv"", ""VR2_D"", ""VR2_DzZ"", ""VR2_Dzare"", ""VR2_Dzi"", ""VR2_Dzm"", ""VR2_Dzp"", ""VR2_Dzpe"", ""VR2_Dzse"", ""VR2_Dzv"", ""VR3_D"", ""VR3_DzZ"", ""VR3_Dzare"", ""VR3_Dzi"", ""VR3_Dzm"", ""VR3_Dzp"", ""VR3_Dzpe"", ""VR3_Dzse"", ""VR3_Dzv"", ""Xp-0d"", ""Xp-1d"", ""Xp-2d"", ""Xp-3d"", ""ZMIC0"", ""Zagreb1"", ""Zagreb2"", ""mZagreb2"", ""nBondsO"", ""nHeavyAtom""]"
final,120,119,VR3_Dzse,VR1_Dzp,VR1_Dzp,algorithmic_medoid,False,False,58,0.025792786716192895,0.9742072132838071,0.908680504319745,0.999998943486957,0.009302325581395349,852,2.0776087482054026,"[""ATS0d"", ""ATS1Z"", ""ATS1d"", ""ATS1m"", ""ATS1s"", ""ATS2Z"", ""ATS2m"", ""ATS3Z"", ""ATS3m"", ""ATS4Z"", ""ATS4m"", ""ATS5Z"", ""ATS5m"", ""ATS6Z"", ""ATS6m"", ""ATS7Z"", ""ATS7dv"", ""ATS7m"", ""ATS8Z"", ""ATS8dv"", ""ATS8m"", ""ETA_alpha"", ""ETA_beta_s"", ""ETA_eta_R"", ""ETA_eta_RL"", ""GGI10"", ""GGI6"", ""GGI7"", ""GGI8"", ""GGI9"", ""GRAV"", ""GRAVH"", ""GRAVHp"", ""GRAVp"", ""Kier1"", ""LabuteASA"", ""LogEE_A"", ""MID"", ""MOMI-Z"", ""MPC2"", ""MW"", ""MWC01"", ""MWC02"", ""MWC03"", ""SRW02"", ""SRW04"", ""SZ"", ""Sm"", ""SpAD_A"", ""SpAbs_A"", ""TIC0"", ""TIC1"", ""TMWC10"", ""VAdjMat"", ""VE1_D"", ""VE1_DzZ"", ""VE1_Dzare"", ""VE1_Dzi"", ""VE1_Dzm"", ""VE1_Dzp"", ""VE1_Dzpe"", ""VE1_Dzse"", ""VE1_Dzv"", ""VE2_D"", ""VE2_DzZ"", ""VE2_Dzare"", ""VE2_Dzi"", ""VE2_Dzm"", ""VE2_Dzp"", ""VE2_Dzpe"", ""VE2_Dzse"", ""VE2_Dzv"", ""VE3_A"", ""VE3_D"", ""VE3_DzZ"", ""VE3_Dzare"", ""VE3_Dzi"", ""VE3_Dzm"", ""VE3_Dzp"", ""VE3_Dzpe"", ""VE3_Dzse"", ""VE3_Dzv"", ""VR1_D"", ""VR1_DzZ"", ""VR1_Dzare"", ""VR1_Dzi"", ""VR1_Dzm"", ""VR1_Dzp"", ""VR1_Dzpe"", ""VR1_Dzse"", ""VR1_Dzv"", ""VR2_D"", ""VR2_DzZ"", ""VR2_Dzare"", ""VR2_Dzi"", ""VR2_Dzm"", ""VR2_Dzp"", ""VR2_Dzpe"", ""VR2_Dzse"", ""VR2_Dzv"", ""VR3_D"", ""VR3_DzZ"", ""VR3_Dzare"", ""VR3_Dzi"", ""VR3_Dzm"", ""VR3_Dzp"", ""VR3_Dzpe"", ""VR3_Dzse"", ""VR3_Dzv"", ""Xp-0d"", ""Xp-1d"", ""Xp-2d"", ""Xp-3d"", ""ZMIC0"", ""Zagreb1"", ""Zagreb2"", ""mZagreb2"", ""nBondsO"", ""nHeavyAtom""]"
final,120,119,VR3_Dzi,VR1_Dzp,VR1_Dzp,algorithmic_medoid,False,False,59,0.025794572835584617,0.9742054271644154,0.9086585466203297,0.9999950381619586,0.009302325581395349,852,2.0770363631769078,"[""ATS0d"", ""ATS1Z"", ""ATS1d"", ""ATS1m"", ""ATS1s"", ""ATS2Z"", ""ATS2m"", ""ATS3Z"", ""ATS3m"", ""ATS4Z"", ""ATS4m"", ""ATS5Z"", ""ATS5m"", ""ATS6Z"", ""ATS6m"", ""ATS7Z"", ""ATS7dv"", ""ATS7m"", ""ATS8Z"", ""ATS8dv"", ""ATS8m"", ""ETA_alpha"", ""ETA_beta_s"", ""ETA_eta_R"", ""ETA_eta_RL"", ""GGI10"", ""GGI6"", ""GGI7"", ""GGI8"", ""GGI9"", ""GRAV"", ""GRAVH"", ""GRAVHp"", ""GRAVp"", ""Kier1"", ""LabuteASA"", ""LogEE_A"", ""MID"", ""MOMI-Z"", ""MPC2"", ""MW"", ""MWC01"", ""MWC02"", ""MWC03"", ""SRW02"", ""SRW04"", ""SZ"", ""Sm"", ""SpAD_A"", ""SpAbs_A"", ""TIC0"", ""TIC1"", ""TMWC10"", ""VAdjMat"", ""VE1_D"", ""VE1_DzZ"", ""VE1_Dzare"", ""VE1_Dzi"", ""VE1_Dzm"", ""VE1_Dzp"", ""VE1_Dzpe"", ""VE1_Dzse"", ""VE1_Dzv"", ""VE2_D"", ""VE2_DzZ"", ""VE2_Dzare"", ""VE2_Dzi"", ""VE2_Dzm"", ""VE2_Dzp"", ""VE2_Dzpe"", ""VE2_Dzse"", ""VE2_Dzv"", ""VE3_A"", ""VE3_D"", ""VE3_DzZ"", ""VE3_Dzare"", ""VE3_Dzi"", ""VE3_Dzm"", ""VE3_Dzp"", ""VE3_Dzpe"", ""VE3_Dzse"", ""VE3_Dzv"", ""VR1_D"", ""VR1_DzZ"", ""VR1_Dzare"", ""VR1_Dzi"", ""VR1_Dzm"", ""VR1_Dzp"", ""VR1_Dzpe"", ""VR1_Dzse"", ""VR1_Dzv"", ""VR2_D"", ""VR2_DzZ"", ""VR2_Dzare"", ""VR2_Dzi"", ""VR2_Dzm"", ""VR2_Dzp"", ""VR2_Dzpe"", ""VR2_Dzse"", ""VR2_Dzv"", ""VR3_D"", ""VR3_DzZ"", ""VR3_Dzare"", ""VR3_Dzi"", ""VR3_Dzm"", ""VR3_Dzp"", ""VR3_Dzpe"", ""VR3_Dzse"", ""VR3_Dzv"", ""Xp-0d"", ""Xp-1d"", ""Xp-2d"", ""Xp-3d"", ""ZMIC0"", ""Zagreb1"", ""Zagreb2"", ""mZagreb2"", ""nBondsO"", ""nHeavyAtom""]"
final,120,119,VR3_Dzpe,VR1_Dzp,VR1_Dzp,algorithmic_medoid,False,False,60,0.0258004601755476,0.9741995398244524,0.9086446095674563,0.999998943486957,0.009302325581395349,852,2.077519024626299,"[""ATS0d"", ""ATS1Z"", ""ATS1d"", ""ATS1m"", ""ATS1s"", ""ATS2Z"", ""ATS2m"", ""ATS3Z"", ""ATS3m"", ""ATS4Z"", ""ATS4m"", ""ATS5Z"", ""ATS5m"", ""ATS6Z"", ""ATS6m"", ""ATS7Z"", ""ATS7dv"", ""ATS7m"", ""ATS8Z"", ""ATS8dv"", ""ATS8m"", ""ETA_alpha"", ""ETA_beta_s"", ""ETA_eta_R"", ""ETA_eta_RL"", ""GGI10"", ""GGI6"", ""GGI7"", ""GGI8"", ""GGI9"", ""GRAV"", ""GRAVH"", ""GRAVHp"", ""GRAVp"", ""Kier1"", ""LabuteASA"", ""LogEE_A"", ""MID"", ""MOMI-Z"", ""MPC2"", ""MW"", ""MWC01"", ""MWC02"", ""MWC03"", ""SRW02"", ""SRW04"", ""SZ"", ""Sm"", ""SpAD_A"", ""SpAbs_A"", ""TIC0"", ""TIC1"", ""TMWC10"", ""VAdjMat"", ""VE1_D"", ""VE1_DzZ"", ""VE1_Dzare"", ""VE1_Dzi"", ""VE1_Dzm"", ""VE1_Dzp"", ""VE1_Dzpe"", ""VE1_Dzse"", ""VE1_Dzv"", ""VE2_D"", ""VE2_DzZ"", ""VE2_Dzare"", ""VE2_Dzi"", ""VE2_Dzm"", ""VE2_Dzp"", ""VE2_Dzpe"", ""VE2_Dzse"", ""VE2_Dzv"", ""VE3_A"", ""VE3_D"", ""VE3_DzZ"", ""VE3_Dzare"", ""VE3_Dzi"", ""VE3_Dzm"", ""VE3_Dzp"", ""VE3_Dzpe"", ""VE3_Dzse"", ""VE3_Dzv"", ""VR1_D"", ""VR1_DzZ"", ""VR1_Dzare"", ""VR1_Dzi"", ""VR1_Dzm"", ""VR1_Dzp"", ""VR1_Dzpe"", ""VR1_Dzse"", ""VR1_Dzv"", ""VR2_D"", ""VR2_DzZ"", ""VR2_Dzare"", ""VR2_Dzi"", ""VR2_Dzm"", ""VR2_Dzp"", ""VR2_Dzpe"", ""VR2_Dzse"", ""VR2_Dzv"", ""VR3_D"", ""VR3_DzZ"", ""VR3_Dzare"", ""VR3_Dzi"", ""VR3_Dzm"", ""VR3_Dzp"", ""VR3_Dzpe"", ""VR3_Dzse"", ""VR3_Dzv"", ""Xp-0d"", ""Xp-1d"", ""Xp-2d"", ""Xp-3d"", ""ZMIC0"", ""Zagreb1"", ""Zagreb2"", ""mZagreb2"", ""nBondsO"", ""nHeavyAtom""]"
final,120,119,VR3_Dzare,VR1_Dzp,VR1_Dzp,algorithmic_medoid,False,False,61,0.02580615045260637,0.9741938495473936,0.9085923621322769,0.9999987170913048,0.009302325581395349,852,2.077428674252291,"[""ATS0d"", ""ATS1Z"", ""ATS1d"", ""ATS1m"", ""ATS1s"", ""ATS2Z"", ""ATS2m"", ""ATS3Z"", ""ATS3m"", ""ATS4Z"", ""ATS4m"", ""ATS5Z"", ""ATS5m"", ""ATS6Z"", ""ATS6m"", ""ATS7Z"", ""ATS7dv"", ""ATS7m"", ""ATS8Z"", ""ATS8dv"", ""ATS8m"", ""ETA_alpha"", ""ETA_beta_s"", ""ETA_eta_R"", ""ETA_eta_RL"", ""GGI10"", ""GGI6"", ""GGI7"", ""GGI8"", ""GGI9"", ""GRAV"", ""GRAVH"", ""GRAVHp"", ""GRAVp"", ""Kier1"", ""LabuteASA"", ""LogEE_A"", ""MID"", ""MOMI-Z"", ""MPC2"", ""MW"", ""MWC01"", ""MWC02"", ""MWC03"", ""SRW02"", ""SRW04"", ""SZ"", ""Sm"", ""SpAD_A"", ""SpAbs_A"", ""TIC0"", ""TIC1"", ""TMWC10"", ""VAdjMat"", ""VE1_D"", ""VE1_DzZ"", ""VE1_Dzare"", ""VE1_Dzi"", ""VE1_Dzm"", ""VE1_Dzp"", ""VE1_Dzpe"", ""VE1_Dzse"", ""VE1_Dzv"", ""VE2_D"", ""VE2_DzZ"", ""VE2_Dzare"", ""VE2_Dzi"", ""VE2_Dzm"", ""VE2_Dzp"", ""VE2_Dzpe"", ""VE2_Dzse"", ""VE2_Dzv"", ""VE3_A"", ""VE3_D"", ""VE3_DzZ"", ""VE3_Dzare"", ""VE3_Dzi"", ""VE3_Dzm"", ""VE3_Dzp"", ""VE3_Dzpe"", ""VE3_Dzse"", ""VE3_Dzv"", ""VR1_D"", ""VR1_DzZ"", ""VR1_Dzare"", ""VR1_Dzi"", ""VR1_Dzm"", ""VR1_Dzp"", ""VR1_Dzpe"", ""VR1_Dzse"", ""VR1_Dzv"", ""VR2_D"", ""VR2_DzZ"", ""VR2_Dzare"", ""VR2_Dzi"", ""VR2_Dzm"", ""VR2_Dzp"", ""VR2_Dzpe"", ""VR2_Dzse"", ""VR2_Dzv"", ""VR3_D"", ""VR3_DzZ"", ""VR3_Dzare"", ""VR3_Dzi"", ""VR3_Dzm"", ""VR3_Dzp"", ""VR3_Dzpe"", ""VR3_Dzse"", ""VR3_Dzv"", ""Xp-0d"", ""Xp-1d"", ""Xp-2d"", ""Xp-3d"", ""ZMIC0"", ""Zagreb1"", ""Zagreb2"", ""mZagreb2"", ""nBondsO"", ""nHeavyAtom""]"
final,120,119,VR3_DzZ,VR1_Dzp,VR1_Dzp,algorithmic_medoid,False,False,62,0.025867336096557114,0.9741326639034429,0.9085082019599156,0.9999958116804365,0.009302325581395349,852,2.078497107022635,"[""ATS0d"", ""ATS1Z"", ""ATS1d"", ""ATS1m"", ""ATS1s"", ""ATS2Z"", ""ATS2m"", ""ATS3Z"", ""ATS3m"", ""ATS4Z"", ""ATS4m"", ""ATS5Z"", ""ATS5m"", ""ATS6Z"", ""ATS6m"", ""ATS7Z"", ""ATS7dv"", ""ATS7m"", ""ATS8Z"", ""ATS8dv"", ""ATS8m"", ""ETA_alpha"", ""ETA_beta_s"", ""ETA_eta_R"", ""ETA_eta_RL"", ""GGI10"", ""GGI6"", ""GGI7"", ""GGI8"", ""GGI9"", ""GRAV"", ""GRAVH"", ""GRAVHp"", ""GRAVp"", ""Kier1"", ""LabuteASA"", ""LogEE_A"", ""MID"", ""MOMI-Z"", ""MPC2"", ""MW"", ""MWC01"", ""MWC02"", ""MWC03"", ""SRW02"", ""SRW04"", ""SZ"", ""Sm"", ""SpAD_A"", ""SpAbs_A"", ""TIC0"", ""TIC1"", ""TMWC10"", ""VAdjMat"", ""VE1_D"", ""VE1_DzZ"", ""VE1_Dzare"", ""VE1_Dzi"", ""VE1_Dzm"", ""VE1_Dzp"", ""VE1_Dzpe"", ""VE1_Dzse"", ""VE1_Dzv"", ""VE2_D"", ""VE2_DzZ"", ""VE2_Dzare"", ""VE2_Dzi"", ""VE2_Dzm"", ""VE2_Dzp"", ""VE2_Dzpe"", ""VE2_Dzse"", ""VE2_Dzv"", ""VE3_A"", ""VE3_D"", ""VE3_DzZ"", ""VE3_Dzare"", ""VE3_Dzi"", ""VE3_Dzm"", ""VE3_Dzp"", ""VE3_Dzpe"", ""VE3_Dzse"", ""VE3_Dzv"", ""VR1_D"", ""VR1_DzZ"", ""VR1_Dzare"", ""VR1_Dzi"", ""VR1_Dzm"", ""VR1_Dzp"", ""VR1_Dzpe"", ""VR1_Dzse"", ""VR1_Dzv"", ""VR2_D"", ""VR2_DzZ"", ""VR2_Dzare"", ""VR2_Dzi"", ""VR2_Dzm"", ""VR2_Dzp"", ""VR2_Dzpe"", ""VR2_Dzse"", ""VR2_Dzv"", ""VR3_D"", ""VR3_DzZ"", ""VR3_Dzare"", ""VR3_Dzi"", ""VR3_Dzm"", ""VR3_Dzp"", ""VR3_Dzpe"", ""VR3_Dzse"", ""VR3_Dzv"", ""Xp-0d"", ""Xp-1d"", ""Xp-2d"", ""Xp-3d"", ""ZMIC0"", ""Zagreb1"", ""Zagreb2"", ""mZagreb2"", ""nBondsO"", ""nHeavyAtom""]"
final,120,119,VR3_Dzm,VR1_Dzp,VR1_Dzp,algorithmic_medoid,False,False,63,0.025892721162760313,0.9741072788372397,0.9084833473916905,0.9999958116804365,0.009302325581395349,852,2.078903338655359,"[""ATS0d"", ""ATS1Z"", ""ATS1d"", ""ATS1m"", ""ATS1s"", ""ATS2Z"", ""ATS2m"", ""ATS3Z"", ""ATS3m"", ""ATS4Z"", ""ATS4m"", ""ATS5Z"", ""ATS5m"", ""ATS6Z"", ""ATS6m"", ""ATS7Z"", ""ATS7dv"", ""ATS7m"", ""ATS8Z"", ""ATS8dv"", ""ATS8m"", ""ETA_alpha"", ""ETA_beta_s"", ""ETA_eta_R"", ""ETA_eta_RL"", ""GGI10"", ""GGI6"", ""GGI7"", ""GGI8"", ""GGI9"", ""GRAV"", ""GRAVH"", ""GRAVHp"", ""GRAVp"", ""Kier1"", ""LabuteASA"", ""LogEE_A"", ""MID"", ""MOMI-Z"", ""MPC2"", ""MW"", ""MWC01"", ""MWC02"", ""MWC03"", ""SRW02"", ""SRW04"", ""SZ"", ""Sm"", ""SpAD_A"", ""SpAbs_A"", ""TIC0"", ""TIC1"", ""TMWC10"", ""VAdjMat"", ""VE1_D"", ""VE1_DzZ"", ""VE1_Dzare"", ""VE1_Dzi"", ""VE1_Dzm"", ""VE1_Dzp"", ""VE1_Dzpe"", ""VE1_Dzse"", ""VE1_Dzv"", ""VE2_D"", ""VE2_DzZ"", ""VE2_Dzare"", ""VE2_Dzi"", ""VE2_Dzm"", ""VE2_Dzp"", ""VE2_Dzpe"", ""VE2_Dzse"", ""VE2_Dzv"", ""VE3_A"", ""VE3_D"", ""VE3_DzZ"", ""VE3_Dzare"", ""VE3_Dzi"", ""VE3_Dzm"", ""VE3_Dzp"", ""VE3_Dzpe"", ""VE3_Dzse"", ""VE3_Dzv"", ""VR1_D"", ""VR1_DzZ"", ""VR1_Dzare"", ""VR1_Dzi"", ""VR1_Dzm"", ""VR1_Dzp"", ""VR1_Dzpe"", ""VR1_Dzse"", ""VR1_Dzv"", ""VR2_D"", ""VR2_DzZ"", ""VR2_Dzare"", ""VR2_Dzi"", ""VR2_Dzm"", ""VR2_Dzp"", ""VR2_Dzpe"", ""VR2_Dzse"", ""VR2_Dzv"", ""VR3_D"", ""VR3_DzZ"", ""VR3_Dzare"", ""VR3_Dzi"", ""VR3_Dzm"", ""VR3_Dzp"", ""VR3_Dzpe"", ""VR3_Dzse"", ""VR3_Dzv"", ""Xp-0d"", ""Xp-1d"", ""Xp-2d"", ""Xp-3d"", ""ZMIC0"", ""Zagreb1"", ""Zagreb2"", ""mZagreb2"", ""nBondsO"", ""nHeavyAtom""]"
final,120,119,VR2_Dzse,VR1_Dzp,VR1_Dzp,algorithmic_medoid,False,False,64,0.026125555402192635,0.9738744445978074,0.9077982775694852,0.9999353074717107,0.002325581395348837,858,3.279744942756777,"[""ATS0d"", ""ATS1Z"", ""ATS1d"", ""ATS1m"", ""ATS1s"", ""ATS2Z"", ""ATS2m"", ""ATS3Z"", ""ATS3m"", ""ATS4Z"", ""ATS4m"", ""ATS5Z"", ""ATS5m"", ""ATS6Z"", ""ATS6m"", ""ATS7Z"", ""ATS7dv"", ""ATS7m"", ""ATS8Z"", ""ATS8dv"", ""ATS8m"", ""ETA_alpha"", ""ETA_beta_s"", ""ETA_eta_R"", ""ETA_eta_RL"", ""GGI10"", ""GGI6"", ""GGI7"", ""GGI8"", ""GGI9"", ""GRAV"", ""GRAVH"", ""GRAVHp"", ""GRAVp"", ""Kier1"", ""LabuteASA"", ""LogEE_A"", ""MID"", ""MOMI-Z"", ""MPC2"", ""MW"", ""MWC01"", ""MWC02"", ""MWC03"", ""SRW02"", ""SRW04"", ""SZ"", ""Sm"", ""SpAD_A"", ""SpAbs_A"", ""TIC0"", ""TIC1"", ""TMWC10"", ""VAdjMat"", ""VE1_D"", ""VE1_DzZ"", ""VE1_Dzare"", ""VE1_Dzi"", ""VE1_Dzm"", ""VE1_Dzp"", ""VE1_Dzpe"", ""VE1_Dzse"", ""VE1_Dzv"", ""VE2_D"", ""VE2_DzZ"", ""VE2_Dzare"", ""VE2_Dzi"", ""VE2_Dzm"", ""VE2_Dzp"", ""VE2_Dzpe"", ""VE2_Dzse"", ""VE2_Dzv"", ""VE3_A"", ""VE3_D"", ""VE3_DzZ"", ""VE3_Dzare"", ""VE3_Dzi"", ""VE3_Dzm"", ""VE3_Dzp"", ""VE3_Dzpe"", ""VE3_Dzse"", ""VE3_Dzv"", ""VR1_D"", ""VR1_DzZ"", ""VR1_Dzare"", ""VR1_Dzi"", ""VR1_Dzm"", ""VR1_Dzp"", ""VR1_Dzpe"", ""VR1_Dzse"", ""VR1_Dzv"", ""VR2_D"", ""VR2_DzZ"", ""VR2_Dzare"", ""VR2_Dzi"", ""VR2_Dzm"", ""VR2_Dzp"", ""VR2_Dzpe"", ""VR2_Dzse"", ""VR2_Dzv"", ""VR3_D"", ""VR3_DzZ"", ""VR3_Dzare"", ""VR3_Dzi"", ""VR3_Dzm"", ""VR3_Dzp"", ""VR3_Dzpe"", ""VR3_Dzse"", ""VR3_Dzv"", ""Xp-0d"", ""Xp-1d"", ""Xp-2d"", ""Xp-3d"", ""ZMIC0"", ""Zagreb1"", ""Zagreb2"", ""mZagreb2"", ""nBondsO"", ""nHeavyAtom""]"
final,120,119,VR2_Dzi,VR1_Dzp,VR1_Dzp,algorithmic_medoid,False,False,65,0.026189340494583768,0.9738106595054162,0.9076713545669026,0.9999353074717107,0.002325581395348837,858,3.279206973835023,"[""ATS0d"", ""ATS1Z"", ""ATS1d"", ""ATS1m"", ""ATS1s"", ""ATS2Z"", ""ATS2m"", ""ATS3Z"", ""ATS3m"", ""ATS4Z"", ""ATS4m"", ""ATS5Z"", ""ATS5m"", ""ATS6Z"", ""ATS6m"", ""ATS7Z"", ""ATS7dv"", ""ATS7m"", ""ATS8Z"", ""ATS8dv"", ""ATS8m"", ""ETA_alpha"", ""ETA_beta_s"", ""ETA_eta_R"", ""ETA_eta_RL"", ""GGI10"", ""GGI6"", ""GGI7"", ""GGI8"", ""GGI9"", ""GRAV"", ""GRAVH"", ""GRAVHp"", ""GRAVp"", ""Kier1"", ""LabuteASA"", ""LogEE_A"", ""MID"", ""MOMI-Z"", ""MPC2"", ""MW"", ""MWC01"", ""MWC02"", ""MWC03"", ""SRW02"", ""SRW04"", ""SZ"", ""Sm"", ""SpAD_A"", ""SpAbs_A"", ""TIC0"", ""TIC1"", ""TMWC10"", ""VAdjMat"", ""VE1_D"", ""VE1_DzZ"", ""VE1_Dzare"", ""VE1_Dzi"", ""VE1_Dzm"", ""VE1_Dzp"", ""VE1_Dzpe"", ""VE1_Dzse"", ""VE1_Dzv"", ""VE2_D"", ""VE2_DzZ"", ""VE2_Dzare"", ""VE2_Dzi"", ""VE2_Dzm"", ""VE2_Dzp"", ""VE2_Dzpe"", ""VE2_Dzse"", ""VE2_Dzv"", ""VE3_A"", ""VE3_D"", ""VE3_DzZ"", ""VE3_Dzare"", ""VE3_Dzi"", ""VE3_Dzm"", ""VE3_Dzp"", ""VE3_Dzpe"", ""VE3_Dzse"", ""VE3_Dzv"", ""VR1_D"", ""VR1_DzZ"", ""VR1_Dzare"", ""VR1_Dzi"", ""VR1_Dzm"", ""VR1_Dzp"", ""VR1_Dzpe"", ""VR1_Dzse"", ""VR1_Dzv"", ""VR2_D"", ""VR2_DzZ"", ""VR2_Dzare"", ""VR2_Dzi"", ""VR2_Dzm"", ""VR2_Dzp"", ""VR2_Dzpe"", ""VR2_Dzse"", ""VR2_Dzv"", ""VR3_D"", ""VR3_DzZ"", ""VR3_Dzare"", ""VR3_Dzi"", ""VR3_Dzm"", ""VR3_Dzp"", ""VR3_Dzpe"", ""VR3_Dzse"", ""VR3_Dzv"", ""Xp-0d"", ""Xp-1d"", ""Xp-2d"", ""Xp-3d"", ""ZMIC0"", ""Zagreb1"", ""Zagreb2"", ""mZagreb2"", ""nBondsO"", ""nHeavyAtom""]"
final,120,119,VR2_DzZ,VR1_Dzp,VR1_Dzp,algorithmic_medoid,False,False,66,0.02628016879906503,0.973719831200935,0.9071932071752336,0.9998702187512095,0.002325581395348837,858,3.285664557374279,"[""ATS0d"", ""ATS1Z"", ""ATS1d"", ""ATS1m"", ""ATS1s"", ""ATS2Z"", ""ATS2m"", ""ATS3Z"", ""ATS3m"", ""ATS4Z"", ""ATS4m"", ""ATS5Z"", ""ATS5m"", ""ATS6Z"", ""ATS6m"", ""ATS7Z"", ""ATS7dv"", ""ATS7m"", ""ATS8Z"", ""ATS8dv"", ""ATS8m"", ""ETA_alpha"", ""ETA_beta_s"", ""ETA_eta_R"", ""ETA_eta_RL"", ""GGI10"", ""GGI6"", ""GGI7"", ""GGI8"", ""GGI9"", ""GRAV"", ""GRAVH"", ""GRAVHp"", ""GRAVp"", ""Kier1"", ""LabuteASA"", ""LogEE_A"", ""MID"", ""MOMI-Z"", ""MPC2"", ""MW"", ""MWC01"", ""MWC02"", ""MWC03"", ""SRW02"", ""SRW04"", ""SZ"", ""Sm"", ""SpAD_A"", ""SpAbs_A"", ""TIC0"", ""TIC1"", ""TMWC10"", ""VAdjMat"", ""VE1_D"", ""VE1_DzZ"", ""VE1_Dzare"", ""VE1_Dzi"", ""VE1_Dzm"", ""VE1_Dzp"", ""VE1_Dzpe"", ""VE1_Dzse"", ""VE1_Dzv"", ""VE2_D"", ""VE2_DzZ"", ""VE2_Dzare"", ""VE2_Dzi"", ""VE2_Dzm"", ""VE2_Dzp"", ""VE2_Dzpe"", ""VE2_Dzse"", ""VE2_Dzv"", ""VE3_A"", ""VE3_D"", ""VE3_DzZ"", ""VE3_Dzare"", ""VE3_Dzi"", ""VE3_Dzm"", ""VE3_Dzp"", ""VE3_Dzpe"", ""VE3_Dzse"", ""VE3_Dzv"", ""VR1_D"", ""VR1_DzZ"", ""VR1_Dzare"", ""VR1_Dzi"", ""VR1_Dzm"", ""VR1_Dzp"", ""VR1_Dzpe"", ""VR1_Dzse"", ""VR1_Dzv"", ""VR2_D"", ""VR2_DzZ"", ""VR2_Dzare"", ""VR2_Dzi"", ""VR2_Dzm"", ""VR2_Dzp"", ""VR2_Dzpe"", ""VR2_Dzse"", ""VR2_Dzv"", ""VR3_D"", ""VR3_DzZ"", ""VR3_Dzare"", ""VR3_Dzi"", ""VR3_Dzm"", ""VR3_Dzp"", ""VR3_Dzpe"", ""VR3_Dzse"", ""VR3_Dzv"", ""Xp-0d"", ""Xp-1d"", ""Xp-2d"", ""Xp-3d"", ""ZMIC0"", ""Zagreb1"", ""Zagreb2"", ""mZagreb2"", ""nBondsO"", ""nHeavyAtom""]"
final,120,119,VR2_Dzm,VR1_Dzp,VR1_Dzp,algorithmic_medoid,False,False,67,0.026426343950588294,0.9735736560494117,0.9070496346669238,0.9998702187512095,0.002325581395348837,858,3.29038791737601,"[""ATS0d"", ""ATS1Z"", ""ATS1d"", ""ATS1m"", ""ATS1s"", ""ATS2Z"", ""ATS2m"", ""ATS3Z"", ""ATS3m"", ""ATS4Z"", ""ATS4m"", ""ATS5Z"", ""ATS5m"", ""ATS6Z"", ""ATS6m"", ""ATS7Z"", ""ATS7dv"", ""ATS7m"", ""ATS8Z"", ""ATS8dv"", ""ATS8m"", ""ETA_alpha"", ""ETA_beta_s"", ""ETA_eta_R"", ""ETA_eta_RL"", ""GGI10"", ""GGI6"", ""GGI7"", ""GGI8"", ""GGI9"", ""GRAV"", ""GRAVH"", ""GRAVHp"", ""GRAVp"", ""Kier1"", ""LabuteASA"", ""LogEE_A"", ""MID"", ""MOMI-Z"", ""MPC2"", ""MW"", ""MWC01"", ""MWC02"", ""MWC03"", ""SRW02"", ""SRW04"", ""SZ"", ""Sm"", ""SpAD_A"", ""SpAbs_A"", ""TIC0"", ""TIC1"", ""TMWC10"", ""VAdjMat"", ""VE1_D"", ""VE1_DzZ"", ""VE1_Dzare"", ""VE1_Dzi"", ""VE1_Dzm"", ""VE1_Dzp"", ""VE1_Dzpe"", ""VE1_Dzse"", ""VE1_Dzv"", ""VE2_D"", ""VE2_DzZ"", ""VE2_Dzare"", ""VE2_Dzi"", ""VE2_Dzm"", ""VE2_Dzp"", ""VE2_Dzpe"", ""VE2_Dzse"", ""VE2_Dzv"", ""VE3_A"", ""VE3_D"", ""VE3_DzZ"", ""VE3_Dzare"", ""VE3_Dzi"", ""VE3_Dzm"", ""VE3_Dzp"", ""VE3_Dzpe"", ""VE3_Dzse"", ""VE3_Dzv"", ""VR1_D"", ""VR1_DzZ"", ""VR1_Dzare"", ""VR1_Dzi"", ""VR1_Dzm"", ""VR1_Dzp"", ""VR1_Dzpe"", ""VR1_Dzse"", ""VR1_Dzv"", ""VR2_D"", ""VR2_DzZ"", ""VR2_Dzare"", ""VR2_Dzi"", ""VR2_Dzm"", ""VR2_Dzp"", ""VR2_Dzpe"", ""VR2_Dzse"", ""VR2_Dzv"", ""VR3_D"", ""VR3_DzZ"", ""VR3_Dzare"", ""VR3_Dzi"", ""VR3_Dzm"", ""VR3_Dzp"", ""VR3_Dzpe"", ""VR3_Dzse"", ""VR3_Dzv"", ""Xp-0d"", ""Xp-1d"", ""Xp-2d"", ""Xp-3d"", ""ZMIC0"", ""Zagreb1"", ""Zagreb2"", ""mZagreb2"", ""nBondsO"", ""nHeavyAtom""]"
final,120,119,VR2_Dzv,VR1_Dzp,VR1_Dzp,algorithmic_medoid,False,False,68,0.026597622157565892,0.9734023778424341,0.9053145297746132,0.9992362357472327,0.002325581395348837,858,3.2920508892762967,"[""ATS0d"", ""ATS1Z"", ""ATS1d"", ""ATS1m"", ""ATS1s"", ""ATS2Z"", ""ATS2m"", ""ATS3Z"", ""ATS3m"", ""ATS4Z"", ""ATS4m"", ""ATS5Z"", ""ATS5m"", ""ATS6Z"", ""ATS6m"", ""ATS7Z"", ""ATS7dv"", ""ATS7m"", ""ATS8Z"", ""ATS8dv"", ""ATS8m"", ""ETA_alpha"", ""ETA_beta_s"", ""ETA_eta_R"", ""ETA_eta_RL"", ""GGI10"", ""GGI6"", ""GGI7"", ""GGI8"", ""GGI9"", ""GRAV"", ""GRAVH"", ""GRAVHp"", ""GRAVp"", ""Kier1"", ""LabuteASA"", ""LogEE_A"", ""MID"", ""MOMI-Z"", ""MPC2"", ""MW"", ""MWC01"", ""MWC02"", ""MWC03"", ""SRW02"", ""SRW04"", ""SZ"", ""Sm"", ""SpAD_A"", ""SpAbs_A"", ""TIC0"", ""TIC1"", ""TMWC10"", ""VAdjMat"", ""VE1_D"", ""VE1_DzZ"", ""VE1_Dzare"", ""VE1_Dzi"", ""VE1_Dzm"", ""VE1_Dzp"", ""VE1_Dzpe"", ""VE1_Dzse"", ""VE1_Dzv"", ""VE2_D"", ""VE2_DzZ"", ""VE2_Dzare"", ""VE2_Dzi"", ""VE2_Dzm"", ""VE2_Dzp"", ""VE2_Dzpe"", ""VE2_Dzse"", ""VE2_Dzv"", ""VE3_A"", ""VE3_D"", ""VE3_DzZ"", ""VE3_Dzare"", ""VE3_Dzi"", ""VE3_Dzm"", ""VE3_Dzp"", ""VE3_Dzpe"", ""VE3_Dzse"", ""VE3_Dzv"", ""VR1_D"", ""VR1_DzZ"", ""VR1_Dzare"", ""VR1_Dzi"", ""VR1_Dzm"", ""VR1_Dzp"", ""VR1_Dzpe"", ""VR1_Dzse"", ""VR1_Dzv"", ""VR2_D"", ""VR2_DzZ"", ""VR2_Dzare"", ""VR2_Dzi"", ""VR2_Dzm"", ""VR2_Dzp"", ""VR2_Dzpe"", ""VR2_Dzse"", ""VR2_Dzv"", ""VR3_D"", ""VR3_DzZ"", ""VR3_Dzare"", ""VR3_Dzi"", ""VR3_Dzm"", ""VR3_Dzp"", ""VR3_Dzpe"", ""VR3_Dzse"", ""VR3_Dzv"", ""Xp-0d"", ""Xp-1d"", ""Xp-2d"", ""Xp-3d"", ""ZMIC0"", ""Zagreb1"", ""Zagreb2"", ""mZagreb2"", ""nBondsO"", ""nHeavyAtom""]"
final,120,119,SZ,VR1_Dzp,VR1_Dzp,algorithmic_medoid,False,False,69,0.02665151220600792,0.9733484877939921,0.9181097182917065,0.9984487475970407,0.0,860,492.6344576648038,"[""ATS0d"", ""ATS1Z"", ""ATS1d"", ""ATS1m"", ""ATS1s"", ""ATS2Z"", ""ATS2m"", ""ATS3Z"", ""ATS3m"", ""ATS4Z"", ""ATS4m"", ""ATS5Z"", ""ATS5m"", ""ATS6Z"", ""ATS6m"", ""ATS7Z"", ""ATS7dv"", ""ATS7m"", ""ATS8Z"", ""ATS8dv"", ""ATS8m"", ""ETA_alpha"", ""ETA_beta_s"", ""ETA_eta_R"", ""ETA_eta_RL"", ""GGI10"", ""GGI6"", ""GGI7"", ""GGI8"", ""GGI9"", ""GRAV"", ""GRAVH"", ""GRAVHp"", ""GRAVp"", ""Kier1"", ""LabuteASA"", ""LogEE_A"", ""MID"", ""MOMI-Z"", ""MPC2"", ""MW"", ""MWC01"", ""MWC02"", ""MWC03"", ""SRW02"", ""SRW04"", ""SZ"", ""Sm"", ""SpAD_A"", ""SpAbs_A"", ""TIC0"", ""TIC1"", ""TMWC10"", ""VAdjMat"", ""VE1_D"", ""VE1_DzZ"", ""VE1_Dzare"", ""VE1_Dzi"", ""VE1_Dzm"", ""VE1_Dzp"", ""VE1_Dzpe"", ""VE1_Dzse"", ""VE1_Dzv"", ""VE2_D"", ""VE2_DzZ"", ""VE2_Dzare"", ""VE2_Dzi"", ""VE2_Dzm"", ""VE2_Dzp"", ""VE2_Dzpe"", ""VE2_Dzse"", ""VE2_Dzv"", ""VE3_A"", ""VE3_D"", ""VE3_DzZ"", ""VE3_Dzare"", ""VE3_Dzi"", ""VE3_Dzm"", ""VE3_Dzp"", ""VE3_Dzpe"", ""VE3_Dzse"", ""VE3_Dzv"", ""VR1_D"", ""VR1_DzZ"", ""VR1_Dzare"", ""VR1_Dzi"", ""VR1_Dzm"", ""VR1_Dzp"", ""VR1_Dzpe"", ""VR1_Dzse"", ""VR1_Dzv"", ""VR2_D"", ""VR2_DzZ"", ""VR2_Dzare"", ""VR2_Dzi"", ""VR2_Dzm"", ""VR2_Dzp"", ""VR2_Dzpe"", ""VR2_Dzse"", ""VR2_Dzv"", ""VR3_D"", ""VR3_DzZ"", ""VR3_Dzare"", ""VR3_Dzi"", ""VR3_Dzm"", ""VR3_Dzp"", ""VR3_Dzpe"", ""VR3_Dzse"", ""VR3_Dzv"", ""Xp-0d"", ""Xp-1d"", ""Xp-2d"", ""Xp-3d"", ""ZMIC0"", ""Zagreb1"", ""Zagreb2"", ""mZagreb2"", ""nBondsO"", ""nHeavyAtom""]"
final,120,119,ATS0d,VR1_Dzp,VR1_Dzp,algorithmic_medoid,False,False,70,0.026724190806532433,0.9732758091934676,0.905174292521628,0.9967722821860358,0.0,860,12631.237717685235,"[""ATS0d"", ""ATS1Z"", ""ATS1d"", ""ATS1m"", ""ATS1s"", ""ATS2Z"", ""ATS2m"", ""ATS3Z"", ""ATS3m"", ""ATS4Z"", ""ATS4m"", ""ATS5Z"", ""ATS5m"", ""ATS6Z"", ""ATS6m"", ""ATS7Z"", ""ATS7dv"", ""ATS7m"", ""ATS8Z"", ""ATS8dv"", ""ATS8m"", ""ETA_alpha"", ""ETA_beta_s"", ""ETA_eta_R"", ""ETA_eta_RL"", ""GGI10"", ""GGI6"", ""GGI7"", ""GGI8"", ""GGI9"", ""GRAV"", ""GRAVH"", ""GRAVHp"", ""GRAVp"", ""Kier1"", ""LabuteASA"", ""LogEE_A"", ""MID"", ""MOMI-Z"", ""MPC2"", ""MW"", ""MWC01"", ""MWC02"", ""MWC03"", ""SRW02"", ""SRW04"", ""SZ"", ""Sm"", ""SpAD_A"", ""SpAbs_A"", ""TIC0"", ""TIC1"", ""TMWC10"", ""VAdjMat"", ""VE1_D"", ""VE1_DzZ"", ""VE1_Dzare"", ""VE1_Dzi"", ""VE1_Dzm"", ""VE1_Dzp"", ""VE1_Dzpe"", ""VE1_Dzse"", ""VE1_Dzv"", ""VE2_D"", ""VE2_DzZ"", ""VE2_Dzare"", ""VE2_Dzi"", ""VE2_Dzm"", ""VE2_Dzp"", ""VE2_Dzpe"", ""VE2_Dzse"", ""VE2_Dzv"", ""VE3_A"", ""VE3_D"", ""VE3_DzZ"", ""VE3_Dzare"", ""VE3_Dzi"", ""VE3_Dzm"", ""VE3_Dzp"", ""VE3_Dzpe"", ""VE3_Dzse"", ""VE3_Dzv"", ""VR1_D"", ""VR1_DzZ"", ""VR1_Dzare"", ""VR1_Dzi"", ""VR1_Dzm"", ""VR1_Dzp"", ""VR1_Dzpe"", ""VR1_Dzse"", ""VR1_Dzv"", ""VR2_D"", ""VR2_DzZ"", ""VR2_Dzare"", ""VR2_Dzi"", ""VR2_Dzm"", ""VR2_Dzp"", ""VR2_Dzpe"", ""VR2_Dzse"", ""VR2_Dzv"", ""VR3_D"", ""VR3_DzZ"", ""VR3_Dzare"", ""VR3_Dzi"", ""VR3_Dzm"", ""VR3_Dzp"", ""VR3_Dzpe"", ""VR3_Dzse"", ""VR3_Dzv"", ""Xp-0d"", ""Xp-1d"", ""Xp-2d"", ""Xp-3d"", ""ZMIC0"", ""Zagreb1"", ""Zagreb2"", ""mZagreb2"", ""nBondsO"", ""nHeavyAtom""]"
final,120,119,ETA_beta_s,VR1_Dzp,VR1_Dzp,algorithmic_medoid,False,False,71,0.026738564542015286,0.9732614354579847,0.9079072471740085,0.9878296776992563,0.002325581395348837,858,130.95076348279477,"[""ATS0d"", ""ATS1Z"", ""ATS1d"", ""ATS1m"", ""ATS1s"", ""ATS2Z"", ""ATS2m"", ""ATS3Z"", ""ATS3m"", ""ATS4Z"", ""ATS4m"", ""ATS5Z"", ""ATS5m"", ""ATS6Z"", ""ATS6m"", ""ATS7Z"", ""ATS7dv"", ""ATS7m"", ""ATS8Z"", ""ATS8dv"", ""ATS8m"", ""ETA_alpha"", ""ETA_beta_s"", ""ETA_eta_R"", ""ETA_eta_RL"", ""GGI10"", ""GGI6"", ""GGI7"", ""GGI8"", ""GGI9"", ""GRAV"", ""GRAVH"", ""GRAVHp"", ""GRAVp"", ""Kier1"", ""LabuteASA"", ""LogEE_A"", ""MID"", ""MOMI-Z"", ""MPC2"", ""MW"", ""MWC01"", ""MWC02"", ""MWC03"", ""SRW02"", ""SRW04"", ""SZ"", ""Sm"", ""SpAD_A"", ""SpAbs_A"", ""TIC0"", ""TIC1"", ""TMWC10"", ""VAdjMat"", ""VE1_D"", ""VE1_DzZ"", ""VE1_Dzare"", ""VE1_Dzi"", ""VE1_Dzm"", ""VE1_Dzp"", ""VE1_Dzpe"", ""VE1_Dzse"", ""VE1_Dzv"", ""VE2_D"", ""VE2_DzZ"", ""VE2_Dzare"", ""VE2_Dzi"", ""VE2_Dzm"", ""VE2_Dzp"", ""VE2_Dzpe"", ""VE2_Dzse"", ""VE2_Dzv"", ""VE3_A"", ""VE3_D"", ""VE3_DzZ"", ""VE3_Dzare"", ""VE3_Dzi"", ""VE3_Dzm"", ""VE3_Dzp"", ""VE3_Dzpe"", ""VE3_Dzse"", ""VE3_Dzv"", ""VR1_D"", ""VR1_DzZ"", ""VR1_Dzare"", ""VR1_Dzi"", ""VR1_Dzm"", ""VR1_Dzp"", ""VR1_Dzpe"", ""VR1_Dzse"", ""VR1_Dzv"", ""VR2_D"", ""VR2_DzZ"", ""VR2_Dzare"", ""VR2_Dzi"", ""VR2_Dzm"", ""VR2_Dzp"", ""VR2_Dzpe"", ""VR2_Dzse"", ""VR2_Dzv"", ""VR3_D"", ""VR3_DzZ"", ""VR3_Dzare"", ""VR3_Dzi"", ""VR3_Dzm"", ""VR3_Dzp"", ""VR3_Dzpe"", ""VR3_Dzse"", ""VR3_Dzv"", ""Xp-0d"", ""Xp-1d"", ""Xp-2d"", ""Xp-3d"", ""ZMIC0"", ""Zagreb1"", ""Zagreb2"", ""mZagreb2"", ""nBondsO"", ""nHeavyAtom""]"
final,120,119,ZMIC0,VR1_Dzp,VR1_Dzp,algorithmic_medoid,False,False,72,0.027044408312870694,0.9729555916871293,0.9134856677899189,0.990971811591626,0.0,860,3712.1109365589236,"[""ATS0d"", ""ATS1Z"", ""ATS1d"", ""ATS1m"", ""ATS1s"", ""ATS2Z"", ""ATS2m"", ""ATS3Z"", ""ATS3m"", ""ATS4Z"", ""ATS4m"", ""ATS5Z"", ""ATS5m"", ""ATS6Z"", ""ATS6m"", ""ATS7Z"", ""ATS7dv"", ""ATS7m"", ""ATS8Z"", ""ATS8dv"", ""ATS8m"", ""ETA_alpha"", ""ETA_beta_s"", ""ETA_eta_R"", ""ETA_eta_RL"", ""GGI10"", ""GGI6"", ""GGI7"", ""GGI8"", ""GGI9"", ""GRAV"", ""GRAVH"", ""GRAVHp"", ""GRAVp"", ""Kier1"", ""LabuteASA"", ""LogEE_A"", ""MID"", ""MOMI-Z"", ""MPC2"", ""MW"", ""MWC01"", ""MWC02"", ""MWC03"", ""SRW02"", ""SRW04"", ""SZ"", ""Sm"", ""SpAD_A"", ""SpAbs_A"", ""TIC0"", ""TIC1"", ""TMWC10"", ""VAdjMat"", ""VE1_D"", ""VE1_DzZ"", ""VE1_Dzare"", ""VE1_Dzi"", ""VE1_Dzm"", ""VE1_Dzp"", ""VE1_Dzpe"", ""VE1_Dzse"", ""VE1_Dzv"", ""VE2_D"", ""VE2_DzZ"", ""VE2_Dzare"", ""VE2_Dzi"", ""VE2_Dzm"", ""VE2_Dzp"", ""VE2_Dzpe"", ""VE2_Dzse"", ""VE2_Dzv"", ""VE3_A"", ""VE3_D"", ""VE3_DzZ"", ""VE3_Dzare"", ""VE3_Dzi"", ""VE3_Dzm"", ""VE3_Dzp"", ""VE3_Dzpe"", ""VE3_Dzse"", ""VE3_Dzv"", ""VR1_D"", ""VR1_DzZ"", ""VR1_Dzare"", ""VR1_Dzi"", ""VR1_Dzm"", ""VR1_Dzp"", ""VR1_Dzpe"", ""VR1_Dzse"", ""VR1_Dzv"", ""VR2_D"", ""VR2_DzZ"", ""VR2_Dzare"", ""VR2_Dzi"", ""VR2_Dzm"", ""VR2_Dzp"", ""VR2_Dzpe"", ""VR2_Dzse"", ""VR2_Dzv"", ""VR3_D"", ""VR3_DzZ"", ""VR3_Dzare"", ""VR3_Dzi"", ""VR3_Dzm"", ""VR3_Dzp"", ""VR3_Dzpe"", ""VR3_Dzse"", ""VR3_Dzv"", ""Xp-0d"", ""Xp-1d"", ""Xp-2d"", ""Xp-3d"", ""ZMIC0"", ""Zagreb1"", ""Zagreb2"", ""mZagreb2"", ""nBondsO"", ""nHeavyAtom""]"
final,120,119,mZagreb2,VR1_Dzp,VR1_Dzp,algorithmic_medoid,False,False,73,0.027215677935150562,0.9727843220648494,0.9005233748301137,0.9964326487547993,0.0,860,14.979438335296766,"[""ATS0d"", ""ATS1Z"", ""ATS1d"", ""ATS1m"", ""ATS1s"", ""ATS2Z"", ""ATS2m"", ""ATS3Z"", ""ATS3m"", ""ATS4Z"", ""ATS4m"", ""ATS5Z"", ""ATS5m"", ""ATS6Z"", ""ATS6m"", ""ATS7Z"", ""ATS7dv"", ""ATS7m"", ""ATS8Z"", ""ATS8dv"", ""ATS8m"", ""ETA_alpha"", ""ETA_beta_s"", ""ETA_eta_R"", ""ETA_eta_RL"", ""GGI10"", ""GGI6"", ""GGI7"", ""GGI8"", ""GGI9"", ""GRAV"", ""GRAVH"", ""GRAVHp"", ""GRAVp"", ""Kier1"", ""LabuteASA"", ""LogEE_A"", ""MID"", ""MOMI-Z"", ""MPC2"", ""MW"", ""MWC01"", ""MWC02"", ""MWC03"", ""SRW02"", ""SRW04"", ""SZ"", ""Sm"", ""SpAD_A"", ""SpAbs_A"", ""TIC0"", ""TIC1"", ""TMWC10"", ""VAdjMat"", ""VE1_D"", ""VE1_DzZ"", ""VE1_Dzare"", ""VE1_Dzi"", ""VE1_Dzm"", ""VE1_Dzp"", ""VE1_Dzpe"", ""VE1_Dzse"", ""VE1_Dzv"", ""VE2_D"", ""VE2_DzZ"", ""VE2_Dzare"", ""VE2_Dzi"", ""VE2_Dzm"", ""VE2_Dzp"", ""VE2_Dzpe"", ""VE2_Dzse"", ""VE2_Dzv"", ""VE3_A"", ""VE3_D"", ""VE3_DzZ"", ""VE3_Dzare"", ""VE3_Dzi"", ""VE3_Dzm"", ""VE3_Dzp"", ""VE3_Dzpe"", ""VE3_Dzse"", ""VE3_Dzv"", ""VR1_D"", ""VR1_DzZ"", ""VR1_Dzare"", ""VR1_Dzi"", ""VR1_Dzm"", ""VR1_Dzp"", ""VR1_Dzpe"", ""VR1_Dzse"", ""VR1_Dzv"", ""VR2_D"", ""VR2_DzZ"", ""VR2_Dzare"", ""VR2_Dzi"", ""VR2_Dzm"", ""VR2_Dzp"", ""VR2_Dzpe"", ""VR2_Dzse"", ""VR2_Dzv"", ""VR3_D"", ""VR3_DzZ"", ""VR3_Dzare"", ""VR3_Dzi"", ""VR3_Dzm"", ""VR3_Dzp"", ""VR3_Dzpe"", ""VR3_Dzse"", ""VR3_Dzv"", ""Xp-0d"", ""Xp-1d"", ""Xp-2d"", ""Xp-3d"", ""ZMIC0"", ""Zagreb1"", ""Zagreb2"", ""mZagreb2"", ""nBondsO"", ""nHeavyAtom""]"
final,120,119,ETA_alpha,VR1_Dzp,VR1_Dzp,algorithmic_medoid,False,False,74,0.027553628879923076,0.9724463711200769,0.8971454177393582,0.9972475296384375,0.002325581395348837,858,66.4796554439987,"[""ATS0d"", ""ATS1Z"", ""ATS1d"", ""ATS1m"", ""ATS1s"", ""ATS2Z"", ""ATS2m"", ""ATS3Z"", ""ATS3m"", ""ATS4Z"", ""ATS4m"", ""ATS5Z"", ""ATS5m"", ""ATS6Z"", ""ATS6m"", ""ATS7Z"", ""ATS7dv"", ""ATS7m"", ""ATS8Z"", ""ATS8dv"", ""ATS8m"", ""ETA_alpha"", ""ETA_beta_s"", ""ETA_eta_R"", ""ETA_eta_RL"", ""GGI10"", ""GGI6"", ""GGI7"", ""GGI8"", ""GGI9"", ""GRAV"", ""GRAVH"", ""GRAVHp"", ""GRAVp"", ""Kier1"", ""LabuteASA"", ""LogEE_A"", ""MID"", ""MOMI-Z"", ""MPC2"", ""MW"", ""MWC01"", ""MWC02"", ""MWC03"", ""SRW02"", ""SRW04"", ""SZ"", ""Sm"", ""SpAD_A"", ""SpAbs_A"", ""TIC0"", ""TIC1"", ""TMWC10"", ""VAdjMat"", ""VE1_D"", ""VE1_DzZ"", ""VE1_Dzare"", ""VE1_Dzi"", ""VE1_Dzm"", ""VE1_Dzp"", ""VE1_Dzpe"", ""VE1_Dzse"", ""VE1_Dzv"", ""VE2_D"", ""VE2_DzZ"", ""VE2_Dzare"", ""VE2_Dzi"", ""VE2_Dzm"", ""VE2_Dzp"", ""VE2_Dzpe"", ""VE2_Dzse"", ""VE2_Dzv"", ""VE3_A"", ""VE3_D"", ""VE3_DzZ"", ""VE3_Dzare"", ""VE3_Dzi"", ""VE3_Dzm"", ""VE3_Dzp"", ""VE3_Dzpe"", ""VE3_Dzse"", ""VE3_Dzv"", ""VR1_D"", ""VR1_DzZ"", ""VR1_Dzare"", ""VR1_Dzi"", ""VR1_Dzm"", ""VR1_Dzp"", ""VR1_Dzpe"", ""VR1_Dzse"", ""VR1_Dzv"", ""VR2_D"", ""VR2_DzZ"", ""VR2_Dzare"", ""VR2_Dzi"", ""VR2_Dzm"", ""VR2_Dzp"", ""VR2_Dzpe"", ""VR2_Dzse"", ""VR2_Dzv"", ""VR3_D"", ""VR3_DzZ"", ""VR3_Dzare"", ""VR3_Dzi"", ""VR3_Dzm"", ""VR3_Dzp"", ""VR3_Dzpe"", ""VR3_Dzse"", ""VR3_Dzv"", ""Xp-0d"", ""Xp-1d"", ""Xp-2d"", ""Xp-3d"", ""ZMIC0"", ""Zagreb1"", ""Zagreb2"", ""mZagreb2"", ""nBondsO"", ""nHeavyAtom""]"
final,120,119,VR2_Dzpe,VR1_Dzp,VR1_Dzp,algorithmic_medoid,False,False,75,0.02802452409852063,0.9719754759014794,0.9108766411234984,0.9965375821913681,0.004651162790697674,856,3.1857030875086103,"[""ATS0d"", ""ATS1Z"", ""ATS1d"", ""ATS1m"", ""ATS1s"", ""ATS2Z"", ""ATS2m"", ""ATS3Z"", ""ATS3m"", ""ATS4Z"", ""ATS4m"", ""ATS5Z"", ""ATS5m"", ""ATS6Z"", ""ATS6m"", ""ATS7Z"", ""ATS7dv"", ""ATS7m"", ""ATS8Z"", ""ATS8dv"", ""ATS8m"", ""ETA_alpha"", ""ETA_beta_s"", ""ETA_eta_R"", ""ETA_eta_RL"", ""GGI10"", ""GGI6"", ""GGI7"", ""GGI8"", ""GGI9"", ""GRAV"", ""GRAVH"", ""GRAVHp"", ""GRAVp"", ""Kier1"", ""LabuteASA"", ""LogEE_A"", ""MID"", ""MOMI-Z"", ""MPC2"", ""MW"", ""MWC01"", ""MWC02"", ""MWC03"", ""SRW02"", ""SRW04"", ""SZ"", ""Sm"", ""SpAD_A"", ""SpAbs_A"", ""TIC0"", ""TIC1"", ""TMWC10"", ""VAdjMat"", ""VE1_D"", ""VE1_DzZ"", ""VE1_Dzare"", ""VE1_Dzi"", ""VE1_Dzm"", ""VE1_Dzp"", ""VE1_Dzpe"", ""VE1_Dzse"", ""VE1_Dzv"", ""VE2_D"", ""VE2_DzZ"", ""VE2_Dzare"", ""VE2_Dzi"", ""VE2_Dzm"", ""VE2_Dzp"", ""VE2_Dzpe"", ""VE2_Dzse"", ""VE2_Dzv"", ""VE3_A"", ""VE3_D"", ""VE3_DzZ"", ""VE3_Dzare"", ""VE3_Dzi"", ""VE3_Dzm"", ""VE3_Dzp"", ""VE3_Dzpe"", ""VE3_Dzse"", ""VE3_Dzv"", ""VR1_D"", ""VR1_DzZ"", ""VR1_Dzare"", ""VR1_Dzi"", ""VR1_Dzm"", ""VR1_Dzp"", ""VR1_Dzpe"", ""VR1_Dzse"", ""VR1_Dzv"", ""VR2_D"", ""VR2_DzZ"", ""VR2_Dzare"", ""VR2_Dzi"", ""VR2_Dzm"", ""VR2_Dzp"", ""VR2_Dzpe"", ""VR2_Dzse"", ""VR2_Dzv"", ""VR3_D"", ""VR3_DzZ"", ""VR3_Dzare"", ""VR3_Dzi"", ""VR3_Dzm"", ""VR3_Dzp"", ""VR3_Dzpe"", ""VR3_Dzse"", ""VR3_Dzv"", ""Xp-0d"", ""Xp-1d"", ""Xp-2d"", ""Xp-3d"", ""ZMIC0"", ""Zagreb1"", ""Zagreb2"", ""mZagreb2"", ""nBondsO"", ""nHeavyAtom""]"
final,120,119,VR2_Dzp,VR1_Dzp,VR1_Dzp,algorithmic_medoid,False,False,76,0.028098770712724264,0.9719012292872757,0.9021663582200306,0.9992362357472327,0.002325581395348837,858,3.3133263869472094,"[""ATS0d"", ""ATS1Z"", ""ATS1d"", ""ATS1m"", ""ATS1s"", ""ATS2Z"", ""ATS2m"", ""ATS3Z"", ""ATS3m"", ""ATS4Z"", ""ATS4m"", ""ATS5Z"", ""ATS5m"", ""ATS6Z"", ""ATS6m"", ""ATS7Z"", ""ATS7dv"", ""ATS7m"", ""ATS8Z"", ""ATS8dv"", ""ATS8m"", ""ETA_alpha"", ""ETA_beta_s"", ""ETA_eta_R"", ""ETA_eta_RL"", ""GGI10"", ""GGI6"", ""GGI7"", ""GGI8"", ""GGI9"", ""GRAV"", ""GRAVH"", ""GRAVHp"", ""GRAVp"", ""Kier1"", ""LabuteASA"", ""LogEE_A"", ""MID"", ""MOMI-Z"", ""MPC2"", ""MW"", ""MWC01"", ""MWC02"", ""MWC03"", ""SRW02"", ""SRW04"", ""SZ"", ""Sm"", ""SpAD_A"", ""SpAbs_A"", ""TIC0"", ""TIC1"", ""TMWC10"", ""VAdjMat"", ""VE1_D"", ""VE1_DzZ"", ""VE1_Dzare"", ""VE1_Dzi"", ""VE1_Dzm"", ""VE1_Dzp"", ""VE1_Dzpe"", ""VE1_Dzse"", ""VE1_Dzv"", ""VE2_D"", ""VE2_DzZ"", ""VE2_Dzare"", ""VE2_Dzi"", ""VE2_Dzm"", ""VE2_Dzp"", ""VE2_Dzpe"", ""VE2_Dzse"", ""VE2_Dzv"", ""VE3_A"", ""VE3_D"", ""VE3_DzZ"", ""VE3_Dzare"", ""VE3_Dzi"", ""VE3_Dzm"", ""VE3_Dzp"", ""VE3_Dzpe"", ""VE3_Dzse"", ""VE3_Dzv"", ""VR1_D"", ""VR1_DzZ"", ""VR1_Dzare"", ""VR1_Dzi"", ""VR1_Dzm"", ""VR1_Dzp"", ""VR1_Dzpe"", ""VR1_Dzse"", ""VR1_Dzv"", ""VR2_D"", ""VR2_DzZ"", ""VR2_Dzare"", ""VR2_Dzi"", ""VR2_Dzm"", ""VR2_Dzp"", ""VR2_Dzpe"", ""VR2_Dzse"", ""VR2_Dzv"", ""VR3_D"", ""VR3_DzZ"", ""VR3_Dzare"", ""VR3_Dzi"", ""VR3_Dzm"", ""VR3_Dzp"", ""VR3_Dzpe"", ""VR3_Dzse"", ""VR3_Dzv"", ""Xp-0d"", ""Xp-1d"", ""Xp-2d"", ""Xp-3d"", ""ZMIC0"", ""Zagreb1"", ""Zagreb2"", ""mZagreb2"", ""nBondsO"", ""nHeavyAtom""]"
final,120,119,VAdjMat,VR1_Dzp,VR1_Dzp,algorithmic_medoid,False,False,77,0.028271127248684524,0.9717288727513155,0.904499152414204,0.9967574068946518,0.0069767441860465115,854,0.7709249776571043,"[""ATS0d"", ""ATS1Z"", ""ATS1d"", ""ATS1m"", ""ATS1s"", ""ATS2Z"", ""ATS2m"", ""ATS3Z"", ""ATS3m"", ""ATS4Z"", ""ATS4m"", ""ATS5Z"", ""ATS5m"", ""ATS6Z"", ""ATS6m"", ""ATS7Z"", ""ATS7dv"", ""ATS7m"", ""ATS8Z"", ""ATS8dv"", ""ATS8m"", ""ETA_alpha"", ""ETA_beta_s"", ""ETA_eta_R"", ""ETA_eta_RL"", ""GGI10"", ""GGI6"", ""GGI7"", ""GGI8"", ""GGI9"", ""GRAV"", ""GRAVH"", ""GRAVHp"", ""GRAVp"", ""Kier1"", ""LabuteASA"", ""LogEE_A"", ""MID"", ""MOMI-Z"", ""MPC2"", ""MW"", ""MWC01"", ""MWC02"", ""MWC03"", ""SRW02"", ""SRW04"", ""SZ"", ""Sm"", ""SpAD_A"", ""SpAbs_A"", ""TIC0"", ""TIC1"", ""TMWC10"", ""VAdjMat"", ""VE1_D"", ""VE1_DzZ"", ""VE1_Dzare"", ""VE1_Dzi"", ""VE1_Dzm"", ""VE1_Dzp"", ""VE1_Dzpe"", ""VE1_Dzse"", ""VE1_Dzv"", ""VE2_D"", ""VE2_DzZ"", ""VE2_Dzare"", ""VE2_Dzi"", ""VE2_Dzm"", ""VE2_Dzp"", ""VE2_Dzpe"", ""VE2_Dzse"", ""VE2_Dzv"", ""VE3_A"", ""VE3_D"", ""VE3_DzZ"", ""VE3_Dzare"", ""VE3_Dzi"", ""VE3_Dzm"", ""VE3_Dzp"", ""VE3_Dzpe"", ""VE3_Dzse"", ""VE3_Dzv"", ""VR1_D"", ""VR1_DzZ"", ""VR1_Dzare"", ""VR1_Dzi"", ""VR1_Dzm"", ""VR1_Dzp"", ""VR1_Dzpe"", ""VR1_Dzse"", ""VR1_Dzv"", ""VR2_D"", ""VR2_DzZ"", ""VR2_Dzare"", ""VR2_Dzi"", ""VR2_Dzm"", ""VR2_Dzp"", ""VR2_Dzpe"", ""VR2_Dzse"", ""VR2_Dzv"", ""VR3_D"", ""VR3_DzZ"", ""VR3_Dzare"", ""VR3_Dzi"", ""VR3_Dzm"", ""VR3_Dzp"", ""VR3_Dzpe"", ""VR3_Dzse"", ""VR3_Dzv"", ""Xp-0d"", ""Xp-1d"", ""Xp-2d"", ""Xp-3d"", ""ZMIC0"", ""Zagreb1"", ""Zagreb2"", ""mZagreb2"", ""nBondsO"", ""nHeavyAtom""]"
final,120,119,MW,VR1_Dzp,VR1_Dzp,algorithmic_medoid,False,False,78,0.028657695670925687,0.9713423043290743,0.9213523589287114,0.999992552525835,0.0,860,62376.63439933058,"[""ATS0d"", ""ATS1Z"", ""ATS1d"", ""ATS1m"", ""ATS1s"", ""ATS2Z"", ""ATS2m"", ""ATS3Z"", ""ATS3m"", ""ATS4Z"", ""ATS4m"", ""ATS5Z"", ""ATS5m"", ""ATS6Z"", ""ATS6m"", ""ATS7Z"", ""ATS7dv"", ""ATS7m"", ""ATS8Z"", ""ATS8dv"", ""ATS8m"", ""ETA_alpha"", ""ETA_beta_s"", ""ETA_eta_R"", ""ETA_eta_RL"", ""GGI10"", ""GGI6"", ""GGI7"", ""GGI8"", ""GGI9"", ""GRAV"", ""GRAVH"", ""GRAVHp"", ""GRAVp"", ""Kier1"", ""LabuteASA"", ""LogEE_A"", ""MID"", ""MOMI-Z"", ""MPC2"", ""MW"", ""MWC01"", ""MWC02"", ""MWC03"", ""SRW02"", ""SRW04"", ""SZ"", ""Sm"", ""SpAD_A"", ""SpAbs_A"", ""TIC0"", ""TIC1"", ""TMWC10"", ""VAdjMat"", ""VE1_D"", ""VE1_DzZ"", ""VE1_Dzare"", ""VE1_Dzi"", ""VE1_Dzm"", ""VE1_Dzp"", ""VE1_Dzpe"", ""VE1_Dzse"", ""VE1_Dzv"", ""VE2_D"", ""VE2_DzZ"", ""VE2_Dzare"", ""VE2_Dzi"", ""VE2_Dzm"", ""VE2_Dzp"", ""VE2_Dzpe"", ""VE2_Dzse"", ""VE2_Dzv"", ""VE3_A"", ""VE3_D"", ""VE3_DzZ"", ""VE3_Dzare"", ""VE3_Dzi"", ""VE3_Dzm"", ""VE3_Dzp"", ""VE3_Dzpe"", ""VE3_Dzse"", ""VE3_Dzv"", ""VR1_D"", ""VR1_DzZ"", ""VR1_Dzare"", ""VR1_Dzi"", ""VR1_Dzm"", ""VR1_Dzp"", ""VR1_Dzpe"", ""VR1_Dzse"", ""VR1_Dzv"", ""VR2_D"", ""VR2_DzZ"", ""VR2_Dzare"", ""VR2_Dzi"", ""VR2_Dzm"", ""VR2_Dzp"", ""VR2_Dzpe"", ""VR2_Dzse"", ""VR2_Dzv"", ""VR3_D"", ""VR3_DzZ"", ""VR3_Dzare"", ""VR3_Dzi"", ""VR3_Dzm"", ""VR3_Dzp"", ""VR3_Dzpe"", ""VR3_Dzse"", ""VR3_Dzv"", ""Xp-0d"", ""Xp-1d"", ""Xp-2d"", ""Xp-3d"", ""ZMIC0"", ""Zagreb1"", ""Zagreb2"", ""mZagreb2"", ""nBondsO"", ""nHeavyAtom""]"
final,120,119,Sm,VR1_Dzp,VR1_Dzp,algorithmic_medoid,False,False,79,0.028840342347865144,0.9711596576521349,0.9211902235393642,0.999992552525835,0.0,860,433.0578508812788,"[""ATS0d"", ""ATS1Z"", ""ATS1d"", ""ATS1m"", ""ATS1s"", ""ATS2Z"", ""ATS2m"", ""ATS3Z"", ""ATS3m"", ""ATS4Z"", ""ATS4m"", ""ATS5Z"", ""ATS5m"", ""ATS6Z"", ""ATS6m"", ""ATS7Z"", ""ATS7dv"", ""ATS7m"", ""ATS8Z"", ""ATS8dv"", ""ATS8m"", ""ETA_alpha"", ""ETA_beta_s"", ""ETA_eta_R"", ""ETA_eta_RL"", ""GGI10"", ""GGI6"", ""GGI7"", ""GGI8"", ""GGI9"", ""GRAV"", ""GRAVH"", ""GRAVHp"", ""GRAVp"", ""Kier1"", ""LabuteASA"", ""LogEE_A"", ""MID"", ""MOMI-Z"", ""MPC2"", ""MW"", ""MWC01"", ""MWC02"", ""MWC03"", ""SRW02"", ""SRW04"", ""SZ"", ""Sm"", ""SpAD_A"", ""SpAbs_A"", ""TIC0"", ""TIC1"", ""TMWC10"", ""VAdjMat"", ""VE1_D"", ""VE1_DzZ"", ""VE1_Dzare"", ""VE1_Dzi"", ""VE1_Dzm"", ""VE1_Dzp"", ""VE1_Dzpe"", ""VE1_Dzse"", ""VE1_Dzv"", ""VE2_D"", ""VE2_DzZ"", ""VE2_Dzare"", ""VE2_Dzi"", ""VE2_Dzm"", ""VE2_Dzp"", ""VE2_Dzpe"", ""VE2_Dzse"", ""VE2_Dzv"", ""VE3_A"", ""VE3_D"", ""VE3_DzZ"", ""VE3_Dzare"", ""VE3_Dzi"", ""VE3_Dzm"", ""VE3_Dzp"", ""VE3_Dzpe"", ""VE3_Dzse"", ""VE3_Dzv"", ""VR1_D"", ""VR1_DzZ"", ""VR1_Dzare"", ""VR1_Dzi"", ""VR1_Dzm"", ""VR1_Dzp"", ""VR1_Dzpe"", ""VR1_Dzse"", ""VR1_Dzv"", ""VR2_D"", ""VR2_DzZ"", ""VR2_Dzare"", ""VR2_Dzi"", ""VR2_Dzm"", ""VR2_Dzp"", ""VR2_Dzpe"", ""VR2_Dzse"", ""VR2_Dzv"", ""VR3_D"", ""VR3_DzZ"", ""VR3_Dzare"", ""VR3_Dzi"", ""VR3_Dzm"", ""VR3_Dzp"", ""VR3_Dzpe"", ""VR3_Dzse"", ""VR3_Dzv"", ""Xp-0d"", ""Xp-1d"", ""Xp-2d"", ""Xp-3d"", ""ZMIC0"", ""Zagreb1"", ""Zagreb2"", ""mZagreb2"", ""nBondsO"", ""nHeavyAtom""]"
final,120,119,Xp-0d,VR1_Dzp,VR1_Dzp,algorithmic_medoid,False,False,80,0.02894608214207628,0.9710539178579237,0.9184839576225103,0.9932656291093725,0.0069767441860465115,854,164.18504637860238,"[""ATS0d"", ""ATS1Z"", ""ATS1d"", ""ATS1m"", ""ATS1s"", ""ATS2Z"", ""ATS2m"", ""ATS3Z"", ""ATS3m"", ""ATS4Z"", ""ATS4m"", ""ATS5Z"", ""ATS5m"", ""ATS6Z"", ""ATS6m"", ""ATS7Z"", ""ATS7dv"", ""ATS7m"", ""ATS8Z"", ""ATS8dv"", ""ATS8m"", ""ETA_alpha"", ""ETA_beta_s"", ""ETA_eta_R"", ""ETA_eta_RL"", ""GGI10"", ""GGI6"", ""GGI7"", ""GGI8"", ""GGI9"", ""GRAV"", ""GRAVH"", ""GRAVHp"", ""GRAVp"", ""Kier1"", ""LabuteASA"", ""LogEE_A"", ""MID"", ""MOMI-Z"", ""MPC2"", ""MW"", ""MWC01"", ""MWC02"", ""MWC03"", ""SRW02"", ""SRW04"", ""SZ"", ""Sm"", ""SpAD_A"", ""SpAbs_A"", ""TIC0"", ""TIC1"", ""TMWC10"", ""VAdjMat"", ""VE1_D"", ""VE1_DzZ"", ""VE1_Dzare"", ""VE1_Dzi"", ""VE1_Dzm"", ""VE1_Dzp"", ""VE1_Dzpe"", ""VE1_Dzse"", ""VE1_Dzv"", ""VE2_D"", ""VE2_DzZ"", ""VE2_Dzare"", ""VE2_Dzi"", ""VE2_Dzm"", ""VE2_Dzp"", ""VE2_Dzpe"", ""VE2_Dzse"", ""VE2_Dzv"", ""VE3_A"", ""VE3_D"", ""VE3_DzZ"", ""VE3_Dzare"", ""VE3_Dzi"", ""VE3_Dzm"", ""VE3_Dzp"", ""VE3_Dzpe"", ""VE3_Dzse"", ""VE3_Dzv"", ""VR1_D"", ""VR1_DzZ"", ""VR1_Dzare"", ""VR1_Dzi"", ""VR1_Dzm"", ""VR1_Dzp"", ""VR1_Dzpe"", ""VR1_Dzse"", ""VR1_Dzv"", ""VR2_D"", ""VR2_DzZ"", ""VR2_Dzare"", ""VR2_Dzi"", ""VR2_Dzm"", ""VR2_Dzp"", ""VR2_Dzpe"", ""VR2_Dzse"", ""VR2_Dzv"", ""VR3_D"", ""VR3_DzZ"", ""VR3_Dzare"", ""VR3_Dzi"", ""VR3_Dzm"", ""VR3_Dzp"", ""VR3_Dzpe"", ""VR3_Dzse"", ""VR3_Dzv"", ""Xp-0d"", ""Xp-1d"", ""Xp-2d"", ""Xp-3d"", ""ZMIC0"", ""Zagreb1"", ""Zagreb2"", ""mZagreb2"", ""nBondsO"", ""nHeavyAtom""]"
final,120,119,MPC2,VR1_Dzp,VR1_Dzp,algorithmic_medoid,False,False,81,0.029750514437808406,0.9702494855621916,0.8923369432335523,0.998820189206945,0.0,860,806.6530016224986,"[""ATS0d"", ""ATS1Z"", ""ATS1d"", ""ATS1m"", ""ATS1s"", ""ATS2Z"", ""ATS2m"", ""ATS3Z"", ""ATS3m"", ""ATS4Z"", ""ATS4m"", ""ATS5Z"", ""ATS5m"", ""ATS6Z"", ""ATS6m"", ""ATS7Z"", ""ATS7dv"", ""ATS7m"", ""ATS8Z"", ""ATS8dv"", ""ATS8m"", ""ETA_alpha"", ""ETA_beta_s"", ""ETA_eta_R"", ""ETA_eta_RL"", ""GGI10"", ""GGI6"", ""GGI7"", ""GGI8"", ""GGI9"", ""GRAV"", ""GRAVH"", ""GRAVHp"", ""GRAVp"", ""Kier1"", ""LabuteASA"", ""LogEE_A"", ""MID"", ""MOMI-Z"", ""MPC2"", ""MW"", ""MWC01"", ""MWC02"", ""MWC03"", ""SRW02"", ""SRW04"", ""SZ"", ""Sm"", ""SpAD_A"", ""SpAbs_A"", ""TIC0"", ""TIC1"", ""TMWC10"", ""VAdjMat"", ""VE1_D"", ""VE1_DzZ"", ""VE1_Dzare"", ""VE1_Dzi"", ""VE1_Dzm"", ""VE1_Dzp"", ""VE1_Dzpe"", ""VE1_Dzse"", ""VE1_Dzv"", ""VE2_D"", ""VE2_DzZ"", ""VE2_Dzare"", ""VE2_Dzi"", ""VE2_Dzm"", ""VE2_Dzp"", ""VE2_Dzpe"", ""VE2_Dzse"", ""VE2_Dzv"", ""VE3_A"", ""VE3_D"", ""VE3_DzZ"", ""VE3_Dzare"", ""VE3_Dzi"", ""VE3_Dzm"", ""VE3_Dzp"", ""VE3_Dzpe"", ""VE3_Dzse"", ""VE3_Dzv"", ""VR1_D"", ""VR1_DzZ"", ""VR1_Dzare"", ""VR1_Dzi"", ""VR1_Dzm"", ""VR1_Dzp"", ""VR1_Dzpe"", ""VR1_Dzse"", ""VR1_Dzv"", ""VR2_D"", ""VR2_DzZ"", ""VR2_Dzare"", ""VR2_Dzi"", ""VR2_Dzm"", ""VR2_Dzp"", ""VR2_Dzpe"", ""VR2_Dzse"", ""VR2_Dzv"", ""VR3_D"", ""VR3_DzZ"", ""VR3_Dzare"", ""VR3_Dzi"", ""VR3_Dzm"", ""VR3_Dzp"", ""VR3_Dzpe"", ""VR3_Dzse"", ""VR3_Dzv"", ""Xp-0d"", ""Xp-1d"", ""Xp-2d"", ""Xp-3d"", ""ZMIC0"", ""Zagreb1"", ""Zagreb2"", ""mZagreb2"", ""nBondsO"", ""nHeavyAtom""]"
final,120,119,VR2_Dzare,VR1_Dzp,VR1_Dzp,algorithmic_medoid,False,False,82,0.030196723172502327,0.9698032768274977,0.9142562670979932,0.9965166028720246,0.0069767441860465115,854,3.0910210290290387,"[""ATS0d"", ""ATS1Z"", ""ATS1d"", ""ATS1m"", ""ATS1s"", ""ATS2Z"", ""ATS2m"", ""ATS3Z"", ""ATS3m"", ""ATS4Z"", ""ATS4m"", ""ATS5Z"", ""ATS5m"", ""ATS6Z"", ""ATS6m"", ""ATS7Z"", ""ATS7dv"", ""ATS7m"", ""ATS8Z"", ""ATS8dv"", ""ATS8m"", ""ETA_alpha"", ""ETA_beta_s"", ""ETA_eta_R"", ""ETA_eta_RL"", ""GGI10"", ""GGI6"", ""GGI7"", ""GGI8"", ""GGI9"", ""GRAV"", ""GRAVH"", ""GRAVHp"", ""GRAVp"", ""Kier1"", ""LabuteASA"", ""LogEE_A"", ""MID"", ""MOMI-Z"", ""MPC2"", ""MW"", ""MWC01"", ""MWC02"", ""MWC03"", ""SRW02"", ""SRW04"", ""SZ"", ""Sm"", ""SpAD_A"", ""SpAbs_A"", ""TIC0"", ""TIC1"", ""TMWC10"", ""VAdjMat"", ""VE1_D"", ""VE1_DzZ"", ""VE1_Dzare"", ""VE1_Dzi"", ""VE1_Dzm"", ""VE1_Dzp"", ""VE1_Dzpe"", ""VE1_Dzse"", ""VE1_Dzv"", ""VE2_D"", ""VE2_DzZ"", ""VE2_Dzare"", ""VE2_Dzi"", ""VE2_Dzm"", ""VE2_Dzp"", ""VE2_Dzpe"", ""VE2_Dzse"", ""VE2_Dzv"", ""VE3_A"", ""VE3_D"", ""VE3_DzZ"", ""VE3_Dzare"", ""VE3_Dzi"", ""VE3_Dzm"", ""VE3_Dzp"", ""VE3_Dzpe"", ""VE3_Dzse"", ""VE3_Dzv"", ""VR1_D"", ""VR1_DzZ"", ""VR1_Dzare"", ""VR1_Dzi"", ""VR1_Dzm"", ""VR1_Dzp"", ""VR1_Dzpe"", ""VR1_Dzse"", ""VR1_Dzv"", ""VR2_D"", ""VR2_DzZ"", ""VR2_Dzare"", ""VR2_Dzi"", ""VR2_Dzm"", ""VR2_Dzp"", ""VR2_Dzpe"", ""VR2_Dzse"", ""VR2_Dzv"", ""VR3_D"", ""VR3_DzZ"", ""VR3_Dzare"", ""VR3_Dzi"", ""VR3_Dzm"", ""VR3_Dzp"", ""VR3_Dzpe"", ""VR3_Dzse"", ""VR3_Dzv"", ""Xp-0d"", ""Xp-1d"", ""Xp-2d"", ""Xp-3d"", ""ZMIC0"", ""Zagreb1"", ""Zagreb2"", ""mZagreb2"", ""nBondsO"", ""nHeavyAtom""]"
final,120,119,Zagreb2,VR1_Dzp,VR1_Dzp,algorithmic_medoid,False,False,83,0.032826830906330096,0.9671731690936699,0.886544141659211,1.0,0.0,860,13179.417901568413,"[""ATS0d"", ""ATS1Z"", ""ATS1d"", ""ATS1m"", ""ATS1s"", ""ATS2Z"", ""ATS2m"", ""ATS3Z"", ""ATS3m"", ""ATS4Z"", ""ATS4m"", ""ATS5Z"", ""ATS5m"", ""ATS6Z"", ""ATS6m"", ""ATS7Z"", ""ATS7dv"", ""ATS7m"", ""ATS8Z"", ""ATS8dv"", ""ATS8m"", ""ETA_alpha"", ""ETA_beta_s"", ""ETA_eta_R"", ""ETA_eta_RL"", ""GGI10"", ""GGI6"", ""GGI7"", ""GGI8"", ""GGI9"", ""GRAV"", ""GRAVH"", ""GRAVHp"", ""GRAVp"", ""Kier1"", ""LabuteASA"", ""LogEE_A"", ""MID"", ""MOMI-Z"", ""MPC2"", ""MW"", ""MWC01"", ""MWC02"", ""MWC03"", ""SRW02"", ""SRW04"", ""SZ"", ""Sm"", ""SpAD_A"", ""SpAbs_A"", ""TIC0"", ""TIC1"", ""TMWC10"", ""VAdjMat"", ""VE1_D"", ""VE1_DzZ"", ""VE1_Dzare"", ""VE1_Dzi"", ""VE1_Dzm"", ""VE1_Dzp"", ""VE1_Dzpe"", ""VE1_Dzse"", ""VE1_Dzv"", ""VE2_D"", ""VE2_DzZ"", ""VE2_Dzare"", ""VE2_Dzi"", ""VE2_Dzm"", ""VE2_Dzp"", ""VE2_Dzpe"", ""VE2_Dzse"", ""VE2_Dzv"", ""VE3_A"", ""VE3_D"", ""VE3_DzZ"", ""VE3_Dzare"", ""VE3_Dzi"", ""VE3_Dzm"", ""VE3_Dzp"", ""VE3_Dzpe"", ""VE3_Dzse"", ""VE3_Dzv"", ""VR1_D"", ""VR1_DzZ"", ""VR1_Dzare"", ""VR1_Dzi"", ""VR1_Dzm"", ""VR1_Dzp"", ""VR1_Dzpe"", ""VR1_Dzse"", ""VR1_Dzv"", ""VR2_D"", ""VR2_DzZ"", ""VR2_Dzare"", ""VR2_Dzi"", ""VR2_Dzm"", ""VR2_Dzp"", ""VR2_Dzpe"", ""VR2_Dzse"", ""VR2_Dzv"", ""VR3_D"", ""VR3_DzZ"", ""VR3_Dzare"", ""VR3_Dzi"", ""VR3_Dzm"", ""VR3_Dzp"", ""VR3_Dzpe"", ""VR3_Dzse"", ""VR3_Dzv"", ""Xp-0d"", ""Xp-1d"", ""Xp-2d"", ""Xp-3d"", ""ZMIC0"", ""Zagreb1"", ""Zagreb2"", ""mZagreb2"", ""nBondsO"", ""nHeavyAtom""]"
final,120,119,MWC03,VR1_Dzp,VR1_Dzp,algorithmic_medoid,False,False,84,0.032826830906330096,0.9671731690936699,0.886544141659211,1.0,0.0,860,0.7261637523331628,"[""ATS0d"", ""ATS1Z"", ""ATS1d"", ""ATS1m"", ""ATS1s"", ""ATS2Z"", ""ATS2m"", ""ATS3Z"", ""ATS3m"", ""ATS4Z"", ""ATS4m"", ""ATS5Z"", ""ATS5m"", ""ATS6Z"", ""ATS6m"", ""ATS7Z"", ""ATS7dv"", ""ATS7m"", ""ATS8Z"", ""ATS8dv"", ""ATS8m"", ""ETA_alpha"", ""ETA_beta_s"", ""ETA_eta_R"", ""ETA_eta_RL"", ""GGI10"", ""GGI6"", ""GGI7"", ""GGI8"", ""GGI9"", ""GRAV"", ""GRAVH"", ""GRAVHp"", ""GRAVp"", ""Kier1"", ""LabuteASA"", ""LogEE_A"", ""MID"", ""MOMI-Z"", ""MPC2"", ""MW"", ""MWC01"", ""MWC02"", ""MWC03"", ""SRW02"", ""SRW04"", ""SZ"", ""Sm"", ""SpAD_A"", ""SpAbs_A"", ""TIC0"", ""TIC1"", ""TMWC10"", ""VAdjMat"", ""VE1_D"", ""VE1_DzZ"", ""VE1_Dzare"", ""VE1_Dzi"", ""VE1_Dzm"", ""VE1_Dzp"", ""VE1_Dzpe"", ""VE1_Dzse"", ""VE1_Dzv"", ""VE2_D"", ""VE2_DzZ"", ""VE2_Dzare"", ""VE2_Dzi"", ""VE2_Dzm"", ""VE2_Dzp"", ""VE2_Dzpe"", ""VE2_Dzse"", ""VE2_Dzv"", ""VE3_A"", ""VE3_D"", ""VE3_DzZ"", ""VE3_Dzare"", ""VE3_Dzi"", ""VE3_Dzm"", ""VE3_Dzp"", ""VE3_Dzpe"", ""VE3_Dzse"", ""VE3_Dzv"", ""VR1_D"", ""VR1_DzZ"", ""VR1_Dzare"", ""VR1_Dzi"", ""VR1_Dzm"", ""VR1_Dzp"", ""VR1_Dzpe"", ""VR1_Dzse"", ""VR1_Dzv"", ""VR2_D"", ""VR2_DzZ"", ""VR2_Dzare"", ""VR2_Dzi"", ""VR2_Dzm"", ""VR2_Dzp"", ""VR2_Dzpe"", ""VR2_Dzse"", ""VR2_Dzv"", ""VR3_D"", ""VR3_DzZ"", ""VR3_Dzare"", ""VR3_Dzi"", ""VR3_Dzm"", ""VR3_Dzp"", ""VR3_Dzpe"", ""VR3_Dzse"", ""VR3_Dzv"", ""Xp-0d"", ""Xp-1d"", ""Xp-2d"", ""Xp-3d"", ""ZMIC0"", ""Zagreb1"", ""Zagreb2"", ""mZagreb2"", ""nBondsO"", ""nHeavyAtom""]"
final,120,119,VE3_A,VR1_Dzp,VR1_Dzp,algorithmic_medoid,False,False,85,0.03343293900938904,0.966567060990611,0.9119374076056068,0.9834570306316924,0.002325581395348837,858,0.7283683347831811,"[""ATS0d"", ""ATS1Z"", ""ATS1d"", ""ATS1m"", ""ATS1s"", ""ATS2Z"", ""ATS2m"", ""ATS3Z"", ""ATS3m"", ""ATS4Z"", ""ATS4m"", ""ATS5Z"", ""ATS5m"", ""ATS6Z"", ""ATS6m"", ""ATS7Z"", ""ATS7dv"", ""ATS7m"", ""ATS8Z"", ""ATS8dv"", ""ATS8m"", ""ETA_alpha"", ""ETA_beta_s"", ""ETA_eta_R"", ""ETA_eta_RL"", ""GGI10"", ""GGI6"", ""GGI7"", ""GGI8"", ""GGI9"", ""GRAV"", ""GRAVH"", ""GRAVHp"", ""GRAVp"", ""Kier1"", ""LabuteASA"", ""LogEE_A"", ""MID"", ""MOMI-Z"", ""MPC2"", ""MW"", ""MWC01"", ""MWC02"", ""MWC03"", ""SRW02"", ""SRW04"", ""SZ"", ""Sm"", ""SpAD_A"", ""SpAbs_A"", ""TIC0"", ""TIC1"", ""TMWC10"", ""VAdjMat"", ""VE1_D"", ""VE1_DzZ"", ""VE1_Dzare"", ""VE1_Dzi"", ""VE1_Dzm"", ""VE1_Dzp"", ""VE1_Dzpe"", ""VE1_Dzse"", ""VE1_Dzv"", ""VE2_D"", ""VE2_DzZ"", ""VE2_Dzare"", ""VE2_Dzi"", ""VE2_Dzm"", ""VE2_Dzp"", ""VE2_Dzpe"", ""VE2_Dzse"", ""VE2_Dzv"", ""VE3_A"", ""VE3_D"", ""VE3_DzZ"", ""VE3_Dzare"", ""VE3_Dzi"", ""VE3_Dzm"", ""VE3_Dzp"", ""VE3_Dzpe"", ""VE3_Dzse"", ""VE3_Dzv"", ""VR1_D"", ""VR1_DzZ"", ""VR1_Dzare"", ""VR1_Dzi"", ""VR1_Dzm"", ""VR1_Dzp"", ""VR1_Dzpe"", ""VR1_Dzse"", ""VR1_Dzv"", ""VR2_D"", ""VR2_DzZ"", ""VR2_Dzare"", ""VR2_Dzi"", ""VR2_Dzm"", ""VR2_Dzp"", ""VR2_Dzpe"", ""VR2_Dzse"", ""VR2_Dzv"", ""VR3_D"", ""VR3_DzZ"", ""VR3_Dzare"", ""VR3_Dzi"", ""VR3_Dzm"", ""VR3_Dzp"", ""VR3_Dzpe"", ""VR3_Dzse"", ""VR3_Dzv"", ""Xp-0d"", ""Xp-1d"", ""Xp-2d"", ""Xp-3d"", ""ZMIC0"", ""Zagreb1"", ""Zagreb2"", ""mZagreb2"", ""nBondsO"", ""nHeavyAtom""]"
final,120,119,Xp-3d,VR1_Dzp,VR1_Dzp,algorithmic_medoid,False,False,86,0.03474974143180265,0.9652502585681974,0.885273098235677,0.995998206824797,0.0,860,45.32062801276332,"[""ATS0d"", ""ATS1Z"", ""ATS1d"", ""ATS1m"", ""ATS1s"", ""ATS2Z"", ""ATS2m"", ""ATS3Z"", ""ATS3m"", ""ATS4Z"", ""ATS4m"", ""ATS5Z"", ""ATS5m"", ""ATS6Z"", ""ATS6m"", ""ATS7Z"", ""ATS7dv"", ""ATS7m"", ""ATS8Z"", ""ATS8dv"", ""ATS8m"", ""ETA_alpha"", ""ETA_beta_s"", ""ETA_eta_R"", ""ETA_eta_RL"", ""GGI10"", ""GGI6"", ""GGI7"", ""GGI8"", ""GGI9"", ""GRAV"", ""GRAVH"", ""GRAVHp"", ""GRAVp"", ""Kier1"", ""LabuteASA"", ""LogEE_A"", ""MID"", ""MOMI-Z"", ""MPC2"", ""MW"", ""MWC01"", ""MWC02"", ""MWC03"", ""SRW02"", ""SRW04"", ""SZ"", ""Sm"", ""SpAD_A"", ""SpAbs_A"", ""TIC0"", ""TIC1"", ""TMWC10"", ""VAdjMat"", ""VE1_D"", ""VE1_DzZ"", ""VE1_Dzare"", ""VE1_Dzi"", ""VE1_Dzm"", ""VE1_Dzp"", ""VE1_Dzpe"", ""VE1_Dzse"", ""VE1_Dzv"", ""VE2_D"", ""VE2_DzZ"", ""VE2_Dzare"", ""VE2_Dzi"", ""VE2_Dzm"", ""VE2_Dzp"", ""VE2_Dzpe"", ""VE2_Dzse"", ""VE2_Dzv"", ""VE3_A"", ""VE3_D"", ""VE3_DzZ"", ""VE3_Dzare"", ""VE3_Dzi"", ""VE3_Dzm"", ""VE3_Dzp"", ""VE3_Dzpe"", ""VE3_Dzse"", ""VE3_Dzv"", ""VR1_D"", ""VR1_DzZ"", ""VR1_Dzare"", ""VR1_Dzi"", ""VR1_Dzm"", ""VR1_Dzp"", ""VR1_Dzpe"", ""VR1_Dzse"", ""VR1_Dzv"", ""VR2_D"", ""VR2_DzZ"", ""VR2_Dzare"", ""VR2_Dzi"", ""VR2_Dzm"", ""VR2_Dzp"", ""VR2_Dzpe"", ""VR2_Dzse"", ""VR2_Dzv"", ""VR3_D"", ""VR3_DzZ"", ""VR3_Dzare"", ""VR3_Dzi"", ""VR3_Dzm"", ""VR3_Dzp"", ""VR3_Dzpe"", ""VR3_Dzse"", ""VR3_Dzv"", ""Xp-0d"", ""Xp-1d"", ""Xp-2d"", ""Xp-3d"", ""ZMIC0"", ""Zagreb1"", ""Zagreb2"", ""mZagreb2"", ""nBondsO"", ""nHeavyAtom""]"
final,120,119,ATS1d,VR1_Dzp,VR1_Dzp,algorithmic_medoid,False,False,87,0.03510061817172572,0.9648993818282743,0.8951927812498558,0.9967722821860358,0.0,860,21151.855808545155,"[""ATS0d"", ""ATS1Z"", ""ATS1d"", ""ATS1m"", ""ATS1s"", ""ATS2Z"", ""ATS2m"", ""ATS3Z"", ""ATS3m"", ""ATS4Z"", ""ATS4m"", ""ATS5Z"", ""ATS5m"", ""ATS6Z"", ""ATS6m"", ""ATS7Z"", ""ATS7dv"", ""ATS7m"", ""ATS8Z"", ""ATS8dv"", ""ATS8m"", ""ETA_alpha"", ""ETA_beta_s"", ""ETA_eta_R"", ""ETA_eta_RL"", ""GGI10"", ""GGI6"", ""GGI7"", ""GGI8"", ""GGI9"", ""GRAV"", ""GRAVH"", ""GRAVHp"", ""GRAVp"", ""Kier1"", ""LabuteASA"", ""LogEE_A"", ""MID"", ""MOMI-Z"", ""MPC2"", ""MW"", ""MWC01"", ""MWC02"", ""MWC03"", ""SRW02"", ""SRW04"", ""SZ"", ""Sm"", ""SpAD_A"", ""SpAbs_A"", ""TIC0"", ""TIC1"", ""TMWC10"", ""VAdjMat"", ""VE1_D"", ""VE1_DzZ"", ""VE1_Dzare"", ""VE1_Dzi"", ""VE1_Dzm"", ""VE1_Dzp"", ""VE1_Dzpe"", ""VE1_Dzse"", ""VE1_Dzv"", ""VE2_D"", ""VE2_DzZ"", ""VE2_Dzare"", ""VE2_Dzi"", ""VE2_Dzm"", ""VE2_Dzp"", ""VE2_Dzpe"", ""VE2_Dzse"", ""VE2_Dzv"", ""VE3_A"", ""VE3_D"", ""VE3_DzZ"", ""VE3_Dzare"", ""VE3_Dzi"", ""VE3_Dzm"", ""VE3_Dzp"", ""VE3_Dzpe"", ""VE3_Dzse"", ""VE3_Dzv"", ""VR1_D"", ""VR1_DzZ"", ""VR1_Dzare"", ""VR1_Dzi"", ""VR1_Dzm"", ""VR1_Dzp"", ""VR1_Dzpe"", ""VR1_Dzse"", ""VR1_Dzv"", ""VR2_D"", ""VR2_DzZ"", ""VR2_Dzare"", ""VR2_Dzi"", ""VR2_Dzm"", ""VR2_Dzp"", ""VR2_Dzpe"", ""VR2_Dzse"", ""VR2_Dzv"", ""VR3_D"", ""VR3_DzZ"", ""VR3_Dzare"", ""VR3_Dzi"", ""VR3_Dzm"", ""VR3_Dzp"", ""VR3_Dzpe"", ""VR3_Dzse"", ""VR3_Dzv"", ""Xp-0d"", ""Xp-1d"", ""Xp-2d"", ""Xp-3d"", ""ZMIC0"", ""Zagreb1"", ""Zagreb2"", ""mZagreb2"", ""nBondsO"", ""nHeavyAtom""]"
final,120,119,ATS1Z,VR1_Dzp,VR1_Dzp,algorithmic_medoid,False,False,88,0.036750460399709195,0.9632495396002908,0.9140796554253707,0.9986433641705343,0.0,860,779814.73144808,"[""ATS0d"", ""ATS1Z"", ""ATS1d"", ""ATS1m"", ""ATS1s"", ""ATS2Z"", ""ATS2m"", ""ATS3Z"", ""ATS3m"", ""ATS4Z"", ""ATS4m"", ""ATS5Z"", ""ATS5m"", ""ATS6Z"", ""ATS6m"", ""ATS7Z"", ""ATS7dv"", ""ATS7m"", ""ATS8Z"", ""ATS8dv"", ""ATS8m"", ""ETA_alpha"", ""ETA_beta_s"", ""ETA_eta_R"", ""ETA_eta_RL"", ""GGI10"", ""GGI6"", ""GGI7"", ""GGI8"", ""GGI9"", ""GRAV"", ""GRAVH"", ""GRAVHp"", ""GRAVp"", ""Kier1"", ""LabuteASA"", ""LogEE_A"", ""MID"", ""MOMI-Z"", ""MPC2"", ""MW"", ""MWC01"", ""MWC02"", ""MWC03"", ""SRW02"", ""SRW04"", ""SZ"", ""Sm"", ""SpAD_A"", ""SpAbs_A"", ""TIC0"", ""TIC1"", ""TMWC10"", ""VAdjMat"", ""VE1_D"", ""VE1_DzZ"", ""VE1_Dzare"", ""VE1_Dzi"", ""VE1_Dzm"", ""VE1_Dzp"", ""VE1_Dzpe"", ""VE1_Dzse"", ""VE1_Dzv"", ""VE2_D"", ""VE2_DzZ"", ""VE2_Dzare"", ""VE2_Dzi"", ""VE2_Dzm"", ""VE2_Dzp"", ""VE2_Dzpe"", ""VE2_Dzse"", ""VE2_Dzv"", ""VE3_A"", ""VE3_D"", ""VE3_DzZ"", ""VE3_Dzare"", ""VE3_Dzi"", ""VE3_Dzm"", ""VE3_Dzp"", ""VE3_Dzpe"", ""VE3_Dzse"", ""VE3_Dzv"", ""VR1_D"", ""VR1_DzZ"", ""VR1_Dzare"", ""VR1_Dzi"", ""VR1_Dzm"", ""VR1_Dzp"", ""VR1_Dzpe"", ""VR1_Dzse"", ""VR1_Dzv"", ""VR2_D"", ""VR2_DzZ"", ""VR2_Dzare"", ""VR2_Dzi"", ""VR2_Dzm"", ""VR2_Dzp"", ""VR2_Dzpe"", ""VR2_Dzse"", ""VR2_Dzv"", ""VR3_D"", ""VR3_DzZ"", ""VR3_Dzare"", ""VR3_Dzi"", ""VR3_Dzm"", ""VR3_Dzp"", ""VR3_Dzpe"", ""VR3_Dzse"", ""VR3_Dzv"", ""Xp-0d"", ""Xp-1d"", ""Xp-2d"", ""Xp-3d"", ""ZMIC0"", ""Zagreb1"", ""Zagreb2"", ""mZagreb2"", ""nBondsO"", ""nHeavyAtom""]"
final,120,119,GRAVHp,VR1_Dzp,VR1_Dzp,algorithmic_medoid,False,False,89,0.036978072275643536,0.9630219277243565,0.9080541616314074,0.9947276864908507,0.0069767441860465115,854,2770265.9204502716,"[""ATS0d"", ""ATS1Z"", ""ATS1d"", ""ATS1m"", ""ATS1s"", ""ATS2Z"", ""ATS2m"", ""ATS3Z"", ""ATS3m"", ""ATS4Z"", ""ATS4m"", ""ATS5Z"", ""ATS5m"", ""ATS6Z"", ""ATS6m"", ""ATS7Z"", ""ATS7dv"", ""ATS7m"", ""ATS8Z"", ""ATS8dv"", ""ATS8m"", ""ETA_alpha"", ""ETA_beta_s"", ""ETA_eta_R"", ""ETA_eta_RL"", ""GGI10"", ""GGI6"", ""GGI7"", ""GGI8"", ""GGI9"", ""GRAV"", ""GRAVH"", ""GRAVHp"", ""GRAVp"", ""Kier1"", ""LabuteASA"", ""LogEE_A"", ""MID"", ""MOMI-Z"", ""MPC2"", ""MW"", ""MWC01"", ""MWC02"", ""MWC03"", ""SRW02"", ""SRW04"", ""SZ"", ""Sm"", ""SpAD_A"", ""SpAbs_A"", ""TIC0"", ""TIC1"", ""TMWC10"", ""VAdjMat"", ""VE1_D"", ""VE1_DzZ"", ""VE1_Dzare"", ""VE1_Dzi"", ""VE1_Dzm"", ""VE1_Dzp"", ""VE1_Dzpe"", ""VE1_Dzse"", ""VE1_Dzv"", ""VE2_D"", ""VE2_DzZ"", ""VE2_Dzare"", ""VE2_Dzi"", ""VE2_Dzm"", ""VE2_Dzp"", ""VE2_Dzpe"", ""VE2_Dzse"", ""VE2_Dzv"", ""VE3_A"", ""VE3_D"", ""VE3_DzZ"", ""VE3_Dzare"", ""VE3_Dzi"", ""VE3_Dzm"", ""VE3_Dzp"", ""VE3_Dzpe"", ""VE3_Dzse"", ""VE3_Dzv"", ""VR1_D"", ""VR1_DzZ"", ""VR1_Dzare"", ""VR1_Dzi"", ""VR1_Dzm"", ""VR1_Dzp"", ""VR1_Dzpe"", ""VR1_Dzse"", ""VR1_Dzv"", ""VR2_D"", ""VR2_DzZ"", ""VR2_Dzare"", ""VR2_Dzi"", ""VR2_Dzm"", ""VR2_Dzp"", ""VR2_Dzpe"", ""VR2_Dzse"", ""VR2_Dzv"", ""VR3_D"", ""VR3_DzZ"", ""VR3_Dzare"", ""VR3_Dzi"", ""VR3_Dzm"", ""VR3_Dzp"", ""VR3_Dzpe"", ""VR3_Dzse"", ""VR3_Dzv"", ""Xp-0d"", ""Xp-1d"", ""Xp-2d"", ""Xp-3d"", ""ZMIC0"", ""Zagreb1"", ""Zagreb2"", ""mZagreb2"", ""nBondsO"", ""nHeavyAtom""]"
final,120,119,TIC1,VR1_Dzp,VR1_Dzp,algorithmic_medoid,False,False,90,0.038213060347801364,0.9617869396521986,0.893528093185427,0.9771858849866791,0.0,860,16751.282557829327,"[""ATS0d"", ""ATS1Z"", ""ATS1d"", ""ATS1m"", ""ATS1s"", ""ATS2Z"", ""ATS2m"", ""ATS3Z"", ""ATS3m"", ""ATS4Z"", ""ATS4m"", ""ATS5Z"", ""ATS5m"", ""ATS6Z"", ""ATS6m"", ""ATS7Z"", ""ATS7dv"", ""ATS7m"", ""ATS8Z"", ""ATS8dv"", ""ATS8m"", ""ETA_alpha"", ""ETA_beta_s"", ""ETA_eta_R"", ""ETA_eta_RL"", ""GGI10"", ""GGI6"", ""GGI7"", ""GGI8"", ""GGI9"", ""GRAV"", ""GRAVH"", ""GRAVHp"", ""GRAVp"", ""Kier1"", ""LabuteASA"", ""LogEE_A"", ""MID"", ""MOMI-Z"", ""MPC2"", ""MW"", ""MWC01"", ""MWC02"", ""MWC03"", ""SRW02"", ""SRW04"", ""SZ"", ""Sm"", ""SpAD_A"", ""SpAbs_A"", ""TIC0"", ""TIC1"", ""TMWC10"", ""VAdjMat"", ""VE1_D"", ""VE1_DzZ"", ""VE1_Dzare"", ""VE1_Dzi"", ""VE1_Dzm"", ""VE1_Dzp"", ""VE1_Dzpe"", ""VE1_Dzse"", ""VE1_Dzv"", ""VE2_D"", ""VE2_DzZ"", ""VE2_Dzare"", ""VE2_Dzi"", ""VE2_Dzm"", ""VE2_Dzp"", ""VE2_Dzpe"", ""VE2_Dzse"", ""VE2_Dzv"", ""VE3_A"", ""VE3_D"", ""VE3_DzZ"", ""VE3_Dzare"", ""VE3_Dzi"", ""VE3_Dzm"", ""VE3_Dzp"", ""VE3_Dzpe"", ""VE3_Dzse"", ""VE3_Dzv"", ""VR1_D"", ""VR1_DzZ"", ""VR1_Dzare"", ""VR1_Dzi"", ""VR1_Dzm"", ""VR1_Dzp"", ""VR1_Dzpe"", ""VR1_Dzse"", ""VR1_Dzv"", ""VR2_D"", ""VR2_DzZ"", ""VR2_Dzare"", ""VR2_Dzi"", ""VR2_Dzm"", ""VR2_Dzp"", ""VR2_Dzpe"", ""VR2_Dzse"", ""VR2_Dzv"", ""VR3_D"", ""VR3_DzZ"", ""VR3_Dzare"", ""VR3_Dzi"", ""VR3_Dzm"", ""VR3_Dzp"", ""VR3_Dzpe"", ""VR3_Dzse"", ""VR3_Dzv"", ""Xp-0d"", ""Xp-1d"", ""Xp-2d"", ""Xp-3d"", ""ZMIC0"", ""Zagreb1"", ""Zagreb2"", ""mZagreb2"", ""nBondsO"", ""nHeavyAtom""]"
final,120,119,GRAVH,VR1_Dzp,VR1_Dzp,algorithmic_medoid,False,False,91,0.03829818623531611,0.9617018137646839,0.9281345323429849,0.9959108578876985,0.0069767441860465115,854,37955590.50529641,"[""ATS0d"", ""ATS1Z"", ""ATS1d"", ""ATS1m"", ""ATS1s"", ""ATS2Z"", ""ATS2m"", ""ATS3Z"", ""ATS3m"", ""ATS4Z"", ""ATS4m"", ""ATS5Z"", ""ATS5m"", ""ATS6Z"", ""ATS6m"", ""ATS7Z"", ""ATS7dv"", ""ATS7m"", ""ATS8Z"", ""ATS8dv"", ""ATS8m"", ""ETA_alpha"", ""ETA_beta_s"", ""ETA_eta_R"", ""ETA_eta_RL"", ""GGI10"", ""GGI6"", ""GGI7"", ""GGI8"", ""GGI9"", ""GRAV"", ""GRAVH"", ""GRAVHp"", ""GRAVp"", ""Kier1"", ""LabuteASA"", ""LogEE_A"", ""MID"", ""MOMI-Z"", ""MPC2"", ""MW"", ""MWC01"", ""MWC02"", ""MWC03"", ""SRW02"", ""SRW04"", ""SZ"", ""Sm"", ""SpAD_A"", ""SpAbs_A"", ""TIC0"", ""TIC1"", ""TMWC10"", ""VAdjMat"", ""VE1_D"", ""VE1_DzZ"", ""VE1_Dzare"", ""VE1_Dzi"", ""VE1_Dzm"", ""VE1_Dzp"", ""VE1_Dzpe"", ""VE1_Dzse"", ""VE1_Dzv"", ""VE2_D"", ""VE2_DzZ"", ""VE2_Dzare"", ""VE2_Dzi"", ""VE2_Dzm"", ""VE2_Dzp"", ""VE2_Dzpe"", ""VE2_Dzse"", ""VE2_Dzv"", ""VE3_A"", ""VE3_D"", ""VE3_DzZ"", ""VE3_Dzare"", ""VE3_Dzi"", ""VE3_Dzm"", ""VE3_Dzp"", ""VE3_Dzpe"", ""VE3_Dzse"", ""VE3_Dzv"", ""VR1_D"", ""VR1_DzZ"", ""VR1_Dzare"", ""VR1_Dzi"", ""VR1_Dzm"", ""VR1_Dzp"", ""VR1_Dzpe"", ""VR1_Dzse"", ""VR1_Dzv"", ""VR2_D"", ""VR2_DzZ"", ""VR2_Dzare"", ""VR2_Dzi"", ""VR2_Dzm"", ""VR2_Dzp"", ""VR2_Dzpe"", ""VR2_Dzse"", ""VR2_Dzv"", ""VR3_D"", ""VR3_DzZ"", ""VR3_Dzare"", ""VR3_Dzi"", ""VR3_Dzm"", ""VR3_Dzp"", ""VR3_Dzpe"", ""VR3_Dzse"", ""VR3_Dzv"", ""Xp-0d"", ""Xp-1d"", ""Xp-2d"", ""Xp-3d"", ""ZMIC0"", ""Zagreb1"", ""Zagreb2"", ""mZagreb2"", ""nBondsO"", ""nHeavyAtom""]"
final,120,119,ATS2Z,VR1_Dzp,VR1_Dzp,algorithmic_medoid,False,False,92,0.039082629706266414,0.9609173702937336,0.9063526144277386,0.9979307386429013,0.0,860,1929923.1531787454,"[""ATS0d"", ""ATS1Z"", ""ATS1d"", ""ATS1m"", ""ATS1s"", ""ATS2Z"", ""ATS2m"", ""ATS3Z"", ""ATS3m"", ""ATS4Z"", ""ATS4m"", ""ATS5Z"", ""ATS5m"", ""ATS6Z"", ""ATS6m"", ""ATS7Z"", ""ATS7dv"", ""ATS7m"", ""ATS8Z"", ""ATS8dv"", ""ATS8m"", ""ETA_alpha"", ""ETA_beta_s"", ""ETA_eta_R"", ""ETA_eta_RL"", ""GGI10"", ""GGI6"", ""GGI7"", ""GGI8"", ""GGI9"", ""GRAV"", ""GRAVH"", ""GRAVHp"", ""GRAVp"", ""Kier1"", ""LabuteASA"", ""LogEE_A"", ""MID"", ""MOMI-Z"", ""MPC2"", ""MW"", ""MWC01"", ""MWC02"", ""MWC03"", ""SRW02"", ""SRW04"", ""SZ"", ""Sm"", ""SpAD_A"", ""SpAbs_A"", ""TIC0"", ""TIC1"", ""TMWC10"", ""VAdjMat"", ""VE1_D"", ""VE1_DzZ"", ""VE1_Dzare"", ""VE1_Dzi"", ""VE1_Dzm"", ""VE1_Dzp"", ""VE1_Dzpe"", ""VE1_Dzse"", ""VE1_Dzv"", ""VE2_D"", ""VE2_DzZ"", ""VE2_Dzare"", ""VE2_Dzi"", ""VE2_Dzm"", ""VE2_Dzp"", ""VE2_Dzpe"", ""VE2_Dzse"", ""VE2_Dzv"", ""VE3_A"", ""VE3_D"", ""VE3_DzZ"", ""VE3_Dzare"", ""VE3_Dzi"", ""VE3_Dzm"", ""VE3_Dzp"", ""VE3_Dzpe"", ""VE3_Dzse"", ""VE3_Dzv"", ""VR1_D"", ""VR1_DzZ"", ""VR1_Dzare"", ""VR1_Dzi"", ""VR1_Dzm"", ""VR1_Dzp"", ""VR1_Dzpe"", ""VR1_Dzse"", ""VR1_Dzv"", ""VR2_D"", ""VR2_DzZ"", ""VR2_Dzare"", ""VR2_Dzi"", ""VR2_Dzm"", ""VR2_Dzp"", ""VR2_Dzpe"", ""VR2_Dzse"", ""VR2_Dzv"", ""VR3_D"", ""VR3_DzZ"", ""VR3_Dzare"", ""VR3_Dzi"", ""VR3_Dzm"", ""VR3_Dzp"", ""VR3_Dzpe"", ""VR3_Dzse"", ""VR3_Dzv"", ""Xp-0d"", ""Xp-1d"", ""Xp-2d"", ""Xp-3d"", ""ZMIC0"", ""Zagreb1"", ""Zagreb2"", ""mZagreb2"", ""nBondsO"", ""nHeavyAtom""]"
final,120,119,TIC0,VR1_Dzp,VR1_Dzp,algorithmic_medoid,False,False,93,0.040738171342873386,0.9592618286571266,0.9092871087988595,0.9818001408265965,0.0,860,3053.771798946479,"[""ATS0d"", ""ATS1Z"", ""ATS1d"", ""ATS1m"", ""ATS1s"", ""ATS2Z"", ""ATS2m"", ""ATS3Z"", ""ATS3m"", ""ATS4Z"", ""ATS4m"", ""ATS5Z"", ""ATS5m"", ""ATS6Z"", ""ATS6m"", ""ATS7Z"", ""ATS7dv"", ""ATS7m"", ""ATS8Z"", ""ATS8dv"", ""ATS8m"", ""ETA_alpha"", ""ETA_beta_s"", ""ETA_eta_R"", ""ETA_eta_RL"", ""GGI10"", ""GGI6"", ""GGI7"", ""GGI8"", ""GGI9"", ""GRAV"", ""GRAVH"", ""GRAVHp"", ""GRAVp"", ""Kier1"", ""LabuteASA"", ""LogEE_A"", ""MID"", ""MOMI-Z"", ""MPC2"", ""MW"", ""MWC01"", ""MWC02"", ""MWC03"", ""SRW02"", ""SRW04"", ""SZ"", ""Sm"", ""SpAD_A"", ""SpAbs_A"", ""TIC0"", ""TIC1"", ""TMWC10"", ""VAdjMat"", ""VE1_D"", ""VE1_DzZ"", ""VE1_Dzare"", ""VE1_Dzi"", ""VE1_Dzm"", ""VE1_Dzp"", ""VE1_Dzpe"", ""VE1_Dzse"", ""VE1_Dzv"", ""VE2_D"", ""VE2_DzZ"", ""VE2_Dzare"", ""VE2_Dzi"", ""VE2_Dzm"", ""VE2_Dzp"", ""VE2_Dzpe"", ""VE2_Dzse"", ""VE2_Dzv"", ""VE3_A"", ""VE3_D"", ""VE3_DzZ"", ""VE3_Dzare"", ""VE3_Dzi"", ""VE3_Dzm"", ""VE3_Dzp"", ""VE3_Dzpe"", ""VE3_Dzse"", ""VE3_Dzv"", ""VR1_D"", ""VR1_DzZ"", ""VR1_Dzare"", ""VR1_Dzi"", ""VR1_Dzm"", ""VR1_Dzp"", ""VR1_Dzpe"", ""VR1_Dzse"", ""VR1_Dzv"", ""VR2_D"", ""VR2_DzZ"", ""VR2_Dzare"", ""VR2_Dzi"", ""VR2_Dzm"", ""VR2_Dzp"", ""VR2_Dzpe"", ""VR2_Dzse"", ""VR2_Dzv"", ""VR3_D"", ""VR3_DzZ"", ""VR3_Dzare"", ""VR3_Dzi"", ""VR3_Dzm"", ""VR3_Dzp"", ""VR3_Dzpe"", ""VR3_Dzse"", ""VR3_Dzv"", ""Xp-0d"", ""Xp-1d"", ""Xp-2d"", ""Xp-3d"", ""ZMIC0"", ""Zagreb1"", ""Zagreb2"", ""mZagreb2"", ""nBondsO"", ""nHeavyAtom""]"
final,120,119,ATS1m,VR1_Dzp,VR1_Dzp,algorithmic_medoid,False,False,94,0.041841330679649014,0.958158669320351,0.9111393156429564,0.9986433641705343,0.0,860,11162533.774993254,"[""ATS0d"", ""ATS1Z"", ""ATS1d"", ""ATS1m"", ""ATS1s"", ""ATS2Z"", ""ATS2m"", ""ATS3Z"", ""ATS3m"", ""ATS4Z"", ""ATS4m"", ""ATS5Z"", ""ATS5m"", ""ATS6Z"", ""ATS6m"", ""ATS7Z"", ""ATS7dv"", ""ATS7m"", ""ATS8Z"", ""ATS8dv"", ""ATS8m"", ""ETA_alpha"", ""ETA_beta_s"", ""ETA_eta_R"", ""ETA_eta_RL"", ""GGI10"", ""GGI6"", ""GGI7"", ""GGI8"", ""GGI9"", ""GRAV"", ""GRAVH"", ""GRAVHp"", ""GRAVp"", ""Kier1"", ""LabuteASA"", ""LogEE_A"", ""MID"", ""MOMI-Z"", ""MPC2"", ""MW"", ""MWC01"", ""MWC02"", ""MWC03"", ""SRW02"", ""SRW04"", ""SZ"", ""Sm"", ""SpAD_A"", ""SpAbs_A"", ""TIC0"", ""TIC1"", ""TMWC10"", ""VAdjMat"", ""VE1_D"", ""VE1_DzZ"", ""VE1_Dzare"", ""VE1_Dzi"", ""VE1_Dzm"", ""VE1_Dzp"", ""VE1_Dzpe"", ""VE1_Dzse"", ""VE1_Dzv"", ""VE2_D"", ""VE2_DzZ"", ""VE2_Dzare"", ""VE2_Dzi"", ""VE2_Dzm"", ""VE2_Dzp"", ""VE2_Dzpe"", ""VE2_Dzse"", ""VE2_Dzv"", ""VE3_A"", ""VE3_D"", ""VE3_DzZ"", ""VE3_Dzare"", ""VE3_Dzi"", ""VE3_Dzm"", ""VE3_Dzp"", ""VE3_Dzpe"", ""VE3_Dzse"", ""VE3_Dzv"", ""VR1_D"", ""VR1_DzZ"", ""VR1_Dzare"", ""VR1_Dzi"", ""VR1_Dzm"", ""VR1_Dzp"", ""VR1_Dzpe"", ""VR1_Dzse"", ""VR1_Dzv"", ""VR2_D"", ""VR2_DzZ"", ""VR2_Dzare"", ""VR2_Dzi"", ""VR2_Dzm"", ""VR2_Dzp"", ""VR2_Dzpe"", ""VR2_Dzse"", ""VR2_Dzv"", ""VR3_D"", ""VR3_DzZ"", ""VR3_Dzare"", ""VR3_Dzi"", ""VR3_Dzm"", ""VR3_Dzp"", ""VR3_Dzpe"", ""VR3_Dzse"", ""VR3_Dzv"", ""Xp-0d"", ""Xp-1d"", ""Xp-2d"", ""Xp-3d"", ""ZMIC0"", ""Zagreb1"", ""Zagreb2"", ""mZagreb2"", ""nBondsO"", ""nHeavyAtom""]"
final,120,119,Kier1,VR1_Dzp,VR1_Dzp,algorithmic_medoid,False,False,95,0.04379178972922004,0.95620821027078,0.8960416789445346,0.9932656291093725,0.0069767441860465115,854,234.92861301663223,"[""ATS0d"", ""ATS1Z"", ""ATS1d"", ""ATS1m"", ""ATS1s"", ""ATS2Z"", ""ATS2m"", ""ATS3Z"", ""ATS3m"", ""ATS4Z"", ""ATS4m"", ""ATS5Z"", ""ATS5m"", ""ATS6Z"", ""ATS6m"", ""ATS7Z"", ""ATS7dv"", ""ATS7m"", ""ATS8Z"", ""ATS8dv"", ""ATS8m"", ""ETA_alpha"", ""ETA_beta_s"", ""ETA_eta_R"", ""ETA_eta_RL"", ""GGI10"", ""GGI6"", ""GGI7"", ""GGI8"", ""GGI9"", ""GRAV"", ""GRAVH"", ""GRAVHp"", ""GRAVp"", ""Kier1"", ""LabuteASA"", ""LogEE_A"", ""MID"", ""MOMI-Z"", ""MPC2"", ""MW"", ""MWC01"", ""MWC02"", ""MWC03"", ""SRW02"", ""SRW04"", ""SZ"", ""Sm"", ""SpAD_A"", ""SpAbs_A"", ""TIC0"", ""TIC1"", ""TMWC10"", ""VAdjMat"", ""VE1_D"", ""VE1_DzZ"", ""VE1_Dzare"", ""VE1_Dzi"", ""VE1_Dzm"", ""VE1_Dzp"", ""VE1_Dzpe"", ""VE1_Dzse"", ""VE1_Dzv"", ""VE2_D"", ""VE2_DzZ"", ""VE2_Dzare"", ""VE2_Dzi"", ""VE2_Dzm"", ""VE2_Dzp"", ""VE2_Dzpe"", ""VE2_Dzse"", ""VE2_Dzv"", ""VE3_A"", ""VE3_D"", ""VE3_DzZ"", ""VE3_Dzare"", ""VE3_Dzi"", ""VE3_Dzm"", ""VE3_Dzp"", ""VE3_Dzpe"", ""VE3_Dzse"", ""VE3_Dzv"", ""VR1_D"", ""VR1_DzZ"", ""VR1_Dzare"", ""VR1_Dzi"", ""VR1_Dzm"", ""VR1_Dzp"", ""VR1_Dzpe"", ""VR1_Dzse"", ""VR1_Dzv"", ""VR2_D"", ""VR2_DzZ"", ""VR2_Dzare"", ""VR2_Dzi"", ""VR2_Dzm"", ""VR2_Dzp"", ""VR2_Dzpe"", ""VR2_Dzse"", ""VR2_Dzv"", ""VR3_D"", ""VR3_DzZ"", ""VR3_Dzare"", ""VR3_Dzi"", ""VR3_Dzm"", ""VR3_Dzp"", ""VR3_Dzpe"", ""VR3_Dzse"", ""VR3_Dzv"", ""Xp-0d"", ""Xp-1d"", ""Xp-2d"", ""Xp-3d"", ""ZMIC0"", ""Zagreb1"", ""Zagreb2"", ""mZagreb2"", ""nBondsO"", ""nHeavyAtom""]"
final,120,119,GRAV,VR1_Dzp,VR1_Dzp,algorithmic_medoid,False,False,96,0.04615872777076957,0.9538412722292304,0.9203501857929157,0.9959108578876985,0.005813953488372093,855,29245016.74249188,"[""ATS0d"", ""ATS1Z"", ""ATS1d"", ""ATS1m"", ""ATS1s"", ""ATS2Z"", ""ATS2m"", ""ATS3Z"", ""ATS3m"", ""ATS4Z"", ""ATS4m"", ""ATS5Z"", ""ATS5m"", ""ATS6Z"", ""ATS6m"", ""ATS7Z"", ""ATS7dv"", ""ATS7m"", ""ATS8Z"", ""ATS8dv"", ""ATS8m"", ""ETA_alpha"", ""ETA_beta_s"", ""ETA_eta_R"", ""ETA_eta_RL"", ""GGI10"", ""GGI6"", ""GGI7"", ""GGI8"", ""GGI9"", ""GRAV"", ""GRAVH"", ""GRAVHp"", ""GRAVp"", ""Kier1"", ""LabuteASA"", ""LogEE_A"", ""MID"", ""MOMI-Z"", ""MPC2"", ""MW"", ""MWC01"", ""MWC02"", ""MWC03"", ""SRW02"", ""SRW04"", ""SZ"", ""Sm"", ""SpAD_A"", ""SpAbs_A"", ""TIC0"", ""TIC1"", ""TMWC10"", ""VAdjMat"", ""VE1_D"", ""VE1_DzZ"", ""VE1_Dzare"", ""VE1_Dzi"", ""VE1_Dzm"", ""VE1_Dzp"", ""VE1_Dzpe"", ""VE1_Dzse"", ""VE1_Dzv"", ""VE2_D"", ""VE2_DzZ"", ""VE2_Dzare"", ""VE2_Dzi"", ""VE2_Dzm"", ""VE2_Dzp"", ""VE2_Dzpe"", ""VE2_Dzse"", ""VE2_Dzv"", ""VE3_A"", ""VE3_D"", ""VE3_DzZ"", ""VE3_Dzare"", ""VE3_Dzi"", ""VE3_Dzm"", ""VE3_Dzp"", ""VE3_Dzpe"", ""VE3_Dzse"", ""VE3_Dzv"", ""VR1_D"", ""VR1_DzZ"", ""VR1_Dzare"", ""VR1_Dzi"", ""VR1_Dzm"", ""VR1_Dzp"", ""VR1_Dzpe"", ""VR1_Dzse"", ""VR1_Dzv"", ""VR2_D"", ""VR2_DzZ"", ""VR2_Dzare"", ""VR2_Dzi"", ""VR2_Dzm"", ""VR2_Dzp"", ""VR2_Dzpe"", ""VR2_Dzse"", ""VR2_Dzv"", ""VR3_D"", ""VR3_DzZ"", ""VR3_Dzare"", ""VR3_Dzi"", ""VR3_Dzm"", ""VR3_Dzp"", ""VR3_Dzpe"", ""VR3_Dzse"", ""VR3_Dzv"", ""Xp-0d"", ""Xp-1d"", ""Xp-2d"", ""Xp-3d"", ""ZMIC0"", ""Zagreb1"", ""Zagreb2"", ""mZagreb2"", ""nBondsO"", ""nHeavyAtom""]"
final,120,119,ATS7Z,VR1_Dzp,VR1_Dzp,algorithmic_medoid,False,False,97,0.04646200474744111,0.9535379952525589,0.9191826027502462,0.9978178783058462,0.0,860,8158688.560243375,"[""ATS0d"", ""ATS1Z"", ""ATS1d"", ""ATS1m"", ""ATS1s"", ""ATS2Z"", ""ATS2m"", ""ATS3Z"", ""ATS3m"", ""ATS4Z"", ""ATS4m"", ""ATS5Z"", ""ATS5m"", ""ATS6Z"", ""ATS6m"", ""ATS7Z"", ""ATS7dv"", ""ATS7m"", ""ATS8Z"", ""ATS8dv"", ""ATS8m"", ""ETA_alpha"", ""ETA_beta_s"", ""ETA_eta_R"", ""ETA_eta_RL"", ""GGI10"", ""GGI6"", ""GGI7"", ""GGI8"", ""GGI9"", ""GRAV"", ""GRAVH"", ""GRAVHp"", ""GRAVp"", ""Kier1"", ""LabuteASA"", ""LogEE_A"", ""MID"", ""MOMI-Z"", ""MPC2"", ""MW"", ""MWC01"", ""MWC02"", ""MWC03"", ""SRW02"", ""SRW04"", ""SZ"", ""Sm"", ""SpAD_A"", ""SpAbs_A"", ""TIC0"", ""TIC1"", ""TMWC10"", ""VAdjMat"", ""VE1_D"", ""VE1_DzZ"", ""VE1_Dzare"", ""VE1_Dzi"", ""VE1_Dzm"", ""VE1_Dzp"", ""VE1_Dzpe"", ""VE1_Dzse"", ""VE1_Dzv"", ""VE2_D"", ""VE2_DzZ"", ""VE2_Dzare"", ""VE2_Dzi"", ""VE2_Dzm"", ""VE2_Dzp"", ""VE2_Dzpe"", ""VE2_Dzse"", ""VE2_Dzv"", ""VE3_A"", ""VE3_D"", ""VE3_DzZ"", ""VE3_Dzare"", ""VE3_Dzi"", ""VE3_Dzm"", ""VE3_Dzp"", ""VE3_Dzpe"", ""VE3_Dzse"", ""VE3_Dzv"", ""VR1_D"", ""VR1_DzZ"", ""VR1_Dzare"", ""VR1_Dzi"", ""VR1_Dzm"", ""VR1_Dzp"", ""VR1_Dzpe"", ""VR1_Dzse"", ""VR1_Dzv"", ""VR2_D"", ""VR2_DzZ"", ""VR2_Dzare"", ""VR2_Dzi"", ""VR2_Dzm"", ""VR2_Dzp"", ""VR2_Dzpe"", ""VR2_Dzse"", ""VR2_Dzv"", ""VR3_D"", ""VR3_DzZ"", ""VR3_Dzare"", ""VR3_Dzi"", ""VR3_Dzm"", ""VR3_Dzp"", ""VR3_Dzpe"", ""VR3_Dzse"", ""VR3_Dzv"", ""Xp-0d"", ""Xp-1d"", ""Xp-2d"", ""Xp-3d"", ""ZMIC0"", ""Zagreb1"", ""Zagreb2"", ""mZagreb2"", ""nBondsO"", ""nHeavyAtom""]"
final,120,119,ATS8Z,VR1_Dzp,VR1_Dzp,algorithmic_medoid,False,False,98,0.046575709366191265,0.9534242906338087,0.92673338592064,0.9979763389149082,0.0,860,9013397.546742834,"[""ATS0d"", ""ATS1Z"", ""ATS1d"", ""ATS1m"", ""ATS1s"", ""ATS2Z"", ""ATS2m"", ""ATS3Z"", ""ATS3m"", ""ATS4Z"", ""ATS4m"", ""ATS5Z"", ""ATS5m"", ""ATS6Z"", ""ATS6m"", ""ATS7Z"", ""ATS7dv"", ""ATS7m"", ""ATS8Z"", ""ATS8dv"", ""ATS8m"", ""ETA_alpha"", ""ETA_beta_s"", ""ETA_eta_R"", ""ETA_eta_RL"", ""GGI10"", ""GGI6"", ""GGI7"", ""GGI8"", ""GGI9"", ""GRAV"", ""GRAVH"", ""GRAVHp"", ""GRAVp"", ""Kier1"", ""LabuteASA"", ""LogEE_A"", ""MID"", ""MOMI-Z"", ""MPC2"", ""MW"", ""MWC01"", ""MWC02"", ""MWC03"", ""SRW02"", ""SRW04"", ""SZ"", ""Sm"", ""SpAD_A"", ""SpAbs_A"", ""TIC0"", ""TIC1"", ""TMWC10"", ""VAdjMat"", ""VE1_D"", ""VE1_DzZ"", ""VE1_Dzare"", ""VE1_Dzi"", ""VE1_Dzm"", ""VE1_Dzp"", ""VE1_Dzpe"", ""VE1_Dzse"", ""VE1_Dzv"", ""VE2_D"", ""VE2_DzZ"", ""VE2_Dzare"", ""VE2_Dzi"", ""VE2_Dzm"", ""VE2_Dzp"", ""VE2_Dzpe"", ""VE2_Dzse"", ""VE2_Dzv"", ""VE3_A"", ""VE3_D"", ""VE3_DzZ"", ""VE3_Dzare"", ""VE3_Dzi"", ""VE3_Dzm"", ""VE3_Dzp"", ""VE3_Dzpe"", ""VE3_Dzse"", ""VE3_Dzv"", ""VR1_D"", ""VR1_DzZ"", ""VR1_Dzare"", ""VR1_Dzi"", ""VR1_Dzm"", ""VR1_Dzp"", ""VR1_Dzpe"", ""VR1_Dzse"", ""VR1_Dzv"", ""VR2_D"", ""VR2_DzZ"", ""VR2_Dzare"", ""VR2_Dzi"", ""VR2_Dzm"", ""VR2_Dzp"", ""VR2_Dzpe"", ""VR2_Dzse"", ""VR2_Dzv"", ""VR3_D"", ""VR3_DzZ"", ""VR3_Dzare"", ""VR3_Dzi"", ""VR3_Dzm"", ""VR3_Dzp"", ""VR3_Dzpe"", ""VR3_Dzse"", ""VR3_Dzv"", ""Xp-0d"", ""Xp-1d"", ""Xp-2d"", ""Xp-3d"", ""ZMIC0"", ""Zagreb1"", ""Zagreb2"", ""mZagreb2"", ""nBondsO"", ""nHeavyAtom""]"
final,120,119,ATS2m,VR1_Dzp,VR1_Dzp,algorithmic_medoid,False,False,99,0.04711834897809608,0.9528816510219039,0.898819054237349,0.9979307386429013,0.0,860,27131269.3596592,"[""ATS0d"", ""ATS1Z"", ""ATS1d"", ""ATS1m"", ""ATS1s"", ""ATS2Z"", ""ATS2m"", ""ATS3Z"", ""ATS3m"", ""ATS4Z"", ""ATS4m"", ""ATS5Z"", ""ATS5m"", ""ATS6Z"", ""ATS6m"", ""ATS7Z"", ""ATS7dv"", ""ATS7m"", ""ATS8Z"", ""ATS8dv"", ""ATS8m"", ""ETA_alpha"", ""ETA_beta_s"", ""ETA_eta_R"", ""ETA_eta_RL"", ""GGI10"", ""GGI6"", ""GGI7"", ""GGI8"", ""GGI9"", ""GRAV"", ""GRAVH"", ""GRAVHp"", ""GRAVp"", ""Kier1"", ""LabuteASA"", ""LogEE_A"", ""MID"", ""MOMI-Z"", ""MPC2"", ""MW"", ""MWC01"", ""MWC02"", ""MWC03"", ""SRW02"", ""SRW04"", ""SZ"", ""Sm"", ""SpAD_A"", ""SpAbs_A"", ""TIC0"", ""TIC1"", ""TMWC10"", ""VAdjMat"", ""VE1_D"", ""VE1_DzZ"", ""VE1_Dzare"", ""VE1_Dzi"", ""VE1_Dzm"", ""VE1_Dzp"", ""VE1_Dzpe"", ""VE1_Dzse"", ""VE1_Dzv"", ""VE2_D"", ""VE2_DzZ"", ""VE2_Dzare"", ""VE2_Dzi"", ""VE2_Dzm"", ""VE2_Dzp"", ""VE2_Dzpe"", ""VE2_Dzse"", ""VE2_Dzv"", ""VE3_A"", ""VE3_D"", ""VE3_DzZ"", ""VE3_Dzare"", ""VE3_Dzi"", ""VE3_Dzm"", ""VE3_Dzp"", ""VE3_Dzpe"", ""VE3_Dzse"", ""VE3_Dzv"", ""VR1_D"", ""VR1_DzZ"", ""VR1_Dzare"", ""VR1_Dzi"", ""VR1_Dzm"", ""VR1_Dzp"", ""VR1_Dzpe"", ""VR1_Dzse"", ""VR1_Dzv"", ""VR2_D"", ""VR2_DzZ"", ""VR2_Dzare"", ""VR2_Dzi"", ""VR2_Dzm"", ""VR2_Dzp"", ""VR2_Dzpe"", ""VR2_Dzse"", ""VR2_Dzv"", ""VR3_D"", ""VR3_DzZ"", ""VR3_Dzare"", ""VR3_Dzi"", ""VR3_Dzm"", ""VR3_Dzp"", ""VR3_Dzpe"", ""VR3_Dzse"", ""VR3_Dzv"", ""Xp-0d"", ""Xp-1d"", ""Xp-2d"", ""Xp-3d"", ""ZMIC0"", ""Zagreb1"", ""Zagreb2"", ""mZagreb2"", ""nBondsO"", ""nHeavyAtom""]"
final,120,119,GRAVp,VR1_Dzp,VR1_Dzp,algorithmic_medoid,False,False,100,0.04777855145931853,0.9522214485406815,0.9018149305248777,0.9947276864908507,0.005813953488372093,855,2227908.7673710203,"[""ATS0d"", ""ATS1Z"", ""ATS1d"", ""ATS1m"", ""ATS1s"", ""ATS2Z"", ""ATS2m"", ""ATS3Z"", ""ATS3m"", ""ATS4Z"", ""ATS4m"", ""ATS5Z"", ""ATS5m"", ""ATS6Z"", ""ATS6m"", ""ATS7Z"", ""ATS7dv"", ""ATS7m"", ""ATS8Z"", ""ATS8dv"", ""ATS8m"", ""ETA_alpha"", ""ETA_beta_s"", ""ETA_eta_R"", ""ETA_eta_RL"", ""GGI10"", ""GGI6"", ""GGI7"", ""GGI8"", ""GGI9"", ""GRAV"", ""GRAVH"", ""GRAVHp"", ""GRAVp"", ""Kier1"", ""LabuteASA"", ""LogEE_A"", ""MID"", ""MOMI-Z"", ""MPC2"", ""MW"", ""MWC01"", ""MWC02"", ""MWC03"", ""SRW02"", ""SRW04"", ""SZ"", ""Sm"", ""SpAD_A"", ""SpAbs_A"", ""TIC0"", ""TIC1"", ""TMWC10"", ""VAdjMat"", ""VE1_D"", ""VE1_DzZ"", ""VE1_Dzare"", ""VE1_Dzi"", ""VE1_Dzm"", ""VE1_Dzp"", ""VE1_Dzpe"", ""VE1_Dzse"", ""VE1_Dzv"", ""VE2_D"", ""VE2_DzZ"", ""VE2_Dzare"", ""VE2_Dzi"", ""VE2_Dzm"", ""VE2_Dzp"", ""VE2_Dzpe"", ""VE2_Dzse"", ""VE2_Dzv"", ""VE3_A"", ""VE3_D"", ""VE3_DzZ"", ""VE3_Dzare"", ""VE3_Dzi"", ""VE3_Dzm"", ""VE3_Dzp"", ""VE3_Dzpe"", ""VE3_Dzse"", ""VE3_Dzv"", ""VR1_D"", ""VR1_DzZ"", ""VR1_Dzare"", ""VR1_Dzi"", ""VR1_Dzm"", ""VR1_Dzp"", ""VR1_Dzpe"", ""VR1_Dzse"", ""VR1_Dzv"", ""VR2_D"", ""VR2_DzZ"", ""VR2_Dzare"", ""VR2_Dzi"", ""VR2_Dzm"", ""VR2_Dzp"", ""VR2_Dzpe"", ""VR2_Dzse"", ""VR2_Dzv"", ""VR3_D"", ""VR3_DzZ"", ""VR3_Dzare"", ""VR3_Dzi"", ""VR3_Dzm"", ""VR3_Dzp"", ""VR3_Dzpe"", ""VR3_Dzse"", ""VR3_Dzv"", ""Xp-0d"", ""Xp-1d"", ""Xp-2d"", ""Xp-3d"", ""ZMIC0"", ""Zagreb1"", ""Zagreb2"", ""mZagreb2"", ""nBondsO"", ""nHeavyAtom""]"
final,120,119,ATS6Z,VR1_Dzp,VR1_Dzp,algorithmic_medoid,False,False,101,0.04801403000642579,0.9519859699935742,0.9085141327486375,0.9981430628491995,0.0,860,6858297.687176852,"[""ATS0d"", ""ATS1Z"", ""ATS1d"", ""ATS1m"", ""ATS1s"", ""ATS2Z"", ""ATS2m"", ""ATS3Z"", ""ATS3m"", ""ATS4Z"", ""ATS4m"", ""ATS5Z"", ""ATS5m"", ""ATS6Z"", ""ATS6m"", ""ATS7Z"", ""ATS7dv"", ""ATS7m"", ""ATS8Z"", ""ATS8dv"", ""ATS8m"", ""ETA_alpha"", ""ETA_beta_s"", ""ETA_eta_R"", ""ETA_eta_RL"", ""GGI10"", ""GGI6"", ""GGI7"", ""GGI8"", ""GGI9"", ""GRAV"", ""GRAVH"", ""GRAVHp"", ""GRAVp"", ""Kier1"", ""LabuteASA"", ""LogEE_A"", ""MID"", ""MOMI-Z"", ""MPC2"", ""MW"", ""MWC01"", ""MWC02"", ""MWC03"", ""SRW02"", ""SRW04"", ""SZ"", ""Sm"", ""SpAD_A"", ""SpAbs_A"", ""TIC0"", ""TIC1"", ""TMWC10"", ""VAdjMat"", ""VE1_D"", ""VE1_DzZ"", ""VE1_Dzare"", ""VE1_Dzi"", ""VE1_Dzm"", ""VE1_Dzp"", ""VE1_Dzpe"", ""VE1_Dzse"", ""VE1_Dzv"", ""VE2_D"", ""VE2_DzZ"", ""VE2_Dzare"", ""VE2_Dzi"", ""VE2_Dzm"", ""VE2_Dzp"", ""VE2_Dzpe"", ""VE2_Dzse"", ""VE2_Dzv"", ""VE3_A"", ""VE3_D"", ""VE3_DzZ"", ""VE3_Dzare"", ""VE3_Dzi"", ""VE3_Dzm"", ""VE3_Dzp"", ""VE3_Dzpe"", ""VE3_Dzse"", ""VE3_Dzv"", ""VR1_D"", ""VR1_DzZ"", ""VR1_Dzare"", ""VR1_Dzi"", ""VR1_Dzm"", ""VR1_Dzp"", ""VR1_Dzpe"", ""VR1_Dzse"", ""VR1_Dzv"", ""VR2_D"", ""VR2_DzZ"", ""VR2_Dzare"", ""VR2_Dzi"", ""VR2_Dzm"", ""VR2_Dzp"", ""VR2_Dzpe"", ""VR2_Dzse"", ""VR2_Dzv"", ""VR3_D"", ""VR3_DzZ"", ""VR3_Dzare"", ""VR3_Dzi"", ""VR3_Dzm"", ""VR3_Dzp"", ""VR3_Dzpe"", ""VR3_Dzse"", ""VR3_Dzv"", ""Xp-0d"", ""Xp-1d"", ""Xp-2d"", ""Xp-3d"", ""ZMIC0"", ""Zagreb1"", ""Zagreb2"", ""mZagreb2"", ""nBondsO"", ""nHeavyAtom""]"
final,120,119,ATS8m,VR1_Dzp,VR1_Dzp,algorithmic_medoid,False,False,102,0.051481186951587654,0.9485188130484123,0.9204168664288964,0.9979763389149082,0.0,860,115010384.2750309,"[""ATS0d"", ""ATS1Z"", ""ATS1d"", ""ATS1m"", ""ATS1s"", ""ATS2Z"", ""ATS2m"", ""ATS3Z"", ""ATS3m"", ""ATS4Z"", ""ATS4m"", ""ATS5Z"", ""ATS5m"", ""ATS6Z"", ""ATS6m"", ""ATS7Z"", ""ATS7dv"", ""ATS7m"", ""ATS8Z"", ""ATS8dv"", ""ATS8m"", ""ETA_alpha"", ""ETA_beta_s"", ""ETA_eta_R"", ""ETA_eta_RL"", ""GGI10"", ""GGI6"", ""GGI7"", ""GGI8"", ""GGI9"", ""GRAV"", ""GRAVH"", ""GRAVHp"", ""GRAVp"", ""Kier1"", ""LabuteASA"", ""LogEE_A"", ""MID"", ""MOMI-Z"", ""MPC2"", ""MW"", ""MWC01"", ""MWC02"", ""MWC03"", ""SRW02"", ""SRW04"", ""SZ"", ""Sm"", ""SpAD_A"", ""SpAbs_A"", ""TIC0"", ""TIC1"", ""TMWC10"", ""VAdjMat"", ""VE1_D"", ""VE1_DzZ"", ""VE1_Dzare"", ""VE1_Dzi"", ""VE1_Dzm"", ""VE1_Dzp"", ""VE1_Dzpe"", ""VE1_Dzse"", ""VE1_Dzv"", ""VE2_D"", ""VE2_DzZ"", ""VE2_Dzare"", ""VE2_Dzi"", ""VE2_Dzm"", ""VE2_Dzp"", ""VE2_Dzpe"", ""VE2_Dzse"", ""VE2_Dzv"", ""VE3_A"", ""VE3_D"", ""VE3_DzZ"", ""VE3_Dzare"", ""VE3_Dzi"", ""VE3_Dzm"", ""VE3_Dzp"", ""VE3_Dzpe"", ""VE3_Dzse"", ""VE3_Dzv"", ""VR1_D"", ""VR1_DzZ"", ""VR1_Dzare"", ""VR1_Dzi"", ""VR1_Dzm"", ""VR1_Dzp"", ""VR1_Dzpe"", ""VR1_Dzse"", ""VR1_Dzv"", ""VR2_D"", ""VR2_DzZ"", ""VR2_Dzare"", ""VR2_Dzi"", ""VR2_Dzm"", ""VR2_Dzp"", ""VR2_Dzpe"", ""VR2_Dzse"", ""VR2_Dzv"", ""VR3_D"", ""VR3_DzZ"", ""VR3_Dzare"", ""VR3_Dzi"", ""VR3_Dzm"", ""VR3_Dzp"", ""VR3_Dzpe"", ""VR3_Dzse"", ""VR3_Dzv"", ""Xp-0d"", ""Xp-1d"", ""Xp-2d"", ""Xp-3d"", ""ZMIC0"", ""Zagreb1"", ""Zagreb2"", ""mZagreb2"", ""nBondsO"", ""nHeavyAtom""]"
final,120,119,ATS6m,VR1_Dzp,VR1_Dzp,algorithmic_medoid,False,False,103,0.052391827993863105,0.9476081720061369,0.9046010350456414,0.9981430628491995,0.0,860,89935666.09769619,"[""ATS0d"", ""ATS1Z"", ""ATS1d"", ""ATS1m"", ""ATS1s"", ""ATS2Z"", ""ATS2m"", ""ATS3Z"", ""ATS3m"", ""ATS4Z"", ""ATS4m"", ""ATS5Z"", ""ATS5m"", ""ATS6Z"", ""ATS6m"", ""ATS7Z"", ""ATS7dv"", ""ATS7m"", ""ATS8Z"", ""ATS8dv"", ""ATS8m"", ""ETA_alpha"", ""ETA_beta_s"", ""ETA_eta_R"", ""ETA_eta_RL"", ""GGI10"", ""GGI6"", ""GGI7"", ""GGI8"", ""GGI9"", ""GRAV"", ""GRAVH"", ""GRAVHp"", ""GRAVp"", ""Kier1"", ""LabuteASA"", ""LogEE_A"", ""MID"", ""MOMI-Z"", ""MPC2"", ""MW"", ""MWC01"", ""MWC02"", ""MWC03"", ""SRW02"", ""SRW04"", ""SZ"", ""Sm"", ""SpAD_A"", ""SpAbs_A"", ""TIC0"", ""TIC1"", ""TMWC10"", ""VAdjMat"", ""VE1_D"", ""VE1_DzZ"", ""VE1_Dzare"", ""VE1_Dzi"", ""VE1_Dzm"", ""VE1_Dzp"", ""VE1_Dzpe"", ""VE1_Dzse"", ""VE1_Dzv"", ""VE2_D"", ""VE2_DzZ"", ""VE2_Dzare"", ""VE2_Dzi"", ""VE2_Dzm"", ""VE2_Dzp"", ""VE2_Dzpe"", ""VE2_Dzse"", ""VE2_Dzv"", ""VE3_A"", ""VE3_D"", ""VE3_DzZ"", ""VE3_Dzare"", ""VE3_Dzi"", ""VE3_Dzm"", ""VE3_Dzp"", ""VE3_Dzpe"", ""VE3_Dzse"", ""VE3_Dzv"", ""VR1_D"", ""VR1_DzZ"", ""VR1_Dzare"", ""VR1_Dzi"", ""VR1_Dzm"", ""VR1_Dzp"", ""VR1_Dzpe"", ""VR1_Dzse"", ""VR1_Dzv"", ""VR2_D"", ""VR2_DzZ"", ""VR2_Dzare"", ""VR2_Dzi"", ""VR2_Dzm"", ""VR2_Dzp"", ""VR2_Dzpe"", ""VR2_Dzse"", ""VR2_Dzv"", ""VR3_D"", ""VR3_DzZ"", ""VR3_Dzare"", ""VR3_Dzi"", ""VR3_Dzm"", ""VR3_Dzp"", ""VR3_Dzpe"", ""VR3_Dzse"", ""VR3_Dzv"", ""Xp-0d"", ""Xp-1d"", ""Xp-2d"", ""Xp-3d"", ""ZMIC0"", ""Zagreb1"", ""Zagreb2"", ""mZagreb2"", ""nBondsO"", ""nHeavyAtom""]"
final,120,119,ATS7m,VR1_Dzp,VR1_Dzp,algorithmic_medoid,False,False,104,0.05260518600825592,0.9473948139917441,0.9141509673079931,0.9978178783058462,0.0,860,106558753.29692702,"[""ATS0d"", ""ATS1Z"", ""ATS1d"", ""ATS1m"", ""ATS1s"", ""ATS2Z"", ""ATS2m"", ""ATS3Z"", ""ATS3m"", ""ATS4Z"", ""ATS4m"", ""ATS5Z"", ""ATS5m"", ""ATS6Z"", ""ATS6m"", ""ATS7Z"", ""ATS7dv"", ""ATS7m"", ""ATS8Z"", ""ATS8dv"", ""ATS8m"", ""ETA_alpha"", ""ETA_beta_s"", ""ETA_eta_R"", ""ETA_eta_RL"", ""GGI10"", ""GGI6"", ""GGI7"", ""GGI8"", ""GGI9"", ""GRAV"", ""GRAVH"", ""GRAVHp"", ""GRAVp"", ""Kier1"", ""LabuteASA"", ""LogEE_A"", ""MID"", ""MOMI-Z"", ""MPC2"", ""MW"", ""MWC01"", ""MWC02"", ""MWC03"", ""SRW02"", ""SRW04"", ""SZ"", ""Sm"", ""SpAD_A"", ""SpAbs_A"", ""TIC0"", ""TIC1"", ""TMWC10"", ""VAdjMat"", ""VE1_D"", ""VE1_DzZ"", ""VE1_Dzare"", ""VE1_Dzi"", ""VE1_Dzm"", ""VE1_Dzp"", ""VE1_Dzpe"", ""VE1_Dzse"", ""VE1_Dzv"", ""VE2_D"", ""VE2_DzZ"", ""VE2_Dzare"", ""VE2_Dzi"", ""VE2_Dzm"", ""VE2_Dzp"", ""VE2_Dzpe"", ""VE2_Dzse"", ""VE2_Dzv"", ""VE3_A"", ""VE3_D"", ""VE3_DzZ"", ""VE3_Dzare"", ""VE3_Dzi"", ""VE3_Dzm"", ""VE3_Dzp"", ""VE3_Dzpe"", ""VE3_Dzse"", ""VE3_Dzv"", ""VR1_D"", ""VR1_DzZ"", ""VR1_Dzare"", ""VR1_Dzi"", ""VR1_Dzm"", ""VR1_Dzp"", ""VR1_Dzpe"", ""VR1_Dzse"", ""VR1_Dzv"", ""VR2_D"", ""VR2_DzZ"", ""VR2_Dzare"", ""VR2_Dzi"", ""VR2_Dzm"", ""VR2_Dzp"", ""VR2_Dzpe"", ""VR2_Dzse"", ""VR2_Dzv"", ""VR3_D"", ""VR3_DzZ"", ""VR3_Dzare"", ""VR3_Dzi"", ""VR3_Dzm"", ""VR3_Dzp"", ""VR3_Dzpe"", ""VR3_Dzse"", ""VR3_Dzv"", ""Xp-0d"", ""Xp-1d"", ""Xp-2d"", ""Xp-3d"", ""ZMIC0"", ""Zagreb1"", ""Zagreb2"", ""mZagreb2"", ""nBondsO"", ""nHeavyAtom""]"
final,120,119,ATS1s,VR1_Dzp,VR1_Dzp,algorithmic_medoid,False,False,105,0.05278072841490322,0.9472192715850968,0.8931728742169635,0.9776283264294168,0.0069767441860465115,854,12823.537836193454,"[""ATS0d"", ""ATS1Z"", ""ATS1d"", ""ATS1m"", ""ATS1s"", ""ATS2Z"", ""ATS2m"", ""ATS3Z"", ""ATS3m"", ""ATS4Z"", ""ATS4m"", ""ATS5Z"", ""ATS5m"", ""ATS6Z"", ""ATS6m"", ""ATS7Z"", ""ATS7dv"", ""ATS7m"", ""ATS8Z"", ""ATS8dv"", ""ATS8m"", ""ETA_alpha"", ""ETA_beta_s"", ""ETA_eta_R"", ""ETA_eta_RL"", ""GGI10"", ""GGI6"", ""GGI7"", ""GGI8"", ""GGI9"", ""GRAV"", ""GRAVH"", ""GRAVHp"", ""GRAVp"", ""Kier1"", ""LabuteASA"", ""LogEE_A"", ""MID"", ""MOMI-Z"", ""MPC2"", ""MW"", ""MWC01"", ""MWC02"", ""MWC03"", ""SRW02"", ""SRW04"", ""SZ"", ""Sm"", ""SpAD_A"", ""SpAbs_A"", ""TIC0"", ""TIC1"", ""TMWC10"", ""VAdjMat"", ""VE1_D"", ""VE1_DzZ"", ""VE1_Dzare"", ""VE1_Dzi"", ""VE1_Dzm"", ""VE1_Dzp"", ""VE1_Dzpe"", ""VE1_Dzse"", ""VE1_Dzv"", ""VE2_D"", ""VE2_DzZ"", ""VE2_Dzare"", ""VE2_Dzi"", ""VE2_Dzm"", ""VE2_Dzp"", ""VE2_Dzpe"", ""VE2_Dzse"", ""VE2_Dzv"", ""VE3_A"", ""VE3_D"", ""VE3_DzZ"", ""VE3_Dzare"", ""VE3_Dzi"", ""VE3_Dzm"", ""VE3_Dzp"", ""VE3_Dzpe"", ""VE3_Dzse"", ""VE3_Dzv"", ""VR1_D"", ""VR1_DzZ"", ""VR1_Dzare"", ""VR1_Dzi"", ""VR1_Dzm"", ""VR1_Dzp"", ""VR1_Dzpe"", ""VR1_Dzse"", ""VR1_Dzv"", ""VR2_D"", ""VR2_DzZ"", ""VR2_Dzare"", ""VR2_Dzi"", ""VR2_Dzm"", ""VR2_Dzp"", ""VR2_Dzpe"", ""VR2_Dzse"", ""VR2_Dzv"", ""VR3_D"", ""VR3_DzZ"", ""VR3_Dzare"", ""VR3_Dzi"", ""VR3_Dzm"", ""VR3_Dzp"", ""VR3_Dzpe"", ""VR3_Dzse"", ""VR3_Dzv"", ""Xp-0d"", ""Xp-1d"", ""Xp-2d"", ""Xp-3d"", ""ZMIC0"", ""Zagreb1"", ""Zagreb2"", ""mZagreb2"", ""nBondsO"", ""nHeavyAtom""]"
final,120,119,ATS3Z,VR1_Dzp,VR1_Dzp,algorithmic_medoid,False,False,106,0.05291422988717587,0.9470857701128241,0.8882045178754483,0.9974105236535008,0.0,860,3366271.1530489456,"[""ATS0d"", ""ATS1Z"", ""ATS1d"", ""ATS1m"", ""ATS1s"", ""ATS2Z"", ""ATS2m"", ""ATS3Z"", ""ATS3m"", ""ATS4Z"", ""ATS4m"", ""ATS5Z"", ""ATS5m"", ""ATS6Z"", ""ATS6m"", ""ATS7Z"", ""ATS7dv"", ""ATS7m"", ""ATS8Z"", ""ATS8dv"", ""ATS8m"", ""ETA_alpha"", ""ETA_beta_s"", ""ETA_eta_R"", ""ETA_eta_RL"", ""GGI10"", ""GGI6"", ""GGI7"", ""GGI8"", ""GGI9"", ""GRAV"", ""GRAVH"", ""GRAVHp"", ""GRAVp"", ""Kier1"", ""LabuteASA"", ""LogEE_A"", ""MID"", ""MOMI-Z"", ""MPC2"", ""MW"", ""MWC01"", ""MWC02"", ""MWC03"", ""SRW02"", ""SRW04"", ""SZ"", ""Sm"", ""SpAD_A"", ""SpAbs_A"", ""TIC0"", ""TIC1"", ""TMWC10"", ""VAdjMat"", ""VE1_D"", ""VE1_DzZ"", ""VE1_Dzare"", ""VE1_Dzi"", ""VE1_Dzm"", ""VE1_Dzp"", ""VE1_Dzpe"", ""VE1_Dzse"", ""VE1_Dzv"", ""VE2_D"", ""VE2_DzZ"", ""VE2_Dzare"", ""VE2_Dzi"", ""VE2_Dzm"", ""VE2_Dzp"", ""VE2_Dzpe"", ""VE2_Dzse"", ""VE2_Dzv"", ""VE3_A"", ""VE3_D"", ""VE3_DzZ"", ""VE3_Dzare"", ""VE3_Dzi"", ""VE3_Dzm"", ""VE3_Dzp"", ""VE3_Dzpe"", ""VE3_Dzse"", ""VE3_Dzv"", ""VR1_D"", ""VR1_DzZ"", ""VR1_Dzare"", ""VR1_Dzi"", ""VR1_Dzm"", ""VR1_Dzp"", ""VR1_Dzpe"", ""VR1_Dzse"", ""VR1_Dzv"", ""VR2_D"", ""VR2_DzZ"", ""VR2_Dzare"", ""VR2_Dzi"", ""VR2_Dzm"", ""VR2_Dzp"", ""VR2_Dzpe"", ""VR2_Dzse"", ""VR2_Dzv"", ""VR3_D"", ""VR3_DzZ"", ""VR3_Dzare"", ""VR3_Dzi"", ""VR3_Dzm"", ""VR3_Dzp"", ""VR3_Dzpe"", ""VR3_Dzse"", ""VR3_Dzv"", ""Xp-0d"", ""Xp-1d"", ""Xp-2d"", ""Xp-3d"", ""ZMIC0"", ""Zagreb1"", ""Zagreb2"", ""mZagreb2"", ""nBondsO"", ""nHeavyAtom""]"
final,120,119,ATS5Z,VR1_Dzp,VR1_Dzp,algorithmic_medoid,False,False,107,0.05461506614261702,0.945384933857383,0.8963502631841788,0.9972335097406256,0.0,860,5820990.105548945,"[""ATS0d"", ""ATS1Z"", ""ATS1d"", ""ATS1m"", ""ATS1s"", ""ATS2Z"", ""ATS2m"", ""ATS3Z"", ""ATS3m"", ""ATS4Z"", ""ATS4m"", ""ATS5Z"", ""ATS5m"", ""ATS6Z"", ""ATS6m"", ""ATS7Z"", ""ATS7dv"", ""ATS7m"", ""ATS8Z"", ""ATS8dv"", ""ATS8m"", ""ETA_alpha"", ""ETA_beta_s"", ""ETA_eta_R"", ""ETA_eta_RL"", ""GGI10"", ""GGI6"", ""GGI7"", ""GGI8"", ""GGI9"", ""GRAV"", ""GRAVH"", ""GRAVHp"", ""GRAVp"", ""Kier1"", ""LabuteASA"", ""LogEE_A"", ""MID"", ""MOMI-Z"", ""MPC2"", ""MW"", ""MWC01"", ""MWC02"", ""MWC03"", ""SRW02"", ""SRW04"", ""SZ"", ""Sm"", ""SpAD_A"", ""SpAbs_A"", ""TIC0"", ""TIC1"", ""TMWC10"", ""VAdjMat"", ""VE1_D"", ""VE1_DzZ"", ""VE1_Dzare"", ""VE1_Dzi"", ""VE1_Dzm"", ""VE1_Dzp"", ""VE1_Dzpe"", ""VE1_Dzse"", ""VE1_Dzv"", ""VE2_D"", ""VE2_DzZ"", ""VE2_Dzare"", ""VE2_Dzi"", ""VE2_Dzm"", ""VE2_Dzp"", ""VE2_Dzpe"", ""VE2_Dzse"", ""VE2_Dzv"", ""VE3_A"", ""VE3_D"", ""VE3_DzZ"", ""VE3_Dzare"", ""VE3_Dzi"", ""VE3_Dzm"", ""VE3_Dzp"", ""VE3_Dzpe"", ""VE3_Dzse"", ""VE3_Dzv"", ""VR1_D"", ""VR1_DzZ"", ""VR1_Dzare"", ""VR1_Dzi"", ""VR1_Dzm"", ""VR1_Dzp"", ""VR1_Dzpe"", ""VR1_Dzse"", ""VR1_Dzv"", ""VR2_D"", ""VR2_DzZ"", ""VR2_Dzare"", ""VR2_Dzi"", ""VR2_Dzm"", ""VR2_Dzp"", ""VR2_Dzpe"", ""VR2_Dzse"", ""VR2_Dzv"", ""VR3_D"", ""VR3_DzZ"", ""VR3_Dzare"", ""VR3_Dzi"", ""VR3_Dzm"", ""VR3_Dzp"", ""VR3_Dzpe"", ""VR3_Dzse"", ""VR3_Dzv"", ""Xp-0d"", ""Xp-1d"", ""Xp-2d"", ""Xp-3d"", ""ZMIC0"", ""Zagreb1"", ""Zagreb2"", ""mZagreb2"", ""nBondsO"", ""nHeavyAtom""]"
final,120,119,GGI9,VR1_Dzp,VR1_Dzp,algorithmic_medoid,False,False,108,0.058358052194177,0.941641947805823,0.897325680639986,0.9654659642235147,0.0,860,0.24824840943445922,"[""ATS0d"", ""ATS1Z"", ""ATS1d"", ""ATS1m"", ""ATS1s"", ""ATS2Z"", ""ATS2m"", ""ATS3Z"", ""ATS3m"", ""ATS4Z"", ""ATS4m"", ""ATS5Z"", ""ATS5m"", ""ATS6Z"", ""ATS6m"", ""ATS7Z"", ""ATS7dv"", ""ATS7m"", ""ATS8Z"", ""ATS8dv"", ""ATS8m"", ""ETA_alpha"", ""ETA_beta_s"", ""ETA_eta_R"", ""ETA_eta_RL"", ""GGI10"", ""GGI6"", ""GGI7"", ""GGI8"", ""GGI9"", ""GRAV"", ""GRAVH"", ""GRAVHp"", ""GRAVp"", ""Kier1"", ""LabuteASA"", ""LogEE_A"", ""MID"", ""MOMI-Z"", ""MPC2"", ""MW"", ""MWC01"", ""MWC02"", ""MWC03"", ""SRW02"", ""SRW04"", ""SZ"", ""Sm"", ""SpAD_A"", ""SpAbs_A"", ""TIC0"", ""TIC1"", ""TMWC10"", ""VAdjMat"", ""VE1_D"", ""VE1_DzZ"", ""VE1_Dzare"", ""VE1_Dzi"", ""VE1_Dzm"", ""VE1_Dzp"", ""VE1_Dzpe"", ""VE1_Dzse"", ""VE1_Dzv"", ""VE2_D"", ""VE2_DzZ"", ""VE2_Dzare"", ""VE2_Dzi"", ""VE2_Dzm"", ""VE2_Dzp"", ""VE2_Dzpe"", ""VE2_Dzse"", ""VE2_Dzv"", ""VE3_A"", ""VE3_D"", ""VE3_DzZ"", ""VE3_Dzare"", ""VE3_Dzi"", ""VE3_Dzm"", ""VE3_Dzp"", ""VE3_Dzpe"", ""VE3_Dzse"", ""VE3_Dzv"", ""VR1_D"", ""VR1_DzZ"", ""VR1_Dzare"", ""VR1_Dzi"", ""VR1_Dzm"", ""VR1_Dzp"", ""VR1_Dzpe"", ""VR1_Dzse"", ""VR1_Dzv"", ""VR2_D"", ""VR2_DzZ"", ""VR2_Dzare"", ""VR2_Dzi"", ""VR2_Dzm"", ""VR2_Dzp"", ""VR2_Dzpe"", ""VR2_Dzse"", ""VR2_Dzv"", ""VR3_D"", ""VR3_DzZ"", ""VR3_Dzare"", ""VR3_Dzi"", ""VR3_Dzm"", ""VR3_Dzp"", ""VR3_Dzpe"", ""VR3_Dzse"", ""VR3_Dzv"", ""Xp-0d"", ""Xp-1d"", ""Xp-2d"", ""Xp-3d"", ""ZMIC0"", ""Zagreb1"", ""Zagreb2"", ""mZagreb2"", ""nBondsO"", ""nHeavyAtom""]"
final,120,119,ATS4Z,VR1_Dzp,VR1_Dzp,algorithmic_medoid,False,False,109,0.05884032328136268,0.9411596767186373,0.8836626015275265,0.9971385456503634,0.0,860,5773275.613174689,"[""ATS0d"", ""ATS1Z"", ""ATS1d"", ""ATS1m"", ""ATS1s"", ""ATS2Z"", ""ATS2m"", ""ATS3Z"", ""ATS3m"", ""ATS4Z"", ""ATS4m"", ""ATS5Z"", ""ATS5m"", ""ATS6Z"", ""ATS6m"", ""ATS7Z"", ""ATS7dv"", ""ATS7m"", ""ATS8Z"", ""ATS8dv"", ""ATS8m"", ""ETA_alpha"", ""ETA_beta_s"", ""ETA_eta_R"", ""ETA_eta_RL"", ""GGI10"", ""GGI6"", ""GGI7"", ""GGI8"", ""GGI9"", ""GRAV"", ""GRAVH"", ""GRAVHp"", ""GRAVp"", ""Kier1"", ""LabuteASA"", ""LogEE_A"", ""MID"", ""MOMI-Z"", ""MPC2"", ""MW"", ""MWC01"", ""MWC02"", ""MWC03"", ""SRW02"", ""SRW04"", ""SZ"", ""Sm"", ""SpAD_A"", ""SpAbs_A"", ""TIC0"", ""TIC1"", ""TMWC10"", ""VAdjMat"", ""VE1_D"", ""VE1_DzZ"", ""VE1_Dzare"", ""VE1_Dzi"", ""VE1_Dzm"", ""VE1_Dzp"", ""VE1_Dzpe"", ""VE1_Dzse"", ""VE1_Dzv"", ""VE2_D"", ""VE2_DzZ"", ""VE2_Dzare"", ""VE2_Dzi"", ""VE2_Dzm"", ""VE2_Dzp"", ""VE2_Dzpe"", ""VE2_Dzse"", ""VE2_Dzv"", ""VE3_A"", ""VE3_D"", ""VE3_DzZ"", ""VE3_Dzare"", ""VE3_Dzi"", ""VE3_Dzm"", ""VE3_Dzp"", ""VE3_Dzpe"", ""VE3_Dzse"", ""VE3_Dzv"", ""VR1_D"", ""VR1_DzZ"", ""VR1_Dzare"", ""VR1_Dzi"", ""VR1_Dzm"", ""VR1_Dzp"", ""VR1_Dzpe"", ""VR1_Dzse"", ""VR1_Dzv"", ""VR2_D"", ""VR2_DzZ"", ""VR2_Dzare"", ""VR2_Dzi"", ""VR2_Dzm"", ""VR2_Dzp"", ""VR2_Dzpe"", ""VR2_Dzse"", ""VR2_Dzv"", ""VR3_D"", ""VR3_DzZ"", ""VR3_Dzare"", ""VR3_Dzi"", ""VR3_Dzm"", ""VR3_Dzp"", ""VR3_Dzpe"", ""VR3_Dzse"", ""VR3_Dzv"", ""Xp-0d"", ""Xp-1d"", ""Xp-2d"", ""Xp-3d"", ""ZMIC0"", ""Zagreb1"", ""Zagreb2"", ""mZagreb2"", ""nBondsO"", ""nHeavyAtom""]"
final,120,119,ATS3m,VR1_Dzp,VR1_Dzp,algorithmic_medoid,False,False,110,0.06033778038411852,0.9396622196158815,0.8813600092426197,0.9974105236535008,0.0,860,45888677.323044755,"[""ATS0d"", ""ATS1Z"", ""ATS1d"", ""ATS1m"", ""ATS1s"", ""ATS2Z"", ""ATS2m"", ""ATS3Z"", ""ATS3m"", ""ATS4Z"", ""ATS4m"", ""ATS5Z"", ""ATS5m"", ""ATS6Z"", ""ATS6m"", ""ATS7Z"", ""ATS7dv"", ""ATS7m"", ""ATS8Z"", ""ATS8dv"", ""ATS8m"", ""ETA_alpha"", ""ETA_beta_s"", ""ETA_eta_R"", ""ETA_eta_RL"", ""GGI10"", ""GGI6"", ""GGI7"", ""GGI8"", ""GGI9"", ""GRAV"", ""GRAVH"", ""GRAVHp"", ""GRAVp"", ""Kier1"", ""LabuteASA"", ""LogEE_A"", ""MID"", ""MOMI-Z"", ""MPC2"", ""MW"", ""MWC01"", ""MWC02"", ""MWC03"", ""SRW02"", ""SRW04"", ""SZ"", ""Sm"", ""SpAD_A"", ""SpAbs_A"", ""TIC0"", ""TIC1"", ""TMWC10"", ""VAdjMat"", ""VE1_D"", ""VE1_DzZ"", ""VE1_Dzare"", ""VE1_Dzi"", ""VE1_Dzm"", ""VE1_Dzp"", ""VE1_Dzpe"", ""VE1_Dzse"", ""VE1_Dzv"", ""VE2_D"", ""VE2_DzZ"", ""VE2_Dzare"", ""VE2_Dzi"", ""VE2_Dzm"", ""VE2_Dzp"", ""VE2_Dzpe"", ""VE2_Dzse"", ""VE2_Dzv"", ""VE3_A"", ""VE3_D"", ""VE3_DzZ"", ""VE3_Dzare"", ""VE3_Dzi"", ""VE3_Dzm"", ""VE3_Dzp"", ""VE3_Dzpe"", ""VE3_Dzse"", ""VE3_Dzv"", ""VR1_D"", ""VR1_DzZ"", ""VR1_Dzare"", ""VR1_Dzi"", ""VR1_Dzm"", ""VR1_Dzp"", ""VR1_Dzpe"", ""VR1_Dzse"", ""VR1_Dzv"", ""VR2_D"", ""VR2_DzZ"", ""VR2_Dzare"", ""VR2_Dzi"", ""VR2_Dzm"", ""VR2_Dzp"", ""VR2_Dzpe"", ""VR2_Dzse"", ""VR2_Dzv"", ""VR3_D"", ""VR3_DzZ"", ""VR3_Dzare"", ""VR3_Dzi"", ""VR3_Dzm"", ""VR3_Dzp"", ""VR3_Dzpe"", ""VR3_Dzse"", ""VR3_Dzv"", ""Xp-0d"", ""Xp-1d"", ""Xp-2d"", ""Xp-3d"", ""ZMIC0"", ""Zagreb1"", ""Zagreb2"", ""mZagreb2"", ""nBondsO"", ""nHeavyAtom""]"
final,120,119,ATS5m,VR1_Dzp,VR1_Dzp,algorithmic_medoid,False,False,111,0.06269578431350764,0.9373042156864924,0.8919392593622775,0.9972335097406256,0.0,860,77163226.54446961,"[""ATS0d"", ""ATS1Z"", ""ATS1d"", ""ATS1m"", ""ATS1s"", ""ATS2Z"", ""ATS2m"", ""ATS3Z"", ""ATS3m"", ""ATS4Z"", ""ATS4m"", ""ATS5Z"", ""ATS5m"", ""ATS6Z"", ""ATS6m"", ""ATS7Z"", ""ATS7dv"", ""ATS7m"", ""ATS8Z"", ""ATS8dv"", ""ATS8m"", ""ETA_alpha"", ""ETA_beta_s"", ""ETA_eta_R"", ""ETA_eta_RL"", ""GGI10"", ""GGI6"", ""GGI7"", ""GGI8"", ""GGI9"", ""GRAV"", ""GRAVH"", ""GRAVHp"", ""GRAVp"", ""Kier1"", ""LabuteASA"", ""LogEE_A"", ""MID"", ""MOMI-Z"", ""MPC2"", ""MW"", ""MWC01"", ""MWC02"", ""MWC03"", ""SRW02"", ""SRW04"", ""SZ"", ""Sm"", ""SpAD_A"", ""SpAbs_A"", ""TIC0"", ""TIC1"", ""TMWC10"", ""VAdjMat"", ""VE1_D"", ""VE1_DzZ"", ""VE1_Dzare"", ""VE1_Dzi"", ""VE1_Dzm"", ""VE1_Dzp"", ""VE1_Dzpe"", ""VE1_Dzse"", ""VE1_Dzv"", ""VE2_D"", ""VE2_DzZ"", ""VE2_Dzare"", ""VE2_Dzi"", ""VE2_Dzm"", ""VE2_Dzp"", ""VE2_Dzpe"", ""VE2_Dzse"", ""VE2_Dzv"", ""VE3_A"", ""VE3_D"", ""VE3_DzZ"", ""VE3_Dzare"", ""VE3_Dzi"", ""VE3_Dzm"", ""VE3_Dzp"", ""VE3_Dzpe"", ""VE3_Dzse"", ""VE3_Dzv"", ""VR1_D"", ""VR1_DzZ"", ""VR1_Dzare"", ""VR1_Dzi"", ""VR1_Dzm"", ""VR1_Dzp"", ""VR1_Dzpe"", ""VR1_Dzse"", ""VR1_Dzv"", ""VR2_D"", ""VR2_DzZ"", ""VR2_Dzare"", ""VR2_Dzi"", ""VR2_Dzm"", ""VR2_Dzp"", ""VR2_Dzpe"", ""VR2_Dzse"", ""VR2_Dzv"", ""VR3_D"", ""VR3_DzZ"", ""VR3_Dzare"", ""VR3_Dzi"", ""VR3_Dzm"", ""VR3_Dzp"", ""VR3_Dzpe"", ""VR3_Dzse"", ""VR3_Dzv"", ""Xp-0d"", ""Xp-1d"", ""Xp-2d"", ""Xp-3d"", ""ZMIC0"", ""Zagreb1"", ""Zagreb2"", ""mZagreb2"", ""nBondsO"", ""nHeavyAtom""]"
final,120,119,GGI10,VR1_Dzp,VR1_Dzp,algorithmic_medoid,False,False,112,0.0660953750562735,0.9339046249437265,0.8827575350435853,0.9567517011794432,0.0,860,0.1787447140655594,"[""ATS0d"", ""ATS1Z"", ""ATS1d"", ""ATS1m"", ""ATS1s"", ""ATS2Z"", ""ATS2m"", ""ATS3Z"", ""ATS3m"", ""ATS4Z"", ""ATS4m"", ""ATS5Z"", ""ATS5m"", ""ATS6Z"", ""ATS6m"", ""ATS7Z"", ""ATS7dv"", ""ATS7m"", ""ATS8Z"", ""ATS8dv"", ""ATS8m"", ""ETA_alpha"", ""ETA_beta_s"", ""ETA_eta_R"", ""ETA_eta_RL"", ""GGI10"", ""GGI6"", ""GGI7"", ""GGI8"", ""GGI9"", ""GRAV"", ""GRAVH"", ""GRAVHp"", ""GRAVp"", ""Kier1"", ""LabuteASA"", ""LogEE_A"", ""MID"", ""MOMI-Z"", ""MPC2"", ""MW"", ""MWC01"", ""MWC02"", ""MWC03"", ""SRW02"", ""SRW04"", ""SZ"", ""Sm"", ""SpAD_A"", ""SpAbs_A"", ""TIC0"", ""TIC1"", ""TMWC10"", ""VAdjMat"", ""VE1_D"", ""VE1_DzZ"", ""VE1_Dzare"", ""VE1_Dzi"", ""VE1_Dzm"", ""VE1_Dzp"", ""VE1_Dzpe"", ""VE1_Dzse"", ""VE1_Dzv"", ""VE2_D"", ""VE2_DzZ"", ""VE2_Dzare"", ""VE2_Dzi"", ""VE2_Dzm"", ""VE2_Dzp"", ""VE2_Dzpe"", ""VE2_Dzse"", ""VE2_Dzv"", ""VE3_A"", ""VE3_D"", ""VE3_DzZ"", ""VE3_Dzare"", ""VE3_Dzi"", ""VE3_Dzm"", ""VE3_Dzp"", ""VE3_Dzpe"", ""VE3_Dzse"", ""VE3_Dzv"", ""VR1_D"", ""VR1_DzZ"", ""VR1_Dzare"", ""VR1_Dzi"", ""VR1_Dzm"", ""VR1_Dzp"", ""VR1_Dzpe"", ""VR1_Dzse"", ""VR1_Dzv"", ""VR2_D"", ""VR2_DzZ"", ""VR2_Dzare"", ""VR2_Dzi"", ""VR2_Dzm"", ""VR2_Dzp"", ""VR2_Dzpe"", ""VR2_Dzse"", ""VR2_Dzv"", ""VR3_D"", ""VR3_DzZ"", ""VR3_Dzare"", ""VR3_Dzi"", ""VR3_Dzm"", ""VR3_Dzp"", ""VR3_Dzpe"", ""VR3_Dzse"", ""VR3_Dzv"", ""Xp-0d"", ""Xp-1d"", ""Xp-2d"", ""Xp-3d"", ""ZMIC0"", ""Zagreb1"", ""Zagreb2"", ""mZagreb2"", ""nBondsO"", ""nHeavyAtom""]"
final,120,119,ATS4m,VR1_Dzp,VR1_Dzp,algorithmic_medoid,False,False,113,0.06636445460425511,0.9336355453957449,0.8779634316334548,0.9971385456503634,0.0,860,98827929.56715158,"[""ATS0d"", ""ATS1Z"", ""ATS1d"", ""ATS1m"", ""ATS1s"", ""ATS2Z"", ""ATS2m"", ""ATS3Z"", ""ATS3m"", ""ATS4Z"", ""ATS4m"", ""ATS5Z"", ""ATS5m"", ""ATS6Z"", ""ATS6m"", ""ATS7Z"", ""ATS7dv"", ""ATS7m"", ""ATS8Z"", ""ATS8dv"", ""ATS8m"", ""ETA_alpha"", ""ETA_beta_s"", ""ETA_eta_R"", ""ETA_eta_RL"", ""GGI10"", ""GGI6"", ""GGI7"", ""GGI8"", ""GGI9"", ""GRAV"", ""GRAVH"", ""GRAVHp"", ""GRAVp"", ""Kier1"", ""LabuteASA"", ""LogEE_A"", ""MID"", ""MOMI-Z"", ""MPC2"", ""MW"", ""MWC01"", ""MWC02"", ""MWC03"", ""SRW02"", ""SRW04"", ""SZ"", ""Sm"", ""SpAD_A"", ""SpAbs_A"", ""TIC0"", ""TIC1"", ""TMWC10"", ""VAdjMat"", ""VE1_D"", ""VE1_DzZ"", ""VE1_Dzare"", ""VE1_Dzi"", ""VE1_Dzm"", ""VE1_Dzp"", ""VE1_Dzpe"", ""VE1_Dzse"", ""VE1_Dzv"", ""VE2_D"", ""VE2_DzZ"", ""VE2_Dzare"", ""VE2_Dzi"", ""VE2_Dzm"", ""VE2_Dzp"", ""VE2_Dzpe"", ""VE2_Dzse"", ""VE2_Dzv"", ""VE3_A"", ""VE3_D"", ""VE3_DzZ"", ""VE3_Dzare"", ""VE3_Dzi"", ""VE3_Dzm"", ""VE3_Dzp"", ""VE3_Dzpe"", ""VE3_Dzse"", ""VE3_Dzv"", ""VR1_D"", ""VR1_DzZ"", ""VR1_Dzare"", ""VR1_Dzi"", ""VR1_Dzm"", ""VR1_Dzp"", ""VR1_Dzpe"", ""VR1_Dzse"", ""VR1_Dzv"", ""VR2_D"", ""VR2_DzZ"", ""VR2_Dzare"", ""VR2_Dzi"", ""VR2_Dzm"", ""VR2_Dzp"", ""VR2_Dzpe"", ""VR2_Dzse"", ""VR2_Dzv"", ""VR3_D"", ""VR3_DzZ"", ""VR3_Dzare"", ""VR3_Dzi"", ""VR3_Dzm"", ""VR3_Dzp"", ""VR3_Dzpe"", ""VR3_Dzse"", ""VR3_Dzv"", ""Xp-0d"", ""Xp-1d"", ""Xp-2d"", ""Xp-3d"", ""ZMIC0"", ""Zagreb1"", ""Zagreb2"", ""mZagreb2"", ""nBondsO"", ""nHeavyAtom""]"
final,120,119,GGI8,VR1_Dzp,VR1_Dzp,algorithmic_medoid,False,False,114,0.06808725932892412,0.9319127406710759,0.8846666819022319,0.9654659642235147,0.0,860,0.3767921253827215,"[""ATS0d"", ""ATS1Z"", ""ATS1d"", ""ATS1m"", ""ATS1s"", ""ATS2Z"", ""ATS2m"", ""ATS3Z"", ""ATS3m"", ""ATS4Z"", ""ATS4m"", ""ATS5Z"", ""ATS5m"", ""ATS6Z"", ""ATS6m"", ""ATS7Z"", ""ATS7dv"", ""ATS7m"", ""ATS8Z"", ""ATS8dv"", ""ATS8m"", ""ETA_alpha"", ""ETA_beta_s"", ""ETA_eta_R"", ""ETA_eta_RL"", ""GGI10"", ""GGI6"", ""GGI7"", ""GGI8"", ""GGI9"", ""GRAV"", ""GRAVH"", ""GRAVHp"", ""GRAVp"", ""Kier1"", ""LabuteASA"", ""LogEE_A"", ""MID"", ""MOMI-Z"", ""MPC2"", ""MW"", ""MWC01"", ""MWC02"", ""MWC03"", ""SRW02"", ""SRW04"", ""SZ"", ""Sm"", ""SpAD_A"", ""SpAbs_A"", ""TIC0"", ""TIC1"", ""TMWC10"", ""VAdjMat"", ""VE1_D"", ""VE1_DzZ"", ""VE1_Dzare"", ""VE1_Dzi"", ""VE1_Dzm"", ""VE1_Dzp"", ""VE1_Dzpe"", ""VE1_Dzse"", ""VE1_Dzv"", ""VE2_D"", ""VE2_DzZ"", ""VE2_Dzare"", ""VE2_Dzi"", ""VE2_Dzm"", ""VE2_Dzp"", ""VE2_Dzpe"", ""VE2_Dzse"", ""VE2_Dzv"", ""VE3_A"", ""VE3_D"", ""VE3_DzZ"", ""VE3_Dzare"", ""VE3_Dzi"", ""VE3_Dzm"", ""VE3_Dzp"", ""VE3_Dzpe"", ""VE3_Dzse"", ""VE3_Dzv"", ""VR1_D"", ""VR1_DzZ"", ""VR1_Dzare"", ""VR1_Dzi"", ""VR1_Dzm"", ""VR1_Dzp"", ""VR1_Dzpe"", ""VR1_Dzse"", ""VR1_Dzv"", ""VR2_D"", ""VR2_DzZ"", ""VR2_Dzare"", ""VR2_Dzi"", ""VR2_Dzm"", ""VR2_Dzp"", ""VR2_Dzpe"", ""VR2_Dzse"", ""VR2_Dzv"", ""VR3_D"", ""VR3_DzZ"", ""VR3_Dzare"", ""VR3_Dzi"", ""VR3_Dzm"", ""VR3_Dzp"", ""VR3_Dzpe"", ""VR3_Dzse"", ""VR3_Dzv"", ""Xp-0d"", ""Xp-1d"", ""Xp-2d"", ""Xp-3d"", ""ZMIC0"", ""Zagreb1"", ""Zagreb2"", ""mZagreb2"", ""nBondsO"", ""nHeavyAtom""]"
final,120,119,ATS8dv,VR1_Dzp,VR1_Dzp,algorithmic_medoid,False,False,115,0.06845217985221752,0.9315478201477825,0.8838832863912599,0.985902080877755,0.0,860,508701.9246505388,"[""ATS0d"", ""ATS1Z"", ""ATS1d"", ""ATS1m"", ""ATS1s"", ""ATS2Z"", ""ATS2m"", ""ATS3Z"", ""ATS3m"", ""ATS4Z"", ""ATS4m"", ""ATS5Z"", ""ATS5m"", ""ATS6Z"", ""ATS6m"", ""ATS7Z"", ""ATS7dv"", ""ATS7m"", ""ATS8Z"", ""ATS8dv"", ""ATS8m"", ""ETA_alpha"", ""ETA_beta_s"", ""ETA_eta_R"", ""ETA_eta_RL"", ""GGI10"", ""GGI6"", ""GGI7"", ""GGI8"", ""GGI9"", ""GRAV"", ""GRAVH"", ""GRAVHp"", ""GRAVp"", ""Kier1"", ""LabuteASA"", ""LogEE_A"", ""MID"", ""MOMI-Z"", ""MPC2"", ""MW"", ""MWC01"", ""MWC02"", ""MWC03"", ""SRW02"", ""SRW04"", ""SZ"", ""Sm"", ""SpAD_A"", ""SpAbs_A"", ""TIC0"", ""TIC1"", ""TMWC10"", ""VAdjMat"", ""VE1_D"", ""VE1_DzZ"", ""VE1_Dzare"", ""VE1_Dzi"", ""VE1_Dzm"", ""VE1_Dzp"", ""VE1_Dzpe"", ""VE1_Dzse"", ""VE1_Dzv"", ""VE2_D"", ""VE2_DzZ"", ""VE2_Dzare"", ""VE2_Dzi"", ""VE2_Dzm"", ""VE2_Dzp"", ""VE2_Dzpe"", ""VE2_Dzse"", ""VE2_Dzv"", ""VE3_A"", ""VE3_D"", ""VE3_DzZ"", ""VE3_Dzare"", ""VE3_Dzi"", ""VE3_Dzm"", ""VE3_Dzp"", ""VE3_Dzpe"", ""VE3_Dzse"", ""VE3_Dzv"", ""VR1_D"", ""VR1_DzZ"", ""VR1_Dzare"", ""VR1_Dzi"", ""VR1_Dzm"", ""VR1_Dzp"", ""VR1_Dzpe"", ""VR1_Dzse"", ""VR1_Dzv"", ""VR2_D"", ""VR2_DzZ"", ""VR2_Dzare"", ""VR2_Dzi"", ""VR2_Dzm"", ""VR2_Dzp"", ""VR2_Dzpe"", ""VR2_Dzse"", ""VR2_Dzv"", ""VR3_D"", ""VR3_DzZ"", ""VR3_Dzare"", ""VR3_Dzi"", ""VR3_Dzm"", ""VR3_Dzp"", ""VR3_Dzpe"", ""VR3_Dzse"", ""VR3_Dzv"", ""Xp-0d"", ""Xp-1d"", ""Xp-2d"", ""Xp-3d"", ""ZMIC0"", ""Zagreb1"", ""Zagreb2"", ""mZagreb2"", ""nBondsO"", ""nHeavyAtom""]"
final,120,119,ATS7dv,VR1_Dzp,VR1_Dzp,algorithmic_medoid,False,False,116,0.07463366557752127,0.9253663344224787,0.8753537066844207,0.985902080877755,0.0,860,462204.2887178479,"[""ATS0d"", ""ATS1Z"", ""ATS1d"", ""ATS1m"", ""ATS1s"", ""ATS2Z"", ""ATS2m"", ""ATS3Z"", ""ATS3m"", ""ATS4Z"", ""ATS4m"", ""ATS5Z"", ""ATS5m"", ""ATS6Z"", ""ATS6m"", ""ATS7Z"", ""ATS7dv"", ""ATS7m"", ""ATS8Z"", ""ATS8dv"", ""ATS8m"", ""ETA_alpha"", ""ETA_beta_s"", ""ETA_eta_R"", ""ETA_eta_RL"", ""GGI10"", ""GGI6"", ""GGI7"", ""GGI8"", ""GGI9"", ""GRAV"", ""GRAVH"", ""GRAVHp"", ""GRAVp"", ""Kier1"", ""LabuteASA"", ""LogEE_A"", ""MID"", ""MOMI-Z"", ""MPC2"", ""MW"", ""MWC01"", ""MWC02"", ""MWC03"", ""SRW02"", ""SRW04"", ""SZ"", ""Sm"", ""SpAD_A"", ""SpAbs_A"", ""TIC0"", ""TIC1"", ""TMWC10"", ""VAdjMat"", ""VE1_D"", ""VE1_DzZ"", ""VE1_Dzare"", ""VE1_Dzi"", ""VE1_Dzm"", ""VE1_Dzp"", ""VE1_Dzpe"", ""VE1_Dzse"", ""VE1_Dzv"", ""VE2_D"", ""VE2_DzZ"", ""VE2_Dzare"", ""VE2_Dzi"", ""VE2_Dzm"", ""VE2_Dzp"", ""VE2_Dzpe"", ""VE2_Dzse"", ""VE2_Dzv"", ""VE3_A"", ""VE3_D"", ""VE3_DzZ"", ""VE3_Dzare"", ""VE3_Dzi"", ""VE3_Dzm"", ""VE3_Dzp"", ""VE3_Dzpe"", ""VE3_Dzse"", ""VE3_Dzv"", ""VR1_D"", ""VR1_DzZ"", ""VR1_Dzare"", ""VR1_Dzi"", ""VR1_Dzm"", ""VR1_Dzp"", ""VR1_Dzpe"", ""VR1_Dzse"", ""VR1_Dzv"", ""VR2_D"", ""VR2_DzZ"", ""VR2_Dzare"", ""VR2_Dzi"", ""VR2_Dzm"", ""VR2_Dzp"", ""VR2_Dzpe"", ""VR2_Dzse"", ""VR2_Dzv"", ""VR3_D"", ""VR3_DzZ"", ""VR3_Dzare"", ""VR3_Dzi"", ""VR3_Dzm"", ""VR3_Dzp"", ""VR3_Dzpe"", ""VR3_Dzse"", ""VR3_Dzv"", ""Xp-0d"", ""Xp-1d"", ""Xp-2d"", ""Xp-3d"", ""ZMIC0"", ""Zagreb1"", ""Zagreb2"", ""mZagreb2"", ""nBondsO"", ""nHeavyAtom""]"
final,120,119,GGI7,VR1_Dzp,VR1_Dzp,algorithmic_medoid,False,False,117,0.07629464362916971,0.9237053563708303,0.8794227765498837,0.9644219442594446,0.0,860,0.6637973196366689,"[""ATS0d"", ""ATS1Z"", ""ATS1d"", ""ATS1m"", ""ATS1s"", ""ATS2Z"", ""ATS2m"", ""ATS3Z"", ""ATS3m"", ""ATS4Z"", ""ATS4m"", ""ATS5Z"", ""ATS5m"", ""ATS6Z"", ""ATS6m"", ""ATS7Z"", ""ATS7dv"", ""ATS7m"", ""ATS8Z"", ""ATS8dv"", ""ATS8m"", ""ETA_alpha"", ""ETA_beta_s"", ""ETA_eta_R"", ""ETA_eta_RL"", ""GGI10"", ""GGI6"", ""GGI7"", ""GGI8"", ""GGI9"", ""GRAV"", ""GRAVH"", ""GRAVHp"", ""GRAVp"", ""Kier1"", ""LabuteASA"", ""LogEE_A"", ""MID"", ""MOMI-Z"", ""MPC2"", ""MW"", ""MWC01"", ""MWC02"", ""MWC03"", ""SRW02"", ""SRW04"", ""SZ"", ""Sm"", ""SpAD_A"", ""SpAbs_A"", ""TIC0"", ""TIC1"", ""TMWC10"", ""VAdjMat"", ""VE1_D"", ""VE1_DzZ"", ""VE1_Dzare"", ""VE1_Dzi"", ""VE1_Dzm"", ""VE1_Dzp"", ""VE1_Dzpe"", ""VE1_Dzse"", ""VE1_Dzv"", ""VE2_D"", ""VE2_DzZ"", ""VE2_Dzare"", ""VE2_Dzi"", ""VE2_Dzm"", ""VE2_Dzp"", ""VE2_Dzpe"", ""VE2_Dzse"", ""VE2_Dzv"", ""VE3_A"", ""VE3_D"", ""VE3_DzZ"", ""VE3_Dzare"", ""VE3_Dzi"", ""VE3_Dzm"", ""VE3_Dzp"", ""VE3_Dzpe"", ""VE3_Dzse"", ""VE3_Dzv"", ""VR1_D"", ""VR1_DzZ"", ""VR1_Dzare"", ""VR1_Dzi"", ""VR1_Dzm"", ""VR1_Dzp"", ""VR1_Dzpe"", ""VR1_Dzse"", ""VR1_Dzv"", ""VR2_D"", ""VR2_DzZ"", ""VR2_Dzare"", ""VR2_Dzi"", ""VR2_Dzm"", ""VR2_Dzp"", ""VR2_Dzpe"", ""VR2_Dzse"", ""VR2_Dzv"", ""VR3_D"", ""VR3_DzZ"", ""VR3_Dzare"", ""VR3_Dzi"", ""VR3_Dzm"", ""VR3_Dzp"", ""VR3_Dzpe"", ""VR3_Dzse"", ""VR3_Dzv"", ""Xp-0d"", ""Xp-1d"", ""Xp-2d"", ""Xp-3d"", ""ZMIC0"", ""Zagreb1"", ""Zagreb2"", ""mZagreb2"", ""nBondsO"", ""nHeavyAtom""]"
final,120,119,GGI6,VR1_Dzp,VR1_Dzp,algorithmic_medoid,False,False,118,0.07826187507385107,0.9217381249261489,0.8752610863278768,0.9644637486548137,0.0,860,0.978247923101198,"[""ATS0d"", ""ATS1Z"", ""ATS1d"", ""ATS1m"", ""ATS1s"", ""ATS2Z"", ""ATS2m"", ""ATS3Z"", ""ATS3m"", ""ATS4Z"", ""ATS4m"", ""ATS5Z"", ""ATS5m"", ""ATS6Z"", ""ATS6m"", ""ATS7Z"", ""ATS7dv"", ""ATS7m"", ""ATS8Z"", ""ATS8dv"", ""ATS8m"", ""ETA_alpha"", ""ETA_beta_s"", ""ETA_eta_R"", ""ETA_eta_RL"", ""GGI10"", ""GGI6"", ""GGI7"", ""GGI8"", ""GGI9"", ""GRAV"", ""GRAVH"", ""GRAVHp"", ""GRAVp"", ""Kier1"", ""LabuteASA"", ""LogEE_A"", ""MID"", ""MOMI-Z"", ""MPC2"", ""MW"", ""MWC01"", ""MWC02"", ""MWC03"", ""SRW02"", ""SRW04"", ""SZ"", ""Sm"", ""SpAD_A"", ""SpAbs_A"", ""TIC0"", ""TIC1"", ""TMWC10"", ""VAdjMat"", ""VE1_D"", ""VE1_DzZ"", ""VE1_Dzare"", ""VE1_Dzi"", ""VE1_Dzm"", ""VE1_Dzp"", ""VE1_Dzpe"", ""VE1_Dzse"", ""VE1_Dzv"", ""VE2_D"", ""VE2_DzZ"", ""VE2_Dzare"", ""VE2_Dzi"", ""VE2_Dzm"", ""VE2_Dzp"", ""VE2_Dzpe"", ""VE2_Dzse"", ""VE2_Dzv"", ""VE3_A"", ""VE3_D"", ""VE3_DzZ"", ""VE3_Dzare"", ""VE3_Dzi"", ""VE3_Dzm"", ""VE3_Dzp"", ""VE3_Dzpe"", ""VE3_Dzse"", ""VE3_Dzv"", ""VR1_D"", ""VR1_DzZ"", ""VR1_Dzare"", ""VR1_Dzi"", ""VR1_Dzm"", ""VR1_Dzp"", ""VR1_Dzpe"", ""VR1_Dzse"", ""VR1_Dzv"", ""VR2_D"", ""VR2_DzZ"", ""VR2_Dzare"", ""VR2_Dzi"", ""VR2_Dzm"", ""VR2_Dzp"", ""VR2_Dzpe"", ""VR2_Dzse"", ""VR2_Dzv"", ""VR3_D"", ""VR3_DzZ"", ""VR3_Dzare"", ""VR3_Dzi"", ""VR3_Dzm"", ""VR3_Dzp"", ""VR3_Dzpe"", ""VR3_Dzse"", ""VR3_Dzv"", ""Xp-0d"", ""Xp-1d"", ""Xp-2d"", ""Xp-3d"", ""ZMIC0"", ""Zagreb1"", ""Zagreb2"", ""mZagreb2"", ""nBondsO"", ""nHeavyAtom""]"
final,120,119,MOMI-Z,VR1_Dzp,VR1_Dzp,algorithmic_medoid,False,False,119,0.08543724053856416,0.9145627594614358,0.8752610863278768,0.934565542562716,0.005813953488372093,855,24192323.021345515,"[""ATS0d"", ""ATS1Z"", ""ATS1d"", ""ATS1m"", ""ATS1s"", ""ATS2Z"", ""ATS2m"", ""ATS3Z"", ""ATS3m"", ""ATS4Z"", ""ATS4m"", ""ATS5Z"", ""ATS5m"", ""ATS6Z"", ""ATS6m"", ""ATS7Z"", ""ATS7dv"", ""ATS7m"", ""ATS8Z"", ""ATS8dv"", ""ATS8m"", ""ETA_alpha"", ""ETA_beta_s"", ""ETA_eta_R"", ""ETA_eta_RL"", ""GGI10"", ""GGI6"", ""GGI7"", ""GGI8"", ""GGI9"", ""GRAV"", ""GRAVH"", ""GRAVHp"", ""GRAVp"", ""Kier1"", ""LabuteASA"", ""LogEE_A"", ""MID"", ""MOMI-Z"", ""MPC2"", ""MW"", ""MWC01"", ""MWC02"", ""MWC03"", ""SRW02"", ""SRW04"", ""SZ"", ""Sm"", ""SpAD_A"", ""SpAbs_A"", ""TIC0"", ""TIC1"", ""TMWC10"", ""VAdjMat"", ""VE1_D"", ""VE1_DzZ"", ""VE1_Dzare"", ""VE1_Dzi"", ""VE1_Dzm"", ""VE1_Dzp"", ""VE1_Dzpe"", ""VE1_Dzse"", ""VE1_Dzv"", ""VE2_D"", ""VE2_DzZ"", ""VE2_Dzare"", ""VE2_Dzi"", ""VE2_Dzm"", ""VE2_Dzp"", ""VE2_Dzpe"", ""VE2_Dzse"", ""VE2_Dzv"", ""VE3_A"", ""VE3_D"", ""VE3_DzZ"", ""VE3_Dzare"", ""VE3_Dzi"", ""VE3_Dzm"", ""VE3_Dzp"", ""VE3_Dzpe"", ""VE3_Dzse"", ""VE3_Dzv"", ""VR1_D"", ""VR1_DzZ"", ""VR1_Dzare"", ""VR1_Dzi"", ""VR1_Dzm"", ""VR1_Dzp"", ""VR1_Dzpe"", ""VR1_Dzse"", ""VR1_Dzv"", ""VR2_D"", ""VR2_DzZ"", ""VR2_Dzare"", ""VR2_Dzi"", ""VR2_Dzm"", ""VR2_Dzp"", ""VR2_Dzpe"", ""VR2_Dzse"", ""VR2_Dzv"", ""VR3_D"", ""VR3_DzZ"", ""VR3_Dzare"", ""VR3_Dzi"", ""VR3_Dzm"", ""VR3_Dzp"", ""VR3_Dzpe"", ""VR3_Dzse"", ""VR3_Dzv"", ""Xp-0d"", ""Xp-1d"", ""Xp-2d"", ""Xp-3d"", ""ZMIC0"", ""Zagreb1"", ""Zagreb2"", ""mZagreb2"", ""nBondsO"", ""nHeavyAtom""]"
final,121,19,ATS0dv,ATS0dv,ATS0dv,algorithmic_medoid,True,True,1,0.07249625942567739,0.9275037405743226,0.869441388518477,0.9783825842035005,0.0,860,70639.57500729013,"[""ATS0dv"", ""ATS1dv"", ""ATS2dv"", ""ATS2s"", ""ATS3dv"", ""ATS3s"", ""ATS4dv"", ""ATS4s"", ""ATS5dv"", ""ATS5s"", ""ATS6dv"", ""ATS6s"", ""ATS7s"", ""ATS8s"", ""ATSC0dv"", ""PNSA2"", ""WNSA2"", ""WNSA3"", ""mZagreb1""]"
final,121,19,ATSC0dv,ATS0dv,ATS0dv,algorithmic_medoid,False,False,2,0.07484415294443614,0.9251558470555639,0.862297202678363,0.9597069566869255,0.0,860,22189.78595841079,"[""ATS0dv"", ""ATS1dv"", ""ATS2dv"", ""ATS2s"", ""ATS3dv"", ""ATS3s"", ""ATS4dv"", ""ATS4s"", ""ATS5dv"", ""ATS5s"", ""ATS6dv"", ""ATS6s"", ""ATS7s"", ""ATS8s"", ""ATSC0dv"", ""PNSA2"", ""WNSA2"", ""WNSA3"", ""mZagreb1""]"
final,121,19,ATS6dv,ATS0dv,ATS0dv,algorithmic_medoid,False,False,3,0.07506900702933039,0.9249309929706696,0.8375700040914469,0.9852574845449682,0.0,860,408863.93510877475,"[""ATS0dv"", ""ATS1dv"", ""ATS2dv"", ""ATS2s"", ""ATS3dv"", ""ATS3s"", ""ATS4dv"", ""ATS4s"", ""ATS5dv"", ""ATS5s"", ""ATS6dv"", ""ATS6s"", ""ATS7s"", ""ATS8s"", ""ATSC0dv"", ""PNSA2"", ""WNSA2"", ""WNSA3"", ""mZagreb1""]"
final,121,19,ATS5dv,ATS0dv,ATS0dv,algorithmic_medoid,False,False,4,0.07557441436169299,0.924425585638307,0.8392014089748178,0.9852574845449682,0.0,860,382989.85463311686,"[""ATS0dv"", ""ATS1dv"", ""ATS2dv"", ""ATS2s"", ""ATS3dv"", ""ATS3s"", ""ATS4dv"", ""ATS4s"", ""ATS5dv"", ""ATS5s"", ""ATS6dv"", ""ATS6s"", ""ATS7s"", ""ATS8s"", ""ATSC0dv"", ""PNSA2"", ""WNSA2"", ""WNSA3"", ""mZagreb1""]"
final,121,19,ATS4dv,ATS0dv,ATS0dv,algorithmic_medoid,False,False,5,0.07909016021759796,0.920909839782402,0.8437645817454866,0.9859568196629289,0.0,860,295580.42419331725,"[""ATS0dv"", ""ATS1dv"", ""ATS2dv"", ""ATS2s"", ""ATS3dv"", ""ATS3s"", ""ATS4dv"", ""ATS4s"", ""ATS5dv"", ""ATS5s"", ""ATS6dv"", ""ATS6s"", ""ATS7s"", ""ATS8s"", ""ATSC0dv"", ""PNSA2"", ""WNSA2"", ""WNSA3"", ""mZagreb1""]"
final,121,19,ATS7s,ATS0dv,ATS0dv,algorithmic_medoid,False,False,6,0.08076160753328387,0.9192383924667161,0.8267043638826526,0.9721277008598317,0.0069767441860465115,854,340328.31330342474,"[""ATS0dv"", ""ATS1dv"", ""ATS2dv"", ""ATS2s"", ""ATS3dv"", ""ATS3s"", ""ATS4dv"", ""ATS4s"", ""ATS5dv"", ""ATS5s"", ""ATS6dv"", ""ATS6s"", ""ATS7s"", ""ATS8s"", ""ATSC0dv"", ""PNSA2"", ""WNSA2"", ""WNSA3"", ""mZagreb1""]"
final,121,19,WNSA2,ATS0dv,ATS0dv,algorithmic_medoid,False,False,7,0.08111052147504039,0.9188894785249596,0.8724443603573644,0.9805295919960875,0.005813953488372093,855,3278369.0421947995,"[""ATS0dv"", ""ATS1dv"", ""ATS2dv"", ""ATS2s"", ""ATS3dv"", ""ATS3s"", ""ATS4dv"", ""ATS4s"", ""ATS5dv"", ""ATS5s"", ""ATS6dv"", ""ATS6s"", ""ATS7s"", ""ATS8s"", ""ATSC0dv"", ""PNSA2"", ""WNSA2"", ""WNSA3"", ""mZagreb1""]"
final,121,19,ATS6s,ATS0dv,ATS0dv,algorithmic_medoid,False,False,8,0.08152997493099023,0.9184700250690098,0.8233619589055976,0.9715732518076318,0.0069767441860465115,854,292258.0280108077,"[""ATS0dv"", ""ATS1dv"", ""ATS2dv"", ""ATS2s"", ""ATS3dv"", ""ATS3s"", ""ATS4dv"", ""ATS4s"", ""ATS5dv"", ""ATS5s"", ""ATS6dv"", ""ATS6s"", ""ATS7s"", ""ATS8s"", ""ATSC0dv"", ""PNSA2"", ""WNSA2"", ""WNSA3"", ""mZagreb1""]"
final,121,19,ATS3dv,ATS0dv,ATS0dv,algorithmic_medoid,False,False,9,0.08238335530364771,0.9176166446963523,0.8472681197034283,0.9859568196629289,0.0,860,227902.47514426507,"[""ATS0dv"", ""ATS1dv"", ""ATS2dv"", ""ATS2s"", ""ATS3dv"", ""ATS3s"", ""ATS4dv"", ""ATS4s"", ""ATS5dv"", ""ATS5s"", ""ATS6dv"", ""ATS6s"", ""ATS7s"", ""ATS8s"", ""ATSC0dv"", ""PNSA2"", ""WNSA2"", ""WNSA3"", ""mZagreb1""]"
final,121,19,ATS5s,ATS0dv,ATS0dv,algorithmic_medoid,False,False,10,0.08292550498487372,0.9170744950151263,0.8489283774257883,0.9659408588939297,0.0069767441860465115,854,281964.36409228353,"[""ATS0dv"", ""ATS1dv"", ""ATS2dv"", ""ATS2s"", ""ATS3dv"", ""ATS3s"", ""ATS4dv"", ""ATS4s"", ""ATS5dv"", ""ATS5s"", ""ATS6dv"", ""ATS6s"", ""ATS7s"", ""ATS8s"", ""ATSC0dv"", ""PNSA2"", ""WNSA2"", ""WNSA3"", ""mZagreb1""]"
final,121,19,ATS2dv,ATS0dv,ATS0dv,algorithmic_medoid,False,False,11,0.083822259998096,0.916177740001904,0.8403842428842118,0.9783825842035005,0.0,860,140219.40962990705,"[""ATS0dv"", ""ATS1dv"", ""ATS2dv"", ""ATS2s"", ""ATS3dv"", ""ATS3s"", ""ATS4dv"", ""ATS4s"", ""ATS5dv"", ""ATS5s"", ""ATS6dv"", ""ATS6s"", ""ATS7s"", ""ATS8s"", ""ATSC0dv"", ""PNSA2"", ""WNSA2"", ""WNSA3"", ""mZagreb1""]"
final,121,19,ATS8s,ATS0dv,ATS0dv,algorithmic_medoid,False,False,12,0.0866225536188916,0.9133774463811084,0.8262356640381275,0.9721277008598317,0.0069767441860465115,854,455488.84193464764,"[""ATS0dv"", ""ATS1dv"", ""ATS2dv"", ""ATS2s"", ""ATS3dv"", ""ATS3s"", ""ATS4dv"", ""ATS4s"", ""ATS5dv"", ""ATS5s"", ""ATS6dv"", ""ATS6s"", ""ATS7s"", ""ATS8s"", ""ATSC0dv"", ""PNSA2"", ""WNSA2"", ""WNSA3"", ""mZagreb1""]"
final,121,19,ATS1dv,ATS0dv,ATS0dv,algorithmic_medoid,False,False,13,0.09036024263762221,0.9096397573623778,0.8319880777275379,0.9746552790527696,0.0,860,59974.288557447806,"[""ATS0dv"", ""ATS1dv"", ""ATS2dv"", ""ATS2s"", ""ATS3dv"", ""ATS3s"", ""ATS4dv"", ""ATS4s"", ""ATS5dv"", ""ATS5s"", ""ATS6dv"", ""ATS6s"", ""ATS7s"", ""ATS8s"", ""ATSC0dv"", ""PNSA2"", ""WNSA2"", ""WNSA3"", ""mZagreb1""]"
final,121,19,mZagreb1,ATS0dv,ATS0dv,algorithmic_medoid,False,False,14,0.09069552367322709,0.9093044763267729,0.863847261242071,0.9540419756345806,0.0069767441860465115,854,51.69299394465914,"[""ATS0dv"", ""ATS1dv"", ""ATS2dv"", ""ATS2s"", ""ATS3dv"", ""ATS3s"", ""ATS4dv"", ""ATS4s"", ""ATS5dv"", ""ATS5s"", ""ATS6dv"", ""ATS6s"", ""ATS7s"", ""ATS8s"", ""ATSC0dv"", ""PNSA2"", ""WNSA2"", ""WNSA3"", ""mZagreb1""]"
final,121,19,ATS2s,ATS0dv,ATS0dv,algorithmic_medoid,False,False,15,0.09500757627818013,0.9049924237218199,0.8441750003064599,0.9440806382604957,0.0069767441860465115,854,45974.782731636595,"[""ATS0dv"", ""ATS1dv"", ""ATS2dv"", ""ATS2s"", ""ATS3dv"", ""ATS3s"", ""ATS4dv"", ""ATS4s"", ""ATS5dv"", ""ATS5s"", ""ATS6dv"", ""ATS6s"", ""ATS7s"", ""ATS8s"", ""ATSC0dv"", ""PNSA2"", ""WNSA2"", ""WNSA3"", ""mZagreb1""]"
final,121,19,ATS3s,ATS0dv,ATS0dv,algorithmic_medoid,False,False,16,0.09791270825043952,0.9020872917495605,0.8506853412931242,0.9743135612489146,0.0069767441860465115,854,112501.66918965167,"[""ATS0dv"", ""ATS1dv"", ""ATS2dv"", ""ATS2s"", ""ATS3dv"", ""ATS3s"", ""ATS4dv"", ""ATS4s"", ""ATS5dv"", ""ATS5s"", ""ATS6dv"", ""ATS6s"", ""ATS7s"", ""ATS8s"", ""ATSC0dv"", ""PNSA2"", ""WNSA2"", ""WNSA3"", ""mZagreb1""]"
final,121,19,PNSA2,ATS0dv,ATS0dv,algorithmic_medoid,False,False,17,0.09988230259440689,0.9001176974055931,0.8494421196215517,0.9805295919960875,0.005813953488372093,855,1375394.9816049777,"[""ATS0dv"", ""ATS1dv"", ""ATS2dv"", ""ATS2s"", ""ATS3dv"", ""ATS3s"", ""ATS4dv"", ""ATS4s"", ""ATS5dv"", ""ATS5s"", ""ATS6dv"", ""ATS6s"", ""ATS7s"", ""ATS8s"", ""ATSC0dv"", ""PNSA2"", ""WNSA2"", ""WNSA3"", ""mZagreb1""]"
final,121,19,ATS4s,ATS0dv,ATS0dv,algorithmic_medoid,False,False,18,0.1020755316001919,0.8979244683998081,0.8292732852339957,0.9743135612489146,0.0069767441860465115,854,185816.24974740695,"[""ATS0dv"", ""ATS1dv"", ""ATS2dv"", ""ATS2s"", ""ATS3dv"", ""ATS3s"", ""ATS4dv"", ""ATS4s"", ""ATS5dv"", ""ATS5s"", ""ATS6dv"", ""ATS6s"", ""ATS7s"", ""ATS8s"", ""ATSC0dv"", ""PNSA2"", ""WNSA2"", ""WNSA3"", ""mZagreb1""]"
final,121,19,WNSA3,ATS0dv,ATS0dv,algorithmic_medoid,False,False,19,0.14461569055419887,0.8553843094458011,0.8233619589055976,0.9576262965212768,0.005813953488372093,855,1422.514294618262,"[""ATS0dv"", ""ATS1dv"", ""ATS2dv"", ""ATS2s"", ""ATS3dv"", ""ATS3s"", ""ATS4dv"", ""ATS4s"", ""ATS5dv"", ""ATS5s"", ""ATS6dv"", ""ATS6s"", ""ATS7s"", ""ATS8s"", ""ATSC0dv"", ""PNSA2"", ""WNSA2"", ""WNSA3"", ""mZagreb1""]"
final,122,17,ATS1p,ATS1p,ATS1p,algorithmic_medoid,True,True,1,0.034278988786661246,0.9657210112133388,0.8799571482216528,0.9940893708246574,0.0,860,4072.753532530611,"[""ATS0p"", ""ATS0v"", ""ATS1p"", ""ATS1v"", ""ATSC0i"", ""ATSC0p"", ""MID_C"", ""SMR"", ""Sp"", ""Sv"", ""TASA"", ""VMcGowan"", ""Xp-0dv"", ""Xp-1dv"", ""apol"", ""bpol"", ""nC""]"
final,122,17,Sp,ATS1p,ATS1p,algorithmic_medoid,False,False,2,0.03467344811373163,0.9653265518862684,0.8687256973448678,0.9999999151016163,0.0,860,523.5837033829899,"[""ATS0p"", ""ATS0v"", ""ATS1p"", ""ATS1v"", ""ATSC0i"", ""ATSC0p"", ""MID_C"", ""SMR"", ""Sp"", ""Sv"", ""TASA"", ""VMcGowan"", ""Xp-0dv"", ""Xp-1dv"", ""apol"", ""bpol"", ""nC""]"
final,122,17,apol,ATS1p,ATS1p,algorithmic_medoid,False,False,3,0.034673471858103655,0.9653265281418963,0.8687256817200789,0.9999999151016163,0.0,860,1460.2225903648293,"[""ATS0p"", ""ATS0v"", ""ATS1p"", ""ATS1v"", ""ATSC0i"", ""ATSC0p"", ""MID_C"", ""SMR"", ""Sp"", ""Sv"", ""TASA"", ""VMcGowan"", ""Xp-0dv"", ""Xp-1dv"", ""apol"", ""bpol"", ""nC""]"
final,122,17,ATS0v,ATS1p,ATS1p,algorithmic_medoid,False,False,4,0.036149533748346285,0.9638504662516537,0.8576880473555554,0.995721505570437,0.0,860,50963519.68014889,"[""ATS0p"", ""ATS0v"", ""ATS1p"", ""ATS1v"", ""ATSC0i"", ""ATSC0p"", ""MID_C"", ""SMR"", ""Sp"", ""Sv"", ""TASA"", ""VMcGowan"", ""Xp-0dv"", ""Xp-1dv"", ""apol"", ""bpol"", ""nC""]"
final,122,17,VMcGowan,ATS1p,ATS1p,algorithmic_medoid,False,False,5,0.03747291711230738,0.9625270828876926,0.8516983311738678,0.9965923914840651,0.0,860,35477.95598965891,"[""ATS0p"", ""ATS0v"", ""ATS1p"", ""ATS1v"", ""ATSC0i"", ""ATSC0p"", ""MID_C"", ""SMR"", ""Sp"", ""Sv"", ""TASA"", ""VMcGowan"", ""Xp-0dv"", ""Xp-1dv"", ""apol"", ""bpol"", ""nC""]"
final,122,17,ATS1v,ATS1p,ATS1p,algorithmic_medoid,False,False,6,0.03778460588655208,0.9622153941134479,0.8517549940224143,0.9961799461788742,0.0,860,86403296.28311956,"[""ATS0p"", ""ATS0v"", ""ATS1p"", ""ATS1v"", ""ATSC0i"", ""ATSC0p"", ""MID_C"", ""SMR"", ""Sp"", ""Sv"", ""TASA"", ""VMcGowan"", ""Xp-0dv"", ""Xp-1dv"", ""apol"", ""bpol"", ""nC""]"
final,122,17,Sv,ATS1p,ATS1p,algorithmic_medoid,False,False,7,0.03781361321152432,0.9621863867884757,0.847260966724436,0.9965923914840651,0.0,860,456.90265174468,"[""ATS0p"", ""ATS0v"", ""ATS1p"", ""ATS1v"", ""ATSC0i"", ""ATSC0p"", ""MID_C"", ""SMR"", ""Sp"", ""Sv"", ""TASA"", ""VMcGowan"", ""Xp-0dv"", ""Xp-1dv"", ""apol"", ""bpol"", ""nC""]"
final,122,17,SMR,ATS1p,ATS1p,algorithmic_medoid,False,False,8,0.03806327017332678,0.9619367298266732,0.8739444962374029,0.995721505570437,0.0,860,4251.941640426063,"[""ATS0p"", ""ATS0v"", ""ATS1p"", ""ATS1v"", ""ATSC0i"", ""ATSC0p"", ""MID_C"", ""SMR"", ""Sp"", ""Sv"", ""TASA"", ""VMcGowan"", ""Xp-0dv"", ""Xp-1dv"", ""apol"", ""bpol"", ""nC""]"
final,122,17,Xp-1dv,ATS1p,ATS1p,algorithmic_medoid,False,False,9,0.04349495122629765,0.9565050487737023,0.8427939559892534,0.9841277419234861,0.0,860,38.68209379792213,"[""ATS0p"", ""ATS0v"", ""ATS1p"", ""ATS1v"", ""ATSC0i"", ""ATSC0p"", ""MID_C"", ""SMR"", ""Sp"", ""Sv"", ""TASA"", ""VMcGowan"", ""Xp-0dv"", ""Xp-1dv"", ""apol"", ""bpol"", ""nC""]"
final,122,17,ATS0p,ATS1p,ATS1p,algorithmic_medoid,False,False,10,0.04375270402172071,0.9562472959782793,0.8782612263023775,0.9832367453453857,0.0,860,2680.477478054991,"[""ATS0p"", ""ATS0v"", ""ATS1p"", ""ATS1v"", ""ATSC0i"", ""ATSC0p"", ""MID_C"", ""SMR"", ""Sp"", ""Sv"", ""TASA"", ""VMcGowan"", ""Xp-0dv"", ""Xp-1dv"", ""apol"", ""bpol"", ""nC""]"
final,122,17,Xp-0dv,ATS1p,ATS1p,algorithmic_medoid,False,False,11,0.0469957287216165,0.9530042712783835,0.8403764132975687,0.985569519336823,0.013953488372093023,848,110.61634049550945,"[""ATS0p"", ""ATS0v"", ""ATS1p"", ""ATS1v"", ""ATSC0i"", ""ATSC0p"", ""MID_C"", ""SMR"", ""Sp"", ""Sv"", ""TASA"", ""VMcGowan"", ""Xp-0dv"", ""Xp-1dv"", ""apol"", ""bpol"", ""nC""]"
final,122,17,nC,ATS1p,ATS1p,algorithmic_medoid,False,False,12,0.06671476309989,0.93328523690011,0.8392185982915942,0.9981804895131551,0.0,860,183.0873174689021,"[""ATS0p"", ""ATS0v"", ""ATS1p"", ""ATS1v"", ""ATSC0i"", ""ATSC0p"", ""MID_C"", ""SMR"", ""Sp"", ""Sv"", ""TASA"", ""VMcGowan"", ""Xp-0dv"", ""Xp-1dv"", ""apol"", ""bpol"", ""nC""]"
final,122,17,MID_C,ATS1p,ATS1p,algorithmic_medoid,False,False,13,0.0685637063203719,0.9314362936796281,0.8344528997819888,0.9981804895131551,0.002325581395348837,858,772.3365765783419,"[""ATS0p"", ""ATS0v"", ""ATS1p"", ""ATS1v"", ""ATSC0i"", ""ATSC0p"", ""MID_C"", ""SMR"", ""Sp"", ""Sv"", ""TASA"", ""VMcGowan"", ""Xp-0dv"", ""Xp-1dv"", ""apol"", ""bpol"", ""nC""]"
final,122,17,bpol,ATS1p,ATS1p,algorithmic_medoid,False,False,14,0.0827681055411329,0.9172318944588671,0.8139397246344124,0.9542102452127422,0.0,860,542.8514015735146,"[""ATS0p"", ""ATS0v"", ""ATS1p"", ""ATS1v"", ""ATSC0i"", ""ATSC0p"", ""MID_C"", ""SMR"", ""Sp"", ""Sv"", ""TASA"", ""VMcGowan"", ""Xp-0dv"", ""Xp-1dv"", ""apol"", ""bpol"", ""nC""]"
final,122,17,ATSC0i,ATS1p,ATS1p,algorithmic_medoid,False,False,15,0.10008432756240548,0.8999156724375945,0.8334101113165872,0.9227678266198781,0.0,860,2779.043376426631,"[""ATS0p"", ""ATS0v"", ""ATS1p"", ""ATS1v"", ""ATSC0i"", ""ATSC0p"", ""MID_C"", ""SMR"", ""Sp"", ""Sv"", ""TASA"", ""VMcGowan"", ""Xp-0dv"", ""Xp-1dv"", ""apol"", ""bpol"", ""nC""]"
final,122,17,ATSC0p,ATS1p,ATS1p,algorithmic_medoid,False,False,16,0.10307819407097263,0.8969218059290274,0.8203285502104846,0.9554994884589905,0.0,860,169.01447402362194,"[""ATS0p"", ""ATS0v"", ""ATS1p"", ""ATS1v"", ""ATSC0i"", ""ATSC0p"", ""MID_C"", ""SMR"", ""Sp"", ""Sv"", ""TASA"", ""VMcGowan"", ""Xp-0dv"", ""Xp-1dv"", ""apol"", ""bpol"", ""nC""]"
final,122,17,TASA,ATS1p,ATS1p,algorithmic_medoid,False,False,17,0.1419555845777718,0.8580444154222282,0.8139397246344124,0.904858475039291,0.005813953488372093,855,60162.961328729296,"[""ATS0p"", ""ATS0v"", ""ATS1p"", ""ATS1v"", ""ATSC0i"", ""ATSC0p"", ""MID_C"", ""SMR"", ""Sp"", ""Sv"", ""TASA"", ""VMcGowan"", ""Xp-0dv"", ""Xp-1dv"", ""apol"", ""bpol"", ""nC""]"
final,123,3,ATSC0s,ATSC0s,ATSC0s,algorithmic_medoid,True,True,1,0.0439295867353362,0.9560704132646638,0.9382431314865124,0.9738976950428151,0.0069767441860465115,854,8604.299916344795,"[""ATS0s"", ""ATSC0s"", ""EState_VSA10""]"
final,123,3,ATS0s,ATSC0s,ATSC0s,algorithmic_medoid,False,False,2,0.052406328326874196,0.9475936716731258,0.9212896483034365,0.9738976950428151,0.0069767441860465115,854,42782.89147268586,"[""ATS0s"", ""ATSC0s"", ""EState_VSA10""]"
final,123,3,EState_VSA10,ATSC0s,ATSC0s,algorithmic_medoid,False,False,3,0.0702336101050256,0.9297663898949744,0.9212896483034365,0.9382431314865124,0.0,860,271.4683068188608,"[""ATS0s"", ""ATSC0s"", ""EState_VSA10""]"
final,124,12,SM1_Dzpe,SM1_Dzpe,SM1_Dzpe,algorithmic_medoid,True,True,1,0.04007632619004753,0.9599236738099525,0.8915927493255889,0.9953851111101404,0.004651162790697674,856,1.963698683882964,"[""ATSC0are"", ""ATSC0pe"", ""ATSC0se"", ""MID_h"", ""RNCG"", ""SM1_Dzare"", ""SM1_Dzi"", ""SM1_Dzp"", ""SM1_Dzpe"", ""SM1_Dzse"", ""SM1_Dzv"", ""nHetero""]"
final,124,12,SM1_Dzare,SM1_Dzpe,SM1_Dzpe,algorithmic_medoid,False,False,2,0.040534044953856596,0.9594659550461434,0.9054328734352778,0.9939200968113537,0.0069767441860465115,854,2.402327574130465,"[""ATSC0are"", ""ATSC0pe"", ""ATSC0se"", ""MID_h"", ""RNCG"", ""SM1_Dzare"", ""SM1_Dzi"", ""SM1_Dzp"", ""SM1_Dzpe"", ""SM1_Dzse"", ""SM1_Dzv"", ""nHetero""]"
final,124,12,SM1_Dzse,SM1_Dzpe,SM1_Dzpe,algorithmic_medoid,False,False,3,0.04245754203023,0.95754245796977,0.8805108646987679,0.9953851111101404,0.002325581395348837,858,1.7935694704271374,"[""ATSC0are"", ""ATSC0pe"", ""ATSC0se"", ""MID_h"", ""RNCG"", ""SM1_Dzare"", ""SM1_Dzi"", ""SM1_Dzp"", ""SM1_Dzpe"", ""SM1_Dzse"", ""SM1_Dzv"", ""nHetero""]"
final,124,12,SM1_Dzp,SM1_Dzpe,SM1_Dzpe,algorithmic_medoid,False,False,4,0.05047744137333332,0.9495225586266667,0.8707020026497397,0.983665114285338,0.002325581395348837,858,32.98522376896413,"[""ATSC0are"", ""ATSC0pe"", ""ATSC0se"", ""MID_h"", ""RNCG"", ""SM1_Dzare"", ""SM1_Dzi"", ""SM1_Dzp"", ""SM1_Dzpe"", ""SM1_Dzse"", ""SM1_Dzv"", ""nHetero""]"
final,124,12,SM1_Dzv,SM1_Dzpe,SM1_Dzpe,algorithmic_medoid,False,False,5,0.052135483074431166,0.9478645169255688,0.8829288596926683,0.983665114285338,0.002325581395348837,858,5.616010718436273,"[""ATSC0are"", ""ATSC0pe"", ""ATSC0se"", ""MID_h"", ""RNCG"", ""SM1_Dzare"", ""SM1_Dzi"", ""SM1_Dzp"", ""SM1_Dzpe"", ""SM1_Dzse"", ""SM1_Dzv"", ""nHetero""]"
final,124,12,ATSC0se,SM1_Dzpe,SM1_Dzpe,algorithmic_medoid,False,False,6,0.06273474819758929,0.9372652518024107,0.8700804186824557,0.9871916945247309,0.0,860,17.555725681419318,"[""ATSC0are"", ""ATSC0pe"", ""ATSC0se"", ""MID_h"", ""RNCG"", ""SM1_Dzare"", ""SM1_Dzi"", ""SM1_Dzp"", ""SM1_Dzpe"", ""SM1_Dzse"", ""SM1_Dzv"", ""nHetero""]"
final,124,12,SM1_Dzi,SM1_Dzpe,SM1_Dzpe,algorithmic_medoid,False,False,7,0.06359304475813199,0.936406955241868,0.8635841824661449,0.9723323636063886,0.002325581395348837,858,1.3301871291265306,"[""ATSC0are"", ""ATSC0pe"", ""ATSC0se"", ""MID_h"", ""RNCG"", ""SM1_Dzare"", ""SM1_Dzi"", ""SM1_Dzp"", ""SM1_Dzpe"", ""SM1_Dzse"", ""SM1_Dzv"", ""nHetero""]"
final,124,12,nHetero,SM1_Dzpe,SM1_Dzpe,algorithmic_medoid,False,False,8,0.07010175195851798,0.929898248041482,0.8654399085988898,0.9968126002032965,0.0,860,38.3972742022715,"[""ATSC0are"", ""ATSC0pe"", ""ATSC0se"", ""MID_h"", ""RNCG"", ""SM1_Dzare"", ""SM1_Dzi"", ""SM1_Dzp"", ""SM1_Dzpe"", ""SM1_Dzse"", ""SM1_Dzv"", ""nHetero""]"
final,124,12,ATSC0are,SM1_Dzpe,SM1_Dzpe,algorithmic_medoid,False,False,9,0.07215168615337797,0.927848313846622,0.8614025155022633,0.9932584473482589,0.004651162790697674,856,40.30702425647445,"[""ATSC0are"", ""ATSC0pe"", ""ATSC0se"", ""MID_h"", ""RNCG"", ""SM1_Dzare"", ""SM1_Dzi"", ""SM1_Dzp"", ""SM1_Dzpe"", ""SM1_Dzse"", ""SM1_Dzv"", ""nHetero""]"
final,124,12,MID_h,SM1_Dzpe,SM1_Dzpe,algorithmic_medoid,False,False,10,0.0763428431118206,0.9236571568881794,0.8582861027915074,0.9968126002032965,0.002325581395348837,858,136.42052655132213,"[""ATSC0are"", ""ATSC0pe"", ""ATSC0se"", ""MID_h"", ""RNCG"", ""SM1_Dzare"", ""SM1_Dzi"", ""SM1_Dzp"", ""SM1_Dzpe"", ""SM1_Dzse"", ""SM1_Dzv"", ""nHetero""]"
final,124,12,ATSC0pe,SM1_Dzpe,SM1_Dzpe,algorithmic_medoid,False,False,11,0.0777881966355356,0.9222118033644644,0.8582861027915074,0.9932584473482589,0.002325581395348837,858,33.121359277626524,"[""ATSC0are"", ""ATSC0pe"", ""ATSC0se"", ""MID_h"", ""RNCG"", ""SM1_Dzare"", ""SM1_Dzi"", ""SM1_Dzp"", ""SM1_Dzpe"", ""SM1_Dzse"", ""SM1_Dzv"", ""nHetero""]"
final,124,12,RNCG,SM1_Dzpe,SM1_Dzpe,algorithmic_medoid,False,False,12,0.12118090386220615,0.8788190961377939,0.8635841824661449,0.9054328734352778,0.0011627906976744186,859,0.009792768006286623,"[""ATSC0are"", ""ATSC0pe"", ""ATSC0se"", ""MID_h"", ""RNCG"", ""SM1_Dzare"", ""SM1_Dzi"", ""SM1_Dzp"", ""SM1_Dzpe"", ""SM1_Dzse"", ""SM1_Dzv"", ""nHetero""]"
final,125,12,ATSC0c,ATSC0c,ATSC0c,algorithmic_medoid,True,True,1,0.07708538658631658,0.9229146134136834,0.8803747812128023,0.9583409362522587,0.0011627906976744186,859,1.1992871800394072,"[""ATSC0c"", ""ATSC1c"", ""DPSA4"", ""DPSA5"", ""MID_O"", ""PEOE_VSA1"", ""SMR_VSA1"", ""SlogP_VSA2"", ""TopoPSA"", ""TopoPSA(NO)"", ""nHBAcc"", ""nO""]"
final,125,12,TopoPSA(NO),ATSC0c,ATSC0c,algorithmic_medoid,False,False,2,0.09685142892287435,0.9031485710771257,0.8344374030338588,0.9761378007648288,0.0,860,9501.07837088088,"[""ATSC0c"", ""ATSC1c"", ""DPSA4"", ""DPSA5"", ""MID_O"", ""PEOE_VSA1"", ""SMR_VSA1"", ""SlogP_VSA2"", ""TopoPSA"", ""TopoPSA(NO)"", ""nHBAcc"", ""nO""]"
final,125,12,nO,ATSC0c,ATSC0c,algorithmic_medoid,False,False,3,0.09865666714162091,0.9013433328583791,0.849819252297671,0.995192910952358,0.0,860,23.12657652785289,"[""ATSC0c"", ""ATSC1c"", ""DPSA4"", ""DPSA5"", ""MID_O"", ""PEOE_VSA1"", ""SMR_VSA1"", ""SlogP_VSA2"", ""TopoPSA"", ""TopoPSA(NO)"", ""nHBAcc"", ""nO""]"
final,125,12,ATSC1c,ATSC0c,ATSC0c,algorithmic_medoid,False,False,4,0.10056885595626353,0.8994311440437365,0.8173144543933959,0.9583409362522587,0.0011627906976744186,859,0.43032739031858597,"[""ATSC0c"", ""ATSC1c"", ""DPSA4"", ""DPSA5"", ""MID_O"", ""PEOE_VSA1"", ""SMR_VSA1"", ""SlogP_VSA2"", ""TopoPSA"", ""TopoPSA(NO)"", ""nHBAcc"", ""nO""]"
final,125,12,MID_O,ATSC0c,ATSC0c,algorithmic_medoid,False,False,5,0.10090495993188842,0.8990950400681116,0.8526314494172914,0.995192910952358,0.002325581395348837,858,78.82258949825624,"[""ATSC0c"", ""ATSC1c"", ""DPSA4"", ""DPSA5"", ""MID_O"", ""PEOE_VSA1"", ""SMR_VSA1"", ""SlogP_VSA2"", ""TopoPSA"", ""TopoPSA(NO)"", ""nHBAcc"", ""nO""]"
final,125,12,nHBAcc,ATSC0c,ATSC0c,algorithmic_medoid,False,False,6,0.10688892527761407,0.8931110747223859,0.8412211988630938,0.919466895183955,0.0,860,24.760843699296917,"[""ATSC0c"", ""ATSC1c"", ""DPSA4"", ""DPSA5"", ""MID_O"", ""PEOE_VSA1"", ""SMR_VSA1"", ""SlogP_VSA2"", ""TopoPSA"", ""TopoPSA(NO)"", ""nHBAcc"", ""nO""]"
final,125,12,DPSA5,ATSC0c,ATSC0c,algorithmic_medoid,False,False,7,0.10722390446824415,0.8927760955317559,0.8218549177465956,0.9838793781537076,0.005813953488372093,855,1484.0911504395392,"[""ATSC0c"", ""ATSC1c"", ""DPSA4"", ""DPSA5"", ""MID_O"", ""PEOE_VSA1"", ""SMR_VSA1"", ""SlogP_VSA2"", ""TopoPSA"", ""TopoPSA(NO)"", ""nHBAcc"", ""nO""]"
final,125,12,DPSA4,ATSC0c,ATSC0c,algorithmic_medoid,False,False,8,0.10985343101692857,0.8901465689830714,0.8293699684240633,0.9838793781537076,0.005813953488372093,855,297.75040556555916,"[""ATSC0c"", ""ATSC1c"", ""DPSA4"", ""DPSA5"", ""MID_O"", ""PEOE_VSA1"", ""SMR_VSA1"", ""SlogP_VSA2"", ""TopoPSA"", ""TopoPSA(NO)"", ""nHBAcc"", ""nO""]"
final,125,12,TopoPSA,ATSC0c,ATSC0c,algorithmic_medoid,False,False,9,0.11448008296345691,0.8855199170365431,0.8137658938610879,0.9761378007648288,0.0,860,10257.697060213628,"[""ATSC0c"", ""ATSC1c"", ""DPSA4"", ""DPSA5"", ""MID_O"", ""PEOE_VSA1"", ""SMR_VSA1"", ""SlogP_VSA2"", ""TopoPSA"", ""TopoPSA(NO)"", ""nHBAcc"", ""nO""]"
final,125,12,SMR_VSA1,ATSC0c,ATSC0c,algorithmic_medoid,False,False,10,0.12998735262261285,0.8700126473773871,0.8137658938610879,0.9333917706383119,0.0,860,529.6062427779434,"[""ATSC0c"", ""ATSC1c"", ""DPSA4"", ""DPSA5"", ""MID_O"", ""PEOE_VSA1"", ""SMR_VSA1"", ""SlogP_VSA2"", ""TopoPSA"", ""TopoPSA(NO)"", ""nHBAcc"", ""nO""]"
final,125,12,PEOE_VSA1,ATSC0c,ATSC0c,algorithmic_medoid,False,False,11,0.1405542570702406,0.8594457429297594,0.8324851904804295,0.9116704993727658,0.0,860,517.994660708038,"[""ATSC0c"", ""ATSC1c"", ""DPSA4"", ""DPSA5"", ""MID_O"", ""PEOE_VSA1"", ""SMR_VSA1"", ""SlogP_VSA2"", ""TopoPSA"", ""TopoPSA(NO)"", ""nHBAcc"", ""nO""]"
final,125,12,SlogP_VSA2,ATSC0c,ATSC0c,algorithmic_medoid,False,False,12,0.1527967371772927,0.8472032628227073,0.8173144543933959,0.9066720162516242,0.0,860,2224.4589059190216,"[""ATSC0c"", ""ATSC1c"", ""DPSA4"", ""DPSA5"", ""MID_O"", ""PEOE_VSA1"", ""SMR_VSA1"", ""SlogP_VSA2"", ""TopoPSA"", ""TopoPSA(NO)"", ""nHBAcc"", ""nO""]"
final,126,5,ATSC1are,ATSC1are,ATSC1are,algorithmic_medoid,True,True,1,0.07873365600598548,0.9212663439940145,0.8661484463901657,0.9904337209569923,0.004651162790697674,856,1.7634113800119535,"[""ATSC1are"", ""ATSC1pe"", ""ATSC1s"", ""ATSC1se"", ""nHBDon""]"
final,126,5,ATSC1pe,ATSC1are,ATSC1are,algorithmic_medoid,False,False,2,0.09331487034303532,0.9066851296569647,0.8477885836278971,0.9904337209569923,0.002325581395348837,858,1.2692827746896678,"[""ATSC1are"", ""ATSC1pe"", ""ATSC1s"", ""ATSC1se"", ""nHBDon""]"
final,126,5,ATSC1se,ATSC1are,ATSC1are,algorithmic_medoid,False,False,3,0.10576073083835635,0.8942392691616436,0.8247812006914546,0.944603158498692,0.0,860,0.6918288098666666,"[""ATSC1are"", ""ATSC1pe"", ""ATSC1s"", ""ATSC1se"", ""nHBDon""]"
final,126,5,nHBDon,ATSC1are,ATSC1are,algorithmic_medoid,False,False,4,0.14714676025025453,0.8528532397497455,0.8192313278304234,0.8725438440959258,0.0,860,11.946266901027583,"[""ATSC1are"", ""ATSC1pe"", ""ATSC1s"", ""ATSC1se"", ""nHBDon""]"
final,126,5,ATSC1s,ATSC1are,ATSC1are,algorithmic_medoid,False,False,5,0.15607970943000415,0.8439202905699958,0.8192313278304234,0.8838800501302081,0.0069767441860465115,854,322.83553768399736,"[""ATSC1are"", ""ATSC1pe"", ""ATSC1s"", ""ATSC1se"", ""nHBDon""]"
final,127,11,MWC08,MWC08,MWC08,algorithmic_medoid,True,True,1,0.03578625668757918,0.9642137433124208,0.8727948166233207,0.9986216216645808,0.0,860,1.7960761839786092,"[""ATSC1d"", ""GGI3"", ""GGI4"", ""GGI5"", ""MWC07"", ""MWC08"", ""MWC09"", ""MWC10"", ""SRW10"", ""Xpc-5d"", ""Xpc-6d""]"
final,127,11,SRW10,MWC08,MWC08,algorithmic_medoid,False,False,2,0.03714182578284808,0.9628581742171519,0.8681420908242066,0.9945371804962133,0.0,860,1.6892715390263886,"[""ATSC1d"", ""GGI3"", ""GGI4"", ""GGI5"", ""MWC07"", ""MWC08"", ""MWC09"", ""MWC10"", ""SRW10"", ""Xpc-5d"", ""Xpc-6d""]"
final,127,11,MWC09,MWC08,MWC08,algorithmic_medoid,False,False,3,0.037271788750279145,0.9627282112497209,0.8721702890991574,0.9990292569269895,0.0,860,2.0963988334899932,"[""ATSC1d"", ""GGI3"", ""GGI4"", ""GGI5"", ""MWC07"", ""MWC08"", ""MWC09"", ""MWC10"", ""SRW10"", ""Xpc-5d"", ""Xpc-6d""]"
final,127,11,MWC07,MWC08,MWC08,algorithmic_medoid,False,False,4,0.037311971596966864,0.9626880284030331,0.8725586913704483,0.9985997695534928,0.0,860,1.5393363540262504,"[""ATSC1d"", ""GGI3"", ""GGI4"", ""GGI5"", ""MWC07"", ""MWC08"", ""MWC09"", ""MWC10"", ""SRW10"", ""Xpc-5d"", ""Xpc-6d""]"
final,127,11,Xpc-6d,MWC08,MWC08,algorithmic_medoid,False,False,5,0.03768053968494578,0.9623194603150542,0.8844305672704438,0.9928146583594301,0.0,860,137.83415804998825,"[""ATSC1d"", ""GGI3"", ""GGI4"", ""GGI5"", ""MWC07"", ""MWC08"", ""MWC09"", ""MWC10"", ""SRW10"", ""Xpc-5d"", ""Xpc-6d""]"
final,127,11,Xpc-5d,MWC08,MWC08,algorithmic_medoid,False,False,6,0.03966153408091877,0.9603384659190812,0.8852933306483187,0.9928146583594301,0.0,860,46.29964186586477,"[""ATSC1d"", ""GGI3"", ""GGI4"", ""GGI5"", ""MWC07"", ""MWC08"", ""MWC09"", ""MWC10"", ""SRW10"", ""Xpc-5d"", ""Xpc-6d""]"
final,127,11,MWC10,MWC08,MWC08,algorithmic_medoid,False,False,7,0.039843167965279536,0.9601568320347205,0.8700153038828676,0.9990292569269895,0.0,860,2.4023872507811808,"[""ATSC1d"", ""GGI3"", ""GGI4"", ""GGI5"", ""MWC07"", ""MWC08"", ""MWC09"", ""MWC10"", ""SRW10"", ""Xpc-5d"", ""Xpc-6d""]"
final,127,11,GGI4,MWC08,MWC08,algorithmic_medoid,False,False,8,0.05638686089836342,0.9436131391016366,0.8627567720831844,0.9667574126468819,0.0,860,3.768844789814232,"[""ATSC1d"", ""GGI3"", ""GGI4"", ""GGI5"", ""MWC07"", ""MWC08"", ""MWC09"", ""MWC10"", ""SRW10"", ""Xpc-5d"", ""Xpc-6d""]"
final,127,11,GGI3,MWC08,MWC08,algorithmic_medoid,False,False,9,0.06318464045649252,0.9368153595435075,0.8609003298251706,0.9709232738531636,0.0,860,4.755978451281119,"[""ATSC1d"", ""GGI3"", ""GGI4"", ""GGI5"", ""MWC07"", ""MWC08"", ""MWC09"", ""MWC10"", ""SRW10"", ""Xpc-5d"", ""Xpc-6d""]"
final,127,11,GGI5,MWC08,MWC08,algorithmic_medoid,False,False,10,0.07521741220271727,0.9247825877972827,0.8387976096855438,0.9525753749179144,0.0,860,1.6154059056321737,"[""ATSC1d"", ""GGI3"", ""GGI4"", ""GGI5"", ""MWC07"", ""MWC08"", ""MWC09"", ""MWC10"", ""SRW10"", ""Xpc-5d"", ""Xpc-6d""]"
final,127,11,ATSC1d,MWC08,MWC08,algorithmic_medoid,False,False,11,0.13121401986873382,0.8687859801312662,0.8387976096855438,0.8852933306483187,0.0,860,147.78113037535567,"[""ATSC1d"", ""GGI3"", ""GGI4"", ""GGI5"", ""MWC07"", ""MWC08"", ""MWC09"", ""MWC10"", ""SRW10"", ""Xpc-5d"", ""Xpc-6d""]"
final,128,1,ATSC1dv,ATSC1dv,ATSC1dv,algorithmic_medoid,True,True,1,0.0,1.0,1.0,1.0,0.0,860,3451.5062701134143,"[""ATSC1dv""]"
final,129,1,ATSC3d,ATSC3d,ATSC3d,algorithmic_medoid,True,True,1,0.0,1.0,1.0,1.0,0.0,860,87.31428204114474,"[""ATSC3d""]"
final,130,2,ATSC3v,ATSC3v,ATSC3v,algorithmic_medoid,True,True,1,0.1797553422358097,0.8202446577641903,0.8202446577641903,0.8202446577641903,0.0,860,422630.0545860483,"[""ATSC3v"", ""GATS3v""]"
final,130,2,GATS3v,ATSC3v,ATSC3v,algorithmic_medoid,False,False,2,0.1797553422358097,0.8202446577641903,0.8202446577641903,0.8202446577641903,0.00813953488372093,853,0.019232114586116268,"[""ATSC3v"", ""GATS3v""]"
final,131,1,ATSC8v,ATSC8v,ATSC8v,algorithmic_medoid,True,True,1,0.0,1.0,1.0,1.0,0.0,860,700962.2955199912,"[""ATSC8v""]"
final,132,3,AXp-1dv,AXp-1dv,AXp-1dv,algorithmic_medoid,True,True,1,0.08513071467337063,0.9148692853266294,0.8596868118485714,0.9700517588046872,0.0069767441860465115,854,0.0021410028721780086,"[""AXp-0dv"", ""AXp-1dv"", ""AXp-2dv""]"
final,132,3,AXp-2dv,AXp-1dv,AXp-1dv,algorithmic_medoid,False,False,2,0.08865218174386236,0.9113478182561376,0.8526438777075882,0.9700517588046872,0.009302325581395349,852,0.0014960515036497124,"[""AXp-0dv"", ""AXp-1dv"", ""AXp-2dv""]"
final,132,3,AXp-0dv,AXp-1dv,AXp-1dv,algorithmic_medoid,False,False,3,0.14383465522192018,0.8561653447780798,0.8526438777075882,0.8596868118485714,0.013953488372093023,848,0.00827115592075238,"[""AXp-0dv"", ""AXp-1dv"", ""AXp-2dv""]"
final,133,2,AXp-1d,AXp-1d,AXp-1d,algorithmic_medoid,True,True,1,0.15680936522311462,0.8431906347768854,0.8431906347768854,0.8431906347768854,0.0069767441860465115,854,0.0015042105538485742,"[""AXp-1d"", ""AXp-3d""]"
final,133,2,AXp-3d,AXp-1d,AXp-1d,algorithmic_medoid,False,False,2,0.15680936522311462,0.8431906347768854,0.8431906347768854,0.8431906347768854,0.015116279069767442,847,0.0008695099760527541,"[""AXp-1d"", ""AXp-3d""]"
final,134,1,AXp-2d,AXp-2d,AXp-2d,algorithmic_medoid,True,True,1,0.0,1.0,1.0,1.0,0.009302325581395349,852,0.0016064658350338386,"[""AXp-2d""]"
final,135,5,AXp-5dv,AXp-5dv,AXp-5dv,algorithmic_medoid,True,True,1,0.03673787517782501,0.963262124822175,0.9496721536748812,0.9765782759762437,0.029069767441860465,835,0.0002042209708749103,"[""AXp-3dv"", ""AXp-4dv"", ""AXp-5dv"", ""AXp-6dv"", ""AXp-7dv""]"
final,135,5,AXp-6dv,AXp-5dv,AXp-5dv,algorithmic_medoid,False,False,2,0.03801343159253767,0.9619865684074623,0.9377151669112979,0.9767122785892504,0.03837209302325582,827,9.658718930281541e-05,"[""AXp-3dv"", ""AXp-4dv"", ""AXp-5dv"", ""AXp-6dv"", ""AXp-7dv""]"
final,135,5,AXp-4dv,AXp-5dv,AXp-5dv,algorithmic_medoid,False,False,3,0.040745701259151446,0.9592542987408486,0.927091773616807,0.9836091410836535,0.023255813953488372,840,0.0004739352646190367,"[""AXp-3dv"", ""AXp-4dv"", ""AXp-5dv"", ""AXp-6dv"", ""AXp-7dv""]"
final,135,5,AXp-3dv,AXp-5dv,AXp-5dv,algorithmic_medoid,False,False,4,0.05508771163979653,0.9449122883602035,0.9086526917709816,0.9836091410836535,0.015116279069767442,847,0.000934768129271419,"[""AXp-3dv"", ""AXp-4dv"", ""AXp-5dv"", ""AXp-6dv"", ""AXp-7dv""]"
final,135,5,AXp-7dv,AXp-5dv,AXp-5dv,algorithmic_medoid,False,False,5,0.057530228623815516,0.9424697713761845,0.9086526917709816,0.9767122785892504,0.04883720930232558,818,8.833666454412585e-05,"[""AXp-3dv"", ""AXp-4dv"", ""AXp-5dv"", ""AXp-6dv"", ""AXp-7dv""]"
final,136,6,AXp-6d,AXp-6d,AXp-6d,algorithmic_medoid,True,True,1,0.08779050082027351,0.9122094991797265,0.8565108670421372,0.9564601237845851,0.03837209302325582,827,0.0001232790486666818,"[""AXp-4d"", ""AXp-5d"", ""AXp-6d"", ""AXp-7d"", ""SpDiam_A"", ""SpMax_A""]"
final,136,6,AXp-5d,AXp-6d,AXp-6d,algorithmic_medoid,False,False,2,0.10757123761552201,0.892428762384478,0.8178812420183642,0.9383672945637851,0.029069767441860465,835,0.00020364921221849877,"[""AXp-4d"", ""AXp-5d"", ""AXp-6d"", ""AXp-7d"", ""SpDiam_A"", ""SpMax_A""]"
final,136,6,AXp-4d,AXp-6d,AXp-6d,algorithmic_medoid,False,False,3,0.10761683858170379,0.8923831614182962,0.8249911748894695,0.9383672945637851,0.023255813953488372,840,0.0003645938381275291,"[""AXp-4d"", ""AXp-5d"", ""AXp-6d"", ""AXp-7d"", ""SpDiam_A"", ""SpMax_A""]"
final,136,6,SpMax_A,AXp-6d,AXp-6d,algorithmic_medoid,False,False,4,0.11364079313016384,0.8863592068698362,0.8497788279666104,0.9549960262359083,0.002325581395348837,858,0.07431155891658442,"[""AXp-4d"", ""AXp-5d"", ""AXp-6d"", ""AXp-7d"", ""SpDiam_A"", ""SpMax_A""]"
final,136,6,AXp-7d,AXp-6d,AXp-6d,algorithmic_medoid,False,False,5,0.11442902624440288,0.8855709737555971,0.8221296034942138,0.9564601237845851,0.04883720930232558,818,6.557275051739464e-05,"[""AXp-4d"", ""AXp-5d"", ""AXp-6d"", ""AXp-7d"", ""SpDiam_A"", ""SpMax_A""]"
final,136,6,SpDiam_A,AXp-6d,AXp-6d,algorithmic_medoid,False,False,6,0.14469821726398135,0.8553017827360186,0.8178812420183642,0.9549960262359083,0.002325581395348837,858,0.2884894202108961,"[""AXp-4d"", ""AXp-5d"", ""AXp-6d"", ""AXp-7d"", ""SpDiam_A"", ""SpMax_A""]"
final,137,2,BCUTm-1h,BCUTm-1h,BCUTm-1h,algorithmic_medoid,True,True,1,0.004983657807498654,0.9950163421925013,0.9950163421925013,0.9950163421925013,0.002325581395348837,858,238.44201314859228,"[""BCUTZ-1h"", ""BCUTm-1h""]"
final,137,2,BCUTZ-1h,BCUTm-1h,BCUTm-1h,algorithmic_medoid,False,False,2,0.004983657807498654,0.9950163421925013,0.9950163421925013,0.9950163421925013,0.002325581395348837,858,43.756013730247176,"[""BCUTZ-1h"", ""BCUTm-1h""]"
final,138,3,BCUTm-1l,BCUTm-1l,BCUTm-1l,algorithmic_medoid,True,True,1,0.06781526231751434,0.9321847376824857,0.8656088396593071,0.9987606357056642,0.002325581395348837,858,25.19121723838473,"[""BCUTZ-1l"", ""BCUTm-1l"", ""C3SP2""]"
final,138,3,BCUTZ-1l,BCUTm-1l,BCUTm-1l,algorithmic_medoid,False,False,2,0.0695032192783378,0.9304967807216622,0.8622329257376601,0.9987606357056642,0.002325581395348837,858,4.279125385570578,"[""BCUTZ-1l"", ""BCUTm-1l"", ""C3SP2""]"
final,138,3,C3SP2,BCUTm-1l,BCUTm-1l,algorithmic_medoid,False,False,3,0.13607911730151634,0.8639208826984837,0.8622329257376601,0.8656088396593071,0.0,860,4.063941319632233,"[""BCUTZ-1l"", ""BCUTm-1l"", ""C3SP2""]"
final,139,7,BCUTpe-1h,BCUTpe-1h,BCUTpe-1h,algorithmic_medoid,True,True,1,0.07183139568604269,0.9281686043139573,0.8810918073321579,0.996184315743765,0.004651162790697674,856,0.04460710464542876,"[""BCUTare-1h"", ""BCUTdv-1h"", ""BCUTp-1l"", ""BCUTpe-1h"", ""BCUTs-1h"", ""BCUTse-1h"", ""BCUTv-1l""]"
final,139,7,BCUTare-1h,BCUTpe-1h,BCUTpe-1h,algorithmic_medoid,False,False,2,0.07256202373447129,0.9274379762655287,0.8784253399594049,0.996184315743765,0.0069767441860465115,854,0.05376293302712733,"[""BCUTare-1h"", ""BCUTdv-1h"", ""BCUTp-1l"", ""BCUTpe-1h"", ""BCUTs-1h"", ""BCUTse-1h"", ""BCUTv-1l""]"
final,139,7,BCUTse-1h,BCUTpe-1h,BCUTpe-1h,algorithmic_medoid,False,False,3,0.08001751055156259,0.9199824894484374,0.8714722355023872,0.9939969397839383,0.002325581395348837,858,0.034156028750608365,"[""BCUTare-1h"", ""BCUTdv-1h"", ""BCUTp-1l"", ""BCUTpe-1h"", ""BCUTs-1h"", ""BCUTse-1h"", ""BCUTv-1l""]"
final,139,7,BCUTdv-1h,BCUTpe-1h,BCUTpe-1h,algorithmic_medoid,False,False,4,0.11228440797266803,0.887715592027332,0.872672498550416,0.9048365332911321,0.002325581395348837,858,0.4569349022492403,"[""BCUTare-1h"", ""BCUTdv-1h"", ""BCUTp-1l"", ""BCUTpe-1h"", ""BCUTs-1h"", ""BCUTse-1h"", ""BCUTv-1l""]"
final,139,7,BCUTv-1l,BCUTpe-1h,BCUTpe-1h,algorithmic_medoid,False,False,5,0.11364393109790949,0.8863560689020905,0.8454211321267641,0.9427511849185971,0.002325581395348837,858,3.055508320728778,"[""BCUTare-1h"", ""BCUTdv-1h"", ""BCUTp-1l"", ""BCUTpe-1h"", ""BCUTs-1h"", ""BCUTse-1h"", ""BCUTv-1l""]"
final,139,7,BCUTp-1l,BCUTpe-1h,BCUTpe-1h,algorithmic_medoid,False,False,6,0.1180113471646016,0.8819886528353984,0.8133548160087111,0.9427511849185971,0.002325581395348837,858,0.6738234962267764,"[""BCUTare-1h"", ""BCUTdv-1h"", ""BCUTp-1l"", ""BCUTpe-1h"", ""BCUTs-1h"", ""BCUTse-1h"", ""BCUTv-1l""]"
final,139,7,BCUTs-1h,BCUTpe-1h,BCUTpe-1h,algorithmic_medoid,False,False,7,0.12314990291972017,0.8768500970802798,0.8133548160087111,0.917291947337295,0.009302325581395349,852,1.5098211260883958,"[""BCUTare-1h"", ""BCUTdv-1h"", ""BCUTp-1l"", ""BCUTpe-1h"", ""BCUTs-1h"", ""BCUTse-1h"", ""BCUTv-1l""]"
final,140,3,BCUTare-1l,BCUTare-1l,BCUTare-1l,algorithmic_medoid,True,True,1,0.03512810096457519,0.9648718990354248,0.9483232247580516,0.9814205733127981,0.0069767441860465115,854,0.009912227167058167,"[""BCUTare-1l"", ""BCUTpe-1l"", ""BCUTse-1l""]"
final,140,3,BCUTpe-1l,BCUTare-1l,BCUTare-1l,algorithmic_medoid,False,False,2,0.037012130481591576,0.9629878695184084,0.9445551657240188,0.9814205733127981,0.004651162790697674,856,0.009332538293583775,"[""BCUTare-1l"", ""BCUTpe-1l"", ""BCUTse-1l""]"
final,140,3,BCUTse-1l,BCUTare-1l,BCUTare-1l,algorithmic_medoid,False,False,3,0.05356080475896485,0.9464391952410351,0.9445551657240188,0.9483232247580516,0.002325581395348837,858,0.015502103369460944,"[""BCUTare-1l"", ""BCUTpe-1l"", ""BCUTse-1l""]"
final,141,1,BCUTc-1h,BCUTc-1h,BCUTc-1h,algorithmic_medoid,True,True,1,0.0,1.0,1.0,1.0,0.0034883720930232558,857,0.00491181190848852,"[""BCUTc-1h""]"
final,142,1,BCUTc-1l,BCUTc-1l,BCUTc-1l,algorithmic_medoid,True,True,1,0.0,1.0,1.0,1.0,0.0034883720930232558,857,0.005968393121209732,"[""BCUTc-1l""]"
final,143,5,ETA_shape_x,ETA_shape_x,ETA_shape_x,algorithmic_medoid,True,True,1,0.07586750303683476,0.9241324969631652,0.8701036412455155,0.9548461889831406,0.002325581395348837,858,0.0026637129745792003,"[""BCUTd-1h"", ""ETA_shape_x"", ""MACCS_112"", ""Xc-4d"", ""Xc-4dv""]"
final,143,5,Xc-4d,ETA_shape_x,ETA_shape_x,algorithmic_medoid,False,False,2,0.08039550618412139,0.9196044938158786,0.8330523704126649,0.9548461889831406,0.0,860,0.04893080402216904,"[""BCUTd-1h"", ""ETA_shape_x"", ""MACCS_112"", ""Xc-4d"", ""Xc-4dv""]"
final,143,5,MACCS_112,ETA_shape_x,ETA_shape_x,algorithmic_medoid,False,False,3,0.08043471072594444,0.9195652892740556,0.8636295667631421,0.9389392110913523,0.0,860,0.2487831260140616,"[""BCUTd-1h"", ""ETA_shape_x"", ""MACCS_112"", ""Xc-4d"", ""Xc-4dv""]"
final,143,5,Xc-4dv,ETA_shape_x,ETA_shape_x,algorithmic_medoid,False,False,4,0.08447153641369032,0.9155284635863097,0.837121841935925,0.9515802047763566,0.0,860,0.022088873523711142,"[""BCUTd-1h"", ""ETA_shape_x"", ""MACCS_112"", ""Xc-4d"", ""Xc-4dv""]"
final,143,5,BCUTd-1h,ETA_shape_x,ETA_shape_x,algorithmic_medoid,False,False,5,0.14902314491068802,0.850976855089312,0.8330523704126649,0.8701036412455155,0.002325581395348837,858,0.2941743614842902,"[""BCUTd-1h"", ""ETA_shape_x"", ""MACCS_112"", ""Xc-4d"", ""Xc-4dv""]"
final,144,1,BCUTd-1l,BCUTd-1l,BCUTd-1l,algorithmic_medoid,True,True,1,0.0,1.0,1.0,1.0,0.002325581395348837,858,0.011247617574266447,"[""BCUTd-1l""]"
final,145,1,BCUTdv-1l,BCUTdv-1l,BCUTdv-1l,algorithmic_medoid,True,True,1,0.0,1.0,1.0,1.0,0.002325581395348837,858,0.3262682576498863,"[""BCUTdv-1l""]"
final,146,1,BCUTi-1h,BCUTi-1h,BCUTi-1h,algorithmic_medoid,True,True,1,0.0,1.0,1.0,1.0,0.002325581395348837,858,1.2067082756465555,"[""BCUTi-1h""]"
final,147,1,BCUTs-1l,BCUTs-1l,BCUTs-1l,algorithmic_medoid,True,True,1,0.0,1.0,1.0,1.0,0.009302325581395349,852,0.12015029863500071,"[""BCUTs-1l""]"
final,148,5,CIC1,CIC1,CIC1,algorithmic_medoid,True,True,1,0.07127323859507328,0.9287267614049267,0.9015638768647234,0.9472884867734077,0.0,860,0.9138265303536358,"[""BIC0"", ""BIC1"", ""CIC1"", ""SIC0"", ""SIC1""]"
final,148,5,BIC1,CIC1,CIC1,algorithmic_medoid,False,False,2,0.08824933842833005,0.91175066157167,0.8461542104187937,0.9922449091865614,0.005813953488372093,855,0.01321416392693059,"[""BIC0"", ""BIC1"", ""CIC1"", ""SIC0"", ""SIC1""]"
final,148,5,SIC0,CIC1,CIC1,algorithmic_medoid,False,False,3,0.0931756377105647,0.9068243622894353,0.8510754378837452,0.9957199829978661,0.004651162790697674,856,0.006221586865702239,"[""BIC0"", ""BIC1"", ""CIC1"", ""SIC0"", ""SIC1""]"
final,148,5,SIC1,CIC1,CIC1,algorithmic_medoid,False,False,4,0.09551714922590737,0.9044828507740926,0.8277433624127015,0.9922449091865614,0.004651162790697674,856,0.015530436831331857,"[""BIC0"", ""BIC1"", ""CIC1"", ""SIC0"", ""SIC1""]"
final,148,5,BIC0,CIC1,CIC1,algorithmic_medoid,False,False,5,0.10720464182647882,0.8927953581735212,0.8277433624127015,0.9957199829978661,0.005813953488372093,855,0.005480950957409436,"[""BIC0"", ""BIC1"", ""CIC1"", ""SIC0"", ""SIC1""]"
final,149,3,SIC2,SIC2,SIC2,algorithmic_medoid,True,True,1,0.032880249741579215,0.9671197502584208,0.9548565690655594,0.9793829314512823,0.004651162790697674,856,0.010890676076139999,"[""BIC2"", ""CIC2"", ""SIC2""]"
final,149,3,BIC2,SIC2,SIC2,algorithmic_medoid,False,False,2,0.037199404987521834,0.9628005950124782,0.946218258573674,0.9793829314512823,0.005813953488372093,855,0.009018514340072562,"[""BIC2"", ""CIC2"", ""SIC2""]"
final,149,3,CIC2,SIC2,SIC2,algorithmic_medoid,False,False,3,0.04946258618038324,0.9505374138196168,0.946218258573674,0.9548565690655594,0.0,860,0.47857472285136365,"[""BIC2"", ""CIC2"", ""SIC2""]"
final,150,3,SIC3,SIC3,SIC3,algorithmic_medoid,True,True,1,0.045447600979019565,0.9545523990209804,0.9466792212542872,0.9624255767876737,0.004651162790697674,856,0.007476970616095219,"[""BIC3"", ""CIC3"", ""SIC3""]"
final,150,3,CIC3,SIC3,SIC3,algorithmic_medoid,False,False,2,0.061993857583544254,0.9380061424164557,0.9135867080452378,0.9624255767876737,0.0,860,0.273956061324569,"[""BIC3"", ""CIC3"", ""SIC3""]"
final,150,3,BIC3,SIC3,SIC3,algorithmic_medoid,False,False,3,0.06986703535023753,0.9301329646497625,0.9135867080452378,0.9466792212542872,0.005813953488372093,855,0.005943198717969076,"[""BIC3"", ""CIC3"", ""SIC3""]"
final,151,6,SIC4,SIC4,SIC4,algorithmic_medoid,True,True,1,0.06461417746435794,0.9353858225356421,0.8745208999415561,0.9739389782314478,0.004651162790697674,856,0.006370042819618657,"[""BIC4"", ""BIC5"", ""CIC4"", ""CIC5"", ""SIC4"", ""SIC5""]"
final,151,6,SIC5,SIC4,SIC4,algorithmic_medoid,False,False,2,0.06520170146666582,0.9347982985333342,0.9054212055649927,0.9739389782314478,0.004651162790697674,856,0.005827987705817686,"[""BIC4"", ""BIC5"", ""CIC4"", ""CIC5"", ""SIC4"", ""SIC5""]"
final,151,6,CIC5,SIC4,SIC4,algorithmic_medoid,False,False,3,0.07616392405918637,0.9238360759408136,0.8612251018544858,0.9759598682466083,0.0,860,0.1814368659132814,"[""BIC4"", ""BIC5"", ""CIC4"", ""CIC5"", ""SIC4"", ""SIC5""]"
final,151,6,BIC4,SIC4,SIC4,algorithmic_medoid,False,False,4,0.09346795535381924,0.9065320446461808,0.8681484825712652,0.9696876701770871,0.005813953488372093,855,0.005021241578703814,"[""BIC4"", ""BIC5"", ""CIC4"", ""CIC5"", ""SIC4"", ""SIC5""]"
final,151,6,CIC4,SIC4,SIC4,algorithmic_medoid,False,False,5,0.09347586526994911,0.9065241347300509,0.8089461890104171,0.9759598682466083,0.0,860,0.21063560630368217,"[""BIC4"", ""BIC5"", ""CIC4"", ""CIC5"", ""SIC4"", ""SIC5""]"
final,151,6,BIC5,SIC4,SIC4,algorithmic_medoid,False,False,6,0.11429896536991424,0.8857010346300858,0.8089461890104171,0.9696876701770871,0.005813953488372093,855,0.004592796974505696,"[""BIC4"", ""BIC5"", ""CIC4"", ""CIC5"", ""SIC4"", ""SIC5""]"
final,152,1,BalabanJ,BalabanJ,BalabanJ,algorithmic_medoid,True,True,1,0.0,1.0,1.0,1.0,0.0,860,0.5232464451930983,"[""BalabanJ""]"
final,153,6,ETA_beta,ETA_beta,ETA_beta,algorithmic_medoid,True,True,1,0.032794351873239314,0.9672056481267607,0.9517271046870042,0.9778821299435959,0.002325581395348837,858,342.5492418832815,"[""BertzCT"", ""ETA_beta"", ""ETA_eta_F"", ""ETA_eta_FL"", ""piPC1"", ""piPC2""]"
final,153,6,piPC2,ETA_beta,ETA_beta,algorithmic_medoid,False,False,2,0.03377730017710512,0.9662226998228949,0.9321802465755225,0.9969627023947389,0.0,860,0.5608641723237934,"[""BertzCT"", ""ETA_beta"", ""ETA_eta_F"", ""ETA_eta_FL"", ""piPC1"", ""piPC2""]"
final,153,6,BertzCT,ETA_beta,ETA_beta,algorithmic_medoid,False,False,3,0.03384828020259367,0.9661517197974063,0.9329109055351155,0.9969627023947389,0.0,860,456286.33279497275,"[""BertzCT"", ""ETA_beta"", ""ETA_eta_F"", ""ETA_eta_FL"", ""piPC1"", ""piPC2""]"
final,153,6,piPC1,ETA_beta,ETA_beta,algorithmic_medoid,False,False,4,0.04398534287932665,0.9560146571206734,0.910602367487836,0.9795005556839416,0.0,860,0.42438419571891917,"[""BertzCT"", ""ETA_beta"", ""ETA_eta_F"", ""ETA_eta_FL"", ""piPC1"", ""piPC2""]"
final,153,6,ETA_eta_F,ETA_beta,ETA_beta,algorithmic_medoid,False,False,5,0.048888687370182815,0.9511113126298172,0.948638389907451,0.9523408336421376,0.002325581395348837,858,820.6529942275012,"[""BertzCT"", ""ETA_beta"", ""ETA_eta_F"", ""ETA_eta_FL"", ""piPC1"", ""piPC2""]"
final,153,6,ETA_eta_FL,ETA_beta,ETA_beta,algorithmic_medoid,False,False,6,0.058993978357840815,0.9410060216421592,0.910602367487836,0.9778821299435959,0.002325581395348837,858,13.31561433043937,"[""BertzCT"", ""ETA_beta"", ""ETA_eta_F"", ""ETA_eta_FL"", ""piPC1"", ""piPC2""]"
final,154,5,ECFP_674,ECFP_674,ECFP_674,algorithmic_medoid,True,True,1,0.021413688540967257,0.9785863114590327,0.9416913066999562,0.9999779049470796,0.0,860,0.020492157923201734,"[""C1SP1"", ""ECFP_674"", ""NtsC"", ""StsC"", ""nBondsT""]"
final,154,5,NtsC,ECFP_674,ECFP_674,algorithmic_medoid,False,False,2,0.021977926746546306,0.9780220732534537,0.9394337529498669,0.9999779049470796,0.0,860,0.027366143861546784,"[""C1SP1"", ""ECFP_674"", ""NtsC"", ""StsC"", ""nBondsT""]"
final,154,5,StsC,ECFP_674,ECFP_674,algorithmic_medoid,False,False,3,0.02201595997370953,0.9779840400262905,0.939384676063756,0.9999477590772562,0.0,860,0.16939357845325975,"[""C1SP1"", ""ECFP_674"", ""NtsC"", ""StsC"", ""nBondsT""]"
final,154,5,nBondsT,ECFP_674,ECFP_674,algorithmic_medoid,False,False,4,0.0414530322694977,0.9585469677305023,0.9160305660863561,0.9727503690104935,0.0,860,0.021604921579232023,"[""C1SP1"", ""ECFP_674"", ""NtsC"", ""StsC"", ""nBondsT""]"
final,154,5,C1SP1,ECFP_674,ECFP_674,algorithmic_medoid,False,False,5,0.06586492455001625,0.9341350754499838,0.9160305660863561,0.9416913066999562,0.0,860,0.018258518117901575,"[""C1SP1"", ""ECFP_674"", ""NtsC"", ""StsC"", ""nBondsT""]"
final,155,1,C1SP2,C1SP2,C1SP2,algorithmic_medoid,True,True,1,0.0,1.0,1.0,1.0,0.0,860,5.991448080043267,"[""C1SP2""]"
final,156,1,C1SP3,C1SP3,C1SP3,algorithmic_medoid,True,True,1,0.0,1.0,1.0,1.0,0.0,860,12.53771092482423,"[""C1SP3""]"
final,157,2,C2SP1,C2SP1,C2SP1,algorithmic_medoid,True,True,1,6.815819517225208e-06,0.9999931841804828,0.9999931841804828,0.9999931841804828,0.0,860,0.015006760411032988,"[""C2SP1"", ""MACCS_17""]"
final,157,2,MACCS_17,C2SP1,C2SP1,algorithmic_medoid,False,False,2,6.815819517225208e-06,0.9999931841804828,0.9999931841804828,0.9999931841804828,0.0,860,0.00807328285559762,"[""C2SP1"", ""MACCS_17""]"
final,158,6,nBondsM,nBondsM,nBondsM,algorithmic_medoid,True,True,1,0.09476711571387464,0.9052328842861254,0.8538085174881549,0.9806651059737078,0.0,860,72.60867901568415,"[""C2SP2"", ""ETA_beta_ns"", ""SMR_VSA7"", ""SlogP_VSA6"", ""nBondsKD"", ""nBondsM""]"
final,158,6,ETA_beta_ns,nBondsM,nBondsM,algorithmic_medoid,False,False,2,0.10147267248857994,0.8985273275114201,0.8273430093966864,0.9806651059737078,0.002325581395348837,858,80.40557598702,"[""C2SP2"", ""ETA_beta_ns"", ""SMR_VSA7"", ""SlogP_VSA6"", ""nBondsKD"", ""nBondsM""]"
final,158,6,SMR_VSA7,nBondsM,nBondsM,algorithmic_medoid,False,False,3,0.10486862084086357,0.8951313791591364,0.8322036977060473,0.9641062073631573,0.0,860,1289.935235308002,"[""C2SP2"", ""ETA_beta_ns"", ""SMR_VSA7"", ""SlogP_VSA6"", ""nBondsKD"", ""nBondsM""]"
final,158,6,C2SP2,nBondsM,nBondsM,algorithmic_medoid,False,False,4,0.1133392312058128,0.8866607687941872,0.8262725103952467,0.9389568091921461,0.0,860,37.49872769064359,"[""C2SP2"", ""ETA_beta_ns"", ""SMR_VSA7"", ""SlogP_VSA6"", ""nBondsKD"", ""nBondsM""]"
final,158,6,SlogP_VSA6,nBondsM,nBondsM,algorithmic_medoid,False,False,5,0.11904074591540303,0.880959254084597,0.8232246658514056,0.9641062073631573,0.0,860,869.0994355311489,"[""C2SP2"", ""ETA_beta_ns"", ""SMR_VSA7"", ""SlogP_VSA6"", ""nBondsKD"", ""nBondsM""]"
final,158,6,nBondsKD,nBondsM,nBondsM,algorithmic_medoid,False,False,6,0.12282612829722483,0.8771738717027752,0.8232246658514056,0.9667528198119953,0.0,860,21.827669010275823,"[""C2SP2"", ""ETA_beta_ns"", ""SMR_VSA7"", ""SlogP_VSA6"", ""nBondsKD"", ""nBondsM""]"
final,159,2,SMR_VSA5,SMR_VSA5,SMR_VSA5,algorithmic_medoid,True,True,1,0.10918682910015132,0.8908131708998487,0.8908131708998487,0.8908131708998487,0.0,860,2562.450419664923,"[""C2SP3"", ""SMR_VSA5""]"
final,159,2,C2SP3,SMR_VSA5,SMR_VSA5,algorithmic_medoid,False,False,2,0.10918682910015132,0.8908131708998487,0.8908131708998487,0.8908131708998487,0.0,860,32.37934018388318,"[""C2SP3"", ""SMR_VSA5""]"
final,160,1,C3SP3,C3SP3,C3SP3,algorithmic_medoid,True,True,1,0.0,1.0,1.0,1.0,0.0,860,3.390561114115738,"[""C3SP3""]"
final,161,1,C4SP3,C4SP3,C4SP3,algorithmic_medoid,True,True,1,0.0,1.0,1.0,1.0,0.0,860,0.34066522444564634,"[""C4SP3""]"
final,162,3,FPSA1,FPSA1,FPSA1,algorithmic_medoid,True,True,1,0.03547439133912533,0.9645256086608747,0.9290512173217492,1.0,0.005813953488372093,855,0.01248831663090587,"[""DPSA1"", ""FNSA1"", ""FPSA1""]"
final,162,3,FNSA1,FPSA1,FPSA1,algorithmic_medoid,False,False,2,0.03547439133912533,0.9645256086608747,0.9290512173217492,1.0,0.005813953488372093,855,0.012488316630905867,"[""DPSA1"", ""FNSA1"", ""FPSA1""]"
final,162,3,DPSA1,FPSA1,FPSA1,algorithmic_medoid,False,False,3,0.07094878267825078,0.9290512173217492,0.9290512173217492,0.9290512173217492,0.005813953488372093,855,34143.37202697411,"[""DPSA1"", ""FNSA1"", ""FPSA1""]"
final,163,56,SpAD_Dzv,SpAD_Dzv,SpAD_Dzv,algorithmic_medoid,True,True,1,0.017780661200872183,0.9822193387991278,0.9075656278472485,0.9999953447422941,0.002325581395348837,858,284840.8674987005,"[""DPSA2"", ""ECIndex"", ""Kier2"", ""LogEE_D"", ""LogEE_DzZ"", ""LogEE_Dzare"", ""LogEE_Dzi"", ""LogEE_Dzm"", ""LogEE_Dzp"", ""LogEE_Dzpe"", ""LogEE_Dzse"", ""LogEE_Dzv"", ""PPSA2"", ""SpAD_D"", ""SpAD_DzZ"", ""SpAD_Dzare"", ""SpAD_Dzi"", ""SpAD_Dzm"", ""SpAD_Dzp"", ""SpAD_Dzpe"", ""SpAD_Dzse"", ""SpAD_Dzv"", ""SpAbs_D"", ""SpAbs_DzZ"", ""SpAbs_Dzare"", ""SpAbs_Dzi"", ""SpAbs_Dzm"", ""SpAbs_Dzp"", ""SpAbs_Dzpe"", ""SpAbs_Dzse"", ""SpAbs_Dzv"", ""SpDiam_D"", ""SpDiam_DzZ"", ""SpDiam_Dzare"", ""SpDiam_Dzi"", ""SpDiam_Dzm"", ""SpDiam_Dzp"", ""SpDiam_Dzpe"", ""SpDiam_Dzse"", ""SpDiam_Dzv"", ""SpMAD_Dzp"", ""SpMAD_Dzv"", ""SpMax_D"", ""SpMax_DzZ"", ""SpMax_Dzare"", ""SpMax_Dzi"", ""SpMax_Dzm"", ""SpMax_Dzp"", ""SpMax_Dzpe"", ""SpMax_Dzse"", ""SpMax_Dzv"", ""WPSA2"", ""WPSA3"", ""WPSA4"", ""WPSA5"", ""WPath""]"
final,163,56,SpMax_Dzv,SpAD_Dzv,SpAD_Dzv,algorithmic_medoid,False,False,2,0.017787625395661033,0.982212374604339,0.9075522386056311,1.0,0.002325581395348837,858,71032.27793737831,"[""DPSA2"", ""ECIndex"", ""Kier2"", ""LogEE_D"", ""LogEE_DzZ"", ""LogEE_Dzare"", ""LogEE_Dzi"", ""LogEE_Dzm"", ""LogEE_Dzp"", ""LogEE_Dzpe"", ""LogEE_Dzse"", ""LogEE_Dzv"", ""PPSA2"", ""SpAD_D"", ""SpAD_DzZ"", ""SpAD_Dzare"", ""SpAD_Dzi"", ""SpAD_Dzm"", ""SpAD_Dzp"", ""SpAD_Dzpe"", ""SpAD_Dzse"", ""SpAD_Dzv"", ""SpAbs_D"", ""SpAbs_DzZ"", ""SpAbs_Dzare"", ""SpAbs_Dzi"", ""SpAbs_Dzm"", ""SpAbs_Dzp"", ""SpAbs_Dzpe"", ""SpAbs_Dzse"", ""SpAbs_Dzv"", ""SpDiam_D"", ""SpDiam_DzZ"", ""SpDiam_Dzare"", ""SpDiam_Dzi"", ""SpDiam_Dzm"", ""SpDiam_Dzp"", ""SpDiam_Dzpe"", ""SpDiam_Dzse"", ""SpDiam_Dzv"", ""SpMAD_Dzp"", ""SpMAD_Dzv"", ""SpMax_D"", ""SpMax_DzZ"", ""SpMax_Dzare"", ""SpMax_Dzi"", ""SpMax_Dzm"", ""SpMax_Dzp"", ""SpMax_Dzpe"", ""SpMax_Dzse"", ""SpMax_Dzv"", ""WPSA2"", ""WPSA3"", ""WPSA4"", ""WPSA5"", ""WPath""]"
final,163,56,LogEE_Dzv,SpAD_Dzv,SpAD_Dzv,algorithmic_medoid,False,False,3,0.017787625395661033,0.982212374604339,0.9075522386056311,1.0,0.002325581395348837,858,71029.53757163543,"[""DPSA2"", ""ECIndex"", ""Kier2"", ""LogEE_D"", ""LogEE_DzZ"", ""LogEE_Dzare"", ""LogEE_Dzi"", ""LogEE_Dzm"", ""LogEE_Dzp"", ""LogEE_Dzpe"", ""LogEE_Dzse"", ""LogEE_Dzv"", ""PPSA2"", ""SpAD_D"", ""SpAD_DzZ"", ""SpAD_Dzare"", ""SpAD_Dzi"", ""SpAD_Dzm"", ""SpAD_Dzp"", ""SpAD_Dzpe"", ""SpAD_Dzse"", ""SpAD_Dzv"", ""SpAbs_D"", ""SpAbs_DzZ"", ""SpAbs_Dzare"", ""SpAbs_Dzi"", ""SpAbs_Dzm"", ""SpAbs_Dzp"", ""SpAbs_Dzpe"", ""SpAbs_Dzse"", ""SpAbs_Dzv"", ""SpDiam_D"", ""SpDiam_DzZ"", ""SpDiam_Dzare"", ""SpDiam_Dzi"", ""SpDiam_Dzm"", ""SpDiam_Dzp"", ""SpDiam_Dzpe"", ""SpDiam_Dzse"", ""SpDiam_Dzv"", ""SpMAD_Dzp"", ""SpMAD_Dzv"", ""SpMax_D"", ""SpMax_DzZ"", ""SpMax_Dzare"", ""SpMax_Dzi"", ""SpMax_Dzm"", ""SpMax_Dzp"", ""SpMax_Dzpe"", ""SpMax_Dzse"", ""SpMax_Dzv"", ""WPSA2"", ""WPSA3"", ""WPSA4"", ""WPSA5"", ""WPath""]"
final,163,56,LogEE_Dzse,SpAD_Dzv,SpAD_Dzv,algorithmic_medoid,False,False,4,0.017813886788361266,0.9821861132116387,0.8888318581834485,0.9999999811337105,0.002325581395348837,858,44033.49269743151,"[""DPSA2"", ""ECIndex"", ""Kier2"", ""LogEE_D"", ""LogEE_DzZ"", ""LogEE_Dzare"", ""LogEE_Dzi"", ""LogEE_Dzm"", ""LogEE_Dzp"", ""LogEE_Dzpe"", ""LogEE_Dzse"", ""LogEE_Dzv"", ""PPSA2"", ""SpAD_D"", ""SpAD_DzZ"", ""SpAD_Dzare"", ""SpAD_Dzi"", ""SpAD_Dzm"", ""SpAD_Dzp"", ""SpAD_Dzpe"", ""SpAD_Dzse"", ""SpAD_Dzv"", ""SpAbs_D"", ""SpAbs_DzZ"", ""SpAbs_Dzare"", ""SpAbs_Dzi"", ""SpAbs_Dzm"", ""SpAbs_Dzp"", ""SpAbs_Dzpe"", ""SpAbs_Dzse"", ""SpAbs_Dzv"", ""SpDiam_D"", ""SpDiam_DzZ"", ""SpDiam_Dzare"", ""SpDiam_Dzi"", ""SpDiam_Dzm"", ""SpDiam_Dzp"", ""SpDiam_Dzpe"", ""SpDiam_Dzse"", ""SpDiam_Dzv"", ""SpMAD_Dzp"", ""SpMAD_Dzv"", ""SpMax_D"", ""SpMax_DzZ"", ""SpMax_Dzare"", ""SpMax_Dzi"", ""SpMax_Dzm"", ""SpMax_Dzp"", ""SpMax_Dzpe"", ""SpMax_Dzse"", ""SpMax_Dzv"", ""WPSA2"", ""WPSA3"", ""WPSA4"", ""WPSA5"", ""WPath""]"
final,163,56,SpMax_Dzse,SpAD_Dzv,SpAD_Dzv,algorithmic_medoid,False,False,5,0.017813889532549365,0.9821861104674506,0.8888317827182791,0.9999999811337105,0.002325581395348837,858,44037.406502200334,"[""DPSA2"", ""ECIndex"", ""Kier2"", ""LogEE_D"", ""LogEE_DzZ"", ""LogEE_Dzare"", ""LogEE_Dzi"", ""LogEE_Dzm"", ""LogEE_Dzp"", ""LogEE_Dzpe"", ""LogEE_Dzse"", ""LogEE_Dzv"", ""PPSA2"", ""SpAD_D"", ""SpAD_DzZ"", ""SpAD_Dzare"", ""SpAD_Dzi"", ""SpAD_Dzm"", ""SpAD_Dzp"", ""SpAD_Dzpe"", ""SpAD_Dzse"", ""SpAD_Dzv"", ""SpAbs_D"", ""SpAbs_DzZ"", ""SpAbs_Dzare"", ""SpAbs_Dzi"", ""SpAbs_Dzm"", ""SpAbs_Dzp"", ""SpAbs_Dzpe"", ""SpAbs_Dzse"", ""SpAbs_Dzv"", ""SpDiam_D"", ""SpDiam_DzZ"", ""SpDiam_Dzare"", ""SpDiam_Dzi"", ""SpDiam_Dzm"", ""SpDiam_Dzp"", ""SpDiam_Dzpe"", ""SpDiam_Dzse"", ""SpDiam_Dzv"", ""SpMAD_Dzp"", ""SpMAD_Dzv"", ""SpMax_D"", ""SpMax_DzZ"", ""SpMax_Dzare"", ""SpMax_Dzi"", ""SpMax_Dzm"", ""SpMax_Dzp"", ""SpMax_Dzpe"", ""SpMax_Dzse"", ""SpMax_Dzv"", ""WPSA2"", ""WPSA3"", ""WPSA4"", ""WPSA5"", ""WPath""]"
final,163,56,SpAD_Dzse,SpAD_Dzv,SpAD_Dzv,algorithmic_medoid,False,False,6,0.01782070320716933,0.9821792967928307,0.8888384053026065,0.9999977973603429,0.002325581395348837,858,176489.26501272924,"[""DPSA2"", ""ECIndex"", ""Kier2"", ""LogEE_D"", ""LogEE_DzZ"", ""LogEE_Dzare"", ""LogEE_Dzi"", ""LogEE_Dzm"", ""LogEE_Dzp"", ""LogEE_Dzpe"", ""LogEE_Dzse"", ""LogEE_Dzv"", ""PPSA2"", ""SpAD_D"", ""SpAD_DzZ"", ""SpAD_Dzare"", ""SpAD_Dzi"", ""SpAD_Dzm"", ""SpAD_Dzp"", ""SpAD_Dzpe"", ""SpAD_Dzse"", ""SpAD_Dzv"", ""SpAbs_D"", ""SpAbs_DzZ"", ""SpAbs_Dzare"", ""SpAbs_Dzi"", ""SpAbs_Dzm"", ""SpAbs_Dzp"", ""SpAbs_Dzpe"", ""SpAbs_Dzse"", ""SpAbs_Dzv"", ""SpDiam_D"", ""SpDiam_DzZ"", ""SpDiam_Dzare"", ""SpDiam_Dzi"", ""SpDiam_Dzm"", ""SpDiam_Dzp"", ""SpDiam_Dzpe"", ""SpDiam_Dzse"", ""SpDiam_Dzv"", ""SpMAD_Dzp"", ""SpMAD_Dzv"", ""SpMax_D"", ""SpMax_DzZ"", ""SpMax_Dzare"", ""SpMax_Dzi"", ""SpMax_Dzm"", ""SpMax_Dzp"", ""SpMax_Dzpe"", ""SpMax_Dzse"", ""SpMax_Dzv"", ""WPSA2"", ""WPSA3"", ""WPSA4"", ""WPSA5"", ""WPath""]"
final,163,56,SpAbs_Dzv,SpAD_Dzv,SpAD_Dzv,algorithmic_medoid,False,False,7,0.017936409025777533,0.9820635909742225,0.9081888627739148,0.9999804403710746,0.002325581395348837,858,286450.05627498636,"[""DPSA2"", ""ECIndex"", ""Kier2"", ""LogEE_D"", ""LogEE_DzZ"", ""LogEE_Dzare"", ""LogEE_Dzi"", ""LogEE_Dzm"", ""LogEE_Dzp"", ""LogEE_Dzpe"", ""LogEE_Dzse"", ""LogEE_Dzv"", ""PPSA2"", ""SpAD_D"", ""SpAD_DzZ"", ""SpAD_Dzare"", ""SpAD_Dzi"", ""SpAD_Dzm"", ""SpAD_Dzp"", ""SpAD_Dzpe"", ""SpAD_Dzse"", ""SpAD_Dzv"", ""SpAbs_D"", ""SpAbs_DzZ"", ""SpAbs_Dzare"", ""SpAbs_Dzi"", ""SpAbs_Dzm"", ""SpAbs_Dzp"", ""SpAbs_Dzpe"", ""SpAbs_Dzse"", ""SpAbs_Dzv"", ""SpDiam_D"", ""SpDiam_DzZ"", ""SpDiam_Dzare"", ""SpDiam_Dzi"", ""SpDiam_Dzm"", ""SpDiam_Dzp"", ""SpDiam_Dzpe"", ""SpDiam_Dzse"", ""SpDiam_Dzv"", ""SpMAD_Dzp"", ""SpMAD_Dzv"", ""SpMax_D"", ""SpMax_DzZ"", ""SpMax_Dzare"", ""SpMax_Dzi"", ""SpMax_Dzm"", ""SpMax_Dzp"", ""SpMax_Dzpe"", ""SpMax_Dzse"", ""SpMax_Dzv"", ""WPSA2"", ""WPSA3"", ""WPSA4"", ""WPSA5"", ""WPath""]"
final,163,56,SpAbs_Dzse,SpAD_Dzv,SpAD_Dzv,algorithmic_medoid,False,False,8,0.01796914485025669,0.9820308551497433,0.8879823373394004,0.9999832608818306,0.002325581395348837,858,175723.11176184376,"[""DPSA2"", ""ECIndex"", ""Kier2"", ""LogEE_D"", ""LogEE_DzZ"", ""LogEE_Dzare"", ""LogEE_Dzi"", ""LogEE_Dzm"", ""LogEE_Dzp"", ""LogEE_Dzpe"", ""LogEE_Dzse"", ""LogEE_Dzv"", ""PPSA2"", ""SpAD_D"", ""SpAD_DzZ"", ""SpAD_Dzare"", ""SpAD_Dzi"", ""SpAD_Dzm"", ""SpAD_Dzp"", ""SpAD_Dzpe"", ""SpAD_Dzse"", ""SpAD_Dzv"", ""SpAbs_D"", ""SpAbs_DzZ"", ""SpAbs_Dzare"", ""SpAbs_Dzi"", ""SpAbs_Dzm"", ""SpAbs_Dzp"", ""SpAbs_Dzpe"", ""SpAbs_Dzse"", ""SpAbs_Dzv"", ""SpDiam_D"", ""SpDiam_DzZ"", ""SpDiam_Dzare"", ""SpDiam_Dzi"", ""SpDiam_Dzm"", ""SpDiam_Dzp"", ""SpDiam_Dzpe"", ""SpDiam_Dzse"", ""SpDiam_Dzv"", ""SpMAD_Dzp"", ""SpMAD_Dzv"", ""SpMax_D"", ""SpMax_DzZ"", ""SpMax_Dzare"", ""SpMax_Dzi"", ""SpMax_Dzm"", ""SpMax_Dzp"", ""SpMax_Dzpe"", ""SpMax_Dzse"", ""SpMax_Dzv"", ""WPSA2"", ""WPSA3"", ""WPSA4"", ""WPSA5"", ""WPath""]"
final,163,56,SpMax_Dzi,SpAD_Dzv,SpAD_Dzv,algorithmic_medoid,False,False,9,0.01820969885312651,0.9817903011468735,0.8892640755075147,1.0,0.002325581395348837,858,42248.86720024976,"[""DPSA2"", ""ECIndex"", ""Kier2"", ""LogEE_D"", ""LogEE_DzZ"", ""LogEE_Dzare"", ""LogEE_Dzi"", ""LogEE_Dzm"", ""LogEE_Dzp"", ""LogEE_Dzpe"", ""LogEE_Dzse"", ""LogEE_Dzv"", ""PPSA2"", ""SpAD_D"", ""SpAD_DzZ"", ""SpAD_Dzare"", ""SpAD_Dzi"", ""SpAD_Dzm"", ""SpAD_Dzp"", ""SpAD_Dzpe"", ""SpAD_Dzse"", ""SpAD_Dzv"", ""SpAbs_D"", ""SpAbs_DzZ"", ""SpAbs_Dzare"", ""SpAbs_Dzi"", ""SpAbs_Dzm"", ""SpAbs_Dzp"", ""SpAbs_Dzpe"", ""SpAbs_Dzse"", ""SpAbs_Dzv"", ""SpDiam_D"", ""SpDiam_DzZ"", ""SpDiam_Dzare"", ""SpDiam_Dzi"", ""SpDiam_Dzm"", ""SpDiam_Dzp"", ""SpDiam_Dzpe"", ""SpDiam_Dzse"", ""SpDiam_Dzv"", ""SpMAD_Dzp"", ""SpMAD_Dzv"", ""SpMax_D"", ""SpMax_DzZ"", ""SpMax_Dzare"", ""SpMax_Dzi"", ""SpMax_Dzm"", ""SpMax_Dzp"", ""SpMax_Dzpe"", ""SpMax_Dzse"", ""SpMax_Dzv"", ""WPSA2"", ""WPSA3"", ""WPSA4"", ""WPSA5"", ""WPath""]"
final,163,56,LogEE_Dzi,SpAD_Dzv,SpAD_Dzv,algorithmic_medoid,False,False,10,0.01820969885312651,0.9817903011468735,0.8892640755075147,1.0,0.002325581395348837,858,42245.8291339557,"[""DPSA2"", ""ECIndex"", ""Kier2"", ""LogEE_D"", ""LogEE_DzZ"", ""LogEE_Dzare"", ""LogEE_Dzi"", ""LogEE_Dzm"", ""LogEE_Dzp"", ""LogEE_Dzpe"", ""LogEE_Dzse"", ""LogEE_Dzv"", ""PPSA2"", ""SpAD_D"", ""SpAD_DzZ"", ""SpAD_Dzare"", ""SpAD_Dzi"", ""SpAD_Dzm"", ""SpAD_Dzp"", ""SpAD_Dzpe"", ""SpAD_Dzse"", ""SpAD_Dzv"", ""SpAbs_D"", ""SpAbs_DzZ"", ""SpAbs_Dzare"", ""SpAbs_Dzi"", ""SpAbs_Dzm"", ""SpAbs_Dzp"", ""SpAbs_Dzpe"", ""SpAbs_Dzse"", ""SpAbs_Dzv"", ""SpDiam_D"", ""SpDiam_DzZ"", ""SpDiam_Dzare"", ""SpDiam_Dzi"", ""SpDiam_Dzm"", ""SpDiam_Dzp"", ""SpDiam_Dzpe"", ""SpDiam_Dzse"", ""SpDiam_Dzv"", ""SpMAD_Dzp"", ""SpMAD_Dzv"", ""SpMax_D"", ""SpMax_DzZ"", ""SpMax_Dzare"", ""SpMax_Dzi"", ""SpMax_Dzm"", ""SpMax_Dzp"", ""SpMax_Dzpe"", ""SpMax_Dzse"", ""SpMax_Dzv"", ""WPSA2"", ""WPSA3"", ""WPSA4"", ""WPSA5"", ""WPath""]"
final,163,56,SpAD_Dzi,SpAD_Dzv,SpAD_Dzv,algorithmic_medoid,False,False,11,0.01822037315323588,0.9817796268467641,0.8892470869944601,0.999997910558099,0.002325581395348837,858,169358.51328073101,"[""DPSA2"", ""ECIndex"", ""Kier2"", ""LogEE_D"", ""LogEE_DzZ"", ""LogEE_Dzare"", ""LogEE_Dzi"", ""LogEE_Dzm"", ""LogEE_Dzp"", ""LogEE_Dzpe"", ""LogEE_Dzse"", ""LogEE_Dzv"", ""PPSA2"", ""SpAD_D"", ""SpAD_DzZ"", ""SpAD_Dzare"", ""SpAD_Dzi"", ""SpAD_Dzm"", ""SpAD_Dzp"", ""SpAD_Dzpe"", ""SpAD_Dzse"", ""SpAD_Dzv"", ""SpAbs_D"", ""SpAbs_DzZ"", ""SpAbs_Dzare"", ""SpAbs_Dzi"", ""SpAbs_Dzm"", ""SpAbs_Dzp"", ""SpAbs_Dzpe"", ""SpAbs_Dzse"", ""SpAbs_Dzv"", ""SpDiam_D"", ""SpDiam_DzZ"", ""SpDiam_Dzare"", ""SpDiam_Dzi"", ""SpDiam_Dzm"", ""SpDiam_Dzp"", ""SpDiam_Dzpe"", ""SpDiam_Dzse"", ""SpDiam_Dzv"", ""SpMAD_Dzp"", ""SpMAD_Dzv"", ""SpMax_D"", ""SpMax_DzZ"", ""SpMax_Dzare"", ""SpMax_Dzi"", ""SpMax_Dzm"", ""SpMax_Dzp"", ""SpMax_Dzpe"", ""SpMax_Dzse"", ""SpMax_Dzv"", ""WPSA2"", ""WPSA3"", ""WPSA4"", ""WPSA5"", ""WPath""]"
final,163,56,SpAbs_Dzi,SpAD_Dzv,SpAD_Dzv,algorithmic_medoid,False,False,12,0.018343570265303533,0.9816564297346965,0.8885238659612095,0.9999887792724405,0.002325581395348837,858,168686.14367775954,"[""DPSA2"", ""ECIndex"", ""Kier2"", ""LogEE_D"", ""LogEE_DzZ"", ""LogEE_Dzare"", ""LogEE_Dzi"", ""LogEE_Dzm"", ""LogEE_Dzp"", ""LogEE_Dzpe"", ""LogEE_Dzse"", ""LogEE_Dzv"", ""PPSA2"", ""SpAD_D"", ""SpAD_DzZ"", ""SpAD_Dzare"", ""SpAD_Dzi"", ""SpAD_Dzm"", ""SpAD_Dzp"", ""SpAD_Dzpe"", ""SpAD_Dzse"", ""SpAD_Dzv"", ""SpAbs_D"", ""SpAbs_DzZ"", ""SpAbs_Dzare"", ""SpAbs_Dzi"", ""SpAbs_Dzm"", ""SpAbs_Dzp"", ""SpAbs_Dzpe"", ""SpAbs_Dzse"", ""SpAbs_Dzv"", ""SpDiam_D"", ""SpDiam_DzZ"", ""SpDiam_Dzare"", ""SpDiam_Dzi"", ""SpDiam_Dzm"", ""SpDiam_Dzp"", ""SpDiam_Dzpe"", ""SpDiam_Dzse"", ""SpDiam_Dzv"", ""SpMAD_Dzp"", ""SpMAD_Dzv"", ""SpMax_D"", ""SpMax_DzZ"", ""SpMax_Dzare"", ""SpMax_Dzi"", ""SpMax_Dzm"", ""SpMax_Dzp"", ""SpMax_Dzpe"", ""SpMax_Dzse"", ""SpMax_Dzv"", ""WPSA2"", ""WPSA3"", ""WPSA4"", ""WPSA5"", ""WPath""]"
final,163,56,SpAD_DzZ,SpAD_Dzv,SpAD_Dzv,algorithmic_medoid,False,False,13,0.01881343945291325,0.9811865605470868,0.887228214152414,0.9999951372130746,0.002325581395348837,858,176218.81168232457,"[""DPSA2"", ""ECIndex"", ""Kier2"", ""LogEE_D"", ""LogEE_DzZ"", ""LogEE_Dzare"", ""LogEE_Dzi"", ""LogEE_Dzm"", ""LogEE_Dzp"", ""LogEE_Dzpe"", ""LogEE_Dzse"", ""LogEE_Dzv"", ""PPSA2"", ""SpAD_D"", ""SpAD_DzZ"", ""SpAD_Dzare"", ""SpAD_Dzi"", ""SpAD_Dzm"", ""SpAD_Dzp"", ""SpAD_Dzpe"", ""SpAD_Dzse"", ""SpAD_Dzv"", ""SpAbs_D"", ""SpAbs_DzZ"", ""SpAbs_Dzare"", ""SpAbs_Dzi"", ""SpAbs_Dzm"", ""SpAbs_Dzp"", ""SpAbs_Dzpe"", ""SpAbs_Dzse"", ""SpAbs_Dzv"", ""SpDiam_D"", ""SpDiam_DzZ"", ""SpDiam_Dzare"", ""SpDiam_Dzi"", ""SpDiam_Dzm"", ""SpDiam_Dzp"", ""SpDiam_Dzpe"", ""SpDiam_Dzse"", ""SpDiam_Dzv"", ""SpMAD_Dzp"", ""SpMAD_Dzv"", ""SpMax_D"", ""SpMax_DzZ"", ""SpMax_Dzare"", ""SpMax_Dzi"", ""SpMax_Dzm"", ""SpMax_Dzp"", ""SpMax_Dzpe"", ""SpMax_Dzse"", ""SpMax_Dzv"", ""WPSA2"", ""WPSA3"", ""WPSA4"", ""WPSA5"", ""WPath""]"
final,163,56,SpMax_DzZ,SpAD_Dzv,SpAD_Dzv,algorithmic_medoid,False,False,14,0.018832491994383305,0.9811675080056167,0.887237741380129,0.9999999245348418,0.002325581395348837,858,43967.292367706745,"[""DPSA2"", ""ECIndex"", ""Kier2"", ""LogEE_D"", ""LogEE_DzZ"", ""LogEE_Dzare"", ""LogEE_Dzi"", ""LogEE_Dzm"", ""LogEE_Dzp"", ""LogEE_Dzpe"", ""LogEE_Dzse"", ""LogEE_Dzv"", ""PPSA2"", ""SpAD_D"", ""SpAD_DzZ"", ""SpAD_Dzare"", ""SpAD_Dzi"", ""SpAD_Dzm"", ""SpAD_Dzp"", ""SpAD_Dzpe"", ""SpAD_Dzse"", ""SpAD_Dzv"", ""SpAbs_D"", ""SpAbs_DzZ"", ""SpAbs_Dzare"", ""SpAbs_Dzi"", ""SpAbs_Dzm"", ""SpAbs_Dzp"", ""SpAbs_Dzpe"", ""SpAbs_Dzse"", ""SpAbs_Dzv"", ""SpDiam_D"", ""SpDiam_DzZ"", ""SpDiam_Dzare"", ""SpDiam_Dzi"", ""SpDiam_Dzm"", ""SpDiam_Dzp"", ""SpDiam_Dzpe"", ""SpDiam_Dzse"", ""SpDiam_Dzv"", ""SpMAD_Dzp"", ""SpMAD_Dzv"", ""SpMax_D"", ""SpMax_DzZ"", ""SpMax_Dzare"", ""SpMax_Dzi"", ""SpMax_Dzm"", ""SpMax_Dzp"", ""SpMax_Dzpe"", ""SpMax_Dzse"", ""SpMax_Dzv"", ""WPSA2"", ""WPSA3"", ""WPSA4"", ""WPSA5"", ""WPath""]"
final,163,56,LogEE_DzZ,SpAD_Dzv,SpAD_Dzv,algorithmic_medoid,False,False,15,0.0188356049326327,0.9811643950673673,0.8872217238979434,0.9999999245348418,0.002325581395348837,858,43964.68522886226,"[""DPSA2"", ""ECIndex"", ""Kier2"", ""LogEE_D"", ""LogEE_DzZ"", ""LogEE_Dzare"", ""LogEE_Dzi"", ""LogEE_Dzm"", ""LogEE_Dzp"", ""LogEE_Dzpe"", ""LogEE_Dzse"", ""LogEE_Dzv"", ""PPSA2"", ""SpAD_D"", ""SpAD_DzZ"", ""SpAD_Dzare"", ""SpAD_Dzi"", ""SpAD_Dzm"", ""SpAD_Dzp"", ""SpAD_Dzpe"", ""SpAD_Dzse"", ""SpAD_Dzv"", ""SpAbs_D"", ""SpAbs_DzZ"", ""SpAbs_Dzare"", ""SpAbs_Dzi"", ""SpAbs_Dzm"", ""SpAbs_Dzp"", ""SpAbs_Dzpe"", ""SpAbs_Dzse"", ""SpAbs_Dzv"", ""SpDiam_D"", ""SpDiam_DzZ"", ""SpDiam_Dzare"", ""SpDiam_Dzi"", ""SpDiam_Dzm"", ""SpDiam_Dzp"", ""SpDiam_Dzpe"", ""SpDiam_Dzse"", ""SpDiam_Dzv"", ""SpMAD_Dzp"", ""SpMAD_Dzv"", ""SpMax_D"", ""SpMax_DzZ"", ""SpMax_Dzare"", ""SpMax_Dzi"", ""SpMax_Dzm"", ""SpMax_Dzp"", ""SpMax_Dzpe"", ""SpMax_Dzse"", ""SpMax_Dzv"", ""WPSA2"", ""WPSA3"", ""WPSA4"", ""WPSA5"", ""WPath""]"
final,163,56,SpMax_D,SpAD_Dzv,SpAD_Dzv,algorithmic_medoid,False,False,16,0.018847463733747682,0.9811525362662523,0.8925452956809645,1.0,0.002325581395348837,858,57328.07581482332,"[""DPSA2"", ""ECIndex"", ""Kier2"", ""LogEE_D"", ""LogEE_DzZ"", ""LogEE_Dzare"", ""LogEE_Dzi"", ""LogEE_Dzm"", ""LogEE_Dzp"", ""LogEE_Dzpe"", ""LogEE_Dzse"", ""LogEE_Dzv"", ""PPSA2"", ""SpAD_D"", ""SpAD_DzZ"", ""SpAD_Dzare"", ""SpAD_Dzi"", ""SpAD_Dzm"", ""SpAD_Dzp"", ""SpAD_Dzpe"", ""SpAD_Dzse"", ""SpAD_Dzv"", ""SpAbs_D"", ""SpAbs_DzZ"", ""SpAbs_Dzare"", ""SpAbs_Dzi"", ""SpAbs_Dzm"", ""SpAbs_Dzp"", ""SpAbs_Dzpe"", ""SpAbs_Dzse"", ""SpAbs_Dzv"", ""SpDiam_D"", ""SpDiam_DzZ"", ""SpDiam_Dzare"", ""SpDiam_Dzi"", ""SpDiam_Dzm"", ""SpDiam_Dzp"", ""SpDiam_Dzpe"", ""SpDiam_Dzse"", ""SpDiam_Dzv"", ""SpMAD_Dzp"", ""SpMAD_Dzv"", ""SpMax_D"", ""SpMax_DzZ"", ""SpMax_Dzare"", ""SpMax_Dzi"", ""SpMax_Dzm"", ""SpMax_Dzp"", ""SpMax_Dzpe"", ""SpMax_Dzse"", ""SpMax_Dzv"", ""WPSA2"", ""WPSA3"", ""WPSA4"", ""WPSA5"", ""WPath""]"
final,163,56,LogEE_D,SpAD_Dzv,SpAD_Dzv,algorithmic_medoid,False,False,17,0.018847463733747682,0.9811525362662523,0.8925452956809645,1.0,0.002325581395348837,858,57325.15792620661,"[""DPSA2"", ""ECIndex"", ""Kier2"", ""LogEE_D"", ""LogEE_DzZ"", ""LogEE_Dzare"", ""LogEE_Dzi"", ""LogEE_Dzm"", ""LogEE_Dzp"", ""LogEE_Dzpe"", ""LogEE_Dzse"", ""LogEE_Dzv"", ""PPSA2"", ""SpAD_D"", ""SpAD_DzZ"", ""SpAD_Dzare"", ""SpAD_Dzi"", ""SpAD_Dzm"", ""SpAD_Dzp"", ""SpAD_Dzpe"", ""SpAD_Dzse"", ""SpAD_Dzv"", ""SpAbs_D"", ""SpAbs_DzZ"", ""SpAbs_Dzare"", ""SpAbs_Dzi"", ""SpAbs_Dzm"", ""SpAbs_Dzp"", ""SpAbs_Dzpe"", ""SpAbs_Dzse"", ""SpAbs_Dzv"", ""SpDiam_D"", ""SpDiam_DzZ"", ""SpDiam_Dzare"", ""SpDiam_Dzi"", ""SpDiam_Dzm"", ""SpDiam_Dzp"", ""SpDiam_Dzpe"", ""SpDiam_Dzse"", ""SpDiam_Dzv"", ""SpMAD_Dzp"", ""SpMAD_Dzv"", ""SpMax_D"", ""SpMax_DzZ"", ""SpMax_Dzare"", ""SpMax_Dzi"", ""SpMax_Dzm"", ""SpMax_Dzp"", ""SpMax_Dzpe"", ""SpMax_Dzse"", ""SpMax_Dzv"", ""WPSA2"", ""WPSA3"", ""WPSA4"", ""WPSA5"", ""WPath""]"
final,163,56,SpAbs_D,SpAD_Dzv,SpAD_Dzv,algorithmic_medoid,False,False,18,0.01885146478791977,0.9811485352120802,0.8925677907062927,0.9999998915187203,0.002325581395348837,858,230117.30594059173,"[""DPSA2"", ""ECIndex"", ""Kier2"", ""LogEE_D"", ""LogEE_DzZ"", ""LogEE_Dzare"", ""LogEE_Dzi"", ""LogEE_Dzm"", ""LogEE_Dzp"", ""LogEE_Dzpe"", ""LogEE_Dzse"", ""LogEE_Dzv"", ""PPSA2"", ""SpAD_D"", ""SpAD_DzZ"", ""SpAD_Dzare"", ""SpAD_Dzi"", ""SpAD_Dzm"", ""SpAD_Dzp"", ""SpAD_Dzpe"", ""SpAD_Dzse"", ""SpAD_Dzv"", ""SpAbs_D"", ""SpAbs_DzZ"", ""SpAbs_Dzare"", ""SpAbs_Dzi"", ""SpAbs_Dzm"", ""SpAbs_Dzp"", ""SpAbs_Dzpe"", ""SpAbs_Dzse"", ""SpAbs_Dzv"", ""SpDiam_D"", ""SpDiam_DzZ"", ""SpDiam_Dzare"", ""SpDiam_Dzi"", ""SpDiam_Dzm"", ""SpDiam_Dzp"", ""SpDiam_Dzpe"", ""SpDiam_Dzse"", ""SpDiam_Dzv"", ""SpMAD_Dzp"", ""SpMAD_Dzv"", ""SpMax_D"", ""SpMax_DzZ"", ""SpMax_Dzare"", ""SpMax_Dzi"", ""SpMax_Dzm"", ""SpMax_Dzp"", ""SpMax_Dzpe"", ""SpMax_Dzse"", ""SpMax_Dzv"", ""WPSA2"", ""WPSA3"", ""WPSA4"", ""WPSA5"", ""WPath""]"
final,163,56,SpAD_D,SpAD_Dzv,SpAD_Dzv,algorithmic_medoid,False,False,19,0.018851963766858826,0.9811480362331412,0.8925672821733802,0.9999998915187203,0.002325581395348837,858,230117.30594059167,"[""DPSA2"", ""ECIndex"", ""Kier2"", ""LogEE_D"", ""LogEE_DzZ"", ""LogEE_Dzare"", ""LogEE_Dzi"", ""LogEE_Dzm"", ""LogEE_Dzp"", ""LogEE_Dzpe"", ""LogEE_Dzse"", ""LogEE_Dzv"", ""PPSA2"", ""SpAD_D"", ""SpAD_DzZ"", ""SpAD_Dzare"", ""SpAD_Dzi"", ""SpAD_Dzm"", ""SpAD_Dzp"", ""SpAD_Dzpe"", ""SpAD_Dzse"", ""SpAD_Dzv"", ""SpAbs_D"", ""SpAbs_DzZ"", ""SpAbs_Dzare"", ""SpAbs_Dzi"", ""SpAbs_Dzm"", ""SpAbs_Dzp"", ""SpAbs_Dzpe"", ""SpAbs_Dzse"", ""SpAbs_Dzv"", ""SpDiam_D"", ""SpDiam_DzZ"", ""SpDiam_Dzare"", ""SpDiam_Dzi"", ""SpDiam_Dzm"", ""SpDiam_Dzp"", ""SpDiam_Dzpe"", ""SpDiam_Dzse"", ""SpDiam_Dzv"", ""SpMAD_Dzp"", ""SpMAD_Dzv"", ""SpMax_D"", ""SpMax_DzZ"", ""SpMax_Dzare"", ""SpMax_Dzi"", ""SpMax_Dzm"", ""SpMax_Dzp"", ""SpMax_Dzpe"", ""SpMax_Dzse"", ""SpMax_Dzv"", ""WPSA2"", ""WPSA3"", ""WPSA4"", ""WPSA5"", ""WPath""]"
final,163,56,SpAD_Dzm,SpAD_Dzv,SpAD_Dzv,algorithmic_medoid,False,False,20,0.018911841778624705,0.9810881582213753,0.887349250870819,0.9999929298568306,0.002325581395348837,858,176600.57529293603,"[""DPSA2"", ""ECIndex"", ""Kier2"", ""LogEE_D"", ""LogEE_DzZ"", ""LogEE_Dzare"", ""LogEE_Dzi"", ""LogEE_Dzm"", ""LogEE_Dzp"", ""LogEE_Dzpe"", ""LogEE_Dzse"", ""LogEE_Dzv"", ""PPSA2"", ""SpAD_D"", ""SpAD_DzZ"", ""SpAD_Dzare"", ""SpAD_Dzi"", ""SpAD_Dzm"", ""SpAD_Dzp"", ""SpAD_Dzpe"", ""SpAD_Dzse"", ""SpAD_Dzv"", ""SpAbs_D"", ""SpAbs_DzZ"", ""SpAbs_Dzare"", ""SpAbs_Dzi"", ""SpAbs_Dzm"", ""SpAbs_Dzp"", ""SpAbs_Dzpe"", ""SpAbs_Dzse"", ""SpAbs_Dzv"", ""SpDiam_D"", ""SpDiam_DzZ"", ""SpDiam_Dzare"", ""SpDiam_Dzi"", ""SpDiam_Dzm"", ""SpDiam_Dzp"", ""SpDiam_Dzpe"", ""SpDiam_Dzse"", ""SpDiam_Dzv"", ""SpMAD_Dzp"", ""SpMAD_Dzv"", ""SpMax_D"", ""SpMax_DzZ"", ""SpMax_Dzare"", ""SpMax_Dzi"", ""SpMax_Dzm"", ""SpMax_Dzp"", ""SpMax_Dzpe"", ""SpMax_Dzse"", ""SpMax_Dzv"", ""WPSA2"", ""WPSA3"", ""WPSA4"", ""WPSA5"", ""WPath""]"
final,163,56,SpMax_Dzm,SpAD_Dzv,SpAD_Dzv,algorithmic_medoid,False,False,21,0.018917759415026714,0.9810822405849733,0.8872674935231288,0.9999999245348418,0.002325581395348837,858,44054.26491398968,"[""DPSA2"", ""ECIndex"", ""Kier2"", ""LogEE_D"", ""LogEE_DzZ"", ""LogEE_Dzare"", ""LogEE_Dzi"", ""LogEE_Dzm"", ""LogEE_Dzp"", ""LogEE_Dzpe"", ""LogEE_Dzse"", ""LogEE_Dzv"", ""PPSA2"", ""SpAD_D"", ""SpAD_DzZ"", ""SpAD_Dzare"", ""SpAD_Dzi"", ""SpAD_Dzm"", ""SpAD_Dzp"", ""SpAD_Dzpe"", ""SpAD_Dzse"", ""SpAD_Dzv"", ""SpAbs_D"", ""SpAbs_DzZ"", ""SpAbs_Dzare"", ""SpAbs_Dzi"", ""SpAbs_Dzm"", ""SpAbs_Dzp"", ""SpAbs_Dzpe"", ""SpAbs_Dzse"", ""SpAbs_Dzv"", ""SpDiam_D"", ""SpDiam_DzZ"", ""SpDiam_Dzare"", ""SpDiam_Dzi"", ""SpDiam_Dzm"", ""SpDiam_Dzp"", ""SpDiam_Dzpe"", ""SpDiam_Dzse"", ""SpDiam_Dzv"", ""SpMAD_Dzp"", ""SpMAD_Dzv"", ""SpMax_D"", ""SpMax_DzZ"", ""SpMax_Dzare"", ""SpMax_Dzi"", ""SpMax_Dzm"", ""SpMax_Dzp"", ""SpMax_Dzpe"", ""SpMax_Dzse"", ""SpMax_Dzv"", ""WPSA2"", ""WPSA3"", ""WPSA4"", ""WPSA5"", ""WPath""]"
final,163,56,LogEE_Dzm,SpAD_Dzv,SpAD_Dzv,algorithmic_medoid,False,False,22,0.018920872353275886,0.9810791276467241,0.8872514760409431,0.9999999245348418,0.002325581395348837,858,44051.751263026286,"[""DPSA2"", ""ECIndex"", ""Kier2"", ""LogEE_D"", ""LogEE_DzZ"", ""LogEE_Dzare"", ""LogEE_Dzi"", ""LogEE_Dzm"", ""LogEE_Dzp"", ""LogEE_Dzpe"", ""LogEE_Dzse"", ""LogEE_Dzv"", ""PPSA2"", ""SpAD_D"", ""SpAD_DzZ"", ""SpAD_Dzare"", ""SpAD_Dzi"", ""SpAD_Dzm"", ""SpAD_Dzp"", ""SpAD_Dzpe"", ""SpAD_Dzse"", ""SpAD_Dzv"", ""SpAbs_D"", ""SpAbs_DzZ"", ""SpAbs_Dzare"", ""SpAbs_Dzi"", ""SpAbs_Dzm"", ""SpAbs_Dzp"", ""SpAbs_Dzpe"", ""SpAbs_Dzse"", ""SpAbs_Dzv"", ""SpDiam_D"", ""SpDiam_DzZ"", ""SpDiam_Dzare"", ""SpDiam_Dzi"", ""SpDiam_Dzm"", ""SpDiam_Dzp"", ""SpDiam_Dzpe"", ""SpDiam_Dzse"", ""SpDiam_Dzv"", ""SpMAD_Dzp"", ""SpMAD_Dzv"", ""SpMax_D"", ""SpMax_DzZ"", ""SpMax_Dzare"", ""SpMax_Dzi"", ""SpMax_Dzm"", ""SpMax_Dzp"", ""SpMax_Dzpe"", ""SpMax_Dzse"", ""SpMax_Dzv"", ""WPSA2"", ""WPSA3"", ""WPSA4"", ""WPSA5"", ""WPath""]"
final,163,56,SpAbs_DzZ,SpAD_Dzv,SpAD_Dzv,algorithmic_medoid,False,False,23,0.01903641242078835,0.9809635875792116,0.8864565070811586,0.9999814025520014,0.002325581395348837,858,175477.4592558691,"[""DPSA2"", ""ECIndex"", ""Kier2"", ""LogEE_D"", ""LogEE_DzZ"", ""LogEE_Dzare"", ""LogEE_Dzi"", ""LogEE_Dzm"", ""LogEE_Dzp"", ""LogEE_Dzpe"", ""LogEE_Dzse"", ""LogEE_Dzv"", ""PPSA2"", ""SpAD_D"", ""SpAD_DzZ"", ""SpAD_Dzare"", ""SpAD_Dzi"", ""SpAD_Dzm"", ""SpAD_Dzp"", ""SpAD_Dzpe"", ""SpAD_Dzse"", ""SpAD_Dzv"", ""SpAbs_D"", ""SpAbs_DzZ"", ""SpAbs_Dzare"", ""SpAbs_Dzi"", ""SpAbs_Dzm"", ""SpAbs_Dzp"", ""SpAbs_Dzpe"", ""SpAbs_Dzse"", ""SpAbs_Dzv"", ""SpDiam_D"", ""SpDiam_DzZ"", ""SpDiam_Dzare"", ""SpDiam_Dzi"", ""SpDiam_Dzm"", ""SpDiam_Dzp"", ""SpDiam_Dzpe"", ""SpDiam_Dzse"", ""SpDiam_Dzv"", ""SpMAD_Dzp"", ""SpMAD_Dzv"", ""SpMax_D"", ""SpMax_DzZ"", ""SpMax_Dzare"", ""SpMax_Dzi"", ""SpMax_Dzm"", ""SpMax_Dzp"", ""SpMax_Dzpe"", ""SpMax_Dzse"", ""SpMax_Dzv"", ""WPSA2"", ""WPSA3"", ""WPSA4"", ""WPSA5"", ""WPath""]"
final,163,56,SpAbs_Dzm,SpAD_Dzv,SpAD_Dzv,algorithmic_medoid,False,False,24,0.019162943865375537,0.9808370561346245,0.8865222749762107,0.9999793272598063,0.002325581395348837,858,175895.45292035106,"[""DPSA2"", ""ECIndex"", ""Kier2"", ""LogEE_D"", ""LogEE_DzZ"", ""LogEE_Dzare"", ""LogEE_Dzi"", ""LogEE_Dzm"", ""LogEE_Dzp"", ""LogEE_Dzpe"", ""LogEE_Dzse"", ""LogEE_Dzv"", ""PPSA2"", ""SpAD_D"", ""SpAD_DzZ"", ""SpAD_Dzare"", ""SpAD_Dzi"", ""SpAD_Dzm"", ""SpAD_Dzp"", ""SpAD_Dzpe"", ""SpAD_Dzse"", ""SpAD_Dzv"", ""SpAbs_D"", ""SpAbs_DzZ"", ""SpAbs_Dzare"", ""SpAbs_Dzi"", ""SpAbs_Dzm"", ""SpAbs_Dzp"", ""SpAbs_Dzpe"", ""SpAbs_Dzse"", ""SpAbs_Dzv"", ""SpDiam_D"", ""SpDiam_DzZ"", ""SpDiam_Dzare"", ""SpDiam_Dzi"", ""SpDiam_Dzm"", ""SpDiam_Dzp"", ""SpDiam_Dzpe"", ""SpDiam_Dzse"", ""SpDiam_Dzv"", ""SpMAD_Dzp"", ""SpMAD_Dzv"", ""SpMax_D"", ""SpMax_DzZ"", ""SpMax_Dzare"", ""SpMax_Dzi"", ""SpMax_Dzm"", ""SpMax_Dzp"", ""SpMax_Dzpe"", ""SpMax_Dzse"", ""SpMax_Dzv"", ""WPSA2"", ""WPSA3"", ""WPSA4"", ""WPSA5"", ""WPath""]"
final,163,56,SpDiam_Dzv,SpAD_Dzv,SpAD_Dzv,algorithmic_medoid,False,False,25,0.01916453255239048,0.9808354674476095,0.9028220657512472,0.9980485131340451,0.002325581395348837,858,150625.2769431267,"[""DPSA2"", ""ECIndex"", ""Kier2"", ""LogEE_D"", ""LogEE_DzZ"", ""LogEE_Dzare"", ""LogEE_Dzi"", ""LogEE_Dzm"", ""LogEE_Dzp"", ""LogEE_Dzpe"", ""LogEE_Dzse"", ""LogEE_Dzv"", ""PPSA2"", ""SpAD_D"", ""SpAD_DzZ"", ""SpAD_Dzare"", ""SpAD_Dzi"", ""SpAD_Dzm"", ""SpAD_Dzp"", ""SpAD_Dzpe"", ""SpAD_Dzse"", ""SpAD_Dzv"", ""SpAbs_D"", ""SpAbs_DzZ"", ""SpAbs_Dzare"", ""SpAbs_Dzi"", ""SpAbs_Dzm"", ""SpAbs_Dzp"", ""SpAbs_Dzpe"", ""SpAbs_Dzse"", ""SpAbs_Dzv"", ""SpDiam_D"", ""SpDiam_DzZ"", ""SpDiam_Dzare"", ""SpDiam_Dzi"", ""SpDiam_Dzm"", ""SpDiam_Dzp"", ""SpDiam_Dzpe"", ""SpDiam_Dzse"", ""SpDiam_Dzv"", ""SpMAD_Dzp"", ""SpMAD_Dzv"", ""SpMax_D"", ""SpMax_DzZ"", ""SpMax_Dzare"", ""SpMax_Dzi"", ""SpMax_Dzm"", ""SpMax_Dzp"", ""SpMax_Dzpe"", ""SpMax_Dzse"", ""SpMax_Dzv"", ""WPSA2"", ""WPSA3"", ""WPSA4"", ""WPSA5"", ""WPath""]"
final,163,56,LogEE_Dzpe,SpAD_Dzv,SpAD_Dzv,algorithmic_medoid,False,False,26,0.01955388341038089,0.9804461165896191,0.8910390352472022,0.9999999811337088,0.004651162790697674,856,43120.72194296872,"[""DPSA2"", ""ECIndex"", ""Kier2"", ""LogEE_D"", ""LogEE_DzZ"", ""LogEE_Dzare"", ""LogEE_Dzi"", ""LogEE_Dzm"", ""LogEE_Dzp"", ""LogEE_Dzpe"", ""LogEE_Dzse"", ""LogEE_Dzv"", ""PPSA2"", ""SpAD_D"", ""SpAD_DzZ"", ""SpAD_Dzare"", ""SpAD_Dzi"", ""SpAD_Dzm"", ""SpAD_Dzp"", ""SpAD_Dzpe"", ""SpAD_Dzse"", ""SpAD_Dzv"", ""SpAbs_D"", ""SpAbs_DzZ"", ""SpAbs_Dzare"", ""SpAbs_Dzi"", ""SpAbs_Dzm"", ""SpAbs_Dzp"", ""SpAbs_Dzpe"", ""SpAbs_Dzse"", ""SpAbs_Dzv"", ""SpDiam_D"", ""SpDiam_DzZ"", ""SpDiam_Dzare"", ""SpDiam_Dzi"", ""SpDiam_Dzm"", ""SpDiam_Dzp"", ""SpDiam_Dzpe"", ""SpDiam_Dzse"", ""SpDiam_Dzv"", ""SpMAD_Dzp"", ""SpMAD_Dzv"", ""SpMax_D"", ""SpMax_DzZ"", ""SpMax_Dzare"", ""SpMax_Dzi"", ""SpMax_Dzm"", ""SpMax_Dzp"", ""SpMax_Dzpe"", ""SpMax_Dzse"", ""SpMax_Dzv"", ""WPSA2"", ""WPSA3"", ""WPSA4"", ""WPSA5"", ""WPath""]"
final,163,56,SpMax_Dzpe,SpAD_Dzv,SpAD_Dzv,algorithmic_medoid,False,False,27,0.0195538861545691,0.9804461138454309,0.8910389597820296,0.9999999811337088,0.004651162790697674,856,43123.43194355833,"[""DPSA2"", ""ECIndex"", ""Kier2"", ""LogEE_D"", ""LogEE_DzZ"", ""LogEE_Dzare"", ""LogEE_Dzi"", ""LogEE_Dzm"", ""LogEE_Dzp"", ""LogEE_Dzpe"", ""LogEE_Dzse"", ""LogEE_Dzv"", ""PPSA2"", ""SpAD_D"", ""SpAD_DzZ"", ""SpAD_Dzare"", ""SpAD_Dzi"", ""SpAD_Dzm"", ""SpAD_Dzp"", ""SpAD_Dzpe"", ""SpAD_Dzse"", ""SpAD_Dzv"", ""SpAbs_D"", ""SpAbs_DzZ"", ""SpAbs_Dzare"", ""SpAbs_Dzi"", ""SpAbs_Dzm"", ""SpAbs_Dzp"", ""SpAbs_Dzpe"", ""SpAbs_Dzse"", ""SpAbs_Dzv"", ""SpDiam_D"", ""SpDiam_DzZ"", ""SpDiam_Dzare"", ""SpDiam_Dzi"", ""SpDiam_Dzm"", ""SpDiam_Dzp"", ""SpDiam_Dzpe"", ""SpDiam_Dzse"", ""SpDiam_Dzv"", ""SpMAD_Dzp"", ""SpMAD_Dzv"", ""SpMax_D"", ""SpMax_DzZ"", ""SpMax_Dzare"", ""SpMax_Dzi"", ""SpMax_Dzm"", ""SpMax_Dzp"", ""SpMax_Dzpe"", ""SpMax_Dzse"", ""SpMax_Dzv"", ""WPSA2"", ""WPSA3"", ""WPSA4"", ""WPSA5"", ""WPath""]"
final,163,56,SpAD_Dzpe,SpAD_Dzv,SpAD_Dzv,algorithmic_medoid,False,False,28,0.019564023084699955,0.9804359769153,0.8910095562401457,0.9999975756814714,0.004651162790697674,856,172835.6168672156,"[""DPSA2"", ""ECIndex"", ""Kier2"", ""LogEE_D"", ""LogEE_DzZ"", ""LogEE_Dzare"", ""LogEE_Dzi"", ""LogEE_Dzm"", ""LogEE_Dzp"", ""LogEE_Dzpe"", ""LogEE_Dzse"", ""LogEE_Dzv"", ""PPSA2"", ""SpAD_D"", ""SpAD_DzZ"", ""SpAD_Dzare"", ""SpAD_Dzi"", ""SpAD_Dzm"", ""SpAD_Dzp"", ""SpAD_Dzpe"", ""SpAD_Dzse"", ""SpAD_Dzv"", ""SpAbs_D"", ""SpAbs_DzZ"", ""SpAbs_Dzare"", ""SpAbs_Dzi"", ""SpAbs_Dzm"", ""SpAbs_Dzp"", ""SpAbs_Dzpe"", ""SpAbs_Dzse"", ""SpAbs_Dzv"", ""SpDiam_D"", ""SpDiam_DzZ"", ""SpDiam_Dzare"", ""SpDiam_Dzi"", ""SpDiam_Dzm"", ""SpDiam_Dzp"", ""SpDiam_Dzpe"", ""SpDiam_Dzse"", ""SpDiam_Dzv"", ""SpMAD_Dzp"", ""SpMAD_Dzv"", ""SpMax_D"", ""SpMax_DzZ"", ""SpMax_Dzare"", ""SpMax_Dzi"", ""SpMax_Dzm"", ""SpMax_Dzp"", ""SpMax_Dzpe"", ""SpMax_Dzse"", ""SpMax_Dzv"", ""WPSA2"", ""WPSA3"", ""WPSA4"", ""WPSA5"", ""WPath""]"
final,163,56,SpAbs_Dzpe,SpAD_Dzv,SpAD_Dzv,algorithmic_medoid,False,False,29,0.019739280048961638,0.9802607199510384,0.8901018710023669,0.9999827845084963,0.004651162790697674,856,172035.03758517758,"[""DPSA2"", ""ECIndex"", ""Kier2"", ""LogEE_D"", ""LogEE_DzZ"", ""LogEE_Dzare"", ""LogEE_Dzi"", ""LogEE_Dzm"", ""LogEE_Dzp"", ""LogEE_Dzpe"", ""LogEE_Dzse"", ""LogEE_Dzv"", ""PPSA2"", ""SpAD_D"", ""SpAD_DzZ"", ""SpAD_Dzare"", ""SpAD_Dzi"", ""SpAD_Dzm"", ""SpAD_Dzp"", ""SpAD_Dzpe"", ""SpAD_Dzse"", ""SpAD_Dzv"", ""SpAbs_D"", ""SpAbs_DzZ"", ""SpAbs_Dzare"", ""SpAbs_Dzi"", ""SpAbs_Dzm"", ""SpAbs_Dzp"", ""SpAbs_Dzpe"", ""SpAbs_Dzse"", ""SpAbs_Dzv"", ""SpDiam_D"", ""SpDiam_DzZ"", ""SpDiam_Dzare"", ""SpDiam_Dzi"", ""SpDiam_Dzm"", ""SpDiam_Dzp"", ""SpDiam_Dzpe"", ""SpDiam_Dzse"", ""SpDiam_Dzv"", ""SpMAD_Dzp"", ""SpMAD_Dzv"", ""SpMax_D"", ""SpMax_DzZ"", ""SpMax_Dzare"", ""SpMax_Dzi"", ""SpMax_Dzm"", ""SpMax_Dzp"", ""SpMax_Dzpe"", ""SpMax_Dzse"", ""SpMax_Dzv"", ""WPSA2"", ""WPSA3"", ""WPSA4"", ""WPSA5"", ""WPath""]"
final,163,56,SpDiam_Dzi,SpAD_Dzv,SpAD_Dzv,algorithmic_medoid,False,False,30,0.019986049354195567,0.9800139506458044,0.8824831616190729,0.9991780709572894,0.002325581395348837,858,88191.58535031046,"[""DPSA2"", ""ECIndex"", ""Kier2"", ""LogEE_D"", ""LogEE_DzZ"", ""LogEE_Dzare"", ""LogEE_Dzi"", ""LogEE_Dzm"", ""LogEE_Dzp"", ""LogEE_Dzpe"", ""LogEE_Dzse"", ""LogEE_Dzv"", ""PPSA2"", ""SpAD_D"", ""SpAD_DzZ"", ""SpAD_Dzare"", ""SpAD_Dzi"", ""SpAD_Dzm"", ""SpAD_Dzp"", ""SpAD_Dzpe"", ""SpAD_Dzse"", ""SpAD_Dzv"", ""SpAbs_D"", ""SpAbs_DzZ"", ""SpAbs_Dzare"", ""SpAbs_Dzi"", ""SpAbs_Dzm"", ""SpAbs_Dzp"", ""SpAbs_Dzpe"", ""SpAbs_Dzse"", ""SpAbs_Dzv"", ""SpDiam_D"", ""SpDiam_DzZ"", ""SpDiam_Dzare"", ""SpDiam_Dzi"", ""SpDiam_Dzm"", ""SpDiam_Dzp"", ""SpDiam_Dzpe"", ""SpDiam_Dzse"", ""SpDiam_Dzv"", ""SpMAD_Dzp"", ""SpMAD_Dzv"", ""SpMax_D"", ""SpMax_DzZ"", ""SpMax_Dzare"", ""SpMax_Dzi"", ""SpMax_Dzm"", ""SpMax_Dzp"", ""SpMax_Dzpe"", ""SpMax_Dzse"", ""SpMax_Dzv"", ""WPSA2"", ""WPSA3"", ""WPSA4"", ""WPSA5"", ""WPath""]"
final,163,56,SpDiam_Dzse,SpAD_Dzv,SpAD_Dzv,algorithmic_medoid,False,False,31,0.020269003639060257,0.9797309963609397,0.8811991781502115,0.9991780709572894,0.002325581395348837,858,92506.02492443951,"[""DPSA2"", ""ECIndex"", ""Kier2"", ""LogEE_D"", ""LogEE_DzZ"", ""LogEE_Dzare"", ""LogEE_Dzi"", ""LogEE_Dzm"", ""LogEE_Dzp"", ""LogEE_Dzpe"", ""LogEE_Dzse"", ""LogEE_Dzv"", ""PPSA2"", ""SpAD_D"", ""SpAD_DzZ"", ""SpAD_Dzare"", ""SpAD_Dzi"", ""SpAD_Dzm"", ""SpAD_Dzp"", ""SpAD_Dzpe"", ""SpAD_Dzse"", ""SpAD_Dzv"", ""SpAbs_D"", ""SpAbs_DzZ"", ""SpAbs_Dzare"", ""SpAbs_Dzi"", ""SpAbs_Dzm"", ""SpAbs_Dzp"", ""SpAbs_Dzpe"", ""SpAbs_Dzse"", ""SpAbs_Dzv"", ""SpDiam_D"", ""SpDiam_DzZ"", ""SpDiam_Dzare"", ""SpDiam_Dzi"", ""SpDiam_Dzm"", ""SpDiam_Dzp"", ""SpDiam_Dzpe"", ""SpDiam_Dzse"", ""SpDiam_Dzv"", ""SpMAD_Dzp"", ""SpMAD_Dzv"", ""SpMax_D"", ""SpMax_DzZ"", ""SpMax_Dzare"", ""SpMax_Dzi"", ""SpMax_Dzm"", ""SpMax_Dzp"", ""SpMax_Dzpe"", ""SpMax_Dzse"", ""SpMax_Dzv"", ""WPSA2"", ""WPSA3"", ""WPSA4"", ""WPSA5"", ""WPath""]"
final,163,56,SpDiam_DzZ,SpAD_Dzv,SpAD_Dzv,algorithmic_medoid,False,False,32,0.020971660054827534,0.9790283399451725,0.8789057629769009,0.9998871606848356,0.002325581395348837,858,92324.87544506988,"[""DPSA2"", ""ECIndex"", ""Kier2"", ""LogEE_D"", ""LogEE_DzZ"", ""LogEE_Dzare"", ""LogEE_Dzi"", ""LogEE_Dzm"", ""LogEE_Dzp"", ""LogEE_Dzpe"", ""LogEE_Dzse"", ""LogEE_Dzv"", ""PPSA2"", ""SpAD_D"", ""SpAD_DzZ"", ""SpAD_Dzare"", ""SpAD_Dzi"", ""SpAD_Dzm"", ""SpAD_Dzp"", ""SpAD_Dzpe"", ""SpAD_Dzse"", ""SpAD_Dzv"", ""SpAbs_D"", ""SpAbs_DzZ"", ""SpAbs_Dzare"", ""SpAbs_Dzi"", ""SpAbs_Dzm"", ""SpAbs_Dzp"", ""SpAbs_Dzpe"", ""SpAbs_Dzse"", ""SpAbs_Dzv"", ""SpDiam_D"", ""SpDiam_DzZ"", ""SpDiam_Dzare"", ""SpDiam_Dzi"", ""SpDiam_Dzm"", ""SpDiam_Dzp"", ""SpDiam_Dzpe"", ""SpDiam_Dzse"", ""SpDiam_Dzv"", ""SpMAD_Dzp"", ""SpMAD_Dzv"", ""SpMax_D"", ""SpMax_DzZ"", ""SpMax_Dzare"", ""SpMax_Dzi"", ""SpMax_Dzm"", ""SpMax_Dzp"", ""SpMax_Dzpe"", ""SpMax_Dzse"", ""SpMax_Dzv"", ""WPSA2"", ""WPSA3"", ""WPSA4"", ""WPSA5"", ""WPath""]"
final,163,56,SpDiam_D,SpAD_Dzv,SpAD_Dzv,algorithmic_medoid,False,False,33,0.02102536729253779,0.9789746327074622,0.8854803715881373,0.9978922086572408,0.002325581395348837,858,119601.7828300068,"[""DPSA2"", ""ECIndex"", ""Kier2"", ""LogEE_D"", ""LogEE_DzZ"", ""LogEE_Dzare"", ""LogEE_Dzi"", ""LogEE_Dzm"", ""LogEE_Dzp"", ""LogEE_Dzpe"", ""LogEE_Dzse"", ""LogEE_Dzv"", ""PPSA2"", ""SpAD_D"", ""SpAD_DzZ"", ""SpAD_Dzare"", ""SpAD_Dzi"", ""SpAD_Dzm"", ""SpAD_Dzp"", ""SpAD_Dzpe"", ""SpAD_Dzse"", ""SpAD_Dzv"", ""SpAbs_D"", ""SpAbs_DzZ"", ""SpAbs_Dzare"", ""SpAbs_Dzi"", ""SpAbs_Dzm"", ""SpAbs_Dzp"", ""SpAbs_Dzpe"", ""SpAbs_Dzse"", ""SpAbs_Dzv"", ""SpDiam_D"", ""SpDiam_DzZ"", ""SpDiam_Dzare"", ""SpDiam_Dzi"", ""SpDiam_Dzm"", ""SpDiam_Dzp"", ""SpDiam_Dzpe"", ""SpDiam_Dzse"", ""SpDiam_Dzv"", ""SpMAD_Dzp"", ""SpMAD_Dzv"", ""SpMax_D"", ""SpMax_DzZ"", ""SpMax_Dzare"", ""SpMax_Dzi"", ""SpMax_Dzm"", ""SpMax_Dzp"", ""SpMax_Dzpe"", ""SpMax_Dzse"", ""SpMax_Dzv"", ""WPSA2"", ""WPSA3"", ""WPSA4"", ""WPSA5"", ""WPath""]"
final,163,56,SpDiam_Dzm,SpAD_Dzv,SpAD_Dzv,algorithmic_medoid,False,False,34,0.02105838723081499,0.978941612769185,0.8790303559919965,0.9998871606848356,0.002325581395348837,858,92466.12649789671,"[""DPSA2"", ""ECIndex"", ""Kier2"", ""LogEE_D"", ""LogEE_DzZ"", ""LogEE_Dzare"", ""LogEE_Dzi"", ""LogEE_Dzm"", ""LogEE_Dzp"", ""LogEE_Dzpe"", ""LogEE_Dzse"", ""LogEE_Dzv"", ""PPSA2"", ""SpAD_D"", ""SpAD_DzZ"", ""SpAD_Dzare"", ""SpAD_Dzi"", ""SpAD_Dzm"", ""SpAD_Dzp"", ""SpAD_Dzpe"", ""SpAD_Dzse"", ""SpAD_Dzv"", ""SpAbs_D"", ""SpAbs_DzZ"", ""SpAbs_Dzare"", ""SpAbs_Dzi"", ""SpAbs_Dzm"", ""SpAbs_Dzp"", ""SpAbs_Dzpe"", ""SpAbs_Dzse"", ""SpAbs_Dzv"", ""SpDiam_D"", ""SpDiam_DzZ"", ""SpDiam_Dzare"", ""SpDiam_Dzi"", ""SpDiam_Dzm"", ""SpDiam_Dzp"", ""SpDiam_Dzpe"", ""SpDiam_Dzse"", ""SpDiam_Dzv"", ""SpMAD_Dzp"", ""SpMAD_Dzv"", ""SpMax_D"", ""SpMax_DzZ"", ""SpMax_Dzare"", ""SpMax_Dzi"", ""SpMax_Dzm"", ""SpMax_Dzp"", ""SpMax_Dzpe"", ""SpMax_Dzse"", ""SpMax_Dzv"", ""WPSA2"", ""WPSA3"", ""WPSA4"", ""WPSA5"", ""WPath""]"
final,163,56,SpDiam_Dzpe,SpAD_Dzv,SpAD_Dzv,algorithmic_medoid,False,False,35,0.022118192618899024,0.977881807381101,0.8831410475930487,0.9979018136279766,0.004651162790697674,856,90500.94526047457,"[""DPSA2"", ""ECIndex"", ""Kier2"", ""LogEE_D"", ""LogEE_DzZ"", ""LogEE_Dzare"", ""LogEE_Dzi"", ""LogEE_Dzm"", ""LogEE_Dzp"", ""LogEE_Dzpe"", ""LogEE_Dzse"", ""LogEE_Dzv"", ""PPSA2"", ""SpAD_D"", ""SpAD_DzZ"", ""SpAD_Dzare"", ""SpAD_Dzi"", ""SpAD_Dzm"", ""SpAD_Dzp"", ""SpAD_Dzpe"", ""SpAD_Dzse"", ""SpAD_Dzv"", ""SpAbs_D"", ""SpAbs_DzZ"", ""SpAbs_Dzare"", ""SpAbs_Dzi"", ""SpAbs_Dzm"", ""SpAbs_Dzp"", ""SpAbs_Dzpe"", ""SpAbs_Dzse"", ""SpAbs_Dzv"", ""SpDiam_D"", ""SpDiam_DzZ"", ""SpDiam_Dzare"", ""SpDiam_Dzi"", ""SpDiam_Dzm"", ""SpDiam_Dzp"", ""SpDiam_Dzpe"", ""SpDiam_Dzse"", ""SpDiam_Dzv"", ""SpMAD_Dzp"", ""SpMAD_Dzv"", ""SpMax_D"", ""SpMax_DzZ"", ""SpMax_Dzare"", ""SpMax_Dzi"", ""SpMax_Dzm"", ""SpMax_Dzp"", ""SpMax_Dzpe"", ""SpMax_Dzse"", ""SpMax_Dzv"", ""WPSA2"", ""WPSA3"", ""WPSA4"", ""WPSA5"", ""WPath""]"
final,163,56,LogEE_Dzare,SpAD_Dzv,SpAD_Dzv,algorithmic_medoid,False,False,36,0.022248881983337188,0.9777511180166628,0.8919570799138586,0.9999999811337044,0.0069767441860465115,854,41890.938550297884,"[""DPSA2"", ""ECIndex"", ""Kier2"", ""LogEE_D"", ""LogEE_DzZ"", ""LogEE_Dzare"", ""LogEE_Dzi"", ""LogEE_Dzm"", ""LogEE_Dzp"", ""LogEE_Dzpe"", ""LogEE_Dzse"", ""LogEE_Dzv"", ""PPSA2"", ""SpAD_D"", ""SpAD_DzZ"", ""SpAD_Dzare"", ""SpAD_Dzi"", ""SpAD_Dzm"", ""SpAD_Dzp"", ""SpAD_Dzpe"", ""SpAD_Dzse"", ""SpAD_Dzv"", ""SpAbs_D"", ""SpAbs_DzZ"", ""SpAbs_Dzare"", ""SpAbs_Dzi"", ""SpAbs_Dzm"", ""SpAbs_Dzp"", ""SpAbs_Dzpe"", ""SpAbs_Dzse"", ""SpAbs_Dzv"", ""SpDiam_D"", ""SpDiam_DzZ"", ""SpDiam_Dzare"", ""SpDiam_Dzi"", ""SpDiam_Dzm"", ""SpDiam_Dzp"", ""SpDiam_Dzpe"", ""SpDiam_Dzse"", ""SpDiam_Dzv"", ""SpMAD_Dzp"", ""SpMAD_Dzv"", ""SpMax_D"", ""SpMax_DzZ"", ""SpMax_Dzare"", ""SpMax_Dzi"", ""SpMax_Dzm"", ""SpMax_Dzp"", ""SpMax_Dzpe"", ""SpMax_Dzse"", ""SpMax_Dzv"", ""WPSA2"", ""WPSA3"", ""WPSA4"", ""WPSA5"", ""WPath""]"
final,163,56,SpMax_Dzare,SpAD_Dzv,SpAD_Dzv,algorithmic_medoid,False,False,37,0.022248884727525953,0.977751115272474,0.8919570044486773,0.9999999811337044,0.0069767441860465115,854,41893.064190707424,"[""DPSA2"", ""ECIndex"", ""Kier2"", ""LogEE_D"", ""LogEE_DzZ"", ""LogEE_Dzare"", ""LogEE_Dzi"", ""LogEE_Dzm"", ""LogEE_Dzp"", ""LogEE_Dzpe"", ""LogEE_Dzse"", ""LogEE_Dzv"", ""PPSA2"", ""SpAD_D"", ""SpAD_DzZ"", ""SpAD_Dzare"", ""SpAD_Dzi"", ""SpAD_Dzm"", ""SpAD_Dzp"", ""SpAD_Dzpe"", ""SpAD_Dzse"", ""SpAD_Dzv"", ""SpAbs_D"", ""SpAbs_DzZ"", ""SpAbs_Dzare"", ""SpAbs_Dzi"", ""SpAbs_Dzm"", ""SpAbs_Dzp"", ""SpAbs_Dzpe"", ""SpAbs_Dzse"", ""SpAbs_Dzv"", ""SpDiam_D"", ""SpDiam_DzZ"", ""SpDiam_Dzare"", ""SpDiam_Dzi"", ""SpDiam_Dzm"", ""SpDiam_Dzp"", ""SpDiam_Dzpe"", ""SpDiam_Dzse"", ""SpDiam_Dzv"", ""SpMAD_Dzp"", ""SpMAD_Dzv"", ""SpMax_D"", ""SpMax_DzZ"", ""SpMax_Dzare"", ""SpMax_Dzi"", ""SpMax_Dzm"", ""SpMax_Dzp"", ""SpMax_Dzpe"", ""SpMax_Dzse"", ""SpMax_Dzv"", ""WPSA2"", ""WPSA3"", ""WPSA4"", ""WPSA5"", ""WPath""]"
final,163,56,SpAD_Dzare,SpAD_Dzv,SpAD_Dzv,algorithmic_medoid,False,False,38,0.022259984911345065,0.9777400150886549,0.8919376471199617,0.9999977501942368,0.0069767441860465115,854,167914.37643943404,"[""DPSA2"", ""ECIndex"", ""Kier2"", ""LogEE_D"", ""LogEE_DzZ"", ""LogEE_Dzare"", ""LogEE_Dzi"", ""LogEE_Dzm"", ""LogEE_Dzp"", ""LogEE_Dzpe"", ""LogEE_Dzse"", ""LogEE_Dzv"", ""PPSA2"", ""SpAD_D"", ""SpAD_DzZ"", ""SpAD_Dzare"", ""SpAD_Dzi"", ""SpAD_Dzm"", ""SpAD_Dzp"", ""SpAD_Dzpe"", ""SpAD_Dzse"", ""SpAD_Dzv"", ""SpAbs_D"", ""SpAbs_DzZ"", ""SpAbs_Dzare"", ""SpAbs_Dzi"", ""SpAbs_Dzm"", ""SpAbs_Dzp"", ""SpAbs_Dzpe"", ""SpAbs_Dzse"", ""SpAbs_Dzv"", ""SpDiam_D"", ""SpDiam_DzZ"", ""SpDiam_Dzare"", ""SpDiam_Dzi"", ""SpDiam_Dzm"", ""SpDiam_Dzp"", ""SpDiam_Dzpe"", ""SpDiam_Dzse"", ""SpDiam_Dzv"", ""SpMAD_Dzp"", ""SpMAD_Dzv"", ""SpMax_D"", ""SpMax_DzZ"", ""SpMax_Dzare"", ""SpMax_Dzi"", ""SpMax_Dzm"", ""SpMax_Dzp"", ""SpMax_Dzpe"", ""SpMax_Dzse"", ""SpMax_Dzv"", ""WPSA2"", ""WPSA3"", ""WPSA4"", ""WPSA5"", ""WPath""]"
final,163,56,SpAbs_Dzare,SpAD_Dzv,SpAD_Dzv,algorithmic_medoid,False,False,39,0.022447080273854225,0.9775529197261458,0.8910224719415386,0.9999803460364457,0.0069767441860465115,854,167040.7011554332,"[""DPSA2"", ""ECIndex"", ""Kier2"", ""LogEE_D"", ""LogEE_DzZ"", ""LogEE_Dzare"", ""LogEE_Dzi"", ""LogEE_Dzm"", ""LogEE_Dzp"", ""LogEE_Dzpe"", ""LogEE_Dzse"", ""LogEE_Dzv"", ""PPSA2"", ""SpAD_D"", ""SpAD_DzZ"", ""SpAD_Dzare"", ""SpAD_Dzi"", ""SpAD_Dzm"", ""SpAD_Dzp"", ""SpAD_Dzpe"", ""SpAD_Dzse"", ""SpAD_Dzv"", ""SpAbs_D"", ""SpAbs_DzZ"", ""SpAbs_Dzare"", ""SpAbs_Dzi"", ""SpAbs_Dzm"", ""SpAbs_Dzp"", ""SpAbs_Dzpe"", ""SpAbs_Dzse"", ""SpAbs_Dzv"", ""SpDiam_D"", ""SpDiam_DzZ"", ""SpDiam_Dzare"", ""SpDiam_Dzi"", ""SpDiam_Dzm"", ""SpDiam_Dzp"", ""SpDiam_Dzpe"", ""SpDiam_Dzse"", ""SpDiam_Dzv"", ""SpMAD_Dzp"", ""SpMAD_Dzv"", ""SpMax_D"", ""SpMax_DzZ"", ""SpMax_Dzare"", ""SpMax_Dzi"", ""SpMax_Dzm"", ""SpMax_Dzp"", ""SpMax_Dzpe"", ""SpMax_Dzse"", ""SpMax_Dzv"", ""WPSA2"", ""WPSA3"", ""WPSA4"", ""WPSA5"", ""WPath""]"
final,163,56,WPath,SpAD_Dzv,SpAD_Dzv,algorithmic_medoid,False,False,40,0.023883440285287105,0.9761165597147129,0.8962691339044342,0.9941989029508936,0.0,860,1.553662038663534e+18,"[""DPSA2"", ""ECIndex"", ""Kier2"", ""LogEE_D"", ""LogEE_DzZ"", ""LogEE_Dzare"", ""LogEE_Dzi"", ""LogEE_Dzm"", ""LogEE_Dzp"", ""LogEE_Dzpe"", ""LogEE_Dzse"", ""LogEE_Dzv"", ""PPSA2"", ""SpAD_D"", ""SpAD_DzZ"", ""SpAD_Dzare"", ""SpAD_Dzi"", ""SpAD_Dzm"", ""SpAD_Dzp"", ""SpAD_Dzpe"", ""SpAD_Dzse"", ""SpAD_Dzv"", ""SpAbs_D"", ""SpAbs_DzZ"", ""SpAbs_Dzare"", ""SpAbs_Dzi"", ""SpAbs_Dzm"", ""SpAbs_Dzp"", ""SpAbs_Dzpe"", ""SpAbs_Dzse"", ""SpAbs_Dzv"", ""SpDiam_D"", ""SpDiam_DzZ"", ""SpDiam_Dzare"", ""SpDiam_Dzi"", ""SpDiam_Dzm"", ""SpDiam_Dzp"", ""SpDiam_Dzpe"", ""SpDiam_Dzse"", ""SpDiam_Dzv"", ""SpMAD_Dzp"", ""SpMAD_Dzv"", ""SpMax_D"", ""SpMax_DzZ"", ""SpMax_Dzare"", ""SpMax_Dzi"", ""SpMax_Dzm"", ""SpMax_Dzp"", ""SpMax_Dzpe"", ""SpMax_Dzse"", ""SpMax_Dzv"", ""WPSA2"", ""WPSA3"", ""WPSA4"", ""WPSA5"", ""WPath""]"
final,163,56,SpMax_Dzp,SpAD_Dzv,SpAD_Dzv,algorithmic_medoid,False,False,41,0.02410509312570175,0.9758949068742983,0.9059880720413809,1.0,0.002325581395348837,858,91811.20320230175,"[""DPSA2"", ""ECIndex"", ""Kier2"", ""LogEE_D"", ""LogEE_DzZ"", ""LogEE_Dzare"", ""LogEE_Dzi"", ""LogEE_Dzm"", ""LogEE_Dzp"", ""LogEE_Dzpe"", ""LogEE_Dzse"", ""LogEE_Dzv"", ""PPSA2"", ""SpAD_D"", ""SpAD_DzZ"", ""SpAD_Dzare"", ""SpAD_Dzi"", ""SpAD_Dzm"", ""SpAD_Dzp"", ""SpAD_Dzpe"", ""SpAD_Dzse"", ""SpAD_Dzv"", ""SpAbs_D"", ""SpAbs_DzZ"", ""SpAbs_Dzare"", ""SpAbs_Dzi"", ""SpAbs_Dzm"", ""SpAbs_Dzp"", ""SpAbs_Dzpe"", ""SpAbs_Dzse"", ""SpAbs_Dzv"", ""SpDiam_D"", ""SpDiam_DzZ"", ""SpDiam_Dzare"", ""SpDiam_Dzi"", ""SpDiam_Dzm"", ""SpDiam_Dzp"", ""SpDiam_Dzpe"", ""SpDiam_Dzse"", ""SpDiam_Dzv"", ""SpMAD_Dzp"", ""SpMAD_Dzv"", ""SpMax_D"", ""SpMax_DzZ"", ""SpMax_Dzare"", ""SpMax_Dzi"", ""SpMax_Dzm"", ""SpMax_Dzp"", ""SpMax_Dzpe"", ""SpMax_Dzse"", ""SpMax_Dzv"", ""WPSA2"", ""WPSA3"", ""WPSA4"", ""WPSA5"", ""WPath""]"
final,163,56,LogEE_Dzp,SpAD_Dzv,SpAD_Dzv,algorithmic_medoid,False,False,42,0.02410509312570175,0.9758949068742983,0.9059880720413809,1.0,0.002325581395348837,858,91806.56486691954,"[""DPSA2"", ""ECIndex"", ""Kier2"", ""LogEE_D"", ""LogEE_DzZ"", ""LogEE_Dzare"", ""LogEE_Dzi"", ""LogEE_Dzm"", ""LogEE_Dzp"", ""LogEE_Dzpe"", ""LogEE_Dzse"", ""LogEE_Dzv"", ""PPSA2"", ""SpAD_D"", ""SpAD_DzZ"", ""SpAD_Dzare"", ""SpAD_Dzi"", ""SpAD_Dzm"", ""SpAD_Dzp"", ""SpAD_Dzpe"", ""SpAD_Dzse"", ""SpAD_Dzv"", ""SpAbs_D"", ""SpAbs_DzZ"", ""SpAbs_Dzare"", ""SpAbs_Dzi"", ""SpAbs_Dzm"", ""SpAbs_Dzp"", ""SpAbs_Dzpe"", ""SpAbs_Dzse"", ""SpAbs_Dzv"", ""SpDiam_D"", ""SpDiam_DzZ"", ""SpDiam_Dzare"", ""SpDiam_Dzi"", ""SpDiam_Dzm"", ""SpDiam_Dzp"", ""SpDiam_Dzpe"", ""SpDiam_Dzse"", ""SpDiam_Dzv"", ""SpMAD_Dzp"", ""SpMAD_Dzv"", ""SpMax_D"", ""SpMax_DzZ"", ""SpMax_Dzare"", ""SpMax_Dzi"", ""SpMax_Dzm"", ""SpMax_Dzp"", ""SpMax_Dzpe"", ""SpMax_Dzse"", ""SpMax_Dzv"", ""WPSA2"", ""WPSA3"", ""WPSA4"", ""WPSA5"", ""WPath""]"
final,163,56,SpAD_Dzp,SpAD_Dzv,SpAD_Dzv,algorithmic_medoid,False,False,43,0.0242336384136832,0.9757663615863168,0.9059191096451834,0.9999828175239526,0.002325581395348837,858,368577.91441383737,"[""DPSA2"", ""ECIndex"", ""Kier2"", ""LogEE_D"", ""LogEE_DzZ"", ""LogEE_Dzare"", ""LogEE_Dzi"", ""LogEE_Dzm"", ""LogEE_Dzp"", ""LogEE_Dzpe"", ""LogEE_Dzse"", ""LogEE_Dzv"", ""PPSA2"", ""SpAD_D"", ""SpAD_DzZ"", ""SpAD_Dzare"", ""SpAD_Dzi"", ""SpAD_Dzm"", ""SpAD_Dzp"", ""SpAD_Dzpe"", ""SpAD_Dzse"", ""SpAD_Dzv"", ""SpAbs_D"", ""SpAbs_DzZ"", ""SpAbs_Dzare"", ""SpAbs_Dzi"", ""SpAbs_Dzm"", ""SpAbs_Dzp"", ""SpAbs_Dzpe"", ""SpAbs_Dzse"", ""SpAbs_Dzv"", ""SpDiam_D"", ""SpDiam_DzZ"", ""SpDiam_Dzare"", ""SpDiam_Dzi"", ""SpDiam_Dzm"", ""SpDiam_Dzp"", ""SpDiam_Dzpe"", ""SpDiam_Dzse"", ""SpDiam_Dzv"", ""SpMAD_Dzp"", ""SpMAD_Dzv"", ""SpMax_D"", ""SpMax_DzZ"", ""SpMax_Dzare"", ""SpMax_Dzi"", ""SpMax_Dzm"", ""SpMax_Dzp"", ""SpMax_Dzpe"", ""SpMax_Dzse"", ""SpMax_Dzv"", ""WPSA2"", ""WPSA3"", ""WPSA4"", ""WPSA5"", ""WPath""]"
final,163,56,SpAbs_Dzp,SpAD_Dzv,SpAD_Dzv,algorithmic_medoid,False,False,44,0.024894546970554154,0.9751054530294458,0.9064451551387342,0.9999362932461964,0.002325581395348837,858,372941.16907260485,"[""DPSA2"", ""ECIndex"", ""Kier2"", ""LogEE_D"", ""LogEE_DzZ"", ""LogEE_Dzare"", ""LogEE_Dzi"", ""LogEE_Dzm"", ""LogEE_Dzp"", ""LogEE_Dzpe"", ""LogEE_Dzse"", ""LogEE_Dzv"", ""PPSA2"", ""SpAD_D"", ""SpAD_DzZ"", ""SpAD_Dzare"", ""SpAD_Dzi"", ""SpAD_Dzm"", ""SpAD_Dzp"", ""SpAD_Dzpe"", ""SpAD_Dzse"", ""SpAD_Dzv"", ""SpAbs_D"", ""SpAbs_DzZ"", ""SpAbs_Dzare"", ""SpAbs_Dzi"", ""SpAbs_Dzm"", ""SpAbs_Dzp"", ""SpAbs_Dzpe"", ""SpAbs_Dzse"", ""SpAbs_Dzv"", ""SpDiam_D"", ""SpDiam_DzZ"", ""SpDiam_Dzare"", ""SpDiam_Dzi"", ""SpDiam_Dzm"", ""SpDiam_Dzp"", ""SpDiam_Dzpe"", ""SpDiam_Dzse"", ""SpDiam_Dzv"", ""SpMAD_Dzp"", ""SpMAD_Dzv"", ""SpMax_D"", ""SpMax_DzZ"", ""SpMax_Dzare"", ""SpMax_Dzi"", ""SpMax_Dzm"", ""SpMax_Dzp"", ""SpMax_Dzpe"", ""SpMax_Dzse"", ""SpMax_Dzv"", ""WPSA2"", ""WPSA3"", ""WPSA4"", ""WPSA5"", ""WPath""]"
final,163,56,SpDiam_Dzare,SpAD_Dzv,SpAD_Dzv,algorithmic_medoid,False,False,45,0.024951908840781578,0.9750480911592184,0.8840685435907598,0.9978544541034271,0.0069767441860465115,854,87854.30767857155,"[""DPSA2"", ""ECIndex"", ""Kier2"", ""LogEE_D"", ""LogEE_DzZ"", ""LogEE_Dzare"", ""LogEE_Dzi"", ""LogEE_Dzm"", ""LogEE_Dzp"", ""LogEE_Dzpe"", ""LogEE_Dzse"", ""LogEE_Dzv"", ""PPSA2"", ""SpAD_D"", ""SpAD_DzZ"", ""SpAD_Dzare"", ""SpAD_Dzi"", ""SpAD_Dzm"", ""SpAD_Dzp"", ""SpAD_Dzpe"", ""SpAD_Dzse"", ""SpAD_Dzv"", ""SpAbs_D"", ""SpAbs_DzZ"", ""SpAbs_Dzare"", ""SpAbs_Dzi"", ""SpAbs_Dzm"", ""SpAbs_Dzp"", ""SpAbs_Dzpe"", ""SpAbs_Dzse"", ""SpAbs_Dzv"", ""SpDiam_D"", ""SpDiam_DzZ"", ""SpDiam_Dzare"", ""SpDiam_Dzi"", ""SpDiam_Dzm"", ""SpDiam_Dzp"", ""SpDiam_Dzpe"", ""SpDiam_Dzse"", ""SpDiam_Dzv"", ""SpMAD_Dzp"", ""SpMAD_Dzv"", ""SpMax_D"", ""SpMax_DzZ"", ""SpMax_Dzare"", ""SpMax_Dzi"", ""SpMax_Dzm"", ""SpMax_Dzp"", ""SpMax_Dzpe"", ""SpMax_Dzse"", ""SpMax_Dzv"", ""WPSA2"", ""WPSA3"", ""WPSA4"", ""WPSA5"", ""WPath""]"
final,163,56,SpDiam_Dzp,SpAD_Dzv,SpAD_Dzv,algorithmic_medoid,False,False,46,0.025088484589660398,0.9749115154103396,0.9021452091028407,0.997959784959557,0.002325581395348837,858,194320.15783552267,"[""DPSA2"", ""ECIndex"", ""Kier2"", ""LogEE_D"", ""LogEE_DzZ"", ""LogEE_Dzare"", ""LogEE_Dzi"", ""LogEE_Dzm"", ""LogEE_Dzp"", ""LogEE_Dzpe"", ""LogEE_Dzse"", ""LogEE_Dzv"", ""PPSA2"", ""SpAD_D"", ""SpAD_DzZ"", ""SpAD_Dzare"", ""SpAD_Dzi"", ""SpAD_Dzm"", ""SpAD_Dzp"", ""SpAD_Dzpe"", ""SpAD_Dzse"", ""SpAD_Dzv"", ""SpAbs_D"", ""SpAbs_DzZ"", ""SpAbs_Dzare"", ""SpAbs_Dzi"", ""SpAbs_Dzm"", ""SpAbs_Dzp"", ""SpAbs_Dzpe"", ""SpAbs_Dzse"", ""SpAbs_Dzv"", ""SpDiam_D"", ""SpDiam_DzZ"", ""SpDiam_Dzare"", ""SpDiam_Dzi"", ""SpDiam_Dzm"", ""SpDiam_Dzp"", ""SpDiam_Dzpe"", ""SpDiam_Dzse"", ""SpDiam_Dzv"", ""SpMAD_Dzp"", ""SpMAD_Dzv"", ""SpMax_D"", ""SpMax_DzZ"", ""SpMax_Dzare"", ""SpMax_Dzi"", ""SpMax_Dzm"", ""SpMax_Dzp"", ""SpMax_Dzpe"", ""SpMax_Dzse"", ""SpMax_Dzv"", ""WPSA2"", ""WPSA3"", ""WPSA4"", ""WPSA5"", ""WPath""]"
final,163,56,ECIndex,SpAD_Dzv,SpAD_Dzv,algorithmic_medoid,False,False,47,0.02855528440283439,0.9714447155971656,0.8769387801696075,0.9935193137663011,0.0,860,9.530008213023802e+16,"[""DPSA2"", ""ECIndex"", ""Kier2"", ""LogEE_D"", ""LogEE_DzZ"", ""LogEE_Dzare"", ""LogEE_Dzi"", ""LogEE_Dzm"", ""LogEE_Dzp"", ""LogEE_Dzpe"", ""LogEE_Dzse"", ""LogEE_Dzv"", ""PPSA2"", ""SpAD_D"", ""SpAD_DzZ"", ""SpAD_Dzare"", ""SpAD_Dzi"", ""SpAD_Dzm"", ""SpAD_Dzp"", ""SpAD_Dzpe"", ""SpAD_Dzse"", ""SpAD_Dzv"", ""SpAbs_D"", ""SpAbs_DzZ"", ""SpAbs_Dzare"", ""SpAbs_Dzi"", ""SpAbs_Dzm"", ""SpAbs_Dzp"", ""SpAbs_Dzpe"", ""SpAbs_Dzse"", ""SpAbs_Dzv"", ""SpDiam_D"", ""SpDiam_DzZ"", ""SpDiam_Dzare"", ""SpDiam_Dzi"", ""SpDiam_Dzm"", ""SpDiam_Dzp"", ""SpDiam_Dzpe"", ""SpDiam_Dzse"", ""SpDiam_Dzv"", ""SpMAD_Dzp"", ""SpMAD_Dzv"", ""SpMax_D"", ""SpMax_DzZ"", ""SpMax_Dzare"", ""SpMax_Dzi"", ""SpMax_Dzm"", ""SpMax_Dzp"", ""SpMax_Dzpe"", ""SpMax_Dzse"", ""SpMax_Dzv"", ""WPSA2"", ""WPSA3"", ""WPSA4"", ""WPSA5"", ""WPath""]"
final,163,56,SpMAD_Dzv,SpAD_Dzv,SpAD_Dzv,algorithmic_medoid,False,False,48,0.046244861911321045,0.953755138088679,0.882955969849132,0.9860317907837975,0.002325581395348837,858,29.24311368800939,"[""DPSA2"", ""ECIndex"", ""Kier2"", ""LogEE_D"", ""LogEE_DzZ"", ""LogEE_Dzare"", ""LogEE_Dzi"", ""LogEE_Dzm"", ""LogEE_Dzp"", ""LogEE_Dzpe"", ""LogEE_Dzse"", ""LogEE_Dzv"", ""PPSA2"", ""SpAD_D"", ""SpAD_DzZ"", ""SpAD_Dzare"", ""SpAD_Dzi"", ""SpAD_Dzm"", ""SpAD_Dzp"", ""SpAD_Dzpe"", ""SpAD_Dzse"", ""SpAD_Dzv"", ""SpAbs_D"", ""SpAbs_DzZ"", ""SpAbs_Dzare"", ""SpAbs_Dzi"", ""SpAbs_Dzm"", ""SpAbs_Dzp"", ""SpAbs_Dzpe"", ""SpAbs_Dzse"", ""SpAbs_Dzv"", ""SpDiam_D"", ""SpDiam_DzZ"", ""SpDiam_Dzare"", ""SpDiam_Dzi"", ""SpDiam_Dzm"", ""SpDiam_Dzp"", ""SpDiam_Dzpe"", ""SpDiam_Dzse"", ""SpDiam_Dzv"", ""SpMAD_Dzp"", ""SpMAD_Dzv"", ""SpMax_D"", ""SpMax_DzZ"", ""SpMax_Dzare"", ""SpMax_Dzi"", ""SpMax_Dzm"", ""SpMax_Dzp"", ""SpMax_Dzpe"", ""SpMax_Dzse"", ""SpMax_Dzv"", ""WPSA2"", ""WPSA3"", ""WPSA4"", ""WPSA5"", ""WPath""]"
final,163,56,WPSA2,SpAD_Dzv,SpAD_Dzv,algorithmic_medoid,False,False,49,0.053788858372384896,0.9462111416276151,0.9039771735559479,0.9919029304591664,0.005813953488372093,855,10856587.391299037,"[""DPSA2"", ""ECIndex"", ""Kier2"", ""LogEE_D"", ""LogEE_DzZ"", ""LogEE_Dzare"", ""LogEE_Dzi"", ""LogEE_Dzm"", ""LogEE_Dzp"", ""LogEE_Dzpe"", ""LogEE_Dzse"", ""LogEE_Dzv"", ""PPSA2"", ""SpAD_D"", ""SpAD_DzZ"", ""SpAD_Dzare"", ""SpAD_Dzi"", ""SpAD_Dzm"", ""SpAD_Dzp"", ""SpAD_Dzpe"", ""SpAD_Dzse"", ""SpAD_Dzv"", ""SpAbs_D"", ""SpAbs_DzZ"", ""SpAbs_Dzare"", ""SpAbs_Dzi"", ""SpAbs_Dzm"", ""SpAbs_Dzp"", ""SpAbs_Dzpe"", ""SpAbs_Dzse"", ""SpAbs_Dzv"", ""SpDiam_D"", ""SpDiam_DzZ"", ""SpDiam_Dzare"", ""SpDiam_Dzi"", ""SpDiam_Dzm"", ""SpDiam_Dzp"", ""SpDiam_Dzpe"", ""SpDiam_Dzse"", ""SpDiam_Dzv"", ""SpMAD_Dzp"", ""SpMAD_Dzv"", ""SpMax_D"", ""SpMax_DzZ"", ""SpMax_Dzare"", ""SpMax_Dzi"", ""SpMax_Dzm"", ""SpMax_Dzp"", ""SpMax_Dzpe"", ""SpMax_Dzse"", ""SpMax_Dzv"", ""WPSA2"", ""WPSA3"", ""WPSA4"", ""WPSA5"", ""WPath""]"
final,163,56,Kier2,SpAD_Dzv,SpAD_Dzv,algorithmic_medoid,False,False,50,0.06912422820324937,0.9308757717967506,0.8649187377537884,0.9443311706726175,0.009302325581395349,852,56.93999029626551,"[""DPSA2"", ""ECIndex"", ""Kier2"", ""LogEE_D"", ""LogEE_DzZ"", ""LogEE_Dzare"", ""LogEE_Dzi"", ""LogEE_Dzm"", ""LogEE_Dzp"", ""LogEE_Dzpe"", ""LogEE_Dzse"", ""LogEE_Dzv"", ""PPSA2"", ""SpAD_D"", ""SpAD_DzZ"", ""SpAD_Dzare"", ""SpAD_Dzi"", ""SpAD_Dzm"", ""SpAD_Dzp"", ""SpAD_Dzpe"", ""SpAD_Dzse"", ""SpAD_Dzv"", ""SpAbs_D"", ""SpAbs_DzZ"", ""SpAbs_Dzare"", ""SpAbs_Dzi"", ""SpAbs_Dzm"", ""SpAbs_Dzp"", ""SpAbs_Dzpe"", ""SpAbs_Dzse"", ""SpAbs_Dzv"", ""SpDiam_D"", ""SpDiam_DzZ"", ""SpDiam_Dzare"", ""SpDiam_Dzi"", ""SpDiam_Dzm"", ""SpDiam_Dzp"", ""SpDiam_Dzpe"", ""SpDiam_Dzse"", ""SpDiam_Dzv"", ""SpMAD_Dzp"", ""SpMAD_Dzv"", ""SpMax_D"", ""SpMax_DzZ"", ""SpMax_Dzare"", ""SpMax_Dzi"", ""SpMax_Dzm"", ""SpMax_Dzp"", ""SpMax_Dzpe"", ""SpMax_Dzse"", ""SpMax_Dzv"", ""WPSA2"", ""WPSA3"", ""WPSA4"", ""WPSA5"", ""WPath""]"
final,163,56,SpMAD_Dzp,SpAD_Dzv,SpAD_Dzv,algorithmic_medoid,False,False,51,0.07127702256106416,0.9287229774389358,0.8683493820576043,0.9860317907837975,0.002325581395348837,858,40.03363329248169,"[""DPSA2"", ""ECIndex"", ""Kier2"", ""LogEE_D"", ""LogEE_DzZ"", ""LogEE_Dzare"", ""LogEE_Dzi"", ""LogEE_Dzm"", ""LogEE_Dzp"", ""LogEE_Dzpe"", ""LogEE_Dzse"", ""LogEE_Dzv"", ""PPSA2"", ""SpAD_D"", ""SpAD_DzZ"", ""SpAD_Dzare"", ""SpAD_Dzi"", ""SpAD_Dzm"", ""SpAD_Dzp"", ""SpAD_Dzpe"", ""SpAD_Dzse"", ""SpAD_Dzv"", ""SpAbs_D"", ""SpAbs_DzZ"", ""SpAbs_Dzare"", ""SpAbs_Dzi"", ""SpAbs_Dzm"", ""SpAbs_Dzp"", ""SpAbs_Dzpe"", ""SpAbs_Dzse"", ""SpAbs_Dzv"", ""SpDiam_D"", ""SpDiam_DzZ"", ""SpDiam_Dzare"", ""SpDiam_Dzi"", ""SpDiam_Dzm"", ""SpDiam_Dzp"", ""SpDiam_Dzpe"", ""SpDiam_Dzse"", ""SpDiam_Dzv"", ""SpMAD_Dzp"", ""SpMAD_Dzv"", ""SpMax_D"", ""SpMax_DzZ"", ""SpMax_Dzare"", ""SpMax_Dzi"", ""SpMax_Dzm"", ""SpMax_Dzp"", ""SpMax_Dzpe"", ""SpMax_Dzse"", ""SpMax_Dzv"", ""WPSA2"", ""WPSA3"", ""WPSA4"", ""WPSA5"", ""WPath""]"
final,163,56,WPSA5,SpAD_Dzv,SpAD_Dzv,algorithmic_medoid,False,False,52,0.08200161427886432,0.9179983857211357,0.8852974780725076,0.9934166487790607,0.005813953488372093,855,587.4764024969628,"[""DPSA2"", ""ECIndex"", ""Kier2"", ""LogEE_D"", ""LogEE_DzZ"", ""LogEE_Dzare"", ""LogEE_Dzi"", ""LogEE_Dzm"", ""LogEE_Dzp"", ""LogEE_Dzpe"", ""LogEE_Dzse"", ""LogEE_Dzv"", ""PPSA2"", ""SpAD_D"", ""SpAD_DzZ"", ""SpAD_Dzare"", ""SpAD_Dzi"", ""SpAD_Dzm"", ""SpAD_Dzp"", ""SpAD_Dzpe"", ""SpAD_Dzse"", ""SpAD_Dzv"", ""SpAbs_D"", ""SpAbs_DzZ"", ""SpAbs_Dzare"", ""SpAbs_Dzi"", ""SpAbs_Dzm"", ""SpAbs_Dzp"", ""SpAbs_Dzpe"", ""SpAbs_Dzse"", ""SpAbs_Dzv"", ""SpDiam_D"", ""SpDiam_DzZ"", ""SpDiam_Dzare"", ""SpDiam_Dzi"", ""SpDiam_Dzm"", ""SpDiam_Dzp"", ""SpDiam_Dzpe"", ""SpDiam_Dzse"", ""SpDiam_Dzv"", ""SpMAD_Dzp"", ""SpMAD_Dzv"", ""SpMax_D"", ""SpMax_DzZ"", ""SpMax_Dzare"", ""SpMax_Dzi"", ""SpMax_Dzm"", ""SpMax_Dzp"", ""SpMax_Dzpe"", ""SpMax_Dzse"", ""SpMax_Dzv"", ""WPSA2"", ""WPSA3"", ""WPSA4"", ""WPSA5"", ""WPath""]"
final,163,56,PPSA2,SpAD_Dzv,SpAD_Dzv,algorithmic_medoid,False,False,53,0.08486983508180579,0.9151301649181942,0.8733905932952597,0.9919029304591664,0.005813953488372093,855,4512451.392556813,"[""DPSA2"", ""ECIndex"", ""Kier2"", ""LogEE_D"", ""LogEE_DzZ"", ""LogEE_Dzare"", ""LogEE_Dzi"", ""LogEE_Dzm"", ""LogEE_Dzp"", ""LogEE_Dzpe"", ""LogEE_Dzse"", ""LogEE_Dzv"", ""PPSA2"", ""SpAD_D"", ""SpAD_DzZ"", ""SpAD_Dzare"", ""SpAD_Dzi"", ""SpAD_Dzm"", ""SpAD_Dzp"", ""SpAD_Dzpe"", ""SpAD_Dzse"", ""SpAD_Dzv"", ""SpAbs_D"", ""SpAbs_DzZ"", ""SpAbs_Dzare"", ""SpAbs_Dzi"", ""SpAbs_Dzm"", ""SpAbs_Dzp"", ""SpAbs_Dzpe"", ""SpAbs_Dzse"", ""SpAbs_Dzv"", ""SpDiam_D"", ""SpDiam_DzZ"", ""SpDiam_Dzare"", ""SpDiam_Dzi"", ""SpDiam_Dzm"", ""SpDiam_Dzp"", ""SpDiam_Dzpe"", ""SpDiam_Dzse"", ""SpDiam_Dzv"", ""SpMAD_Dzp"", ""SpMAD_Dzv"", ""SpMax_D"", ""SpMax_DzZ"", ""SpMax_Dzare"", ""SpMax_Dzi"", ""SpMax_Dzm"", ""SpMax_Dzp"", ""SpMax_Dzpe"", ""SpMax_Dzse"", ""SpMax_Dzv"", ""WPSA2"", ""WPSA3"", ""WPSA4"", ""WPSA5"", ""WPath""]"
final,163,56,DPSA2,SpAD_Dzv,SpAD_Dzv,algorithmic_medoid,False,False,54,0.0855078035064547,0.9144921964935453,0.8677362294041491,0.9746984918425206,0.005813953488372093,855,10146083.723001571,"[""DPSA2"", ""ECIndex"", ""Kier2"", ""LogEE_D"", ""LogEE_DzZ"", ""LogEE_Dzare"", ""LogEE_Dzi"", ""LogEE_Dzm"", ""LogEE_Dzp"", ""LogEE_Dzpe"", ""LogEE_Dzse"", ""LogEE_Dzv"", ""PPSA2"", ""SpAD_D"", ""SpAD_DzZ"", ""SpAD_Dzare"", ""SpAD_Dzi"", ""SpAD_Dzm"", ""SpAD_Dzp"", ""SpAD_Dzpe"", ""SpAD_Dzse"", ""SpAD_Dzv"", ""SpAbs_D"", ""SpAbs_DzZ"", ""SpAbs_Dzare"", ""SpAbs_Dzi"", ""SpAbs_Dzm"", ""SpAbs_Dzp"", ""SpAbs_Dzpe"", ""SpAbs_Dzse"", ""SpAbs_Dzv"", ""SpDiam_D"", ""SpDiam_DzZ"", ""SpDiam_Dzare"", ""SpDiam_Dzi"", ""SpDiam_Dzm"", ""SpDiam_Dzp"", ""SpDiam_Dzpe"", ""SpDiam_Dzse"", ""SpDiam_Dzv"", ""SpMAD_Dzp"", ""SpMAD_Dzv"", ""SpMax_D"", ""SpMax_DzZ"", ""SpMax_Dzare"", ""SpMax_Dzi"", ""SpMax_Dzm"", ""SpMax_Dzp"", ""SpMax_Dzpe"", ""SpMax_Dzse"", ""SpMax_Dzv"", ""WPSA2"", ""WPSA3"", ""WPSA4"", ""WPSA5"", ""WPath""]"
final,163,56,WPSA4,SpAD_Dzv,SpAD_Dzv,algorithmic_medoid,False,False,55,0.09979943440486583,0.9002005655951342,0.8649187377537884,0.9934166487790607,0.005813953488372093,855,294.44773132101375,"[""DPSA2"", ""ECIndex"", ""Kier2"", ""LogEE_D"", ""LogEE_DzZ"", ""LogEE_Dzare"", ""LogEE_Dzi"", ""LogEE_Dzm"", ""LogEE_Dzp"", ""LogEE_Dzpe"", ""LogEE_Dzse"", ""LogEE_Dzv"", ""PPSA2"", ""SpAD_D"", ""SpAD_DzZ"", ""SpAD_Dzare"", ""SpAD_Dzi"", ""SpAD_Dzm"", ""SpAD_Dzp"", ""SpAD_Dzpe"", ""SpAD_Dzse"", ""SpAD_Dzv"", ""SpAbs_D"", ""SpAbs_DzZ"", ""SpAbs_Dzare"", ""SpAbs_Dzi"", ""SpAbs_Dzm"", ""SpAbs_Dzp"", ""SpAbs_Dzpe"", ""SpAbs_Dzse"", ""SpAbs_Dzv"", ""SpDiam_D"", ""SpDiam_DzZ"", ""SpDiam_Dzare"", ""SpDiam_Dzi"", ""SpDiam_Dzm"", ""SpDiam_Dzp"", ""SpDiam_Dzpe"", ""SpDiam_Dzse"", ""SpDiam_Dzv"", ""SpMAD_Dzp"", ""SpMAD_Dzv"", ""SpMax_D"", ""SpMax_DzZ"", ""SpMax_Dzare"", ""SpMax_Dzi"", ""SpMax_Dzm"", ""SpMax_Dzp"", ""SpMax_Dzpe"", ""SpMax_Dzse"", ""SpMax_Dzv"", ""WPSA2"", ""WPSA3"", ""WPSA4"", ""WPSA5"", ""WPath""]"
final,163,56,WPSA3,SpAD_Dzv,SpAD_Dzv,algorithmic_medoid,False,False,56,0.10000634209309378,0.8999936579069062,0.8683493820576043,0.9835178810735733,0.005813953488372093,855,353.7293815400866,"[""DPSA2"", ""ECIndex"", ""Kier2"", ""LogEE_D"", ""LogEE_DzZ"", ""LogEE_Dzare"", ""LogEE_Dzi"", ""LogEE_Dzm"", ""LogEE_Dzp"", ""LogEE_Dzpe"", ""LogEE_Dzse"", ""LogEE_Dzv"", ""PPSA2"", ""SpAD_D"", ""SpAD_DzZ"", ""SpAD_Dzare"", ""SpAD_Dzi"", ""SpAD_Dzm"", ""SpAD_Dzp"", ""SpAD_Dzpe"", ""SpAD_Dzse"", ""SpAD_Dzv"", ""SpAbs_D"", ""SpAbs_DzZ"", ""SpAbs_Dzare"", ""SpAbs_Dzi"", ""SpAbs_Dzm"", ""SpAbs_Dzp"", ""SpAbs_Dzpe"", ""SpAbs_Dzse"", ""SpAbs_Dzv"", ""SpDiam_D"", ""SpDiam_DzZ"", ""SpDiam_Dzare"", ""SpDiam_Dzi"", ""SpDiam_Dzm"", ""SpDiam_Dzp"", ""SpDiam_Dzpe"", ""SpDiam_Dzse"", ""SpDiam_Dzv"", ""SpMAD_Dzp"", ""SpMAD_Dzv"", ""SpMax_D"", ""SpMax_DzZ"", ""SpMax_Dzare"", ""SpMax_Dzi"", ""SpMax_Dzm"", ""SpMax_Dzp"", ""SpMax_Dzpe"", ""SpMax_Dzse"", ""SpMax_Dzv"", ""WPSA2"", ""WPSA3"", ""WPSA4"", ""WPSA5"", ""WPath""]"
final,164,3,PNSA3,PNSA3,PNSA3,algorithmic_medoid,True,True,1,0.049369776375670194,0.9506302236243298,0.9279911904566401,0.9732692567920195,0.005813953488372093,855,833.9645295665252,"[""DPSA3"", ""PNSA3"", ""TPSA""]"
final,164,3,DPSA3,PNSA3,PNSA3,algorithmic_medoid,False,False,2,0.054773254537524685,0.9452267454624753,0.9171842341329312,0.9732692567920195,0.005813953488372093,855,1501.1406666207836,"[""DPSA3"", ""PNSA3"", ""TPSA""]"
final,164,3,TPSA,PNSA3,PNSA3,algorithmic_medoid,False,False,3,0.07741228770521436,0.9225877122947856,0.9171842341329312,0.9279911904566401,0.005813953488372093,855,11893.208274510276,"[""DPSA3"", ""PNSA3"", ""TPSA""]"
final,165,17,SpMAD_D,SpMAD_D,SpMAD_D,algorithmic_medoid,True,True,1,0.05310640591513294,0.9468935940848671,0.848676874355696,0.9854384212829238,0.002325581395348837,858,23.62903146088874,"[""Diameter"", ""GeomDiameter"", ""GeomRadius"", ""MOMI-X"", ""MOMI-Y"", ""Radius"", ""SpMAD_D"", ""SpMAD_DzZ"", ""SpMAD_Dzare"", ""SpMAD_Dzi"", ""SpMAD_Dzm"", ""SpMAD_Dzpe"", ""SpMAD_Dzse"", ""VE2_A"", ""VR1_A"", ""VR2_A"", ""VR3_A""]"
final,165,17,SpMAD_Dzse,SpMAD_D,SpMAD_D,algorithmic_medoid,False,False,2,0.054243637787454446,0.9457563622125456,0.8426616577138124,0.9970178989547799,0.002325581395348837,858,18.777090445531954,"[""Diameter"", ""GeomDiameter"", ""GeomRadius"", ""MOMI-X"", ""MOMI-Y"", ""Radius"", ""SpMAD_D"", ""SpMAD_DzZ"", ""SpMAD_Dzare"", ""SpMAD_Dzi"", ""SpMAD_Dzm"", ""SpMAD_Dzpe"", ""SpMAD_Dzse"", ""VE2_A"", ""VR1_A"", ""VR2_A"", ""VR3_A""]"
final,165,17,SpMAD_Dzpe,SpMAD_D,SpMAD_D,algorithmic_medoid,False,False,3,0.05538290509851851,0.9446170949014815,0.838828442912345,0.9963923494572795,0.004651162790697674,856,18.267402142325007,"[""Diameter"", ""GeomDiameter"", ""GeomRadius"", ""MOMI-X"", ""MOMI-Y"", ""Radius"", ""SpMAD_D"", ""SpMAD_DzZ"", ""SpMAD_Dzare"", ""SpMAD_Dzi"", ""SpMAD_Dzm"", ""SpMAD_Dzpe"", ""SpMAD_Dzse"", ""VE2_A"", ""VR1_A"", ""VR2_A"", ""VR3_A""]"
final,165,17,SpMAD_Dzare,SpMAD_D,SpMAD_D,algorithmic_medoid,False,False,4,0.05710750821383148,0.9428924917861685,0.8353726052926549,0.9963239402738806,0.0069767441860465115,854,17.63986707231526,"[""Diameter"", ""GeomDiameter"", ""GeomRadius"", ""MOMI-X"", ""MOMI-Y"", ""Radius"", ""SpMAD_D"", ""SpMAD_DzZ"", ""SpMAD_Dzare"", ""SpMAD_Dzi"", ""SpMAD_Dzm"", ""SpMAD_Dzpe"", ""SpMAD_Dzse"", ""VE2_A"", ""VR1_A"", ""VR2_A"", ""VR3_A""]"
final,165,17,SpMAD_Dzi,SpMAD_D,SpMAD_D,algorithmic_medoid,False,False,5,0.05849821211545281,0.9415017878845472,0.8359378585703318,0.9970178989547799,0.002325581395348837,858,18.521759303261945,"[""Diameter"", ""GeomDiameter"", ""GeomRadius"", ""MOMI-X"", ""MOMI-Y"", ""Radius"", ""SpMAD_D"", ""SpMAD_DzZ"", ""SpMAD_Dzare"", ""SpMAD_Dzi"", ""SpMAD_Dzm"", ""SpMAD_Dzpe"", ""SpMAD_Dzse"", ""VE2_A"", ""VR1_A"", ""VR2_A"", ""VR3_A""]"
final,165,17,SpMAD_DzZ,SpMAD_D,SpMAD_D,algorithmic_medoid,False,False,6,0.060637610683675236,0.9393623893163248,0.8335221700817318,0.9992810620660475,0.002325581395348837,858,19.099020597809567,"[""Diameter"", ""GeomDiameter"", ""GeomRadius"", ""MOMI-X"", ""MOMI-Y"", ""Radius"", ""SpMAD_D"", ""SpMAD_DzZ"", ""SpMAD_Dzare"", ""SpMAD_Dzi"", ""SpMAD_Dzm"", ""SpMAD_Dzpe"", ""SpMAD_Dzse"", ""VE2_A"", ""VR1_A"", ""VR2_A"", ""VR3_A""]"
final,165,17,Diameter,SpMAD_D,SpMAD_D,algorithmic_medoid,False,False,7,0.06079264398288875,0.9392073560171113,0.8606473298864503,0.9916998045672069,0.0,860,23201723849149.61,"[""Diameter"", ""GeomDiameter"", ""GeomRadius"", ""MOMI-X"", ""MOMI-Y"", ""Radius"", ""SpMAD_D"", ""SpMAD_DzZ"", ""SpMAD_Dzare"", ""SpMAD_Dzi"", ""SpMAD_Dzm"", ""SpMAD_Dzpe"", ""SpMAD_Dzse"", ""VE2_A"", ""VR1_A"", ""VR2_A"", ""VR3_A""]"
final,165,17,Radius,SpMAD_D,SpMAD_D,algorithmic_medoid,False,False,8,0.062385873318793306,0.9376141266812067,0.8580883664528276,0.9916998045672069,0.0,860,23201727073024.113,"[""Diameter"", ""GeomDiameter"", ""GeomRadius"", ""MOMI-X"", ""MOMI-Y"", ""Radius"", ""SpMAD_D"", ""SpMAD_DzZ"", ""SpMAD_Dzare"", ""SpMAD_Dzi"", ""SpMAD_Dzm"", ""SpMAD_Dzpe"", ""SpMAD_Dzse"", ""VE2_A"", ""VR1_A"", ""VR2_A"", ""VR3_A""]"
final,165,17,SpMAD_Dzm,SpMAD_D,SpMAD_D,algorithmic_medoid,False,False,9,0.06238636027666733,0.9376136397233327,0.8316715556409386,0.9992810620660475,0.002325581395348837,858,19.275609038928813,"[""Diameter"", ""GeomDiameter"", ""GeomRadius"", ""MOMI-X"", ""MOMI-Y"", ""Radius"", ""SpMAD_D"", ""SpMAD_DzZ"", ""SpMAD_Dzare"", ""SpMAD_Dzi"", ""SpMAD_Dzm"", ""SpMAD_Dzpe"", ""SpMAD_Dzse"", ""VE2_A"", ""VR1_A"", ""VR2_A"", ""VR3_A""]"
final,165,17,MOMI-X,SpMAD_D,SpMAD_D,algorithmic_medoid,False,False,10,0.06515302082777752,0.9348469791722225,0.8276164406330945,0.9916336706957055,0.005813953488372093,855,191472141.58370873,"[""Diameter"", ""GeomDiameter"", ""GeomRadius"", ""MOMI-X"", ""MOMI-Y"", ""Radius"", ""SpMAD_D"", ""SpMAD_DzZ"", ""SpMAD_Dzare"", ""SpMAD_Dzi"", ""SpMAD_Dzm"", ""SpMAD_Dzpe"", ""SpMAD_Dzse"", ""VE2_A"", ""VR1_A"", ""VR2_A"", ""VR3_A""]"
final,165,17,MOMI-Y,SpMAD_D,SpMAD_D,algorithmic_medoid,False,False,11,0.07052048178000259,0.9294795182199974,0.8224449043263232,0.9916336706957055,0.005813953488372093,855,154581933.8340784,"[""Diameter"", ""GeomDiameter"", ""GeomRadius"", ""MOMI-X"", ""MOMI-Y"", ""Radius"", ""SpMAD_D"", ""SpMAD_DzZ"", ""SpMAD_Dzare"", ""SpMAD_Dzi"", ""SpMAD_Dzm"", ""SpMAD_Dzpe"", ""SpMAD_Dzse"", ""VE2_A"", ""VR1_A"", ""VR2_A"", ""VR3_A""]"
final,165,17,VE2_A,SpMAD_D,SpMAD_D,algorithmic_medoid,False,False,12,0.08543704011706565,0.9145629598829343,0.8352077477646245,0.9570219780353086,0.002325581395348837,858,0.010243756190057752,"[""Diameter"", ""GeomDiameter"", ""GeomRadius"", ""MOMI-X"", ""MOMI-Y"", ""Radius"", ""SpMAD_D"", ""SpMAD_DzZ"", ""SpMAD_Dzare"", ""SpMAD_Dzi"", ""SpMAD_Dzm"", ""SpMAD_Dzpe"", ""SpMAD_Dzse"", ""VE2_A"", ""VR1_A"", ""VR2_A"", ""VR3_A""]"
final,165,17,VR3_A,SpMAD_D,SpMAD_D,algorithmic_medoid,False,False,13,0.08653014065817866,0.9134698593418213,0.8545241942764527,0.9844513893334876,0.009302325581395349,852,6.805928015125702,"[""Diameter"", ""GeomDiameter"", ""GeomRadius"", ""MOMI-X"", ""MOMI-Y"", ""Radius"", ""SpMAD_D"", ""SpMAD_DzZ"", ""SpMAD_Dzare"", ""SpMAD_Dzi"", ""SpMAD_Dzm"", ""SpMAD_Dzpe"", ""SpMAD_Dzse"", ""VE2_A"", ""VR1_A"", ""VR2_A"", ""VR3_A""]"
final,165,17,GeomRadius,SpMAD_D,SpMAD_D,algorithmic_medoid,False,False,14,0.09635587751438734,0.9036441224856127,0.8214303595160619,0.9834250023028671,0.005813953488372093,855,6.370226186537267,"[""Diameter"", ""GeomDiameter"", ""GeomRadius"", ""MOMI-X"", ""MOMI-Y"", ""Radius"", ""SpMAD_D"", ""SpMAD_DzZ"", ""SpMAD_Dzare"", ""SpMAD_Dzi"", ""SpMAD_Dzm"", ""SpMAD_Dzpe"", ""SpMAD_Dzse"", ""VE2_A"", ""VR1_A"", ""VR2_A"", ""VR3_A""]"
final,165,17,VR1_A,SpMAD_D,SpMAD_D,algorithmic_medoid,False,False,15,0.09814308014504114,0.9018569198549589,0.8397745214688065,0.9870222578434897,0.002325581395348837,858,212281635720832.94,"[""Diameter"", ""GeomDiameter"", ""GeomRadius"", ""MOMI-X"", ""MOMI-Y"", ""Radius"", ""SpMAD_D"", ""SpMAD_DzZ"", ""SpMAD_Dzare"", ""SpMAD_Dzi"", ""SpMAD_Dzm"", ""SpMAD_Dzpe"", ""SpMAD_Dzse"", ""VE2_A"", ""VR1_A"", ""VR2_A"", ""VR3_A""]"
final,165,17,GeomDiameter,SpMAD_D,SpMAD_D,algorithmic_medoid,False,False,16,0.11125675170438787,0.8887432482956121,0.8058162308539673,0.9834250023028671,0.005813953488372093,855,24.626043597852316,"[""Diameter"", ""GeomDiameter"", ""GeomRadius"", ""MOMI-X"", ""MOMI-Y"", ""Radius"", ""SpMAD_D"", ""SpMAD_DzZ"", ""SpMAD_Dzare"", ""SpMAD_Dzi"", ""SpMAD_Dzm"", ""SpMAD_Dzpe"", ""SpMAD_Dzse"", ""VE2_A"", ""VR1_A"", ""VR2_A"", ""VR3_A""]"
final,165,17,VR2_A,SpMAD_D,SpMAD_D,algorithmic_medoid,False,False,17,0.1433185902123979,0.8566814097876021,0.8058162308539673,0.9870222578434897,0.002325581395348837,858,88510887697.48775,"[""Diameter"", ""GeomDiameter"", ""GeomRadius"", ""MOMI-X"", ""MOMI-Y"", ""Radius"", ""SpMAD_D"", ""SpMAD_DzZ"", ""SpMAD_Dzare"", ""SpMAD_Dzi"", ""SpMAD_Dzm"", ""SpMAD_Dzpe"", ""SpMAD_Dzse"", ""VE2_A"", ""VR1_A"", ""VR2_A"", ""VR3_A""]"
final,166,1,ECFP_0,ECFP_0,ECFP_0,algorithmic_medoid,True,True,1,0.0,1.0,1.0,1.0,0.0,860,0.01149269875608437,"[""ECFP_0""]"
final,167,1,ECFP_1,ECFP_1,ECFP_1,algorithmic_medoid,True,True,1,0.0,1.0,1.0,1.0,0.0,860,0.23273526230394795,"[""ECFP_1""]"
final,168,3,ECFP_10,ECFP_10,ECFP_10,algorithmic_medoid,True,True,1,0.08240626776116688,0.9175937322388331,0.8351874644776662,1.0,0.0,860,0.00807328285559762,"[""ECFP_10"", ""ECFP_1705"", ""ECFP_393""]"
final,168,3,ECFP_393,ECFP_10,ECFP_10,algorithmic_medoid,False,False,2,0.08240626776116688,0.9175937322388331,0.8351874644776662,1.0,0.0,860,0.00807328285559762,"[""ECFP_10"", ""ECFP_1705"", ""ECFP_393""]"
final,168,3,ECFP_1705,ECFP_10,ECFP_10,algorithmic_medoid,False,False,3,0.16481253552233377,0.8351874644776662,0.8351874644776662,0.8351874644776662,0.0,860,0.01149269875608437,"[""ECFP_10"", ""ECFP_1705"", ""ECFP_393""]"
final,169,1,ECFP_100,ECFP_100,ECFP_100,algorithmic_medoid,True,True,1,0.0,1.0,1.0,1.0,0.0,860,0.0046295294753921044,"[""ECFP_100""]"
final,170,1,ECFP_1000,ECFP_1000,ECFP_1000,algorithmic_medoid,True,True,1,0.0,1.0,1.0,1.0,0.0,860,0.01375878853434289,"[""ECFP_1000""]"
final,171,2,ECFP_1003,ECFP_1003,ECFP_1003,algorithmic_medoid,True,True,1,0.1982157480409057,0.8017842519590943,0.8017842519590943,0.8017842519590943,0.0,860,0.012627095727420226,"[""ECFP_1003"", ""ECFP_179""]"
final,171,2,ECFP_179,ECFP_1003,ECFP_1003,algorithmic_medoid,False,False,2,0.1982157480409057,0.8017842519590943,0.8017842519590943,0.8017842519590943,0.0,860,0.010355597620335315,"[""ECFP_1003"", ""ECFP_179""]"
final,172,1,ECFP_1004,ECFP_1004,ECFP_1004,algorithmic_medoid,True,True,1,0.0,1.0,1.0,1.0,0.0,860,0.04854515954570038,"[""ECFP_1004""]"
final,173,1,ECFP_1005,ECFP_1005,ECFP_1005,algorithmic_medoid,True,True,1,0.0,1.0,1.0,1.0,0.0,860,0.01937669010275825,"[""ECFP_1005""]"
final,174,1,ECFP_1006,ECFP_1006,ECFP_1006,algorithmic_medoid,True,True,1,0.0,1.0,1.0,1.0,0.0,860,0.008073282855597618,"[""ECFP_1006""]"
final,175,1,ECFP_1007,ECFP_1007,ECFP_1007,algorithmic_medoid,True,True,1,0.0,1.0,1.0,1.0,0.0,860,0.0046295294753921044,"[""ECFP_1007""]"
final,176,1,ECFP_1008,ECFP_1008,ECFP_1008,algorithmic_medoid,True,True,1,0.0,1.0,1.0,1.0,0.0,860,0.012627095727420228,"[""ECFP_1008""]"
final,177,1,ECFP_1009,ECFP_1009,ECFP_1009,algorithmic_medoid,True,True,1,0.0,1.0,1.0,1.0,0.0,860,0.02271498107084911,"[""ECFP_1009""]"
final,178,1,ECFP_101,ECFP_101,ECFP_101,algorithmic_medoid,True,True,1,0.0,1.0,1.0,1.0,0.0,860,0.00807328285559762,"[""ECFP_101""]"
final,179,1,ECFP_1010,ECFP_1010,ECFP_1010,algorithmic_medoid,True,True,1,0.0,1.0,1.0,1.0,0.0,860,0.0011614386154678205,"[""ECFP_1010""]"
final,180,1,ECFP_1011,ECFP_1011,ECFP_1011,algorithmic_medoid,True,True,1,0.0,1.0,1.0,1.0,0.0,860,0.00807328285559762,"[""ECFP_1011""]"
final,181,1,ECFP_1012,ECFP_1012,ECFP_1012,algorithmic_medoid,True,True,1,0.0,1.0,1.0,1.0,0.0,860,0.0034762033531638738,"[""ECFP_1012""]"
final,182,1,ECFP_1013,ECFP_1013,ECFP_1013,algorithmic_medoid,True,True,1,0.0,1.0,1.0,1.0,0.0,860,0.012627095727420228,"[""ECFP_1013""]"
final,183,1,ECFP_1014,ECFP_1014,ECFP_1014,algorithmic_medoid,True,True,1,0.0,1.0,1.0,1.0,0.0,860,0.0046295294753921044,"[""ECFP_1014""]"
final,184,1,ECFP_1015,ECFP_1015,ECFP_1015,algorithmic_medoid,True,True,1,0.0,1.0,1.0,1.0,0.0,860,0.005780151433207137,"[""ECFP_1015""]"
final,185,1,ECFP_1016,ECFP_1016,ECFP_1016,algorithmic_medoid,True,True,1,0.0,1.0,1.0,1.0,0.0,860,0.0023201730665224434,"[""ECFP_1016""]"
final,186,1,ECFP_1017,ECFP_1017,ECFP_1017,algorithmic_medoid,True,True,1,0.0,1.0,1.0,1.0,0.0,860,0.09644537587885342,"[""ECFP_1017""]"
final,187,1,ECFP_1018,ECFP_1018,ECFP_1018,algorithmic_medoid,True,True,1,0.0,1.0,1.0,1.0,0.0,860,0.0046295294753921044,"[""ECFP_1018""]"
final,188,1,ECFP_1019,ECFP_1019,ECFP_1019,algorithmic_medoid,True,True,1,0.0,1.0,1.0,1.0,0.0,860,0.2367482422931314,"[""ECFP_1019""]"
final,189,1,ECFP_102,ECFP_102,ECFP_102,algorithmic_medoid,True,True,1,0.0,1.0,1.0,1.0,0.0,860,0.030409680908599246,"[""ECFP_102""]"
final,190,1,ECFP_1020,ECFP_1020,ECFP_1020,algorithmic_medoid,True,True,1,0.0,1.0,1.0,1.0,0.0,860,0.0034762033531638738,"[""ECFP_1020""]"
final,191,1,ECFP_1021,ECFP_1021,ECFP_1021,algorithmic_medoid,True,True,1,0.0,1.0,1.0,1.0,0.0,860,0.0046295294753921044,"[""ECFP_1021""]"
final,192,1,ECFP_1022,ECFP_1022,ECFP_1022,algorithmic_medoid,True,True,1,0.0,1.0,1.0,1.0,0.0,860,0.005780151433207137,"[""ECFP_1022""]"
final,193,1,ECFP_1023,ECFP_1023,ECFP_1023,algorithmic_medoid,True,True,1,0.0,1.0,1.0,1.0,0.0,860,0.012627095727420228,"[""ECFP_1023""]"
final,194,1,ECFP_1024,ECFP_1024,ECFP_1024,algorithmic_medoid,True,True,1,0.0,1.0,1.0,1.0,0.0,860,0.01937669010275825,"[""ECFP_1024""]"
final,195,1,ECFP_1025,ECFP_1025,ECFP_1025,algorithmic_medoid,True,True,1,0.0,1.0,1.0,1.0,0.0,860,0.0023201730665224443,"[""ECFP_1025""]"
final,196,2,ECFP_1026,ECFP_1026,ECFP_1026,algorithmic_medoid,True,True,1,0.13448000939183546,0.8655199906081645,0.8655199906081645,0.8655199906081645,0.0,860,0.0046295294753921044,"[""ECFP_1026"", ""ECFP_1355""]"
final,196,2,ECFP_1355,ECFP_1026,ECFP_1026,algorithmic_medoid,False,False,2,0.13448000939183546,0.8655199906081645,0.8655199906081645,0.8655199906081645,0.0,860,0.0034762033531638733,"[""ECFP_1026"", ""ECFP_1355""]"
final,197,1,ECFP_1027,ECFP_1027,ECFP_1027,algorithmic_medoid,True,True,1,0.0,1.0,1.0,1.0,0.0,860,0.05373039480800432,"[""ECFP_1027""]"
final,198,1,ECFP_1028,ECFP_1028,ECFP_1028,algorithmic_medoid,True,True,1,0.0,1.0,1.0,1.0,0.0,860,0.11498647917793403,"[""ECFP_1028""]"
final,199,1,ECFP_1029,ECFP_1029,ECFP_1029,algorithmic_medoid,True,True,1,0.0,1.0,1.0,1.0,0.0,860,0.006928069226608975,"[""ECFP_1029""]"
final,200,1,ECFP_103,ECFP_103,ECFP_103,algorithmic_medoid,True,True,1,0.0,1.0,1.0,1.0,0.0,860,0.0034762033531638733,"[""ECFP_103""]"
final,201,1,ECFP_1030,ECFP_1030,ECFP_1030,algorithmic_medoid,True,True,1,0.0,1.0,1.0,1.0,0.0,860,0.005780151433207137,"[""ECFP_1030""]"
final,202,1,ECFP_1031,ECFP_1031,ECFP_1031,algorithmic_medoid,True,True,1,0.0,1.0,1.0,1.0,0.0,860,0.0046295294753921044,"[""ECFP_1031""]"
final,203,1,ECFP_1032,ECFP_1032,ECFP_1032,algorithmic_medoid,True,True,1,0.0,1.0,1.0,1.0,0.0,860,0.02271498107084911,"[""ECFP_1032""]"
final,204,1,ECFP_1033,ECFP_1033,ECFP_1033,algorithmic_medoid,True,True,1,0.0,1.0,1.0,1.0,0.0,860,0.020492157923201734,"[""ECFP_1033""]"
final,205,1,ECFP_1034,ECFP_1034,ECFP_1034,algorithmic_medoid,True,True,1,0.0,1.0,1.0,1.0,0.0,860,0.07183747971876692,"[""ECFP_1034""]"
final,206,1,ECFP_1035,ECFP_1035,ECFP_1035,algorithmic_medoid,True,True,1,0.0,1.0,1.0,1.0,0.0,860,0.06389805300162252,"[""ECFP_1035""]"
final,207,1,ECFP_1036,ECFP_1036,ECFP_1036,algorithmic_medoid,True,True,1,0.0,1.0,1.0,1.0,0.0,860,0.0034762033531638733,"[""ECFP_1036""]"
final,208,1,ECFP_1037,ECFP_1037,ECFP_1037,algorithmic_medoid,True,True,1,0.0,1.0,1.0,1.0,0.0,860,0.026028934559221204,"[""ECFP_1037""]"
final,209,1,ECFP_1038,ECFP_1038,ECFP_1038,algorithmic_medoid,True,True,1,0.0,1.0,1.0,1.0,0.0,860,0.005780151433207137,"[""ECFP_1038""]"
final,210,1,ECFP_1039,ECFP_1039,ECFP_1039,algorithmic_medoid,True,True,1,0.0,1.0,1.0,1.0,0.0,860,0.10275824770146026,"[""ECFP_1039""]"
final,211,1,ECFP_104,ECFP_104,ECFP_104,algorithmic_medoid,True,True,1,0.0,1.0,1.0,1.0,0.0,860,0.006928069226608975,"[""ECFP_104""]"
final,212,1,ECFP_1040,ECFP_1040,ECFP_1040,algorithmic_medoid,True,True,1,0.0,1.0,1.0,1.0,0.0,860,0.011492698756084371,"[""ECFP_1040""]"
final,213,1,ECFP_1041,ECFP_1041,ECFP_1041,algorithmic_medoid,True,True,1,0.0,1.0,1.0,1.0,0.0,860,0.016014061654948616,"[""ECFP_1041""]"
final,214,1,ECFP_1042,ECFP_1042,ECFP_1042,algorithmic_medoid,True,True,1,0.0,1.0,1.0,1.0,0.0,860,0.0046295294753921044,"[""ECFP_1042""]"
final,215,1,ECFP_1043,ECFP_1043,ECFP_1043,algorithmic_medoid,True,True,1,0.0,1.0,1.0,1.0,0.0,860,0.01149269875608437,"[""ECFP_1043""]"
final,216,1,ECFP_1044,ECFP_1044,ECFP_1044,algorithmic_medoid,True,True,1,0.0,1.0,1.0,1.0,0.0,860,0.012627095727420226,"[""ECFP_1044""]"
final,217,1,ECFP_1045,ECFP_1045,ECFP_1045,algorithmic_medoid,True,True,1,0.0,1.0,1.0,1.0,0.0,860,0.018258518117901575,"[""ECFP_1045""]"
final,218,1,ECFP_1046,ECFP_1046,ECFP_1046,algorithmic_medoid,True,True,1,0.0,1.0,1.0,1.0,0.0,860,0.006928069226608974,"[""ECFP_1046""]"
final,219,1,ECFP_1047,ECFP_1047,ECFP_1047,algorithmic_medoid,True,True,1,0.0,1.0,1.0,1.0,0.0,860,0.009215792320173069,"[""ECFP_1047""]"
final,220,1,ECFP_1048,ECFP_1048,ECFP_1048,algorithmic_medoid,True,True,1,0.0,1.0,1.0,1.0,0.0,860,0.012627095727420224,"[""ECFP_1048""]"
final,221,1,ECFP_1049,ECFP_1049,ECFP_1049,algorithmic_medoid,True,True,1,0.0,1.0,1.0,1.0,0.0,860,0.014887777176852357,"[""ECFP_1049""]"
final,222,1,ECFP_105,ECFP_105,ECFP_105,algorithmic_medoid,True,True,1,0.0,1.0,1.0,1.0,0.0,860,0.014887777176852359,"[""ECFP_105""]"
final,223,1,ECFP_1050,ECFP_1050,ECFP_1050,algorithmic_medoid,True,True,1,0.0,1.0,1.0,1.0,0.0,860,0.010355597620335314,"[""ECFP_1050""]"
final,224,1,ECFP_1051,ECFP_1051,ECFP_1051,algorithmic_medoid,True,True,1,0.0,1.0,1.0,1.0,0.0,860,0.0011614386154678205,"[""ECFP_1051""]"
final,225,1,ECFP_1052,ECFP_1052,ECFP_1052,algorithmic_medoid,True,True,1,0.0,1.0,1.0,1.0,0.0,860,0.005780151433207137,"[""ECFP_1052""]"
final,226,1,ECFP_1053,ECFP_1053,ECFP_1053,algorithmic_medoid,True,True,1,0.0,1.0,1.0,1.0,0.0,860,0.00807328285559762,"[""ECFP_1053""]"
final,227,1,ECFP_1054,ECFP_1054,ECFP_1054,algorithmic_medoid,True,True,1,0.0,1.0,1.0,1.0,0.0,860,0.014887777176852357,"[""ECFP_1054""]"
final,228,1,ECFP_1055,ECFP_1055,ECFP_1055,algorithmic_medoid,True,True,1,0.0,1.0,1.0,1.0,0.0,860,0.011492698756084371,"[""ECFP_1055""]"
final,229,1,ECFP_1056,ECFP_1056,ECFP_1056,algorithmic_medoid,True,True,1,0.0,1.0,1.0,1.0,0.0,860,0.01375878853434289,"[""ECFP_1056""]"
final,230,2,ECFP_1057,ECFP_1057,ECFP_1057,algorithmic_medoid,True,True,1,0.0,1.0,1.0,1.0,0.0,860,0.2037249864791779,"[""ECFP_1057"", ""MACCS_160""]"
final,230,2,MACCS_160,ECFP_1057,ECFP_1057,algorithmic_medoid,False,False,2,0.0,1.0,1.0,1.0,0.0,860,0.2037249864791779,"[""ECFP_1057"", ""MACCS_160""]"
final,231,1,ECFP_1058,ECFP_1058,ECFP_1058,algorithmic_medoid,True,True,1,0.0,1.0,1.0,1.0,0.0,860,0.01937669010275825,"[""ECFP_1058""]"
final,232,1,ECFP_1059,ECFP_1059,ECFP_1059,algorithmic_medoid,True,True,1,0.0,1.0,1.0,1.0,0.0,860,0.02271498107084911,"[""ECFP_1059""]"
final,233,1,ECFP_106,ECFP_106,ECFP_106,algorithmic_medoid,True,True,1,0.0,1.0,1.0,1.0,0.0,860,0.01149269875608437,"[""ECFP_106""]"
final,234,1,ECFP_1060,ECFP_1060,ECFP_1060,algorithmic_medoid,True,True,1,0.0,1.0,1.0,1.0,0.0,860,0.21581800973499185,"[""ECFP_1060""]"
final,235,3,ECFP_1061,ECFP_1061,ECFP_1061,algorithmic_medoid,True,True,1,0.13484923853910813,0.8651507614608919,0.8531437974741145,0.8771577254476692,0.0,860,0.027128177393185505,"[""ECFP_1061"", ""ECFP_1389"", ""ECFP_557""]"
final,235,3,ECFP_1389,ECFP_1061,ECFP_1061,algorithmic_medoid,False,False,2,0.15226804852512266,0.8477319514748773,0.8183061775020855,0.8771577254476692,0.0,860,0.029318550567874534,"[""ECFP_1061"", ""ECFP_1389"", ""ECFP_557""]"
final,235,3,ECFP_557,ECFP_1061,ECFP_1061,algorithmic_medoid,False,False,3,0.16427501251190002,0.8357249874881,0.8183061775020855,0.8531437974741145,0.0,860,0.028224716062736608,"[""ECFP_1061"", ""ECFP_1389"", ""ECFP_557""]"
final,236,1,ECFP_1062,ECFP_1062,ECFP_1062,algorithmic_medoid,True,True,1,0.0,1.0,1.0,1.0,0.0,860,0.0046295294753921044,"[""ECFP_1062""]"
final,237,4,ECFP_698,ECFP_698,ECFP_698,algorithmic_medoid,True,True,1,0.10671123540400806,0.8932887645959919,0.8368134416442315,0.9340775855287653,0.0,860,0.059863439697133584,"[""ECFP_1063"", ""ECFP_698"", ""ECFP_859"", ""ECFP_998""]"
final,237,4,ECFP_859,ECFP_698,ECFP_698,algorithmic_medoid,False,False,2,0.11211575384286487,0.8878842461571351,0.871711677024052,0.9089752666149791,0.0,860,0.06589913466738775,"[""ECFP_1063"", ""ECFP_698"", ""ECFP_859"", ""ECFP_998""]"
final,237,4,ECFP_1063,ECFP_698,ECFP_698,algorithmic_medoid,False,False,3,0.12357406604637378,0.8764259339536262,0.8122344214997391,0.9340775855287653,0.0,860,0.06289345592212006,"[""ECFP_1063"", ""ECFP_698"", ""ECFP_859"", ""ECFP_998""]"
final,237,4,ECFP_998,ECFP_698,ECFP_698,algorithmic_medoid,False,False,4,0.15974681994399242,0.8402531800560076,0.8122344214997391,0.871711677024052,0.0,860,0.07574229313142236,"[""ECFP_1063"", ""ECFP_698"", ""ECFP_859"", ""ECFP_998""]"
final,238,1,ECFP_1064,ECFP_1064,ECFP_1064,algorithmic_medoid,True,True,1,0.0,1.0,1.0,1.0,0.0,860,0.002320173066522443,"[""ECFP_1064""]"
final,239,1,ECFP_1065,ECFP_1065,ECFP_1065,algorithmic_medoid,True,True,1,0.0,1.0,1.0,1.0,0.0,860,0.013758788534342889,"[""ECFP_1065""]"
final,240,1,ECFP_1066,ECFP_1066,ECFP_1066,algorithmic_medoid,True,True,1,0.0,1.0,1.0,1.0,0.0,860,0.05475932936722553,"[""ECFP_1066""]"
final,241,1,ECFP_1067,ECFP_1067,ECFP_1067,algorithmic_medoid,True,True,1,0.0,1.0,1.0,1.0,0.0,860,0.0046295294753921044,"[""ECFP_1067""]"
final,242,1,ECFP_1068,ECFP_1068,ECFP_1068,algorithmic_medoid,True,True,1,0.0,1.0,1.0,1.0,0.0,860,0.010355597620335315,"[""ECFP_1068""]"
final,243,1,ECFP_1069,ECFP_1069,ECFP_1069,algorithmic_medoid,True,True,1,0.0,1.0,1.0,1.0,0.0,860,0.005780151433207137,"[""ECFP_1069""]"
final,244,1,ECFP_107,ECFP_107,ECFP_107,algorithmic_medoid,True,True,1,0.0,1.0,1.0,1.0,0.0,860,0.01601406165494862,"[""ECFP_107""]"
final,245,1,ECFP_1070,ECFP_1070,ECFP_1070,algorithmic_medoid,True,True,1,0.0,1.0,1.0,1.0,0.0,860,0.0918550567874527,"[""ECFP_1070""]"
final,246,1,ECFP_1071,ECFP_1071,ECFP_1071,algorithmic_medoid,True,True,1,0.0,1.0,1.0,1.0,0.0,860,0.003476203353163874,"[""ECFP_1071""]"
final,247,1,ECFP_1072,ECFP_1072,ECFP_1072,algorithmic_medoid,True,True,1,0.0,1.0,1.0,1.0,0.0,860,0.0034762033531638733,"[""ECFP_1072""]"
final,248,1,ECFP_1073,ECFP_1073,ECFP_1073,algorithmic_medoid,True,True,1,0.0,1.0,1.0,1.0,0.0,860,0.009215792320173069,"[""ECFP_1073""]"
final,249,1,ECFP_1074,ECFP_1074,ECFP_1074,algorithmic_medoid,True,True,1,0.0,1.0,1.0,1.0,0.0,860,0.0046295294753921044,"[""ECFP_1074""]"
final,250,1,ECFP_1075,ECFP_1075,ECFP_1075,algorithmic_medoid,True,True,1,0.0,1.0,1.0,1.0,0.0,860,0.014887777176852357,"[""ECFP_1075""]"
final,251,1,ECFP_1076,ECFP_1076,ECFP_1076,algorithmic_medoid,True,True,1,0.0,1.0,1.0,1.0,0.0,860,0.002320173066522444,"[""ECFP_1076""]"
final,252,1,ECFP_1077,ECFP_1077,ECFP_1077,algorithmic_medoid,True,True,1,0.0,1.0,1.0,1.0,0.0,860,0.058848025959978366,"[""ECFP_1077""]"
final,253,1,ECFP_1078,ECFP_1078,ECFP_1078,algorithmic_medoid,True,True,1,0.0,1.0,1.0,1.0,0.0,860,0.0046295294753921044,"[""ECFP_1078""]"
final,254,1,ECFP_1079,ECFP_1079,ECFP_1079,algorithmic_medoid,True,True,1,0.0,1.0,1.0,1.0,0.0,860,0.001161438615467821,"[""ECFP_1079""]"
final,255,1,ECFP_108,ECFP_108,ECFP_108,algorithmic_medoid,True,True,1,0.0,1.0,1.0,1.0,0.0,860,0.010355597620335315,"[""ECFP_108""]"
final,256,1,ECFP_1080,ECFP_1080,ECFP_1080,algorithmic_medoid,True,True,1,0.0,1.0,1.0,1.0,0.0,860,0.002320173066522444,"[""ECFP_1080""]"
final,257,3,ECFP_1081,ECFP_1081,ECFP_1081,algorithmic_medoid,True,True,1,0.06724000469591773,0.9327599953040823,0.8655199906081645,1.0,0.0,860,0.0034762033531638733,"[""ECFP_1081"", ""ECFP_1418"", ""ECFP_346""]"
final,257,3,ECFP_1418,ECFP_1081,ECFP_1081,algorithmic_medoid,False,False,2,0.06724000469591773,0.9327599953040823,0.8655199906081645,1.0,0.0,860,0.0034762033531638733,"[""ECFP_1081"", ""ECFP_1418"", ""ECFP_346""]"
final,257,3,ECFP_346,ECFP_1081,ECFP_1081,algorithmic_medoid,False,False,3,0.13448000939183546,0.8655199906081645,0.8655199906081645,0.8655199906081645,0.0,860,0.004629529475392104,"[""ECFP_1081"", ""ECFP_1418"", ""ECFP_346""]"
final,258,1,ECFP_1082,ECFP_1082,ECFP_1082,algorithmic_medoid,True,True,1,0.0,1.0,1.0,1.0,0.0,860,0.03797187669010275,"[""ECFP_1082""]"
final,259,1,ECFP_1083,ECFP_1083,ECFP_1083,algorithmic_medoid,True,True,1,0.0,1.0,1.0,1.0,0.0,860,0.05062736614386155,"[""ECFP_1083""]"
final,260,1,ECFP_1084,ECFP_1084,ECFP_1084,algorithmic_medoid,True,True,1,0.0,1.0,1.0,1.0,0.0,860,0.002320173066522444,"[""ECFP_1084""]"
final,261,1,ECFP_1085,ECFP_1085,ECFP_1085,algorithmic_medoid,True,True,1,0.0,1.0,1.0,1.0,0.0,860,0.022714981070849107,"[""ECFP_1085""]"
final,262,1,ECFP_1086,ECFP_1086,ECFP_1086,algorithmic_medoid,True,True,1,0.0,1.0,1.0,1.0,0.0,860,0.0034762033531638746,"[""ECFP_1086""]"
final,263,1,ECFP_1087,ECFP_1087,ECFP_1087,algorithmic_medoid,True,True,1,0.0,1.0,1.0,1.0,0.0,860,0.029318550567874527,"[""ECFP_1087""]"
final,264,1,ECFP_1088,ECFP_1088,ECFP_1088,algorithmic_medoid,True,True,1,0.0,1.0,1.0,1.0,0.0,860,0.23393591130340727,"[""ECFP_1088""]"
final,265,1,ECFP_1089,ECFP_1089,ECFP_1089,algorithmic_medoid,True,True,1,0.0,1.0,1.0,1.0,0.0,860,0.024926987560843706,"[""ECFP_1089""]"
final,266,1,ECFP_109,ECFP_109,ECFP_109,algorithmic_medoid,True,True,1,0.0,1.0,1.0,1.0,0.0,860,0.012627095727420226,"[""ECFP_109""]"
final,267,1,ECFP_1090,ECFP_1090,ECFP_1090,algorithmic_medoid,True,True,1,0.0,1.0,1.0,1.0,0.0,860,0.0034762033531638738,"[""ECFP_1090""]"
final,268,1,ECFP_1091,ECFP_1091,ECFP_1091,algorithmic_medoid,True,True,1,0.0,1.0,1.0,1.0,0.0,860,0.006928069226608975,"[""ECFP_1091""]"
final,269,1,ECFP_1092,ECFP_1092,ECFP_1092,algorithmic_medoid,True,True,1,0.0,1.0,1.0,1.0,0.0,860,0.012627095727420226,"[""ECFP_1092""]"
final,270,1,ECFP_1093,ECFP_1093,ECFP_1093,algorithmic_medoid,True,True,1,0.0,1.0,1.0,1.0,0.0,860,0.00921579232017307,"[""ECFP_1093""]"
final,271,1,ECFP_1094,ECFP_1094,ECFP_1094,algorithmic_medoid,True,True,1,0.0,1.0,1.0,1.0,0.0,860,0.0023201730665224434,"[""ECFP_1094""]"
final,272,1,ECFP_1095,ECFP_1095,ECFP_1095,algorithmic_medoid,True,True,1,0.0,1.0,1.0,1.0,0.0,860,0.028224716062736608,"[""ECFP_1095""]"
final,273,1,ECFP_1096,ECFP_1096,ECFP_1096,algorithmic_medoid,True,True,1,0.0,1.0,1.0,1.0,0.0,860,0.01375878853434289,"[""ECFP_1096""]"
final,274,1,ECFP_1097,ECFP_1097,ECFP_1097,algorithmic_medoid,True,True,1,0.0,1.0,1.0,1.0,0.0,860,0.06188615467820446,"[""ECFP_1097""]"
final,275,1,ECFP_1098,ECFP_1098,ECFP_1098,algorithmic_medoid,True,True,1,0.0,1.0,1.0,1.0,0.0,860,0.002320173066522443,"[""ECFP_1098""]"
final,276,1,ECFP_1099,ECFP_1099,ECFP_1099,algorithmic_medoid,True,True,1,0.0,1.0,1.0,1.0,0.0,860,0.040108166576527854,"[""ECFP_1099""]"
final,277,1,ECFP_11,ECFP_11,ECFP_11,algorithmic_medoid,True,True,1,0.0,1.0,1.0,1.0,0.0,860,0.009215792320173069,"[""ECFP_11""]"
final,278,1,ECFP_110,ECFP_110,ECFP_110,algorithmic_medoid,True,True,1,0.0,1.0,1.0,1.0,0.0,860,0.0034762033531638738,"[""ECFP_110""]"
final,279,1,ECFP_1100,ECFP_1100,ECFP_1100,algorithmic_medoid,True,True,1,0.0,1.0,1.0,1.0,0.0,860,0.01149269875608437,"[""ECFP_1100""]"
final,280,1,ECFP_1101,ECFP_1101,ECFP_1101,algorithmic_medoid,True,True,1,0.0,1.0,1.0,1.0,0.0,860,0.06888047593293672,"[""ECFP_1101""]"
final,281,1,ECFP_1102,ECFP_1102,ECFP_1102,algorithmic_medoid,True,True,1,0.0,1.0,1.0,1.0,0.0,860,0.017137641968631687,"[""ECFP_1102""]"
final,282,1,ECFP_1103,ECFP_1103,ECFP_1103,algorithmic_medoid,True,True,1,0.0,1.0,1.0,1.0,0.0,860,0.0046295294753921044,"[""ECFP_1103""]"
final,283,1,ECFP_1104,ECFP_1104,ECFP_1104,algorithmic_medoid,True,True,1,0.0,1.0,1.0,1.0,0.0,860,0.00807328285559762,"[""ECFP_1104""]"
final,284,1,ECFP_1105,ECFP_1105,ECFP_1105,algorithmic_medoid,True,True,1,0.0,1.0,1.0,1.0,0.0,860,0.02271498107084911,"[""ECFP_1105""]"
final,285,1,ECFP_1106,ECFP_1106,ECFP_1106,algorithmic_medoid,True,True,1,0.0,1.0,1.0,1.0,0.0,860,0.001161438615467821,"[""ECFP_1106""]"
final,286,1,ECFP_1107,ECFP_1107,ECFP_1107,algorithmic_medoid,True,True,1,0.0,1.0,1.0,1.0,0.0,860,0.005780151433207137,"[""ECFP_1107""]"
final,287,1,ECFP_1108,ECFP_1108,ECFP_1108,algorithmic_medoid,True,True,1,0.0,1.0,1.0,1.0,0.0,860,0.03366684694429422,"[""ECFP_1108""]"
final,288,1,ECFP_1109,ECFP_1109,ECFP_1109,algorithmic_medoid,True,True,1,0.0,1.0,1.0,1.0,0.0,860,0.009215792320173069,"[""ECFP_1109""]"
final,289,1,ECFP_111,ECFP_111,ECFP_111,algorithmic_medoid,True,True,1,0.0,1.0,1.0,1.0,0.0,860,0.001161438615467821,"[""ECFP_111""]"
final,290,1,ECFP_1110,ECFP_1110,ECFP_1110,algorithmic_medoid,True,True,1,0.0,1.0,1.0,1.0,0.0,860,0.029318550567874534,"[""ECFP_1110""]"
final,291,2,ECFP_1842,ECFP_1842,ECFP_1842,algorithmic_medoid,True,True,1,0.17401178475864243,0.8259882152413576,0.8259882152413576,0.8259882152413576,0.0,860,0.021604921579232023,"[""ECFP_1111"", ""ECFP_1842""]"
final,291,2,ECFP_1111,ECFP_1842,ECFP_1842,algorithmic_medoid,False,False,2,0.17401178475864243,0.8259882152413576,0.8259882152413576,0.8259882152413576,0.0,860,0.017137641968631687,"[""ECFP_1111"", ""ECFP_1842""]"
final,292,1,ECFP_1112,ECFP_1112,ECFP_1112,algorithmic_medoid,True,True,1,0.0,1.0,1.0,1.0,0.0,860,0.001161438615467821,"[""ECFP_1112""]"
final,293,1,ECFP_1113,ECFP_1113,ECFP_1113,algorithmic_medoid,True,True,1,0.0,1.0,1.0,1.0,0.0,860,0.0011614386154678205,"[""ECFP_1113""]"
final,294,1,ECFP_1114,ECFP_1114,ECFP_1114,algorithmic_medoid,True,True,1,0.0,1.0,1.0,1.0,0.0,860,0.15930097349918873,"[""ECFP_1114""]"
final,295,1,ECFP_1115,ECFP_1115,ECFP_1115,algorithmic_medoid,True,True,1,0.0,1.0,1.0,1.0,0.0,860,0.002320173066522443,"[""ECFP_1115""]"
final,296,1,ECFP_1116,ECFP_1116,ECFP_1116,algorithmic_medoid,True,True,1,0.0,1.0,1.0,1.0,0.0,860,0.006928069226608974,"[""ECFP_1116""]"
final,297,1,ECFP_1118,ECFP_1118,ECFP_1118,algorithmic_medoid,True,True,1,0.0,1.0,1.0,1.0,0.0,860,0.02271498107084911,"[""ECFP_1118""]"
final,298,1,ECFP_1119,ECFP_1119,ECFP_1119,algorithmic_medoid,True,True,1,0.0,1.0,1.0,1.0,0.0,860,0.016014061654948616,"[""ECFP_1119""]"
final,299,1,ECFP_112,ECFP_112,ECFP_112,algorithmic_medoid,True,True,1,0.0,1.0,1.0,1.0,0.0,860,0.005780151433207137,"[""ECFP_112""]"
final,300,1,ECFP_1120,ECFP_1120,ECFP_1120,algorithmic_medoid,True,True,1,0.0,1.0,1.0,1.0,0.0,860,0.020492157923201734,"[""ECFP_1120""]"
final,301,1,ECFP_1121,ECFP_1121,ECFP_1121,algorithmic_medoid,True,True,1,0.0,1.0,1.0,1.0,0.0,860,0.010355597620335314,"[""ECFP_1121""]"
final,302,3,ECFP_137,ECFP_137,ECFP_137,algorithmic_medoid,True,True,1,0.0882036691126642,0.9117963308873358,0.9117963308873358,0.9117963308873358,0.0,860,0.011492698756084371,"[""ECFP_1122"", ""ECFP_1230"", ""ECFP_137""]"
final,302,3,ECFP_1122,ECFP_137,ECFP_137,algorithmic_medoid,False,False,2,0.1286144131726843,0.8713855868273157,0.8309748427672956,0.9117963308873358,0.0,860,0.01375878853434289,"[""ECFP_1122"", ""ECFP_1230"", ""ECFP_137""]"
final,302,3,ECFP_1230,ECFP_137,ECFP_137,algorithmic_medoid,False,False,3,0.1286144131726843,0.8713855868273157,0.8309748427672956,0.9117963308873358,0.0,860,0.013758788534342889,"[""ECFP_1122"", ""ECFP_1230"", ""ECFP_137""]"
final,303,1,ECFP_1123,ECFP_1123,ECFP_1123,algorithmic_medoid,True,True,1,0.0,1.0,1.0,1.0,0.0,860,0.01149269875608437,"[""ECFP_1123""]"
final,304,1,ECFP_1124,ECFP_1124,ECFP_1124,algorithmic_medoid,True,True,1,0.0,1.0,1.0,1.0,0.0,860,0.0046295294753921044,"[""ECFP_1124""]"
final,305,1,ECFP_1125,ECFP_1125,ECFP_1125,algorithmic_medoid,True,True,1,0.0,1.0,1.0,1.0,0.0,860,0.013758788534342889,"[""ECFP_1125""]"
final,306,1,ECFP_1126,ECFP_1126,ECFP_1126,algorithmic_medoid,True,True,1,0.0,1.0,1.0,1.0,0.0,860,0.0598634396971336,"[""ECFP_1126""]"
final,307,1,ECFP_1127,ECFP_1127,ECFP_1127,algorithmic_medoid,True,True,1,0.0,1.0,1.0,1.0,0.0,860,0.010355597620335314,"[""ECFP_1127""]"
final,308,1,ECFP_1128,ECFP_1128,ECFP_1128,algorithmic_medoid,True,True,1,0.0,1.0,1.0,1.0,0.0,860,0.03258382909680908,"[""ECFP_1128""]"
final,309,1,ECFP_1129,ECFP_1129,ECFP_1129,algorithmic_medoid,True,True,1,0.0,1.0,1.0,1.0,0.0,860,0.009215792320173069,"[""ECFP_1129""]"
final,310,1,ECFP_113,ECFP_113,ECFP_113,algorithmic_medoid,True,True,1,0.0,1.0,1.0,1.0,0.0,860,0.006928069226608977,"[""ECFP_113""]"
final,311,1,ECFP_1130,ECFP_1130,ECFP_1130,algorithmic_medoid,True,True,1,0.0,1.0,1.0,1.0,0.0,860,0.016014061654948616,"[""ECFP_1130""]"
final,312,1,ECFP_1132,ECFP_1132,ECFP_1132,algorithmic_medoid,True,True,1,0.0,1.0,1.0,1.0,0.0,860,0.0034762033531638738,"[""ECFP_1132""]"
final,313,1,ECFP_1133,ECFP_1133,ECFP_1133,algorithmic_medoid,True,True,1,0.0,1.0,1.0,1.0,0.0,860,0.002320173066522443,"[""ECFP_1133""]"
final,314,1,ECFP_1134,ECFP_1134,ECFP_1134,algorithmic_medoid,True,True,1,0.0,1.0,1.0,1.0,0.0,860,0.0034762033531638738,"[""ECFP_1134""]"
final,315,1,ECFP_1135,ECFP_1135,ECFP_1135,algorithmic_medoid,True,True,1,0.0,1.0,1.0,1.0,0.0,860,0.003476203353163874,"[""ECFP_1135""]"
final,316,1,ECFP_1136,ECFP_1136,ECFP_1136,algorithmic_medoid,True,True,1,0.0,1.0,1.0,1.0,0.0,860,0.0260289345592212,"[""ECFP_1136""]"
final,317,1,ECFP_1138,ECFP_1138,ECFP_1138,algorithmic_medoid,True,True,1,0.0,1.0,1.0,1.0,0.0,860,0.016014061654948616,"[""ECFP_1138""]"
final,318,1,ECFP_1139,ECFP_1139,ECFP_1139,algorithmic_medoid,True,True,1,0.0,1.0,1.0,1.0,0.0,860,0.009215792320173069,"[""ECFP_1139""]"
final,319,1,ECFP_114,ECFP_114,ECFP_114,algorithmic_medoid,True,True,1,0.0,1.0,1.0,1.0,0.0,860,0.11154678204434829,"[""ECFP_114""]"
final,320,1,ECFP_1140,ECFP_1140,ECFP_1140,algorithmic_medoid,True,True,1,0.0,1.0,1.0,1.0,0.0,860,0.0046295294753921044,"[""ECFP_1140""]"
final,321,1,ECFP_1141,ECFP_1141,ECFP_1141,algorithmic_medoid,True,True,1,0.0,1.0,1.0,1.0,0.0,860,0.00807328285559762,"[""ECFP_1141""]"
final,322,1,ECFP_1142,ECFP_1142,ECFP_1142,algorithmic_medoid,True,True,1,0.0,1.0,1.0,1.0,0.0,860,0.014887777176852357,"[""ECFP_1142""]"
final,323,1,ECFP_1143,ECFP_1143,ECFP_1143,algorithmic_medoid,True,True,1,0.0,1.0,1.0,1.0,0.0,860,0.040108166576527854,"[""ECFP_1143""]"
final,324,1,ECFP_1144,ECFP_1144,ECFP_1144,algorithmic_medoid,True,True,1,0.0,1.0,1.0,1.0,0.0,860,0.010355597620335317,"[""ECFP_1144""]"
final,325,1,ECFP_1145,ECFP_1145,ECFP_1145,algorithmic_medoid,True,True,1,0.0,1.0,1.0,1.0,0.0,860,0.15143320713899408,"[""ECFP_1145""]"
final,326,1,ECFP_1146,ECFP_1146,ECFP_1146,algorithmic_medoid,True,True,1,0.0,1.0,1.0,1.0,0.0,860,0.005780151433207135,"[""ECFP_1146""]"
final,327,1,ECFP_1147,ECFP_1147,ECFP_1147,algorithmic_medoid,True,True,1,0.0,1.0,1.0,1.0,0.0,860,0.014887777176852357,"[""ECFP_1147""]"
final,328,1,ECFP_1148,ECFP_1148,ECFP_1148,algorithmic_medoid,True,True,1,0.0,1.0,1.0,1.0,0.0,860,0.023822336398053003,"[""ECFP_1148""]"
final,329,1,ECFP_1149,ECFP_1149,ECFP_1149,algorithmic_medoid,True,True,1,0.0,1.0,1.0,1.0,0.0,860,0.023822336398053003,"[""ECFP_1149""]"
final,330,1,ECFP_115,ECFP_115,ECFP_115,algorithmic_medoid,True,True,1,0.0,1.0,1.0,1.0,0.0,860,0.027128177393185512,"[""ECFP_115""]"
final,331,1,ECFP_1150,ECFP_1150,ECFP_1150,algorithmic_medoid,True,True,1,0.0,1.0,1.0,1.0,0.0,860,0.020492157923201734,"[""ECFP_1150""]"
final,332,1,ECFP_1151,ECFP_1151,ECFP_1151,algorithmic_medoid,True,True,1,0.0,1.0,1.0,1.0,0.0,860,0.002320173066522443,"[""ECFP_1151""]"
final,333,1,ECFP_1152,ECFP_1152,ECFP_1152,algorithmic_medoid,True,True,1,0.0,1.0,1.0,1.0,0.0,860,0.23620740941049218,"[""ECFP_1152""]"
final,334,1,ECFP_1153,ECFP_1153,ECFP_1153,algorithmic_medoid,True,True,1,0.0,1.0,1.0,1.0,0.0,860,0.020492157923201734,"[""ECFP_1153""]"
final,335,1,ECFP_1154,ECFP_1154,ECFP_1154,algorithmic_medoid,True,True,1,0.0,1.0,1.0,1.0,0.0,860,0.1299296917252569,"[""ECFP_1154""]"
final,336,1,ECFP_1155,ECFP_1155,ECFP_1155,algorithmic_medoid,True,True,1,0.0,1.0,1.0,1.0,0.0,860,0.008073282855597618,"[""ECFP_1155""]"
final,337,1,ECFP_1156,ECFP_1156,ECFP_1156,algorithmic_medoid,True,True,1,0.0,1.0,1.0,1.0,0.0,860,0.0046295294753921044,"[""ECFP_1156""]"
final,338,1,ECFP_1157,ECFP_1157,ECFP_1157,algorithmic_medoid,True,True,1,0.0,1.0,1.0,1.0,0.0,860,0.027128177393185505,"[""ECFP_1157""]"
final,339,1,ECFP_1158,ECFP_1158,ECFP_1158,algorithmic_medoid,True,True,1,0.0,1.0,1.0,1.0,0.0,860,0.01149269875608437,"[""ECFP_1158""]"
final,340,1,ECFP_1159,ECFP_1159,ECFP_1159,algorithmic_medoid,True,True,1,0.0,1.0,1.0,1.0,0.0,860,0.0023201730665224434,"[""ECFP_1159""]"
final,341,1,ECFP_116,ECFP_116,ECFP_116,algorithmic_medoid,True,True,1,0.0,1.0,1.0,1.0,0.0,860,0.08813412655489453,"[""ECFP_116""]"
final,342,1,ECFP_1160,ECFP_1160,ECFP_1160,algorithmic_medoid,True,True,1,0.0,1.0,1.0,1.0,0.0,860,0.06289345592212008,"[""ECFP_1160""]"
final,343,1,ECFP_1161,ECFP_1161,ECFP_1161,algorithmic_medoid,True,True,1,0.0,1.0,1.0,1.0,0.0,860,0.0034762033531638738,"[""ECFP_1161""]"
final,344,1,ECFP_1162,ECFP_1162,ECFP_1162,algorithmic_medoid,True,True,1,0.0,1.0,1.0,1.0,0.0,860,0.0918550567874527,"[""ECFP_1162""]"
final,345,2,ECFP_881,ECFP_881,ECFP_881,algorithmic_medoid,True,True,1,0.17194451032498426,0.8280554896750157,0.8280554896750157,0.8280554896750157,0.0,860,0.14700378583017845,"[""ECFP_1163"", ""ECFP_881""]"
final,345,2,ECFP_1163,ECFP_881,ECFP_881,algorithmic_medoid,False,False,2,0.17194451032498426,0.8280554896750157,0.8280554896750157,0.8280554896750157,0.0,860,0.11498647917793403,"[""ECFP_1163"", ""ECFP_881""]"
final,346,1,ECFP_1164,ECFP_1164,ECFP_1164,algorithmic_medoid,True,True,1,0.0,1.0,1.0,1.0,0.0,860,0.03474716062736614,"[""ECFP_1164""]"
final,347,1,ECFP_1165,ECFP_1165,ECFP_1165,algorithmic_medoid,True,True,1,0.0,1.0,1.0,1.0,0.0,860,0.006928069226608975,"[""ECFP_1165""]"
final,348,1,ECFP_1166,ECFP_1166,ECFP_1166,algorithmic_medoid,True,True,1,0.0,1.0,1.0,1.0,0.0,860,0.006928069226608975,"[""ECFP_1166""]"
final,349,1,ECFP_1167,ECFP_1167,ECFP_1167,algorithmic_medoid,True,True,1,0.0,1.0,1.0,1.0,0.0,860,0.03149810708491076,"[""ECFP_1167""]"
final,350,1,ECFP_1168,ECFP_1168,ECFP_1168,algorithmic_medoid,True,True,1,0.0,1.0,1.0,1.0,0.0,860,0.020492157923201734,"[""ECFP_1168""]"
final,351,1,ECFP_1169,ECFP_1169,ECFP_1169,algorithmic_medoid,True,True,1,0.0,1.0,1.0,1.0,0.0,860,0.0011614386154678205,"[""ECFP_1169""]"
final,352,1,ECFP_117,ECFP_117,ECFP_117,algorithmic_medoid,True,True,1,0.0,1.0,1.0,1.0,0.0,860,0.08906841535965387,"[""ECFP_117""]"
final,353,1,ECFP_1170,ECFP_1170,ECFP_1170,algorithmic_medoid,True,True,1,0.0,1.0,1.0,1.0,0.0,860,0.0034762033531638738,"[""ECFP_1170""]"
final,354,4,NsNH2,NsNH2,NsNH2,algorithmic_medoid,True,True,1,0.021710030654014667,0.9782899693459853,0.9589446649141069,0.9912001561217548,0.0,860,0.8264791779340184,"[""ECFP_1171"", ""MACCS_84"", ""NsNH2"", ""SsNH2""]"
final,354,4,MACCS_84,NsNH2,NsNH2,algorithmic_medoid,False,False,2,0.02179852576259622,0.9782014742374038,0.9738196757366326,0.9847250870020943,0.0,860,0.21709572742022717,"[""ECFP_1171"", ""MACCS_84"", ""NsNH2"", ""SsNH2""]"
final,354,4,SsNH2,NsNH2,NsNH2,algorithmic_medoid,False,False,3,0.027411360776591454,0.9725886392234085,0.9505061015749864,0.9912001561217548,0.0,860,27.175581882029707,"[""ECFP_1171"", ""MACCS_84"", ""NsNH2"", ""SsNH2""]"
final,354,4,ECFP_1171,NsNH2,NsNH2,algorithmic_medoid,False,False,4,0.038909852591424765,0.9610901474085752,0.9505061015749864,0.9738196757366326,0.0,860,0.22117901568415363,"[""ECFP_1171"", ""MACCS_84"", ""NsNH2"", ""SsNH2""]"
final,355,1,ECFP_1172,ECFP_1172,ECFP_1172,algorithmic_medoid,True,True,1,0.0,1.0,1.0,1.0,0.0,860,0.01149269875608437,"[""ECFP_1172""]"
final,356,1,ECFP_1173,ECFP_1173,ECFP_1173,algorithmic_medoid,True,True,1,0.0,1.0,1.0,1.0,0.0,860,0.02271498107084911,"[""ECFP_1173""]"
final,357,1,ECFP_1174,ECFP_1174,ECFP_1174,algorithmic_medoid,True,True,1,0.0,1.0,1.0,1.0,0.0,860,0.005780151433207137,"[""ECFP_1174""]"
final,358,1,ECFP_1175,ECFP_1175,ECFP_1175,algorithmic_medoid,True,True,1,0.0,1.0,1.0,1.0,0.0,860,0.001161438615467821,"[""ECFP_1175""]"
final,359,1,ECFP_1176,ECFP_1176,ECFP_1176,algorithmic_medoid,True,True,1,0.0,1.0,1.0,1.0,0.0,860,0.03689967550027043,"[""ECFP_1176""]"
final,360,1,ECFP_1177,ECFP_1177,ECFP_1177,algorithmic_medoid,True,True,1,0.0,1.0,1.0,1.0,0.0,860,0.00807328285559762,"[""ECFP_1177""]"
final,361,1,ECFP_1178,ECFP_1178,ECFP_1178,algorithmic_medoid,True,True,1,0.0,1.0,1.0,1.0,0.0,860,0.001161438615467821,"[""ECFP_1178""]"
final,362,1,ECFP_1179,ECFP_1179,ECFP_1179,algorithmic_medoid,True,True,1,0.0,1.0,1.0,1.0,0.0,860,0.0046295294753921044,"[""ECFP_1179""]"
final,363,1,ECFP_118,ECFP_118,ECFP_118,algorithmic_medoid,True,True,1,0.0,1.0,1.0,1.0,0.0,860,0.035824770146024865,"[""ECFP_118""]"
final,364,1,ECFP_1180,ECFP_1180,ECFP_1180,algorithmic_medoid,True,True,1,0.0,1.0,1.0,1.0,0.0,860,0.005780151433207135,"[""ECFP_1180""]"
final,365,1,ECFP_1181,ECFP_1181,ECFP_1181,algorithmic_medoid,True,True,1,0.0,1.0,1.0,1.0,0.0,860,0.017137641968631687,"[""ECFP_1181""]"
final,366,1,ECFP_1182,ECFP_1182,ECFP_1182,algorithmic_medoid,True,True,1,0.0,1.0,1.0,1.0,0.0,860,0.020492157923201734,"[""ECFP_1182""]"
final,367,1,ECFP_1183,ECFP_1183,ECFP_1183,algorithmic_medoid,True,True,1,0.0,1.0,1.0,1.0,0.0,860,0.002320173066522444,"[""ECFP_1183""]"
final,368,1,ECFP_1184,ECFP_1184,ECFP_1184,algorithmic_medoid,True,True,1,0.0,1.0,1.0,1.0,0.0,860,0.011492698756084371,"[""ECFP_1184""]"
final,369,1,ECFP_1185,ECFP_1185,ECFP_1185,algorithmic_medoid,True,True,1,0.0,1.0,1.0,1.0,0.0,860,0.005780151433207135,"[""ECFP_1185""]"
final,370,1,ECFP_1186,ECFP_1186,ECFP_1186,algorithmic_medoid,True,True,1,0.0,1.0,1.0,1.0,0.0,860,0.010355597620335317,"[""ECFP_1186""]"
final,371,1,ECFP_1187,ECFP_1187,ECFP_1187,algorithmic_medoid,True,True,1,0.0,1.0,1.0,1.0,0.0,860,0.01149269875608437,"[""ECFP_1187""]"
final,372,1,ECFP_1188,ECFP_1188,ECFP_1188,algorithmic_medoid,True,True,1,0.0,1.0,1.0,1.0,0.0,860,0.0046295294753921044,"[""ECFP_1188""]"
final,373,1,ECFP_1189,ECFP_1189,ECFP_1189,algorithmic_medoid,True,True,1,0.0,1.0,1.0,1.0,0.0,860,0.009215792320173069,"[""ECFP_1189""]"
final,374,1,ECFP_119,ECFP_119,ECFP_119,algorithmic_medoid,True,True,1,0.0,1.0,1.0,1.0,0.0,860,0.05062736614386155,"[""ECFP_119""]"
final,375,1,ECFP_1190,ECFP_1190,ECFP_1190,algorithmic_medoid,True,True,1,0.0,1.0,1.0,1.0,0.0,860,0.012627095727420224,"[""ECFP_1190""]"
final,376,1,ECFP_1191,ECFP_1191,ECFP_1191,algorithmic_medoid,True,True,1,0.0,1.0,1.0,1.0,0.0,860,0.0034762033531638738,"[""ECFP_1191""]"
final,377,1,ECFP_1192,ECFP_1192,ECFP_1192,algorithmic_medoid,True,True,1,0.0,1.0,1.0,1.0,0.0,860,0.002320173066522444,"[""ECFP_1192""]"
final,378,1,ECFP_1193,ECFP_1193,ECFP_1193,algorithmic_medoid,True,True,1,0.0,1.0,1.0,1.0,0.0,860,0.009215792320173069,"[""ECFP_1193""]"
final,379,1,ECFP_1194,ECFP_1194,ECFP_1194,algorithmic_medoid,True,True,1,0.0,1.0,1.0,1.0,0.0,860,0.010355597620335315,"[""ECFP_1194""]"
final,380,2,ECFP_1195,ECFP_1195,ECFP_1195,algorithmic_medoid,True,True,1,0.18493880825304942,0.8150611917469506,0.8150611917469506,0.8150611917469506,0.0,860,0.010355597620335314,"[""ECFP_1195"", ""MACCS_56""]"
final,380,2,MACCS_56,ECFP_1195,ECFP_1195,algorithmic_medoid,False,False,2,0.18493880825304942,0.8150611917469506,0.8150611917469506,0.8150611917469506,0.0,860,0.006928069226608975,"[""ECFP_1195"", ""MACCS_56""]"
final,381,1,ECFP_1196,ECFP_1196,ECFP_1196,algorithmic_medoid,True,True,1,0.0,1.0,1.0,1.0,0.0,860,0.014887777176852359,"[""ECFP_1196""]"
final,382,1,ECFP_1197,ECFP_1197,ECFP_1197,algorithmic_medoid,True,True,1,0.0,1.0,1.0,1.0,0.0,860,0.013758788534342887,"[""ECFP_1197""]"
final,383,1,ECFP_1198,ECFP_1198,ECFP_1198,algorithmic_medoid,True,True,1,0.0,1.0,1.0,1.0,0.0,860,0.004629529475392104,"[""ECFP_1198""]"
final,384,1,ECFP_1199,ECFP_1199,ECFP_1199,algorithmic_medoid,True,True,1,0.0,1.0,1.0,1.0,0.0,860,0.19093969713358572,"[""ECFP_1199""]"
final,385,1,ECFP_12,ECFP_12,ECFP_12,algorithmic_medoid,True,True,1,0.0,1.0,1.0,1.0,0.0,860,0.0011614386154678205,"[""ECFP_12""]"
final,386,1,ECFP_120,ECFP_120,ECFP_120,algorithmic_medoid,True,True,1,0.0,1.0,1.0,1.0,0.0,860,0.008073282855597618,"[""ECFP_120""]"
final,387,1,ECFP_1200,ECFP_1200,ECFP_1200,algorithmic_medoid,True,True,1,0.0,1.0,1.0,1.0,0.0,860,0.012627095727420224,"[""ECFP_1200""]"
final,388,1,ECFP_1201,ECFP_1201,ECFP_1201,algorithmic_medoid,True,True,1,0.0,1.0,1.0,1.0,0.0,860,0.006928069226608977,"[""ECFP_1201""]"
final,389,1,ECFP_1202,ECFP_1202,ECFP_1202,algorithmic_medoid,True,True,1,0.0,1.0,1.0,1.0,0.0,860,0.006928069226608977,"[""ECFP_1202""]"
final,390,1,ECFP_1203,ECFP_1203,ECFP_1203,algorithmic_medoid,True,True,1,0.0,1.0,1.0,1.0,0.0,860,0.014887777176852354,"[""ECFP_1203""]"
final,391,1,ECFP_1204,ECFP_1204,ECFP_1204,algorithmic_medoid,True,True,1,0.0,1.0,1.0,1.0,0.0,860,0.01937669010275825,"[""ECFP_1204""]"
final,392,2,ECFP_1205,ECFP_1205,ECFP_1205,algorithmic_medoid,True,True,1,0.1960542514914616,0.8039457485085384,0.8039457485085384,0.8039457485085384,0.0,860,0.01937669010275825,"[""ECFP_1205"", ""ECFP_18""]"
final,392,2,ECFP_18,ECFP_1205,ECFP_1205,algorithmic_medoid,False,False,2,0.1960542514914616,0.8039457485085384,0.8039457485085384,0.8039457485085384,0.0,860,0.014887777176852357,"[""ECFP_1205"", ""ECFP_18""]"
final,393,2,ECFP_1206,ECFP_1206,ECFP_1206,algorithmic_medoid,True,True,1,0.10609540746187707,0.8939045925381229,0.8939045925381229,0.8939045925381229,0.0,860,0.005780151433207137,"[""ECFP_1206"", ""ECFP_717""]"
final,393,2,ECFP_717,ECFP_1206,ECFP_1206,algorithmic_medoid,False,False,2,0.10609540746187707,0.8939045925381229,0.8939045925381229,0.8939045925381229,0.0,860,0.0046295294753921044,"[""ECFP_1206"", ""ECFP_717""]"
final,394,1,ECFP_1207,ECFP_1207,ECFP_1207,algorithmic_medoid,True,True,1,0.0,1.0,1.0,1.0,0.0,860,0.004629529475392105,"[""ECFP_1207""]"
final,395,1,ECFP_1208,ECFP_1208,ECFP_1208,algorithmic_medoid,True,True,1,0.0,1.0,1.0,1.0,0.0,860,0.012627095727420226,"[""ECFP_1208""]"
final,396,1,ECFP_1209,ECFP_1209,ECFP_1209,algorithmic_medoid,True,True,1,0.0,1.0,1.0,1.0,0.0,860,0.024926987560843702,"[""ECFP_1209""]"
final,397,2,ECFP_121,ECFP_121,ECFP_121,algorithmic_medoid,True,True,1,0.10020991559929249,0.8997900844007075,0.8997900844007075,0.8997900844007075,0.0,860,0.018258518117901575,"[""ECFP_121"", ""ECFP_505""]"
final,397,2,ECFP_505,ECFP_121,ECFP_121,algorithmic_medoid,False,False,2,0.10020991559929249,0.8997900844007075,0.8997900844007075,0.8997900844007075,0.0,860,0.014887777176852354,"[""ECFP_121"", ""ECFP_505""]"
final,398,1,ECFP_1210,ECFP_1210,ECFP_1210,algorithmic_medoid,True,True,1,0.0,1.0,1.0,1.0,0.0,860,0.05986343969713359,"[""ECFP_1210""]"
final,399,1,ECFP_1211,ECFP_1211,ECFP_1211,algorithmic_medoid,True,True,1,0.0,1.0,1.0,1.0,0.0,860,0.002320173066522443,"[""ECFP_1211""]"
final,400,1,ECFP_1212,ECFP_1212,ECFP_1212,algorithmic_medoid,True,True,1,0.0,1.0,1.0,1.0,0.0,860,0.0057801514332071376,"[""ECFP_1212""]"
final,401,1,ECFP_1213,ECFP_1213,ECFP_1213,algorithmic_medoid,True,True,1,0.0,1.0,1.0,1.0,0.0,860,0.0046295294753921044,"[""ECFP_1213""]"
final,402,1,ECFP_1214,ECFP_1214,ECFP_1214,algorithmic_medoid,True,True,1,0.0,1.0,1.0,1.0,0.0,860,0.00807328285559762,"[""ECFP_1214""]"
final,403,1,ECFP_1215,ECFP_1215,ECFP_1215,algorithmic_medoid,True,True,1,0.0,1.0,1.0,1.0,0.0,860,0.020492157923201734,"[""ECFP_1215""]"
final,404,1,ECFP_1216,ECFP_1216,ECFP_1216,algorithmic_medoid,True,True,1,0.0,1.0,1.0,1.0,0.0,860,0.001161438615467821,"[""ECFP_1216""]"
final,405,1,ECFP_1217,ECFP_1217,ECFP_1217,algorithmic_medoid,True,True,1,0.0,1.0,1.0,1.0,0.0,860,0.020492157923201734,"[""ECFP_1217""]"
final,406,1,ECFP_1218,ECFP_1218,ECFP_1218,algorithmic_medoid,True,True,1,0.0,1.0,1.0,1.0,0.0,860,0.008073282855597618,"[""ECFP_1218""]"
final,407,1,ECFP_1219,ECFP_1219,ECFP_1219,algorithmic_medoid,True,True,1,0.0,1.0,1.0,1.0,0.0,860,0.01149269875608437,"[""ECFP_1219""]"
final,408,1,ECFP_122,ECFP_122,ECFP_122,algorithmic_medoid,True,True,1,0.0,1.0,1.0,1.0,0.0,860,0.005780151433207138,"[""ECFP_122""]"
final,409,1,ECFP_1220,ECFP_1220,ECFP_1220,algorithmic_medoid,True,True,1,0.0,1.0,1.0,1.0,0.0,860,0.0023201730665224425,"[""ECFP_1220""]"
final,410,1,ECFP_1221,ECFP_1221,ECFP_1221,algorithmic_medoid,True,True,1,0.0,1.0,1.0,1.0,0.0,860,0.010355597620335314,"[""ECFP_1221""]"
final,411,1,ECFP_1222,ECFP_1222,ECFP_1222,algorithmic_medoid,True,True,1,0.0,1.0,1.0,1.0,0.0,860,0.011492698756084371,"[""ECFP_1222""]"
final,412,1,ECFP_1223,ECFP_1223,ECFP_1223,algorithmic_medoid,True,True,1,0.0,1.0,1.0,1.0,0.0,860,0.0034762033531638746,"[""ECFP_1223""]"
final,413,1,ECFP_1224,ECFP_1224,ECFP_1224,algorithmic_medoid,True,True,1,0.0,1.0,1.0,1.0,0.0,860,0.04223363980530016,"[""ECFP_1224""]"
final,414,1,ECFP_1225,ECFP_1225,ECFP_1225,algorithmic_medoid,True,True,1,0.0,1.0,1.0,1.0,0.0,860,0.0057801514332071376,"[""ECFP_1225""]"
final,415,1,ECFP_1226,ECFP_1226,ECFP_1226,algorithmic_medoid,True,True,1,0.0,1.0,1.0,1.0,0.0,860,0.008073282855597618,"[""ECFP_1226""]"
final,416,1,ECFP_1227,ECFP_1227,ECFP_1227,algorithmic_medoid,True,True,1,0.0,1.0,1.0,1.0,0.0,860,0.009215792320173069,"[""ECFP_1227""]"
final,417,1,ECFP_1228,ECFP_1228,ECFP_1228,algorithmic_medoid,True,True,1,0.0,1.0,1.0,1.0,0.0,860,0.009215792320173069,"[""ECFP_1228""]"
final,418,1,ECFP_123,ECFP_123,ECFP_123,algorithmic_medoid,True,True,1,0.0,1.0,1.0,1.0,0.0,860,0.00807328285559762,"[""ECFP_123""]"
final,419,1,ECFP_1231,ECFP_1231,ECFP_1231,algorithmic_medoid,True,True,1,0.0,1.0,1.0,1.0,0.0,860,0.0034762033531638738,"[""ECFP_1231""]"
final,420,1,ECFP_1232,ECFP_1232,ECFP_1232,algorithmic_medoid,True,True,1,0.0,1.0,1.0,1.0,0.0,860,0.006928069226608977,"[""ECFP_1232""]"
final,421,1,ECFP_1233,ECFP_1233,ECFP_1233,algorithmic_medoid,True,True,1,0.0,1.0,1.0,1.0,0.0,860,0.017137641968631687,"[""ECFP_1233""]"
final,422,1,ECFP_1234,ECFP_1234,ECFP_1234,algorithmic_medoid,True,True,1,0.0,1.0,1.0,1.0,0.0,860,0.05373039480800431,"[""ECFP_1234""]"
final,423,1,ECFP_1235,ECFP_1235,ECFP_1235,algorithmic_medoid,True,True,1,0.0,1.0,1.0,1.0,0.0,860,0.0046295294753921044,"[""ECFP_1235""]"
final,424,1,ECFP_1236,ECFP_1236,ECFP_1236,algorithmic_medoid,True,True,1,0.0,1.0,1.0,1.0,0.0,860,0.04958761492698757,"[""ECFP_1236""]"
final,425,1,ECFP_1237,ECFP_1237,ECFP_1237,algorithmic_medoid,True,True,1,0.0,1.0,1.0,1.0,0.0,860,0.0023201730665224434,"[""ECFP_1237""]"
final,426,1,ECFP_1238,ECFP_1238,ECFP_1238,algorithmic_medoid,True,True,1,0.0,1.0,1.0,1.0,0.0,860,0.03149810708491078,"[""ECFP_1238""]"
final,427,1,ECFP_1239,ECFP_1239,ECFP_1239,algorithmic_medoid,True,True,1,0.0,1.0,1.0,1.0,0.0,860,0.00807328285559762,"[""ECFP_1239""]"
final,428,1,ECFP_124,ECFP_124,ECFP_124,algorithmic_medoid,True,True,1,0.0,1.0,1.0,1.0,0.0,860,0.0023201730665224434,"[""ECFP_124""]"
final,429,1,ECFP_1240,ECFP_1240,ECFP_1240,algorithmic_medoid,True,True,1,0.0,1.0,1.0,1.0,0.0,860,0.023822336398052996,"[""ECFP_1240""]"
final,430,1,ECFP_1241,ECFP_1241,ECFP_1241,algorithmic_medoid,True,True,1,0.0,1.0,1.0,1.0,0.0,860,0.001161438615467821,"[""ECFP_1241""]"
final,431,1,ECFP_1242,ECFP_1242,ECFP_1242,algorithmic_medoid,True,True,1,0.0,1.0,1.0,1.0,0.0,860,0.0034762033531638738,"[""ECFP_1242""]"
final,432,1,ECFP_1243,ECFP_1243,ECFP_1243,algorithmic_medoid,True,True,1,0.0,1.0,1.0,1.0,0.0,860,0.03797187669010275,"[""ECFP_1243""]"
final,433,1,ECFP_1244,ECFP_1244,ECFP_1244,algorithmic_medoid,True,True,1,0.0,1.0,1.0,1.0,0.0,860,0.0046295294753921044,"[""ECFP_1244""]"
final,434,1,ECFP_1245,ECFP_1245,ECFP_1245,algorithmic_medoid,True,True,1,0.0,1.0,1.0,1.0,0.0,860,0.018258518117901575,"[""ECFP_1245""]"
final,435,1,ECFP_1246,ECFP_1246,ECFP_1246,algorithmic_medoid,True,True,1,0.0,1.0,1.0,1.0,0.0,860,0.004629529475392105,"[""ECFP_1246""]"
final,436,1,ECFP_1247,ECFP_1247,ECFP_1247,algorithmic_medoid,True,True,1,0.0,1.0,1.0,1.0,0.0,860,0.00807328285559762,"[""ECFP_1247""]"
final,437,1,ECFP_1248,ECFP_1248,ECFP_1248,algorithmic_medoid,True,True,1,0.0,1.0,1.0,1.0,0.0,860,0.0057801514332071376,"[""ECFP_1248""]"
final,438,1,ECFP_1249,ECFP_1249,ECFP_1249,algorithmic_medoid,True,True,1,0.0,1.0,1.0,1.0,0.0,860,0.03797187669010275,"[""ECFP_1249""]"
final,439,1,ECFP_125,ECFP_125,ECFP_125,algorithmic_medoid,True,True,1,0.0,1.0,1.0,1.0,0.0,860,0.013758788534342887,"[""ECFP_125""]"
final,440,1,ECFP_1250,ECFP_1250,ECFP_1250,algorithmic_medoid,True,True,1,0.0,1.0,1.0,1.0,0.0,860,0.05062736614386155,"[""ECFP_1250""]"
final,441,2,ECFP_1251,ECFP_1251,ECFP_1251,algorithmic_medoid,True,True,1,0.13448000939183546,0.8655199906081645,0.8655199906081645,0.8655199906081645,0.0,860,0.0046295294753921044,"[""ECFP_1251"", ""ECFP_358""]"
final,441,2,ECFP_358,ECFP_1251,ECFP_1251,algorithmic_medoid,False,False,2,0.13448000939183546,0.8655199906081645,0.8655199906081645,0.8655199906081645,0.0,860,0.003476203353163874,"[""ECFP_1251"", ""ECFP_358""]"
final,442,3,ECFP_150,ECFP_150,ECFP_150,algorithmic_medoid,True,True,1,0.10771612526026575,0.8922838747397343,0.873511162036706,0.9110565874427625,0.0,860,0.03797187669010275,"[""ECFP_1252"", ""ECFP_1264"", ""ECFP_150""]"
final,442,3,ECFP_1252,ECFP_150,ECFP_150,algorithmic_medoid,False,False,2,0.12077223119074365,0.8792277688092563,0.8473989501757502,0.9110565874427625,0.0,860,0.040108166576527854,"[""ECFP_1252"", ""ECFP_1264"", ""ECFP_150""]"
final,442,3,ECFP_1264,ECFP_150,ECFP_150,algorithmic_medoid,False,False,3,0.13954494389377192,0.8604550561062281,0.8473989501757502,0.873511162036706,0.0,860,0.04329232017306652,"[""ECFP_1252"", ""ECFP_1264"", ""ECFP_150""]"
final,443,1,ECFP_1253,ECFP_1253,ECFP_1253,algorithmic_medoid,True,True,1,0.0,1.0,1.0,1.0,0.0,860,0.008073282855597618,"[""ECFP_1253""]"
final,444,1,ECFP_1254,ECFP_1254,ECFP_1254,algorithmic_medoid,True,True,1,0.0,1.0,1.0,1.0,0.0,860,0.005780151433207137,"[""ECFP_1254""]"
final,445,1,ECFP_1255,ECFP_1255,ECFP_1255,algorithmic_medoid,True,True,1,0.0,1.0,1.0,1.0,0.0,860,0.029318550567874534,"[""ECFP_1255""]"
final,446,1,ECFP_1256,ECFP_1256,ECFP_1256,algorithmic_medoid,True,True,1,0.0,1.0,1.0,1.0,0.0,860,0.027128177393185505,"[""ECFP_1256""]"
final,447,1,ECFP_1257,ECFP_1257,ECFP_1257,algorithmic_medoid,True,True,1,0.0,1.0,1.0,1.0,0.0,860,0.18574364521362902,"[""ECFP_1257""]"
final,448,2,ECFP_1258,ECFP_1258,ECFP_1258,algorithmic_medoid,True,True,1,0.16602551934740106,0.8339744806525989,0.8339744806525989,0.8339744806525989,0.0,860,0.014887777176852357,"[""ECFP_1258"", ""ECFP_400""]"
final,448,2,ECFP_400,ECFP_1258,ECFP_1258,algorithmic_medoid,False,False,2,0.16602551934740106,0.8339744806525989,0.8339744806525989,0.8339744806525989,0.0,860,0.012627095727420226,"[""ECFP_1258"", ""ECFP_400""]"
final,449,1,ECFP_1259,ECFP_1259,ECFP_1259,algorithmic_medoid,True,True,1,0.0,1.0,1.0,1.0,0.0,860,0.0023201730665224434,"[""ECFP_1259""]"
final,450,1,ECFP_126,ECFP_126,ECFP_126,algorithmic_medoid,True,True,1,0.0,1.0,1.0,1.0,0.0,860,0.010355597620335315,"[""ECFP_126""]"
final,451,1,ECFP_1260,ECFP_1260,ECFP_1260,algorithmic_medoid,True,True,1,0.0,1.0,1.0,1.0,0.0,860,0.04749999999999999,"[""ECFP_1260""]"
final,452,1,ECFP_1261,ECFP_1261,ECFP_1261,algorithmic_medoid,True,True,1,0.0,1.0,1.0,1.0,0.0,860,0.03258382909680908,"[""ECFP_1261""]"
final,453,1,ECFP_1262,ECFP_1262,ECFP_1262,algorithmic_medoid,True,True,1,0.0,1.0,1.0,1.0,0.0,860,0.005780151433207137,"[""ECFP_1262""]"
final,454,1,ECFP_1263,ECFP_1263,ECFP_1263,algorithmic_medoid,True,True,1,0.0,1.0,1.0,1.0,0.0,860,0.0046295294753921044,"[""ECFP_1263""]"
final,455,1,ECFP_1265,ECFP_1265,ECFP_1265,algorithmic_medoid,True,True,1,0.0,1.0,1.0,1.0,0.0,860,0.01149269875608437,"[""ECFP_1265""]"
final,456,1,ECFP_1266,ECFP_1266,ECFP_1266,algorithmic_medoid,True,True,1,0.0,1.0,1.0,1.0,0.0,860,0.023822336398053003,"[""ECFP_1266""]"
final,457,1,ECFP_1267,ECFP_1267,ECFP_1267,algorithmic_medoid,True,True,1,0.0,1.0,1.0,1.0,0.0,860,0.024926987560843702,"[""ECFP_1267""]"
final,458,1,ECFP_1268,ECFP_1268,ECFP_1268,algorithmic_medoid,True,True,1,0.0,1.0,1.0,1.0,0.0,860,0.012627095727420224,"[""ECFP_1268""]"
final,459,1,ECFP_1269,ECFP_1269,ECFP_1269,algorithmic_medoid,True,True,1,0.0,1.0,1.0,1.0,0.0,860,0.006928069226608975,"[""ECFP_1269""]"
final,460,1,ECFP_127,ECFP_127,ECFP_127,algorithmic_medoid,True,True,1,0.0,1.0,1.0,1.0,0.0,860,0.005780151433207137,"[""ECFP_127""]"
final,461,1,ECFP_1270,ECFP_1270,ECFP_1270,algorithmic_medoid,True,True,1,0.0,1.0,1.0,1.0,0.0,860,0.006928069226608977,"[""ECFP_1270""]"
final,462,1,ECFP_1271,ECFP_1271,ECFP_1271,algorithmic_medoid,True,True,1,0.0,1.0,1.0,1.0,0.0,860,0.002320173066522443,"[""ECFP_1271""]"
final,463,3,ECFP_1272,ECFP_1272,ECFP_1272,algorithmic_medoid,True,True,1,0.0,1.0,1.0,1.0,0.0,860,0.0011614386154678205,"[""ECFP_1272"", ""ECFP_1643"", ""ECFP_312""]"
final,463,3,ECFP_1643,ECFP_1272,ECFP_1272,algorithmic_medoid,False,False,2,0.0,1.0,1.0,1.0,0.0,860,0.0011614386154678205,"[""ECFP_1272"", ""ECFP_1643"", ""ECFP_312""]"
final,463,3,ECFP_312,ECFP_1272,ECFP_1272,algorithmic_medoid,False,False,3,0.0,1.0,1.0,1.0,0.0,860,0.0011614386154678205,"[""ECFP_1272"", ""ECFP_1643"", ""ECFP_312""]"
final,464,1,ECFP_1273,ECFP_1273,ECFP_1273,algorithmic_medoid,True,True,1,0.0,1.0,1.0,1.0,0.0,860,0.006928069226608975,"[""ECFP_1273""]"
final,465,1,ECFP_1274,ECFP_1274,ECFP_1274,algorithmic_medoid,True,True,1,0.0,1.0,1.0,1.0,0.0,860,0.14774878312601405,"[""ECFP_1274""]"
final,466,1,ECFP_1275,ECFP_1275,ECFP_1275,algorithmic_medoid,True,True,1,0.0,1.0,1.0,1.0,0.0,860,0.00807328285559762,"[""ECFP_1275""]"
final,467,1,ECFP_1276,ECFP_1276,ECFP_1276,algorithmic_medoid,True,True,1,0.0,1.0,1.0,1.0,0.0,860,0.005780151433207137,"[""ECFP_1276""]"
final,468,1,ECFP_1278,ECFP_1278,ECFP_1278,algorithmic_medoid,True,True,1,0.0,1.0,1.0,1.0,0.0,860,0.0046295294753921044,"[""ECFP_1278""]"
final,469,1,ECFP_1279,ECFP_1279,ECFP_1279,algorithmic_medoid,True,True,1,0.0,1.0,1.0,1.0,0.0,860,0.10186452136289886,"[""ECFP_1279""]"
final,470,1,ECFP_128,ECFP_128,ECFP_128,algorithmic_medoid,True,True,1,0.0,1.0,1.0,1.0,0.0,860,0.008073282855597618,"[""ECFP_128""]"
final,471,1,ECFP_1280,ECFP_1280,ECFP_1280,algorithmic_medoid,True,True,1,0.0,1.0,1.0,1.0,0.0,860,0.023822336398053003,"[""ECFP_1280""]"
final,472,1,ECFP_1281,ECFP_1281,ECFP_1281,algorithmic_medoid,True,True,1,0.0,1.0,1.0,1.0,0.0,860,0.001161438615467821,"[""ECFP_1281""]"
final,473,1,ECFP_1282,ECFP_1282,ECFP_1282,algorithmic_medoid,True,True,1,0.0,1.0,1.0,1.0,0.0,860,0.033666846944294226,"[""ECFP_1282""]"
final,474,1,ECFP_1283,ECFP_1283,ECFP_1283,algorithmic_medoid,True,True,1,0.0,1.0,1.0,1.0,0.0,860,0.030409680908599253,"[""ECFP_1283""]"
final,475,1,ECFP_1284,ECFP_1284,ECFP_1284,algorithmic_medoid,True,True,1,0.0,1.0,1.0,1.0,0.0,860,0.006928069226608975,"[""ECFP_1284""]"
final,476,1,ECFP_1285,ECFP_1285,ECFP_1285,algorithmic_medoid,True,True,1,0.0,1.0,1.0,1.0,0.0,860,0.012627095727420226,"[""ECFP_1285""]"
final,477,1,ECFP_1286,ECFP_1286,ECFP_1286,algorithmic_medoid,True,True,1,0.0,1.0,1.0,1.0,0.0,860,0.00807328285559762,"[""ECFP_1286""]"
final,478,1,ECFP_1287,ECFP_1287,ECFP_1287,algorithmic_medoid,True,True,1,0.0,1.0,1.0,1.0,0.0,860,0.01937669010275825,"[""ECFP_1287""]"
final,479,1,ECFP_1288,ECFP_1288,ECFP_1288,algorithmic_medoid,True,True,1,0.0,1.0,1.0,1.0,0.0,860,0.011492698756084371,"[""ECFP_1288""]"
final,480,1,ECFP_1289,ECFP_1289,ECFP_1289,algorithmic_medoid,True,True,1,0.0,1.0,1.0,1.0,0.0,860,0.001161438615467821,"[""ECFP_1289""]"
final,481,1,ECFP_129,ECFP_129,ECFP_129,algorithmic_medoid,True,True,1,0.0,1.0,1.0,1.0,0.0,860,0.013758788534342887,"[""ECFP_129""]"
final,482,1,ECFP_1290,ECFP_1290,ECFP_1290,algorithmic_medoid,True,True,1,0.0,1.0,1.0,1.0,0.0,860,0.017137641968631684,"[""ECFP_1290""]"
final,483,1,ECFP_1291,ECFP_1291,ECFP_1291,algorithmic_medoid,True,True,1,0.0,1.0,1.0,1.0,0.0,860,0.0034762033531638733,"[""ECFP_1291""]"
final,484,1,ECFP_1292,ECFP_1292,ECFP_1292,algorithmic_medoid,True,True,1,0.0,1.0,1.0,1.0,0.0,860,0.1550500270416441,"[""ECFP_1292""]"
final,485,1,ECFP_1293,ECFP_1293,ECFP_1293,algorithmic_medoid,True,True,1,0.0,1.0,1.0,1.0,0.0,860,0.004629529475392104,"[""ECFP_1293""]"
final,486,1,ECFP_1294,ECFP_1294,ECFP_1294,algorithmic_medoid,True,True,1,0.0,1.0,1.0,1.0,0.0,860,0.02602893455922121,"[""ECFP_1294""]"
final,487,1,ECFP_1295,ECFP_1295,ECFP_1295,algorithmic_medoid,True,True,1,0.0,1.0,1.0,1.0,0.0,860,0.04223363980530017,"[""ECFP_1295""]"
final,488,1,ECFP_1296,ECFP_1296,ECFP_1296,algorithmic_medoid,True,True,1,0.0,1.0,1.0,1.0,0.0,860,0.06289345592212006,"[""ECFP_1296""]"
final,489,1,ECFP_1297,ECFP_1297,ECFP_1297,algorithmic_medoid,True,True,1,0.0,1.0,1.0,1.0,0.0,860,0.0011614386154678205,"[""ECFP_1297""]"
final,490,1,ECFP_1298,ECFP_1298,ECFP_1298,algorithmic_medoid,True,True,1,0.0,1.0,1.0,1.0,0.0,860,0.009215792320173069,"[""ECFP_1298""]"
final,491,1,ECFP_1299,ECFP_1299,ECFP_1299,algorithmic_medoid,True,True,1,0.0,1.0,1.0,1.0,0.0,860,0.006928069226608977,"[""ECFP_1299""]"
final,492,1,ECFP_13,ECFP_13,ECFP_13,algorithmic_medoid,True,True,1,0.0,1.0,1.0,1.0,0.0,860,0.073795294753921,"[""ECFP_13""]"
final,493,1,ECFP_130,ECFP_130,ECFP_130,algorithmic_medoid,True,True,1,0.0,1.0,1.0,1.0,0.0,860,0.0260289345592212,"[""ECFP_130""]"
final,494,1,ECFP_1300,ECFP_1300,ECFP_1300,algorithmic_medoid,True,True,1,0.0,1.0,1.0,1.0,0.0,860,0.012627095727420226,"[""ECFP_1300""]"
final,495,1,ECFP_1301,ECFP_1301,ECFP_1301,algorithmic_medoid,True,True,1,0.0,1.0,1.0,1.0,0.0,860,0.003476203353163874,"[""ECFP_1301""]"
final,496,1,ECFP_1302,ECFP_1302,ECFP_1302,algorithmic_medoid,True,True,1,0.0,1.0,1.0,1.0,0.0,860,0.0046295294753921044,"[""ECFP_1302""]"
final,497,1,ECFP_1303,ECFP_1303,ECFP_1303,algorithmic_medoid,True,True,1,0.0,1.0,1.0,1.0,0.0,860,0.029318550567874527,"[""ECFP_1303""]"
final,498,1,ECFP_1304,ECFP_1304,ECFP_1304,algorithmic_medoid,True,True,1,0.0,1.0,1.0,1.0,0.0,860,0.006928069226608975,"[""ECFP_1304""]"
final,499,1,ECFP_1305,ECFP_1305,ECFP_1305,algorithmic_medoid,True,True,1,0.0,1.0,1.0,1.0,0.0,860,0.0046295294753921044,"[""ECFP_1305""]"
final,500,1,ECFP_1306,ECFP_1306,ECFP_1306,algorithmic_medoid,True,True,1,0.0,1.0,1.0,1.0,0.0,860,0.012627095727420226,"[""ECFP_1306""]"
final,501,1,ECFP_1307,ECFP_1307,ECFP_1307,algorithmic_medoid,True,True,1,0.0,1.0,1.0,1.0,0.0,860,0.028224716062736608,"[""ECFP_1307""]"
final,502,1,ECFP_1308,ECFP_1308,ECFP_1308,algorithmic_medoid,True,True,1,0.0,1.0,1.0,1.0,0.0,860,0.03797187669010275,"[""ECFP_1308""]"
final,503,1,ECFP_1309,ECFP_1309,ECFP_1309,algorithmic_medoid,True,True,1,0.0,1.0,1.0,1.0,0.0,860,0.11922525689561926,"[""ECFP_1309""]"
final,504,1,ECFP_131,ECFP_131,ECFP_131,algorithmic_medoid,True,True,1,0.0,1.0,1.0,1.0,0.0,860,0.013758788534342887,"[""ECFP_131""]"
final,505,1,ECFP_1310,ECFP_1310,ECFP_1310,algorithmic_medoid,True,True,1,0.0,1.0,1.0,1.0,0.0,860,0.002320173066522443,"[""ECFP_1310""]"
final,506,1,ECFP_1311,ECFP_1311,ECFP_1311,algorithmic_medoid,True,True,1,0.0,1.0,1.0,1.0,0.0,860,0.0057801514332071376,"[""ECFP_1311""]"
final,507,1,ECFP_1312,ECFP_1312,ECFP_1312,algorithmic_medoid,True,True,1,0.0,1.0,1.0,1.0,0.0,860,0.04329232017306652,"[""ECFP_1312""]"
final,508,1,ECFP_1313,ECFP_1313,ECFP_1313,algorithmic_medoid,True,True,1,0.0,1.0,1.0,1.0,0.0,860,0.05062736614386154,"[""ECFP_1313""]"
final,509,1,ECFP_1314,ECFP_1314,ECFP_1314,algorithmic_medoid,True,True,1,0.0,1.0,1.0,1.0,0.0,860,0.03797187669010275,"[""ECFP_1314""]"
final,510,1,ECFP_1315,ECFP_1315,ECFP_1315,algorithmic_medoid,True,True,1,0.0,1.0,1.0,1.0,0.0,860,0.011492698756084371,"[""ECFP_1315""]"
final,511,1,ECFP_1316,ECFP_1316,ECFP_1316,algorithmic_medoid,True,True,1,0.0,1.0,1.0,1.0,0.0,860,0.0034762033531638738,"[""ECFP_1316""]"
final,512,1,ECFP_1317,ECFP_1317,ECFP_1317,algorithmic_medoid,True,True,1,0.0,1.0,1.0,1.0,0.0,860,0.006928069226608975,"[""ECFP_1317""]"
final,513,1,ECFP_1318,ECFP_1318,ECFP_1318,algorithmic_medoid,True,True,1,0.0,1.0,1.0,1.0,0.0,860,0.0034762033531638738,"[""ECFP_1318""]"
final,514,1,ECFP_1319,ECFP_1319,ECFP_1319,algorithmic_medoid,True,True,1,0.0,1.0,1.0,1.0,0.0,860,0.020492157923201734,"[""ECFP_1319""]"
final,515,1,ECFP_132,ECFP_132,ECFP_132,algorithmic_medoid,True,True,1,0.0,1.0,1.0,1.0,0.0,860,0.014887777176852359,"[""ECFP_132""]"
final,516,1,ECFP_1320,ECFP_1320,ECFP_1320,algorithmic_medoid,True,True,1,0.0,1.0,1.0,1.0,0.0,860,0.001161438615467821,"[""ECFP_1320""]"
final,517,1,ECFP_1321,ECFP_1321,ECFP_1321,algorithmic_medoid,True,True,1,0.0,1.0,1.0,1.0,0.0,860,0.009215792320173069,"[""ECFP_1321""]"
final,518,1,ECFP_1322,ECFP_1322,ECFP_1322,algorithmic_medoid,True,True,1,0.0,1.0,1.0,1.0,0.0,860,0.01149269875608437,"[""ECFP_1322""]"
final,519,1,ECFP_1323,ECFP_1323,ECFP_1323,algorithmic_medoid,True,True,1,0.0,1.0,1.0,1.0,0.0,860,0.08813412655489454,"[""ECFP_1323""]"
final,520,1,ECFP_1324,ECFP_1324,ECFP_1324,algorithmic_medoid,True,True,1,0.0,1.0,1.0,1.0,0.0,860,0.009215792320173069,"[""ECFP_1324""]"
final,521,1,ECFP_1325,ECFP_1325,ECFP_1325,algorithmic_medoid,True,True,1,0.0,1.0,1.0,1.0,0.0,860,0.1550500270416441,"[""ECFP_1325""]"
final,522,1,ECFP_1326,ECFP_1326,ECFP_1326,algorithmic_medoid,True,True,1,0.0,1.0,1.0,1.0,0.0,860,0.008073282855597618,"[""ECFP_1326""]"
final,523,1,ECFP_1327,ECFP_1327,ECFP_1327,algorithmic_medoid,True,True,1,0.0,1.0,1.0,1.0,0.0,860,0.006928069226608975,"[""ECFP_1327""]"
final,524,1,ECFP_1328,ECFP_1328,ECFP_1328,algorithmic_medoid,True,True,1,0.0,1.0,1.0,1.0,0.0,860,0.01149269875608437,"[""ECFP_1328""]"
final,525,1,ECFP_1329,ECFP_1329,ECFP_1329,algorithmic_medoid,True,True,1,0.0,1.0,1.0,1.0,0.0,860,0.006928069226608975,"[""ECFP_1329""]"
final,526,1,ECFP_133,ECFP_133,ECFP_133,algorithmic_medoid,True,True,1,0.0,1.0,1.0,1.0,0.0,860,0.006928069226608975,"[""ECFP_133""]"
final,527,1,ECFP_1330,ECFP_1330,ECFP_1330,algorithmic_medoid,True,True,1,0.0,1.0,1.0,1.0,0.0,860,0.001161438615467821,"[""ECFP_1330""]"
final,528,1,ECFP_1331,ECFP_1331,ECFP_1331,algorithmic_medoid,True,True,1,0.0,1.0,1.0,1.0,0.0,860,0.002320173066522444,"[""ECFP_1331""]"
final,529,1,ECFP_1332,ECFP_1332,ECFP_1332,algorithmic_medoid,True,True,1,0.0,1.0,1.0,1.0,0.0,860,0.005780151433207137,"[""ECFP_1332""]"
final,530,1,ECFP_1333,ECFP_1333,ECFP_1333,algorithmic_medoid,True,True,1,0.0,1.0,1.0,1.0,0.0,860,0.005780151433207137,"[""ECFP_1333""]"
final,531,1,ECFP_1334,ECFP_1334,ECFP_1334,algorithmic_medoid,True,True,1,0.0,1.0,1.0,1.0,0.0,860,0.0034762033531638733,"[""ECFP_1334""]"
final,532,1,ECFP_1335,ECFP_1335,ECFP_1335,algorithmic_medoid,True,True,1,0.0,1.0,1.0,1.0,0.0,860,0.0023201730665224434,"[""ECFP_1335""]"
final,533,1,ECFP_1336,ECFP_1336,ECFP_1336,algorithmic_medoid,True,True,1,0.0,1.0,1.0,1.0,0.0,860,0.0034762033531638733,"[""ECFP_1336""]"
final,534,1,ECFP_1337,ECFP_1337,ECFP_1337,algorithmic_medoid,True,True,1,0.0,1.0,1.0,1.0,0.0,860,0.01149269875608437,"[""ECFP_1337""]"
final,535,1,ECFP_1338,ECFP_1338,ECFP_1338,algorithmic_medoid,True,True,1,0.0,1.0,1.0,1.0,0.0,860,0.010355597620335315,"[""ECFP_1338""]"
final,536,1,ECFP_1339,ECFP_1339,ECFP_1339,algorithmic_medoid,True,True,1,0.0,1.0,1.0,1.0,0.0,860,0.01375878853434289,"[""ECFP_1339""]"
final,537,1,ECFP_134,ECFP_134,ECFP_134,algorithmic_medoid,True,True,1,0.0,1.0,1.0,1.0,0.0,860,0.0023201730665224434,"[""ECFP_134""]"
final,538,1,ECFP_1340,ECFP_1340,ECFP_1340,algorithmic_medoid,True,True,1,0.0,1.0,1.0,1.0,0.0,860,0.0046295294753921044,"[""ECFP_1340""]"
final,539,1,ECFP_1341,ECFP_1341,ECFP_1341,algorithmic_medoid,True,True,1,0.0,1.0,1.0,1.0,0.0,860,0.07574229313142236,"[""ECFP_1341""]"
final,540,1,ECFP_1342,ECFP_1342,ECFP_1342,algorithmic_medoid,True,True,1,0.0,1.0,1.0,1.0,0.0,860,0.008073282855597618,"[""ECFP_1342""]"
final,541,1,ECFP_1343,ECFP_1343,ECFP_1343,algorithmic_medoid,True,True,1,0.0,1.0,1.0,1.0,0.0,860,0.0034762033531638733,"[""ECFP_1343""]"
final,542,1,ECFP_1344,ECFP_1344,ECFP_1344,algorithmic_medoid,True,True,1,0.0,1.0,1.0,1.0,0.0,860,0.006928069226608975,"[""ECFP_1344""]"
final,543,1,ECFP_1345,ECFP_1345,ECFP_1345,algorithmic_medoid,True,True,1,0.0,1.0,1.0,1.0,0.0,860,0.005780151433207137,"[""ECFP_1345""]"
final,544,1,ECFP_1346,ECFP_1346,ECFP_1346,algorithmic_medoid,True,True,1,0.0,1.0,1.0,1.0,0.0,860,0.010355597620335314,"[""ECFP_1346""]"
final,545,1,ECFP_1347,ECFP_1347,ECFP_1347,algorithmic_medoid,True,True,1,0.0,1.0,1.0,1.0,0.0,860,0.016014061654948616,"[""ECFP_1347""]"
final,546,1,ECFP_1348,ECFP_1348,ECFP_1348,algorithmic_medoid,True,True,1,0.0,1.0,1.0,1.0,0.0,860,0.012627095727420228,"[""ECFP_1348""]"
final,547,1,ECFP_1349,ECFP_1349,ECFP_1349,algorithmic_medoid,True,True,1,0.0,1.0,1.0,1.0,0.0,860,0.05475932936722553,"[""ECFP_1349""]"
final,548,1,ECFP_135,ECFP_135,ECFP_135,algorithmic_medoid,True,True,1,0.0,1.0,1.0,1.0,0.0,860,0.005780151433207137,"[""ECFP_135""]"
final,549,1,ECFP_1351,ECFP_1351,ECFP_1351,algorithmic_medoid,True,True,1,0.0,1.0,1.0,1.0,0.0,860,0.0260289345592212,"[""ECFP_1351""]"
final,550,1,ECFP_1352,ECFP_1352,ECFP_1352,algorithmic_medoid,True,True,1,0.0,1.0,1.0,1.0,0.0,860,0.01149269875608437,"[""ECFP_1352""]"
final,551,1,ECFP_1353,ECFP_1353,ECFP_1353,algorithmic_medoid,True,True,1,0.0,1.0,1.0,1.0,0.0,860,0.009215792320173069,"[""ECFP_1353""]"
final,552,1,ECFP_1354,ECFP_1354,ECFP_1354,algorithmic_medoid,True,True,1,0.0,1.0,1.0,1.0,0.0,860,0.0011614386154678205,"[""ECFP_1354""]"
final,553,1,ECFP_1356,ECFP_1356,ECFP_1356,algorithmic_medoid,True,True,1,0.0,1.0,1.0,1.0,0.0,860,0.014887777176852357,"[""ECFP_1356""]"
final,554,1,ECFP_1357,ECFP_1357,ECFP_1357,algorithmic_medoid,True,True,1,0.0,1.0,1.0,1.0,0.0,860,0.07183747971876692,"[""ECFP_1357""]"
final,555,1,ECFP_1358,ECFP_1358,ECFP_1358,algorithmic_medoid,True,True,1,0.0,1.0,1.0,1.0,0.0,860,0.001161438615467821,"[""ECFP_1358""]"
final,556,1,ECFP_1359,ECFP_1359,ECFP_1359,algorithmic_medoid,True,True,1,0.0,1.0,1.0,1.0,0.0,860,0.0034762033531638733,"[""ECFP_1359""]"
final,557,1,ECFP_136,ECFP_136,ECFP_136,algorithmic_medoid,True,True,1,0.0,1.0,1.0,1.0,0.0,860,0.0046295294753921044,"[""ECFP_136""]"
final,558,1,ECFP_1360,ECFP_1360,ECFP_1360,algorithmic_medoid,True,True,1,0.0,1.0,1.0,1.0,0.0,860,0.020492157923201734,"[""ECFP_1360""]"
final,559,1,ECFP_1361,ECFP_1361,ECFP_1361,algorithmic_medoid,True,True,1,0.0,1.0,1.0,1.0,0.0,860,0.012627095727420226,"[""ECFP_1361""]"
final,560,1,ECFP_1362,ECFP_1362,ECFP_1362,algorithmic_medoid,True,True,1,0.0,1.0,1.0,1.0,0.0,860,0.01937669010275825,"[""ECFP_1362""]"
final,561,1,ECFP_1363,ECFP_1363,ECFP_1363,algorithmic_medoid,True,True,1,0.0,1.0,1.0,1.0,0.0,860,0.020492157923201734,"[""ECFP_1363""]"
final,562,1,ECFP_1364,ECFP_1364,ECFP_1364,algorithmic_medoid,True,True,1,0.0,1.0,1.0,1.0,0.0,860,0.012627095727420226,"[""ECFP_1364""]"
final,563,1,ECFP_1365,ECFP_1365,ECFP_1365,algorithmic_medoid,True,True,1,0.0,1.0,1.0,1.0,0.0,860,0.09644537587885342,"[""ECFP_1365""]"
final,564,1,ECFP_1366,ECFP_1366,ECFP_1366,algorithmic_medoid,True,True,1,0.0,1.0,1.0,1.0,0.0,860,0.043292320173066515,"[""ECFP_1366""]"
final,565,1,ECFP_1367,ECFP_1367,ECFP_1367,algorithmic_medoid,True,True,1,0.0,1.0,1.0,1.0,0.0,860,0.010355597620335315,"[""ECFP_1367""]"
final,566,1,ECFP_1368,ECFP_1368,ECFP_1368,algorithmic_medoid,True,True,1,0.0,1.0,1.0,1.0,0.0,860,0.012627095727420226,"[""ECFP_1368""]"
final,567,1,ECFP_1369,ECFP_1369,ECFP_1369,algorithmic_medoid,True,True,1,0.0,1.0,1.0,1.0,0.0,860,0.017137641968631687,"[""ECFP_1369""]"
final,568,1,ECFP_1370,ECFP_1370,ECFP_1370,algorithmic_medoid,True,True,1,0.0,1.0,1.0,1.0,0.0,860,0.01713764196863169,"[""ECFP_1370""]"
final,569,1,ECFP_1371,ECFP_1371,ECFP_1371,algorithmic_medoid,True,True,1,0.0,1.0,1.0,1.0,0.0,860,0.00807328285559762,"[""ECFP_1371""]"
final,570,1,ECFP_1372,ECFP_1372,ECFP_1372,algorithmic_medoid,True,True,1,0.0,1.0,1.0,1.0,0.0,860,0.00807328285559762,"[""ECFP_1372""]"
final,571,1,ECFP_1373,ECFP_1373,ECFP_1373,algorithmic_medoid,True,True,1,0.0,1.0,1.0,1.0,0.0,860,0.029318550567874534,"[""ECFP_1373""]"
final,572,1,ECFP_1374,ECFP_1374,ECFP_1374,algorithmic_medoid,True,True,1,0.0,1.0,1.0,1.0,0.0,860,0.006928069226608975,"[""ECFP_1374""]"
final,573,1,ECFP_1375,ECFP_1375,ECFP_1375,algorithmic_medoid,True,True,1,0.0,1.0,1.0,1.0,0.0,860,0.02160492157923202,"[""ECFP_1375""]"
final,574,1,ECFP_1376,ECFP_1376,ECFP_1376,algorithmic_medoid,True,True,1,0.0,1.0,1.0,1.0,0.0,860,0.001161438615467821,"[""ECFP_1376""]"
final,575,1,ECFP_1377,ECFP_1377,ECFP_1377,algorithmic_medoid,True,True,1,0.0,1.0,1.0,1.0,0.0,860,0.0057801514332071376,"[""ECFP_1377""]"
final,576,1,ECFP_1378,ECFP_1378,ECFP_1378,algorithmic_medoid,True,True,1,0.0,1.0,1.0,1.0,0.0,860,0.0011614386154678205,"[""ECFP_1378""]"
final,577,1,ECFP_1379,ECFP_1379,ECFP_1379,algorithmic_medoid,True,True,1,0.0,1.0,1.0,1.0,0.0,860,0.00807328285559762,"[""ECFP_1379""]"
final,578,1,ECFP_138,ECFP_138,ECFP_138,algorithmic_medoid,True,True,1,0.0,1.0,1.0,1.0,0.0,860,0.009215792320173069,"[""ECFP_138""]"
final,579,1,ECFP_1380,ECFP_1380,ECFP_1380,algorithmic_medoid,True,True,1,0.0,1.0,1.0,1.0,0.0,860,0.12422255273120607,"[""ECFP_1380""]"
final,580,1,ECFP_1381,ECFP_1381,ECFP_1381,algorithmic_medoid,True,True,1,0.0,1.0,1.0,1.0,0.0,860,0.09826257436452136,"[""ECFP_1381""]"
final,581,1,ECFP_1382,ECFP_1382,ECFP_1382,algorithmic_medoid,True,True,1,0.0,1.0,1.0,1.0,0.0,860,0.0046295294753921044,"[""ECFP_1382""]"
final,582,1,ECFP_1383,ECFP_1383,ECFP_1383,algorithmic_medoid,True,True,1,0.0,1.0,1.0,1.0,0.0,860,0.0057801514332071376,"[""ECFP_1383""]"
final,583,1,ECFP_1384,ECFP_1384,ECFP_1384,algorithmic_medoid,True,True,1,0.0,1.0,1.0,1.0,0.0,860,0.018258518117901575,"[""ECFP_1384""]"
final,584,1,ECFP_1385,ECFP_1385,ECFP_1385,algorithmic_medoid,True,True,1,0.0,1.0,1.0,1.0,0.0,860,0.07281773931855058,"[""ECFP_1385""]"
final,585,1,ECFP_1386,ECFP_1386,ECFP_1386,algorithmic_medoid,True,True,1,0.0,1.0,1.0,1.0,0.0,860,0.04958761492698757,"[""ECFP_1386""]"
final,586,1,ECFP_1387,ECFP_1387,ECFP_1387,algorithmic_medoid,True,True,1,0.0,1.0,1.0,1.0,0.0,860,0.01149269875608437,"[""ECFP_1387""]"
final,587,1,ECFP_1388,ECFP_1388,ECFP_1388,algorithmic_medoid,True,True,1,0.0,1.0,1.0,1.0,0.0,860,0.013758788534342887,"[""ECFP_1388""]"
final,588,1,ECFP_139,ECFP_139,ECFP_139,algorithmic_medoid,True,True,1,0.0,1.0,1.0,1.0,0.0,860,0.012627095727420226,"[""ECFP_139""]"
final,589,1,ECFP_1390,ECFP_1390,ECFP_1390,algorithmic_medoid,True,True,1,0.0,1.0,1.0,1.0,0.0,860,0.0011614386154678207,"[""ECFP_1390""]"
final,590,1,ECFP_1391,ECFP_1391,ECFP_1391,algorithmic_medoid,True,True,1,0.0,1.0,1.0,1.0,0.0,860,0.05269875608436991,"[""ECFP_1391""]"
final,591,1,ECFP_1392,ECFP_1392,ECFP_1392,algorithmic_medoid,True,True,1,0.0,1.0,1.0,1.0,0.0,860,0.016014061654948612,"[""ECFP_1392""]"
final,592,1,ECFP_1393,ECFP_1393,ECFP_1393,algorithmic_medoid,True,True,1,0.0,1.0,1.0,1.0,0.0,860,0.014887777176852359,"[""ECFP_1393""]"
final,593,1,ECFP_1394,ECFP_1394,ECFP_1394,algorithmic_medoid,True,True,1,0.0,1.0,1.0,1.0,0.0,860,0.00807328285559762,"[""ECFP_1394""]"
final,594,1,ECFP_1395,ECFP_1395,ECFP_1395,algorithmic_medoid,True,True,1,0.0,1.0,1.0,1.0,0.0,860,0.05062736614386154,"[""ECFP_1395""]"
final,595,1,ECFP_1396,ECFP_1396,ECFP_1396,algorithmic_medoid,True,True,1,0.0,1.0,1.0,1.0,0.0,860,0.006928069226608977,"[""ECFP_1396""]"
final,596,1,ECFP_1397,ECFP_1397,ECFP_1397,algorithmic_medoid,True,True,1,0.0,1.0,1.0,1.0,0.0,860,0.0023201730665224425,"[""ECFP_1397""]"
final,597,1,ECFP_1398,ECFP_1398,ECFP_1398,algorithmic_medoid,True,True,1,0.0,1.0,1.0,1.0,0.0,860,0.0046295294753921044,"[""ECFP_1398""]"
final,598,1,ECFP_1399,ECFP_1399,ECFP_1399,algorithmic_medoid,True,True,1,0.0,1.0,1.0,1.0,0.0,860,0.030409680908599253,"[""ECFP_1399""]"
final,599,1,ECFP_14,ECFP_14,ECFP_14,algorithmic_medoid,True,True,1,0.0,1.0,1.0,1.0,0.0,860,0.026028934559221204,"[""ECFP_14""]"
final,600,1,ECFP_140,ECFP_140,ECFP_140,algorithmic_medoid,True,True,1,0.0,1.0,1.0,1.0,0.0,860,0.10186452136289888,"[""ECFP_140""]"
final,601,1,ECFP_1400,ECFP_1400,ECFP_1400,algorithmic_medoid,True,True,1,0.0,1.0,1.0,1.0,0.0,860,0.010355597620335315,"[""ECFP_1400""]"
final,602,1,ECFP_1401,ECFP_1401,ECFP_1401,algorithmic_medoid,True,True,1,0.0,1.0,1.0,1.0,0.0,860,0.0260289345592212,"[""ECFP_1401""]"
final,603,1,ECFP_1402,ECFP_1402,ECFP_1402,algorithmic_medoid,True,True,1,0.0,1.0,1.0,1.0,0.0,860,0.008073282855597622,"[""ECFP_1402""]"
final,604,1,ECFP_1403,ECFP_1403,ECFP_1403,algorithmic_medoid,True,True,1,0.0,1.0,1.0,1.0,0.0,860,0.01937669010275825,"[""ECFP_1403""]"
final,605,1,ECFP_1404,ECFP_1404,ECFP_1404,algorithmic_medoid,True,True,1,0.0,1.0,1.0,1.0,0.0,860,0.010355597620335315,"[""ECFP_1404""]"
final,606,1,ECFP_1405,ECFP_1405,ECFP_1405,algorithmic_medoid,True,True,1,0.0,1.0,1.0,1.0,0.0,860,0.014887777176852359,"[""ECFP_1405""]"
final,607,1,ECFP_1406,ECFP_1406,ECFP_1406,algorithmic_medoid,True,True,1,0.0,1.0,1.0,1.0,0.0,860,0.002320173066522444,"[""ECFP_1406""]"
final,608,1,ECFP_1407,ECFP_1407,ECFP_1407,algorithmic_medoid,True,True,1,0.0,1.0,1.0,1.0,0.0,860,0.0034762033531638738,"[""ECFP_1407""]"
final,609,1,ECFP_1408,ECFP_1408,ECFP_1408,algorithmic_medoid,True,True,1,0.0,1.0,1.0,1.0,0.0,860,0.003476203353163874,"[""ECFP_1408""]"
final,610,1,ECFP_1409,ECFP_1409,ECFP_1409,algorithmic_medoid,True,True,1,0.0,1.0,1.0,1.0,0.0,860,0.010355597620335317,"[""ECFP_1409""]"
final,611,1,ECFP_141,ECFP_141,ECFP_141,algorithmic_medoid,True,True,1,0.0,1.0,1.0,1.0,0.0,860,0.017137641968631684,"[""ECFP_141""]"
final,612,1,ECFP_1410,ECFP_1410,ECFP_1410,algorithmic_medoid,True,True,1,0.0,1.0,1.0,1.0,0.0,860,0.06986884802595995,"[""ECFP_1410""]"
final,613,1,ECFP_1411,ECFP_1411,ECFP_1411,algorithmic_medoid,True,True,1,0.0,1.0,1.0,1.0,0.0,860,0.012627095727420226,"[""ECFP_1411""]"
final,614,1,ECFP_1412,ECFP_1412,ECFP_1412,algorithmic_medoid,True,True,1,0.0,1.0,1.0,1.0,0.0,860,0.0046295294753921044,"[""ECFP_1412""]"
final,615,1,ECFP_1413,ECFP_1413,ECFP_1413,algorithmic_medoid,True,True,1,0.0,1.0,1.0,1.0,0.0,860,0.017137641968631687,"[""ECFP_1413""]"
final,616,1,ECFP_1414,ECFP_1414,ECFP_1414,algorithmic_medoid,True,True,1,0.0,1.0,1.0,1.0,0.0,860,0.016014061654948616,"[""ECFP_1414""]"
final,617,1,ECFP_1415,ECFP_1415,ECFP_1415,algorithmic_medoid,True,True,1,0.0,1.0,1.0,1.0,0.0,860,0.00807328285559762,"[""ECFP_1415""]"
final,618,1,ECFP_1416,ECFP_1416,ECFP_1416,algorithmic_medoid,True,True,1,0.0,1.0,1.0,1.0,0.0,860,0.014887777176852359,"[""ECFP_1416""]"
final,619,1,ECFP_1417,ECFP_1417,ECFP_1417,algorithmic_medoid,True,True,1,0.0,1.0,1.0,1.0,0.0,860,0.05475932936722553,"[""ECFP_1417""]"
final,620,1,ECFP_142,ECFP_142,ECFP_142,algorithmic_medoid,True,True,1,0.0,1.0,1.0,1.0,0.0,860,0.006928069226608975,"[""ECFP_142""]"
final,621,1,ECFP_1420,ECFP_1420,ECFP_1420,algorithmic_medoid,True,True,1,0.0,1.0,1.0,1.0,0.0,860,0.00807328285559762,"[""ECFP_1420""]"
final,622,1,ECFP_1421,ECFP_1421,ECFP_1421,algorithmic_medoid,True,True,1,0.0,1.0,1.0,1.0,0.0,860,0.006928069226608975,"[""ECFP_1421""]"
final,623,1,ECFP_1422,ECFP_1422,ECFP_1422,algorithmic_medoid,True,True,1,0.0,1.0,1.0,1.0,0.0,860,0.06389805300162252,"[""ECFP_1422""]"
final,624,1,ECFP_1423,ECFP_1423,ECFP_1423,algorithmic_medoid,True,True,1,0.0,1.0,1.0,1.0,0.0,860,0.03258382909680908,"[""ECFP_1423""]"
final,625,1,ECFP_1424,ECFP_1424,ECFP_1424,algorithmic_medoid,True,True,1,0.0,1.0,1.0,1.0,0.0,860,0.006928069226608975,"[""ECFP_1424""]"
final,626,1,ECFP_1425,ECFP_1425,ECFP_1425,algorithmic_medoid,True,True,1,0.0,1.0,1.0,1.0,0.0,860,0.005780151433207137,"[""ECFP_1425""]"
final,627,1,ECFP_1426,ECFP_1426,ECFP_1426,algorithmic_medoid,True,True,1,0.0,1.0,1.0,1.0,0.0,860,0.011492698756084371,"[""ECFP_1426""]"
final,628,1,ECFP_1427,ECFP_1427,ECFP_1427,algorithmic_medoid,True,True,1,0.0,1.0,1.0,1.0,0.0,860,0.035824770146024865,"[""ECFP_1427""]"
final,629,1,ECFP_1428,ECFP_1428,ECFP_1428,algorithmic_medoid,True,True,1,0.0,1.0,1.0,1.0,0.0,860,0.017137641968631687,"[""ECFP_1428""]"
final,630,1,ECFP_1429,ECFP_1429,ECFP_1429,algorithmic_medoid,True,True,1,0.0,1.0,1.0,1.0,0.0,860,0.0046295294753921044,"[""ECFP_1429""]"
final,631,1,ECFP_143,ECFP_143,ECFP_143,algorithmic_medoid,True,True,1,0.0,1.0,1.0,1.0,0.0,860,0.008073282855597618,"[""ECFP_143""]"
final,632,1,ECFP_1430,ECFP_1430,ECFP_1430,algorithmic_medoid,True,True,1,0.0,1.0,1.0,1.0,0.0,860,0.04434829637641968,"[""ECFP_1430""]"
final,633,1,ECFP_1431,ECFP_1431,ECFP_1431,algorithmic_medoid,True,True,1,0.0,1.0,1.0,1.0,0.0,860,0.046452136289886425,"[""ECFP_1431""]"
final,634,1,ECFP_1432,ECFP_1432,ECFP_1432,algorithmic_medoid,True,True,1,0.0,1.0,1.0,1.0,0.0,860,0.009215792320173069,"[""ECFP_1432""]"
final,635,1,ECFP_1433,ECFP_1433,ECFP_1433,algorithmic_medoid,True,True,1,0.0,1.0,1.0,1.0,0.0,860,0.014887777176852359,"[""ECFP_1433""]"
final,636,1,ECFP_1434,ECFP_1434,ECFP_1434,algorithmic_medoid,True,True,1,0.0,1.0,1.0,1.0,0.0,860,0.0034762033531638738,"[""ECFP_1434""]"
final,637,1,ECFP_1435,ECFP_1435,ECFP_1435,algorithmic_medoid,True,True,1,0.0,1.0,1.0,1.0,0.0,860,0.014887777176852359,"[""ECFP_1435""]"
final,638,1,ECFP_1436,ECFP_1436,ECFP_1436,algorithmic_medoid,True,True,1,0.0,1.0,1.0,1.0,0.0,860,0.028224716062736608,"[""ECFP_1436""]"
final,639,1,ECFP_1437,ECFP_1437,ECFP_1437,algorithmic_medoid,True,True,1,0.0,1.0,1.0,1.0,0.0,860,0.020492157923201734,"[""ECFP_1437""]"
final,640,1,ECFP_1438,ECFP_1438,ECFP_1438,algorithmic_medoid,True,True,1,0.0,1.0,1.0,1.0,0.0,860,0.010355597620335314,"[""ECFP_1438""]"
final,641,1,ECFP_1439,ECFP_1439,ECFP_1439,algorithmic_medoid,True,True,1,0.0,1.0,1.0,1.0,0.0,860,0.0034762033531638733,"[""ECFP_1439""]"
final,642,1,ECFP_144,ECFP_144,ECFP_144,algorithmic_medoid,True,True,1,0.0,1.0,1.0,1.0,0.0,860,0.01937669010275825,"[""ECFP_144""]"
final,643,1,ECFP_1440,ECFP_1440,ECFP_1440,algorithmic_medoid,True,True,1,0.0,1.0,1.0,1.0,0.0,860,0.04117225527312061,"[""ECFP_1440""]"
final,644,2,ECFP_1508,ECFP_1508,ECFP_1508,algorithmic_medoid,True,True,1,0.1916221033868093,0.8083778966131907,0.8083778966131907,0.8083778966131907,0.0,860,0.07281773931855058,"[""ECFP_1441"", ""ECFP_1508""]"
final,644,2,ECFP_1441,ECFP_1508,ECFP_1508,algorithmic_medoid,False,False,2,0.1916221033868093,0.8083778966131907,0.8083778966131907,0.8083778966131907,0.0,860,0.07281773931855057,"[""ECFP_1441"", ""ECFP_1508""]"
final,645,1,ECFP_1442,ECFP_1442,ECFP_1442,algorithmic_medoid,True,True,1,0.0,1.0,1.0,1.0,0.0,860,0.010355597620335317,"[""ECFP_1442""]"
final,646,1,ECFP_1443,ECFP_1443,ECFP_1443,algorithmic_medoid,True,True,1,0.0,1.0,1.0,1.0,0.0,860,0.0046295294753921044,"[""ECFP_1443""]"
final,647,1,ECFP_1444,ECFP_1444,ECFP_1444,algorithmic_medoid,True,True,1,0.0,1.0,1.0,1.0,0.0,860,0.03904137371552191,"[""ECFP_1444""]"
final,648,1,ECFP_1445,ECFP_1445,ECFP_1445,algorithmic_medoid,True,True,1,0.0,1.0,1.0,1.0,0.0,860,0.005780151433207137,"[""ECFP_1445""]"
final,649,1,ECFP_1446,ECFP_1446,ECFP_1446,algorithmic_medoid,True,True,1,0.0,1.0,1.0,1.0,0.0,860,0.012627095727420228,"[""ECFP_1446""]"
final,650,1,ECFP_1447,ECFP_1447,ECFP_1447,algorithmic_medoid,True,True,1,0.0,1.0,1.0,1.0,0.0,860,0.02049215792320173,"[""ECFP_1447""]"
final,651,1,ECFP_1448,ECFP_1448,ECFP_1448,algorithmic_medoid,True,True,1,0.0,1.0,1.0,1.0,0.0,860,0.014887777176852354,"[""ECFP_1448""]"
final,652,1,ECFP_1449,ECFP_1449,ECFP_1449,algorithmic_medoid,True,True,1,0.0,1.0,1.0,1.0,0.0,860,0.00807328285559762,"[""ECFP_1449""]"
final,653,1,ECFP_145,ECFP_145,ECFP_145,algorithmic_medoid,True,True,1,0.0,1.0,1.0,1.0,0.0,860,0.03474716062736614,"[""ECFP_145""]"
final,654,1,ECFP_1450,ECFP_1450,ECFP_1450,algorithmic_medoid,True,True,1,0.0,1.0,1.0,1.0,0.0,860,0.021604921579232023,"[""ECFP_1450""]"
final,655,1,ECFP_1451,ECFP_1451,ECFP_1451,algorithmic_medoid,True,True,1,0.0,1.0,1.0,1.0,0.0,860,0.01937669010275825,"[""ECFP_1451""]"
final,656,1,ECFP_1452,ECFP_1452,ECFP_1452,algorithmic_medoid,True,True,1,0.0,1.0,1.0,1.0,0.0,860,0.1299296917252569,"[""ECFP_1452""]"
final,657,1,ECFP_1453,ECFP_1453,ECFP_1453,algorithmic_medoid,True,True,1,0.0,1.0,1.0,1.0,0.0,860,0.05680908599242833,"[""ECFP_1453""]"
final,658,1,ECFP_1454,ECFP_1454,ECFP_1454,algorithmic_medoid,True,True,1,0.0,1.0,1.0,1.0,0.0,860,0.024926987560843702,"[""ECFP_1454""]"
final,659,1,ECFP_1455,ECFP_1455,ECFP_1455,algorithmic_medoid,True,True,1,0.0,1.0,1.0,1.0,0.0,860,0.024926987560843706,"[""ECFP_1455""]"
final,660,1,ECFP_1456,ECFP_1456,ECFP_1456,algorithmic_medoid,True,True,1,0.0,1.0,1.0,1.0,0.0,860,0.016014061654948616,"[""ECFP_1456""]"
final,661,1,ECFP_1457,ECFP_1457,ECFP_1457,algorithmic_medoid,True,True,1,0.0,1.0,1.0,1.0,0.0,860,0.10806381828015144,"[""ECFP_1457""]"
final,662,1,ECFP_1458,ECFP_1458,ECFP_1458,algorithmic_medoid,True,True,1,0.0,1.0,1.0,1.0,0.0,860,0.010355597620335315,"[""ECFP_1458""]"
final,663,1,ECFP_1459,ECFP_1459,ECFP_1459,algorithmic_medoid,True,True,1,0.0,1.0,1.0,1.0,0.0,860,0.048545159545700364,"[""ECFP_1459""]"
final,664,1,ECFP_146,ECFP_146,ECFP_146,algorithmic_medoid,True,True,1,0.0,1.0,1.0,1.0,0.0,860,0.012627095727420228,"[""ECFP_146""]"
final,665,1,ECFP_1460,ECFP_1460,ECFP_1460,algorithmic_medoid,True,True,1,0.0,1.0,1.0,1.0,0.0,860,0.033666846944294226,"[""ECFP_1460""]"
final,666,1,ECFP_1461,ECFP_1461,ECFP_1461,algorithmic_medoid,True,True,1,0.0,1.0,1.0,1.0,0.0,860,0.00807328285559762,"[""ECFP_1461""]"
final,667,1,ECFP_1462,ECFP_1462,ECFP_1462,algorithmic_medoid,True,True,1,0.0,1.0,1.0,1.0,0.0,860,0.009215792320173069,"[""ECFP_1462""]"
final,668,1,ECFP_1463,ECFP_1463,ECFP_1463,algorithmic_medoid,True,True,1,0.0,1.0,1.0,1.0,0.0,860,0.034747160627366144,"[""ECFP_1463""]"
final,669,1,ECFP_1464,ECFP_1464,ECFP_1464,algorithmic_medoid,True,True,1,0.0,1.0,1.0,1.0,0.0,860,0.005780151433207137,"[""ECFP_1464""]"
final,670,1,ECFP_1465,ECFP_1465,ECFP_1465,algorithmic_medoid,True,True,1,0.0,1.0,1.0,1.0,0.0,860,0.014887777176852357,"[""ECFP_1465""]"
final,671,1,ECFP_1466,ECFP_1466,ECFP_1466,algorithmic_medoid,True,True,1,0.0,1.0,1.0,1.0,0.0,860,0.0034762033531638738,"[""ECFP_1466""]"
final,672,1,ECFP_1468,ECFP_1468,ECFP_1468,algorithmic_medoid,True,True,1,0.0,1.0,1.0,1.0,0.0,860,0.012627095727420226,"[""ECFP_1468""]"
final,673,1,ECFP_1469,ECFP_1469,ECFP_1469,algorithmic_medoid,True,True,1,0.0,1.0,1.0,1.0,0.0,860,0.029318550567874534,"[""ECFP_1469""]"
final,674,1,ECFP_147,ECFP_147,ECFP_147,algorithmic_medoid,True,True,1,0.0,1.0,1.0,1.0,0.0,860,0.073795294753921,"[""ECFP_147""]"
final,675,1,ECFP_1470,ECFP_1470,ECFP_1470,algorithmic_medoid,True,True,1,0.0,1.0,1.0,1.0,0.0,860,0.016014061654948616,"[""ECFP_1470""]"
final,676,1,ECFP_1471,ECFP_1471,ECFP_1471,algorithmic_medoid,True,True,1,0.0,1.0,1.0,1.0,0.0,860,0.05166441319632234,"[""ECFP_1471""]"
final,677,1,ECFP_1472,ECFP_1472,ECFP_1472,algorithmic_medoid,True,True,1,0.0,1.0,1.0,1.0,0.0,860,0.0046295294753921044,"[""ECFP_1472""]"
final,678,1,ECFP_1473,ECFP_1473,ECFP_1473,algorithmic_medoid,True,True,1,0.0,1.0,1.0,1.0,0.0,860,0.0046295294753921044,"[""ECFP_1473""]"
final,679,1,ECFP_1474,ECFP_1474,ECFP_1474,algorithmic_medoid,True,True,1,0.0,1.0,1.0,1.0,0.0,860,0.002320173066522443,"[""ECFP_1474""]"
final,680,1,ECFP_1475,ECFP_1475,ECFP_1475,algorithmic_medoid,True,True,1,0.0,1.0,1.0,1.0,0.0,860,0.03689967550027042,"[""ECFP_1475""]"
final,681,1,ECFP_1476,ECFP_1476,ECFP_1476,algorithmic_medoid,True,True,1,0.0,1.0,1.0,1.0,0.0,860,0.09369929691725257,"[""ECFP_1476""]"
final,682,1,ECFP_1477,ECFP_1477,ECFP_1477,algorithmic_medoid,True,True,1,0.0,1.0,1.0,1.0,0.0,860,0.033666846944294226,"[""ECFP_1477""]"
final,683,1,ECFP_1478,ECFP_1478,ECFP_1478,algorithmic_medoid,True,True,1,0.0,1.0,1.0,1.0,0.0,860,0.0046295294753921044,"[""ECFP_1478""]"
final,684,1,ECFP_1479,ECFP_1479,ECFP_1479,algorithmic_medoid,True,True,1,0.0,1.0,1.0,1.0,0.0,860,0.006928069226608975,"[""ECFP_1479""]"
final,685,1,ECFP_148,ECFP_148,ECFP_148,algorithmic_medoid,True,True,1,0.0,1.0,1.0,1.0,0.0,860,0.009215792320173069,"[""ECFP_148""]"
final,686,1,ECFP_1480,ECFP_1480,ECFP_1480,algorithmic_medoid,True,True,1,0.0,1.0,1.0,1.0,0.0,860,0.15433207138994048,"[""ECFP_1480""]"
final,687,1,ECFP_1481,ECFP_1481,ECFP_1481,algorithmic_medoid,True,True,1,0.0,1.0,1.0,1.0,0.0,860,0.016014061654948616,"[""ECFP_1481""]"
final,688,1,ECFP_1482,ECFP_1482,ECFP_1482,algorithmic_medoid,True,True,1,0.0,1.0,1.0,1.0,0.0,860,0.07864250946457542,"[""ECFP_1482""]"
final,689,1,ECFP_1484,ECFP_1484,ECFP_1484,algorithmic_medoid,True,True,1,0.0,1.0,1.0,1.0,0.0,860,0.006928069226608975,"[""ECFP_1484""]"
final,690,1,ECFP_1485,ECFP_1485,ECFP_1485,algorithmic_medoid,True,True,1,0.0,1.0,1.0,1.0,0.0,860,0.013758788534342887,"[""ECFP_1485""]"
final,691,1,ECFP_1486,ECFP_1486,ECFP_1486,algorithmic_medoid,True,True,1,0.0,1.0,1.0,1.0,0.0,860,0.002320173066522444,"[""ECFP_1486""]"
final,692,1,ECFP_1487,ECFP_1487,ECFP_1487,algorithmic_medoid,True,True,1,0.0,1.0,1.0,1.0,0.0,860,0.15576527852893457,"[""ECFP_1487""]"
final,693,1,ECFP_1488,ECFP_1488,ECFP_1488,algorithmic_medoid,True,True,1,0.0,1.0,1.0,1.0,0.0,860,0.028224716062736608,"[""ECFP_1488""]"
final,694,1,ECFP_1489,ECFP_1489,ECFP_1489,algorithmic_medoid,True,True,1,0.0,1.0,1.0,1.0,0.0,860,0.014887777176852357,"[""ECFP_1489""]"
final,695,1,ECFP_149,ECFP_149,ECFP_149,algorithmic_medoid,True,True,1,0.0,1.0,1.0,1.0,0.0,860,0.006928069226608977,"[""ECFP_149""]"
final,696,1,ECFP_1490,ECFP_1490,ECFP_1490,algorithmic_medoid,True,True,1,0.0,1.0,1.0,1.0,0.0,860,0.010355597620335315,"[""ECFP_1490""]"
final,697,1,ECFP_1491,ECFP_1491,ECFP_1491,algorithmic_medoid,True,True,1,0.0,1.0,1.0,1.0,0.0,860,0.014887777176852357,"[""ECFP_1491""]"
final,698,1,ECFP_1492,ECFP_1492,ECFP_1492,algorithmic_medoid,True,True,1,0.0,1.0,1.0,1.0,0.0,860,0.01825851811790158,"[""ECFP_1492""]"
final,699,1,ECFP_1493,ECFP_1493,ECFP_1493,algorithmic_medoid,True,True,1,0.0,1.0,1.0,1.0,0.0,860,0.0023201730665224434,"[""ECFP_1493""]"
final,700,1,ECFP_1494,ECFP_1494,ECFP_1494,algorithmic_medoid,True,True,1,0.0,1.0,1.0,1.0,0.0,860,0.001161438615467821,"[""ECFP_1494""]"
final,701,1,ECFP_1495,ECFP_1495,ECFP_1495,algorithmic_medoid,True,True,1,0.0,1.0,1.0,1.0,0.0,860,0.009215792320173069,"[""ECFP_1495""]"
final,702,1,ECFP_1496,ECFP_1496,ECFP_1496,algorithmic_medoid,True,True,1,0.0,1.0,1.0,1.0,0.0,860,0.020492157923201734,"[""ECFP_1496""]"
final,703,1,ECFP_1497,ECFP_1497,ECFP_1497,algorithmic_medoid,True,True,1,0.0,1.0,1.0,1.0,0.0,860,0.0046295294753921044,"[""ECFP_1497""]"
final,704,1,ECFP_1498,ECFP_1498,ECFP_1498,algorithmic_medoid,True,True,1,0.0,1.0,1.0,1.0,0.0,860,0.014887777176852357,"[""ECFP_1498""]"
final,705,1,ECFP_1499,ECFP_1499,ECFP_1499,algorithmic_medoid,True,True,1,0.0,1.0,1.0,1.0,0.0,860,0.012627095727420228,"[""ECFP_1499""]"
final,706,1,ECFP_15,ECFP_15,ECFP_15,algorithmic_medoid,True,True,1,0.0,1.0,1.0,1.0,0.0,860,0.01149269875608437,"[""ECFP_15""]"
final,707,1,ECFP_1500,ECFP_1500,ECFP_1500,algorithmic_medoid,True,True,1,0.0,1.0,1.0,1.0,0.0,860,0.009215792320173069,"[""ECFP_1500""]"
final,708,1,ECFP_1501,ECFP_1501,ECFP_1501,algorithmic_medoid,True,True,1,0.0,1.0,1.0,1.0,0.0,860,0.00921579232017307,"[""ECFP_1501""]"
final,709,1,ECFP_1502,ECFP_1502,ECFP_1502,algorithmic_medoid,True,True,1,0.0,1.0,1.0,1.0,0.0,860,0.010355597620335317,"[""ECFP_1502""]"
final,710,1,ECFP_1503,ECFP_1503,ECFP_1503,algorithmic_medoid,True,True,1,0.0,1.0,1.0,1.0,0.0,860,0.006928069226608977,"[""ECFP_1503""]"
final,711,1,ECFP_1504,ECFP_1504,ECFP_1504,algorithmic_medoid,True,True,1,0.0,1.0,1.0,1.0,0.0,860,0.010355597620335315,"[""ECFP_1504""]"
final,712,1,ECFP_1505,ECFP_1505,ECFP_1505,algorithmic_medoid,True,True,1,0.0,1.0,1.0,1.0,0.0,860,0.009215792320173069,"[""ECFP_1505""]"
final,713,1,ECFP_1506,ECFP_1506,ECFP_1506,algorithmic_medoid,True,True,1,0.0,1.0,1.0,1.0,0.0,860,0.01937669010275825,"[""ECFP_1506""]"
final,714,1,ECFP_1507,ECFP_1507,ECFP_1507,algorithmic_medoid,True,True,1,0.0,1.0,1.0,1.0,0.0,860,0.018258518117901575,"[""ECFP_1507""]"
final,715,2,ECFP_722,ECFP_722,ECFP_722,algorithmic_medoid,True,True,1,0.17980450554915506,0.8201954944508449,0.8201954944508449,0.8201954944508449,0.0,860,0.061886154678204464,"[""ECFP_1509"", ""ECFP_722""]"
final,715,2,ECFP_1509,ECFP_722,ECFP_722,algorithmic_medoid,False,False,2,0.17980450554915506,0.8201954944508449,0.8201954944508449,0.8201954944508449,0.0,860,0.05166441319632236,"[""ECFP_1509"", ""ECFP_722""]"
final,716,1,ECFP_151,ECFP_151,ECFP_151,algorithmic_medoid,True,True,1,0.0,1.0,1.0,1.0,0.0,860,0.01149269875608437,"[""ECFP_151""]"
final,717,1,ECFP_1510,ECFP_1510,ECFP_1510,algorithmic_medoid,True,True,1,0.0,1.0,1.0,1.0,0.0,860,0.009215792320173069,"[""ECFP_1510""]"
final,718,1,ECFP_1511,ECFP_1511,ECFP_1511,algorithmic_medoid,True,True,1,0.0,1.0,1.0,1.0,0.0,860,0.018258518117901575,"[""ECFP_1511""]"
final,719,1,ECFP_1512,ECFP_1512,ECFP_1512,algorithmic_medoid,True,True,1,0.0,1.0,1.0,1.0,0.0,860,0.01937669010275825,"[""ECFP_1512""]"
final,720,1,ECFP_1513,ECFP_1513,ECFP_1513,algorithmic_medoid,True,True,1,0.0,1.0,1.0,1.0,0.0,860,0.027128177393185505,"[""ECFP_1513""]"
final,721,1,ECFP_1514,ECFP_1514,ECFP_1514,algorithmic_medoid,True,True,1,0.0,1.0,1.0,1.0,0.0,860,0.016014061654948616,"[""ECFP_1514""]"
final,722,1,ECFP_1515,ECFP_1515,ECFP_1515,algorithmic_medoid,True,True,1,0.0,1.0,1.0,1.0,0.0,860,0.009215792320173069,"[""ECFP_1515""]"
final,723,1,ECFP_1516,ECFP_1516,ECFP_1516,algorithmic_medoid,True,True,1,0.0,1.0,1.0,1.0,0.0,860,0.10542320173066523,"[""ECFP_1516""]"
final,724,1,ECFP_1517,ECFP_1517,ECFP_1517,algorithmic_medoid,True,True,1,0.0,1.0,1.0,1.0,0.0,860,0.026028934559221204,"[""ECFP_1517""]"
final,725,1,ECFP_1518,ECFP_1518,ECFP_1518,algorithmic_medoid,True,True,1,0.0,1.0,1.0,1.0,0.0,860,0.0046295294753921044,"[""ECFP_1518""]"
final,726,1,ECFP_1519,ECFP_1519,ECFP_1519,algorithmic_medoid,True,True,1,0.0,1.0,1.0,1.0,0.0,860,0.0034762033531638733,"[""ECFP_1519""]"
final,727,1,ECFP_152,ECFP_152,ECFP_152,algorithmic_medoid,True,True,1,0.0,1.0,1.0,1.0,0.0,860,0.014887777176852359,"[""ECFP_152""]"
final,728,1,ECFP_1520,ECFP_1520,ECFP_1520,algorithmic_medoid,True,True,1,0.0,1.0,1.0,1.0,0.0,860,0.006928069226608975,"[""ECFP_1520""]"
final,729,1,ECFP_1521,ECFP_1521,ECFP_1521,algorithmic_medoid,True,True,1,0.0,1.0,1.0,1.0,0.0,860,0.002320173066522443,"[""ECFP_1521""]"
final,730,1,ECFP_1522,ECFP_1522,ECFP_1522,algorithmic_medoid,True,True,1,0.0,1.0,1.0,1.0,0.0,860,0.04117225527312061,"[""ECFP_1522""]"
final,731,1,ECFP_1523,ECFP_1523,ECFP_1523,algorithmic_medoid,True,True,1,0.0,1.0,1.0,1.0,0.0,860,0.0023201730665224425,"[""ECFP_1523""]"
final,732,1,ECFP_1524,ECFP_1524,ECFP_1524,algorithmic_medoid,True,True,1,0.0,1.0,1.0,1.0,0.0,860,0.01937669010275825,"[""ECFP_1524""]"
final,733,1,ECFP_1525,ECFP_1525,ECFP_1525,algorithmic_medoid,True,True,1,0.0,1.0,1.0,1.0,0.0,860,0.006928069226608975,"[""ECFP_1525""]"
final,734,1,ECFP_1526,ECFP_1526,ECFP_1526,algorithmic_medoid,True,True,1,0.0,1.0,1.0,1.0,0.0,860,0.00921579232017307,"[""ECFP_1526""]"
final,735,1,ECFP_1527,ECFP_1527,ECFP_1527,algorithmic_medoid,True,True,1,0.0,1.0,1.0,1.0,0.0,860,0.008073282855597618,"[""ECFP_1527""]"
final,736,1,ECFP_1528,ECFP_1528,ECFP_1528,algorithmic_medoid,True,True,1,0.0,1.0,1.0,1.0,0.0,860,0.0011614386154678211,"[""ECFP_1528""]"
final,737,1,ECFP_1529,ECFP_1529,ECFP_1529,algorithmic_medoid,True,True,1,0.0,1.0,1.0,1.0,0.0,860,0.002320173066522443,"[""ECFP_1529""]"
final,738,1,ECFP_153,ECFP_153,ECFP_153,algorithmic_medoid,True,True,1,0.0,1.0,1.0,1.0,0.0,860,0.006928069226608977,"[""ECFP_153""]"
final,739,1,ECFP_1530,ECFP_1530,ECFP_1530,algorithmic_medoid,True,True,1,0.0,1.0,1.0,1.0,0.0,860,0.020492157923201734,"[""ECFP_1530""]"
final,740,1,ECFP_1531,ECFP_1531,ECFP_1531,algorithmic_medoid,True,True,1,0.0,1.0,1.0,1.0,0.0,860,0.014887777176852359,"[""ECFP_1531""]"
final,741,1,ECFP_1532,ECFP_1532,ECFP_1532,algorithmic_medoid,True,True,1,0.0,1.0,1.0,1.0,0.0,860,0.012627095727420224,"[""ECFP_1532""]"
final,742,1,ECFP_1533,ECFP_1533,ECFP_1533,algorithmic_medoid,True,True,1,0.0,1.0,1.0,1.0,0.0,860,0.0023201730665224434,"[""ECFP_1533""]"
final,743,1,ECFP_1534,ECFP_1534,ECFP_1534,algorithmic_medoid,True,True,1,0.0,1.0,1.0,1.0,0.0,860,0.008073282855597618,"[""ECFP_1534""]"
final,744,1,ECFP_1535,ECFP_1535,ECFP_1535,algorithmic_medoid,True,True,1,0.0,1.0,1.0,1.0,0.0,860,0.05680908599242833,"[""ECFP_1535""]"
final,745,1,ECFP_1536,ECFP_1536,ECFP_1536,algorithmic_medoid,True,True,1,0.0,1.0,1.0,1.0,0.0,860,0.06489994591671172,"[""ECFP_1536""]"
final,746,1,ECFP_1537,ECFP_1537,ECFP_1537,algorithmic_medoid,True,True,1,0.0,1.0,1.0,1.0,0.0,860,0.003476203353163874,"[""ECFP_1537""]"
final,747,1,ECFP_1538,ECFP_1538,ECFP_1538,algorithmic_medoid,True,True,1,0.0,1.0,1.0,1.0,0.0,860,0.006928069226608977,"[""ECFP_1538""]"
final,748,1,ECFP_1539,ECFP_1539,ECFP_1539,algorithmic_medoid,True,True,1,0.0,1.0,1.0,1.0,0.0,860,0.018258518117901575,"[""ECFP_1539""]"
final,749,1,ECFP_154,ECFP_154,ECFP_154,algorithmic_medoid,True,True,1,0.0,1.0,1.0,1.0,0.0,860,0.0011614386154678205,"[""ECFP_154""]"
final,750,1,ECFP_1540,ECFP_1540,ECFP_1540,algorithmic_medoid,True,True,1,0.0,1.0,1.0,1.0,0.0,860,0.00807328285559762,"[""ECFP_1540""]"
final,751,1,ECFP_1541,ECFP_1541,ECFP_1541,algorithmic_medoid,True,True,1,0.0,1.0,1.0,1.0,0.0,860,0.0034762033531638738,"[""ECFP_1541""]"
final,752,1,ECFP_1542,ECFP_1542,ECFP_1542,algorithmic_medoid,True,True,1,0.0,1.0,1.0,1.0,0.0,860,0.012627095727420224,"[""ECFP_1542""]"
final,753,1,ECFP_1543,ECFP_1543,ECFP_1543,algorithmic_medoid,True,True,1,0.0,1.0,1.0,1.0,0.0,860,0.016014061654948616,"[""ECFP_1543""]"
final,754,1,ECFP_1544,ECFP_1544,ECFP_1544,algorithmic_medoid,True,True,1,0.0,1.0,1.0,1.0,0.0,860,0.03582477014602487,"[""ECFP_1544""]"
final,755,1,ECFP_1545,ECFP_1545,ECFP_1545,algorithmic_medoid,True,True,1,0.0,1.0,1.0,1.0,0.0,860,0.002320173066522443,"[""ECFP_1545""]"
final,756,1,ECFP_1546,ECFP_1546,ECFP_1546,algorithmic_medoid,True,True,1,0.0,1.0,1.0,1.0,0.0,860,0.014887777176852359,"[""ECFP_1546""]"
final,757,1,ECFP_1547,ECFP_1547,ECFP_1547,algorithmic_medoid,True,True,1,0.0,1.0,1.0,1.0,0.0,860,0.04223363980530016,"[""ECFP_1547""]"
final,758,1,ECFP_1548,ECFP_1548,ECFP_1548,algorithmic_medoid,True,True,1,0.0,1.0,1.0,1.0,0.0,860,0.001161438615467821,"[""ECFP_1548""]"
final,759,1,ECFP_1549,ECFP_1549,ECFP_1549,algorithmic_medoid,True,True,1,0.0,1.0,1.0,1.0,0.0,860,0.00807328285559762,"[""ECFP_1549""]"
final,760,1,ECFP_155,ECFP_155,ECFP_155,algorithmic_medoid,True,True,1,0.0,1.0,1.0,1.0,0.0,860,0.006928069226608975,"[""ECFP_155""]"
final,761,1,ECFP_1550,ECFP_1550,ECFP_1550,algorithmic_medoid,True,True,1,0.0,1.0,1.0,1.0,0.0,860,0.0046295294753921044,"[""ECFP_1550""]"
final,762,1,ECFP_1551,ECFP_1551,ECFP_1551,algorithmic_medoid,True,True,1,0.0,1.0,1.0,1.0,0.0,860,0.0034762033531638738,"[""ECFP_1551""]"
final,763,1,ECFP_1552,ECFP_1552,ECFP_1552,algorithmic_medoid,True,True,1,0.0,1.0,1.0,1.0,0.0,860,0.009215792320173069,"[""ECFP_1552""]"
final,764,3,ECFP_2019,ECFP_2019,ECFP_2019,algorithmic_medoid,True,True,1,0.08226879417712296,0.917731205822877,0.8724073133879664,0.9630550982577877,0.0,860,0.014887777176852359,"[""ECFP_1553"", ""ECFP_2019"", ""ECFP_594""]"
final,764,3,ECFP_1553,ECFP_2019,ECFP_2019,algorithmic_medoid,False,False,2,0.09854016363807938,0.9014598363619206,0.8398645744660536,0.9630550982577877,0.0,860,0.016014061654948612,"[""ECFP_1553"", ""ECFP_2019"", ""ECFP_594""]"
final,764,3,ECFP_594,ECFP_2019,ECFP_2019,algorithmic_medoid,False,False,3,0.14386405607299002,0.85613594392701,0.8398645744660536,0.8724073133879664,0.0,860,0.01937669010275825,"[""ECFP_1553"", ""ECFP_2019"", ""ECFP_594""]"
final,765,1,ECFP_1554,ECFP_1554,ECFP_1554,algorithmic_medoid,True,True,1,0.0,1.0,1.0,1.0,0.0,860,0.01149269875608437,"[""ECFP_1554""]"
final,766,1,ECFP_1555,ECFP_1555,ECFP_1555,algorithmic_medoid,True,True,1,0.0,1.0,1.0,1.0,0.0,860,0.0046295294753921044,"[""ECFP_1555""]"
final,767,1,ECFP_1556,ECFP_1556,ECFP_1556,algorithmic_medoid,True,True,1,0.0,1.0,1.0,1.0,0.0,860,0.009215792320173069,"[""ECFP_1556""]"
final,768,1,ECFP_1557,ECFP_1557,ECFP_1557,algorithmic_medoid,True,True,1,0.0,1.0,1.0,1.0,0.0,860,0.009215792320173069,"[""ECFP_1557""]"
final,769,1,ECFP_1558,ECFP_1558,ECFP_1558,algorithmic_medoid,True,True,1,0.0,1.0,1.0,1.0,0.0,860,0.00807328285559762,"[""ECFP_1558""]"
final,770,1,ECFP_1559,ECFP_1559,ECFP_1559,algorithmic_medoid,True,True,1,0.0,1.0,1.0,1.0,0.0,860,0.0034762033531638733,"[""ECFP_1559""]"
final,771,1,ECFP_156,ECFP_156,ECFP_156,algorithmic_medoid,True,True,1,0.0,1.0,1.0,1.0,0.0,860,0.002320173066522443,"[""ECFP_156""]"
final,772,1,ECFP_1560,ECFP_1560,ECFP_1560,algorithmic_medoid,True,True,1,0.0,1.0,1.0,1.0,0.0,860,0.0011614386154678205,"[""ECFP_1560""]"
final,773,1,ECFP_1561,ECFP_1561,ECFP_1561,algorithmic_medoid,True,True,1,0.0,1.0,1.0,1.0,0.0,860,0.005780151433207137,"[""ECFP_1561""]"
final,774,1,ECFP_1562,ECFP_1562,ECFP_1562,algorithmic_medoid,True,True,1,0.0,1.0,1.0,1.0,0.0,860,0.0046295294753921044,"[""ECFP_1562""]"
final,775,1,ECFP_1563,ECFP_1563,ECFP_1563,algorithmic_medoid,True,True,1,0.0,1.0,1.0,1.0,0.0,860,0.0034762033531638733,"[""ECFP_1563""]"
final,776,1,ECFP_1564,ECFP_1564,ECFP_1564,algorithmic_medoid,True,True,1,0.0,1.0,1.0,1.0,0.0,860,0.08625743645213631,"[""ECFP_1564""]"
final,777,1,ECFP_1565,ECFP_1565,ECFP_1565,algorithmic_medoid,True,True,1,0.0,1.0,1.0,1.0,0.0,860,0.006928069226608977,"[""ECFP_1565""]"
final,778,1,ECFP_1566,ECFP_1566,ECFP_1566,algorithmic_medoid,True,True,1,0.0,1.0,1.0,1.0,0.0,860,0.004629529475392104,"[""ECFP_1566""]"
final,779,3,SaaS,SaaS,SaaS,algorithmic_medoid,True,True,1,0.08498625871845,0.91501374128155,0.8307053071931859,0.9993221753699141,0.0,860,0.1527004610615902,"[""ECFP_1567"", ""NaaS"", ""SaaS""]"
final,779,3,NaaS,SaaS,SaaS,algorithmic_medoid,False,False,2,0.08560780060170337,0.9143921993982966,0.8294622234266791,0.9993221753699141,0.0,860,0.0910492157923202,"[""ECFP_1567"", ""NaaS"", ""SaaS""]"
final,779,3,ECFP_1567,SaaS,SaaS,algorithmic_medoid,False,False,3,0.16991623469006756,0.8300837653099324,0.8294622234266791,0.8307053071931859,0.0,860,0.05680908599242833,"[""ECFP_1567"", ""NaaS"", ""SaaS""]"
final,780,1,ECFP_1568,ECFP_1568,ECFP_1568,algorithmic_medoid,True,True,1,0.0,1.0,1.0,1.0,0.0,860,0.0034762033531638733,"[""ECFP_1568""]"
final,781,1,ECFP_1569,ECFP_1569,ECFP_1569,algorithmic_medoid,True,True,1,0.0,1.0,1.0,1.0,0.0,860,0.024926987560843702,"[""ECFP_1569""]"
final,782,1,ECFP_157,ECFP_157,ECFP_157,algorithmic_medoid,True,True,1,0.0,1.0,1.0,1.0,0.0,860,0.014887777176852354,"[""ECFP_157""]"
final,783,1,ECFP_1570,ECFP_1570,ECFP_1570,algorithmic_medoid,True,True,1,0.0,1.0,1.0,1.0,0.0,860,0.005780151433207137,"[""ECFP_1570""]"
final,784,1,ECFP_1571,ECFP_1571,ECFP_1571,algorithmic_medoid,True,True,1,0.0,1.0,1.0,1.0,0.0,860,0.0034762033531638738,"[""ECFP_1571""]"
final,785,1,ECFP_1572,ECFP_1572,ECFP_1572,algorithmic_medoid,True,True,1,0.0,1.0,1.0,1.0,0.0,860,0.013758788534342887,"[""ECFP_1572""]"
final,786,1,ECFP_1573,ECFP_1573,ECFP_1573,algorithmic_medoid,True,True,1,0.0,1.0,1.0,1.0,0.0,860,0.04434829637641968,"[""ECFP_1573""]"
final,787,1,ECFP_1574,ECFP_1574,ECFP_1574,algorithmic_medoid,True,True,1,0.0,1.0,1.0,1.0,0.0,860,0.02160492157923202,"[""ECFP_1574""]"
final,788,1,ECFP_1575,ECFP_1575,ECFP_1575,algorithmic_medoid,True,True,1,0.0,1.0,1.0,1.0,0.0,860,0.04434829637641968,"[""ECFP_1575""]"
final,789,1,ECFP_1576,ECFP_1576,ECFP_1576,algorithmic_medoid,True,True,1,0.0,1.0,1.0,1.0,0.0,860,0.01601406165494862,"[""ECFP_1576""]"
final,790,1,ECFP_1577,ECFP_1577,ECFP_1577,algorithmic_medoid,True,True,1,0.0,1.0,1.0,1.0,0.0,860,0.006928069226608977,"[""ECFP_1577""]"
final,791,1,ECFP_1578,ECFP_1578,ECFP_1578,algorithmic_medoid,True,True,1,0.0,1.0,1.0,1.0,0.0,860,0.0046295294753921044,"[""ECFP_1578""]"
final,792,1,ECFP_1579,ECFP_1579,ECFP_1579,algorithmic_medoid,True,True,1,0.0,1.0,1.0,1.0,0.0,860,0.0011614386154678205,"[""ECFP_1579""]"
final,793,1,ECFP_158,ECFP_158,ECFP_158,algorithmic_medoid,True,True,1,0.0,1.0,1.0,1.0,0.0,860,0.013758788534342887,"[""ECFP_158""]"
final,794,1,ECFP_1580,ECFP_1580,ECFP_1580,algorithmic_medoid,True,True,1,0.0,1.0,1.0,1.0,0.0,860,0.002320173066522443,"[""ECFP_1580""]"
final,795,1,ECFP_1581,ECFP_1581,ECFP_1581,algorithmic_medoid,True,True,1,0.0,1.0,1.0,1.0,0.0,860,0.06087614926987561,"[""ECFP_1581""]"
final,796,1,ECFP_1582,ECFP_1582,ECFP_1582,algorithmic_medoid,True,True,1,0.0,1.0,1.0,1.0,0.0,860,0.05986343969713359,"[""ECFP_1582""]"
final,797,1,ECFP_1583,ECFP_1583,ECFP_1583,algorithmic_medoid,True,True,1,0.0,1.0,1.0,1.0,0.0,860,0.009215792320173069,"[""ECFP_1583""]"
final,798,1,ECFP_1584,ECFP_1584,ECFP_1584,algorithmic_medoid,True,True,1,0.0,1.0,1.0,1.0,0.0,860,0.00807328285559762,"[""ECFP_1584""]"
final,799,3,ECFP_949,ECFP_949,ECFP_949,algorithmic_medoid,True,True,1,0.1383627629856362,0.8616372370143638,0.8501456653938303,0.8731288086348973,0.0,860,0.03149810708491077,"[""ECFP_1585"", ""ECFP_397"", ""ECFP_949""]"
final,799,3,ECFP_397,ECFP_949,ECFP_949,algorithmic_medoid,False,False,2,0.16291520148694705,0.837084798513053,0.8010407883912085,0.8731288086348973,0.0,860,0.03258382909680908,"[""ECFP_1585"", ""ECFP_397"", ""ECFP_949""]"
final,799,3,ECFP_1585,ECFP_949,ECFP_949,algorithmic_medoid,False,False,3,0.17440677310748054,0.8255932268925195,0.8010407883912085,0.8501456653938303,0.0,860,0.03689967550027042,"[""ECFP_1585"", ""ECFP_397"", ""ECFP_949""]"
final,800,1,ECFP_1586,ECFP_1586,ECFP_1586,algorithmic_medoid,True,True,1,0.0,1.0,1.0,1.0,0.0,860,0.01937669010275825,"[""ECFP_1586""]"
final,801,1,ECFP_1587,ECFP_1587,ECFP_1587,algorithmic_medoid,True,True,1,0.0,1.0,1.0,1.0,0.0,860,0.006928069226608975,"[""ECFP_1587""]"
final,802,1,ECFP_1588,ECFP_1588,ECFP_1588,algorithmic_medoid,True,True,1,0.0,1.0,1.0,1.0,0.0,860,0.005780151433207135,"[""ECFP_1588""]"
final,803,1,ECFP_1589,ECFP_1589,ECFP_1589,algorithmic_medoid,True,True,1,0.0,1.0,1.0,1.0,0.0,860,0.01601406165494862,"[""ECFP_1589""]"
final,804,2,ECFP_159,ECFP_159,ECFP_159,algorithmic_medoid,True,True,1,0.18397937165187683,0.8160206283481232,0.8160206283481232,0.8160206283481232,0.0,860,0.0034762033531638738,"[""ECFP_159"", ""ECFP_2037""]"
final,804,2,ECFP_2037,ECFP_159,ECFP_159,algorithmic_medoid,False,False,2,0.18397937165187683,0.8160206283481232,0.8160206283481232,0.8160206283481232,0.0,860,0.0023201730665224425,"[""ECFP_159"", ""ECFP_2037""]"
final,805,1,ECFP_1590,ECFP_1590,ECFP_1590,algorithmic_medoid,True,True,1,0.0,1.0,1.0,1.0,0.0,860,0.006928069226608975,"[""ECFP_1590""]"
final,806,1,ECFP_1591,ECFP_1591,ECFP_1591,algorithmic_medoid,True,True,1,0.0,1.0,1.0,1.0,0.0,860,0.006928069226608975,"[""ECFP_1591""]"
final,807,1,ECFP_1592,ECFP_1592,ECFP_1592,algorithmic_medoid,True,True,1,0.0,1.0,1.0,1.0,0.0,860,0.008073282855597618,"[""ECFP_1592""]"
final,808,1,ECFP_1593,ECFP_1593,ECFP_1593,algorithmic_medoid,True,True,1,0.0,1.0,1.0,1.0,0.0,860,0.012627095727420224,"[""ECFP_1593""]"
final,809,1,ECFP_1594,ECFP_1594,ECFP_1594,algorithmic_medoid,True,True,1,0.0,1.0,1.0,1.0,0.0,860,0.013758788534342887,"[""ECFP_1594""]"
final,810,1,ECFP_1595,ECFP_1595,ECFP_1595,algorithmic_medoid,True,True,1,0.0,1.0,1.0,1.0,0.0,860,0.0046295294753921044,"[""ECFP_1595""]"
final,811,1,ECFP_1597,ECFP_1597,ECFP_1597,algorithmic_medoid,True,True,1,0.0,1.0,1.0,1.0,0.0,860,0.022714981070849107,"[""ECFP_1597""]"
final,812,1,ECFP_1598,ECFP_1598,ECFP_1598,algorithmic_medoid,True,True,1,0.0,1.0,1.0,1.0,0.0,860,0.010355597620335317,"[""ECFP_1598""]"
final,813,1,ECFP_1599,ECFP_1599,ECFP_1599,algorithmic_medoid,True,True,1,0.0,1.0,1.0,1.0,0.0,860,0.026028934559221204,"[""ECFP_1599""]"
final,814,1,ECFP_16,ECFP_16,ECFP_16,algorithmic_medoid,True,True,1,0.0,1.0,1.0,1.0,0.0,860,0.0023201730665224434,"[""ECFP_16""]"
final,815,1,ECFP_160,ECFP_160,ECFP_160,algorithmic_medoid,True,True,1,0.0,1.0,1.0,1.0,0.0,860,0.006928069226608975,"[""ECFP_160""]"
final,816,1,ECFP_1600,ECFP_1600,ECFP_1600,algorithmic_medoid,True,True,1,0.0,1.0,1.0,1.0,0.0,860,0.014887777176852357,"[""ECFP_1600""]"
final,817,1,ECFP_1601,ECFP_1601,ECFP_1601,algorithmic_medoid,True,True,1,0.0,1.0,1.0,1.0,0.0,860,0.020492157923201734,"[""ECFP_1601""]"
final,818,1,ECFP_1602,ECFP_1602,ECFP_1602,algorithmic_medoid,True,True,1,0.0,1.0,1.0,1.0,0.0,860,0.14625608436992968,"[""ECFP_1602""]"
final,819,1,ECFP_1603,ECFP_1603,ECFP_1603,algorithmic_medoid,True,True,1,0.0,1.0,1.0,1.0,0.0,860,0.0411722552731206,"[""ECFP_1603""]"
final,820,1,ECFP_1604,ECFP_1604,ECFP_1604,algorithmic_medoid,True,True,1,0.0,1.0,1.0,1.0,0.0,860,0.021604921579232023,"[""ECFP_1604""]"
final,821,1,ECFP_1605,ECFP_1605,ECFP_1605,algorithmic_medoid,True,True,1,0.0,1.0,1.0,1.0,0.0,860,0.0046295294753921044,"[""ECFP_1605""]"
final,822,1,ECFP_1606,ECFP_1606,ECFP_1606,algorithmic_medoid,True,True,1,0.0,1.0,1.0,1.0,0.0,860,0.00807328285559762,"[""ECFP_1606""]"
final,823,1,ECFP_1607,ECFP_1607,ECFP_1607,algorithmic_medoid,True,True,1,0.0,1.0,1.0,1.0,0.0,860,0.09644537587885343,"[""ECFP_1607""]"
final,824,1,ECFP_1608,ECFP_1608,ECFP_1608,algorithmic_medoid,True,True,1,0.0,1.0,1.0,1.0,0.0,860,0.002320173066522443,"[""ECFP_1608""]"
final,825,1,ECFP_1609,ECFP_1609,ECFP_1609,algorithmic_medoid,True,True,1,0.0,1.0,1.0,1.0,0.0,860,0.03904137371552191,"[""ECFP_1609""]"
final,826,1,ECFP_161,ECFP_161,ECFP_161,algorithmic_medoid,True,True,1,0.0,1.0,1.0,1.0,0.0,860,0.001161438615467821,"[""ECFP_161""]"
final,827,1,ECFP_1610,ECFP_1610,ECFP_1610,algorithmic_medoid,True,True,1,0.0,1.0,1.0,1.0,0.0,860,0.016014061654948616,"[""ECFP_1610""]"
final,828,1,ECFP_1611,ECFP_1611,ECFP_1611,algorithmic_medoid,True,True,1,0.0,1.0,1.0,1.0,0.0,860,0.006928069226608975,"[""ECFP_1611""]"
final,829,1,ECFP_1612,ECFP_1612,ECFP_1612,algorithmic_medoid,True,True,1,0.0,1.0,1.0,1.0,0.0,860,0.016014061654948616,"[""ECFP_1612""]"
final,830,1,ECFP_1613,ECFP_1613,ECFP_1613,algorithmic_medoid,True,True,1,0.0,1.0,1.0,1.0,0.0,860,0.013758788534342887,"[""ECFP_1613""]"
final,831,1,ECFP_1614,ECFP_1614,ECFP_1614,algorithmic_medoid,True,True,1,0.0,1.0,1.0,1.0,0.0,860,0.03258382909680908,"[""ECFP_1614""]"
final,832,1,ECFP_1615,ECFP_1615,ECFP_1615,algorithmic_medoid,True,True,1,0.0,1.0,1.0,1.0,0.0,860,0.013758788534342889,"[""ECFP_1615""]"
final,833,1,ECFP_1616,ECFP_1616,ECFP_1616,algorithmic_medoid,True,True,1,0.0,1.0,1.0,1.0,0.0,860,0.010355597620335314,"[""ECFP_1616""]"
final,834,1,ECFP_1617,ECFP_1617,ECFP_1617,algorithmic_medoid,True,True,1,0.0,1.0,1.0,1.0,0.0,860,0.03474716062736614,"[""ECFP_1617""]"
final,835,1,ECFP_1618,ECFP_1618,ECFP_1618,algorithmic_medoid,True,True,1,0.0,1.0,1.0,1.0,0.0,860,0.033666846944294226,"[""ECFP_1618""]"
final,836,1,ECFP_1619,ECFP_1619,ECFP_1619,algorithmic_medoid,True,True,1,0.0,1.0,1.0,1.0,0.0,860,0.0034762033531638733,"[""ECFP_1619""]"
final,837,1,ECFP_162,ECFP_162,ECFP_162,algorithmic_medoid,True,True,1,0.0,1.0,1.0,1.0,0.0,860,0.018258518117901575,"[""ECFP_162""]"
final,838,1,ECFP_1620,ECFP_1620,ECFP_1620,algorithmic_medoid,True,True,1,0.0,1.0,1.0,1.0,0.0,860,0.008073282855597618,"[""ECFP_1620""]"
final,839,1,ECFP_1621,ECFP_1621,ECFP_1621,algorithmic_medoid,True,True,1,0.0,1.0,1.0,1.0,0.0,860,0.004629529475392105,"[""ECFP_1621""]"
final,840,1,ECFP_1622,ECFP_1622,ECFP_1622,algorithmic_medoid,True,True,1,0.0,1.0,1.0,1.0,0.0,860,0.0046295294753921044,"[""ECFP_1622""]"
final,841,1,ECFP_1623,ECFP_1623,ECFP_1623,algorithmic_medoid,True,True,1,0.0,1.0,1.0,1.0,0.0,860,0.013758788534342887,"[""ECFP_1623""]"
final,842,1,ECFP_1624,ECFP_1624,ECFP_1624,algorithmic_medoid,True,True,1,0.0,1.0,1.0,1.0,0.0,860,0.023822336398052996,"[""ECFP_1624""]"
final,843,3,ECFP_1625,ECFP_1625,ECFP_1625,algorithmic_medoid,True,True,1,0.0,1.0,1.0,1.0,0.0,860,0.0011614386154678207,"[""ECFP_1625"", ""ECFP_234"", ""ECFP_433""]"
final,843,3,ECFP_234,ECFP_1625,ECFP_1625,algorithmic_medoid,False,False,2,0.0,1.0,1.0,1.0,0.0,860,0.0011614386154678207,"[""ECFP_1625"", ""ECFP_234"", ""ECFP_433""]"
final,843,3,ECFP_433,ECFP_1625,ECFP_1625,algorithmic_medoid,False,False,3,0.0,1.0,1.0,1.0,0.0,860,0.0011614386154678207,"[""ECFP_1625"", ""ECFP_234"", ""ECFP_433""]"
final,844,1,ECFP_1626,ECFP_1626,ECFP_1626,algorithmic_medoid,True,True,1,0.0,1.0,1.0,1.0,0.0,860,0.013758788534342887,"[""ECFP_1626""]"
final,845,1,ECFP_1627,ECFP_1627,ECFP_1627,algorithmic_medoid,True,True,1,0.0,1.0,1.0,1.0,0.0,860,0.022714981070849107,"[""ECFP_1627""]"
final,846,2,ECFP_1628,ECFP_1628,ECFP_1628,algorithmic_medoid,True,True,1,0.0882036691126642,0.9117963308873358,0.9117963308873358,0.9117963308873358,0.0,860,0.013758788534342887,"[""ECFP_1628"", ""ECFP_1789""]"
final,846,2,ECFP_1789,ECFP_1628,ECFP_1628,algorithmic_medoid,False,False,2,0.0882036691126642,0.9117963308873358,0.9117963308873358,0.9117963308873358,0.0,860,0.01149269875608437,"[""ECFP_1628"", ""ECFP_1789""]"
final,847,1,ECFP_1629,ECFP_1629,ECFP_1629,algorithmic_medoid,True,True,1,0.0,1.0,1.0,1.0,0.0,860,0.03904137371552191,"[""ECFP_1629""]"
final,848,1,ECFP_163,ECFP_163,ECFP_163,algorithmic_medoid,True,True,1,0.0,1.0,1.0,1.0,0.0,860,0.003476203353163873,"[""ECFP_163""]"
final,849,2,ECFP_1630,ECFP_1630,ECFP_1630,algorithmic_medoid,True,True,1,0.14727039986947865,0.8527296001305213,0.8527296001305213,0.8527296001305213,0.0,860,0.05269875608436991,"[""ECFP_1630"", ""ECFP_2029""]"
final,849,2,ECFP_2029,ECFP_1630,ECFP_1630,algorithmic_medoid,False,False,2,0.14727039986947865,0.8527296001305213,0.8527296001305213,0.8527296001305213,0.0,860,0.049587614926987565,"[""ECFP_1630"", ""ECFP_2029""]"
final,850,1,ECFP_1631,ECFP_1631,ECFP_1631,algorithmic_medoid,True,True,1,0.0,1.0,1.0,1.0,0.0,860,0.018258518117901575,"[""ECFP_1631""]"
final,851,1,ECFP_1632,ECFP_1632,ECFP_1632,algorithmic_medoid,True,True,1,0.0,1.0,1.0,1.0,0.0,860,0.003476203353163874,"[""ECFP_1632""]"
final,852,1,ECFP_1633,ECFP_1633,ECFP_1633,algorithmic_medoid,True,True,1,0.0,1.0,1.0,1.0,0.0,860,0.005780151433207137,"[""ECFP_1633""]"
final,853,1,ECFP_1634,ECFP_1634,ECFP_1634,algorithmic_medoid,True,True,1,0.0,1.0,1.0,1.0,0.0,860,0.022714981070849107,"[""ECFP_1634""]"
final,854,1,ECFP_1635,ECFP_1635,ECFP_1635,algorithmic_medoid,True,True,1,0.0,1.0,1.0,1.0,0.0,860,0.053730394808004324,"[""ECFP_1635""]"
final,855,1,ECFP_1636,ECFP_1636,ECFP_1636,algorithmic_medoid,True,True,1,0.0,1.0,1.0,1.0,0.0,860,0.006928069226608975,"[""ECFP_1636""]"
final,856,1,ECFP_1637,ECFP_1637,ECFP_1637,algorithmic_medoid,True,True,1,0.0,1.0,1.0,1.0,0.0,860,0.003476203353163874,"[""ECFP_1637""]"
final,857,1,ECFP_1638,ECFP_1638,ECFP_1638,algorithmic_medoid,True,True,1,0.0,1.0,1.0,1.0,0.0,860,0.013758788534342887,"[""ECFP_1638""]"
final,858,1,ECFP_164,ECFP_164,ECFP_164,algorithmic_medoid,True,True,1,0.0,1.0,1.0,1.0,0.0,860,0.02271498107084911,"[""ECFP_164""]"
final,859,1,ECFP_1640,ECFP_1640,ECFP_1640,algorithmic_medoid,True,True,1,0.0,1.0,1.0,1.0,0.0,860,0.0046295294753921044,"[""ECFP_1640""]"
final,860,1,ECFP_1641,ECFP_1641,ECFP_1641,algorithmic_medoid,True,True,1,0.0,1.0,1.0,1.0,0.0,860,0.004629529475392105,"[""ECFP_1641""]"
final,861,1,ECFP_1642,ECFP_1642,ECFP_1642,algorithmic_medoid,True,True,1,0.0,1.0,1.0,1.0,0.0,860,0.0034762033531638738,"[""ECFP_1642""]"
final,862,1,ECFP_1644,ECFP_1644,ECFP_1644,algorithmic_medoid,True,True,1,0.0,1.0,1.0,1.0,0.0,860,0.020492157923201734,"[""ECFP_1644""]"
final,863,1,ECFP_1645,ECFP_1645,ECFP_1645,algorithmic_medoid,True,True,1,0.0,1.0,1.0,1.0,0.0,860,0.014887777176852357,"[""ECFP_1645""]"
final,864,1,ECFP_1646,ECFP_1646,ECFP_1646,algorithmic_medoid,True,True,1,0.0,1.0,1.0,1.0,0.0,860,0.010355597620335314,"[""ECFP_1646""]"
final,865,1,ECFP_1647,ECFP_1647,ECFP_1647,algorithmic_medoid,True,True,1,0.0,1.0,1.0,1.0,0.0,860,0.04329232017306652,"[""ECFP_1647""]"
final,866,1,ECFP_1648,ECFP_1648,ECFP_1648,algorithmic_medoid,True,True,1,0.0,1.0,1.0,1.0,0.0,860,0.03797187669010275,"[""ECFP_1648""]"
final,867,1,ECFP_1649,ECFP_1649,ECFP_1649,algorithmic_medoid,True,True,1,0.0,1.0,1.0,1.0,0.0,860,0.028224716062736608,"[""ECFP_1649""]"
final,868,1,ECFP_165,ECFP_165,ECFP_165,algorithmic_medoid,True,True,1,0.0,1.0,1.0,1.0,0.0,860,0.04010816657652786,"[""ECFP_165""]"
final,869,1,ECFP_1650,ECFP_1650,ECFP_1650,algorithmic_medoid,True,True,1,0.0,1.0,1.0,1.0,0.0,860,0.004629529475392105,"[""ECFP_1650""]"
final,870,1,ECFP_1651,ECFP_1651,ECFP_1651,algorithmic_medoid,True,True,1,0.0,1.0,1.0,1.0,0.0,860,0.0011614386154678207,"[""ECFP_1651""]"
final,871,1,ECFP_1652,ECFP_1652,ECFP_1652,algorithmic_medoid,True,True,1,0.0,1.0,1.0,1.0,0.0,860,0.05373039480800432,"[""ECFP_1652""]"
final,872,1,ECFP_1653,ECFP_1653,ECFP_1653,algorithmic_medoid,True,True,1,0.0,1.0,1.0,1.0,0.0,860,0.014887777176852359,"[""ECFP_1653""]"
final,873,1,ECFP_1654,ECFP_1654,ECFP_1654,algorithmic_medoid,True,True,1,0.0,1.0,1.0,1.0,0.0,860,0.017137641968631687,"[""ECFP_1654""]"
final,874,1,ECFP_1655,ECFP_1655,ECFP_1655,algorithmic_medoid,True,True,1,0.0,1.0,1.0,1.0,0.0,860,0.0023201730665224425,"[""ECFP_1655""]"
final,875,1,ECFP_1656,ECFP_1656,ECFP_1656,algorithmic_medoid,True,True,1,0.0,1.0,1.0,1.0,0.0,860,0.014887777176852359,"[""ECFP_1656""]"
final,876,1,ECFP_1657,ECFP_1657,ECFP_1657,algorithmic_medoid,True,True,1,0.0,1.0,1.0,1.0,0.0,860,0.017137641968631684,"[""ECFP_1657""]"
final,877,1,ECFP_1658,ECFP_1658,ECFP_1658,algorithmic_medoid,True,True,1,0.0,1.0,1.0,1.0,0.0,860,0.008073282855597622,"[""ECFP_1658""]"
final,878,1,ECFP_1659,ECFP_1659,ECFP_1659,algorithmic_medoid,True,True,1,0.0,1.0,1.0,1.0,0.0,860,0.01375878853434289,"[""ECFP_1659""]"
final,879,1,ECFP_166,ECFP_166,ECFP_166,algorithmic_medoid,True,True,1,0.0,1.0,1.0,1.0,0.0,860,0.005780151433207137,"[""ECFP_166""]"
final,880,1,ECFP_1660,ECFP_1660,ECFP_1660,algorithmic_medoid,True,True,1,0.0,1.0,1.0,1.0,0.0,860,0.018258518117901575,"[""ECFP_1660""]"
final,881,1,ECFP_1661,ECFP_1661,ECFP_1661,algorithmic_medoid,True,True,1,0.0,1.0,1.0,1.0,0.0,860,0.016014061654948616,"[""ECFP_1661""]"
final,882,1,ECFP_1662,ECFP_1662,ECFP_1662,algorithmic_medoid,True,True,1,0.0,1.0,1.0,1.0,0.0,860,0.006928069226608975,"[""ECFP_1662""]"
final,883,1,ECFP_1663,ECFP_1663,ECFP_1663,algorithmic_medoid,True,True,1,0.0,1.0,1.0,1.0,0.0,860,0.014887777176852357,"[""ECFP_1663""]"
final,884,1,ECFP_1664,ECFP_1664,ECFP_1664,algorithmic_medoid,True,True,1,0.0,1.0,1.0,1.0,0.0,860,0.014887777176852359,"[""ECFP_1664""]"
final,885,1,ECFP_1665,ECFP_1665,ECFP_1665,algorithmic_medoid,True,True,1,0.0,1.0,1.0,1.0,0.0,860,0.05578555976203352,"[""ECFP_1665""]"
final,886,1,ECFP_1666,ECFP_1666,ECFP_1666,algorithmic_medoid,True,True,1,0.0,1.0,1.0,1.0,0.0,860,0.014887777176852357,"[""ECFP_1666""]"
final,887,1,ECFP_1667,ECFP_1667,ECFP_1667,algorithmic_medoid,True,True,1,0.0,1.0,1.0,1.0,0.0,860,0.0046295294753921044,"[""ECFP_1667""]"
final,888,1,ECFP_1668,ECFP_1668,ECFP_1668,algorithmic_medoid,True,True,1,0.0,1.0,1.0,1.0,0.0,860,0.006928069226608975,"[""ECFP_1668""]"
final,889,1,ECFP_1669,ECFP_1669,ECFP_1669,algorithmic_medoid,True,True,1,0.0,1.0,1.0,1.0,0.0,860,0.00807328285559762,"[""ECFP_1669""]"
final,890,1,ECFP_167,ECFP_167,ECFP_167,algorithmic_medoid,True,True,1,0.0,1.0,1.0,1.0,0.0,860,0.013758788534342889,"[""ECFP_167""]"
final,891,2,ECFP_1670,ECFP_1670,ECFP_1670,algorithmic_medoid,True,True,1,0.18008775008481814,0.8199122499151819,0.8199122499151819,0.8199122499151819,0.0,860,0.04540156841535964,"[""ECFP_1670"", ""ECFP_90""]"
final,891,2,ECFP_90,ECFP_1670,ECFP_1670,algorithmic_medoid,False,False,2,0.18008775008481814,0.8199122499151819,0.8199122499151819,0.8199122499151819,0.0,860,0.03149810708491076,"[""ECFP_1670"", ""ECFP_90""]"
final,892,1,ECFP_1671,ECFP_1671,ECFP_1671,algorithmic_medoid,True,True,1,0.0,1.0,1.0,1.0,0.0,860,0.016014061654948616,"[""ECFP_1671""]"
final,893,1,ECFP_1672,ECFP_1672,ECFP_1672,algorithmic_medoid,True,True,1,0.0,1.0,1.0,1.0,0.0,860,0.012627095727420226,"[""ECFP_1672""]"
final,894,1,ECFP_1673,ECFP_1673,ECFP_1673,algorithmic_medoid,True,True,1,0.0,1.0,1.0,1.0,0.0,860,0.018258518117901575,"[""ECFP_1673""]"
final,895,1,ECFP_1674,ECFP_1674,ECFP_1674,algorithmic_medoid,True,True,1,0.0,1.0,1.0,1.0,0.0,860,0.0011614386154678205,"[""ECFP_1674""]"
final,896,1,ECFP_1675,ECFP_1675,ECFP_1675,algorithmic_medoid,True,True,1,0.0,1.0,1.0,1.0,0.0,860,0.0046295294753921044,"[""ECFP_1675""]"
final,897,1,ECFP_1676,ECFP_1676,ECFP_1676,algorithmic_medoid,True,True,1,0.0,1.0,1.0,1.0,0.0,860,0.012627095727420228,"[""ECFP_1676""]"
final,898,1,ECFP_1677,ECFP_1677,ECFP_1677,algorithmic_medoid,True,True,1,0.0,1.0,1.0,1.0,0.0,860,0.005780151433207137,"[""ECFP_1677""]"
final,899,1,ECFP_1679,ECFP_1679,ECFP_1679,algorithmic_medoid,True,True,1,0.0,1.0,1.0,1.0,0.0,860,0.02271498107084911,"[""ECFP_1679""]"
final,900,1,ECFP_168,ECFP_168,ECFP_168,algorithmic_medoid,True,True,1,0.0,1.0,1.0,1.0,0.0,860,0.005780151433207137,"[""ECFP_168""]"
final,901,1,ECFP_1680,ECFP_1680,ECFP_1680,algorithmic_medoid,True,True,1,0.0,1.0,1.0,1.0,0.0,860,0.0046295294753921044,"[""ECFP_1680""]"
final,902,1,ECFP_1681,ECFP_1681,ECFP_1681,algorithmic_medoid,True,True,1,0.0,1.0,1.0,1.0,0.0,860,0.010355597620335317,"[""ECFP_1681""]"
final,903,1,ECFP_1682,ECFP_1682,ECFP_1682,algorithmic_medoid,True,True,1,0.0,1.0,1.0,1.0,0.0,860,0.005780151433207137,"[""ECFP_1682""]"
final,904,7,MACCS_103,MACCS_103,MACCS_103,algorithmic_medoid,True,True,1,0.042170050332647535,0.9578299496673525,0.8835532243509557,0.9977838367946,0.0,860,0.10718631692806922,"[""ECFP_1683"", ""ECFP_561"", ""MACCS_103"", ""NsCl"", ""SlogP_VSA7"", ""SsCl"", ""nCl""]"
final,904,7,NsCl,MACCS_103,MACCS_103,algorithmic_medoid,False,False,2,0.04276800309603057,0.9572319969039694,0.8826113652409594,1.0,0.0,860,0.5382625743645214,"[""ECFP_1683"", ""ECFP_561"", ""MACCS_103"", ""NsCl"", ""SlogP_VSA7"", ""SsCl"", ""nCl""]"
final,904,7,nCl,MACCS_103,MACCS_103,algorithmic_medoid,False,False,3,0.04276800309603057,0.9572319969039694,0.8826113652409594,1.0,0.0,860,0.5382625743645214,"[""ECFP_1683"", ""ECFP_561"", ""MACCS_103"", ""NsCl"", ""SlogP_VSA7"", ""SsCl"", ""nCl""]"
final,904,7,SsCl,MACCS_103,MACCS_103,algorithmic_medoid,False,False,4,0.043532057863140405,0.9564679421368596,0.8815060085948357,0.9993970675132895,0.0,860,19.421238771705855,"[""ECFP_1683"", ""ECFP_561"", ""MACCS_103"", ""NsCl"", ""SlogP_VSA7"", ""SsCl"", ""nCl""]"
final,904,7,ECFP_1683,MACCS_103,MACCS_103,algorithmic_medoid,False,False,5,0.07918696621443921,0.9208130337855608,0.8417634974069461,0.9539775658974493,0.0,860,0.11498647917793403,"[""ECFP_1683"", ""ECFP_561"", ""MACCS_103"", ""NsCl"", ""SlogP_VSA7"", ""SsCl"", ""nCl""]"
final,904,7,ECFP_561,MACCS_103,MACCS_103,algorithmic_medoid,False,False,6,0.09082090837517587,0.9091790916248241,0.8741208610218868,0.9307462810073144,0.0,860,0.09916711736073551,"[""ECFP_1683"", ""ECFP_561"", ""MACCS_103"", ""NsCl"", ""SlogP_VSA7"", ""SsCl"", ""nCl""]"
final,904,7,SlogP_VSA7,MACCS_103,MACCS_103,algorithmic_medoid,False,False,7,0.11620137635967165,0.8837986236403284,0.8417634974069461,0.9307462810073144,0.0,860,8.358392757589407,"[""ECFP_1683"", ""ECFP_561"", ""MACCS_103"", ""NsCl"", ""SlogP_VSA7"", ""SsCl"", ""nCl""]"
final,905,1,ECFP_1684,ECFP_1684,ECFP_1684,algorithmic_medoid,True,True,1,0.0,1.0,1.0,1.0,0.0,860,0.01937669010275825,"[""ECFP_1684""]"
final,906,1,ECFP_1685,ECFP_1685,ECFP_1685,algorithmic_medoid,True,True,1,0.0,1.0,1.0,1.0,0.0,860,0.010355597620335314,"[""ECFP_1685""]"
final,907,1,ECFP_1686,ECFP_1686,ECFP_1686,algorithmic_medoid,True,True,1,0.0,1.0,1.0,1.0,0.0,860,0.01375878853434289,"[""ECFP_1686""]"
final,908,1,ECFP_1687,ECFP_1687,ECFP_1687,algorithmic_medoid,True,True,1,0.0,1.0,1.0,1.0,0.0,860,0.014887777176852357,"[""ECFP_1687""]"
final,909,1,ECFP_1688,ECFP_1688,ECFP_1688,algorithmic_medoid,True,True,1,0.0,1.0,1.0,1.0,0.0,860,0.010355597620335317,"[""ECFP_1688""]"
final,910,1,ECFP_1689,ECFP_1689,ECFP_1689,algorithmic_medoid,True,True,1,0.0,1.0,1.0,1.0,0.0,860,0.028224716062736608,"[""ECFP_1689""]"
final,911,1,ECFP_169,ECFP_169,ECFP_169,algorithmic_medoid,True,True,1,0.0,1.0,1.0,1.0,0.0,860,0.006928069226608975,"[""ECFP_169""]"
final,912,1,ECFP_1690,ECFP_1690,ECFP_1690,algorithmic_medoid,True,True,1,0.0,1.0,1.0,1.0,0.0,860,0.005780151433207137,"[""ECFP_1690""]"
final,913,1,ECFP_1691,ECFP_1691,ECFP_1691,algorithmic_medoid,True,True,1,0.0,1.0,1.0,1.0,0.0,860,0.012627095727420226,"[""ECFP_1691""]"
final,914,1,ECFP_1692,ECFP_1692,ECFP_1692,algorithmic_medoid,True,True,1,0.0,1.0,1.0,1.0,0.0,860,0.010355597620335314,"[""ECFP_1692""]"
final,915,1,ECFP_1693,ECFP_1693,ECFP_1693,algorithmic_medoid,True,True,1,0.0,1.0,1.0,1.0,0.0,860,0.04958761492698758,"[""ECFP_1693""]"
final,916,1,ECFP_1694,ECFP_1694,ECFP_1694,algorithmic_medoid,True,True,1,0.0,1.0,1.0,1.0,0.0,860,0.003476203353163874,"[""ECFP_1694""]"
final,917,1,ECFP_1695,ECFP_1695,ECFP_1695,algorithmic_medoid,True,True,1,0.0,1.0,1.0,1.0,0.0,860,0.00807328285559762,"[""ECFP_1695""]"
final,918,1,ECFP_1696,ECFP_1696,ECFP_1696,algorithmic_medoid,True,True,1,0.0,1.0,1.0,1.0,0.0,860,0.0411722552731206,"[""ECFP_1696""]"
final,919,1,ECFP_1697,ECFP_1697,ECFP_1697,algorithmic_medoid,True,True,1,0.0,1.0,1.0,1.0,0.0,860,0.05680908599242834,"[""ECFP_1697""]"
final,920,1,ECFP_1698,ECFP_1698,ECFP_1698,algorithmic_medoid,True,True,1,0.0,1.0,1.0,1.0,0.0,860,0.006928069226608975,"[""ECFP_1698""]"
final,921,1,ECFP_1699,ECFP_1699,ECFP_1699,algorithmic_medoid,True,True,1,0.0,1.0,1.0,1.0,0.0,860,0.006928069226608977,"[""ECFP_1699""]"
final,922,1,ECFP_17,ECFP_17,ECFP_17,algorithmic_medoid,True,True,1,0.0,1.0,1.0,1.0,0.0,860,0.00807328285559762,"[""ECFP_17""]"
final,923,1,ECFP_170,ECFP_170,ECFP_170,algorithmic_medoid,True,True,1,0.0,1.0,1.0,1.0,0.0,860,0.008073282855597618,"[""ECFP_170""]"
final,924,1,ECFP_1700,ECFP_1700,ECFP_1700,algorithmic_medoid,True,True,1,0.0,1.0,1.0,1.0,0.0,860,0.014887777176852357,"[""ECFP_1700""]"
final,925,1,ECFP_1701,ECFP_1701,ECFP_1701,algorithmic_medoid,True,True,1,0.0,1.0,1.0,1.0,0.0,860,0.020492157923201734,"[""ECFP_1701""]"
final,926,1,ECFP_1702,ECFP_1702,ECFP_1702,algorithmic_medoid,True,True,1,0.0,1.0,1.0,1.0,0.0,860,0.01149269875608437,"[""ECFP_1702""]"
final,927,2,ECFP_659,ECFP_659,ECFP_659,algorithmic_medoid,True,True,1,0.1440294757996985,0.8559705242003015,0.8559705242003015,0.8559705242003015,0.0,860,0.008073282855597622,"[""ECFP_1703"", ""ECFP_659""]"
final,927,2,ECFP_1703,ECFP_659,ECFP_659,algorithmic_medoid,False,False,2,0.1440294757996985,0.8559705242003015,0.8559705242003015,0.8559705242003015,0.0,860,0.00807328285559762,"[""ECFP_1703"", ""ECFP_659""]"
final,928,1,ECFP_1704,ECFP_1704,ECFP_1704,algorithmic_medoid,True,True,1,0.0,1.0,1.0,1.0,0.0,860,0.001161438615467821,"[""ECFP_1704""]"
final,929,1,ECFP_1706,ECFP_1706,ECFP_1706,algorithmic_medoid,True,True,1,0.0,1.0,1.0,1.0,0.0,860,0.0034762033531638733,"[""ECFP_1706""]"
final,930,1,ECFP_1707,ECFP_1707,ECFP_1707,algorithmic_medoid,True,True,1,0.0,1.0,1.0,1.0,0.0,860,0.00807328285559762,"[""ECFP_1707""]"
final,931,1,ECFP_1708,ECFP_1708,ECFP_1708,algorithmic_medoid,True,True,1,0.0,1.0,1.0,1.0,0.0,860,0.018258518117901575,"[""ECFP_1708""]"
final,932,1,ECFP_1709,ECFP_1709,ECFP_1709,algorithmic_medoid,True,True,1,0.0,1.0,1.0,1.0,0.0,860,0.0046295294753921044,"[""ECFP_1709""]"
final,933,1,ECFP_171,ECFP_171,ECFP_171,algorithmic_medoid,True,True,1,0.0,1.0,1.0,1.0,0.0,860,0.010355597620335315,"[""ECFP_171""]"
final,934,1,ECFP_1710,ECFP_1710,ECFP_1710,algorithmic_medoid,True,True,1,0.0,1.0,1.0,1.0,0.0,860,0.00807328285559762,"[""ECFP_1710""]"
final,935,1,ECFP_1711,ECFP_1711,ECFP_1711,algorithmic_medoid,True,True,1,0.0,1.0,1.0,1.0,0.0,860,0.010355597620335315,"[""ECFP_1711""]"
final,936,1,ECFP_1712,ECFP_1712,ECFP_1712,algorithmic_medoid,True,True,1,0.0,1.0,1.0,1.0,0.0,860,0.008073282855597618,"[""ECFP_1712""]"
final,937,1,ECFP_1713,ECFP_1713,ECFP_1713,algorithmic_medoid,True,True,1,0.0,1.0,1.0,1.0,0.0,860,0.010355597620335315,"[""ECFP_1713""]"
final,938,1,ECFP_1714,ECFP_1714,ECFP_1714,algorithmic_medoid,True,True,1,0.0,1.0,1.0,1.0,0.0,860,0.00807328285559762,"[""ECFP_1714""]"
final,939,1,ECFP_1715,ECFP_1715,ECFP_1715,algorithmic_medoid,True,True,1,0.0,1.0,1.0,1.0,0.0,860,0.005780151433207137,"[""ECFP_1715""]"
final,940,1,ECFP_1716,ECFP_1716,ECFP_1716,algorithmic_medoid,True,True,1,0.0,1.0,1.0,1.0,0.0,860,0.018258518117901575,"[""ECFP_1716""]"
final,941,1,ECFP_1717,ECFP_1717,ECFP_1717,algorithmic_medoid,True,True,1,0.0,1.0,1.0,1.0,0.0,860,0.00807328285559762,"[""ECFP_1717""]"
final,942,1,ECFP_1718,ECFP_1718,ECFP_1718,algorithmic_medoid,True,True,1,0.0,1.0,1.0,1.0,0.0,860,0.03474716062736614,"[""ECFP_1718""]"
final,943,2,ECFP_1719,ECFP_1719,ECFP_1719,algorithmic_medoid,True,True,1,0.0,1.0,1.0,1.0,0.0,860,0.0023201730665224425,"[""ECFP_1719"", ""ECFP_572""]"
final,943,2,ECFP_572,ECFP_1719,ECFP_1719,algorithmic_medoid,False,False,2,0.0,1.0,1.0,1.0,0.0,860,0.0023201730665224425,"[""ECFP_1719"", ""ECFP_572""]"
final,944,1,ECFP_172,ECFP_172,ECFP_172,algorithmic_medoid,True,True,1,0.0,1.0,1.0,1.0,0.0,860,0.005780151433207135,"[""ECFP_172""]"
final,945,1,ECFP_1720,ECFP_1720,ECFP_1720,algorithmic_medoid,True,True,1,0.0,1.0,1.0,1.0,0.0,860,0.004629529475392105,"[""ECFP_1720""]"
final,946,1,ECFP_1721,ECFP_1721,ECFP_1721,algorithmic_medoid,True,True,1,0.0,1.0,1.0,1.0,0.0,860,0.03258382909680908,"[""ECFP_1721""]"
final,947,1,ECFP_1722,ECFP_1722,ECFP_1722,algorithmic_medoid,True,True,1,0.0,1.0,1.0,1.0,0.0,860,0.12256760411032994,"[""ECFP_1722""]"
final,948,1,ECFP_1723,ECFP_1723,ECFP_1723,algorithmic_medoid,True,True,1,0.0,1.0,1.0,1.0,0.0,860,0.023822336398053003,"[""ECFP_1723""]"
final,949,1,ECFP_1724,ECFP_1724,ECFP_1724,algorithmic_medoid,True,True,1,0.0,1.0,1.0,1.0,0.0,860,0.03258382909680908,"[""ECFP_1724""]"
final,950,1,ECFP_1725,ECFP_1725,ECFP_1725,algorithmic_medoid,True,True,1,0.0,1.0,1.0,1.0,0.0,860,0.006928069226608975,"[""ECFP_1725""]"
final,951,1,ECFP_1726,ECFP_1726,ECFP_1726,algorithmic_medoid,True,True,1,0.0,1.0,1.0,1.0,0.0,860,0.017137641968631687,"[""ECFP_1726""]"
final,952,1,ECFP_1727,ECFP_1727,ECFP_1727,algorithmic_medoid,True,True,1,0.0,1.0,1.0,1.0,0.0,860,0.016014061654948616,"[""ECFP_1727""]"
final,953,1,ECFP_1728,ECFP_1728,ECFP_1728,algorithmic_medoid,True,True,1,0.0,1.0,1.0,1.0,0.0,860,0.00807328285559762,"[""ECFP_1728""]"
final,954,1,ECFP_1729,ECFP_1729,ECFP_1729,algorithmic_medoid,True,True,1,0.0,1.0,1.0,1.0,0.0,860,0.01937669010275825,"[""ECFP_1729""]"
final,955,1,ECFP_173,ECFP_173,ECFP_173,algorithmic_medoid,True,True,1,0.0,1.0,1.0,1.0,0.0,860,0.01713764196863169,"[""ECFP_173""]"
final,956,1,ECFP_1730,ECFP_1730,ECFP_1730,algorithmic_medoid,True,True,1,0.0,1.0,1.0,1.0,0.0,860,0.01937669010275825,"[""ECFP_1730""]"
final,957,1,ECFP_1731,ECFP_1731,ECFP_1731,algorithmic_medoid,True,True,1,0.0,1.0,1.0,1.0,0.0,860,0.012627095727420228,"[""ECFP_1731""]"
final,958,1,ECFP_1732,ECFP_1732,ECFP_1732,algorithmic_medoid,True,True,1,0.0,1.0,1.0,1.0,0.0,860,0.0046295294753921044,"[""ECFP_1732""]"
final,959,1,ECFP_1733,ECFP_1733,ECFP_1733,algorithmic_medoid,True,True,1,0.0,1.0,1.0,1.0,0.0,860,0.030409680908599256,"[""ECFP_1733""]"
final,960,1,ECFP_1734,ECFP_1734,ECFP_1734,algorithmic_medoid,True,True,1,0.0,1.0,1.0,1.0,0.0,860,0.013758788534342887,"[""ECFP_1734""]"
final,961,1,ECFP_1735,ECFP_1735,ECFP_1735,algorithmic_medoid,True,True,1,0.0,1.0,1.0,1.0,0.0,860,0.001161438615467821,"[""ECFP_1735""]"
final,962,1,ECFP_1736,ECFP_1736,ECFP_1736,algorithmic_medoid,True,True,1,0.0,1.0,1.0,1.0,0.0,860,0.00921579232017307,"[""ECFP_1736""]"
final,963,1,ECFP_1737,ECFP_1737,ECFP_1737,algorithmic_medoid,True,True,1,0.0,1.0,1.0,1.0,0.0,860,0.04958761492698757,"[""ECFP_1737""]"
final,964,1,ECFP_1738,ECFP_1738,ECFP_1738,algorithmic_medoid,True,True,1,0.0,1.0,1.0,1.0,0.0,860,0.08151838831800973,"[""ECFP_1738""]"
final,965,1,ECFP_1739,ECFP_1739,ECFP_1739,algorithmic_medoid,True,True,1,0.0,1.0,1.0,1.0,0.0,860,0.005780151433207137,"[""ECFP_1739""]"
final,966,1,ECFP_174,ECFP_174,ECFP_174,algorithmic_medoid,True,True,1,0.0,1.0,1.0,1.0,0.0,860,0.008073282855597618,"[""ECFP_174""]"
final,967,1,ECFP_1740,ECFP_1740,ECFP_1740,algorithmic_medoid,True,True,1,0.0,1.0,1.0,1.0,0.0,860,0.0011614386154678205,"[""ECFP_1740""]"
final,968,1,ECFP_1741,ECFP_1741,ECFP_1741,algorithmic_medoid,True,True,1,0.0,1.0,1.0,1.0,0.0,860,0.010355597620335314,"[""ECFP_1741""]"
final,969,1,ECFP_1742,ECFP_1742,ECFP_1742,algorithmic_medoid,True,True,1,0.0,1.0,1.0,1.0,0.0,860,0.013758788534342889,"[""ECFP_1742""]"
final,970,1,ECFP_1743,ECFP_1743,ECFP_1743,algorithmic_medoid,True,True,1,0.0,1.0,1.0,1.0,0.0,860,0.0011614386154678211,"[""ECFP_1743""]"
final,971,1,ECFP_1744,ECFP_1744,ECFP_1744,algorithmic_medoid,True,True,1,0.0,1.0,1.0,1.0,0.0,860,0.020492157923201734,"[""ECFP_1744""]"
final,972,1,ECFP_1745,ECFP_1745,ECFP_1745,algorithmic_medoid,True,True,1,0.0,1.0,1.0,1.0,0.0,860,0.06689561925365062,"[""ECFP_1745""]"
final,973,1,ECFP_1746,ECFP_1746,ECFP_1746,algorithmic_medoid,True,True,1,0.0,1.0,1.0,1.0,0.0,860,0.012627095727420226,"[""ECFP_1746""]"
final,974,1,ECFP_1747,ECFP_1747,ECFP_1747,algorithmic_medoid,True,True,1,0.0,1.0,1.0,1.0,0.0,860,0.0927785289345592,"[""ECFP_1747""]"
final,975,1,ECFP_1748,ECFP_1748,ECFP_1748,algorithmic_medoid,True,True,1,0.0,1.0,1.0,1.0,0.0,860,0.009215792320173069,"[""ECFP_1748""]"
final,976,1,ECFP_1749,ECFP_1749,ECFP_1749,algorithmic_medoid,True,True,1,0.0,1.0,1.0,1.0,0.0,860,0.005780151433207137,"[""ECFP_1749""]"
final,977,1,ECFP_175,ECFP_175,ECFP_175,algorithmic_medoid,True,True,1,0.0,1.0,1.0,1.0,0.0,860,0.008073282855597618,"[""ECFP_175""]"
final,978,2,VSA_EState6,VSA_EState6,VSA_EState6,algorithmic_medoid,True,True,1,0.18336421719485585,0.8166357828051442,0.8166357828051442,0.8166357828051442,0.0,860,82.94522177616282,"[""ECFP_1750"", ""VSA_EState6""]"
final,978,2,ECFP_1750,VSA_EState6,VSA_EState6,algorithmic_medoid,False,False,2,0.18336421719485585,0.8166357828051442,0.8166357828051442,0.8166357828051442,0.0,860,0.24922120064899944,"[""ECFP_1750"", ""VSA_EState6""]"
final,979,1,ECFP_1751,ECFP_1751,ECFP_1751,algorithmic_medoid,True,True,1,0.0,1.0,1.0,1.0,0.0,860,0.0034762033531638733,"[""ECFP_1751""]"
final,980,1,ECFP_1752,ECFP_1752,ECFP_1752,algorithmic_medoid,True,True,1,0.0,1.0,1.0,1.0,0.0,860,0.012627095727420226,"[""ECFP_1752""]"
final,981,1,ECFP_1753,ECFP_1753,ECFP_1753,algorithmic_medoid,True,True,1,0.0,1.0,1.0,1.0,0.0,860,0.002320173066522443,"[""ECFP_1753""]"
final,982,1,ECFP_1754,ECFP_1754,ECFP_1754,algorithmic_medoid,True,True,1,0.0,1.0,1.0,1.0,0.0,860,0.10542320173066523,"[""ECFP_1754""]"
final,983,1,ECFP_1755,ECFP_1755,ECFP_1755,algorithmic_medoid,True,True,1,0.0,1.0,1.0,1.0,0.0,860,0.008073282855597618,"[""ECFP_1755""]"
final,984,1,ECFP_1756,ECFP_1756,ECFP_1756,algorithmic_medoid,True,True,1,0.0,1.0,1.0,1.0,0.0,860,0.003476203353163874,"[""ECFP_1756""]"
final,985,1,ECFP_1757,ECFP_1757,ECFP_1757,algorithmic_medoid,True,True,1,0.0,1.0,1.0,1.0,0.0,860,0.005780151433207137,"[""ECFP_1757""]"
final,986,1,ECFP_1758,ECFP_1758,ECFP_1758,algorithmic_medoid,True,True,1,0.0,1.0,1.0,1.0,0.0,860,0.018258518117901575,"[""ECFP_1758""]"
final,987,1,ECFP_1759,ECFP_1759,ECFP_1759,algorithmic_medoid,True,True,1,0.0,1.0,1.0,1.0,0.0,860,0.006928069226608975,"[""ECFP_1759""]"
final,988,1,ECFP_176,ECFP_176,ECFP_176,algorithmic_medoid,True,True,1,0.0,1.0,1.0,1.0,0.0,860,0.0011614386154678207,"[""ECFP_176""]"
final,989,1,ECFP_1760,ECFP_1760,ECFP_1760,algorithmic_medoid,True,True,1,0.0,1.0,1.0,1.0,0.0,860,0.018258518117901575,"[""ECFP_1760""]"
final,990,1,ECFP_1761,ECFP_1761,ECFP_1761,algorithmic_medoid,True,True,1,0.0,1.0,1.0,1.0,0.0,860,0.018258518117901575,"[""ECFP_1761""]"
final,991,1,ECFP_1762,ECFP_1762,ECFP_1762,algorithmic_medoid,True,True,1,0.0,1.0,1.0,1.0,0.0,860,0.00807328285559762,"[""ECFP_1762""]"
final,992,1,ECFP_1763,ECFP_1763,ECFP_1763,algorithmic_medoid,True,True,1,0.0,1.0,1.0,1.0,0.0,860,0.040108166576527854,"[""ECFP_1763""]"
final,993,2,ECFP_610,ECFP_610,ECFP_610,algorithmic_medoid,True,True,1,0.19267357993537326,0.8073264200646267,0.8073264200646267,0.8073264200646267,0.0,860,0.09369929691725258,"[""ECFP_1764"", ""ECFP_610""]"
final,993,2,ECFP_1764,ECFP_610,ECFP_610,algorithmic_medoid,False,False,2,0.19267357993537326,0.8073264200646267,0.8073264200646267,0.8073264200646267,0.0,860,0.08625743645213631,"[""ECFP_1764"", ""ECFP_610""]"
final,994,1,ECFP_1765,ECFP_1765,ECFP_1765,algorithmic_medoid,True,True,1,0.0,1.0,1.0,1.0,0.0,860,0.0260289345592212,"[""ECFP_1765""]"
final,995,1,ECFP_1766,ECFP_1766,ECFP_1766,algorithmic_medoid,True,True,1,0.0,1.0,1.0,1.0,0.0,860,0.0034762033531638733,"[""ECFP_1766""]"
final,996,1,ECFP_1767,ECFP_1767,ECFP_1767,algorithmic_medoid,True,True,1,0.0,1.0,1.0,1.0,0.0,860,0.0046295294753921044,"[""ECFP_1767""]"
final,997,1,ECFP_1768,ECFP_1768,ECFP_1768,algorithmic_medoid,True,True,1,0.0,1.0,1.0,1.0,0.0,860,0.023822336398052996,"[""ECFP_1768""]"
final,998,1,ECFP_1769,ECFP_1769,ECFP_1769,algorithmic_medoid,True,True,1,0.0,1.0,1.0,1.0,0.0,860,0.006928069226608975,"[""ECFP_1769""]"
final,999,1,ECFP_177,ECFP_177,ECFP_177,algorithmic_medoid,True,True,1,0.0,1.0,1.0,1.0,0.0,860,0.012627095727420226,"[""ECFP_177""]"
final,1000,2,ECFP_1770,ECFP_1770,ECFP_1770,algorithmic_medoid,True,True,1,0.184457828026096,0.815542171973904,0.815542171973904,0.815542171973904,0.0,860,0.006928069226608975,"[""ECFP_1770"", ""ECFP_477""]"
final,1000,2,ECFP_477,ECFP_1770,ECFP_1770,algorithmic_medoid,False,False,2,0.184457828026096,0.815542171973904,0.815542171973904,0.815542171973904,0.0,860,0.0046295294753921044,"[""ECFP_1770"", ""ECFP_477""]"
final,1001,1,ECFP_1771,ECFP_1771,ECFP_1771,algorithmic_medoid,True,True,1,0.0,1.0,1.0,1.0,0.0,860,0.011492698756084371,"[""ECFP_1771""]"
final,1002,1,ECFP_1772,ECFP_1772,ECFP_1772,algorithmic_medoid,True,True,1,0.0,1.0,1.0,1.0,0.0,860,0.0011614386154678205,"[""ECFP_1772""]"
final,1003,1,ECFP_1773,ECFP_1773,ECFP_1773,algorithmic_medoid,True,True,1,0.0,1.0,1.0,1.0,0.0,860,0.018258518117901575,"[""ECFP_1773""]"
final,1004,2,ECFP_748,ECFP_748,ECFP_748,algorithmic_medoid,True,True,1,0.18397937165187683,0.8160206283481232,0.8160206283481232,0.8160206283481232,0.0,860,0.0034762033531638733,"[""ECFP_1774"", ""ECFP_748""]"
final,1004,2,ECFP_1774,ECFP_748,ECFP_748,algorithmic_medoid,False,False,2,0.18397937165187683,0.8160206283481232,0.8160206283481232,0.8160206283481232,0.0,860,0.0023201730665224434,"[""ECFP_1774"", ""ECFP_748""]"
final,1005,1,ECFP_1775,ECFP_1775,ECFP_1775,algorithmic_medoid,True,True,1,0.0,1.0,1.0,1.0,0.0,860,0.008073282855597618,"[""ECFP_1775""]"
final,1006,1,ECFP_1776,ECFP_1776,ECFP_1776,algorithmic_medoid,True,True,1,0.0,1.0,1.0,1.0,0.0,860,0.0034762033531638733,"[""ECFP_1776""]"
final,1007,1,ECFP_1777,ECFP_1777,ECFP_1777,algorithmic_medoid,True,True,1,0.0,1.0,1.0,1.0,0.0,860,0.008073282855597618,"[""ECFP_1777""]"
final,1008,1,ECFP_1778,ECFP_1778,ECFP_1778,algorithmic_medoid,True,True,1,0.0,1.0,1.0,1.0,0.0,860,0.027128177393185505,"[""ECFP_1778""]"
final,1009,1,ECFP_1779,ECFP_1779,ECFP_1779,algorithmic_medoid,True,True,1,0.0,1.0,1.0,1.0,0.0,860,0.01937669010275825,"[""ECFP_1779""]"
final,1010,1,ECFP_178,ECFP_178,ECFP_178,algorithmic_medoid,True,True,1,0.0,1.0,1.0,1.0,0.0,860,0.005780151433207137,"[""ECFP_178""]"
final,1011,1,ECFP_1780,ECFP_1780,ECFP_1780,algorithmic_medoid,True,True,1,0.0,1.0,1.0,1.0,0.0,860,0.021604921579232023,"[""ECFP_1780""]"
final,1012,1,ECFP_1781,ECFP_1781,ECFP_1781,algorithmic_medoid,True,True,1,0.0,1.0,1.0,1.0,0.0,860,0.017137641968631684,"[""ECFP_1781""]"
final,1013,1,ECFP_1782,ECFP_1782,ECFP_1782,algorithmic_medoid,True,True,1,0.0,1.0,1.0,1.0,0.0,860,0.0011614386154678207,"[""ECFP_1782""]"
final,1014,1,ECFP_1783,ECFP_1783,ECFP_1783,algorithmic_medoid,True,True,1,0.0,1.0,1.0,1.0,0.0,860,0.0718374797187669,"[""ECFP_1783""]"
final,1015,1,ECFP_1784,ECFP_1784,ECFP_1784,algorithmic_medoid,True,True,1,0.0,1.0,1.0,1.0,0.0,860,0.006928069226608977,"[""ECFP_1784""]"
final,1016,1,ECFP_1785,ECFP_1785,ECFP_1785,algorithmic_medoid,True,True,1,0.0,1.0,1.0,1.0,0.0,860,0.010355597620335315,"[""ECFP_1785""]"
final,1017,1,ECFP_1786,ECFP_1786,ECFP_1786,algorithmic_medoid,True,True,1,0.0,1.0,1.0,1.0,0.0,860,0.01601406165494862,"[""ECFP_1786""]"
final,1018,1,ECFP_1788,ECFP_1788,ECFP_1788,algorithmic_medoid,True,True,1,0.0,1.0,1.0,1.0,0.0,860,0.03366684694429422,"[""ECFP_1788""]"
final,1019,1,ECFP_1790,ECFP_1790,ECFP_1790,algorithmic_medoid,True,True,1,0.0,1.0,1.0,1.0,0.0,860,0.013758788534342889,"[""ECFP_1790""]"
final,1020,1,ECFP_1791,ECFP_1791,ECFP_1791,algorithmic_medoid,True,True,1,0.0,1.0,1.0,1.0,0.0,860,0.10893861546782045,"[""ECFP_1791""]"
final,1021,1,ECFP_1792,ECFP_1792,ECFP_1792,algorithmic_medoid,True,True,1,0.0,1.0,1.0,1.0,0.0,860,0.0046295294753921044,"[""ECFP_1792""]"
final,1022,1,ECFP_1793,ECFP_1793,ECFP_1793,algorithmic_medoid,True,True,1,0.0,1.0,1.0,1.0,0.0,860,0.0046295294753921044,"[""ECFP_1793""]"
final,1023,1,ECFP_1794,ECFP_1794,ECFP_1794,algorithmic_medoid,True,True,1,0.0,1.0,1.0,1.0,0.0,860,0.012627095727420226,"[""ECFP_1794""]"
final,1024,1,ECFP_1795,ECFP_1795,ECFP_1795,algorithmic_medoid,True,True,1,0.0,1.0,1.0,1.0,0.0,860,0.008073282855597618,"[""ECFP_1795""]"
final,1025,1,ECFP_1796,ECFP_1796,ECFP_1796,algorithmic_medoid,True,True,1,0.0,1.0,1.0,1.0,0.0,860,0.016014061654948616,"[""ECFP_1796""]"
final,1026,1,ECFP_1797,ECFP_1797,ECFP_1797,algorithmic_medoid,True,True,1,0.0,1.0,1.0,1.0,0.0,860,0.002320173066522443,"[""ECFP_1797""]"
final,1027,1,ECFP_1798,ECFP_1798,ECFP_1798,algorithmic_medoid,True,True,1,0.0,1.0,1.0,1.0,0.0,860,0.013758788534342889,"[""ECFP_1798""]"
final,1028,1,ECFP_1799,ECFP_1799,ECFP_1799,algorithmic_medoid,True,True,1,0.0,1.0,1.0,1.0,0.0,860,0.0034762033531638738,"[""ECFP_1799""]"
final,1029,1,ECFP_180,ECFP_180,ECFP_180,algorithmic_medoid,True,True,1,0.0,1.0,1.0,1.0,0.0,860,0.001161438615467821,"[""ECFP_180""]"
final,1030,2,ECFP_441,ECFP_441,ECFP_441,algorithmic_medoid,True,True,1,0.1757647796275298,0.8242352203724702,0.8242352203724702,0.8242352203724702,0.0,860,0.021604921579232026,"[""ECFP_1800"", ""ECFP_441""]"
final,1030,2,ECFP_1800,ECFP_441,ECFP_441,algorithmic_medoid,False,False,2,0.1757647796275298,0.8242352203724702,0.8242352203724702,0.8242352203724702,0.0,860,0.014887777176852359,"[""ECFP_1800"", ""ECFP_441""]"
final,1031,1,ECFP_1801,ECFP_1801,ECFP_1801,algorithmic_medoid,True,True,1,0.0,1.0,1.0,1.0,0.0,860,0.005780151433207137,"[""ECFP_1801""]"
final,1032,2,ECFP_1802,ECFP_1802,ECFP_1802,algorithmic_medoid,True,True,1,0.18397937165187683,0.8160206283481232,0.8160206283481232,0.8160206283481232,0.0,860,0.0034762033531638733,"[""ECFP_1802"", ""ECFP_1836""]"
final,1032,2,ECFP_1836,ECFP_1802,ECFP_1802,algorithmic_medoid,False,False,2,0.18397937165187683,0.8160206283481232,0.8160206283481232,0.8160206283481232,0.0,860,0.0023201730665224434,"[""ECFP_1802"", ""ECFP_1836""]"
final,1033,1,ECFP_1803,ECFP_1803,ECFP_1803,algorithmic_medoid,True,True,1,0.0,1.0,1.0,1.0,0.0,860,0.020492157923201734,"[""ECFP_1803""]"
final,1034,1,ECFP_1804,ECFP_1804,ECFP_1804,algorithmic_medoid,True,True,1,0.0,1.0,1.0,1.0,0.0,860,0.008073282855597618,"[""ECFP_1804""]"
final,1035,1,ECFP_1805,ECFP_1805,ECFP_1805,algorithmic_medoid,True,True,1,0.0,1.0,1.0,1.0,0.0,860,0.02822471606273661,"[""ECFP_1805""]"
final,1036,1,ECFP_1806,ECFP_1806,ECFP_1806,algorithmic_medoid,True,True,1,0.0,1.0,1.0,1.0,0.0,860,0.005780151433207137,"[""ECFP_1806""]"
final,1037,1,ECFP_1807,ECFP_1807,ECFP_1807,algorithmic_medoid,True,True,1,0.0,1.0,1.0,1.0,0.0,860,0.010355597620335314,"[""ECFP_1807""]"
final,1038,1,ECFP_1808,ECFP_1808,ECFP_1808,algorithmic_medoid,True,True,1,0.0,1.0,1.0,1.0,0.0,860,0.021604921579232023,"[""ECFP_1808""]"
final,1039,1,ECFP_1809,ECFP_1809,ECFP_1809,algorithmic_medoid,True,True,1,0.0,1.0,1.0,1.0,0.0,860,0.01149269875608437,"[""ECFP_1809""]"
final,1040,1,ECFP_181,ECFP_181,ECFP_181,algorithmic_medoid,True,True,1,0.0,1.0,1.0,1.0,0.0,860,0.0046295294753921044,"[""ECFP_181""]"
final,1041,1,ECFP_1810,ECFP_1810,ECFP_1810,algorithmic_medoid,True,True,1,0.0,1.0,1.0,1.0,0.0,860,0.03149810708491077,"[""ECFP_1810""]"
final,1042,1,ECFP_1811,ECFP_1811,ECFP_1811,algorithmic_medoid,True,True,1,0.0,1.0,1.0,1.0,0.0,860,0.006928069226608975,"[""ECFP_1811""]"
final,1043,1,ECFP_1812,ECFP_1812,ECFP_1812,algorithmic_medoid,True,True,1,0.0,1.0,1.0,1.0,0.0,860,0.0023201730665224434,"[""ECFP_1812""]"
final,1044,1,ECFP_1813,ECFP_1813,ECFP_1813,algorithmic_medoid,True,True,1,0.0,1.0,1.0,1.0,0.0,860,0.002320173066522443,"[""ECFP_1813""]"
final,1045,1,ECFP_1814,ECFP_1814,ECFP_1814,algorithmic_medoid,True,True,1,0.0,1.0,1.0,1.0,0.0,860,0.009215792320173069,"[""ECFP_1814""]"
final,1046,1,ECFP_1815,ECFP_1815,ECFP_1815,algorithmic_medoid,True,True,1,0.0,1.0,1.0,1.0,0.0,860,0.027128177393185505,"[""ECFP_1815""]"
final,1047,1,ECFP_1816,ECFP_1816,ECFP_1816,algorithmic_medoid,True,True,1,0.0,1.0,1.0,1.0,0.0,860,0.045401568415359646,"[""ECFP_1816""]"
final,1048,1,ECFP_1817,ECFP_1817,ECFP_1817,algorithmic_medoid,True,True,1,0.0,1.0,1.0,1.0,0.0,860,0.005780151433207135,"[""ECFP_1817""]"
final,1049,1,ECFP_1818,ECFP_1818,ECFP_1818,algorithmic_medoid,True,True,1,0.0,1.0,1.0,1.0,0.0,860,0.003476203353163874,"[""ECFP_1818""]"
final,1050,1,ECFP_1819,ECFP_1819,ECFP_1819,algorithmic_medoid,True,True,1,0.0,1.0,1.0,1.0,0.0,860,0.035824770146024865,"[""ECFP_1819""]"
final,1051,1,ECFP_182,ECFP_182,ECFP_182,algorithmic_medoid,True,True,1,0.0,1.0,1.0,1.0,0.0,860,0.006928069226608975,"[""ECFP_182""]"
final,1052,1,ECFP_1820,ECFP_1820,ECFP_1820,algorithmic_medoid,True,True,1,0.0,1.0,1.0,1.0,0.0,860,0.002320173066522443,"[""ECFP_1820""]"
final,1053,1,ECFP_1821,ECFP_1821,ECFP_1821,algorithmic_medoid,True,True,1,0.0,1.0,1.0,1.0,0.0,860,0.0046295294753921044,"[""ECFP_1821""]"
final,1054,1,ECFP_1822,ECFP_1822,ECFP_1822,algorithmic_medoid,True,True,1,0.0,1.0,1.0,1.0,0.0,860,0.012627095727420228,"[""ECFP_1822""]"
final,1055,1,ECFP_1823,ECFP_1823,ECFP_1823,algorithmic_medoid,True,True,1,0.0,1.0,1.0,1.0,0.0,860,0.04117225527312061,"[""ECFP_1823""]"
final,1056,1,ECFP_1824,ECFP_1824,ECFP_1824,algorithmic_medoid,True,True,1,0.0,1.0,1.0,1.0,0.0,860,0.003476203353163874,"[""ECFP_1824""]"
final,1057,1,ECFP_1825,ECFP_1825,ECFP_1825,algorithmic_medoid,True,True,1,0.0,1.0,1.0,1.0,0.0,860,0.04010816657652786,"[""ECFP_1825""]"
final,1058,1,ECFP_1826,ECFP_1826,ECFP_1826,algorithmic_medoid,True,True,1,0.0,1.0,1.0,1.0,0.0,860,0.0011614386154678205,"[""ECFP_1826""]"
final,1059,1,ECFP_1827,ECFP_1827,ECFP_1827,algorithmic_medoid,True,True,1,0.0,1.0,1.0,1.0,0.0,860,0.01149269875608437,"[""ECFP_1827""]"
final,1060,1,ECFP_1828,ECFP_1828,ECFP_1828,algorithmic_medoid,True,True,1,0.0,1.0,1.0,1.0,0.0,860,0.017137641968631687,"[""ECFP_1828""]"
final,1061,1,ECFP_1829,ECFP_1829,ECFP_1829,algorithmic_medoid,True,True,1,0.0,1.0,1.0,1.0,0.0,860,0.012627095727420226,"[""ECFP_1829""]"
final,1062,1,ECFP_183,ECFP_183,ECFP_183,algorithmic_medoid,True,True,1,0.0,1.0,1.0,1.0,0.0,860,0.003476203353163874,"[""ECFP_183""]"
final,1063,2,ECFP_1896,ECFP_1896,ECFP_1896,algorithmic_medoid,True,True,1,0.1349892719052731,0.8650107280947269,0.8650107280947269,0.8650107280947269,0.0,860,0.00921579232017307,"[""ECFP_1830"", ""ECFP_1896""]"
final,1063,2,ECFP_1830,ECFP_1896,ECFP_1896,algorithmic_medoid,False,False,2,0.1349892719052731,0.8650107280947269,0.8650107280947269,0.8650107280947269,0.0,860,0.006928069226608974,"[""ECFP_1830"", ""ECFP_1896""]"
final,1064,1,ECFP_1831,ECFP_1831,ECFP_1831,algorithmic_medoid,True,True,1,0.0,1.0,1.0,1.0,0.0,860,0.05269875608436991,"[""ECFP_1831""]"
final,1065,1,ECFP_1832,ECFP_1832,ECFP_1832,algorithmic_medoid,True,True,1,0.0,1.0,1.0,1.0,0.0,860,0.07085451595457005,"[""ECFP_1832""]"
final,1066,1,ECFP_1833,ECFP_1833,ECFP_1833,algorithmic_medoid,True,True,1,0.0,1.0,1.0,1.0,0.0,860,0.01937669010275825,"[""ECFP_1833""]"
final,1067,1,ECFP_1834,ECFP_1834,ECFP_1834,algorithmic_medoid,True,True,1,0.0,1.0,1.0,1.0,0.0,860,0.002320173066522443,"[""ECFP_1834""]"
final,1068,1,ECFP_1835,ECFP_1835,ECFP_1835,algorithmic_medoid,True,True,1,0.0,1.0,1.0,1.0,0.0,860,0.005780151433207135,"[""ECFP_1835""]"
final,1069,1,ECFP_1837,ECFP_1837,ECFP_1837,algorithmic_medoid,True,True,1,0.0,1.0,1.0,1.0,0.0,860,0.0034762033531638733,"[""ECFP_1837""]"
final,1070,6,SdsssP,SdsssP,SdsssP,algorithmic_medoid,True,True,1,0.029200591802452047,0.970799408197548,0.9206376262045723,0.9999495153533997,0.0,860,1.3067362782838738,"[""ECFP_1838"", ""ECFP_192"", ""MACCS_29"", ""NdsssP"", ""SdsssP"", ""nP""]"
final,1070,6,NdsssP,SdsssP,SdsssP,algorithmic_medoid,False,False,2,0.029416446843629984,0.97058355315637,0.9206841066163255,1.0,0.0,860,0.052271498107084924,"[""ECFP_1838"", ""ECFP_192"", ""MACCS_29"", ""NdsssP"", ""SdsssP"", ""nP""]"
final,1070,6,nP,SdsssP,SdsssP,algorithmic_medoid,False,False,3,0.029416446843629984,0.97058355315637,0.9206841066163255,1.0,0.0,860,0.052271498107084924,"[""ECFP_1838"", ""ECFP_192"", ""MACCS_29"", ""NdsssP"", ""SdsssP"", ""nP""]"
final,1070,6,MACCS_29,SdsssP,SdsssP,algorithmic_medoid,False,False,4,0.02954594773411201,0.970454052265888,0.9207501698397711,0.9999282506529897,0.0,860,0.0260289345592212,"[""ECFP_1838"", ""ECFP_192"", ""MACCS_29"", ""NdsssP"", ""SdsssP"", ""nP""]"
final,1070,6,ECFP_1838,SdsssP,SdsssP,algorithmic_medoid,False,False,5,0.08243593211567402,0.917564067884326,0.8577401181005628,0.9335826144477385,0.0,860,0.024926987560843706,"[""ECFP_1838"", ""ECFP_192"", ""MACCS_29"", ""NdsssP"", ""SdsssP"", ""nP""]"
final,1070,6,ECFP_192,SdsssP,SdsssP,algorithmic_medoid,False,False,6,0.09190077452448853,0.9080992254755115,0.8577401181005628,0.9207501698397711,0.0,860,0.030409680908599253,"[""ECFP_1838"", ""ECFP_192"", ""MACCS_29"", ""NdsssP"", ""SdsssP"", ""nP""]"
final,1071,1,ECFP_1839,ECFP_1839,ECFP_1839,algorithmic_medoid,True,True,1,0.0,1.0,1.0,1.0,0.0,860,0.018258518117901575,"[""ECFP_1839""]"
final,1072,1,ECFP_184,ECFP_184,ECFP_184,algorithmic_medoid,True,True,1,0.0,1.0,1.0,1.0,0.0,860,0.016014061654948616,"[""ECFP_184""]"
final,1073,1,ECFP_1840,ECFP_1840,ECFP_1840,algorithmic_medoid,True,True,1,0.0,1.0,1.0,1.0,0.0,860,0.05269875608436992,"[""ECFP_1840""]"
final,1074,1,ECFP_1841,ECFP_1841,ECFP_1841,algorithmic_medoid,True,True,1,0.0,1.0,1.0,1.0,0.0,860,0.0034762033531638738,"[""ECFP_1841""]"
final,1075,1,ECFP_1843,ECFP_1843,ECFP_1843,algorithmic_medoid,True,True,1,0.0,1.0,1.0,1.0,0.0,860,0.006928069226608975,"[""ECFP_1843""]"
final,1076,1,ECFP_1844,ECFP_1844,ECFP_1844,algorithmic_medoid,True,True,1,0.0,1.0,1.0,1.0,0.0,860,0.08813412655489453,"[""ECFP_1844""]"
final,1077,1,ECFP_1845,ECFP_1845,ECFP_1845,algorithmic_medoid,True,True,1,0.0,1.0,1.0,1.0,0.0,860,0.002320173066522444,"[""ECFP_1845""]"
final,1078,1,ECFP_1846,ECFP_1846,ECFP_1846,algorithmic_medoid,True,True,1,0.0,1.0,1.0,1.0,0.0,860,0.006928069226608975,"[""ECFP_1846""]"
final,1079,1,ECFP_1847,ECFP_1847,ECFP_1847,algorithmic_medoid,True,True,1,0.0,1.0,1.0,1.0,0.0,860,0.046452136289886425,"[""ECFP_1847""]"
final,1080,1,ECFP_1848,ECFP_1848,ECFP_1848,algorithmic_medoid,True,True,1,0.0,1.0,1.0,1.0,0.0,860,0.00921579232017307,"[""ECFP_1848""]"
final,1081,1,ECFP_1849,ECFP_1849,ECFP_1849,algorithmic_medoid,True,True,1,0.0,1.0,1.0,1.0,0.0,860,0.03689967550027042,"[""ECFP_1849""]"
final,1082,1,ECFP_185,ECFP_185,ECFP_185,algorithmic_medoid,True,True,1,0.0,1.0,1.0,1.0,0.0,860,0.002320173066522443,"[""ECFP_185""]"
final,1083,1,ECFP_1850,ECFP_1850,ECFP_1850,algorithmic_medoid,True,True,1,0.0,1.0,1.0,1.0,0.0,860,0.0023201730665224434,"[""ECFP_1850""]"
final,1084,1,ECFP_1851,ECFP_1851,ECFP_1851,algorithmic_medoid,True,True,1,0.0,1.0,1.0,1.0,0.0,860,0.003476203353163874,"[""ECFP_1851""]"
final,1085,1,ECFP_1852,ECFP_1852,ECFP_1852,algorithmic_medoid,True,True,1,0.0,1.0,1.0,1.0,0.0,860,0.0034762033531638733,"[""ECFP_1852""]"
final,1086,1,ECFP_1853,ECFP_1853,ECFP_1853,algorithmic_medoid,True,True,1,0.0,1.0,1.0,1.0,0.0,860,0.05062736614386155,"[""ECFP_1853""]"
final,1087,1,ECFP_1854,ECFP_1854,ECFP_1854,algorithmic_medoid,True,True,1,0.0,1.0,1.0,1.0,0.0,860,0.023822336398053003,"[""ECFP_1854""]"
final,1088,1,ECFP_1855,ECFP_1855,ECFP_1855,algorithmic_medoid,True,True,1,0.0,1.0,1.0,1.0,0.0,860,0.13940508382909683,"[""ECFP_1855""]"
final,1089,1,ECFP_1856,ECFP_1856,ECFP_1856,algorithmic_medoid,True,True,1,0.0,1.0,1.0,1.0,0.0,860,0.005780151433207137,"[""ECFP_1856""]"
final,1090,1,ECFP_1857,ECFP_1857,ECFP_1857,algorithmic_medoid,True,True,1,0.0,1.0,1.0,1.0,0.0,860,0.016014061654948616,"[""ECFP_1857""]"
final,1091,1,ECFP_1859,ECFP_1859,ECFP_1859,algorithmic_medoid,True,True,1,0.0,1.0,1.0,1.0,0.0,860,0.035824770146024865,"[""ECFP_1859""]"
final,1092,1,ECFP_186,ECFP_186,ECFP_186,algorithmic_medoid,True,True,1,0.0,1.0,1.0,1.0,0.0,860,0.03149810708491077,"[""ECFP_186""]"
final,1093,1,ECFP_1860,ECFP_1860,ECFP_1860,algorithmic_medoid,True,True,1,0.0,1.0,1.0,1.0,0.0,860,0.01937669010275825,"[""ECFP_1860""]"
final,1094,1,ECFP_1861,ECFP_1861,ECFP_1861,algorithmic_medoid,True,True,1,0.0,1.0,1.0,1.0,0.0,860,0.0023201730665224434,"[""ECFP_1861""]"
final,1095,1,ECFP_1862,ECFP_1862,ECFP_1862,algorithmic_medoid,True,True,1,0.0,1.0,1.0,1.0,0.0,860,0.020492157923201734,"[""ECFP_1862""]"
final,1096,1,ECFP_1863,ECFP_1863,ECFP_1863,algorithmic_medoid,True,True,1,0.0,1.0,1.0,1.0,0.0,860,0.02271498107084911,"[""ECFP_1863""]"
final,1097,1,ECFP_1864,ECFP_1864,ECFP_1864,algorithmic_medoid,True,True,1,0.0,1.0,1.0,1.0,0.0,860,0.008073282855597618,"[""ECFP_1864""]"
final,1098,1,ECFP_1865,ECFP_1865,ECFP_1865,algorithmic_medoid,True,True,1,0.0,1.0,1.0,1.0,0.0,860,0.012627095727420228,"[""ECFP_1865""]"
final,1099,1,ECFP_1866,ECFP_1866,ECFP_1866,algorithmic_medoid,True,True,1,0.0,1.0,1.0,1.0,0.0,860,0.059863439697133584,"[""ECFP_1866""]"
final,1100,1,ECFP_1867,ECFP_1867,ECFP_1867,algorithmic_medoid,True,True,1,0.0,1.0,1.0,1.0,0.0,860,0.004629529475392104,"[""ECFP_1867""]"
final,1101,1,ECFP_1868,ECFP_1868,ECFP_1868,algorithmic_medoid,True,True,1,0.0,1.0,1.0,1.0,0.0,860,0.0046295294753921044,"[""ECFP_1868""]"
final,1102,1,ECFP_1869,ECFP_1869,ECFP_1869,algorithmic_medoid,True,True,1,0.0,1.0,1.0,1.0,0.0,860,0.001161438615467821,"[""ECFP_1869""]"
final,1103,1,ECFP_187,ECFP_187,ECFP_187,algorithmic_medoid,True,True,1,0.0,1.0,1.0,1.0,0.0,860,0.009215792320173069,"[""ECFP_187""]"
final,1104,1,ECFP_1870,ECFP_1870,ECFP_1870,algorithmic_medoid,True,True,1,0.0,1.0,1.0,1.0,0.0,860,0.006928069226608974,"[""ECFP_1870""]"
final,1105,1,ECFP_1871,ECFP_1871,ECFP_1871,algorithmic_medoid,True,True,1,0.0,1.0,1.0,1.0,0.0,860,0.010355597620335315,"[""ECFP_1871""]"
final,1106,1,ECFP_1872,ECFP_1872,ECFP_1872,algorithmic_medoid,True,True,1,0.0,1.0,1.0,1.0,0.0,860,0.0023201730665224434,"[""ECFP_1872""]"
final,1107,1,ECFP_1873,ECFP_1873,ECFP_1873,algorithmic_medoid,True,True,1,0.0,1.0,1.0,1.0,0.0,860,0.18808004326663064,"[""ECFP_1873""]"
final,1108,1,ECFP_1874,ECFP_1874,ECFP_1874,algorithmic_medoid,True,True,1,0.0,1.0,1.0,1.0,0.0,860,0.0046295294753921044,"[""ECFP_1874""]"
final,1109,1,ECFP_1875,ECFP_1875,ECFP_1875,algorithmic_medoid,True,True,1,0.0,1.0,1.0,1.0,0.0,860,0.0023201730665224434,"[""ECFP_1875""]"
final,1110,1,ECFP_1876,ECFP_1876,ECFP_1876,algorithmic_medoid,True,True,1,0.0,1.0,1.0,1.0,0.0,860,0.027128177393185505,"[""ECFP_1876""]"
final,1111,1,ECFP_1877,ECFP_1877,ECFP_1877,algorithmic_medoid,True,True,1,0.0,1.0,1.0,1.0,0.0,860,0.005780151433207137,"[""ECFP_1877""]"
final,1112,1,ECFP_1878,ECFP_1878,ECFP_1878,algorithmic_medoid,True,True,1,0.0,1.0,1.0,1.0,0.0,860,0.013758788534342887,"[""ECFP_1878""]"
final,1113,1,ECFP_1879,ECFP_1879,ECFP_1879,algorithmic_medoid,True,True,1,0.0,1.0,1.0,1.0,0.0,860,0.018258518117901575,"[""ECFP_1879""]"
final,1114,1,ECFP_188,ECFP_188,ECFP_188,algorithmic_medoid,True,True,1,0.0,1.0,1.0,1.0,0.0,860,0.01937669010275825,"[""ECFP_188""]"
final,1115,1,ECFP_1880,ECFP_1880,ECFP_1880,algorithmic_medoid,True,True,1,0.0,1.0,1.0,1.0,0.0,860,0.005780151433207135,"[""ECFP_1880""]"
final,1116,1,ECFP_1881,ECFP_1881,ECFP_1881,algorithmic_medoid,True,True,1,0.0,1.0,1.0,1.0,0.0,860,0.005780151433207137,"[""ECFP_1881""]"
final,1117,1,ECFP_1882,ECFP_1882,ECFP_1882,algorithmic_medoid,True,True,1,0.0,1.0,1.0,1.0,0.0,860,0.005780151433207137,"[""ECFP_1882""]"
final,1118,1,ECFP_1883,ECFP_1883,ECFP_1883,algorithmic_medoid,True,True,1,0.0,1.0,1.0,1.0,0.0,860,0.0069280692266089775,"[""ECFP_1883""]"
final,1119,1,ECFP_1884,ECFP_1884,ECFP_1884,algorithmic_medoid,True,True,1,0.0,1.0,1.0,1.0,0.0,860,0.004629529475392104,"[""ECFP_1884""]"
final,1120,1,ECFP_1885,ECFP_1885,ECFP_1885,algorithmic_medoid,True,True,1,0.0,1.0,1.0,1.0,0.0,860,0.04223363980530016,"[""ECFP_1885""]"
final,1121,1,ECFP_1886,ECFP_1886,ECFP_1886,algorithmic_medoid,True,True,1,0.0,1.0,1.0,1.0,0.0,860,0.0034762033531638738,"[""ECFP_1886""]"
final,1122,1,ECFP_1887,ECFP_1887,ECFP_1887,algorithmic_medoid,True,True,1,0.0,1.0,1.0,1.0,0.0,860,0.020492157923201734,"[""ECFP_1887""]"
final,1123,1,ECFP_1888,ECFP_1888,ECFP_1888,algorithmic_medoid,True,True,1,0.0,1.0,1.0,1.0,0.0,860,0.01149269875608437,"[""ECFP_1888""]"
final,1124,1,ECFP_1889,ECFP_1889,ECFP_1889,algorithmic_medoid,True,True,1,0.0,1.0,1.0,1.0,0.0,860,0.002320173066522444,"[""ECFP_1889""]"
final,1125,1,ECFP_189,ECFP_189,ECFP_189,algorithmic_medoid,True,True,1,0.0,1.0,1.0,1.0,0.0,860,0.002320173066522443,"[""ECFP_189""]"
final,1126,1,ECFP_1890,ECFP_1890,ECFP_1890,algorithmic_medoid,True,True,1,0.0,1.0,1.0,1.0,0.0,860,0.0011614386154678205,"[""ECFP_1890""]"
final,1127,1,ECFP_1891,ECFP_1891,ECFP_1891,algorithmic_medoid,True,True,1,0.0,1.0,1.0,1.0,0.0,860,0.012627095727420226,"[""ECFP_1891""]"
final,1128,1,ECFP_1892,ECFP_1892,ECFP_1892,algorithmic_medoid,True,True,1,0.0,1.0,1.0,1.0,0.0,860,0.00807328285559762,"[""ECFP_1892""]"
final,1129,1,ECFP_1893,ECFP_1893,ECFP_1893,algorithmic_medoid,True,True,1,0.0,1.0,1.0,1.0,0.0,860,0.05166441319632235,"[""ECFP_1893""]"
final,1130,2,ECFP_1894,ECFP_1894,ECFP_1894,algorithmic_medoid,True,True,1,0.0,1.0,1.0,1.0,0.0,860,0.001161438615467821,"[""ECFP_1894"", ""ECFP_757""]"
final,1130,2,ECFP_757,ECFP_1894,ECFP_1894,algorithmic_medoid,False,False,2,0.0,1.0,1.0,1.0,0.0,860,0.001161438615467821,"[""ECFP_1894"", ""ECFP_757""]"
final,1131,1,ECFP_1895,ECFP_1895,ECFP_1895,algorithmic_medoid,True,True,1,0.0,1.0,1.0,1.0,0.0,860,0.020492157923201734,"[""ECFP_1895""]"
final,1132,1,ECFP_1897,ECFP_1897,ECFP_1897,algorithmic_medoid,True,True,1,0.0,1.0,1.0,1.0,0.0,860,0.012627095727420226,"[""ECFP_1897""]"
final,1133,1,ECFP_1898,ECFP_1898,ECFP_1898,algorithmic_medoid,True,True,1,0.0,1.0,1.0,1.0,0.0,860,0.024926987560843706,"[""ECFP_1898""]"
final,1134,1,ECFP_1899,ECFP_1899,ECFP_1899,algorithmic_medoid,True,True,1,0.0,1.0,1.0,1.0,0.0,860,0.005780151433207135,"[""ECFP_1899""]"
final,1135,1,ECFP_19,ECFP_19,ECFP_19,algorithmic_medoid,True,True,1,0.0,1.0,1.0,1.0,0.0,860,0.010355597620335315,"[""ECFP_19""]"
final,1136,1,ECFP_190,ECFP_190,ECFP_190,algorithmic_medoid,True,True,1,0.0,1.0,1.0,1.0,0.0,860,0.003476203353163873,"[""ECFP_190""]"
final,1137,1,ECFP_1900,ECFP_1900,ECFP_1900,algorithmic_medoid,True,True,1,0.0,1.0,1.0,1.0,0.0,860,0.0034762033531638738,"[""ECFP_1900""]"
final,1138,1,ECFP_1901,ECFP_1901,ECFP_1901,algorithmic_medoid,True,True,1,0.0,1.0,1.0,1.0,0.0,860,0.003476203353163874,"[""ECFP_1901""]"
final,1139,1,ECFP_1902,ECFP_1902,ECFP_1902,algorithmic_medoid,True,True,1,0.0,1.0,1.0,1.0,0.0,860,0.0034762033531638733,"[""ECFP_1902""]"
final,1140,1,ECFP_1903,ECFP_1903,ECFP_1903,algorithmic_medoid,True,True,1,0.0,1.0,1.0,1.0,0.0,860,0.0011614386154678207,"[""ECFP_1903""]"
final,1141,1,ECFP_1904,ECFP_1904,ECFP_1904,algorithmic_medoid,True,True,1,0.0,1.0,1.0,1.0,0.0,860,0.0034762033531638738,"[""ECFP_1904""]"
final,1142,1,ECFP_1905,ECFP_1905,ECFP_1905,algorithmic_medoid,True,True,1,0.0,1.0,1.0,1.0,0.0,860,0.03258382909680908,"[""ECFP_1905""]"
final,1143,1,ECFP_1906,ECFP_1906,ECFP_1906,algorithmic_medoid,True,True,1,0.0,1.0,1.0,1.0,0.0,860,0.004629529475392104,"[""ECFP_1906""]"
final,1144,1,ECFP_1907,ECFP_1907,ECFP_1907,algorithmic_medoid,True,True,1,0.0,1.0,1.0,1.0,0.0,860,0.0034762033531638733,"[""ECFP_1907""]"
final,1145,1,ECFP_1908,ECFP_1908,ECFP_1908,algorithmic_medoid,True,True,1,0.0,1.0,1.0,1.0,0.0,860,0.01825851811790158,"[""ECFP_1908""]"
final,1146,1,ECFP_1909,ECFP_1909,ECFP_1909,algorithmic_medoid,True,True,1,0.0,1.0,1.0,1.0,0.0,860,0.006928069226608975,"[""ECFP_1909""]"
final,1147,1,ECFP_191,ECFP_191,ECFP_191,algorithmic_medoid,True,True,1,0.0,1.0,1.0,1.0,0.0,860,0.05475932936722553,"[""ECFP_191""]"
final,1148,1,ECFP_1910,ECFP_1910,ECFP_1910,algorithmic_medoid,True,True,1,0.0,1.0,1.0,1.0,0.0,860,0.018258518117901575,"[""ECFP_1910""]"
final,1149,1,ECFP_1911,ECFP_1911,ECFP_1911,algorithmic_medoid,True,True,1,0.0,1.0,1.0,1.0,0.0,860,0.13628988642509465,"[""ECFP_1911""]"
final,1150,1,ECFP_1912,ECFP_1912,ECFP_1912,algorithmic_medoid,True,True,1,0.0,1.0,1.0,1.0,0.0,860,0.013758788534342887,"[""ECFP_1912""]"
final,1151,1,ECFP_1914,ECFP_1914,ECFP_1914,algorithmic_medoid,True,True,1,0.0,1.0,1.0,1.0,0.0,860,0.006928069226608975,"[""ECFP_1914""]"
final,1152,1,ECFP_1915,ECFP_1915,ECFP_1915,algorithmic_medoid,True,True,1,0.0,1.0,1.0,1.0,0.0,860,0.009215792320173069,"[""ECFP_1915""]"
final,1153,1,ECFP_1916,ECFP_1916,ECFP_1916,algorithmic_medoid,True,True,1,0.0,1.0,1.0,1.0,0.0,860,0.0046295294753921044,"[""ECFP_1916""]"
final,1154,1,ECFP_1917,ECFP_1917,ECFP_1917,algorithmic_medoid,True,True,1,0.0,1.0,1.0,1.0,0.0,860,0.24804759329367224,"[""ECFP_1917""]"
final,1155,1,ECFP_1918,ECFP_1918,ECFP_1918,algorithmic_medoid,True,True,1,0.0,1.0,1.0,1.0,0.0,860,0.0046295294753921044,"[""ECFP_1918""]"
final,1156,1,ECFP_1919,ECFP_1919,ECFP_1919,algorithmic_medoid,True,True,1,0.0,1.0,1.0,1.0,0.0,860,0.011492698756084368,"[""ECFP_1919""]"
final,1157,1,ECFP_1920,ECFP_1920,ECFP_1920,algorithmic_medoid,True,True,1,0.0,1.0,1.0,1.0,0.0,860,0.01375878853434289,"[""ECFP_1920""]"
final,1158,1,ECFP_1921,ECFP_1921,ECFP_1921,algorithmic_medoid,True,True,1,0.0,1.0,1.0,1.0,0.0,860,0.14774878312601408,"[""ECFP_1921""]"
final,1159,1,ECFP_1922,ECFP_1922,ECFP_1922,algorithmic_medoid,True,True,1,0.0,1.0,1.0,1.0,0.0,860,0.10364926987560845,"[""ECFP_1922""]"
final,1160,1,ECFP_1923,ECFP_1923,ECFP_1923,algorithmic_medoid,True,True,1,0.0,1.0,1.0,1.0,0.0,860,0.03258382909680908,"[""ECFP_1923""]"
final,1161,1,ECFP_1925,ECFP_1925,ECFP_1925,algorithmic_medoid,True,True,1,0.0,1.0,1.0,1.0,0.0,860,0.002320173066522443,"[""ECFP_1925""]"
final,1162,1,ECFP_1926,ECFP_1926,ECFP_1926,algorithmic_medoid,True,True,1,0.0,1.0,1.0,1.0,0.0,860,0.02160492157923202,"[""ECFP_1926""]"
final,1163,1,ECFP_1927,ECFP_1927,ECFP_1927,algorithmic_medoid,True,True,1,0.0,1.0,1.0,1.0,0.0,860,0.004629529475392105,"[""ECFP_1927""]"
final,1164,5,NsF,NsF,NsF,algorithmic_medoid,True,True,1,0.0026552304072470223,0.997344769592753,0.9920308184312104,1.0,0.0,860,1.2127420227149812,"[""ECFP_1928"", ""MACCS_42"", ""NsF"", ""SsF"", ""nF""]"
final,1164,5,nF,NsF,NsF,algorithmic_medoid,False,False,2,0.0026552304072470223,0.997344769592753,0.9920308184312104,1.0,0.0,860,1.2127420227149812,"[""ECFP_1928"", ""MACCS_42"", ""NsF"", ""SsF"", ""nF""]"
final,1164,5,SsF,NsF,NsF,algorithmic_medoid,False,False,3,0.0027975526031454034,0.9972024473968546,0.9918426061591246,0.9998081810007243,0.0,860,209.2395691194841,"[""ECFP_1928"", ""MACCS_42"", ""NsF"", ""SsF"", ""nF""]"
final,1164,5,MACCS_42,NsF,NsF,algorithmic_medoid,False,False,4,0.0032729667421832476,0.9967270332578168,0.9944771537262685,0.9975400789390769,0.0,860,0.10453758788534341,"[""ECFP_1928"", ""MACCS_42"", ""NsF"", ""SsF"", ""nF""]"
final,1164,5,ECFP_1928,NsF,NsF,algorithmic_medoid,False,False,5,0.007404650813046532,0.9925953491869535,0.9918426061591246,0.9944771537262685,0.0,860,0.10542320173066523,"[""ECFP_1928"", ""MACCS_42"", ""NsF"", ""SsF"", ""nF""]"
final,1165,1,ECFP_1929,ECFP_1929,ECFP_1929,algorithmic_medoid,True,True,1,0.0,1.0,1.0,1.0,0.0,860,0.01149269875608437,"[""ECFP_1929""]"
final,1166,1,ECFP_193,ECFP_193,ECFP_193,algorithmic_medoid,True,True,1,0.0,1.0,1.0,1.0,0.0,860,0.04329232017306652,"[""ECFP_193""]"
final,1167,1,ECFP_1930,ECFP_1930,ECFP_1930,algorithmic_medoid,True,True,1,0.0,1.0,1.0,1.0,0.0,860,0.006928069226608975,"[""ECFP_1930""]"
final,1168,2,ECFP_1931,ECFP_1931,ECFP_1931,algorithmic_medoid,True,True,1,0.0,1.0,1.0,1.0,0.0,860,0.0011614386154678207,"[""ECFP_1931"", ""ECFP_791""]"
final,1168,2,ECFP_791,ECFP_1931,ECFP_1931,algorithmic_medoid,False,False,2,0.0,1.0,1.0,1.0,0.0,860,0.0011614386154678207,"[""ECFP_1931"", ""ECFP_791""]"
final,1169,1,ECFP_1932,ECFP_1932,ECFP_1932,algorithmic_medoid,True,True,1,0.0,1.0,1.0,1.0,0.0,860,0.010355597620335315,"[""ECFP_1932""]"
final,1170,1,ECFP_1933,ECFP_1933,ECFP_1933,algorithmic_medoid,True,True,1,0.0,1.0,1.0,1.0,0.0,860,0.0046295294753921044,"[""ECFP_1933""]"
final,1171,1,ECFP_1934,ECFP_1934,ECFP_1934,algorithmic_medoid,True,True,1,0.0,1.0,1.0,1.0,0.0,860,0.006928069226608977,"[""ECFP_1934""]"
final,1172,1,ECFP_1935,ECFP_1935,ECFP_1935,algorithmic_medoid,True,True,1,0.0,1.0,1.0,1.0,0.0,860,0.018258518117901575,"[""ECFP_1935""]"
final,1173,1,ECFP_1936,ECFP_1936,ECFP_1936,algorithmic_medoid,True,True,1,0.0,1.0,1.0,1.0,0.0,860,0.013758788534342887,"[""ECFP_1936""]"
final,1174,1,ECFP_1937,ECFP_1937,ECFP_1937,algorithmic_medoid,True,True,1,0.0,1.0,1.0,1.0,0.0,860,0.03582477014602487,"[""ECFP_1937""]"
final,1175,1,ECFP_1938,ECFP_1938,ECFP_1938,algorithmic_medoid,True,True,1,0.0,1.0,1.0,1.0,0.0,860,0.012627095727420226,"[""ECFP_1938""]"
final,1176,1,ECFP_1939,ECFP_1939,ECFP_1939,algorithmic_medoid,True,True,1,0.0,1.0,1.0,1.0,0.0,860,0.002320173066522443,"[""ECFP_1939""]"
final,1177,1,ECFP_194,ECFP_194,ECFP_194,algorithmic_medoid,True,True,1,0.0,1.0,1.0,1.0,0.0,860,0.028224716062736608,"[""ECFP_194""]"
final,1178,1,ECFP_1940,ECFP_1940,ECFP_1940,algorithmic_medoid,True,True,1,0.0,1.0,1.0,1.0,0.0,860,0.006928069226608975,"[""ECFP_1940""]"
final,1179,1,ECFP_1941,ECFP_1941,ECFP_1941,algorithmic_medoid,True,True,1,0.0,1.0,1.0,1.0,0.0,860,0.010355597620335315,"[""ECFP_1941""]"
final,1180,1,ECFP_1942,ECFP_1942,ECFP_1942,algorithmic_medoid,True,True,1,0.0,1.0,1.0,1.0,0.0,860,0.009215792320173069,"[""ECFP_1942""]"
final,1181,1,ECFP_1943,ECFP_1943,ECFP_1943,algorithmic_medoid,True,True,1,0.0,1.0,1.0,1.0,0.0,860,0.02271498107084911,"[""ECFP_1943""]"
final,1182,1,ECFP_1944,ECFP_1944,ECFP_1944,algorithmic_medoid,True,True,1,0.0,1.0,1.0,1.0,0.0,860,0.005780151433207135,"[""ECFP_1944""]"
final,1183,1,ECFP_1945,ECFP_1945,ECFP_1945,algorithmic_medoid,True,True,1,0.0,1.0,1.0,1.0,0.0,860,0.001161438615467821,"[""ECFP_1945""]"
final,1184,1,ECFP_1946,ECFP_1946,ECFP_1946,algorithmic_medoid,True,True,1,0.0,1.0,1.0,1.0,0.0,860,0.014887777176852357,"[""ECFP_1946""]"
final,1185,1,ECFP_1947,ECFP_1947,ECFP_1947,algorithmic_medoid,True,True,1,0.0,1.0,1.0,1.0,0.0,860,0.0046295294753921044,"[""ECFP_1947""]"
final,1186,1,ECFP_1948,ECFP_1948,ECFP_1948,algorithmic_medoid,True,True,1,0.0,1.0,1.0,1.0,0.0,860,0.010355597620335315,"[""ECFP_1948""]"
final,1187,1,ECFP_1949,ECFP_1949,ECFP_1949,algorithmic_medoid,True,True,1,0.0,1.0,1.0,1.0,0.0,860,0.009215792320173069,"[""ECFP_1949""]"
final,1188,1,ECFP_195,ECFP_195,ECFP_195,algorithmic_medoid,True,True,1,0.0,1.0,1.0,1.0,0.0,860,0.005780151433207137,"[""ECFP_195""]"
final,1189,1,ECFP_1950,ECFP_1950,ECFP_1950,algorithmic_medoid,True,True,1,0.0,1.0,1.0,1.0,0.0,860,0.12422255273120607,"[""ECFP_1950""]"
final,1190,1,ECFP_1951,ECFP_1951,ECFP_1951,algorithmic_medoid,True,True,1,0.0,1.0,1.0,1.0,0.0,860,0.07085451595457004,"[""ECFP_1951""]"
final,1191,1,ECFP_1952,ECFP_1952,ECFP_1952,algorithmic_medoid,True,True,1,0.0,1.0,1.0,1.0,0.0,860,0.0046295294753921044,"[""ECFP_1952""]"
final,1192,1,ECFP_1953,ECFP_1953,ECFP_1953,algorithmic_medoid,True,True,1,0.0,1.0,1.0,1.0,0.0,860,0.0046295294753921044,"[""ECFP_1953""]"
final,1193,1,ECFP_1954,ECFP_1954,ECFP_1954,algorithmic_medoid,True,True,1,0.0,1.0,1.0,1.0,0.0,860,0.005780151433207137,"[""ECFP_1954""]"
final,1194,1,ECFP_1955,ECFP_1955,ECFP_1955,algorithmic_medoid,True,True,1,0.0,1.0,1.0,1.0,0.0,860,0.01601406165494862,"[""ECFP_1955""]"
final,1195,1,ECFP_1956,ECFP_1956,ECFP_1956,algorithmic_medoid,True,True,1,0.0,1.0,1.0,1.0,0.0,860,0.03797187669010275,"[""ECFP_1956""]"
final,1196,1,ECFP_1957,ECFP_1957,ECFP_1957,algorithmic_medoid,True,True,1,0.0,1.0,1.0,1.0,0.0,860,0.03797187669010275,"[""ECFP_1957""]"
final,1197,1,ECFP_1958,ECFP_1958,ECFP_1958,algorithmic_medoid,True,True,1,0.0,1.0,1.0,1.0,0.0,860,0.012627095727420226,"[""ECFP_1958""]"
final,1198,1,ECFP_1959,ECFP_1959,ECFP_1959,algorithmic_medoid,True,True,1,0.0,1.0,1.0,1.0,0.0,860,0.023822336398053003,"[""ECFP_1959""]"
final,1199,1,ECFP_196,ECFP_196,ECFP_196,algorithmic_medoid,True,True,1,0.0,1.0,1.0,1.0,0.0,860,0.014887777176852357,"[""ECFP_196""]"
final,1200,1,ECFP_1960,ECFP_1960,ECFP_1960,algorithmic_medoid,True,True,1,0.0,1.0,1.0,1.0,0.0,860,0.01601406165494862,"[""ECFP_1960""]"
final,1201,1,ECFP_1961,ECFP_1961,ECFP_1961,algorithmic_medoid,True,True,1,0.0,1.0,1.0,1.0,0.0,860,0.0011614386154678211,"[""ECFP_1961""]"
final,1202,1,ECFP_1962,ECFP_1962,ECFP_1962,algorithmic_medoid,True,True,1,0.0,1.0,1.0,1.0,0.0,860,0.012627095727420228,"[""ECFP_1962""]"
final,1203,5,NddsN,NddsN,NddsN,algorithmic_medoid,True,True,1,0.0598961318097645,0.9401038681902355,0.8848176269866439,0.999995393404214,0.0,860,0.06335722011898323,"[""ECFP_1963"", ""ECFP_838"", ""MACCS_63"", ""NddsN"", ""SddsN""]"
final,1203,5,SddsN,NddsN,NddsN,algorithmic_medoid,False,False,2,0.05989931084464084,0.9401006891553592,0.8848135509894921,0.999995393404214,0.0,860,0.09323596251898361,"[""ECFP_1963"", ""ECFP_838"", ""MACCS_63"", ""NddsN"", ""SddsN""]"
final,1203,5,ECFP_1963,NddsN,NddsN,algorithmic_medoid,False,False,3,0.09024318527629294,0.9097568147237071,0.846391810584448,0.9568412843047046,0.0,860,0.013758788534342887,"[""ECFP_1963"", ""ECFP_838"", ""MACCS_63"", ""NddsN"", ""SddsN""]"
final,1203,5,ECFP_838,NddsN,NddsN,algorithmic_medoid,False,False,4,0.11777092301738912,0.8822290769826109,0.8124409166790102,0.9187611680653796,0.0,860,0.014887777176852359,"[""ECFP_1963"", ""ECFP_838"", ""MACCS_63"", ""NddsN"", ""SddsN""]"
final,1203,5,MACCS_63,NddsN,NddsN,algorithmic_medoid,False,False,5,0.14288402369010145,0.8571159763098986,0.8124409166790102,0.8848176269866439,0.0,860,0.016014061654948616,"[""ECFP_1963"", ""ECFP_838"", ""MACCS_63"", ""NddsN"", ""SddsN""]"
final,1204,1,ECFP_1964,ECFP_1964,ECFP_1964,algorithmic_medoid,True,True,1,0.0,1.0,1.0,1.0,0.0,860,0.020492157923201734,"[""ECFP_1964""]"
final,1205,1,ECFP_1965,ECFP_1965,ECFP_1965,algorithmic_medoid,True,True,1,0.0,1.0,1.0,1.0,0.0,860,0.004629529475392104,"[""ECFP_1965""]"
final,1206,1,ECFP_1966,ECFP_1966,ECFP_1966,algorithmic_medoid,True,True,1,0.0,1.0,1.0,1.0,0.0,860,0.00807328285559762,"[""ECFP_1966""]"
final,1207,1,ECFP_1967,ECFP_1967,ECFP_1967,algorithmic_medoid,True,True,1,0.0,1.0,1.0,1.0,0.0,860,0.001161438615467821,"[""ECFP_1967""]"
final,1208,1,ECFP_1968,ECFP_1968,ECFP_1968,algorithmic_medoid,True,True,1,0.0,1.0,1.0,1.0,0.0,860,0.011492698756084371,"[""ECFP_1968""]"
final,1209,1,ECFP_1969,ECFP_1969,ECFP_1969,algorithmic_medoid,True,True,1,0.0,1.0,1.0,1.0,0.0,860,0.023822336398053003,"[""ECFP_1969""]"
final,1210,1,ECFP_197,ECFP_197,ECFP_197,algorithmic_medoid,True,True,1,0.0,1.0,1.0,1.0,0.0,860,0.05986343969713359,"[""ECFP_197""]"
final,1211,1,ECFP_1970,ECFP_1970,ECFP_1970,algorithmic_medoid,True,True,1,0.0,1.0,1.0,1.0,0.0,860,0.08719713358572202,"[""ECFP_1970""]"
final,1212,1,ECFP_1971,ECFP_1971,ECFP_1971,algorithmic_medoid,True,True,1,0.0,1.0,1.0,1.0,0.0,860,0.006928069226608975,"[""ECFP_1971""]"
final,1213,1,ECFP_1972,ECFP_1972,ECFP_1972,algorithmic_medoid,True,True,1,0.0,1.0,1.0,1.0,0.0,860,0.018258518117901575,"[""ECFP_1972""]"
final,1214,1,ECFP_1973,ECFP_1973,ECFP_1973,algorithmic_medoid,True,True,1,0.0,1.0,1.0,1.0,0.0,860,0.005780151433207137,"[""ECFP_1973""]"
final,1215,1,ECFP_1974,ECFP_1974,ECFP_1974,algorithmic_medoid,True,True,1,0.0,1.0,1.0,1.0,0.0,860,0.013758788534342889,"[""ECFP_1974""]"
final,1216,1,ECFP_1975,ECFP_1975,ECFP_1975,algorithmic_medoid,True,True,1,0.0,1.0,1.0,1.0,0.0,860,0.00807328285559762,"[""ECFP_1975""]"
final,1217,1,ECFP_1976,ECFP_1976,ECFP_1976,algorithmic_medoid,True,True,1,0.0,1.0,1.0,1.0,0.0,860,0.005780151433207137,"[""ECFP_1976""]"
final,1218,1,ECFP_1977,ECFP_1977,ECFP_1977,algorithmic_medoid,True,True,1,0.0,1.0,1.0,1.0,0.0,860,0.06289345592212008,"[""ECFP_1977""]"
final,1219,1,ECFP_1978,ECFP_1978,ECFP_1978,algorithmic_medoid,True,True,1,0.0,1.0,1.0,1.0,0.0,860,0.023822336398053003,"[""ECFP_1978""]"
final,1220,1,ECFP_1979,ECFP_1979,ECFP_1979,algorithmic_medoid,True,True,1,0.0,1.0,1.0,1.0,0.0,860,0.013758788534342887,"[""ECFP_1979""]"
final,1221,1,ECFP_198,ECFP_198,ECFP_198,algorithmic_medoid,True,True,1,0.0,1.0,1.0,1.0,0.0,860,0.0046295294753921044,"[""ECFP_198""]"
final,1222,1,ECFP_1980,ECFP_1980,ECFP_1980,algorithmic_medoid,True,True,1,0.0,1.0,1.0,1.0,0.0,860,0.04958761492698757,"[""ECFP_1980""]"
final,1223,1,ECFP_1981,ECFP_1981,ECFP_1981,algorithmic_medoid,True,True,1,0.0,1.0,1.0,1.0,0.0,860,0.014887777176852357,"[""ECFP_1981""]"
final,1224,1,ECFP_1982,ECFP_1982,ECFP_1982,algorithmic_medoid,True,True,1,0.0,1.0,1.0,1.0,0.0,860,0.012627095727420226,"[""ECFP_1982""]"
final,1225,1,ECFP_1983,ECFP_1983,ECFP_1983,algorithmic_medoid,True,True,1,0.0,1.0,1.0,1.0,0.0,860,0.002320173066522444,"[""ECFP_1983""]"
final,1226,1,ECFP_1984,ECFP_1984,ECFP_1984,algorithmic_medoid,True,True,1,0.0,1.0,1.0,1.0,0.0,860,0.029318550567874534,"[""ECFP_1984""]"
final,1227,1,ECFP_1985,ECFP_1985,ECFP_1985,algorithmic_medoid,True,True,1,0.0,1.0,1.0,1.0,0.0,860,0.02271498107084911,"[""ECFP_1985""]"
final,1228,1,ECFP_1986,ECFP_1986,ECFP_1986,algorithmic_medoid,True,True,1,0.0,1.0,1.0,1.0,0.0,860,0.010355597620335314,"[""ECFP_1986""]"
final,1229,1,ECFP_1987,ECFP_1987,ECFP_1987,algorithmic_medoid,True,True,1,0.0,1.0,1.0,1.0,0.0,860,0.0046295294753921044,"[""ECFP_1987""]"
final,1230,1,ECFP_1988,ECFP_1988,ECFP_1988,algorithmic_medoid,True,True,1,0.0,1.0,1.0,1.0,0.0,860,0.03258382909680908,"[""ECFP_1988""]"
final,1231,1,ECFP_1989,ECFP_1989,ECFP_1989,algorithmic_medoid,True,True,1,0.0,1.0,1.0,1.0,0.0,860,0.023822336398053003,"[""ECFP_1989""]"
final,1232,1,ECFP_199,ECFP_199,ECFP_199,algorithmic_medoid,True,True,1,0.0,1.0,1.0,1.0,0.0,860,0.002320173066522444,"[""ECFP_199""]"
final,1233,1,ECFP_1990,ECFP_1990,ECFP_1990,algorithmic_medoid,True,True,1,0.0,1.0,1.0,1.0,0.0,860,0.00807328285559762,"[""ECFP_1990""]"
final,1234,1,ECFP_1991,ECFP_1991,ECFP_1991,algorithmic_medoid,True,True,1,0.0,1.0,1.0,1.0,0.0,860,0.06289345592212008,"[""ECFP_1991""]"
final,1235,1,ECFP_1992,ECFP_1992,ECFP_1992,algorithmic_medoid,True,True,1,0.0,1.0,1.0,1.0,0.0,860,0.01937669010275825,"[""ECFP_1992""]"
final,1236,1,ECFP_1993,ECFP_1993,ECFP_1993,algorithmic_medoid,True,True,1,0.0,1.0,1.0,1.0,0.0,860,0.010355597620335315,"[""ECFP_1993""]"
final,1237,1,ECFP_1994,ECFP_1994,ECFP_1994,algorithmic_medoid,True,True,1,0.0,1.0,1.0,1.0,0.0,860,0.010355597620335315,"[""ECFP_1994""]"
final,1238,1,ECFP_1995,ECFP_1995,ECFP_1995,algorithmic_medoid,True,True,1,0.0,1.0,1.0,1.0,0.0,860,0.009215792320173069,"[""ECFP_1995""]"
final,1239,1,ECFP_1996,ECFP_1996,ECFP_1996,algorithmic_medoid,True,True,1,0.0,1.0,1.0,1.0,0.0,860,0.004629529475392104,"[""ECFP_1996""]"
final,1240,1,ECFP_1997,ECFP_1997,ECFP_1997,algorithmic_medoid,True,True,1,0.0,1.0,1.0,1.0,0.0,860,0.017137641968631684,"[""ECFP_1997""]"
final,1241,1,ECFP_1998,ECFP_1998,ECFP_1998,algorithmic_medoid,True,True,1,0.0,1.0,1.0,1.0,0.0,860,0.036899675500270415,"[""ECFP_1998""]"
final,1242,1,ECFP_1999,ECFP_1999,ECFP_1999,algorithmic_medoid,True,True,1,0.0,1.0,1.0,1.0,0.0,860,0.013758788534342887,"[""ECFP_1999""]"
final,1243,1,ECFP_2,ECFP_2,ECFP_2,algorithmic_medoid,True,True,1,0.0,1.0,1.0,1.0,0.0,860,0.030409680908599246,"[""ECFP_2""]"
final,1244,1,ECFP_20,ECFP_20,ECFP_20,algorithmic_medoid,True,True,1,0.0,1.0,1.0,1.0,0.0,860,0.012627095727420226,"[""ECFP_20""]"
final,1245,5,n9AHRing,n9AHRing,n9AHRing,algorithmic_medoid,True,True,1,0.04599484291296918,0.9540051570870308,0.8160206283481232,1.0,0.0,860,0.0023201730665224434,"[""ECFP_200"", ""n9AHRing"", ""n9ARing"", ""n9HRing"", ""n9Ring""]"
final,1245,5,n9ARing,n9AHRing,n9AHRing,algorithmic_medoid,False,False,2,0.04599484291296918,0.9540051570870308,0.8160206283481232,1.0,0.0,860,0.0023201730665224434,"[""ECFP_200"", ""n9AHRing"", ""n9ARing"", ""n9HRing"", ""n9Ring""]"
final,1245,5,n9HRing,n9AHRing,n9AHRing,algorithmic_medoid,False,False,3,0.04599484291296918,0.9540051570870308,0.8160206283481232,1.0,0.0,860,0.0023201730665224434,"[""ECFP_200"", ""n9AHRing"", ""n9ARing"", ""n9HRing"", ""n9Ring""]"
final,1245,5,n9Ring,n9AHRing,n9AHRing,algorithmic_medoid,False,False,4,0.04599484291296918,0.9540051570870308,0.8160206283481232,1.0,0.0,860,0.0023201730665224434,"[""ECFP_200"", ""n9AHRing"", ""n9ARing"", ""n9HRing"", ""n9Ring""]"
final,1245,5,ECFP_200,n9AHRing,n9AHRing,algorithmic_medoid,False,False,5,0.18397937165187683,0.8160206283481232,0.8160206283481232,0.8160206283481232,0.0,860,0.0034762033531638738,"[""ECFP_200"", ""n9AHRing"", ""n9ARing"", ""n9HRing"", ""n9Ring""]"
final,1246,1,ECFP_2000,ECFP_2000,ECFP_2000,algorithmic_medoid,True,True,1,0.0,1.0,1.0,1.0,0.0,860,0.028224716062736608,"[""ECFP_2000""]"
final,1247,1,ECFP_2001,ECFP_2001,ECFP_2001,algorithmic_medoid,True,True,1,0.0,1.0,1.0,1.0,0.0,860,0.0023201730665224434,"[""ECFP_2001""]"
final,1248,1,ECFP_2002,ECFP_2002,ECFP_2002,algorithmic_medoid,True,True,1,0.0,1.0,1.0,1.0,0.0,860,0.0023201730665224434,"[""ECFP_2002""]"
final,1249,1,ECFP_2003,ECFP_2003,ECFP_2003,algorithmic_medoid,True,True,1,0.0,1.0,1.0,1.0,0.0,860,0.001161438615467821,"[""ECFP_2003""]"
final,1250,1,ECFP_2004,ECFP_2004,ECFP_2004,algorithmic_medoid,True,True,1,0.0,1.0,1.0,1.0,0.0,860,0.03149810708491077,"[""ECFP_2004""]"
final,1251,1,ECFP_2005,ECFP_2005,ECFP_2005,algorithmic_medoid,True,True,1,0.0,1.0,1.0,1.0,0.0,860,0.016014061654948616,"[""ECFP_2005""]"
final,1252,1,ECFP_2006,ECFP_2006,ECFP_2006,algorithmic_medoid,True,True,1,0.0,1.0,1.0,1.0,0.0,860,0.028224716062736608,"[""ECFP_2006""]"
final,1253,1,ECFP_2007,ECFP_2007,ECFP_2007,algorithmic_medoid,True,True,1,0.0,1.0,1.0,1.0,0.0,860,0.005780151433207137,"[""ECFP_2007""]"
final,1254,1,ECFP_2008,ECFP_2008,ECFP_2008,algorithmic_medoid,True,True,1,0.0,1.0,1.0,1.0,0.0,860,0.012627095727420226,"[""ECFP_2008""]"
final,1255,1,ECFP_2009,ECFP_2009,ECFP_2009,algorithmic_medoid,True,True,1,0.0,1.0,1.0,1.0,0.0,860,0.020492157923201734,"[""ECFP_2009""]"
final,1256,1,ECFP_201,ECFP_201,ECFP_201,algorithmic_medoid,True,True,1,0.0,1.0,1.0,1.0,0.0,860,0.01149269875608437,"[""ECFP_201""]"
final,1257,1,ECFP_2010,ECFP_2010,ECFP_2010,algorithmic_medoid,True,True,1,0.0,1.0,1.0,1.0,0.0,860,0.005780151433207137,"[""ECFP_2010""]"
final,1258,1,ECFP_2011,ECFP_2011,ECFP_2011,algorithmic_medoid,True,True,1,0.0,1.0,1.0,1.0,0.0,860,0.006928069226608977,"[""ECFP_2011""]"
final,1259,1,ECFP_2013,ECFP_2013,ECFP_2013,algorithmic_medoid,True,True,1,0.0,1.0,1.0,1.0,0.0,860,0.0046295294753921044,"[""ECFP_2013""]"
final,1260,1,ECFP_2014,ECFP_2014,ECFP_2014,algorithmic_medoid,True,True,1,0.0,1.0,1.0,1.0,0.0,860,0.0034762033531638746,"[""ECFP_2014""]"
final,1261,1,ECFP_2015,ECFP_2015,ECFP_2015,algorithmic_medoid,True,True,1,0.0,1.0,1.0,1.0,0.0,860,0.0057801514332071376,"[""ECFP_2015""]"
final,1262,1,ECFP_2016,ECFP_2016,ECFP_2016,algorithmic_medoid,True,True,1,0.0,1.0,1.0,1.0,0.0,860,0.017137641968631684,"[""ECFP_2016""]"
final,1263,1,ECFP_2017,ECFP_2017,ECFP_2017,algorithmic_medoid,True,True,1,0.0,1.0,1.0,1.0,0.0,860,0.024926987560843702,"[""ECFP_2017""]"
final,1264,1,ECFP_2018,ECFP_2018,ECFP_2018,algorithmic_medoid,True,True,1,0.0,1.0,1.0,1.0,0.0,860,0.00807328285559762,"[""ECFP_2018""]"
final,1265,1,ECFP_202,ECFP_202,ECFP_202,algorithmic_medoid,True,True,1,0.0,1.0,1.0,1.0,0.0,860,0.05986343969713359,"[""ECFP_202""]"
final,1266,1,ECFP_2020,ECFP_2020,ECFP_2020,algorithmic_medoid,True,True,1,0.0,1.0,1.0,1.0,0.0,860,0.005780151433207137,"[""ECFP_2020""]"
final,1267,1,ECFP_2021,ECFP_2021,ECFP_2021,algorithmic_medoid,True,True,1,0.0,1.0,1.0,1.0,0.0,860,0.061886154678204464,"[""ECFP_2021""]"
final,1268,1,ECFP_2022,ECFP_2022,ECFP_2022,algorithmic_medoid,True,True,1,0.0,1.0,1.0,1.0,0.0,860,0.006928069226608975,"[""ECFP_2022""]"
final,1269,1,ECFP_2023,ECFP_2023,ECFP_2023,algorithmic_medoid,True,True,1,0.0,1.0,1.0,1.0,0.0,860,0.013758788534342889,"[""ECFP_2023""]"
final,1270,1,ECFP_2024,ECFP_2024,ECFP_2024,algorithmic_medoid,True,True,1,0.0,1.0,1.0,1.0,0.0,860,0.006928069226608975,"[""ECFP_2024""]"
final,1271,1,ECFP_2025,ECFP_2025,ECFP_2025,algorithmic_medoid,True,True,1,0.0,1.0,1.0,1.0,0.0,860,0.002320173066522443,"[""ECFP_2025""]"
final,1272,1,ECFP_2026,ECFP_2026,ECFP_2026,algorithmic_medoid,True,True,1,0.0,1.0,1.0,1.0,0.0,860,0.016014061654948616,"[""ECFP_2026""]"
final,1273,1,ECFP_2027,ECFP_2027,ECFP_2027,algorithmic_medoid,True,True,1,0.0,1.0,1.0,1.0,0.0,860,0.016014061654948616,"[""ECFP_2027""]"
final,1274,1,ECFP_2028,ECFP_2028,ECFP_2028,algorithmic_medoid,True,True,1,0.0,1.0,1.0,1.0,0.0,860,0.006928069226608977,"[""ECFP_2028""]"
final,1275,1,ECFP_203,ECFP_203,ECFP_203,algorithmic_medoid,True,True,1,0.0,1.0,1.0,1.0,0.0,860,0.024926987560843702,"[""ECFP_203""]"
final,1276,5,ECFP_2030,ECFP_2030,ECFP_2030,algorithmic_medoid,True,True,1,0.0,1.0,1.0,1.0,0.0,860,0.0011614386154678205,"[""ECFP_2030"", ""n4FAHRing"", ""n4FARing"", ""n4FHRing"", ""n4FRing""]"
final,1276,5,n4FAHRing,ECFP_2030,ECFP_2030,algorithmic_medoid,False,False,2,0.0,1.0,1.0,1.0,0.0,860,0.0011614386154678205,"[""ECFP_2030"", ""n4FAHRing"", ""n4FARing"", ""n4FHRing"", ""n4FRing""]"
final,1276,5,n4FARing,ECFP_2030,ECFP_2030,algorithmic_medoid,False,False,3,0.0,1.0,1.0,1.0,0.0,860,0.0011614386154678205,"[""ECFP_2030"", ""n4FAHRing"", ""n4FARing"", ""n4FHRing"", ""n4FRing""]"
final,1276,5,n4FHRing,ECFP_2030,ECFP_2030,algorithmic_medoid,False,False,4,0.0,1.0,1.0,1.0,0.0,860,0.0011614386154678205,"[""ECFP_2030"", ""n4FAHRing"", ""n4FARing"", ""n4FHRing"", ""n4FRing""]"
final,1276,5,n4FRing,ECFP_2030,ECFP_2030,algorithmic_medoid,False,False,5,0.0,1.0,1.0,1.0,0.0,860,0.0011614386154678205,"[""ECFP_2030"", ""n4FAHRing"", ""n4FARing"", ""n4FHRing"", ""n4FRing""]"
final,1277,2,ECFP_423,ECFP_423,ECFP_423,algorithmic_medoid,True,True,1,0.17842359288046106,0.8215764071195389,0.8215764071195389,0.8215764071195389,0.0,860,0.02822471606273661,"[""ECFP_2031"", ""ECFP_423""]"
final,1277,2,ECFP_2031,ECFP_423,ECFP_423,algorithmic_medoid,False,False,2,0.17842359288046106,0.8215764071195389,0.8215764071195389,0.8215764071195389,0.0,860,0.021604921579232023,"[""ECFP_2031"", ""ECFP_423""]"
final,1278,1,ECFP_2032,ECFP_2032,ECFP_2032,algorithmic_medoid,True,True,1,0.0,1.0,1.0,1.0,0.0,860,0.01375878853434289,"[""ECFP_2032""]"
final,1279,1,ECFP_2033,ECFP_2033,ECFP_2033,algorithmic_medoid,True,True,1,0.0,1.0,1.0,1.0,0.0,860,0.021604921579232023,"[""ECFP_2033""]"
final,1280,1,ECFP_2034,ECFP_2034,ECFP_2034,algorithmic_medoid,True,True,1,0.0,1.0,1.0,1.0,0.0,860,0.01149269875608437,"[""ECFP_2034""]"
final,1281,1,ECFP_2035,ECFP_2035,ECFP_2035,algorithmic_medoid,True,True,1,0.0,1.0,1.0,1.0,0.0,860,0.00921579232017307,"[""ECFP_2035""]"
final,1282,1,ECFP_2036,ECFP_2036,ECFP_2036,algorithmic_medoid,True,True,1,0.0,1.0,1.0,1.0,0.0,860,0.008073282855597618,"[""ECFP_2036""]"
final,1283,1,ECFP_2038,ECFP_2038,ECFP_2038,algorithmic_medoid,True,True,1,0.0,1.0,1.0,1.0,0.0,860,0.014887777176852357,"[""ECFP_2038""]"
final,1284,1,ECFP_2039,ECFP_2039,ECFP_2039,algorithmic_medoid,True,True,1,0.0,1.0,1.0,1.0,0.0,860,0.0023201730665224434,"[""ECFP_2039""]"
final,1285,1,ECFP_204,ECFP_204,ECFP_204,algorithmic_medoid,True,True,1,0.0,1.0,1.0,1.0,0.0,860,0.0046295294753921044,"[""ECFP_204""]"
final,1286,1,ECFP_2040,ECFP_2040,ECFP_2040,algorithmic_medoid,True,True,1,0.0,1.0,1.0,1.0,0.0,860,0.002320173066522444,"[""ECFP_2040""]"
final,1287,1,ECFP_2041,ECFP_2041,ECFP_2041,algorithmic_medoid,True,True,1,0.0,1.0,1.0,1.0,0.0,860,0.013758788534342887,"[""ECFP_2041""]"
final,1288,1,ECFP_2042,ECFP_2042,ECFP_2042,algorithmic_medoid,True,True,1,0.0,1.0,1.0,1.0,0.0,860,0.024926987560843706,"[""ECFP_2042""]"
final,1289,1,ECFP_2043,ECFP_2043,ECFP_2043,algorithmic_medoid,True,True,1,0.0,1.0,1.0,1.0,0.0,860,0.01937669010275825,"[""ECFP_2043""]"
final,1290,1,ECFP_2044,ECFP_2044,ECFP_2044,algorithmic_medoid,True,True,1,0.0,1.0,1.0,1.0,0.0,860,0.04010816657652786,"[""ECFP_2044""]"
final,1291,1,ECFP_2045,ECFP_2045,ECFP_2045,algorithmic_medoid,True,True,1,0.0,1.0,1.0,1.0,0.0,860,0.03149810708491077,"[""ECFP_2045""]"
final,1292,1,ECFP_2046,ECFP_2046,ECFP_2046,algorithmic_medoid,True,True,1,0.0,1.0,1.0,1.0,0.0,860,0.012627095727420226,"[""ECFP_2046""]"
final,1293,1,ECFP_2047,ECFP_2047,ECFP_2047,algorithmic_medoid,True,True,1,0.0,1.0,1.0,1.0,0.0,860,0.0034762033531638733,"[""ECFP_2047""]"
final,1294,1,ECFP_205,ECFP_205,ECFP_205,algorithmic_medoid,True,True,1,0.0,1.0,1.0,1.0,0.0,860,0.018258518117901575,"[""ECFP_205""]"
final,1295,1,ECFP_206,ECFP_206,ECFP_206,algorithmic_medoid,True,True,1,0.0,1.0,1.0,1.0,0.0,860,0.03149810708491077,"[""ECFP_206""]"
final,1296,1,ECFP_207,ECFP_207,ECFP_207,algorithmic_medoid,True,True,1,0.0,1.0,1.0,1.0,0.0,860,0.01937669010275825,"[""ECFP_207""]"
final,1297,1,ECFP_208,ECFP_208,ECFP_208,algorithmic_medoid,True,True,1,0.0,1.0,1.0,1.0,0.0,860,0.017137641968631684,"[""ECFP_208""]"
final,1298,1,ECFP_209,ECFP_209,ECFP_209,algorithmic_medoid,True,True,1,0.0,1.0,1.0,1.0,0.0,860,0.012627095727420224,"[""ECFP_209""]"
final,1299,1,ECFP_21,ECFP_21,ECFP_21,algorithmic_medoid,True,True,1,0.0,1.0,1.0,1.0,0.0,860,0.006928069226608975,"[""ECFP_21""]"
final,1300,1,ECFP_210,ECFP_210,ECFP_210,algorithmic_medoid,True,True,1,0.0,1.0,1.0,1.0,0.0,860,0.017137641968631684,"[""ECFP_210""]"
final,1301,1,ECFP_211,ECFP_211,ECFP_211,algorithmic_medoid,True,True,1,0.0,1.0,1.0,1.0,0.0,860,0.008073282855597618,"[""ECFP_211""]"
final,1302,1,ECFP_212,ECFP_212,ECFP_212,algorithmic_medoid,True,True,1,0.0,1.0,1.0,1.0,0.0,860,0.01149269875608437,"[""ECFP_212""]"
final,1303,1,ECFP_213,ECFP_213,ECFP_213,algorithmic_medoid,True,True,1,0.0,1.0,1.0,1.0,0.0,860,0.00807328285559762,"[""ECFP_213""]"
final,1304,1,ECFP_214,ECFP_214,ECFP_214,algorithmic_medoid,True,True,1,0.0,1.0,1.0,1.0,0.0,860,0.009215792320173069,"[""ECFP_214""]"
final,1305,1,ECFP_215,ECFP_215,ECFP_215,algorithmic_medoid,True,True,1,0.0,1.0,1.0,1.0,0.0,860,0.021604921579232023,"[""ECFP_215""]"
final,1306,2,ECFP_216,ECFP_216,ECFP_216,algorithmic_medoid,True,True,1,0.08961349567789267,0.9103865043221073,0.9103865043221073,0.9103865043221073,0.0,860,0.06689561925365062,"[""ECFP_216"", ""ECFP_816""]"
final,1306,2,ECFP_816,ECFP_216,ECFP_216,algorithmic_medoid,False,False,2,0.08961349567789267,0.9103865043221073,0.9103865043221073,0.9103865043221073,0.0,860,0.06087614926987561,"[""ECFP_216"", ""ECFP_816""]"
final,1307,1,ECFP_217,ECFP_217,ECFP_217,algorithmic_medoid,True,True,1,0.0,1.0,1.0,1.0,0.0,860,0.0034762033531638738,"[""ECFP_217""]"
final,1308,1,ECFP_218,ECFP_218,ECFP_218,algorithmic_medoid,True,True,1,0.0,1.0,1.0,1.0,0.0,860,0.010355597620335314,"[""ECFP_218""]"
final,1309,1,ECFP_219,ECFP_219,ECFP_219,algorithmic_medoid,True,True,1,0.0,1.0,1.0,1.0,0.0,860,0.0034762033531638733,"[""ECFP_219""]"
final,1310,1,ECFP_22,ECFP_22,ECFP_22,algorithmic_medoid,True,True,1,0.0,1.0,1.0,1.0,0.0,860,0.0023201730665224434,"[""ECFP_22""]"
final,1311,1,ECFP_220,ECFP_220,ECFP_220,algorithmic_medoid,True,True,1,0.0,1.0,1.0,1.0,0.0,860,0.0034762033531638733,"[""ECFP_220""]"
final,1312,1,ECFP_221,ECFP_221,ECFP_221,algorithmic_medoid,True,True,1,0.0,1.0,1.0,1.0,0.0,860,0.027128177393185505,"[""ECFP_221""]"
final,1313,1,ECFP_222,ECFP_222,ECFP_222,algorithmic_medoid,True,True,1,0.0,1.0,1.0,1.0,0.0,860,0.15718766901027584,"[""ECFP_222""]"
final,1314,1,ECFP_223,ECFP_223,ECFP_223,algorithmic_medoid,True,True,1,0.0,1.0,1.0,1.0,0.0,860,0.0011614386154678207,"[""ECFP_223""]"
final,1315,1,ECFP_224,ECFP_224,ECFP_224,algorithmic_medoid,True,True,1,0.0,1.0,1.0,1.0,0.0,860,0.0034762033531638738,"[""ECFP_224""]"
final,1316,1,ECFP_225,ECFP_225,ECFP_225,algorithmic_medoid,True,True,1,0.0,1.0,1.0,1.0,0.0,860,0.012627095727420224,"[""ECFP_225""]"
final,1317,1,ECFP_226,ECFP_226,ECFP_226,algorithmic_medoid,True,True,1,0.0,1.0,1.0,1.0,0.0,860,0.014887777176852357,"[""ECFP_226""]"
final,1318,1,ECFP_227,ECFP_227,ECFP_227,algorithmic_medoid,True,True,1,0.0,1.0,1.0,1.0,0.0,860,0.08906841535965387,"[""ECFP_227""]"
final,1319,1,ECFP_228,ECFP_228,ECFP_228,algorithmic_medoid,True,True,1,0.0,1.0,1.0,1.0,0.0,860,0.0046295294753921044,"[""ECFP_228""]"
final,1320,1,ECFP_229,ECFP_229,ECFP_229,algorithmic_medoid,True,True,1,0.0,1.0,1.0,1.0,0.0,860,0.016014061654948612,"[""ECFP_229""]"
final,1321,1,ECFP_23,ECFP_23,ECFP_23,algorithmic_medoid,True,True,1,0.0,1.0,1.0,1.0,0.0,860,0.0046295294753921044,"[""ECFP_23""]"
final,1322,1,ECFP_230,ECFP_230,ECFP_230,algorithmic_medoid,True,True,1,0.0,1.0,1.0,1.0,0.0,860,0.010355597620335317,"[""ECFP_230""]"
final,1323,1,ECFP_231,ECFP_231,ECFP_231,algorithmic_medoid,True,True,1,0.0,1.0,1.0,1.0,0.0,860,0.09644537587885343,"[""ECFP_231""]"
final,1324,1,ECFP_232,ECFP_232,ECFP_232,algorithmic_medoid,True,True,1,0.0,1.0,1.0,1.0,0.0,860,0.05884802595997839,"[""ECFP_232""]"
final,1325,1,ECFP_233,ECFP_233,ECFP_233,algorithmic_medoid,True,True,1,0.0,1.0,1.0,1.0,0.0,860,0.09916711736073554,"[""ECFP_233""]"
final,1326,1,ECFP_235,ECFP_235,ECFP_235,algorithmic_medoid,True,True,1,0.0,1.0,1.0,1.0,0.0,860,0.05269875608436991,"[""ECFP_235""]"
final,1327,1,ECFP_236,ECFP_236,ECFP_236,algorithmic_medoid,True,True,1,0.0,1.0,1.0,1.0,0.0,860,0.005780151433207137,"[""ECFP_236""]"
final,1328,1,ECFP_237,ECFP_237,ECFP_237,algorithmic_medoid,True,True,1,0.0,1.0,1.0,1.0,0.0,860,0.029318550567874527,"[""ECFP_237""]"
final,1329,1,ECFP_238,ECFP_238,ECFP_238,algorithmic_medoid,True,True,1,0.0,1.0,1.0,1.0,0.0,860,0.01601406165494862,"[""ECFP_238""]"
final,1330,1,ECFP_239,ECFP_239,ECFP_239,algorithmic_medoid,True,True,1,0.0,1.0,1.0,1.0,0.0,860,0.00807328285559762,"[""ECFP_239""]"
final,1331,1,ECFP_24,ECFP_24,ECFP_24,algorithmic_medoid,True,True,1,0.0,1.0,1.0,1.0,0.0,860,0.01149269875608437,"[""ECFP_24""]"
final,1332,1,ECFP_240,ECFP_240,ECFP_240,algorithmic_medoid,True,True,1,0.0,1.0,1.0,1.0,0.0,860,0.018258518117901575,"[""ECFP_240""]"
final,1333,1,ECFP_241,ECFP_241,ECFP_241,algorithmic_medoid,True,True,1,0.0,1.0,1.0,1.0,0.0,860,0.01149269875608437,"[""ECFP_241""]"
final,1334,1,ECFP_242,ECFP_242,ECFP_242,algorithmic_medoid,True,True,1,0.0,1.0,1.0,1.0,0.0,860,0.02271498107084911,"[""ECFP_242""]"
final,1335,1,ECFP_243,ECFP_243,ECFP_243,algorithmic_medoid,True,True,1,0.0,1.0,1.0,1.0,0.0,860,0.02160492157923202,"[""ECFP_243""]"
final,1336,1,ECFP_244,ECFP_244,ECFP_244,algorithmic_medoid,True,True,1,0.0,1.0,1.0,1.0,0.0,860,0.005780151433207137,"[""ECFP_244""]"
final,1337,1,ECFP_245,ECFP_245,ECFP_245,algorithmic_medoid,True,True,1,0.0,1.0,1.0,1.0,0.0,860,0.02271498107084911,"[""ECFP_245""]"
final,1338,1,ECFP_246,ECFP_246,ECFP_246,algorithmic_medoid,True,True,1,0.0,1.0,1.0,1.0,0.0,860,0.0034762033531638738,"[""ECFP_246""]"
final,1339,1,ECFP_247,ECFP_247,ECFP_247,algorithmic_medoid,True,True,1,0.0,1.0,1.0,1.0,0.0,860,0.0011614386154678211,"[""ECFP_247""]"
final,1340,1,ECFP_248,ECFP_248,ECFP_248,algorithmic_medoid,True,True,1,0.0,1.0,1.0,1.0,0.0,860,0.016014061654948612,"[""ECFP_248""]"
final,1341,1,ECFP_249,ECFP_249,ECFP_249,algorithmic_medoid,True,True,1,0.0,1.0,1.0,1.0,0.0,860,0.06389805300162252,"[""ECFP_249""]"
final,1342,1,ECFP_25,ECFP_25,ECFP_25,algorithmic_medoid,True,True,1,0.0,1.0,1.0,1.0,0.0,860,0.005780151433207137,"[""ECFP_25""]"
final,1343,1,ECFP_250,ECFP_250,ECFP_250,algorithmic_medoid,True,True,1,0.0,1.0,1.0,1.0,0.0,860,0.011492698756084371,"[""ECFP_250""]"
final,1344,1,ECFP_251,ECFP_251,ECFP_251,algorithmic_medoid,True,True,1,0.0,1.0,1.0,1.0,0.0,860,0.04223363980530017,"[""ECFP_251""]"
final,1345,1,ECFP_252,ECFP_252,ECFP_252,algorithmic_medoid,True,True,1,0.0,1.0,1.0,1.0,0.0,860,0.03689967550027042,"[""ECFP_252""]"
final,1346,1,ECFP_253,ECFP_253,ECFP_253,algorithmic_medoid,True,True,1,0.0,1.0,1.0,1.0,0.0,860,0.04540156841535964,"[""ECFP_253""]"
final,1347,1,ECFP_254,ECFP_254,ECFP_254,algorithmic_medoid,True,True,1,0.0,1.0,1.0,1.0,0.0,860,0.005780151433207137,"[""ECFP_254""]"
final,1348,1,ECFP_255,ECFP_255,ECFP_255,algorithmic_medoid,True,True,1,0.0,1.0,1.0,1.0,0.0,860,0.03149810708491077,"[""ECFP_255""]"
final,1349,1,ECFP_256,ECFP_256,ECFP_256,algorithmic_medoid,True,True,1,0.0,1.0,1.0,1.0,0.0,860,0.005780151433207137,"[""ECFP_256""]"
final,1350,1,ECFP_257,ECFP_257,ECFP_257,algorithmic_medoid,True,True,1,0.0,1.0,1.0,1.0,0.0,860,0.027128177393185505,"[""ECFP_257""]"
final,1351,1,ECFP_258,ECFP_258,ECFP_258,algorithmic_medoid,True,True,1,0.0,1.0,1.0,1.0,0.0,860,0.0023201730665224434,"[""ECFP_258""]"
final,1352,1,ECFP_259,ECFP_259,ECFP_259,algorithmic_medoid,True,True,1,0.0,1.0,1.0,1.0,0.0,860,0.012627095727420224,"[""ECFP_259""]"
final,1353,1,ECFP_26,ECFP_26,ECFP_26,algorithmic_medoid,True,True,1,0.0,1.0,1.0,1.0,0.0,860,0.006928069226608975,"[""ECFP_26""]"
final,1354,1,ECFP_260,ECFP_260,ECFP_260,algorithmic_medoid,True,True,1,0.0,1.0,1.0,1.0,0.0,860,0.027128177393185505,"[""ECFP_260""]"
final,1355,1,ECFP_261,ECFP_261,ECFP_261,algorithmic_medoid,True,True,1,0.0,1.0,1.0,1.0,0.0,860,0.011492698756084368,"[""ECFP_261""]"
final,1356,1,ECFP_262,ECFP_262,ECFP_262,algorithmic_medoid,True,True,1,0.0,1.0,1.0,1.0,0.0,860,0.01149269875608437,"[""ECFP_262""]"
final,1357,1,ECFP_263,ECFP_263,ECFP_263,algorithmic_medoid,True,True,1,0.0,1.0,1.0,1.0,0.0,860,0.01149269875608437,"[""ECFP_263""]"
final,1358,1,ECFP_264,ECFP_264,ECFP_264,algorithmic_medoid,True,True,1,0.0,1.0,1.0,1.0,0.0,860,0.014887777176852357,"[""ECFP_264""]"
final,1359,1,ECFP_265,ECFP_265,ECFP_265,algorithmic_medoid,True,True,1,0.0,1.0,1.0,1.0,0.0,860,0.002320173066522443,"[""ECFP_265""]"
final,1360,1,ECFP_267,ECFP_267,ECFP_267,algorithmic_medoid,True,True,1,0.0,1.0,1.0,1.0,0.0,860,0.005780151433207137,"[""ECFP_267""]"
final,1361,1,ECFP_269,ECFP_269,ECFP_269,algorithmic_medoid,True,True,1,0.0,1.0,1.0,1.0,0.0,860,0.020492157923201734,"[""ECFP_269""]"
final,1362,1,ECFP_27,ECFP_27,ECFP_27,algorithmic_medoid,True,True,1,0.0,1.0,1.0,1.0,0.0,860,0.01937669010275825,"[""ECFP_27""]"
final,1363,1,ECFP_270,ECFP_270,ECFP_270,algorithmic_medoid,True,True,1,0.0,1.0,1.0,1.0,0.0,860,0.010355597620335315,"[""ECFP_270""]"
final,1364,1,ECFP_271,ECFP_271,ECFP_271,algorithmic_medoid,True,True,1,0.0,1.0,1.0,1.0,0.0,860,0.009215792320173069,"[""ECFP_271""]"
final,1365,1,ECFP_272,ECFP_272,ECFP_272,algorithmic_medoid,True,True,1,0.0,1.0,1.0,1.0,0.0,860,0.00807328285559762,"[""ECFP_272""]"
final,1366,1,ECFP_273,ECFP_273,ECFP_273,algorithmic_medoid,True,True,1,0.0,1.0,1.0,1.0,0.0,860,0.005780151433207137,"[""ECFP_273""]"
final,1367,1,ECFP_274,ECFP_274,ECFP_274,algorithmic_medoid,True,True,1,0.0,1.0,1.0,1.0,0.0,860,0.006928069226608975,"[""ECFP_274""]"
final,1368,1,ECFP_275,ECFP_275,ECFP_275,algorithmic_medoid,True,True,1,0.0,1.0,1.0,1.0,0.0,860,0.006928069226608975,"[""ECFP_275""]"
final,1369,1,ECFP_276,ECFP_276,ECFP_276,algorithmic_medoid,True,True,1,0.0,1.0,1.0,1.0,0.0,860,0.03149810708491076,"[""ECFP_276""]"
final,1370,1,ECFP_277,ECFP_277,ECFP_277,algorithmic_medoid,True,True,1,0.0,1.0,1.0,1.0,0.0,860,0.014887777176852357,"[""ECFP_277""]"
final,1371,1,ECFP_278,ECFP_278,ECFP_278,algorithmic_medoid,True,True,1,0.0,1.0,1.0,1.0,0.0,860,0.017137641968631687,"[""ECFP_278""]"
final,1372,1,ECFP_28,ECFP_28,ECFP_28,algorithmic_medoid,True,True,1,0.0,1.0,1.0,1.0,0.0,860,0.014887777176852359,"[""ECFP_28""]"
final,1373,1,ECFP_280,ECFP_280,ECFP_280,algorithmic_medoid,True,True,1,0.0,1.0,1.0,1.0,0.0,860,0.005780151433207137,"[""ECFP_280""]"
final,1374,1,ECFP_281,ECFP_281,ECFP_281,algorithmic_medoid,True,True,1,0.0,1.0,1.0,1.0,0.0,860,0.011492698756084371,"[""ECFP_281""]"
final,1375,1,ECFP_282,ECFP_282,ECFP_282,algorithmic_medoid,True,True,1,0.0,1.0,1.0,1.0,0.0,860,0.010355597620335315,"[""ECFP_282""]"
final,1376,1,ECFP_283,ECFP_283,ECFP_283,algorithmic_medoid,True,True,1,0.0,1.0,1.0,1.0,0.0,860,0.14017712276906436,"[""ECFP_283""]"
final,1377,1,ECFP_284,ECFP_284,ECFP_284,algorithmic_medoid,True,True,1,0.0,1.0,1.0,1.0,0.0,860,0.035824770146024865,"[""ECFP_284""]"
final,1378,1,ECFP_286,ECFP_286,ECFP_286,algorithmic_medoid,True,True,1,0.0,1.0,1.0,1.0,0.0,860,0.018258518117901572,"[""ECFP_286""]"
final,1379,1,ECFP_287,ECFP_287,ECFP_287,algorithmic_medoid,True,True,1,0.0,1.0,1.0,1.0,0.0,860,0.002320173066522444,"[""ECFP_287""]"
final,1380,1,ECFP_288,ECFP_288,ECFP_288,algorithmic_medoid,True,True,1,0.0,1.0,1.0,1.0,0.0,860,0.014887777176852357,"[""ECFP_288""]"
final,1381,1,ECFP_289,ECFP_289,ECFP_289,algorithmic_medoid,True,True,1,0.0,1.0,1.0,1.0,0.0,860,0.03149810708491077,"[""ECFP_289""]"
final,1382,1,ECFP_29,ECFP_29,ECFP_29,algorithmic_medoid,True,True,1,0.0,1.0,1.0,1.0,0.0,860,0.028224716062736608,"[""ECFP_29""]"
final,1383,1,ECFP_291,ECFP_291,ECFP_291,algorithmic_medoid,True,True,1,0.0,1.0,1.0,1.0,0.0,860,0.02271498107084911,"[""ECFP_291""]"
final,1384,1,ECFP_292,ECFP_292,ECFP_292,algorithmic_medoid,True,True,1,0.0,1.0,1.0,1.0,0.0,860,0.006928069226608977,"[""ECFP_292""]"
final,1385,1,ECFP_293,ECFP_293,ECFP_293,algorithmic_medoid,True,True,1,0.0,1.0,1.0,1.0,0.0,860,0.02049215792320173,"[""ECFP_293""]"
final,1386,2,ECFP_294,ECFP_294,ECFP_294,algorithmic_medoid,True,True,1,0.01934001032058663,0.9806599896794134,0.9806599896794134,0.9806599896794134,0.0,860,0.15070173066522444,"[""ECFP_294"", ""MACCS_114""]"
final,1386,2,MACCS_114,ECFP_294,ECFP_294,algorithmic_medoid,False,False,2,0.01934001032058663,0.9806599896794134,0.9806599896794134,0.9806599896794134,0.0,860,0.14700378583017845,"[""ECFP_294"", ""MACCS_114""]"
final,1387,1,ECFP_295,ECFP_295,ECFP_295,algorithmic_medoid,True,True,1,0.0,1.0,1.0,1.0,0.0,860,0.023822336398053003,"[""ECFP_295""]"
final,1388,1,ECFP_296,ECFP_296,ECFP_296,algorithmic_medoid,True,True,1,0.0,1.0,1.0,1.0,0.0,860,0.014887777176852359,"[""ECFP_296""]"
final,1389,1,ECFP_297,ECFP_297,ECFP_297,algorithmic_medoid,True,True,1,0.0,1.0,1.0,1.0,0.0,860,0.02271498107084911,"[""ECFP_297""]"
final,1390,1,ECFP_298,ECFP_298,ECFP_298,algorithmic_medoid,True,True,1,0.0,1.0,1.0,1.0,0.0,860,0.024926987560843706,"[""ECFP_298""]"
final,1391,1,ECFP_299,ECFP_299,ECFP_299,algorithmic_medoid,True,True,1,0.0,1.0,1.0,1.0,0.0,860,0.004629529475392104,"[""ECFP_299""]"
final,1392,1,ECFP_3,ECFP_3,ECFP_3,algorithmic_medoid,True,True,1,0.0,1.0,1.0,1.0,0.0,860,0.002320173066522443,"[""ECFP_3""]"
final,1393,1,ECFP_30,ECFP_30,ECFP_30,algorithmic_medoid,True,True,1,0.0,1.0,1.0,1.0,0.0,860,0.002320173066522443,"[""ECFP_30""]"
final,1394,1,ECFP_300,ECFP_300,ECFP_300,algorithmic_medoid,True,True,1,0.0,1.0,1.0,1.0,0.0,860,0.0034762033531638733,"[""ECFP_300""]"
final,1395,1,ECFP_301,ECFP_301,ECFP_301,algorithmic_medoid,True,True,1,0.0,1.0,1.0,1.0,0.0,860,0.04540156841535964,"[""ECFP_301""]"
final,1396,1,ECFP_302,ECFP_302,ECFP_302,algorithmic_medoid,True,True,1,0.0,1.0,1.0,1.0,0.0,860,0.0034762033531638733,"[""ECFP_302""]"
final,1397,1,ECFP_303,ECFP_303,ECFP_303,algorithmic_medoid,True,True,1,0.0,1.0,1.0,1.0,0.0,860,0.0046295294753921044,"[""ECFP_303""]"
final,1398,1,ECFP_304,ECFP_304,ECFP_304,algorithmic_medoid,True,True,1,0.0,1.0,1.0,1.0,0.0,860,0.0011614386154678207,"[""ECFP_304""]"
final,1399,1,ECFP_305,ECFP_305,ECFP_305,algorithmic_medoid,True,True,1,0.0,1.0,1.0,1.0,0.0,860,0.029318550567874534,"[""ECFP_305""]"
final,1400,1,ECFP_306,ECFP_306,ECFP_306,algorithmic_medoid,True,True,1,0.0,1.0,1.0,1.0,0.0,860,0.013758788534342889,"[""ECFP_306""]"
final,1401,1,ECFP_307,ECFP_307,ECFP_307,algorithmic_medoid,True,True,1,0.0,1.0,1.0,1.0,0.0,860,0.01149269875608437,"[""ECFP_307""]"
final,1402,1,ECFP_308,ECFP_308,ECFP_308,algorithmic_medoid,True,True,1,0.0,1.0,1.0,1.0,0.0,860,0.009215792320173069,"[""ECFP_308""]"
final,1403,1,ECFP_309,ECFP_309,ECFP_309,algorithmic_medoid,True,True,1,0.0,1.0,1.0,1.0,0.0,860,0.03797187669010275,"[""ECFP_309""]"
final,1404,2,ECFP_31,ECFP_31,ECFP_31,algorithmic_medoid,True,True,1,0.06513412262760188,0.9348658773723981,0.9348658773723981,0.9348658773723981,0.0,860,0.009215792320173069,"[""ECFP_31"", ""ECFP_55""]"
final,1404,2,ECFP_55,ECFP_31,ECFP_31,algorithmic_medoid,False,False,2,0.06513412262760188,0.9348658773723981,0.9348658773723981,0.9348658773723981,0.0,860,0.00807328285559762,"[""ECFP_31"", ""ECFP_55""]"
final,1405,1,ECFP_310,ECFP_310,ECFP_310,algorithmic_medoid,True,True,1,0.0,1.0,1.0,1.0,0.0,860,0.05782990805840996,"[""ECFP_310""]"
final,1406,1,ECFP_311,ECFP_311,ECFP_311,algorithmic_medoid,True,True,1,0.0,1.0,1.0,1.0,0.0,860,0.005780151433207137,"[""ECFP_311""]"
final,1407,1,ECFP_313,ECFP_313,ECFP_313,algorithmic_medoid,True,True,1,0.0,1.0,1.0,1.0,0.0,860,0.006928069226608975,"[""ECFP_313""]"
final,1408,1,ECFP_314,ECFP_314,ECFP_314,algorithmic_medoid,True,True,1,0.0,1.0,1.0,1.0,0.0,860,0.24620200108166573,"[""ECFP_314""]"
final,1409,1,ECFP_315,ECFP_315,ECFP_315,algorithmic_medoid,True,True,1,0.0,1.0,1.0,1.0,0.0,860,0.017137641968631684,"[""ECFP_315""]"
final,1410,1,ECFP_316,ECFP_316,ECFP_316,algorithmic_medoid,True,True,1,0.0,1.0,1.0,1.0,0.0,860,0.017137641968631687,"[""ECFP_316""]"
final,1411,1,ECFP_317,ECFP_317,ECFP_317,algorithmic_medoid,True,True,1,0.0,1.0,1.0,1.0,0.0,860,0.006928069226608977,"[""ECFP_317""]"
final,1412,1,ECFP_318,ECFP_318,ECFP_318,algorithmic_medoid,True,True,1,0.0,1.0,1.0,1.0,0.0,860,0.009215792320173069,"[""ECFP_318""]"
final,1413,1,ECFP_319,ECFP_319,ECFP_319,algorithmic_medoid,True,True,1,0.0,1.0,1.0,1.0,0.0,860,0.028224716062736608,"[""ECFP_319""]"
final,1414,1,ECFP_32,ECFP_32,ECFP_32,algorithmic_medoid,True,True,1,0.0,1.0,1.0,1.0,0.0,860,0.009215792320173069,"[""ECFP_32""]"
final,1415,1,ECFP_320,ECFP_320,ECFP_320,algorithmic_medoid,True,True,1,0.0,1.0,1.0,1.0,0.0,860,0.0011614386154678205,"[""ECFP_320""]"
final,1416,1,ECFP_321,ECFP_321,ECFP_321,algorithmic_medoid,True,True,1,0.0,1.0,1.0,1.0,0.0,860,0.016014061654948616,"[""ECFP_321""]"
final,1417,1,ECFP_322,ECFP_322,ECFP_322,algorithmic_medoid,True,True,1,0.0,1.0,1.0,1.0,0.0,860,0.07085451595457005,"[""ECFP_322""]"
final,1418,1,ECFP_323,ECFP_323,ECFP_323,algorithmic_medoid,True,True,1,0.0,1.0,1.0,1.0,0.0,860,0.028224716062736608,"[""ECFP_323""]"
final,1419,1,ECFP_324,ECFP_324,ECFP_324,algorithmic_medoid,True,True,1,0.0,1.0,1.0,1.0,0.0,860,0.005780151433207137,"[""ECFP_324""]"
final,1420,1,ECFP_325,ECFP_325,ECFP_325,algorithmic_medoid,True,True,1,0.0,1.0,1.0,1.0,0.0,860,0.023822336398052996,"[""ECFP_325""]"
final,1421,1,ECFP_326,ECFP_326,ECFP_326,algorithmic_medoid,True,True,1,0.0,1.0,1.0,1.0,0.0,860,0.010355597620335317,"[""ECFP_326""]"
final,1422,1,ECFP_327,ECFP_327,ECFP_327,algorithmic_medoid,True,True,1,0.0,1.0,1.0,1.0,0.0,860,0.005780151433207135,"[""ECFP_327""]"
final,1423,1,ECFP_328,ECFP_328,ECFP_328,algorithmic_medoid,True,True,1,0.0,1.0,1.0,1.0,0.0,860,0.01937669010275825,"[""ECFP_328""]"
final,1424,2,ECFP_329,ECFP_329,ECFP_329,algorithmic_medoid,True,True,1,0.1957331043338395,0.8042668956661605,0.8042668956661605,0.8042668956661605,0.0,860,0.03149810708491077,"[""ECFP_329"", ""ECFP_89""]"
final,1424,2,ECFP_89,ECFP_329,ECFP_329,algorithmic_medoid,False,False,2,0.1957331043338395,0.8042668956661605,0.8042668956661605,0.8042668956661605,0.0,860,0.027128177393185505,"[""ECFP_329"", ""ECFP_89""]"
final,1425,1,ECFP_33,ECFP_33,ECFP_33,algorithmic_medoid,True,True,1,0.0,1.0,1.0,1.0,0.0,860,0.03689967550027042,"[""ECFP_33""]"
final,1426,1,ECFP_330,ECFP_330,ECFP_330,algorithmic_medoid,True,True,1,0.0,1.0,1.0,1.0,0.0,860,0.001161438615467821,"[""ECFP_330""]"
final,1427,1,ECFP_332,ECFP_332,ECFP_332,algorithmic_medoid,True,True,1,0.0,1.0,1.0,1.0,0.0,860,0.0034762033531638733,"[""ECFP_332""]"
final,1428,1,ECFP_333,ECFP_333,ECFP_333,algorithmic_medoid,True,True,1,0.0,1.0,1.0,1.0,0.0,860,0.03689967550027042,"[""ECFP_333""]"
final,1429,1,ECFP_334,ECFP_334,ECFP_334,algorithmic_medoid,True,True,1,0.0,1.0,1.0,1.0,0.0,860,0.024926987560843706,"[""ECFP_334""]"
final,1430,1,ECFP_335,ECFP_335,ECFP_335,algorithmic_medoid,True,True,1,0.0,1.0,1.0,1.0,0.0,860,0.027128177393185505,"[""ECFP_335""]"
final,1431,1,ECFP_336,ECFP_336,ECFP_336,algorithmic_medoid,True,True,1,0.0,1.0,1.0,1.0,0.0,860,0.008073282855597618,"[""ECFP_336""]"
final,1432,1,ECFP_338,ECFP_338,ECFP_338,algorithmic_medoid,True,True,1,0.0,1.0,1.0,1.0,0.0,860,0.005780151433207137,"[""ECFP_338""]"
final,1433,1,ECFP_339,ECFP_339,ECFP_339,algorithmic_medoid,True,True,1,0.0,1.0,1.0,1.0,0.0,860,0.003476203353163874,"[""ECFP_339""]"
final,1434,1,ECFP_34,ECFP_34,ECFP_34,algorithmic_medoid,True,True,1,0.0,1.0,1.0,1.0,0.0,860,0.020492157923201734,"[""ECFP_34""]"
final,1435,1,ECFP_340,ECFP_340,ECFP_340,algorithmic_medoid,True,True,1,0.0,1.0,1.0,1.0,0.0,860,0.009215792320173069,"[""ECFP_340""]"
final,1436,1,ECFP_341,ECFP_341,ECFP_341,algorithmic_medoid,True,True,1,0.0,1.0,1.0,1.0,0.0,860,0.04117225527312061,"[""ECFP_341""]"
final,1437,1,ECFP_342,ECFP_342,ECFP_342,algorithmic_medoid,True,True,1,0.0,1.0,1.0,1.0,0.0,860,0.001161438615467821,"[""ECFP_342""]"
final,1438,1,ECFP_343,ECFP_343,ECFP_343,algorithmic_medoid,True,True,1,0.0,1.0,1.0,1.0,0.0,860,0.018258518117901575,"[""ECFP_343""]"
final,1439,1,ECFP_344,ECFP_344,ECFP_344,algorithmic_medoid,True,True,1,0.0,1.0,1.0,1.0,0.0,860,0.012627095727420226,"[""ECFP_344""]"
final,1440,1,ECFP_345,ECFP_345,ECFP_345,algorithmic_medoid,True,True,1,0.0,1.0,1.0,1.0,0.0,860,0.017137641968631684,"[""ECFP_345""]"
final,1441,1,ECFP_347,ECFP_347,ECFP_347,algorithmic_medoid,True,True,1,0.0,1.0,1.0,1.0,0.0,860,0.003476203353163874,"[""ECFP_347""]"
final,1442,1,ECFP_348,ECFP_348,ECFP_348,algorithmic_medoid,True,True,1,0.0,1.0,1.0,1.0,0.0,860,0.013758788534342889,"[""ECFP_348""]"
final,1443,1,ECFP_349,ECFP_349,ECFP_349,algorithmic_medoid,True,True,1,0.0,1.0,1.0,1.0,0.0,860,0.024926987560843702,"[""ECFP_349""]"
final,1444,1,ECFP_35,ECFP_35,ECFP_35,algorithmic_medoid,True,True,1,0.0,1.0,1.0,1.0,0.0,860,0.01937669010275825,"[""ECFP_35""]"
final,1445,1,ECFP_350,ECFP_350,ECFP_350,algorithmic_medoid,True,True,1,0.0,1.0,1.0,1.0,0.0,860,0.05578555976203352,"[""ECFP_350""]"
final,1446,1,ECFP_351,ECFP_351,ECFP_351,algorithmic_medoid,True,True,1,0.0,1.0,1.0,1.0,0.0,860,0.023822336398053003,"[""ECFP_351""]"
final,1447,1,ECFP_352,ECFP_352,ECFP_352,algorithmic_medoid,True,True,1,0.0,1.0,1.0,1.0,0.0,860,0.07183747971876692,"[""ECFP_352""]"
final,1448,1,ECFP_353,ECFP_353,ECFP_353,algorithmic_medoid,True,True,1,0.0,1.0,1.0,1.0,0.0,860,0.006928069226608975,"[""ECFP_353""]"
final,1449,1,ECFP_354,ECFP_354,ECFP_354,algorithmic_medoid,True,True,1,0.0,1.0,1.0,1.0,0.0,860,0.02160492157923202,"[""ECFP_354""]"
final,1450,1,ECFP_355,ECFP_355,ECFP_355,algorithmic_medoid,True,True,1,0.0,1.0,1.0,1.0,0.0,860,0.009215792320173069,"[""ECFP_355""]"
final,1451,1,ECFP_356,ECFP_356,ECFP_356,algorithmic_medoid,True,True,1,0.0,1.0,1.0,1.0,0.0,860,0.006928069226608975,"[""ECFP_356""]"
final,1452,1,ECFP_357,ECFP_357,ECFP_357,algorithmic_medoid,True,True,1,0.0,1.0,1.0,1.0,0.0,860,0.009215792320173069,"[""ECFP_357""]"
final,1453,1,ECFP_359,ECFP_359,ECFP_359,algorithmic_medoid,True,True,1,0.0,1.0,1.0,1.0,0.0,860,0.024926987560843702,"[""ECFP_359""]"
final,1454,1,ECFP_36,ECFP_36,ECFP_36,algorithmic_medoid,True,True,1,0.0,1.0,1.0,1.0,0.0,860,0.003476203353163874,"[""ECFP_36""]"
final,1455,1,ECFP_360,ECFP_360,ECFP_360,algorithmic_medoid,True,True,1,0.0,1.0,1.0,1.0,0.0,860,0.0023201730665224434,"[""ECFP_360""]"
final,1456,1,ECFP_361,ECFP_361,ECFP_361,algorithmic_medoid,True,True,1,0.0,1.0,1.0,1.0,0.0,860,0.03904137371552191,"[""ECFP_361""]"
final,1457,1,ECFP_362,ECFP_362,ECFP_362,algorithmic_medoid,True,True,1,0.0,1.0,1.0,1.0,0.0,860,0.030409680908599246,"[""ECFP_362""]"
final,1458,1,ECFP_363,ECFP_363,ECFP_363,algorithmic_medoid,True,True,1,0.0,1.0,1.0,1.0,0.0,860,0.005780151433207135,"[""ECFP_363""]"
final,1459,1,ECFP_364,ECFP_364,ECFP_364,algorithmic_medoid,True,True,1,0.0,1.0,1.0,1.0,0.0,860,0.010355597620335314,"[""ECFP_364""]"
final,1460,1,ECFP_365,ECFP_365,ECFP_365,algorithmic_medoid,True,True,1,0.0,1.0,1.0,1.0,0.0,860,0.005780151433207137,"[""ECFP_365""]"
final,1461,1,ECFP_366,ECFP_366,ECFP_366,algorithmic_medoid,True,True,1,0.0,1.0,1.0,1.0,0.0,860,0.05680908599242833,"[""ECFP_366""]"
final,1462,1,ECFP_367,ECFP_367,ECFP_367,algorithmic_medoid,True,True,1,0.0,1.0,1.0,1.0,0.0,860,0.005780151433207137,"[""ECFP_367""]"
final,1463,1,ECFP_368,ECFP_368,ECFP_368,algorithmic_medoid,True,True,1,0.0,1.0,1.0,1.0,0.0,860,0.006928069226608975,"[""ECFP_368""]"
final,1464,1,ECFP_369,ECFP_369,ECFP_369,algorithmic_medoid,True,True,1,0.0,1.0,1.0,1.0,0.0,860,0.0046295294753921044,"[""ECFP_369""]"
final,1465,1,ECFP_37,ECFP_37,ECFP_37,algorithmic_medoid,True,True,1,0.0,1.0,1.0,1.0,0.0,860,0.006928069226608975,"[""ECFP_37""]"
final,1466,1,ECFP_370,ECFP_370,ECFP_370,algorithmic_medoid,True,True,1,0.0,1.0,1.0,1.0,0.0,860,0.01825851811790158,"[""ECFP_370""]"
final,1467,1,ECFP_371,ECFP_371,ECFP_371,algorithmic_medoid,True,True,1,0.0,1.0,1.0,1.0,0.0,860,0.02271498107084911,"[""ECFP_371""]"
final,1468,1,ECFP_372,ECFP_372,ECFP_372,algorithmic_medoid,True,True,1,0.0,1.0,1.0,1.0,0.0,860,0.0011614386154678211,"[""ECFP_372""]"
final,1469,1,ECFP_373,ECFP_373,ECFP_373,algorithmic_medoid,True,True,1,0.0,1.0,1.0,1.0,0.0,860,0.009215792320173069,"[""ECFP_373""]"
final,1470,1,ECFP_374,ECFP_374,ECFP_374,algorithmic_medoid,True,True,1,0.0,1.0,1.0,1.0,0.0,860,0.0046295294753921044,"[""ECFP_374""]"
final,1471,1,ECFP_375,ECFP_375,ECFP_375,algorithmic_medoid,True,True,1,0.0,1.0,1.0,1.0,0.0,860,0.0034762033531638738,"[""ECFP_375""]"
final,1472,1,ECFP_376,ECFP_376,ECFP_376,algorithmic_medoid,True,True,1,0.0,1.0,1.0,1.0,0.0,860,0.006928069226608977,"[""ECFP_376""]"
final,1473,1,ECFP_377,ECFP_377,ECFP_377,algorithmic_medoid,True,True,1,0.0,1.0,1.0,1.0,0.0,860,0.001161438615467821,"[""ECFP_377""]"
final,1474,3,NaaN,NaaN,NaaN,algorithmic_medoid,True,True,1,0.03325773090154549,0.9667422690984545,0.9372253579735645,0.9962591802233445,0.0,860,0.8258991346673877,"[""ECFP_378"", ""NaaN"", ""SaaN""]"
final,1474,3,SaaN,NaaN,NaaN,algorithmic_medoid,False,False,2,0.03501054198554865,0.9649894580144514,0.9337197358055582,0.9962591802233445,0.0,860,13.4596676083204,"[""ECFP_378"", ""NaaN"", ""SaaN""]"
final,1474,3,ECFP_378,NaaN,NaaN,algorithmic_medoid,False,False,3,0.06452745311043862,0.9354725468895614,0.9337197358055582,0.9372253579735645,0.0,860,0.20999999999999996,"[""ECFP_378"", ""NaaN"", ""SaaN""]"
final,1475,1,ECFP_379,ECFP_379,ECFP_379,algorithmic_medoid,True,True,1,0.0,1.0,1.0,1.0,0.0,860,0.006928069226608975,"[""ECFP_379""]"
final,1476,1,ECFP_38,ECFP_38,ECFP_38,algorithmic_medoid,True,True,1,0.0,1.0,1.0,1.0,0.0,860,0.009215792320173069,"[""ECFP_38""]"
final,1477,1,ECFP_380,ECFP_380,ECFP_380,algorithmic_medoid,True,True,1,0.0,1.0,1.0,1.0,0.0,860,0.00807328285559762,"[""ECFP_380""]"
final,1478,1,ECFP_381,ECFP_381,ECFP_381,algorithmic_medoid,True,True,1,0.0,1.0,1.0,1.0,0.0,860,0.028224716062736608,"[""ECFP_381""]"
final,1479,1,ECFP_382,ECFP_382,ECFP_382,algorithmic_medoid,True,True,1,0.0,1.0,1.0,1.0,0.0,860,0.001161438615467821,"[""ECFP_382""]"
final,1480,1,ECFP_383,ECFP_383,ECFP_383,algorithmic_medoid,True,True,1,0.0,1.0,1.0,1.0,0.0,860,0.012627095727420226,"[""ECFP_383""]"
final,1481,1,ECFP_384,ECFP_384,ECFP_384,algorithmic_medoid,True,True,1,0.0,1.0,1.0,1.0,0.0,860,0.005780151433207137,"[""ECFP_384""]"
final,1482,1,ECFP_385,ECFP_385,ECFP_385,algorithmic_medoid,True,True,1,0.0,1.0,1.0,1.0,0.0,860,0.00921579232017307,"[""ECFP_385""]"
final,1483,1,ECFP_386,ECFP_386,ECFP_386,algorithmic_medoid,True,True,1,0.0,1.0,1.0,1.0,0.0,860,0.0034762033531638738,"[""ECFP_386""]"
final,1484,1,ECFP_387,ECFP_387,ECFP_387,algorithmic_medoid,True,True,1,0.0,1.0,1.0,1.0,0.0,860,0.12586668469442944,"[""ECFP_387""]"
final,1485,1,ECFP_389,ECFP_389,ECFP_389,algorithmic_medoid,True,True,1,0.0,1.0,1.0,1.0,0.0,860,0.2203839913466739,"[""ECFP_389""]"
final,1486,1,ECFP_39,ECFP_39,ECFP_39,algorithmic_medoid,True,True,1,0.0,1.0,1.0,1.0,0.0,860,0.0069280692266089775,"[""ECFP_39""]"
final,1487,1,ECFP_390,ECFP_390,ECFP_390,algorithmic_medoid,True,True,1,0.0,1.0,1.0,1.0,0.0,860,0.010355597620335314,"[""ECFP_390""]"
final,1488,1,ECFP_391,ECFP_391,ECFP_391,algorithmic_medoid,True,True,1,0.0,1.0,1.0,1.0,0.0,860,0.0057801514332071376,"[""ECFP_391""]"
final,1489,1,ECFP_392,ECFP_392,ECFP_392,algorithmic_medoid,True,True,1,0.0,1.0,1.0,1.0,0.0,860,0.05884802595997839,"[""ECFP_392""]"
final,1490,1,ECFP_394,ECFP_394,ECFP_394,algorithmic_medoid,True,True,1,0.0,1.0,1.0,1.0,0.0,860,0.01149269875608437,"[""ECFP_394""]"
final,1491,1,ECFP_395,ECFP_395,ECFP_395,algorithmic_medoid,True,True,1,0.0,1.0,1.0,1.0,0.0,860,0.010355597620335314,"[""ECFP_395""]"
final,1492,2,ECFP_396,ECFP_396,ECFP_396,algorithmic_medoid,True,True,1,0.18397937165187683,0.8160206283481232,0.8160206283481232,0.8160206283481232,0.0,860,0.0034762033531638738,"[""ECFP_396"", ""ECFP_854""]"
final,1492,2,ECFP_854,ECFP_396,ECFP_396,algorithmic_medoid,False,False,2,0.18397937165187683,0.8160206283481232,0.8160206283481232,0.8160206283481232,0.0,860,0.002320173066522443,"[""ECFP_396"", ""ECFP_854""]"
final,1493,1,ECFP_398,ECFP_398,ECFP_398,algorithmic_medoid,True,True,1,0.0,1.0,1.0,1.0,0.0,860,0.0034762033531638733,"[""ECFP_398""]"
final,1494,1,ECFP_399,ECFP_399,ECFP_399,algorithmic_medoid,True,True,1,0.0,1.0,1.0,1.0,0.0,860,0.0034762033531638733,"[""ECFP_399""]"
final,1495,1,ECFP_4,ECFP_4,ECFP_4,algorithmic_medoid,True,True,1,0.0,1.0,1.0,1.0,0.0,860,0.04434829637641969,"[""ECFP_4""]"
final,1496,1,ECFP_40,ECFP_40,ECFP_40,algorithmic_medoid,True,True,1,0.0,1.0,1.0,1.0,0.0,860,0.009215792320173069,"[""ECFP_40""]"
final,1497,1,ECFP_401,ECFP_401,ECFP_401,algorithmic_medoid,True,True,1,0.0,1.0,1.0,1.0,0.0,860,0.018258518117901575,"[""ECFP_401""]"
final,1498,1,ECFP_402,ECFP_402,ECFP_402,algorithmic_medoid,True,True,1,0.0,1.0,1.0,1.0,0.0,860,0.00807328285559762,"[""ECFP_402""]"
final,1499,1,ECFP_403,ECFP_403,ECFP_403,algorithmic_medoid,True,True,1,0.0,1.0,1.0,1.0,0.0,860,0.004629529475392104,"[""ECFP_403""]"
final,1500,1,ECFP_404,ECFP_404,ECFP_404,algorithmic_medoid,True,True,1,0.0,1.0,1.0,1.0,0.0,860,0.006928069226608977,"[""ECFP_404""]"
final,1501,1,ECFP_405,ECFP_405,ECFP_405,algorithmic_medoid,True,True,1,0.0,1.0,1.0,1.0,0.0,860,0.0034762033531638738,"[""ECFP_405""]"
final,1502,1,ECFP_406,ECFP_406,ECFP_406,algorithmic_medoid,True,True,1,0.0,1.0,1.0,1.0,0.0,860,0.01937669010275825,"[""ECFP_406""]"
final,1503,1,ECFP_407,ECFP_407,ECFP_407,algorithmic_medoid,True,True,1,0.0,1.0,1.0,1.0,0.0,860,0.02160492157923202,"[""ECFP_407""]"
final,1504,1,ECFP_408,ECFP_408,ECFP_408,algorithmic_medoid,True,True,1,0.0,1.0,1.0,1.0,0.0,860,0.01937669010275825,"[""ECFP_408""]"
final,1505,1,ECFP_409,ECFP_409,ECFP_409,algorithmic_medoid,True,True,1,0.0,1.0,1.0,1.0,0.0,860,0.013758788534342887,"[""ECFP_409""]"
final,1506,1,ECFP_41,ECFP_41,ECFP_41,algorithmic_medoid,True,True,1,0.0,1.0,1.0,1.0,0.0,860,0.04958761492698757,"[""ECFP_41""]"
final,1507,1,ECFP_410,ECFP_410,ECFP_410,algorithmic_medoid,True,True,1,0.0,1.0,1.0,1.0,0.0,860,0.01937669010275825,"[""ECFP_410""]"
final,1508,1,ECFP_411,ECFP_411,ECFP_411,algorithmic_medoid,True,True,1,0.0,1.0,1.0,1.0,0.0,860,0.008073282855597618,"[""ECFP_411""]"
final,1509,1,ECFP_412,ECFP_412,ECFP_412,algorithmic_medoid,True,True,1,0.0,1.0,1.0,1.0,0.0,860,0.017137641968631687,"[""ECFP_412""]"
final,1510,1,ECFP_413,ECFP_413,ECFP_413,algorithmic_medoid,True,True,1,0.0,1.0,1.0,1.0,0.0,860,0.010355597620335315,"[""ECFP_413""]"
final,1511,1,ECFP_414,ECFP_414,ECFP_414,algorithmic_medoid,True,True,1,0.0,1.0,1.0,1.0,0.0,860,0.017137641968631687,"[""ECFP_414""]"
final,1512,1,ECFP_415,ECFP_415,ECFP_415,algorithmic_medoid,True,True,1,0.0,1.0,1.0,1.0,0.0,860,0.0023201730665224434,"[""ECFP_415""]"
final,1513,1,ECFP_416,ECFP_416,ECFP_416,algorithmic_medoid,True,True,1,0.0,1.0,1.0,1.0,0.0,860,0.0011614386154678211,"[""ECFP_416""]"
final,1514,1,ECFP_417,ECFP_417,ECFP_417,algorithmic_medoid,True,True,1,0.0,1.0,1.0,1.0,0.0,860,0.0011614386154678205,"[""ECFP_417""]"
final,1515,1,ECFP_418,ECFP_418,ECFP_418,algorithmic_medoid,True,True,1,0.0,1.0,1.0,1.0,0.0,860,0.010355597620335315,"[""ECFP_418""]"
final,1516,1,ECFP_419,ECFP_419,ECFP_419,algorithmic_medoid,True,True,1,0.0,1.0,1.0,1.0,0.0,860,0.022714981070849107,"[""ECFP_419""]"
final,1517,1,ECFP_42,ECFP_42,ECFP_42,algorithmic_medoid,True,True,1,0.0,1.0,1.0,1.0,0.0,860,0.028224716062736608,"[""ECFP_42""]"
final,1518,1,ECFP_420,ECFP_420,ECFP_420,algorithmic_medoid,True,True,1,0.0,1.0,1.0,1.0,0.0,860,0.0046295294753921044,"[""ECFP_420""]"
final,1519,1,ECFP_421,ECFP_421,ECFP_421,algorithmic_medoid,True,True,1,0.0,1.0,1.0,1.0,0.0,860,0.002320173066522444,"[""ECFP_421""]"
final,1520,1,ECFP_422,ECFP_422,ECFP_422,algorithmic_medoid,True,True,1,0.0,1.0,1.0,1.0,0.0,860,0.006928069226608975,"[""ECFP_422""]"
final,1521,1,ECFP_424,ECFP_424,ECFP_424,algorithmic_medoid,True,True,1,0.0,1.0,1.0,1.0,0.0,860,0.01149269875608437,"[""ECFP_424""]"
final,1522,1,ECFP_425,ECFP_425,ECFP_425,algorithmic_medoid,True,True,1,0.0,1.0,1.0,1.0,0.0,860,0.01601406165494862,"[""ECFP_425""]"
final,1523,1,ECFP_426,ECFP_426,ECFP_426,algorithmic_medoid,True,True,1,0.0,1.0,1.0,1.0,0.0,860,0.017137641968631687,"[""ECFP_426""]"
final,1524,1,ECFP_427,ECFP_427,ECFP_427,algorithmic_medoid,True,True,1,0.0,1.0,1.0,1.0,0.0,860,0.012627095727420226,"[""ECFP_427""]"
final,1525,1,ECFP_428,ECFP_428,ECFP_428,algorithmic_medoid,True,True,1,0.0,1.0,1.0,1.0,0.0,860,0.009215792320173069,"[""ECFP_428""]"
final,1526,1,ECFP_429,ECFP_429,ECFP_429,algorithmic_medoid,True,True,1,0.0,1.0,1.0,1.0,0.0,860,0.0046295294753921044,"[""ECFP_429""]"
final,1527,1,ECFP_43,ECFP_43,ECFP_43,algorithmic_medoid,True,True,1,0.0,1.0,1.0,1.0,0.0,860,0.012627095727420228,"[""ECFP_43""]"
final,1528,1,ECFP_430,ECFP_430,ECFP_430,algorithmic_medoid,True,True,1,0.0,1.0,1.0,1.0,0.0,860,0.012627095727420224,"[""ECFP_430""]"
final,1529,2,ECFP_440,ECFP_440,ECFP_440,algorithmic_medoid,True,True,1,0.19677703135567748,0.8032229686443225,0.8032229686443225,0.8032229686443225,0.0,860,0.05578555976203352,"[""ECFP_431"", ""ECFP_440""]"
final,1529,2,ECFP_431,ECFP_440,ECFP_440,algorithmic_medoid,False,False,2,0.19677703135567748,0.8032229686443225,0.8032229686443225,0.8032229686443225,0.0,860,0.04958761492698757,"[""ECFP_431"", ""ECFP_440""]"
final,1530,1,ECFP_432,ECFP_432,ECFP_432,algorithmic_medoid,True,True,1,0.0,1.0,1.0,1.0,0.0,860,0.04540156841535964,"[""ECFP_432""]"
final,1531,1,ECFP_434,ECFP_434,ECFP_434,algorithmic_medoid,True,True,1,0.0,1.0,1.0,1.0,0.0,860,0.0023201730665224434,"[""ECFP_434""]"
final,1532,1,ECFP_435,ECFP_435,ECFP_435,algorithmic_medoid,True,True,1,0.0,1.0,1.0,1.0,0.0,860,0.014887777176852359,"[""ECFP_435""]"
final,1533,1,ECFP_436,ECFP_436,ECFP_436,algorithmic_medoid,True,True,1,0.0,1.0,1.0,1.0,0.0,860,0.00807328285559762,"[""ECFP_436""]"
final,1534,1,ECFP_437,ECFP_437,ECFP_437,algorithmic_medoid,True,True,1,0.0,1.0,1.0,1.0,0.0,860,0.009215792320173069,"[""ECFP_437""]"
final,1535,1,ECFP_438,ECFP_438,ECFP_438,algorithmic_medoid,True,True,1,0.0,1.0,1.0,1.0,0.0,860,0.027128177393185505,"[""ECFP_438""]"
final,1536,1,ECFP_439,ECFP_439,ECFP_439,algorithmic_medoid,True,True,1,0.0,1.0,1.0,1.0,0.0,860,0.002320173066522443,"[""ECFP_439""]"
final,1537,1,ECFP_44,ECFP_44,ECFP_44,algorithmic_medoid,True,True,1,0.0,1.0,1.0,1.0,0.0,860,0.003476203353163874,"[""ECFP_44""]"
final,1538,1,ECFP_442,ECFP_442,ECFP_442,algorithmic_medoid,True,True,1,0.0,1.0,1.0,1.0,0.0,860,0.006928069226608975,"[""ECFP_442""]"
final,1539,1,ECFP_443,ECFP_443,ECFP_443,algorithmic_medoid,True,True,1,0.0,1.0,1.0,1.0,0.0,860,0.002320173066522444,"[""ECFP_443""]"
final,1540,1,ECFP_444,ECFP_444,ECFP_444,algorithmic_medoid,True,True,1,0.0,1.0,1.0,1.0,0.0,860,0.01713764196863169,"[""ECFP_444""]"
final,1541,1,ECFP_445,ECFP_445,ECFP_445,algorithmic_medoid,True,True,1,0.0,1.0,1.0,1.0,0.0,860,0.00921579232017307,"[""ECFP_445""]"
final,1542,1,ECFP_446,ECFP_446,ECFP_446,algorithmic_medoid,True,True,1,0.0,1.0,1.0,1.0,0.0,860,0.03258382909680908,"[""ECFP_446""]"
final,1543,1,ECFP_447,ECFP_447,ECFP_447,algorithmic_medoid,True,True,1,0.0,1.0,1.0,1.0,0.0,860,0.0034762033531638738,"[""ECFP_447""]"
final,1544,1,ECFP_448,ECFP_448,ECFP_448,algorithmic_medoid,True,True,1,0.0,1.0,1.0,1.0,0.0,860,0.012627095727420226,"[""ECFP_448""]"
final,1545,1,ECFP_449,ECFP_449,ECFP_449,algorithmic_medoid,True,True,1,0.0,1.0,1.0,1.0,0.0,860,0.0046295294753921044,"[""ECFP_449""]"
final,1546,1,ECFP_45,ECFP_45,ECFP_45,algorithmic_medoid,True,True,1,0.0,1.0,1.0,1.0,0.0,860,0.03149810708491077,"[""ECFP_45""]"
final,1547,1,ECFP_450,ECFP_450,ECFP_450,algorithmic_medoid,True,True,1,0.0,1.0,1.0,1.0,0.0,860,0.0034762033531638738,"[""ECFP_450""]"
final,1548,1,ECFP_451,ECFP_451,ECFP_451,algorithmic_medoid,True,True,1,0.0,1.0,1.0,1.0,0.0,860,0.0034762033531638733,"[""ECFP_451""]"
final,1549,1,ECFP_452,ECFP_452,ECFP_452,algorithmic_medoid,True,True,1,0.0,1.0,1.0,1.0,0.0,860,0.0011614386154678205,"[""ECFP_452""]"
final,1550,1,ECFP_453,ECFP_453,ECFP_453,algorithmic_medoid,True,True,1,0.0,1.0,1.0,1.0,0.0,860,0.00921579232017307,"[""ECFP_453""]"
final,1551,1,ECFP_454,ECFP_454,ECFP_454,algorithmic_medoid,True,True,1,0.0,1.0,1.0,1.0,0.0,860,0.0260289345592212,"[""ECFP_454""]"
final,1552,1,ECFP_455,ECFP_455,ECFP_455,algorithmic_medoid,True,True,1,0.0,1.0,1.0,1.0,0.0,860,0.0260289345592212,"[""ECFP_455""]"
final,1553,2,ECFP_456,ECFP_456,ECFP_456,algorithmic_medoid,True,True,1,0.19566308088516404,0.804336919114836,0.804336919114836,0.804336919114836,0.0,860,0.08436992969172527,"[""ECFP_456"", ""ECFP_936""]"
final,1553,2,ECFP_936,ECFP_456,ECFP_456,algorithmic_medoid,False,False,2,0.19566308088516404,0.804336919114836,0.804336919114836,0.804336919114836,0.0,860,0.07379529475392103,"[""ECFP_456"", ""ECFP_936""]"
final,1554,1,ECFP_457,ECFP_457,ECFP_457,algorithmic_medoid,True,True,1,0.0,1.0,1.0,1.0,0.0,860,0.013758788534342889,"[""ECFP_457""]"
final,1555,1,ECFP_458,ECFP_458,ECFP_458,algorithmic_medoid,True,True,1,0.0,1.0,1.0,1.0,0.0,860,0.020492157923201734,"[""ECFP_458""]"
final,1556,1,ECFP_459,ECFP_459,ECFP_459,algorithmic_medoid,True,True,1,0.0,1.0,1.0,1.0,0.0,860,0.005780151433207137,"[""ECFP_459""]"
final,1557,1,ECFP_46,ECFP_46,ECFP_46,algorithmic_medoid,True,True,1,0.0,1.0,1.0,1.0,0.0,860,0.006928069226608975,"[""ECFP_46""]"
final,1558,1,ECFP_460,ECFP_460,ECFP_460,algorithmic_medoid,True,True,1,0.0,1.0,1.0,1.0,0.0,860,0.013758788534342889,"[""ECFP_460""]"
final,1559,1,ECFP_461,ECFP_461,ECFP_461,algorithmic_medoid,True,True,1,0.0,1.0,1.0,1.0,0.0,860,0.017137641968631687,"[""ECFP_461""]"
final,1560,1,ECFP_462,ECFP_462,ECFP_462,algorithmic_medoid,True,True,1,0.0,1.0,1.0,1.0,0.0,860,0.012627095727420226,"[""ECFP_462""]"
final,1561,1,ECFP_463,ECFP_463,ECFP_463,algorithmic_medoid,True,True,1,0.0,1.0,1.0,1.0,0.0,860,0.028224716062736608,"[""ECFP_463""]"
final,1562,1,ECFP_464,ECFP_464,ECFP_464,algorithmic_medoid,True,True,1,0.0,1.0,1.0,1.0,0.0,860,0.04434829637641968,"[""ECFP_464""]"
final,1563,1,ECFP_465,ECFP_465,ECFP_465,algorithmic_medoid,True,True,1,0.0,1.0,1.0,1.0,0.0,860,0.0034762033531638733,"[""ECFP_465""]"
final,1564,1,ECFP_466,ECFP_466,ECFP_466,algorithmic_medoid,True,True,1,0.0,1.0,1.0,1.0,0.0,860,0.018258518117901575,"[""ECFP_466""]"
final,1565,1,ECFP_468,ECFP_468,ECFP_468,algorithmic_medoid,True,True,1,0.0,1.0,1.0,1.0,0.0,860,0.0034762033531638738,"[""ECFP_468""]"
final,1566,1,ECFP_469,ECFP_469,ECFP_469,algorithmic_medoid,True,True,1,0.0,1.0,1.0,1.0,0.0,860,0.01149269875608437,"[""ECFP_469""]"
final,1567,1,ECFP_47,ECFP_47,ECFP_47,algorithmic_medoid,True,True,1,0.0,1.0,1.0,1.0,0.0,860,0.006928069226608975,"[""ECFP_47""]"
final,1568,1,ECFP_470,ECFP_470,ECFP_470,algorithmic_medoid,True,True,1,0.0,1.0,1.0,1.0,0.0,860,0.08906841535965387,"[""ECFP_470""]"
final,1569,1,ECFP_471,ECFP_471,ECFP_471,algorithmic_medoid,True,True,1,0.0,1.0,1.0,1.0,0.0,860,0.01937669010275825,"[""ECFP_471""]"
final,1570,1,ECFP_472,ECFP_472,ECFP_472,algorithmic_medoid,True,True,1,0.0,1.0,1.0,1.0,0.0,860,0.003476203353163874,"[""ECFP_472""]"
final,1571,1,ECFP_473,ECFP_473,ECFP_473,algorithmic_medoid,True,True,1,0.0,1.0,1.0,1.0,0.0,860,0.04329232017306652,"[""ECFP_473""]"
final,1572,1,ECFP_474,ECFP_474,ECFP_474,algorithmic_medoid,True,True,1,0.0,1.0,1.0,1.0,0.0,860,0.017137641968631687,"[""ECFP_474""]"
final,1573,1,ECFP_475,ECFP_475,ECFP_475,algorithmic_medoid,True,True,1,0.0,1.0,1.0,1.0,0.0,860,0.009215792320173069,"[""ECFP_475""]"
final,1574,1,ECFP_476,ECFP_476,ECFP_476,algorithmic_medoid,True,True,1,0.0,1.0,1.0,1.0,0.0,860,0.00807328285559762,"[""ECFP_476""]"
final,1575,1,ECFP_478,ECFP_478,ECFP_478,algorithmic_medoid,True,True,1,0.0,1.0,1.0,1.0,0.0,860,0.02160492157923202,"[""ECFP_478""]"
final,1576,1,ECFP_479,ECFP_479,ECFP_479,algorithmic_medoid,True,True,1,0.0,1.0,1.0,1.0,0.0,860,0.016014061654948616,"[""ECFP_479""]"
final,1577,1,ECFP_48,ECFP_48,ECFP_48,algorithmic_medoid,True,True,1,0.0,1.0,1.0,1.0,0.0,860,0.003476203353163874,"[""ECFP_48""]"
final,1578,1,ECFP_480,ECFP_480,ECFP_480,algorithmic_medoid,True,True,1,0.0,1.0,1.0,1.0,0.0,860,0.0046295294753921044,"[""ECFP_480""]"
final,1579,1,ECFP_481,ECFP_481,ECFP_481,algorithmic_medoid,True,True,1,0.0,1.0,1.0,1.0,0.0,860,0.01601406165494862,"[""ECFP_481""]"
final,1580,1,ECFP_482,ECFP_482,ECFP_482,algorithmic_medoid,True,True,1,0.0,1.0,1.0,1.0,0.0,860,0.03258382909680908,"[""ECFP_482""]"
final,1581,1,ECFP_483,ECFP_483,ECFP_483,algorithmic_medoid,True,True,1,0.0,1.0,1.0,1.0,0.0,860,0.001161438615467821,"[""ECFP_483""]"
final,1582,1,ECFP_484,ECFP_484,ECFP_484,algorithmic_medoid,True,True,1,0.0,1.0,1.0,1.0,0.0,860,0.018258518117901575,"[""ECFP_484""]"
final,1583,1,ECFP_485,ECFP_485,ECFP_485,algorithmic_medoid,True,True,1,0.0,1.0,1.0,1.0,0.0,860,0.023822336398053003,"[""ECFP_485""]"
final,1584,1,ECFP_486,ECFP_486,ECFP_486,algorithmic_medoid,True,True,1,0.0,1.0,1.0,1.0,0.0,860,0.12173607355327204,"[""ECFP_486""]"
final,1585,1,ECFP_487,ECFP_487,ECFP_487,algorithmic_medoid,True,True,1,0.0,1.0,1.0,1.0,0.0,860,0.006928069226608977,"[""ECFP_487""]"
final,1586,1,ECFP_488,ECFP_488,ECFP_488,algorithmic_medoid,True,True,1,0.0,1.0,1.0,1.0,0.0,860,0.014887777176852359,"[""ECFP_488""]"
final,1587,1,ECFP_489,ECFP_489,ECFP_489,algorithmic_medoid,True,True,1,0.0,1.0,1.0,1.0,0.0,860,0.04329232017306652,"[""ECFP_489""]"
final,1588,1,ECFP_49,ECFP_49,ECFP_49,algorithmic_medoid,True,True,1,0.0,1.0,1.0,1.0,0.0,860,0.003476203353163874,"[""ECFP_49""]"
final,1589,1,ECFP_490,ECFP_490,ECFP_490,algorithmic_medoid,True,True,1,0.0,1.0,1.0,1.0,0.0,860,0.017137641968631687,"[""ECFP_490""]"
final,1590,1,ECFP_491,ECFP_491,ECFP_491,algorithmic_medoid,True,True,1,0.0,1.0,1.0,1.0,0.0,860,0.02160492157923202,"[""ECFP_491""]"
final,1591,1,ECFP_492,ECFP_492,ECFP_492,algorithmic_medoid,True,True,1,0.0,1.0,1.0,1.0,0.0,860,0.0023201730665224434,"[""ECFP_492""]"
final,1592,1,ECFP_493,ECFP_493,ECFP_493,algorithmic_medoid,True,True,1,0.0,1.0,1.0,1.0,0.0,860,0.006928069226608977,"[""ECFP_493""]"
final,1593,1,ECFP_494,ECFP_494,ECFP_494,algorithmic_medoid,True,True,1,0.0,1.0,1.0,1.0,0.0,860,0.012627095727420226,"[""ECFP_494""]"
final,1594,1,ECFP_495,ECFP_495,ECFP_495,algorithmic_medoid,True,True,1,0.0,1.0,1.0,1.0,0.0,860,0.017137641968631684,"[""ECFP_495""]"
final,1595,1,ECFP_496,ECFP_496,ECFP_496,algorithmic_medoid,True,True,1,0.0,1.0,1.0,1.0,0.0,860,0.005780151433207135,"[""ECFP_496""]"
final,1596,1,ECFP_497,ECFP_497,ECFP_497,algorithmic_medoid,True,True,1,0.0,1.0,1.0,1.0,0.0,860,0.01149269875608437,"[""ECFP_497""]"
final,1597,1,ECFP_498,ECFP_498,ECFP_498,algorithmic_medoid,True,True,1,0.0,1.0,1.0,1.0,0.0,860,0.006928069226608977,"[""ECFP_498""]"
final,1598,1,ECFP_499,ECFP_499,ECFP_499,algorithmic_medoid,True,True,1,0.0,1.0,1.0,1.0,0.0,860,0.008073282855597618,"[""ECFP_499""]"
final,1599,1,ECFP_5,ECFP_5,ECFP_5,algorithmic_medoid,True,True,1,0.0,1.0,1.0,1.0,0.0,860,0.10096809085992428,"[""ECFP_5""]"
final,1600,1,ECFP_50,ECFP_50,ECFP_50,algorithmic_medoid,True,True,1,0.0,1.0,1.0,1.0,0.0,860,0.0011614386154678207,"[""ECFP_50""]"
final,1601,1,ECFP_500,ECFP_500,ECFP_500,algorithmic_medoid,True,True,1,0.0,1.0,1.0,1.0,0.0,860,0.005780151433207137,"[""ECFP_500""]"
final,1602,1,ECFP_501,ECFP_501,ECFP_501,algorithmic_medoid,True,True,1,0.0,1.0,1.0,1.0,0.0,860,0.0046295294753921044,"[""ECFP_501""]"
final,1603,1,ECFP_502,ECFP_502,ECFP_502,algorithmic_medoid,True,True,1,0.0,1.0,1.0,1.0,0.0,860,0.01149269875608437,"[""ECFP_502""]"
final,1604,1,ECFP_503,ECFP_503,ECFP_503,algorithmic_medoid,True,True,1,0.0,1.0,1.0,1.0,0.0,860,0.013758788534342889,"[""ECFP_503""]"
final,1605,1,ECFP_504,ECFP_504,ECFP_504,algorithmic_medoid,True,True,1,0.0,1.0,1.0,1.0,0.0,860,0.028224716062736608,"[""ECFP_504""]"
final,1606,1,ECFP_506,ECFP_506,ECFP_506,algorithmic_medoid,True,True,1,0.0,1.0,1.0,1.0,0.0,860,0.0046295294753921044,"[""ECFP_506""]"
final,1607,1,ECFP_507,ECFP_507,ECFP_507,algorithmic_medoid,True,True,1,0.0,1.0,1.0,1.0,0.0,860,0.020492157923201734,"[""ECFP_507""]"
final,1608,1,ECFP_508,ECFP_508,ECFP_508,algorithmic_medoid,True,True,1,0.0,1.0,1.0,1.0,0.0,860,0.008073282855597618,"[""ECFP_508""]"
final,1609,1,ECFP_509,ECFP_509,ECFP_509,algorithmic_medoid,True,True,1,0.0,1.0,1.0,1.0,0.0,860,0.0034762033531638733,"[""ECFP_509""]"
final,1610,1,ECFP_51,ECFP_51,ECFP_51,algorithmic_medoid,True,True,1,0.0,1.0,1.0,1.0,0.0,860,0.008073282855597618,"[""ECFP_51""]"
final,1611,1,ECFP_510,ECFP_510,ECFP_510,algorithmic_medoid,True,True,1,0.0,1.0,1.0,1.0,0.0,860,0.0034762033531638733,"[""ECFP_510""]"
final,1612,1,ECFP_511,ECFP_511,ECFP_511,algorithmic_medoid,True,True,1,0.0,1.0,1.0,1.0,0.0,860,0.009215792320173069,"[""ECFP_511""]"
final,1613,1,ECFP_512,ECFP_512,ECFP_512,algorithmic_medoid,True,True,1,0.0,1.0,1.0,1.0,0.0,860,0.0046295294753921044,"[""ECFP_512""]"
final,1614,1,ECFP_513,ECFP_513,ECFP_513,algorithmic_medoid,True,True,1,0.0,1.0,1.0,1.0,0.0,860,0.0046295294753921044,"[""ECFP_513""]"
final,1615,1,ECFP_514,ECFP_514,ECFP_514,algorithmic_medoid,True,True,1,0.0,1.0,1.0,1.0,0.0,860,0.012627095727420228,"[""ECFP_514""]"
final,1616,1,ECFP_515,ECFP_515,ECFP_515,algorithmic_medoid,True,True,1,0.0,1.0,1.0,1.0,0.0,860,0.00807328285559762,"[""ECFP_515""]"
final,1617,1,ECFP_516,ECFP_516,ECFP_516,algorithmic_medoid,True,True,1,0.0,1.0,1.0,1.0,0.0,860,0.012627095727420228,"[""ECFP_516""]"
final,1618,1,ECFP_517,ECFP_517,ECFP_517,algorithmic_medoid,True,True,1,0.0,1.0,1.0,1.0,0.0,860,0.00921579232017307,"[""ECFP_517""]"
final,1619,1,ECFP_519,ECFP_519,ECFP_519,algorithmic_medoid,True,True,1,0.0,1.0,1.0,1.0,0.0,860,0.07085451595457004,"[""ECFP_519""]"
final,1620,1,ECFP_52,ECFP_52,ECFP_52,algorithmic_medoid,True,True,1,0.0,1.0,1.0,1.0,0.0,860,0.00807328285559762,"[""ECFP_52""]"
final,1621,1,ECFP_520,ECFP_520,ECFP_520,algorithmic_medoid,True,True,1,0.0,1.0,1.0,1.0,0.0,860,0.008073282855597622,"[""ECFP_520""]"
final,1622,1,ECFP_521,ECFP_521,ECFP_521,algorithmic_medoid,True,True,1,0.0,1.0,1.0,1.0,0.0,860,0.03904137371552191,"[""ECFP_521""]"
final,1623,1,ECFP_522,ECFP_522,ECFP_522,algorithmic_medoid,True,True,1,0.0,1.0,1.0,1.0,0.0,860,0.006928069226608975,"[""ECFP_522""]"
final,1624,1,ECFP_523,ECFP_523,ECFP_523,algorithmic_medoid,True,True,1,0.0,1.0,1.0,1.0,0.0,860,0.006928069226608975,"[""ECFP_523""]"
final,1625,1,ECFP_524,ECFP_524,ECFP_524,algorithmic_medoid,True,True,1,0.0,1.0,1.0,1.0,0.0,860,0.026028934559221204,"[""ECFP_524""]"
final,1626,1,ECFP_525,ECFP_525,ECFP_525,algorithmic_medoid,True,True,1,0.0,1.0,1.0,1.0,0.0,860,0.03797187669010275,"[""ECFP_525""]"
final,1627,1,ECFP_526,ECFP_526,ECFP_526,algorithmic_medoid,True,True,1,0.0,1.0,1.0,1.0,0.0,860,0.012627095727420228,"[""ECFP_526""]"
final,1628,1,ECFP_527,ECFP_527,ECFP_527,algorithmic_medoid,True,True,1,0.0,1.0,1.0,1.0,0.0,860,0.013758788534342887,"[""ECFP_527""]"
final,1629,1,ECFP_528,ECFP_528,ECFP_528,algorithmic_medoid,True,True,1,0.0,1.0,1.0,1.0,0.0,860,0.01149269875608437,"[""ECFP_528""]"
final,1630,1,ECFP_529,ECFP_529,ECFP_529,algorithmic_medoid,True,True,1,0.0,1.0,1.0,1.0,0.0,860,0.024926987560843706,"[""ECFP_529""]"
final,1631,1,ECFP_53,ECFP_53,ECFP_53,algorithmic_medoid,True,True,1,0.0,1.0,1.0,1.0,0.0,860,0.017137641968631684,"[""ECFP_53""]"
final,1632,1,ECFP_530,ECFP_530,ECFP_530,algorithmic_medoid,True,True,1,0.0,1.0,1.0,1.0,0.0,860,0.006928069226608975,"[""ECFP_530""]"
final,1633,1,ECFP_531,ECFP_531,ECFP_531,algorithmic_medoid,True,True,1,0.0,1.0,1.0,1.0,0.0,860,0.01825851811790158,"[""ECFP_531""]"
final,1634,1,ECFP_532,ECFP_532,ECFP_532,algorithmic_medoid,True,True,1,0.0,1.0,1.0,1.0,0.0,860,0.006928069226608975,"[""ECFP_532""]"
final,1635,1,ECFP_533,ECFP_533,ECFP_533,algorithmic_medoid,True,True,1,0.0,1.0,1.0,1.0,0.0,860,0.04854515954570038,"[""ECFP_533""]"
final,1636,1,ECFP_534,ECFP_534,ECFP_534,algorithmic_medoid,True,True,1,0.0,1.0,1.0,1.0,0.0,860,0.01149269875608437,"[""ECFP_534""]"
final,1637,1,ECFP_535,ECFP_535,ECFP_535,algorithmic_medoid,True,True,1,0.0,1.0,1.0,1.0,0.0,860,0.006928069226608977,"[""ECFP_535""]"
final,1638,1,ECFP_536,ECFP_536,ECFP_536,algorithmic_medoid,True,True,1,0.0,1.0,1.0,1.0,0.0,860,0.0011614386154678205,"[""ECFP_536""]"
final,1639,1,ECFP_537,ECFP_537,ECFP_537,algorithmic_medoid,True,True,1,0.0,1.0,1.0,1.0,0.0,860,0.0011614386154678211,"[""ECFP_537""]"
final,1640,1,ECFP_538,ECFP_538,ECFP_538,algorithmic_medoid,True,True,1,0.0,1.0,1.0,1.0,0.0,860,0.0069280692266089775,"[""ECFP_538""]"
final,1641,1,ECFP_539,ECFP_539,ECFP_539,algorithmic_medoid,True,True,1,0.0,1.0,1.0,1.0,0.0,860,0.010355597620335315,"[""ECFP_539""]"
final,1642,1,ECFP_54,ECFP_54,ECFP_54,algorithmic_medoid,True,True,1,0.0,1.0,1.0,1.0,0.0,860,0.01149269875608437,"[""ECFP_54""]"
final,1643,1,ECFP_540,ECFP_540,ECFP_540,algorithmic_medoid,True,True,1,0.0,1.0,1.0,1.0,0.0,860,0.0034762033531638733,"[""ECFP_540""]"
final,1644,1,ECFP_541,ECFP_541,ECFP_541,algorithmic_medoid,True,True,1,0.0,1.0,1.0,1.0,0.0,860,0.012627095727420228,"[""ECFP_541""]"
final,1645,1,ECFP_542,ECFP_542,ECFP_542,algorithmic_medoid,True,True,1,0.0,1.0,1.0,1.0,0.0,860,0.009215792320173069,"[""ECFP_542""]"
final,1646,1,ECFP_543,ECFP_543,ECFP_543,algorithmic_medoid,True,True,1,0.0,1.0,1.0,1.0,0.0,860,0.005780151433207137,"[""ECFP_543""]"
final,1647,1,ECFP_544,ECFP_544,ECFP_544,algorithmic_medoid,True,True,1,0.0,1.0,1.0,1.0,0.0,860,0.0034762033531638733,"[""ECFP_544""]"
final,1648,1,ECFP_545,ECFP_545,ECFP_545,algorithmic_medoid,True,True,1,0.0,1.0,1.0,1.0,0.0,860,0.00807328285559762,"[""ECFP_545""]"
final,1649,1,ECFP_546,ECFP_546,ECFP_546,algorithmic_medoid,True,True,1,0.0,1.0,1.0,1.0,0.0,860,0.0011614386154678205,"[""ECFP_546""]"
final,1650,1,ECFP_547,ECFP_547,ECFP_547,algorithmic_medoid,True,True,1,0.0,1.0,1.0,1.0,0.0,860,0.05062736614386155,"[""ECFP_547""]"
final,1651,1,ECFP_548,ECFP_548,ECFP_548,algorithmic_medoid,True,True,1,0.0,1.0,1.0,1.0,0.0,860,0.024926987560843702,"[""ECFP_548""]"
final,1652,1,ECFP_549,ECFP_549,ECFP_549,algorithmic_medoid,True,True,1,0.0,1.0,1.0,1.0,0.0,860,0.013758788534342887,"[""ECFP_549""]"
final,1653,1,ECFP_550,ECFP_550,ECFP_550,algorithmic_medoid,True,True,1,0.0,1.0,1.0,1.0,0.0,860,0.03258382909680908,"[""ECFP_550""]"
final,1654,1,ECFP_551,ECFP_551,ECFP_551,algorithmic_medoid,True,True,1,0.0,1.0,1.0,1.0,0.0,860,0.01149269875608437,"[""ECFP_551""]"
final,1655,1,ECFP_552,ECFP_552,ECFP_552,algorithmic_medoid,True,True,1,0.0,1.0,1.0,1.0,0.0,860,0.06489994591671172,"[""ECFP_552""]"
final,1656,1,ECFP_553,ECFP_553,ECFP_553,algorithmic_medoid,True,True,1,0.0,1.0,1.0,1.0,0.0,860,0.006928069226608975,"[""ECFP_553""]"
final,1657,1,ECFP_554,ECFP_554,ECFP_554,algorithmic_medoid,True,True,1,0.0,1.0,1.0,1.0,0.0,860,0.012627095727420224,"[""ECFP_554""]"
final,1658,1,ECFP_555,ECFP_555,ECFP_555,algorithmic_medoid,True,True,1,0.0,1.0,1.0,1.0,0.0,860,0.023822336398053003,"[""ECFP_555""]"
final,1659,1,ECFP_556,ECFP_556,ECFP_556,algorithmic_medoid,True,True,1,0.0,1.0,1.0,1.0,0.0,860,0.018258518117901575,"[""ECFP_556""]"
final,1660,1,ECFP_558,ECFP_558,ECFP_558,algorithmic_medoid,True,True,1,0.0,1.0,1.0,1.0,0.0,860,0.005780151433207137,"[""ECFP_558""]"
final,1661,1,ECFP_559,ECFP_559,ECFP_559,algorithmic_medoid,True,True,1,0.0,1.0,1.0,1.0,0.0,860,0.014887777176852359,"[""ECFP_559""]"
final,1662,1,ECFP_56,ECFP_56,ECFP_56,algorithmic_medoid,True,True,1,0.0,1.0,1.0,1.0,0.0,860,0.013758788534342887,"[""ECFP_56""]"
final,1663,1,ECFP_560,ECFP_560,ECFP_560,algorithmic_medoid,True,True,1,0.0,1.0,1.0,1.0,0.0,860,0.02271498107084911,"[""ECFP_560""]"
final,1664,1,ECFP_562,ECFP_562,ECFP_562,algorithmic_medoid,True,True,1,0.0,1.0,1.0,1.0,0.0,860,0.03689967550027042,"[""ECFP_562""]"
final,1665,1,ECFP_563,ECFP_563,ECFP_563,algorithmic_medoid,True,True,1,0.0,1.0,1.0,1.0,0.0,860,0.0023201730665224425,"[""ECFP_563""]"
final,1666,1,ECFP_564,ECFP_564,ECFP_564,algorithmic_medoid,True,True,1,0.0,1.0,1.0,1.0,0.0,860,0.04540156841535964,"[""ECFP_564""]"
final,1667,1,ECFP_565,ECFP_565,ECFP_565,algorithmic_medoid,True,True,1,0.0,1.0,1.0,1.0,0.0,860,0.009215792320173069,"[""ECFP_565""]"
final,1668,1,ECFP_566,ECFP_566,ECFP_566,algorithmic_medoid,True,True,1,0.0,1.0,1.0,1.0,0.0,860,0.021604921579232023,"[""ECFP_566""]"
final,1669,1,ECFP_567,ECFP_567,ECFP_567,algorithmic_medoid,True,True,1,0.0,1.0,1.0,1.0,0.0,860,0.0011614386154678211,"[""ECFP_567""]"
final,1670,2,ECFP_923,ECFP_923,ECFP_923,algorithmic_medoid,True,True,1,0.18397937165187683,0.8160206283481232,0.8160206283481232,0.8160206283481232,0.0,860,0.0034762033531638733,"[""ECFP_568"", ""ECFP_923""]"
final,1670,2,ECFP_568,ECFP_923,ECFP_923,algorithmic_medoid,False,False,2,0.18397937165187683,0.8160206283481232,0.8160206283481232,0.8160206283481232,0.0,860,0.0023201730665224434,"[""ECFP_568"", ""ECFP_923""]"
final,1671,1,ECFP_569,ECFP_569,ECFP_569,algorithmic_medoid,True,True,1,0.0,1.0,1.0,1.0,0.0,860,0.0046295294753921044,"[""ECFP_569""]"
final,1672,1,ECFP_57,ECFP_57,ECFP_57,algorithmic_medoid,True,True,1,0.0,1.0,1.0,1.0,0.0,860,0.012627095727420226,"[""ECFP_57""]"
final,1673,1,ECFP_570,ECFP_570,ECFP_570,algorithmic_medoid,True,True,1,0.0,1.0,1.0,1.0,0.0,860,0.00807328285559762,"[""ECFP_570""]"
final,1674,1,ECFP_571,ECFP_571,ECFP_571,algorithmic_medoid,True,True,1,0.0,1.0,1.0,1.0,0.0,860,0.01149269875608437,"[""ECFP_571""]"
final,1675,1,ECFP_573,ECFP_573,ECFP_573,algorithmic_medoid,True,True,1,0.0,1.0,1.0,1.0,0.0,860,0.08436992969172527,"[""ECFP_573""]"
final,1676,1,ECFP_574,ECFP_574,ECFP_574,algorithmic_medoid,True,True,1,0.0,1.0,1.0,1.0,0.0,860,0.022714981070849107,"[""ECFP_574""]"
final,1677,1,ECFP_575,ECFP_575,ECFP_575,algorithmic_medoid,True,True,1,0.0,1.0,1.0,1.0,0.0,860,0.0260289345592212,"[""ECFP_575""]"
final,1678,1,ECFP_576,ECFP_576,ECFP_576,algorithmic_medoid,True,True,1,0.0,1.0,1.0,1.0,0.0,860,0.014887777176852359,"[""ECFP_576""]"
final,1679,1,ECFP_577,ECFP_577,ECFP_577,algorithmic_medoid,True,True,1,0.0,1.0,1.0,1.0,0.0,860,0.048545159545700385,"[""ECFP_577""]"
final,1680,1,ECFP_578,ECFP_578,ECFP_578,algorithmic_medoid,True,True,1,0.0,1.0,1.0,1.0,0.0,860,0.0023201730665224434,"[""ECFP_578""]"
final,1681,1,ECFP_579,ECFP_579,ECFP_579,algorithmic_medoid,True,True,1,0.0,1.0,1.0,1.0,0.0,860,0.0046295294753921044,"[""ECFP_579""]"
final,1682,1,ECFP_58,ECFP_58,ECFP_58,algorithmic_medoid,True,True,1,0.0,1.0,1.0,1.0,0.0,860,0.010355597620335315,"[""ECFP_58""]"
final,1683,1,ECFP_580,ECFP_580,ECFP_580,algorithmic_medoid,True,True,1,0.0,1.0,1.0,1.0,0.0,860,0.010355597620335314,"[""ECFP_580""]"
final,1684,1,ECFP_581,ECFP_581,ECFP_581,algorithmic_medoid,True,True,1,0.0,1.0,1.0,1.0,0.0,860,0.004629529475392105,"[""ECFP_581""]"
final,1685,1,ECFP_582,ECFP_582,ECFP_582,algorithmic_medoid,True,True,1,0.0,1.0,1.0,1.0,0.0,860,0.006928069226608975,"[""ECFP_582""]"
final,1686,1,ECFP_583,ECFP_583,ECFP_583,algorithmic_medoid,True,True,1,0.0,1.0,1.0,1.0,0.0,860,0.009215792320173069,"[""ECFP_583""]"
final,1687,1,ECFP_584,ECFP_584,ECFP_584,algorithmic_medoid,True,True,1,0.0,1.0,1.0,1.0,0.0,860,0.006928069226608977,"[""ECFP_584""]"
final,1688,1,ECFP_585,ECFP_585,ECFP_585,algorithmic_medoid,True,True,1,0.0,1.0,1.0,1.0,0.0,860,0.01149269875608437,"[""ECFP_585""]"
final,1689,1,ECFP_586,ECFP_586,ECFP_586,algorithmic_medoid,True,True,1,0.0,1.0,1.0,1.0,0.0,860,0.03258382909680908,"[""ECFP_586""]"
final,1690,1,ECFP_587,ECFP_587,ECFP_587,algorithmic_medoid,True,True,1,0.0,1.0,1.0,1.0,0.0,860,0.020492157923201734,"[""ECFP_587""]"
final,1691,1,ECFP_588,ECFP_588,ECFP_588,algorithmic_medoid,True,True,1,0.0,1.0,1.0,1.0,0.0,860,0.030409680908599253,"[""ECFP_588""]"
final,1692,1,ECFP_589,ECFP_589,ECFP_589,algorithmic_medoid,True,True,1,0.0,1.0,1.0,1.0,0.0,860,0.014887777176852359,"[""ECFP_589""]"
final,1693,1,ECFP_59,ECFP_59,ECFP_59,algorithmic_medoid,True,True,1,0.0,1.0,1.0,1.0,0.0,860,0.006928069226608977,"[""ECFP_59""]"
final,1694,1,ECFP_590,ECFP_590,ECFP_590,algorithmic_medoid,True,True,1,0.0,1.0,1.0,1.0,0.0,860,0.029318550567874534,"[""ECFP_590""]"
final,1695,1,ECFP_591,ECFP_591,ECFP_591,algorithmic_medoid,True,True,1,0.0,1.0,1.0,1.0,0.0,860,0.05680908599242835,"[""ECFP_591""]"
final,1696,1,ECFP_592,ECFP_592,ECFP_592,algorithmic_medoid,True,True,1,0.0,1.0,1.0,1.0,0.0,860,0.04223363980530016,"[""ECFP_592""]"
final,1697,1,ECFP_593,ECFP_593,ECFP_593,algorithmic_medoid,True,True,1,0.0,1.0,1.0,1.0,0.0,860,0.00921579232017307,"[""ECFP_593""]"
final,1698,1,ECFP_595,ECFP_595,ECFP_595,algorithmic_medoid,True,True,1,0.0,1.0,1.0,1.0,0.0,860,0.03582477014602487,"[""ECFP_595""]"
final,1699,1,ECFP_597,ECFP_597,ECFP_597,algorithmic_medoid,True,True,1,0.0,1.0,1.0,1.0,0.0,860,0.009215792320173069,"[""ECFP_597""]"
final,1700,1,ECFP_598,ECFP_598,ECFP_598,algorithmic_medoid,True,True,1,0.0,1.0,1.0,1.0,0.0,860,0.029318550567874527,"[""ECFP_598""]"
final,1701,1,ECFP_599,ECFP_599,ECFP_599,algorithmic_medoid,True,True,1,0.0,1.0,1.0,1.0,0.0,860,0.018258518117901575,"[""ECFP_599""]"
final,1702,1,ECFP_6,ECFP_6,ECFP_6,algorithmic_medoid,True,True,1,0.0,1.0,1.0,1.0,0.0,860,0.006928069226608975,"[""ECFP_6""]"
final,1703,1,ECFP_60,ECFP_60,ECFP_60,algorithmic_medoid,True,True,1,0.0,1.0,1.0,1.0,0.0,860,0.012627095727420226,"[""ECFP_60""]"
final,1704,1,ECFP_600,ECFP_600,ECFP_600,algorithmic_medoid,True,True,1,0.0,1.0,1.0,1.0,0.0,860,0.010355597620335317,"[""ECFP_600""]"
final,1705,1,ECFP_601,ECFP_601,ECFP_601,algorithmic_medoid,True,True,1,0.0,1.0,1.0,1.0,0.0,860,0.012627095727420226,"[""ECFP_601""]"
final,1706,1,ECFP_602,ECFP_602,ECFP_602,algorithmic_medoid,True,True,1,0.0,1.0,1.0,1.0,0.0,860,0.0057801514332071376,"[""ECFP_602""]"
final,1707,1,ECFP_603,ECFP_603,ECFP_603,algorithmic_medoid,True,True,1,0.0,1.0,1.0,1.0,0.0,860,0.00807328285559762,"[""ECFP_603""]"
final,1708,1,ECFP_604,ECFP_604,ECFP_604,algorithmic_medoid,True,True,1,0.0,1.0,1.0,1.0,0.0,860,0.005780151433207138,"[""ECFP_604""]"
final,1709,1,ECFP_605,ECFP_605,ECFP_605,algorithmic_medoid,True,True,1,0.0,1.0,1.0,1.0,0.0,860,0.005780151433207137,"[""ECFP_605""]"
final,1710,1,ECFP_606,ECFP_606,ECFP_606,algorithmic_medoid,True,True,1,0.0,1.0,1.0,1.0,0.0,860,0.03258382909680908,"[""ECFP_606""]"
final,1711,1,ECFP_607,ECFP_607,ECFP_607,algorithmic_medoid,True,True,1,0.0,1.0,1.0,1.0,0.0,860,0.008073282855597618,"[""ECFP_607""]"
final,1712,1,ECFP_608,ECFP_608,ECFP_608,algorithmic_medoid,True,True,1,0.0,1.0,1.0,1.0,0.0,860,0.01601406165494862,"[""ECFP_608""]"
final,1713,1,ECFP_609,ECFP_609,ECFP_609,algorithmic_medoid,True,True,1,0.0,1.0,1.0,1.0,0.0,860,0.01825851811790158,"[""ECFP_609""]"
final,1714,1,ECFP_61,ECFP_61,ECFP_61,algorithmic_medoid,True,True,1,0.0,1.0,1.0,1.0,0.0,860,0.009215792320173069,"[""ECFP_61""]"
final,1715,1,ECFP_611,ECFP_611,ECFP_611,algorithmic_medoid,True,True,1,0.0,1.0,1.0,1.0,0.0,860,0.014887777176852357,"[""ECFP_611""]"
final,1716,1,ECFP_612,ECFP_612,ECFP_612,algorithmic_medoid,True,True,1,0.0,1.0,1.0,1.0,0.0,860,0.014887777176852359,"[""ECFP_612""]"
final,1717,1,ECFP_613,ECFP_613,ECFP_613,algorithmic_medoid,True,True,1,0.0,1.0,1.0,1.0,0.0,860,0.005780151433207135,"[""ECFP_613""]"
final,1718,1,ECFP_614,ECFP_614,ECFP_614,algorithmic_medoid,True,True,1,0.0,1.0,1.0,1.0,0.0,860,0.010355597620335315,"[""ECFP_614""]"
final,1719,1,ECFP_615,ECFP_615,ECFP_615,algorithmic_medoid,True,True,1,0.0,1.0,1.0,1.0,0.0,860,0.006928069226608975,"[""ECFP_615""]"
final,1720,1,ECFP_616,ECFP_616,ECFP_616,algorithmic_medoid,True,True,1,0.0,1.0,1.0,1.0,0.0,860,0.0046295294753921044,"[""ECFP_616""]"
final,1721,1,ECFP_618,ECFP_618,ECFP_618,algorithmic_medoid,True,True,1,0.0,1.0,1.0,1.0,0.0,860,0.012627095727420226,"[""ECFP_618""]"
final,1722,1,ECFP_619,ECFP_619,ECFP_619,algorithmic_medoid,True,True,1,0.0,1.0,1.0,1.0,0.0,860,0.009215792320173067,"[""ECFP_619""]"
final,1723,1,ECFP_62,ECFP_62,ECFP_62,algorithmic_medoid,True,True,1,0.0,1.0,1.0,1.0,0.0,860,0.01937669010275825,"[""ECFP_62""]"
final,1724,1,ECFP_620,ECFP_620,ECFP_620,algorithmic_medoid,True,True,1,0.0,1.0,1.0,1.0,0.0,860,0.010355597620335314,"[""ECFP_620""]"
final,1725,1,ECFP_621,ECFP_621,ECFP_621,algorithmic_medoid,True,True,1,0.0,1.0,1.0,1.0,0.0,860,0.010355597620335317,"[""ECFP_621""]"
final,1726,1,ECFP_622,ECFP_622,ECFP_622,algorithmic_medoid,True,True,1,0.0,1.0,1.0,1.0,0.0,860,0.027128177393185505,"[""ECFP_622""]"
final,1727,1,ECFP_623,ECFP_623,ECFP_623,algorithmic_medoid,True,True,1,0.0,1.0,1.0,1.0,0.0,860,0.0260289345592212,"[""ECFP_623""]"
final,1728,1,ECFP_624,ECFP_624,ECFP_624,algorithmic_medoid,True,True,1,0.0,1.0,1.0,1.0,0.0,860,0.014887777176852359,"[""ECFP_624""]"
final,1729,1,ECFP_625,ECFP_625,ECFP_625,algorithmic_medoid,True,True,1,0.0,1.0,1.0,1.0,0.0,860,0.00807328285559762,"[""ECFP_625""]"
final,1730,1,ECFP_626,ECFP_626,ECFP_626,algorithmic_medoid,True,True,1,0.0,1.0,1.0,1.0,0.0,860,0.009215792320173069,"[""ECFP_626""]"
final,1731,1,ECFP_627,ECFP_627,ECFP_627,algorithmic_medoid,True,True,1,0.0,1.0,1.0,1.0,0.0,860,0.0023201730665224425,"[""ECFP_627""]"
final,1732,1,ECFP_628,ECFP_628,ECFP_628,algorithmic_medoid,True,True,1,0.0,1.0,1.0,1.0,0.0,860,0.014887777176852357,"[""ECFP_628""]"
final,1733,1,ECFP_629,ECFP_629,ECFP_629,algorithmic_medoid,True,True,1,0.0,1.0,1.0,1.0,0.0,860,0.013758788534342889,"[""ECFP_629""]"
final,1734,1,ECFP_63,ECFP_63,ECFP_63,algorithmic_medoid,True,True,1,0.0,1.0,1.0,1.0,0.0,860,0.005780151433207137,"[""ECFP_63""]"
final,1735,1,ECFP_630,ECFP_630,ECFP_630,algorithmic_medoid,True,True,1,0.0,1.0,1.0,1.0,0.0,860,0.003476203353163874,"[""ECFP_630""]"
final,1736,1,ECFP_631,ECFP_631,ECFP_631,algorithmic_medoid,True,True,1,0.0,1.0,1.0,1.0,0.0,860,0.0046295294753921044,"[""ECFP_631""]"
final,1737,1,ECFP_632,ECFP_632,ECFP_632,algorithmic_medoid,True,True,1,0.0,1.0,1.0,1.0,0.0,860,0.01149269875608437,"[""ECFP_632""]"
final,1738,1,ECFP_633,ECFP_633,ECFP_633,algorithmic_medoid,True,True,1,0.0,1.0,1.0,1.0,0.0,860,0.009215792320173069,"[""ECFP_633""]"
final,1739,1,ECFP_634,ECFP_634,ECFP_634,algorithmic_medoid,True,True,1,0.0,1.0,1.0,1.0,0.0,860,0.012627095727420226,"[""ECFP_634""]"
final,1740,1,ECFP_635,ECFP_635,ECFP_635,algorithmic_medoid,True,True,1,0.0,1.0,1.0,1.0,0.0,860,0.013758788534342889,"[""ECFP_635""]"
final,1741,1,ECFP_636,ECFP_636,ECFP_636,algorithmic_medoid,True,True,1,0.0,1.0,1.0,1.0,0.0,860,0.0046295294753921044,"[""ECFP_636""]"
final,1742,1,ECFP_637,ECFP_637,ECFP_637,algorithmic_medoid,True,True,1,0.0,1.0,1.0,1.0,0.0,860,0.0034762033531638738,"[""ECFP_637""]"
final,1743,1,ECFP_638,ECFP_638,ECFP_638,algorithmic_medoid,True,True,1,0.0,1.0,1.0,1.0,0.0,860,0.006928069226608975,"[""ECFP_638""]"
final,1744,1,ECFP_639,ECFP_639,ECFP_639,algorithmic_medoid,True,True,1,0.0,1.0,1.0,1.0,0.0,860,0.012627095727420226,"[""ECFP_639""]"
final,1745,1,ECFP_64,ECFP_64,ECFP_64,algorithmic_medoid,True,True,1,0.0,1.0,1.0,1.0,0.0,860,0.003476203353163874,"[""ECFP_64""]"
final,1746,1,ECFP_640,ECFP_640,ECFP_640,algorithmic_medoid,True,True,1,0.0,1.0,1.0,1.0,0.0,860,0.005780151433207135,"[""ECFP_640""]"
final,1747,1,ECFP_641,ECFP_641,ECFP_641,algorithmic_medoid,True,True,1,0.0,1.0,1.0,1.0,0.0,860,0.0034762033531638738,"[""ECFP_641""]"
final,1748,1,ECFP_642,ECFP_642,ECFP_642,algorithmic_medoid,True,True,1,0.0,1.0,1.0,1.0,0.0,860,0.001161438615467821,"[""ECFP_642""]"
final,1749,1,ECFP_643,ECFP_643,ECFP_643,algorithmic_medoid,True,True,1,0.0,1.0,1.0,1.0,0.0,860,0.002320173066522444,"[""ECFP_643""]"
final,1750,1,ECFP_644,ECFP_644,ECFP_644,algorithmic_medoid,True,True,1,0.0,1.0,1.0,1.0,0.0,860,0.030409680908599246,"[""ECFP_644""]"
final,1751,1,ECFP_645,ECFP_645,ECFP_645,algorithmic_medoid,True,True,1,0.0,1.0,1.0,1.0,0.0,860,0.010355597620335315,"[""ECFP_645""]"
final,1752,1,ECFP_646,ECFP_646,ECFP_646,algorithmic_medoid,True,True,1,0.0,1.0,1.0,1.0,0.0,860,0.0046295294753921044,"[""ECFP_646""]"
final,1753,1,ECFP_647,ECFP_647,ECFP_647,algorithmic_medoid,True,True,1,0.0,1.0,1.0,1.0,0.0,860,0.027128177393185505,"[""ECFP_647""]"
final,1754,1,ECFP_648,ECFP_648,ECFP_648,algorithmic_medoid,True,True,1,0.0,1.0,1.0,1.0,0.0,860,0.010355597620335314,"[""ECFP_648""]"
final,1755,1,ECFP_649,ECFP_649,ECFP_649,algorithmic_medoid,True,True,1,0.0,1.0,1.0,1.0,0.0,860,0.026028934559221204,"[""ECFP_649""]"
final,1756,1,ECFP_65,ECFP_65,ECFP_65,algorithmic_medoid,True,True,1,0.0,1.0,1.0,1.0,0.0,860,0.002320173066522443,"[""ECFP_65""]"
final,1757,2,MACCS_154,MACCS_154,MACCS_154,algorithmic_medoid,True,True,1,0.10611291682686264,0.8938870831731374,0.8938870831731374,0.8938870831731374,0.0,860,0.21183883180097346,"[""ECFP_650"", ""MACCS_154""]"
final,1757,2,ECFP_650,MACCS_154,MACCS_154,algorithmic_medoid,False,False,2,0.10611291682686264,0.8938870831731374,0.8938870831731374,0.8938870831731374,0.0,860,0.1920646295294754,"[""ECFP_650"", ""MACCS_154""]"
final,1758,1,ECFP_651,ECFP_651,ECFP_651,algorithmic_medoid,True,True,1,0.0,1.0,1.0,1.0,0.0,860,0.0046295294753921044,"[""ECFP_651""]"
final,1759,1,ECFP_652,ECFP_652,ECFP_652,algorithmic_medoid,True,True,1,0.0,1.0,1.0,1.0,0.0,860,0.030409680908599253,"[""ECFP_652""]"
final,1760,1,ECFP_653,ECFP_653,ECFP_653,algorithmic_medoid,True,True,1,0.0,1.0,1.0,1.0,0.0,860,0.09000000000000001,"[""ECFP_653""]"
final,1761,1,ECFP_654,ECFP_654,ECFP_654,algorithmic_medoid,True,True,1,0.0,1.0,1.0,1.0,0.0,860,0.011492698756084371,"[""ECFP_654""]"
final,1762,1,ECFP_655,ECFP_655,ECFP_655,algorithmic_medoid,True,True,1,0.0,1.0,1.0,1.0,0.0,860,0.006928069226608975,"[""ECFP_655""]"
final,1763,2,ECFP_656,ECFP_656,ECFP_656,algorithmic_medoid,True,True,1,0.013702682534131538,0.9862973174658685,0.9862973174658685,0.9862973174658685,0.0,860,0.21183883180097351,"[""ECFP_656"", ""MACCS_57""]"
final,1763,2,MACCS_57,ECFP_656,ECFP_656,algorithmic_medoid,False,False,2,0.013702682534131538,0.9862973174658685,0.9862973174658685,0.9862973174658685,0.0,860,0.20953353163872362,"[""ECFP_656"", ""MACCS_57""]"
final,1764,1,ECFP_657,ECFP_657,ECFP_657,algorithmic_medoid,True,True,1,0.0,1.0,1.0,1.0,0.0,860,0.00807328285559762,"[""ECFP_657""]"
final,1765,1,ECFP_658,ECFP_658,ECFP_658,algorithmic_medoid,True,True,1,0.0,1.0,1.0,1.0,0.0,860,0.030409680908599256,"[""ECFP_658""]"
final,1766,1,ECFP_66,ECFP_66,ECFP_66,algorithmic_medoid,True,True,1,0.0,1.0,1.0,1.0,0.0,860,0.006928069226608975,"[""ECFP_66""]"
final,1767,1,ECFP_660,ECFP_660,ECFP_660,algorithmic_medoid,True,True,1,0.0,1.0,1.0,1.0,0.0,860,0.002320173066522443,"[""ECFP_660""]"
final,1768,1,ECFP_661,ECFP_661,ECFP_661,algorithmic_medoid,True,True,1,0.0,1.0,1.0,1.0,0.0,860,0.017137641968631684,"[""ECFP_661""]"
final,1769,1,ECFP_662,ECFP_662,ECFP_662,algorithmic_medoid,True,True,1,0.0,1.0,1.0,1.0,0.0,860,0.0057801514332071376,"[""ECFP_662""]"
final,1770,1,ECFP_664,ECFP_664,ECFP_664,algorithmic_medoid,True,True,1,0.0,1.0,1.0,1.0,0.0,860,0.013758788534342887,"[""ECFP_664""]"
final,1771,1,ECFP_665,ECFP_665,ECFP_665,algorithmic_medoid,True,True,1,0.0,1.0,1.0,1.0,0.0,860,0.0034762033531638738,"[""ECFP_665""]"
final,1772,1,ECFP_666,ECFP_666,ECFP_666,algorithmic_medoid,True,True,1,0.0,1.0,1.0,1.0,0.0,860,0.028224716062736608,"[""ECFP_666""]"
final,1773,1,ECFP_667,ECFP_667,ECFP_667,algorithmic_medoid,True,True,1,0.0,1.0,1.0,1.0,0.0,860,0.05373039480800432,"[""ECFP_667""]"
final,1774,1,ECFP_668,ECFP_668,ECFP_668,algorithmic_medoid,True,True,1,0.0,1.0,1.0,1.0,0.0,860,0.00807328285559762,"[""ECFP_668""]"
final,1775,1,ECFP_669,ECFP_669,ECFP_669,algorithmic_medoid,True,True,1,0.0,1.0,1.0,1.0,0.0,860,0.012627095727420226,"[""ECFP_669""]"
final,1776,1,ECFP_67,ECFP_67,ECFP_67,algorithmic_medoid,True,True,1,0.0,1.0,1.0,1.0,0.0,860,0.024926987560843702,"[""ECFP_67""]"
final,1777,1,ECFP_670,ECFP_670,ECFP_670,algorithmic_medoid,True,True,1,0.0,1.0,1.0,1.0,0.0,860,0.005780151433207137,"[""ECFP_670""]"
final,1778,1,ECFP_671,ECFP_671,ECFP_671,algorithmic_medoid,True,True,1,0.0,1.0,1.0,1.0,0.0,860,0.005780151433207137,"[""ECFP_671""]"
final,1779,1,ECFP_672,ECFP_672,ECFP_672,algorithmic_medoid,True,True,1,0.0,1.0,1.0,1.0,0.0,860,0.0046295294753921044,"[""ECFP_672""]"
final,1780,1,ECFP_673,ECFP_673,ECFP_673,algorithmic_medoid,True,True,1,0.0,1.0,1.0,1.0,0.0,860,0.06389805300162252,"[""ECFP_673""]"
final,1781,2,ECFP_675,ECFP_675,ECFP_675,algorithmic_medoid,True,True,1,0.07923315291015764,0.9207668470898424,0.9207668470898424,0.9207668470898424,0.0,860,0.1492306652244456,"[""ECFP_675"", ""MACCS_36""]"
final,1781,2,MACCS_36,ECFP_675,ECFP_675,algorithmic_medoid,False,False,2,0.07923315291015764,0.9207668470898424,0.9207668470898424,0.9207668470898424,0.0,860,0.14017712276906436,"[""ECFP_675"", ""MACCS_36""]"
final,1782,1,ECFP_676,ECFP_676,ECFP_676,algorithmic_medoid,True,True,1,0.0,1.0,1.0,1.0,0.0,860,0.003476203353163873,"[""ECFP_676""]"
final,1783,1,ECFP_677,ECFP_677,ECFP_677,algorithmic_medoid,True,True,1,0.0,1.0,1.0,1.0,0.0,860,0.030409680908599253,"[""ECFP_677""]"
final,1784,1,ECFP_678,ECFP_678,ECFP_678,algorithmic_medoid,True,True,1,0.0,1.0,1.0,1.0,0.0,860,0.024926987560843706,"[""ECFP_678""]"
final,1785,1,ECFP_679,ECFP_679,ECFP_679,algorithmic_medoid,True,True,1,0.0,1.0,1.0,1.0,0.0,860,0.08056246619794484,"[""ECFP_679""]"
final,1786,1,ECFP_68,ECFP_68,ECFP_68,algorithmic_medoid,True,True,1,0.0,1.0,1.0,1.0,0.0,860,0.014887777176852359,"[""ECFP_68""]"
final,1787,1,ECFP_680,ECFP_680,ECFP_680,algorithmic_medoid,True,True,1,0.0,1.0,1.0,1.0,0.0,860,0.0390413737155219,"[""ECFP_680""]"
final,1788,1,ECFP_681,ECFP_681,ECFP_681,algorithmic_medoid,True,True,1,0.0,1.0,1.0,1.0,0.0,860,0.005780151433207134,"[""ECFP_681""]"
final,1789,1,ECFP_682,ECFP_682,ECFP_682,algorithmic_medoid,True,True,1,0.0,1.0,1.0,1.0,0.0,860,0.02271498107084911,"[""ECFP_682""]"
final,1790,1,ECFP_683,ECFP_683,ECFP_683,algorithmic_medoid,True,True,1,0.0,1.0,1.0,1.0,0.0,860,0.006928069226608975,"[""ECFP_683""]"
final,1791,1,ECFP_684,ECFP_684,ECFP_684,algorithmic_medoid,True,True,1,0.0,1.0,1.0,1.0,0.0,860,0.05166441319632235,"[""ECFP_684""]"
final,1792,2,ECFP_686,ECFP_686,ECFP_686,algorithmic_medoid,True,True,1,0.0,1.0,1.0,1.0,0.0,860,0.002320173066522443,"[""ECFP_686"", ""ECFP_763""]"
final,1792,2,ECFP_763,ECFP_686,ECFP_686,algorithmic_medoid,False,False,2,0.0,1.0,1.0,1.0,0.0,860,0.002320173066522443,"[""ECFP_686"", ""ECFP_763""]"
final,1793,1,ECFP_687,ECFP_687,ECFP_687,algorithmic_medoid,True,True,1,0.0,1.0,1.0,1.0,0.0,860,0.06986884802595995,"[""ECFP_687""]"
final,1794,1,ECFP_688,ECFP_688,ECFP_688,algorithmic_medoid,True,True,1,0.0,1.0,1.0,1.0,0.0,860,0.005780151433207137,"[""ECFP_688""]"
final,1795,1,ECFP_689,ECFP_689,ECFP_689,algorithmic_medoid,True,True,1,0.0,1.0,1.0,1.0,0.0,860,0.027128177393185505,"[""ECFP_689""]"
final,1796,1,ECFP_69,ECFP_69,ECFP_69,algorithmic_medoid,True,True,1,0.0,1.0,1.0,1.0,0.0,860,0.021604921579232026,"[""ECFP_69""]"
final,1797,1,ECFP_690,ECFP_690,ECFP_690,algorithmic_medoid,True,True,1,0.0,1.0,1.0,1.0,0.0,860,0.0057801514332071376,"[""ECFP_690""]"
final,1798,1,ECFP_691,ECFP_691,ECFP_691,algorithmic_medoid,True,True,1,0.0,1.0,1.0,1.0,0.0,860,0.011492698756084368,"[""ECFP_691""]"
final,1799,1,ECFP_692,ECFP_692,ECFP_692,algorithmic_medoid,True,True,1,0.0,1.0,1.0,1.0,0.0,860,0.0260289345592212,"[""ECFP_692""]"
final,1800,1,ECFP_693,ECFP_693,ECFP_693,algorithmic_medoid,True,True,1,0.0,1.0,1.0,1.0,0.0,860,0.01937669010275825,"[""ECFP_693""]"
final,1801,1,ECFP_694,ECFP_694,ECFP_694,algorithmic_medoid,True,True,1,0.0,1.0,1.0,1.0,0.0,860,0.10453758788534341,"[""ECFP_694""]"
final,1802,4,MACCS_126,MACCS_126,MACCS_126,algorithmic_medoid,True,True,1,0.11434033022406387,0.8856596697759361,0.8311365629215016,0.9929854985188651,0.0,860,0.24761492698756085,"[""ECFP_695"", ""MACCS_126"", ""NssO"", ""SssO""]"
final,1802,4,SssO,MACCS_126,MACCS_126,algorithmic_medoid,False,False,2,0.11678359729773324,0.8832164027022668,0.8253649516738625,0.9914273085454958,0.0,860,168.9586983739301,"[""ECFP_695"", ""MACCS_126"", ""NssO"", ""SssO""]"
final,1802,4,NssO,MACCS_126,MACCS_126,algorithmic_medoid,False,False,3,0.11794974715694517,0.8820502528430548,0.8235868870621669,0.9914273085454958,0.0,860,4.9033788534342895,"[""ECFP_695"", ""MACCS_126"", ""NssO"", ""SssO""]"
final,1802,4,ECFP_695,MACCS_126,MACCS_126,algorithmic_medoid,False,False,4,0.11935422091503523,0.8806457790849648,0.8235868870621669,0.9929854985188651,0.0,860,0.24794348296376423,"[""ECFP_695"", ""MACCS_126"", ""NssO"", ""SssO""]"
final,1803,1,ECFP_696,ECFP_696,ECFP_696,algorithmic_medoid,True,True,1,0.0,1.0,1.0,1.0,0.0,860,0.014887777176852359,"[""ECFP_696""]"
final,1804,1,ECFP_697,ECFP_697,ECFP_697,algorithmic_medoid,True,True,1,0.0,1.0,1.0,1.0,0.0,860,0.033666846944294226,"[""ECFP_697""]"
final,1805,1,ECFP_699,ECFP_699,ECFP_699,algorithmic_medoid,True,True,1,0.0,1.0,1.0,1.0,0.0,860,0.07379529475392103,"[""ECFP_699""]"
final,1806,1,ECFP_7,ECFP_7,ECFP_7,algorithmic_medoid,True,True,1,0.0,1.0,1.0,1.0,0.0,860,0.020492157923201734,"[""ECFP_7""]"
final,1807,1,ECFP_70,ECFP_70,ECFP_70,algorithmic_medoid,True,True,1,0.0,1.0,1.0,1.0,0.0,860,0.017137641968631687,"[""ECFP_70""]"
final,1808,1,ECFP_700,ECFP_700,ECFP_700,algorithmic_medoid,True,True,1,0.0,1.0,1.0,1.0,0.0,860,0.009215792320173069,"[""ECFP_700""]"
final,1809,1,ECFP_701,ECFP_701,ECFP_701,algorithmic_medoid,True,True,1,0.0,1.0,1.0,1.0,0.0,860,0.005780151433207137,"[""ECFP_701""]"
final,1810,1,ECFP_702,ECFP_702,ECFP_702,algorithmic_medoid,True,True,1,0.0,1.0,1.0,1.0,0.0,860,0.00807328285559762,"[""ECFP_702""]"
final,1811,1,ECFP_703,ECFP_703,ECFP_703,algorithmic_medoid,True,True,1,0.0,1.0,1.0,1.0,0.0,860,0.022714981070849107,"[""ECFP_703""]"
final,1812,1,ECFP_704,ECFP_704,ECFP_704,algorithmic_medoid,True,True,1,0.0,1.0,1.0,1.0,0.0,860,0.008073282855597618,"[""ECFP_704""]"
final,1813,1,ECFP_705,ECFP_705,ECFP_705,algorithmic_medoid,True,True,1,0.0,1.0,1.0,1.0,0.0,860,0.0046295294753921044,"[""ECFP_705""]"
final,1814,1,ECFP_706,ECFP_706,ECFP_706,algorithmic_medoid,True,True,1,0.0,1.0,1.0,1.0,0.0,860,0.021604921579232023,"[""ECFP_706""]"
final,1815,1,ECFP_707,ECFP_707,ECFP_707,algorithmic_medoid,True,True,1,0.0,1.0,1.0,1.0,0.0,860,0.00807328285559762,"[""ECFP_707""]"
final,1816,1,ECFP_708,ECFP_708,ECFP_708,algorithmic_medoid,True,True,1,0.0,1.0,1.0,1.0,0.0,860,0.012627095727420228,"[""ECFP_708""]"
final,1817,1,ECFP_709,ECFP_709,ECFP_709,algorithmic_medoid,True,True,1,0.0,1.0,1.0,1.0,0.0,860,0.0034762033531638733,"[""ECFP_709""]"
final,1818,1,ECFP_71,ECFP_71,ECFP_71,algorithmic_medoid,True,True,1,0.0,1.0,1.0,1.0,0.0,860,0.0034762033531638738,"[""ECFP_71""]"
final,1819,1,ECFP_710,ECFP_710,ECFP_710,algorithmic_medoid,True,True,1,0.0,1.0,1.0,1.0,0.0,860,0.01149269875608437,"[""ECFP_710""]"
final,1820,1,ECFP_711,ECFP_711,ECFP_711,algorithmic_medoid,True,True,1,0.0,1.0,1.0,1.0,0.0,860,0.010355597620335317,"[""ECFP_711""]"
final,1821,1,ECFP_712,ECFP_712,ECFP_712,algorithmic_medoid,True,True,1,0.0,1.0,1.0,1.0,0.0,860,0.001161438615467821,"[""ECFP_712""]"
final,1822,1,ECFP_713,ECFP_713,ECFP_713,algorithmic_medoid,True,True,1,0.0,1.0,1.0,1.0,0.0,860,0.03258382909680908,"[""ECFP_713""]"
final,1823,1,ECFP_714,ECFP_714,ECFP_714,algorithmic_medoid,True,True,1,0.0,1.0,1.0,1.0,0.0,860,0.003476203353163873,"[""ECFP_714""]"
final,1824,1,ECFP_715,ECFP_715,ECFP_715,algorithmic_medoid,True,True,1,0.0,1.0,1.0,1.0,0.0,860,0.033666846944294226,"[""ECFP_715""]"
final,1825,1,ECFP_716,ECFP_716,ECFP_716,algorithmic_medoid,True,True,1,0.0,1.0,1.0,1.0,0.0,860,0.013758788534342889,"[""ECFP_716""]"
final,1826,1,ECFP_718,ECFP_718,ECFP_718,algorithmic_medoid,True,True,1,0.0,1.0,1.0,1.0,0.0,860,0.06986884802595995,"[""ECFP_718""]"
final,1827,1,ECFP_719,ECFP_719,ECFP_719,algorithmic_medoid,True,True,1,0.0,1.0,1.0,1.0,0.0,860,0.0023201730665224434,"[""ECFP_719""]"
final,1828,1,ECFP_72,ECFP_72,ECFP_72,algorithmic_medoid,True,True,1,0.0,1.0,1.0,1.0,0.0,860,0.005780151433207137,"[""ECFP_72""]"
final,1829,1,ECFP_720,ECFP_720,ECFP_720,algorithmic_medoid,True,True,1,0.0,1.0,1.0,1.0,0.0,860,0.010355597620335314,"[""ECFP_720""]"
final,1830,1,ECFP_721,ECFP_721,ECFP_721,algorithmic_medoid,True,True,1,0.0,1.0,1.0,1.0,0.0,860,0.00807328285559762,"[""ECFP_721""]"
final,1831,1,ECFP_723,ECFP_723,ECFP_723,algorithmic_medoid,True,True,1,0.0,1.0,1.0,1.0,0.0,860,0.010355597620335315,"[""ECFP_723""]"
final,1832,1,ECFP_724,ECFP_724,ECFP_724,algorithmic_medoid,True,True,1,0.0,1.0,1.0,1.0,0.0,860,0.01937669010275825,"[""ECFP_724""]"
final,1833,1,ECFP_725,ECFP_725,ECFP_725,algorithmic_medoid,True,True,1,0.0,1.0,1.0,1.0,0.0,860,0.08342212006489992,"[""ECFP_725""]"
final,1834,1,ECFP_726,ECFP_726,ECFP_726,algorithmic_medoid,True,True,1,0.0,1.0,1.0,1.0,0.0,860,0.013758788534342887,"[""ECFP_726""]"
final,1835,1,ECFP_727,ECFP_727,ECFP_727,algorithmic_medoid,True,True,1,0.0,1.0,1.0,1.0,0.0,860,0.00807328285559762,"[""ECFP_727""]"
final,1836,1,ECFP_728,ECFP_728,ECFP_728,algorithmic_medoid,True,True,1,0.0,1.0,1.0,1.0,0.0,860,0.029318550567874534,"[""ECFP_728""]"
final,1837,1,ECFP_729,ECFP_729,ECFP_729,algorithmic_medoid,True,True,1,0.0,1.0,1.0,1.0,0.0,860,0.013758788534342887,"[""ECFP_729""]"
final,1838,1,ECFP_73,ECFP_73,ECFP_73,algorithmic_medoid,True,True,1,0.0,1.0,1.0,1.0,0.0,860,0.0046295294753921044,"[""ECFP_73""]"
final,1839,1,ECFP_730,ECFP_730,ECFP_730,algorithmic_medoid,True,True,1,0.0,1.0,1.0,1.0,0.0,860,0.005780151433207137,"[""ECFP_730""]"
final,1840,1,ECFP_731,ECFP_731,ECFP_731,algorithmic_medoid,True,True,1,0.0,1.0,1.0,1.0,0.0,860,0.00807328285559762,"[""ECFP_731""]"
final,1841,1,ECFP_732,ECFP_732,ECFP_732,algorithmic_medoid,True,True,1,0.0,1.0,1.0,1.0,0.0,860,0.0023201730665224443,"[""ECFP_732""]"
final,1842,1,ECFP_733,ECFP_733,ECFP_733,algorithmic_medoid,True,True,1,0.0,1.0,1.0,1.0,0.0,860,0.010355597620335315,"[""ECFP_733""]"
final,1843,1,ECFP_734,ECFP_734,ECFP_734,algorithmic_medoid,True,True,1,0.0,1.0,1.0,1.0,0.0,860,0.009215792320173069,"[""ECFP_734""]"
final,1844,1,ECFP_735,ECFP_735,ECFP_735,algorithmic_medoid,True,True,1,0.0,1.0,1.0,1.0,0.0,860,0.00807328285559762,"[""ECFP_735""]"
final,1845,1,ECFP_736,ECFP_736,ECFP_736,algorithmic_medoid,True,True,1,0.0,1.0,1.0,1.0,0.0,860,0.06689561925365062,"[""ECFP_736""]"
final,1846,1,ECFP_737,ECFP_737,ECFP_737,algorithmic_medoid,True,True,1,0.0,1.0,1.0,1.0,0.0,860,0.01375878853434289,"[""ECFP_737""]"
final,1847,1,ECFP_738,ECFP_738,ECFP_738,algorithmic_medoid,True,True,1,0.0,1.0,1.0,1.0,0.0,860,0.02160492157923202,"[""ECFP_738""]"
final,1848,1,ECFP_739,ECFP_739,ECFP_739,algorithmic_medoid,True,True,1,0.0,1.0,1.0,1.0,0.0,860,0.10096809085992428,"[""ECFP_739""]"
final,1849,1,ECFP_74,ECFP_74,ECFP_74,algorithmic_medoid,True,True,1,0.0,1.0,1.0,1.0,0.0,860,0.033666846944294226,"[""ECFP_74""]"
final,1850,1,ECFP_740,ECFP_740,ECFP_740,algorithmic_medoid,True,True,1,0.0,1.0,1.0,1.0,0.0,860,0.004629529475392104,"[""ECFP_740""]"
final,1851,1,ECFP_741,ECFP_741,ECFP_741,algorithmic_medoid,True,True,1,0.0,1.0,1.0,1.0,0.0,860,0.001161438615467821,"[""ECFP_741""]"
final,1852,1,ECFP_742,ECFP_742,ECFP_742,algorithmic_medoid,True,True,1,0.0,1.0,1.0,1.0,0.0,860,0.009215792320173069,"[""ECFP_742""]"
final,1853,1,ECFP_743,ECFP_743,ECFP_743,algorithmic_medoid,True,True,1,0.0,1.0,1.0,1.0,0.0,860,0.005780151433207137,"[""ECFP_743""]"
final,1854,1,ECFP_744,ECFP_744,ECFP_744,algorithmic_medoid,True,True,1,0.0,1.0,1.0,1.0,0.0,860,0.03474716062736614,"[""ECFP_744""]"
final,1855,1,ECFP_745,ECFP_745,ECFP_745,algorithmic_medoid,True,True,1,0.0,1.0,1.0,1.0,0.0,860,0.08531503515413738,"[""ECFP_745""]"
final,1856,1,ECFP_746,ECFP_746,ECFP_746,algorithmic_medoid,True,True,1,0.0,1.0,1.0,1.0,0.0,860,0.002320173066522444,"[""ECFP_746""]"
final,1857,1,ECFP_747,ECFP_747,ECFP_747,algorithmic_medoid,True,True,1,0.0,1.0,1.0,1.0,0.0,860,0.03474716062736614,"[""ECFP_747""]"
final,1858,1,ECFP_749,ECFP_749,ECFP_749,algorithmic_medoid,True,True,1,0.0,1.0,1.0,1.0,0.0,860,0.014887777176852357,"[""ECFP_749""]"
final,1859,1,ECFP_75,ECFP_75,ECFP_75,algorithmic_medoid,True,True,1,0.0,1.0,1.0,1.0,0.0,860,0.03904137371552191,"[""ECFP_75""]"
final,1860,1,ECFP_750,ECFP_750,ECFP_750,algorithmic_medoid,True,True,1,0.0,1.0,1.0,1.0,0.0,860,0.09277852893455922,"[""ECFP_750""]"
final,1861,1,ECFP_751,ECFP_751,ECFP_751,algorithmic_medoid,True,True,1,0.0,1.0,1.0,1.0,0.0,860,0.0046295294753921044,"[""ECFP_751""]"
final,1862,1,ECFP_752,ECFP_752,ECFP_752,algorithmic_medoid,True,True,1,0.0,1.0,1.0,1.0,0.0,860,0.00807328285559762,"[""ECFP_752""]"
final,1863,1,ECFP_753,ECFP_753,ECFP_753,algorithmic_medoid,True,True,1,0.0,1.0,1.0,1.0,0.0,860,0.09826257436452136,"[""ECFP_753""]"
final,1864,1,ECFP_754,ECFP_754,ECFP_754,algorithmic_medoid,True,True,1,0.0,1.0,1.0,1.0,0.0,860,0.01149269875608437,"[""ECFP_754""]"
final,1865,1,ECFP_755,ECFP_755,ECFP_755,algorithmic_medoid,True,True,1,0.0,1.0,1.0,1.0,0.0,860,0.006928069226608975,"[""ECFP_755""]"
final,1866,1,ECFP_756,ECFP_756,ECFP_756,algorithmic_medoid,True,True,1,0.0,1.0,1.0,1.0,0.0,860,0.00807328285559762,"[""ECFP_756""]"
final,1867,1,ECFP_758,ECFP_758,ECFP_758,algorithmic_medoid,True,True,1,0.0,1.0,1.0,1.0,0.0,860,0.029318550567874534,"[""ECFP_758""]"
final,1868,1,ECFP_759,ECFP_759,ECFP_759,algorithmic_medoid,True,True,1,0.0,1.0,1.0,1.0,0.0,860,0.02271498107084911,"[""ECFP_759""]"
final,1869,1,ECFP_76,ECFP_76,ECFP_76,algorithmic_medoid,True,True,1,0.0,1.0,1.0,1.0,0.0,860,0.0011614386154678207,"[""ECFP_76""]"
final,1870,1,ECFP_760,ECFP_760,ECFP_760,algorithmic_medoid,True,True,1,0.0,1.0,1.0,1.0,0.0,860,0.014887777176852359,"[""ECFP_760""]"
final,1871,1,ECFP_762,ECFP_762,ECFP_762,algorithmic_medoid,True,True,1,0.0,1.0,1.0,1.0,0.0,860,0.040108166576527854,"[""ECFP_762""]"
final,1872,1,ECFP_764,ECFP_764,ECFP_764,algorithmic_medoid,True,True,1,0.0,1.0,1.0,1.0,0.0,860,0.004629529475392105,"[""ECFP_764""]"
final,1873,1,ECFP_765,ECFP_765,ECFP_765,algorithmic_medoid,True,True,1,0.0,1.0,1.0,1.0,0.0,860,0.002320173066522443,"[""ECFP_765""]"
final,1874,1,ECFP_766,ECFP_766,ECFP_766,algorithmic_medoid,True,True,1,0.0,1.0,1.0,1.0,0.0,860,0.0034762033531638733,"[""ECFP_766""]"
final,1875,1,ECFP_767,ECFP_767,ECFP_767,algorithmic_medoid,True,True,1,0.0,1.0,1.0,1.0,0.0,860,0.0057801514332071376,"[""ECFP_767""]"
final,1876,1,ECFP_768,ECFP_768,ECFP_768,algorithmic_medoid,True,True,1,0.0,1.0,1.0,1.0,0.0,860,0.0011614386154678207,"[""ECFP_768""]"
final,1877,1,ECFP_769,ECFP_769,ECFP_769,algorithmic_medoid,True,True,1,0.0,1.0,1.0,1.0,0.0,860,0.005780151433207137,"[""ECFP_769""]"
final,1878,1,ECFP_77,ECFP_77,ECFP_77,algorithmic_medoid,True,True,1,0.0,1.0,1.0,1.0,0.0,860,0.006928069226608975,"[""ECFP_77""]"
final,1879,1,ECFP_770,ECFP_770,ECFP_770,algorithmic_medoid,True,True,1,0.0,1.0,1.0,1.0,0.0,860,0.012627095727420228,"[""ECFP_770""]"
final,1880,1,ECFP_771,ECFP_771,ECFP_771,algorithmic_medoid,True,True,1,0.0,1.0,1.0,1.0,0.0,860,0.021604921579232026,"[""ECFP_771""]"
final,1881,1,ECFP_772,ECFP_772,ECFP_772,algorithmic_medoid,True,True,1,0.0,1.0,1.0,1.0,0.0,860,0.008073282855597618,"[""ECFP_772""]"
final,1882,1,ECFP_773,ECFP_773,ECFP_773,algorithmic_medoid,True,True,1,0.0,1.0,1.0,1.0,0.0,860,0.009215792320173069,"[""ECFP_773""]"
final,1883,1,ECFP_774,ECFP_774,ECFP_774,algorithmic_medoid,True,True,1,0.0,1.0,1.0,1.0,0.0,860,0.002320173066522444,"[""ECFP_774""]"
final,1884,1,ECFP_775,ECFP_775,ECFP_775,algorithmic_medoid,True,True,1,0.0,1.0,1.0,1.0,0.0,860,0.0034762033531638733,"[""ECFP_775""]"
final,1885,1,ECFP_776,ECFP_776,ECFP_776,algorithmic_medoid,True,True,1,0.0,1.0,1.0,1.0,0.0,860,0.0046295294753921044,"[""ECFP_776""]"
final,1886,1,ECFP_777,ECFP_777,ECFP_777,algorithmic_medoid,True,True,1,0.0,1.0,1.0,1.0,0.0,860,0.0034762033531638733,"[""ECFP_777""]"
final,1887,1,ECFP_778,ECFP_778,ECFP_778,algorithmic_medoid,True,True,1,0.0,1.0,1.0,1.0,0.0,860,0.010355597620335315,"[""ECFP_778""]"
final,1888,1,ECFP_779,ECFP_779,ECFP_779,algorithmic_medoid,True,True,1,0.0,1.0,1.0,1.0,0.0,860,0.00807328285559762,"[""ECFP_779""]"
final,1889,1,ECFP_78,ECFP_78,ECFP_78,algorithmic_medoid,True,True,1,0.0,1.0,1.0,1.0,0.0,860,0.005780151433207137,"[""ECFP_78""]"
final,1890,1,ECFP_780,ECFP_780,ECFP_780,algorithmic_medoid,True,True,1,0.0,1.0,1.0,1.0,0.0,860,0.006928069226608975,"[""ECFP_780""]"
final,1891,1,ECFP_781,ECFP_781,ECFP_781,algorithmic_medoid,True,True,1,0.0,1.0,1.0,1.0,0.0,860,0.021604921579232023,"[""ECFP_781""]"
final,1892,1,ECFP_782,ECFP_782,ECFP_782,algorithmic_medoid,True,True,1,0.0,1.0,1.0,1.0,0.0,860,0.006928069226608977,"[""ECFP_782""]"
final,1893,1,ECFP_783,ECFP_783,ECFP_783,algorithmic_medoid,True,True,1,0.0,1.0,1.0,1.0,0.0,860,0.009215792320173069,"[""ECFP_783""]"
final,1894,1,ECFP_784,ECFP_784,ECFP_784,algorithmic_medoid,True,True,1,0.0,1.0,1.0,1.0,0.0,860,0.012627095727420226,"[""ECFP_784""]"
final,1895,1,ECFP_785,ECFP_785,ECFP_785,algorithmic_medoid,True,True,1,0.0,1.0,1.0,1.0,0.0,860,0.0034762033531638733,"[""ECFP_785""]"
final,1896,1,ECFP_786,ECFP_786,ECFP_786,algorithmic_medoid,True,True,1,0.0,1.0,1.0,1.0,0.0,860,0.05166441319632236,"[""ECFP_786""]"
final,1897,1,ECFP_787,ECFP_787,ECFP_787,algorithmic_medoid,True,True,1,0.0,1.0,1.0,1.0,0.0,860,0.04117225527312061,"[""ECFP_787""]"
final,1898,1,ECFP_788,ECFP_788,ECFP_788,algorithmic_medoid,True,True,1,0.0,1.0,1.0,1.0,0.0,860,0.008073282855597618,"[""ECFP_788""]"
final,1899,1,ECFP_789,ECFP_789,ECFP_789,algorithmic_medoid,True,True,1,0.0,1.0,1.0,1.0,0.0,860,0.0034762033531638733,"[""ECFP_789""]"
final,1900,1,ECFP_79,ECFP_79,ECFP_79,algorithmic_medoid,True,True,1,0.0,1.0,1.0,1.0,0.0,860,0.03689967550027042,"[""ECFP_79""]"
final,1901,4,MACCS_41,MACCS_41,MACCS_41,algorithmic_medoid,True,True,1,0.02708176297525766,0.9729182370247423,0.9187821019558076,1.0,0.0,860,0.012627095727420226,"[""ECFP_790"", ""MACCS_41"", ""NtN"", ""StN""]"
final,1901,4,NtN,MACCS_41,MACCS_41,algorithmic_medoid,False,False,2,0.02708176297525766,0.9729182370247423,0.9187821019558076,1.0,0.0,860,0.012627095727420226,"[""ECFP_790"", ""MACCS_41"", ""NtN"", ""StN""]"
final,1901,4,StN,MACCS_41,MACCS_41,algorithmic_medoid,False,False,3,0.027099282019702353,0.9729007179802976,0.9187569357040544,0.9999726091184193,0.0,860,1.1053411703261844,"[""ECFP_790"", ""MACCS_41"", ""NtN"", ""StN""]"
final,1901,4,ECFP_790,MACCS_41,MACCS_41,algorithmic_medoid,False,False,4,0.08122628679477684,0.9187737132052232,0.9187569357040544,0.9187821019558076,0.0,860,0.014887777176852357,"[""ECFP_790"", ""MACCS_41"", ""NtN"", ""StN""]"
final,1902,1,ECFP_792,ECFP_792,ECFP_792,algorithmic_medoid,True,True,1,0.0,1.0,1.0,1.0,0.0,860,0.05578555976203352,"[""ECFP_792""]"
final,1903,1,ECFP_793,ECFP_793,ECFP_793,algorithmic_medoid,True,True,1,0.0,1.0,1.0,1.0,0.0,860,0.0011614386154678207,"[""ECFP_793""]"
final,1904,1,ECFP_794,ECFP_794,ECFP_794,algorithmic_medoid,True,True,1,0.0,1.0,1.0,1.0,0.0,860,0.06289345592212008,"[""ECFP_794""]"
final,1905,1,ECFP_795,ECFP_795,ECFP_795,algorithmic_medoid,True,True,1,0.0,1.0,1.0,1.0,0.0,860,0.006928069226608975,"[""ECFP_795""]"
final,1906,1,ECFP_796,ECFP_796,ECFP_796,algorithmic_medoid,True,True,1,0.0,1.0,1.0,1.0,0.0,860,0.0046295294753921044,"[""ECFP_796""]"
final,1907,1,ECFP_797,ECFP_797,ECFP_797,algorithmic_medoid,True,True,1,0.0,1.0,1.0,1.0,0.0,860,0.01149269875608437,"[""ECFP_797""]"
final,1908,1,ECFP_798,ECFP_798,ECFP_798,algorithmic_medoid,True,True,1,0.0,1.0,1.0,1.0,0.0,860,0.06589913466738775,"[""ECFP_798""]"
final,1909,1,ECFP_799,ECFP_799,ECFP_799,algorithmic_medoid,True,True,1,0.0,1.0,1.0,1.0,0.0,860,0.005780151433207137,"[""ECFP_799""]"
final,1910,1,ECFP_8,ECFP_8,ECFP_8,algorithmic_medoid,True,True,1,0.0,1.0,1.0,1.0,0.0,860,0.023822336398053003,"[""ECFP_8""]"
final,1911,2,MACCS_155,MACCS_155,MACCS_155,algorithmic_medoid,True,True,1,0.022824189964701924,0.9771758100352981,0.9771758100352981,0.9771758100352981,0.0,860,0.17847485127095722,"[""ECFP_80"", ""MACCS_155""]"
final,1911,2,ECFP_80,MACCS_155,MACCS_155,algorithmic_medoid,False,False,2,0.022824189964701924,0.9771758100352981,0.9771758100352981,0.9771758100352981,0.0,860,0.17405489453758788,"[""ECFP_80"", ""MACCS_155""]"
final,1912,1,ECFP_800,ECFP_800,ECFP_800,algorithmic_medoid,True,True,1,0.0,1.0,1.0,1.0,0.0,860,0.01149269875608437,"[""ECFP_800""]"
final,1913,1,ECFP_801,ECFP_801,ECFP_801,algorithmic_medoid,True,True,1,0.0,1.0,1.0,1.0,0.0,860,0.005780151433207137,"[""ECFP_801""]"
final,1914,1,ECFP_802,ECFP_802,ECFP_802,algorithmic_medoid,True,True,1,0.0,1.0,1.0,1.0,0.0,860,0.061886154678204464,"[""ECFP_802""]"
final,1915,1,ECFP_803,ECFP_803,ECFP_803,algorithmic_medoid,True,True,1,0.0,1.0,1.0,1.0,0.0,860,0.0069280692266089775,"[""ECFP_803""]"
final,1916,1,ECFP_804,ECFP_804,ECFP_804,algorithmic_medoid,True,True,1,0.0,1.0,1.0,1.0,0.0,860,0.028224716062736608,"[""ECFP_804""]"
final,1917,1,ECFP_805,ECFP_805,ECFP_805,algorithmic_medoid,True,True,1,0.0,1.0,1.0,1.0,0.0,860,0.013758788534342887,"[""ECFP_805""]"
final,1918,1,ECFP_806,ECFP_806,ECFP_806,algorithmic_medoid,True,True,1,0.0,1.0,1.0,1.0,0.0,860,0.029318550567874534,"[""ECFP_806""]"
final,1919,1,ECFP_807,ECFP_807,ECFP_807,algorithmic_medoid,True,True,1,0.0,1.0,1.0,1.0,0.0,860,0.14399675500270415,"[""ECFP_807""]"
final,1920,1,ECFP_808,ECFP_808,ECFP_808,algorithmic_medoid,True,True,1,0.0,1.0,1.0,1.0,0.0,860,0.009215792320173069,"[""ECFP_808""]"
final,1921,1,ECFP_809,ECFP_809,ECFP_809,algorithmic_medoid,True,True,1,0.0,1.0,1.0,1.0,0.0,860,0.04434829637641968,"[""ECFP_809""]"
final,1922,1,ECFP_81,ECFP_81,ECFP_81,algorithmic_medoid,True,True,1,0.0,1.0,1.0,1.0,0.0,860,0.01149269875608437,"[""ECFP_81""]"
final,1923,1,ECFP_810,ECFP_810,ECFP_810,algorithmic_medoid,True,True,1,0.0,1.0,1.0,1.0,0.0,860,0.003476203353163874,"[""ECFP_810""]"
final,1924,1,ECFP_811,ECFP_811,ECFP_811,algorithmic_medoid,True,True,1,0.0,1.0,1.0,1.0,0.0,860,0.028224716062736608,"[""ECFP_811""]"
final,1925,1,ECFP_812,ECFP_812,ECFP_812,algorithmic_medoid,True,True,1,0.0,1.0,1.0,1.0,0.0,860,0.012627095727420226,"[""ECFP_812""]"
final,1926,1,ECFP_813,ECFP_813,ECFP_813,algorithmic_medoid,True,True,1,0.0,1.0,1.0,1.0,0.0,860,0.00807328285559762,"[""ECFP_813""]"
final,1927,1,ECFP_814,ECFP_814,ECFP_814,algorithmic_medoid,True,True,1,0.0,1.0,1.0,1.0,0.0,860,0.006928069226608975,"[""ECFP_814""]"
final,1928,1,ECFP_815,ECFP_815,ECFP_815,algorithmic_medoid,True,True,1,0.0,1.0,1.0,1.0,0.0,860,0.010355597620335315,"[""ECFP_815""]"
final,1929,1,ECFP_818,ECFP_818,ECFP_818,algorithmic_medoid,True,True,1,0.0,1.0,1.0,1.0,0.0,860,0.006928069226608975,"[""ECFP_818""]"
final,1930,1,ECFP_819,ECFP_819,ECFP_819,algorithmic_medoid,True,True,1,0.0,1.0,1.0,1.0,0.0,860,0.008073282855597618,"[""ECFP_819""]"
final,1931,1,ECFP_82,ECFP_82,ECFP_82,algorithmic_medoid,True,True,1,0.0,1.0,1.0,1.0,0.0,860,0.00807328285559762,"[""ECFP_82""]"
final,1932,1,ECFP_820,ECFP_820,ECFP_820,algorithmic_medoid,True,True,1,0.0,1.0,1.0,1.0,0.0,860,0.012627095727420224,"[""ECFP_820""]"
final,1933,1,ECFP_821,ECFP_821,ECFP_821,algorithmic_medoid,True,True,1,0.0,1.0,1.0,1.0,0.0,860,0.006928069226608977,"[""ECFP_821""]"
final,1934,1,ECFP_822,ECFP_822,ECFP_822,algorithmic_medoid,True,True,1,0.0,1.0,1.0,1.0,0.0,860,0.0023201730665224434,"[""ECFP_822""]"
final,1935,1,ECFP_823,ECFP_823,ECFP_823,algorithmic_medoid,True,True,1,0.0,1.0,1.0,1.0,0.0,860,0.017137641968631684,"[""ECFP_823""]"
final,1936,1,ECFP_824,ECFP_824,ECFP_824,algorithmic_medoid,True,True,1,0.0,1.0,1.0,1.0,0.0,860,0.06289345592212008,"[""ECFP_824""]"
final,1937,1,ECFP_825,ECFP_825,ECFP_825,algorithmic_medoid,True,True,1,0.0,1.0,1.0,1.0,0.0,860,0.00807328285559762,"[""ECFP_825""]"
final,1938,1,ECFP_826,ECFP_826,ECFP_826,algorithmic_medoid,True,True,1,0.0,1.0,1.0,1.0,0.0,860,0.009215792320173069,"[""ECFP_826""]"
final,1939,1,ECFP_827,ECFP_827,ECFP_827,algorithmic_medoid,True,True,1,0.0,1.0,1.0,1.0,0.0,860,0.0046295294753921044,"[""ECFP_827""]"
final,1940,1,ECFP_828,ECFP_828,ECFP_828,algorithmic_medoid,True,True,1,0.0,1.0,1.0,1.0,0.0,860,0.012627095727420228,"[""ECFP_828""]"
final,1941,1,ECFP_829,ECFP_829,ECFP_829,algorithmic_medoid,True,True,1,0.0,1.0,1.0,1.0,0.0,860,0.054759329367225516,"[""ECFP_829""]"
final,1942,1,ECFP_83,ECFP_83,ECFP_83,algorithmic_medoid,True,True,1,0.0,1.0,1.0,1.0,0.0,860,0.012627095727420226,"[""ECFP_83""]"
final,1943,1,ECFP_830,ECFP_830,ECFP_830,algorithmic_medoid,True,True,1,0.0,1.0,1.0,1.0,0.0,860,0.0046295294753921044,"[""ECFP_830""]"
final,1944,1,ECFP_831,ECFP_831,ECFP_831,algorithmic_medoid,True,True,1,0.0,1.0,1.0,1.0,0.0,860,0.017137641968631687,"[""ECFP_831""]"
final,1945,1,ECFP_832,ECFP_832,ECFP_832,algorithmic_medoid,True,True,1,0.0,1.0,1.0,1.0,0.0,860,0.03258382909680908,"[""ECFP_832""]"
final,1946,1,ECFP_833,ECFP_833,ECFP_833,algorithmic_medoid,True,True,1,0.0,1.0,1.0,1.0,0.0,860,0.017137641968631687,"[""ECFP_833""]"
final,1947,1,ECFP_834,ECFP_834,ECFP_834,algorithmic_medoid,True,True,1,0.0,1.0,1.0,1.0,0.0,860,0.010355597620335314,"[""ECFP_834""]"
final,1948,1,ECFP_835,ECFP_835,ECFP_835,algorithmic_medoid,True,True,1,0.0,1.0,1.0,1.0,0.0,860,0.03582477014602487,"[""ECFP_835""]"
final,1949,1,ECFP_836,ECFP_836,ECFP_836,algorithmic_medoid,True,True,1,0.0,1.0,1.0,1.0,0.0,860,0.01713764196863169,"[""ECFP_836""]"
final,1950,1,ECFP_837,ECFP_837,ECFP_837,algorithmic_medoid,True,True,1,0.0,1.0,1.0,1.0,0.0,860,0.01825851811790158,"[""ECFP_837""]"
final,1951,1,ECFP_839,ECFP_839,ECFP_839,algorithmic_medoid,True,True,1,0.0,1.0,1.0,1.0,0.0,860,0.0034762033531638733,"[""ECFP_839""]"
final,1952,1,ECFP_84,ECFP_84,ECFP_84,algorithmic_medoid,True,True,1,0.0,1.0,1.0,1.0,0.0,860,0.03258382909680908,"[""ECFP_84""]"
final,1953,1,ECFP_840,ECFP_840,ECFP_840,algorithmic_medoid,True,True,1,0.0,1.0,1.0,1.0,0.0,860,0.006928069226608975,"[""ECFP_840""]"
final,1954,1,ECFP_841,ECFP_841,ECFP_841,algorithmic_medoid,True,True,1,0.0,1.0,1.0,1.0,0.0,860,0.15647782585181175,"[""ECFP_841""]"
final,1955,1,ECFP_842,ECFP_842,ECFP_842,algorithmic_medoid,True,True,1,0.0,1.0,1.0,1.0,0.0,860,0.021604921579232026,"[""ECFP_842""]"
final,1956,1,ECFP_843,ECFP_843,ECFP_843,algorithmic_medoid,True,True,1,0.0,1.0,1.0,1.0,0.0,860,0.06087614926987561,"[""ECFP_843""]"
final,1957,1,ECFP_844,ECFP_844,ECFP_844,algorithmic_medoid,True,True,1,0.0,1.0,1.0,1.0,0.0,860,0.011492698756084371,"[""ECFP_844""]"
final,1958,1,ECFP_845,ECFP_845,ECFP_845,algorithmic_medoid,True,True,1,0.0,1.0,1.0,1.0,0.0,860,0.008073282855597618,"[""ECFP_845""]"
final,1959,1,ECFP_846,ECFP_846,ECFP_846,algorithmic_medoid,True,True,1,0.0,1.0,1.0,1.0,0.0,860,0.023822336398052996,"[""ECFP_846""]"
final,1960,1,ECFP_847,ECFP_847,ECFP_847,algorithmic_medoid,True,True,1,0.0,1.0,1.0,1.0,0.0,860,0.016014061654948616,"[""ECFP_847""]"
final,1961,1,ECFP_848,ECFP_848,ECFP_848,algorithmic_medoid,True,True,1,0.0,1.0,1.0,1.0,0.0,860,0.0011614386154678207,"[""ECFP_848""]"
final,1962,1,ECFP_849,ECFP_849,ECFP_849,algorithmic_medoid,True,True,1,0.0,1.0,1.0,1.0,0.0,860,0.05373039480800431,"[""ECFP_849""]"
final,1963,1,ECFP_85,ECFP_85,ECFP_85,algorithmic_medoid,True,True,1,0.0,1.0,1.0,1.0,0.0,860,0.0046295294753921044,"[""ECFP_85""]"
final,1964,1,ECFP_850,ECFP_850,ECFP_850,algorithmic_medoid,True,True,1,0.0,1.0,1.0,1.0,0.0,860,0.012627095727420226,"[""ECFP_850""]"
final,1965,1,ECFP_852,ECFP_852,ECFP_852,algorithmic_medoid,True,True,1,0.0,1.0,1.0,1.0,0.0,860,0.016014061654948616,"[""ECFP_852""]"
final,1966,1,ECFP_853,ECFP_853,ECFP_853,algorithmic_medoid,True,True,1,0.0,1.0,1.0,1.0,0.0,860,0.002320173066522443,"[""ECFP_853""]"
final,1967,1,ECFP_855,ECFP_855,ECFP_855,algorithmic_medoid,True,True,1,0.0,1.0,1.0,1.0,0.0,860,0.05475932936722553,"[""ECFP_855""]"
final,1968,1,ECFP_856,ECFP_856,ECFP_856,algorithmic_medoid,True,True,1,0.0,1.0,1.0,1.0,0.0,860,0.005780151433207137,"[""ECFP_856""]"
final,1969,1,ECFP_857,ECFP_857,ECFP_857,algorithmic_medoid,True,True,1,0.0,1.0,1.0,1.0,0.0,860,0.027128177393185505,"[""ECFP_857""]"
final,1970,1,ECFP_858,ECFP_858,ECFP_858,algorithmic_medoid,True,True,1,0.0,1.0,1.0,1.0,0.0,860,0.01149269875608437,"[""ECFP_858""]"
final,1971,1,ECFP_86,ECFP_86,ECFP_86,algorithmic_medoid,True,True,1,0.0,1.0,1.0,1.0,0.0,860,0.010355597620335315,"[""ECFP_86""]"
final,1972,1,ECFP_860,ECFP_860,ECFP_860,algorithmic_medoid,True,True,1,0.0,1.0,1.0,1.0,0.0,860,0.01149269875608437,"[""ECFP_860""]"
final,1973,1,ECFP_861,ECFP_861,ECFP_861,algorithmic_medoid,True,True,1,0.0,1.0,1.0,1.0,0.0,860,0.0034762033531638733,"[""ECFP_861""]"
final,1974,1,ECFP_862,ECFP_862,ECFP_862,algorithmic_medoid,True,True,1,0.0,1.0,1.0,1.0,0.0,860,0.040108166576527854,"[""ECFP_862""]"
final,1975,1,ECFP_863,ECFP_863,ECFP_863,algorithmic_medoid,True,True,1,0.0,1.0,1.0,1.0,0.0,860,0.009215792320173069,"[""ECFP_863""]"
final,1976,1,ECFP_864,ECFP_864,ECFP_864,algorithmic_medoid,True,True,1,0.0,1.0,1.0,1.0,0.0,860,0.012627095727420226,"[""ECFP_864""]"
final,1977,1,ECFP_865,ECFP_865,ECFP_865,algorithmic_medoid,True,True,1,0.0,1.0,1.0,1.0,0.0,860,0.005780151433207137,"[""ECFP_865""]"
final,1978,1,ECFP_866,ECFP_866,ECFP_866,algorithmic_medoid,True,True,1,0.0,1.0,1.0,1.0,0.0,860,0.0046295294753921044,"[""ECFP_866""]"
final,1979,1,ECFP_868,ECFP_868,ECFP_868,algorithmic_medoid,True,True,1,0.0,1.0,1.0,1.0,0.0,860,0.002320173066522443,"[""ECFP_868""]"
final,1980,1,ECFP_869,ECFP_869,ECFP_869,algorithmic_medoid,True,True,1,0.0,1.0,1.0,1.0,0.0,860,0.05062736614386154,"[""ECFP_869""]"
final,1981,1,ECFP_87,ECFP_87,ECFP_87,algorithmic_medoid,True,True,1,0.0,1.0,1.0,1.0,0.0,860,0.014887777176852359,"[""ECFP_87""]"
final,1982,1,ECFP_870,ECFP_870,ECFP_870,algorithmic_medoid,True,True,1,0.0,1.0,1.0,1.0,0.0,860,0.002320173066522443,"[""ECFP_870""]"
final,1983,1,ECFP_871,ECFP_871,ECFP_871,algorithmic_medoid,True,True,1,0.0,1.0,1.0,1.0,0.0,860,0.008073282855597618,"[""ECFP_871""]"
final,1984,1,ECFP_872,ECFP_872,ECFP_872,algorithmic_medoid,True,True,1,0.0,1.0,1.0,1.0,0.0,860,0.07379529475392102,"[""ECFP_872""]"
final,1985,1,ECFP_873,ECFP_873,ECFP_873,algorithmic_medoid,True,True,1,0.0,1.0,1.0,1.0,0.0,860,0.005780151433207135,"[""ECFP_873""]"
final,1986,1,ECFP_874,ECFP_874,ECFP_874,algorithmic_medoid,True,True,1,0.0,1.0,1.0,1.0,0.0,860,0.040108166576527854,"[""ECFP_874""]"
final,1987,1,ECFP_875,ECFP_875,ECFP_875,algorithmic_medoid,True,True,1,0.0,1.0,1.0,1.0,0.0,860,0.19699296917252562,"[""ECFP_875""]"
final,1988,1,ECFP_876,ECFP_876,ECFP_876,algorithmic_medoid,True,True,1,0.0,1.0,1.0,1.0,0.0,860,0.013758788534342887,"[""ECFP_876""]"
final,1989,1,ECFP_877,ECFP_877,ECFP_877,algorithmic_medoid,True,True,1,0.0,1.0,1.0,1.0,0.0,860,0.001161438615467821,"[""ECFP_877""]"
final,1990,1,ECFP_878,ECFP_878,ECFP_878,algorithmic_medoid,True,True,1,0.0,1.0,1.0,1.0,0.0,860,0.0260289345592212,"[""ECFP_878""]"
final,1991,1,ECFP_879,ECFP_879,ECFP_879,algorithmic_medoid,True,True,1,0.0,1.0,1.0,1.0,0.0,860,0.01937669010275825,"[""ECFP_879""]"
final,1992,1,ECFP_88,ECFP_88,ECFP_88,algorithmic_medoid,True,True,1,0.0,1.0,1.0,1.0,0.0,860,0.002320173066522443,"[""ECFP_88""]"
final,1993,1,ECFP_880,ECFP_880,ECFP_880,algorithmic_medoid,True,True,1,0.0,1.0,1.0,1.0,0.0,860,0.011492698756084371,"[""ECFP_880""]"
final,1994,1,ECFP_882,ECFP_882,ECFP_882,algorithmic_medoid,True,True,1,0.0,1.0,1.0,1.0,0.0,860,0.0638980530016225,"[""ECFP_882""]"
final,1995,1,ECFP_883,ECFP_883,ECFP_883,algorithmic_medoid,True,True,1,0.0,1.0,1.0,1.0,0.0,860,0.014887777176852357,"[""ECFP_883""]"
final,1996,1,ECFP_884,ECFP_884,ECFP_884,algorithmic_medoid,True,True,1,0.0,1.0,1.0,1.0,0.0,860,0.028224716062736608,"[""ECFP_884""]"
final,1997,1,ECFP_885,ECFP_885,ECFP_885,algorithmic_medoid,True,True,1,0.0,1.0,1.0,1.0,0.0,860,0.012627095727420224,"[""ECFP_885""]"
final,1998,1,ECFP_886,ECFP_886,ECFP_886,algorithmic_medoid,True,True,1,0.0,1.0,1.0,1.0,0.0,860,0.02271498107084911,"[""ECFP_886""]"
final,1999,1,ECFP_887,ECFP_887,ECFP_887,algorithmic_medoid,True,True,1,0.0,1.0,1.0,1.0,0.0,860,0.003476203353163874,"[""ECFP_887""]"
final,2000,1,ECFP_888,ECFP_888,ECFP_888,algorithmic_medoid,True,True,1,0.0,1.0,1.0,1.0,0.0,860,0.03149810708491077,"[""ECFP_888""]"
final,2001,1,ECFP_889,ECFP_889,ECFP_889,algorithmic_medoid,True,True,1,0.0,1.0,1.0,1.0,0.0,860,0.01149269875608437,"[""ECFP_889""]"
final,2002,1,ECFP_890,ECFP_890,ECFP_890,algorithmic_medoid,True,True,1,0.0,1.0,1.0,1.0,0.0,860,0.05269875608436992,"[""ECFP_890""]"
final,2003,1,ECFP_891,ECFP_891,ECFP_891,algorithmic_medoid,True,True,1,0.0,1.0,1.0,1.0,0.0,860,0.011492698756084371,"[""ECFP_891""]"
final,2004,1,ECFP_892,ECFP_892,ECFP_892,algorithmic_medoid,True,True,1,0.0,1.0,1.0,1.0,0.0,860,0.016014061654948612,"[""ECFP_892""]"
final,2005,1,ECFP_893,ECFP_893,ECFP_893,algorithmic_medoid,True,True,1,0.0,1.0,1.0,1.0,0.0,860,0.013758788534342887,"[""ECFP_893""]"
final,2006,1,ECFP_894,ECFP_894,ECFP_894,algorithmic_medoid,True,True,1,0.0,1.0,1.0,1.0,0.0,860,0.0011614386154678207,"[""ECFP_894""]"
final,2007,1,ECFP_895,ECFP_895,ECFP_895,algorithmic_medoid,True,True,1,0.0,1.0,1.0,1.0,0.0,860,0.027128177393185505,"[""ECFP_895""]"
final,2008,1,ECFP_896,ECFP_896,ECFP_896,algorithmic_medoid,True,True,1,0.0,1.0,1.0,1.0,0.0,860,0.04958761492698757,"[""ECFP_896""]"
final,2009,1,ECFP_897,ECFP_897,ECFP_897,algorithmic_medoid,True,True,1,0.0,1.0,1.0,1.0,0.0,860,0.009215792320173069,"[""ECFP_897""]"
final,2010,1,ECFP_898,ECFP_898,ECFP_898,algorithmic_medoid,True,True,1,0.0,1.0,1.0,1.0,0.0,860,0.016014061654948616,"[""ECFP_898""]"
final,2011,1,ECFP_899,ECFP_899,ECFP_899,algorithmic_medoid,True,True,1,0.0,1.0,1.0,1.0,0.0,860,0.00807328285559762,"[""ECFP_899""]"
final,2012,1,ECFP_9,ECFP_9,ECFP_9,algorithmic_medoid,True,True,1,0.0,1.0,1.0,1.0,0.0,860,0.00807328285559762,"[""ECFP_9""]"
final,2013,1,ECFP_900,ECFP_900,ECFP_900,algorithmic_medoid,True,True,1,0.0,1.0,1.0,1.0,0.0,860,0.0034762033531638738,"[""ECFP_900""]"
final,2014,1,ECFP_901,ECFP_901,ECFP_901,algorithmic_medoid,True,True,1,0.0,1.0,1.0,1.0,0.0,860,0.006928069226608975,"[""ECFP_901""]"
final,2015,1,ECFP_902,ECFP_902,ECFP_902,algorithmic_medoid,True,True,1,0.0,1.0,1.0,1.0,0.0,860,0.01149269875608437,"[""ECFP_902""]"
final,2016,1,ECFP_903,ECFP_903,ECFP_903,algorithmic_medoid,True,True,1,0.0,1.0,1.0,1.0,0.0,860,0.013758788534342889,"[""ECFP_903""]"
final,2017,1,ECFP_904,ECFP_904,ECFP_904,algorithmic_medoid,True,True,1,0.0,1.0,1.0,1.0,0.0,860,0.0046295294753921044,"[""ECFP_904""]"
final,2018,1,ECFP_905,ECFP_905,ECFP_905,algorithmic_medoid,True,True,1,0.0,1.0,1.0,1.0,0.0,860,0.008073282855597618,"[""ECFP_905""]"
final,2019,1,ECFP_906,ECFP_906,ECFP_906,algorithmic_medoid,True,True,1,0.0,1.0,1.0,1.0,0.0,860,0.0023201730665224434,"[""ECFP_906""]"
final,2020,1,ECFP_907,ECFP_907,ECFP_907,algorithmic_medoid,True,True,1,0.0,1.0,1.0,1.0,0.0,860,0.0011614386154678205,"[""ECFP_907""]"
final,2021,1,ECFP_908,ECFP_908,ECFP_908,algorithmic_medoid,True,True,1,0.0,1.0,1.0,1.0,0.0,860,0.012627095727420226,"[""ECFP_908""]"
final,2022,1,ECFP_909,ECFP_909,ECFP_909,algorithmic_medoid,True,True,1,0.0,1.0,1.0,1.0,0.0,860,0.010355597620335315,"[""ECFP_909""]"
final,2023,1,ECFP_91,ECFP_91,ECFP_91,algorithmic_medoid,True,True,1,0.0,1.0,1.0,1.0,0.0,860,0.010355597620335315,"[""ECFP_91""]"
final,2024,1,ECFP_910,ECFP_910,ECFP_910,algorithmic_medoid,True,True,1,0.0,1.0,1.0,1.0,0.0,860,0.00807328285559762,"[""ECFP_910""]"
final,2025,1,ECFP_911,ECFP_911,ECFP_911,algorithmic_medoid,True,True,1,0.0,1.0,1.0,1.0,0.0,860,0.010355597620335315,"[""ECFP_911""]"
final,2026,1,ECFP_912,ECFP_912,ECFP_912,algorithmic_medoid,True,True,1,0.0,1.0,1.0,1.0,0.0,860,0.013758788534342887,"[""ECFP_912""]"
final,2027,1,ECFP_913,ECFP_913,ECFP_913,algorithmic_medoid,True,True,1,0.0,1.0,1.0,1.0,0.0,860,0.029318550567874534,"[""ECFP_913""]"
final,2028,1,ECFP_914,ECFP_914,ECFP_914,algorithmic_medoid,True,True,1,0.0,1.0,1.0,1.0,0.0,860,0.01149269875608437,"[""ECFP_914""]"
final,2029,3,NtCH,NtCH,NtCH,algorithmic_medoid,True,True,1,0.0674986071850292,0.9325013928149708,0.8650107280947269,0.9999920575352147,0.0,860,0.006928069226608977,"[""ECFP_915"", ""NtCH"", ""StCH""]"
final,2029,3,StCH,NtCH,NtCH,algorithmic_medoid,False,False,2,0.06750204234365254,0.9324979576563475,0.8650038577774801,0.9999920575352147,0.0,860,0.22276461946653478,"[""ECFP_915"", ""NtCH"", ""StCH""]"
final,2029,3,ECFP_915,NtCH,NtCH,algorithmic_medoid,False,False,3,0.13499270706389654,0.8650072929361035,0.8650038577774801,0.8650107280947269,0.0,860,0.009215792320173069,"[""ECFP_915"", ""NtCH"", ""StCH""]"
final,2030,1,ECFP_916,ECFP_916,ECFP_916,algorithmic_medoid,True,True,1,0.0,1.0,1.0,1.0,0.0,860,0.0057801514332071376,"[""ECFP_916""]"
final,2031,1,ECFP_917,ECFP_917,ECFP_917,algorithmic_medoid,True,True,1,0.0,1.0,1.0,1.0,0.0,860,0.03149810708491077,"[""ECFP_917""]"
final,2032,1,ECFP_918,ECFP_918,ECFP_918,algorithmic_medoid,True,True,1,0.0,1.0,1.0,1.0,0.0,860,0.02271498107084911,"[""ECFP_918""]"
final,2033,2,ECFP_934,ECFP_934,ECFP_934,algorithmic_medoid,True,True,1,0.10609540746187707,0.8939045925381229,0.8939045925381229,0.8939045925381229,0.0,860,0.005780151433207135,"[""ECFP_919"", ""ECFP_934""]"
final,2033,2,ECFP_919,ECFP_934,ECFP_934,algorithmic_medoid,False,False,2,0.10609540746187707,0.8939045925381229,0.8939045925381229,0.8939045925381229,0.0,860,0.0046295294753921044,"[""ECFP_919"", ""ECFP_934""]"
final,2034,1,ECFP_92,ECFP_92,ECFP_92,algorithmic_medoid,True,True,1,0.0,1.0,1.0,1.0,0.0,860,0.016014061654948616,"[""ECFP_92""]"
final,2035,1,ECFP_921,ECFP_921,ECFP_921,algorithmic_medoid,True,True,1,0.0,1.0,1.0,1.0,0.0,860,0.01601406165494862,"[""ECFP_921""]"
final,2036,1,ECFP_922,ECFP_922,ECFP_922,algorithmic_medoid,True,True,1,0.0,1.0,1.0,1.0,0.0,860,0.005780151433207137,"[""ECFP_922""]"
final,2037,1,ECFP_924,ECFP_924,ECFP_924,algorithmic_medoid,True,True,1,0.0,1.0,1.0,1.0,0.0,860,0.0034762033531638733,"[""ECFP_924""]"
final,2038,1,ECFP_925,ECFP_925,ECFP_925,algorithmic_medoid,True,True,1,0.0,1.0,1.0,1.0,0.0,860,0.005780151433207137,"[""ECFP_925""]"
final,2039,1,ECFP_926,ECFP_926,ECFP_926,algorithmic_medoid,True,True,1,0.0,1.0,1.0,1.0,0.0,860,0.24045970795024335,"[""ECFP_926""]"
final,2040,1,ECFP_927,ECFP_927,ECFP_927,algorithmic_medoid,True,True,1,0.0,1.0,1.0,1.0,0.0,860,0.014887777176852359,"[""ECFP_927""]"
final,2041,1,ECFP_928,ECFP_928,ECFP_928,algorithmic_medoid,True,True,1,0.0,1.0,1.0,1.0,0.0,860,0.0046295294753921044,"[""ECFP_928""]"
final,2042,1,ECFP_929,ECFP_929,ECFP_929,algorithmic_medoid,True,True,1,0.0,1.0,1.0,1.0,0.0,860,0.004629529475392105,"[""ECFP_929""]"
final,2043,1,ECFP_93,ECFP_93,ECFP_93,algorithmic_medoid,True,True,1,0.0,1.0,1.0,1.0,0.0,860,0.005780151433207135,"[""ECFP_93""]"
final,2044,1,ECFP_930,ECFP_930,ECFP_930,algorithmic_medoid,True,True,1,0.0,1.0,1.0,1.0,0.0,860,0.01149269875608437,"[""ECFP_930""]"
final,2045,1,ECFP_931,ECFP_931,ECFP_931,algorithmic_medoid,True,True,1,0.0,1.0,1.0,1.0,0.0,860,0.013758788534342887,"[""ECFP_931""]"
final,2046,1,ECFP_932,ECFP_932,ECFP_932,algorithmic_medoid,True,True,1,0.0,1.0,1.0,1.0,0.0,860,0.08436992969172527,"[""ECFP_932""]"
final,2047,1,ECFP_933,ECFP_933,ECFP_933,algorithmic_medoid,True,True,1,0.0,1.0,1.0,1.0,0.0,860,0.006928069226608975,"[""ECFP_933""]"
final,2048,2,ECFP_935,ECFP_935,ECFP_935,algorithmic_medoid,True,True,1,0.17931746871196985,0.8206825312880301,0.8206825312880301,0.8206825312880301,0.0,860,0.24956192536506222,"[""ECFP_935"", ""MACCS_75""]"
final,2048,2,MACCS_75,ECFP_935,ECFP_935,algorithmic_medoid,False,False,2,0.17931746871196985,0.8206825312880301,0.8206825312880301,0.8206825312880301,0.0,860,0.24177393185505672,"[""ECFP_935"", ""MACCS_75""]"
final,2049,1,ECFP_937,ECFP_937,ECFP_937,algorithmic_medoid,True,True,1,0.0,1.0,1.0,1.0,0.0,860,0.035824770146024865,"[""ECFP_937""]"
final,2050,1,ECFP_938,ECFP_938,ECFP_938,algorithmic_medoid,True,True,1,0.0,1.0,1.0,1.0,0.0,860,0.0034762033531638733,"[""ECFP_938""]"
final,2051,1,ECFP_939,ECFP_939,ECFP_939,algorithmic_medoid,True,True,1,0.0,1.0,1.0,1.0,0.0,860,0.008073282855597618,"[""ECFP_939""]"
final,2052,1,ECFP_94,ECFP_94,ECFP_94,algorithmic_medoid,True,True,1,0.0,1.0,1.0,1.0,0.0,860,0.04434829637641968,"[""ECFP_94""]"
final,2053,1,ECFP_940,ECFP_940,ECFP_940,algorithmic_medoid,True,True,1,0.0,1.0,1.0,1.0,0.0,860,0.024926987560843706,"[""ECFP_940""]"
final,2054,1,ECFP_941,ECFP_941,ECFP_941,algorithmic_medoid,True,True,1,0.0,1.0,1.0,1.0,0.0,860,0.04329232017306652,"[""ECFP_941""]"
final,2055,1,ECFP_942,ECFP_942,ECFP_942,algorithmic_medoid,True,True,1,0.0,1.0,1.0,1.0,0.0,860,0.0046295294753921044,"[""ECFP_942""]"
final,2056,1,ECFP_943,ECFP_943,ECFP_943,algorithmic_medoid,True,True,1,0.0,1.0,1.0,1.0,0.0,860,0.003476203353163874,"[""ECFP_943""]"
final,2057,1,ECFP_944,ECFP_944,ECFP_944,algorithmic_medoid,True,True,1,0.0,1.0,1.0,1.0,0.0,860,0.005780151433207137,"[""ECFP_944""]"
final,2058,1,ECFP_945,ECFP_945,ECFP_945,algorithmic_medoid,True,True,1,0.0,1.0,1.0,1.0,0.0,860,0.00807328285559762,"[""ECFP_945""]"
final,2059,1,ECFP_946,ECFP_946,ECFP_946,algorithmic_medoid,True,True,1,0.0,1.0,1.0,1.0,0.0,860,0.006928069226608975,"[""ECFP_946""]"
final,2060,1,ECFP_947,ECFP_947,ECFP_947,algorithmic_medoid,True,True,1,0.0,1.0,1.0,1.0,0.0,860,0.01937669010275825,"[""ECFP_947""]"
final,2061,1,ECFP_948,ECFP_948,ECFP_948,algorithmic_medoid,True,True,1,0.0,1.0,1.0,1.0,0.0,860,0.002320173066522443,"[""ECFP_948""]"
final,2062,1,ECFP_95,ECFP_95,ECFP_95,algorithmic_medoid,True,True,1,0.0,1.0,1.0,1.0,0.0,860,0.0034762033531638738,"[""ECFP_95""]"
final,2063,1,ECFP_950,ECFP_950,ECFP_950,algorithmic_medoid,True,True,1,0.0,1.0,1.0,1.0,0.0,860,0.014887777176852357,"[""ECFP_950""]"
final,2064,1,ECFP_951,ECFP_951,ECFP_951,algorithmic_medoid,True,True,1,0.0,1.0,1.0,1.0,0.0,860,0.0046295294753921044,"[""ECFP_951""]"
final,2065,1,ECFP_952,ECFP_952,ECFP_952,algorithmic_medoid,True,True,1,0.0,1.0,1.0,1.0,0.0,860,0.005780151433207137,"[""ECFP_952""]"
final,2066,1,ECFP_953,ECFP_953,ECFP_953,algorithmic_medoid,True,True,1,0.0,1.0,1.0,1.0,0.0,860,0.020492157923201734,"[""ECFP_953""]"
final,2067,1,ECFP_954,ECFP_954,ECFP_954,algorithmic_medoid,True,True,1,0.0,1.0,1.0,1.0,0.0,860,0.006928069226608975,"[""ECFP_954""]"
final,2068,1,ECFP_955,ECFP_955,ECFP_955,algorithmic_medoid,True,True,1,0.0,1.0,1.0,1.0,0.0,860,0.017137641968631684,"[""ECFP_955""]"
final,2069,1,ECFP_956,ECFP_956,ECFP_956,algorithmic_medoid,True,True,1,0.0,1.0,1.0,1.0,0.0,860,0.002320173066522443,"[""ECFP_956""]"
final,2070,1,ECFP_957,ECFP_957,ECFP_957,algorithmic_medoid,True,True,1,0.0,1.0,1.0,1.0,0.0,860,0.012627095727420228,"[""ECFP_957""]"
final,2071,1,ECFP_958,ECFP_958,ECFP_958,algorithmic_medoid,True,True,1,0.0,1.0,1.0,1.0,0.0,860,0.003476203353163874,"[""ECFP_958""]"
final,2072,1,ECFP_959,ECFP_959,ECFP_959,algorithmic_medoid,True,True,1,0.0,1.0,1.0,1.0,0.0,860,0.012627095727420226,"[""ECFP_959""]"
final,2073,1,ECFP_96,ECFP_96,ECFP_96,algorithmic_medoid,True,True,1,0.0,1.0,1.0,1.0,0.0,860,0.013758788534342889,"[""ECFP_96""]"
final,2074,1,ECFP_960,ECFP_960,ECFP_960,algorithmic_medoid,True,True,1,0.0,1.0,1.0,1.0,0.0,860,0.04540156841535964,"[""ECFP_960""]"
final,2075,1,ECFP_961,ECFP_961,ECFP_961,algorithmic_medoid,True,True,1,0.0,1.0,1.0,1.0,0.0,860,0.01149269875608437,"[""ECFP_961""]"
final,2076,1,ECFP_962,ECFP_962,ECFP_962,algorithmic_medoid,True,True,1,0.0,1.0,1.0,1.0,0.0,860,0.013758788534342887,"[""ECFP_962""]"
final,2077,1,ECFP_963,ECFP_963,ECFP_963,algorithmic_medoid,True,True,1,0.0,1.0,1.0,1.0,0.0,860,0.03689967550027043,"[""ECFP_963""]"
final,2078,1,ECFP_964,ECFP_964,ECFP_964,algorithmic_medoid,True,True,1,0.0,1.0,1.0,1.0,0.0,860,0.013758788534342887,"[""ECFP_964""]"
final,2079,1,ECFP_965,ECFP_965,ECFP_965,algorithmic_medoid,True,True,1,0.0,1.0,1.0,1.0,0.0,860,0.009215792320173069,"[""ECFP_965""]"
final,2080,1,ECFP_966,ECFP_966,ECFP_966,algorithmic_medoid,True,True,1,0.0,1.0,1.0,1.0,0.0,860,0.024926987560843706,"[""ECFP_966""]"
final,2081,1,ECFP_967,ECFP_967,ECFP_967,algorithmic_medoid,True,True,1,0.0,1.0,1.0,1.0,0.0,860,0.006928069226608977,"[""ECFP_967""]"
final,2082,1,ECFP_968,ECFP_968,ECFP_968,algorithmic_medoid,True,True,1,0.0,1.0,1.0,1.0,0.0,860,0.002320173066522444,"[""ECFP_968""]"
final,2083,1,ECFP_97,ECFP_97,ECFP_97,algorithmic_medoid,True,True,1,0.0,1.0,1.0,1.0,0.0,860,0.012627095727420226,"[""ECFP_97""]"
final,2084,1,ECFP_970,ECFP_970,ECFP_970,algorithmic_medoid,True,True,1,0.0,1.0,1.0,1.0,0.0,860,0.030409680908599256,"[""ECFP_970""]"
final,2085,1,ECFP_971,ECFP_971,ECFP_971,algorithmic_medoid,True,True,1,0.0,1.0,1.0,1.0,0.0,860,0.005780151433207137,"[""ECFP_971""]"
final,2086,1,ECFP_972,ECFP_972,ECFP_972,algorithmic_medoid,True,True,1,0.0,1.0,1.0,1.0,0.0,860,0.006928069226608975,"[""ECFP_972""]"
final,2087,1,ECFP_973,ECFP_973,ECFP_973,algorithmic_medoid,True,True,1,0.0,1.0,1.0,1.0,0.0,860,0.026028934559221204,"[""ECFP_973""]"
final,2088,1,ECFP_974,ECFP_974,ECFP_974,algorithmic_medoid,True,True,1,0.0,1.0,1.0,1.0,0.0,860,0.03149810708491077,"[""ECFP_974""]"
final,2089,1,ECFP_975,ECFP_975,ECFP_975,algorithmic_medoid,True,True,1,0.0,1.0,1.0,1.0,0.0,860,0.010355597620335315,"[""ECFP_975""]"
final,2090,1,ECFP_976,ECFP_976,ECFP_976,algorithmic_medoid,True,True,1,0.0,1.0,1.0,1.0,0.0,860,0.00807328285559762,"[""ECFP_976""]"
final,2091,1,ECFP_977,ECFP_977,ECFP_977,algorithmic_medoid,True,True,1,0.0,1.0,1.0,1.0,0.0,860,0.004629529475392105,"[""ECFP_977""]"
final,2092,1,ECFP_978,ECFP_978,ECFP_978,algorithmic_medoid,True,True,1,0.0,1.0,1.0,1.0,0.0,860,0.033666846944294226,"[""ECFP_978""]"
final,2093,1,ECFP_979,ECFP_979,ECFP_979,algorithmic_medoid,True,True,1,0.0,1.0,1.0,1.0,0.0,860,0.00807328285559762,"[""ECFP_979""]"
final,2094,1,ECFP_98,ECFP_98,ECFP_98,algorithmic_medoid,True,True,1,0.0,1.0,1.0,1.0,0.0,860,0.005780151433207137,"[""ECFP_98""]"
final,2095,1,ECFP_980,ECFP_980,ECFP_980,algorithmic_medoid,True,True,1,0.0,1.0,1.0,1.0,0.0,860,0.01937669010275825,"[""ECFP_980""]"
final,2096,1,ECFP_981,ECFP_981,ECFP_981,algorithmic_medoid,True,True,1,0.0,1.0,1.0,1.0,0.0,860,0.05578555976203352,"[""ECFP_981""]"
final,2097,1,ECFP_982,ECFP_982,ECFP_982,algorithmic_medoid,True,True,1,0.0,1.0,1.0,1.0,0.0,860,0.006928069226608975,"[""ECFP_982""]"
final,2098,1,ECFP_983,ECFP_983,ECFP_983,algorithmic_medoid,True,True,1,0.0,1.0,1.0,1.0,0.0,860,0.02271498107084911,"[""ECFP_983""]"
final,2099,1,ECFP_984,ECFP_984,ECFP_984,algorithmic_medoid,True,True,1,0.0,1.0,1.0,1.0,0.0,860,0.046452136289886425,"[""ECFP_984""]"
final,2100,1,ECFP_985,ECFP_985,ECFP_985,algorithmic_medoid,True,True,1,0.0,1.0,1.0,1.0,0.0,860,0.0034762033531638733,"[""ECFP_985""]"
final,2101,1,ECFP_986,ECFP_986,ECFP_986,algorithmic_medoid,True,True,1,0.0,1.0,1.0,1.0,0.0,860,0.001161438615467821,"[""ECFP_986""]"
final,2102,1,ECFP_987,ECFP_987,ECFP_987,algorithmic_medoid,True,True,1,0.0,1.0,1.0,1.0,0.0,860,0.01149269875608437,"[""ECFP_987""]"
final,2103,1,ECFP_988,ECFP_988,ECFP_988,algorithmic_medoid,True,True,1,0.0,1.0,1.0,1.0,0.0,860,0.0046295294753921044,"[""ECFP_988""]"
final,2104,1,ECFP_989,ECFP_989,ECFP_989,algorithmic_medoid,True,True,1,0.0,1.0,1.0,1.0,0.0,860,0.013758788534342889,"[""ECFP_989""]"
final,2105,1,ECFP_99,ECFP_99,ECFP_99,algorithmic_medoid,True,True,1,0.0,1.0,1.0,1.0,0.0,860,0.010355597620335315,"[""ECFP_99""]"
final,2106,1,ECFP_990,ECFP_990,ECFP_990,algorithmic_medoid,True,True,1,0.0,1.0,1.0,1.0,0.0,860,0.012627095727420226,"[""ECFP_990""]"
final,2107,1,ECFP_991,ECFP_991,ECFP_991,algorithmic_medoid,True,True,1,0.0,1.0,1.0,1.0,0.0,860,0.006928069226608977,"[""ECFP_991""]"
final,2108,1,ECFP_992,ECFP_992,ECFP_992,algorithmic_medoid,True,True,1,0.0,1.0,1.0,1.0,0.0,860,0.005780151433207137,"[""ECFP_992""]"
final,2109,1,ECFP_993,ECFP_993,ECFP_993,algorithmic_medoid,True,True,1,0.0,1.0,1.0,1.0,0.0,860,0.00807328285559762,"[""ECFP_993""]"
final,2110,1,ECFP_994,ECFP_994,ECFP_994,algorithmic_medoid,True,True,1,0.0,1.0,1.0,1.0,0.0,860,0.0046295294753921044,"[""ECFP_994""]"
final,2111,1,ECFP_995,ECFP_995,ECFP_995,algorithmic_medoid,True,True,1,0.0,1.0,1.0,1.0,0.0,860,0.0011614386154678211,"[""ECFP_995""]"
final,2112,1,ECFP_996,ECFP_996,ECFP_996,algorithmic_medoid,True,True,1,0.0,1.0,1.0,1.0,0.0,860,0.009215792320173069,"[""ECFP_996""]"
final,2113,1,ECFP_997,ECFP_997,ECFP_997,algorithmic_medoid,True,True,1,0.0,1.0,1.0,1.0,0.0,860,0.008073282855597618,"[""ECFP_997""]"
final,2114,1,ECFP_999,ECFP_999,ECFP_999,algorithmic_medoid,True,True,1,0.0,1.0,1.0,1.0,0.0,860,0.012627095727420228,"[""ECFP_999""]"
final,2115,2,EState_VSA1,EState_VSA1,EState_VSA1,algorithmic_medoid,True,True,1,0.12652986333919347,0.8734701366608065,0.8734701366608065,0.8734701366608065,0.0,860,1972.4378777170025,"[""EState_VSA1"", ""SsssCH""]"
final,2115,2,SsssCH,EState_VSA1,EState_VSA1,algorithmic_medoid,False,False,2,0.12652986333919347,0.8734701366608065,0.8734701366608065,0.8734701366608065,0.0,860,35.405178710577545,"[""EState_VSA1"", ""SsssCH""]"
final,2116,1,EState_VSA2,EState_VSA2,EState_VSA2,algorithmic_medoid,True,True,1,0.0,1.0,1.0,1.0,0.0,860,325.71599899189596,"[""EState_VSA2""]"
final,2117,1,EState_VSA3,EState_VSA3,EState_VSA3,algorithmic_medoid,True,True,1,0.0,1.0,1.0,1.0,0.0,860,239.79731505331694,"[""EState_VSA3""]"
final,2118,1,EState_VSA4,EState_VSA4,EState_VSA4,algorithmic_medoid,True,True,1,0.0,1.0,1.0,1.0,0.0,860,412.38511017809844,"[""EState_VSA4""]"
final,2119,1,EState_VSA5,EState_VSA5,EState_VSA5,algorithmic_medoid,True,True,1,0.0,1.0,1.0,1.0,0.0,860,390.17663548309355,"[""EState_VSA5""]"
final,2120,1,EState_VSA6,EState_VSA6,EState_VSA6,algorithmic_medoid,True,True,1,0.0,1.0,1.0,1.0,0.0,860,411.1921119830448,"[""EState_VSA6""]"
final,2121,1,EState_VSA7,EState_VSA7,EState_VSA7,algorithmic_medoid,True,True,1,0.0,1.0,1.0,1.0,0.0,860,477.190600550615,"[""EState_VSA7""]"
final,2122,1,EState_VSA8,EState_VSA8,EState_VSA8,algorithmic_medoid,True,True,1,0.0,1.0,1.0,1.0,0.0,860,550.3913748118158,"[""EState_VSA8""]"
final,2123,1,EState_VSA9,EState_VSA9,EState_VSA9,algorithmic_medoid,True,True,1,0.0,1.0,1.0,1.0,0.0,860,205.52897653798402,"[""EState_VSA9""]"
final,2124,1,ETA_dAlpha_A,ETA_dAlpha_A,ETA_dAlpha_A,algorithmic_medoid,True,True,1,0.0,1.0,1.0,1.0,0.002325581395348837,858,0.0042201771517492576,"[""ETA_dAlpha_A""]"
final,2125,1,ETA_dBeta,ETA_dBeta,ETA_dBeta,algorithmic_medoid,True,True,1,0.0,1.0,1.0,1.0,0.002325581395348837,858,80.16768208744593,"[""ETA_dBeta""]"
final,2126,1,ETA_dPsi_B,ETA_dPsi_B,ETA_dPsi_B,algorithmic_medoid,True,True,1,0.0,1.0,1.0,1.0,0.002325581395348837,858,0.0007682420749610383,"[""ETA_dPsi_B""]"
final,2127,1,ETA_epsilon_5,ETA_epsilon_5,ETA_epsilon_5,algorithmic_medoid,True,True,1,0.0,1.0,1.0,1.0,0.002325581395348837,858,0.010823630635982092,"[""ETA_epsilon_5""]"
final,2128,1,ETA_shape_p,ETA_shape_p,ETA_shape_p,algorithmic_medoid,True,True,1,0.0,1.0,1.0,1.0,0.002325581395348837,858,0.012989835590993606,"[""ETA_shape_p""]"
final,2129,1,ETA_shape_y,ETA_shape_y,ETA_shape_y,algorithmic_medoid,True,True,1,0.0,1.0,1.0,1.0,0.002325581395348837,858,0.012212313836879238,"[""ETA_shape_y""]"
final,2130,5,FNSA2,FNSA2,FNSA2,algorithmic_medoid,True,True,1,0.05801554827976885,0.9419844517202312,0.9289723467751441,0.9545103769575373,0.005813953488372093,855,0.7183920546058491,"[""FNSA2"", ""PNSA4"", ""PNSA5"", ""WNSA4"", ""WNSA5""]"
final,2130,5,WNSA5,FNSA2,FNSA2,algorithmic_medoid,False,False,2,0.08251035960054587,0.9174896403994541,0.8527136028959008,0.9694736978141181,0.005813953488372093,855,1062.5143255764651,"[""FNSA2"", ""PNSA4"", ""PNSA5"", ""WNSA4"", ""WNSA5""]"
final,2130,5,WNSA4,FNSA2,FNSA2,algorithmic_medoid,False,False,3,0.08463403467370334,0.9153659653262967,0.854009453240147,0.9694736978141181,0.005813953488372093,855,105.73718887860234,"[""FNSA2"", ""PNSA4"", ""PNSA5"", ""WNSA4"", ""WNSA5""]"
final,2130,5,PNSA5,FNSA2,FNSA2,algorithmic_medoid,False,False,4,0.09321518740527646,0.9067848125947235,0.854009453240147,0.9482201560799159,0.005813953488372093,855,711.9446619674914,"[""FNSA2"", ""PNSA4"", ""PNSA5"", ""WNSA4"", ""WNSA5""]"
final,2130,5,PNSA4,FNSA2,FNSA2,algorithmic_medoid,False,False,5,0.0957436977966667,0.9042563022033333,0.8527136028959008,0.9482201560799159,0.005813953488372093,855,75.28508942151414,"[""FNSA2"", ""PNSA4"", ""PNSA5"", ""WNSA4"", ""WNSA5""]"
final,2131,4,PPSA4,PPSA4,PPSA4,algorithmic_medoid,True,True,1,0.0425526722982873,0.9574473277017127,0.9298433658866538,0.9809160397514725,0.005813953488372093,855,125.39420713138996,"[""FPSA2"", ""PPSA3"", ""PPSA4"", ""PPSA5""]"
final,2131,4,PPSA5,PPSA4,PPSA4,algorithmic_medoid,False,False,2,0.04354052408649667,0.9564594759135033,0.942782371013145,0.9809160397514725,0.005813953488372093,855,232.32782306104835,"[""FPSA2"", ""PPSA3"", ""PPSA4"", ""PPSA5""]"
final,2131,4,FPSA2,PPSA4,PPSA4,algorithmic_medoid,False,False,3,0.0676382038262009,0.9323617961737991,0.8898227940784925,0.9615825774670121,0.005813953488372093,855,2.0653206371245405,"[""FPSA2"", ""PPSA3"", ""PPSA4"", ""PPSA5""]"
final,2131,4,PPSA3,PPSA4,PPSA4,algorithmic_medoid,False,False,4,0.07918382300723625,0.9208161769927637,0.8898227940784925,0.942782371013145,0.005813953488372093,855,147.6944036814166,"[""FPSA2"", ""PPSA3"", ""PPSA4"", ""PPSA5""]"
final,2132,3,FPSA5,FPSA5,FPSA5,algorithmic_medoid,True,True,1,0.06128762652621844,0.9387123734737816,0.9081616441523376,0.9692631027952255,0.005813953488372093,855,0.00021737589070959022,"[""FPSA3"", ""FPSA4"", ""FPSA5""]"
final,2132,3,FPSA4,FPSA5,FPSA5,algorithmic_medoid,False,False,2,0.0718166935676452,0.9281833064323548,0.8871035100694841,0.9692631027952255,0.005813953488372093,855,0.00013058697597238022,"[""FPSA3"", ""FPSA4"", ""FPSA5""]"
final,2132,3,FPSA3,FPSA5,FPSA5,algorithmic_medoid,False,False,3,0.10236742288908918,0.8976325771109108,0.8871035100694841,0.9081616441523376,0.005813953488372093,855,0.00021964984323835914,"[""FPSA3"", ""FPSA4"", ""FPSA5""]"
final,2133,2,SLogP,SLogP,SLogP,algorithmic_medoid,True,True,1,0.16148419659300606,0.8385158034069939,0.8385158034069939,0.8385158034069939,0.0,860,14.344190310997687,"[""FilterItLogS"", ""SLogP""]"
final,2133,2,FilterItLogS,SLogP,SLogP,algorithmic_medoid,False,False,2,0.16148419659300606,0.8385158034069939,0.8385158034069939,0.8385158034069939,0.0,860,14.16505321002922,"[""FilterItLogS"", ""SLogP""]"
final,2134,2,GATS1m,GATS1m,GATS1m,algorithmic_medoid,True,True,1,0.001339545163829725,0.9986604548361703,0.9986604548361703,0.9986604548361703,0.004651162790697674,856,0.027267758253318296,"[""GATS1Z"", ""GATS1m""]"
final,2134,2,GATS1Z,GATS1m,GATS1m,algorithmic_medoid,False,False,2,0.001339545163829725,0.9986604548361703,0.9986604548361703,0.9986604548361703,0.004651162790697674,856,0.026722739536905866,"[""GATS1Z"", ""GATS1m""]"
final,2135,4,GATS1are,GATS1are,GATS1are,algorithmic_medoid,True,True,1,0.0570955387161155,0.9429044612838845,0.8978119603236474,0.981265629195099,0.004651162790697674,856,0.031887454589707445,"[""GATS1are"", ""GATS1pe"", ""GATS1s"", ""GATS1se""]"
final,2135,4,GATS1pe,GATS1are,GATS1are,algorithmic_medoid,False,False,2,0.06862218417323118,0.9313778158267688,0.8630693700412646,0.981265629195099,0.004651162790697674,856,0.029859448917897425,"[""GATS1are"", ""GATS1pe"", ""GATS1s"", ""GATS1se""]"
final,2135,4,GATS1se,GATS1are,GATS1are,algorithmic_medoid,False,False,3,0.09037186879027226,0.9096281312097277,0.8294501510523331,0.9497984482439429,0.004651162790697674,856,0.0346631838755901,"[""GATS1are"", ""GATS1pe"", ""GATS1s"", ""GATS1se""]"
final,2135,4,GATS1s,GATS1are,GATS1are,algorithmic_medoid,False,False,4,0.13655617286091826,0.8634438271390817,0.8294501510523331,0.8978119603236474,0.0069767441860465115,854,0.05076295480382995,"[""GATS1are"", ""GATS1pe"", ""GATS1s"", ""GATS1se""]"
final,2136,2,GATS1c,GATS1c,GATS1c,algorithmic_medoid,True,True,1,0.14915771140212497,0.850842288597875,0.850842288597875,0.850842288597875,0.005813953488372093,855,0.030290463697877832,"[""GATS1c"", ""MATS1c""]"
final,2136,2,MATS1c,GATS1c,GATS1c,algorithmic_medoid,False,False,2,0.14915771140212497,0.850842288597875,0.850842288597875,0.850842288597875,0.005813953488372093,855,0.020886310509340093,"[""GATS1c"", ""MATS1c""]"
final,2137,1,GATS1d,GATS1d,GATS1d,algorithmic_medoid,True,True,1,0.0,1.0,1.0,1.0,0.0069767441860465115,854,0.053472759226044185,"[""GATS1d""]"
final,2138,1,GATS1dv,GATS1dv,GATS1dv,algorithmic_medoid,True,True,1,0.0,1.0,1.0,1.0,0.005813953488372093,855,0.031789846136131755,"[""GATS1dv""]"
final,2139,1,GATS1i,GATS1i,GATS1i,algorithmic_medoid,True,True,1,0.0,1.0,1.0,1.0,0.004651162790697674,856,0.08411027469360682,"[""GATS1i""]"
final,2140,1,GATS1p,GATS1p,GATS1p,algorithmic_medoid,True,True,1,0.0,1.0,1.0,1.0,0.004651162790697674,856,0.07167489679328654,"[""GATS1p""]"
final,2141,2,GATS2Z,GATS2Z,GATS2Z,algorithmic_medoid,True,True,1,0.0014906406165793307,0.9985093593834207,0.9985093593834207,0.9985093593834207,0.005813953488372093,855,0.02894034584735483,"[""GATS2Z"", ""GATS2m""]"
final,2141,2,GATS2m,GATS2Z,GATS2Z,algorithmic_medoid,False,False,2,0.0014906406165793307,0.9985093593834207,0.9985093593834207,0.9985093593834207,0.005813953488372093,855,0.027928817997092098,"[""GATS2Z"", ""GATS2m""]"
final,2142,3,GATS2are,GATS2are,GATS2are,algorithmic_medoid,True,True,1,0.013390646085750912,0.9866093539142491,0.9796839716556301,0.993534736172868,0.005813953488372093,855,0.07003180175364068,"[""GATS2are"", ""GATS2pe"", ""GATS2se""]"
final,2142,3,GATS2pe,GATS2are,GATS2are,algorithmic_medoid,False,False,2,0.01615619324774742,0.9838438067522526,0.974152877331637,0.993534736172868,0.005813953488372093,855,0.05639129703049325,"[""GATS2are"", ""GATS2pe"", ""GATS2se""]"
final,2142,3,GATS2se,GATS2are,GATS2are,algorithmic_medoid,False,False,3,0.02308157550636647,0.9769184244936335,0.974152877331637,0.9796839716556301,0.005813953488372093,855,0.07745399029360878,"[""GATS2are"", ""GATS2pe"", ""GATS2se""]"
final,2143,1,GATS2c,GATS2c,GATS2c,algorithmic_medoid,True,True,1,0.0,1.0,1.0,1.0,0.005813953488372093,855,0.0755502125402565,"[""GATS2c""]"
final,2144,1,GATS2d,GATS2d,GATS2d,algorithmic_medoid,True,True,1,0.0,1.0,1.0,1.0,0.00813953488372093,853,0.07436752370678196,"[""GATS2d""]"
final,2145,1,GATS2dv,GATS2dv,GATS2dv,algorithmic_medoid,True,True,1,0.0,1.0,1.0,1.0,0.005813953488372093,855,0.041678361360697365,"[""GATS2dv""]"
final,2146,2,GATS2p,GATS2p,GATS2p,algorithmic_medoid,True,True,1,0.14410430705847255,0.8558956929415275,0.8558956929415275,0.8558956929415275,0.005813953488372093,855,0.05138136107723129,"[""GATS2p"", ""GATS2v""]"
final,2146,2,GATS2v,GATS2p,GATS2p,algorithmic_medoid,False,False,2,0.14410430705847255,0.8558956929415275,0.8558956929415275,0.8558956929415275,0.005813953488372093,855,0.027514198722617386,"[""GATS2p"", ""GATS2v""]"
final,2147,2,GATS3Z,GATS3Z,GATS3Z,algorithmic_medoid,True,True,1,0.0015413066503352502,0.9984586933496647,0.9984586933496647,0.9984586933496647,0.00813953488372093,853,0.0262486063205319,"[""GATS3Z"", ""GATS3m""]"
final,2147,2,GATS3m,GATS3Z,GATS3Z,algorithmic_medoid,False,False,2,0.0015413066503352502,0.9984586933496647,0.9984586933496647,0.9984586933496647,0.00813953488372093,853,0.025274571635805383,"[""GATS3Z"", ""GATS3m""]"
final,2148,3,GATS3are,GATS3are,GATS3are,algorithmic_medoid,True,True,1,0.01635514293036555,0.9836448570696344,0.9767500258267957,0.9905396883124732,0.00813953488372093,853,0.03774615552540505,"[""GATS3are"", ""GATS3pe"", ""GATS3se""]"
final,2148,3,GATS3pe,GATS3are,GATS3are,algorithmic_medoid,False,False,2,0.0214635421052638,0.9785364578947362,0.9665332274769992,0.9905396883124732,0.00813953488372093,853,0.03338522428929516,"[""GATS3are"", ""GATS3pe"", ""GATS3se""]"
final,2148,3,GATS3se,GATS3are,GATS3are,algorithmic_medoid,False,False,3,0.02835837334810254,0.9716416266518975,0.9665332274769992,0.9767500258267957,0.00813953488372093,853,0.039499892571165665,"[""GATS3are"", ""GATS3pe"", ""GATS3se""]"
final,2149,1,GATS3c,GATS3c,GATS3c,algorithmic_medoid,True,True,1,0.0,1.0,1.0,1.0,0.00813953488372093,853,0.04044556902389355,"[""GATS3c""]"
final,2150,1,GATS3d,GATS3d,GATS3d,algorithmic_medoid,True,True,1,0.0,1.0,1.0,1.0,0.010465116279069767,851,0.036954007783130696,"[""GATS3d""]"
final,2151,1,GATS3dv,GATS3dv,GATS3dv,algorithmic_medoid,True,True,1,0.0,1.0,1.0,1.0,0.00813953488372093,853,0.02649398922761637,"[""GATS3dv""]"
final,2152,2,GATS3p,GATS3p,GATS3p,algorithmic_medoid,True,True,1,0.19839318582173004,0.80160681417827,0.80160681417827,0.80160681417827,0.00813953488372093,853,0.03948765456770864,"[""GATS3i"", ""GATS3p""]"
final,2152,2,GATS3i,GATS3p,GATS3p,algorithmic_medoid,False,False,2,0.19839318582173004,0.80160681417827,0.80160681417827,0.80160681417827,0.00813953488372093,853,0.034875164554487116,"[""GATS3i"", ""GATS3p""]"
final,2153,1,GATS3s,GATS3s,GATS3s,algorithmic_medoid,True,True,1,0.0,1.0,1.0,1.0,0.00813953488372093,853,0.03473606552672486,"[""GATS3s""]"
final,2154,2,GATS4Z,GATS4Z,GATS4Z,algorithmic_medoid,True,True,1,0.0010055324542697086,0.9989944675457303,0.9989944675457303,0.9989944675457303,0.010465116279069767,851,0.027148568340698894,"[""GATS4Z"", ""GATS4m""]"
final,2154,2,GATS4m,GATS4Z,GATS4Z,algorithmic_medoid,False,False,2,0.0010055324542697086,0.9989944675457303,0.9989944675457303,0.9989944675457303,0.010465116279069767,851,0.02615324339522785,"[""GATS4Z"", ""GATS4m""]"
final,2155,4,GATS4are,GATS4are,GATS4are,algorithmic_medoid,True,True,1,0.06399815580105905,0.936001844198941,0.8399950540053386,0.989781170535499,0.010465116279069767,851,0.051315559033503995,"[""GATS4are"", ""GATS4pe"", ""GATS4s"", ""GATS4se""]"
final,2155,4,GATS4pe,GATS4are,GATS4are,algorithmic_medoid,False,False,2,0.06924800797213371,0.9307519920278663,0.8253320606868033,0.989781170535499,0.010465116279069767,851,0.04560066896919008,"[""GATS4are"", ""GATS4pe"", ""GATS4s"", ""GATS4se""]"
final,2155,4,GATS4se,GATS4are,GATS4are,algorithmic_medoid,False,False,3,0.07225845992555302,0.927741540074447,0.8278525673060593,0.9782293080559851,0.010465116279069767,851,0.05584534761800629,"[""GATS4are"", ""GATS4pe"", ""GATS4s"", ""GATS4se""]"
final,2155,4,GATS4s,GATS4are,GATS4are,algorithmic_medoid,False,False,4,0.1689401060005995,0.8310598939994005,0.8253320606868033,0.8399950540053386,0.010465116279069767,851,0.06334037834161979,"[""GATS4are"", ""GATS4pe"", ""GATS4s"", ""GATS4se""]"
final,2156,1,GATS4c,GATS4c,GATS4c,algorithmic_medoid,True,True,1,0.0,1.0,1.0,1.0,0.010465116279069767,851,0.0520609217083504,"[""GATS4c""]"
final,2157,1,GATS4d,GATS4d,GATS4d,algorithmic_medoid,True,True,1,0.0,1.0,1.0,1.0,0.010465116279069767,851,0.04552625280923129,"[""GATS4d""]"
final,2158,1,GATS4dv,GATS4dv,GATS4dv,algorithmic_medoid,True,True,1,0.0,1.0,1.0,1.0,0.010465116279069767,851,0.029666943273193132,"[""GATS4dv""]"
final,2159,1,GATS4i,GATS4i,GATS4i,algorithmic_medoid,True,True,1,0.0,1.0,1.0,1.0,0.010465116279069767,851,0.029420477451020107,"[""GATS4i""]"
final,2160,2,GATS5Z,GATS5Z,GATS5Z,algorithmic_medoid,True,True,1,0.0010383307446599765,0.99896166925534,0.99896166925534,0.99896166925534,0.01627906976744186,846,0.037974849219541314,"[""GATS5Z"", ""GATS5m""]"
final,2160,2,GATS5m,GATS5Z,GATS5Z,algorithmic_medoid,False,False,2,0.0010383307446599765,0.99896166925534,0.99896166925534,0.99896166925534,0.01627906976744186,846,0.037106414840553326,"[""GATS5Z"", ""GATS5m""]"
final,2161,4,GATS5are,GATS5are,GATS5are,algorithmic_medoid,True,True,1,0.04875313383740121,0.9512468661625988,0.8920960864207531,0.9881159465432483,0.01627906976744186,846,0.07634675293759982,"[""GATS5are"", ""GATS5pe"", ""GATS5s"", ""GATS5se""]"
final,2161,4,GATS5pe,GATS5are,GATS5are,algorithmic_medoid,False,False,2,0.05257002502686625,0.9474299749731337,0.8731227220777377,0.9881159465432483,0.01627906976744186,846,0.06661457370075365,"[""GATS5are"", ""GATS5pe"", ""GATS5s"", ""GATS5se""]"
final,2161,4,GATS5se,GATS5are,GATS5are,algorithmic_medoid,False,False,3,0.05863679633849106,0.9413632036615089,0.8695097891623162,0.9810512562984153,0.01627906976744186,846,0.08571947739533253,"[""GATS5are"", ""GATS5pe"", ""GATS5s"", ""GATS5se""]"
final,2161,4,GATS5s,GATS5are,GATS5are,algorithmic_medoid,False,False,4,0.12175713411306432,0.8782428658869357,0.8695097891623162,0.8920960864207531,0.01627906976744186,846,0.11470457427827475,"[""GATS5are"", ""GATS5pe"", ""GATS5s"", ""GATS5se""]"
final,2162,1,GATS5c,GATS5c,GATS5c,algorithmic_medoid,True,True,1,0.0,1.0,1.0,1.0,0.01627906976744186,846,0.05683486177034958,"[""GATS5c""]"
final,2163,1,GATS5d,GATS5d,GATS5d,algorithmic_medoid,True,True,1,0.0,1.0,1.0,1.0,0.01627906976744186,846,0.050306940172458035,"[""GATS5d""]"
final,2164,1,GATS5dv,GATS5dv,GATS5dv,algorithmic_medoid,True,True,1,0.0,1.0,1.0,1.0,0.01627906976744186,846,0.045908070846696826,"[""GATS5dv""]"
final,2165,1,GATS5i,GATS5i,GATS5i,algorithmic_medoid,True,True,1,0.0,1.0,1.0,1.0,0.01627906976744186,846,0.037440969641994684,"[""GATS5i""]"
final,2166,2,GATS5p,GATS5p,GATS5p,algorithmic_medoid,True,True,1,0.1476362896595259,0.8523637103404741,0.8523637103404741,0.8523637103404741,0.01627906976744186,846,0.04143256962130319,"[""GATS5p"", ""GATS5v""]"
final,2166,2,GATS5v,GATS5p,GATS5p,algorithmic_medoid,False,False,2,0.1476362896595259,0.8523637103404741,0.8523637103404741,0.8523637103404741,0.01627906976744186,846,0.02616220885122685,"[""GATS5p"", ""GATS5v""]"
final,2167,2,GATS6Z,GATS6Z,GATS6Z,algorithmic_medoid,True,True,1,0.0011212787025061122,0.9988787212974939,0.9988787212974939,0.9988787212974939,0.029069767441860465,835,0.04502670220464787,"[""GATS6Z"", ""GATS6m""]"
final,2167,2,GATS6m,GATS6Z,GATS6Z,algorithmic_medoid,False,False,2,0.0011212787025061122,0.9988787212974939,0.9988787212974939,0.9988787212974939,0.029069767441860465,835,0.043866431884755044,"[""GATS6Z"", ""GATS6m""]"
final,2168,4,GATS6are,GATS6are,GATS6are,algorithmic_medoid,True,True,1,0.04181102574765949,0.9581889742523405,0.9012888490819948,0.9915219349659767,0.029069767441860465,835,0.08091979740405392,"[""GATS6are"", ""GATS6pe"", ""GATS6s"", ""GATS6se""]"
final,2168,4,GATS6pe,GATS6are,GATS6are,algorithmic_medoid,False,False,2,0.04297909573626679,0.9570209042637332,0.8959922440389221,0.9915219349659767,0.029069767441860465,835,0.07436262921835222,"[""GATS6are"", ""GATS6pe"", ""GATS6s"", ""GATS6se""]"
final,2168,4,GATS6se,GATS6are,GATS6are,algorithmic_medoid,False,False,3,0.049787549386063445,0.9502124506139366,0.885332679346459,0.9835485337863006,0.029069767441860465,835,0.09298007193620839,"[""GATS6are"", ""GATS6pe"", ""GATS6s"", ""GATS6se""]"
final,2168,4,GATS6s,GATS6are,GATS6are,algorithmic_medoid,False,False,4,0.10579540917754138,0.8942045908224586,0.885332679346459,0.9012888490819948,0.029069767441860465,835,0.11739226078437089,"[""GATS6are"", ""GATS6pe"", ""GATS6s"", ""GATS6se""]"
final,2169,1,GATS6c,GATS6c,GATS6c,algorithmic_medoid,True,True,1,0.0,1.0,1.0,1.0,0.029069767441860465,835,0.05805883429312327,"[""GATS6c""]"
final,2170,1,GATS6d,GATS6d,GATS6d,algorithmic_medoid,True,True,1,0.0,1.0,1.0,1.0,0.029069767441860465,835,0.06597775622115916,"[""GATS6d""]"
final,2171,1,GATS6dv,GATS6dv,GATS6dv,algorithmic_medoid,True,True,1,0.0,1.0,1.0,1.0,0.029069767441860465,835,0.04724971892598726,"[""GATS6dv""]"
final,2172,1,GATS6i,GATS6i,GATS6i,algorithmic_medoid,True,True,1,0.0,1.0,1.0,1.0,0.029069767441860465,835,0.0442741101409564,"[""GATS6i""]"
final,2173,1,GATS6p,GATS6p,GATS6p,algorithmic_medoid,True,True,1,0.0,1.0,1.0,1.0,0.029069767441860465,835,0.0494794424802199,"[""GATS6p""]"
final,2174,2,GATS7Z,GATS7Z,GATS7Z,algorithmic_medoid,True,True,1,0.0009869264136436184,0.9990130735863564,0.9990130735863564,0.9990130735863564,0.03953488372093023,826,0.07973137971790677,"[""GATS7Z"", ""GATS7m""]"
final,2174,2,GATS7m,GATS7Z,GATS7Z,algorithmic_medoid,False,False,2,0.0009869264136436184,0.9990130735863564,0.9990130735863564,0.9990130735863564,0.03953488372093023,826,0.07805234213464635,"[""GATS7Z"", ""GATS7m""]"
final,2175,4,GATS7are,GATS7are,GATS7are,algorithmic_medoid,True,True,1,0.05073640646574118,0.9492635935342588,0.8857218826185304,0.986886999227485,0.03953488372093023,826,0.12451738391503483,"[""GATS7are"", ""GATS7pe"", ""GATS7s"", ""GATS7se""]"
final,2175,4,GATS7pe,GATS7are,GATS7are,algorithmic_medoid,False,False,2,0.05284106204263084,0.9471589379573692,0.8758480714836749,0.986886999227485,0.03953488372093023,826,0.11863022601450358,"[""GATS7are"", ""GATS7pe"", ""GATS7s"", ""GATS7se""]"
final,2175,4,GATS7se,GATS7are,GATS7are,algorithmic_medoid,False,False,3,0.058338778746109266,0.9416612212538907,0.8710600218439636,0.9787417431609479,0.03953488372093023,826,0.13379113069425905,"[""GATS7are"", ""GATS7pe"", ""GATS7s"", ""GATS7se""]"
final,2175,4,GATS7s,GATS7are,GATS7are,algorithmic_medoid,False,False,4,0.12245667468461041,0.8775433253153896,0.8710600218439636,0.8857218826185304,0.03953488372093023,826,0.1760078995523591,"[""GATS7are"", ""GATS7pe"", ""GATS7s"", ""GATS7se""]"
final,2176,1,GATS7c,GATS7c,GATS7c,algorithmic_medoid,True,True,1,0.0,1.0,1.0,1.0,0.03953488372093023,826,0.08740055202355737,"[""GATS7c""]"
final,2177,1,GATS7d,GATS7d,GATS7d,algorithmic_medoid,True,True,1,0.0,1.0,1.0,1.0,0.03953488372093023,826,0.0882574168912367,"[""GATS7d""]"
final,2178,1,GATS7dv,GATS7dv,GATS7dv,algorithmic_medoid,True,True,1,0.0,1.0,1.0,1.0,0.03953488372093023,826,0.08310279148495345,"[""GATS7dv""]"
final,2179,1,GATS7i,GATS7i,GATS7i,algorithmic_medoid,True,True,1,0.0,1.0,1.0,1.0,0.03953488372093023,826,0.06815119566681895,"[""GATS7i""]"
final,2180,2,GATS8Z,GATS8Z,GATS8Z,algorithmic_medoid,True,True,1,0.002353821095271713,0.9976461789047283,0.9976461789047283,0.9976461789047283,0.07093023255813953,799,0.07545471492798081,"[""GATS8Z"", ""GATS8m""]"
final,2180,2,GATS8m,GATS8Z,GATS8Z,algorithmic_medoid,False,False,2,0.002353821095271713,0.9976461789047283,0.9976461789047283,0.9976461789047283,0.07093023255813953,799,0.07435820628612891,"[""GATS8Z"", ""GATS8m""]"
final,2181,4,GATS8pe,GATS8pe,GATS8pe,algorithmic_medoid,True,True,1,0.0595024932412741,0.9404975067587259,0.8541900570705186,0.9905550463782888,0.07093023255813953,799,0.10622911651255977,"[""GATS8are"", ""GATS8dv"", ""GATS8pe"", ""GATS8se""]"
final,2181,4,GATS8are,GATS8pe,GATS8pe,algorithmic_medoid,False,False,2,0.059913078918290896,0.9400869210817091,0.8495303797703811,0.9905550463782888,0.07093023255813953,799,0.10905823888451245,"[""GATS8are"", ""GATS8dv"", ""GATS8pe"", ""GATS8se""]"
final,2181,4,GATS8se,GATS8pe,GATS8pe,algorithmic_medoid,False,False,3,0.07720054927107045,0.9227994507289295,0.8114755982629605,0.9801753370964575,0.07093023255813953,799,0.1186989312069338,"[""GATS8are"", ""GATS8dv"", ""GATS8pe"", ""GATS8se""]"
final,2181,4,GATS8dv,GATS8pe,GATS8pe,algorithmic_medoid,False,False,4,0.16160132163204655,0.8383986783679535,0.8114755982629605,0.8541900570705186,0.07093023255813953,799,0.07778879534074053,"[""GATS8are"", ""GATS8dv"", ""GATS8pe"", ""GATS8se""]"
final,2182,1,GATS8c,GATS8c,GATS8c,algorithmic_medoid,True,True,1,0.0,1.0,1.0,1.0,0.07093023255813953,799,0.08024478026040566,"[""GATS8c""]"
final,2183,1,GATS8d,GATS8d,GATS8d,algorithmic_medoid,True,True,1,0.0,1.0,1.0,1.0,0.07093023255813953,799,0.07910067008907515,"[""GATS8d""]"
final,2184,1,GATS8i,GATS8i,GATS8i,algorithmic_medoid,True,True,1,0.0,1.0,1.0,1.0,0.07093023255813953,799,0.05940106802156227,"[""GATS8i""]"
final,2185,1,GATS8p,GATS8p,GATS8p,algorithmic_medoid,True,True,1,0.0,1.0,1.0,1.0,0.07093023255813953,799,0.06917440829990222,"[""GATS8p""]"
final,2186,1,GATS8s,GATS8s,GATS8s,algorithmic_medoid,True,True,1,0.0,1.0,1.0,1.0,0.07093023255813953,799,0.15491528238788138,"[""GATS8s""]"
final,2187,2,GeomShapeIndex,GeomShapeIndex,GeomShapeIndex,algorithmic_medoid,True,True,1,0.0,1.0,1.0,1.0,0.005813953488372093,855,0.011979572707623776,"[""GeomPetitjeanIndex"", ""GeomShapeIndex""]"
final,2187,2,GeomPetitjeanIndex,GeomShapeIndex,GeomShapeIndex,algorithmic_medoid,False,False,2,0.0,1.0,1.0,1.0,0.005813953488372093,855,0.001297784337895811,"[""GeomPetitjeanIndex"", ""GeomShapeIndex""]"
final,2188,1,GhoseFilter,GhoseFilter,GhoseFilter,algorithmic_medoid,True,True,1,0.0,1.0,1.0,1.0,0.0,860,0.16817739318550565,"[""GhoseFilter""]"
final,2189,2,MIC0,MIC0,MIC0,algorithmic_medoid,True,True,1,0.0788148711663923,0.9211851288336077,0.9211851288336077,0.9211851288336077,0.0,860,29.73313616084434,"[""IC0"", ""MIC0""]"
final,2189,2,IC0,MIC0,MIC0,algorithmic_medoid,False,False,2,0.0788148711663923,0.9211851288336077,0.9211851288336077,0.9211851288336077,0.0,860,0.07201045643413738,"[""IC0"", ""MIC0""]"
final,2190,2,MIC1,MIC1,MIC1,algorithmic_medoid,True,True,1,0.10647170450407473,0.8935282954959253,0.8935282954959253,0.8935282954959253,0.0,860,73.11733005623783,"[""IC1"", ""MIC1""]"
final,2190,2,IC1,MIC1,MIC1,algorithmic_medoid,False,False,2,0.10647170450407473,0.8935282954959253,0.8935282954959253,0.8935282954959253,0.0,860,0.4036937921189203,"[""IC1"", ""MIC1""]"
final,2191,1,IC2,IC2,IC2,algorithmic_medoid,True,True,1,0.0,1.0,1.0,1.0,0.0,860,0.6027576314167942,"[""IC2""]"
final,2192,4,IC4,IC4,IC4,algorithmic_medoid,True,True,1,0.07173478865988303,0.928265211340117,0.8226748384625554,0.9912487113773009,0.0,860,0.8580218682203093,"[""IC3"", ""IC4"", ""IC5"", ""TSRW10""]"
final,2192,4,IC5,IC4,IC4,algorithmic_medoid,False,False,2,0.0791076105618469,0.9208923894381531,0.8261763621720896,0.9912487113773009,0.0,860,0.8856572475931705,"[""IC3"", ""IC4"", ""IC5"", ""TSRW10""]"
final,2192,4,IC3,IC4,IC4,algorithmic_medoid,False,False,3,0.08882534041466661,0.9111746595853334,0.8173997998104371,0.9708720841804944,0.0,860,0.7795628576373343,"[""IC3"", ""IC4"", ""IC5"", ""TSRW10""]"
final,2192,4,TSRW10,IC4,IC4,algorithmic_medoid,False,False,4,0.17791633318497269,0.8220836668150273,0.8173997998104371,0.8261763621720896,0.0,860,542.2864085081166,"[""IC3"", ""IC4"", ""IC5"", ""TSRW10""]"
final,2193,1,JGI1,JGI1,JGI1,algorithmic_medoid,True,True,1,0.0,1.0,1.0,1.0,0.0,860,0.005084856461173727,"[""JGI1""]"
final,2194,1,JGI10,JGI10,JGI10,algorithmic_medoid,True,True,1,0.0,1.0,1.0,1.0,0.0,860,1.37942785863322e-05,"[""JGI10""]"
final,2195,1,JGI2,JGI2,JGI2,algorithmic_medoid,True,True,1,0.0,1.0,1.0,1.0,0.0,860,0.0006218722915090094,"[""JGI2""]"
final,2196,1,JGI3,JGI3,JGI3,algorithmic_medoid,True,True,1,0.0,1.0,1.0,1.0,0.0,860,0.0003520998800185415,"[""JGI3""]"
final,2197,1,JGI4,JGI4,JGI4,algorithmic_medoid,True,True,1,0.0,1.0,1.0,1.0,0.0,860,0.0002038420121969675,"[""JGI4""]"
final,2198,1,JGI5,JGI5,JGI5,algorithmic_medoid,True,True,1,0.0,1.0,1.0,1.0,0.0,860,0.00010068201750351262,"[""JGI5""]"
final,2199,1,JGI6,JGI6,JGI6,algorithmic_medoid,True,True,1,0.0,1.0,1.0,1.0,0.0,860,5.639371310658479e-05,"[""JGI6""]"
final,2200,1,JGI7,JGI7,JGI7,algorithmic_medoid,True,True,1,0.0,1.0,1.0,1.0,0.0,860,3.9083117551581674e-05,"[""JGI7""]"
final,2201,1,JGI8,JGI8,JGI8,algorithmic_medoid,True,True,1,0.0,1.0,1.0,1.0,0.0,860,2.4728281170657515e-05,"[""JGI8""]"
final,2202,1,JGI9,JGI9,JGI9,algorithmic_medoid,True,True,1,0.0,1.0,1.0,1.0,0.0,860,2.1631286482468668e-05,"[""JGI9""]"
final,2203,1,Kier3,Kier3,Kier3,algorithmic_medoid,True,True,1,0.0,1.0,1.0,1.0,0.015116279069767442,847,25.714044105348766,"[""Kier3""]"
final,2204,1,Lipinski,Lipinski,Lipinski,algorithmic_medoid,True,True,1,0.0,1.0,1.0,1.0,0.0,860,0.20422390481341265,"[""Lipinski""]"
final,2205,1,MACCS_100,MACCS_100,MACCS_100,algorithmic_medoid,True,True,1,0.0,1.0,1.0,1.0,0.0,860,0.24998783126014068,"[""MACCS_100""]"
final,2206,3,MACCS_105,MACCS_105,MACCS_105,algorithmic_medoid,True,True,1,0.087422074046408,0.912577925953592,0.8713745058056568,0.9537813461015273,0.0,860,0.24496890210924824,"[""MACCS_101"", ""MACCS_105"", ""nFRing""]"
final,2206,3,nFRing,MACCS_105,MACCS_105,algorithmic_medoid,False,False,2,0.09706148467199549,0.9029385153280045,0.8520956845544816,0.9537813461015273,0.0,860,0.36616549486208755,"[""MACCS_101"", ""MACCS_105"", ""nFRing""]"
final,2206,3,MACCS_101,MACCS_105,MACCS_105,algorithmic_medoid,False,False,3,0.1382649048199308,0.8617350951800692,0.8520956845544816,0.8713745058056568,0.0,860,0.24901433207138995,"[""MACCS_101"", ""MACCS_105"", ""nFRing""]"
final,2207,1,MACCS_102,MACCS_102,MACCS_102,algorithmic_medoid,True,True,1,0.0,1.0,1.0,1.0,0.0,860,0.13785289345592217,"[""MACCS_102""]"
final,2208,1,MACCS_104,MACCS_104,MACCS_104,algorithmic_medoid,True,True,1,0.0,1.0,1.0,1.0,0.0,860,0.2487006489994592,"[""MACCS_104""]"
final,2209,1,MACCS_106,MACCS_106,MACCS_106,algorithmic_medoid,True,True,1,0.0,1.0,1.0,1.0,0.0,860,0.2271498107084911,"[""MACCS_106""]"
final,2210,1,MACCS_108,MACCS_108,MACCS_108,algorithmic_medoid,True,True,1,0.0,1.0,1.0,1.0,0.0,860,0.23537587885343436,"[""MACCS_108""]"
final,2211,1,MACCS_109,MACCS_109,MACCS_109,algorithmic_medoid,True,True,1,0.0,1.0,1.0,1.0,0.0,860,0.24068550567874525,"[""MACCS_109""]"
final,2212,8,n4ARing,n4ARing,n4ARing,algorithmic_medoid,True,True,1,0.04363228471073821,0.9563677152892618,0.8775392023197213,1.0,0.0,860,0.12463358572201189,"[""MACCS_11"", ""MACCS_8"", ""Xch-4d"", ""Xch-4dv"", ""n4AHRing"", ""n4ARing"", ""n4HRing"", ""n4Ring""]"
final,2212,8,n4Ring,n4ARing,n4ARing,algorithmic_medoid,False,False,2,0.04363228471073821,0.9563677152892618,0.8775392023197213,1.0,0.0,860,0.12463358572201189,"[""MACCS_11"", ""MACCS_8"", ""Xch-4d"", ""Xch-4dv"", ""n4AHRing"", ""n4ARing"", ""n4HRing"", ""n4Ring""]"
final,2212,8,MACCS_11,n4ARing,n4ARing,algorithmic_medoid,False,False,3,0.043669093791167124,0.9563309062088329,0.8834890299366874,0.9940789138567715,0.0,860,0.10630611141157383,"[""MACCS_11"", ""MACCS_8"", ""Xch-4d"", ""Xch-4dv"", ""n4AHRing"", ""n4ARing"", ""n4HRing"", ""n4Ring""]"
final,2212,8,n4AHRing,n4ARing,n4ARing,algorithmic_medoid,False,False,4,0.04858070475121978,0.9514192952487802,0.8600631382623641,1.0,0.0,860,0.12201730665224446,"[""MACCS_11"", ""MACCS_8"", ""Xch-4d"", ""Xch-4dv"", ""n4AHRing"", ""n4ARing"", ""n4HRing"", ""n4Ring""]"
final,2212,8,n4HRing,n4ARing,n4ARing,algorithmic_medoid,False,False,5,0.04858070475121978,0.9514192952487802,0.8600631382623641,1.0,0.0,860,0.12201730665224446,"[""MACCS_11"", ""MACCS_8"", ""Xch-4d"", ""Xch-4dv"", ""n4AHRing"", ""n4ARing"", ""n4HRing"", ""n4Ring""]"
final,2212,8,MACCS_8,n4ARing,n4ARing,algorithmic_medoid,False,False,6,0.048605628405036905,0.9513943715949631,0.8660239913863921,0.9939535896887471,0.0,860,0.10364926987560845,"[""MACCS_11"", ""MACCS_8"", ""Xch-4d"", ""Xch-4dv"", ""n4AHRing"", ""n4ARing"", ""n4HRing"", ""n4Ring""]"
final,2212,8,Xch-4d,n4ARing,n4ARing,algorithmic_medoid,False,False,7,0.11034814290881478,0.8896518570911852,0.8610834660255663,0.999741784170533,0.0,860,0.004906828169429945,"[""MACCS_11"", ""MACCS_8"", ""Xch-4d"", ""Xch-4dv"", ""n4AHRing"", ""n4ARing"", ""n4HRing"", ""n4Ring""]"
final,2212,8,Xch-4dv,n4ARing,n4ARing,algorithmic_medoid,False,False,8,0.11056271535714135,0.8894372846428586,0.8600631382623641,0.999741784170533,0.0,860,0.003851783845383086,"[""MACCS_11"", ""MACCS_8"", ""Xch-4d"", ""Xch-4dv"", ""n4AHRing"", ""n4ARing"", ""n4HRing"", ""n4Ring""]"
final,2213,3,MACCS_110,MACCS_110,MACCS_110,algorithmic_medoid,True,True,1,0.04536432802620716,0.9546356719737928,0.9391205514544523,0.9701507924931334,0.0,860,0.2497349918875068,"[""MACCS_110"", ""MACCS_117"", ""MACCS_92""]"
final,2213,3,MACCS_117,MACCS_110,MACCS_110,algorithmic_medoid,False,False,2,0.05938033013337063,0.9406196698666294,0.9110885472401253,0.9701507924931334,0.0,860,0.2490143320713899,"[""MACCS_110"", ""MACCS_117"", ""MACCS_92""]"
final,2213,3,MACCS_92,MACCS_110,MACCS_110,algorithmic_medoid,False,False,3,0.07489545065271119,0.9251045493472888,0.9110885472401253,0.9391205514544523,0.0,860,0.24977149810708482,"[""MACCS_110"", ""MACCS_117"", ""MACCS_92""]"
final,2214,1,MACCS_111,MACCS_111,MACCS_111,algorithmic_medoid,True,True,1,0.0,1.0,1.0,1.0,0.0,860,0.24428745267712274,"[""MACCS_111""]"
final,2215,1,MACCS_113,MACCS_113,MACCS_113,algorithmic_medoid,True,True,1,0.0,1.0,1.0,1.0,0.0,860,0.234229313142239,"[""MACCS_113""]"
final,2216,1,MACCS_115,MACCS_115,MACCS_115,algorithmic_medoid,True,True,1,0.0,1.0,1.0,1.0,0.0,860,0.21495267712276905,"[""MACCS_115""]"
final,2217,1,MACCS_116,MACCS_116,MACCS_116,algorithmic_medoid,True,True,1,0.0,1.0,1.0,1.0,0.0,860,0.22196322336398047,"[""MACCS_116""]"
final,2218,2,MACCS_118,MACCS_118,MACCS_118,algorithmic_medoid,True,True,1,0.004643402874810021,0.99535659712519,0.99535659712519,0.99535659712519,0.0,860,0.2498647917793401,"[""MACCS_118"", ""MACCS_147""]"
final,2218,2,MACCS_147,MACCS_118,MACCS_118,algorithmic_medoid,False,False,2,0.004643402874810021,0.99535659712519,0.99535659712519,0.99535659712519,0.0,860,0.24980530016224983,"[""MACCS_118"", ""MACCS_147""]"
final,2219,4,SdsN,SdsN,SdsN,algorithmic_medoid,True,True,1,0.06132229042779247,0.9386777095722075,0.894166167807358,0.9982654725994806,0.0,860,2.2978607372895175,"[""MACCS_119"", ""MACCS_78"", ""NdsN"", ""SdsN""]"
final,2219,4,NdsN,SdsN,SdsN,algorithmic_medoid,False,False,2,0.06163532528075155,0.9383646747192484,0.8957198183755186,0.9982654725994806,0.0,860,0.14117901568415359,"[""MACCS_119"", ""MACCS_78"", ""NdsN"", ""SdsN""]"
final,2219,4,MACCS_78,SdsN,SdsN,algorithmic_medoid,False,False,3,0.07955942318239029,0.9204405768176097,0.9166115089602991,0.9236014883097841,0.0,860,0.10630611141157383,"[""MACCS_119"", ""MACCS_78"", ""NdsN"", ""SdsN""]"
final,2219,4,MACCS_119,SdsN,SdsN,algorithmic_medoid,False,False,4,0.09783416828560798,0.902165831714392,0.894166167807358,0.9166115089602991,0.0,860,0.12090183883180097,"[""MACCS_119"", ""MACCS_78"", ""NdsN"", ""SdsN""]"
final,2220,1,MACCS_120,MACCS_120,MACCS_120,algorithmic_medoid,True,True,1,0.0,1.0,1.0,1.0,0.0,860,0.23904813412655487,"[""MACCS_120""]"
final,2221,1,MACCS_121,MACCS_121,MACCS_121,algorithmic_medoid,True,True,1,0.0,1.0,1.0,1.0,0.0,860,0.2409085992428339,"[""MACCS_121""]"
final,2222,3,MACCS_122,MACCS_122,MACCS_122,algorithmic_medoid,True,True,1,0.07395832565817295,0.926041674341827,0.922793204202016,0.929290144481638,0.0,860,0.23452001081665766,"[""MACCS_122"", ""MACCS_148"", ""MACCS_85""]"
final,2222,3,MACCS_148,MACCS_122,MACCS_122,algorithmic_medoid,False,False,2,0.10658361272939842,0.8934163872706016,0.8575426300595652,0.929290144481638,0.0,860,0.2249918875067604,"[""MACCS_122"", ""MACCS_148"", ""MACCS_85""]"
final,2222,3,MACCS_85,MACCS_122,MACCS_122,algorithmic_medoid,False,False,3,0.10983208286920942,0.8901679171307906,0.8575426300595652,0.922793204202016,0.0,860,0.24259599783666852,"[""MACCS_122"", ""MACCS_148"", ""MACCS_85""]"
final,2223,1,MACCS_123,MACCS_123,MACCS_123,algorithmic_medoid,True,True,1,0.0,1.0,1.0,1.0,0.0,860,0.2490143320713899,"[""MACCS_123""]"
final,2224,2,MACCS_124,MACCS_124,MACCS_124,algorithmic_medoid,True,True,1,0.17506767544979296,0.824932324550207,0.824932324550207,0.824932324550207,0.0,860,0.18455922120064894,"[""MACCS_124"", ""MACCS_94""]"
final,2224,2,MACCS_94,MACCS_124,MACCS_124,algorithmic_medoid,False,False,2,0.17506767544979296,0.824932324550207,0.824932324550207,0.824932324550207,0.0,860,0.14774878312601408,"[""MACCS_124"", ""MACCS_94""]"
final,2225,1,MACCS_125,MACCS_125,MACCS_125,algorithmic_medoid,True,True,1,0.0,1.0,1.0,1.0,0.0,860,0.24956192536506225,"[""MACCS_125""]"
final,2226,2,MACCS_127,MACCS_127,MACCS_127,algorithmic_medoid,True,True,1,0.0,1.0,1.0,1.0,0.0,860,0.20667793401838827,"[""MACCS_127"", ""MACCS_143""]"
final,2226,2,MACCS_143,MACCS_127,MACCS_127,algorithmic_medoid,False,False,2,0.0,1.0,1.0,1.0,0.0,860,0.20667793401838827,"[""MACCS_127"", ""MACCS_143""]"
final,2227,1,MACCS_128,MACCS_128,MACCS_128,algorithmic_medoid,True,True,1,0.0,1.0,1.0,1.0,0.0,860,0.24915494862087617,"[""MACCS_128""]"
final,2228,1,MACCS_129,MACCS_129,MACCS_129,algorithmic_medoid,True,True,1,0.0,1.0,1.0,1.0,0.0,860,0.24998783126014068,"[""MACCS_129""]"
final,2229,1,MACCS_13,MACCS_13,MACCS_13,algorithmic_medoid,True,True,1,0.0,1.0,1.0,1.0,0.0,860,0.01149269875608437,"[""MACCS_13""]"
final,2230,1,MACCS_130,MACCS_130,MACCS_130,algorithmic_medoid,True,True,1,0.0,1.0,1.0,1.0,0.0,860,0.1331314223904813,"[""MACCS_130""]"
final,2231,1,MACCS_131,MACCS_131,MACCS_131,algorithmic_medoid,True,True,1,0.0,1.0,1.0,1.0,0.0,860,0.22714981070849105,"[""MACCS_131""]"
final,2232,1,MACCS_132,MACCS_132,MACCS_132,algorithmic_medoid,True,True,1,0.0,1.0,1.0,1.0,0.0,860,0.24112898864250945,"[""MACCS_132""]"
final,2233,1,MACCS_133,MACCS_133,MACCS_133,algorithmic_medoid,True,True,1,0.0,1.0,1.0,1.0,0.0,860,0.24960924824229314,"[""MACCS_133""]"
final,2234,1,MACCS_135,MACCS_135,MACCS_135,algorithmic_medoid,True,True,1,0.0,1.0,1.0,1.0,0.0,860,0.19858707409410495,"[""MACCS_135""]"
final,2235,1,MACCS_136,MACCS_136,MACCS_136,algorithmic_medoid,True,True,1,0.0,1.0,1.0,1.0,0.0,860,0.24956192536506222,"[""MACCS_136""]"
final,2236,1,MACCS_137,MACCS_137,MACCS_137,algorithmic_medoid,True,True,1,0.0,1.0,1.0,1.0,0.0,860,0.18515278528934553,"[""MACCS_137""]"
final,2237,1,MACCS_138,MACCS_138,MACCS_138,algorithmic_medoid,True,True,1,0.0,1.0,1.0,1.0,0.0,860,0.2493455922120065,"[""MACCS_138""]"
final,2238,1,MACCS_139,MACCS_139,MACCS_139,algorithmic_medoid,True,True,1,0.0,1.0,1.0,1.0,0.0,860,0.23085316387236343,"[""MACCS_139""]"
final,2239,1,MACCS_14,MACCS_14,MACCS_14,algorithmic_medoid,True,True,1,0.0,1.0,1.0,1.0,0.0,860,0.010355597620335314,"[""MACCS_14""]"
final,2240,2,MACCS_140,MACCS_140,MACCS_140,algorithmic_medoid,True,True,1,0.18659289009806723,0.8134071099019328,0.8134071099019328,0.8134071099019328,0.0,860,0.24045970795024332,"[""MACCS_140"", ""MACCS_146""]"
final,2240,2,MACCS_146,MACCS_140,MACCS_140,algorithmic_medoid,False,False,2,0.18659289009806723,0.8134071099019328,0.8134071099019328,0.8134071099019328,0.0,860,0.21318956192536503,"[""MACCS_140"", ""MACCS_146""]"
final,2241,1,MACCS_141,MACCS_141,MACCS_141,algorithmic_medoid,True,True,1,0.0,1.0,1.0,1.0,0.0,860,0.22921038399134666,"[""MACCS_141""]"
final,2242,1,MACCS_142,MACCS_142,MACCS_142,algorithmic_medoid,True,True,1,0.0,1.0,1.0,1.0,0.0,860,0.21751622498647916,"[""MACCS_142""]"
final,2243,1,MACCS_144,MACCS_144,MACCS_144,algorithmic_medoid,True,True,1,0.0,1.0,1.0,1.0,0.0,860,0.24973499188750678,"[""MACCS_144""]"
final,2244,2,n6Ring,n6Ring,n6Ring,algorithmic_medoid,True,True,1,0.1586505585176483,0.8413494414823517,0.8413494414823517,0.8413494414823517,0.0,860,2.946580584099513,"[""MACCS_145"", ""n6Ring""]"
final,2244,2,MACCS_145,n6Ring,n6Ring,algorithmic_medoid,False,False,2,0.1586505585176483,0.8413494414823517,0.8413494414823517,0.8413494414823517,0.0,860,0.22954434829637643,"[""MACCS_145"", ""n6Ring""]"
final,2245,3,NsCH3,NsCH3,NsCH3,algorithmic_medoid,True,True,1,0.06555681980051198,0.934443180199488,0.8790030146291898,0.9898833457697862,0.0,860,11.540475932936724,"[""MACCS_149"", ""NsCH3"", ""SsCH3""]"
final,2245,3,SsCH3,NsCH3,NsCH3,algorithmic_medoid,False,False,2,0.06906004102894148,0.9309399589710585,0.8719965721723308,0.9898833457697862,0.0,860,35.28870418893259,"[""MACCS_149"", ""NsCH3"", ""SsCH3""]"
final,2245,3,MACCS_149,NsCH3,NsCH3,algorithmic_medoid,False,False,3,0.12450020659923966,0.8754997934007603,0.8719965721723308,0.8790030146291898,0.0,860,0.24804759329367224,"[""MACCS_149"", ""NsCH3"", ""SsCH3""]"
final,2246,1,MACCS_15,MACCS_15,MACCS_15,algorithmic_medoid,True,True,1,0.0,1.0,1.0,1.0,0.0,860,0.005780151433207137,"[""MACCS_15""]"
final,2247,1,MACCS_150,MACCS_150,MACCS_150,algorithmic_medoid,True,True,1,0.0,1.0,1.0,1.0,0.0,860,0.19537452677122769,"[""MACCS_150""]"
final,2248,1,MACCS_151,MACCS_151,MACCS_151,algorithmic_medoid,True,True,1,0.0,1.0,1.0,1.0,0.0,860,0.23242833964305035,"[""MACCS_151""]"
final,2249,1,MACCS_152,MACCS_152,MACCS_152,algorithmic_medoid,True,True,1,0.0,1.0,1.0,1.0,0.0,860,0.22462276906435913,"[""MACCS_152""]"
final,2250,1,MACCS_153,MACCS_153,MACCS_153,algorithmic_medoid,True,True,1,0.0,1.0,1.0,1.0,0.0,860,0.1778515413737155,"[""MACCS_153""]"
final,2251,1,MACCS_156,MACCS_156,MACCS_156,algorithmic_medoid,True,True,1,0.0,1.0,1.0,1.0,0.0,860,0.1797133585722012,"[""MACCS_156""]"
final,2252,1,MACCS_157,MACCS_157,MACCS_157,algorithmic_medoid,True,True,1,0.0,1.0,1.0,1.0,0.0,860,0.15505002704164414,"[""MACCS_157""]"
final,2253,2,MACCS_158,MACCS_158,MACCS_158,algorithmic_medoid,True,True,1,0.09233084007459602,0.907669159925404,0.907669159925404,0.907669159925404,0.0,860,0.1347160627366144,"[""MACCS_158"", ""MACCS_161""]"
final,2253,2,MACCS_161,MACCS_158,MACCS_158,algorithmic_medoid,False,False,2,0.09233084007459602,0.907669159925404,0.907669159925404,0.907669159925404,0.0,860,0.11753785830178475,"[""MACCS_158"", ""MACCS_161""]"
final,2254,1,MACCS_159,MACCS_159,MACCS_159,algorithmic_medoid,True,True,1,0.0,1.0,1.0,1.0,0.0,860,0.15216197944835044,"[""MACCS_159""]"
final,2255,3,n3AHRing,n3AHRing,n3AHRing,algorithmic_medoid,True,True,1,2.3883440620764418e-06,0.9999976116559379,0.9999952233118757,1.0,0.0,860,0.012681179015684153,"[""MACCS_16"", ""n3AHRing"", ""n3HRing""]"
final,2255,3,n3HRing,n3AHRing,n3AHRing,algorithmic_medoid,False,False,2,2.3883440620764418e-06,0.9999976116559379,0.9999952233118757,1.0,0.0,860,0.012681179015684153,"[""MACCS_16"", ""n3AHRing"", ""n3HRing""]"
final,2255,3,MACCS_16,n3AHRing,n3AHRing,algorithmic_medoid,False,False,3,4.776688124263906e-06,0.9999952233118757,0.9999952233118757,0.9999952233118757,0.0,860,0.009215792320173069,"[""MACCS_16"", ""n3AHRing"", ""n3HRing""]"
final,2256,1,MACCS_162,MACCS_162,MACCS_162,algorithmic_medoid,True,True,1,0.0,1.0,1.0,1.0,0.0,860,0.20521362898864257,"[""MACCS_162""]"
final,2257,1,MACCS_163,MACCS_163,MACCS_163,algorithmic_medoid,True,True,1,0.0,1.0,1.0,1.0,0.0,860,0.11922525689561926,"[""MACCS_163""]"
final,2258,1,MACCS_164,MACCS_164,MACCS_164,algorithmic_medoid,True,True,1,0.0,1.0,1.0,1.0,0.0,860,0.07085451595457004,"[""MACCS_164""]"
final,2259,1,MACCS_165,MACCS_165,MACCS_165,algorithmic_medoid,True,True,1,0.0,1.0,1.0,1.0,0.0,860,0.0767117360735533,"[""MACCS_165""]"
final,2260,1,MACCS_166,MACCS_166,MACCS_166,algorithmic_medoid,True,True,1,0.0,1.0,1.0,1.0,0.0,860,0.002320173066522443,"[""MACCS_166""]"
final,2261,4,MACCS_18,MACCS_18,MACCS_18,algorithmic_medoid,True,True,1,2.2587208936553083e-07,0.9999997741279106,0.999999322383732,1.0,0.0,860,0.0023201730665224434,"[""MACCS_18"", ""NsssB"", ""SsssB"", ""nB""]"
final,2261,4,NsssB,MACCS_18,MACCS_18,algorithmic_medoid,False,False,2,2.2587208936553083e-07,0.9999997741279106,0.999999322383732,1.0,0.0,860,0.0023201730665224434,"[""MACCS_18"", ""NsssB"", ""SsssB"", ""nB""]"
final,2261,4,nB,MACCS_18,MACCS_18,algorithmic_medoid,False,False,3,2.2587208936553083e-07,0.9999997741279106,0.999999322383732,1.0,0.0,860,0.0023201730665224434,"[""MACCS_18"", ""NsssB"", ""SsssB"", ""nB""]"
final,2261,4,SsssB,MACCS_18,MACCS_18,algorithmic_medoid,False,False,4,6.776162679855702e-07,0.999999322383732,0.999999322383732,0.999999322383732,0.0,860,0.006583129792228885,"[""MACCS_18"", ""NsssB"", ""SsssB"", ""nB""]"
final,2262,1,MACCS_19,MACCS_19,MACCS_19,algorithmic_medoid,True,True,1,0.0,1.0,1.0,1.0,0.0,860,0.047499999999999994,"[""MACCS_19""]"
final,2263,3,MACCS_20,MACCS_20,MACCS_20,algorithmic_medoid,True,True,1,0.0,1.0,1.0,1.0,0.0,860,0.0011614386154678205,"[""MACCS_20"", ""NsSiH3"", ""SsSiH3""]"
final,2263,3,NsSiH3,MACCS_20,MACCS_20,algorithmic_medoid,False,False,2,0.0,1.0,1.0,1.0,0.0,860,0.0011614386154678205,"[""MACCS_20"", ""NsSiH3"", ""SsSiH3""]"
final,2263,3,SsSiH3,MACCS_20,MACCS_20,algorithmic_medoid,False,False,3,0.0,1.0,1.0,1.0,0.0,860,0.0010311051285646564,"[""MACCS_20"", ""NsSiH3"", ""SsSiH3""]"
final,2264,1,MACCS_21,MACCS_21,MACCS_21,algorithmic_medoid,True,True,1,0.0,1.0,1.0,1.0,0.0,860,0.006928069226608974,"[""MACCS_21""]"
final,2265,6,SRW03,SRW03,SRW03,algorithmic_medoid,True,True,1,3.4422748134255166e-05,0.9999655772518657,0.9999130784232496,1.0,0.0,860,0.08919309090512789,"[""MACCS_22"", ""SRW03"", ""Xch-3d"", ""Xch-3dv"", ""n3ARing"", ""n3Ring""]"
final,2265,6,n3ARing,SRW03,SRW03,algorithmic_medoid,False,False,2,3.4422748134255166e-05,0.9999655772518657,0.9999130784232496,1.0,0.0,860,0.02614791779340184,"[""MACCS_22"", ""SRW03"", ""Xch-3d"", ""Xch-3dv"", ""n3ARing"", ""n3Ring""]"
final,2265,6,n3Ring,SRW03,SRW03,algorithmic_medoid,False,False,3,3.4422748134255166e-05,0.9999655772518657,0.9999130784232496,1.0,0.0,860,0.02614791779340184,"[""MACCS_22"", ""SRW03"", ""Xch-3d"", ""Xch-3dv"", ""n3ARing"", ""n3Ring""]"
final,2265,6,MACCS_22,SRW03,SRW03,algorithmic_medoid,False,False,4,4.162071530600109e-05,0.999958379284694,0.9999148087834543,0.9999868496503213,0.0,860,0.02271498107084911,"[""MACCS_22"", ""SRW03"", ""Xch-3d"", ""Xch-3dv"", ""n3ARing"", ""n3Ring""]"
final,2265,6,Xch-3d,SRW03,SRW03,algorithmic_medoid,False,False,5,7.525249762674324e-05,0.9999247475023733,0.9999148087834543,0.999927958185758,0.0,860,0.0013653768236574803,"[""MACCS_22"", ""SRW03"", ""Xch-3d"", ""Xch-3dv"", ""n3ARing"", ""n3Ring""]"
final,2265,6,Xch-3dv,SRW03,SRW03,algorithmic_medoid,False,False,6,8.383437401227045e-05,0.9999161656259877,0.9999130784232496,0.9999250541711384,0.0,860,0.0009921032661224887,"[""MACCS_22"", ""SRW03"", ""Xch-3d"", ""Xch-3dv"", ""n3ARing"", ""n3Ring""]"
final,2266,1,MACCS_23,MACCS_23,MACCS_23,algorithmic_medoid,True,True,1,0.0,1.0,1.0,1.0,0.0,860,0.0260289345592212,"[""MACCS_23""]"
final,2267,2,MACCS_71,MACCS_71,MACCS_71,algorithmic_medoid,True,True,1,0.0314406405296781,0.9685593594703219,0.9685593594703219,0.9685593594703219,0.0,860,0.07477014602487832,"[""MACCS_24"", ""MACCS_71""]"
final,2267,2,MACCS_24,MACCS_71,MACCS_71,algorithmic_medoid,False,False,2,0.0314406405296781,0.9685593594703219,0.9685593594703219,0.9685593594703219,0.0,860,0.07085451595457004,"[""MACCS_24"", ""MACCS_71""]"
final,2268,1,MACCS_25,MACCS_25,MACCS_25,algorithmic_medoid,True,True,1,0.0,1.0,1.0,1.0,0.0,860,0.05578555976203352,"[""MACCS_25""]"
final,2269,1,MACCS_26,MACCS_26,MACCS_26,algorithmic_medoid,True,True,1,0.0,1.0,1.0,1.0,0.0,860,0.07960383991346676,"[""MACCS_26""]"
final,2270,4,NsI,NsI,NsI,algorithmic_medoid,True,True,1,4.776627464786465e-06,0.9999952233725352,0.9999875466350789,1.0,0.0,860,0.09004326663061107,"[""MACCS_27"", ""NsI"", ""SsI"", ""nI""]"
final,2270,4,nI,NsI,NsI,algorithmic_medoid,False,False,2,4.776627464786465e-06,0.9999952233725352,0.9999875466350789,1.0,0.0,860,0.09004326663061107,"[""MACCS_27"", ""NsI"", ""SsI"", ""nI""]"
final,2270,4,SsI,NsI,NsI,algorithmic_medoid,False,False,3,6.027631324179161e-06,0.9999939723686758,0.9999856701409744,0.9999981234825265,0.0,860,0.3343134963355025,"[""MACCS_27"", ""NsI"", ""SsI"", ""nI""]"
final,2270,4,MACCS_27,NsI,NsI,algorithmic_medoid,False,False,4,1.3078862955873127e-05,0.9999869211370441,0.9999856701409744,0.9999875466350789,0.0,860,0.009215792320173069,"[""MACCS_27"", ""NsI"", ""SsI"", ""nI""]"
final,2271,1,MACCS_28,MACCS_28,MACCS_28,algorithmic_medoid,True,True,1,0.0,1.0,1.0,1.0,0.0,860,0.05475932936722553,"[""MACCS_28""]"
final,2272,3,NssssN,NssssN,NssssN,algorithmic_medoid,True,True,1,0.0539959287677354,0.9460040712322646,0.9137254462886284,0.9782826961759007,0.0,860,0.055677393185505665,"[""MACCS_30"", ""NssssN"", ""SssssN""]"
final,2272,3,MACCS_30,NssssN,NssssN,algorithmic_medoid,False,False,2,0.06427061748031437,0.9357293825196856,0.8931760688634706,0.9782826961759007,0.0,860,0.027128177393185505,"[""MACCS_30"", ""NssssN"", ""SssssN""]"
final,2272,3,SssssN,NssssN,NssssN,algorithmic_medoid,False,False,3,0.09654924242395047,0.9034507575760495,0.8931760688634706,0.9137254462886284,0.0,860,0.04478484243218947,"[""MACCS_30"", ""NssssN"", ""SssssN""]"
final,2273,2,MACCS_33,MACCS_33,MACCS_33,algorithmic_medoid,True,True,1,0.07374987512759779,0.9262501248724022,0.9262501248724022,0.9262501248724022,0.0,860,0.03258382909680908,"[""MACCS_32"", ""MACCS_33""]"
final,2273,2,MACCS_32,MACCS_33,MACCS_33,algorithmic_medoid,False,False,2,0.07374987512759779,0.9262501248724022,0.9262501248724022,0.9262501248724022,0.0,860,0.028224716062736608,"[""MACCS_32"", ""MACCS_33""]"
final,2274,3,NdCH2,NdCH2,NdCH2,algorithmic_medoid,True,True,1,6.105616189566732e-05,0.9999389438381043,0.9999070603597474,0.9999708273164611,0.0,860,0.032875878853434286,"[""MACCS_34"", ""NdCH2"", ""SdCH2""]"
final,2274,3,MACCS_34,NdCH2,NdCH2,algorithmic_medoid,False,False,2,7.564114801583699e-05,0.9999243588519842,0.9998778903875073,0.9999708273164611,0.0,860,0.026028934559221204,"[""MACCS_34"", ""NdCH2"", ""SdCH2""]"
final,2274,3,SdCH2,NdCH2,NdCH2,algorithmic_medoid,False,False,3,0.00010752462637264593,0.9998924753736274,0.9998778903875073,0.9999070603597474,0.0,860,0.5511418870460156,"[""MACCS_34"", ""NdCH2"", ""SdCH2""]"
final,2275,1,MACCS_35,MACCS_35,MACCS_35,algorithmic_medoid,True,True,1,0.0,1.0,1.0,1.0,0.0,860,0.0011614386154678205,"[""MACCS_35""]"
final,2276,1,MACCS_37,MACCS_37,MACCS_37,algorithmic_medoid,True,True,1,0.0,1.0,1.0,1.0,0.0,860,0.087197133585722,"[""MACCS_37""]"
final,2277,1,MACCS_38,MACCS_38,MACCS_38,algorithmic_medoid,True,True,1,0.0,1.0,1.0,1.0,0.0,860,0.11753785830178477,"[""MACCS_38""]"
final,2278,2,MACCS_40,MACCS_40,MACCS_40,algorithmic_medoid,True,True,1,0.05521743373335697,0.944782566266643,0.944782566266643,0.944782566266643,0.0,860,0.02160492157923202,"[""MACCS_39"", ""MACCS_40""]"
final,2278,2,MACCS_39,MACCS_40,MACCS_40,algorithmic_medoid,False,False,2,0.05521743373335697,0.944782566266643,0.944782566266643,0.944782566266643,0.0,860,0.01937669010275825,"[""MACCS_39"", ""MACCS_40""]"
final,2279,1,MACCS_43,MACCS_43,MACCS_43,algorithmic_medoid,True,True,1,0.0,1.0,1.0,1.0,0.0,860,0.08247160627366144,"[""MACCS_43""]"
final,2280,1,MACCS_44,MACCS_44,MACCS_44,algorithmic_medoid,True,True,1,0.0,1.0,1.0,1.0,0.0,860,0.008073282855597622,"[""MACCS_44""]"
final,2281,1,MACCS_45,MACCS_45,MACCS_45,algorithmic_medoid,True,True,1,0.0,1.0,1.0,1.0,0.0,860,0.09092888047593294,"[""MACCS_45""]"
final,2282,4,NsBr,NsBr,NsBr,algorithmic_medoid,True,True,1,1.7123496841353614e-05,0.9999828765031586,0.9999733980952072,1.0,0.0,860,0.02746890210924824,"[""MACCS_46"", ""NsBr"", ""SsBr"", ""nBr""]"
final,2282,4,nBr,NsBr,NsBr,algorithmic_medoid,False,False,2,1.7123496841353614e-05,0.9999828765031586,0.9999733980952072,1.0,0.0,860,0.02746890210924824,"[""MACCS_46"", ""NsBr"", ""SsBr"", ""nBr""]"
final,2282,4,MACCS_46,NsBr,NsBr,algorithmic_medoid,False,False,3,3.363566769853943e-05,0.9999663643323015,0.9999486301683673,0.9999752314142687,0.0,860,0.017137641968631684,"[""MACCS_46"", ""NsBr"", ""SsBr"", ""nBr""]"
final,2282,4,SsBr,NsBr,NsBr,algorithmic_medoid,False,False,4,3.485788040613613e-05,0.9999651421195939,0.9999486301683673,0.9999733980952072,0.0,860,0.34552494417845203,"[""MACCS_46"", ""NsBr"", ""SsBr"", ""nBr""]"
final,2283,1,MACCS_47,MACCS_47,MACCS_47,algorithmic_medoid,True,True,1,0.0,1.0,1.0,1.0,0.0,860,0.1098107084910763,"[""MACCS_47""]"
final,2284,1,MACCS_48,MACCS_48,MACCS_48,algorithmic_medoid,True,True,1,0.0,1.0,1.0,1.0,0.0,860,0.04854515954570038,"[""MACCS_48""]"
final,2285,1,MACCS_49,MACCS_49,MACCS_49,algorithmic_medoid,True,True,1,0.0,1.0,1.0,1.0,0.0,860,0.05578555976203352,"[""MACCS_49""]"
final,2286,3,MACCS_76,MACCS_76,MACCS_76,algorithmic_medoid,True,True,1,0.08286028349924601,0.917139716500754,0.9042071099795426,0.9300723230219654,0.0,860,0.19911303407247163,"[""MACCS_50"", ""MACCS_76"", ""MACCS_99""]"
final,2286,3,MACCS_50,MACCS_76,MACCS_76,algorithmic_medoid,False,False,2,0.11447483485319188,0.8855251651468081,0.8409780072716508,0.9300723230219654,0.0,860,0.185743645213629,"[""MACCS_50"", ""MACCS_76"", ""MACCS_99""]"
final,2286,3,MACCS_99,MACCS_76,MACCS_76,algorithmic_medoid,False,False,3,0.1274074413744033,0.8725925586255967,0.8409780072716508,0.9042071099795426,0.0,860,0.21624661979448345,"[""MACCS_50"", ""MACCS_76"", ""MACCS_99""]"
final,2287,8,MACCS_60,MACCS_60,MACCS_60,algorithmic_medoid,True,True,1,0.037799000350298706,0.9622009996497013,0.8801594530369597,0.9789866862939032,0.0,860,0.05578555976203352,"[""MACCS_51"", ""MACCS_55"", ""MACCS_58"", ""MACCS_60"", ""MACCS_61"", ""MACCS_73"", ""NddssS"", ""SddssS""]"
final,2287,8,MACCS_55,MACCS_60,MACCS_60,algorithmic_medoid,False,False,2,0.038409494196062655,0.9615905058039373,0.8536287385017015,1.0,0.0,860,0.05373039480800431,"[""MACCS_51"", ""MACCS_55"", ""MACCS_58"", ""MACCS_60"", ""MACCS_61"", ""MACCS_73"", ""NddssS"", ""SddssS""]"
final,2287,8,MACCS_58,MACCS_60,MACCS_60,algorithmic_medoid,False,False,3,0.038409494196062655,0.9615905058039373,0.8536287385017015,1.0,0.0,860,0.05373039480800431,"[""MACCS_51"", ""MACCS_55"", ""MACCS_58"", ""MACCS_60"", ""MACCS_61"", ""MACCS_73"", ""NddssS"", ""SddssS""]"
final,2287,8,NddssS,MACCS_60,MACCS_60,algorithmic_medoid,False,False,4,0.038882821437034365,0.9611171785629656,0.8508498309337119,0.9998143633435099,0.0,860,0.1562614926987561,"[""MACCS_51"", ""MACCS_55"", ""MACCS_58"", ""MACCS_60"", ""MACCS_61"", ""MACCS_73"", ""NddssS"", ""SddssS""]"
final,2287,8,SddssS,MACCS_60,MACCS_60,algorithmic_medoid,False,False,5,0.03992936411610182,0.9600706358838982,0.8454136315491728,0.9996125772538655,0.0,860,4.366175156551162,"[""MACCS_51"", ""MACCS_55"", ""MACCS_58"", ""MACCS_60"", ""MACCS_61"", ""MACCS_73"", ""NddssS"", ""SddssS""]"
final,2287,8,MACCS_61,MACCS_60,MACCS_60,algorithmic_medoid,False,False,6,0.053505830357454154,0.9464941696425458,0.8971228116278532,0.9700217411337826,0.0,860,0.05884802595997839,"[""MACCS_51"", ""MACCS_55"", ""MACCS_58"", ""MACCS_60"", ""MACCS_61"", ""MACCS_73"", ""NddssS"", ""SddssS""]"
final,2287,8,MACCS_73,MACCS_60,MACCS_60,algorithmic_medoid,False,False,7,0.05661371287010264,0.9433862871298974,0.8753676340393141,0.9700217411337826,0.0,860,0.05884802595997839,"[""MACCS_51"", ""MACCS_55"", ""MACCS_58"", ""MACCS_60"", ""MACCS_61"", ""MACCS_73"", ""NddssS"", ""SddssS""]"
final,2287,8,MACCS_51,MACCS_60,MACCS_60,algorithmic_medoid,False,False,8,0.13483273740136936,0.8651672625986306,0.8454136315491728,0.8971228116278532,0.0,860,0.04854515954570038,"[""MACCS_51"", ""MACCS_55"", ""MACCS_58"", ""MACCS_60"", ""MACCS_61"", ""MACCS_73"", ""NddssS"", ""SddssS""]"
final,2288,1,MACCS_52,MACCS_52,MACCS_52,algorithmic_medoid,True,True,1,0.0,1.0,1.0,1.0,0.0,860,0.08436992969172527,"[""MACCS_52""]"
final,2289,1,MACCS_53,MACCS_53,MACCS_53,algorithmic_medoid,True,True,1,0.0,1.0,1.0,1.0,0.0,860,0.2153866955110871,"[""MACCS_53""]"
final,2290,1,MACCS_54,MACCS_54,MACCS_54,algorithmic_medoid,True,True,1,0.0,1.0,1.0,1.0,0.0,860,0.23180638182801505,"[""MACCS_54""]"
final,2291,1,MACCS_59,MACCS_59,MACCS_59,algorithmic_medoid,True,True,1,0.0,1.0,1.0,1.0,0.0,860,0.08906841535965387,"[""MACCS_59""]"
final,2292,1,MACCS_62,MACCS_62,MACCS_62,algorithmic_medoid,True,True,1,0.0,1.0,1.0,1.0,0.0,860,0.1695024337479719,"[""MACCS_62""]"
final,2293,1,MACCS_64,MACCS_64,MACCS_64,algorithmic_medoid,True,True,1,0.0,1.0,1.0,1.0,0.0,860,0.0862574364521363,"[""MACCS_64""]"
final,2294,2,naHRing,naHRing,naHRing,algorithmic_medoid,True,True,1,0.06791046739844475,0.9320895326015552,0.9320895326015552,0.9320895326015552,0.0,860,0.545336668469443,"[""MACCS_65"", ""naHRing""]"
final,2294,2,MACCS_65,naHRing,naHRing,algorithmic_medoid,False,False,2,0.06791046739844475,0.9320895326015552,0.9320895326015552,0.9320895326015552,0.0,860,0.22387641968631694,"[""MACCS_65"", ""naHRing""]"
final,2295,1,MACCS_66,MACCS_66,MACCS_66,algorithmic_medoid,True,True,1,0.0,1.0,1.0,1.0,0.0,860,0.2081179015684153,"[""MACCS_66""]"
final,2296,1,MACCS_67,MACCS_67,MACCS_67,algorithmic_medoid,True,True,1,0.0,1.0,1.0,1.0,0.0,860,0.0728177393185506,"[""MACCS_67""]"
final,2297,1,MACCS_68,MACCS_68,MACCS_68,algorithmic_medoid,True,True,1,0.0,1.0,1.0,1.0,0.0,860,0.01149269875608437,"[""MACCS_68""]"
final,2298,1,MACCS_69,MACCS_69,MACCS_69,algorithmic_medoid,True,True,1,0.0,1.0,1.0,1.0,0.0,860,0.08719713358572202,"[""MACCS_69""]"
final,2299,1,MACCS_70,MACCS_70,MACCS_70,algorithmic_medoid,True,True,1,0.0,1.0,1.0,1.0,0.0,860,0.05166441319632234,"[""MACCS_70""]"
final,2300,1,MACCS_72,MACCS_72,MACCS_72,algorithmic_medoid,True,True,1,0.0,1.0,1.0,1.0,0.0,860,0.24463358572201188,"[""MACCS_72""]"
final,2301,1,MACCS_74,MACCS_74,MACCS_74,algorithmic_medoid,True,True,1,0.0,1.0,1.0,1.0,0.0,860,0.20667793401838827,"[""MACCS_74""]"
final,2302,1,MACCS_77,MACCS_77,MACCS_77,algorithmic_medoid,True,True,1,0.0,1.0,1.0,1.0,0.0,860,0.2219632233639805,"[""MACCS_77""]"
final,2303,1,MACCS_79,MACCS_79,MACCS_79,algorithmic_medoid,True,True,1,0.0,1.0,1.0,1.0,0.0,860,0.24023120605732823,"[""MACCS_79""]"
final,2304,1,MACCS_80,MACCS_80,MACCS_80,algorithmic_medoid,True,True,1,0.0,1.0,1.0,1.0,0.0,860,0.2402312060573282,"[""MACCS_80""]"
final,2305,3,MACCS_88,MACCS_88,MACCS_88,algorithmic_medoid,True,True,1,0.04243444369107352,0.9575655563089265,0.9264317711265536,0.9886993414912995,0.0,860,0.18980394808004325,"[""MACCS_81"", ""MACCS_88"", ""nS""]"
final,2305,3,nS,MACCS_88,MACCS_88,algorithmic_medoid,False,False,2,0.04693262493552974,0.9530673750644703,0.917435408637641,0.9886993414912995,0.0,860,0.669468631692807,"[""MACCS_81"", ""MACCS_88"", ""nS""]"
final,2305,3,MACCS_81,MACCS_88,MACCS_88,algorithmic_medoid,False,False,3,0.07806641011790272,0.9219335898820973,0.917435408637641,0.9264317711265536,0.0,860,0.17533126014061656,"[""MACCS_81"", ""MACCS_88"", ""nS""]"
final,2306,1,MACCS_82,MACCS_82,MACCS_82,algorithmic_medoid,True,True,1,0.0,1.0,1.0,1.0,0.0,860,0.21581800973499185,"[""MACCS_82""]"
final,2307,2,n5HRing,n5HRing,n5HRing,algorithmic_medoid,True,True,1,0.031291082412415294,0.9687089175875847,0.9687089175875847,0.9687089175875847,0.0,860,0.670897782585181,"[""MACCS_83"", ""n5HRing""]"
final,2307,2,MACCS_83,n5HRing,n5HRing,algorithmic_medoid,False,False,2,0.031291082412415294,0.9687089175875847,0.9687089175875847,0.9687089175875847,0.0,860,0.24337479718766894,"[""MACCS_83"", ""n5HRing""]"
final,2308,1,MACCS_86,MACCS_86,MACCS_86,algorithmic_medoid,True,True,1,0.0,1.0,1.0,1.0,0.0,860,0.23509329367225537,"[""MACCS_86""]"
final,2309,1,MACCS_89,MACCS_89,MACCS_89,algorithmic_medoid,True,True,1,0.0,1.0,1.0,1.0,0.0,860,0.2498904813412656,"[""MACCS_89""]"
final,2310,1,MACCS_90,MACCS_90,MACCS_90,algorithmic_medoid,True,True,1,0.0,1.0,1.0,1.0,0.0,860,0.2498904813412656,"[""MACCS_90""]"
final,2311,1,MACCS_91,MACCS_91,MACCS_91,algorithmic_medoid,True,True,1,0.0,1.0,1.0,1.0,0.0,860,0.2459099513250405,"[""MACCS_91""]"
final,2312,2,VSA_EState9,VSA_EState9,VSA_EState9,algorithmic_medoid,True,True,1,0.1960321192674518,0.8039678807325482,0.8039678807325482,0.8039678807325482,0.0,860,11.230315876963221,"[""MACCS_93"", ""VSA_EState9""]"
final,2312,2,MACCS_93,VSA_EState9,VSA_EState9,algorithmic_medoid,False,False,2,0.1960321192674518,0.8039678807325482,0.8039678807325482,0.8039678807325482,0.0,860,0.24068550567874522,"[""MACCS_93"", ""VSA_EState9""]"
final,2313,1,MACCS_95,MACCS_95,MACCS_95,algorithmic_medoid,True,True,1,0.0,1.0,1.0,1.0,0.0,860,0.24446187128177393,"[""MACCS_95""]"
final,2314,7,SRW05,SRW05,SRW05,algorithmic_medoid,True,True,1,0.06561648546749499,0.934383514532505,0.8976970499776457,0.9787560532876747,0.0,860,1.9383954365407394,"[""MACCS_96"", ""SRW05"", ""SRW07"", ""SRW09"", ""Xch-5d"", ""Xch-5dv"", ""n5Ring""]"
final,2314,7,SRW07,SRW05,SRW05,algorithmic_medoid,False,False,2,0.08049823960002855,0.9195017603999714,0.8559425855706687,0.997600276927023,0.0,860,6.398809105315266,"[""MACCS_96"", ""SRW05"", ""SRW07"", ""SRW09"", ""Xch-5d"", ""Xch-5dv"", ""n5Ring""]"
final,2314,7,SRW09,SRW05,SRW05,algorithmic_medoid,False,False,3,0.08380842489265161,0.9161915751073484,0.8476804819392599,0.997600276927023,0.0,860,12.75770981374241,"[""MACCS_96"", ""SRW05"", ""SRW07"", ""SRW09"", ""Xch-5d"", ""Xch-5dv"", ""n5Ring""]"
final,2314,7,n5Ring,SRW05,SRW05,algorithmic_medoid,False,False,4,0.0852810119113151,0.9147189880886849,0.8577641958934736,0.9586809647313452,0.0,860,0.7026108707409411,"[""MACCS_96"", ""SRW05"", ""SRW07"", ""SRW09"", ""Xch-5d"", ""Xch-5dv"", ""n5Ring""]"
final,2314,7,MACCS_96,SRW05,SRW05,algorithmic_medoid,False,False,5,0.10712417815998221,0.8928758218400178,0.8525485059714281,0.9586809647313452,0.0,860,0.24852758247701462,"[""MACCS_96"", ""SRW05"", ""SRW07"", ""SRW09"", ""Xch-5d"", ""Xch-5dv"", ""n5Ring""]"
final,2314,7,Xch-5d,SRW05,SRW05,algorithmic_medoid,False,False,6,0.11452141244806568,0.8854785875519343,0.8476804819392599,0.9822526357467254,0.0,860,0.036859636461678724,"[""MACCS_96"", ""SRW05"", ""SRW07"", ""SRW09"", ""Xch-5d"", ""Xch-5dv"", ""n5Ring""]"
final,2314,7,Xch-5dv,SRW05,SRW05,algorithmic_medoid,False,False,7,0.11482515352387901,0.885174846476121,0.8525485059714281,0.9822526357467254,0.0,860,0.01777061422413828,"[""MACCS_96"", ""SRW05"", ""SRW07"", ""SRW09"", ""Xch-5d"", ""Xch-5dv"", ""n5Ring""]"
final,2315,1,MACCS_97,MACCS_97,MACCS_97,algorithmic_medoid,True,True,1,0.0,1.0,1.0,1.0,0.0,860,0.24496890210924824,"[""MACCS_97""]"
final,2316,2,n6HRing,n6HRing,n6HRing,algorithmic_medoid,True,True,1,0.08880244795018,0.91119755204982,0.91119755204982,0.91119755204982,0.0,860,0.7687452677122768,"[""MACCS_98"", ""n6HRing""]"
final,2316,2,MACCS_98,n6HRing,n6HRing,algorithmic_medoid,False,False,2,0.08880244795018,0.91119755204982,0.91119755204982,0.91119755204982,0.0,860,0.2413466738777718,"[""MACCS_98"", ""n6HRing""]"
final,2317,2,MAXaasC,MAXaasC,MAXaasC,algorithmic_medoid,True,True,1,0.127455342697137,0.872544657302863,0.872544657302863,0.872544657302863,0.3081395348837209,595,0.16999165689486223,"[""MAXaaCH"", ""MAXaasC""]"
final,2317,2,MAXaaCH,MAXaasC,MAXaasC,algorithmic_medoid,False,False,2,0.127455342697137,0.872544657302863,0.872544657302863,0.872544657302863,0.3267441860465116,579,0.07947778327404036,"[""MAXaaCH"", ""MAXaasC""]"
final,2318,1,MAXaaN,MAXaaN,MAXaaN,algorithmic_medoid,True,True,1,0.0,1.0,1.0,1.0,0.7209302325581395,240,0.04678055355839951,"[""MAXaaN""]"
final,2319,2,MINaaNH,MINaaNH,MINaaNH,algorithmic_medoid,True,True,1,0.04521126002714493,0.9547887399728551,0.9547887399728551,0.9547887399728551,0.9046511627906977,82,0.026169876956136217,"[""MAXaaNH"", ""MINaaNH""]"
final,2319,2,MAXaaNH,MINaaNH,MINaaNH,algorithmic_medoid,False,False,2,0.04521126002714493,0.9547887399728551,0.9547887399728551,0.9547887399728551,0.9046511627906977,82,0.02614951928432641,"[""MAXaaNH"", ""MINaaNH""]"
final,2320,2,MINaaO,MINaaO,MINaaO,algorithmic_medoid,True,True,1,2.3175454411106244e-07,0.9999997682454559,0.9999997682454559,0.9999997682454559,0.9709302325581395,25,0.004581272016906114,"[""MAXaaO"", ""MINaaO""]"
final,2320,2,MAXaaO,MINaaO,MINaaO,algorithmic_medoid,False,False,2,2.3175454411106244e-07,0.9999997682454559,0.9999997682454559,0.9999997682454559,0.9709302325581395,25,0.004447601873800369,"[""MAXaaO"", ""MINaaO""]"
final,2321,2,MAXaaS,MAXaaS,MAXaaS,algorithmic_medoid,True,True,1,0.10726834747471792,0.8927316525252821,0.8927316525252821,0.8927316525252821,0.9267441860465117,63,0.005694553729832681,"[""MAXaaS"", ""MINaaS""]"
final,2321,2,MINaaS,MAXaaS,MAXaaS,algorithmic_medoid,False,False,2,0.10726834747471792,0.8927316525252821,0.8927316525252821,0.8927316525252821,0.9267441860465117,63,0.00516838606575198,"[""MAXaaS"", ""MINaaS""]"
final,2322,2,MINaaaC,MINaaaC,MINaaaC,algorithmic_medoid,True,True,1,0.08551193663334944,0.9144880633666506,0.9144880633666506,0.9144880633666506,0.8162790697674419,158,0.028810793939773337,"[""MAXaaaC"", ""MINaaaC""]"
final,2322,2,MAXaaaC,MINaaaC,MINaaaC,algorithmic_medoid,False,False,2,0.08551193663334944,0.9144880633666506,0.9144880633666506,0.9144880633666506,0.8162790697674419,158,0.025918473333147608,"[""MAXaaaC"", ""MINaaaC""]"
final,2323,2,MINaasN,MINaasN,MINaasN,algorithmic_medoid,True,True,1,0.1710416408192751,0.8289583591807249,0.8289583591807249,0.8289583591807249,0.8093023255813954,164,0.035585110361753026,"[""MAXaasN"", ""MINaasN""]"
final,2323,2,MAXaasN,MINaasN,MINaasN,algorithmic_medoid,False,False,2,0.1710416408192751,0.8289583591807249,0.8289583591807249,0.8289583591807249,0.8093023255813954,164,0.033212636155296134,"[""MAXaasN"", ""MINaasN""]"
final,2324,2,MAXdCH2,MAXdCH2,MAXdCH2,algorithmic_medoid,True,True,1,0.0,1.0,1.0,1.0,0.9732558139534884,23,0.001631043091610071,"[""MAXdCH2"", ""MINdCH2""]"
final,2324,2,MINdCH2,MAXdCH2,MAXdCH2,algorithmic_medoid,False,False,2,0.0,1.0,1.0,1.0,0.9732558139534884,23,0.001595192739647021,"[""MAXdCH2"", ""MINdCH2""]"
final,2325,1,MAXdO,MAXdO,MAXdO,algorithmic_medoid,True,True,1,0.0,1.0,1.0,1.0,0.2593023255813954,637,1.2688437017795624,"[""MAXdO""]"
final,2326,2,MINddssS,MINddssS,MINddssS,algorithmic_medoid,True,True,1,2.3840597473956393e-07,0.9999997615940253,0.9999997615940253,0.9999997615940253,0.9430232558139535,49,0.031718693738772515,"[""MAXddssS"", ""MINddssS""]"
final,2326,2,MAXddssS,MINddssS,MINddssS,algorithmic_medoid,False,False,2,2.3840597473956393e-07,0.9999997615940253,0.9999997615940253,0.9999997615940253,0.9430232558139535,49,0.02833067767662646,"[""MAXddssS"", ""MINddssS""]"
final,2327,1,MAXdsCH,MAXdsCH,MAXdsCH,algorithmic_medoid,True,True,1,0.0,1.0,1.0,1.0,0.7941860465116279,177,0.05892240086425146,"[""MAXdsCH""]"
final,2328,2,MAXdsN,MAXdsN,MAXdsN,algorithmic_medoid,True,True,1,0.18422172028025507,0.8157782797197449,0.8157782797197449,0.8157782797197449,0.8837209302325582,100,0.030220658669951213,"[""MAXdsN"", ""MINdsN""]"
final,2328,2,MINdsN,MAXdsN,MAXdsN,algorithmic_medoid,False,False,2,0.18422172028025507,0.8157782797197449,0.8157782797197449,0.8157782797197449,0.8837209302325582,100,0.02915064019514388,"[""MAXdsN"", ""MINdsN""]"
final,2329,1,MAXdssC,MAXdssC,MAXdssC,algorithmic_medoid,True,True,1,0.0,1.0,1.0,1.0,0.31046511627906975,593,0.32534311100894997,"[""MAXdssC""]"
final,2330,2,MINdsssP,MINdsssP,MINdsssP,algorithmic_medoid,True,True,1,0.0,1.0,1.0,1.0,0.9732558139534884,23,0.013406590191105927,"[""MAXdsssP"", ""MINdsssP""]"
final,2330,2,MAXdsssP,MINdsssP,MINdsssP,algorithmic_medoid,False,False,2,0.0,1.0,1.0,1.0,0.9732558139534884,23,0.012541749116900909,"[""MAXdsssP"", ""MINdsssP""]"
final,2331,1,MAXsCH3,MAXsCH3,MAXsCH3,algorithmic_medoid,True,True,1,0.0,1.0,1.0,1.0,0.28488372093023256,615,0.08859654127271478,"[""MAXsCH3""]"
final,2332,1,MAXsCl,MAXsCl,MAXsCl,algorithmic_medoid,True,True,1,0.0,1.0,1.0,1.0,0.877906976744186,105,0.019863367552282404,"[""MAXsCl""]"
final,2333,1,MAXsF,MAXsF,MAXsF,algorithmic_medoid,True,True,1,0.0,1.0,1.0,1.0,0.8813953488372093,102,0.10018450104734118,"[""MAXsF""]"
final,2334,2,MAXsNH2,MAXsNH2,MAXsNH2,algorithmic_medoid,True,True,1,0.15940651081919155,0.8405934891808085,0.8405934891808085,0.8405934891808085,0.6813953488372093,274,0.06457700347535959,"[""MAXsNH2"", ""MINsNH2""]"
final,2334,2,MINsNH2,MAXsNH2,MAXsNH2,algorithmic_medoid,False,False,2,0.15940651081919155,0.8405934891808085,0.8405934891808085,0.8405934891808085,0.6813953488372093,274,0.04776315587775999,"[""MAXsNH2"", ""MINsNH2""]"
final,2335,1,MAXsOH,MAXsOH,MAXsOH,algorithmic_medoid,True,True,1,0.0,1.0,1.0,1.0,0.3627906976744186,548,0.9826234555527231,"[""MAXsOH""]"
final,2336,2,SssCH2,SssCH2,SssCH2,algorithmic_medoid,True,True,1,0.09721103627070071,0.9027889637292993,0.9027889637292993,0.9027889637292993,0.0,860,18.64437007310985,"[""MAXssCH2"", ""SssCH2""]"
final,2336,2,MAXssCH2,SssCH2,SssCH2,algorithmic_medoid,False,False,2,0.09721103627070071,0.9027889637292993,0.9027889637292993,0.9027889637292993,0.09651162790697675,777,0.30847037468427185,"[""MAXssCH2"", ""SssCH2""]"
final,2337,1,MAXssNH,MAXssNH,MAXssNH,algorithmic_medoid,True,True,1,0.0,1.0,1.0,1.0,0.5593023255813954,379,0.07846476124463661,"[""MAXssNH""]"
final,2338,1,MAXssO,MAXssO,MAXssO,algorithmic_medoid,True,True,1,0.0,1.0,1.0,1.0,0.4558139534883721,468,0.20953932118062824,"[""MAXssO""]"
final,2339,2,MINssS,MINssS,MINssS,algorithmic_medoid,True,True,1,0.041107002313585994,0.958892997686414,0.958892997686414,0.958892997686414,0.8220930232558139,153,0.01980314219548511,"[""MAXssS"", ""MINssS""]"
final,2339,2,MAXssS,MINssS,MINssS,algorithmic_medoid,False,False,2,0.041107002313585994,0.958892997686414,0.958892997686414,0.958892997686414,0.8220930232558139,153,0.012158727514893013,"[""MAXssS"", ""MINssS""]"
final,2340,1,MAXsssCH,MAXsssCH,MAXsssCH,algorithmic_medoid,True,True,1,0.0,1.0,1.0,1.0,0.22790697674418606,664,0.316077806032909,"[""MAXsssCH""]"
final,2341,2,MINsssN,MINsssN,MINsssN,algorithmic_medoid,True,True,1,0.11290010288723307,0.8870998971127669,0.8870998971127669,0.8870998971127669,0.522093023255814,411,0.16556118508520848,"[""MAXsssN"", ""MINsssN""]"
final,2341,2,MAXsssN,MINsssN,MINsssN,algorithmic_medoid,False,False,2,0.11290010288723307,0.8870998971127669,0.8870998971127669,0.8870998971127669,0.522093023255814,411,0.1600678866087243,"[""MAXsssN"", ""MINsssN""]"
final,2342,1,MAXssssC,MAXssssC,MAXssssC,algorithmic_medoid,True,True,1,0.0,1.0,1.0,1.0,0.6069767441860465,338,0.7470152281112423,"[""MAXssssC""]"
final,2343,2,MAXssssN,MAXssssN,MAXssssN,algorithmic_medoid,True,True,1,0.04449442954952487,0.9555055704504751,0.9555055704504751,0.9555055704504751,0.9732558139534884,23,0.0026593164479933934,"[""MAXssssN"", ""MINssssN""]"
final,2343,2,MINssssN,MAXssssN,MAXssssN,algorithmic_medoid,False,False,2,0.04449442954952487,0.9555055704504751,0.9555055704504751,0.9555055704504751,0.9732558139534884,23,0.0026213638397905646,"[""MAXssssN"", ""MINssssN""]"
final,2344,1,MDEC-11,MDEC-11,MDEC-11,algorithmic_medoid,True,True,1,0.0,1.0,1.0,1.0,0.4511627906976744,472,4.861529223290549,"[""MDEC-11""]"
final,2345,1,MDEC-12,MDEC-12,MDEC-12,algorithmic_medoid,True,True,1,0.0,1.0,1.0,1.0,0.28837209302325584,612,14.697075238940272,"[""MDEC-12""]"
final,2346,1,MDEC-13,MDEC-13,MDEC-13,algorithmic_medoid,True,True,1,0.0,1.0,1.0,1.0,0.2872093023255814,613,51.47633555588372,"[""MDEC-13""]"
final,2347,1,MDEC-14,MDEC-14,MDEC-14,algorithmic_medoid,True,True,1,0.0,1.0,1.0,1.0,0.6511627906976745,300,1.3961592187236789,"[""MDEC-14""]"
final,2348,1,MDEC-22,MDEC-22,MDEC-22,algorithmic_medoid,True,True,1,0.0,1.0,1.0,1.0,0.06627906976744186,803,110.6670154417244,"[""MDEC-22""]"
final,2349,1,MDEC-23,MDEC-23,MDEC-23,algorithmic_medoid,True,True,1,0.0,1.0,1.0,1.0,0.05232558139534884,815,138.0846327115201,"[""MDEC-23""]"
final,2350,1,MDEC-24,MDEC-24,MDEC-24,algorithmic_medoid,True,True,1,0.0,1.0,1.0,1.0,0.6093023255813953,336,4.048456325545375,"[""MDEC-24""]"
final,2351,1,MDEC-33,MDEC-33,MDEC-33,algorithmic_medoid,True,True,1,0.0,1.0,1.0,1.0,0.05930232558139535,809,114.31165390844153,"[""MDEC-33""]"
final,2352,1,MDEC-34,MDEC-34,MDEC-34,algorithmic_medoid,True,True,1,0.0,1.0,1.0,1.0,0.6151162790697674,331,5.899036366578358,"[""MDEC-34""]"
final,2353,1,MDEC-44,MDEC-44,MDEC-44,algorithmic_medoid,True,True,1,0.0,1.0,1.0,1.0,0.8558139534883721,124,0.2557055884980262,"[""MDEC-44""]"
final,2354,1,MDEN-11,MDEN-11,MDEN-11,algorithmic_medoid,True,True,1,0.0,1.0,1.0,1.0,0.9093023255813953,78,0.017145771207388676,"[""MDEN-11""]"
final,2355,1,MDEN-12,MDEN-12,MDEN-12,algorithmic_medoid,True,True,1,0.0,1.0,1.0,1.0,0.7662790697674419,201,0.11558753939923465,"[""MDEN-12""]"
final,2356,1,MDEN-13,MDEN-13,MDEN-13,algorithmic_medoid,True,True,1,0.0,1.0,1.0,1.0,0.7988372093023256,173,0.005828138265063744,"[""MDEN-13""]"
final,2357,1,MDEN-22,MDEN-22,MDEN-22,algorithmic_medoid,True,True,1,0.0,1.0,1.0,1.0,0.6127906976744186,333,1.0579504801636475,"[""MDEN-22""]"
final,2358,1,MDEN-23,MDEN-23,MDEN-23,algorithmic_medoid,True,True,1,0.0,1.0,1.0,1.0,0.5837209302325581,358,0.22865335518259733,"[""MDEN-23""]"
final,2359,1,MDEN-33,MDEN-33,MDEN-33,algorithmic_medoid,True,True,1,0.0,1.0,1.0,1.0,0.7697674418604651,198,0.052970334820559954,"[""MDEN-33""]"
final,2360,1,MDEO-11,MDEO-11,MDEO-11,algorithmic_medoid,True,True,1,0.0,1.0,1.0,1.0,0.26976744186046514,628,5.113625105055821,"[""MDEO-11""]"
final,2361,1,MDEO-12,MDEO-12,MDEO-12,algorithmic_medoid,True,True,1,0.0,1.0,1.0,1.0,0.4965116279069767,433,6.072474831974015,"[""MDEO-12""]"
final,2362,1,MDEO-22,MDEO-22,MDEO-22,algorithmic_medoid,True,True,1,0.0,1.0,1.0,1.0,0.6895348837209302,267,0.9638034318478005,"[""MDEO-22""]"
final,2363,4,MIC3,MIC3,MIC3,algorithmic_medoid,True,True,1,0.015521943825204665,0.9844780561747953,0.9729083081009623,0.9932820830599168,0.0,860,86.56887124959047,"[""MIC2"", ""MIC3"", ""MIC4"", ""MIC5""]"
final,2363,4,MIC4,MIC3,MIC3,algorithmic_medoid,False,False,2,0.019579905512041917,0.9804200944879581,0.9496959441307129,0.9982822562732445,0.0,860,88.52852465333694,"[""MIC2"", ""MIC3"", ""MIC4"", ""MIC5""]"
final,2363,4,MIC5,MIC3,MIC3,algorithmic_medoid,False,False,3,0.025180247040824888,0.9748197529591751,0.9389332252407737,0.9982822562732445,0.0,860,89.7236585868426,"[""MIC2"", ""MIC3"", ""MIC4"", ""MIC5""]"
final,2363,4,MIC2,MIC3,MIC3,algorithmic_medoid,False,False,4,0.04615417417585033,0.9538458258241497,0.9389332252407737,0.9729083081009623,0.0,860,78.28629568289179,"[""MIC2"", ""MIC3"", ""MIC4"", ""MIC5""]"
final,2364,3,MID_N,MID_N,MID_N,algorithmic_medoid,True,True,1,0.0750986076860487,0.9249013923139513,0.8609270459750592,0.9888757386528435,0.002325581395348837,858,31.447016467773214,"[""MID_N"", ""SMR_VSA3"", ""nN""]"
final,2364,3,nN,MID_N,MID_N,algorithmic_medoid,False,False,2,0.07968173406899559,0.9203182659310044,0.8517607932091653,0.9888757386528435,0.0,860,7.810010816657653,"[""MID_N"", ""SMR_VSA3"", ""nN""]"
final,2364,3,SMR_VSA3,MID_N,MID_N,algorithmic_medoid,False,False,3,0.1436560804078877,0.8563439195921123,0.8517607932091653,0.8609270459750592,0.0,860,145.6343115773515,"[""MID_N"", ""SMR_VSA3"", ""nN""]"
final,2365,2,MINaasC,MINaasC,MINaasC,algorithmic_medoid,True,True,1,0.16619326988651806,0.8338067301134819,0.8338067301134819,0.8338067301134819,0.3081395348837209,595,0.249562575337004,"[""MINaaCH"", ""MINaasC""]"
final,2365,2,MINaaCH,MINaasC,MINaasC,algorithmic_medoid,False,False,2,0.16619326988651806,0.8338067301134819,0.8338067301134819,0.8338067301134819,0.3267441860465116,579,0.08965642803323286,"[""MINaaCH"", ""MINaasC""]"
final,2366,1,MINaaN,MINaaN,MINaaN,algorithmic_medoid,True,True,1,0.0,1.0,1.0,1.0,0.7209302325581395,240,0.04700537962543458,"[""MINaaN""]"
final,2367,1,MINdO,MINdO,MINdO,algorithmic_medoid,True,True,1,0.0,1.0,1.0,1.0,0.2593023255813954,637,0.7693443276919449,"[""MINdO""]"
final,2368,1,MINdsCH,MINdsCH,MINdsCH,algorithmic_medoid,True,True,1,0.0,1.0,1.0,1.0,0.7941860465116279,177,0.061422898091239374,"[""MINdsCH""]"
final,2369,1,MINdssC,MINdssC,MINdssC,algorithmic_medoid,True,True,1,0.0,1.0,1.0,1.0,0.31046511627906975,593,0.32861526686113635,"[""MINdssC""]"
final,2370,1,MINsCH3,MINsCH3,MINsCH3,algorithmic_medoid,True,True,1,0.0,1.0,1.0,1.0,0.28488372093023256,615,0.08499327128259228,"[""MINsCH3""]"
final,2371,1,MINsCl,MINsCl,MINsCl,algorithmic_medoid,True,True,1,0.0,1.0,1.0,1.0,0.877906976744186,105,0.01542957923001939,"[""MINsCl""]"
final,2372,1,MINsF,MINsF,MINsF,algorithmic_medoid,True,True,1,0.0,1.0,1.0,1.0,0.8813953488372093,102,0.08317657986532764,"[""MINsF""]"
final,2373,1,MINsOH,MINsOH,MINsOH,algorithmic_medoid,True,True,1,0.0,1.0,1.0,1.0,0.3627906976744186,548,0.5350104399197668,"[""MINsOH""]"
final,2374,1,MINssCH2,MINssCH2,MINssCH2,algorithmic_medoid,True,True,1,0.0,1.0,1.0,1.0,0.09651162790697675,777,0.29682327149879717,"[""MINssCH2""]"
final,2375,1,MINssNH,MINssNH,MINssNH,algorithmic_medoid,True,True,1,0.0,1.0,1.0,1.0,0.5593023255813954,379,0.08380789097530489,"[""MINssNH""]"
final,2376,1,MINssO,MINssO,MINssO,algorithmic_medoid,True,True,1,0.0,1.0,1.0,1.0,0.4558139534883721,468,0.1396018967184879,"[""MINssO""]"
final,2377,1,MINsssCH,MINsssCH,MINsssCH,algorithmic_medoid,True,True,1,0.0,1.0,1.0,1.0,0.22790697674418606,664,0.4417993287141631,"[""MINsssCH""]"
final,2378,1,MINssssC,MINssssC,MINssssC,algorithmic_medoid,True,True,1,0.0,1.0,1.0,1.0,0.6069767441860465,338,0.8362856011622543,"[""MINssssC""]"
final,2379,25,MPC4,MPC4,MPC4,algorithmic_medoid,True,True,1,0.03779289616196502,0.962207103838035,0.8882717092157036,0.9934271253738385,0.0,860,2957.99842482423,"[""MPC10"", ""MPC3"", ""MPC4"", ""MPC5"", ""MPC6"", ""MPC7"", ""MPC8"", ""MPC9"", ""MWC04"", ""MWC05"", ""MWC06"", ""SRW06"", ""SRW08"", ""TMPC10"", ""WPol"", ""Xp-2dv"", ""Xp-3dv"", ""Xp-4d"", ""Xp-4dv"", ""Xp-5d"", ""Xp-5dv"", ""Xp-6d"", ""Xp-6dv"", ""Xp-7d"", ""Xp-7dv""]"
final,2379,25,MWC05,MPC4,MPC4,algorithmic_medoid,False,False,2,0.040817506834717854,0.9591824931652821,0.8794525258273044,0.9983578212159647,0.0,860,1.0833071355603838,"[""MPC10"", ""MPC3"", ""MPC4"", ""MPC5"", ""MPC6"", ""MPC7"", ""MPC8"", ""MPC9"", ""MWC04"", ""MWC05"", ""MWC06"", ""SRW06"", ""SRW08"", ""TMPC10"", ""WPol"", ""Xp-2dv"", ""Xp-3dv"", ""Xp-4d"", ""Xp-4dv"", ""Xp-5d"", ""Xp-5dv"", ""Xp-6d"", ""Xp-6dv"", ""Xp-7d"", ""Xp-7dv""]"
final,2379,25,MPC3,MPC4,MPC4,algorithmic_medoid,False,False,3,0.040909721087183715,0.9590902789128163,0.8762782711743372,0.9974673998253056,0.0,860,1554.0326608977828,"[""MPC10"", ""MPC3"", ""MPC4"", ""MPC5"", ""MPC6"", ""MPC7"", ""MPC8"", ""MPC9"", ""MWC04"", ""MWC05"", ""MWC06"", ""SRW06"", ""SRW08"", ""TMPC10"", ""WPol"", ""Xp-2dv"", ""Xp-3dv"", ""Xp-4d"", ""Xp-4dv"", ""Xp-5d"", ""Xp-5dv"", ""Xp-6d"", ""Xp-6dv"", ""Xp-7d"", ""Xp-7dv""]"
final,2379,25,MWC06,MPC4,MPC4,algorithmic_medoid,False,False,4,0.04171780487650134,0.9582821951234987,0.8827855191115449,0.9983578212159647,0.0,860,1.2914651335760985,"[""MPC10"", ""MPC3"", ""MPC4"", ""MPC5"", ""MPC6"", ""MPC7"", ""MPC8"", ""MPC9"", ""MWC04"", ""MWC05"", ""MWC06"", ""SRW06"", ""SRW08"", ""TMPC10"", ""WPol"", ""Xp-2dv"", ""Xp-3dv"", ""Xp-4d"", ""Xp-4dv"", ""Xp-5d"", ""Xp-5dv"", ""Xp-6d"", ""Xp-6dv"", ""Xp-7d"", ""Xp-7dv""]"
final,2379,25,MPC5,MPC4,MPC4,algorithmic_medoid,False,False,5,0.042062213100820256,0.9579377868991797,0.8641689600536357,0.9956317306947612,0.0,860,5556.752378312603,"[""MPC10"", ""MPC3"", ""MPC4"", ""MPC5"", ""MPC6"", ""MPC7"", ""MPC8"", ""MPC9"", ""MWC04"", ""MWC05"", ""MWC06"", ""SRW06"", ""SRW08"", ""TMPC10"", ""WPol"", ""Xp-2dv"", ""Xp-3dv"", ""Xp-4d"", ""Xp-4dv"", ""Xp-5d"", ""Xp-5dv"", ""Xp-6d"", ""Xp-6dv"", ""Xp-7d"", ""Xp-7dv""]"
final,2379,25,Xp-6d,MPC4,MPC4,algorithmic_medoid,False,False,6,0.04269638728655034,0.9573036127134497,0.8816011597118745,0.9913664553793837,0.0,860,12.37762833956202,"[""MPC10"", ""MPC3"", ""MPC4"", ""MPC5"", ""MPC6"", ""MPC7"", ""MPC8"", ""MPC9"", ""MWC04"", ""MWC05"", ""MWC06"", ""SRW06"", ""SRW08"", ""TMPC10"", ""WPol"", ""Xp-2dv"", ""Xp-3dv"", ""Xp-4d"", ""Xp-4dv"", ""Xp-5d"", ""Xp-5dv"", ""Xp-6d"", ""Xp-6dv"", ""Xp-7d"", ""Xp-7dv""]"
final,2379,25,MWC04,MPC4,MPC4,algorithmic_medoid,False,False,7,0.044203016734511436,0.9557969832654886,0.8723202323014153,0.9984098379620892,0.0,860,0.8870150206651267,"[""MPC10"", ""MPC3"", ""MPC4"", ""MPC5"", ""MPC6"", ""MPC7"", ""MPC8"", ""MPC9"", ""MWC04"", ""MWC05"", ""MWC06"", ""SRW06"", ""SRW08"", ""TMPC10"", ""WPol"", ""Xp-2dv"", ""Xp-3dv"", ""Xp-4d"", ""Xp-4dv"", ""Xp-5d"", ""Xp-5dv"", ""Xp-6d"", ""Xp-6dv"", ""Xp-7d"", ""Xp-7dv""]"
final,2379,25,Xp-4d,MPC4,MPC4,algorithmic_medoid,False,False,8,0.04465768518945179,0.9553423148105482,0.8714305523202468,0.9947388162348477,0.0,860,31.760473192284316,"[""MPC10"", ""MPC3"", ""MPC4"", ""MPC5"", ""MPC6"", ""MPC7"", ""MPC8"", ""MPC9"", ""MWC04"", ""MWC05"", ""MWC06"", ""SRW06"", ""SRW08"", ""TMPC10"", ""WPol"", ""Xp-2dv"", ""Xp-3dv"", ""Xp-4d"", ""Xp-4dv"", ""Xp-5d"", ""Xp-5dv"", ""Xp-6d"", ""Xp-6dv"", ""Xp-7d"", ""Xp-7dv""]"
final,2379,25,TMPC10,MPC4,MPC4,algorithmic_medoid,False,False,9,0.04476866482894426,0.9552313351710557,0.8562705947075758,0.9966222979886556,0.0,860,1071541.8104529476,"[""MPC10"", ""MPC3"", ""MPC4"", ""MPC5"", ""MPC6"", ""MPC7"", ""MPC8"", ""MPC9"", ""MWC04"", ""MWC05"", ""MWC06"", ""SRW06"", ""SRW08"", ""TMPC10"", ""WPol"", ""Xp-2dv"", ""Xp-3dv"", ""Xp-4d"", ""Xp-4dv"", ""Xp-5d"", ""Xp-5dv"", ""Xp-6d"", ""Xp-6dv"", ""Xp-7d"", ""Xp-7dv""]"
final,2379,25,Xp-5d,MPC4,MPC4,algorithmic_medoid,False,False,10,0.04519549055797045,0.9548045094420295,0.8769128298794285,0.9905877842985787,0.0,860,21.950205660199085,"[""MPC10"", ""MPC3"", ""MPC4"", ""MPC5"", ""MPC6"", ""MPC7"", ""MPC8"", ""MPC9"", ""MWC04"", ""MWC05"", ""MWC06"", ""SRW06"", ""SRW08"", ""TMPC10"", ""WPol"", ""Xp-2dv"", ""Xp-3dv"", ""Xp-4d"", ""Xp-4dv"", ""Xp-5d"", ""Xp-5dv"", ""Xp-6d"", ""Xp-6dv"", ""Xp-7d"", ""Xp-7dv""]"
final,2379,25,MPC6,MPC4,MPC4,algorithmic_medoid,False,False,11,0.047108135676256935,0.9528918643237431,0.8500427848746571,0.996367876057763,0.0,860,8999.98690508383,"[""MPC10"", ""MPC3"", ""MPC4"", ""MPC5"", ""MPC6"", ""MPC7"", ""MPC8"", ""MPC9"", ""MWC04"", ""MWC05"", ""MWC06"", ""SRW06"", ""SRW08"", ""TMPC10"", ""WPol"", ""Xp-2dv"", ""Xp-3dv"", ""Xp-4d"", ""Xp-4dv"", ""Xp-5d"", ""Xp-5dv"", ""Xp-6d"", ""Xp-6dv"", ""Xp-7d"", ""Xp-7dv""]"
final,2379,25,SRW08,MPC4,MPC4,algorithmic_medoid,False,False,12,0.047387549176399646,0.9526124508236004,0.8810902374623762,0.9966520031351533,0.0,860,1.2454548144727173,"[""MPC10"", ""MPC3"", ""MPC4"", ""MPC5"", ""MPC6"", ""MPC7"", ""MPC8"", ""MPC9"", ""MWC04"", ""MWC05"", ""MWC06"", ""SRW06"", ""SRW08"", ""TMPC10"", ""WPol"", ""Xp-2dv"", ""Xp-3dv"", ""Xp-4d"", ""Xp-4dv"", ""Xp-5d"", ""Xp-5dv"", ""Xp-6d"", ""Xp-6dv"", ""Xp-7d"", ""Xp-7dv""]"
final,2379,25,Xp-7d,MPC4,MPC4,algorithmic_medoid,False,False,13,0.048465911653223004,0.951534088346777,0.8662367963516029,0.9905311396580176,0.0,860,7.782169055319441,"[""MPC10"", ""MPC3"", ""MPC4"", ""MPC5"", ""MPC6"", ""MPC7"", ""MPC8"", ""MPC9"", ""MWC04"", ""MWC05"", ""MWC06"", ""SRW06"", ""SRW08"", ""TMPC10"", ""WPol"", ""Xp-2dv"", ""Xp-3dv"", ""Xp-4d"", ""Xp-4dv"", ""Xp-5d"", ""Xp-5dv"", ""Xp-6d"", ""Xp-6dv"", ""Xp-7d"", ""Xp-7dv""]"
final,2379,25,SRW06,MPC4,MPC4,algorithmic_medoid,False,False,14,0.048770254898299226,0.9512297451017008,0.870926308479883,0.9984098379620892,0.0,860,0.8969329057169099,"[""MPC10"", ""MPC3"", ""MPC4"", ""MPC5"", ""MPC6"", ""MPC7"", ""MPC8"", ""MPC9"", ""MWC04"", ""MWC05"", ""MWC06"", ""SRW06"", ""SRW08"", ""TMPC10"", ""WPol"", ""Xp-2dv"", ""Xp-3dv"", ""Xp-4d"", ""Xp-4dv"", ""Xp-5d"", ""Xp-5dv"", ""Xp-6d"", ""Xp-6dv"", ""Xp-7d"", ""Xp-7dv""]"
final,2379,25,MPC7,MPC4,MPC4,algorithmic_medoid,False,False,15,0.0537215968601098,0.9462784031398902,0.8347053856267109,0.9968540660687705,0.0,860,15264.822762303947,"[""MPC10"", ""MPC3"", ""MPC4"", ""MPC5"", ""MPC6"", ""MPC7"", ""MPC8"", ""MPC9"", ""MWC04"", ""MWC05"", ""MWC06"", ""SRW06"", ""SRW08"", ""TMPC10"", ""WPol"", ""Xp-2dv"", ""Xp-3dv"", ""Xp-4d"", ""Xp-4dv"", ""Xp-5d"", ""Xp-5dv"", ""Xp-6d"", ""Xp-6dv"", ""Xp-7d"", ""Xp-7dv""]"
final,2379,25,WPol,MPC4,MPC4,algorithmic_medoid,False,False,16,0.05753101488612511,0.9424689851138749,0.8475057274328508,0.9897128353111769,0.0,860,1229.0944551108707,"[""MPC10"", ""MPC3"", ""MPC4"", ""MPC5"", ""MPC6"", ""MPC7"", ""MPC8"", ""MPC9"", ""MWC04"", ""MWC05"", ""MWC06"", ""SRW06"", ""SRW08"", ""TMPC10"", ""WPol"", ""Xp-2dv"", ""Xp-3dv"", ""Xp-4d"", ""Xp-4dv"", ""Xp-5d"", ""Xp-5dv"", ""Xp-6d"", ""Xp-6dv"", ""Xp-7d"", ""Xp-7dv""]"
final,2379,25,MPC8,MPC4,MPC4,algorithmic_medoid,False,False,17,0.060091589700707715,0.9399084102992923,0.8255050358424555,0.997537575076156,0.0,860,25367.32925365062,"[""MPC10"", ""MPC3"", ""MPC4"", ""MPC5"", ""MPC6"", ""MPC7"", ""MPC8"", ""MPC9"", ""MWC04"", ""MWC05"", ""MWC06"", ""SRW06"", ""SRW08"", ""TMPC10"", ""WPol"", ""Xp-2dv"", ""Xp-3dv"", ""Xp-4d"", ""Xp-4dv"", ""Xp-5d"", ""Xp-5dv"", ""Xp-6d"", ""Xp-6dv"", ""Xp-7d"", ""Xp-7dv""]"
final,2379,25,MPC10,MPC4,MPC4,algorithmic_medoid,False,False,18,0.06093887014821575,0.9390611298517842,0.8310241125531828,0.9971696661499915,0.0,860,62840.918576257434,"[""MPC10"", ""MPC3"", ""MPC4"", ""MPC5"", ""MPC6"", ""MPC7"", ""MPC8"", ""MPC9"", ""MWC04"", ""MWC05"", ""MWC06"", ""SRW06"", ""SRW08"", ""TMPC10"", ""WPol"", ""Xp-2dv"", ""Xp-3dv"", ""Xp-4d"", ""Xp-4dv"", ""Xp-5d"", ""Xp-5dv"", ""Xp-6d"", ""Xp-6dv"", ""Xp-7d"", ""Xp-7dv""]"
final,2379,25,MPC9,MPC4,MPC4,algorithmic_medoid,False,False,19,0.06368032471743046,0.9363196752825695,0.821841243578998,0.997537575076156,0.0,860,40815.49713899405,"[""MPC10"", ""MPC3"", ""MPC4"", ""MPC5"", ""MPC6"", ""MPC7"", ""MPC8"", ""MPC9"", ""MWC04"", ""MWC05"", ""MWC06"", ""SRW06"", ""SRW08"", ""TMPC10"", ""WPol"", ""Xp-2dv"", ""Xp-3dv"", ""Xp-4d"", ""Xp-4dv"", ""Xp-5d"", ""Xp-5dv"", ""Xp-6d"", ""Xp-6dv"", ""Xp-7d"", ""Xp-7dv""]"
final,2379,25,Xp-5dv,MPC4,MPC4,algorithmic_medoid,False,False,20,0.08498173480496518,0.9150182651950348,0.8827170370561994,0.9922179961758679,0.0,860,4.807285358141797,"[""MPC10"", ""MPC3"", ""MPC4"", ""MPC5"", ""MPC6"", ""MPC7"", ""MPC8"", ""MPC9"", ""MWC04"", ""MWC05"", ""MWC06"", ""SRW06"", ""SRW08"", ""TMPC10"", ""WPol"", ""Xp-2dv"", ""Xp-3dv"", ""Xp-4d"", ""Xp-4dv"", ""Xp-5d"", ""Xp-5dv"", ""Xp-6d"", ""Xp-6dv"", ""Xp-7d"", ""Xp-7dv""]"
final,2379,25,Xp-4dv,MPC4,MPC4,algorithmic_medoid,False,False,21,0.08613251285214751,0.9138674871478525,0.8652789408407114,0.9887172462193816,0.0,860,8.678715980483194,"[""MPC10"", ""MPC3"", ""MPC4"", ""MPC5"", ""MPC6"", ""MPC7"", ""MPC8"", ""MPC9"", ""MWC04"", ""MWC05"", ""MWC06"", ""SRW06"", ""SRW08"", ""TMPC10"", ""WPol"", ""Xp-2dv"", ""Xp-3dv"", ""Xp-4d"", ""Xp-4dv"", ""Xp-5d"", ""Xp-5dv"", ""Xp-6d"", ""Xp-6dv"", ""Xp-7d"", ""Xp-7dv""]"
final,2379,25,Xp-3dv,MPC4,MPC4,algorithmic_medoid,False,False,22,0.08742482885450886,0.9125751711454911,0.8529367176795565,0.9887172462193816,0.0,860,14.920992452704589,"[""MPC10"", ""MPC3"", ""MPC4"", ""MPC5"", ""MPC6"", ""MPC7"", ""MPC8"", ""MPC9"", ""MWC04"", ""MWC05"", ""MWC06"", ""SRW06"", ""SRW08"", ""TMPC10"", ""WPol"", ""Xp-2dv"", ""Xp-3dv"", ""Xp-4d"", ""Xp-4dv"", ""Xp-5d"", ""Xp-5dv"", ""Xp-6d"", ""Xp-6dv"", ""Xp-7d"", ""Xp-7dv""]"
final,2379,25,Xp-6dv,MPC4,MPC4,algorithmic_medoid,False,False,23,0.09602544223953835,0.9039745577604616,0.8678621755252136,0.9922179961758679,0.0,860,2.4008384293896934,"[""MPC10"", ""MPC3"", ""MPC4"", ""MPC5"", ""MPC6"", ""MPC7"", ""MPC8"", ""MPC9"", ""MWC04"", ""MWC05"", ""MWC06"", ""SRW06"", ""SRW08"", ""TMPC10"", ""WPol"", ""Xp-2dv"", ""Xp-3dv"", ""Xp-4d"", ""Xp-4dv"", ""Xp-5d"", ""Xp-5dv"", ""Xp-6d"", ""Xp-6dv"", ""Xp-7d"", ""Xp-7dv""]"
final,2379,25,Xp-7dv,MPC4,MPC4,algorithmic_medoid,False,False,24,0.10374145613929875,0.8962585438607013,0.8475057274328508,0.988871347146409,0.0,860,1.2485899052416662,"[""MPC10"", ""MPC3"", ""MPC4"", ""MPC5"", ""MPC6"", ""MPC7"", ""MPC8"", ""MPC9"", ""MWC04"", ""MWC05"", ""MWC06"", ""SRW06"", ""SRW08"", ""TMPC10"", ""WPol"", ""Xp-2dv"", ""Xp-3dv"", ""Xp-4d"", ""Xp-4dv"", ""Xp-5d"", ""Xp-5dv"", ""Xp-6d"", ""Xp-6dv"", ""Xp-7d"", ""Xp-7dv""]"
final,2379,25,Xp-2dv,MPC4,MPC4,algorithmic_medoid,False,False,25,0.10680585234618256,0.8931941476538174,0.821841243578998,0.9794642221886655,0.0,860,27.399641655049763,"[""MPC10"", ""MPC3"", ""MPC4"", ""MPC5"", ""MPC6"", ""MPC7"", ""MPC8"", ""MPC9"", ""MWC04"", ""MWC05"", ""MWC06"", ""SRW06"", ""SRW08"", ""TMPC10"", ""WPol"", ""Xp-2dv"", ""Xp-3dv"", ""Xp-4d"", ""Xp-4dv"", ""Xp-5d"", ""Xp-5dv"", ""Xp-6d"", ""Xp-6dv"", ""Xp-7d"", ""Xp-7dv""]"
final,2380,7,nAromBond,nAromBond,nAromBond,algorithmic_medoid,True,True,1,0.03102644280165523,0.9689735571983448,0.9261446773644798,1.0,0.0,860,67.04847349918874,"[""NaaCH"", ""SaaCH"", ""n6aRing"", ""nAromAtom"", ""nAromBond"", ""nBondsA"", ""naRing""]"
final,2380,7,nBondsA,nAromBond,nAromBond,algorithmic_medoid,False,False,2,0.03102644280165523,0.9689735571983448,0.9261446773644798,1.0,0.0,860,67.04847349918874,"[""NaaCH"", ""SaaCH"", ""n6aRing"", ""nAromAtom"", ""nAromBond"", ""nBondsA"", ""naRing""]"
final,2380,7,nAromAtom,nAromBond,nAromBond,algorithmic_medoid,False,False,3,0.031089549279192608,0.9689104507208074,0.9280645113343532,0.9997128730815453,0.0,860,63.23349242833965,"[""NaaCH"", ""SaaCH"", ""n6aRing"", ""nAromAtom"", ""nAromBond"", ""nBondsA"", ""naRing""]"
final,2380,7,naRing,nAromBond,nAromBond,algorithmic_medoid,False,False,4,0.049686973080818375,0.9503130269191816,0.8989387098299625,0.9900762241958998,0.0,860,2.099021092482423,"[""NaaCH"", ""SaaCH"", ""n6aRing"", ""nAromAtom"", ""nAromBond"", ""nBondsA"", ""naRing""]"
final,2380,7,NaaCH,nAromBond,nAromBond,algorithmic_medoid,False,False,5,0.06364843188532532,0.9363515681146747,0.9071616304587911,0.9938573410521864,0.0,860,23.039340183883176,"[""NaaCH"", ""SaaCH"", ""n6aRing"", ""nAromAtom"", ""nAromBond"", ""nBondsA"", ""naRing""]"
final,2380,7,n6aRing,nAromBond,nAromBond,algorithmic_medoid,False,False,6,0.06397549268439151,0.9360245073156085,0.8968074473977252,0.9625893520495424,0.0,860,1.6797336398053002,"[""NaaCH"", ""SaaCH"", ""n6aRing"", ""nAromAtom"", ""nAromBond"", ""nBondsA"", ""naRing""]"
final,2380,7,SaaCH,nAromBond,nAromBond,algorithmic_medoid,False,False,7,0.07167377260946894,0.9283262273905311,0.8968074473977252,0.9938573410521864,0.0,860,81.69531244920297,"[""NaaCH"", ""SaaCH"", ""n6aRing"", ""nAromAtom"", ""nAromBond"", ""nBondsA"", ""naRing""]"
final,2381,2,SaaNH,SaaNH,SaaNH,algorithmic_medoid,True,True,1,0.00109200096411588,0.9989079990358841,0.9989079990358841,0.9989079990358841,0.0,860,1.1867949038124936,"[""NaaNH"", ""SaaNH""]"
final,2381,2,NaaNH,SaaNH,SaaNH,algorithmic_medoid,False,False,2,0.00109200096411588,0.9989079990358841,0.9989079990358841,0.9989079990358841,0.0,860,0.14102758247701458,"[""NaaNH"", ""SaaNH""]"
final,2382,2,SaaO,SaaO,SaaO,algorithmic_medoid,True,True,1,0.00012808696600596914,0.999871913033994,0.999871913033994,0.999871913033994,0.0,860,0.9391581717613892,"[""NaaO"", ""SaaO""]"
final,2382,2,NaaO,SaaO,SaaO,algorithmic_medoid,False,False,2,0.00012808696600596914,0.999871913033994,0.999871913033994,0.999871913033994,0.0,860,0.03164413196322337,"[""NaaO"", ""SaaO""]"
final,2383,2,NaaaC,NaaaC,NaaaC,algorithmic_medoid,True,True,1,0.14234273092520922,0.8576572690747908,0.8576572690747908,0.8576572690747908,0.0,860,0.9140765278528934,"[""NaaaC"", ""SaaaC""]"
final,2383,2,SaaaC,NaaaC,NaaaC,algorithmic_medoid,False,False,2,0.14234273092520922,0.8576572690747908,0.8576572690747908,0.8576572690747908,0.0,860,0.5273649697626333,"[""NaaaC"", ""SaaaC""]"
final,2384,1,NaasC,NaasC,NaasC,algorithmic_medoid,True,True,1,0.0,1.0,1.0,1.0,0.0,860,10.017710924824229,"[""NaasC""]"
final,2385,2,SaasN,SaasN,SaasN,algorithmic_medoid,True,True,1,0.004980338979904353,0.9950196610200956,0.9950196610200956,0.9950196610200956,0.0,860,0.7046404473905674,"[""NaasN"", ""SaasN""]"
final,2385,2,NaasN,SaasN,SaasN,algorithmic_medoid,False,False,2,0.004980338979904353,0.9950196610200956,0.9950196610200956,0.9950196610200956,0.0,860,0.2877771768523526,"[""NaasN"", ""SaasN""]"
final,2386,2,SdNH,SdNH,SdNH,algorithmic_medoid,True,True,1,6.776162679855702e-07,0.999999322383732,0.999999322383732,0.999999322383732,0.0,860,0.09487869309664353,"[""NdNH"", ""SdNH""]"
final,2386,2,NdNH,SdNH,SdNH,algorithmic_medoid,False,False,2,6.776162679855702e-07,0.999999322383732,0.999999322383732,0.999999322383732,0.0,860,0.002320173066522443,"[""NdNH"", ""SdNH""]"
final,2387,4,SdO,SdO,SdO,algorithmic_medoid,True,True,1,0.08772560654894068,0.9122743934510593,0.8256839784245814,0.9895140717068284,0.0,860,1031.25915000441,"[""NdO"", ""PEOE_VSA2"", ""SdO"", ""VSA_EState2""]"
final,2387,4,NdO,SdO,SdO,algorithmic_medoid,False,False,2,0.09139722741350231,0.9086027725864977,0.8190395070905533,0.9895140717068284,0.0,860,5.683418063818279,"[""NdO"", ""PEOE_VSA2"", ""SdO"", ""VSA_EState2""]"
final,2387,4,VSA_EState2,SdO,SdO,algorithmic_medoid,False,False,3,0.1093683079258031,0.8906316920741969,0.8330152070387113,0.921625130221768,0.0,860,1027.3888675311814,"[""NdO"", ""PEOE_VSA2"", ""SdO"", ""VSA_EState2""]"
final,2387,4,PEOE_VSA2,SdO,SdO,algorithmic_medoid,False,False,4,0.1740871024820514,0.8259128975179486,0.8190395070905533,0.8330152070387113,0.0,860,125.34830143316213,"[""NdO"", ""PEOE_VSA2"", ""SdO"", ""VSA_EState2""]"
final,2388,2,SdS,SdS,SdS,algorithmic_medoid,True,True,1,6.776162679855702e-07,0.999999322383732,0.999999322383732,0.999999322383732,0.0,860,0.06611890867399228,"[""NdS"", ""SdS""]"
final,2388,2,NdS,SdS,SdS,algorithmic_medoid,False,False,2,6.776162679855702e-07,0.999999322383732,0.999999322383732,0.999999322383732,0.0,860,0.002320173066522444,"[""NdS"", ""SdS""]"
final,2389,2,SdsCH,SdsCH,SdsCH,algorithmic_medoid,True,True,1,0.0010958302915051732,0.9989041697084948,0.9989041697084948,0.9989041697084948,0.0,860,11.041390832724872,"[""NdsCH"", ""SdsCH""]"
final,2389,2,NdsCH,SdsCH,SdsCH,algorithmic_medoid,False,False,2,0.0010958302915051732,0.9989041697084948,0.9989041697084948,0.9989041697084948,0.0,860,3.2584694429421313,"[""NdsCH"", ""SdsCH""]"
final,2390,2,NdssC,NdssC,NdssC,algorithmic_medoid,True,True,1,0.1279003305353339,0.8720996694646661,0.8720996694646661,0.8720996694646661,0.0,860,8.712498647917794,"[""NdssC"", ""nBondsD""]"
final,2390,2,nBondsD,NdssC,NdssC,algorithmic_medoid,False,False,2,0.1279003305353339,0.8720996694646661,0.8720996694646661,0.8720996694646661,0.0,860,8.233979177934017,"[""NdssC"", ""nBondsD""]"
final,2391,2,SdssS,SdssS,SdssS,algorithmic_medoid,True,True,1,1.809082134984763e-06,0.999998190917865,0.999998190917865,0.999998190917865,0.0,860,0.0073501877071086115,"[""NdssS"", ""SdssS""]"
final,2391,2,NdssS,SdssS,SdssS,algorithmic_medoid,False,False,2,1.809082134984763e-06,0.999998190917865,0.999998190917865,0.999998190917865,0.0,860,0.0034762033531638738,"[""NdssS"", ""SdssS""]"
final,2392,3,SsOH,SsOH,SsOH,algorithmic_medoid,True,True,1,0.05674607396595932,0.9432539260340407,0.8933880805362365,0.9931197715318448,0.0,860,637.527814942286,"[""NsOH"", ""SsOH"", ""VSA_EState3""]"
final,2392,3,NsOH,SsOH,SsOH,algorithmic_medoid,False,False,2,0.06218090103589491,0.9378190989641051,0.8825184263963654,0.9931197715318448,0.0,860,5.604049486208761,"[""NsOH"", ""SsOH"", ""VSA_EState3""]"
final,2392,3,VSA_EState3,SsOH,SsOH,algorithmic_medoid,False,False,3,0.11204674653369906,0.8879532534663009,0.8825184263963654,0.8933880805362365,0.0,860,657.564788197869,"[""NsOH"", ""SsOH"", ""VSA_EState3""]"
final,2393,2,SsSH,SsSH,SsSH,algorithmic_medoid,True,True,1,2.7199523464638276e-06,0.9999972800476535,0.9999972800476535,0.9999972800476535,0.0,860,0.12350902967062931,"[""NsSH"", ""SsSH""]"
final,2393,2,NsSH,SsSH,SsSH,algorithmic_medoid,False,False,2,2.7199523464638276e-06,0.9999972800476535,0.9999972800476535,0.9999972800476535,0.0,860,0.009253650621957812,"[""NsSH"", ""SsSH""]"
final,2394,1,NssCH2,NssCH2,NssCH2,algorithmic_medoid,True,True,1,0.0,1.0,1.0,1.0,0.0,860,16.691746890210926,"[""NssCH2""]"
final,2395,2,SssNH,SssNH,SssNH,algorithmic_medoid,True,True,1,0.014316658404913918,0.9856833415950861,0.9856833415950861,0.9856833415950861,0.0,860,19.20097641315724,"[""NssNH"", ""SssNH""]"
final,2395,2,NssNH,SssNH,SssNH,algorithmic_medoid,False,False,2,0.014316658404913918,0.9856833415950861,0.9856833415950861,0.9856833415950861,0.0,860,2.676607625743645,"[""NssNH"", ""SssNH""]"
final,2396,2,SssS,SssS,SssS,algorithmic_medoid,True,True,1,0.0030795451552543263,0.9969204548447457,0.9969204548447457,0.9969204548447457,0.0,860,0.615705557678752,"[""NssS"", ""SssS""]"
final,2396,2,NssS,SssS,SssS,algorithmic_medoid,False,False,2,0.0030795451552543263,0.9969204548447457,0.9969204548447457,0.9969204548447457,0.0,860,0.32573688480259605,"[""NssS"", ""SssS""]"
final,2397,1,NsssCH,NsssCH,NsssCH,algorithmic_medoid,True,True,1,0.0,1.0,1.0,1.0,0.0,860,23.447132233639802,"[""NsssCH""]"
final,2398,2,SsssN,SsssN,SsssN,algorithmic_medoid,True,True,1,0.03129415927400825,0.9687058407259918,0.9687058407259918,0.9687058407259918,0.0,860,2.759691986482801,"[""NsssN"", ""SsssN""]"
final,2398,2,NsssN,SsssN,SsssN,algorithmic_medoid,False,False,2,0.03129415927400825,0.9687058407259918,0.9687058407259918,0.9687058407259918,0.0,860,0.8890359653866956,"[""NsssN"", ""SsssN""]"
final,2399,3,Xc-6d,Xc-6d,Xc-6d,algorithmic_medoid,True,True,1,0.07210292102193727,0.9278970789780627,0.8883829183147968,0.9674112396413286,0.0,860,0.05529051787139574,"[""NssssC"", ""Xc-6d"", ""Xc-6dv""]"
final,2399,3,Xc-6dv,Xc-6d,Xc-6d,algorithmic_medoid,False,False,2,0.07660640255115925,0.9233935974488408,0.8793759552563528,0.9674112396413286,0.0,860,0.009926922062052729,"[""NssssC"", ""Xc-6d"", ""Xc-6dv""]"
final,2399,3,NssssC,Xc-6d,Xc-6d,algorithmic_medoid,False,False,3,0.11612056321442521,0.8838794367855748,0.8793759552563528,0.8883829183147968,0.0,860,1.0567550027041646,"[""NssssC"", ""Xc-6d"", ""Xc-6dv""]"
final,2400,1,PBF,PBF,PBF,algorithmic_medoid,True,True,1,0.0,1.0,1.0,1.0,0.005813953488372093,855,0.16395802538091936,"[""PBF""]"
final,2401,1,PEOE_VSA10,PEOE_VSA10,PEOE_VSA10,algorithmic_medoid,True,True,1,0.0,1.0,1.0,1.0,0.0,860,300.7575812258518,"[""PEOE_VSA10""]"
final,2402,1,PEOE_VSA11,PEOE_VSA11,PEOE_VSA11,algorithmic_medoid,True,True,1,0.0,1.0,1.0,1.0,0.0,860,77.63589713109974,"[""PEOE_VSA11""]"
final,2403,1,PEOE_VSA12,PEOE_VSA12,PEOE_VSA12,algorithmic_medoid,True,True,1,0.0,1.0,1.0,1.0,0.0,860,123.58570040107223,"[""PEOE_VSA12""]"
final,2404,1,PEOE_VSA13,PEOE_VSA13,PEOE_VSA13,algorithmic_medoid,True,True,1,0.0,1.0,1.0,1.0,0.0,860,25.238437990723487,"[""PEOE_VSA13""]"
final,2405,1,PEOE_VSA3,PEOE_VSA3,PEOE_VSA3,algorithmic_medoid,True,True,1,0.0,1.0,1.0,1.0,0.0,860,34.79244483367245,"[""PEOE_VSA3""]"
final,2406,1,PEOE_VSA4,PEOE_VSA4,PEOE_VSA4,algorithmic_medoid,True,True,1,0.0,1.0,1.0,1.0,0.0,860,33.67803117119338,"[""PEOE_VSA4""]"
final,2407,1,PEOE_VSA5,PEOE_VSA5,PEOE_VSA5,algorithmic_medoid,True,True,1,0.0,1.0,1.0,1.0,0.0,860,50.60422240470289,"[""PEOE_VSA5""]"
final,2408,1,PEOE_VSA6,PEOE_VSA6,PEOE_VSA6,algorithmic_medoid,True,True,1,0.0,1.0,1.0,1.0,0.0,860,978.5461289978682,"[""PEOE_VSA6""]"
final,2409,1,PEOE_VSA7,PEOE_VSA7,PEOE_VSA7,algorithmic_medoid,True,True,1,0.0,1.0,1.0,1.0,0.0,860,1057.8617833775634,"[""PEOE_VSA7""]"
final,2410,1,PEOE_VSA8,PEOE_VSA8,PEOE_VSA8,algorithmic_medoid,True,True,1,0.0,1.0,1.0,1.0,0.0,860,335.2663503063097,"[""PEOE_VSA8""]"
final,2411,1,PEOE_VSA9,PEOE_VSA9,PEOE_VSA9,algorithmic_medoid,True,True,1,0.0,1.0,1.0,1.0,0.0,860,295.77446180092,"[""PEOE_VSA9""]"
final,2412,2,WNSA1,WNSA1,WNSA1,algorithmic_medoid,True,True,1,0.07976472881045038,0.9202352711895496,0.9202352711895496,0.9202352711895496,0.005813953488372093,855,23755.09877532646,"[""PNSA1"", ""WNSA1""]"
final,2412,2,PNSA1,WNSA1,WNSA1,algorithmic_medoid,False,False,2,0.07976472881045038,0.9202352711895496,0.9202352711895496,0.9202352711895496,0.005813953488372093,855,10950.138781724438,"[""PNSA1"", ""WNSA1""]"
final,2413,2,TopoShapeIndex,TopoShapeIndex,TopoShapeIndex,algorithmic_medoid,True,True,1,0.0,1.0,1.0,1.0,0.0069767441860465115,854,0.02248494925945539,"[""PetitjeanIndex"", ""TopoShapeIndex""]"
final,2413,2,PetitjeanIndex,TopoShapeIndex,TopoShapeIndex,algorithmic_medoid,False,False,2,0.0,1.0,1.0,1.0,0.0069767441860465115,854,0.00337593966708017,"[""PetitjeanIndex"", ""TopoShapeIndex""]"
final,2414,1,RNCS,RNCS,RNCS,algorithmic_medoid,True,True,1,0.0,1.0,1.0,1.0,0.005813953488372093,855,19898.95844776263,"[""RNCS""]"
final,2415,1,RPCG,RPCG,RPCG,algorithmic_medoid,True,True,1,0.0,1.0,1.0,1.0,0.0011627906976744186,859,0.0038586978464324444,"[""RPCG""]"
final,2416,1,RPCS,RPCS,RPCS,algorithmic_medoid,True,True,1,0.0,1.0,1.0,1.0,0.005813953488372093,855,7370.259553249269,"[""RPCS""]"
final,2417,1,RotRatio,RotRatio,RotRatio,algorithmic_medoid,True,True,1,0.0,1.0,1.0,1.0,0.0069767441860465115,854,0.016587120856612205,"[""RotRatio""]"
final,2418,2,SM1_Dzm,SM1_Dzm,SM1_Dzm,algorithmic_medoid,True,True,1,0.0003313026144750042,0.999668697385525,0.999668697385525,0.999668697385525,0.002325581395348837,858,6.929809868718714,"[""SM1_DzZ"", ""SM1_Dzm""]"
final,2418,2,SM1_DzZ,SM1_Dzm,SM1_Dzm,algorithmic_medoid,False,False,2,0.0003313026144750042,0.999668697385525,0.999668697385525,0.999668697385525,0.002325581395348837,858,3.2672471928808253,"[""SM1_DzZ"", ""SM1_Dzm""]"
final,2419,1,SMR_VSA2,SMR_VSA2,SMR_VSA2,algorithmic_medoid,True,True,1,0.0,1.0,1.0,1.0,0.0,860,1.5780943098427025,"[""SMR_VSA2""]"
final,2420,1,SMR_VSA4,SMR_VSA4,SMR_VSA4,algorithmic_medoid,True,True,1,0.0,1.0,1.0,1.0,0.0,860,122.9999240495752,"[""SMR_VSA4""]"
final,2421,1,SMR_VSA6,SMR_VSA6,SMR_VSA6,algorithmic_medoid,True,True,1,0.0,1.0,1.0,1.0,0.0,860,283.03226953519993,"[""SMR_VSA6""]"
final,2422,2,SMR_VSA9,SMR_VSA9,SMR_VSA9,algorithmic_medoid,True,True,1,0.11182466518972833,0.8881753348102717,0.8881753348102717,0.8881753348102717,0.0,860,95.92926043028822,"[""SMR_VSA9"", ""SlogP_VSA11""]"
final,2422,2,SlogP_VSA11,SMR_VSA9,SMR_VSA9,algorithmic_medoid,False,False,2,0.11182466518972833,0.8881753348102717,0.8881753348102717,0.8881753348102717,0.0,860,66.76395628053523,"[""SMR_VSA9"", ""SlogP_VSA11""]"
final,2423,1,SaasC,SaasC,SaasC,algorithmic_medoid,True,True,1,0.0,1.0,1.0,1.0,0.0,860,6.22208623546507,"[""SaasC""]"
final,2424,2,VSA_EState5,VSA_EState5,VSA_EState5,algorithmic_medoid,True,True,1,0.19525975217772007,0.8047402478222799,0.8047402478222799,0.8047402478222799,0.0,860,15.377782434751396,"[""SdssC"", ""VSA_EState5""]"
final,2424,2,SdssC,VSA_EState5,VSA_EState5,algorithmic_medoid,False,False,2,0.19525975217772007,0.8047402478222799,0.8047402478222799,0.8047402478222799,0.0,860,7.206113245861637,"[""SdssC"", ""VSA_EState5""]"
final,2425,1,SlogP_VSA1,SlogP_VSA1,SlogP_VSA1,algorithmic_medoid,True,True,1,0.0,1.0,1.0,1.0,0.0,860,138.75519051783812,"[""SlogP_VSA1""]"
final,2426,1,SlogP_VSA10,SlogP_VSA10,SlogP_VSA10,algorithmic_medoid,True,True,1,0.0,1.0,1.0,1.0,0.0,860,49.9558189300694,"[""SlogP_VSA10""]"
final,2427,1,SlogP_VSA3,SlogP_VSA3,SlogP_VSA3,algorithmic_medoid,True,True,1,0.0,1.0,1.0,1.0,0.0,860,276.5043521787862,"[""SlogP_VSA3""]"
final,2428,1,SlogP_VSA4,SlogP_VSA4,SlogP_VSA4,algorithmic_medoid,True,True,1,0.0,1.0,1.0,1.0,0.0,860,124.58219457396748,"[""SlogP_VSA4""]"
final,2429,1,SlogP_VSA5,SlogP_VSA5,SlogP_VSA5,algorithmic_medoid,True,True,1,0.0,1.0,1.0,1.0,0.0,860,1307.2419680554576,"[""SlogP_VSA5""]"
final,2430,1,SlogP_VSA8,SlogP_VSA8,SlogP_VSA8,algorithmic_medoid,True,True,1,0.0,1.0,1.0,1.0,0.0,860,53.192424695676145,"[""SlogP_VSA8""]"
final,2431,1,SssssC,SssssC,SssssC,algorithmic_medoid,True,True,1,0.0,1.0,1.0,1.0,0.0,860,8.33786007122645,"[""SssssC""]"
final,2432,9,TpiPC10,TpiPC10,TpiPC10,algorithmic_medoid,True,True,1,0.02351236731703321,0.9764876326829668,0.912283824896821,0.9954806317451924,0.0,860,2.5713942880138476,"[""TpiPC10"", ""piPC10"", ""piPC3"", ""piPC4"", ""piPC5"", ""piPC6"", ""piPC7"", ""piPC8"", ""piPC9""]"
final,2432,9,piPC7,TpiPC10,TpiPC10,algorithmic_medoid,False,False,2,0.02731370279224432,0.9726862972077557,0.9010349504048699,0.9955422156310715,0.0,860,3.0413948811269815,"[""TpiPC10"", ""piPC10"", ""piPC3"", ""piPC4"", ""piPC5"", ""piPC6"", ""piPC7"", ""piPC8"", ""piPC9""]"
final,2432,9,piPC6,TpiPC10,TpiPC10,algorithmic_medoid,False,False,3,0.02914040844647703,0.970859591553523,0.9098990341930311,0.9947660595396743,0.0,860,2.3102496163432313,"[""TpiPC10"", ""piPC10"", ""piPC3"", ""piPC4"", ""piPC5"", ""piPC6"", ""piPC7"", ""piPC8"", ""piPC9""]"
final,2432,9,piPC8,TpiPC10,TpiPC10,algorithmic_medoid,False,False,4,0.030263085129398126,0.9697369148706019,0.8891130449524983,0.9955422156310715,0.0,860,4.031742018925675,"[""TpiPC10"", ""piPC10"", ""piPC3"", ""piPC4"", ""piPC5"", ""piPC6"", ""piPC7"", ""piPC8"", ""piPC9""]"
final,2432,9,piPC5,TpiPC10,TpiPC10,algorithmic_medoid,False,False,5,0.03053545464309626,0.9694645453569037,0.9393032721811237,0.9869123395298147,0.0,860,1.7973404088662852,"[""TpiPC10"", ""piPC10"", ""piPC3"", ""piPC4"", ""piPC5"", ""piPC6"", ""piPC7"", ""piPC8"", ""piPC9""]"
final,2432,9,piPC9,TpiPC10,TpiPC10,algorithmic_medoid,False,False,6,0.03374572307745205,0.966254276922548,0.8857392632986679,0.9954806317451924,0.0,860,4.9722486502830465,"[""TpiPC10"", ""piPC10"", ""piPC3"", ""piPC4"", ""piPC5"", ""piPC6"", ""piPC7"", ""piPC8"", ""piPC9""]"
final,2432,9,piPC4,TpiPC10,TpiPC10,algorithmic_medoid,False,False,7,0.0410044190492056,0.9589955809507944,0.9335873241164384,0.9840258536977972,0.0,860,1.3046127411673962,"[""TpiPC10"", ""piPC10"", ""piPC3"", ""piPC4"", ""piPC5"", ""piPC6"", ""piPC7"", ""piPC8"", ""piPC9""]"
final,2432,9,piPC10,TpiPC10,TpiPC10,algorithmic_medoid,False,False,8,0.042935293203619995,0.95706470679638,0.8913655870027585,0.9907578599800905,0.0,860,6.223952066322525,"[""TpiPC10"", ""piPC10"", ""piPC3"", ""piPC4"", ""piPC5"", ""piPC6"", ""piPC7"", ""piPC8"", ""piPC9""]"
final,2432,9,piPC3,TpiPC10,TpiPC10,algorithmic_medoid,False,False,9,0.08663793809646525,0.9133620619035347,0.8857392632986679,0.9781575182985077,0.0,860,0.86814065385572,"[""TpiPC10"", ""piPC10"", ""piPC3"", ""piPC4"", ""piPC5"", ""piPC6"", ""piPC7"", ""piPC8"", ""piPC9""]"
final,2433,1,VE1_A,VE1_A,VE1_A,algorithmic_medoid,True,True,1,0.0,1.0,1.0,1.0,0.002325581395348837,858,0.8390096622051668,"[""VE1_A""]"
final,2434,1,VSA_EState1,VSA_EState1,VSA_EState1,algorithmic_medoid,True,True,1,0.0,1.0,1.0,1.0,0.0,860,491.50097954029417,"[""VSA_EState1""]"
final,2435,1,VSA_EState4,VSA_EState4,VSA_EState4,algorithmic_medoid,True,True,1,0.0,1.0,1.0,1.0,0.0,860,29.944454410431053,"[""VSA_EState4""]"
final,2436,1,VSA_EState7,VSA_EState7,VSA_EState7,algorithmic_medoid,True,True,1,0.0,1.0,1.0,1.0,0.0,860,47.91433807155674,"[""VSA_EState7""]"
final,2437,1,VSA_EState8,VSA_EState8,VSA_EState8,algorithmic_medoid,True,True,1,0.0,1.0,1.0,1.0,0.0,860,31.002445415537508,"[""VSA_EState8""]"
final,2438,5,Xpc-4dv,Xpc-4dv,Xpc-4dv,algorithmic_medoid,True,True,1,0.037517399011881336,0.9624826009881187,0.9432086481588872,0.9880022301199529,0.0,860,4.521629498375661,"[""Xc-3dv"", ""Xc-5dv"", ""Xpc-4dv"", ""Xpc-5dv"", ""Xpc-6dv""]"
final,2438,5,Xpc-5dv,Xpc-4dv,Xpc-4dv,algorithmic_medoid,False,False,2,0.042289351350492166,0.9577106486495078,0.9124255223837487,0.9924388825540542,0.0,860,10.971669986274351,"[""Xc-3dv"", ""Xc-5dv"", ""Xpc-4dv"", ""Xpc-5dv"", ""Xpc-6dv""]"
final,2438,5,Xpc-6dv,Xpc-4dv,Xpc-4dv,algorithmic_medoid,False,False,3,0.05705470968056192,0.9429452903194381,0.8824693499665014,0.9924388825540542,0.0,860,26.571048092225734,"[""Xc-3dv"", ""Xc-5dv"", ""Xpc-4dv"", ""Xpc-5dv"", ""Xpc-6dv""]"
final,2438,5,Xc-5dv,Xpc-4dv,Xpc-4dv,algorithmic_medoid,False,False,4,0.0791780901196768,0.9208219098803232,0.869754270557412,0.9487020031700214,0.0,860,0.11692977033581262,"[""Xc-3dv"", ""Xc-5dv"", ""Xpc-4dv"", ""Xpc-5dv"", ""Xpc-6dv""]"
final,2438,5,Xc-3dv,Xpc-4dv,Xpc-4dv,algorithmic_medoid,False,False,5,0.09803555223336269,0.9019644477666373,0.869754270557412,0.9432086481588872,0.0,860,1.223324089919241,"[""Xc-3dv"", ""Xc-5dv"", ""Xpc-4dv"", ""Xpc-5dv"", ""Xpc-6dv""]"
final,2439,2,Xch-6d,Xch-6d,Xch-6d,algorithmic_medoid,True,True,1,0.0577465131150694,0.9422534868849306,0.9422534868849306,0.9422534868849306,0.0,860,0.11307814305964876,"[""Xch-6d"", ""Xch-6dv""]"
final,2439,2,Xch-6dv,Xch-6d,Xch-6d,algorithmic_medoid,False,False,2,0.0577465131150694,0.9422534868849306,0.9422534868849306,0.9422534868849306,0.0,860,0.046537280507751896,"[""Xch-6d"", ""Xch-6dv""]"
final,2440,2,Xch-7d,Xch-7d,Xch-7d,algorithmic_medoid,True,True,1,0.0780076567385497,0.9219923432614503,0.9219923432614503,0.9219923432614503,0.0,860,0.3112824758400534,"[""Xch-7d"", ""Xch-7dv""]"
final,2440,2,Xch-7dv,Xch-7d,Xch-7d,algorithmic_medoid,False,False,2,0.0780076567385497,0.9219923432614503,0.9219923432614503,0.9219923432614503,0.0,860,0.11252984127051206,"[""Xch-7d"", ""Xch-7dv""]"
final,2441,2,ZMIC1,ZMIC1,ZMIC1,algorithmic_medoid,True,True,1,0.0605375686656493,0.9394624313343507,0.9394624313343507,0.9394624313343507,0.0,860,855.3631214655853,"[""ZMIC1"", ""ZMIC2""]"
final,2441,2,ZMIC2,ZMIC1,ZMIC1,algorithmic_medoid,False,False,2,0.0605375686656493,0.9394624313343507,0.9394624313343507,0.9394624313343507,0.0,860,345.97277030717083,"[""ZMIC1"", ""ZMIC2""]"
final,2442,3,ZMIC4,ZMIC4,ZMIC4,algorithmic_medoid,True,True,1,0.026864590911267472,0.9731354090887325,0.9603644501323425,0.9859063680451224,0.0,860,110.44785037511637,"[""ZMIC3"", ""ZMIC4"", ""ZMIC5""]"
final,2442,3,ZMIC5,ZMIC4,ZMIC4,algorithmic_medoid,False,False,2,0.04556201672777305,0.954437983272227,0.9229695984993316,0.9859063680451224,0.0,860,86.64521401962998,"[""ZMIC3"", ""ZMIC4"", ""ZMIC5""]"
final,2442,3,ZMIC3,ZMIC4,ZMIC4,algorithmic_medoid,False,False,3,0.05833297568416296,0.941667024315837,0.9229695984993316,0.9603644501323425,0.0,860,169.10928749890215,"[""ZMIC3"", ""ZMIC4"", ""ZMIC5""]"
final,2443,1,fMF,fMF,fMF,algorithmic_medoid,True,True,1,0.0,1.0,1.0,1.0,0.0,860,0.019457746011773035,"[""fMF""]"
final,2444,2,fragCpx,fragCpx,fragCpx,algorithmic_medoid,True,True,1,0.04692167365213684,0.9530783263478632,0.9530783263478632,0.9530783263478632,0.0,860,92953.02938350066,"[""fragCpx"", ""nRing""]"
final,2444,2,nRing,fragCpx,fragCpx,algorithmic_medoid,False,False,2,0.04692167365213684,0.9530783263478632,0.9530783263478632,0.9530783263478632,0.0,860,4.2031855056787455,"[""fragCpx"", ""nRing""]"
final,2445,2,n10FARing,n10FARing,n10FARing,algorithmic_medoid,True,True,1,0.13198576341792567,0.8680142365820743,0.8680142365820743,0.8680142365820743,0.0,860,0.03939832341806381,"[""n10FAHRing"", ""n10FARing""]"
final,2445,2,n10FAHRing,n10FARing,n10FARing,algorithmic_medoid,False,False,2,0.13198576341792567,0.8680142365820743,0.8680142365820743,0.8680142365820743,0.0,860,0.03177934018388318,"[""n10FAHRing"", ""n10FARing""]"
final,2446,2,n10FRing,n10FRing,n10FRing,algorithmic_medoid,True,True,1,0.1589494448874592,0.8410505551125408,0.8410505551125408,0.8410505551125408,0.0,860,0.09882504056246619,"[""n10FHRing"", ""n10FRing""]"
final,2446,2,n10FHRing,n10FRing,n10FRing,algorithmic_medoid,False,False,2,0.1589494448874592,0.8410505551125408,0.8410505551125408,0.8410505551125408,0.0,860,0.06854921579232019,"[""n10FHRing"", ""n10FRing""]"
final,2447,2,n10FaRing,n10FaRing,n10FaRing,algorithmic_medoid,True,True,1,0.1730848027304953,0.8269151972695047,0.8269151972695047,0.8269151972695047,0.0,860,0.061460248783126004,"[""n10FaHRing"", ""n10FaRing""]"
final,2447,2,n10FaHRing,n10FaRing,n10FaRing,algorithmic_medoid,False,False,2,0.1730848027304953,0.8269151972695047,0.8269151972695047,0.8269151972695047,0.0,860,0.03904137371552191,"[""n10FaHRing"", ""n10FaRing""]"
final,2448,4,n11FAHRing,n11FAHRing,n11FAHRing,algorithmic_medoid,True,True,1,0.0,1.0,1.0,1.0,0.0,860,0.0046295294753921044,"[""n11FAHRing"", ""n11FARing"", ""n11FHRing"", ""n11FRing""]"
final,2448,4,n11FARing,n11FAHRing,n11FAHRing,algorithmic_medoid,False,False,2,0.0,1.0,1.0,1.0,0.0,860,0.0046295294753921044,"[""n11FAHRing"", ""n11FARing"", ""n11FHRing"", ""n11FRing""]"
final,2448,4,n11FHRing,n11FAHRing,n11FAHRing,algorithmic_medoid,False,False,3,0.0,1.0,1.0,1.0,0.0,860,0.0046295294753921044,"[""n11FAHRing"", ""n11FARing"", ""n11FHRing"", ""n11FRing""]"
final,2448,4,n11FRing,n11FAHRing,n11FAHRing,algorithmic_medoid,False,False,4,0.0,1.0,1.0,1.0,0.0,860,0.0046295294753921044,"[""n11FAHRing"", ""n11FARing"", ""n11FHRing"", ""n11FRing""]"
final,2449,4,n12AHRing,n12AHRing,n12AHRing,algorithmic_medoid,True,True,1,0.0,1.0,1.0,1.0,0.0,860,0.006928069226608975,"[""n12AHRing"", ""n12ARing"", ""n12HRing"", ""n12Ring""]"
final,2449,4,n12ARing,n12AHRing,n12AHRing,algorithmic_medoid,False,False,2,0.0,1.0,1.0,1.0,0.0,860,0.006928069226608975,"[""n12AHRing"", ""n12ARing"", ""n12HRing"", ""n12Ring""]"
final,2449,4,n12HRing,n12AHRing,n12AHRing,algorithmic_medoid,False,False,3,0.0,1.0,1.0,1.0,0.0,860,0.006928069226608975,"[""n12AHRing"", ""n12ARing"", ""n12HRing"", ""n12Ring""]"
final,2449,4,n12Ring,n12AHRing,n12AHRing,algorithmic_medoid,False,False,4,0.0,1.0,1.0,1.0,0.0,860,0.006928069226608975,"[""n12AHRing"", ""n12ARing"", ""n12HRing"", ""n12Ring""]"
final,2450,4,n12FAHRing,n12FAHRing,n12FAHRing,algorithmic_medoid,True,True,1,0.0,1.0,1.0,1.0,0.0,860,0.002320173066522444,"[""n12FAHRing"", ""n12FARing"", ""n12FHRing"", ""n12FRing""]"
final,2450,4,n12FARing,n12FAHRing,n12FAHRing,algorithmic_medoid,False,False,2,0.0,1.0,1.0,1.0,0.0,860,0.002320173066522444,"[""n12FAHRing"", ""n12FARing"", ""n12FHRing"", ""n12FRing""]"
final,2450,4,n12FHRing,n12FAHRing,n12FAHRing,algorithmic_medoid,False,False,3,0.0,1.0,1.0,1.0,0.0,860,0.002320173066522444,"[""n12FAHRing"", ""n12FARing"", ""n12FHRing"", ""n12FRing""]"
final,2450,4,n12FRing,n12FAHRing,n12FAHRing,algorithmic_medoid,False,False,4,0.0,1.0,1.0,1.0,0.0,860,0.002320173066522444,"[""n12FAHRing"", ""n12FARing"", ""n12FHRing"", ""n12FRing""]"
final,2451,2,n5ARing,n5ARing,n5ARing,algorithmic_medoid,True,True,1,0.10947425793469834,0.8905257420653017,0.8905257420653017,0.8905257420653017,0.0,860,0.3938831800973499,"[""n5AHRing"", ""n5ARing""]"
final,2451,2,n5AHRing,n5ARing,n5ARing,algorithmic_medoid,False,False,2,0.10947425793469834,0.8905257420653017,0.8905257420653017,0.8905257420653017,0.0,860,0.33527717685235264,"[""n5AHRing"", ""n5ARing""]"
final,2452,2,n5aHRing,n5aHRing,n5aHRing,algorithmic_medoid,True,True,1,0.0,1.0,1.0,1.0,0.0,860,0.31046376419686317,"[""n5aHRing"", ""n5aRing""]"
final,2452,2,n5aRing,n5aHRing,n5aHRing,algorithmic_medoid,False,False,2,0.0,1.0,1.0,1.0,0.0,860,0.31046376419686317,"[""n5aHRing"", ""n5aRing""]"
final,2453,1,n6AHRing,n6AHRing,n6AHRing,algorithmic_medoid,True,True,1,0.0,1.0,1.0,1.0,0.0,860,0.7298756084369928,"[""n6AHRing""]"
final,2454,2,nARing,nARing,nARing,algorithmic_medoid,True,True,1,0.18888130360000244,0.8111186963999976,0.8111186963999976,0.8111186963999976,0.0,860,2.748436992969172,"[""n6ARing"", ""nARing""]"
final,2454,2,n6ARing,nARing,nARing,algorithmic_medoid,False,False,2,0.18888130360000244,0.8111186963999976,0.8111186963999976,0.8111186963999976,0.0,860,1.6515143320713896,"[""n6ARing"", ""nARing""]"
final,2455,2,n6FARing,n6FARing,n6FARing,algorithmic_medoid,True,True,1,0.0,1.0,1.0,1.0,0.0,860,0.0011614386154678205,"[""n6FARing"", ""n6FRing""]"
final,2455,2,n6FRing,n6FARing,n6FARing,algorithmic_medoid,False,False,2,0.0,1.0,1.0,1.0,0.0,860,0.0011614386154678205,"[""n6FARing"", ""n6FRing""]"
final,2456,1,n6aHRing,n6aHRing,n6aHRing,algorithmic_medoid,True,True,1,0.0,1.0,1.0,1.0,0.0,860,0.19394808004326664,"[""n6aHRing""]"
final,2457,4,n7ARing,n7ARing,n7ARing,algorithmic_medoid,True,True,1,0.02144893082601007,0.9785510691739899,0.9678266037609848,1.0,0.0,860,0.02514332071389941,"[""n7AHRing"", ""n7ARing"", ""n7HRing"", ""n7Ring""]"
final,2457,4,n7Ring,n7ARing,n7ARing,algorithmic_medoid,False,False,2,0.02144893082601007,0.9785510691739899,0.9678266037609848,1.0,0.0,860,0.02514332071389941,"[""n7AHRing"", ""n7ARing"", ""n7HRing"", ""n7Ring""]"
final,2457,4,n7AHRing,n7ARing,n7ARing,algorithmic_medoid,False,False,3,0.02144893082601007,0.9785510691739899,0.9678266037609848,1.0,0.0,860,0.024027852893455933,"[""n7AHRing"", ""n7ARing"", ""n7HRing"", ""n7Ring""]"
final,2457,4,n7HRing,n7ARing,n7ARing,algorithmic_medoid,False,False,4,0.02144893082601007,0.9785510691739899,0.9678266037609848,1.0,0.0,860,0.024027852893455933,"[""n7AHRing"", ""n7ARing"", ""n7HRing"", ""n7Ring""]"
final,2458,4,n7FARing,n7FARing,n7FARing,algorithmic_medoid,True,True,1,0.013761413423522328,0.9862385865764777,0.9793578798647165,1.0,0.0,860,0.03847485127095728,"[""n7FAHRing"", ""n7FARing"", ""n7FHRing"", ""n7FRing""]"
final,2458,4,n7FRing,n7FARing,n7FARing,algorithmic_medoid,False,False,2,0.013761413423522328,0.9862385865764777,0.9793578798647165,1.0,0.0,860,0.03847485127095728,"[""n7FAHRing"", ""n7FARing"", ""n7FHRing"", ""n7FRing""]"
final,2458,4,n7FAHRing,n7FARing,n7FARing,algorithmic_medoid,False,False,3,0.013761413423522328,0.9862385865764777,0.9793578798647165,1.0,0.0,860,0.037386425094645764,"[""n7FAHRing"", ""n7FARing"", ""n7FHRing"", ""n7FRing""]"
final,2458,4,n7FHRing,n7FARing,n7FARing,algorithmic_medoid,False,False,4,0.013761413423522328,0.9862385865764777,0.9793578798647165,1.0,0.0,860,0.037386425094645764,"[""n7FAHRing"", ""n7FARing"", ""n7FHRing"", ""n7FRing""]"
final,2459,2,n8AHRing,n8AHRing,n8AHRing,algorithmic_medoid,True,True,1,0.0,1.0,1.0,1.0,0.0,860,0.001161438615467821,"[""n8AHRing"", ""n8HRing""]"
final,2459,2,n8HRing,n8AHRing,n8AHRing,algorithmic_medoid,False,False,2,0.0,1.0,1.0,1.0,0.0,860,0.001161438615467821,"[""n8AHRing"", ""n8HRing""]"
final,2460,2,n8ARing,n8ARing,n8ARing,algorithmic_medoid,True,True,1,0.0,1.0,1.0,1.0,0.0,860,0.009215792320173069,"[""n8ARing"", ""n8Ring""]"
final,2460,2,n8Ring,n8ARing,n8ARing,algorithmic_medoid,False,False,2,0.0,1.0,1.0,1.0,0.0,860,0.009215792320173069,"[""n8ARing"", ""n8Ring""]"
final,2461,4,n8FAHRing,n8FAHRing,n8FAHRing,algorithmic_medoid,True,True,1,0.0,1.0,1.0,1.0,0.0,860,0.09045970795024336,"[""n8FAHRing"", ""n8FARing"", ""n8FHRing"", ""n8FRing""]"
final,2461,4,n8FARing,n8FAHRing,n8FAHRing,algorithmic_medoid,False,False,2,0.0,1.0,1.0,1.0,0.0,860,0.09045970795024336,"[""n8FAHRing"", ""n8FARing"", ""n8FHRing"", ""n8FRing""]"
final,2461,4,n8FHRing,n8FAHRing,n8FAHRing,algorithmic_medoid,False,False,3,0.0,1.0,1.0,1.0,0.0,860,0.09045970795024336,"[""n8FAHRing"", ""n8FARing"", ""n8FHRing"", ""n8FRing""]"
final,2461,4,n8FRing,n8FAHRing,n8FAHRing,algorithmic_medoid,False,False,4,0.0,1.0,1.0,1.0,0.0,860,0.09045970795024336,"[""n8FAHRing"", ""n8FARing"", ""n8FHRing"", ""n8FRing""]"
final,2462,2,n9FARing,n9FARing,n9FARing,algorithmic_medoid,True,True,1,0.18186478706004072,0.8181352129399593,0.8181352129399593,0.8181352129399593,0.0,860,0.03474716062736614,"[""n9FAHRing"", ""n9FARing""]"
final,2462,2,n9FAHRing,n9FARing,n9FARing,algorithmic_medoid,False,False,2,0.18186478706004072,0.8181352129399593,0.8181352129399593,0.8181352129399593,0.0,860,0.023822336398053003,"[""n9FAHRing"", ""n9FARing""]"
final,2463,4,n9FaHRing,n9FaHRing,n9FaHRing,algorithmic_medoid,True,True,1,0.09244524070407467,0.9075547592959253,0.8383389065550575,1.0,0.0,860,0.11651027582477015,"[""n9FHRing"", ""n9FRing"", ""n9FaHRing"", ""n9FaRing""]"
final,2463,4,n9FaRing,n9FaHRing,n9FaHRing,algorithmic_medoid,False,False,2,0.09244524070407467,0.9075547592959253,0.8383389065550575,1.0,0.0,860,0.11651027582477015,"[""n9FHRing"", ""n9FRing"", ""n9FaHRing"", ""n9FaRing""]"
final,2463,4,n9FHRing,n9FaHRing,n9FaHRing,algorithmic_medoid,False,False,3,0.09450387783644354,0.9054961221635565,0.8843253713327185,0.9478376238252324,0.0,860,0.13771768523526232,"[""n9FHRing"", ""n9FRing"", ""n9FaHRing"", ""n9FaRing""]"
final,2463,4,n9FRing,n9FaHRing,n9FaHRing,algorithmic_medoid,False,False,4,0.12516152102155098,0.874838478978449,0.8383389065550575,0.9478376238252324,0.0,860,0.14628988642509466,"[""n9FHRing"", ""n9FRing"", ""n9FaHRing"", ""n9FaRing""]"
final,2464,2,nHRing,nHRing,nHRing,algorithmic_medoid,True,True,1,0.17528742308145406,0.8247125769185459,0.8247125769185459,0.8247125769185459,0.0,860,2.1768131422390478,"[""nAHRing"", ""nHRing""]"
final,2464,2,nAHRing,nHRing,nHRing,algorithmic_medoid,False,False,2,0.17528742308145406,0.8247125769185459,0.8247125769185459,0.8247125769185459,0.0,860,1.8143320713899405,"[""nAHRing"", ""nHRing""]"
final,2465,1,nAcid,nAcid,nAcid,algorithmic_medoid,True,True,1,0.0,1.0,1.0,1.0,0.0,860,0.8048823688480261,"[""nAcid""]"
final,2466,1,nBase,nBase,nBase,algorithmic_medoid,True,True,1,0.0,1.0,1.0,1.0,0.0,860,1.6627623039480801,"[""nBase""]"
final,2467,1,nBridgehead,nBridgehead,nBridgehead,algorithmic_medoid,True,True,1,0.0,1.0,1.0,1.0,0.0,860,2.188127366143862,"[""nBridgehead""]"
final,2468,1,nFAHRing,nFAHRing,nFAHRing,algorithmic_medoid,True,True,1,0.0,1.0,1.0,1.0,0.0,860,0.2710045970795024,"[""nFAHRing""]"
final,2469,1,nFARing,nFARing,nFARing,algorithmic_medoid,True,True,1,0.0,1.0,1.0,1.0,0.0,860,0.31690643591130346,"[""nFARing""]"
final,2470,1,nFHRing,nFHRing,nFHRing,algorithmic_medoid,True,True,1,0.0,1.0,1.0,1.0,0.0,860,0.3468293672255274,"[""nFHRing""]"
final,2471,2,nFaRing,nFaRing,nFaRing,algorithmic_medoid,True,True,1,0.07158057921806371,0.9284194207819363,0.9284194207819363,0.9284194207819363,0.0,860,0.1727095727420227,"[""nFaHRing"", ""nFaRing""]"
final,2471,2,nFaHRing,nFaRing,nFaRing,algorithmic_medoid,False,False,2,0.07158057921806371,0.9284194207819363,0.9284194207819363,0.9284194207819363,0.0,860,0.15389399675500268,"[""nFaHRing"", ""nFaRing""]"
final,2472,4,nG12AHRing,nG12AHRing,nG12AHRing,algorithmic_medoid,True,True,1,0.0,1.0,1.0,1.0,0.0,860,0.2906165494862087,"[""nG12AHRing"", ""nG12ARing"", ""nG12HRing"", ""nG12Ring""]"
final,2472,4,nG12ARing,nG12AHRing,nG12AHRing,algorithmic_medoid,False,False,2,0.0,1.0,1.0,1.0,0.0,860,0.2906165494862087,"[""nG12AHRing"", ""nG12ARing"", ""nG12HRing"", ""nG12Ring""]"
final,2472,4,nG12HRing,nG12AHRing,nG12AHRing,algorithmic_medoid,False,False,3,0.0,1.0,1.0,1.0,0.0,860,0.2906165494862087,"[""nG12AHRing"", ""nG12ARing"", ""nG12HRing"", ""nG12Ring""]"
final,2472,4,nG12Ring,nG12AHRing,nG12AHRing,algorithmic_medoid,False,False,4,0.0,1.0,1.0,1.0,0.0,860,0.2906165494862087,"[""nG12AHRing"", ""nG12ARing"", ""nG12HRing"", ""nG12Ring""]"
final,2473,2,nG12FHRing,nG12FHRing,nG12FHRing,algorithmic_medoid,True,True,1,0.03498689613808437,0.9650131038619156,0.9650131038619156,0.9650131038619156,0.0,860,0.14266630611141157,"[""nG12FAHRing"", ""nG12FHRing""]"
final,2473,2,nG12FAHRing,nG12FHRing,nG12FHRing,algorithmic_medoid,False,False,2,0.03498689613808437,0.9650131038619156,0.9650131038619156,0.9650131038619156,0.0,860,0.1312655489453759,"[""nG12FAHRing"", ""nG12FHRing""]"
final,2474,2,nG12FRing,nG12FRing,nG12FRing,algorithmic_medoid,True,True,1,0.02528496673785907,0.9747150332621409,0.9747150332621409,0.9747150332621409,0.0,860,0.21656435911303404,"[""nG12FARing"", ""nG12FRing""]"
final,2474,2,nG12FARing,nG12FRing,nG12FRing,algorithmic_medoid,False,False,2,0.02528496673785907,0.9747150332621409,0.9747150332621409,0.9747150332621409,0.0,860,0.2065224445646295,"[""nG12FARing"", ""nG12FRing""]"
final,2475,2,nG12FaRing,nG12FaRing,nG12FaRing,algorithmic_medoid,True,True,1,0.057744412555200464,0.9422555874447995,0.9422555874447995,0.9422555874447995,0.0,860,0.010355597620335314,"[""nG12FaHRing"", ""nG12FaRing""]"
final,2475,2,nG12FaHRing,nG12FaRing,nG12FaRing,algorithmic_medoid,False,False,2,0.057744412555200464,0.9422555874447995,0.9422555874447995,0.9422555874447995,0.0,860,0.009215792320173069,"[""nG12FaHRing"", ""nG12FaRing""]"
final,2476,1,nRot,nRot,nRot,algorithmic_medoid,True,True,1,0.0,1.0,1.0,1.0,0.0,860,31.00376419686317,"[""nRot""]"
final,2477,1,nSpiro,nSpiro,nSpiro,algorithmic_medoid,True,True,1,0.0,1.0,1.0,1.0,0.0,860,0.02725256895619254,"[""nSpiro""]"
