outer_fold,feature,status,abs_target_r,retained_in_pair,abs_feature_feature_r
0,nAcid,selected,0.23919063757479764,,
0,nBase,selected,0.00756101017437095,,
0,nAromAtom,dropped_redundant,0.14295692992234957,nAromBond,0.9978288070011914
0,nAromBond,dropped_redundant,0.1450388938685798,naRing,0.9945623480885957
0,nAtom,dropped_redundant,0.12290473273244203,Si,0.999612082505883
0,nHeavyAtom,dropped_redundant,0.20920253678765482,mZagreb2,0.9949129181688815
0,nSpiro,selected,0.01659840635248424,,
0,nBridgehead,selected,0.023367278322943004,,
0,nHetero,selected,0.4453980204136904,,
0,nH,dropped_redundant,0.026260842403634844,nBondsS,0.9750103337492657
0,nB,selected,-inf,,
0,nC,dropped_redundant,0.0889700527341596,ATS6v,0.9436965000069634
0,nN,selected,0.3246100681408311,,
0,nO,dropped_redundant,0.4411125173231416,TPSA,0.8182643635122437
0,nS,selected,0.1420324168423566,,
0,nP,selected,-inf,,
0,nF,dropped_redundant,0.10692699367408977,nX,0.8092658022253145
0,nCl,selected,0.06515987360776293,,
0,nBr,dropped_redundant,0.00829771876599694,SsBr,0.9912662174940133
0,nI,dropped_redundant,0.10516707377919658,SsI,0.9983333764964774
0,nX,selected,0.12761653540537374,,
0,ATS0dv,dropped_redundant,0.31693920675746334,nHetero,0.8566412934807283
0,ATS1dv,dropped_redundant,0.28380193933114733,ATS0dv,0.9677484760977703
0,ATS2dv,dropped_redundant,0.27314063592962007,ATS1dv,0.9761624019721888
0,ATS3dv,dropped_redundant,0.23641761642012307,ATS4dv,0.9836584960379625
0,ATS4dv,dropped_redundant,0.25475071569501856,ATS0dv,0.9131446513324479
0,ATS5dv,dropped_redundant,0.23167780898119666,ATS6dv,0.9655338126103477
0,ATS6dv,dropped_redundant,0.24208856274907073,ATS7dv,0.963585691842162
0,ATS7dv,dropped_redundant,0.24545185846719791,ATS8dv,0.958333021411574
0,ATS8dv,selected,0.2747210156713627,,
0,ATS0d,dropped_redundant,0.1750151910818733,Zagreb1,0.9952860229877208
0,ATS1d,dropped_redundant,0.15486785879012618,ATS0d,0.9967260666576426
0,ATS2d,dropped_redundant,0.13169167350938374,Xp-4d,0.972172487958996
0,ATS3d,dropped_redundant,0.09653627362608645,ATS3v,0.9944432179385456
0,ATS4d,dropped_redundant,0.0986150904922893,ATS4v,0.9949257922343578
0,ATS5d,dropped_redundant,0.09248849625324942,ATS5v,0.9941778981118793
0,ATS6d,dropped_redundant,0.10087787830990479,ATS6v,0.9947459301487341
0,ATS7d,dropped_redundant,0.1159439286797442,ATS8d,0.9848457114976701
0,ATS8d,dropped_redundant,0.14277089751864325,ATS8m,0.9575492469184221
0,ATS0Z,selected,0.09226422024826773,,
0,ATS1Z,dropped_redundant,0.20679504261013779,ATS1m,0.9985466513431069
0,ATS2Z,dropped_redundant,0.18179600910920668,ATS2m,0.9967056859238158
0,ATS3Z,dropped_redundant,0.16059878782830864,ATS3m,0.9960624341454392
0,ATS4Z,dropped_redundant,0.1824001115693629,ATS4m,0.9917367082151731
0,ATS5Z,dropped_redundant,0.16339543342088067,ATS5m,0.9951399294437624
0,ATS6Z,dropped_redundant,0.15238918833491633,ATS6m,0.9967912843387626
0,ATS7Z,dropped_redundant,0.1538507058225704,ATS7m,0.9971504057002736
0,ATS8Z,dropped_redundant,0.17355921854342846,ATS8m,0.9979489775559895
0,ATS0m,dropped_redundant,0.05052835855163485,ATS0Z,0.9862590661455564
0,ATS1m,dropped_redundant,0.2105591627634191,GRAVp,0.9877151656529127
0,ATS2m,dropped_redundant,0.18425073150203497,GRAVp,0.9588312832140551
0,ATS3m,dropped_redundant,0.16459298573645037,ATS2m,0.969427165043843
0,ATS4m,dropped_redundant,0.18780017529686113,GGI3,0.8424204144026755
0,ATS5m,dropped_redundant,0.16756235357654434,ATS4m,0.9310989086169217
0,ATS6m,dropped_redundant,0.15673254187454458,ATS5m,0.9681700628664536
0,ATS7m,dropped_redundant,0.16027336966070688,ATS8m,0.9665650033244376
0,ATS8m,dropped_redundant,0.183507596195142,ATS8dv,0.9386432416569996
0,ATS0v,dropped_redundant,0.15467303067251664,SMR,0.9955010150884538
0,ATS1v,dropped_redundant,0.13889017479423116,ATS0v,0.9961889932617544
0,ATS2v,dropped_redundant,0.12445396087237932,ATS2d,0.9920889942389115
0,ATS3v,dropped_redundant,0.10306810785934589,ATS4v,0.9935838763406759
0,ATS4v,dropped_redundant,0.10711327602347188,ATS2d,0.9851326007313059
0,ATS5v,dropped_redundant,0.09976823232457521,ATS4v,0.989809459237414
0,ATS6v,dropped_redundant,0.1019513029793972,GGI7,0.8940787838941939
0,ATS7v,dropped_redundant,0.11503367845130563,ATS7d,0.9954966521773195
0,ATS8v,dropped_redundant,0.13622906628158912,ATS8d,0.9961217182624786
0,ATS0se,dropped_redundant,0.1590326314695589,ATS0are,0.9984838577286096
0,ATS1se,dropped_redundant,0.1481099008195212,ATS1are,0.9996761618811674
0,ATS2se,dropped_redundant,0.11028431161137217,ATS2are,0.9993478288073983
0,ATS3se,dropped_redundant,0.08263303689805042,ATS3are,0.9995014821249375
0,ATS4se,dropped_redundant,0.08784001943256554,ATS4are,0.9994394886606418
0,ATS5se,dropped_redundant,0.07685610940213072,ATS5are,0.9994733392468161
0,ATS6se,dropped_redundant,0.07783960982231287,ATS6are,0.9995355236542525
0,ATS7se,dropped_redundant,0.09018047166027623,ATS7are,0.9995686729074916
0,ATS8se,dropped_redundant,0.11228391764394295,ATS8are,0.9996492158647355
0,ATS0pe,dropped_redundant,0.17021498355922265,ATS0are,0.9998220810355112
0,ATS1pe,dropped_redundant,0.1535561716824388,ATS1are,0.999958025453152
0,ATS2pe,dropped_redundant,0.117091970063578,ATS2are,0.999933417366863
0,ATS3pe,dropped_redundant,0.09172846379787265,ATS3are,0.9999517969797126
0,ATS4pe,dropped_redundant,0.09652263418625871,ATS4are,0.9999542062494712
0,ATS5pe,dropped_redundant,0.08529302461404457,ATS5are,0.9999616647795808
0,ATS6pe,dropped_redundant,0.08534500355404114,ATS6are,0.9999596337362268
0,ATS7pe,dropped_redundant,0.09589615820041658,ATS7are,0.9999539055034528
0,ATS8pe,dropped_redundant,0.11748262176979823,ATS8are,0.9999735707759846
0,ATS0are,dropped_redundant,0.1738433597944023,TIC0,0.9791610588431577
0,ATS1are,dropped_redundant,0.15650081068476168,ATS0are,0.9950759456974259
0,ATS2are,dropped_redundant,0.11883914229701868,ATS0are,0.9887786282499587
0,ATS3are,dropped_redundant,0.09390497644386114,ATS4are,0.9873918980522816
0,ATS4are,dropped_redundant,0.09875007661326504,ATSC0d,0.9575787718525385
0,ATS5are,dropped_redundant,0.08722328936440005,ATS4are,0.9859940415797993
0,ATS6are,dropped_redundant,0.0870891273193814,ATS6v,0.9718869829674717
0,ATS7are,dropped_redundant,0.09749092039713972,ATS6v,0.9797519483301321
0,ATS8are,dropped_redundant,0.11888785738504966,ATS8d,0.984045408562866
0,ATS0p,dropped_redundant,0.11754989342819418,Xp-1dv,0.9868713993608591
0,ATS1p,dropped_redundant,0.11317914901993256,ATS1v,0.9963320271427253
0,ATS2p,dropped_redundant,0.09577705725946478,ATS2v,0.9948236219779238
0,ATS3p,dropped_redundant,0.06753712341348937,ATS3v,0.993713839882701
0,ATS4p,dropped_redundant,0.06978625135866329,ATS4v,0.9928243377065606
0,ATS5p,dropped_redundant,0.065360044211796,ATS5v,0.9937120716305815
0,ATS6p,dropped_redundant,0.07058249903399037,ATS6v,0.9944723808891204
0,ATS7p,dropped_redundant,0.08454023326368772,ATS7d,0.9909596789625151
0,ATS8p,dropped_redundant,0.10720297649700807,ATS8d,0.992473619464866
0,ATS0i,dropped_redundant,0.12669300496138106,ATS0are,0.9910619430639451
0,ATS1i,dropped_redundant,0.13762294820492615,ATS1are,0.9981550913321422
0,ATS2i,dropped_redundant,0.09170573307074191,ATS2are,0.9953290981755886
0,ATS3i,dropped_redundant,0.05953953814033945,ATS3are,0.9947373352657555
0,ATS4i,dropped_redundant,0.06615628373231511,ATS4are,0.9941958516515729
0,ATS5i,dropped_redundant,0.053778785601018585,ATS5are,0.9947682664232678
0,ATS6i,dropped_redundant,0.05753303283401374,ATS6are,0.9954597391920824
0,ATS7i,dropped_redundant,0.07405116164168055,ATS7are,0.996617304043161
0,ATS8i,dropped_redundant,0.0978254853816134,ATS8are,0.9966651457809502
0,AATS0dv,dropped_redundant,0.21892517178286047,AATS1dv,0.9337170508863623
0,AATS1dv,selected,0.25067772904982655,,
0,AATS0d,selected,0.19393111835772847,,
0,AATS1d,dropped_redundant,0.1566528444042551,AATS0d,0.9790179765882089
0,AATS0Z,dropped_redundant,0.014437526997810805,AATS0m,0.9938349488120425
0,AATS1Z,dropped_redundant,0.09962384265437528,Mv,0.8700390059842339
0,AATS0m,dropped_redundant,0.02548000809551772,AATSC0m,0.9099759574516618
0,AATS1m,dropped_redundant,0.09199888666656542,AATS1Z,0.998939787223228
0,AATS0v,dropped_redundant,0.08337904333743652,Mv,0.9884624569072062
0,AATS1v,dropped_redundant,0.08191305252232775,Mv,0.9580527214735463
0,AATS0se,dropped_redundant,0.1456378133814264,Mse,0.9987638816764782
0,AATS1se,dropped_redundant,0.22774009221724056,AATS1are,0.9700236941066195
0,AATS0pe,dropped_redundant,0.14374340968300686,Mpe,0.9971238006969767
0,AATS1pe,dropped_redundant,0.2201969739703617,AATS1se,0.9904581441381948
0,AATS0are,dropped_redundant,0.15660734074105542,Mare,0.9965388864788345
0,AATS1are,dropped_redundant,0.23627080732960717,AATS1dv,0.8457448882610019
0,AATS0p,dropped_redundant,0.011864058807334201,Mp,0.9707463232303796
0,AATS1p,selected,0.02738745715721019,,
0,AATS0i,dropped_redundant,0.00437455162256685,AATS1i,0.8152375715909125
0,AATS1i,selected,0.15490149815552168,,
0,ATSC0c,dropped_redundant,0.4651277099783716,DPSA4,0.9132797646471263
0,ATSC1c,selected,0.48956991600824745,,
0,ATSC2c,selected,0.23624800119807288,,
0,ATSC3c,selected,0.1079371772402034,,
0,ATSC4c,selected,0.04679094333813072,,
0,ATSC5c,selected,0.023734416297737412,,
0,ATSC6c,selected,0.017463545990093556,,
0,ATSC7c,selected,0.022323115434775918,,
0,ATSC8c,selected,0.01145076624749123,,
0,ATSC0dv,dropped_redundant,0.27297036801377067,ATS0dv,0.9508775534467807
0,ATSC1dv,selected,0.17795092129816392,,
0,ATSC2dv,selected,0.18598869081041966,,
0,ATSC3dv,selected,0.13689851179568313,,
0,ATSC4dv,selected,0.0816116251395152,,
0,ATSC5dv,dropped_redundant,0.1612756256568131,ATSC5pe,0.8007001492390583
0,ATSC6dv,dropped_redundant,0.06264808265679173,ATSC6pe,0.8219201409728701
0,ATSC7dv,selected,0.03821976328793944,,
0,ATSC8dv,selected,0.04943944992064444,,
0,ATSC0d,dropped_redundant,0.1816069785772178,Xpc-4d,0.9380304261024939
0,ATSC1d,dropped_redundant,0.11471462587237204,GGI3,0.8448556768761232
0,ATSC2d,selected,0.022882425033283492,,
0,ATSC3d,selected,0.11822382102171841,,
0,ATSC4d,selected,0.04264331933217168,,
0,ATSC5d,selected,0.03732127637412447,,
0,ATSC6d,selected,0.021523055262720532,,
0,ATSC7d,selected,0.04067256880597015,,
0,ATSC8d,selected,0.0004932421737434746,,
0,ATSC0Z,dropped_redundant,0.014977463122537817,ATSC0m,0.9962955249511688
0,ATSC1Z,dropped_redundant,0.11935808061599885,ATSC1m,0.9991357088924763
0,ATSC2Z,dropped_redundant,0.0465672946800867,ATSC2m,0.9978275901772051
0,ATSC3Z,selected,0.09450192081668454,,
0,ATSC4Z,selected,0.045948249101797525,,
0,ATSC5Z,selected,0.1587913865503244,,
0,ATSC6Z,dropped_redundant,0.09114285928570602,ATSC6m,0.9972629008041971
0,ATSC7Z,dropped_redundant,0.060861243367051204,ATSC7m,0.9976492568507702
0,ATSC8Z,dropped_redundant,0.10693800949030652,ATSC8m,0.9967828049915585
0,ATSC0m,dropped_redundant,0.03284942742742587,ATS0Z,0.906032384263217
0,ATSC1m,selected,0.12013321866044295,,
0,ATSC2m,selected,0.04667922327544468,,
0,ATSC3m,dropped_redundant,0.09080159711330814,ATSC3Z,0.9975002159085482
0,ATSC4m,dropped_redundant,0.04136289669965247,ATSC4Z,0.9972580653116422
0,ATSC5m,dropped_redundant,0.15740241547613218,ATSC5Z,0.9982837527750447
0,ATSC6m,selected,0.09125174557973724,,
0,ATSC7m,selected,0.06612733964668892,,
0,ATSC8m,selected,0.11737114191615343,,
0,ATSC0v,dropped_redundant,0.0681561733793607,bpol,0.9656638343606608
0,ATSC1v,selected,0.06428159802340679,,
0,ATSC2v,dropped_redundant,0.031137975167369752,ATSC2p,0.9033309677514546
0,ATSC3v,dropped_redundant,0.1205392627405316,ATSC3p,0.8890762842982494
0,ATSC4v,dropped_redundant,0.02124523915452508,ATSC4p,0.9237713003342161
0,ATSC5v,selected,0.033475422883141905,,
0,ATSC6v,selected,0.05186857982957262,,
0,ATSC7v,selected,0.05287707100743665,,
0,ATSC8v,selected,0.0519352602841744,,
0,ATSC0se,dropped_redundant,0.29717473776749304,EState_VSA10,0.8321146520001843
0,ATSC1se,dropped_redundant,0.07493382727673119,ATSC1are,0.8939150946553717
0,ATSC2se,dropped_redundant,0.13655836530293952,ATSC2pe,0.9871715162558036
0,ATSC3se,selected,0.11340699439159442,,
0,ATSC4se,selected,0.028716125886138796,,
0,ATSC5se,dropped_redundant,0.16996796373517795,ATSC5pe,0.9652358387628066
0,ATSC6se,dropped_redundant,0.0813955292873405,ATSC6pe,0.9665477574957708
0,ATSC7se,dropped_redundant,0.034750973992097985,ATSC7are,0.9779873924774702
0,ATSC8se,dropped_redundant,0.013481593621858792,ATSC8pe,0.9581522548114668
0,ATSC0pe,dropped_redundant,0.2600614572690378,ATSC0are,0.9953255131122432
0,ATSC1pe,dropped_redundant,0.09716740761279553,ATSC1are,0.9813921830131623
0,ATSC2pe,selected,0.15537788208161438,,
0,ATSC3pe,dropped_redundant,0.09774676042253087,ATSC3se,0.9230285258791151
0,ATSC4pe,dropped_redundant,0.013162173984348916,ATSC4are,0.9911141084795931
0,ATSC5pe,selected,0.17176978676932939,,
0,ATSC6pe,selected,0.09253747687584321,,
0,ATSC7pe,dropped_redundant,0.022873117705967852,ATSC7are,0.9894402207784
0,ATSC8pe,dropped_redundant,0.013528210485747646,ATSC8dv,0.8195857375384522
0,ATSC0are,dropped_redundant,0.26380793527969587,ATSC0se,0.9837449237551024
0,ATSC1are,selected,0.1194313241169618,,
0,ATSC2are,dropped_redundant,0.14270862361431289,ATSC2pe,0.9959724967343747
0,ATSC3are,dropped_redundant,0.09663106678136386,ATSC3pe,0.9795411772499816
0,ATSC4are,dropped_redundant,0.02207081020411975,ATSC4se,0.9781991975550716
0,ATSC5are,dropped_redundant,0.16246356106209625,ATSC5pe,0.9892893690978064
0,ATSC6are,dropped_redundant,0.08296480030690077,ATSC6pe,0.9889833689775533
0,ATSC7are,selected,0.03662615014065228,,
0,ATSC8are,dropped_redundant,0.004976042127028838,ATSC8pe,0.9907733663957792
0,ATSC0p,dropped_redundant,0.0439854120194527,ATS0Z,0.81208121372483
0,ATSC1p,dropped_redundant,0.04121161813052139,ATSC1v,0.824932473468469
0,ATSC2p,selected,0.1017387564495967,,
0,ATSC3p,selected,0.15175678557092906,,
0,ATSC4p,selected,0.03225332094198842,,
0,ATSC5p,dropped_redundant,0.017041255758914357,ATSC5v,0.864130198699049
0,ATSC6p,dropped_redundant,0.01824027813596989,ATSC6v,0.8993239508115123
0,ATSC7p,dropped_redundant,0.03830134498286428,ATSC7v,0.8718472529533197
0,ATSC8p,dropped_redundant,0.0385374977730803,ATSC8v,0.8869448572928058
0,ATSC0i,dropped_redundant,0.07483032450601652,ATS0dv,0.8735236672040158
0,ATSC1i,selected,0.07022064229665392,,
0,ATSC2i,selected,0.06907319684584447,,
0,ATSC3i,selected,0.09730777182403418,,
0,ATSC4i,dropped_redundant,0.009544218788840896,ATSC4p,0.8155636211489555
0,ATSC5i,selected,0.05391370339412047,,
0,ATSC6i,selected,0.03422692929174957,,
0,ATSC7i,selected,0.017040355124200053,,
0,ATSC8i,selected,0.017922007451029755,,
0,AATSC0c,selected,0.4015270750906554,,
0,AATSC1c,dropped_redundant,0.37128314345713426,AATSC0c,0.8456976082299614
0,AATSC0dv,selected,0.2630746561982194,,
0,AATSC1dv,selected,0.1423581127646497,,
0,AATSC0d,selected,0.14360439195319408,,
0,AATSC1d,selected,0.09599484909956446,,
0,AATSC0Z,dropped_redundant,0.04317876115057252,AATSC0m,0.9966170223361733
0,AATSC1Z,dropped_redundant,0.09512409518105197,AATSC1m,0.9970984595497643
0,AATSC0m,dropped_redundant,0.04879602783548279,AATSC0p,0.9071169794814475
0,AATSC1m,selected,0.0984426456148454,,
0,AATSC0v,selected,0.1500845044567931,,
0,AATSC1v,selected,0.08697751818057406,,
0,AATSC0se,dropped_redundant,0.1597601054544434,FNSA4,0.8298320332991497
0,AATSC1se,dropped_redundant,0.023124653245273276,AATSC1are,0.9403050399759733
0,AATSC0pe,dropped_redundant,0.13480491662898592,AATSC0se,0.9884326957252875
0,AATSC1pe,dropped_redundant,0.05616591947558258,AATSC1are,0.9881611744953589
0,AATSC0are,dropped_redundant,0.13600827127402243,AATSC0se,0.9603211822519184
0,AATSC1are,dropped_redundant,0.06609229121540042,ATSC1are,0.8246296435755617
0,AATSC0p,selected,0.05616766951659432,,
0,AATSC1p,selected,0.10393232695574701,,
0,AATSC0i,dropped_redundant,0.04067858228339886,nF,0.8415158507093746
0,AATSC1i,selected,0.00827179902944642,,
0,BalabanJ,selected,0.11047701345744948,,
0,BertzCT,dropped_redundant,0.25927720969355383,nBondsKD,0.8999875087270495
0,nBonds,dropped_redundant,0.12256015310086134,ATS1i,0.9987892536145628
0,nBondsO,dropped_redundant,0.19486436662884815,nHeavyAtom,0.9962165089526781
0,nBondsS,dropped_redundant,0.051793073840992285,bpol,0.95663832023804
0,nBondsD,dropped_redundant,0.39725414211608456,NdO,0.8330256751000404
0,nBondsT,dropped_redundant,0.010592996961088529,C1SP1,0.8931282713467086
0,nBondsA,dropped_redundant,0.1450388938685798,nAromBond,1.0
0,nBondsM,dropped_redundant,0.22012812495096845,nBondsKD,0.9630822766537557
0,nBondsKS,dropped_redundant,0.08700797873225566,ATS2i,0.997456655522008
0,nBondsKD,selected,0.25942240117343185,,
0,PNSA1,selected,0.23643726241746435,,
0,PNSA2,dropped_redundant,0.38206761985722476,FNSA2,0.9139916245234965
0,PNSA3,dropped_redundant,0.49479494680250025,DPSA3,0.941900463362937
0,PNSA4,dropped_redundant,0.3846637469407648,FNSA2,0.8974474660574606
0,PPSA1,dropped_redundant,0.10314790676760474,WPSA1,0.9591562647514871
0,PPSA2,dropped_redundant,0.2966277918968935,WPSA4,0.9830187813863653
0,PPSA3,dropped_redundant,0.3682967918309553,PPSA4,0.9317754426365477
0,PPSA4,selected,0.409298726375145,,
0,DPSA1,dropped_redundant,0.025691409930601577,FNSA1,0.8746318461538053
0,DPSA2,dropped_redundant,0.3410177220301574,WPSA4,0.9755012517876039
0,DPSA3,dropped_redundant,0.5051386886972189,TPSA,0.8613699990990117
0,DPSA4,dropped_redundant,0.4842086618028365,DPSA3,0.9130636340721876
0,FNSA1,dropped_redundant,0.09452418265806271,FNSA4,0.843863374463917
0,FNSA2,dropped_redundant,0.414344128725474,DPSA3,0.8709323734624911
0,FNSA3,dropped_redundant,0.3949580747079508,AATSC0c,0.8292977641475137
0,FNSA4,selected,0.22295627218021216,,
0,FPSA1,dropped_redundant,0.09192456620618156,FNSA1,0.9506262466504382
0,FPSA2,dropped_redundant,0.32913456442998285,WPSA4,0.9554103052960099
0,FPSA3,dropped_redundant,0.2762976315066688,FPSA4,0.9188922983612154
0,FPSA4,selected,0.30547682247716723,,
0,WNSA1,dropped_redundant,0.25147498424036613,PNSA2,0.9360768228899612
0,WNSA2,dropped_redundant,0.3412475935443558,PNSA2,0.9667380166885113
0,WNSA3,dropped_redundant,0.45845375750756695,DPSA3,0.9343700262797942
0,WNSA4,dropped_redundant,0.4125543453293749,FNSA2,0.9586804582714858
0,WPSA1,dropped_redundant,0.1616948819529075,Diameter,0.8934535557777353
0,WPSA2,dropped_redundant,0.27412050922418973,WPSA4,0.9512205572842265
0,WPSA3,dropped_redundant,0.3198141870449086,WPSA4,0.9685613760526679
0,WPSA4,dropped_redundant,0.35015182757490443,PPSA4,0.9267164108476196
0,RNCG,selected,0.1352603010631964,,
0,RPCG,selected,0.004848225622885309,,
0,RNCS,selected,0.22089516528683978,,
0,RPCS,selected,0.21095950130724914,,
0,TASA,dropped_redundant,0.006408008504254909,WPSA1,0.9190945891432004
0,TPSA,selected,0.5425431627261743,,
0,RASA,dropped_redundant,0.4707597216520088,TPSA,0.8882896417322916
0,RPSA,dropped_redundant,0.4707597216520086,RASA,1.0000000000000002
0,C1SP1,selected,0.026559071207408514,,
0,C2SP1,selected,0.041480145317981415,,
0,C1SP2,selected,0.37076930395200175,,
0,C2SP2,dropped_redundant,0.02939223491042077,VSA_EState6,0.8854589000775076
0,C3SP2,selected,0.046511722641325394,,
0,C1SP3,selected,0.0022912231498674824,,
0,C2SP3,selected,0.0763790975813684,,
0,C3SP3,selected,0.02780032120814033,,
0,C4SP3,selected,0.014502844300378738,,
0,FCSP3,selected,0.1687327829308882,,
0,Xch-3d,dropped_redundant,0.018610578552446657,n3Ring,0.995747981857848
0,Xch-4d,dropped_redundant,0.013230370546623392,Xch-4dv,0.9794670014944463
0,Xch-5d,selected,0.23052057658246086,,
0,Xch-6d,dropped_redundant,0.16519963258821024,Xch-7d,0.8924520582450709
0,Xch-7d,dropped_redundant,0.17117749235056515,TSRW10,0.8100294550358987
0,Xch-3dv,dropped_redundant,0.020937370622679426,SRW03,0.9472573335305767
0,Xch-4dv,selected,0.019656286177778082,,
0,Xch-5dv,dropped_redundant,0.13987129311352986,Xch-5d,0.8691369110627591
0,Xch-6dv,selected,0.06577785700138127,,
0,Xch-7dv,dropped_redundant,0.057619242710241644,Xch-6dv,0.9005005575927658
0,Xc-3d,dropped_redundant,0.2099855309651407,GGI1,0.9473073163119545
0,Xc-4d,selected,0.006119534253388002,,
0,Xc-5d,dropped_redundant,0.14645034030685145,GGI3,0.8203609420534997
0,Xc-6d,selected,0.013304248242082957,,
0,Xc-3dv,dropped_redundant,0.08181763818024997,GGI1,0.8098368450695073
0,Xc-4dv,selected,0.0012502016869421928,,
0,Xc-5dv,dropped_redundant,0.03826523576220164,Xpc-4dv,0.8806657560606445
0,Xc-6dv,dropped_redundant,0.004115683470559097,Xc-6d,0.8540790038049241
0,Xpc-4d,dropped_redundant,0.20090687742720345,GGI3,0.9318637444869852
0,Xpc-5d,dropped_redundant,0.1794279972896303,Xpc-4d,0.9742243291239301
0,Xpc-6d,dropped_redundant,0.14124745151748042,Xpc-5d,0.9871574830157375
0,Xpc-4dv,dropped_redundant,0.06399355337733705,GGI3,0.8384177275712387
0,Xpc-5dv,dropped_redundant,0.053153651349837426,Xpc-4dv,0.97647350403878
0,Xpc-6dv,dropped_redundant,0.02645759003500901,Xpc-5dv,0.9878569432233897
0,Xp-1d,dropped_redundant,0.20096804932912507,nHeavyAtom,0.9990574281191402
0,Xp-2d,dropped_redundant,0.2109464960698157,GRAVp,0.9798469213302375
0,Xp-3d,dropped_redundant,0.18515579271745147,Zagreb1,0.9943355925223056
0,Xp-4d,dropped_redundant,0.178374987332983,BertzCT,0.9469307021365125
0,Xp-5d,dropped_redundant,0.13328059279632104,Xp-4d,0.9872837863218938
0,Xp-6d,dropped_redundant,0.12988365785261388,MPC4,0.9905201617022172
0,Xp-7d,dropped_redundant,0.11085203503698748,Xp-6d,0.9920183050020122
0,Xp-1dv,dropped_redundant,0.14329930823623824,TIC0,0.9657793879795395
0,Xp-2dv,dropped_redundant,0.12313662673047078,Xp-1dv,0.9806143378320847
0,Xp-3dv,dropped_redundant,0.09104040765154943,ATS6v,0.8991402091805546
0,Xp-4dv,dropped_redundant,0.07584300848992341,Xp-3dv,0.9878799059718996
0,Xp-5dv,dropped_redundant,0.035605659907086085,Xp-6dv,0.9871655369094555
0,Xp-6dv,dropped_redundant,0.03898986842804677,Xp-3dv,0.9429034093892932
0,Xp-7dv,dropped_redundant,0.02606634316733577,Xp-6dv,0.9932185037776489
0,SZ,dropped_redundant,0.19732619861870282,MW,0.9979876222892737
0,Sm,dropped_redundant,0.20222654011290186,MW,0.9999947427765664
0,Sv,dropped_redundant,0.15359439727052662,VMcGowan,0.9965626219191573
0,Sse,dropped_redundant,0.13954618648941336,Sare,0.9997645664158842
0,Spe,dropped_redundant,0.14493548708192297,Sare,0.999972863882925
0,Sare,dropped_redundant,0.14640938224385514,ATS0se,0.9991692293939024
0,Sp,dropped_redundant,0.12856596676598248,apol,0.9999999999999996
0,Si,dropped_redundant,0.1250269562771319,ATS0i,0.9994847827389927
0,MZ,dropped_redundant,0.07324827112674294,AATS1Z,0.9823342232089409
0,Mm,dropped_redundant,0.06809841404558428,AMW,0.999979504127151
0,Mv,selected,0.1256653311467345,,
0,Mse,dropped_redundant,0.15716113706345533,Mpe,0.9930721415982063
0,Mpe,dropped_redundant,0.16155569034917464,Mare,0.9859960566299223
0,Mare,dropped_redundant,0.178167203178404,AATS1are,0.9498901623405561
0,Mp,dropped_redundant,0.01963400089780692,AATS1p,0.9583967015472696
0,Mi,dropped_redundant,0.003064133694566123,AATS0i,0.9952544182109682
0,NsssB,selected,-inf,,
0,NsCH3,selected,0.030334669144719467,,
0,NdCH2,dropped_redundant,0.01765867650447685,SdCH2,0.9966535956970525
0,NssCH2,dropped_redundant,0.07001856719163498,SssCH2,0.9261407981380692
0,NtCH,selected,0.048600875020299354,,
0,NdsCH,selected,0.08272935894649287,,
0,NaaCH,dropped_redundant,0.007826452174342309,SaaCH,0.9841013647844685
0,NsssCH,selected,0.011765630156175743,,
0,NddC,dropped_redundant,0.03593003331034818,SddC,0.9999999999999998
0,NtsC,dropped_redundant,0.006980371440247623,nBondsT,0.9492143473114238
0,NdssC,selected,0.25047209508570056,,
0,NaasC,selected,0.13956435806936862,,
0,NaaaC,dropped_redundant,0.08827128710582681,nFaHRing,0.8103618767262083
0,NssssC,selected,0.04393744015849848,,
0,NsNH2,selected,0.08573806449477732,,
0,NssNH,selected,0.15528622682433674,,
0,NaaNH,selected,0.2630275334412877,,
0,NtN,dropped_redundant,0.03039543957611056,StN,0.9902748350803307
0,NdsN,selected,0.1745059527953965,,
0,NaaN,selected,0.20332146692719633,,
0,NsssN,dropped_redundant,0.03107808785174068,SsssN,0.984714280715509
0,NddsN,selected,0.18490220561130652,,
0,NaasN,selected,0.11241228961048219,,
0,NssssN,dropped_redundant,0.0016262098765571378,SssssN,0.9999999999999989
0,NsOH,selected,0.2514860694116509,,
0,NdO,selected,0.40450947470864634,,
0,NssO,dropped_redundant,0.0004947700944434939,SssO,0.9942854566217794
0,NaaO,selected,0.25349979188815996,,
0,NsF,dropped_redundant,0.10692699367408977,nF,1.0
0,NdsssP,selected,-inf,,
0,NsSH,selected,-inf,,
0,NdS,selected,0.02202301244214779,,
0,NssS,selected,0.0885840280870614,,
0,NaaS,selected,0.022660858251514475,,
0,NdssS,dropped_redundant,0.05073015760607363,SdssS,0.991220475954871
0,NddssS,dropped_redundant,0.13909909799067957,SddssS,0.9976249896824232
0,NsCl,dropped_redundant,0.06515987360776293,nCl,1.0
0,NsBr,dropped_redundant,0.00829771876599694,nBr,1.0
0,NsI,dropped_redundant,0.10516707377919658,nI,1.0
0,SsssB,selected,-inf,,
0,SsCH3,dropped_redundant,0.008821049619996833,NsCH3,0.9891529591266415
0,SdCH2,selected,0.018104688319065095,,
0,SssCH2,selected,0.1961449579060315,,
0,StCH,dropped_redundant,0.048290465958002377,NtCH,0.9993236705068004
0,SdsCH,dropped_redundant,0.05787329948126307,NdsCH,0.9644144156199081
0,SaaCH,dropped_redundant,0.043046205738902436,VSA_EState6,0.9790483798593106
0,SsssCH,selected,0.15183700796226687,,
0,SddC,selected,0.03593003331034823,,
0,StsC,dropped_redundant,0.0022730578380804264,NtsC,0.982358696231155
0,SdssC,selected,0.17685817670696755,,
0,SaasC,selected,0.04985284797335994,,
0,SaaaC,dropped_redundant,0.03269678180117701,NaaaC,0.9339399347999056
0,SssssC,dropped_redundant,0.055918421052299355,nF,0.8222346632459414
0,SsNH2,dropped_redundant,0.08185914151641416,NsNH2,0.9980113148879838
0,SssNH,dropped_redundant,0.13036673993916767,NssNH,0.986157270718061
0,SaaNH,dropped_redundant,0.253963904008452,NaaNH,0.9953291058857258
0,StN,dropped_redundant,0.03275193601666159,SMR_VSA2,0.9717959637260244
0,SdsN,dropped_redundant,0.155390191837593,NdsN,0.9945287174049916
0,SaaN,dropped_redundant,0.20005183560795334,NaaN,0.9971959174829786
0,SsssN,selected,0.08623673603549499,,
0,SddsN,dropped_redundant,0.1752074241773084,NddsN,0.9742460347797632
0,SaasN,dropped_redundant,0.09834461553776597,NaasN,0.9788779166717703
0,SssssN,selected,0.001626209876557179,,
0,SsOH,dropped_redundant,0.23659015419490292,NsOH,0.9955901356560217
0,SdO,dropped_redundant,0.39567073592946855,NdO,0.9960796754752446
0,SssO,selected,0.003486105745830767,,
0,SaaO,dropped_redundant,0.2507777382999448,NaaO,0.9981585628874409
0,SsF,dropped_redundant,0.1060441005654182,nF,0.9962780438808805
0,SdsssP,selected,-inf,,
0,SsSH,selected,-inf,,
0,SdS,dropped_redundant,0.019162910823506418,NdS,0.9905020011350596
0,SssS,dropped_redundant,0.0816921968667351,NssS,0.996080903212193
0,SaaS,dropped_redundant,0.005198902518403675,NaaS,0.9934321807925304
0,SdssS,selected,0.052475187353953776,,
0,SddssS,selected,0.1461632400684129,,
0,SsCl,dropped_redundant,0.06430264578832169,nCl,0.9948972854659599
0,SsBr,selected,0.014839895002159213,,
0,SsI,selected,0.11367149645034673,,
0,ECIndex,dropped_redundant,0.2281466531378912,WPath,0.9658554389924594
0,fragCpx,dropped_redundant,0.13894816284683453,Xch-7d,0.8276568802113742
0,fMF,selected,0.09566227607460814,,
0,GeomDiameter,dropped_redundant,0.1706126435700226,GeomRadius,0.9851885615074157
0,GeomRadius,dropped_redundant,0.18328936986545943,Diameter,0.9560734815285633
0,GeomShapeIndex,dropped_redundant,0.03249217886746886,GeomPetitjeanIndex,0.981929349200695
0,GeomPetitjeanIndex,selected,0.03802403568449736,,
0,GRAV,dropped_redundant,0.23628744663744172,GRAVp,0.9870190902970603
0,GRAVH,dropped_redundant,0.22135639637098137,GRAV,0.9970451357208963
0,GRAVp,dropped_redundant,0.2541648706255865,BertzCT,0.9577157201633436
0,GRAVHp,dropped_redundant,0.24005963542830874,GRAVp,0.9973842934471356
0,nHBAcc,dropped_redundant,0.39933234611016133,PPSA4,0.84552191212251
0,nHBDon,selected,0.3869299739022756,,
0,IC0,selected,0.3431890002646714,,
0,IC1,selected,0.352237794668759,,
0,IC2,dropped_redundant,0.272493888025584,IC1,0.9093246517707221
0,IC3,dropped_redundant,0.19621883403219162,IC2,0.9609708624639969
0,IC4,dropped_redundant,0.18107911816949354,IC3,0.99292689893413
0,IC5,dropped_redundant,0.17969327908416693,IC4,0.9987236498224871
0,TIC0,dropped_redundant,0.23414389662678625,GRAVp,0.9588733099754919
0,TIC1,dropped_redundant,0.23359258580987455,TIC0,0.9807346208700684
0,TIC2,dropped_redundant,0.19343532492582738,TIC1,0.9880222280510519
0,TIC3,dropped_redundant,0.1619139116284786,TIC2,0.9941335467477542
0,TIC4,dropped_redundant,0.1553970825514808,TIC3,0.9990654848192861
0,TIC5,dropped_redundant,0.15505496011342182,TIC4,0.999807128005616
0,SIC0,selected,0.15290654587741032,,
0,SIC1,dropped_redundant,0.3394864893941803,IC0,0.801977598284802
0,SIC2,dropped_redundant,0.3148161047421356,SIC1,0.8565753734952697
0,SIC3,dropped_redundant,0.22477510583378377,SIC2,0.8986368005904604
0,SIC4,dropped_redundant,0.20283629394040065,SIC3,0.979293900469793
0,SIC5,dropped_redundant,0.20049204375409657,SIC4,0.9963916936089027
0,BIC0,dropped_redundant,0.1279178739631139,SIC0,0.9865950964462151
0,BIC1,dropped_redundant,0.3328081218147669,SIC1,0.986158779352722
0,BIC2,dropped_redundant,0.2990055579083527,SIC2,0.978552559919576
0,BIC3,dropped_redundant,0.20790222816361198,SIC3,0.9774772363643784
0,BIC4,dropped_redundant,0.18432610447175923,SIC3,0.9612715938392106
0,BIC5,dropped_redundant,0.1818040337432072,BIC4,0.9956418078191479
0,CIC0,dropped_redundant,0.01361342727284201,SIC0,0.8228969071607278
0,CIC1,dropped_redundant,0.2526869343153631,SIC1,0.8105699281482981
0,CIC2,dropped_redundant,0.3224776779180208,SIC1,0.8499761760148605
0,CIC3,selected,0.2529985373758526,,
0,CIC4,dropped_redundant,0.22904348179432624,CIC3,0.9630587911918609
0,CIC5,dropped_redundant,0.2270784866086503,CIC4,0.9931129941061765
0,MIC0,selected,0.1413873425111911,,
0,MIC1,dropped_redundant,0.2945113934243072,IC0,0.8484274947815967
0,MIC2,dropped_redundant,0.25844286612043804,MIC1,0.9648510567939265
0,MIC3,dropped_redundant,0.23796292387711337,MIC5,0.9978548999339433
0,MIC4,dropped_redundant,0.23656518437499746,MIC5,0.9996859000976734
0,MIC5,dropped_redundant,0.23799164644332074,MIC2,0.9823476793758436
0,ZMIC0,dropped_redundant,0.19071612380632,mZagreb2,0.9857008191398251
0,ZMIC1,selected,0.016052351426753958,,
0,ZMIC2,dropped_redundant,0.006170574692363358,ZMIC1,0.8752650156275598
0,ZMIC3,dropped_redundant,0.05850011368074684,ZMIC4,0.9850286426489447
0,ZMIC4,selected,0.06948375640418578,,
0,ZMIC5,dropped_redundant,0.0644233138044741,ZMIC4,0.9948071058363351
0,Lipinski,selected,0.1510271728439301,,
0,GhoseFilter,selected,0.0648429998338792,,
0,FilterItLogS,selected,0.012909432521930499,,
0,VMcGowan,dropped_redundant,0.1600822845038546,mZagreb2,0.9857219293671944
0,LabuteASA,dropped_redundant,0.18594154170235513,nHeavyAtom,0.9951643520106447
0,PEOE_VSA1,selected,0.2545085300707781,,
0,PEOE_VSA2,selected,0.3747366839238912,,
0,PEOE_VSA3,selected,0.22607762983634536,,
0,PEOE_VSA4,selected,0.1260184665055851,,
0,PEOE_VSA5,selected,0.0238273280230273,,
0,PEOE_VSA6,selected,0.28186793465307,,
0,PEOE_VSA7,selected,0.029617864492720174,,
0,PEOE_VSA8,selected,0.11593201665380823,,
0,PEOE_VSA9,selected,0.22251411581988711,,
0,PEOE_VSA10,selected,0.15881816862280576,,
0,PEOE_VSA11,selected,0.1630046754754361,,
0,PEOE_VSA12,selected,0.2749933128182846,,
0,PEOE_VSA13,selected,0.298767242330245,,
0,SMR_VSA1,dropped_redundant,0.2858389515917451,ATSC0se,0.8654242533861833
0,SMR_VSA2,selected,0.03324149466950098,,
0,SMR_VSA3,dropped_redundant,0.2601524171539648,nN,0.8458718123066132
0,SMR_VSA4,selected,0.09424750430337996,,
0,SMR_VSA5,dropped_redundant,0.04947313868034669,C2SP3,0.8876646647183264
0,SMR_VSA6,selected,0.012213797270282262,,
0,SMR_VSA7,dropped_redundant,0.1036115886011709,nBondsKD,0.9005981898586574
0,SMR_VSA9,selected,0.11491035470491205,,
0,SlogP_VSA1,selected,0.1626011853158168,,
0,SlogP_VSA2,selected,0.2298351329132885,,
0,SlogP_VSA3,selected,0.2521249951513313,,
0,SlogP_VSA4,selected,0.09692763652749123,,
0,SlogP_VSA5,dropped_redundant,0.04336426537143548,SMR_VSA5,0.8945014116568428
0,SlogP_VSA6,dropped_redundant,0.06794262780955512,SMR_VSA7,0.942600968256306
0,SlogP_VSA7,selected,0.05490427485391956,,
0,SlogP_VSA8,selected,0.13766448575351983,,
0,SlogP_VSA10,selected,0.021252050106570296,,
0,SlogP_VSA11,selected,0.05435081391199006,,
0,EState_VSA1,selected,0.20041744932598532,,
0,EState_VSA2,selected,0.34279365335614387,,
0,EState_VSA3,selected,0.27772865097790483,,
0,EState_VSA4,selected,0.027927953567753724,,
0,EState_VSA5,selected,0.19472098428080617,,
0,EState_VSA6,selected,0.3534829538555238,,
0,EState_VSA7,selected,0.09972678265549093,,
0,EState_VSA8,selected,0.22245867835138872,,
0,EState_VSA9,dropped_redundant,0.03623247452369023,nCl,0.8044297015142929
0,EState_VSA10,selected,0.32546424702515353,,
0,VSA_EState1,dropped_redundant,0.00019414768792001735,nF,0.8269032665344753
0,VSA_EState2,dropped_redundant,0.4006827578109591,NdO,0.8067483959146031
0,VSA_EState3,selected,0.36184673207184626,,
0,VSA_EState4,selected,0.04440192221356016,,
0,VSA_EState5,selected,0.07173417531077898,,
0,VSA_EState6,selected,0.09599144609129166,,
0,VSA_EState7,selected,0.006195572224434667,,
0,VSA_EState8,selected,0.11348966725707249,,
0,VSA_EState9,selected,0.05420597907195647,,
0,MOMI-X,dropped_redundant,0.20389298075605566,Diameter,0.9081124885287896
0,MOMI-Y,dropped_redundant,0.20163381766237112,MOMI-X,0.9920214386476942
0,MOMI-Z,selected,0.16975577069847061,,
0,PBF,selected,0.032194184961127074,,
0,MPC2,dropped_redundant,0.1944704601189544,Zagreb1,0.9982438645405447
0,MPC3,dropped_redundant,0.17362178473379924,Xp-4d,0.9941891825286572
0,MPC4,dropped_redundant,0.1577938587008455,Xp-4d,0.9826606378756019
0,MPC5,dropped_redundant,0.11925844955478267,Xp-6d,0.9920752791193024
0,MPC6,dropped_redundant,0.1144041443319172,TMPC10,0.9941152857186649
0,MPC7,dropped_redundant,0.10403354784377487,TMPC10,0.9961347103245025
0,MPC8,dropped_redundant,0.1026722321078275,MPC9,0.9961747767201842
0,MPC9,dropped_redundant,0.10416596433185592,MPC10,0.9949312930364603
0,MPC10,dropped_redundant,0.11365151383505315,TMPC10,0.9798501349476949
0,TMPC10,dropped_redundant,0.12319113128073038,fragCpx,0.8948557632126006
0,piPC1,dropped_redundant,0.1920012479477721,TSRW10,0.9015262747709692
0,piPC2,dropped_redundant,0.1913728661640423,piPC1,0.985444735636023
0,piPC3,dropped_redundant,0.1761886108810235,piPC1,0.9680743687839053
0,piPC4,dropped_redundant,0.16728994383830015,piPC3,0.9827377249341062
0,piPC5,dropped_redundant,0.15189509824835373,piPC4,0.9890655286297513
0,piPC6,dropped_redundant,0.1642176333761256,piPC1,0.9329343738536475
0,piPC7,dropped_redundant,0.1575362858869642,piPC6,0.986169099557712
0,piPC8,dropped_redundant,0.1549348202290289,piPC6,0.9574726123420463
0,piPC9,dropped_redundant,0.1458289620926317,piPC8,0.98645040538251
0,piPC10,dropped_redundant,0.13327114914846097,TSRW10,0.8323205658981786
0,TpiPC10,dropped_redundant,0.1510492459219169,piPC6,0.9765634839563267
0,apol,dropped_redundant,0.12856596676598261,Sv,0.9972370554275517
0,bpol,dropped_redundant,0.10446195466723115,WPSA1,0.9454028638409735
0,nRing,dropped_redundant,0.08943287153644754,fragCpx,0.9247558839533597
0,n3Ring,dropped_redundant,0.01947990555786465,SRW03,0.9869655197138041
0,n4Ring,selected,0.05969526549981993,,
0,n5Ring,dropped_redundant,0.26873515287695565,n5HRing,0.9560031617625853
0,n6Ring,selected,0.017218791053040645,,
0,n7Ring,selected,0.08824542942673372,,
0,n8Ring,selected,-inf,,
0,n9Ring,selected,-inf,,
0,nG12Ring,selected,0.0021785075704822254,,
0,nHRing,selected,0.20020323371776416,,
0,n3HRing,selected,0.008250970019875566,,
0,n4HRing,selected,0.058076182526995146,,
0,n5HRing,selected,0.2701066096515131,,
0,n6HRing,selected,0.07585884636640065,,
0,n7HRing,dropped_redundant,0.07386237823158612,n7Ring,0.9337979487644825
0,n8HRing,selected,-inf,,
0,n9HRing,selected,-inf,,
0,nG12HRing,dropped_redundant,0.0021785075704822254,nG12Ring,1.0
0,naRing,dropped_redundant,0.1604154255301559,nBondsM,0.9754775064104748
0,n5aRing,selected,0.251370375962563,,
0,n6aRing,dropped_redundant,0.043672576073283655,nBondsKD,0.8578922051399037
0,n7aRing,selected,-inf,,
0,naHRing,selected,0.31540889375628345,,
0,n5aHRing,dropped_redundant,0.251370375962563,n5aRing,1.0
0,n6aHRing,selected,0.21028830643346486,,
0,n7aHRing,selected,-inf,,
0,nARing,dropped_redundant,0.03808766415765312,n6ARing,0.837359176976706
0,n3ARing,dropped_redundant,0.01947990555786465,n3Ring,1.0
0,n4ARing,dropped_redundant,0.05969526549981993,n4Ring,1.0
0,n5ARing,selected,0.09618354328996695,,
0,n6ARing,selected,0.07382704023978266,,
0,n7ARing,dropped_redundant,0.08824542942673372,n7Ring,1.0
0,n8ARing,selected,-inf,,
0,n9ARing,selected,-inf,,
0,nG12ARing,dropped_redundant,0.0021785075704822254,nG12Ring,1.0
0,nAHRing,selected,0.041491829508323606,,
0,n3AHRing,dropped_redundant,0.008250970019875566,n3HRing,1.0
0,n4AHRing,dropped_redundant,0.058076182526995146,n4HRing,1.0
0,n5AHRing,dropped_redundant,0.09558949644796777,n5ARing,0.9018199377486162
0,n6AHRing,selected,0.09175236974184198,,
0,n7AHRing,dropped_redundant,0.07386237823158612,n7HRing,1.0
0,n8AHRing,selected,-inf,,
0,n9AHRing,selected,-inf,,
0,nG12AHRing,dropped_redundant,0.0021785075704822254,nG12Ring,1.0
0,nFRing,dropped_redundant,0.027909594927728605,nFHRing,0.9206667602176627
0,n6FRing,selected,-inf,,
0,n7FRing,selected,0.00191083895641956,,
0,n8FRing,selected,0.022638484724131654,,
0,n9FRing,selected,0.08182657452101909,,
0,n10FRing,selected,0.06679285327051786,,
0,n11FRing,selected,0.04528604993570715,,
0,n12FRing,selected,0.06305556207129046,,
0,nG12FRing,selected,0.0763094525192928,,
0,nFHRing,selected,0.029451849982838577,,
0,n6FHRing,selected,-inf,,
0,n7FHRing,selected,0.05243759771766446,,
0,n8FHRing,dropped_redundant,0.022638484724131654,n8FRing,1.0
0,n9FHRing,dropped_redundant,0.07380964304716923,n9FRing,0.9773726608372045
0,n10FHRing,dropped_redundant,0.06469077255009888,n10FRing,0.89928798668232
0,n11FHRing,dropped_redundant,0.04528604993570715,n11FRing,1.0
0,n12FHRing,dropped_redundant,0.06305556207129046,n12FRing,1.0
0,nG12FHRing,dropped_redundant,0.06817090068055101,nG12FRing,0.9207641135838383
0,nFaRing,dropped_redundant,0.09355143288794501,nFaHRing,0.9581657973683403
0,n9FaRing,dropped_redundant,0.08119534099109695,n9FRing,0.8427300234090455
0,n10FaRing,dropped_redundant,0.05919246580639583,n10FaHRing,0.8818865975533982
0,n11FaRing,selected,-inf,,
0,nG12FaRing,selected,0.025884702691792223,,
0,nFaHRing,selected,0.10640969921373682,,
0,n9FaHRing,dropped_redundant,0.08119534099109695,n9FaRing,1.0
0,n10FaHRing,selected,0.08253451729847873,,
0,n11FaHRing,selected,-inf,,
0,nG12FaHRing,dropped_redundant,0.021583738773386495,nG12FaRing,0.9250559064109888
0,nFARing,dropped_redundant,0.03970504551638575,nFAHRing,0.9117908726552113
0,n6FARing,selected,-inf,,
0,n7FARing,dropped_redundant,0.00191083895641956,n7FRing,1.0
0,n8FARing,dropped_redundant,0.022638484724131654,n8FRing,1.0
0,n9FARing,selected,0.029491974776324814,,
0,n10FARing,selected,0.038393815152514006,,
0,n11FARing,dropped_redundant,0.04528604993570715,n11FRing,1.0
0,n12FARing,dropped_redundant,0.06305556207129046,n12FRing,1.0
0,nG12FARing,dropped_redundant,0.07110031341794043,nG12FRing,0.9655207063068777
0,nFAHRing,selected,0.04795465160499063,,
0,n6FAHRing,selected,-inf,,
0,n7FAHRing,dropped_redundant,0.05243759771766446,n7FHRing,1.0
0,n8FAHRing,dropped_redundant,0.022638484724131654,n8FRing,1.0
0,n9FAHRing,dropped_redundant,0.011696723330231773,n9FARing,0.9198188842662789
0,n10FAHRing,dropped_redundant,0.01384195866811399,n10FARing,0.8995307867720073
0,n11FAHRing,dropped_redundant,0.04528604993570715,n11FRing,1.0
0,n12FAHRing,dropped_redundant,0.06305556207129046,n12FRing,1.0
0,nG12FAHRing,dropped_redundant,0.06410427234282562,nG12FHRing,0.9671083715889707
0,nRot,selected,0.19345847220580237,,
0,SLogP,selected,0.2657953332559605,,
0,SMR,dropped_redundant,0.15738542435058156,VMcGowan,0.9919645055608936
0,TopoPSA(NO),selected,0.5901818388707684,,
0,TopoPSA,dropped_redundant,0.579975957945609,TopoPSA(NO),0.9585077729983095
0,GGI1,selected,0.2462309413873033,,
0,GGI2,dropped_redundant,0.17313600212849234,Xpc-4d,0.9793914379541135
0,GGI3,selected,0.22068636246129367,,
0,GGI4,dropped_redundant,0.20200242255893378,GGI5,0.9137135528610217
0,GGI5,dropped_redundant,0.2041991195260767,GGI3,0.8808030037310155
0,GGI6,dropped_redundant,0.17455953233261118,GGI5,0.9232317457725165
0,GGI7,dropped_redundant,0.2136185385866044,ATS8dv,0.8921335419059352
0,GGI8,dropped_redundant,0.21245777571228933,GGI7,0.9174849058650436
0,GGI9,dropped_redundant,0.23518930699425047,ATS8dv,0.9240341969501082
0,GGI10,dropped_redundant,0.24215725714802425,ATS8dv,0.8845079950586303
0,JGI1,dropped_redundant,0.023826752888413825,JGT10,0.8348682166170394
0,JGI2,selected,0.020780572909774454,,
0,JGI3,selected,0.12414485264499661,,
0,JGI4,selected,0.08989369255990004,,
0,JGI5,selected,0.14300059999307305,,
0,JGI6,selected,0.13443683056509714,,
0,JGI7,selected,0.12053421358353304,,
0,JGI8,selected,0.03820334475402846,,
0,JGI9,selected,0.07945735945491622,,
0,JGI10,selected,0.17467488609399337,,
0,JGT10,selected,0.1021175788447316,,
0,Diameter,selected,0.22324989626948985,,
0,Radius,dropped_redundant,0.21418044934448238,Diameter,0.9911140775184889
0,MWC01,dropped_redundant,0.19486436662884815,nBondsO,1.0
0,MWC02,dropped_redundant,0.1574810962817984,SRW02,0.9956545862836367
0,MWC03,dropped_redundant,0.14957255789517504,MWC02,0.9979178536211339
0,MWC04,dropped_redundant,0.14365527362958605,MWC03,0.9982598375235519
0,MWC05,dropped_redundant,0.13766035558992207,MWC04,0.9990994446939511
0,MWC06,dropped_redundant,0.13275728829735012,MWC05,0.9991858768632532
0,MWC07,dropped_redundant,0.1284043471265237,MWC06,0.9995743498142237
0,MWC08,dropped_redundant,0.12456332257432809,SRW08,0.9973841240963307
0,MWC09,dropped_redundant,0.12141843292118261,MWC08,0.9997746877736315
0,MWC10,dropped_redundant,0.11840314261682522,MWC08,0.9993491096971693
0,TMWC10,dropped_redundant,0.18449092875174247,piPC1,0.9692575330874659
0,SRW02,dropped_redundant,0.1632535722033335,piPC1,0.9880340882452966
0,SRW03,selected,0.02585165919379873,,
0,SRW04,dropped_redundant,0.15473732314114652,MWC02,0.9993387602057683
0,SRW05,dropped_redundant,0.24495828327738606,n5HRing,0.8480396308937689
0,SRW06,dropped_redundant,0.14019780153060912,MWC04,0.998772387734768
0,SRW07,dropped_redundant,0.21818832824077342,SRW05,0.9638514861913335
0,SRW08,dropped_redundant,0.12715261507708006,piPC1,0.9238371002235638
0,SRW09,dropped_redundant,0.202568693381093,SRW07,0.9948418241146539
0,SRW10,dropped_redundant,0.11694472508823132,SRW08,0.9983978826283348
0,TSRW10,selected,0.23747076037566442,,
0,MW,dropped_redundant,0.20243090063604424,ATS1m,0.9893136373384593
0,AMW,dropped_redundant,0.0693744611264179,MZ,0.9991571616242616
0,WPath,dropped_redundant,0.2406600186564652,WPSA2,0.9561741364900536
0,WPol,dropped_redundant,0.16914187301442707,Xp-4d,0.982942385071387
0,Zagreb1,dropped_redundant,0.1947481667477308,Xp-2d,0.9939402057425347
0,Zagreb2,dropped_redundant,0.18748566767717625,MPC2,0.9987414060099901
0,mZagreb2,dropped_redundant,0.21003654685621131,TIC0,0.9767405366614981
1,nAcid,selected,0.2157353278758198,,
1,nBase,selected,0.041236112529674046,,
1,nAromAtom,dropped_redundant,0.1612157616129898,nAromBond,0.9977391434919338
1,nAromBond,dropped_redundant,0.1663959728328043,naRing,0.9942673270015583
1,nAtom,dropped_redundant,0.11930773483328846,Si,0.999619242081638
1,nHeavyAtom,dropped_redundant,0.20437173635281178,mZagreb2,0.994930985609019
1,nSpiro,selected,0.020645030436121252,,
1,nBridgehead,selected,0.03358994401676321,,
1,nHetero,selected,0.44070901336428847,,
1,nH,dropped_redundant,0.02373680382415721,nBondsS,0.9771306407970994
1,nB,selected,-inf,,
1,nC,dropped_redundant,0.08507466706703734,TIC1,0.9433812801171844
1,nN,selected,0.3419660918431345,,
1,nO,dropped_redundant,0.41886659578680374,TPSA,0.8064060108887109
1,nS,selected,0.12387126102567902,,
1,nP,selected,-inf,,
1,nF,dropped_redundant,0.10677005348840374,nX,0.8139723621903698
1,nCl,dropped_redundant,0.07654284660880473,SsCl,0.9944967218494933
1,nBr,dropped_redundant,0.055657850381578944,SsBr,0.9944153732480735
1,nI,dropped_redundant,0.06439426122688087,SsI,0.9980339053547383
1,nX,selected,0.12269925524057622,,
1,ATS0dv,dropped_redundant,0.30646250368716543,WNSA4,0.8760636918893839
1,ATS1dv,dropped_redundant,0.2763399068940674,ATS0dv,0.964626274262187
1,ATS2dv,dropped_redundant,0.25780080700019553,ATS0dv,0.9697964868734309
1,ATS3dv,dropped_redundant,0.22987372160109693,ATS4dv,0.9836850976816478
1,ATS4dv,dropped_redundant,0.25043574196000185,ATS6dv,0.9129827878109824
1,ATS5dv,dropped_redundant,0.23517005004494226,ATS6dv,0.9663152476671674
1,ATS6dv,dropped_redundant,0.25388626729786906,ATS8dv,0.9003362465292614
1,ATS7dv,dropped_redundant,0.2515208181287692,ATS6dv,0.9631117934665645
1,ATS8dv,selected,0.2755992731637078,,
1,ATS0d,dropped_redundant,0.167862492679896,Zagreb1,0.9954433403524611
1,ATS1d,dropped_redundant,0.1459699611403843,ATS0d,0.9968766017726874
1,ATS2d,dropped_redundant,0.1220598084158837,Xp-4d,0.973869730323344
1,ATS3d,dropped_redundant,0.08781110654024499,ATS3v,0.9946880717891307
1,ATS4d,dropped_redundant,0.09083156606290334,ATS4v,0.995361492813924
1,ATS5d,dropped_redundant,0.09263341025220241,ATS5v,0.9946882959532561
1,ATS6d,dropped_redundant,0.10548760688828283,ATS6v,0.9947996217989318
1,ATS7d,dropped_redundant,0.12692816279249317,ATS7v,0.9955368496437029
1,ATS8d,dropped_redundant,0.15118406647195642,ATS8m,0.9607030983339575
1,ATS0Z,selected,0.12697295330031313,,
1,ATS1Z,dropped_redundant,0.2031062484634524,ATS1m,0.9985711866771312
1,ATS2Z,dropped_redundant,0.17739373627796123,ATS2m,0.9967080528166844
1,ATS3Z,dropped_redundant,0.15911950046226989,ATS3m,0.9963209242708935
1,ATS4Z,dropped_redundant,0.1771837386311372,ATS4m,0.9923950066812267
1,ATS5Z,dropped_redundant,0.17118883480184796,ATS5m,0.9956066478609178
1,ATS6Z,dropped_redundant,0.166563960429408,ATS6m,0.9971431761755117
1,ATS7Z,dropped_redundant,0.17264631164439487,ATS7m,0.9972407667672221
1,ATS8Z,dropped_redundant,0.18889307738594946,ATS8m,0.9980571467693956
1,ATS0m,dropped_redundant,0.09234261507605919,ATS0Z,0.9870075890779458
1,ATS1m,dropped_redundant,0.2078594645862972,GRAVp,0.9879663428045368
1,ATS2m,dropped_redundant,0.18121866888280913,ATS4m,0.9151124200202
1,ATS3m,dropped_redundant,0.1651774555501704,ATS2m,0.9638034601407518
1,ATS4m,dropped_redundant,0.18458792671525903,GGI5,0.8552216201668456
1,ATS5m,dropped_redundant,0.1792177039347887,ATS4m,0.9362274509628473
1,ATS6m,dropped_redundant,0.17287784556791932,ATS5m,0.9704296295524011
1,ATS7m,dropped_redundant,0.18019019178438578,ATS8m,0.964809326249505
1,ATS8m,dropped_redundant,0.19837073370543615,ATS8dv,0.9397345207283766
1,ATS0v,dropped_redundant,0.15138871573675114,SMR,0.9959727198781121
1,ATS1v,dropped_redundant,0.13380951805726493,ATS0v,0.9965971794496022
1,ATS2v,dropped_redundant,0.11745304985614781,ATS2d,0.992695840343837
1,ATS3v,dropped_redundant,0.09562720374162756,ATS4v,0.9937212447119457
1,ATS4v,dropped_redundant,0.09912022993062354,ATS5v,0.9895066798370165
1,ATS5v,dropped_redundant,0.09915964669685869,ATS6v,0.9823086728705086
1,ATS6v,dropped_redundant,0.1103431701694867,TIC1,0.9315888243970006
1,ATS7v,dropped_redundant,0.12869036490303928,ATS8are,0.9852092212470989
1,ATS8v,dropped_redundant,0.14945568359884315,ATS8d,0.9964601424268116
1,ATS0se,dropped_redundant,0.15437633411378335,ATS0are,0.9984237856707148
1,ATS1se,dropped_redundant,0.1433105437436899,ATS1are,0.9996766766649712
1,ATS2se,dropped_redundant,0.10315271421979919,ATS2are,0.99927087112293
1,ATS3se,dropped_redundant,0.07639723740926556,ATS3are,0.9994844894102274
1,ATS4se,dropped_redundant,0.07803744581190644,ATS4are,0.9994421085508973
1,ATS5se,dropped_redundant,0.07076376341966059,ATS5are,0.9994556615860346
1,ATS6se,dropped_redundant,0.07972933146316309,ATS6are,0.9995247074106147
1,ATS7se,dropped_redundant,0.10176720679206121,ATS7are,0.9995912501224196
1,ATS8se,dropped_redundant,0.1270972923739141,ATS8are,0.9996789486512467
1,ATS0pe,dropped_redundant,0.16543787138343724,ATS0are,0.9998175658126419
1,ATS1pe,dropped_redundant,0.148685946115446,ATS1are,0.9999577856555523
1,ATS2pe,dropped_redundant,0.10967383507871847,ATS2are,0.9999239938536677
1,ATS3pe,dropped_redundant,0.08558341623040737,ATS3are,0.999951174369878
1,ATS4pe,dropped_redundant,0.08670690781505924,ATS4are,0.9999555288612222
1,ATS5pe,dropped_redundant,0.07959689702060659,ATS5are,0.9999610728041062
1,ATS6pe,dropped_redundant,0.08846663170547038,ATS6are,0.9999625921913236
1,ATS7pe,dropped_redundant,0.10783921290709007,ATS7are,0.9999590994653242
1,ATS8pe,dropped_redundant,0.1323278252983121,ATS8are,0.9999760178913787
1,ATS0are,dropped_redundant,0.16897403597884642,mZagreb2,0.9791716837639074
1,ATS1are,dropped_redundant,0.1516577601761132,ATS0are,0.9949700201733339
1,ATS2are,dropped_redundant,0.11133583482674866,ATS0are,0.988965849787308
1,ATS3are,dropped_redundant,0.08786649009796474,ATS4are,0.9882068335404374
1,ATS4are,dropped_redundant,0.08891334689917081,ATSC0d,0.9542958059351526
1,ATS5are,dropped_redundant,0.08142809242039632,ATS4are,0.986047949218255
1,ATS6are,dropped_redundant,0.09019341962805957,ATS6v,0.9748246711714114
1,ATS7are,dropped_redundant,0.10931641419208385,ATS6v,0.9811473768601252
1,ATS8are,dropped_redundant,0.1337102412494577,ATS8d,0.9842139500566076
1,ATS0p,dropped_redundant,0.11942692915762274,Xp-1dv,0.9869004805152943
1,ATS1p,dropped_redundant,0.10873136281968913,Xp-1dv,0.9901111971800208
1,ATS2p,dropped_redundant,0.08961108658541679,ATS1p,0.994638589703883
1,ATS3p,dropped_redundant,0.06098421509916533,ATS3v,0.9937291392736692
1,ATS4p,dropped_redundant,0.06340345105345635,ATS4v,0.992883641323935
1,ATS5p,dropped_redundant,0.06430200625663143,ATS5v,0.9936732310306166
1,ATS6p,dropped_redundant,0.07708487254184444,ATS6v,0.9946376173258143
1,ATS7p,dropped_redundant,0.09887373836035888,ATS7v,0.9953457364949359
1,ATS8p,dropped_redundant,0.12215378792858989,ATS8d,0.9929058016962159
1,ATS0i,dropped_redundant,0.12337716865530551,ATS0are,0.9909865050826006
1,ATS1i,dropped_redundant,0.1337171256780847,ATS1are,0.9981374692645483
1,ATS2i,dropped_redundant,0.0844922010611036,ATS2are,0.9952161590126931
1,ATS3i,dropped_redundant,0.05352621468506937,ATS3are,0.9944090976478196
1,ATS4i,dropped_redundant,0.057190205148843626,ATS4are,0.9941482607289895
1,ATS5i,dropped_redundant,0.04731904838997262,ATS5are,0.9945288987769564
1,ATS6i,dropped_redundant,0.05679396782866053,ATS6are,0.9951346053078391
1,ATS7i,dropped_redundant,0.08512735258156633,ATS7are,0.9967043707192532
1,ATS8i,dropped_redundant,0.11275715214005518,ATS8are,0.9968668584474819
1,AATS0dv,dropped_redundant,0.19889122076047525,AATS1are,0.9237251201235563
1,AATS1dv,dropped_redundant,0.2650342740572032,AATSC0dv,0.836866772930203
1,AATS0d,selected,0.18330772672866968,,
1,AATS1d,dropped_redundant,0.14895758627930342,AATS0d,0.9772082768509676
1,AATS0Z,selected,0.00734832757953672,,
1,AATS1Z,selected,0.08575918959536957,,
1,AATS0m,dropped_redundant,0.0009185433786269729,AATS0Z,0.992970328095999
1,AATS1m,dropped_redundant,0.08067910706910457,AATS1Z,0.9992781913846958
1,AATS0v,dropped_redundant,0.09224986355537751,Mv,0.9881734848565066
1,AATS1v,dropped_redundant,0.08611138903066937,Mv,0.9638685893686473
1,AATS0se,dropped_redundant,0.13072178633305517,Mse,0.9989177070821124
1,AATS1se,dropped_redundant,0.2109632930234355,AATS1pe,0.9895173347716323
1,AATS0pe,dropped_redundant,0.1305361788215515,Mpe,0.9972934324534698
1,AATS1pe,dropped_redundant,0.21364753943322068,AATS1are,0.9858848565116859
1,AATS0are,dropped_redundant,0.13890865682036752,Mare,0.9969813359989411
1,AATS1are,selected,0.23262618916634578,,
1,AATS0p,dropped_redundant,0.0014598944263562892,Mp,0.9692005790095164
1,AATS1p,dropped_redundant,0.022562187470548507,Mp,0.9630759087892381
1,AATS0i,dropped_redundant,0.003221495778607413,Mi,0.9958098544140644
1,AATS1i,selected,0.18737638013105018,,
1,ATSC0c,dropped_redundant,0.4574851776274202,DPSA3,0.9112330874914769
1,ATSC1c,dropped_redundant,0.4925830467912317,TopoPSA(NO),0.8260495908251739
1,ATSC2c,selected,0.2340966970338098,,
1,ATSC3c,selected,0.13275934234192285,,
1,ATSC4c,selected,0.07388878284660165,,
1,ATSC5c,selected,0.009798818258918181,,
1,ATSC6c,selected,0.036143138311993415,,
1,ATSC7c,selected,0.007052974066141848,,
1,ATSC8c,selected,0.014366538482389083,,
1,ATSC0dv,dropped_redundant,0.269728982046801,ATS0dv,0.9516917933591835
1,ATSC1dv,selected,0.18197172045284832,,
1,ATSC2dv,selected,0.18783748289365834,,
1,ATSC3dv,selected,0.13523519496936168,,
1,ATSC4dv,selected,0.04286247007456654,,
1,ATSC5dv,selected,0.14218458531640402,,
1,ATSC6dv,selected,0.10669791001611835,,
1,ATSC7dv,selected,0.004590391097821622,,
1,ATSC8dv,selected,0.028329729236568957,,
1,ATSC0d,dropped_redundant,0.1756655461003829,Xpc-4d,0.9409511347560653
1,ATSC1d,dropped_redundant,0.11799302353120833,ATSC1dv,0.8004620961654613
1,ATSC2d,selected,0.01595865300761433,,
1,ATSC3d,selected,0.06417225052349146,,
1,ATSC4d,selected,0.010503533834984272,,
1,ATSC5d,selected,0.06069123753134414,,
1,ATSC6d,selected,0.017528220270642162,,
1,ATSC7d,selected,0.014883149110677903,,
1,ATSC8d,selected,0.021102397119379536,,
1,ATSC0Z,dropped_redundant,0.03571270027130155,ATS0Z,0.9367410498017626
1,ATSC1Z,selected,0.0971167836125895,,
1,ATSC2Z,selected,0.06901628887763282,,
1,ATSC3Z,selected,0.07589952511974747,,
1,ATSC4Z,selected,0.051570318223518895,,
1,ATSC5Z,selected,0.09813588422342094,,
1,ATSC6Z,dropped_redundant,0.16518181239495655,ATSC6m,0.9978053644117422
1,ATSC7Z,dropped_redundant,0.03652368977166173,ATSC7m,0.9975584101933743
1,ATSC8Z,dropped_redundant,0.07504754695133037,ATSC8m,0.9969262831338529
1,ATSC0m,dropped_redundant,0.02002582510242383,ATSC0Z,0.9964750290597758
1,ATSC1m,dropped_redundant,0.09692488044505257,ATSC1Z,0.9991621041638997
1,ATSC2m,dropped_redundant,0.0683776993896475,ATSC2Z,0.9983492214758821
1,ATSC3m,dropped_redundant,0.07217853009077368,ATSC3Z,0.9974167800970158
1,ATSC4m,dropped_redundant,0.045001559634890394,ATSC4Z,0.9972307443918283
1,ATSC5m,dropped_redundant,0.096833821369424,ATSC5Z,0.997933024482615
1,ATSC6m,selected,0.165720905093304,,
1,ATSC7m,selected,0.03951996995874093,,
1,ATSC8m,selected,0.08516655882870139,,
1,ATSC0v,dropped_redundant,0.07017710970010041,Xp-1dv,0.9659933967261476
1,ATSC1v,selected,0.09293181046688491,,
1,ATSC2v,dropped_redundant,0.0498708028086561,ATSC2p,0.8917596144611153
1,ATSC3v,dropped_redundant,0.10143906630281098,ATSC3p,0.8870855771493116
1,ATSC4v,dropped_redundant,0.03799444648489221,ATSC4p,0.9179610293297679
1,ATSC5v,dropped_redundant,0.005653736205346861,ATSC5p,0.8716384744010905
1,ATSC6v,selected,0.09600392257333237,,
1,ATSC7v,selected,0.022058383517374117,,
1,ATSC8v,selected,0.03277005742464728,,
1,ATSC0se,dropped_redundant,0.28802143948792475,EState_VSA10,0.8311082806948394
1,ATSC1se,dropped_redundant,0.11485566114082964,ATSC1are,0.8907732503921642
1,ATSC2se,dropped_redundant,0.11385327509145125,ATSC2pe,0.9859095060982607
1,ATSC3se,selected,0.13228442748459185,,
1,ATSC4se,dropped_redundant,0.007325723143425764,ATSC4pe,0.9575309905810234
1,ATSC5se,selected,0.1366605126735445,,
1,ATSC6se,dropped_redundant,0.11579878610453444,ATSC6pe,0.9642086532150753
1,ATSC7se,dropped_redundant,0.03772449952419217,ATSC7are,0.9802199832038409
1,ATSC8se,dropped_redundant,0.013522352632658684,ATSC8pe,0.9621984586040977
1,ATSC0pe,dropped_redundant,0.2546813493147194,ATSC0are,0.9954202421147663
1,ATSC1pe,dropped_redundant,0.13848948451988455,ATSC1are,0.980954045339135
1,ATSC2pe,selected,0.14119177584205833,,
1,ATSC3pe,dropped_redundant,0.12367334539348028,ATSC3are,0.9792280961892188
1,ATSC4pe,selected,0.009627986742128124,,
1,ATSC5pe,dropped_redundant,0.12814789069097793,ATSC5se,0.966648369797642
1,ATSC6pe,selected,0.13298750260179415,,
1,ATSC7pe,dropped_redundant,0.03208198284782822,ATSC7are,0.989799143879817
1,ATSC8pe,selected,0.02039142249746539,,
1,ATSC0are,dropped_redundant,0.25858835425059173,ATSC0se,0.9846703237055228
1,ATSC1are,selected,0.1609873639479042,,
1,ATSC2are,dropped_redundant,0.12779665669631246,ATSC2pe,0.996078050714929
1,ATSC3are,dropped_redundant,0.12745847172385597,ATSC3se,0.9339305020322867
1,ATSC4are,dropped_redundant,0.0021055863693466444,ATSC4pe,0.9902659511079036
1,ATSC5are,dropped_redundant,0.12392746048675612,ATSC5pe,0.9898918644682971
1,ATSC6are,dropped_redundant,0.1156716805644007,ATSC6pe,0.9881833768193221
1,ATSC7are,selected,0.04655457353968882,,
1,ATSC8are,dropped_redundant,0.009751233871598179,ATSC8pe,0.9919109371617453
1,ATSC0p,dropped_redundant,0.061758946320648066,ATS0Z,0.8329330366144471
1,ATSC1p,dropped_redundant,0.05738101408393549,ATSC1v,0.8096744088898286
1,ATSC2p,selected,0.07280514138668559,,
1,ATSC3p,selected,0.11244275890151176,,
1,ATSC4p,selected,0.04793543862732586,,
1,ATSC5p,selected,0.017126660376273976,,
1,ATSC6p,dropped_redundant,0.05555653613796916,ATSC6v,0.902077347002192
1,ATSC7p,dropped_redundant,0.006650756584018618,ATSC7v,0.8784700400076962
1,ATSC8p,dropped_redundant,0.032312152921789114,ATSC8v,0.8887375178257809
1,ATSC0i,selected,0.07362589140342626,,
1,ATSC1i,selected,0.03946649788937185,,
1,ATSC2i,selected,0.07914015494063455,,
1,ATSC3i,selected,0.08747828848317296,,
1,ATSC4i,dropped_redundant,0.01930684114500805,ATSC4p,0.8315832886784975
1,ATSC5i,selected,0.02121269486616274,,
1,ATSC6i,selected,0.043595883709626325,,
1,ATSC7i,selected,0.012844453282731413,,
1,ATSC8i,selected,0.03028078876974959,,
1,AATSC0c,selected,0.38990902236646274,,
1,AATSC1c,dropped_redundant,0.3606708937065963,AATSC0c,0.8667230537465731
1,AATSC0dv,selected,0.280458593432787,,
1,AATSC1dv,selected,0.14818871793644164,,
1,AATSC0d,selected,0.11345021503505086,,
1,AATSC1d,selected,0.08923740777605413,,
1,AATSC0Z,dropped_redundant,0.010329834432107679,AATSC0m,0.9963249750861415
1,AATSC1Z,dropped_redundant,0.08795957337748703,AATSC1m,0.9972045552086558
1,AATSC0m,dropped_redundant,0.01454765202702962,AATSC0p,0.8853884922450584
1,AATSC1m,selected,0.09007383819509678,,
1,AATSC0v,selected,0.13134252333743285,,
1,AATSC1v,selected,0.10920309043759652,,
1,AATSC0se,dropped_redundant,0.1625409397434181,FNSA4,0.8210581848883534
1,AATSC1se,dropped_redundant,0.03316485896853617,AATSC1are,0.9217042810468898
1,AATSC0pe,dropped_redundant,0.14183172262520527,AATSC0se,0.9877930190759581
1,AATSC1pe,dropped_redundant,0.05668994914568715,AATSC1are,0.9869133703530337
1,AATSC0are,dropped_redundant,0.14351375135724928,AATSC0se,0.9550243475142697
1,AATSC1are,selected,0.058480021861633945,,
1,AATSC0p,selected,0.03267672006447169,,
1,AATSC1p,selected,0.09400736761102074,,
1,AATSC0i,dropped_redundant,0.030718022923689543,nF,0.8612669780000493
1,AATSC1i,dropped_redundant,0.02843972699826614,AATSC1p,0.8162375072691367
1,BalabanJ,selected,0.09330552121794719,,
1,BertzCT,dropped_redundant,0.258191169129393,nBondsKD,0.9094942442785245
1,nBonds,dropped_redundant,0.11794856982375616,ATS1i,0.9988115253077087
1,nBondsO,dropped_redundant,0.18863530136731407,nHeavyAtom,0.9962787819288417
1,nBondsS,dropped_redundant,0.04232359335929319,bpol,0.9582494463271117
1,nBondsD,dropped_redundant,0.37034471044871753,NdO,0.8425548293338807
1,nBondsT,dropped_redundant,0.06781915460378589,SMR_VSA2,0.8478222987949289
1,nBondsA,dropped_redundant,0.1663959728328043,nAromBond,1.0
1,nBondsM,dropped_redundant,0.23530971319244734,nBondsKD,0.9664315491856675
1,nBondsKS,dropped_redundant,0.0820608362187946,ATS2i,0.9972024041815538
1,nBondsKD,selected,0.2603185858033412,,
1,PNSA1,dropped_redundant,0.22508168229003173,WNSA4,0.8918348447980666
1,PNSA2,dropped_redundant,0.3639658693420237,WNSA4,0.9613371606463605
1,PNSA3,dropped_redundant,0.4754121971093228,DPSA3,0.9457109290053552
1,PNSA4,selected,0.3672738443891985,,
1,PPSA1,dropped_redundant,0.10708064551756911,WPSA1,0.9590919497836007
1,PPSA2,dropped_redundant,0.30337957697078327,WPSA4,0.9834898079322754
1,PPSA3,dropped_redundant,0.38323667112535603,PPSA4,0.9390813670337358
1,PPSA4,selected,0.426712052318653,,
1,DPSA1,dropped_redundant,0.016126051290602794,FNSA1,0.880321573666091
1,DPSA2,dropped_redundant,0.3385557949242866,WPSA4,0.9750119996299293
1,DPSA3,dropped_redundant,0.4931531825501865,TPSA,0.8632222211354441
1,DPSA4,dropped_redundant,0.481046290972079,DPSA3,0.9256093248680528
1,FNSA1,dropped_redundant,0.08447198484515883,FNSA4,0.8382005625381987
1,FNSA2,dropped_redundant,0.3923090686060918,WNSA4,0.961963106989827
1,FNSA3,dropped_redundant,0.37512344958428745,AATSC0c,0.8375550163873403
1,FNSA4,dropped_redundant,0.21199664535521537,AATS1are,0.8143443488882844
1,FPSA1,dropped_redundant,0.08447198484515883,FNSA1,1.0000000000000002
1,FPSA2,dropped_redundant,0.34582151372475617,WPSA4,0.9593558232824922
1,FPSA3,dropped_redundant,0.29898016878092826,FPSA4,0.9276309801801075
1,FPSA4,selected,0.3297044024903873,,
1,WNSA1,dropped_redundant,0.23752568127147933,WNSA4,0.8934194366812902
1,WNSA2,dropped_redundant,0.3229737690816289,PNSA2,0.9653995942651452
1,WNSA3,dropped_redundant,0.43965513752612995,DPSA3,0.9344505497860703
1,WNSA4,dropped_redundant,0.39514676164172885,nHetero,0.8747114859332838
1,WPSA1,dropped_redundant,0.1593079501699128,TIC1,0.9256988234790806
1,WPSA2,dropped_redundant,0.2734118905142407,WPSA4,0.9480016881377759
1,WPSA3,dropped_redundant,0.32491991490258304,WPSA4,0.9712033232434861
1,WPSA4,dropped_redundant,0.35838804885289743,PPSA4,0.9249582544177318
1,RNCG,selected,0.1177956801995915,,
1,RPCG,selected,0.007475516544889254,,
1,RNCS,selected,0.20803901206658856,,
1,RPCS,selected,0.2417984089754991,,
1,TASA,dropped_redundant,0.002890092251258369,TIC1,0.8732894411402624
1,TPSA,selected,0.5253532737434651,,
1,RASA,dropped_redundant,0.4425235000124337,RPSA,1.0
1,RPSA,dropped_redundant,0.4425235000124338,TPSA,0.8823482997026597
1,C1SP1,selected,0.0058808778369232794,,
1,C2SP1,selected,0.027549558879240838,,
1,C1SP2,selected,0.3772099038822351,,
1,C2SP2,dropped_redundant,0.03350156880968012,SMR_VSA7,0.9039065967309176
1,C3SP2,selected,0.052783856970029,,
1,C1SP3,selected,0.010479158591448101,,
1,C2SP3,selected,0.10058967233055527,,
1,C3SP3,selected,0.015354710167485625,,
1,C4SP3,selected,0.016446843876420886,,
1,FCSP3,selected,0.18173589546931984,,
1,Xch-3d,dropped_redundant,0.02157442120750339,n3Ring,0.98972632638396
1,Xch-4d,selected,0.019697823465179218,,
1,Xch-5d,dropped_redundant,0.20790542674104412,SRW05,0.8632594743485276
1,Xch-6d,dropped_redundant,0.13975467703363925,Xch-7d,0.9015671968996898
1,Xch-7d,selected,0.1453270791939145,,
1,Xch-3dv,selected,0.024805746808356285,,
1,Xch-4dv,dropped_redundant,0.010916135146607206,Xch-4d,0.9743784192298515
1,Xch-5dv,dropped_redundant,0.1279768789630541,Xch-5d,0.8900132300999727
1,Xch-6dv,dropped_redundant,0.047028304185388885,Xch-7d,0.8289853927873371
1,Xch-7dv,dropped_redundant,0.036476403013825945,Xch-6dv,0.9034418489669721
1,Xc-3d,dropped_redundant,0.19245208912200729,GGI1,0.9181547658960586
1,Xc-4d,selected,0.012372364499909165,,
1,Xc-5d,selected,0.1191408720216387,,
1,Xc-6d,selected,0.012175078193775906,,
1,Xc-3dv,dropped_redundant,0.09016373279996918,GGI1,0.8095710498947027
1,Xc-4dv,selected,0.021764477114680363,,
1,Xc-5dv,dropped_redundant,0.029015527563375727,Xc-5d,0.8356926764312658
1,Xc-6dv,dropped_redundant,0.008032998052423489,Xc-6d,0.8281521776447988
1,Xpc-4d,dropped_redundant,0.18991425511072424,GGI4,0.93147605462404
1,Xpc-5d,dropped_redundant,0.16345273443061234,Xpc-4d,0.9748364427795424
1,Xpc-6d,dropped_redundant,0.12810830701770043,Xpc-5d,0.9883746448250877
1,Xpc-4dv,dropped_redundant,0.062019088733723186,Xp-3dv,0.8998342505031567
1,Xpc-5dv,dropped_redundant,0.04178984511583816,Xpc-4dv,0.9761149709172788
1,Xpc-6dv,dropped_redundant,0.016120139260922022,Xpc-5dv,0.9888419167911299
1,Xp-1d,dropped_redundant,0.1960634841489012,nHeavyAtom,0.999017643629136
1,Xp-2d,dropped_redundant,0.20364962275510617,GRAVp,0.9800271559682657
1,Xp-3d,dropped_redundant,0.1764207150799634,Zagreb1,0.9938739440895717
1,Xp-4d,dropped_redundant,0.16636894940536387,BertzCT,0.9513211869877439
1,Xp-5d,dropped_redundant,0.12800013146400965,Xp-4d,0.9881231816937499
1,Xp-6d,dropped_redundant,0.12160649825192285,MPC4,0.9902391470890661
1,Xp-7d,dropped_redundant,0.09916782402509348,Xp-6d,0.992206763647995
1,Xp-1dv,dropped_redundant,0.13767996652425754,TIC1,0.9625457198182112
1,Xp-2dv,dropped_redundant,0.1163314615822784,Xp-1dv,0.9817678067258908
1,Xp-3dv,dropped_redundant,0.08138407664828877,TIC1,0.8931944331152704
1,Xp-4dv,dropped_redundant,0.06114343575964908,Xp-3dv,0.9886222073355133
1,Xp-5dv,dropped_redundant,0.02670576695625474,Xp-3dv,0.9733951696298134
1,Xp-6dv,dropped_redundant,0.021943163595453168,Xp-5dv,0.9868801413551275
1,Xp-7dv,dropped_redundant,0.006371717077387366,Xp-6dv,0.9936324435434422
1,SZ,dropped_redundant,0.197778667608241,MW,0.9980790801017656
1,Sm,dropped_redundant,0.2043997787789803,MW,0.9999952487598117
1,Sv,dropped_redundant,0.1496725264221672,VMcGowan,0.9967091875662671
1,Sse,dropped_redundant,0.1355061383800876,Sare,0.9997590480943924
1,Spe,dropped_redundant,0.1408524325719511,Sare,0.9999727047661363
1,Sare,dropped_redundant,0.14228819477725418,ATS0se,0.9991633752119582
1,Sp,dropped_redundant,0.12600923338809603,apol,0.9999999999999994
1,Si,dropped_redundant,0.1215644887247574,ATS0i,0.9994775380131861
1,MZ,dropped_redundant,0.08389898390640792,AATS1Z,0.9260198222147042
1,Mm,dropped_redundant,0.08016835224944664,AMW,0.9999744486087719
1,Mv,selected,0.13358394089946085,,
1,Mse,dropped_redundant,0.14337345223121753,Mpe,0.9934684902874209
1,Mpe,dropped_redundant,0.15006422709136003,Mare,0.986061093238735
1,Mare,dropped_redundant,0.16213804499005466,AATS1are,0.9604050442067571
1,Mp,dropped_redundant,0.030808804883037437,Mv,0.8795812482900146
1,Mi,dropped_redundant,0.003659450071689082,AATS1i,0.8352167497578749
1,NsssB,selected,-inf,,
1,NsCH3,selected,0.033716870119409166,,
1,NdCH2,selected,0.020631731498431154,,
1,NssCH2,dropped_redundant,0.08223652315843445,SssCH2,0.9236427352546838
1,NtCH,selected,0.0478044516809612,,
1,NdsCH,selected,0.04393068919470512,,
1,NaaCH,dropped_redundant,0.01281748804838224,SaaCH,0.9843100586763105
1,NsssCH,selected,0.0052938670555941324,,
1,NddC,dropped_redundant,0.03536919030592078,SddC,0.9999999999999997
1,NtsC,dropped_redundant,0.06234851658263612,nBondsT,0.9519821777728111
1,NdssC,selected,0.2331026775181215,,
1,NaasC,selected,0.14651042249180865,,
1,NaaaC,dropped_redundant,0.13725597547828983,nFaHRing,0.8002359413757155
1,NssssC,selected,0.03555626395841174,,
1,NsNH2,selected,0.1577382295567011,,
1,NssNH,selected,0.18068398856474485,,
1,NaaNH,selected,0.2339120589010608,,
1,NtN,dropped_redundant,0.092963048136872,SMR_VSA2,0.940235838543316
1,NdsN,selected,0.1485690802599452,,
1,NaaN,selected,0.23607170307459574,,
1,NsssN,dropped_redundant,0.08718838683241316,SsssN,0.9856003620206316
1,NddsN,selected,0.1629243919755414,,
1,NaasN,selected,0.14100380284999586,,
1,NssssN,dropped_redundant,0.001704185100753747,SssssN,0.9999999999999989
1,NsOH,selected,0.24609043024619887,,
1,NdO,selected,0.37648178791642256,,
1,NssO,dropped_redundant,0.04285487515833897,SssO,0.9947381604073661
1,NaaO,selected,0.23127041309173368,,
1,NsF,dropped_redundant,0.10677005348840374,nF,1.0
1,NdsssP,selected,-inf,,
1,NsSH,selected,-inf,,
1,NdS,selected,0.014738986255552556,,
1,NssS,selected,0.03522264543909682,,
1,NaaS,selected,0.05531946077580559,,
1,NdssS,dropped_redundant,0.05533807813192163,SdssS,0.9929346172006885
1,NddssS,dropped_redundant,0.13926762155731562,SddssS,0.9973080101793464
1,NsCl,dropped_redundant,0.07654284660880473,nCl,1.0
1,NsBr,dropped_redundant,0.055657850381578944,nBr,1.0
1,NsI,dropped_redundant,0.06439426122688087,nI,1.0
1,SsssB,selected,-inf,,
1,SsCH3,dropped_redundant,0.015170665165970224,NsCH3,0.9880787853391312
1,SdCH2,dropped_redundant,0.020130253367907112,NdCH2,0.9966233230625863
1,SssCH2,selected,0.21874238546843006,,
1,StCH,dropped_redundant,0.04749814963326732,NtCH,0.9993236705068006
1,SdsCH,dropped_redundant,0.02452026759024818,NdsCH,0.9576703146768718
1,SaaCH,dropped_redundant,0.03731275855661146,VSA_EState6,0.9815172088259431
1,SsssCH,selected,0.15128114881877439,,
1,SddC,selected,0.0353691903059209,,
1,StsC,dropped_redundant,0.044701788180745744,NtsC,0.979353860680425
1,SdssC,selected,0.15234083590295783,,
1,SaasC,selected,0.05635403665861477,,
1,SaaaC,dropped_redundant,0.08203926514959674,NaaaC,0.921207203868071
1,SssssC,selected,0.061102204403320357,,
1,SsNH2,dropped_redundant,0.15453909962776424,NsNH2,0.9978066732257102
1,SssNH,dropped_redundant,0.1580377542088785,NssNH,0.9855526966510733
1,SaaNH,dropped_redundant,0.2271184180953421,NaaNH,0.994413531794017
1,StN,dropped_redundant,0.09249741896642172,NtN,0.9965662602756148
1,SdsN,dropped_redundant,0.1354799337848572,NdsN,0.9947828049800167
1,SaaN,dropped_redundant,0.23344603256584148,NaaN,0.9974267867600964
1,SsssN,selected,0.1384302034684808,,
1,SddsN,dropped_redundant,0.15970155100147745,NddsN,0.9720946830490256
1,SaasN,dropped_redundant,0.1290607934328099,NaasN,0.9810973153455869
1,SssssN,selected,0.0017041851007537595,,
1,SsOH,dropped_redundant,0.23335612942071532,NsOH,0.9950713952281369
1,SdO,dropped_redundant,0.3699822106408831,NdO,0.9960088476000385
1,SssO,selected,0.044368767842233266,,
1,SaaO,dropped_redundant,0.22802599237240734,NaaO,0.9983873939284318
1,SsF,dropped_redundant,0.10631782789516013,nF,0.9948450347260196
1,SdsssP,selected,-inf,,
1,SsSH,selected,-inf,,
1,SdS,dropped_redundant,0.01088582655588918,NdS,0.9895611598128171
1,SssS,dropped_redundant,0.027355074982236105,NssS,0.9930562560376616
1,SaaS,dropped_redundant,0.04198244479006114,NaaS,0.9934180330365169
1,SdssS,selected,0.05695981947835338,,
1,SddssS,selected,0.14639400866130334,,
1,SsCl,selected,0.0783250718264716,,
1,SsBr,selected,0.06121210827291074,,
1,SsI,selected,0.074122966095419,,
1,ECIndex,dropped_redundant,0.21166656569418696,WPath,0.9618125580914348
1,fragCpx,dropped_redundant,0.1183121910788819,Xch-7d,0.8159451656005035
1,fMF,selected,0.08760440631744615,,
1,GeomDiameter,dropped_redundant,0.1669586164339468,GeomRadius,0.9850579254237215
1,GeomRadius,dropped_redundant,0.17246952058965567,Diameter,0.956604118582297
1,GeomShapeIndex,dropped_redundant,0.057359656624331,GeomPetitjeanIndex,0.9930447045927921
1,GeomPetitjeanIndex,selected,0.0643442367601937,,
1,GRAV,dropped_redundant,0.2347380216484153,GRAVp,0.9875098741171289
1,GRAVH,dropped_redundant,0.22011189267591602,GRAV,0.9972235555814312
1,GRAVp,dropped_redundant,0.2491451523538418,BertzCT,0.9598307448802387
1,GRAVHp,dropped_redundant,0.23546847166161275,GRAVp,0.99749767088051
1,nHBAcc,dropped_redundant,0.4084281770681339,PPSA4,0.8445472770975545
1,nHBDon,selected,0.4161053462416225,,
1,IC0,dropped_redundant,0.3627723230279069,SIC1,0.8115680903093431
1,IC1,selected,0.3688991074328619,,
1,IC2,dropped_redundant,0.2784947407208635,IC1,0.9118926769856388
1,IC3,dropped_redundant,0.19795557997840063,IC2,0.9647059585331322
1,IC4,dropped_redundant,0.17968190235595496,IC3,0.9931228795262853
1,IC5,dropped_redundant,0.17803828603274538,IC4,0.99841716470393
1,TIC0,dropped_redundant,0.23202802655736587,TIC1,0.9812396458658393
1,TIC1,dropped_redundant,0.2360787748466475,ATS8dv,0.8384722389248345
1,TIC2,dropped_redundant,0.18979239807038414,TIC1,0.9879533771179884
1,TIC3,dropped_redundant,0.15620583012369826,TIC2,0.9944034509905635
1,TIC4,dropped_redundant,0.14870498249567815,TIC3,0.9990072324911858
1,TIC5,dropped_redundant,0.14840000860321637,TIC4,0.9997342622193456
1,SIC0,selected,0.16984961750100616,,
1,SIC1,selected,0.3735080225925219,,
1,SIC2,dropped_redundant,0.3347356610640552,CIC2,0.8768480314872686
1,SIC3,dropped_redundant,0.23472203926591087,CIC3,0.9190191695620081
1,SIC4,dropped_redundant,0.20739242996349508,SIC3,0.9805626227469979
1,SIC5,dropped_redundant,0.20465220148528074,SIC4,0.9957278008282241
1,BIC0,dropped_redundant,0.14292620811781862,SIC0,0.984536380443834
1,BIC1,dropped_redundant,0.37162170032030883,SIC1,0.9859569066954429
1,BIC2,dropped_redundant,0.32241933681654306,SIC2,0.9785710701825434
1,BIC3,dropped_redundant,0.2200690505709462,SIC3,0.9786105414367464
1,BIC4,dropped_redundant,0.19058163640820122,SIC3,0.9635013091845918
1,BIC5,dropped_redundant,0.18769054056302326,BIC4,0.9948109970006362
1,CIC0,dropped_redundant,0.0184140511003419,SIC0,0.8518083035392424
1,CIC1,dropped_redundant,0.2843138089552229,SIC1,0.8270979872900495
1,CIC2,dropped_redundant,0.3416460290507993,SIC1,0.8680516810918646
1,CIC3,dropped_redundant,0.2572076845361842,SIC2,0.8824578643840597
1,CIC4,dropped_redundant,0.22577102271993016,CIC3,0.9646500404163403
1,CIC5,dropped_redundant,0.22366581957537746,CIC4,0.9917625936900271
1,MIC0,selected,0.1774744181303628,,
1,MIC1,dropped_redundant,0.3255378135021542,IC0,0.8397110896602961
1,MIC2,dropped_redundant,0.2839785035324402,MIC1,0.9660316216403824
1,MIC3,dropped_redundant,0.2580563211936305,MIC2,0.9884293434179683
1,MIC4,dropped_redundant,0.25512656971864267,MIC5,0.99969800140818
1,MIC5,dropped_redundant,0.257038263610547,MIC3,0.9976570921036685
1,ZMIC0,dropped_redundant,0.1877443233385131,mZagreb2,0.9872037239728096
1,ZMIC1,selected,0.00917252808262575,,
1,ZMIC2,dropped_redundant,0.008075400451947067,ZMIC1,0.8893461978412591
1,ZMIC3,dropped_redundant,0.07439333383418646,ZMIC4,0.9833661067987942
1,ZMIC4,selected,0.09037556677388901,,
1,ZMIC5,dropped_redundant,0.08330807305692071,ZMIC4,0.994705742253478
1,Lipinski,selected,0.1245006203788058,,
1,GhoseFilter,selected,0.0824323854579866,,
1,FilterItLogS,dropped_redundant,0.0006074245969717109,ZMIC1,0.8040214845019992
1,VMcGowan,dropped_redundant,0.15862646322280047,mZagreb2,0.9858801479812103
1,LabuteASA,dropped_redundant,0.18270169128912012,nHeavyAtom,0.9951759740614833
1,PEOE_VSA1,selected,0.27259593358891127,,
1,PEOE_VSA2,selected,0.37247515822675714,,
1,PEOE_VSA3,selected,0.21310191005460552,,
1,PEOE_VSA4,selected,0.13052373466337164,,
1,PEOE_VSA5,selected,0.038403246006862755,,
1,PEOE_VSA6,selected,0.28145474098185613,,
1,PEOE_VSA7,selected,0.04326829603252295,,
1,PEOE_VSA8,selected,0.1118062143902887,,
1,PEOE_VSA9,selected,0.27965660764588685,,
1,PEOE_VSA10,selected,0.1625424172370164,,
1,PEOE_VSA11,selected,0.16430123028363391,,
1,PEOE_VSA12,selected,0.29978027188556283,,
1,PEOE_VSA13,selected,0.25679424274023044,,
1,SMR_VSA1,dropped_redundant,0.277335752382641,ATSC0se,0.8692174798489589
1,SMR_VSA2,selected,0.09805884025584015,,
1,SMR_VSA3,dropped_redundant,0.2724845155718277,nN,0.8443674547813256
1,SMR_VSA4,selected,0.12180678795493526,,
1,SMR_VSA5,dropped_redundant,0.06336773787156134,C2SP3,0.8700741407269454
1,SMR_VSA6,selected,0.023060916011388894,,
1,SMR_VSA7,dropped_redundant,0.09184369582890765,nBondsKD,0.8997000988427946
1,SMR_VSA9,selected,0.16335615195077496,,
1,SlogP_VSA1,selected,0.2291487342654964,,
1,SlogP_VSA2,selected,0.2050080872929136,,
1,SlogP_VSA3,selected,0.23892066807940737,,
1,SlogP_VSA4,selected,0.13106353798975215,,
1,SlogP_VSA5,dropped_redundant,0.053264487458891355,SMR_VSA5,0.8952676135740616
1,SlogP_VSA6,dropped_redundant,0.055688115441029105,SMR_VSA7,0.9465268480101875
1,SlogP_VSA7,dropped_redundant,0.07342092154783857,SsCl,0.8010880841455406
1,SlogP_VSA8,selected,0.1889729235481595,,
1,SlogP_VSA10,selected,0.042159436156754514,,
1,SlogP_VSA11,selected,0.08487731380072909,,
1,EState_VSA1,selected,0.1773920103706801,,
1,EState_VSA2,selected,0.34251022186303626,,
1,EState_VSA3,selected,0.29844479360236165,,
1,EState_VSA4,selected,0.02727474140546773,,
1,EState_VSA5,selected,0.24370623139683323,,
1,EState_VSA6,selected,0.34627732302235537,,
1,EState_VSA7,selected,0.1389230855663213,,
1,EState_VSA8,selected,0.24803400389710892,,
1,EState_VSA9,selected,0.07196572378392425,,
1,EState_VSA10,selected,0.3047140480149836,,
1,VSA_EState1,dropped_redundant,0.012563348194409091,nF,0.8254402697842869
1,VSA_EState2,dropped_redundant,0.36792344373779845,NdO,0.8095334884178831
1,VSA_EState3,selected,0.37083252925672755,,
1,VSA_EState4,selected,0.09919846186169733,,
1,VSA_EState5,selected,0.07955588039950477,,
1,VSA_EState6,selected,0.08840017605548928,,
1,VSA_EState7,selected,0.03176891088436965,,
1,VSA_EState8,selected,0.10402668468721618,,
1,VSA_EState9,selected,0.07751545253551925,,
1,MOMI-X,dropped_redundant,0.1905476691929589,Diameter,0.9019549736400639
1,MOMI-Y,dropped_redundant,0.18074893530922123,MOMI-X,0.9887175394569444
1,MOMI-Z,selected,0.17765188773305668,,
1,PBF,selected,0.02196615013692956,,
1,MPC2,dropped_redundant,0.1857540603093062,Zagreb1,0.9982997387017013
1,MPC3,dropped_redundant,0.16242143907524315,Xp-4d,0.9950582834040064
1,MPC4,dropped_redundant,0.14503122195360946,Xp-4d,0.9838175809438051
1,MPC5,dropped_redundant,0.11085593979843726,Xp-6d,0.9926230412304413
1,MPC6,dropped_redundant,0.1026353637854787,TMPC10,0.9939188086692824
1,MPC7,dropped_redundant,0.08980368701384979,TMPC10,0.9962857132790395
1,MPC8,dropped_redundant,0.08733511645825501,TMPC10,0.9930747266220047
1,MPC9,dropped_redundant,0.08386793421881936,MPC8,0.9957187328658929
1,MPC10,dropped_redundant,0.08891230259948696,TMPC10,0.9780039740336456
1,TMPC10,dropped_redundant,0.10682641582247057,fragCpx,0.8992777501386817
1,piPC1,dropped_redundant,0.19193520794803906,piPC2,0.9878120053115022
1,piPC2,dropped_redundant,0.19674756722217118,TSRW10,0.8917677220890895
1,piPC3,dropped_redundant,0.17835264249392593,piPC2,0.9773304793872747
1,piPC4,dropped_redundant,0.1712885425343236,piPC3,0.9852588601255292
1,piPC5,dropped_redundant,0.16173093993543886,piPC4,0.9903650465893142
1,piPC6,dropped_redundant,0.1753859086373247,piPC2,0.9538512618366908
1,piPC7,dropped_redundant,0.17155987674068124,piPC6,0.9874290428660285
1,piPC8,dropped_redundant,0.17106567449793814,piPC6,0.9564822712663718
1,piPC9,dropped_redundant,0.1639389851050317,piPC8,0.9839225446116118
1,piPC10,dropped_redundant,0.15228860751040565,nBondsKD,0.8298616245680688
1,TpiPC10,dropped_redundant,0.1645840074271377,piPC6,0.9786148944685678
1,apol,dropped_redundant,0.1260092333880962,Sv,0.9972398790449488
1,bpol,dropped_redundant,0.09894308662213673,WPSA1,0.9467518819377816
1,nRing,dropped_redundant,0.07614165794511245,fragCpx,0.9270792530336484
1,n3Ring,dropped_redundant,0.022275207130496365,Xch-3dv,0.9647745053491841
1,n4Ring,selected,0.015075793955979105,,
1,n5Ring,dropped_redundant,0.24523900645456473,n5HRing,0.9534807124718832
1,n6Ring,dropped_redundant,0.00906049948211454,fragCpx,0.8208826977738136
1,n7Ring,dropped_redundant,0.09996225101413132,n7ARing,0.992670394633551
1,n8Ring,selected,-inf,,
1,n9Ring,selected,-inf,,
1,nG12Ring,selected,0.0022493817979107197,,
1,nHRing,selected,0.19089339736259456,,
1,n3HRing,selected,0.005602929061092776,,
1,n4HRing,selected,0.09534082699318847,,
1,n5HRing,selected,0.25476305528439647,,
1,n6HRing,selected,0.09240415023877412,,
1,n7HRing,dropped_redundant,0.10145377678785991,n7ARing,0.9370677976739278
1,n8HRing,selected,-inf,,
1,n9HRing,selected,-inf,,
1,nG12HRing,dropped_redundant,0.0022493817979107197,nG12Ring,1.0
1,naRing,dropped_redundant,0.18359015516819402,nBondsM,0.9767185008408305
1,n5aRing,selected,0.25554255499986306,,
1,n6aRing,dropped_redundant,0.06867440602496493,nBondsKD,0.8627532363302165
1,n7aRing,selected,0.04095834729605609,,
1,naHRing,selected,0.3351031011086142,,
1,n5aHRing,dropped_redundant,0.25554255499986306,n5aRing,1.0
1,n6aHRing,selected,0.24200399964053018,,
1,n7aHRing,selected,-inf,,
1,nARing,dropped_redundant,0.0807674013254956,n6ARing,0.8202169681285876
1,n3ARing,dropped_redundant,0.022275207130496365,n3Ring,1.0
1,n4ARing,dropped_redundant,0.015075793955979105,n4Ring,1.0
1,n5ARing,dropped_redundant,0.06304077183437753,n5AHRing,0.9042816129460348
1,n6ARing,selected,0.09146561464872434,,
1,n7ARing,selected,0.10716024160459983,,
1,n8ARing,selected,-inf,,
1,n9ARing,selected,-inf,,
1,nG12ARing,dropped_redundant,0.0022493817979107197,nG12Ring,1.0
1,nAHRing,selected,0.07690357003101643,,
1,n3AHRing,dropped_redundant,0.005602929061092776,n3HRing,1.0
1,n4AHRing,dropped_redundant,0.09534082699318847,n4HRing,1.0
1,n5AHRing,selected,0.07129179676404464,,
1,n6AHRing,selected,0.09322303941040522,,
1,n7AHRing,dropped_redundant,0.10145377678785991,n7HRing,1.0
1,n8AHRing,selected,-inf,,
1,n9AHRing,selected,-inf,,
1,nG12AHRing,dropped_redundant,0.0022493817979107197,nG12Ring,1.0
1,nFRing,dropped_redundant,0.023678864536611704,nFHRing,0.9262323758126786
1,n6FRing,selected,-inf,,
1,n7FRing,selected,0.0020262282041960205,,
1,n8FRing,selected,0.03611323562660771,,
1,n9FRing,dropped_redundant,0.08461533437291918,n9FHRing,0.9823496685160478
1,n10FRing,selected,0.07711810826611915,,
1,n11FRing,selected,0.0701529679249279,,
1,n12FRing,selected,0.02251790947060672,,
1,nG12FRing,selected,0.08805762603182012,,
1,nFHRing,selected,0.0288007423176448,,
1,n6FHRing,selected,-inf,,
1,n7FHRing,selected,0.05186228123919554,,
1,n8FHRing,dropped_redundant,0.02254567215115537,n8FRing,0.8936913396281262
1,n9FHRing,dropped_redundant,0.08826174238534686,n9FaRing,0.8394379624657353
1,n10FHRing,dropped_redundant,0.07312149528935522,n10FRing,0.9191392551365846
1,n11FHRing,dropped_redundant,0.0701529679249279,n11FRing,1.0
1,n12FHRing,dropped_redundant,0.02251790947060672,n12FRing,1.0
1,nG12FHRing,dropped_redundant,0.08110027896780943,nG12FAHRing,0.9680245746057122
1,nFaRing,dropped_redundant,0.13154523111011235,nFaHRing,0.9629515109543302
1,n9FaRing,selected,0.09271987808841751,,
1,n10FaRing,dropped_redundant,0.10053777869110428,n10FaHRing,0.9089747486573891
1,n11FaRing,selected,-inf,,
1,nG12FaRing,selected,0.010793083332353433,,
1,nFaHRing,selected,0.14017688161973202,,
1,n9FaHRing,dropped_redundant,0.09271987808841751,n9FaRing,1.0
1,n10FaHRing,selected,0.11571211439573349,,
1,n11FaHRing,selected,-inf,,
1,nG12FaHRing,dropped_redundant,0.0054185842289394045,nG12FaRing,0.9250559064109884
1,nFARing,dropped_redundant,0.07112418607224558,nFAHRing,0.9182178117354411
1,n6FARing,selected,-inf,,
1,n7FARing,dropped_redundant,0.0020262282041960205,n7FRing,1.0
1,n8FARing,dropped_redundant,0.03611323562660771,n8FRing,1.0
1,n9FARing,dropped_redundant,0.019657146975724318,n9FAHRing,0.9424934953648554
1,n10FARing,selected,0.014076628284612414,,
1,n11FARing,dropped_redundant,0.0701529679249279,n11FRing,1.0
1,n12FARing,dropped_redundant,0.02251790947060672,n12FRing,1.0
1,nG12FARing,dropped_redundant,0.08706054654894722,nG12FRing,0.9660735245766304
1,nFAHRing,selected,0.07193203736533078,,
1,n6FAHRing,selected,-inf,,
1,n7FAHRing,dropped_redundant,0.05186228123919554,n7FHRing,1.0
1,n8FAHRing,dropped_redundant,0.02254567215115537,n8FHRing,1.0
1,n9FAHRing,selected,0.02348910351325791,,
1,n10FAHRing,dropped_redundant,0.00478604600476239,n10FARing,0.9125014656906308
1,n11FAHRing,dropped_redundant,0.0701529679249279,n11FRing,1.0
1,n12FAHRing,dropped_redundant,0.02251790947060672,n12FRing,1.0
1,nG12FAHRing,dropped_redundant,0.08144377830279531,nG12FRing,0.8974226914148887
1,nRot,selected,0.19087114541458192,,
1,SLogP,selected,0.27783471874495663,,
1,SMR,dropped_redundant,0.1556288708712713,VMcGowan,0.9925231464682419
1,TopoPSA(NO),selected,0.5996031239839291,,
1,TopoPSA,dropped_redundant,0.5803352436732275,TopoPSA(NO),0.9581280197540397
1,GGI1,selected,0.24679974514455078,,
1,GGI2,dropped_redundant,0.16541505456312672,Xpc-4d,0.9810907897186488
1,GGI3,dropped_redundant,0.18943897292543,Xpc-4d,0.9336798462521061
1,GGI4,dropped_redundant,0.2008849695068297,GGI5,0.9227761860646427
1,GGI5,dropped_redundant,0.20255519246209475,GGI1,0.8343417058334521
1,GGI6,dropped_redundant,0.19232329360017178,GGI5,0.9281501115151198
1,GGI7,dropped_redundant,0.2192678897306844,ATS6dv,0.9093920904934558
1,GGI8,dropped_redundant,0.21663022115619002,ATS8dv,0.9215005476095254
1,GGI9,dropped_redundant,0.2375864292355222,ATS8dv,0.9247733870344446
1,GGI10,dropped_redundant,0.23039220388036488,ATS8dv,0.8714729134546425
1,JGI1,dropped_redundant,0.03141010439617483,JGT10,0.8291448147258934
1,JGI2,selected,0.03151996736770679,,
1,JGI3,selected,0.08494823651239687,,
1,JGI4,selected,0.0943929331710444,,
1,JGI5,selected,0.14190267415569147,,
1,JGI6,selected,0.13110786279110287,,
1,JGI7,selected,0.13347818733302735,,
1,JGI8,selected,0.07062167872852743,,
1,JGI9,selected,0.08886228735506999,,
1,JGI10,selected,0.1938214105221216,,
1,JGT10,selected,0.10826099056341382,,
1,Diameter,dropped_redundant,0.21276099780617178,TIC1,0.8868964500585008
1,Radius,dropped_redundant,0.20359971739584606,Diameter,0.9905642826090708
1,MWC01,dropped_redundant,0.18863530136731407,nBondsO,1.0
1,MWC02,dropped_redundant,0.15877737253587162,SRW02,0.9958014329838535
1,MWC03,dropped_redundant,0.15144822556093365,MWC02,0.9979752168332264
1,MWC04,dropped_redundant,0.1463588393618515,MWC03,0.9981452033481417
1,MWC05,dropped_redundant,0.14098874934781302,MWC04,0.9990735722103636
1,MWC06,dropped_redundant,0.13662466707369098,piPC2,0.9633328748057317
1,MWC07,dropped_redundant,0.13278265992513202,MWC06,0.9995300778420132
1,MWC08,dropped_redundant,0.12930491350014103,MWC06,0.9988047078527911
1,MWC09,dropped_redundant,0.12657025982854825,MWC08,0.9997312895106825
1,MWC10,dropped_redundant,0.12381564640368017,MWC08,0.9993892110812715
1,TMWC10,dropped_redundant,0.18154468788866604,GRAVp,0.9617237744610215
1,SRW02,dropped_redundant,0.16343681528210688,piPC1,0.9902590648330505
1,SRW03,dropped_redundant,0.02227520713049635,n3Ring,1.0000000000000002
1,SRW04,dropped_redundant,0.15644473685311683,MWC02,0.9994694823165983
1,SRW05,dropped_redundant,0.23303462677717002,n5HRing,0.8458115293653083
1,SRW06,dropped_redundant,0.14410355231917008,MWC04,0.9988971470076171
1,SRW07,dropped_redundant,0.19583885970771553,SRW05,0.956867695631453
1,SRW08,dropped_redundant,0.13268056915656687,MWC06,0.9980916516828952
1,SRW09,dropped_redundant,0.17556198813175355,SRW07,0.9937121981428609
1,SRW10,dropped_redundant,0.12354364568709661,SRW08,0.9984846000596102
1,TSRW10,dropped_redundant,0.22533200856075478,TIC1,0.8605617481049137
1,MW,dropped_redundant,0.20454110153459934,ATS1m,0.9883955794302199
1,AMW,dropped_redundant,0.08143737331072244,MZ,0.9991724796129953
1,WPath,dropped_redundant,0.22450852990228015,WPSA2,0.9586423894860421
1,WPol,dropped_redundant,0.16076633074922234,Xp-4d,0.9839754204024618
1,Zagreb1,dropped_redundant,0.187106596765412,Xp-2d,0.9936240869302394
1,Zagreb2,dropped_redundant,0.1784549716720053,MPC2,0.9986100503888
1,mZagreb2,dropped_redundant,0.20786620228363062,TIC1,0.9784609845394755
2,nAcid,selected,0.21586516783162446,,
2,nBase,selected,0.024648364327537104,,
2,nAromAtom,dropped_redundant,0.12131814150109894,nAromBond,0.9978765426466779
2,nAromBond,dropped_redundant,0.1260390217223051,naRing,0.9944202302884715
2,nAtom,dropped_redundant,0.14507921391831632,Si,0.9996010738889821
2,nHeavyAtom,dropped_redundant,0.217650754475939,mZagreb2,0.9949333680368101
2,nSpiro,selected,0.009744833636904818,,
2,nBridgehead,selected,0.013852779374486807,,
2,nHetero,selected,0.4564594185523084,,
2,nH,dropped_redundant,0.05936804676767738,nBondsS,0.9768526937582784
2,nB,selected,-inf,,
2,nC,dropped_redundant,0.09598461542219927,ATS6d,0.9451712635007852
2,nN,selected,0.33982550818431795,,
2,nO,dropped_redundant,0.43340774788494774,TPSA,0.8006784832520633
2,nS,selected,0.16077498072860616,,
2,nP,selected,-inf,,
2,nF,dropped_redundant,0.09118464359701049,nX,0.8177760788993961
2,nCl,dropped_redundant,0.04406006832214899,SsCl,0.994876209523083
2,nBr,dropped_redundant,0.015006942012095197,SsBr,0.9875255787665497
2,nI,dropped_redundant,0.1272292194237828,SsI,0.9988443518778124
2,nX,selected,0.11033476034631863,,
2,ATS0dv,dropped_redundant,0.31403114034130936,nHetero,0.8568670426783098
2,ATS1dv,dropped_redundant,0.27445272126026476,ATS0dv,0.9648162914692547
2,ATS2dv,dropped_redundant,0.2669649007173642,ATS0dv,0.9698978417690267
2,ATS3dv,dropped_redundant,0.23316262883388156,ATS4dv,0.9830579234313185
2,ATS4dv,dropped_redundant,0.2567117018008013,ATS0dv,0.9090494540764721
2,ATS5dv,dropped_redundant,0.23522121020658066,ATS6dv,0.9650694012756137
2,ATS6dv,dropped_redundant,0.25019777119840125,ATS4dv,0.9180113791110652
2,ATS7dv,dropped_redundant,0.24665439776394626,ATS6dv,0.9640460455627249
2,ATS8dv,selected,0.2860769736358965,,
2,ATS0d,dropped_redundant,0.187890110899349,MPC2,0.9916508311760508
2,ATS1d,dropped_redundant,0.17140163652217857,ATS0d,0.9969732604189941
2,ATS2d,dropped_redundant,0.1513298192256752,Xp-4d,0.9741557736817663
2,ATS3d,dropped_redundant,0.11901145290202782,ATS3v,0.9947584424938417
2,ATS4d,dropped_redundant,0.11978444925201853,ATS4v,0.9949892700741705
2,ATS5d,dropped_redundant,0.11536655061655923,ATS5v,0.9938021154395207
2,ATS6d,dropped_redundant,0.12529299489522772,ATS4m,0.8794922805789506
2,ATS7d,dropped_redundant,0.14254124821643083,ATS8d,0.9845727828355837
2,ATS8d,dropped_redundant,0.16870882263318132,ATS8m,0.9590369793558118
2,ATS0Z,selected,0.08992484451353085,,
2,ATS1Z,dropped_redundant,0.2220494987040485,ATS1m,0.9986804341162048
2,ATS2Z,dropped_redundant,0.19703299896845955,GRAVp,0.9705133242200626
2,ATS3Z,dropped_redundant,0.17702662622449958,ATS3m,0.9963946556228512
2,ATS4Z,dropped_redundant,0.2061916195288221,ATS4m,0.9958368480651952
2,ATS5Z,dropped_redundant,0.18494690413446502,ATS5m,0.9956956311568546
2,ATS6Z,dropped_redundant,0.17309775804366154,ATS6m,0.9970516983358942
2,ATS7Z,dropped_redundant,0.17389562772271286,ATS7m,0.9972752951364
2,ATS8Z,dropped_redundant,0.19754686311699446,ATS8m,0.9979427176339145
2,ATS0m,dropped_redundant,0.0420946393310933,ATS0Z,0.9853445608929672
2,ATS1m,dropped_redundant,0.22417571200986683,GRAVp,0.9883796275650518
2,ATS2m,dropped_redundant,0.19638198024809944,ATS2Z,0.9968095131873771
2,ATS3m,dropped_redundant,0.17798863614527696,ATS4m,0.9682592316286143
2,ATS4m,dropped_redundant,0.21465901743605045,GGI3,0.8743451884588508
2,ATS5m,dropped_redundant,0.1880058118305069,ATS4m,0.9640217030455153
2,ATS6m,dropped_redundant,0.1756568412478363,ATS5m,0.9711966042085831
2,ATS7m,dropped_redundant,0.17869100638363383,ATS8m,0.9629581623718573
2,ATS8m,dropped_redundant,0.20714217343376407,ATS8dv,0.9406276600751171
2,ATS0v,dropped_redundant,0.16498975499534088,SMR,0.9959896753811222
2,ATS1v,dropped_redundant,0.15303480722616952,ATS0v,0.9966962539805415
2,ATS2v,dropped_redundant,0.1417283841251168,ATS2d,0.9928642129080232
2,ATS3v,dropped_redundant,0.12154860128546312,ATS4v,0.9936810894014664
2,ATS4v,dropped_redundant,0.12585363547827497,ATS2d,0.9854771615110521
2,ATS5v,dropped_redundant,0.11906541156393455,ATS4v,0.9892731088587978
2,ATS6v,dropped_redundant,0.12307194752196904,ATS6d,0.9940539340840947
2,ATS7v,dropped_redundant,0.13655649586042876,ATS7d,0.9949861990922009
2,ATS8v,dropped_redundant,0.15908345845435753,ATS8d,0.9962692696747968
2,ATS0se,dropped_redundant,0.18033359754553083,ATS0are,0.9984760139428766
2,ATS1se,dropped_redundant,0.16853544783301644,ATS1are,0.9996893772850981
2,ATS2se,dropped_redundant,0.14013896889537475,ATS2are,0.9992866981092742
2,ATS3se,dropped_redundant,0.1178696080431508,ATS3are,0.9995142890061651
2,ATS4se,dropped_redundant,0.11815325640911739,ATS4are,0.9994683556681614
2,ATS5se,dropped_redundant,0.10661899575690534,ATS5are,0.9994961885681338
2,ATS6se,dropped_redundant,0.10564371290702079,ATS6are,0.9995206669463927
2,ATS7se,dropped_redundant,0.11786994712676913,ATS7are,0.9995483191185753
2,ATS8se,dropped_redundant,0.1395896568874209,ATS8are,0.9996510564815939
2,ATS0pe,dropped_redundant,0.19032033536622336,ATS0are,0.9998160476129465
2,ATS1pe,dropped_redundant,0.17320943710347608,ATS1are,0.9999568918322688
2,ATS2pe,dropped_redundant,0.14589164273728628,ATS2are,0.9999224995598494
2,ATS3pe,dropped_redundant,0.12542815194186063,ATS3are,0.9999503335751416
2,ATS4pe,dropped_redundant,0.1259425907385958,ATS4are,0.9999518375397274
2,ATS5pe,dropped_redundant,0.11419705572500798,ATS5are,0.9999556780325982
2,ATS6pe,dropped_redundant,0.11288560802322241,ATS6are,0.9999537734092088
2,ATS7pe,dropped_redundant,0.12300530915059958,ATS7are,0.9999496987709509
2,ATS8pe,dropped_redundant,0.14455223107388698,ATS8are,0.9999724936495245
2,ATS0are,dropped_redundant,0.1939373075092738,TIC0,0.9797955412856507
2,ATS1are,dropped_redundant,0.17601589719418445,ATS0are,0.9950237082978916
2,ATS2are,dropped_redundant,0.14770588322412423,ATS0are,0.9897579144130179
2,ATS3are,dropped_redundant,0.12779658952390352,ATS4are,0.9884102417629546
2,ATS4are,dropped_redundant,0.12821895603976308,ATSC0d,0.9554251323641118
2,ATS5are,dropped_redundant,0.11616286482666514,ATS4are,0.9853845911331599
2,ATS6are,dropped_redundant,0.11464905453330501,ATS6d,0.9787733532165244
2,ATS7are,dropped_redundant,0.12450704347578744,ATS6d,0.9793338776063857
2,ATS8are,dropped_redundant,0.14615268579345245,ATS8d,0.9827205882757282
2,ATS0p,dropped_redundant,0.127905663543578,Xp-1dv,0.986399338207266
2,ATS1p,dropped_redundant,0.12992541532298027,Xp-1dv,0.9903141015722446
2,ATS2p,dropped_redundant,0.11624850376931004,ATS2v,0.9946586792754533
2,ATS3p,dropped_redundant,0.09022481087916524,ATS3v,0.9938233499249032
2,ATS4p,dropped_redundant,0.09213567270678844,ATS4v,0.9931014098417518
2,ATS5p,dropped_redundant,0.087709746606257,ATS5v,0.9939556339642529
2,ATS6p,dropped_redundant,0.09401265573411134,ATS6v,0.9944622022088153
2,ATS7p,dropped_redundant,0.10869986920364996,ATS7d,0.9898834960657587
2,ATS8p,dropped_redundant,0.13130328759355425,ATS8d,0.991968418071834
2,ATS0i,dropped_redundant,0.1514873977671252,ATS0are,0.9912730562436448
2,ATS1i,dropped_redundant,0.15946293616695134,ATS1are,0.9981812452429119
2,ATS2i,dropped_redundant,0.12364847473204667,ATS2are,0.9952499695007007
2,ATS3i,dropped_redundant,0.09889686891395282,ATS3are,0.9948290732312025
2,ATS4i,dropped_redundant,0.09911031949833918,ATS4are,0.994223843059165
2,ATS5i,dropped_redundant,0.08645316897202678,ATS5are,0.9948943012780019
2,ATS6i,dropped_redundant,0.08631224013664804,ATS6are,0.9953356215418954
2,ATS7i,dropped_redundant,0.10315182027756743,ATS7are,0.9965133529106016
2,ATS8i,dropped_redundant,0.1258183629903558,ATS8are,0.996647913797525
2,AATS0dv,dropped_redundant,0.17057390304741538,AATS1are,0.9257958687089604
2,AATS1dv,selected,0.21219183154657376,,
2,AATS0d,selected,0.1606098790521084,,
2,AATS1d,dropped_redundant,0.14032547058702333,AATS0d,0.9777643317156307
2,AATS0Z,dropped_redundant,0.03590132152236014,AATS0m,0.9940460166957265
2,AATS1Z,selected,0.08268846510512066,,
2,AATS0m,dropped_redundant,0.053811924344931115,AATSC0m,0.91581884261925
2,AATS1m,dropped_redundant,0.07377609387530319,AATS1Z,0.9993486657586782
2,AATS0v,dropped_redundant,0.06966525908289235,Mv,0.9867282451487901
2,AATS1v,dropped_redundant,0.06814966980767179,Mv,0.9526572020363038
2,AATS0se,dropped_redundant,0.12277547050252999,Mse,0.9989615004840634
2,AATS1se,dropped_redundant,0.19093487464292955,AATS1are,0.9742592947075652
2,AATS0pe,dropped_redundant,0.1171691077439942,Mpe,0.9974839273819222
2,AATS1pe,dropped_redundant,0.18707106375136529,AATS1se,0.990699679397517
2,AATS0are,dropped_redundant,0.12486884819343193,Mare,0.9970882994317086
2,AATS1are,selected,0.20149977959123883,,
2,AATS0p,dropped_redundant,0.0330487090932988,AATS1p,0.9107275512365668
2,AATS1p,selected,0.036534257354099556,,
2,AATS0i,dropped_redundant,0.007470918162199981,Mi,0.9966315049279769
2,AATS1i,dropped_redundant,0.15805029232591328,AATS1are,0.8015460063513076
2,ATSC0c,dropped_redundant,0.4511970705053504,DPSA3,0.9017155828049257
2,ATSC1c,selected,0.4754411943355814,,
2,ATSC2c,selected,0.2187307377160752,,
2,ATSC3c,selected,0.10747927895537081,,
2,ATSC4c,selected,0.045663880802999386,,
2,ATSC5c,selected,0.017333383216450983,,
2,ATSC6c,selected,0.008661806135386528,,
2,ATSC7c,selected,0.021736288397733696,,
2,ATSC8c,selected,0.02257317115361528,,
2,ATSC0dv,dropped_redundant,0.2854062529138499,ATS0dv,0.9503205261165466
2,ATSC1dv,selected,0.18121364647943136,,
2,ATSC2dv,selected,0.20708468602087624,,
2,ATSC3dv,selected,0.12896285968672747,,
2,ATSC4dv,selected,0.05312183158827911,,
2,ATSC5dv,selected,0.14608893026621167,,
2,ATSC6dv,dropped_redundant,0.06304636199749976,ATSC6pe,0.8006586827306934
2,ATSC7dv,selected,0.012013914912105354,,
2,ATSC8dv,selected,0.0014227117481125336,,
2,ATSC0d,dropped_redundant,0.20162699977756074,Xpc-4d,0.9386758458583443
2,ATSC1d,dropped_redundant,0.12327514916707677,GGI3,0.8393263113054288
2,ATSC2d,selected,0.03126098970218026,,
2,ATSC3d,selected,0.11651639424590873,,
2,ATSC4d,selected,0.014957765025830788,,
2,ATSC5d,selected,0.020564936241776837,,
2,ATSC6d,selected,0.011333757389723672,,
2,ATSC7d,selected,0.01826794709302129,,
2,ATSC8d,selected,0.018493508483556926,,
2,ATSC0Z,dropped_redundant,0.023159020821110744,ATSC0m,0.9962498123534866
2,ATSC1Z,dropped_redundant,0.1657610797711304,ATSC1m,0.9991309896106613
2,ATSC2Z,dropped_redundant,0.04832149589893665,ATSC2m,0.9981888800558955
2,ATSC3Z,selected,0.05187505859131126,,
2,ATSC4Z,selected,0.09767116244517658,,
2,ATSC5Z,selected,0.11386819032990624,,
2,ATSC6Z,selected,0.11099496427563113,,
2,ATSC7Z,dropped_redundant,0.04829899550338118,ATSC7m,0.9975739990104722
2,ATSC8Z,dropped_redundant,0.1100946704450356,ATSC8m,0.996737208682513
2,ATSC0m,dropped_redundant,0.04430113375262528,ATS0Z,0.9006759375173644
2,ATSC1m,selected,0.16590901670230723,,
2,ATSC2m,selected,0.04932930548860609,,
2,ATSC3m,dropped_redundant,0.0457916640432964,ATSC3Z,0.9981325307201302
2,ATSC4m,dropped_redundant,0.09642867048308948,ATSC4Z,0.9977200758246445
2,ATSC5m,dropped_redundant,0.11297321528086078,ATSC5Z,0.9980589724114708
2,ATSC6m,dropped_redundant,0.10716812454209751,ATSC6Z,0.9973733007246226
2,ATSC7m,selected,0.05676054132644621,,
2,ATSC8m,selected,0.12005195763394721,,
2,ATSC0v,dropped_redundant,0.09085522018271276,bpol,0.9640750381621167
2,ATSC1v,selected,0.06214560738341953,,
2,ATSC2v,dropped_redundant,0.026577335117650234,ATSC2p,0.8846385862306588
2,ATSC3v,dropped_redundant,0.08688747589191284,ATSC3p,0.88447415224054
2,ATSC4v,dropped_redundant,0.029626685867802618,ATSC4p,0.924131986611207
2,ATSC5v,dropped_redundant,0.00011823570884370062,ATSC5p,0.8801266531400264
2,ATSC6v,selected,0.07750675544529925,,
2,ATSC7v,selected,0.031603026975070524,,
2,ATSC8v,dropped_redundant,0.06602479811974084,ATSC8p,0.8955415136072672
2,ATSC0se,dropped_redundant,0.31114898705759586,EState_VSA10,0.8249597714417432
2,ATSC1se,dropped_redundant,0.06990014063230955,ATSC1are,0.8803430829959902
2,ATSC2se,dropped_redundant,0.11954435384300487,ATSC2pe,0.98738995466187
2,ATSC3se,selected,0.13179791227745985,,
2,ATSC4se,selected,0.010804761327022051,,
2,ATSC5se,selected,0.14551168944130916,,
2,ATSC6se,dropped_redundant,0.06886351385166484,ATSC6pe,0.9648782076183526
2,ATSC7se,selected,0.0655176388601595,,
2,ATSC8se,dropped_redundant,0.03608924516946851,ATSC8are,0.9724504815160276
2,ATSC0pe,dropped_redundant,0.27862453456413255,ATSC0are,0.9952398625433893
2,ATSC1pe,dropped_redundant,0.09258612313887936,ATSC1are,0.9794471566844081
2,ATSC2pe,selected,0.14216531621031986,,
2,ATSC3pe,dropped_redundant,0.11699205290193145,ATSC3are,0.9805531137892091
2,ATSC4pe,dropped_redundant,0.005333492039487366,ATSC4are,0.9908809118729659
2,ATSC5pe,dropped_redundant,0.14426457060732314,ATSC5se,0.9677905442856709
2,ATSC6pe,selected,0.08484685463559301,,
2,ATSC7pe,dropped_redundant,0.041471024480543774,ATSC7are,0.9898021597251817
2,ATSC8pe,dropped_redundant,0.024148031674963547,ATSC8are,0.9901245537711492
2,ATSC0are,dropped_redundant,0.27980996197989544,ATSC0se,0.9832624544568189
2,ATSC1are,selected,0.12645236578595584,,
2,ATSC2are,dropped_redundant,0.1317779565241211,ATSC2pe,0.9963031238962498
2,ATSC3are,dropped_redundant,0.1227557263980025,ATSC3se,0.9415591136216759
2,ATSC4are,dropped_redundant,0.007709392994902742,ATSC4se,0.9778628333859147
2,ATSC5are,dropped_redundant,0.13700435716595416,ATSC5pe,0.9903161059093716
2,ATSC6are,dropped_redundant,0.06374746725488956,ATSC6pe,0.9887817629931681
2,ATSC7are,dropped_redundant,0.05704249644675361,ATSC7se,0.9776276159468974
2,ATSC8are,selected,0.044391080300864784,,
2,ATSC0p,dropped_redundant,0.05265907375260875,ATS0Z,0.8553674230709252
2,ATSC1p,dropped_redundant,0.0007113848124980661,ATSC1v,0.8002053586250106
2,ATSC2p,selected,0.08829738217021316,,
2,ATSC3p,selected,0.09710557878894152,,
2,ATSC4p,selected,0.04412173317130602,,
2,ATSC5p,selected,0.03135718433446387,,
2,ATSC6p,dropped_redundant,0.03257970058143951,ATSC6v,0.9017625647776418
2,ATSC7p,dropped_redundant,0.002576169813169236,ATSC7v,0.8772124630201154
2,ATSC8p,selected,0.0810843179046972,,
2,ATSC0i,dropped_redundant,0.09991170991110024,ATS0dv,0.8796484730329399
2,ATSC1i,selected,0.0972648247836419,,
2,ATSC2i,selected,0.08065760302488907,,
2,ATSC3i,selected,0.0941807152591785,,
2,ATSC4i,dropped_redundant,0.00463252864675746,ATSC4p,0.8308398705189995
2,ATSC5i,selected,0.047380627326199076,,
2,ATSC6i,selected,0.04070482730569743,,
2,ATSC7i,selected,0.012421243716951092,,
2,ATSC8i,selected,0.03693380711757919,,
2,AATSC0c,dropped_redundant,0.34298829213592247,FNSA3,0.8320052423115062
2,AATSC1c,dropped_redundant,0.31310633815822675,AATSC0c,0.8603430247671318
2,AATSC0dv,selected,0.26479779047994884,,
2,AATSC1dv,selected,0.13607096804722119,,
2,AATSC0d,selected,0.10777519116584093,,
2,AATSC1d,selected,0.0770365220591122,,
2,AATSC0Z,dropped_redundant,0.08055868781093757,AATSC0m,0.9962177443952573
2,AATSC1Z,selected,0.13873682727806128,,
2,AATSC0m,dropped_redundant,0.09101644892233735,AATSC0p,0.8925427073418555
2,AATSC1m,dropped_redundant,0.13807514099177484,AATSC1Z,0.9957252729399362
2,AATSC0v,selected,0.1761101001077796,,
2,AATSC1v,selected,0.07798680992105331,,
2,AATSC0se,dropped_redundant,0.16580532298979508,FNSA4,0.8386285788035933
2,AATSC1se,dropped_redundant,0.003736150661427594,AATSC1are,0.9284623397849755
2,AATSC0pe,dropped_redundant,0.14534482665255313,AATSC0se,0.9879464395597444
2,AATSC1pe,dropped_redundant,0.024303606457743564,AATSC1are,0.9887699903786956
2,AATSC0are,dropped_redundant,0.14385502973843303,AATSC0se,0.9550096934375525
2,AATSC1are,selected,0.0321464439697579,,
2,AATSC0p,selected,0.10682139562435015,,
2,AATSC1p,selected,0.053887794338623986,,
2,AATSC0i,dropped_redundant,0.034155325122962994,nF,0.8478931538093103
2,AATSC1i,dropped_redundant,0.0008666004957311672,AATSC1p,0.8669356872316384
2,BalabanJ,selected,0.11128669429659219,,
2,BertzCT,dropped_redundant,0.25743432304500946,GRAVp,0.9589003978039388
2,nBonds,dropped_redundant,0.14378032443183708,ATS1i,0.9987828050159723
2,nBondsO,dropped_redundant,0.20324265001477,nHeavyAtom,0.996329086470798
2,nBondsS,dropped_redundant,0.089048539773065,bpol,0.9605844246349827
2,nBondsD,dropped_redundant,0.3966990366926906,NdO,0.8432559076729932
2,nBondsT,dropped_redundant,0.06021037930208848,SMR_VSA2,0.9047926673310205
2,nBondsA,dropped_redundant,0.1260390217223051,nAromBond,1.0
2,nBondsM,dropped_redundant,0.2012854596681258,nBondsKD,0.9651248803284838
2,nBondsKS,dropped_redundant,0.11700125701667725,ATS2i,0.997303856542958
2,nBondsKD,selected,0.23017502727050496,,
2,PNSA1,dropped_redundant,0.20609469350084544,WNSA4,0.8936891319944255
2,PNSA2,dropped_redundant,0.3700067601382504,WNSA4,0.9603256036233676
2,PNSA3,dropped_redundant,0.4761928814614757,DPSA3,0.9386901091233011
2,PNSA4,selected,0.3407829859012872,,
2,PPSA1,dropped_redundant,0.12969148064513777,WPSA1,0.9608077297002162
2,PPSA2,dropped_redundant,0.3152007181884209,WPSA4,0.9855028649738493
2,PPSA3,dropped_redundant,0.3650592172445857,PPSA4,0.9352363873441154
2,PPSA4,selected,0.41479267829868416,,
2,DPSA1,dropped_redundant,0.01856790534642442,FNSA1,0.8678860680855931
2,DPSA2,dropped_redundant,0.34996633563604274,WPSA4,0.975094192101619
2,DPSA3,dropped_redundant,0.4918415599351929,TPSA,0.84944828830408
2,DPSA4,dropped_redundant,0.4691792529015563,DPSA3,0.9243462688903635
2,FNSA1,dropped_redundant,0.05290308075668605,FNSA4,0.8575752641013189
2,FNSA2,dropped_redundant,0.38515067031953154,WNSA4,0.9584804314005843
2,FNSA3,selected,0.3504087037878387,,
2,FNSA4,dropped_redundant,0.17156634081123837,PNSA4,0.8032582639160064
2,FPSA1,dropped_redundant,0.0507977464602557,FNSA1,0.9505950135002743
2,FPSA2,dropped_redundant,0.3490586878025058,WPSA4,0.9567262408095736
2,FPSA3,dropped_redundant,0.2614770838000172,FPSA4,0.9229061208771959
2,FPSA4,selected,0.3056498004389826,,
2,WNSA1,dropped_redundant,0.2380653886197538,WNSA4,0.8971914171748254
2,WNSA2,dropped_redundant,0.33973373012073366,PNSA2,0.9675012462780925
2,WNSA3,dropped_redundant,0.4500739950124618,DPSA3,0.932630701247565
2,WNSA4,dropped_redundant,0.3886932118612714,nHetero,0.868311855775909
2,WPSA1,dropped_redundant,0.1802746398178638,WPath,0.9200787770839156
2,WPSA2,dropped_redundant,0.2934534088867287,WPSA4,0.9569616266315691
2,WPSA3,dropped_redundant,0.3228820217172649,WPSA4,0.9701324824766636
2,WPSA4,dropped_redundant,0.3584372114786155,PPSA4,0.9271918357573038
2,RNCG,selected,0.14255759598638684,,
2,RPCG,selected,0.006115112503315962,,
2,RNCS,selected,0.23206584018908546,,
2,RPCS,selected,0.21751862981799047,,
2,TASA,dropped_redundant,0.009264893706186713,WPSA1,0.9207792163011386
2,TPSA,selected,0.5396653933219885,,
2,RASA,dropped_redundant,0.4430624072330565,TPSA,0.8774203171509394
2,RPSA,dropped_redundant,0.4430624072330565,RASA,0.9999999999999999
2,C1SP1,selected,0.012153589274849955,,
2,C2SP1,selected,0.02264806492134315,,
2,C1SP2,selected,0.3794094590042075,,
2,C2SP2,dropped_redundant,0.008288644271634778,VSA_EState6,0.8895320850407932
2,C3SP2,selected,0.0029783864150186587,,
2,C1SP3,selected,0.050381028785581615,,
2,C2SP3,selected,0.022978305512883972,,
2,C3SP3,selected,0.020659196422514323,,
2,C4SP3,selected,0.003052967337818832,,
2,FCSP3,selected,0.11231010586639362,,
2,Xch-3d,dropped_redundant,0.00028012899874898676,n3Ring,0.993589118433624
2,Xch-4d,dropped_redundant,0.03486411455554093,Xch-4dv,0.9887281288064454
2,Xch-5d,dropped_redundant,0.25445012519737575,n5Ring,0.8051118714726336
2,Xch-6d,dropped_redundant,0.18104398428211543,TSRW10,0.8594538003980658
2,Xch-7d,dropped_redundant,0.1751282608426044,Xch-6d,0.8923402918483393
2,Xch-3dv,dropped_redundant,0.0013756163094251412,SRW03,0.9602556949136014
2,Xch-4dv,selected,0.03532313632945576,,
2,Xch-5dv,dropped_redundant,0.15443853145904166,Xch-5d,0.8694261919564972
2,Xch-6dv,dropped_redundant,0.10552817316375968,Xch-6d,0.871761244330089
2,Xch-7dv,dropped_redundant,0.08374337297402698,Xch-6dv,0.900710472262318
2,Xc-3d,dropped_redundant,0.20960774409998162,GGI1,0.9183955043115516
2,Xc-4d,selected,0.0016072304009553998,,
2,Xc-5d,selected,0.15676186309127388,,
2,Xc-6d,dropped_redundant,0.061104653616532334,Xc-5d,0.8050608267187489
2,Xc-3dv,dropped_redundant,0.11166719528809355,GGI1,0.812258478382505
2,Xc-4dv,selected,0.025042125558771135,,
2,Xc-5dv,dropped_redundant,0.08030543403198355,Xpc-4dv,0.8801806866281625
2,Xc-6dv,dropped_redundant,0.04436236925733023,Xc-6d,0.831250954704467
2,Xpc-4d,dropped_redundant,0.2187815737093161,GGI3,0.9270966461138086
2,Xpc-5d,dropped_redundant,0.19457912981577347,Xpc-4d,0.9725031891798922
2,Xpc-6d,dropped_redundant,0.15243338239523832,Xpc-5d,0.9866826405868883
2,Xpc-4dv,dropped_redundant,0.10516357187312848,GGI3,0.8459987256801573
2,Xpc-5dv,dropped_redundant,0.0909448762257366,Xpc-4dv,0.9751868380598967
2,Xpc-6dv,dropped_redundant,0.060444581102350785,Xpc-5dv,0.9872239686553943
2,Xp-1d,dropped_redundant,0.20938534414340124,nHeavyAtom,0.9990309335903294
2,Xp-2d,dropped_redundant,0.2189193215843513,GRAVp,0.9816491217537721
2,Xp-3d,dropped_redundant,0.19420382740826286,MPC2,0.9939513982768157
2,Xp-4d,dropped_redundant,0.18581303091931622,GRAVp,0.946027674304099
2,Xp-5d,dropped_redundant,0.13920961542163213,MPC4,0.9876449474606636
2,Xp-6d,dropped_redundant,0.1339443891662933,MPC4,0.9901267493308086
2,Xp-7d,dropped_redundant,0.11482793622888035,Xp-6d,0.9918697197592985
2,Xp-1dv,dropped_redundant,0.16627617380083637,TIC0,0.9658788294806284
2,Xp-2dv,dropped_redundant,0.15078945976089134,Xp-1dv,0.9820115099437216
2,Xp-3dv,dropped_redundant,0.12509542642462657,ATS6d,0.9123831867950202
2,Xp-4dv,dropped_redundant,0.11066446327880798,Xp-3dv,0.9879883874603518
2,Xp-5dv,dropped_redundant,0.07016395481750705,Xp-4dv,0.9884060694518203
2,Xp-6dv,dropped_redundant,0.06628791642620065,Xp-3dv,0.9431679978660716
2,Xp-7dv,dropped_redundant,0.05429996832421489,Xp-6dv,0.993180556930474
2,SZ,dropped_redundant,0.20948873971464024,MW,0.9982069386627866
2,Sm,dropped_redundant,0.21239200960963545,MW,0.9999957624517596
2,Sv,dropped_redundant,0.16809151265084496,VMcGowan,0.9967609141071748
2,Sse,dropped_redundant,0.16129698435294737,Sare,0.9997679904675174
2,Spe,dropped_redundant,0.16607072506029893,Sare,0.9999721582531211
2,Sare,dropped_redundant,0.16756680717003558,ATS0se,0.9991616147502967
2,Sp,dropped_redundant,0.14523618891902323,Sv,0.9972830378056085
2,Si,dropped_redundant,0.14850490364353772,ATS0i,0.9994651838596919
2,MZ,dropped_redundant,0.067260245153295,AATS1Z,0.9169050762166331
2,Mm,dropped_redundant,0.05973063063093252,AMW,0.9999758496869499
2,Mv,selected,0.1111298093367854,,
2,Mse,dropped_redundant,0.13416372495938303,Mare,0.9764945854233785
2,Mpe,dropped_redundant,0.13406998286006888,Mse,0.9940881701459613
2,Mare,dropped_redundant,0.14497284764103488,AATS1are,0.9564305513129159
2,Mp,dropped_redundant,0.010464448328326612,AATS0p,0.957110135457768
2,Mi,dropped_redundant,0.01609598987181366,AATS1i,0.8253970099477245
2,NsssB,selected,-inf,,
2,NsCH3,dropped_redundant,0.009672405405053482,SsCH3,0.9882248396433936
2,NdCH2,selected,0.006203121730145375,,
2,NssCH2,dropped_redundant,0.008301346698455008,SssCH2,0.9300538890811488
2,NtCH,dropped_redundant,0.03428865662924777,StCH,0.9999999999999994
2,NdsCH,selected,0.07403883058175421,,
2,NaaCH,dropped_redundant,0.027543833978502033,SaaCH,0.984638053082991
2,NsssCH,selected,0.032313575414893145,,
2,NddC,selected,-inf,,
2,NtsC,dropped_redundant,0.053913893868566896,nBondsT,0.9455068214652121
2,NdssC,selected,0.23028371246221158,,
2,NaasC,selected,0.10970927493397134,,
2,NaaaC,dropped_redundant,0.1070490599326124,nFaHRing,0.8282728026751411
2,NssssC,selected,0.010591035916663705,,
2,NsNH2,selected,0.09651400281771531,,
2,NssNH,selected,0.14085033422865165,,
2,NaaNH,selected,0.26736154975729043,,
2,NtN,dropped_redundant,0.07055902538786896,StN,0.9900269571330333
2,NdsN,selected,0.1375534322534218,,
2,NaaN,selected,0.22693212893514852,,
2,NsssN,dropped_redundant,0.012841388958159903,SsssN,0.9854226357770256
2,NddsN,selected,0.15705017462736082,,
2,NaasN,selected,0.1354148750537754,,
2,NssssN,selected,0.0015298029887107125,,
2,NsOH,selected,0.2465686160770794,,
2,NdO,selected,0.40955086631052356,,
2,NssO,dropped_redundant,0.014923919875633468,SssO,0.9943052480980024
2,NaaO,selected,0.2850345421144859,,
2,NsF,dropped_redundant,0.09118464359701049,nF,1.0
2,NdsssP,selected,-inf,,
2,NsSH,selected,-inf,,
2,NdS,dropped_redundant,0.006047637403014065,SdS,0.9982355472844909
2,NssS,selected,0.059543836463643626,,
2,NaaS,selected,0.034727627387950544,,
2,NdssS,dropped_redundant,0.039620078715984726,SdssS,0.9977197835220362
2,NddssS,dropped_redundant,0.19694972115781761,SddssS,0.997201977484342
2,NsCl,dropped_redundant,0.04406006832214899,nCl,1.0
2,NsBr,dropped_redundant,0.015006942012095197,nBr,1.0
2,NsI,dropped_redundant,0.1272292194237828,nI,1.0
2,SsssB,selected,-inf,,
2,SsCH3,selected,0.03567160704179232,,
2,SdCH2,dropped_redundant,0.005470802952405757,NdCH2,0.9968178712950625
2,SssCH2,selected,0.12375225642302426,,
2,StCH,selected,0.034288656629247884,,
2,SdsCH,dropped_redundant,0.05546129618626315,NdsCH,0.9775902302118255
2,SaaCH,dropped_redundant,0.07931920494697325,VSA_EState6,0.9818780663013825
2,SsssCH,selected,0.1027591070960209,,
2,SddC,selected,-inf,,
2,StsC,dropped_redundant,0.04126856629721616,NtsC,0.9847934388919366
2,SdssC,selected,0.15722211198580216,,
2,SaasC,selected,0.09329542392960684,,
2,SaaaC,dropped_redundant,0.048160820398137356,NaaaC,0.9207418418414058
2,SssssC,selected,0.03686960607297009,,
2,SsNH2,dropped_redundant,0.09303421487861814,NsNH2,0.9982517260484847
2,SssNH,dropped_redundant,0.11424279623170816,NssNH,0.9851876815390003
2,SaaNH,dropped_redundant,0.25649971423679085,NaaNH,0.9932142791289974
2,StN,dropped_redundant,0.07256102327390772,SMR_VSA2,0.95689125944269
2,SdsN,dropped_redundant,0.12058779682886557,NdsN,0.9952442688829851
2,SaaN,dropped_redundant,0.22554244076473687,NaaN,0.9969228894767727
2,SsssN,selected,0.06492933271499232,,
2,SddsN,dropped_redundant,0.14654110730235495,NddsN,0.9739243858909736
2,SaasN,dropped_redundant,0.12406936824913622,NaasN,0.9778769582732022
2,SssssN,dropped_redundant,0.0015298029887106995,NssssN,0.9999999999999987
2,SsOH,dropped_redundant,0.2361687998041964,NsOH,0.9947848264604002
2,SdO,dropped_redundant,0.4032819430474126,NdO,0.9960202711425244
2,SssO,selected,0.018247725078524183,,
2,SaaO,dropped_redundant,0.27921458027668183,NaaO,0.9979377942269723
2,SsF,dropped_redundant,0.08883251239115864,nF,0.994746895264652
2,SdsssP,selected,-inf,,
2,SsSH,selected,-inf,,
2,SdS,selected,0.0062395139509019,,
2,SssS,dropped_redundant,0.046590221234606696,NssS,0.9939171141755665
2,SaaS,dropped_redundant,0.019910854656497185,NaaS,0.9921825907962418
2,SdssS,selected,0.03985058338095014,,
2,SddssS,selected,0.20418260381520437,,
2,SsCl,dropped_redundant,0.04420667829265809,EState_VSA9,0.8053325897028765
2,SsBr,selected,0.023152262927385907,,
2,SsI,selected,0.13049433320354326,,
2,ECIndex,dropped_redundant,0.23839439208390145,WPath,0.9693462159914622
2,fragCpx,dropped_redundant,0.15277250729042732,TSRW10,0.8177291585653349
2,fMF,selected,0.07715494379257952,,
2,GeomDiameter,dropped_redundant,0.18293140138818104,GeomRadius,0.9858140980328288
2,GeomRadius,dropped_redundant,0.18449667739041772,Diameter,0.9587434343377707
2,GeomShapeIndex,dropped_redundant,0.07760597049190997,GeomPetitjeanIndex,0.9825481968951
2,GeomPetitjeanIndex,selected,0.0777921026255416,,
2,GRAV,dropped_redundant,0.24942263849344995,GRAVp,0.9886693670270732
2,GRAVH,dropped_redundant,0.2374491361264305,GRAV,0.9972913645824932
2,GRAVp,dropped_redundant,0.26188459294971606,ATS0dv,0.9273218238095212
2,GRAVHp,dropped_redundant,0.25028719563307705,GRAVp,0.9975901828475184
2,nHBAcc,dropped_redundant,0.40813439658072004,PPSA4,0.8450209211441905
2,nHBDon,selected,0.3711255349302673,,
2,IC0,selected,0.34543283570159006,,
2,IC1,selected,0.34188926047370627,,
2,IC2,dropped_redundant,0.26953919121194053,IC1,0.9112801357893733
2,IC3,dropped_redundant,0.18907300355433063,IC2,0.96117306766096
2,IC4,dropped_redundant,0.1722643459734321,IC3,0.9929159867247589
2,IC5,dropped_redundant,0.1701382238522607,IC4,0.9984873275735775
2,TIC0,dropped_redundant,0.25296184620680046,GRAVp,0.959720817593944
2,TIC1,dropped_redundant,0.24874274018399595,TIC0,0.9808262637955566
2,TIC2,dropped_redundant,0.21084981832613423,TIC1,0.9883745901903117
2,TIC3,dropped_redundant,0.17854953441365107,TIC2,0.9941894399975768
2,TIC4,dropped_redundant,0.17180892472644932,TIC3,0.9990575786376513
2,TIC5,dropped_redundant,0.1713177792203205,TIC4,0.9997451374954992
2,SIC0,selected,0.14852279056666,,
2,SIC1,dropped_redundant,0.3185627392781287,IC0,0.8045194547263899
2,SIC2,dropped_redundant,0.29083634744214126,SIC1,0.8502940537494722
2,SIC3,dropped_redundant,0.19017086330537453,SIC2,0.8996255483820963
2,SIC4,dropped_redundant,0.16487770634857957,SIC3,0.9797435967503334
2,SIC5,dropped_redundant,0.16163905860935449,SIC4,0.996073227446478
2,BIC0,dropped_redundant,0.12247310101003855,SIC0,0.986438589774129
2,BIC1,dropped_redundant,0.3153000559571796,SIC1,0.9855702493268345
2,BIC2,dropped_redundant,0.27964562420299643,SIC2,0.978248168789946
2,BIC3,dropped_redundant,0.1789895915526787,SIC3,0.9780380939792609
2,BIC4,dropped_redundant,0.15206921279548702,SIC3,0.9640224315453635
2,BIC5,dropped_redundant,0.14851208852415101,BIC4,0.995196928972415
2,CIC0,dropped_redundant,0.0034322738974979093,SIC0,0.8055681552094245
2,CIC1,selected,0.22778888612468517,,
2,CIC2,dropped_redundant,0.2954959297443241,SIC1,0.8325802279499893
2,CIC3,selected,0.21062351986941952,,
2,CIC4,dropped_redundant,0.1809834327776786,CIC3,0.9618130604996553
2,CIC5,dropped_redundant,0.1780912228507038,CIC4,0.991635005935132
2,MIC0,selected,0.1367226637765517,,
2,MIC1,dropped_redundant,0.2892867561810147,IC0,0.8483989630265395
2,MIC2,dropped_redundant,0.24104190663293884,MIC1,0.9623828378443083
2,MIC3,dropped_redundant,0.2215329874445202,MIC2,0.9901391945153485
2,MIC4,dropped_redundant,0.21874982298111592,MIC5,0.9996663692179123
2,MIC5,dropped_redundant,0.2204846769463121,MIC3,0.9975861884998901
2,ZMIC0,dropped_redundant,0.20516195522702602,mZagreb2,0.9879862334414262
2,ZMIC1,dropped_redundant,0.022482673023125364,ZMIC2,0.8936670315428751
2,ZMIC2,dropped_redundant,0.02706739465405415,ZMIC4,0.8673579721322374
2,ZMIC3,dropped_redundant,0.08219282618778362,ZMIC4,0.9845205369668804
2,ZMIC4,selected,0.0953906090178449,,
2,ZMIC5,dropped_redundant,0.08938570687078065,ZMIC4,0.994693699884187
2,Lipinski,selected,0.1510364631557423,,
2,GhoseFilter,selected,0.05930501799151512,,
2,FilterItLogS,selected,0.016675563860430245,,
2,VMcGowan,dropped_redundant,0.17429509672934299,mZagreb2,0.9865901649870534
2,LabuteASA,dropped_redundant,0.19572302690864996,nHeavyAtom,0.995476678247425
2,PEOE_VSA1,selected,0.2459064551538061,,
2,PEOE_VSA2,selected,0.35724852878446867,,
2,PEOE_VSA3,selected,0.27506260544418465,,
2,PEOE_VSA4,selected,0.15269438354060935,,
2,PEOE_VSA5,selected,0.031622155242805323,,
2,PEOE_VSA6,selected,0.287174312883836,,
2,PEOE_VSA7,selected,0.026659093636397645,,
2,PEOE_VSA8,selected,0.11587210034074401,,
2,PEOE_VSA9,selected,0.2958547272885522,,
2,PEOE_VSA10,selected,0.1491194567202503,,
2,PEOE_VSA11,selected,0.14401853051513075,,
2,PEOE_VSA12,selected,0.28226548048488725,,
2,PEOE_VSA13,selected,0.2963643104033662,,
2,SMR_VSA1,dropped_redundant,0.2856049096420773,ATSC0se,0.8598186546788821
2,SMR_VSA2,selected,0.0733634180268245,,
2,SMR_VSA3,dropped_redundant,0.2789608549317187,nN,0.8443253894143385
2,SMR_VSA4,selected,0.1367131674046561,,
2,SMR_VSA5,dropped_redundant,0.011184895573674074,SlogP_VSA5,0.896116090293772
2,SMR_VSA6,selected,0.03448799588235841,,
2,SMR_VSA7,dropped_redundant,0.05777636075864573,nBondsKD,0.9000857478157609
2,SMR_VSA9,selected,0.11230865462957186,,
2,SlogP_VSA1,selected,0.1795791246523624,,
2,SlogP_VSA2,selected,0.25847126280072863,,
2,SlogP_VSA3,selected,0.23726224106352956,,
2,SlogP_VSA4,selected,0.14823715183070718,,
2,SlogP_VSA5,selected,0.01644865150586449,,
2,SlogP_VSA6,dropped_redundant,0.029310195840713198,SMR_VSA7,0.9435365258283366
2,SlogP_VSA7,dropped_redundant,0.03790464651482583,SsCl,0.8205565874580896
2,SlogP_VSA8,selected,0.16583231557587805,,
2,SlogP_VSA10,selected,0.009421146265371258,,
2,SlogP_VSA11,selected,0.007753761158791414,,
2,EState_VSA1,selected,0.21577480191538967,,
2,EState_VSA2,selected,0.3306176914835904,,
2,EState_VSA3,selected,0.29763353560076145,,
2,EState_VSA4,selected,0.014628992530115013,,
2,EState_VSA5,selected,0.1622852176862029,,
2,EState_VSA6,selected,0.3413513672229412,,
2,EState_VSA7,selected,0.06461573932257644,,
2,EState_VSA8,selected,0.23841411143889885,,
2,EState_VSA9,selected,0.0697875290870271,,
2,EState_VSA10,selected,0.3230467776260412,,
2,VSA_EState1,dropped_redundant,0.04921659448271241,nF,0.8223969227979542
2,VSA_EState2,dropped_redundant,0.3873345171883529,NdO,0.8009031310351078
2,VSA_EState3,selected,0.3512451816107992,,
2,VSA_EState4,selected,0.02484968530754067,,
2,VSA_EState5,selected,0.04865488300693113,,
2,VSA_EState6,selected,0.1286250461681195,,
2,VSA_EState7,selected,0.046761925202658594,,
2,VSA_EState8,selected,0.07836289548986841,,
2,VSA_EState9,selected,0.11033279489401138,,
2,MOMI-X,dropped_redundant,0.21386305355525034,WPath,0.9252394207800104
2,MOMI-Y,dropped_redundant,0.21244135447273146,MOMI-X,0.9902048907737883
2,MOMI-Z,selected,0.1641794899040012,,
2,PBF,selected,0.05789521642949785,,
2,MPC2,dropped_redundant,0.2037146786416346,Xp-2d,0.9906847006969317
2,MPC3,dropped_redundant,0.18275286455068482,Xp-4d,0.9949433247919139
2,MPC4,dropped_redundant,0.16478947692851323,Xp-4d,0.9836355213691427
2,MPC5,dropped_redundant,0.12498606961963865,Xp-6d,0.9919953143164109
2,MPC6,dropped_redundant,0.11905417053055786,TMPC10,0.9938559132664538
2,MPC7,dropped_redundant,0.10900874472734622,TMPC10,0.9959751737636551
2,MPC8,dropped_redundant,0.10851561203583861,TMPC10,0.9924577496467644
2,MPC9,dropped_redundant,0.10825965770479579,MPC8,0.9957341305695752
2,MPC10,dropped_redundant,0.11764160679310226,TMPC10,0.9789017422447742
2,TMPC10,dropped_redundant,0.1290226207590495,fragCpx,0.8962708945676665
2,piPC1,dropped_redundant,0.1877573100961671,TMWC10,0.9703442708266481
2,piPC2,dropped_redundant,0.183929691015726,piPC1,0.985308528920882
2,piPC3,dropped_redundant,0.16480933184180835,TSRW10,0.8539861687249876
2,piPC4,dropped_redundant,0.1574303247114786,piPC3,0.9853460586526126
2,piPC5,dropped_redundant,0.1429483268105588,piPC4,0.9904473065142209
2,piPC6,dropped_redundant,0.15397478724116273,piPC3,0.9647872853789531
2,piPC7,dropped_redundant,0.14767253731812058,piPC6,0.9863954149163032
2,piPC8,dropped_redundant,0.14302285881782856,piPC3,0.9077449496200561
2,piPC9,dropped_redundant,0.13998099739194894,piPC8,0.9854679606008707
2,piPC10,dropped_redundant,0.12665332676945465,piPC8,0.9544809559520684
2,TpiPC10,dropped_redundant,0.14202988237412173,piPC6,0.9780439553366589
2,apol,dropped_redundant,0.14523618891902323,Sp,1.0000000000000004
2,bpol,dropped_redundant,0.14001086502116605,WPSA1,0.9455044283719691
2,nRing,dropped_redundant,0.09759102816870581,fragCpx,0.9270809433126527
2,n3Ring,dropped_redundant,0.0020832229130597194,SRW03,0.984663809971464
2,n4Ring,selected,0.032155101282915315,,
2,n5Ring,selected,0.276147633147652,,
2,n6Ring,dropped_redundant,0.0003592785552791587,fragCpx,0.8209314080287361
2,n7Ring,dropped_redundant,0.11457958537797579,n7ARing,0.9925345549995016
2,n8Ring,selected,-inf,,
2,n9Ring,selected,-inf,,
2,nG12Ring,selected,-inf,,
2,nHRing,selected,0.2140194178050151,,
2,n3HRing,selected,0.00879477714285357,,
2,n4HRing,selected,0.0016861174132582753,,
2,n5HRing,dropped_redundant,0.26959104270079376,n5Ring,0.9661982806536964
2,n6HRing,selected,0.11434625312646406,,
2,n7HRing,selected,0.1239996431908745,,
2,n8HRing,selected,-inf,,
2,n9HRing,selected,-inf,,
2,nG12HRing,selected,-inf,,
2,naRing,dropped_redundant,0.14535686560348532,nBondsM,0.9759765567108499
2,n5aRing,selected,0.2647443277475943,,
2,n6aRing,dropped_redundant,0.019558465238163483,nBondsKD,0.8673397684275467
2,n7aRing,selected,0.04120563518091084,,
2,naHRing,selected,0.3411551117689294,,
2,n5aHRing,dropped_redundant,0.2647443277475943,n5aRing,1.0
2,n6aHRing,selected,0.2372646388712891,,
2,n7aHRing,selected,-inf,,
2,nARing,dropped_redundant,0.006409323691367054,n6ARing,0.8314874927558142
2,n3ARing,dropped_redundant,0.0020832229130597194,n3Ring,1.0
2,n4ARing,dropped_redundant,0.032155101282915315,n4Ring,1.0
2,n5ARing,selected,0.09999645120866184,,
2,n6ARing,selected,0.021030718241495737,,
2,n7ARing,dropped_redundant,0.12221028023280624,n7HRing,0.9440470660345721
2,n8ARing,selected,-inf,,
2,n9ARing,selected,-inf,,
2,nG12ARing,selected,-inf,,
2,nAHRing,selected,0.0439349087405059,,
2,n3AHRing,dropped_redundant,0.00879477714285357,n3HRing,1.0
2,n4AHRing,dropped_redundant,0.0016861174132582753,n4HRing,1.0
2,n5AHRing,dropped_redundant,0.08347555385118123,n5ARing,0.9265548148151947
2,n6AHRing,selected,0.05037954777995828,,
2,n7AHRing,dropped_redundant,0.1239996431908745,n7HRing,1.0
2,n8AHRing,selected,-inf,,
2,n9AHRing,selected,-inf,,
2,nG12AHRing,selected,-inf,,
2,nFRing,selected,0.01271708241630836,,
2,n6FRing,selected,-inf,,
2,n7FRing,selected,0.052226699678744166,,
2,n8FRing,selected,0.06702593216365411,,
2,n9FRing,dropped_redundant,0.06932434939202549,n9FaRing,0.8669342955472329
2,n10FRing,dropped_redundant,0.06587393984981195,n10FHRing,0.9329641005946671
2,n11FRing,selected,0.07134795934313039,,
2,n12FRing,selected,0.03380639433911488,,
2,nG12FRing,dropped_redundant,0.0847512792651887,nG12FARing,0.9700489656897705
2,nFHRing,dropped_redundant,0.012063126793982406,nFRing,0.935778981290311
2,n6FHRing,selected,-inf,,
2,n7FHRing,dropped_redundant,0.052226699678744166,n7FRing,1.0
2,n8FHRing,dropped_redundant,0.056761422861259805,n8FRing,0.8158270469234298
2,n9FHRing,dropped_redundant,0.05979848350396378,n9FRing,0.9823321079279559
2,n10FHRing,selected,0.08054079674478426,,
2,n11FHRing,dropped_redundant,0.07134795934313039,n11FRing,1.0
2,n12FHRing,dropped_redundant,0.03380639433911488,n12FRing,1.0
2,nG12FHRing,dropped_redundant,0.08338374894936978,nG12FAHRing,0.9726093047885049
2,nFaRing,dropped_redundant,0.11231294609294706,nFaHRing,0.9749284272487164
2,n9FaRing,dropped_redundant,0.07994083902298568,nFaHRing,0.8029053336053071
2,n10FaRing,dropped_redundant,0.08052252110735307,n10FaHRing,0.9404008408634038
2,n11FaRing,selected,-inf,,
2,nG12FaRing,dropped_redundant,0.0008260586366517932,nG12FaHRing,0.9121186662298991
2,nFaHRing,selected,0.12635843436117566,,
2,n9FaHRing,dropped_redundant,0.07994083902298568,n9FaRing,1.0
2,n10FaHRing,selected,0.10395580219926533,,
2,n11FaHRing,selected,-inf,,
2,nG12FaHRing,selected,0.00788248063559583,,
2,nFARing,dropped_redundant,0.07001033575776007,nFAHRing,0.9218715575845909
2,n6FARing,selected,-inf,,
2,n7FARing,dropped_redundant,0.052226699678744166,n7FRing,1.0
2,n8FARing,dropped_redundant,0.06702593216365411,n8FRing,1.0
2,n9FARing,dropped_redundant,0.009095355971949028,n9FAHRing,0.9269666705657336
2,n10FARing,selected,0.019271560360754374,,
2,n11FARing,dropped_redundant,0.07134795934313039,n11FRing,1.0
2,n12FARing,dropped_redundant,0.03380639433911488,n12FRing,1.0
2,nG12FARing,dropped_redundant,0.08656361455799357,nG12FAHRing,0.9322262440813258
2,nFAHRing,selected,0.08293348202348333,,
2,n6FAHRing,selected,-inf,,
2,n7FAHRing,dropped_redundant,0.052226699678744166,n7FRing,1.0
2,n8FAHRing,dropped_redundant,0.056761422861259805,n8FHRing,1.0
2,n9FAHRing,selected,0.015431455605985432,,
2,n10FAHRing,dropped_redundant,0.01876752514320286,n10FARing,0.9125014656906316
2,n11FAHRing,dropped_redundant,0.07134795934313039,n11FRing,1.0
2,n12FAHRing,dropped_redundant,0.03380639433911488,n12FRing,1.0
2,nG12FAHRing,selected,0.08679883514280347,,
2,nRot,selected,0.20573330921998936,,
2,SLogP,selected,0.26486996765363735,,
2,SMR,dropped_redundant,0.16544647862409795,VMcGowan,0.9924921956179587
2,TopoPSA(NO),selected,0.5928526892324012,,
2,TopoPSA,dropped_redundant,0.5802040890088934,TopoPSA(NO),0.9600328579013845
2,GGI1,selected,0.2602352210892568,,
2,GGI2,dropped_redundant,0.19601501397838791,Xpc-4d,0.9794510750523352
2,GGI3,selected,0.22081840821601012,,
2,GGI4,dropped_redundant,0.20693398623027184,Xpc-4d,0.9285213345891918
2,GGI5,dropped_redundant,0.21869074325043938,ATS4dv,0.9107458367404663
2,GGI6,dropped_redundant,0.19289357364771856,GGI5,0.9215845036535937
2,GGI7,dropped_redundant,0.2253770899844807,ATS8dv,0.8915801108982383
2,GGI8,dropped_redundant,0.2256343368836137,ATS8dv,0.9160374281843187
2,GGI9,dropped_redundant,0.25383921926875547,ATS8dv,0.9231359632153897
2,GGI10,dropped_redundant,0.261776117594096,ATS8dv,0.8755757916802709
2,JGI1,dropped_redundant,0.023805212098904346,JGT10,0.8372026304101865
2,JGI2,selected,0.04531334928782993,,
2,JGI3,selected,0.10624705258287843,,
2,JGI4,selected,0.07415484859179824,,
2,JGI5,selected,0.14375997141154664,,
2,JGI6,selected,0.1287158372361374,,
2,JGI7,selected,0.13039712648322546,,
2,JGI8,selected,0.049569073034595436,,
2,JGI9,selected,0.07822689881114335,,
2,JGI10,selected,0.17477542881811609,,
2,JGT10,selected,0.10247844868924334,,
2,Diameter,selected,0.2291618812447719,,
2,Radius,dropped_redundant,0.22379680351581444,Diameter,0.9911490471396135
2,MWC01,dropped_redundant,0.20324265001477,nBondsO,1.0
2,MWC02,dropped_redundant,0.1593232983559709,SRW02,0.9954943158120367
2,MWC03,dropped_redundant,0.15138925744842505,MWC02,0.9979087052209362
2,MWC04,dropped_redundant,0.14537270578725203,MWC03,0.9980180213534995
2,MWC05,dropped_redundant,0.13947478367262842,MWC04,0.9990469137660077
2,MWC06,dropped_redundant,0.1344395653666193,piPC3,0.9311035272186738
2,MWC07,dropped_redundant,0.13021232375550035,MWC06,0.9995211020731498
2,MWC08,dropped_redundant,0.12625489409516558,MWC06,0.9987117610147936
2,MWC09,dropped_redundant,0.12325209180247114,MWC08,0.9997293565632273
2,MWC10,dropped_redundant,0.12014942335946349,MWC08,0.9993437491117344
2,TMWC10,dropped_redundant,0.19053296422760793,GRAVp,0.9608481752152126
2,SRW02,dropped_redundant,0.16515053717396724,piPC1,0.9897363721956666
2,SRW03,selected,0.0031099954712807115,,
2,SRW04,dropped_redundant,0.15630182267546336,MWC02,0.9993434812540639
2,SRW05,dropped_redundant,0.2598456881430008,n5Ring,0.9060536312414164
2,SRW06,dropped_redundant,0.14248481918881653,MWC04,0.9987484092444934
2,SRW07,dropped_redundant,0.21415410326991877,SRW05,0.9546926979187225
2,SRW08,dropped_redundant,0.13007586275156152,MWC06,0.9979424754246686
2,SRW09,dropped_redundant,0.18994177006449328,SRW07,0.9933095781726132
2,SRW10,dropped_redundant,0.12027136396171315,SRW08,0.9984123701218715
2,TSRW10,selected,0.2414459763862637,,
2,MW,dropped_redundant,0.21250575137571456,ATS1m,0.988474914128348
2,AMW,dropped_redundant,0.06079832442378167,MZ,0.9992663090656886
2,WPath,dropped_redundant,0.2554372983463861,GGI10,0.8931684981160063
2,WPol,dropped_redundant,0.1772137268755473,Xp-4d,0.9843950306618827
2,Zagreb1,dropped_redundant,0.20367972776705962,MPC2,0.998337528841379
2,Zagreb2,dropped_redundant,0.19689250966611233,MPC2,0.9985940607046248
2,mZagreb2,dropped_redundant,0.2193563906663121,TIC0,0.9775490389870669
3,nAcid,selected,0.22200898168473354,,
3,nBase,selected,0.024403620715620244,,
3,nAromAtom,dropped_redundant,0.11664915003408632,nAromBond,0.9979393609341108
3,nAromBond,dropped_redundant,0.1226708867202482,naRing,0.9944606966668927
3,nAtom,dropped_redundant,0.1053399195221627,Si,0.9996120050127226
3,nHeavyAtom,dropped_redundant,0.17748426415662583,mZagreb2,0.9951864290254152
3,nSpiro,selected,0.01358279283957705,,
3,nBridgehead,selected,0.031506637693825765,,
3,nHetero,selected,0.4102085639943163,,
3,nH,dropped_redundant,0.02647790060726865,nBondsS,0.977154582748459
3,nB,selected,-inf,,
3,nC,dropped_redundant,0.06229662288512917,ATS6v,0.9434725816590569
3,nN,selected,0.30286276296763015,,
3,nO,dropped_redundant,0.4292344779773241,TPSA,0.8123878987754979
3,nS,selected,0.152205190025896,,
3,nP,selected,-inf,,
3,nF,dropped_redundant,0.16367126910275037,SsF,0.9949198465416186
3,nCl,selected,0.06061776491084614,,
3,nBr,dropped_redundant,0.02152467385061496,SsBr,0.9945029330017958
3,nI,dropped_redundant,0.07164661959778319,SsI,0.99833401687527
3,nX,selected,0.16731055786238858,,
3,ATS0dv,dropped_redundant,0.2631867610296197,PNSA2,0.9102851755220405
3,ATS1dv,dropped_redundant,0.23677265706839343,ATS0dv,0.9651934122433636
3,ATS2dv,dropped_redundant,0.2235741689191594,ATS0dv,0.969710855593613
3,ATS3dv,dropped_redundant,0.20356152523378376,ATS4dv,0.9836057626808467
3,ATS4dv,dropped_redundant,0.2253496466503021,ATS0dv,0.910605367916163
3,ATS5dv,dropped_redundant,0.20364837452972512,ATS6dv,0.9653353811489501
3,ATS6dv,dropped_redundant,0.22110392667978496,ATS4dv,0.9165043373429511
3,ATS7dv,dropped_redundant,0.2148375516031284,ATS6dv,0.9658694475895498
3,ATS8dv,selected,0.23989406440321284,,
3,ATS0d,dropped_redundant,0.14684825401704124,Xp-2d,0.9911197902268137
3,ATS1d,dropped_redundant,0.1297012802370664,ATS0d,0.9967120858425415
3,ATS2d,dropped_redundant,0.11119837090645217,Xp-3d,0.9766890925487386
3,ATS3d,dropped_redundant,0.07697813590904456,ATS3v,0.994566617677668
3,ATS4d,dropped_redundant,0.08046670864826243,ATS4v,0.9949861500859631
3,ATS5d,dropped_redundant,0.07900883348213908,ATS5v,0.9941064851048417
3,ATS6d,dropped_redundant,0.09044205121555837,ATS6v,0.9945204812768432
3,ATS7d,dropped_redundant,0.10855606712342926,ATS8d,0.9853263273285809
3,ATS8d,dropped_redundant,0.13022442051143895,ATS8m,0.9606964698816476
3,ATS0Z,selected,0.09382969754392376,,
3,ATS1Z,dropped_redundant,0.18590753328893755,ATS1m,0.9985144800717193
3,ATS2Z,dropped_redundant,0.15848542047577938,ATS2m,0.9966022943140328
3,ATS3Z,dropped_redundant,0.1453243159566747,ATS3m,0.9961081290762972
3,ATS4Z,dropped_redundant,0.1702729377890671,ATS4m,0.9917700434518797
3,ATS5Z,dropped_redundant,0.15682583945377138,ATS5m,0.9960603971720401
3,ATS6Z,dropped_redundant,0.1463867252866669,ATS6m,0.9970861991883976
3,ATS7Z,dropped_redundant,0.14581228582396397,ATS7m,0.9973893210648646
3,ATS8Z,dropped_redundant,0.16199186724752007,ATS8m,0.9981468337569362
3,ATS0m,dropped_redundant,0.05826508203314389,ATS0Z,0.9863971976301044
3,ATS1m,dropped_redundant,0.18919412891585133,GRAVp,0.9878779620448341
3,ATS2m,dropped_redundant,0.15987756266479297,GRAVp,0.9579610781712324
3,ATS3m,dropped_redundant,0.15009000952553145,ATS2m,0.9649235373083497
3,ATS4m,dropped_redundant,0.17808157587978085,GGI4,0.8665786924724753
3,ATS5m,dropped_redundant,0.16300130728820483,ATS4m,0.9342035476472442
3,ATS6m,dropped_redundant,0.14957276967172942,ATS5m,0.9719746584917057
3,ATS7m,dropped_redundant,0.15204583018048576,ATS8m,0.9661666405965934
3,ATS8m,dropped_redundant,0.17077645210117878,ATS8dv,0.9450278225703987
3,ATS0v,dropped_redundant,0.12884974787715528,SMR,0.9956629290931289
3,ATS1v,dropped_redundant,0.11507192622934215,ATS0v,0.996182875303845
3,ATS2v,dropped_redundant,0.10233121585143527,ATS2d,0.9925368435971182
3,ATS3v,dropped_redundant,0.07995665046858975,ATS4v,0.9937808855887701
3,ATS4v,dropped_redundant,0.08674733333884407,ATS2d,0.9853803804860395
3,ATS5v,dropped_redundant,0.08617248283921367,ATS4v,0.9898175057972418
3,ATS6v,dropped_redundant,0.09463205301236753,ATS5m,0.9346967583196466
3,ATS7v,dropped_redundant,0.10704065594023325,ATS7d,0.9954064557803755
3,ATS8v,dropped_redundant,0.12435014245762285,ATS8d,0.9963661865721798
3,ATS0se,dropped_redundant,0.13631892763968959,ATS0are,0.9985111951520435
3,ATS1se,dropped_redundant,0.12796904576345688,ATS1are,0.9996872468485725
3,ATS2se,dropped_redundant,0.09275462790965107,ATS2are,0.9993086903668464
3,ATS3se,dropped_redundant,0.07081696333983273,ATS3are,0.999513648748023
3,ATS4se,dropped_redundant,0.06925509988279553,ATS4are,0.9994522967920485
3,ATS5se,dropped_redundant,0.06085348129491729,ATS5are,0.9994470028917259
3,ATS6se,dropped_redundant,0.07078109940267088,ATS6are,0.9995007582233219
3,ATS7se,dropped_redundant,0.08700641873691375,ATS7are,0.9995863409652779
3,ATS8se,dropped_redundant,0.10621924428903559,ATS8are,0.9996830829089541
3,ATS0pe,dropped_redundant,0.14455052189844322,ATS0are,0.9998191518841255
3,ATS1pe,dropped_redundant,0.13209849705978638,ATS1are,0.9999582290925562
3,ATS2pe,dropped_redundant,0.0974769230295374,ATS2are,0.9999240013565156
3,ATS3pe,dropped_redundant,0.07822012754757214,ATS3are,0.9999530777172423
3,ATS4pe,dropped_redundant,0.07670623037552543,ATS4are,0.999954675479709
3,ATS5pe,dropped_redundant,0.06900023587620234,ATS5are,0.9999595333346287
3,ATS6pe,dropped_redundant,0.078244631189991,ATS6are,0.9999587662418135
3,ATS7pe,dropped_redundant,0.09122900692642481,ATS7are,0.9999555177120488
3,ATS8pe,dropped_redundant,0.11004046098684045,ATS8are,0.999976416596968
3,ATS0are,dropped_redundant,0.1475230602190685,TIC0,0.9790923102592424
3,ATS1are,dropped_redundant,0.1348176277405668,ATS0are,0.9950688299696001
3,ATS2are,dropped_redundant,0.09874868285022813,ATS0are,0.988945344735175
3,ATS3are,dropped_redundant,0.0804358511983236,Xp-2dv,0.9524132549687451
3,ATS4are,dropped_redundant,0.07869317150667096,ATS3are,0.9888161296813894
3,ATS5are,dropped_redundant,0.0706806711759844,ATS6are,0.9805462571170063
3,ATS6are,dropped_redundant,0.07983953971462741,ATS6v,0.9733181958388172
3,ATS7are,dropped_redundant,0.09249752563510562,ATS6v,0.9805166997672321
3,ATS8are,dropped_redundant,0.11118189016058773,ATS8d,0.985816972922187
3,ATS0p,dropped_redundant,0.10068284456530531,Xp-1dv,0.9859303805093678
3,ATS1p,dropped_redundant,0.09384674268501779,ATS1v,0.9963041955740926
3,ATS2p,dropped_redundant,0.07916109093089735,ATS2v,0.9945982256658376
3,ATS3p,dropped_redundant,0.05001622769350392,ATS4p,0.9935323041532876
3,ATS4p,dropped_redundant,0.053366144250809454,ATS4v,0.99265684203639
3,ATS5p,dropped_redundant,0.05317817765174165,ATS5v,0.9933220575784022
3,ATS6p,dropped_redundant,0.06583527513513485,ATS6v,0.9941667169463586
3,ATS7p,dropped_redundant,0.08262026352678918,ATS7d,0.9911736268081781
3,ATS8p,dropped_redundant,0.10183800237131818,ATS8d,0.99299075843708
3,ATS0i,dropped_redundant,0.1074512787080955,ATS0are,0.9914566190562546
3,ATS1i,dropped_redundant,0.11854198876249586,ATS1are,0.9982237159925206
3,ATS2i,dropped_redundant,0.07514491753385048,ATS2are,0.9956321748607937
3,ATS3i,dropped_redundant,0.0506833745226363,ATS3are,0.9949220984553625
3,ATS4i,dropped_redundant,0.04912296706596366,ATS4are,0.9942044138856463
3,ATS5i,dropped_redundant,0.037581590838119606,ATS5are,0.994451903571616
3,ATS6i,dropped_redundant,0.04916865359031876,ATS6are,0.9950390770471227
3,ATS7i,dropped_redundant,0.07279138896933693,ATS7are,0.9967556960698503
3,ATS8i,dropped_redundant,0.09312915184768486,ATS8are,0.9969891952618438
3,AATS0dv,dropped_redundant,0.1649814161894672,AATS1are,0.9353023163632503
3,AATS1dv,selected,0.2178201813948656,,
3,AATS0d,selected,0.15352930695634046,,
3,AATS1d,dropped_redundant,0.12677783069655424,AATS0d,0.9771209389917148
3,AATS0Z,dropped_redundant,0.013933625017769943,AATS0m,0.9931669988518416
3,AATS1Z,selected,0.06568901017340636,,
3,AATS0m,dropped_redundant,0.022811241302121695,AATSC0m,0.8969601896978722
3,AATS1m,dropped_redundant,0.059125005943436094,AATS1Z,0.9992361007462568
3,AATS0v,dropped_redundant,0.05562139308983838,Mv,0.9878027444593697
3,AATS1v,dropped_redundant,0.0509900583365229,Mv,0.9663104213572073
3,AATS0se,dropped_redundant,0.11258447845217484,Mse,0.998755482903752
3,AATS1se,dropped_redundant,0.19906295282056086,AATS1are,0.9675695532687932
3,AATS0pe,dropped_redundant,0.1068447853214248,Mpe,0.9970010690170368
3,AATS1pe,dropped_redundant,0.19269792263258245,AATS1se,0.9896598587304349
3,AATS0are,dropped_redundant,0.11587408469128235,Mare,0.9965764361655265
3,AATS1are,selected,0.21288294418066844,,
3,AATS0p,dropped_redundant,0.019410841376224928,AATS1p,0.9452867621823065
3,AATS1p,dropped_redundant,0.041713958178433326,Mv,0.8060989049522038
3,AATS0i,dropped_redundant,0.0131085285379064,AATS1i,0.8050206310757545
3,AATS1i,selected,0.17023338701140311,,
3,ATSC0c,dropped_redundant,0.44243569714313946,DPSA4,0.9209267326550771
3,ATSC1c,dropped_redundant,0.4649268603618148,TopoPSA(NO),0.8067949506684206
3,ATSC2c,selected,0.2087771656281419,,
3,ATSC3c,selected,0.07134105671938777,,
3,ATSC4c,selected,0.030050540280366793,,
3,ATSC5c,selected,0.02962843015166824,,
3,ATSC6c,selected,0.008815777673265366,,
3,ATSC7c,selected,0.006096616366855321,,
3,ATSC8c,selected,0.03189209316721992,,
3,ATSC0dv,dropped_redundant,0.2282852531917325,ATS0dv,0.9502971637059598
3,ATSC1dv,selected,0.13774167851213578,,
3,ATSC2dv,selected,0.16575791388298217,,
3,ATSC3dv,selected,0.110559546668467,,
3,ATSC4dv,selected,0.05032747755315892,,
3,ATSC5dv,selected,0.19599568874575646,,
3,ATSC6dv,dropped_redundant,0.0979480567372706,ATSC6pe,0.8068465588021261
3,ATSC7dv,selected,0.05803560990197902,,
3,ATSC8dv,selected,0.07976702425147553,,
3,ATSC0d,dropped_redundant,0.15457668372697908,Xpc-4d,0.9409130942084462
3,ATSC1d,dropped_redundant,0.11916393496548144,GGI4,0.8399940464300265
3,ATSC2d,selected,0.01644204289749484,,
3,ATSC3d,selected,0.05642277316479741,,
3,ATSC4d,selected,0.02978665702510398,,
3,ATSC5d,selected,0.08272500190940445,,
3,ATSC6d,selected,0.0038904879058701183,,
3,ATSC7d,selected,0.004358837861684058,,
3,ATSC8d,selected,0.006617015011934623,,
3,ATSC0Z,dropped_redundant,0.008456775163732739,ATS0Z,0.934931164007264
3,ATSC1Z,selected,0.12124537365399793,,
3,ATSC2Z,selected,0.046418611825747615,,
3,ATSC3Z,selected,0.06639300370568595,,
3,ATSC4Z,selected,0.06518266389082965,,
3,ATSC5Z,dropped_redundant,0.19368823107960892,ATSC5m,0.997855386059485
3,ATSC6Z,selected,0.16325632189554473,,
3,ATSC7Z,dropped_redundant,0.07409970693299418,ATSC7m,0.9974986246194734
3,ATSC8Z,dropped_redundant,0.10652861691765711,ATSC8m,0.9970052888575736
3,ATSC0m,dropped_redundant,0.007498248503206554,ATSC0Z,0.9965769897526859
3,ATSC1m,dropped_redundant,0.12060572736849487,ATSC1Z,0.9992130718315778
3,ATSC2m,dropped_redundant,0.04571850577866402,ATSC2Z,0.9982132128247886
3,ATSC3m,dropped_redundant,0.062158391582342015,ATSC3Z,0.9974367653371295
3,ATSC4m,dropped_redundant,0.05866053193947373,ATSC4Z,0.997205605536004
3,ATSC5m,selected,0.19385320579361556,,
3,ATSC6m,dropped_redundant,0.16089961610113038,ATSC6Z,0.9973514468970077
3,ATSC7m,selected,0.0796056415369413,,
3,ATSC8m,selected,0.11607906286749281,,
3,ATSC0v,dropped_redundant,0.0572679172123455,ATS3are,0.9645327563836578
3,ATSC1v,dropped_redundant,0.09887425147958191,AATSC1v,0.8367500926876729
3,ATSC2v,dropped_redundant,0.023196670306532607,ATSC2p,0.8777144332247852
3,ATSC3v,dropped_redundant,0.08153335306303011,ATSC3p,0.893008957898988
3,ATSC4v,dropped_redundant,0.06324746563161203,ATSC4p,0.9192285529280563
3,ATSC5v,selected,0.040638922444399546,,
3,ATSC6v,selected,0.11952309784678523,,
3,ATSC7v,selected,0.0525074623818856,,
3,ATSC8v,selected,0.034142231966147754,,
3,ATSC0se,dropped_redundant,0.24708637140455814,SMR_VSA1,0.859353112412646
3,ATSC1se,dropped_redundant,0.09541967440761136,ATSC1are,0.9083148402141515
3,ATSC2se,dropped_redundant,0.06754464488535775,ATSC2pe,0.9868193603627586
3,ATSC3se,selected,0.09493647031170986,,
3,ATSC4se,selected,0.022937053413235396,,
3,ATSC5se,dropped_redundant,0.17315420768139111,ATSC5pe,0.9686662273053682
3,ATSC6se,dropped_redundant,0.10661264796413733,ATSC6pe,0.9665601417353638
3,ATSC7se,dropped_redundant,0.0012709422674711602,ATSC7pe,0.9697750487851126
3,ATSC8se,dropped_redundant,0.05567659804256177,ATSC8pe,0.9586697505986744
3,ATSC0pe,dropped_redundant,0.20689426694988525,ATSC0are,0.9955578392974764
3,ATSC1pe,dropped_redundant,0.13122413495353566,ATSC1are,0.9813867468959155
3,ATSC2pe,selected,0.09133711664208849,,
3,ATSC3pe,dropped_redundant,0.09204743267992792,ATSC3se,0.9191122855438281
3,ATSC4pe,dropped_redundant,0.006469083461693389,ATSC4se,0.9613649818828902
3,ATSC5pe,dropped_redundant,0.17551657563236642,ATSC5dv,0.8110559626794032
3,ATSC6pe,selected,0.13607860317875775,,
3,ATSC7pe,selected,0.009260214310854487,,
3,ATSC8pe,selected,0.06737381044466043,,
3,ATSC0are,dropped_redundant,0.20937808637927624,ATSC0se,0.9836118542425013
3,ATSC1are,selected,0.15403825903236887,,
3,ATSC2are,dropped_redundant,0.07872707244861736,ATSC2pe,0.9962636198027981
3,ATSC3are,dropped_redundant,0.08934053635133185,ATSC3pe,0.9801223478083703
3,ATSC4are,dropped_redundant,0.0032607722722241923,ATSC4pe,0.9906200786972629
3,ATSC5are,dropped_redundant,0.1661883534974654,ATSC5pe,0.9893074086237843
3,ATSC6are,dropped_redundant,0.11175464999605479,ATSC6pe,0.9891431095736261
3,ATSC7are,dropped_redundant,0.00368823283138155,ATSC7pe,0.9909236870783461
3,ATSC8are,dropped_redundant,0.05292404520698552,ATSC8pe,0.9907859793400725
3,ATSC0p,dropped_redundant,0.04654324784994363,ATS0Z,0.8239530573217585
3,ATSC1p,selected,0.05875444320536164,,
3,ATSC2p,selected,0.10378957418771463,,
3,ATSC3p,selected,0.09081176616036207,,
3,ATSC4p,selected,0.07012199748752197,,
3,ATSC5p,dropped_redundant,0.007121864375409502,ATSC5v,0.8681592723219359
3,ATSC6p,dropped_redundant,0.0543705227293132,ATSC6v,0.8974876262044459
3,ATSC7p,dropped_redundant,0.034932846916941825,ATSC7v,0.8601408764920981
3,ATSC8p,dropped_redundant,0.009443026698338106,ATSC8v,0.8903191555923039
3,ATSC0i,selected,0.02284761371784636,,
3,ATSC1i,selected,0.017209808380874877,,
3,ATSC2i,selected,0.13901707324178486,,
3,ATSC3i,selected,0.04746866485176577,,
3,ATSC4i,dropped_redundant,0.023886534853316262,ATSC4p,0.8240701434291642
3,ATSC5i,selected,0.04160039168393896,,
3,ATSC6i,selected,0.042685972822782615,,
3,ATSC7i,selected,0.01532551675962326,,
3,ATSC8i,selected,0.017141126933623612,,
3,AATSC0c,selected,0.3828239977605113,,
3,AATSC1c,dropped_redundant,0.3502664741078737,AATSC0c,0.8602100598561926
3,AATSC0dv,selected,0.23801855637995392,,
3,AATSC1dv,selected,0.11228429902091344,,
3,AATSC0d,selected,0.0938926098191314,,
3,AATSC1d,selected,0.09221172914490666,,
3,AATSC0Z,dropped_redundant,0.029249429772694,AATSC0m,0.9969093560087567
3,AATSC1Z,dropped_redundant,0.09397400768035524,AATSC1m,0.9971121044010753
3,AATSC0m,dropped_redundant,0.03406809096954609,AATSC0p,0.8910009268627203
3,AATSC1m,selected,0.09614344888054223,,
3,AATSC0v,selected,0.13231179683278996,,
3,AATSC1v,selected,0.12200472508056462,,
3,AATSC0se,dropped_redundant,0.1410114918389166,AATSC0dv,0.8083008463659554
3,AATSC1se,dropped_redundant,0.032755239309529,AATSC1are,0.9251386064970505
3,AATSC0pe,dropped_redundant,0.11334486075159463,AATSC0are,0.9878309391325177
3,AATSC1pe,dropped_redundant,0.06286453012947933,AATSC1are,0.9868429327171656
3,AATSC0are,dropped_redundant,0.11465176810840731,AATSC0se,0.9564943342058596
3,AATSC1are,selected,0.06339679195032732,,
3,AATSC0p,selected,0.044619410794711385,,
3,AATSC1p,selected,0.09973410868705435,,
3,AATSC0i,dropped_redundant,0.07648468737992166,SsF,0.8316259569265158
3,AATSC1i,dropped_redundant,0.04999585344461198,AATSC1p,0.8294738329096233
3,BalabanJ,selected,0.06969790279192184,,
3,BertzCT,dropped_redundant,0.23030165299267358,ATS8dv,0.805038655101708
3,nBonds,dropped_redundant,0.10408839414495041,ATS1i,0.9987920061352921
3,nBondsO,dropped_redundant,0.1641494656208339,nHeavyAtom,0.9962010311862582
3,nBondsS,dropped_redundant,0.04451710496739334,ATS3are,0.9633000384258975
3,nBondsD,dropped_redundant,0.3644053491865049,NdO,0.8371220246034178
3,nBondsT,dropped_redundant,0.01196737986442019,C1SP1,0.8769556341556014
3,nBondsA,dropped_redundant,0.1226708867202482,nAromBond,1.0
3,nBondsM,dropped_redundant,0.1949283336428793,nBondsKD,0.9624327118477934
3,nBondsKS,dropped_redundant,0.07487512324893308,ATS2i,0.9972324789391259
3,nBondsKD,dropped_redundant,0.22323492657749835,BertzCT,0.901242614137813
3,PNSA1,selected,0.1825849555283124,,
3,PNSA2,dropped_redundant,0.3439695404423103,FNSA2,0.9075758072605122
3,PNSA3,dropped_redundant,0.46101027981074816,DPSA3,0.9440510385013189
3,PNSA4,dropped_redundant,0.3487457715379326,FNSA2,0.8973524669082945
3,PPSA1,dropped_redundant,0.09917085699127952,WPSA1,0.9612484707944592
3,PPSA2,dropped_redundant,0.2804252844576516,WPSA4,0.9832503281268701
3,PPSA3,dropped_redundant,0.3702218028460173,PPSA4,0.9319637494410061
3,PPSA4,selected,0.406722220331032,,
3,DPSA1,dropped_redundant,0.0015842925303227572,FNSA1,0.8681538009661806
3,DPSA2,dropped_redundant,0.314673870405111,WPSA4,0.9762468923817303
3,DPSA3,dropped_redundant,0.4796631813503895,TPSA,0.8527496879607902
3,DPSA4,dropped_redundant,0.4597409495399535,DPSA3,0.9184763285771659
3,FNSA1,dropped_redundant,0.056766210275994516,FNSA4,0.8370668794366856
3,FNSA2,dropped_redundant,0.37721095940085386,DPSA3,0.8744485190570701
3,FNSA3,dropped_redundant,0.36145756178292515,AATSC0c,0.8567395556957216
3,FNSA4,selected,0.20414829809089238,,
3,FPSA1,dropped_redundant,0.05455210540731942,FNSA1,0.9485711372506818
3,FPSA2,dropped_redundant,0.3240198225382295,PPSA4,0.9602631192722418
3,FPSA3,dropped_redundant,0.36913049312738944,FPSA4,0.8759461338694918
3,FPSA4,selected,0.4249181528086739,,
3,WNSA1,dropped_redundant,0.20347476534033312,PNSA2,0.9280136862002156
3,WNSA2,dropped_redundant,0.30455359647783015,PNSA2,0.9653883046958919
3,WNSA3,dropped_redundant,0.42185331279537563,DPSA3,0.9298341498452583
3,WNSA4,dropped_redundant,0.37440896445276284,FNSA2,0.9578571746044123
3,WPSA1,dropped_redundant,0.14591354642614054,Diameter,0.8873551866443271
3,WPSA2,dropped_redundant,0.2557373486780803,WPSA4,0.9504364311465338
3,WPSA3,dropped_redundant,0.30351069230799727,WPSA4,0.9692815038439788
3,WPSA4,dropped_redundant,0.33064259904414633,PPSA4,0.9353437291329398
3,RNCG,selected,0.12554567598399574,,
3,RPCG,selected,0.023506911637595326,,
3,RNCS,selected,0.2281911845722391,,
3,RPCS,selected,0.1706115595670709,,
3,TASA,dropped_redundant,0.027553032736827927,WPSA1,0.9175894512096948
3,TPSA,selected,0.5215636380696238,,
3,RASA,dropped_redundant,0.4531621252952206,TPSA,0.890549773449003
3,RPSA,dropped_redundant,0.45316212529522043,RASA,0.9999999999999998
3,C1SP1,selected,0.04244512177598809,,
3,C2SP1,selected,0.03421639007121635,,
3,C1SP2,selected,0.348344201958921,,
3,C2SP2,dropped_redundant,0.0026684248384076462,SMR_VSA7,0.8946342868563468
3,C3SP2,selected,0.005610940228542548,,
3,C1SP3,selected,5.103434380137575e-05,,
3,C2SP3,selected,0.0635062257753972,,
3,C3SP3,selected,0.006106475651159869,,
3,C4SP3,selected,0.022241870575839123,,
3,FCSP3,selected,0.14484137631585506,,
3,Xch-3d,dropped_redundant,0.013925652718263496,n3Ring,0.9923989699104292
3,Xch-4d,selected,0.01301496349644194,,
3,Xch-5d,selected,0.23478145081459503,,
3,Xch-6d,dropped_redundant,0.140018217961466,Xch-7d,0.8963453575049023
3,Xch-7d,selected,0.15269646712395687,,
3,Xch-3dv,dropped_redundant,0.015785402268524755,SRW03,0.9474475826283372
3,Xch-4dv,dropped_redundant,0.008449348516438615,Xch-4d,0.9801065881216736
3,Xch-5dv,dropped_redundant,0.14248885025804658,Xch-5d,0.8728044728076514
3,Xch-6dv,dropped_redundant,0.052758772281510075,Xch-7d,0.8094262633446464
3,Xch-7dv,dropped_redundant,0.04803580454022725,Xch-6dv,0.9032935075365436
3,Xc-3d,dropped_redundant,0.15566158448816508,GGI1,0.9223293321142555
3,Xc-4d,selected,0.030209619641377115,,
3,Xc-5d,selected,0.11824564799589239,,
3,Xc-6d,dropped_redundant,0.003711515555971251,Xc-6dv,0.8215212503091441
3,Xc-3dv,dropped_redundant,0.0812519247834293,GGI1,0.8280589797133491
3,Xc-4dv,selected,0.010481195786325474,,
3,Xc-5dv,dropped_redundant,0.048394498177659506,Xpc-4dv,0.8830917368750676
3,Xc-6dv,selected,0.0052640392071569625,,
3,Xpc-4d,dropped_redundant,0.17490447939451012,GGI3,0.9319654023149886
3,Xpc-5d,dropped_redundant,0.1586377073033862,Xpc-4d,0.9738632632482734
3,Xpc-6d,dropped_redundant,0.12877914118164677,Xpc-5d,0.9877055962855644
3,Xpc-4dv,dropped_redundant,0.06411585331444436,Xc-3dv,0.8470465777984665
3,Xpc-5dv,dropped_redundant,0.05441753591349766,Xpc-4dv,0.9748796221974204
3,Xpc-6dv,dropped_redundant,0.03185510024827503,Xpc-5dv,0.9885222447161012
3,Xp-1d,dropped_redundant,0.16990126192985794,nHeavyAtom,0.9990304674280852
3,Xp-2d,dropped_redundant,0.17533659401836793,GRAVp,0.9787032162392109
3,Xp-3d,dropped_redundant,0.15665014106803357,TMWC10,0.975409199617037
3,Xp-4d,dropped_redundant,0.1520874241676932,Xp-3d,0.9897080184670746
3,Xp-5d,dropped_redundant,0.11006444219672057,MPC4,0.9875136843780558
3,Xp-6d,dropped_redundant,0.1027863706470648,MPC4,0.9900009712316543
3,Xp-7d,dropped_redundant,0.08517300228625495,Xp-6d,0.9918167629395669
3,Xp-1dv,dropped_redundant,0.12592149076802395,VMcGowan,0.9856153508106357
3,Xp-2dv,dropped_redundant,0.10878701011655399,ATSC0d,0.9463579064903438
3,Xp-3dv,dropped_redundant,0.08031793230660307,Xp-2dv,0.9714252964431718
3,Xp-4dv,dropped_redundant,0.06887889092962438,Xp-3dv,0.9874249926863993
3,Xp-5dv,dropped_redundant,0.029200415913290676,Xp-4dv,0.9882596098935315
3,Xp-6dv,dropped_redundant,0.02476027626510067,Xpc-4dv,0.919103198913794
3,Xp-7dv,dropped_redundant,0.014479761308888658,Xp-6dv,0.993111834056509
3,SZ,dropped_redundant,0.17212414248115543,MW,0.9979992237090852
3,Sm,dropped_redundant,0.1763782514789832,MW,0.9999949378029594
3,Sv,dropped_redundant,0.12928619655325463,VMcGowan,0.9965117478401347
3,Sse,dropped_redundant,0.1197249369094809,Sare,0.9997726556236209
3,Spe,dropped_redundant,0.12385375746909491,Sare,0.9999726595341103
3,Sare,dropped_redundant,0.12512337047278965,ATS0se,0.9991754415890175
3,Sp,dropped_redundant,0.10908007215443281,Sv,0.9972513573949522
3,Si,dropped_redundant,0.10686227786988968,ATS0i,0.9994745930940079
3,MZ,dropped_redundant,0.05703972308554454,AATS1Z,0.9259639954915265
3,Mm,dropped_redundant,0.05208360073911324,AMW,0.999976485305684
3,Mv,selected,0.09380935298015486,,
3,Mse,dropped_redundant,0.12452991664390331,Mpe,0.9937256761518103
3,Mpe,dropped_redundant,0.12497014559155531,Mare,0.9862161150232023
3,Mare,dropped_redundant,0.1376669480922696,AATS1are,0.9617755846593863
3,Mp,dropped_redundant,0.00561952417245242,AATS0p,0.9672288773399114
3,Mi,dropped_redundant,0.002620938107073708,AATS0i,0.9959063363949879
3,NsssB,selected,-inf,,
3,NsCH3,selected,0.04192269531543296,,
3,NdCH2,selected,0.015351884732604001,,
3,NssCH2,dropped_redundant,0.0746907816698001,SssCH2,0.9276931287080272
3,NtCH,selected,0.04838887312368846,,
3,NdsCH,selected,0.05074634747801843,,
3,NaaCH,dropped_redundant,0.022389927492925857,SaaCH,0.9849694063208482
3,NsssCH,selected,0.04684587421406255,,
3,NddC,dropped_redundant,0.03571458365378222,SddC,0.9999999999999997
3,NtsC,dropped_redundant,0.007598029741926003,nBondsT,0.9563323302490676
3,NdssC,selected,0.2196927389858008,,
3,NaasC,selected,0.10643866941982322,,
3,NaaaC,dropped_redundant,0.12538587392075107,nFaHRing,0.8393346244183617
3,NssssC,selected,0.07157775481665717,,
3,NsNH2,selected,0.13662667317309696,,
3,NssNH,selected,0.1644525441859911,,
3,NaaNH,selected,0.2586718031796735,,
3,NtN,dropped_redundant,0.031796006090342686,StN,0.9911927729258393
3,NdsN,selected,0.15122437213475956,,
3,NaaN,selected,0.17970917476099268,,
3,NsssN,dropped_redundant,0.07637202469457102,SsssN,0.98383839538312
3,NddsN,selected,0.15089471104638397,,
3,NaasN,selected,0.12376290699047017,,
3,NssssN,selected,0.0013992604128345311,,
3,NsOH,selected,0.2517525645927532,,
3,NdO,selected,0.38130783638969884,,
3,NssO,dropped_redundant,0.03536687766451845,SssO,0.9940501498435838
3,NaaO,selected,0.2570922807345391,,
3,NsF,dropped_redundant,0.16367126910275037,nF,1.0
3,NdsssP,selected,-inf,,
3,NsSH,selected,-inf,,
3,NdS,selected,0.016078287364345318,,
3,NssS,selected,0.07072869277001359,,
3,NaaS,selected,0.038129719396210515,,
3,NdssS,dropped_redundant,0.0460128956589494,SdssS,0.9945779911719657
3,NddssS,dropped_redundant,0.17606069047119507,SddssS,0.9976646853471368
3,NsCl,dropped_redundant,0.06061776491084614,nCl,1.0
3,NsBr,dropped_redundant,0.02152467385061496,nBr,1.0
3,NsI,dropped_redundant,0.07164661959778319,nI,1.0
3,SsssB,selected,-inf,,
3,SsCH3,dropped_redundant,0.00015512389919279977,NsCH3,0.9877329831886458
3,SdCH2,dropped_redundant,0.01518197929332318,NdCH2,0.996822238016293
3,SssCH2,selected,0.19433045988565564,,
3,StCH,dropped_redundant,0.04808187675305763,NtCH,0.9993236705068002
3,SdsCH,dropped_redundant,0.033006162139259415,NdsCH,0.9618882167898892
3,SaaCH,dropped_redundant,0.06657134870419693,VSA_EState6,0.981469778066645
3,SsssCH,selected,0.13833458701708928,,
3,SddC,selected,0.03571458365378226,,
3,StsC,dropped_redundant,0.0027402061536053375,NtsC,0.9822557922977263
3,SdssC,selected,0.1528008899427091,,
3,SaasC,selected,0.07333703993537363,,
3,SaaaC,dropped_redundant,0.07359924604768532,NaaaC,0.9234565179702308
3,SssssC,selected,0.1054472286225828,,
3,SsNH2,dropped_redundant,0.13391850528349117,NsNH2,0.9979901295743362
3,SssNH,dropped_redundant,0.14240430097948015,NssNH,0.9873089158751952
3,SaaNH,dropped_redundant,0.2494029561109921,NaaNH,0.9927811383718939
3,StN,dropped_redundant,0.03250647142576928,SMR_VSA2,0.9440521399110128
3,SdsN,dropped_redundant,0.13617228898217754,NdsN,0.9950329052414373
3,SaaN,dropped_redundant,0.1776440354960696,NaaN,0.9971275997541639
3,SsssN,selected,0.13674255856230677,,
3,SddsN,dropped_redundant,0.14110268986495406,NddsN,0.973334528704605
3,SaasN,dropped_redundant,0.11331682428433922,NaasN,0.9790260640291888
3,SssssN,dropped_redundant,0.0013992604128345131,NssssN,0.9999999999999989
3,SsOH,dropped_redundant,0.237559436799339,NsOH,0.9950322280744293
3,SdO,dropped_redundant,0.3757113020252196,NdO,0.9959317966876668
3,SssO,selected,0.03967065895523609,,
3,SaaO,dropped_redundant,0.25233767300766213,NaaO,0.9980007411058275
3,SsF,dropped_redundant,0.1651352527249289,nX,0.8006927426641829
3,SdsssP,selected,-inf,,
3,SsSH,selected,-inf,,
3,SdS,dropped_redundant,0.012470379147550356,NdS,0.9902465998354522
3,SssS,dropped_redundant,0.06265232396702507,NssS,0.9929646512726455
3,SaaS,dropped_redundant,0.019172267487581805,NaaS,0.9918841689275574
3,SdssS,selected,0.04712687037899478,,
3,SddssS,selected,0.18444011118227235,,
3,SsCl,dropped_redundant,0.06050562568642417,nCl,0.9954195513089054
3,SsBr,selected,0.027937017266484846,,
3,SsI,selected,0.08026414306515268,,
3,ECIndex,dropped_redundant,0.18820107766050365,WPath,0.9621921703188935
3,fragCpx,dropped_redundant,0.12044703626072126,MPC4,0.9253287347373932
3,fMF,selected,0.06259934805243961,,
3,GeomDiameter,dropped_redundant,0.14002792582395582,GeomRadius,0.9859087339214042
3,GeomRadius,dropped_redundant,0.14607091723848267,Diameter,0.9567249862607761
3,GeomShapeIndex,dropped_redundant,0.041767446426460665,GeomPetitjeanIndex,0.9817988929595629
3,GeomPetitjeanIndex,selected,0.04926737258917742,,
3,GRAV,dropped_redundant,0.21080061751984325,GRAVp,0.987499850388083
3,GRAVH,dropped_redundant,0.19744724474238592,GRAV,0.9971500516241569
3,GRAVp,dropped_redundant,0.22285123779296437,BertzCT,0.957362125968566
3,GRAVHp,dropped_redundant,0.210727199235268,GRAVp,0.9974595563492646
3,nHBAcc,dropped_redundant,0.3774530205297706,PPSA4,0.8527783186712756
3,nHBDon,selected,0.4106466575140472,,
3,IC0,dropped_redundant,0.33093334713526007,SIC1,0.800914400708633
3,IC1,selected,0.3401249053321169,,
3,IC2,dropped_redundant,0.25717431965311593,IC1,0.9087137232941964
3,IC3,dropped_redundant,0.17615730495945608,IC2,0.9634389093965899
3,IC4,dropped_redundant,0.1596249290215008,IC3,0.9944089531965039
3,IC5,dropped_redundant,0.15812844564996695,IC4,0.9986585806590097
3,TIC0,dropped_redundant,0.20992902836691296,GRAVp,0.9595820265808299
3,TIC1,dropped_redundant,0.20956727656336266,TIC0,0.9804890878084079
3,TIC2,dropped_redundant,0.1701368364213385,TIC1,0.9887013622371587
3,TIC3,dropped_redundant,0.13852248294582586,TIC2,0.9944833637314264
3,TIC4,dropped_redundant,0.13186391772592626,TIC3,0.9991705385191415
3,TIC5,dropped_redundant,0.1316211163406042,TIC4,0.9997857851214053
3,SIC0,selected,0.16550080723035762,,
3,SIC1,selected,0.3398681817988845,,
3,SIC2,dropped_redundant,0.3047259443298579,SIC1,0.853494576056785
3,SIC3,dropped_redundant,0.20417360332646853,SIC2,0.9105757103263353
3,SIC4,dropped_redundant,0.18073512374933626,SIC3,0.9856171474096261
3,SIC5,dropped_redundant,0.17836613361647438,SIC4,0.9966609452488273
3,BIC0,dropped_redundant,0.14079878275325566,SIC0,0.9869187296808563
3,BIC1,dropped_redundant,0.3377925473201281,SIC1,0.9877699302432417
3,BIC2,dropped_redundant,0.29215662961293254,SIC2,0.9808485117330289
3,BIC3,dropped_redundant,0.1903649003020807,SIC3,0.9810723689405124
3,BIC4,dropped_redundant,0.1657114776823421,BIC3,0.9831060158447783
3,BIC5,dropped_redundant,0.1633154710174412,BIC4,0.9960987652750044
3,CIC0,dropped_redundant,0.021295119426258273,SIC0,0.8055428198980707
3,CIC1,selected,0.2524612791804582,,
3,CIC2,dropped_redundant,0.3151112025717836,SIC1,0.8419670519150023
3,CIC3,selected,0.22473499263134744,,
3,CIC4,dropped_redundant,0.19604847501615363,CIC3,0.9715633846210336
3,CIC5,dropped_redundant,0.19396391741339988,CIC4,0.9932413260746391
3,MIC0,selected,0.1465438013552937,,
3,MIC1,dropped_redundant,0.280931624954478,IC0,0.8353950525421296
3,MIC2,dropped_redundant,0.23861979704063518,MIC1,0.9643261889556007
3,MIC3,dropped_redundant,0.21422762414827717,MIC2,0.988588410862473
3,MIC4,dropped_redundant,0.21214190802562713,MIC5,0.999775838193508
3,MIC5,dropped_redundant,0.21318903025884878,MIC3,0.9980876854553052
3,ZMIC0,dropped_redundant,0.16191193448175947,mZagreb2,0.986368529132082
3,ZMIC1,selected,0.011139900286524802,,
3,ZMIC2,dropped_redundant,0.0053805332158311375,ZMIC1,0.8859240492491771
3,ZMIC3,dropped_redundant,0.05258759370536371,ZMIC4,0.985891972971666
3,ZMIC4,selected,0.0654399961975056,,
3,ZMIC5,dropped_redundant,0.062267412581681725,ZMIC4,0.9964938213580214
3,Lipinski,selected,0.14879663264428963,,
3,GhoseFilter,selected,0.012125169432260788,,
3,FilterItLogS,selected,0.04780814880874977,,
3,VMcGowan,dropped_redundant,0.13761007805901793,mZagreb2,0.9855969391250207
3,LabuteASA,dropped_redundant,0.157700671062621,ZMIC0,0.9928472317312478
3,PEOE_VSA1,selected,0.2804932313646989,,
3,PEOE_VSA2,selected,0.3310811547092849,,
3,PEOE_VSA3,selected,0.1928806170585284,,
3,PEOE_VSA4,selected,0.09567198471519148,,
3,PEOE_VSA5,selected,0.039829279770665846,,
3,PEOE_VSA6,selected,0.2630306378709798,,
3,PEOE_VSA7,selected,0.057653645469400015,,
3,PEOE_VSA8,selected,0.06519864859290105,,
3,PEOE_VSA9,selected,0.2451871129199451,,
3,PEOE_VSA10,selected,0.1685548240123474,,
3,PEOE_VSA11,selected,0.18303938712384998,,
3,PEOE_VSA12,selected,0.26936927695229407,,
3,PEOE_VSA13,selected,0.27855178818009585,,
3,SMR_VSA1,dropped_redundant,0.26001714906062107,EState_VSA10,0.8386880807709466
3,SMR_VSA2,selected,0.04364436671783699,,
3,SMR_VSA3,dropped_redundant,0.2361091613790994,nN,0.8259939704675283
3,SMR_VSA4,selected,0.13621511004484996,,
3,SMR_VSA5,dropped_redundant,0.03892463556336106,SlogP_VSA5,0.9003118947099066
3,SMR_VSA6,selected,0.02905637194243254,,
3,SMR_VSA7,dropped_redundant,0.048459243237876246,VSA_EState6,0.8710037594787118
3,SMR_VSA9,selected,0.13710526758596409,,
3,SlogP_VSA1,selected,0.20463587739561132,,
3,SlogP_VSA2,selected,0.20280214270004884,,
3,SlogP_VSA3,selected,0.2151937775704518,,
3,SlogP_VSA4,selected,0.10556381549229904,,
3,SlogP_VSA5,dropped_redundant,0.05184206633834801,C2SP3,0.8021882629364779
3,SlogP_VSA6,dropped_redundant,0.03228186608745117,SMR_VSA7,0.9426903972501072
3,SlogP_VSA7,selected,0.05528319552415902,,
3,SlogP_VSA8,selected,0.16940514720250544,,
3,SlogP_VSA10,selected,0.06610896205172216,,
3,SlogP_VSA11,selected,0.07181387209370926,,
3,EState_VSA1,selected,0.18360025114977474,,
3,EState_VSA2,selected,0.3306658024095013,,
3,EState_VSA3,selected,0.24856685344620746,,
3,EState_VSA4,selected,0.04745927436984687,,
3,EState_VSA5,selected,0.18750394934123024,,
3,EState_VSA6,selected,0.3272879999612717,,
3,EState_VSA7,selected,0.0848045638790628,,
3,EState_VSA8,selected,0.22809153688263,,
3,EState_VSA9,selected,0.0790303372086161,,
3,EState_VSA10,selected,0.27215245136820615,,
3,VSA_EState1,dropped_redundant,0.017787090059933633,SsF,0.8391026108772538
3,VSA_EState2,dropped_redundant,0.34605442262344754,NdO,0.8249229803098195
3,VSA_EState3,selected,0.3565622080704465,,
3,VSA_EState4,dropped_redundant,0.07095175975038133,NsNH2,0.803852178188013
3,VSA_EState5,selected,0.045276930015874524,,
3,VSA_EState6,selected,0.11768304381983742,,
3,VSA_EState7,selected,0.011203171257788925,,
3,VSA_EState8,selected,0.09192860470658049,,
3,VSA_EState9,selected,0.10054185936435014,,
3,MOMI-X,dropped_redundant,0.16341616051031235,Diameter,0.905773009654664
3,MOMI-Y,dropped_redundant,0.15920435183839823,MOMI-X,0.9891074486802607
3,MOMI-Z,selected,0.15527924370971705,,
3,PBF,selected,0.027880556182126533,,
3,MPC2,dropped_redundant,0.16293806433327157,Zagreb1,0.9983353866299953
3,MPC3,dropped_redundant,0.14774237810437005,Xp-4d,0.9946787430840484
3,MPC4,dropped_redundant,0.13656619345487897,BertzCT,0.9147450171984706
3,MPC5,dropped_redundant,0.09992230498230655,Xp-6d,0.9919423999999494
3,MPC6,dropped_redundant,0.09496589668686783,TMPC10,0.9940823006997587
3,MPC7,dropped_redundant,0.0880609511733661,TMPC10,0.9961684534028821
3,MPC8,dropped_redundant,0.0909874017542896,TMPC10,0.9930375898460548
3,MPC9,dropped_redundant,0.08971839470282586,MPC8,0.9960382924598952
3,MPC10,dropped_redundant,0.09726937893221724,TMPC10,0.9799896014440475
3,TMPC10,dropped_redundant,0.1051770099595406,MPC4,0.9622510947803408
3,piPC1,dropped_redundant,0.16732053378748624,piPC2,0.9843661532317126
3,piPC2,dropped_redundant,0.17022213080534068,BertzCT,0.8735209484459888
3,piPC3,dropped_redundant,0.15473945892228266,piPC2,0.9764051187026785
3,piPC4,dropped_redundant,0.14973301078000406,piPC3,0.9845281846199703
3,piPC5,dropped_redundant,0.1366000083922814,piPC4,0.990088513078766
3,piPC6,dropped_redundant,0.14665470371420655,piPC2,0.950647985916833
3,piPC7,dropped_redundant,0.13630993990864632,piPC6,0.9835732998653892
3,piPC8,dropped_redundant,0.13287265678124027,piPC2,0.9078466671895913
3,piPC9,dropped_redundant,0.12651436351872636,piPC8,0.983947679608886
3,piPC10,dropped_redundant,0.10904295147382832,piPC8,0.9445612147865583
3,TpiPC10,dropped_redundant,0.13488651451910721,piPC6,0.9778471620764267
3,apol,dropped_redundant,0.1090800721544328,Sp,1.0000000000000009
3,bpol,dropped_redundant,0.09415388982754899,WPSA1,0.9479354183864555
3,nRing,dropped_redundant,0.06612458250622666,MPC4,0.9469706611280257
3,n3Ring,dropped_redundant,0.015717952580941698,SRW03,0.9875952972825252
3,n4Ring,selected,0.009611649879845073,,
3,n5Ring,selected,0.2841592472428003,,
3,n6Ring,selected,0.036377958690668184,,
3,n7Ring,dropped_redundant,0.12913834907189886,n7ARing,0.9929814464867739
3,n8Ring,selected,-inf,,
3,n9Ring,selected,-inf,,
3,nG12Ring,selected,0.0019450522373436012,,
3,nHRing,selected,0.1700241629719079,,
3,n3HRing,selected,0.00499396334919067,,
3,n4HRing,selected,0.0014375748416574638,,
3,n5HRing,dropped_redundant,0.28231412338320616,n5Ring,0.9502503821263942
3,n6HRing,selected,0.04570220401392811,,
3,n7HRing,dropped_redundant,0.1206030866524293,n7ARing,0.9399825908262297
3,n8HRing,selected,-inf,,
3,n9HRing,selected,-inf,,
3,nG12HRing,dropped_redundant,0.0019450522373436012,nG12Ring,1.0
3,naRing,dropped_redundant,0.1438827517915467,nBondsM,0.9732909163405352
3,n5aRing,selected,0.2612285359199359,,
3,n6aRing,dropped_redundant,0.013020125158272111,VSA_EState6,0.8237647422961185
3,n7aRing,selected,0.040696271777487525,,
3,naHRing,selected,0.311624446283317,,
3,n5aHRing,dropped_redundant,0.2612285359199359,n5aRing,1.0
3,n6aHRing,selected,0.19517869040597216,,
3,n7aHRing,selected,-inf,,
3,nARing,dropped_redundant,0.05135916921919026,n6ARing,0.8334826275822581
3,n3ARing,dropped_redundant,0.015717952580941698,n3Ring,1.0
3,n4ARing,dropped_redundant,0.009611649879845073,n4Ring,1.0
3,n5ARing,selected,0.11043490108957572,,
3,n6ARing,selected,0.06723284860997229,,
3,n7ARing,selected,0.13667205110746122,,
3,n8ARing,selected,-inf,,
3,n9ARing,selected,-inf,,
3,nG12ARing,dropped_redundant,0.0019450522373436012,nG12Ring,1.0
3,nAHRing,selected,0.07684854665847174,,
3,n3AHRing,dropped_redundant,0.00499396334919067,n3HRing,1.0
3,n4AHRing,dropped_redundant,0.0014375748416574638,n4HRing,1.0
3,n5AHRing,dropped_redundant,0.10345998284474046,n5ARing,0.8915381148333156
3,n6AHRing,selected,0.1091955373266504,,
3,n7AHRing,dropped_redundant,0.1206030866524293,n7HRing,1.0
3,n8AHRing,selected,-inf,,
3,n9AHRing,selected,-inf,,
3,nG12AHRing,dropped_redundant,0.0019450522373436012,nG12Ring,1.0
3,nFRing,dropped_redundant,0.02353723151061337,nFHRing,0.9101394912892894
3,n6FRing,selected,-inf,,
3,n7FRing,selected,0.0015942250903150327,,
3,n8FRing,dropped_redundant,9.74739890261598e-05,n8FHRing,0.8158270469234297
3,n9FRing,selected,0.10365086120143926,,
3,n10FRing,dropped_redundant,0.07753457004140127,n10FHRing,0.8991035700422191
3,n11FRing,selected,0.07121866209753604,,
3,n12FRing,selected,0.05333469256086868,,
3,nG12FRing,selected,0.09293534000284404,,
3,nFHRing,selected,0.026555831941625745,,
3,n6FHRing,selected,-inf,,
3,n7FHRing,selected,0.0516121082676689,,
3,n8FHRing,selected,0.02505697725086572,,
3,n9FHRing,dropped_redundant,0.09809129143492051,n9FRing,0.9708910111702218
3,n10FHRing,selected,0.08113145515886731,,
3,n11FHRing,dropped_redundant,0.07121866209753604,n11FRing,1.0
3,n12FHRing,dropped_redundant,0.05333469256086868,n12FRing,1.0
3,nG12FHRing,dropped_redundant,0.08397216011780276,nG12FRing,0.9173170449724007
3,nFaRing,dropped_redundant,0.12440179834174359,nFaHRing,0.9623379836037459
3,n9FaRing,dropped_redundant,0.09650662840260009,n9FRing,0.8373568323281977
3,n10FaRing,dropped_redundant,0.09040782329293195,n10FaHRing,0.8860159682541876
3,n11FaRing,selected,-inf,,
3,nG12FaRing,selected,0.04069195055527485,,
3,nFaHRing,selected,0.13633032032780115,,
3,n9FaHRing,dropped_redundant,0.09650662840260009,n9FaRing,1.0
3,n10FaHRing,selected,0.116834690817552,,
3,n11FaHRing,selected,-inf,,
3,nG12FaHRing,dropped_redundant,0.04069195055527485,nG12FaRing,1.0
3,nFARing,dropped_redundant,0.06520263880197406,nFAHRing,0.8988800410584414
3,n6FARing,selected,-inf,,
3,n7FARing,dropped_redundant,0.0015942250903150327,n7FRing,1.0
3,n8FARing,dropped_redundant,9.74739890261598e-05,n8FRing,1.0
3,n9FARing,selected,0.04747082440256202,,
3,n10FARing,selected,0.024699178060389345,,
3,n11FARing,dropped_redundant,0.07121866209753604,n11FRing,1.0
3,n12FARing,dropped_redundant,0.05333469256086868,n12FRing,1.0
3,nG12FARing,dropped_redundant,0.08598300466103222,nG12FRing,0.9806775606041109
3,nFAHRing,selected,0.0717007069794785,,
3,n6FAHRing,selected,-inf,,
3,n7FAHRing,dropped_redundant,0.0516121082676689,n7FHRing,1.0
3,n8FAHRing,dropped_redundant,0.02505697725086572,n8FHRing,1.0
3,n9FAHRing,dropped_redundant,0.03225674301597397,n9FARing,0.8988379189374334
3,n10FAHRing,dropped_redundant,0.006647027975766168,n10FARing,0.8898520858512825
3,n11FAHRing,dropped_redundant,0.07121866209753604,n11FRing,1.0
3,n12FAHRing,dropped_redundant,0.05333469256086868,n12FRing,1.0
3,nG12FAHRing,dropped_redundant,0.0766617983502468,nG12FHRing,0.9784250028413796
3,nRot,selected,0.19106066534452681,,
3,SLogP,selected,0.2900833677350112,,
3,SMR,dropped_redundant,0.1340679666568726,VMcGowan,0.9924994164242209
3,TopoPSA(NO),selected,0.5784433763932079,,
3,TopoPSA,dropped_redundant,0.5647603778106116,TopoPSA(NO),0.9584790277493502
3,GGI1,selected,0.21150801651450274,,
3,GGI2,dropped_redundant,0.14754281723225246,Xpc-4d,0.9782375157792927
3,GGI3,dropped_redundant,0.19237000972289503,GGI4,0.903404487801303
3,GGI4,dropped_redundant,0.19496481176857636,BertzCT,0.8104638496478108
3,GGI5,dropped_redundant,0.17827138413278462,GGI4,0.914312143808425
3,GGI6,dropped_redundant,0.16698470001067037,GGI5,0.9234563172586303
3,GGI7,dropped_redundant,0.19288993297610307,ATS8dv,0.9007720299848324
3,GGI8,dropped_redundant,0.17764910062847517,ATS8dv,0.9197827379268871
3,GGI9,dropped_redundant,0.20647853750653258,ATS8dv,0.9252805599920881
3,GGI10,dropped_redundant,0.19881836283796156,ATS8dv,0.8722272428440224
3,JGI1,dropped_redundant,0.021538373905239015,JGT10,0.833780542400239
3,JGI2,selected,0.029454356704407218,,
3,JGI3,selected,0.11191389391572779,,
3,JGI4,selected,0.12396484621816618,,
3,JGI5,selected,0.11481384852916084,,
3,JGI6,selected,0.1258696635973305,,
3,JGI7,selected,0.11822762103720172,,
3,JGI8,selected,0.02924588383343574,,
3,JGI9,selected,0.033794343555417,,
3,JGI10,selected,0.1487295054513182,,
3,JGT10,selected,0.09806803374171483,,
3,Diameter,selected,0.18317778906907475,,
3,Radius,dropped_redundant,0.1718903710862172,Diameter,0.990501211496156
3,MWC01,dropped_redundant,0.1641494656208339,nBondsO,1.0
3,MWC02,dropped_redundant,0.1390916579372123,SRW02,0.9953895572561452
3,MWC03,dropped_redundant,0.13383923379013013,MWC02,0.9976099715908167
3,MWC04,dropped_redundant,0.1297284352303225,MWC03,0.997941021273321
3,MWC05,dropped_redundant,0.1256024697950212,MWC04,0.9989019808780777
3,MWC06,dropped_redundant,0.12177446945214591,MWC05,0.9989611996391584
3,MWC07,dropped_redundant,0.11868924691673362,MWC06,0.9994475134521704
3,MWC08,dropped_redundant,0.11549466510352277,SRW08,0.9970343090423582
3,MWC09,dropped_redundant,0.1132466087768704,MWC08,0.9996890682430807
3,MWC10,dropped_redundant,0.11063961810950554,MWC08,0.99925482728847
3,TMWC10,dropped_redundant,0.15965409214346046,GRAVp,0.9631476694385842
3,SRW02,dropped_redundant,0.14254897602738156,piPC1,0.9893118341580281
3,SRW03,selected,0.02145350568842878,,
3,SRW04,dropped_redundant,0.13727927716774413,MWC02,0.999369973181374
3,SRW05,dropped_redundant,0.25433209232615167,n5Ring,0.8896821045988714
3,SRW06,dropped_redundant,0.12655172652961919,MWC04,0.9987956555115796
3,SRW07,dropped_redundant,0.20500663819424736,SRW05,0.9523503264937926
3,SRW08,dropped_redundant,0.1166103373808088,piPC2,0.9569032747199059
3,SRW09,dropped_redundant,0.17921589170300345,SRW07,0.9930171832975012
3,SRW10,dropped_redundant,0.10868840403425344,SRW08,0.9981686231743803
3,TSRW10,dropped_redundant,0.21421975389021022,BertzCT,0.8915161544627254
3,MW,dropped_redundant,0.17652243483225308,ATS1m,0.9887529129221452
3,AMW,dropped_redundant,0.05317795398402351,MZ,0.9991425846142742
3,WPath,dropped_redundant,0.20783081830741218,WPSA2,0.9586934470526032
3,WPol,dropped_redundant,0.1398498831195306,Xp-3d,0.9820403359662434
3,Zagreb1,dropped_redundant,0.16401373231513053,nBondsO,0.9962563246485467
3,Zagreb2,dropped_redundant,0.1587386753544535,MPC2,0.9986154372287761
3,mZagreb2,dropped_redundant,0.18101972448631357,TIC0,0.9773560787040207
4,nAcid,selected,0.2399583582904248,,
4,nBase,selected,0.010650073919933653,,
4,nAromAtom,dropped_redundant,0.15451848687220163,nAromBond,0.9977858513020526
4,nAromBond,dropped_redundant,0.16011435682833583,naRing,0.9945375529727076
4,nAtom,dropped_redundant,0.11324048381168159,Si,0.999612513343703
4,nHeavyAtom,dropped_redundant,0.20167209388474883,mZagreb2,0.9953218845641663
4,nSpiro,selected,0.035854181535546883,,
4,nBridgehead,selected,0.027600563512656273,,
4,nHetero,selected,0.4540418918379625,,
4,nH,dropped_redundant,0.015158574590414187,nBondsS,0.9747932675243323
4,nB,selected,-inf,,
4,nC,dropped_redundant,0.07570400254971532,Xp-3dv,0.9000083159593748
4,nN,selected,0.31465139990367963,,
4,nO,dropped_redundant,0.4213502183931469,TPSA,0.8171903061716647
4,nS,selected,0.20391877775330244,,
4,nP,selected,-inf,,
4,nF,selected,0.10152080628726101,,
4,nCl,selected,0.017411959412483944,,
4,nBr,dropped_redundant,0.01755470005166073,SsBr,0.9911127799786602
4,nI,dropped_redundant,0.08823554416215622,SsI,0.9985394261780288
4,nX,dropped_redundant,0.09727460321248001,nF,0.8183040995443399
4,ATS0dv,dropped_redundant,0.3034847401282986,nHetero,0.8555817612733794
4,ATS1dv,dropped_redundant,0.26362835163803805,ATS0dv,0.9623203791957421
4,ATS2dv,dropped_redundant,0.26046989203051757,ATS0dv,0.9690349970985936
4,ATS3dv,dropped_redundant,0.22195168618009217,ATS4dv,0.9830906958959662
4,ATS4dv,dropped_redundant,0.24634674532495054,ATS0dv,0.9092826267526521
4,ATS5dv,dropped_redundant,0.22552792577730166,ATS6dv,0.966067054205777
4,ATS6dv,dropped_redundant,0.2422299593457346,ATS4dv,0.9163865810919928
4,ATS7dv,dropped_redundant,0.24918286063270492,ATS8dv,0.9660842538083919
4,ATS8dv,selected,0.26570457583191137,,
4,ATS0d,dropped_redundant,0.1653599085644318,Zagreb1,0.9957792742190189
4,ATS1d,dropped_redundant,0.14473867753879793,ATS0d,0.9966421139725384
4,ATS2d,dropped_redundant,0.1190521579779112,Xp-4d,0.9745478330464407
4,ATS3d,dropped_redundant,0.081650341900721,ATS3v,0.9944575075819841
4,ATS4d,dropped_redundant,0.08372667487850795,ATS4v,0.994987055939899
4,ATS5d,dropped_redundant,0.07919910876690123,ATS5v,0.9939548510871715
4,ATS6d,dropped_redundant,0.09341641365035616,ATS6v,0.9941427452197996
4,ATS7d,dropped_redundant,0.11035048896100395,ATS7v,0.9950702659212288
4,ATS8d,dropped_redundant,0.13832134670413274,ATS8m,0.9571257509361352
4,ATS0Z,selected,0.11841600729566705,,
4,ATS1Z,dropped_redundant,0.21595694103883936,ATS1m,0.9986217962937655
4,ATS2Z,dropped_redundant,0.18839856506645375,ATS2m,0.9967947979148851
4,ATS3Z,dropped_redundant,0.16815857483259555,ATS3m,0.9962757365874514
4,ATS4Z,dropped_redundant,0.19006455545948164,ATS4m,0.992583555189431
4,ATS5Z,dropped_redundant,0.17587611096199585,ATS5m,0.9956370769394859
4,ATS6Z,dropped_redundant,0.16613023818445039,ATS6m,0.9972084176313458
4,ATS7Z,dropped_redundant,0.16518835772552434,ATS7m,0.997414407595478
4,ATS8Z,dropped_redundant,0.17708581453161784,ATS8m,0.9979649226584948
4,ATS0m,dropped_redundant,0.07565620606921372,ATS0Z,0.9862237339307579
4,ATS1m,dropped_redundant,0.22128676752163268,GRAVp,0.9882557942584319
4,ATS2m,dropped_redundant,0.19228997181336874,GRAVp,0.9591554951549345
4,ATS3m,dropped_redundant,0.17554943436881096,ATS2m,0.9642566178023281
4,ATS4m,dropped_redundant,0.201152288828799,GGI3,0.8459459734816129
4,ATS5m,dropped_redundant,0.185444040246393,ATS4m,0.9359558616348027
4,ATS6m,dropped_redundant,0.17322066351246063,ATS5m,0.9690667379584724
4,ATS7m,dropped_redundant,0.17501931649489785,ATS8m,0.9689332416030688
4,ATS8m,dropped_redundant,0.18916708334123342,ATS8dv,0.9425242444108085
4,ATS0v,dropped_redundant,0.14999161791856497,SMR,0.9956469596504469
4,ATS1v,dropped_redundant,0.13237241436769848,ATS0v,0.9962750941902633
4,ATS2v,dropped_redundant,0.11676818791795512,ATS2d,0.9923362119374599
4,ATS3v,dropped_redundant,0.09114412966337616,ATS4v,0.9937204318489669
4,ATS4v,dropped_redundant,0.09414586281401668,ATS2d,0.9852059951529419
4,ATS5v,dropped_redundant,0.09210706290769693,ATS4v,0.9890759096641546
4,ATS6v,dropped_redundant,0.09963795076629792,ATS7v,0.9797745922912232
4,ATS7v,dropped_redundant,0.1112907659094501,ATS8d,0.9779010216765813
4,ATS8v,dropped_redundant,0.13144214672464022,ATS8d,0.9963727955543534
4,ATS0se,dropped_redundant,0.1503512047342223,ATS0are,0.9985248605671818
4,ATS1se,dropped_redundant,0.138500625230819,ATS1are,0.99970005562262
4,ATS2se,dropped_redundant,0.10132916097409557,ATS2are,0.9993104847748698
4,ATS3se,dropped_redundant,0.07242691389988344,ATS3are,0.9995267980942881
4,ATS4se,dropped_redundant,0.0699854574719607,ATS4are,0.9994670830373752
4,ATS5se,dropped_redundant,0.06062881670664676,ATS5are,0.9994896826202542
4,ATS6se,dropped_redundant,0.06996354856531113,ATS6are,0.9995410436959667
4,ATS7se,dropped_redundant,0.08332113181344084,ATS7are,0.9996220643578353
4,ATS8se,dropped_redundant,0.10333056359426075,ATS8are,0.9996485041826365
4,ATS0pe,dropped_redundant,0.16136367322498835,ATS0are,0.9998206842078964
4,ATS1pe,dropped_redundant,0.14346973949235187,ATS1are,0.9999591946605233
4,ATS2pe,dropped_redundant,0.10780873819157634,ATS2are,0.9999247394436356
4,ATS3pe,dropped_redundant,0.08083939842145761,ATS3are,0.9999535734574403
4,ATS4pe,dropped_redundant,0.07853961429758981,ATS4are,0.9999555217768494
4,ATS5pe,dropped_redundant,0.06959477933879991,ATS5are,0.9999599230909706
4,ATS6pe,dropped_redundant,0.07796871312316887,ATS6are,0.9999602527417986
4,ATS7pe,dropped_redundant,0.08918662088083652,ATS7are,0.9999572539531636
4,ATS8pe,dropped_redundant,0.1085779277819049,ATS8are,0.9999735600457306
4,ATS0are,dropped_redundant,0.1642995255520756,mZagreb2,0.9787170023269436
4,ATS1are,dropped_redundant,0.1459113820171774,ATS0are,0.9948780883290366
4,ATS2are,dropped_redundant,0.10915076540349523,ATS0are,0.9887340721713593
4,ATS3are,dropped_redundant,0.08266403682345175,ATSC0d,0.9447527587193255
4,ATS4are,dropped_redundant,0.08032986053595252,ATS3are,0.9879260971890973
4,ATS5are,dropped_redundant,0.07110897196918778,ATS6are,0.9803487872764756
4,ATS6are,dropped_redundant,0.07927096932155914,ATS3are,0.955704549274524
4,ATS7are,dropped_redundant,0.09045095724538535,ATS6v,0.9804783379555102
4,ATS8are,dropped_redundant,0.10976043611364358,ATS7v,0.985227561505111
4,ATS0p,dropped_redundant,0.12131567917525288,Xp-1dv,0.9859503549955579
4,ATS1p,dropped_redundant,0.1104400797162187,ATS1v,0.9964359436659201
4,ATS2p,dropped_redundant,0.09215100398927176,ATS2v,0.9947849892402786
4,ATS3p,dropped_redundant,0.06010190075500747,ATS3v,0.9938995661778138
4,ATS4p,dropped_redundant,0.05977771315363703,ATS4v,0.9930953645323041
4,ATS5p,dropped_redundant,0.058365507075193855,ATS5v,0.9938815150671618
4,ATS6p,dropped_redundant,0.07005275051499045,ATS6v,0.9946299454900899
4,ATS7p,dropped_redundant,0.08279185781053595,ATS7v,0.9952284115711217
4,ATS8p,dropped_redundant,0.1038787660897331,ATS8d,0.9924904442572389
4,ATS0i,dropped_redundant,0.11667719343941046,ATS0are,0.9913758161760263
4,ATS1i,dropped_redundant,0.12681975518607794,ATS1are,0.998205697386629
4,ATS2i,dropped_redundant,0.0811121229172241,ATS2are,0.9955044941935094
4,ATS3i,dropped_redundant,0.04983258927753148,ATS3are,0.9947989752617269
4,ATS4i,dropped_redundant,0.047987244274428936,ATS4are,0.9942325353427099
4,ATS5i,dropped_redundant,0.03544753278026031,ATS5are,0.9946172013256562
4,ATS6i,dropped_redundant,0.04734958788837536,ATS6are,0.9950497447394869
4,ATS7i,dropped_redundant,0.06574939450593642,ATS7are,0.9966801333763255
4,ATS8i,dropped_redundant,0.08769735551275734,ATS8are,0.9964647820452419
4,AATS0dv,dropped_redundant,0.17758605874610978,AATS1are,0.9296549724485242
4,AATS1dv,selected,0.23323658558285573,,
4,AATS0d,selected,0.1871919694577294,,
4,AATS1d,dropped_redundant,0.1515342383621036,AATS0d,0.975451622538175
4,AATS0Z,dropped_redundant,0.005578952646927791,AATS0m,0.9931601425294375
4,AATS1Z,selected,0.09499267464483567,,
4,AATS0m,dropped_redundant,0.006481038958895811,AATSC0m,0.8911501310566632
4,AATS1m,dropped_redundant,0.0881089682788479,AATS1Z,0.9992246871600251
4,AATS0v,dropped_redundant,0.09682949234505987,Mv,0.9866680926546724
4,AATS1v,dropped_redundant,0.0926306223755393,Mv,0.9578841050018679
4,AATS0se,dropped_redundant,0.12387184044531792,Mse,0.9989024907951048
4,AATS1se,dropped_redundant,0.1942854374502446,AATS1are,0.9710878305276475
4,AATS0pe,dropped_redundant,0.12009481384184438,Mpe,0.9973843296817386
4,AATS1pe,dropped_redundant,0.19103559228582564,AATS1se,0.9909077740679965
4,AATS0are,dropped_redundant,0.12501078095012308,Mare,0.9970469210401756
4,AATS1are,selected,0.2036456655938476,,
4,AATS0p,dropped_redundant,0.011410233983623083,Mp,0.9671838516978234
4,AATS1p,dropped_redundant,0.003801256886560347,Mp,0.9594627758650496
4,AATS0i,dropped_redundant,0.011721716724987027,AATS1i,0.8157962791685559
4,AATS1i,selected,0.14490741562145054,,
4,ATSC0c,dropped_redundant,0.458458022198337,DPSA4,0.9147553550723384
4,ATSC1c,dropped_redundant,0.5003953162684518,TopoPSA(NO),0.8062670609729453
4,ATSC2c,selected,0.23698609133615642,,
4,ATSC3c,selected,0.11646165507629747,,
4,ATSC4c,selected,0.07194415040895273,,
4,ATSC5c,selected,0.03462968982089269,,
4,ATSC6c,selected,0.0305462647125768,,
4,ATSC7c,selected,0.02839821436431554,,
4,ATSC8c,selected,0.0033395173507969867,,
4,ATSC0dv,dropped_redundant,0.2574622583092711,ATS0dv,0.9510473520375821
4,ATSC1dv,selected,0.13320412921465133,,
4,ATSC2dv,selected,0.2015664891801735,,
4,ATSC3dv,selected,0.12893928727846957,,
4,ATSC4dv,selected,0.045354917881649956,,
4,ATSC5dv,selected,0.16447921841687124,,
4,ATSC6dv,selected,0.05409844163110715,,
4,ATSC7dv,selected,0.06983961727259935,,
4,ATSC8dv,selected,0.04073288043546265,,
4,ATSC0d,dropped_redundant,0.1717540846657774,Xpc-4d,0.939956540580179
4,ATSC1d,dropped_redundant,0.09184090068019368,GGI3,0.8527895793543904
4,ATSC2d,selected,0.0044070365551553805,,
4,ATSC3d,selected,0.08331972158064395,,
4,ATSC4d,selected,0.03236701546964202,,
4,ATSC5d,selected,0.03101688212179752,,
4,ATSC6d,selected,0.033711869288624574,,
4,ATSC7d,selected,0.043912843710167515,,
4,ATSC8d,selected,0.03297983109140254,,
4,ATSC0Z,dropped_redundant,0.012748215695008747,ATS0Z,0.9339392522375667
4,ATSC1Z,selected,0.15567880566934206,,
4,ATSC2Z,dropped_redundant,0.03217410615647049,ATSC2m,0.9981287353812759
4,ATSC3Z,selected,0.06639027705738255,,
4,ATSC4Z,selected,0.059011101460508614,,
4,ATSC5Z,selected,0.13252963669186812,,
4,ATSC6Z,dropped_redundant,0.13474273174030016,ATSC6m,0.9974598191323946
4,ATSC7Z,dropped_redundant,0.07854019277929918,ATSC7m,0.9971452573923655
4,ATSC8Z,dropped_redundant,0.11823994296991579,ATSC8m,0.9967943465219798
4,ATSC0m,dropped_redundant,0.008079269331475871,ATSC0Z,0.9964406578193747
4,ATSC1m,dropped_redundant,0.1547532987943609,ATSC1Z,0.9991414635803156
4,ATSC2m,selected,0.03320190229391289,,
4,ATSC3m,dropped_redundant,0.060805489779561836,ATSC3Z,0.9973440284480849
4,ATSC4m,dropped_redundant,0.05247639348066492,ATSC4Z,0.9971640278136464
4,ATSC5m,dropped_redundant,0.1316254815911508,ATSC5Z,0.9980737565109556
4,ATSC6m,selected,0.13695106443871347,,
4,ATSC7m,selected,0.08529191719680408,,
4,ATSC8m,selected,0.13065030393000057,,
4,ATSC0v,dropped_redundant,0.06309742534313985,nC,0.9644728973286344
4,ATSC1v,selected,0.09507993750002518,,
4,ATSC2v,dropped_redundant,0.019226855754511617,ATSC2p,0.8926693446699765
4,ATSC3v,dropped_redundant,0.08380187776221319,ATSC3p,0.895363644052613
4,ATSC4v,dropped_redundant,0.048420252391073865,ATSC4p,0.9239136633704491
4,ATSC5v,selected,0.025280218552035678,,
4,ATSC6v,selected,0.07654662118667724,,
4,ATSC7v,selected,0.05073546169600598,,
4,ATSC8v,selected,0.07623851306073898,,
4,ATSC0se,dropped_redundant,0.30236833586794365,EState_VSA10,0.8216531960861538
4,ATSC1se,dropped_redundant,0.0906117745108738,ATSC1are,0.8837026711373862
4,ATSC2se,dropped_redundant,0.14245711644045964,ATSC2pe,0.986384848828405
4,ATSC3se,selected,0.1409072197900266,,
4,ATSC4se,selected,0.01698999508499636,,
4,ATSC5se,selected,0.17588869037357333,,
4,ATSC6se,dropped_redundant,0.09225270983594816,ATSC6pe,0.9630975991704971
4,ATSC7se,dropped_redundant,0.03070078252854792,ATSC7pe,0.9701050781697648
4,ATSC8se,dropped_redundant,0.0009496902164508441,ATSC8pe,0.9636212951852928
4,ATSC0pe,dropped_redundant,0.26114687450603413,ATSC0are,0.9952727157504101
4,ATSC1pe,dropped_redundant,0.13693622707186665,ATSC1are,0.9805666505789907
4,ATSC2pe,selected,0.1625953554004834,,
4,ATSC3pe,dropped_redundant,0.12498120909707716,ATSC3are,0.9773886709213934
4,ATSC4pe,dropped_redundant,0.009337674469189578,ATSC4se,0.9635710900088245
4,ATSC5pe,dropped_redundant,0.17389452946030104,ATSC5se,0.96937665142234
4,ATSC6pe,selected,0.10438859982741795,,
4,ATSC7pe,dropped_redundant,0.03776951680559752,ATSC7dv,0.8092798399147972
4,ATSC8pe,selected,0.023639510031458453,,
4,ATSC0are,dropped_redundant,0.26369225481297814,ATSC0se,0.9833562947437903
4,ATSC1are,selected,0.16469227024664443,,
4,ATSC2are,dropped_redundant,0.15323021792559482,ATSC2pe,0.9960110764101718
4,ATSC3are,dropped_redundant,0.12523495236732404,ATSC3se,0.9357018563820864
4,ATSC4are,dropped_redundant,0.0019156518907982936,ATSC4pe,0.9917983887881532
4,ATSC5are,dropped_redundant,0.16873698911524365,ATSC5pe,0.9901447530377033
4,ATSC6are,dropped_redundant,0.09115057915612242,ATSC6pe,0.9893363382105692
4,ATSC7are,dropped_redundant,0.027011061858990208,ATSC7pe,0.9917974637203469
4,ATSC8are,dropped_redundant,0.006494244842237752,ATSC8pe,0.9922332883098781
4,ATSC0p,dropped_redundant,0.06380742371879872,ATS0Z,0.8398487561622097
4,ATSC1p,dropped_redundant,0.052835088611030874,ATSC1v,0.8072980296095873
4,ATSC2p,selected,0.09122652057358183,,
4,ATSC3p,selected,0.09777207334028377,,
4,ATSC4p,selected,0.04894398426191244,,
4,ATSC5p,dropped_redundant,0.02050127586983527,ATSC5v,0.8781660158534277
4,ATSC6p,dropped_redundant,0.04871878869394148,ATSC6v,0.8994253186851575
4,ATSC7p,dropped_redundant,0.015331770490077614,ATSC7v,0.8677206032330937
4,ATSC8p,dropped_redundant,0.0678757807374647,ATSC8v,0.8829102011077993
4,ATSC0i,dropped_redundant,0.07730638063562185,ATS0dv,0.8734590450656803
4,ATSC1i,selected,0.0503561871678914,,
4,ATSC2i,selected,0.08062558441003853,,
4,ATSC3i,selected,0.07272181771239439,,
4,ATSC4i,dropped_redundant,0.010328882409284075,ATSC4p,0.8291118123001785
4,ATSC5i,selected,0.028563572675287995,,
4,ATSC6i,selected,0.032816848652440424,,
4,ATSC7i,selected,0.029795649912976917,,
4,ATSC8i,selected,0.012122845029544043,,
4,AATSC0c,dropped_redundant,0.3732650410687926,FNSA3,0.846698130385009
4,AATSC1c,dropped_redundant,0.3504277482698127,AATSC0c,0.8844814348346021
4,AATSC0dv,selected,0.25776257160844085,,
4,AATSC1dv,selected,0.09896752379289747,,
4,AATSC0d,selected,0.11106593515727567,,
4,AATSC1d,selected,0.07489943055732139,,
4,AATSC0Z,dropped_redundant,0.01790696869584279,AATSC0m,0.9963386728664231
4,AATSC1Z,dropped_redundant,0.1079109534607933,AATSC1m,0.9968167082402963
4,AATSC0m,selected,0.026412585006008408,,
4,AATSC1m,selected,0.10992902929359187,,
4,AATSC0v,selected,0.12431323573436322,,
4,AATSC1v,selected,0.11520684162367459,,
4,AATSC0se,dropped_redundant,0.1659460354059513,FNSA4,0.8384040113230501
4,AATSC1se,dropped_redundant,0.025515652376821914,AATSC1are,0.922617716936209
4,AATSC0pe,dropped_redundant,0.1396965910646224,AATSC0se,0.9874781496331841
4,AATSC1pe,dropped_redundant,0.061883529908113535,AATSC1are,0.9875097226666878
4,AATSC0are,dropped_redundant,0.1368568141043517,AATSC0pe,0.9875293085079113
4,AATSC1are,selected,0.06418933372760216,,
4,AATSC0p,dropped_redundant,0.02402334517919864,AATSC0m,0.8899526184017688
4,AATSC1p,selected,0.09905768635353433,,
4,AATSC0i,dropped_redundant,0.03201185877372832,nF,0.8563328134702954
4,AATSC1i,dropped_redundant,0.03248057978632443,AATSC1p,0.8167943725099429
4,BalabanJ,selected,0.10172955675266485,,
4,BertzCT,dropped_redundant,0.26203581538205173,ATS0dv,0.8914002687754645
4,nBonds,dropped_redundant,0.11239742298450718,ATS1i,0.9988255120676215
4,nBondsO,dropped_redundant,0.18668260786651303,nHeavyAtom,0.9962283982656063
4,nBondsS,dropped_redundant,0.03691028705458789,ATS3are,0.9605852576780551
4,nBondsD,dropped_redundant,0.3653970736395271,NdO,0.8360572001714474
4,nBondsT,dropped_redundant,0.03493718406770688,SMR_VSA2,0.8472210110588667
4,nBondsA,dropped_redundant,0.16011435682833583,nAromBond,1.0
4,nBondsM,dropped_redundant,0.23022631373333488,nBondsKD,0.9630716029087015
4,nBondsKS,dropped_redundant,0.07716256319680925,ATS2i,0.9971246142689617
4,nBondsKD,dropped_redundant,0.2552005842156851,BertzCT,0.9068923168752083
4,PNSA1,dropped_redundant,0.24723644744820839,WNSA1,0.8958634797836167
4,PNSA2,dropped_redundant,0.3895846051248249,WNSA4,0.9603799909589523
4,PNSA3,dropped_redundant,0.4916774404202079,DPSA3,0.942417255638813
4,PNSA4,selected,0.393656005859969,,
4,PPSA1,dropped_redundant,0.09272078881391513,WPSA1,0.9603435730428883
4,PPSA2,dropped_redundant,0.2879574200095254,WPSA4,0.9840696519836745
4,PPSA3,dropped_redundant,0.36355208076148726,PPSA4,0.93531857736554
4,PPSA4,selected,0.40604104709235406,,
4,DPSA1,dropped_redundant,0.040232697715532936,FNSA1,0.8655261048581877
4,DPSA2,dropped_redundant,0.33697913167851423,WPSA4,0.9767651078979138
4,DPSA3,dropped_redundant,0.5018421440035257,TPSA,0.8637113774765266
4,DPSA4,dropped_redundant,0.48793189303824486,DPSA3,0.9144277346558723
4,FNSA1,dropped_redundant,0.09955471707250468,FNSA4,0.8413763040372756
4,FNSA2,dropped_redundant,0.4237053880257896,WNSA4,0.9548593525709174
4,FNSA3,selected,0.3749169709181926,,
4,FNSA4,dropped_redundant,0.2136996390379075,PNSA4,0.8034496904369329
4,FPSA1,dropped_redundant,0.09701816902778145,FNSA1,0.9511411813923387
4,FPSA2,dropped_redundant,0.3231167688188991,WPSA4,0.9551474720888562
4,FPSA3,dropped_redundant,0.2722558771323436,FPSA4,0.9248487600584255
4,FPSA4,selected,0.30530690989738796,,
4,WNSA1,dropped_redundant,0.25291081764627665,WNSA4,0.8895225929747586
4,WNSA2,dropped_redundant,0.34676743457225767,PNSA2,0.9690573662191851
4,WNSA3,dropped_redundant,0.4562438881652673,DPSA3,0.9332446361582928
4,WNSA4,dropped_redundant,0.4265798976423891,nHetero,0.8677368704048234
4,WPSA1,dropped_redundant,0.15036838137440825,WPath,0.9268429266615456
4,WPSA2,dropped_redundant,0.26583090765148015,WPSA4,0.956539046101939
4,WPSA3,dropped_redundant,0.31137318809515147,WPSA4,0.9703646688449536
4,WPSA4,dropped_redundant,0.34325870485083915,PPSA4,0.9249449734325119
4,RNCG,selected,0.1369410296094597,,
4,RPCG,selected,0.008303820113920795,,
4,RNCS,selected,0.24312630012575992,,
4,RPCS,selected,0.225360941705087,,
4,TASA,dropped_redundant,0.005733784489899217,nC,0.9083815247062136
4,TPSA,selected,0.528864403031338,,
4,RASA,dropped_redundant,0.44155294086883135,RPSA,0.9999999999999999
4,RPSA,dropped_redundant,0.4415529408688316,TPSA,0.8743399554701615
4,C1SP1,selected,0.020793622458298567,,
4,C2SP1,selected,0.025121975149749617,,
4,C1SP2,selected,0.37047161698132325,,
4,C2SP2,dropped_redundant,0.029184334432022545,SMR_VSA7,0.9001307132669296
4,C3SP2,selected,0.027612889596502627,,
4,C1SP3,selected,0.009184140871339647,,
4,C2SP3,selected,0.08465456255589461,,
4,C3SP3,selected,0.04402605691391021,,
4,C4SP3,selected,0.04588708792377918,,
4,FCSP3,selected,0.17528842517167273,,
4,Xch-3d,dropped_redundant,0.013226061275460119,n3Ring,0.9919387760293715
4,Xch-4d,dropped_redundant,0.0030578987610513893,Xch-4dv,0.9834003534483281
4,Xch-5d,selected,0.21336694038907786,,
4,Xch-6d,dropped_redundant,0.14570181936749763,Xch-7d,0.8920913655938789
4,Xch-7d,dropped_redundant,0.1501054672998689,TSRW10,0.8040236491351173
4,Xch-3dv,dropped_redundant,0.013596199168355402,SRW03,0.9534745920430208
4,Xch-4dv,selected,0.004049357891034049,,
4,Xch-5dv,dropped_redundant,0.11570024233052768,Xch-5d,0.8735857259074444
4,Xch-6dv,dropped_redundant,0.056181287837455116,Xch-7d,0.8131104073385405
4,Xch-7dv,dropped_redundant,0.040689531068067164,Xch-6dv,0.9016779203306153
4,Xc-3d,dropped_redundant,0.19976518877264857,GGI1,0.9169551733768498
4,Xc-4d,selected,0.009023876305582506,,
4,Xc-5d,selected,0.12315239051833127,,
4,Xc-6d,selected,0.00892299073060887,,
4,Xc-3dv,dropped_redundant,0.08968478891632935,GGI1,0.8156937123852951
4,Xc-4dv,selected,0.001722214663443953,,
4,Xc-5dv,dropped_redundant,0.032965037396689385,Xc-5d,0.8288542557669224
4,Xc-6dv,dropped_redundant,0.019828787949333796,Xc-5dv,0.8292563796949755
4,Xpc-4d,dropped_redundant,0.18845754675966886,GGI3,0.9273625901238951
4,Xpc-5d,dropped_redundant,0.1690753199638406,Xpc-4d,0.9726605420808194
4,Xpc-6d,dropped_redundant,0.13039995921062045,Xpc-5d,0.9868121744141587
4,Xpc-4dv,dropped_redundant,0.06658966651555046,Xp-3dv,0.8956958057282722
4,Xpc-5dv,dropped_redundant,0.053714318710353426,Xpc-4dv,0.9753517296288303
4,Xpc-6dv,dropped_redundant,0.02571388968566171,Xpc-5dv,0.9876744538620578
4,Xp-1d,dropped_redundant,0.19290598429264524,nHeavyAtom,0.9990444127002911
4,Xp-2d,dropped_redundant,0.20400870556115866,GRAVp,0.9795091453609716
4,Xp-3d,dropped_redundant,0.17296781615228252,Zagreb1,0.9938368112471642
4,Xp-4d,dropped_redundant,0.16900698615583865,TMWC10,0.9606680829426406
4,Xp-5d,dropped_redundant,0.12365100628686948,MPC4,0.9876226903767932
4,Xp-6d,dropped_redundant,0.11555868050332387,MPC4,0.9897057060220206
4,Xp-7d,dropped_redundant,0.09695564595776954,Xp-6d,0.9914750327681279
4,Xp-1dv,dropped_redundant,0.15017347917173018,TIC0,0.9673302571315058
4,Xp-2dv,dropped_redundant,0.13156377415148984,Xp-1dv,0.9816626474222664
4,Xp-3dv,dropped_redundant,0.09799698235387869,fragCpx,0.8639652494617576
4,Xp-4dv,dropped_redundant,0.08333457851867668,Xp-3dv,0.9872394013380368
4,Xp-5dv,dropped_redundant,0.042725681515510656,Xp-4dv,0.9873486383821793
4,Xp-6dv,dropped_redundant,0.03632292393325313,Xp-3dv,0.9399867932848797
4,Xp-7dv,dropped_redundant,0.02429382183800627,Xp-6dv,0.9928259870929259
4,SZ,dropped_redundant,0.1998703759454188,MW,0.9981300146262216
4,Sm,dropped_redundant,0.20652275295715075,MW,0.9999953766671215
4,Sv,dropped_redundant,0.1461356584537166,VMcGowan,0.9965284166010976
4,Sse,dropped_redundant,0.1303080969591949,Sare,0.9997765860697205
4,Spe,dropped_redundant,0.1355913540714984,Sare,0.9999731467461161
4,Sare,dropped_redundant,0.136750772489978,ATS0se,0.999149630955736
4,Sp,dropped_redundant,0.12335875853405474,apol,1.0000000000000009
4,Si,dropped_redundant,0.11515010109793473,ATS0i,0.999469683777475
4,MZ,dropped_redundant,0.08630058196054646,AATS1Z,0.9286014600607532
4,Mm,dropped_redundant,0.08111475876399526,AMW,0.9999768679294111
4,Mv,selected,0.1358675411221281,,
4,Mse,dropped_redundant,0.13586066068158306,Mpe,0.9944865150282735
4,Mpe,dropped_redundant,0.13863533495265035,Mare,0.9876465893487123
4,Mare,dropped_redundant,0.14673052015626858,AATS1are,0.958609002966215
4,Mp,dropped_redundant,0.04052007430728302,Mv,0.8724227210954031
4,Mi,dropped_redundant,0.005545706039741331,AATS0i,0.9963212352241685
4,NsssB,selected,-inf,,
4,NsCH3,dropped_redundant,0.0027929422175838104,SsCH3,0.9875596055035487
4,NdCH2,dropped_redundant,0.0029164569006470023,SdCH2,0.9977576645817855
4,NssCH2,dropped_redundant,0.05765578377204847,SssCH2,0.9297395699607137
4,NtCH,selected,0.03438900311491298,,
4,NdsCH,selected,0.03732199423979118,,
4,NaaCH,dropped_redundant,0.004491405786670844,SaaCH,0.9849067774251321
4,NsssCH,selected,0.015526416110884528,,
4,NddC,dropped_redundant,0.035237183324794086,SddC,0.9999999999999999
4,NtsC,dropped_redundant,0.028309527448152245,nBondsT,0.9346719207198353
4,NdssC,selected,0.19514603262279623,,
4,NaasC,selected,0.15537062432640775,,
4,NaaaC,dropped_redundant,0.14248129973427207,nFaHRing,0.8284035269691901
4,NssssC,selected,0.0667087769938816,,
4,NsNH2,selected,0.11478400494657895,,
4,NssNH,selected,0.1591404404652954,,
4,NaaNH,selected,0.2938858931831339,,
4,NtN,dropped_redundant,0.05046324571192586,StN,0.9896871225046056
4,NdsN,selected,0.12449700176607421,,
4,NaaN,selected,0.21480956932681705,,
4,NsssN,dropped_redundant,0.0553705461952085,SsssN,0.987050213379949
4,NddsN,selected,0.15077637888872938,,
4,NaasN,selected,0.12119977588261989,,
4,NssssN,selected,-inf,,
4,NsOH,selected,0.24183851580837457,,
4,NdO,selected,0.3995700332554153,,
4,NssO,dropped_redundant,0.008736881109566884,SssO,0.9940088407463912
4,NaaO,selected,0.24968214039620465,,
4,NsF,dropped_redundant,0.10152080628726101,nF,1.0
4,NdsssP,selected,-inf,,
4,NsSH,selected,-inf,,
4,NdS,selected,0.009406913426008452,,
4,NssS,selected,0.108476909502083,,
4,NaaS,selected,0.04384824843921109,,
4,NdssS,dropped_redundant,0.05602488550427208,SdssS,0.9929346172006885
4,NddssS,dropped_redundant,0.20774866204092343,SddssS,0.9977883133778522
4,NsCl,dropped_redundant,0.017411959412483944,nCl,1.0
4,NsBr,dropped_redundant,0.01755470005166073,nBr,1.0
4,NsI,dropped_redundant,0.08823554416215622,nI,1.0
4,SsssB,selected,-inf,,
4,SsCH3,selected,0.04184231379717853,,
4,SdCH2,selected,0.0031652049548516153,,
4,SssCH2,selected,0.17668719412676157,,
4,StCH,dropped_redundant,0.034388037708857074,NtCH,0.9999719268961346
4,SdsCH,dropped_redundant,0.02020907550604536,NdsCH,0.9620233978127571
4,SaaCH,dropped_redundant,0.06190845721729688,VSA_EState6,0.9799965653436609
4,SsssCH,selected,0.12090807290648878,,
4,SddC,selected,0.0352371833247941,,
4,StsC,dropped_redundant,0.015408836384804836,NtsC,0.9833016073081691
4,SdssC,selected,0.16877930034392322,,
4,SaasC,selected,0.07857548513059551,,
4,SaaaC,dropped_redundant,0.07766774245748984,NaaaC,0.9386273635501313
4,SssssC,selected,0.057928706507132416,,
4,SsNH2,dropped_redundant,0.10975116979076374,NsNH2,0.9980552853075063
4,SssNH,dropped_redundant,0.13717768784499565,NssNH,0.9864527030664483
4,SaaNH,dropped_redundant,0.2853320741516996,NaaNH,0.9938770020009058
4,StN,dropped_redundant,0.053184730878106816,SMR_VSA2,0.9368315274158007
4,SdsN,dropped_redundant,0.10881916437663756,NdsN,0.9954967247468577
4,SaaN,dropped_redundant,0.20890367367819748,NaaN,0.9972264682651384
4,SsssN,selected,0.10458164222379673,,
4,SddsN,dropped_redundant,0.13251248092063755,NddsN,0.9798118527268802
4,SaasN,dropped_redundant,0.10949120939575166,NaasN,0.983324093532842
4,SssssN,selected,-inf,,
4,SsOH,dropped_redundant,0.22448032350248348,NsOH,0.9953084045327936
4,SdO,dropped_redundant,0.3922361162734162,NdO,0.9961094426676474
4,SssO,selected,0.00922509015009197,,
4,SaaO,dropped_redundant,0.2478969973988237,NaaO,0.9981246687318626
4,SsF,dropped_redundant,0.1014270842047997,nF,0.9949547617982257
4,SdsssP,selected,-inf,,
4,SsSH,selected,-inf,,
4,SdS,dropped_redundant,0.004562282849640712,NdS,0.9909398652124604
4,SssS,dropped_redundant,0.1031213200011325,NssS,0.9933655914906634
4,SaaS,dropped_redundant,0.02649458132765727,NaaS,0.9924871214205822
4,SdssS,selected,0.05764850421687335,,
4,SddssS,selected,0.21337693160472523,,
4,SsCl,dropped_redundant,0.015137349983544645,nCl,0.9942278729625021
4,SsBr,selected,0.02346627426465725,,
4,SsI,selected,0.09693287669617592,,
4,ECIndex,dropped_redundant,0.21933391644511976,WPath,0.9722539483520658
4,fragCpx,dropped_redundant,0.12764086230571806,TSRW10,0.8149026931128117
4,fMF,selected,0.08853991838580852,,
4,GeomDiameter,dropped_redundant,0.16656731357964413,GeomRadius,0.9855144133463019
4,GeomRadius,dropped_redundant,0.17554271569202495,Diameter,0.9587732737380293
4,GeomShapeIndex,dropped_redundant,0.03366041319251342,GeomPetitjeanIndex,0.9828038370136288
4,GeomPetitjeanIndex,selected,0.040279030696830115,,
4,GRAV,dropped_redundant,0.24311011476338337,GRAVp,0.9883460494549137
4,GRAVH,dropped_redundant,0.2263502510507821,GRAV,0.9973375085758507
4,GRAVp,dropped_redundant,0.257060072568169,BertzCT,0.9569454580372115
4,GRAVHp,dropped_redundant,0.24154989035795044,GRAVp,0.9976468665857978
4,nHBAcc,dropped_redundant,0.3913145547880992,PPSA4,0.8488963713326655
4,nHBDon,selected,0.40481802605955036,,
4,IC0,selected,0.37366487039916135,,
4,IC1,selected,0.36087772196336126,,
4,IC2,dropped_redundant,0.2688876658139926,IC1,0.9146503565470334
4,IC3,dropped_redundant,0.18899725042537713,IC2,0.9648233070671712
4,IC4,dropped_redundant,0.17157245367866053,IC3,0.9935305394386723
4,IC5,dropped_redundant,0.16913013822593298,IC4,0.9984989594168039
4,TIC0,dropped_redundant,0.2335694752697252,GRAVp,0.9612628729286908
4,TIC1,dropped_redundant,0.2299703895249315,TIC0,0.9806664329793028
4,TIC2,dropped_redundant,0.18523475907228013,TIC1,0.9884031594038759
4,TIC3,dropped_redundant,0.15125693039481972,TIC2,0.9942917446063979
4,TIC4,dropped_redundant,0.1437229952593206,TIC3,0.9990433676739591
4,TIC5,dropped_redundant,0.14303887304702165,TIC4,0.9997401732036544
4,SIC0,selected,0.17287853230041908,,
4,SIC1,selected,0.3566400313960385,,
4,SIC2,dropped_redundant,0.31534552385176035,SIC1,0.8507883913084069
4,SIC3,dropped_redundant,0.2180926596805842,SIC2,0.9084885353088898
4,SIC4,dropped_redundant,0.19226483511548612,SIC3,0.9818007464440619
4,SIC5,dropped_redundant,0.18825941229164642,SIC4,0.9960132595320355
4,BIC0,dropped_redundant,0.14483363700275237,SIC0,0.9862119050445135
4,BIC1,dropped_redundant,0.35001399639614156,SIC1,0.9855666752281027
4,BIC2,dropped_redundant,0.30054259329739985,SIC2,0.9798679801465014
4,BIC3,dropped_redundant,0.2028150759661678,SIC3,0.9802203396372806
4,BIC4,dropped_redundant,0.17558290788749467,SIC3,0.967847389268434
4,BIC5,dropped_redundant,0.17132199603075907,BIC4,0.9952243334783928
4,CIC0,dropped_redundant,0.026261098746460057,SIC0,0.8148047238971419
4,CIC1,selected,0.27240713596283656,,
4,CIC2,dropped_redundant,0.334756564387584,SIC1,0.8451700472565208
4,CIC3,selected,0.2527299140012755,,
4,CIC4,dropped_redundant,0.22126086541987675,CIC3,0.9646382294642182
4,CIC5,dropped_redundant,0.21686536648709898,CIC4,0.9916668559140317
4,MIC0,selected,0.19017885603442009,,
4,MIC1,dropped_redundant,0.3307566344507792,IC0,0.8404643295770308
4,MIC2,dropped_redundant,0.2872206188491243,MIC1,0.9641108972339132
4,MIC3,dropped_redundant,0.2651565102146695,MIC2,0.9882369514603392
4,MIC4,dropped_redundant,0.2637573339406719,MIC5,0.9997411669463
4,MIC5,dropped_redundant,0.26498503455656136,MIC3,0.9981603392131552
4,ZMIC0,dropped_redundant,0.18510170237515186,mZagreb2,0.9875307037975266
4,ZMIC1,dropped_redundant,0.010227617892279467,ZMIC2,0.8859203577696139
4,ZMIC2,dropped_redundant,0.022922994296091157,ZMIC4,0.8613575231774552
4,ZMIC3,dropped_redundant,0.09056985865088935,ZMIC4,0.9862268448809784
4,ZMIC4,selected,0.10421153254138857,,
4,ZMIC5,dropped_redundant,0.09944884191971555,ZMIC4,0.9955170465689754
4,Lipinski,selected,0.12206371629277554,,
4,GhoseFilter,selected,0.046387002598615265,,
4,FilterItLogS,selected,0.00796248496905908,,
4,VMcGowan,dropped_redundant,0.1565212099322888,mZagreb2,0.9865961069828806
4,LabuteASA,dropped_redundant,0.18254297882377685,ZMIC0,0.992975609670753
4,PEOE_VSA1,selected,0.2629195905969772,,
4,PEOE_VSA2,selected,0.34098117847382997,,
4,PEOE_VSA3,selected,0.24189680869944757,,
4,PEOE_VSA4,selected,0.148754200251273,,
4,PEOE_VSA5,selected,0.03262596380128353,,
4,PEOE_VSA6,selected,0.2882697581385847,,
4,PEOE_VSA7,selected,0.03272885554122867,,
4,PEOE_VSA8,selected,0.09386782019617539,,
4,PEOE_VSA9,selected,0.2839653866527231,,
4,PEOE_VSA10,selected,0.1593344097398368,,
4,PEOE_VSA11,selected,0.16975055010479792,,
4,PEOE_VSA12,selected,0.28348658725011344,,
4,PEOE_VSA13,selected,0.28527846903814424,,
4,SMR_VSA1,dropped_redundant,0.27713191313785585,ATSC0se,0.8541392148435869
4,SMR_VSA2,selected,0.05942636835324074,,
4,SMR_VSA3,dropped_redundant,0.26612100738522265,nN,0.8484853121061985
4,SMR_VSA4,selected,0.06772907065084668,,
4,SMR_VSA5,dropped_redundant,0.06062110077594866,C2SP3,0.870839353664894
4,SMR_VSA6,dropped_redundant,0.009500084975186597,SsssN,0.8068723230321644
4,SMR_VSA7,dropped_redundant,0.08368670346685368,VSA_EState6,0.8680616911767559
4,SMR_VSA9,selected,0.1313631469629379,,
4,SlogP_VSA1,selected,0.19098722089107206,,
4,SlogP_VSA2,selected,0.20472361170779146,,
4,SlogP_VSA3,selected,0.24484886344512785,,
4,SlogP_VSA4,selected,0.08678678298565033,,
4,SlogP_VSA5,dropped_redundant,0.05616750927399305,SMR_VSA5,0.8928427119313755
4,SlogP_VSA6,dropped_redundant,0.049545416612899955,SMR_VSA7,0.9468498872845088
4,SlogP_VSA7,selected,0.0025239826470096526,,
4,SlogP_VSA8,selected,0.17026640927491582,,
4,SlogP_VSA10,selected,0.020151111717736238,,
4,SlogP_VSA11,selected,0.06713996544627751,,
4,EState_VSA1,selected,0.1939203330659636,,
4,EState_VSA2,selected,0.3458061457593541,,
4,EState_VSA3,selected,0.26685771331483626,,
4,EState_VSA4,selected,0.015865871648586563,,
4,EState_VSA5,selected,0.17584249905138125,,
4,EState_VSA6,selected,0.366164192140179,,
4,EState_VSA7,selected,0.07938635542031676,,
4,EState_VSA8,selected,0.24645038852486598,,
4,EState_VSA9,selected,0.0987543331838808,,
4,EState_VSA10,selected,0.31167956619970144,,
4,VSA_EState1,dropped_redundant,0.04630964802814314,nF,0.8065106249065084
4,VSA_EState2,selected,0.36264212744278956,,
4,VSA_EState3,selected,0.3453812178148432,,
4,VSA_EState4,selected,0.03648525333443031,,
4,VSA_EState5,selected,0.05258833855663158,,
4,VSA_EState6,selected,0.11703011012500672,,
4,VSA_EState7,selected,0.0047332894329532365,,
4,VSA_EState8,selected,0.11117906006640207,,
4,VSA_EState9,selected,0.11276551974623598,,
4,MOMI-X,dropped_redundant,0.20041839039259018,WPath,0.9324610952529664
4,MOMI-Y,dropped_redundant,0.19668986333408425,MOMI-X,0.9908164263887125
4,MOMI-Z,selected,0.17155402237226217,,
4,PBF,selected,0.04208105722626237,,
4,MPC2,dropped_redundant,0.18543195977346444,Zagreb1,0.9982625050209808
4,MPC3,dropped_redundant,0.16154395577034647,Xp-4d,0.9945826518239151
4,MPC4,dropped_redundant,0.1466348190206562,Xp-4d,0.982910747457947
4,MPC5,dropped_redundant,0.10713943588425014,Xp-6d,0.9918811326721578
4,MPC6,dropped_redundant,0.09789350932549934,TMPC10,0.9938113685364182
4,MPC7,dropped_redundant,0.08811634895248638,TMPC10,0.9960791869371506
4,MPC8,dropped_redundant,0.08599056015324183,TMPC10,0.9925675172831399
4,MPC9,dropped_redundant,0.08258934741085838,MPC8,0.9956490944044821
4,MPC10,dropped_redundant,0.0894185873362736,TMPC10,0.9788478615317944
4,TMPC10,dropped_redundant,0.10541434412672508,fragCpx,0.8921034963834018
4,piPC1,dropped_redundant,0.18536477167740056,piPC2,0.9866012388153967
4,piPC2,dropped_redundant,0.19042519327132612,TSRW10,0.889225171280847
4,piPC3,dropped_redundant,0.17155757968734864,piPC2,0.9766478294627452
4,piPC4,dropped_redundant,0.16788553838140502,piPC3,0.9839100538918857
4,piPC5,dropped_redundant,0.15198226693965805,piPC4,0.9905073783970979
4,piPC6,dropped_redundant,0.16282068801174202,piPC2,0.949789638698121
4,piPC7,dropped_redundant,0.1556588359885492,piPC6,0.9836013311828554
4,piPC8,dropped_redundant,0.15558215831456412,piPC6,0.9539890126916358
4,piPC9,dropped_redundant,0.1491275906859278,piPC8,0.9827806188782161
4,piPC10,dropped_redundant,0.1412852221807131,TSRW10,0.8335242390612693
4,TpiPC10,dropped_redundant,0.15259901326465836,piPC6,0.9777919211904827
4,apol,dropped_redundant,0.12335875853405483,Sv,0.9973648953922906
4,bpol,dropped_redundant,0.10462881388872133,WPSA1,0.9440644931279711
4,nRing,dropped_redundant,0.08039331987779515,fragCpx,0.9297333875767544
4,n3Ring,dropped_redundant,0.015022435721086871,SRW03,0.9869655197138045
4,n4Ring,selected,0.02357134403942271,,
4,n5Ring,dropped_redundant,0.255738848665653,n5HRing,0.9508357720119522
4,n6Ring,dropped_redundant,0.0013940361075250555,fragCpx,0.8232104555407287
4,n7Ring,dropped_redundant,0.13953003209658923,n7ARing,0.9923243774154719
4,n8Ring,selected,-inf,,
4,n9Ring,selected,-inf,,
4,nG12Ring,selected,0.002507173457779671,,
4,nHRing,selected,0.19048152645533967,,
4,n3HRing,selected,0.002293465840700495,,
4,n4HRing,selected,0.0025590486037840613,,
4,n5HRing,selected,0.26374628015001783,,
4,n6HRing,selected,0.09688954272606269,,
4,n7HRing,dropped_redundant,0.13601616774091982,n7ARing,0.925312480889728
4,n8HRing,selected,-inf,,
4,n9HRing,selected,-inf,,
4,nG12HRing,dropped_redundant,0.002507173457779671,nG12Ring,1.0
4,naRing,dropped_redundant,0.1793092677989997,nBondsM,0.9752412189137415
4,n5aRing,selected,0.2752056040577685,,
4,n6aRing,dropped_redundant,0.053786844984163966,VSA_EState6,0.8203421754806699
4,n7aRing,selected,0.04134556956738443,,
4,naHRing,selected,0.33280170264657416,,
4,n5aHRing,dropped_redundant,0.2752056040577685,n5aRing,1.0
4,n6aHRing,selected,0.22121184041886166,,
4,n7aHRing,selected,-inf,,
4,nARing,selected,0.06982827347387772,,
4,n3ARing,dropped_redundant,0.015022435721086871,n3Ring,1.0
4,n4ARing,dropped_redundant,0.02357134403942271,n4Ring,1.0
4,n5ARing,dropped_redundant,0.05177339949399326,n5AHRing,0.8949401905773766
4,n6ARing,dropped_redundant,0.06104199281641826,nARing,0.8447533580792297
4,n7ARing,selected,0.14790070766607824,,
4,n8ARing,selected,-inf,,
4,n9ARing,selected,-inf,,
4,nG12ARing,dropped_redundant,0.002507173457779671,nG12Ring,1.0
4,nAHRing,selected,0.07445772260873214,,
4,n3AHRing,dropped_redundant,0.002293465840700495,n3HRing,1.0
4,n4AHRing,dropped_redundant,0.0025590486037840613,n4HRing,1.0
4,n5AHRing,selected,0.05513904439311822,,
4,n6AHRing,selected,0.06829737785341951,,
4,n7AHRing,dropped_redundant,0.13601616774091982,n7HRing,1.0
4,n8AHRing,selected,-inf,,
4,n9AHRing,selected,-inf,,
4,nG12AHRing,dropped_redundant,0.002507173457779671,nG12Ring,1.0
4,nFRing,selected,0.02248414569828551,,
4,n6FRing,selected,-inf,,
4,n7FRing,selected,0.04891267491268312,,
4,n8FRing,selected,0.036795449503078045,,
4,n9FRing,selected,0.10665106113420221,,
4,n10FRing,selected,0.07775410824631344,,
4,n11FRing,selected,0.055142018253686184,,
4,n12FRing,selected,0.023208760968987014,,
4,nG12FRing,selected,0.10370544322932639,,
4,nFHRing,dropped_redundant,0.02118353768698628,nFRing,0.9173195529937597
4,n6FHRing,selected,-inf,,
4,n7FHRing,selected,-inf,,
4,n8FHRing,dropped_redundant,0.023122832027048623,n8FRing,0.8936913396281265
4,n9FHRing,dropped_redundant,0.10089799837934145,n9FRing,0.9696756005722391
4,n10FHRing,dropped_redundant,0.07728624610104078,n10FRing,0.92688019431671
4,n11FHRing,dropped_redundant,0.055142018253686184,n11FRing,1.0
4,n12FHRing,dropped_redundant,0.023208760968987014,n12FRing,1.0
4,nG12FHRing,dropped_redundant,0.1000097473395912,nG12FRing,0.9127715048262377
4,nFaRing,dropped_redundant,0.1385201662979357,nFaHRing,0.9699394831416979
4,n9FaRing,dropped_redundant,0.09994369886124932,n9FRing,0.8491199876995201
4,n10FaRing,dropped_redundant,0.11175299992830445,n10FaHRing,0.9167427174015279
4,n11FaRing,selected,-inf,,
4,nG12FaRing,selected,0.019711170258274444,,
4,nFaHRing,selected,0.14605763581896952,,
4,n9FaHRing,dropped_redundant,0.09994369886124932,n9FaRing,1.0
4,n10FaHRing,selected,0.12673298687038664,,
4,n11FaHRing,selected,-inf,,
4,nG12FaHRing,dropped_redundant,0.015358160774156348,nG12FaRing,0.9346409572709004
4,nFARing,dropped_redundant,0.08163795225262763,nFAHRing,0.9030549825085024
4,n6FARing,selected,-inf,,
4,n7FARing,dropped_redundant,0.04891267491268312,n7FRing,1.0
4,n8FARing,dropped_redundant,0.036795449503078045,n8FRing,1.0
4,n9FARing,selected,0.04268354944707962,,
4,n10FARing,dropped_redundant,0.0026237580470216855,n10FAHRing,0.9361251773872344
4,n11FARing,dropped_redundant,0.055142018253686184,n11FRing,1.0
4,n12FARing,dropped_redundant,0.023208760968987014,n12FRing,1.0
4,nG12FARing,dropped_redundant,0.10062941451553253,nG12FRing,0.9614342129736337
4,nFAHRing,selected,0.09146879900098932,,
4,n6FAHRing,selected,-inf,,
4,n7FAHRing,selected,-inf,,
4,n8FAHRing,dropped_redundant,0.023122832027048623,n8FHRing,1.0
4,n9FAHRing,dropped_redundant,0.025487680242023504,n9FARing,0.8859974990352943
4,n10FAHRing,selected,0.016483160381818907,,
4,n11FAHRing,dropped_redundant,0.055142018253686184,n11FRing,1.0
4,n12FAHRing,dropped_redundant,0.023208760968987014,n12FRing,1.0
4,nG12FAHRing,dropped_redundant,0.09828735733648891,nG12FHRing,0.96213697887158
4,nRot,selected,0.20405833432870993,,
4,SLogP,selected,0.2398503557695155,,
4,SMR,dropped_redundant,0.15404274054634423,VMcGowan,0.9928549217105712
4,TopoPSA(NO),selected,0.5882291854235856,,
4,TopoPSA,dropped_redundant,0.5826518617612897,TopoPSA(NO),0.958292669429393
4,GGI1,selected,0.24401028071751524,,
4,GGI2,dropped_redundant,0.1585364748099899,Xpc-4d,0.9788167350156666
4,GGI3,selected,0.20769300680818814,,
4,GGI4,dropped_redundant,0.19474045293438763,GGI5,0.9067686515568749
4,GGI5,dropped_redundant,0.19546791645061123,GGI3,0.8629826733462149
4,GGI6,dropped_redundant,0.18363605683785975,GGI5,0.9200849956886964
4,GGI7,dropped_redundant,0.20639604170991724,ATS8dv,0.888799683611652
4,GGI8,dropped_redundant,0.20428334414600566,ATS8dv,0.914483609618453
4,GGI9,dropped_redundant,0.22820982220641983,ATS8dv,0.9199350327473071
4,GGI10,dropped_redundant,0.21751218725108853,ATS8dv,0.8663939232064759
4,JGI1,dropped_redundant,0.02219953756197597,JGT10,0.8319813975378334
4,JGI2,selected,0.021339876218039698,,
4,JGI3,selected,0.13745234704816398,,
4,JGI4,selected,0.07777189905038527,,
4,JGI5,selected,0.1316169944403884,,
4,JGI6,selected,0.12460245940807689,,
4,JGI7,selected,0.11792078992366903,,
4,JGI8,selected,0.05081048399092337,,
4,JGI9,selected,0.061447503197244006,,
4,JGI10,selected,0.15515124541408065,,
4,JGT10,selected,0.09941987372941015,,
4,Diameter,selected,0.21401029229288795,,
4,Radius,dropped_redundant,0.20379465315914352,Diameter,0.9915362854146533
4,MWC01,dropped_redundant,0.18668260786651303,nBondsO,1.0
4,MWC02,dropped_redundant,0.15179337279412372,SRW02,0.9956263804688907
4,MWC03,dropped_redundant,0.1441275262636849,MWC02,0.9978148932803812
4,MWC04,dropped_redundant,0.13870303087160932,MWC03,0.998060919853077
4,MWC05,dropped_redundant,0.1328535779776572,MWC04,0.9989905992489921
4,MWC06,dropped_redundant,0.128166116344069,MWC05,0.9990260421505545
4,MWC07,dropped_redundant,0.12389806135765306,MWC06,0.9994890290544687
4,MWC08,dropped_redundant,0.12013198099674209,SRW08,0.9972078645004203
4,MWC09,dropped_redundant,0.11705149255281153,MWC08,0.9997101495357392
4,MWC10,dropped_redundant,0.11404663102525107,MWC08,0.9993226147270674
4,TMWC10,dropped_redundant,0.17735265398053096,GRAVp,0.9596373887609528
4,SRW02,dropped_redundant,0.1569147650282439,piPC1,0.9896523725961072
4,SRW03,selected,0.021057343786662377,,
4,SRW04,dropped_redundant,0.14912812664757538,MWC02,0.999431975962751
4,SRW05,dropped_redundant,0.24347428790587083,n5HRing,0.8539040156112662
4,SRW06,dropped_redundant,0.135644480459237,MWC04,0.9988245421636153
4,SRW07,dropped_redundant,0.20105765702535175,SRW05,0.9586298531070796
4,SRW08,dropped_redundant,0.12348124499801141,piPC2,0.9512787766104288
4,SRW09,dropped_redundant,0.17877218725484856,SRW07,0.9940089273418724
4,SRW10,dropped_redundant,0.11386313634524312,SRW08,0.9983197917477405
4,TSRW10,selected,0.22494442649477775,,
4,MW,dropped_redundant,0.2065750348540881,GRAVp,0.9788059893233311
4,AMW,dropped_redundant,0.08222610512882424,MZ,0.9991621067031861
4,WPath,dropped_redundant,0.23369466417442014,ATS8dv,0.8863830569612958
4,WPol,dropped_redundant,0.15633825873586607,Xp-4d,0.98365267492124
4,Zagreb1,dropped_redundant,0.18614940330123478,Xp-2d,0.9935797476779081
4,Zagreb2,dropped_redundant,0.17778688014781466,MPC2,0.9986203983958477
4,mZagreb2,dropped_redundant,0.2027644410804713,TIC0,0.9773058388520435
