model,cluster_key,cluster_id,cluster_label,algorithmic_medoid,selected_representative,cluster_size_defined,members_defined_json,n_outer_folds,n_oof_compounds,pooled_oof_mean_abs_group_shap,fold_mean_mean_abs_group_shap,fold_sd_mean_abs_group_shap,fold_mean_normalized_group_shap,fold_sd_normalized_group_shap,pooled_oof_mean_signed_group_shap,fold_mean_cancellation_fraction,minimum_fold_mean_abs_group_shap,maximum_fold_mean_abs_group_shap,fraction_folds_positive_mean_signed,minimum_cluster_size_used_by_model,maximum_cluster_size_used_by_model,raw_importance_rank_within_model,normalized_importance_rank_within_model
lightgbm_mse_regression,cluster_2338,2338,Cluster 2338: TopoPSA (n=4),TopoPSA,TopoPSA,4,"[""TopoPSA"", ""TopoPSA(NO)"", ""nHetero"", ""nHBAcc""]",5,3156,0.26330471304074415,0.263312004379075,0.030086919329349267,0.17382947030480383,0.015898261440654773,-0.06039729335114013,0.035963929918653825,0.23791822382967331,0.30896539873529283,0.0,4,4,1,1
lightgbm_mse_regression,cluster_2314,2314,Cluster 2314: RPSA (n=3),RPSA,RPSA,3,"[""RPSA"", ""RASA"", ""TPSA""]",5,3156,0.0884121238113224,0.08840983920392717,0.03481402287024247,0.059043314477734185,0.02474334939720763,-0.028515052268613467,0.1617142927959748,0.055205126308170774,0.14498020599424785,0.0,3,3,2,2
lightgbm_mse_regression,cluster_2149,2149,Cluster 2149: WNSA4 (n=4),WNSA4,WNSA4,4,"[""WNSA4"", ""FNSA2"", ""PNSA4"", ""PNSA1""]",5,3156,0.028878805593935738,0.028873822407795402,0.009900178930226959,0.019320939012000646,0.007546060570186997,-0.006417422021375282,0.1467766133878748,0.017963179056033313,0.044600757866701,0.0,4,4,3,3
lightgbm_mse_regression,cluster_33,33,Cluster 33: ATSC2c (n=1),ATSC2c,ATSC2c,1,"[""ATSC2c""]",5,3156,0.02515840399797445,0.025155969448037184,0.005777937092634423,0.016713698478157107,0.004344433899214319,0.0002626289865022323,0.0,0.01876156725469265,0.03283940905004727,0.8,1,1,4,4
lightgbm_mse_regression,cluster_2308,2308,Cluster 2308: PEOE_VSA6 (n=1),PEOE_VSA6,PEOE_VSA6,1,"[""PEOE_VSA6""]",5,3156,0.024472173241680214,0.02447559686113323,0.008973776322834583,0.01598932450422488,0.005237071545827667,0.0020391001326474562,0.0,0.013670653867413503,0.035419345660982725,1.0,1,1,5,5
lightgbm_mse_regression,cluster_11,11,Cluster 11: AATSC0c (n=2),AATSC0c,AATSC0c,2,"[""AATSC0c"", ""AATSC1c""]",5,3156,0.020579592877652614,0.020571024775996843,0.022998936308241208,0.013704679456794206,0.01548115501635701,-0.003562463893497867,0.13091062948651233,0.0024121276812810637,0.047611953601620335,0.4,2,2,6,6
lightgbm_mse_regression,cluster_10,10,Cluster 10: AATSC0pe (n=4),AATSC0pe,AATSC0pe,4,"[""AATSC0pe"", ""AATSC0are"", ""AATSC0se"", ""AATSC0dv""]",5,3156,0.019559727147390273,0.019561727471548246,0.014184368810075277,0.012917893643742687,0.009170196720415665,-0.006557281866831174,0.2516774553016445,0.009169261946282035,0.044386399345809034,0.0,4,4,7,7
lightgbm_mse_regression,cluster_26,26,Cluster 26: ATS5dv (n=16),ATS5dv,ATS5dv,16,"[""ATS5dv"", ""ATS6dv"", ""ATS4dv"", ""ATS2dv"", ""ATS3dv"", ""piPC1"", ""ATS5m"", ""ATS6m"", ""ATS1dv"", ""ATS6Z"", ""ATS5Z"", ""BertzCT"", ""piPC2"", ""ATS0dv"", ""GGI6"", ""GGI5""]",5,3156,0.018946911185501757,0.018947921941358102,0.007665891023033577,0.012563036165312838,0.004996176532800653,0.0043159644370935,0.42767679611041604,0.008495760831090172,0.027396700205945288,0.8,16,16,8,8
lightgbm_mse_regression,cluster_2379,2379,Cluster 2379: nAcid (n=1),nAcid,nAcid,1,"[""nAcid""]",5,3156,0.01808191214220394,0.018079730625187508,0.005765576371044675,0.011995728461213986,0.004022307780606017,-0.0031025775259670295,0.0,0.01197582149999162,0.024964598329039446,0.0,1,1,9,9
lightgbm_mse_regression,cluster_2319,2319,Cluster 2319: SLogP (n=1),SLogP,SLogP,1,"[""SLogP""]",5,3156,0.016957657199302603,0.0169590562131298,0.005407176499039359,0.01120092998277614,0.003573125098923421,0.0006647370804455862,0.0,0.012543768574513175,0.025246013635874462,0.6,1,1,10,10
lightgbm_mse_regression,cluster_30,30,Cluster 30: ATSC0c (n=3),ATSC0c,ATSC0c,3,"[""ATSC0c"", ""DPSA4"", ""ATSC1c""]",5,3156,0.0162783621042865,0.01627891485651389,0.008405751877948196,0.010719704333859874,0.005368590447450846,-0.003956996145694356,0.20288313102937297,0.004983202898843863,0.028062888214835012,0.0,3,3,11,11
lightgbm_mse_regression,cluster_2316,2316,Cluster 2316: RNCS (n=1),RNCS,RNCS,1,"[""RNCS""]",5,3156,0.016050868651216174,0.016051705061009267,0.004677598780581344,0.010535138313702707,0.0026244073303342834,-0.0033022134453594447,0.0,0.012494082340693314,0.02358712768280209,0.0,1,1,12,12
lightgbm_mse_regression,cluster_2345,2345,Cluster 2345: VSA_EState7 (n=1),VSA_EState7,VSA_EState7,1,"[""VSA_EState7""]",5,3156,0.01597237893621752,0.01597355251264006,0.0040762453206018056,0.010502734808803364,0.002321252366449241,0.0006108329101272471,0.0,0.012052463734782666,0.02193404146158847,0.8,1,1,13,13
lightgbm_mse_regression,cluster_2152,2152,Cluster 2152: FPSA4 (n=1),FPSA4,FPSA4,1,"[""FPSA4""]",5,3156,0.014164237199190728,0.014167191597275178,0.016174635686224296,0.00945803463917896,0.010814272126058197,-0.001735384277183954,0.0,0.001098893706985158,0.036070196632525114,0.0,1,1,14,14
lightgbm_mse_regression,cluster_2280,2280,Cluster 2280: MIC3 (n=5),MIC3,MIC3,5,"[""MIC3"", ""MIC2"", ""MIC4"", ""MIC5"", ""MIC1""]",5,3156,0.013739602015061133,0.013743076607018099,0.007560449179230151,0.00897794560250584,0.004896369670054569,-0.001433576108113812,0.22473573282651976,0.002777264390830461,0.02082843747745897,0.4,5,5,15,15
lightgbm_mse_regression,cluster_2203,2203,Cluster 2203: NdO (n=4),NdO,NdO,4,"[""NdO"", ""SdO"", ""nBondsD"", ""MACCS_136""]",5,3156,0.013373862246679054,0.013375040594442078,0.008197983607217253,0.008720009282436152,0.005074251714005106,-0.003916178555323017,0.09937198175807649,0.00440052428100881,0.02355570737328246,0.0,4,4,16,16
lightgbm_mse_regression,cluster_51,51,Cluster 51: ATSC4v (n=2),ATSC4v,ATSC4v,2,"[""ATSC4v"", ""ATSC4p""]",5,3156,0.012764063647040937,0.012766525196267855,0.006614586241383387,0.008355212959216759,0.004231534065848661,0.002830899067816829,0.07932671715809932,0.004997875836104637,0.023055765792158338,0.8,2,2,17,18
lightgbm_mse_regression,cluster_2156,2156,Cluster 2156: GeomShapeIndex (n=2),GeomShapeIndex,GeomShapeIndex,2,"[""GeomShapeIndex"", ""GeomPetitjeanIndex""]",5,3156,0.012726782119292178,0.012726218116107201,0.0034164742251323976,0.008461021405970893,0.0024330529516139038,0.00011736646788769552,0.01566402092935295,0.008221232742211773,0.017104147700613533,0.8,2,2,18,17
lightgbm_mse_regression,cluster_59,59,Cluster 59: ATSC6m (n=2),ATSC6m,ATSC6m,2,"[""ATSC6m"", ""ATSC6Z""]",5,3156,0.01194238450493461,0.011943332632081808,0.004562006825835513,0.007826459218559784,0.0027436556260394297,0.0007870285370115308,0.028204550262828244,0.007196200964317393,0.01699761293864703,1.0,2,2,19,20
lightgbm_mse_regression,cluster_2329,2329,Cluster 2329: SlogP_VSA10 (n=1),SlogP_VSA10,SlogP_VSA10,1,"[""SlogP_VSA10""]",5,3156,0.01191484572290975,0.011914708219844219,0.0016431332391199822,0.00788207080090422,0.00110819028766704,-0.003828274988693606,0.0,0.009860873655940898,0.014182154960057092,0.0,1,1,20,19
lightgbm_mse_regression,cluster_2298,2298,Cluster 2298: PBF (n=1),PBF,PBF,1,"[""PBF""]",5,3156,0.011815109759763574,0.011817140834902434,0.007512164778275145,0.007765293722882849,0.004880334028175363,-0.0030546575060276335,0.0,0.005407067696659403,0.024757808294472196,0.0,1,1,21,21
lightgbm_mse_regression,cluster_27,27,Cluster 27: ATS5pe (n=46),ATS5pe,ATS5pe,46,"[""ATS5pe"", ""ATS5are"", ""ATS3pe"", ""ATS5se"", ""ATS3are"", ""ATS2se"", ""ATS4pe"", ""ATS2pe"", ""ATS3se"", ""ATS4are"", ""ATS6pe"", ""ATS2are"", ""ATS6se"", ""ATS6are"", ""ATS4se"", ""ATS5d"", ""ATS4d"", ""ATS3v"", ""ATS3p"", ""ATS6d"", ""ATS2i"", ""ATS6i"", ""ATS5i"", ""ATS4p"", ""nBondsKS"", ""ATS4v"", ""ATS2v"", ""ATS2p"", ""ATS5p"", ""ATS3d"", ""ATS2d"", ""ATS3i"", ""ATS4i"", ""ATS7se"", ""ATS5v"", ""ATS7i"", ""ATS7are"", ""ATS7pe"", ""ATS1p"", ""ATS1v"", ""ATS6p"", ""ATS6v"", ""nC"", ""nBondsS"", ""CIC0"", ""nH""]",5,3156,0.011382597766639748,0.011382681759412722,0.003180016994218336,0.007539045341428669,0.002131970931031687,0.0030561265979715292,0.5503090733954309,0.006173492633967574,0.01454898193447448,0.8,46,46,22,22
lightgbm_mse_regression,cluster_3,3,Cluster 3: AATS1d (n=2),AATS1d,AATS1d,2,"[""AATS1d"", ""AATS0d""]",5,3156,0.01137470666416802,0.011375924499469578,0.004871364974090486,0.007440082730172016,0.0029970604593992263,-0.0009706896465114177,0.13588571944781117,0.004786620473892861,0.015388016431085437,0.2,2,2,23,24
lightgbm_mse_regression,cluster_37,37,Cluster 37: ATSC2v (n=2),ATSC2v,ATSC2v,2,"[""ATSC2v"", ""ATSC2p""]",5,3156,0.011339122245086854,0.011340379406392745,0.009471714538648862,0.007485902834404194,0.00618508521730254,0.001488734517854899,0.15136055051970232,0.002243853604735213,0.027311077925930374,0.8,2,2,24,23
lightgbm_mse_regression,cluster_84,84,Cluster 84: SIC4 (n=6),SIC4,SIC4,6,"[""SIC4"", ""SIC5"", ""CIC4"", ""CIC5"", ""BIC5"", ""BIC4""]",5,3156,0.010921597410442657,0.010919655343264924,0.00491852008614582,0.007306249007015269,0.0035175851328078755,-0.00048034997397497156,0.33717691326952026,0.006131802417458886,0.017048819356190292,0.0,6,6,25,25
lightgbm_mse_regression,cluster_32,32,Cluster 32: ATSC2are (n=3),ATSC2are,ATSC2are,3,"[""ATSC2are"", ""ATSC2pe"", ""ATSC2se""]",5,3156,0.010845637276932706,0.010845824024044973,0.0024177087585568707,0.0071798315760830175,0.0016155302757777268,-0.0008871545689315643,0.13008338043336898,0.007323882999419887,0.013982513242735485,0.2,3,3,26,27
lightgbm_mse_regression,cluster_2391,2391,Cluster 2391: nRot (n=1),nRot,nRot,1,"[""nRot""]",5,3156,0.010663432605774507,0.010660272028907274,0.006169869982260537,0.007183586355119722,0.0045161642752800405,0.0012945054578767975,0.0,0.004258953937070471,0.020635052621891442,0.6,1,1,27,26
lightgbm_mse_regression,cluster_42,42,Cluster 42: ATSC3dv (n=1),ATSC3dv,ATSC3dv,1,"[""ATSC3dv""]",5,3156,0.010384807396020563,0.010383182001950127,0.006170857182566299,0.006876293906754034,0.004051765546815177,-0.0016157244396582322,0.0,0.003278873597941271,0.01802720521169062,0.2,1,1,28,28
lightgbm_mse_regression,cluster_98,98,Cluster 98: MOMI-Y (n=8),MOMI-Y,MOMI-Y,8,"[""MOMI-Y"", ""MOMI-X"", ""Diameter"", ""Radius"", ""GeomRadius"", ""GeomDiameter"", ""GGI10"", ""GGI9""]",5,3156,0.010188265318671525,0.010189717040898745,0.0037855176966518815,0.006729496359334511,0.002492853293959105,0.001723415498994644,0.20824692606177453,0.005608081691797053,0.013645992646482967,1.0,8,8,29,29
lightgbm_mse_regression,cluster_29,29,Cluster 29: ATSC0pe (n=3),ATSC0pe,ATSC0pe,3,"[""ATSC0pe"", ""ATSC0are"", ""ATSC0se""]",5,3156,0.010169084342331028,0.01016953873619888,0.001964470521139047,0.006699143586319352,0.0011214450680438349,0.002302456138068184,0.10396054677104631,0.007583081974270247,0.012441292440018546,0.8,3,3,30,30
lightgbm_mse_regression,cluster_2339,2339,Cluster 2339: TpiPC10 (n=9),TpiPC10,TpiPC10,9,"[""TpiPC10"", ""piPC7"", ""piPC6"", ""piPC8"", ""piPC5"", ""piPC9"", ""piPC4"", ""piPC10"", ""piPC3""]",5,3156,0.010096196857075267,0.010096499477108133,0.006305027463083412,0.0066611309177825205,0.0040901110846577665,-0.003117956048297137,0.3699518372446573,0.0038183109688640087,0.020416294944408175,0.0,9,9,31,31
lightgbm_mse_regression,cluster_39,39,Cluster 39: ATSC3are (n=3),ATSC3are,ATSC3are,3,"[""ATSC3are"", ""ATSC3pe"", ""ATSC3se""]",5,3156,0.00955586896757505,0.009557381288750444,0.0035038255133743278,0.006249179577351868,0.002090786184353091,0.0014115650391042375,0.1841642384908702,0.004784495659206244,0.01309863727785978,0.8,3,3,32,33
lightgbm_mse_regression,cluster_24,24,Cluster 24: Sv (n=48),Sv,Sv,48,"[""Sv"", ""ATS1pe"", ""Sp"", ""apol"", ""ATS1are"", ""ATS1se"", ""Spe"", ""ATS0se"", ""Sare"", ""ATS0pe"", ""Sse"", ""VMcGowan"", ""ATS0are"", ""nBonds"", ""ATS1i"", ""TIC5"", ""TIC4"", ""nAtom"", ""TIC3"", ""Si"", ""ATS0v"", ""ATS0i"", ""ATS7d"", ""ATS8d"", ""TIC2"", ""ZMIC0"", ""LabuteASA"", ""ATS8v"", ""ATS8pe"", ""ATS8are"", ""SMR"", ""nHeavyAtom"", ""ATS8p"", ""Xp-1d"", ""ATS8se"", ""TIC1"", ""mZagreb2"", ""ATS7v"", ""Xp-1dv"", ""ATSC0v"", ""ATS7p"", ""WPath"", ""ATS8i"", ""ATS0p"", ""TIC0"", ""ECIndex"", ""bpol"", ""ATSC0i""]",5,3156,0.009549480287742588,0.009550257565444559,0.004833874249663291,0.006233401347675827,0.002851804159884486,0.0012315681160334248,0.5849249995464526,0.00703312294824791,0.0181485528642644,0.8,48,48,33,34
lightgbm_mse_regression,cluster_1,1,Cluster 1: AATS0Z (n=9),AATS0Z,AATS0Z,9,"[""AATS0Z"", ""MZ"", ""AATS0m"", ""Mm"", ""AMW"", ""AATS1m"", ""AATS1Z"", ""MIC0"", ""IC0""]",5,3156,0.009378148040368054,0.009378666074091484,0.0040033703649436266,0.006159439991466814,0.0024313427641786105,-0.0010433693115847683,0.5246884301883584,0.004685534488939694,0.015419989794696845,0.2,9,9,34,35
lightgbm_mse_regression,cluster_2155,2155,Cluster 2155: SRW10 (n=11),SRW10,SRW10,11,"[""SRW10"", ""Xpc-5d"", ""MWC08"", ""Xpc-6d"", ""MWC09"", ""MWC07"", ""MWC10"", ""Xpc-4d"", ""GGI3"", ""GGI4"", ""GGI2""]",5,3156,0.009367132669564905,0.00936363286921965,0.006392905474804447,0.006332342696158816,0.004660010012801959,0.0011381815160681709,0.40118416523271494,0.00491996768773837,0.020409002758848587,0.8,11,11,35,32
lightgbm_mse_regression,cluster_96,96,Cluster 96: WPSA4 (n=8),WPSA4,WPSA4,8,"[""WPSA4"", ""PPSA2"", ""WPSA2"", ""WPSA3"", ""FPSA2"", ""DPSA2"", ""PPSA4"", ""PPSA3""]",5,3156,0.008834916379303812,0.008835572022661884,0.005681601173177239,0.005825843865850418,0.0036940380330892546,-0.0021725120470861814,0.35754502497053225,0.00430453120179033,0.01869040181003989,0.2,8,8,36,36
lightgbm_mse_regression,cluster_87,87,Cluster 87: C1SP2 (n=1),C1SP2,C1SP2,1,"[""C1SP2""]",5,3156,0.008619311345629254,0.00862035618361165,0.00406865451582027,0.005643332453548238,0.0025454409968503813,-0.0011591480958900503,0.0,0.004508883228811202,0.014717436667074691,0.0,1,1,37,38
lightgbm_mse_regression,cluster_28,28,Cluster 28: ATS8Z (n=9),ATS8Z,ATS8Z,9,"[""ATS8Z"", ""ATS8m"", ""ATS7m"", ""ATS7Z"", ""ATS7dv"", ""ATS8dv"", ""GGI7"", ""GGI8"", ""ATSC0dv""]",5,3156,0.008566453908784742,0.008566559815452133,0.00573632166774571,0.005699174185857525,0.0037330246511934153,0.0019034694997749483,0.3937127749542795,0.0007977131129596671,0.014420267498801584,0.6,9,9,38,37
lightgbm_mse_regression,cluster_82,82,Cluster 82: SIC2 (n=3),SIC2,SIC2,3,"[""SIC2"", ""BIC2"", ""CIC2""]",5,3156,0.008328662482366887,0.008329160482644017,0.00232740374368333,0.005478170838290478,0.0013632037818733136,0.00029985440024902604,0.21344329390332767,0.005863658161789345,0.01120282476720903,0.6,3,3,39,40
lightgbm_mse_regression,cluster_97,97,Cluster 97: DPSA3 (n=3),DPSA3,DPSA3,3,"[""DPSA3"", ""WNSA3"", ""PNSA3""]",5,3156,0.008313508120748749,0.00831411282033766,0.0024945510479651473,0.005507278266739775,0.0017166465018129378,-0.0016782885088979234,0.13938423419545248,0.006405680917737017,0.012681442973130279,0.0,3,3,40,39
lightgbm_mse_regression,cluster_2325,2325,Cluster 2325: SRW05 (n=5),SRW05,SRW05,5,"[""SRW05"", ""SRW07"", ""SRW09"", ""Xch-5dv"", ""Xch-5d""]",5,3156,0.00816210483481478,0.008160900369715837,0.0023612497654142495,0.005438255423719109,0.0017978356126034114,-0.0005550049775079371,0.16844077662826187,0.005750241850810436,0.011962192221975584,0.2,5,5,41,41
lightgbm_mse_regression,cluster_70,70,Cluster 70: ATSC7dv (n=1),ATSC7dv,ATSC7dv,1,"[""ATSC7dv""]",5,3156,0.007815518872560144,0.007816334881011591,0.005055655206869841,0.005108699131667621,0.003155279142864861,0.0010126573456359091,0.0,0.0019899155295092937,0.01345136694873884,0.8,1,1,42,42
lightgbm_mse_regression,cluster_2150,2150,Cluster 2150: FNSA3 (n=2),FNSA3,FNSA3,2,"[""FNSA3"", ""FNSA4""]",5,3156,0.007539698359732764,0.007539973644773335,0.0035897695149366927,0.0049384649014320645,0.002139143961874492,-0.0018695201098152512,0.09976712365400472,0.00464625870516943,0.013763831669431096,0.2,2,2,43,43
lightgbm_mse_regression,cluster_2350,2350,Cluster 2350: Xch-6dv (n=4),Xch-6dv,Xch-6dv,4,"[""Xch-6dv"", ""Xch-7d"", ""Xch-7dv"", ""Xch-6d""]",5,3156,0.00750343728914226,0.007505229541083791,0.004026848030402697,0.004930832804176588,0.002692140584654664,-0.0001419998053419282,0.29547109403197547,0.0018488824136141328,0.012792921137033546,0.6,4,4,44,44
lightgbm_mse_regression,cluster_22,22,Cluster 22: ATSC1se (n=2),ATSC1se,ATSC1se,2,"[""ATSC1se"", ""AATSC1se""]",5,3156,0.007411822306353135,0.007412766526958022,0.0020176000626233237,0.004880750452485805,0.001268634890724985,0.001894351883683344,0.08232365554600245,0.00443280629793942,0.009814293253453442,0.8,2,2,45,45
lightgbm_mse_regression,cluster_56,56,Cluster 56: ATSC5dv (n=1),ATSC5dv,ATSC5dv,1,"[""ATSC5dv""]",5,3156,0.007074169435026722,0.0070735135954222705,0.004055749942702141,0.004709595264969635,0.0027129544516504896,-0.0011451621705957733,0.0,0.0037171295978560073,0.013258210956574382,0.0,1,1,46,46
lightgbm_mse_regression,cluster_25,25,Cluster 25: TMWC10 (n=31),TMWC10,TMWC10,31,"[""TMWC10"", ""Zagreb1"", ""MWC02"", ""GRAVH"", ""Xp-2d"", ""SRW04"", ""MPC2"", ""ATS0d"", ""MWC01"", ""nBondsO"", ""SRW02"", ""Zagreb2"", ""MWC03"", ""GRAV"", ""ATS2Z"", ""Xp-3d"", ""SZ"", ""GRAVHp"", ""MW"", ""Sm"", ""ATS1Z"", ""ATS1d"", ""ATS2m"", ""ATS3Z"", ""ATS1m"", ""GRAVp"", ""ATS3m"", ""ATS4Z"", ""ATSC0d"", ""ATS4m"", ""Xp-2dv""]",5,3156,0.007015195591925011,0.007015664079086268,0.00212586075408792,0.004654829519137049,0.0014460375799832184,0.0009588011921255633,0.5460773518046802,0.004385331270228816,0.009340401393571588,0.6,31,31,47,47
lightgbm_mse_regression,cluster_2304,2304,Cluster 2304: PEOE_VSA2 (n=1),PEOE_VSA2,PEOE_VSA2,1,"[""PEOE_VSA2""]",5,3156,0.006919122948411736,0.006918497908707327,0.004285982101344231,0.004616114951254877,0.0028644256547990053,-0.0013778965308544472,0.0,0.002865259184970122,0.013167807991950992,0.2,1,1,48,48
lightgbm_mse_regression,cluster_81,81,Cluster 81: SIC1 (n=3),SIC1,SIC1,3,"[""SIC1"", ""BIC1"", ""CIC1""]",5,3156,0.006851692113452244,0.006851858058475974,0.003685823017557374,0.004512944018198157,0.002404120990837352,0.0002594189440902575,0.21117857441691865,0.0016031120235320642,0.011616769864596472,0.6,3,3,49,49
lightgbm_mse_regression,cluster_2143,2143,Cluster 2143: EState_VSA5 (n=1),EState_VSA5,EState_VSA5,1,"[""EState_VSA5""]",5,3156,0.006786876508279839,0.006787802932508291,0.005738081877971286,0.004446135996907836,0.0037030322508009015,0.00045524462762546136,0.0,0.0009656050565951363,0.0156966250177663,0.6,1,1,50,50
lightgbm_mse_regression,cluster_21,21,Cluster 21: AATSC1p (n=4),AATSC1p,AATSC1p,4,"[""AATSC1p"", ""AATSC1v"", ""ATSC1v"", ""ATSC1p""]",5,3156,0.0067260696209133315,0.006726817508700496,0.003074956742384399,0.004406767758235835,0.0019068132161155732,0.0015276394258844908,0.3114320501003318,0.004366483652410111,0.010863620138575407,1.0,4,4,51,51
lightgbm_mse_regression,cluster_8,8,Cluster 8: AATS1i (n=1),AATS1i,AATS1i,1,"[""AATS1i""]",5,3156,0.006692523343172843,0.006692341716190353,0.004072781991659401,0.004382607922984808,0.002506488794389332,0.0008296154893978771,0.0,0.00320705753922455,0.013387365203610608,0.8,1,1,52,52
lightgbm_mse_regression,cluster_31,31,Cluster 31: ATSC2m (n=2),ATSC2m,ATSC2m,2,"[""ATSC2m"", ""ATSC2Z""]",5,3156,0.006588510077700287,0.006588937612321329,0.003601755043006561,0.0043589084078550265,0.002335564176120361,0.0011907275930079118,0.06822369986047658,0.003875239144622259,0.012777071838578931,1.0,2,2,53,53
lightgbm_mse_regression,cluster_23,23,Cluster 23: ATSC0m (n=5),ATSC0m,ATSC0m,5,"[""ATSC0m"", ""ATSC0Z"", ""ATS0Z"", ""ATS0m"", ""ATSC0p""]",5,3156,0.006572996097402211,0.006573534756114076,0.00173823442096085,0.004325682032485143,0.001055153739408835,0.0014143064737013862,0.3735988969527012,0.004873527861468154,0.008981277836297947,0.8,5,5,54,54
lightgbm_mse_regression,cluster_2161,2161,Cluster 2161: JGT10 (n=2),JGT10,JGT10,2,"[""JGT10"", ""JGI1""]",5,3156,0.006548690306466955,0.006549768149197194,0.0029406269427232,0.004284781849233692,0.0018049867290596206,0.001520487957041218,0.08877958327815312,0.0031480964925602955,0.010511048703903975,1.0,2,2,55,57
lightgbm_mse_regression,cluster_2340,2340,Cluster 2340: VSA_EState1 (n=1),VSA_EState1,VSA_EState1,1,"[""VSA_EState1""]",5,3156,0.006528781031288372,0.006527464890676888,0.003952421390616051,0.004321184828710452,0.002678461112351663,0.0003749334883260024,0.0,0.001037336723267413,0.01068120466051953,0.8,1,1,56,55
lightgbm_mse_regression,cluster_2153,2153,Cluster 2153: FilterItLogS (n=1),FilterItLogS,FilterItLogS,1,"[""FilterItLogS""]",5,3156,0.0064565317834337,0.0064563955581230905,0.003891728093584633,0.004292169152745732,0.0025800891975934427,-8.189179581956517e-05,0.0,0.0034295436481968696,0.012995659174813441,0.4,1,1,57,56
lightgbm_mse_regression,cluster_17,17,Cluster 17: AATSC1are (n=4),AATSC1are,AATSC1are,4,"[""AATSC1are"", ""ATSC1pe"", ""AATSC1pe"", ""ATSC1are""]",5,3156,0.006453344432289156,0.006452771995024217,0.0027741447118519013,0.0042598648616931824,0.0017845655737496761,0.0005217306268015145,0.2871262936621942,0.003270277453747685,0.01016148866517946,0.6,4,4,58,58
lightgbm_mse_regression,cluster_2351,2351,Cluster 2351: Xp-4dv (n=8),Xp-4dv,Xp-4dv,8,"[""Xp-4dv"", ""Xp-5dv"", ""Xp-6dv"", ""Xp-3dv"", ""Xpc-6dv"", ""Xp-7dv"", ""Xpc-5dv"", ""Xpc-4dv""]",5,3156,0.006426683550844631,0.006427615718364833,0.0026146080518534938,0.00421650894138657,0.0016426486351057857,-0.00014587388742316068,0.440864371730701,0.0034856950246057996,0.010463869711573402,0.4,8,8,59,59
lightgbm_mse_regression,cluster_2343,2343,Cluster 2343: VSA_EState4 (n=1),VSA_EState4,VSA_EState4,1,"[""VSA_EState4""]",5,3156,0.006161292914143601,0.006162488785463804,0.003895841315711367,0.004080782437892698,0.0025790672570943744,0.000755618696800987,0.0,0.0017755729726771515,0.010010113767114375,1.0,1,1,60,60
lightgbm_mse_regression,cluster_2151,2151,Cluster 2151: FPSA3 (n=1),FPSA3,FPSA3,1,"[""FPSA3""]",5,3156,0.006110426977254484,0.00611087209466765,0.002599878553581509,0.004006863769117168,0.00158600322928436,-3.978286638250612e-05,0.0,0.00381251402558203,0.009011459221608793,0.6,1,1,61,62
lightgbm_mse_regression,cluster_2312,2312,Cluster 2312: WNSA2 (n=3),WNSA2,WNSA2,3,"[""WNSA2"", ""PNSA2"", ""WNSA1""]",5,3156,0.006108993079633364,0.006109264377417413,0.0032350544515634032,0.004019603805215575,0.002098902643663108,-0.0006008209902711414,0.22997545037717843,0.00158652113061542,0.010186702425871559,0.4,3,3,62,61
lightgbm_mse_regression,cluster_53,53,Cluster 53: ATSC5are (n=3),ATSC5are,ATSC5are,3,"[""ATSC5are"", ""ATSC5pe"", ""ATSC5se""]",5,3156,0.006022631432507227,0.006022491021705687,0.0016950143999819236,0.00399435119353736,0.0011679157296907079,-0.0003755838813377112,0.18296182825140794,0.003097055434937951,0.0074863661073011145,0.4,3,3,63,63
lightgbm_mse_regression,cluster_90,90,Cluster 90: NaaCH (n=6),NaaCH,NaaCH,6,"[""NaaCH"", ""SaaCH"", ""SlogP_VSA6"", ""VSA_EState6"", ""SMR_VSA7"", ""C2SP2""]",5,3156,0.005979019649147269,0.005980102928626402,0.003810346483584012,0.0038721420808897873,0.0023096725248616555,-0.0006430674852136968,0.3612862421743383,0.0025612728924864444,0.011813534911030788,0.4,6,6,64,64
lightgbm_mse_regression,cluster_2138,2138,Cluster 2138: EState_VSA1 (n=1),EState_VSA1,EState_VSA1,1,"[""EState_VSA1""]",5,3156,0.00585084030908539,0.005852094868995546,0.005167030585271635,0.003765848532511906,0.0031974379303268924,0.0018889615372442569,0.0,0.0017588431280597088,0.013424152769914356,0.8,1,1,65,68
lightgbm_mse_regression,cluster_2302,2302,Cluster 2302: PEOE_VSA12 (n=1),PEOE_VSA12,PEOE_VSA12,1,"[""PEOE_VSA12""]",5,3156,0.005836588480769895,0.005837651462885593,0.0035822002871617534,0.003795902615235904,0.0021894772898635576,-0.0009248015267382032,0.0,0.002482879905739449,0.01105548638789667,0.0,1,1,66,67
lightgbm_mse_regression,cluster_52,52,Cluster 52: ATSC5m (n=2),ATSC5m,ATSC5m,2,"[""ATSC5m"", ""ATSC5Z""]",5,3156,0.005832978596030267,0.0058334129317441,0.0022079870760215448,0.003842143973082541,0.001404670796528276,-0.0004583275400925999,0.10484321064126975,0.004399813496954174,0.009623126123243782,0.6,2,2,67,65
lightgbm_mse_regression,cluster_46,46,Cluster 46: ATSC4are (n=3),ATSC4are,ATSC4are,3,"[""ATSC4are"", ""ATSC4pe"", ""ATSC4se""]",5,3156,0.005788405092337996,0.005788564088690616,0.000831934679351431,0.003822700900163177,0.000490570322516452,-0.0007342335074822998,0.21590286605912387,0.004862902507620659,0.00689694405614507,0.4,3,3,68,66
lightgbm_mse_regression,cluster_83,83,Cluster 83: SIC3 (n=3),SIC3,SIC3,3,"[""SIC3"", ""CIC3"", ""BIC3""]",5,3156,0.005758910891022585,0.005759681035082242,0.0033082311034358172,0.0037436625640228636,0.0019986161031206643,-0.000685333172443262,0.35737009517263163,0.0027689237475659544,0.010523245765155054,0.2,3,3,69,70
lightgbm_mse_regression,cluster_2313,2313,Cluster 2313: WPSA1 (n=3),WPSA1,WPSA1,3,"[""WPSA1"", ""PPSA1"", ""TASA""]",5,3156,0.0057047085847194146,0.005705838780221835,0.003998175136192359,0.00374896792407263,0.0026113221678283477,0.0015054341886575511,0.20161100154517492,0.0017174377188458453,0.011422269013402485,1.0,3,3,70,69
lightgbm_mse_regression,cluster_79,79,Cluster 79: ATSC8v (n=2),ATSC8v,ATSC8v,2,"[""ATSC8v"", ""ATSC8p""]",5,3156,0.005611053534311243,0.00561221239253039,0.0035067117032089447,0.0036933883625132518,0.002274271151655678,0.00018591452129382305,0.11472138646501862,0.001954855852899676,0.010064817377270338,0.6,2,2,71,72
lightgbm_mse_regression,cluster_1805,1805,Cluster 1805: NssO (n=4),NssO,NssO,4,"[""NssO"", ""MACCS_126"", ""ECFP_695"", ""SssO""]",5,3156,0.005453207022970124,0.005451503017578759,0.0039038973587355165,0.0037007459898483726,0.0027829490802572365,0.0006908516312474799,0.04816307156602493,0.001392123487973234,0.010829344032728694,0.8,4,4,72,71
lightgbm_mse_regression,cluster_40,40,Cluster 40: ATSC3c (n=1),ATSC3c,ATSC3c,1,"[""ATSC3c""]",5,3156,0.005434730450728139,0.005435833592401449,0.005283121239183641,0.003620396541681124,0.003583681446250358,-7.598352575135015e-05,0.0,0.0019543184714361354,0.014707636911736766,0.6,1,1,73,73
lightgbm_mse_regression,cluster_2164,2164,Cluster 2164: JGI3 (n=1),JGI3,JGI3,1,"[""JGI3""]",5,3156,0.005413411409627732,0.005414482378805289,0.0038903669492801325,0.003501407787815907,0.0023954403092725594,0.0010880755957291132,0.0,0.0020345036544316846,0.010667980686539538,0.6,1,1,74,76
lightgbm_mse_regression,cluster_67,67,Cluster 67: ATSC7are (n=3),ATSC7are,ATSC7are,3,"[""ATSC7are"", ""ATSC7pe"", ""ATSC7se""]",5,3156,0.005388530810152818,0.005388835806051896,0.0017576287803569258,0.0035566400222159767,0.0011173084763967944,9.910968057136386e-05,0.23828594964001257,0.004426268748561795,0.00852567439811523,0.4,3,3,75,75
lightgbm_mse_regression,cluster_2169,2169,Cluster 2169: JGI8 (n=1),JGI8,JGI8,1,"[""JGI8""]",5,3156,0.005318398944819114,0.005316121635112076,0.004124433933476897,0.0036017419038975734,0.002991024033362857,0.0016351120087232326,0.0,0.002940329841934863,0.012503311070528426,1.0,1,1,76,74
lightgbm_mse_regression,cluster_60,60,Cluster 60: ATSC6are (n=3),ATSC6are,ATSC6are,3,"[""ATSC6are"", ""ATSC6pe"", ""ATSC6se""]",5,3156,0.005244535902650927,0.005245131012457815,0.0017468623342571335,0.003466765458382492,0.001175329144529543,6.033526552045885e-06,0.18839691015316115,0.0033669644619172185,0.007914542992870281,0.6,3,3,77,77
lightgbm_mse_regression,cluster_78,78,Cluster 78: ATSC8i (n=1),ATSC8i,ATSC8i,1,"[""ATSC8i""]",5,3156,0.00513118998405515,0.005130919028774739,0.001973981139187258,0.003418352720606739,0.001355161114883224,-0.0005850465710337076,0.0,0.0027906084410177774,0.008025706051227167,0.0,1,1,78,78
lightgbm_mse_regression,cluster_2331,2331,Cluster 2331: SlogP_VSA3 (n=1),SlogP_VSA3,SlogP_VSA3,1,"[""SlogP_VSA3""]",5,3156,0.005123140031858364,0.005123492502568461,0.0017513058066048778,0.003362139282599775,0.0010128180803177047,-0.0008501007955454865,0.0,0.003598712928824945,0.008065555756656222,0.0,1,1,79,80
lightgbm_mse_regression,cluster_2283,2283,Cluster 2283: SaaNH (n=2),SaaNH,SaaNH,2,"[""SaaNH"", ""NaaNH""]",5,3156,0.005066942397577096,0.005068020008939992,0.0028512688744653067,0.0032998942008820352,0.0017566857536884164,0.0004293600352969192,0.0048060212214132035,0.001667078547635797,0.009066931389003484,0.8,2,2,80,82
lightgbm_mse_regression,cluster_2322,2322,Cluster 2322: SMR_VSA5 (n=2),SMR_VSA5,SMR_VSA5,2,"[""SMR_VSA5"", ""SlogP_VSA5""]",5,3156,0.005055823039343032,0.005056126938442833,0.003091815538773742,0.0033681063857406526,0.0021172420862334914,-0.00021595632452688036,0.13289088768212923,0.0028114746474481533,0.010499385145239506,0.4,2,2,81,79
lightgbm_mse_regression,cluster_66,66,Cluster 66: ATSC7m (n=2),ATSC7m,ATSC7m,2,"[""ATSC7m"", ""ATSC7Z""]",5,3156,0.005034070718311334,0.005034392211191857,0.0011266780834098644,0.0033307160826440705,0.0007505421023214175,0.000572000390767703,0.12957671476223345,0.0040197606802609715,0.00631495721106541,0.8,2,2,82,81
lightgbm_mse_regression,cluster_50,50,Cluster 50: ATSC4i (n=1),ATSC4i,ATSC4i,1,"[""ATSC4i""]",5,3156,0.005019650737943729,0.0050203983196829465,0.002370961412318812,0.0032959489541698173,0.0015119528905939976,0.0009604756169879432,0.0,0.0026610303507126907,0.007690111366566764,1.0,1,1,83,84
lightgbm_mse_regression,cluster_16,16,Cluster 16: ATSC1Z (n=4),ATSC1Z,ATSC1Z,4,"[""ATSC1Z"", ""AATSC1m"", ""AATSC1Z"", ""ATSC1m""]",5,3156,0.004926293720824235,0.004925649934048421,0.0024807590142553243,0.003298447125456612,0.0017616911896185695,-0.0015683860982192933,0.14510904903133637,0.0019609902041482037,0.007938170371615394,0.2,4,4,84,83
lightgbm_mse_regression,cluster_7,7,Cluster 7: AATS0v (n=3),AATS0v,AATS0v,3,"[""AATS0v"", ""Mv"", ""AATS1v""]",5,3156,0.00488641008433894,0.0048865843453023625,0.0018117821949829446,0.003217710340238121,0.0011256756055808854,-5.580383754712343e-06,0.23518793524867565,0.0020673546581999836,0.006719582548770706,0.4,3,3,85,85
lightgbm_mse_regression,cluster_95,95,Cluster 95: FPSA1 (n=3),FPSA1,FPSA1,3,"[""FPSA1"", ""FNSA1"", ""DPSA1""]",5,3156,0.00487232473917712,0.004872327834832043,0.0013955612168317902,0.0032099479768525536,0.0008425567767571735,-0.0004806500801375381,0.16709169898562934,0.0030546622705976533,0.0066864485362085856,0.2,3,3,86,87
lightgbm_mse_regression,cluster_2159,2159,Cluster 2159: IC2 (n=1),IC2,IC2,1,"[""IC2""]",5,3156,0.004851892837265441,0.004851896302688841,0.005097630226850108,0.003149891937100603,0.0031512899124478844,-0.000497358529372028,0.0,0.0013248479949979272,0.01365539752800829,0.4,1,1,87,89
lightgbm_mse_regression,cluster_74,74,Cluster 74: ATSC8are (n=3),ATSC8are,ATSC8are,3,"[""ATSC8are"", ""ATSC8pe"", ""ATSC8se""]",5,3156,0.004837814944610666,0.0048380044117600305,0.0013473274674857191,0.0032112427782369085,0.0009381721776046179,6.645527355054045e-05,0.19608718198380967,0.0036057046776507336,0.006682344345442611,0.4,3,3,88,86
lightgbm_mse_regression,cluster_5,5,Cluster 5: AATS0i (n=2),AATS0i,AATS0i,2,"[""AATS0i"", ""Mi""]",5,3156,0.004751436082105092,0.004750607042771693,0.002793874688779665,0.003171278673299891,0.0019334195974263586,-5.769875408571222e-06,0.16100127709072926,0.0014202402755373233,0.007819598694206814,0.2,2,2,89,88
lightgbm_mse_regression,cluster_2282,2282,Cluster 2282: MPC4 (n=21),MPC4,MPC4,21,"[""MPC4"", ""MPC5"", ""TMPC10"", ""Xp-6d"", ""Xp-5d"", ""MPC3"", ""MPC6"", ""MWC05"", ""MPC7"", ""Xp-7d"", ""Xp-4d"", ""MWC06"", ""MWC04"", ""MPC8"", ""MPC9"", ""MPC10"", ""SRW08"", ""SRW06"", ""WPol"", ""fragCpx"", ""nRing""]",5,3156,0.004727364529390017,0.004728123218744924,0.002485004141709042,0.0030939339097808874,0.0015481929988732498,-0.0012932446544319934,0.4999160408155753,0.0023336996146554895,0.007968196280029045,0.0,21,21,90,90
lightgbm_mse_regression,cluster_47,47,Cluster 47: ATSC4c (n=1),ATSC4c,ATSC4c,1,"[""ATSC4c""]",5,3156,0.004719308635641278,0.004720192462750929,0.0018773594354160416,0.003082002640649408,0.0011331923302231523,-0.0006806434876820124,0.0,0.0019308341046904453,0.0067800843377624825,0.4,1,1,91,91
lightgbm_mse_regression,cluster_2168,2168,Cluster 2168: JGI7 (n=1),JGI7,JGI7,1,"[""JGI7""]",5,3156,0.004656895405330087,0.0046575988626781665,0.004496992740835479,0.003007507815137494,0.0027496884494248508,-0.0009798202090137145,0.0,0.0019954521676657524,0.012643791884788515,0.0,1,1,92,94
lightgbm_mse_regression,cluster_2327,2327,Cluster 2327: SdssC (n=1),SdssC,SdssC,1,"[""SdssC""]",5,3156,0.004642498567411751,0.004643323232883543,0.002485817447792668,0.0030725965139774525,0.0016792384629070822,-9.514543913052629e-05,0.0,0.0020406790039101163,0.00836892280806317,0.6,1,1,93,92
lightgbm_mse_regression,cluster_71,71,Cluster 71: ATSC7i (n=1),ATSC7i,ATSC7i,1,"[""ATSC7i""]",5,3156,0.0046019883859319535,0.004601835537695181,0.0025084781856161515,0.0030202515326738268,0.0015717188443127028,0.00011381884528010141,0.0,0.0016927021288406902,0.00798736661522017,0.6,1,1,94,93
lightgbm_mse_regression,cluster_80,80,Cluster 80: SIC0 (n=2),SIC0,SIC0,2,"[""SIC0"", ""BIC0""]",5,3156,0.004524332491292605,0.004524766585715019,0.0012201658470152581,0.00298262317515948,0.0007613426006424929,-0.0004070120380483298,0.10560542223688127,0.003154764588578224,0.006443979911464154,0.2,2,2,95,95
lightgbm_mse_regression,cluster_2342,2342,Cluster 2342: VSA_EState3 (n=1),VSA_EState3,VSA_EState3,1,"[""VSA_EState3""]",5,3156,0.004501989698350772,0.004501838397444087,0.0014463078205872238,0.0029790833941923155,0.0009556744904598017,-0.0006331387866152272,0.0,0.002569695065732713,0.006468246344920627,0.2,1,1,96,96
lightgbm_mse_regression,cluster_20,20,Cluster 20: ATSC1i (n=2),ATSC1i,ATSC1i,2,"[""ATSC1i"", ""AATSC1i""]",5,3156,0.0044813355320542725,0.004481729079175846,0.0015623208062811793,0.0029327924057015006,0.0008881549790999887,0.0007325288536334453,0.09930975383447063,0.0032396943634863443,0.006982355852131054,0.8,2,2,97,98
lightgbm_mse_regression,cluster_2323,2323,Cluster 2323: SMR_VSA6 (n=1),SMR_VSA6,SMR_VSA6,1,"[""SMR_VSA6""]",5,3156,0.004454575813006084,0.004455548156921696,0.0033773925742560606,0.0028899653292049033,0.002127186491782004,-0.0003353815911597976,0.0,0.0013868307592501009,0.008288969194012194,0.2,1,1,98,100
lightgbm_mse_regression,cluster_45,45,Cluster 45: ATSC4m (n=2),ATSC4m,ATSC4m,2,"[""ATSC4m"", ""ATSC4Z""]",5,3156,0.004451157469550812,0.004450795822111163,0.002803501111615019,0.0029728189967609623,0.0018751136172764572,0.00041170144883652724,0.10789884130684455,0.0012916513821927631,0.008628052000321742,0.6,2,2,99,97
lightgbm_mse_regression,cluster_36,36,Cluster 36: ATSC2i (n=1),ATSC2i,ATSC2i,1,"[""ATSC2i""]",5,3156,0.00438679787429581,0.004387261435225655,0.0020775689338511146,0.0028979460401100223,0.001372179878244005,-4.4393611075272414e-05,0.0,0.0016691004691776758,0.00685139948076127,0.2,1,1,100,99
lightgbm_mse_regression,cluster_2270,2270,Cluster 2270: n5HRing (n=4),n5HRing,n5HRing,4,"[""n5HRing"", ""MACCS_83"", ""n5Ring"", ""MACCS_96""]",5,3156,0.004302841006970807,0.004302471282111099,0.003917025376314118,0.0028478864634411813,0.0025953422096417654,9.512131469749482e-05,0.018975710269639512,0.0,0.01024814931900481,0.4,4,4,101,101
lightgbm_mse_regression,cluster_18,18,Cluster 18: ATSC1d (n=2),ATSC1d,ATSC1d,2,"[""ATSC1d"", ""AATSC1d""]",5,3156,0.00413039388470709,0.004130806674301266,0.0011311622271190855,0.002714772441416223,0.0006740371322219631,-0.0004544735684160142,0.10526362700490159,0.0028280427150842846,0.005712305364998956,0.2,2,2,102,103
lightgbm_mse_regression,cluster_2353,2353,Cluster 2353: ZMIC4 (n=3),ZMIC4,ZMIC4,3,"[""ZMIC4"", ""ZMIC5"", ""ZMIC3""]",5,3156,0.0040978330444937875,0.004097018586416858,0.002178787342746501,0.0027434921622093724,0.0015411369711367995,-0.00022580201863895119,0.22451915869033154,0.002340013854289491,0.006667448277209025,0.4,3,3,103,102
lightgbm_mse_regression,cluster_2334,2334,Cluster 2334: SsssCH (n=1),SsssCH,SsssCH,1,"[""SsssCH""]",5,3156,0.004084190702258611,0.004084883254130661,0.003698933057729461,0.0026475461520578396,0.0023538794510342994,-0.000766815376510035,0.0,0.0004858711289500902,0.008592467354073895,0.0,1,1,104,107
lightgbm_mse_regression,cluster_38,38,Cluster 38: ATSC3m (n=2),ATSC3m,ATSC3m,2,"[""ATSC3m"", ""ATSC3Z""]",5,3156,0.004070300200406035,0.004070040644931205,0.0018636390006707183,0.0026868476081101586,0.0011906808771999914,-0.00023788677128237657,0.07588824735948382,0.00145842418158594,0.006389399794101859,0.2,2,2,105,104
lightgbm_mse_regression,cluster_2344,2344,Cluster 2344: VSA_EState5 (n=1),VSA_EState5,VSA_EState5,1,"[""VSA_EState5""]",5,3156,0.004065678449838373,0.004066391562979499,0.004196238988737198,0.002674989821921688,0.0027208373184147826,-0.0011493125186264686,0.0,0.0012388927592203221,0.011332042162237734,0.2,1,1,106,105
lightgbm_mse_regression,cluster_2154,2154,Cluster 2154: Xc-3d (n=3),Xc-3d,Xc-3d,3,"[""Xc-3d"", ""GGI1"", ""Xc-3dv""]",5,3156,0.004000823706789167,0.004001524935769051,0.002257453825346184,0.002648650439375948,0.0014995133326281222,0.0011023882249183515,0.18244380495304025,0.0017452541816517612,0.006457102049717866,0.8,3,3,107,106
lightgbm_mse_regression,cluster_2352,2352,Cluster 2352: ZMIC1 (n=2),ZMIC1,ZMIC1,2,"[""ZMIC1"", ""ZMIC2""]",5,3156,0.0038726458257372074,0.0038723477742430455,0.001329717300764045,0.002585353080466226,0.0009668603586068682,0.0006458426210011014,0.1480960873284727,0.002035882289355946,0.005386280231366631,0.8,2,2,108,108
lightgbm_mse_regression,cluster_2281,2281,Cluster 2281: MOMI-Z (n=1),MOMI-Z,MOMI-Z,1,"[""MOMI-Z""]",5,3156,0.0038711094554675462,0.0038717075074735973,0.0034110140732064565,0.0025446161753508857,0.0022050732310239063,-0.0007708396740586979,0.0,0.0014565851850380077,0.009458250441851545,0.6,1,1,109,111
lightgbm_mse_regression,cluster_2147,2147,Cluster 2147: EState_VSA9 (n=1),EState_VSA9,EState_VSA9,1,"[""EState_VSA9""]",5,3156,0.003869904632378934,0.0038699204818080186,0.0011986031095076951,0.002569092872086234,0.0008087571920676602,0.0008841534907924758,0.0,0.0026062400144809036,0.005665309443354389,1.0,1,1,110,109
lightgbm_mse_regression,cluster_2,2,Cluster 2: Mare (n=9),Mare,Mare,9,"[""Mare"", ""AATS0pe"", ""AATS0are"", ""Mse"", ""Mpe"", ""AATS0se"", ""AATS1pe"", ""AATS1se"", ""AATS1are""]",5,3156,0.003822340565318777,0.0038223541697873322,0.0014993193362130295,0.0025321134010921472,0.0009868418120245759,-0.0005117552137461403,0.41650639552872126,0.002324508933037666,0.005360017263017111,0.0,9,9,111,112
lightgbm_mse_regression,cluster_2320,2320,Cluster 2320: SMR_VSA3 (n=1),SMR_VSA3,SMR_VSA3,1,"[""SMR_VSA3""]",5,3156,0.0037939819731655604,0.003793194591348787,0.0026908787994468306,0.002558879014206646,0.001873471538219897,0.0009826360133974323,0.0,0.000370910196085134,0.006278171605084062,0.6,1,1,112,110
lightgbm_mse_regression,cluster_2315,2315,Cluster 2315: RNCG (n=1),RNCG,RNCG,1,"[""RNCG""]",5,3156,0.003761645854106878,0.00376116524833943,0.0014563957580984034,0.00251933544968169,0.001073061243007187,0.00043514938405377144,0.0,0.002267608507725692,0.005318530866718113,0.6,1,1,113,113
lightgbm_mse_regression,cluster_6,6,Cluster 6: AATS0p (n=3),AATS0p,AATS0p,3,"[""AATS0p"", ""Mp"", ""AATS1p""]",5,3156,0.003728390882503488,0.0037278632118398517,0.001612311581584289,0.002479870007354282,0.001130104477179181,-6.456007984162985e-06,0.24073944628961863,0.0018627450125131724,0.005393191826273183,0.4,3,3,114,114
lightgbm_mse_regression,cluster_2309,2309,Cluster 2309: PEOE_VSA7 (n=1),PEOE_VSA7,PEOE_VSA7,1,"[""PEOE_VSA7""]",5,3156,0.0036855824153827895,0.0036861438758157886,0.003558761711596217,0.0024152786770342415,0.0023149740777253674,0.00037475825840846443,0.0,0.0011746729895700865,0.009785092350691083,0.8,1,1,115,116
lightgbm_mse_regression,cluster_72,72,Cluster 72: ATSC7v (n=2),ATSC7v,ATSC7v,2,"[""ATSC7v"", ""ATSC7p""]",5,3156,0.0036494846049457547,0.003649631733358903,0.0008474839151345629,0.002417522554980111,0.0005878856062399357,4.807873726547985e-05,0.20243998645012393,0.002941881014489332,0.005093264937076116,0.8,2,2,116,115
lightgbm_mse_regression,cluster_14,14,Cluster 14: AATSC0p (n=1),AATSC0p,AATSC0p,1,"[""AATSC0p""]",5,3156,0.0035887417677717983,0.0035893670450301367,0.004796696377071364,0.002291398451998933,0.002962663011780376,-0.0007069914034475085,0.0,0.0004810973555467241,0.012098831138263669,0.4,1,1,117,121
lightgbm_mse_regression,cluster_54,54,Cluster 54: ATSC5c (n=1),ATSC5c,ATSC5c,1,"[""ATSC5c""]",5,3156,0.0035821337756691248,0.003582270870193061,0.0014795541308754536,0.0023807325402700435,0.0009870024682373788,5.530944698612781e-05,0.0,0.001818723699503221,0.0057887481710404975,0.8,1,1,118,117
lightgbm_mse_regression,cluster_2166,2166,Cluster 2166: JGI5 (n=1),JGI5,JGI5,1,"[""JGI5""]",5,3156,0.0035733654696706325,0.003573556777200772,0.0018701934338461047,0.0023426386773691245,0.0011578024665537187,-0.0007052741916862237,0.0,0.0014917102442626629,0.005761468093241223,0.2,1,1,119,119
lightgbm_mse_regression,cluster_64,64,Cluster 64: ATSC6i (n=1),ATSC6i,ATSC6i,1,"[""ATSC6i""]",5,3156,0.003532593032608548,0.0035327655814435784,0.0014474276917572967,0.0023505471890159202,0.0010025732775869425,-0.0005498360389674166,0.0,0.002285937219035892,0.005996095580578492,0.4,1,1,120,118
lightgbm_mse_regression,cluster_2167,2167,Cluster 2167: JGI6 (n=1),JGI6,JGI6,1,"[""JGI6""]",5,3156,0.0034875842884950882,0.003487103588467702,0.001055847974616959,0.002319580463143131,0.0007725583653675742,0.0005105255677136202,0.0,0.0025334238608050517,0.005004192874897397,0.6,1,1,121,120
lightgbm_mse_regression,cluster_19,19,Cluster 19: ATSC1dv (n=2),ATSC1dv,ATSC1dv,2,"[""ATSC1dv"", ""AATSC1dv""]",5,3156,0.0034238687408529116,0.003423999855051848,0.0024176023547350313,0.0022415815111260615,0.0014922565731256448,2.7161695433903345e-06,0.11931997659839544,0.001065328851429154,0.007309861762693075,0.4,2,2,122,123
lightgbm_mse_regression,cluster_62,62,Cluster 62: ATSC6d (n=1),ATSC6d,ATSC6d,1,"[""ATSC6d""]",5,3156,0.0033359536245234126,0.003334938983299436,0.001934777406958839,0.00225298697769176,0.0014177547484436246,-0.0007567336241841439,0.0,0.0013632701658972506,0.0065371466861702116,0.0,1,1,123,122
lightgbm_mse_regression,cluster_2380,2380,Cluster 2380: nBase (n=1),nBase,nBase,1,"[""nBase""]",5,3156,0.0033111718604413847,0.003311553128206425,0.0020079674461193765,0.002191311040417189,0.0013129015241060513,0.00035488593225366607,0.0,0.0017399636651805818,0.00631322987678775,0.8,1,1,124,124
lightgbm_mse_regression,cluster_58,58,Cluster 58: ATSC5v (n=2),ATSC5v,ATSC5v,2,"[""ATSC5v"", ""ATSC5p""]",5,3156,0.003309632550597022,0.003309464087060651,0.0012402993512886467,0.0021846108737789294,0.0007831716579858861,-1.6492181144602215e-05,0.24728262809416438,0.001922909002364618,0.005132366628401965,0.6,2,2,125,125
lightgbm_mse_regression,cluster_44,44,Cluster 44: ATSC3v (n=2),ATSC3v,ATSC3v,2,"[""ATSC3v"", ""ATSC3p""]",5,3156,0.003302376731341699,0.0033026567446400117,0.002415308963496378,0.0021495229393361367,0.0014652818291721592,6.562440000684219e-05,0.16390819938774656,0.0017113586335466677,0.007556470643398426,0.8,2,2,126,128
lightgbm_mse_regression,cluster_2311,2311,Cluster 2311: PEOE_VSA9 (n=1),PEOE_VSA9,PEOE_VSA9,1,"[""PEOE_VSA9""]",5,3156,0.003293863765236747,0.003294631596931553,0.0014302781873111368,0.002154140261965572,0.0009156450801001623,-0.00039543467343182583,0.0,0.0008713547681256815,0.004441809125331094,0.0,1,1,127,127
lightgbm_mse_regression,cluster_55,55,Cluster 55: ATSC5d (n=1),ATSC5d,ATSC5d,1,"[""ATSC5d""]",5,3156,0.0032707777052301155,0.0032707192407186295,0.0018742557458287764,0.0021822818493280284,0.0012545893403706516,-2.722622554803932e-05,0.0,0.0014716737561430789,0.005984192126043887,0.6,1,1,128,126
lightgbm_mse_regression,cluster_73,73,Cluster 73: ATSC8m (n=2),ATSC8m,ATSC8m,2,"[""ATSC8m"", ""ATSC8Z""]",5,3156,0.0031343738792672595,0.003133915733032737,0.0018073254484025907,0.0020817130423541465,0.0012246519398784901,0.00041381096886313395,0.09732066612664743,0.0013511305688543307,0.005340288186764957,0.6,2,2,129,129
lightgbm_mse_regression,cluster_61,61,Cluster 61: ATSC6c (n=1),ATSC6c,ATSC6c,1,"[""ATSC6c""]",5,3156,0.003054653947130821,0.003055335126306836,0.0020379268565058057,0.0020023532801382894,0.0013392049255749065,-0.000307983749093617,0.0,0.0009055336468042813,0.0055768481570716505,0.2,1,1,130,130
lightgbm_mse_regression,cluster_2300,2300,Cluster 2300: PEOE_VSA10 (n=1),PEOE_VSA10,PEOE_VSA10,1,"[""PEOE_VSA10""]",5,3156,0.003023163488536563,0.00302310133383762,0.0022188871642245993,0.0019809581593915417,0.0013747310133789667,-8.792511839480939e-05,0.0,0.0012081529451894398,0.00665371940518203,0.2,1,1,131,131
lightgbm_mse_regression,cluster_169,169,Cluster 169: ECFP_1060 (n=1),ECFP_1060,ECFP_1060,1,"[""ECFP_1060""]",5,3156,0.0030115661472354875,0.0030122707874421875,0.0035190013029798408,0.0019420797799421827,0.002258571134670138,0.0004185910037515902,0.0,0.0,0.007545593128188412,0.8,1,1,132,133
lightgbm_mse_regression,cluster_34,34,Cluster 34: ATSC2d (n=1),ATSC2d,ATSC2d,1,"[""ATSC2d""]",5,3156,0.0029498057705976827,0.0029500876684287387,0.0020606030442792815,0.001968666707492913,0.0014044931794823506,-0.00013598617713821216,0.0,0.0013194555702649843,0.006548802096668048,0.4,1,1,133,132
lightgbm_mse_regression,cluster_2354,2354,Cluster 2354: fMF (n=1),fMF,fMF,1,"[""fMF""]",5,3156,0.002940788135029446,0.002941285850904991,0.0014402575740934248,0.0019390325433104485,0.0009656809707585387,-0.00023515070539788992,0.0,0.0013704945476870746,0.005221424048445519,0.4,1,1,134,134
lightgbm_mse_regression,cluster_2141,2141,Cluster 2141: EState_VSA3 (n=1),EState_VSA3,EState_VSA3,1,"[""EState_VSA3""]",5,3156,0.0029224139459698606,0.002922526606737477,0.0012952165684429102,0.001923077438964844,0.000805419568027313,-4.868807366743956e-05,0.0,0.0010207057261166072,0.004385255389130573,0.2,1,1,135,135
lightgbm_mse_regression,cluster_1854,1854,Cluster 1854: ECFP_74 (n=1),ECFP_74,ECFP_74,1,"[""ECFP_74""]",5,3156,0.0028627900443884058,0.002863697426335914,0.0038102975861140638,0.001869790843061099,0.002481015762374227,-0.00020976463554752027,0.0,0.0,0.008111835232608743,0.2,1,1,136,136
lightgbm_mse_regression,cluster_1533,1533,Cluster 1533: ECFP_448 (n=1),ECFP_448,ECFP_448,1,"[""ECFP_448""]",5,3156,0.0028204517092440405,0.00282063694007243,0.0032991437255639544,0.0018194674847078966,0.0020388321972984974,0.0008667878350395526,0.0,0.0,0.008498002137596198,0.8,1,1,137,138
lightgbm_mse_regression,cluster_2165,2165,Cluster 2165: JGI4 (n=1),JGI4,JGI4,1,"[""JGI4""]",5,3156,0.002753287665303217,0.0027534619904675847,0.0018659670171023615,0.0018050075560247822,0.0011880172307302968,2.1867128156429454e-05,0.0,0.0005930252173587107,0.005452316517538653,0.8,1,1,138,140
lightgbm_mse_regression,cluster_2142,2142,Cluster 2142: EState_VSA4 (n=1),EState_VSA4,EState_VSA4,1,"[""EState_VSA4""]",5,3156,0.0027466915207807153,0.0027468922861118112,0.001996449009453026,0.0018137542016846745,0.001290320847762216,-0.0005954830179144446,0.0,0.001282480074159385,0.0062425790819460175,0.0,1,1,139,139
lightgbm_mse_regression,cluster_2160,2160,Cluster 2160: IC4 (n=3),IC4,IC4,3,"[""IC4"", ""IC5"", ""IC3""]",5,3156,0.00271141526726922,0.00271012550189836,0.002378945282881138,0.0018340715436386823,0.0017079997150029518,-0.00048596405368360056,0.231358651037913,0.000706756561886075,0.0067806250123326,0.0,3,3,140,137
lightgbm_mse_regression,cluster_12,12,Cluster 12: AATSC0d (n=1),AATSC0d,AATSC0d,1,"[""AATSC0d""]",5,3156,0.0027009579235177474,0.002701634447440085,0.002346672157039908,0.001752184959854396,0.0014799702774441921,0.00024328813212884254,0.0,0.0005665249485443596,0.006012534355130821,0.6,1,1,141,141
lightgbm_mse_regression,cluster_57,57,Cluster 57: ATSC5i (n=1),ATSC5i,ATSC5i,1,"[""ATSC5i""]",5,3156,0.0025922862356849014,0.0025919976074495446,0.001257612156352062,0.0017163603014772062,0.0008273337517148145,0.00045454500899584687,0.0,0.0008725947240997402,0.004059176119064973,1.0,1,1,142,142
lightgbm_mse_regression,cluster_2318,2318,Cluster 2318: RPCS (n=1),RPCS,RPCS,1,"[""RPCS""]",5,3156,0.0025425659730179593,0.0025425727697615938,0.0009357936190572457,0.0016831114221415185,0.0006122278136155839,0.00037868326810835273,0.0,0.0019361304145224154,0.004166535124929386,0.8,1,1,143,143
lightgbm_mse_regression,cluster_68,68,Cluster 68: ATSC7c (n=1),ATSC7c,ATSC7c,1,"[""ATSC7c""]",5,3156,0.002520265241871771,0.0025205275001395624,0.0014349955202426945,0.0016406857265437655,0.0008733323240411213,-0.00041164595341189287,0.0,0.0008335094519101238,0.004550899214739991,0.0,1,1,144,145
lightgbm_mse_regression,cluster_2177,2177,Cluster 2177: MACCS_134 (n=4),MACCS_134,MACCS_134,4,"[""MACCS_134"", ""MACCS_107"", ""nX"", ""MACCS_87""]",5,3156,0.002485035252884786,0.0024847145227945384,0.003011941617394757,0.0016515124329198484,0.0019785233701763594,0.00021099888843670843,0.0985437900456402,0.00015556776955695392,0.007324409256666254,0.6,4,4,145,144
lightgbm_mse_regression,cluster_13,13,Cluster 13: AATSC0i (n=1),AATSC0i,AATSC0i,1,"[""AATSC0i""]",5,3156,0.0024711532823365025,0.002471315099391294,0.0020083636216059898,0.0016384608957350616,0.0013108806291146544,-0.0003549699713374134,0.0,0.00061036152233147,0.005843229817339199,0.2,1,1,146,146
lightgbm_mse_regression,cluster_69,69,Cluster 69: ATSC7d (n=1),ATSC7d,ATSC7d,1,"[""ATSC7d""]",5,3156,0.0024609422056607426,0.0024609089047728065,0.00022299144382101677,0.0016275440702466283,0.00014711198335760661,-0.0005569020482466233,0.0,0.0021813649085293185,0.002722892899350681,0.0,1,1,147,147
lightgbm_mse_regression,cluster_2348,2348,Cluster 2348: Xc-5d (n=2),Xc-5d,Xc-5d,2,"[""Xc-5d"", ""Xc-5dv""]",5,3156,0.0024442318267551446,0.0024443827916085796,0.0010507900282320233,0.001608856008643677,0.0006726760465891308,-0.000739694636011895,0.11420180347747114,0.0011112156809298952,0.003638608517572313,0.0,2,2,148,148
lightgbm_mse_regression,cluster_2145,2145,Cluster 2145: EState_VSA7 (n=1),EState_VSA7,EState_VSA7,1,"[""EState_VSA7""]",5,3156,0.002406506239071914,0.002406985721935371,0.0014992019099908977,0.0015796890640441675,0.0009744996284878096,0.00026688691756147296,0.0,0.0008937378048634627,0.004926846540970418,0.8,1,1,149,151
lightgbm_mse_regression,cluster_2299,2299,Cluster 2299: PEOE_VSA1 (n=1),PEOE_VSA1,PEOE_VSA1,1,"[""PEOE_VSA1""]",5,3156,0.0023735380907999076,0.002373617057603086,0.0017289140789651719,0.0015882606650392105,0.0011736863127556868,7.40540008961267e-06,0.0,0.0005672816393159947,0.004976661106714288,0.6,1,1,150,149
lightgbm_mse_regression,cluster_372,372,Cluster 372: ECFP_1243 (n=1),ECFP_1243,ECFP_1243,1,"[""ECFP_1243""]",5,3156,0.002356722495481016,0.00235620470883302,0.0020388528812641717,0.0015800769568034563,0.0013720224784500223,7.723580414149412e-05,0.0,0.00045106158821531976,0.005039757660648934,0.4,1,1,151,150
lightgbm_mse_regression,cluster_65,65,Cluster 65: ATSC6v (n=2),ATSC6v,ATSC6v,2,"[""ATSC6v"", ""ATSC6p""]",5,3156,0.002341058633300352,0.0023412908533139406,0.0005926077493533459,0.0015360402283325415,0.00032434123987182283,0.0002148003709580997,0.15504543747534208,0.0016084044904273744,0.0031504993764078695,1.0,2,2,152,153
lightgbm_mse_regression,cluster_9,9,Cluster 9: AATSC0m (n=2),AATSC0m,AATSC0m,2,"[""AATSC0m"", ""AATSC0Z""]",5,3156,0.002323887232051472,0.0023241094161947614,0.0010187884246041982,0.001537888476388343,0.0006683460123424324,-0.0001427832889779205,0.1998390554043774,0.0014749759516095005,0.003987442979648745,0.6,2,2,153,152
lightgbm_mse_regression,cluster_49,49,Cluster 49: ATSC4dv (n=1),ATSC4dv,ATSC4dv,1,"[""ATSC4dv""]",5,3156,0.002313099350390999,0.0023132519732491762,0.0011165334926876143,0.001523883154022392,0.000717823317259459,-0.00046236011652690584,0.0,0.0013628188198681552,0.0041765189841398535,0.2,1,1,154,154
lightgbm_mse_regression,cluster_2140,2140,Cluster 2140: EState_VSA2 (n=1),EState_VSA2,EState_VSA2,1,"[""EState_VSA2""]",5,3156,0.002292465949242182,0.0022928821708642325,0.0022032777551071305,0.0015098894766084367,0.001427501851286373,-0.00038691600151105935,0.0,0.0008054766631853644,0.006104238331047907,0.6,1,1,155,155
lightgbm_mse_regression,cluster_2310,2310,Cluster 2310: PEOE_VSA8 (n=1),PEOE_VSA8,PEOE_VSA8,1,"[""PEOE_VSA8""]",5,3156,0.0022322286718402785,0.0022319121097115753,0.0009539579042151259,0.0014882112165829462,0.0006750268689676877,-0.00010307069107338588,0.0,0.001224438710193757,0.0032670006101518023,0.4,1,1,156,156
lightgbm_mse_regression,cluster_2205,2205,Cluster 2205: NsOH (n=3),NsOH,NsOH,3,"[""NsOH"", ""SsOH"", ""MACCS_139""]",5,3156,0.002210642039915253,0.002210996892904011,0.0015223342552168012,0.0014680824785241972,0.001035567373257469,-0.00011607771778230334,0.17598348870718555,0.001091080860383638,0.004849359410765094,0.8,3,3,157,157
lightgbm_mse_regression,cluster_2293,2293,Cluster 2293: SssCH2 (n=2),SssCH2,SssCH2,2,"[""SssCH2"", ""NssCH2""]",5,3156,0.002171120977931537,0.002171229902657683,0.0013869332609178734,0.0014239805917843139,0.0008754706017208327,-5.319723536145186e-05,0.1561199528356148,8.967864218088939e-05,0.0034429304536554343,0.6,2,2,158,159
lightgbm_mse_regression,cluster_2328,2328,Cluster 2328: SlogP_VSA1 (n=1),SlogP_VSA1,SlogP_VSA1,1,"[""SlogP_VSA1""]",5,3156,0.0021452508226491233,0.002144849463579207,0.0009022660850038057,0.0014411132566386543,0.0006699854548449878,2.2635634966633488e-05,0.0,0.0011983122676641794,0.0034115386882352487,0.6,1,1,159,158
lightgbm_mse_regression,cluster_2346,2346,Cluster 2346: VSA_EState8 (n=1),VSA_EState8,VSA_EState8,1,"[""VSA_EState8""]",5,3156,0.0021420635611365943,0.0021416923604338015,0.001481375009530426,0.0014133211825203425,0.0009638063964478458,8.436702783812823e-05,0.0,0.0008459116327866855,0.004116423846972903,0.6,1,1,160,160
lightgbm_mse_regression,cluster_2337,2337,Cluster 2337: TSRW10 (n=1),TSRW10,TSRW10,1,"[""TSRW10""]",5,3156,0.002096681253073887,0.0020969099045231258,0.001388612819377699,0.0013905954646318663,0.0009359997439754293,-0.0007374581297657755,0.0,0.0005624925567885617,0.004228497722938192,0.0,1,1,161,161
lightgbm_mse_regression,cluster_2214,2214,Cluster 2214: NsCH3 (n=3),NsCH3,NsCH3,3,"[""NsCH3"", ""SsCH3"", ""MACCS_149""]",5,3156,0.0020819795784809106,0.0020823892271549993,0.001457310422483572,0.0013742995549492164,0.0009625301932613565,0.0003002567116281812,0.13255848994957503,0.0007895380117316065,0.0041485175314542235,0.6,3,3,162,162
lightgbm_mse_regression,cluster_4,4,Cluster 4: AATS0dv (n=2),AATS0dv,AATS0dv,2,"[""AATS0dv"", ""AATS1dv""]",5,3156,0.0020814734463488007,0.002081458685141826,0.0007527537426948831,0.001367411510238482,0.0004539450991486424,-0.00032235408361374967,0.1806386873887043,0.0011022970890763653,0.0032150168941835317,0.2,2,2,163,163
lightgbm_mse_regression,cluster_2332,2332,Cluster 2332: SlogP_VSA4 (n=1),SlogP_VSA4,SlogP_VSA4,1,"[""SlogP_VSA4""]",5,3156,0.002050861328429314,0.0020506500004432576,0.0008058685614489265,0.0013666565533855869,0.000560804128067868,-0.00041429335511744244,0.0,0.0011465119234128206,0.0030100023570364836,0.0,1,1,164,164
lightgbm_mse_regression,cluster_77,77,Cluster 77: ATSC8dv (n=1),ATSC8dv,ATSC8dv,1,"[""ATSC8dv""]",5,3156,0.0020489369360994526,0.0020493161002702455,0.000994093931020577,0.001352950393227853,0.0006654321838603667,-0.00010438746768824374,0.0,0.0008526739772473873,0.0033219930983867945,0.6,1,1,165,166
lightgbm_mse_regression,cluster_91,91,Cluster 91: C2SP3 (n=1),C2SP3,C2SP3,1,"[""C2SP3""]",5,3156,0.0020422563075805956,0.0020421156762859428,0.0021177318393578127,0.0013587357293301755,0.00138623750855465,0.00041858030448655754,0.0,7.012708098741799e-05,0.005479876334840447,1.0,1,1,166,165
lightgbm_mse_regression,cluster_2162,2162,Cluster 2162: JGI10 (n=1),JGI10,JGI10,1,"[""JGI10""]",5,3156,0.0020344239280190926,0.0020343333949662382,0.0017497259541167187,0.0013265879629373058,0.0010860317416460806,0.00016774895096658524,0.0,0.0006550931665621478,0.0049609761964854926,0.6,1,1,167,167
lightgbm_mse_regression,cluster_2144,2144,Cluster 2144: EState_VSA6 (n=1),EState_VSA6,EState_VSA6,1,"[""EState_VSA6""]",5,3156,0.001998491233298407,0.0019983731348718467,0.0006574081516064066,0.0013227172174486996,0.00043424079969086443,-0.00042886085930711243,0.0,0.0009223167523626795,0.0026540506745686035,0.0,1,1,168,168
lightgbm_mse_regression,cluster_2326,2326,Cluster 2326: SaasC (n=1),SaasC,SaasC,1,"[""SaasC""]",5,3156,0.0019570658636319546,0.001957425221784632,0.0017579846914744632,0.0012869107819525015,0.0011474006762476473,0.00021392716130620858,0.0,0.0008232908919356994,0.005078471708433016,0.6,1,1,169,169
lightgbm_mse_regression,cluster_15,15,Cluster 15: AATSC0v (n=1),AATSC0v,AATSC0v,1,"[""AATSC0v""]",5,3156,0.0019399676938374785,0.0019401944704886646,0.0010181961556211603,0.0012694647588002018,0.0006355475403748224,-0.00015979605150928723,0.0,0.0011663330296044412,0.003279159356667514,0.4,1,1,170,171
lightgbm_mse_regression,cluster_2158,2158,Cluster 2158: IC1 (n=1),IC1,IC1,1,"[""IC1""]",5,3156,0.0019256989076839612,0.001926057932119198,0.001264615995542038,0.001248748629089813,0.000792143165716554,0.00016375734838852685,0.0,0.00035470112354877567,0.003156117733271331,0.8,1,1,171,172
lightgbm_mse_regression,cluster_2245,2245,Cluster 2245: MACCS_43 (n=1),MACCS_43,MACCS_43,1,"[""MACCS_43""]",5,3156,0.0019007434869122103,0.0019003170024832262,0.0012492406150636632,0.0012753371334677237,0.0008710723878261025,0.00040496246558546187,0.0,0.0,0.003246301860357095,0.8,1,1,172,170
lightgbm_mse_regression,cluster_76,76,Cluster 76: ATSC8d (n=1),ATSC8d,ATSC8d,1,"[""ATSC8d""]",5,3156,0.0018680219691317324,0.0018678797585094695,0.0006895109667638371,0.0012455082128895042,0.0004929524914785544,4.432927041219945e-05,0.0,0.0008512915317053319,0.002659384539299273,0.6,1,1,173,173
lightgbm_mse_regression,cluster_2341,2341,Cluster 2341: VSA_EState2 (n=1),VSA_EState2,VSA_EState2,1,"[""VSA_EState2""]",5,3156,0.0018531050433100147,0.0018531876252581125,0.001332812793004355,0.0012088769775293624,0.0008132147999934782,-0.00034264504331249485,0.0,0.0005828439983067723,0.004112881232624514,0.2,1,1,174,175
lightgbm_mse_regression,cluster_2357,2357,Cluster 2357: n10FaRing (n=2),n10FaRing,n10FaRing,2,"[""n10FaRing"", ""n10FaHRing""]",5,3156,0.001838894677899684,0.0018394224966309942,0.0024796728517139403,0.001179293168783791,0.0015954140639664778,5.045259236949097e-05,0.010141618896321786,0.0,0.005411637468989221,0.4,2,2,175,176
lightgbm_mse_regression,cluster_2212,2212,Cluster 2212: nO (n=3),nO,nO,3,"[""nO"", ""SMR_VSA1"", ""MACCS_146""]",5,3156,0.0018069711048352215,0.0018067907107745095,0.0011171779631068233,0.0012109391479943955,0.0007572178322509014,-0.0002475326148012066,0.2456424499290648,0.0006726887564240744,0.003271737658951777,0.2,3,3,176,174
lightgbm_mse_regression,cluster_2317,2317,Cluster 2317: RPCG (n=1),RPCG,RPCG,1,"[""RPCG""]",5,3156,0.0017911297729681342,0.0017915681546979486,0.001933837044843213,0.0011781098375991384,0.0012664715802424246,1.5185195906306189e-06,0.0,0.00040803541540376304,0.005153298867898057,0.4,1,1,177,177
lightgbm_mse_regression,cluster_75,75,Cluster 75: ATSC8c (n=1),ATSC8c,ATSC8c,1,"[""ATSC8c""]",5,3156,0.001768315461848604,0.0017681535847545611,0.0003406570808392062,0.0011750225744066294,0.0002686455312206525,0.00028694550147064586,0.0,0.0013963813097463125,0.0022790376935543388,1.0,1,1,178,178
lightgbm_mse_regression,cluster_43,43,Cluster 43: ATSC3i (n=1),ATSC3i,ATSC3i,1,"[""ATSC3i""]",5,3156,0.0017638443734427104,0.00176405975556994,0.0004481860369344471,0.0011614477169082586,0.00027770537571263326,-0.00014117219770759938,0.0,0.0010843137620338494,0.0022132121624178604,0.2,1,1,179,179
lightgbm_mse_regression,cluster_2333,2333,Cluster 2333: SlogP_VSA8 (n=1),SlogP_VSA8,SlogP_VSA8,1,"[""SlogP_VSA8""]",5,3156,0.0017626206255279093,0.0017629419737099188,0.0008308891872439992,0.0011513329029070056,0.0005081862098287463,0.00019034740781961792,0.0,0.0007487671112884297,0.002902821229190101,0.8,1,1,180,180
lightgbm_mse_regression,cluster_2170,2170,Cluster 2170: JGI9 (n=1),JGI9,JGI9,1,"[""JGI9""]",5,3156,0.0017428156726670225,0.0017429800451298464,0.0009125933571816977,0.0011404532811037042,0.0005601274757832807,-9.770347011826633e-05,0.0,0.0005669672089799367,0.002849509470999005,0.4,1,1,181,181
lightgbm_mse_regression,cluster_63,63,Cluster 63: ATSC6dv (n=1),ATSC6dv,ATSC6dv,1,"[""ATSC6dv""]",5,3156,0.0017329652860565382,0.0017331513249374876,0.0007091441856721726,0.0011349321218809705,0.00042040153223901755,0.00017109695285243964,0.0,0.0011460126166615433,0.0028629837816781627,1.0,1,1,182,183
lightgbm_mse_regression,cluster_35,35,Cluster 35: ATSC2dv (n=1),ATSC2dv,ATSC2dv,1,"[""ATSC2dv""]",5,3156,0.0017017812016142096,0.0017014607560953438,0.0006511539870559497,0.0011400321882493003,0.0004916569845009538,0.00010580273188659907,0.0,0.001154756237205305,0.0027127868136363454,0.8,1,1,183,182
lightgbm_mse_regression,cluster_2377,2377,Cluster 2377: nAHRing (n=1),nAHRing,nAHRing,1,"[""nAHRing""]",5,3156,0.0016898263868546154,0.0016901346639292387,0.002161019242369488,0.0011225642078998826,0.001454613928231964,-0.00025390981334149254,0.0,0.0,0.00533026214521979,0.2,1,1,184,184
lightgbm_mse_regression,cluster_48,48,Cluster 48: ATSC4d (n=1),ATSC4d,ATSC4d,1,"[""ATSC4d""]",5,3156,0.0016337313454881208,0.0016333751568124593,0.0007544035753476576,0.0010971793202652603,0.0005530048109065144,0.00024402617034783235,0.0,0.0007898710173742096,0.0027575066172004373,0.8,1,1,185,185
lightgbm_mse_regression,cluster_1468,1468,Cluster 1468: ECFP_389 (n=1),ECFP_389,ECFP_389,1,"[""ECFP_389""]",5,3156,0.0016295689203900544,0.0016292872863321994,0.001081928179753521,0.0010942853210831427,0.0007358279543568789,-6.696760877471445e-05,0.0,0.0003396682864983799,0.002902196207349906,0.4,1,1,186,186
lightgbm_mse_regression,cluster_41,41,Cluster 41: ATSC3d (n=1),ATSC3d,ATSC3d,1,"[""ATSC3d""]",5,3156,0.001623370733048769,0.001623475739172192,0.0003680655320071494,0.0010734261268518564,0.0002446123171618373,-0.00019245622961695872,0.0,0.0012317335273702306,0.0020857991797061937,0.4,1,1,187,187
lightgbm_mse_regression,cluster_292,292,Cluster 292: NsNH2 (n=4),NsNH2,NsNH2,4,"[""NsNH2"", ""MACCS_84"", ""SsNH2"", ""ECFP_1171""]",5,3156,0.0015919938275997868,0.001592010867111739,0.0012117814910883999,0.001046196693971747,0.0007778783382606135,-9.08391577386807e-06,0.11642922623618572,5.339372207793221e-05,0.003056689913727295,0.4,4,4,188,188
lightgbm_mse_regression,cluster_88,88,Cluster 88: C1SP3 (n=1),C1SP3,C1SP3,1,"[""C1SP3""]",5,3156,0.0015189244836768024,0.0015192626342902995,0.0017418894940492433,0.0009768520867393076,0.001076653789786402,-0.0001529477550397602,0.0,0.000452059298092944,0.004520355100732353,0.0,1,1,189,191
lightgbm_mse_regression,cluster_2209,2209,Cluster 2209: nN (n=2),nN,nN,2,"[""nN"", ""MACCS_142""]",5,3156,0.0014962954831636544,0.0014960817660859803,0.001356216810907825,0.0010133946460418616,0.0009232277164067074,-0.00022884903296522334,0.014488997630000333,0.0,0.0032447650114198457,0.2,2,2,190,189
lightgbm_mse_regression,cluster_2194,2194,Cluster 2194: nAromBond (n=7),nAromBond,nAromBond,7,"[""nAromBond"", ""nBondsA"", ""nAromAtom"", ""naRing"", ""nBondsM"", ""n6aRing"", ""MACCS_125""]",5,3156,0.0014603337321278836,0.0014604451866543247,0.0010166702007380628,0.0009772893331397878,0.0006854360560674515,0.00030447421500273637,0.13559005865429435,0.00019548601046374375,0.0029684317211755564,1.0,7,7,191,190
lightgbm_mse_regression,cluster_1905,1905,Cluster 1905: ECFP_787 (n=1),ECFP_787,ECFP_787,1,"[""ECFP_787""]",5,3156,0.001441828505242909,0.0014411887103585074,0.0012926437975582332,0.0009681443212080662,0.000912726413273343,-0.000393343871123974,0.0,0.0003461995668124715,0.0034603813655295973,0.0,1,1,192,192
lightgbm_mse_regression,cluster_2258,2258,Cluster 2258: naHRing (n=2),naHRing,naHRing,2,"[""naHRing"", ""MACCS_65""]",5,3156,0.0013750780480459945,0.001375297995911648,0.0011921722043282664,0.0008992392482231569,0.0007702750348999926,0.0002861045489424514,0.02937052634376238,0.00038375893325530387,0.0032918700050606083,0.8,2,2,193,194
lightgbm_mse_regression,cluster_85,85,Cluster 85: BalabanJ (n=1),BalabanJ,BalabanJ,1,"[""BalabanJ""]",5,3156,0.0013501728069219487,0.0013503426093455834,0.0006175972795621558,0.0008918401093005414,0.0004006982367671047,0.00012475999624470728,0.0,0.0007979998045937613,0.0022871452187028123,0.6,1,1,194,195
lightgbm_mse_regression,cluster_2276,2276,Cluster 2276: MACCS_95 (n=1),MACCS_95,MACCS_95,1,"[""MACCS_95""]",5,3156,0.0013395694984424118,0.001338816893832685,0.0016146254373854583,0.0009221872174571731,0.0011371958434202437,0.0001068365299601102,0.0,0.0,0.0037140370421307354,0.6,1,1,195,193
lightgbm_mse_regression,cluster_2288,2288,Cluster 2288: SaasN (n=2),SaasN,SaasN,2,"[""SaasN"", ""NaasN""]",5,3156,0.0012404787287582737,0.0012408619585381705,0.0011759647358716712,0.0008050908843582162,0.0007596271937635045,0.00036360763322552134,0.0021358677969898878,3.1388773183892174e-05,0.002688554027554665,1.0,2,2,196,197
lightgbm_mse_regression,cluster_2296,2296,Cluster 2296: NsssCH (n=1),NsssCH,NsssCH,1,"[""NsssCH""]",5,3156,0.001232889752765741,0.0012331815859144076,0.0012508083212778845,0.0007909705844963367,0.0007791580213324096,0.0003654564508385093,0.0,0.00031215616872307486,0.0030346063843955406,1.0,1,1,197,199
lightgbm_mse_regression,cluster_2146,2146,Cluster 2146: EState_VSA8 (n=1),EState_VSA8,EState_VSA8,1,"[""EState_VSA8""]",5,3156,0.0012186126807264175,0.001218646255418798,0.0005030837278065465,0.0008107010877900593,0.00033494074847586385,0.0001832060941939299,0.0,0.0004885109200420672,0.001890144319355306,0.8,1,1,198,196
lightgbm_mse_regression,cluster_2294,2294,Cluster 2294: SssNH (n=2),SssNH,SssNH,2,"[""SssNH"", ""NssNH""]",5,3156,0.0011900088187430055,0.0011899301952029936,0.0007525519933592134,0.0007929370429090114,0.0005106147141815807,-0.0002650137286505241,0.025709509496718908,0.00042364818219315335,0.0021672875752407478,0.4,2,2,199,198
lightgbm_mse_regression,cluster_2305,2305,Cluster 2305: PEOE_VSA3 (n=1),PEOE_VSA3,PEOE_VSA3,1,"[""PEOE_VSA3""]",5,3156,0.0011552348693892255,0.0011552435001008724,0.0012465175357075984,0.0007608181596492099,0.0008102866587585847,9.594590529938388e-05,0.0,1.9278921223093378e-05,0.003242185289668093,0.8,1,1,200,200
lightgbm_mse_regression,cluster_2163,2163,Cluster 2163: JGI2 (n=1),JGI2,JGI2,1,"[""JGI2""]",5,3156,0.0011320469703252876,0.0011319472216239942,0.0006295490123444105,0.0007590879106201152,0.000441810692196864,0.0001546687601170228,0.0,0.0004920853318972481,0.0020722485159679204,0.4,1,1,201,201
lightgbm_mse_regression,cluster_1838,1838,Cluster 1838: ECFP_725 (n=1),ECFP_725,ECFP_725,1,"[""ECFP_725""]",5,3156,0.0010558910568328292,0.0010560357520406978,0.00044610529390597814,0.0006973115568472228,0.00030010203075827327,9.116092908343577e-05,0.0,0.0005993776760071549,0.0017881054473635292,0.8,1,1,202,202
lightgbm_mse_regression,cluster_2301,2301,Cluster 2301: PEOE_VSA11 (n=1),PEOE_VSA11,PEOE_VSA11,1,"[""PEOE_VSA11""]",5,3156,0.0010335679808356273,0.001033618466368034,0.00045941946545592036,0.0006758333782770516,0.0002735054120545114,2.090328173880502e-05,0.0,0.00047933274760211857,0.0017447507932202356,0.8,1,1,203,203
lightgbm_mse_regression,cluster_2235,2235,Cluster 2235: MACCS_25 (n=1),MACCS_25,MACCS_25,1,"[""MACCS_25""]",5,3156,0.0010269216187747655,0.0010271717736270777,0.0013511335525891346,0.0006546131125539717,0.0008483105547454421,0.000359151108878097,0.0,0.0,0.0029614844344905394,0.6,1,1,204,204
lightgbm_mse_regression,cluster_2181,2181,Cluster 2181: MACCS_110 (n=3),MACCS_110,MACCS_110,3,"[""MACCS_110"", ""MACCS_117"", ""MACCS_92""]",5,3156,0.0009515821034655584,0.000951257896225807,0.0008183420734996575,0.0006432285533361452,0.000569425575219155,-5.4406480213284435e-05,0.0351349673158027,0.0002270869769509398,0.001974455944881419,0.6,3,3,205,205
lightgbm_mse_regression,cluster_2330,2330,Cluster 2330: SlogP_VSA2 (n=1),SlogP_VSA2,SlogP_VSA2,1,"[""SlogP_VSA2""]",5,3156,0.0009151263712865581,0.0009151586390655839,0.0005338594782478126,0.0005987364989938946,0.00033532236572238373,-3.7177414626424604e-05,0.0,0.00029034929678331415,0.0015389696730870493,0.6,1,1,206,208
lightgbm_mse_regression,cluster_2057,2057,Cluster 2057: ECFP_926 (n=1),ECFP_926,ECFP_926,1,"[""ECFP_926""]",5,3156,0.0009006259189151099,0.0009005785489295652,0.000609020615934974,0.0006046606167270226,0.00040567480402983904,-0.00010172527005046497,0.0,0.0,0.0016273664400996786,0.2,1,1,207,206
lightgbm_mse_regression,cluster_1965,1965,Cluster 1965: ECFP_843 (n=1),ECFP_843,ECFP_843,1,"[""ECFP_843""]",5,3156,0.0008901486792086335,0.0008897595903999787,0.0008810479275628549,0.0006039288393055641,0.0006188523996379526,9.376778122160299e-05,0.0,0.0,0.002117723870514394,0.8,1,1,208,207
lightgbm_mse_regression,cluster_2253,2253,Cluster 2253: MACCS_53 (n=1),MACCS_53,MACCS_53,1,"[""MACCS_53""]",5,3156,0.0008514023456903956,0.0008513840006148798,0.0010871290552577554,0.0005768248846779718,0.0007346465033069261,-0.00025547922942899124,0.0,0.0,0.002654007367158393,0.0,1,1,209,209
lightgbm_mse_regression,cluster_2277,2277,Cluster 2277: MACCS_97 (n=1),MACCS_97,MACCS_97,1,"[""MACCS_97""]",5,3156,0.0008352606102218111,0.0008352905245104361,0.000633954153899864,0.0005595549290455156,0.00043172484677040675,1.2413843728184598e-05,0.0,0.0002950051499835361,0.0018955227332232594,0.6,1,1,210,210
lightgbm_mse_regression,cluster_2286,2286,Cluster 2286: NaaaC (n=2),NaaaC,NaaaC,2,"[""NaaaC"", ""SaaaC""]",5,3156,0.0008321302706244495,0.0008322332893765022,0.0012873528211691514,0.0005492636364467188,0.0008423671110912984,9.145333900006734e-05,0.00362137157338529,4.6862968923560464e-05,0.0031133933922604415,0.6,2,2,211,211
lightgbm_mse_regression,cluster_2148,2148,Cluster 2148: FCSP3 (n=1),FCSP3,FCSP3,1,"[""FCSP3""]",5,3156,0.0008008591503487984,0.0008007436902211477,0.000387302364322909,0.0005315529978425263,0.0002625280340234173,-1.3920285184586753e-05,0.0,0.0001919107611060024,0.0011651358530873613,0.4,1,1,212,212
lightgbm_mse_regression,cluster_2000,2000,Cluster 2000: ECFP_875 (n=1),ECFP_875,ECFP_875,1,"[""ECFP_875""]",5,3156,0.0007726626303298159,0.0007726692144592726,0.0007173180977563745,0.0005074831739180516,0.00046618692033393395,1.0182820358484155e-05,0.0,8.801845189676537e-05,0.0018147229689289732,0.2,1,1,213,214
lightgbm_mse_regression,cluster_1016,1016,Cluster 1016: ECFP_1823 (n=1),ECFP_1823,ECFP_1823,1,"[""ECFP_1823""]",5,3156,0.0007678159893537892,0.0007675628303247273,0.0010801597802488619,0.0005278685435087368,0.0007382957956109459,-2.3599596986127066e-05,0.0,0.0,0.0022712814255794215,0.0,1,1,214,213
lightgbm_mse_regression,cluster_2287,2287,Cluster 2287: NaasC (n=1),NaasC,NaasC,1,"[""NaasC""]",5,3156,0.0007236698355244342,0.0007238504508141517,0.0014014021829041954,0.0004882234742317287,0.0009455506252838974,-0.00023201461540494175,0.0,0.0,0.0032268792337858325,0.2,1,1,215,215
lightgbm_mse_regression,cluster_92,92,Cluster 92: C3SP2 (n=1),C3SP2,C3SP2,1,"[""C3SP2""]",5,3156,0.0006388343958933566,0.0006389019262515639,0.0009409304434805032,0.00040927212114581156,0.0005826685581698273,0.00020281924005545728,0.0,0.0,0.0022987731980767664,0.6,1,1,216,216
lightgbm_mse_regression,cluster_529,529,Cluster 529: ECFP_1385 (n=1),ECFP_1385,ECFP_1385,1,"[""ECFP_1385""]",5,3156,0.0006102881007272072,0.0006103729922130839,0.0007728021291030381,0.00040500642789978897,0.000502746778320237,4.406718749305216e-05,0.0,0.0,0.0018363388490671125,0.6,1,1,217,217
lightgbm_mse_regression,cluster_2381,2381,Cluster 2381: nBondsKD (n=1),nBondsKD,nBondsKD,1,"[""nBondsKD""]",5,3156,0.0005981936271117939,0.0005982321352173633,0.0007916260299347912,0.00039580781053374697,0.0005130150189021235,-9.446063707405415e-06,0.0,0.0,0.0019811836461939925,0.6,1,1,218,218
lightgbm_mse_regression,cluster_776,776,Cluster 776: ECFP_1607 (n=1),ECFP_1607,ECFP_1607,1,"[""ECFP_1607""]",5,3156,0.0005891052565918624,0.0005892108394648875,0.0010504173554687789,0.00038473517365334293,0.0006824206101567922,-9.586837057849957e-05,0.0,0.0,0.0024553473515183002,0.2,1,1,219,221
lightgbm_mse_regression,cluster_2362,2362,Cluster 2362: n5aHRing (n=2),n5aHRing,n5aHRing,2,"[""n5aHRing"", ""n5aRing""]",5,3156,0.0005809645581753687,0.0005806186272297242,0.0007877127368835599,0.0003901021956359135,0.0005404396610769412,8.637194728193728e-05,0.0,0.0,0.0016723766916836007,0.4,2,2,220,219
lightgbm_mse_regression,cluster_2378,2378,Cluster 2378: nARing (n=1),nARing,nARing,1,"[""nARing""]",5,3156,0.000578509199556123,0.0005783732683430729,0.0006386181792722791,0.0003890295581783753,0.0004245261251790117,0.00015593992451281132,0.0,0.0,0.0014781992947476025,0.8,1,1,221,220
lightgbm_mse_regression,cluster_2216,2216,Cluster 2216: MACCS_150 (n=1),MACCS_150,MACCS_150,1,"[""MACCS_150""]",5,3156,0.0005762638189207686,0.0005762949588740153,0.0008143748676551706,0.0003715670005460142,0.0005057058728964751,-6.965428715465279e-05,0.0,0.0,0.001975227486360925,0.4,1,1,222,224
lightgbm_mse_regression,cluster_1927,1927,Cluster 1927: ECFP_807 (n=1),ECFP_807,ECFP_807,1,"[""ECFP_807""]",5,3156,0.0005714416730663125,0.0005715329964878743,0.0004983139269215729,0.00037342086988699275,0.00032470453687566457,4.249042254445381e-06,0.0,0.0,0.0013022231377882911,0.2,1,1,223,222
lightgbm_mse_regression,cluster_2297,2297,Cluster 2297: SsssN (n=2),SsssN,SsssN,2,"[""SsssN"", ""NsssN""]",5,3156,0.0005597882999883541,0.0005597769572492295,0.00039169967699147977,0.0003675503780045464,0.00024500459850333137,-3.2884741084705666e-05,0.010781687583809995,9.000309557609932e-05,0.0011502686799575355,0.6,2,2,224,226
lightgbm_mse_regression,cluster_2307,2307,Cluster 2307: PEOE_VSA5 (n=1),PEOE_VSA5,PEOE_VSA5,1,"[""PEOE_VSA5""]",5,3156,0.0005518936924227001,0.0005520283189422065,0.0009660938695415305,0.00037069415194724637,0.0006526267586560338,-2.4877651554506514e-05,0.0,1.288582501316287e-05,0.0022762792198007943,0.2,1,1,225,225
lightgbm_mse_regression,cluster_2347,2347,Cluster 2347: VSA_EState9 (n=1),VSA_EState9,VSA_EState9,1,"[""VSA_EState9""]",5,3156,0.0005433164659278017,0.0005432838095133212,0.00039454016372650086,0.0003655543837907813,0.00026713884713955636,3.711873860645903e-06,0.0,9.926183103936207e-05,0.0009672286843323574,0.6,1,1,226,227
lightgbm_mse_regression,cluster_1575,1575,Cluster 1575: ECFP_486 (n=1),ECFP_486,ECFP_486,1,"[""ECFP_486""]",5,3156,0.0005420218391564573,0.0005421827834860198,0.0011933075547702504,0.000355505481168938,0.0007814781282581273,-2.0574512780407498e-05,0.0,0.0,0.0026766714380430947,0.0,1,1,227,230
lightgbm_mse_regression,cluster_2193,2193,Cluster 2193: MACCS_124 (n=2),MACCS_124,MACCS_124,2,"[""MACCS_124"", ""MACCS_94""]",5,3156,0.0005401572515611277,0.0005399574244793726,0.00046397411778144874,0.0003604287694466921,0.00032157151898400474,4.425543094297675e-05,0.003961356530270655,2.795183637543482e-05,0.0011706116944984208,0.4,2,2,228,229
lightgbm_mse_regression,cluster_2183,2183,Cluster 2183: MACCS_112 (n=5),MACCS_112,MACCS_112,5,"[""MACCS_112"", ""Xc-4dv"", ""Xc-4d"", ""Xc-6dv"", ""Xc-6d""]",5,3156,0.0005375765275312067,0.0005375606910252627,0.0005477305482488113,0.000363115236709853,0.0003724988630422154,1.0411867106599189e-05,0.1885828685079512,9.290590107915495e-05,0.001462790082536152,0.4,5,5,229,228
lightgbm_mse_regression,cluster_322,322,Cluster 322: ECFP_1199 (n=1),ECFP_1199,ECFP_1199,1,"[""ECFP_1199""]",5,3156,0.0005321025002227174,0.0005322681056140091,0.000747632829034358,0.0003518914392333562,0.000504639666600884,-6.285063573088732e-05,0.0,0.0,0.001800980188554874,0.2,1,1,230,231
lightgbm_mse_regression,cluster_871,871,Cluster 871: ECFP_1693 (n=1),ECFP_1693,ECFP_1693,1,"[""ECFP_1693""]",5,3156,0.0005303267047724334,0.0005297399267751872,0.001038351707098938,0.0003722839556360239,0.0007346847022800468,0.0001930166155892488,0.0,0.0,0.002381611286084345,0.6,1,1,231,223
lightgbm_mse_regression,cluster_2279,2279,Cluster 2279: SdsCH (n=3),SdsCH,SdsCH,3,"[""SdsCH"", ""NdsCH"", ""MACCS_99""]",5,3156,0.0005172891428692841,0.000517099821020855,0.0004157512426787305,0.0003483814468790584,0.00029341266920288674,-1.1698945841813202e-05,0.07851293927034528,0.0,0.0011145995746632067,0.4,3,3,232,233
lightgbm_mse_regression,cluster_2267,2267,Cluster 2267: MACCS_80 (n=1),MACCS_80,MACCS_80,1,"[""MACCS_80""]",5,3156,0.0005164053824682056,0.0005163696072811381,0.0005594645608972346,0.000349466970639919,0.0003781235956889619,-0.00011509470595604912,0.0,0.0,0.0013524064561473825,0.0,1,1,233,232
lightgbm_mse_regression,cluster_2185,2185,Cluster 2185: MACCS_115 (n=1),MACCS_115,MACCS_115,1,"[""MACCS_115""]",5,3156,0.0005068447462814463,0.0005068918242799799,0.0004695382334699084,0.00033604935180012077,0.00031420180477622944,-5.765795774304385e-05,0.0,0.0,0.0012305582510276365,0.2,1,1,234,235
lightgbm_mse_regression,cluster_1643,1643,Cluster 1643: ECFP_547 (n=1),ECFP_547,ECFP_547,1,"[""ECFP_547""]",5,3156,0.000499990489783093,0.0005001489653741495,0.0011183670854527869,0.0003374371043882235,0.0007545323035427602,0.00020382313934117548,0.0,0.0,0.0025007448268707473,0.2,1,1,235,234
lightgbm_mse_regression,cluster_637,637,Cluster 637: ECFP_1482 (n=1),ECFP_1482,ECFP_1482,1,"[""ECFP_1482""]",5,3156,0.0004995502199031933,0.0004996831163513965,0.0010730206191652387,0.00032580400463841266,0.0006972473117915141,-4.458875067528276e-06,0.0,0.0,0.0024181536559349497,0.0,1,1,236,237
lightgbm_mse_regression,cluster_1120,1120,Cluster 1120: ECFP_1917 (n=1),ECFP_1917,ECFP_1917,1,"[""ECFP_1917""]",5,3156,0.0004910443899194284,0.0004910761707643537,0.0005758319138188383,0.0003284055816720427,0.000389009579709158,-0.00015189782741719212,0.0,0.0,0.0014657212204724742,0.0,1,1,237,236
lightgbm_mse_regression,cluster_2195,2195,Cluster 2195: MACCS_127 (n=2),MACCS_127,MACCS_127,2,"[""MACCS_127"", ""MACCS_143""]",5,3156,0.00048229792758948696,0.0004824235483487951,0.0006107849072074609,0.00032255520937007047,0.00041191896819267056,4.920389886918278e-05,0.0,0.0,0.0015065092476101,0.6,2,2,238,239
lightgbm_mse_regression,cluster_860,860,Cluster 860: MACCS_103 (n=7),MACCS_103,MACCS_103,7,"[""MACCS_103"", ""NsCl"", ""nCl"", ""SsCl"", ""ECFP_1683"", ""SlogP_VSA7"", ""ECFP_561""]",5,3156,0.0004787381578516828,0.000478825416271496,0.0005410778454054062,0.0003075765116092915,0.0003407662794643871,-2.5693743927119718e-05,0.10944544153323818,2.0107211535718764e-05,0.0011511929500767663,0.4,7,7,239,242
lightgbm_mse_regression,cluster_1456,1456,Cluster 1456: NaaN (n=3),NaaN,NaaN,3,"[""NaaN"", ""SaaN"", ""ECFP_378""]",5,3156,0.0004786718535626543,0.0004784538867264136,0.0003993538741268513,0.0003251275733623132,0.00028859019113736123,7.041972585397335e-05,0.14663734880676463,0.00015460401790694543,0.001166357221902063,0.6,3,3,240,238
lightgbm_mse_regression,cluster_2321,2321,Cluster 2321: SMR_VSA4 (n=1),SMR_VSA4,SMR_VSA4,1,"[""SMR_VSA4""]",5,3156,0.00047163190821795903,0.00047161532681940145,0.0004841333445584494,0.0003153457448598206,0.0003163697453251651,-4.244725287687312e-05,0.0,0.0,0.0012091019964281993,0.2,1,1,241,240
lightgbm_mse_regression,cluster_2335,2335,Cluster 2335: SssssC (n=1),SssssC,SssssC,1,"[""SssssC""]",5,3156,0.0004685949925553905,0.00046859575103800293,0.0005916958655324549,0.0003091521189310362,0.00038813612946828996,7.547725683174715e-05,0.0,0.0,0.0014539209632531138,0.6,1,1,242,241
lightgbm_mse_regression,cluster_1114,1114,Cluster 1114: ECFP_1911 (n=1),ECFP_1911,ECFP_1911,1,"[""ECFP_1911""]",5,3156,0.0004551489959443993,0.0004552230140403688,0.0004549049047585379,0.00030404615754924815,0.00030180485688734333,1.5562773637791204e-05,0.0,0.0,0.0009492988936015971,0.4,1,1,243,243
lightgbm_mse_regression,cluster_604,604,Cluster 604: ECFP_1452 (n=1),ECFP_1452,ECFP_1452,1,"[""ECFP_1452""]",5,3156,0.000449480330435593,0.00044959134587419593,0.0008873775054932234,0.00028252804552564395,0.0005519622837307449,-7.918303739732595e-05,0.0,0.0,0.002034453312382352,0.0,1,1,244,249
lightgbm_mse_regression,cluster_1850,1850,Cluster 1850: ECFP_736 (n=1),ECFP_736,ECFP_736,1,"[""ECFP_736""]",5,3156,0.0004475278628635434,0.00044753225262471276,0.0005088934532923487,0.00030192741469121313,0.0003425531588808439,-1.2608335146427932e-05,0.0,0.0,0.0012352043289245538,0.2,1,1,245,245
lightgbm_mse_regression,cluster_2188,2188,Cluster 2188: NdsN (n=4),NdsN,NdsN,4,"[""NdsN"", ""SdsN"", ""MACCS_78"", ""MACCS_119""]",5,3156,0.00044421387732852173,0.00044419689079301563,0.00018922231459592989,0.00029201554571470353,0.00011958122176168541,-1.1582641538344506e-06,0.06072765700368752,0.00014190760908289204,0.0006637327316451996,0.4,4,4,246,247
lightgbm_mse_regression,cluster_2219,2219,Cluster 2219: MACCS_153 (n=1),MACCS_153,MACCS_153,1,"[""MACCS_153""]",5,3156,0.00043138889259126246,0.00043150430301604247,0.0009148694873950366,0.00029146444229942735,0.0006170749883301439,-9.690604712130058e-05,0.0,0.0,0.002067335048956581,0.4,1,1,247,248
lightgbm_mse_regression,cluster_257,257,Cluster 257: ECFP_114 (n=1),ECFP_114,ECFP_114,1,"[""ECFP_114""]",5,3156,0.0004297695481163441,0.0004292255360301209,0.0009597774762421356,0.00030330664991587257,0.000678214287239622,-2.852064668468901e-05,0.0,0.0,0.0021461276801506045,0.0,1,1,248,244
lightgbm_mse_regression,cluster_738,738,Cluster 738: ECFP_1573 (n=1),ECFP_1573,ECFP_1573,1,"[""ECFP_1573""]",5,3156,0.0004201404497787729,0.00041960862642462254,0.0009382734126307706,0.00029651098565515444,0.0006630187200003903,-9.596898266483034e-05,0.0,0.0,0.0020980431321231128,0.0,1,1,249,246
lightgbm_mse_regression,cluster_2139,2139,Cluster 2139: EState_VSA10 (n=1),EState_VSA10,EState_VSA10,1,"[""EState_VSA10""]",5,3156,0.000417778006917484,0.0004177803604902214,0.00042959536628176274,0.0002714456046978246,0.00026615765829949634,-6.773768892068332e-05,0.0,0.0,0.0011387777716992424,0.2,1,1,250,251
lightgbm_mse_regression,cluster_2186,2186,Cluster 2186: MACCS_116 (n=1),MACCS_116,MACCS_116,1,"[""MACCS_116""]",5,3156,0.0004140073687395067,0.00041381909136390576,0.0004176924043051716,0.000281451342615501,0.0002922073808009761,-4.272831276664715e-05,0.0,0.0,0.0010080224887604222,0.4,1,1,251,250
lightgbm_mse_regression,cluster_489,489,Cluster 489: ECFP_1349 (n=1),ECFP_1349,ECFP_1349,1,"[""ECFP_1349""]",5,3156,0.00041018414567169483,0.00041031415649441167,0.0002977190782770614,0.00026615865816212285,0.00019127575247441793,3.369294243241043e-05,0.0,0.0,0.0007379135202494245,0.4,1,1,252,253
lightgbm_mse_regression,cluster_1063,1063,Cluster 1063: ECFP_1866 (n=1),ECFP_1866,ECFP_1866,1,"[""ECFP_1866""]",5,3156,0.00039763868248169493,0.0003974867005884041,0.0004721236293601539,0.00026789615168130396,0.0003203651991523864,-2.513076561537962e-05,0.0,0.0,0.0009463346598169296,0.2,1,1,253,252
lightgbm_mse_regression,cluster_2176,2176,Cluster 2176: MACCS_106 (n=1),MACCS_106,MACCS_106,1,"[""MACCS_106""]",5,3156,0.0003905368873841383,0.0003906094186826154,0.0007860076274242787,0.0002558037662654801,0.0005104195385232114,6.454113456774808e-05,0.0,0.0,0.0017910788320100156,0.4,1,1,254,254
lightgbm_mse_regression,cluster_2067,2067,Cluster 2067: ECFP_935 (n=2),ECFP_935,ECFP_935,2,"[""ECFP_935"", ""MACCS_75""]",5,3156,0.0003824305450317749,0.0003824490576308886,0.0004419962678861884,0.00025472044832210785,0.00029603384875461365,9.611983199218693e-05,0.12276480728762924,0.0,0.0010648170790487313,0.4,2,2,255,255
lightgbm_mse_regression,cluster_771,771,Cluster 771: ECFP_1602 (n=1),ECFP_1602,ECFP_1602,1,"[""ECFP_1602""]",5,3156,0.0003763935543503344,0.00037646195731920354,0.0005961795238193529,0.00024043515862652993,0.0003699821135559209,-1.7371580197846825e-05,0.0,0.0,0.001418707202019348,0.2,1,1,256,257
lightgbm_mse_regression,cluster_1542,1542,Cluster 1542: ECFP_456 (n=1),ECFP_456,ECFP_456,1,"[""ECFP_456""]",5,3156,0.00037252005037208784,0.0003726381232882121,0.0008332441746803896,0.00025140895615563574,0.0005621675161162656,-0.00011134503461833497,0.0,0.0,0.0018631906164410606,0.0,1,1,257,256
lightgbm_mse_regression,cluster_100,100,Cluster 100: ECFP_1 (n=1),ECFP_1,ECFP_1,1,"[""ECFP_1""]",5,3156,0.00035746536326617014,0.0003574993220571797,0.00014315647700812733,0.0002366122907119476,9.711515840469928e-05,5.654409150439364e-05,0.0,0.0002472604291507055,0.000598300451262769,1.0,1,1,258,258
lightgbm_mse_regression,cluster_2199,2199,Cluster 2199: nHBDon (n=2),nHBDon,nHBDon,2,"[""nHBDon"", ""MACCS_131""]",5,3156,0.0003493833645252302,0.00034939973003719077,0.0002198534334144096,0.00022956400651163392,0.0001380660385138526,5.830753467241662e-05,0.0036147336955377972,0.00013627177100498087,0.0006555855639262451,0.8,2,2,259,259
lightgbm_mse_regression,cluster_630,630,Cluster 630: ECFP_1476 (n=2),ECFP_1476,ECFP_1476,2,"[""ECFP_1476"", ""ECFP_350""]",5,3156,0.0003476353670647196,0.00034774555260103177,0.0005236134173189661,0.00022251468483048094,0.0003295432581305713,-3.5118923510140415e-05,0.0,0.0,0.0011773669440135759,0.2,2,2,260,260
lightgbm_mse_regression,cluster_2201,2201,Cluster 2201: MACCS_133 (n=1),MACCS_133,MACCS_133,1,"[""MACCS_133""]",5,3156,0.0003290847646365413,0.0003291491296665024,0.00040534011714287083,0.00021973694997307985,0.00027003607756839764,-7.5265150238258e-05,0.0,0.0,0.0008786631058210847,0.0,1,1,261,261
lightgbm_mse_regression,cluster_1926,1926,Cluster 1926: ECFP_806 (n=1),ECFP_806,ECFP_806,1,"[""ECFP_806""]",5,3156,0.00031842468669262473,0.00031842550909329817,0.0005526549477555386,0.00021184096036709556,0.00036206604385094097,-3.726916427768601e-05,0.0,0.0,0.001276297532898419,0.2,1,1,262,262
lightgbm_mse_regression,cluster_2175,2175,Cluster 2175: MACCS_104 (n=1),MACCS_104,MACCS_104,1,"[""MACCS_104""]",5,3156,0.00030783154687672636,0.0003076965257725141,0.00032120462772383977,0.00020978296622597907,0.00022281040185696523,-9.08066287266655e-06,0.0,0.0,0.0007338231306663961,0.2,1,1,263,263
lightgbm_mse_regression,cluster_2189,2189,Cluster 2189: MACCS_120 (n=1),MACCS_120,MACCS_120,1,"[""MACCS_120""]",5,3156,0.0003041375720636547,0.0003042339706601883,0.0006802878394608575,0.00019781550294498883,0.00044232891158830487,-8.348834547159584e-05,0.0,0.0,0.0015211698533009416,0.0,1,1,264,265
lightgbm_mse_regression,cluster_2324,2324,Cluster 2324: SMR_VSA9 (n=1),SMR_VSA9,SMR_VSA9,1,"[""SMR_VSA9""]",5,3156,0.0002971734655596246,0.00029711132540794557,0.00029375998123622535,0.0002019591664331675,0.0002007227194961412,-8.698605852675896e-05,0.0,0.0,0.0006557328422670188,0.0,1,1,265,264
lightgbm_mse_regression,cluster_536,536,Cluster 536: ECFP_1391 (n=1),ECFP_1391,ECFP_1391,1,"[""ECFP_1391""]",5,3156,0.0002964885037416921,0.0002965024321098115,0.000462898378519222,0.00019625938111084325,0.00030042056400238036,-5.386218074016057e-05,0.0,0.0,0.001103081744895804,0.0,1,1,266,266
lightgbm_mse_regression,cluster_253,253,Cluster 253: ECFP_1136 (n=1),ECFP_1136,ECFP_1136,1,"[""ECFP_1136""]",5,3156,0.000287508913163399,0.0002876000411865887,0.0006430932424249516,0.00018838991174686192,0.00042125264894116946,-3.606818141757806e-06,0.0,0.0,0.0014380002059329435,0.0,1,1,267,269
lightgbm_mse_regression,cluster_2251,2251,Cluster 2251: MACCS_60 (n=9),MACCS_60,MACCS_60,9,"[""MACCS_60"", ""MACCS_55"", ""NddssS"", ""MACCS_61"", ""SddssS"", ""MACCS_58"", ""MACCS_51"", ""MACCS_67"", ""MACCS_73""]",5,3156,0.00028215563347326,0.0002822450647358506,0.0002274738942666455,0.00018419780090073724,0.0001500195314974307,-7.608165557891405e-05,0.004691405618775041,0.0,0.0005185316928320438,0.0,9,9,268,270
lightgbm_mse_regression,cluster_2263,2263,Cluster 2263: MACCS_72 (n=1),MACCS_72,MACCS_72,1,"[""MACCS_72""]",5,3156,0.00027911079164020185,0.0002789684145311157,0.00038261718759607444,0.00019286842963281062,0.00026509274387708046,6.725920771647948e-05,0.0,0.0,0.0007283105708070053,0.4,1,1,269,268
lightgbm_mse_regression,cluster_150,150,Cluster 150: ECFP_1043 (n=1),ECFP_1043,ECFP_1043,1,"[""ECFP_1043""]",5,3156,0.00027693994889726965,0.00027658939199993137,0.0006184726823671831,0.00019544830129556912,0.0004370356877837528,4.521290542569549e-05,0.0,0.0,0.0013829469599996567,0.2,1,1,270,267
lightgbm_mse_regression,cluster_2364,2364,Cluster 2364: n6ARing (n=1),n6ARing,n6ARing,1,"[""n6ARing""]",5,3156,0.0002693074037174339,0.0002691591002604766,0.00032368658187432325,0.0001841451330504456,0.00022583206220816825,-3.317723452445361e-05,0.0,0.0,0.0007372048104176013,0.0,1,1,271,271
lightgbm_mse_regression,cluster_2210,2210,Cluster 2210: MACCS_144 (n=1),MACCS_144,MACCS_144,1,"[""MACCS_144""]",5,3156,0.00025826685192613353,0.0002583462845873033,0.00037881777500367434,0.00016426893496101686,0.00023554268967495616,5.763957326613662e-05,0.0,0.0,0.0009138710045717189,0.6,1,1,272,277
lightgbm_mse_regression,cluster_2349,2349,Cluster 2349: Xch-4dv (n=2),Xch-4dv,Xch-4dv,2,"[""Xch-4dv"", ""Xch-4d""]",5,3156,0.0002556271463177722,0.0002556695092608463,0.0005062723962987304,0.0001687327403017687,0.0003312255550011095,0.0001611831662037971,0.0,0.0,0.0011563754853851768,0.4,2,2,273,273
lightgbm_mse_regression,cluster_1192,1192,Cluster 1192: ECFP_1982 (n=1),ECFP_1982,ECFP_1982,1,"[""ECFP_1982""]",5,3156,0.00025315186864840816,0.00025323210695859784,0.0005662442052449223,0.00016587749460874132,0.00037091335388250046,-0.00013536778901536274,0.0,0.0,0.0012661605347929893,0.0,1,1,274,275
lightgbm_mse_regression,cluster_2390,2390,Cluster 2390: nHRing (n=1),nHRing,nHRing,1,"[""nHRing""]",5,3156,0.00025322856509664177,0.000253211684955376,0.0002200932915098308,0.00016521187331987688,0.00013949627731773455,5.443710750406346e-05,0.0,3.5623966616739285e-07,0.0005498423856118503,0.4,1,1,275,276
lightgbm_mse_regression,cluster_2383,2383,Cluster 2383: nFARing (n=2),nFARing,nFARing,2,"[""nFARing"", ""nFAHRing""]",5,3156,0.00025282080628984273,0.00025286555536327876,0.0003153991233569142,0.00016609425591183652,0.00020468789411016194,2.5661692931163072e-05,0.0,0.0,0.0007191754430186521,0.4,2,2,276,274
lightgbm_mse_regression,cluster_2303,2303,Cluster 2303: PEOE_VSA13 (n=1),PEOE_VSA13,PEOE_VSA13,1,"[""PEOE_VSA13""]",5,3156,0.0002502177071223864,0.0002500356673067621,0.0003487975618866435,0.0001723354945823451,0.000245829263612033,-4.272633200092294e-05,0.0,0.0,0.0008245533254168531,0.2,1,1,277,272
lightgbm_mse_regression,cluster_2172,2172,Cluster 2172: MACCS_100 (n=1),MACCS_100,MACCS_100,1,"[""MACCS_100""]",5,3156,0.00023544159350206685,0.00023538676178962137,0.0003316623826168274,0.0001584500848442198,0.00022014627032000111,-3.38856037747682e-05,0.0,0.0,0.0007415160966402142,0.2,1,1,278,280
lightgbm_mse_regression,cluster_93,93,Cluster 93: C3SP3 (n=1),C3SP3,C3SP3,1,"[""C3SP3""]",5,3156,0.0002316081012436375,0.0002314219702711522,0.00034072596096543716,0.0001599228104342398,0.0002415011911921871,-3.088064460626066e-06,0.0,0.0,0.0008188513194346902,0.4,1,1,279,278
lightgbm_mse_regression,cluster_2290,2290,Cluster 2290: NdssC (n=1),NdssC,NdssC,1,"[""NdssC""]",5,3156,0.0002313197299494528,0.00023122583984453612,0.0002608335628045406,0.00015870906362806694,0.00018117715817284776,-5.239456785433151e-05,0.0,0.0,0.0005275430109614433,0.2,1,1,280,279
lightgbm_mse_regression,cluster_623,623,Cluster 623: ECFP_147 (n=1),ECFP_147,ECFP_147,1,"[""ECFP_147""]",5,3156,0.00022774124165886593,0.00022779535257750537,0.00029227223363789033,0.00015223926819784233,0.00019514587276416948,5.8687599050619144e-05,0.0,0.0,0.0006202891481245579,0.6,1,1,281,281
lightgbm_mse_regression,cluster_2230,2230,Cluster 2230: MACCS_19 (n=1),MACCS_19,MACCS_19,1,"[""MACCS_19""]",5,3156,0.00021760697816647993,0.0002176759502673251,0.00048673822186460244,0.0001425867426551257,0.00031883364926712994,3.673501043478181e-05,0.0,0.0,0.0010883797513366255,0.2,1,1,282,284
lightgbm_mse_regression,cluster_2275,2275,Cluster 2275: MACCS_93 (n=1),MACCS_93,MACCS_93,1,"[""MACCS_93""]",5,3156,0.00021441802016163597,0.0002144364978989237,0.0003282423699906981,0.00014504292162059108,0.00022145956826324643,3.743843402532444e-05,0.0,0.0,0.0007873703812137779,0.4,1,1,283,283
lightgbm_mse_regression,cluster_2266,2266,Cluster 2266: MACCS_79 (n=1),MACCS_79,MACCS_79,1,"[""MACCS_79""]",5,3156,0.0002128004921488114,0.00021263250745059305,0.00032687374199639676,0.00014664551774155505,0.00022966203965887528,-7.319142007210625e-05,0.0,0.0,0.0007427922150276304,0.2,1,1,284,282
lightgbm_mse_regression,cluster_1178,1178,Cluster 1178: ECFP_197 (n=1),ECFP_197,ECFP_197,1,"[""ECFP_197""]",5,3156,0.0002109050128008881,0.00021097186066548423,0.0004717474217876368,0.0001423370609536329,0.00031827534400985416,-1.1323673826959927e-05,0.0,0.0,0.0010548593033274211,0.0,1,1,285,285
lightgbm_mse_regression,cluster_2272,2272,Cluster 2272: MACCS_89 (n=1),MACCS_89,MACCS_89,1,"[""MACCS_89""]",5,3156,0.0002079465150046325,0.00020801242515201905,0.0004155878114039917,0.0001398900091923676,0.00028054481758376526,-7.482918502769793e-07,0.0,0.0,0.0009480112892445706,0.2,1,1,286,286
lightgbm_mse_regression,cluster_1179,1179,Cluster 1179: ECFP_1970 (n=1),ECFP_1970,ECFP_1970,1,"[""ECFP_1970""]",5,3156,0.00020479675318294996,0.00020486166499061493,0.000449909136591378,0.0001381427232071161,0.0003035796922748268,-0.00010622896881320128,0.0,0.0,0.0010096029846598574,0.2,1,1,287,287
lightgbm_mse_regression,cluster_2174,2174,Cluster 2174: MACCS_102 (n=2),MACCS_102,MACCS_102,2,"[""MACCS_102"", ""MACCS_130""]",5,3156,0.00019677046916208508,0.00019665642585623466,0.00027316959058294163,0.00013623688544329114,0.00019023634138176044,-3.408614629487941e-05,0.0,0.0,0.0005565770991202666,0.0,2,2,288,288
lightgbm_mse_regression,cluster_199,199,Cluster 199: ECFP_1088 (n=1),ECFP_1088,ECFP_1088,1,"[""ECFP_1088""]",5,3156,0.00019328947257136222,0.00019328516561469344,0.0003289816565011029,0.00012801041484574935,0.0002140908713350137,4.0464724392105014e-05,0.0,0.0,0.0007595479072122202,0.4,1,1,289,290
lightgbm_mse_regression,cluster_2204,2204,Cluster 2204: MACCS_138 (n=1),MACCS_138,MACCS_138,1,"[""MACCS_138""]",5,3156,0.00018931086069959554,0.00018936735206782836,0.0004172716178935145,0.0001278319135373857,0.0002814841887206449,8.345531123186974e-05,0.0,0.0,0.0009357561664141241,0.4,1,1,290,291
lightgbm_mse_regression,cluster_1285,1285,Cluster 1285: ECFP_222 (n=1),ECFP_222,ECFP_222,1,"[""ECFP_222""]",5,3156,0.0001879439291232796,0.00018781522129204326,0.0002566988719468782,0.0001302415122765831,0.00018091757136366464,-3.3317668746399058e-06,0.0,0.0,0.0005940171366738113,0.2,1,1,291,289
lightgbm_mse_regression,cluster_263,263,Cluster 263: ECFP_1145 (n=1),ECFP_1145,ECFP_1145,1,"[""ECFP_1145""]",5,3156,0.00018192129825817067,0.00018197895952544742,0.0004028276266560376,0.00011919880614225239,0.0002638713875061986,-3.960011081245642e-05,0.0,0.0,0.0009025599005422511,0.4,1,1,292,294
lightgbm_mse_regression,cluster_1268,1268,Cluster 1268: ECFP_207 (n=1),ECFP_207,ECFP_207,1,"[""ECFP_207""]",5,3156,0.00018075310156983744,0.000180804139584833,0.0003933547384696101,0.00012210982540063453,0.0002653214880380434,4.414723991209313e-05,0.0,0.0,0.0008842925336651958,0.4,1,1,293,292
lightgbm_mse_regression,cluster_280,280,Cluster 280: ECFP_1160 (n=1),ECFP_1160,ECFP_1160,1,"[""ECFP_1160""]",5,3156,0.0001778397278469714,0.000177896095431075,0.00024579936782579944,0.00011761832201610165,0.0001620488210162976,2.2287780086177958e-05,0.0,0.0,0.0004911980749569493,0.2,1,1,294,296
lightgbm_mse_regression,cluster_1757,1757,Cluster 1757: MACCS_154 (n=2),MACCS_154,MACCS_154,2,"[""MACCS_154"", ""ECFP_650""]",5,3156,0.00017730218694698716,0.000177185033870853,0.000253512016095939,0.00012137959057069526,0.00017626957443598278,-2.5515877521928517e-05,0.009857389455467491,0.0,0.0005469201421501117,0.0,2,2,295,293
lightgbm_mse_regression,cluster_2202,2202,Cluster 2202: MACCS_135 (n=1),MACCS_135,MACCS_135,1,"[""MACCS_135""]",5,3156,0.00017461196588666763,0.00017460138194443526,0.00028489263236743394,0.00011909735311888975,0.0001924504963723986,-1.6524809083548873e-05,0.0,0.0,0.0006586174153514238,0.2,1,1,296,295
lightgbm_mse_regression,cluster_2363,2363,Cluster 2363: n6AHRing (n=1),n6AHRing,n6AHRing,1,"[""n6AHRing""]",5,3156,0.0001726102253985106,0.00017253669916312457,0.00023651188658184045,0.00011719770943803892,0.00016023185438771695,-3.890788281921726e-05,0.0,0.0,0.00045706187106836396,0.2,1,1,297,297
lightgbm_mse_regression,cluster_2182,2182,Cluster 2182: MACCS_111 (n=1),MACCS_111,MACCS_111,1,"[""MACCS_111""]",5,3156,0.00016334945265920512,0.00016340122744610183,0.00025733858180647753,0.00010736398320373053,0.00016769710346105775,7.563713269851314e-05,0.0,0.0,0.0005882847059742758,0.4,1,1,298,302
lightgbm_mse_regression,cluster_1581,1581,Cluster 1581: ECFP_491 (n=1),ECFP_491,ECFP_491,1,"[""ECFP_491""]",5,3156,0.00016123531957572005,0.00016107378517170892,0.00029087777668168813,0.00011243285090847179,0.00020572688095403955,1.1975110832607665e-05,0.0,0.0,0.0006708763642309003,0.4,1,1,299,298
lightgbm_mse_regression,cluster_273,273,Cluster 273: ECFP_1154 (n=1),ECFP_1154,ECFP_1154,1,"[""ECFP_1154""]",5,3156,0.00016044194759871859,0.0001603794156462218,0.0002217246698696364,0.0001104905783088864,0.00015220070688313006,5.742503254434343e-05,0.0,0.0,0.0004441668205050324,0.4,1,1,300,299
lightgbm_mse_regression,cluster_2367,2367,Cluster 2367: n7ARing (n=4),n7ARing,n7ARing,4,"[""n7ARing"", ""n7AHRing"", ""n7HRing"", ""n7Ring""]",5,3156,0.00015796307751573169,0.00015795411981549352,0.00015635374751211514,0.00010504477662507334,0.00010241194416112432,-6.66005924314217e-05,0.0015289238917959673,0.0,0.0003552520226858224,0.0,4,4,301,303
lightgbm_mse_regression,cluster_2007,2007,Cluster 2007: ECFP_881 (n=1),ECFP_881,ECFP_881,1,"[""ECFP_881""]",5,3156,0.00015689803368217683,0.00015680846871779755,0.0002173249553033818,0.00010860393393483316,0.0001512525396646415,-4.3536869860131175e-06,0.0,0.0,0.0004394754962987679,0.2,1,1,302,301
lightgbm_mse_regression,cluster_2252,2252,Cluster 2252: MACCS_52 (n=1),MACCS_52,MACCS_52,1,"[""MACCS_52""]",5,3156,0.00015608946426546645,0.0001559364915951523,0.0002766997257469759,0.00010873586720919967,0.00019565166930004597,1.5164863095994559e-05,0.0,0.0,0.0006387182391066031,0.4,1,1,303,300
lightgbm_mse_regression,cluster_1132,1132,Cluster 1132: NsF (n=5),NsF,NsF,5,"[""NsF"", ""nF"", ""SsF"", ""MACCS_42"", ""ECFP_1928""]",5,3156,0.00014957248578387932,0.00014942001072658362,0.00027067439873749684,0.00010460657983684955,0.00019169007929998282,-6.89850011120599e-05,0.013631743242274749,0.0,0.0006306312915518396,0.0,5,5,304,304
lightgbm_mse_regression,cluster_2269,2269,Cluster 2269: MACCS_82 (n=1),MACCS_82,MACCS_82,1,"[""MACCS_82""]",5,3156,0.00014713487984738653,0.00014703711003243443,0.0002018092364032414,0.00010089060778083661,0.0001410675330985928,-5.171543003850232e-06,0.0,0.0,0.0004555986460211485,0.4,1,1,305,305
lightgbm_mse_regression,cluster_2278,2278,Cluster 2278: n6HRing (n=2),n6HRing,n6HRing,2,"[""n6HRing"", ""MACCS_98""]",5,3156,0.00014654077940357254,0.0001465474914608552,0.0002632667766627395,9.670124377200048e-05,0.00017106518243164076,-6.284914853681263e-06,0.07709806110748335,0.0,0.0006073732186274644,0.0,2,2,306,307
lightgbm_mse_regression,cluster_2273,2273,Cluster 2273: MACCS_90 (n=1),MACCS_90,MACCS_90,1,"[""MACCS_90""]",5,3156,0.00014224933019948342,0.00014215100416452834,0.00018510126678515984,9.816971496848812e-05,0.00013104430671295275,1.7893099748388656e-05,0.0,0.0,0.00045246797048287095,0.6,1,1,307,306
lightgbm_mse_regression,cluster_2268,2268,Cluster 2268: MACCS_88 (n=3),MACCS_88,MACCS_88,3,"[""MACCS_88"", ""nS"", ""MACCS_81""]",5,3156,0.0001363357003328005,0.00013625677621927835,0.00015770216886939754,9.368729129587888e-05,0.0001112799831643067,-1.6851477292322464e-05,0.0,0.0,0.00038534127849515726,0.2,3,3,308,308
lightgbm_mse_regression,cluster_818,818,Cluster 818: ECFP_1645 (n=1),ECFP_1645,ECFP_1645,1,"[""ECFP_1645""]",5,3156,0.0001350067718284106,0.00013504956319824527,0.00018776489742815763,8.960801120566563e-05,0.0001242077717635093,2.825950280796603e-05,0.0,0.0,0.000383638812779552,0.2,1,1,309,312
lightgbm_mse_regression,cluster_2173,2173,Cluster 2173: nFRing (n=3),nFRing,nFRing,3,"[""nFRing"", ""MACCS_105"", ""MACCS_101""]",5,3156,0.00013483955853725368,0.00013485628755195898,0.00017108655016925229,8.643226287903065e-05,0.00010607960721307019,5.43314745649722e-06,0.05121804311526673,0.0,0.00042199867019664675,0.4,3,3,310,314
lightgbm_mse_regression,cluster_133,133,Cluster 133: ECFP_1028 (n=1),ECFP_1028,ECFP_1028,1,"[""ECFP_1028""]",5,3156,0.0001336150140603513,0.0001336417978090387,0.00025289245628304206,9.034219844365446e-05,0.00017055725369213227,-1.592300837910241e-05,0.0,0.0,0.0005843816172159813,0.4,1,1,311,310
lightgbm_mse_regression,cluster_1299,1299,Cluster 1299: ECFP_235 (n=1),ECFP_235,ECFP_235,1,"[""ECFP_235""]",5,3156,0.00013311833220319745,0.0001331605250184758,0.0002977559858608734,8.983983791196395e-05,0.00020088798465871417,-1.2256072731283818e-06,0.0,0.0,0.000665802625092379,0.0,1,1,312,311
lightgbm_mse_regression,cluster_2080,2080,Cluster 2080: ECFP_947 (n=1),ECFP_947,ECFP_947,1,"[""ECFP_947""]",5,3156,0.0001317350002904058,0.00013156824712548125,0.0002941955442530674,9.297099291905359e-05,0.00020788946010265544,2.597912367208306e-05,0.0,0.0,0.0006578412356274063,0.2,1,1,313,309
lightgbm_mse_regression,cluster_2256,2256,Cluster 2256: MACCS_62 (n=1),MACCS_62,MACCS_62,1,"[""MACCS_62""]",5,3156,0.000127936257875559,0.0001279310392747681,0.00010809095532307259,8.422412379042546e-05,6.890189153701318e-05,9.599887277453947e-06,0.0,0.0,0.0002715491115622205,0.4,1,1,314,316
lightgbm_mse_regression,cluster_929,929,Cluster 929: ECFP_1745 (n=1),ECFP_1745,ECFP_1745,1,"[""ECFP_1745""]",5,3156,0.00012655439849319896,0.0001265198323746114,0.000159910925195857,8.665261149614607e-05,0.00010935756481281177,5.1837468675844535e-06,0.0,0.0,0.00035342987940341033,0.4,1,1,315,313
lightgbm_mse_regression,cluster_2222,2222,Cluster 2222: MACCS_158 (n=2),MACCS_158,MACCS_158,2,"[""MACCS_158"", ""MACCS_161""]",5,3156,0.0001245116393860269,0.00012455110424795592,0.0002754306386146223,8.101117982932644e-05,0.00017907275772347737,7.14933121145475e-05,0.0,0.0,0.0006172378716022193,0.4,2,2,316,317
lightgbm_mse_regression,cluster_1659,1659,Cluster 1659: ECFP_562 (n=1),ECFP_562,ECFP_562,1,"[""ECFP_562""]",5,3156,0.00012379579754347045,0.00012370844163644076,0.0001809876397665264,8.51556429097375e-05,0.00012649446172372073,3.5558627971140034e-05,0.0,0.0,0.00039940368422214194,0.4,1,1,317,315
lightgbm_mse_regression,cluster_2366,2366,Cluster 2366: n6aHRing (n=1),n6aHRing,n6aHRing,1,"[""n6aHRing""]",5,3156,0.00011813752287818197,0.00011817496741792148,0.00020617987522662616,7.46118163207805e-05,0.00012823092410574474,-1.0566276973221178e-05,0.0,0.0,0.000482747405759978,0.4,1,1,318,321
lightgbm_mse_regression,cluster_145,145,Cluster 145: ECFP_1039 (n=1),ECFP_1039,ECFP_1039,1,"[""ECFP_1039""]",5,3156,0.00011572375292997854,0.00011576043240792781,0.00018560805967246988,7.751495891618714e-05,0.00012525344849476168,1.0031609993158358e-06,0.0,0.0,0.0004342051264368715,0.4,1,1,319,319
lightgbm_mse_regression,cluster_123,123,Cluster 123: ECFP_1019 (n=1),ECFP_1019,ECFP_1019,1,"[""ECFP_1019""]",5,3156,0.00011564626775841866,0.00011568292267688407,0.00012359595915940844,7.501012370820579e-05,8.015284651580312e-05,3.106491701620828e-05,0.0,0.0,0.0002965074484233944,0.6,1,1,320,320
lightgbm_mse_regression,cluster_2375,2375,Cluster 2375: n9FRing (n=2),n9FRing,n9FRing,2,"[""n9FRing"", ""n9FHRing""]",5,3156,0.00011358800082344614,0.00011350454871564438,0.00016875167915308045,7.805571508525433e-05,0.00011811251499445322,9.302185040740023e-06,0.0005140644433707653,0.0,0.0003768794009379708,0.4,2,2,321,318
lightgbm_mse_regression,cluster_2221,2221,Cluster 2221: MACCS_157 (n=1),MACCS_157,MACCS_157,1,"[""MACCS_157""]",5,3156,0.00010746000391192052,0.00010745417094513952,0.0001095617617747076,7.254590591906259e-05,7.373469167462557e-05,1.9012428445652038e-05,0.0,0.0,0.00025707224157265425,0.4,1,1,322,323
lightgbm_mse_regression,cluster_1051,1051,Cluster 1051: ECFP_1855 (n=1),ECFP_1855,ECFP_1855,1,"[""ECFP_1855""]",5,3156,0.00010587187900903908,0.00010584256930749514,0.00014560285520581553,7.261561878387177e-05,9.932644182093149e-05,-1.3693709203396504e-05,0.0,0.0,0.0003183013240563611,0.2,1,1,323,322
lightgbm_mse_regression,cluster_2196,2196,Cluster 2196: MACCS_128 (n=1),MACCS_128,MACCS_128,1,"[""MACCS_128""]",5,3156,0.00010365843696507732,0.00010369129225413124,0.00019139867841073087,6.78941174367759e-05,0.00012536723752483794,-2.2227348208896866e-06,0.0,0.0,0.00044244345178788417,0.4,1,1,324,324
lightgbm_mse_regression,cluster_935,935,Cluster 935: ECFP_1750 (n=1),ECFP_1750,ECFP_1750,1,"[""ECFP_1750""]",5,3156,0.00010148836178650175,0.00010152052925457988,0.00022688182832969676,6.601060152178368e-05,0.00014751987467289844,2.0136088565531673e-05,0.0,0.0,0.0005073790451014607,0.4,1,1,325,325
lightgbm_mse_regression,cluster_2211,2211,Cluster 2211: n6Ring (n=2),n6Ring,n6Ring,2,"[""n6Ring"", ""MACCS_145""]",5,3156,9.366181457296667e-05,9.363957050928329e-05,0.00011924462083592352,6.128294312843085e-05,7.64316653508507e-05,4.1527315304097936e-06,0.0,0.0,0.00026956311107965606,0.2,2,2,326,329
lightgbm_mse_regression,cluster_2361,2361,Cluster 2361: n5ARing (n=2),n5ARing,n5ARing,2,"[""n5ARing"", ""n5AHRing""]",5,3156,9.331549137068508e-05,9.330634867396105e-05,0.00014998689845152063,6.204724785493198e-05,9.790227203549904e-05,-2.6659297955524236e-05,0.013100981602472084,0.0,0.00034437104383482124,0.0,2,2,327,327
lightgbm_mse_regression,cluster_635,635,Cluster 635: ECFP_1480 (n=1),ECFP_1480,ECFP_1480,1,"[""ECFP_1480""]",5,3156,9.17518453776039e-05,9.167195007900718e-05,0.00014942682843002437,6.348614755622476e-05,0.00010538262287339158,6.2920389962331065e-06,0.0,0.0,0.00034382151245022794,0.2,1,1,328,326
lightgbm_mse_regression,cluster_1352,1352,Cluster 1352: ECFP_283 (n=1),ECFP_283,ECFP_283,1,"[""ECFP_283""]",5,3156,9.144988716161343e-05,9.14679005317819e-05,0.0001857822785788171,6.19322441457419e-05,0.0001252586242893015,-5.462206090919731e-05,0.0,0.0,0.00042272179837876987,0.0,1,1,329,328
lightgbm_mse_regression,cluster_2121,2121,Cluster 2121: ECFP_984 (n=1),ECFP_984,ECFP_984,1,"[""ECFP_984""]",5,3156,9.095100905515608e-05,9.097983663330351e-05,0.00013365674731267128,6.021976278273774e-05,8.795783657478759e-05,-1.5959392485271477e-05,0.0,0.0,0.0002959204772031468,0.2,1,1,330,331
lightgbm_mse_regression,cluster_2197,2197,Cluster 2197: MACCS_129 (n=1),MACCS_129,MACCS_129,1,"[""MACCS_129""]",5,3156,8.970833229653612e-05,8.966558544988726e-05,0.0001227800028556996,6.083580667778771e-05,8.343361227328509e-05,1.7930879590342097e-05,0.0,0.0,0.00022457463347366977,0.2,1,1,331,330
lightgbm_mse_regression,cluster_2218,2218,Cluster 2218: MACCS_152 (n=1),MACCS_152,MACCS_152,1,"[""MACCS_152""]",5,3156,8.43896686261286e-05,8.439121826086678e-05,0.00014831279071961397,5.5769104787333013e-05,9.641811729696176e-05,5.873958789542633e-06,0.0,0.0,0.00034245552027712057,0.2,1,1,332,333
lightgbm_mse_regression,cluster_2384,2384,Cluster 2384: nFHRing (n=1),nFHRing,nFHRing,1,"[""nFHRing""]",5,3156,8.104247715016644e-05,8.095640731580733e-05,0.00015346534627319594,5.667088487741863e-05,0.00010858098060407241,2.1080299513341088e-05,0.0,0.0,0.0003525928045531165,0.4,1,1,333,332
lightgbm_mse_regression,cluster_2264,2264,Cluster 2264: MACCS_74 (n=1),MACCS_74,MACCS_74,1,"[""MACCS_74""]",5,3156,8.037102215542984e-05,8.039649633043948e-05,0.00017977203094767509,5.424136167992981e-05,0.00012128737190847524,-1.6446332789311605e-05,0.0,0.0,0.0004019824816521974,0.0,1,1,334,334
lightgbm_mse_regression,cluster_498,498,Cluster 498: ECFP_1357 (n=1),ECFP_1357,ECFP_1357,1,"[""ECFP_1357""]",5,3156,7.902779178339593e-05,7.905284021185342e-05,0.00012654044735873712,5.1681435029609634e-05,8.286357738035637e-05,7.880699668339261e-06,0.0,0.0,0.0002903138211634539,0.4,1,1,335,335
lightgbm_mse_regression,cluster_2190,2190,Cluster 2190: MACCS_121 (n=2),MACCS_121,MACCS_121,2,"[""MACCS_121"", ""MACCS_137""]",5,3156,7.84874341972783e-05,7.846634882196005e-05,0.00010265589963434015,5.1434266043192063e-05,6.605533465421369e-05,2.1743052661489866e-05,0.008612063756006353,0.0,0.00022692123428073703,0.6,2,2,336,338
lightgbm_mse_regression,cluster_2200,2200,Cluster 2200: MACCS_132 (n=1),MACCS_132,MACCS_132,1,"[""MACCS_132""]",5,3156,7.804263201209782e-05,7.805602327606387e-05,0.0001284819772103474,5.152170358173589e-05,8.39927050870057e-05,-9.367860381184773e-06,0.0,0.0,0.0003063592411814969,0.2,1,1,337,336
lightgbm_mse_regression,cluster_2191,2191,Cluster 2191: MACCS_85 (n=2),MACCS_85,MACCS_85,2,"[""MACCS_85"", ""MACCS_122""]",5,3156,7.361538714442927e-05,7.353519841656533e-05,0.000142586685124144,5.149924327271307e-05,0.00010089418664089306,-3.8603360559909474e-05,0.021709804854748938,0.0,0.0003266108235551596,0.0,2,2,338,337
lightgbm_mse_regression,cluster_1018,1018,Cluster 1018: ECFP_1825 (n=1),ECFP_1825,ECFP_1825,1,"[""ECFP_1825""]",5,3156,7.079182866869866e-05,7.081426664925926e-05,0.00015834551400453997,4.777648809015538e-05,0.00010683147509579653,2.2204586704328576e-05,0.0,0.0,0.0003540713332462963,0.2,1,1,339,339
lightgbm_mse_regression,cluster_165,165,Cluster 165: MACCS_160 (n=2),MACCS_160,MACCS_160,2,"[""MACCS_160"", ""ECFP_1057""]",5,3156,7.068927308768503e-05,7.071167856251473e-05,0.0001364302573872142,4.6177224099781e-05,8.865453361560942e-05,2.3412986877958475e-06,0.0,0.0,0.0003127052781281238,0.4,2,2,340,341
lightgbm_mse_regression,cluster_865,865,Cluster 865: ECFP_1688 (n=1),ECFP_1688,ECFP_1688,1,"[""ECFP_1688""]",5,3156,6.885321702117211e-05,6.887504054479214e-05,0.00015400927261120939,4.646814420313779e-05,0.0001039059292264789,-5.1498248876121135e-05,0.0,0.0,0.0003443752027239607,0.0,1,1,341,340
lightgbm_mse_regression,cluster_140,140,Cluster 140: ECFP_1034 (n=1),ECFP_1034,ECFP_1034,1,"[""ECFP_1034""]",5,3156,6.723519991413084e-05,6.725651059556162e-05,0.00015039012962111067,4.537616541832635e-05,0.0001014641904336529,1.7750243466588772e-05,0.0,0.0,0.0003362825529778081,0.2,1,1,342,342
lightgbm_mse_regression,cluster_2274,2274,Cluster 2274: MACCS_91 (n=1),MACCS_91,MACCS_91,1,"[""MACCS_91""]",5,3156,6.535060622689773e-05,6.535156687128042e-05,0.00010943190969004584,4.444572816165444e-05,7.385082938601732e-05,2.9477775301256493e-05,0.0,0.0,0.0002555235513196811,0.4,1,1,343,344
lightgbm_mse_regression,cluster_1919,1919,Cluster 1919: MACCS_155 (n=2),MACCS_155,MACCS_155,2,"[""MACCS_155"", ""ECFP_80""]",5,3156,6.448582720385594e-05,6.448526020301398e-05,0.0001109214012287478,4.2676819193743394e-05,7.215650103017188e-05,2.764416479661564e-05,0.043993811035905994,0.0,0.00025615158615484605,0.2,2,2,344,345
lightgbm_mse_regression,cluster_2213,2213,Cluster 2213: MACCS_148 (n=1),MACCS_148,MACCS_148,1,"[""MACCS_148""]",5,3156,6.35423762537476e-05,6.346194286608463e-05,0.00014190521823277306,4.4844557632549334e-05,0.00010027547928728733,-1.9607859123672492e-05,0.0,0.0,0.00031730971433042315,0.0,1,1,345,343
lightgbm_mse_regression,cluster_2385,2385,Cluster 2385: nFaRing (n=2),nFaRing,nFaRing,2,"[""nFaRing"", ""nFaHRing""]",5,3156,6.204806473150877e-05,6.202093340410595e-05,8.508692225212607e-05,4.199284155096379e-05,5.750289758627637e-05,4.871903909731499e-06,0.0011074475746685186,0.0,0.00016245726433314594,0.2,2,2,346,346
lightgbm_mse_regression,cluster_1698,1698,Cluster 1698: ECFP_598 (n=1),ECFP_598,ECFP_598,1,"[""ECFP_598""]",5,3156,6.0460699384450175e-05,6.0479862839088665e-05,0.00013523708457806568,3.961680942641513e-05,8.858587892911867e-05,-1.5433697124107162e-05,0.0,0.0,0.00030239931419544333,0.0,1,1,347,348
lightgbm_mse_regression,cluster_2271,2271,Cluster 2271: MACCS_86 (n=1),MACCS_86,MACCS_86,1,"[""MACCS_86""]",5,3156,5.9723237025788656e-05,5.971828911155911e-05,9.706667291904564e-05,3.9679533642152586e-05,6.331285940527671e-05,-1.2263214281154182e-05,0.0,0.0,0.00022325753913775878,0.0,1,1,348,347
lightgbm_mse_regression,cluster_2192,2192,Cluster 2192: MACCS_123 (n=1),MACCS_123,MACCS_123,1,"[""MACCS_123""]",5,3156,5.737811916757812e-05,5.739630557618908e-05,0.00012834204092570901,3.731956372294708e-05,8.34490813751448e-05,2.818968445014491e-05,0.0,0.0,0.0002869815278809454,0.2,1,1,349,350
lightgbm_mse_regression,cluster_951,951,Cluster 951: ECFP_1765 (n=1),ECFP_1765,ECFP_1765,1,"[""ECFP_1765""]",5,3156,5.6583605055597195e-05,5.65229133660036e-05,0.00010811579018466328,3.955127619353348e-05,7.650258212482874e-05,2.2195425124317724e-05,0.0,0.0,0.00024806588572334976,0.4,1,1,350,349
lightgbm_mse_regression,cluster_2388,2388,Cluster 2388: nG12FRing (n=2),nG12FRing,nG12FRing,2,"[""nG12FRing"", ""nG12FARing""]",5,3156,5.2102911858796076e-05,5.211942625241218e-05,0.00011612305856884076,3.414332777552453e-05,7.60637712043338e-05,-1.6557485596571543e-05,0.0,0.0,0.0002598458532887135,0.0,2,2,351,352
lightgbm_mse_regression,cluster_2265,2265,Cluster 2265: MACCS_77 (n=1),MACCS_77,MACCS_77,1,"[""MACCS_77""]",5,3156,5.1893924575064925e-05,5.1905574692925544e-05,9.476724449507898e-05,3.2735540859813226e-05,5.8896457035799255e-05,6.151626030505684e-06,0.0,0.0,0.000220493206526668,0.4,1,1,352,353
lightgbm_mse_regression,cluster_1278,1278,Cluster 1278: ECFP_216 (n=2),ECFP_216,ECFP_216,2,"[""ECFP_216"", ""ECFP_816""]",5,3156,4.937260704481989e-05,4.938825604863758e-05,0.0001104354978149188,3.235134862966816e-05,7.233981469973268e-05,1.8889702311477923e-05,0.0,0.0,0.0002469412802431879,0.2,2,2,353,354
lightgbm_mse_regression,cluster_2223,2223,Cluster 2223: MACCS_159 (n=1),MACCS_159,MACCS_159,1,"[""MACCS_159""]",5,3156,4.9078822048497185e-05,4.909437793504187e-05,0.00010977836637581936,3.1921580098098235e-05,7.137882304855206e-05,-1.0845222835168488e-05,0.0,0.0,0.00024547188967520935,0.0,1,1,354,355
lightgbm_mse_regression,cluster_904,904,Cluster 904: ECFP_1722 (n=1),ECFP_1722,ECFP_1722,1,"[""ECFP_1722""]",5,3156,4.854028041916242e-05,4.847995815901247e-05,0.00010643506396804425,3.423508459149756e-05,7.522292422532854e-05,-3.303515085794738e-06,0.0,0.0,0.00023885701119228384,0.2,1,1,355,351
lightgbm_mse_regression,cluster_463,463,Cluster 463: ECFP_1325 (n=1),ECFP_1325,ECFP_1325,1,"[""ECFP_1325""]",5,3156,4.727299748442972e-05,4.7285247349575086e-05,9.054034907040248e-05,3.186343584775546e-05,6.109271599127139e-05,5.3916472084640854e-06,0.0,0.0,0.00020863338216372805,0.4,1,1,356,356
lightgbm_mse_regression,cluster_2184,2184,Cluster 2184: SlogP_VSA11 (n=2),SlogP_VSA11,SlogP_VSA11,2,"[""SlogP_VSA11"", ""MACCS_113""]",5,3156,4.6440865938314255e-05,4.641107523872934e-05,6.473745515987388e-05,3.177785602051129e-05,4.5004314622553153e-05,7.156475078061754e-06,0.004112997069235995,0.0,0.00014043052312870855,0.4,2,2,357,357
lightgbm_mse_regression,cluster_1775,1775,Cluster 1775: ECFP_667 (n=1),ECFP_667,ECFP_667,1,"[""ECFP_667""]",5,3156,4.170969219363389e-05,4.165689511490777e-05,9.314764920851268e-05,2.943630386033907e-05,6.582157643805762e-05,1.987237585342859e-05,0.0,0.0,0.00020828447557453886,0.2,1,1,358,358
lightgbm_mse_regression,cluster_2217,2217,Cluster 2217: MACCS_151 (n=1),MACCS_151,MACCS_151,1,"[""MACCS_151""]",5,3156,3.878318380054449e-05,3.879547641030694e-05,8.674932247293585e-05,2.5225147150536707e-05,5.64051437710352e-05,-1.8223002048387347e-05,0.0,0.0,0.0001939773820515347,0.0,1,1,359,362
lightgbm_mse_regression,cluster_875,875,Cluster 875: ECFP_1697 (n=1),ECFP_1697,ECFP_1697,1,"[""ECFP_1697""]",5,3156,3.863196608129479e-05,3.8644210761510733e-05,8.08644864897514e-05,2.6022622213537928e-05,5.457906475404033e-05,-5.557948842679827e-06,0.0,0.0,0.0001830858066392431,0.0,1,1,360,360
lightgbm_mse_regression,cluster_271,271,Cluster 271: ECFP_1152 (n=1),ECFP_1152,ECFP_1152,1,"[""ECFP_1152""]",5,3156,3.816753537934276e-05,3.8148457036432945e-05,5.227965389258197e-05,2.5914508741848117e-05,3.564140375469516e-05,-8.427158825793918e-06,0.0,0.0,9.835970725981285e-05,0.2,1,1,361,361
lightgbm_mse_regression,cluster_1963,1963,Cluster 1963: ECFP_841 (n=1),ECFP_841,ECFP_841,1,"[""ECFP_841""]",5,3156,3.807182923635797e-05,3.803144200675327e-05,7.204938430065048e-05,2.6716755538686868e-05,5.09505348927606e-05,3.827912193353295e-06,0.0,0.0,0.00016549353863917488,0.4,1,1,362,359
lightgbm_mse_regression,cluster_1765,1765,Cluster 1765: ECFP_658 (n=1),ECFP_658,ECFP_658,1,"[""ECFP_658""]",5,3156,3.719535972132905e-05,3.720714905880016e-05,8.319771454444447e-05,2.5102666425692572e-05,5.6131268544350265e-05,9.89389220992426e-06,0.0,0.0,0.00018603574529400078,0.2,1,1,363,363
lightgbm_mse_regression,cluster_434,434,Cluster 434: ECFP_13 (n=1),ECFP_13,ECFP_13,1,"[""ECFP_13""]",5,3156,3.626607196112479e-05,3.6277566754139406e-05,8.111910532054212e-05,2.447550215486258e-05,5.472888660171532e-05,-5.3715661330727985e-06,0.0,0.0,0.00018138783377069705,0.0,1,1,364,364
lightgbm_mse_regression,cluster_1428,1428,Cluster 1428: ECFP_352 (n=1),ECFP_352,ECFP_352,1,"[""ECFP_352""]",5,3156,3.609957267956899e-05,3.6111014699435734e-05,4.9844229186185274e-05,2.3973799822277127e-05,3.301872216234375e-05,-1.6868823803600357e-05,0.0,0.0,9.915865050161545e-05,0.0,1,1,365,365
lightgbm_mse_regression,cluster_1035,1035,Cluster 1035: ECFP_1840 (n=1),ECFP_1840,ECFP_1840,1,"[""ECFP_1840""]",5,3156,3.5463316567107254e-05,3.5466922854697326e-05,4.724868217058915e-05,2.3893840788811766e-05,3.182131446001402e-05,5.903880484491042e-06,0.0,0.0,0.00011468048654579524,0.6,1,1,366,366
lightgbm_mse_regression,cluster_1387,1387,Cluster 1387: ECFP_314 (n=1),ECFP_314,ECFP_314,1,"[""ECFP_314""]",5,3156,3.480446439129146e-05,3.481549591724749e-05,7.784981554133178e-05,2.348908214049305e-05,5.252318439521873e-05,1.2300358626051228e-05,0.0,0.0,0.00017407747958623747,0.2,1,1,367,367
lightgbm_mse_regression,cluster_2247,2247,Cluster 2247: MACCS_47 (n=1),MACCS_47,MACCS_47,1,"[""MACCS_47""]",5,3156,3.416849429744194e-05,3.4179324248090894e-05,7.642729244373812e-05,2.3059874162878945e-05,5.156344618078838e-05,-1.1017132550940006e-05,0.0,0.0,0.00017089662124045448,0.0,1,1,368,368
lightgbm_mse_regression,cluster_86,86,Cluster 86: StsC (n=5),StsC,StsC,5,"[""StsC"", ""NtsC"", ""nBondsT"", ""ECFP_674"", ""C1SP1""]",5,3156,3.3101817573121095e-05,3.3094861970797736e-05,4.936608654375164e-05,2.2680117232687713e-05,3.351024645238117e-05,-2.5576732127537123e-06,0.002065185481867904,0.0,0.00011042756695069442,0.2,5,5,369,369
lightgbm_mse_regression,cluster_1112,1112,Cluster 1112: ECFP_191 (n=1),ECFP_191,ECFP_191,1,"[""ECFP_191""]",5,3156,3.078622323628722e-05,3.074725333345648e-05,6.87529485750157e-05,2.172714719850892e-05,4.8583378093010065e-05,1.2611258665264458e-05,0.0,0.0,0.0001537362666672824,0.2,1,1,370,370
lightgbm_mse_regression,cluster_600,600,Cluster 600: ECFP_1449 (n=1),ECFP_1449,ECFP_1449,1,"[""ECFP_1449""]",5,3156,2.7417160948225747e-05,2.7382455681202674e-05,6.122903229404449e-05,1.934945664218965e-05,4.3266700379620885e-05,4.300119313015948e-06,0.0,0.0,0.00013691227840601338,0.2,1,1,371,371
lightgbm_mse_regression,cluster_2254,2254,Cluster 2254: MACCS_54 (n=1),MACCS_54,MACCS_54,1,"[""MACCS_54""]",5,3156,2.7167037523192265e-05,2.7175648311630678e-05,6.076659695743358e-05,1.780117264924299e-05,3.9804632122917345e-05,1.3616661015597905e-05,0.0,0.0,0.0001358782415581534,0.2,1,1,372,373
lightgbm_mse_regression,cluster_444,444,Cluster 444: ECFP_1308 (n=1),ECFP_1308,ECFP_1308,1,"[""ECFP_1308""]",5,3156,2.7147851142238564e-05,2.7144884549694575e-05,4.3279838618052094e-05,1.854730963188129e-05,2.9267440964396802e-05,-2.823680286156696e-06,0.0,0.0,9.921697212995486e-05,0.2,1,1,373,372
lightgbm_mse_regression,cluster_2220,2220,Cluster 2220: MACCS_156 (n=1),MACCS_156,MACCS_156,1,"[""MACCS_156""]",5,3156,2.651264465745771e-05,2.6521048031358647e-05,5.080658677215882e-05,1.7435413629459045e-05,3.3264475457463235e-05,-1.3995395957823928e-06,0.0,0.0,0.00011655195899263196,0.2,1,1,374,374
lightgbm_mse_regression,cluster_2179,2179,Cluster 2179: MACCS_109 (n=1),MACCS_109,MACCS_109,1,"[""MACCS_109""]",5,3156,2.5923226447891958e-05,2.593144300144121e-05,5.798446930588372e-05,1.6860843739073818e-05,3.770199275857078e-05,-5.251025731096523e-06,0.0,0.0,0.00012965721500720606,0.0,1,1,375,376
lightgbm_mse_regression,cluster_2187,2187,Cluster 2187: MACCS_118 (n=2),MACCS_118,MACCS_118,2,"[""MACCS_118"", ""MACCS_147""]",5,3156,2.5669015406190898e-05,2.5673787107557046e-05,5.021219232889296e-05,1.6825808722631877e-05,3.259719746160349e-05,1.678800021516829e-06,0.1783677974742723,0.0,0.00011515801310422293,0.2,2,2,376,377
lightgbm_mse_regression,cluster_743,743,Cluster 743: ECFP_1578 (n=1),ECFP_1578,ECFP_1578,1,"[""ECFP_1578""]",5,3156,2.5639520655939128e-05,2.5647647286891882e-05,5.73498827964283e-05,1.7303780341493002e-05,3.8692429111302875e-05,1.2517911036870644e-05,0.0,0.0,0.00012823823643445941,0.2,1,1,377,375
lightgbm_mse_regression,cluster_1803,1803,Cluster 1803: ECFP_693 (n=1),ECFP_693,ECFP_693,1,"[""ECFP_693""]",5,3156,2.432068414160244e-05,2.432839275781214e-05,5.439993998978151e-05,1.6413714662939217e-05,3.670218174961714e-05,-4.440563545890545e-07,0.0,0.0,0.0001216419637890607,0.0,1,1,378,378
lightgbm_mse_regression,cluster_1599,1599,Cluster 1599: ECFP_507 (n=1),ECFP_507,ECFP_507,1,"[""ECFP_507""]",5,3156,2.4258670382837886e-05,2.4266359343339577e-05,5.4261229058144456e-05,1.5895468151701225e-05,3.5543347321386876e-05,2.742866745659238e-06,0.0,0.0,0.00012133179671669789,0.2,1,1,379,379
lightgbm_mse_regression,cluster_920,920,Cluster 920: ECFP_1737 (n=1),ECFP_1737,ECFP_1737,1,"[""ECFP_1737""]",5,3156,2.3720062393146842e-05,2.372758063796242e-05,5.30564832480918e-05,1.5542545835215044e-05,3.4754189030947084e-05,-4.31378265978592e-06,0.0,0.0,0.0001186379031898121,0.0,1,1,380,380
lightgbm_mse_regression,cluster_2306,2306,Cluster 2306: PEOE_VSA4 (n=1),PEOE_VSA4,PEOE_VSA4,1,"[""PEOE_VSA4""]",5,3156,2.2836003240589135e-05,2.2829458602287223e-05,2.8585705813694483e-05,1.539516472746463e-05,1.915726657834303e-05,-5.587784949804234e-06,0.0,0.0,6.259846318450959e-05,0.0,1,1,381,381
lightgbm_mse_regression,cluster_1783,1783,Cluster 1783: MACCS_36 (n=2),MACCS_36,MACCS_36,2,"[""MACCS_36"", ""ECFP_675""]",5,3156,2.0328051886662202e-05,2.0334495009288715e-05,4.4452646233691594e-05,1.3230621344198109e-05,2.8898831191872163e-05,-2.8575127018996e-07,0.0,0.0,9.984115245065552e-05,0.2,2,2,382,384
lightgbm_mse_regression,cluster_1814,1814,Cluster 1814: ECFP_703 (n=1),ECFP_703,ECFP_703,1,"[""ECFP_703""]",5,3156,1.9432957183699282e-05,1.9416736811954137e-05,3.082784241873796e-05,1.3551333600740756e-05,2.1738892739565087e-05,2.405873348579445e-06,0.0,0.0,7.060823003962705e-05,0.4,1,1,383,382
lightgbm_mse_regression,cluster_1364,1364,Cluster 1364: ECFP_294 (n=2),ECFP_294,ECFP_294,2,"[""ECFP_294"", ""MACCS_114""]",5,3156,1.923792760985703e-05,1.924402520973337e-05,3.8234466440261625e-05,1.2939729394583641e-05,2.5810684377365822e-05,6.477314185734437e-06,0.0,0.0,8.728916395097268e-05,0.4,2,2,384,385
lightgbm_mse_regression,cluster_772,772,Cluster 772: ECFP_1603 (n=1),ECFP_1603,ECFP_1603,1,"[""ECFP_1603""]",5,3156,1.904762452740099e-05,1.9053661809343115e-05,4.260528302598284e-05,1.2854995039582916e-05,2.8744642758930002e-05,3.7503499877324388e-06,0.0,0.0,9.526830904671557e-05,0.2,1,1,385,386
lightgbm_mse_regression,cluster_214,214,Cluster 214: ECFP_1100 (n=1),ECFP_1100,ECFP_1100,1,"[""ECFP_1100""]",5,3156,1.8766935946358396e-05,1.874318033123642e-05,4.1911025335181665e-05,1.3244624929858447e-05,2.9615881679651875e-05,1.1618599907988872e-05,0.0,0.0,9.371590165618211e-05,0.2,1,1,386,383
lightgbm_mse_regression,cluster_528,528,Cluster 528: StN (n=6),StN,StN,6,"[""StN"", ""NtN"", ""MACCS_41"", ""ECFP_790"", ""SMR_VSA2"", ""ECFP_1384""]",5,3156,1.526653780768411e-05,1.527137664692585e-05,3.4147836292529005e-05,1.0303188594833268e-05,2.3038630083047727e-05,1.1712500422988499e-07,0.0,0.0,7.635688323462925e-05,0.2,6,6,387,388
lightgbm_mse_regression,cluster_2356,2356,Cluster 2356: n10FRing (n=2),n10FRing,n10FRing,2,"[""n10FRing"", ""n10FHRing""]",5,3156,1.5249241793510923e-05,1.525407515065625e-05,3.410914897075772e-05,9.91832878274493e-06,2.2178057381410404e-05,-1.1259276603147887e-07,0.0,0.0,7.627037575328125e-05,0.0,2,2,388,390
lightgbm_mse_regression,cluster_364,364,Cluster 364: ECFP_1236 (n=1),ECFP_1236,ECFP_1236,1,"[""ECFP_1236""]",5,3156,1.481407944150569e-05,1.4800214998618081e-05,2.5358222860216145e-05,1.0359645544912749e-05,1.7917282205603742e-05,9.481422631391703e-07,0.0,0.0,5.85563967519038e-05,0.2,1,1,389,387
lightgbm_mse_regression,cluster_1002,1002,Cluster 1002: ECFP_1810 (n=1),ECFP_1810,ECFP_1810,1,"[""ECFP_1810""]",5,3156,1.4624934691559324e-05,1.462957017006695e-05,3.271271338187286e-05,9.870178963459016e-06,2.2070391112382773e-05,8.78651915026351e-07,0.0,0.0,7.314785085033475e-05,0.2,1,1,390,391
lightgbm_mse_regression,cluster_696,696,Cluster 696: ECFP_1535 (n=1),ECFP_1535,ECFP_1535,1,"[""ECFP_1535""]",5,3156,1.4346761776738575e-05,1.4328601318793336e-05,3.203972657131503e-05,1.012512001074974e-05,2.2640456624379818e-05,-2.1548960077384492e-07,0.0,0.0,7.164300659396668e-05,0.0,1,1,391,389
lightgbm_mse_regression,cluster_1377,1377,Cluster 1377: ECFP_305 (n=1),ECFP_305,ECFP_305,1,"[""ECFP_305""]",5,3156,1.4139268972873448e-05,1.4139968060300146e-05,2.5476380311996462e-05,9.38540835430708e-06,1.6677019168693894e-05,6.264992302399144e-06,0.0,0.0,5.876619215985347e-05,0.2,1,1,392,392
lightgbm_mse_regression,cluster_1462,1462,Cluster 1462: ECFP_383 (n=1),ECFP_383,ECFP_383,1,"[""ECFP_383""]",5,3156,1.271330867463266e-05,1.2717338249489912e-05,2.8436832818717625e-05,8.580047328945797e-06,1.91855690776883e-05,-9.790229049467606e-07,0.0,0.0,6.358669124744956e-05,0.0,1,1,393,394
lightgbm_mse_regression,cluster_1057,1057,Cluster 1057: ECFP_1860 (n=1),ECFP_1860,ECFP_1860,1,"[""ECFP_1860""]",5,3156,1.2381615083344865e-05,1.2367938809691638e-05,2.42826534279451e-05,8.699308597359334e-06,1.7171833242101655e-05,-8.639263399810466e-07,0.0,0.0,5.5530258459277274e-05,0.0,1,1,394,393
lightgbm_mse_regression,cluster_1158,1158,Cluster 1158: ECFP_1951 (n=1),ECFP_1951,ECFP_1951,1,"[""ECFP_1951""]",5,3156,1.1815057908969044e-05,1.1818802776769035e-05,2.6427646421518835e-05,7.973829523660084e-06,1.7830024855898715e-05,-4.779911220440407e-07,0.0,0.0,5.909401388384517e-05,0.0,1,1,395,395
lightgbm_mse_regression,cluster_287,287,Cluster 287: ECFP_1167 (n=1),ECFP_1167,ECFP_1167,1,"[""ECFP_1167""]",5,3156,1.142595078758191e-05,1.1429572325074013e-05,2.555730067261582e-05,7.71122616815492e-06,1.7242825901869625e-05,2.6759048092780365e-06,0.0,0.0,5.7147861625370065e-05,0.2,1,1,396,396
lightgbm_mse_regression,cluster_1652,1652,Cluster 1652: ECFP_555 (n=1),ECFP_555,ECFP_555,1,"[""ECFP_555""]",5,3156,1.1147039049019984e-05,1.1150572183425379e-05,2.49334373901574e-05,7.304085565828069e-06,1.6332431838666577e-05,3.639676955702714e-06,0.0,0.0,5.575286091712689e-05,0.2,1,1,397,398
lightgbm_mse_regression,cluster_2387,2387,Cluster 2387: nG12FHRing (n=2),nG12FHRing,nG12FHRing,2,"[""nG12FHRing"", ""nG12FAHRing""]",5,3156,1.0668445747898053e-05,1.065527995525111e-05,2.3232469611754235e-05,7.522575704680026e-06,1.642045697663281e-05,-2.4169607651619796e-06,0.0,0.0,5.22065215490084e-05,0.0,2,2,398,397
lightgbm_mse_regression,cluster_1262,1262,Cluster 1262: ECFP_2044 (n=1),ECFP_2044,ECFP_2044,1,"[""ECFP_2044""]",5,3156,1.0510596992183469e-05,1.0513928401689708e-05,2.35098586167439e-05,7.093465749663725e-06,1.5861471612314596e-05,2.6689618323193596e-06,0.0,0.0,5.256964200844854e-05,0.2,1,1,399,399
lightgbm_mse_regression,cluster_1649,1649,Cluster 1649: ECFP_552 (n=1),ECFP_552,ECFP_552,1,"[""ECFP_552""]",5,3156,9.49245478465451e-06,9.495463486646476e-06,2.1232501834008687e-05,6.4063347634062675e-06,1.4325000017596446e-05,-1.6856357011660483e-06,0.0,0.0,4.747731743323238e-05,0.0,1,1,400,402
lightgbm_mse_regression,cluster_1396,1396,Cluster 1396: ECFP_322 (n=1),ECFP_322,ECFP_322,1,"[""ECFP_322""]",5,3156,9.417779559599395e-06,9.405858319650535e-06,2.1032138589470542e-05,6.64652761087435e-06,1.4862087552244318e-05,-4.371662502925128e-07,0.0,0.0,4.702929159825267e-05,0.0,1,1,401,400
lightgbm_mse_regression,cluster_740,740,Cluster 740: ECFP_1575 (n=1),ECFP_1575,ECFP_1575,1,"[""ECFP_1575""]",5,3156,9.112784370259666e-06,9.101249200170729e-06,2.035101189174734e-05,6.43127953309745e-06,1.438077821830901e-05,-2.434495915306407e-06,0.0,0.0,4.550624600085365e-05,0.0,1,1,402,401
lightgbm_mse_regression,cluster_229,229,Cluster 229: ECFP_1114 (n=1),ECFP_1114,ECFP_1114,1,"[""ECFP_1114""]",5,3156,8.574781827923367e-06,8.577499666854563e-06,1.9179872332068604e-05,5.787009172975394e-06,1.294014589718782e-05,2.038064607157613e-06,0.0,0.0,4.288749833427282e-05,0.2,1,1,403,403
lightgbm_mse_regression,cluster_283,283,Cluster 283: ECFP_1163 (n=1),ECFP_1163,ECFP_1163,1,"[""ECFP_1163""]",5,3156,7.58318485611006e-06,7.585588401230854e-06,1.3580919750322374e-05,4.96446062852073e-06,8.827769445290847e-06,2.3230507714997737e-06,0.0,0.0,3.133746868182838e-05,0.4,1,1,404,406
lightgbm_mse_regression,cluster_1171,1171,Cluster 1171: NddsN (n=6),NddsN,NddsN,6,"[""NddsN"", ""SddsN"", ""MACCS_56"", ""MACCS_63"", ""ECFP_1963"", ""ECFP_838""]",5,3156,7.480167206971792e-06,7.482538099905856e-06,1.6731463835621607e-05,5.048267945566947e-06,1.1288270294920902e-05,2.5459691088449126e-07,0.15534806545254776,0.0,3.741269049952928e-05,0.2,6,6,405,405
lightgbm_mse_regression,cluster_1295,1295,Cluster 1295: ECFP_231 (n=1),ECFP_231,ECFP_231,1,"[""ECFP_231""]",5,3156,7.235904548774677e-06,7.226745175928128e-06,1.615949346944397e-05,5.106685611903191e-06,1.1418896167935645e-05,-1.1661920187055075e-06,0.0,0.0,3.613372587964064e-05,0.0,1,1,406,404
lightgbm_mse_regression,cluster_1902,1902,Cluster 1902: ECFP_784 (n=1),ECFP_784,ECFP_784,1,"[""ECFP_784""]",5,3156,6.945701501659402e-06,6.936909474442111e-06,1.55114011386149e-05,4.901876978062796e-06,1.0960930140289658e-05,1.931310198331649e-06,0.0,0.0,3.4684547372210555e-05,0.2,1,1,407,407
lightgbm_mse_regression,cluster_1460,1460,Cluster 1460: ECFP_381 (n=1),ECFP_381,ECFP_381,1,"[""ECFP_381""]",5,3156,6.465127445467885e-06,6.467176614230316e-06,1.446104653191592e-05,4.363230759940915e-06,9.756480580745952e-06,2.767654528524073e-06,0.0,0.0,3.233588307115158e-05,0.2,1,1,408,408
lightgbm_mse_regression,cluster_1920,1920,Cluster 1920: ECFP_800 (n=1),ECFP_800,ECFP_800,1,"[""ECFP_800""]",5,3156,5.8316448317012136e-06,5.827590039787959e-06,8.479398902972951e-06,4.050780912016265e-06,5.947148477798002e-06,1.2389074500897233e-06,0.0,0.0,1.8624513318016656e-05,0.4,1,1,409,409
lightgbm_mse_regression,cluster_2157,2157,Cluster 2157: GhoseFilter (n=1),GhoseFilter,GhoseFilter,1,"[""GhoseFilter""]",5,3156,5.23126705748519e-06,5.224645200450398e-06,1.1682661826525105e-05,3.691927669085487e-06,8.255401236087496e-06,-2.6709890307762576e-06,0.0,0.0,2.612322600225199e-05,0.0,1,1,410,410
lightgbm_mse_regression,cluster_2178,2178,Cluster 2178: MACCS_108 (n=1),MACCS_108,MACCS_108,1,"[""MACCS_108""]",5,3156,5.130741206411324e-06,5.129395668124639e-06,7.434745987651664e-06,3.5206037910737093e-06,5.060411658681359e-06,5.473671601703578e-07,0.0,0.0,1.6271063839719898e-05,0.4,1,1,411,411
lightgbm_mse_regression,cluster_259,259,Cluster 259: ECFP_1141 (n=1),ECFP_1141,ECFP_1141,1,"[""ECFP_1141""]",5,3156,5.030985247243854e-06,5.032579854295279e-06,1.125319065640023e-05,3.39534676906817e-06,7.592226182820709e-06,3.4767867135216498e-06,0.0,0.0,2.5162899271476394e-05,0.2,1,1,412,412
lightgbm_mse_regression,cluster_2233,2233,Cluster 2233: MACCS_23 (n=1),MACCS_23,MACCS_23,1,"[""MACCS_23""]",5,3156,4.395745219035813e-06,4.397138482179723e-06,9.832300552634108e-06,2.9666315032978025e-06,6.633589705566278e-06,2.627156955225454e-07,0.0,0.0,2.1985692410898613e-05,0.2,1,1,413,413
lightgbm_mse_regression,cluster_2285,2285,Cluster 2285: SaaS (n=2),SaaS,SaaS,2,"[""SaaS"", ""NaaS""]",5,3156,4.3354068800603075e-06,4.336781018532593e-06,9.697337160969654e-06,2.8407707800596784e-06,6.352156572708545e-06,-2.2456103580048296e-06,0.0,0.0,2.1683905092662966e-05,0.0,2,2,414,414
lightgbm_mse_regression,cluster_1237,1237,Cluster 1237: ECFP_2021 (n=1),ECFP_2021,ECFP_2021,1,"[""ECFP_2021""]",5,3156,3.824908534562391e-06,3.826120866902982e-06,8.555466348525492e-06,2.5813812198957146e-06,5.77214388352815e-06,-9.933003759134944e-07,0.0,0.0,1.9130604334514907e-05,0.0,1,1,415,415
lightgbm_mse_regression,cluster_1837,1837,Cluster 1837: ECFP_724 (n=1),ECFP_724,ECFP_724,1,"[""ECFP_724""]",5,3156,3.5184584677751593e-06,3.5195736685573383e-06,7.870005974712523e-06,2.3745620397526647e-06,5.309682137677516e-06,-3.639831045659787e-07,0.0,0.0,1.759786834278669e-05,0.0,1,1,416,417
lightgbm_mse_regression,cluster_2295,2295,Cluster 2295: SssS (n=2),SssS,SssS,2,"[""SssS"", ""NssS""]",5,3156,3.4773587729324332e-06,3.478460946869971e-06,7.77807513427954e-06,2.3468243881325595e-06,5.247658863118754e-06,3.9354465676518073e-07,0.0,0.0,1.7392304734349854e-05,0.2,2,2,417,418
lightgbm_mse_regression,cluster_124,124,Cluster 124: ECFP_102 (n=1),ECFP_102,ECFP_102,1,"[""ECFP_102""]",5,3156,3.4140911907206138e-06,3.40976955630198e-06,7.624476515500524e-06,2.409469368184351e-06,5.387737296963678e-06,-3.358427507451565e-07,0.0,0.0,1.70488477815099e-05,0.0,1,1,418,416
lightgbm_mse_regression,cluster_1042,1042,Cluster 1042: ECFP_1847 (n=1),ECFP_1847,ECFP_1847,1,"[""ECFP_1847""]",5,3156,3.3425802085938037e-06,3.3436396634935166e-06,7.476605579836025e-06,2.2558640810600016e-06,5.04426543325026e-06,-1.715890762354827e-06,0.0,0.0,1.6718198317467583e-05,0.0,1,1,419,419
lightgbm_mse_regression,cluster_2064,2064,Cluster 2064: ECFP_932 (n=1),ECFP_932,ECFP_932,1,"[""ECFP_932""]",5,3156,3.191712623767652e-06,3.1927242600984823e-06,7.139148478992926e-06,2.1540455024869043e-06,4.8165921701884106e-06,2.1080115390134182e-07,0.0,0.0,1.596362130049241e-05,0.2,1,1,420,420
lightgbm_mse_regression,cluster_1728,1728,Cluster 1728: ECFP_624 (n=1),ECFP_624,ECFP_624,1,"[""ECFP_624""]",5,3156,3.1278392875464725e-06,3.128830678762811e-06,6.996278087800452e-06,2.110938215323421e-06,4.720201345765258e-06,-1.3188219543434408e-07,0.0,0.0,1.5644153393814054e-05,0.0,1,1,421,422
lightgbm_mse_regression,cluster_1359,1359,Cluster 1359: ECFP_29 (n=1),ECFP_29,ECFP_29,1,"[""ECFP_29""]",5,3156,3.040027990477163e-06,3.037514744822789e-06,4.795496325186483e-06,2.119454037495681e-06,3.3809032464893612e-06,3.197309518224835e-07,0.0,0.0,1.096931803002812e-05,0.4,1,1,422,421
lightgbm_mse_regression,cluster_1049,1049,Cluster 1049: ECFP_1853 (n=1),ECFP_1853,ECFP_1853,1,"[""ECFP_1853""]",5,3156,3.0238292417762293e-06,3.024787666258567e-06,6.763630839257103e-06,2.0407431828394566e-06,4.563240481448308e-06,-3.2097165783951137e-07,0.0,0.0,1.5123938331292836e-05,0.0,1,1,423,423
lightgbm_mse_regression,cluster_1692,1692,Cluster 1692: ECFP_592 (n=1),ECFP_592,ECFP_592,1,"[""ECFP_592""]",5,3156,2.887234134495517e-06,2.8881492641736455e-06,6.45809808385827e-06,1.948556914467836e-06,4.357105718777325e-06,7.908367478496154e-07,0.0,0.0,1.4440746320868227e-05,0.2,1,1,424,424
lightgbm_mse_regression,cluster_1961,1961,Cluster 1961: ECFP_84 (n=1),ECFP_84,ECFP_84,1,"[""ECFP_84""]",5,3156,2.8649754871183405e-06,2.8658835617576806e-06,6.408310459689391e-06,1.9335348417043895e-06,4.32351534291531e-06,-1.788852262630967e-06,0.0,0.0,1.4329417808788404e-05,0.0,1,1,425,425
lightgbm_mse_regression,cluster_1535,1535,Cluster 1535: ECFP_45 (n=1),ECFP_45,ECFP_45,1,"[""ECFP_45""]",5,3156,2.725535616629582e-06,2.7220855715452406e-06,6.0867683785465245e-06,1.923526412538004e-06,4.3011358149512806e-06,1.7355547389163753e-07,0.0,0.0,1.3610427857726203e-05,0.2,1,1,426,426
lightgbm_mse_regression,cluster_2243,2243,Cluster 2243: MACCS_38 (n=1),MACCS_38,MACCS_38,1,"[""MACCS_38""]",5,3156,2.663190734718525e-06,2.664034852225568e-06,5.956963024004978e-06,1.7321780109315734e-06,3.873267781573372e-06,-9.113914760345017e-07,0.0,0.0,1.3320174261127839e-05,0.0,1,1,427,427
lightgbm_mse_regression,cluster_1759,1759,Cluster 1759: ECFP_652 (n=1),ECFP_652,ECFP_652,1,"[""ECFP_652""]",5,3156,2.39133644653342e-06,2.3920943978635415e-06,5.348885682219306e-06,1.6138819890080774e-06,3.6087498350846295e-06,9.624517596317672e-09,0.0,0.0,1.1960471989317707e-05,0.2,1,1,428,428
lightgbm_mse_regression,cluster_580,580,Cluster 580: ECFP_1430 (n=1),ECFP_1430,ECFP_1430,1,"[""ECFP_1430""]",5,3156,2.2445966236795553e-06,2.2417553621305938e-06,5.012717378648665e-06,1.5841073089627629e-06,3.542171626494999e-06,-6.34973737332628e-07,0.0,0.0,1.120877681065297e-05,0.0,1,1,429,429
lightgbm_mse_regression,cluster_2208,2208,Cluster 2208: MACCS_141 (n=1),MACCS_141,MACCS_141,1,"[""MACCS_141""]",5,3156,2.2333748300322534e-06,2.234082714288999e-06,4.995560816507442e-06,1.4526194914682986e-06,3.248155928364292e-06,-5.9423654660827e-08,0.0,0.0,1.1170413571444994e-05,0.0,1,1,430,431
lightgbm_mse_regression,cluster_2376,2376,Cluster 2376: n9FaHRing (n=2),n9FaHRing,n9FaHRing,2,"[""n9FaHRing"", ""n9FaRing""]",5,3156,2.202698964410933e-06,2.199910737873704e-06,4.919149954317324e-06,1.5545383487426161e-06,3.4760534214187646e-06,2.8942686113203673e-07,0.0,0.0,1.099955368936852e-05,0.2,2,2,431,430
lightgbm_mse_regression,cluster_1671,1671,Cluster 1671: ECFP_573 (n=1),ECFP_573,ECFP_573,1,"[""ECFP_573""]",5,3156,2.0369536497625825e-06,2.0375992769098922e-06,4.556210494074937e-06,1.374713630347438e-06,3.073953127052389e-06,-6.973300511030995e-07,0.0,0.0,1.0187996384549462e-05,0.0,1,1,432,432
lightgbm_mse_regression,cluster_411,411,Cluster 411: ECFP_1279 (n=1),ECFP_1279,ECFP_1279,1,"[""ECFP_1279""]",5,3156,1.8841716541341425e-06,1.884768855926261e-06,4.214471283725626e-06,1.2716030407242623e-06,2.843390839454884e-06,8.603609607762363e-07,0.0,0.0,9.423844279631305e-06,0.2,1,1,433,433
lightgbm_mse_regression,cluster_508,508,Cluster 508: NdCH2 (n=4),NdCH2,NdCH2,4,"[""NdCH2"", ""MACCS_34"", ""SdCH2"", ""ECFP_1366""]",5,3156,1.8233247144475752e-06,1.8239026303634064e-06,4.078370265833249e-06,1.2305382293762956e-06,2.7515671297976257e-06,4.856114790400689e-07,0.0064941317187172665,0.0,9.119513151817032e-06,0.2,4,4,434,434
lightgbm_mse_regression,cluster_900,900,Cluster 900: ECFP_1719 (n=1),ECFP_1719,ECFP_1719,1,"[""ECFP_1719""]",5,3156,1.6133581417158826e-06,1.6138695072124644e-06,3.608721924941157e-06,1.0888345094682667e-06,2.434707979418683e-06,9.9013215345725e-07,0.0,0.0,8.069347536062322e-06,0.2,1,1,435,435
lightgbm_mse_regression,cluster_429,429,Cluster 429: ECFP_1295 (n=1),ECFP_1295,ECFP_1295,1,"[""ECFP_1295""]",5,3156,1.2523774476380467e-06,1.2527743977006897e-06,2.801288713730098e-06,8.45213315388117e-07,1.8899544286957986e-06,-2.426480469029559e-07,0.0,0.0,6.263871988503448e-06,0.0,1,1,436,436
lightgbm_mse_regression,cluster_175,175,Cluster 175: ECFP_1066 (n=1),ECFP_1066,ECFP_1066,1,"[""ECFP_1066""]",5,3156,1.1373153634282377e-06,1.137675843733603e-06,2.5439205229477647e-06,7.675594053357965e-07,1.7163150071001556e-06,-1.6806313568489777e-07,0.0,0.0,5.688379218668015e-06,0.0,1,1,437,437
lightgbm_mse_regression,cluster_939,939,Cluster 939: ECFP_1754 (n=1),ECFP_1754,ECFP_1754,1,"[""ECFP_1754""]",5,3156,1.1258545787144268e-06,1.1262114264414362e-06,2.5182853065600556e-06,7.322722024120727e-07,1.63741042262688e-06,-4.5112138187823755e-07,0.0,0.0,5.631057132207181e-06,0.0,1,1,438,439
lightgbm_mse_regression,cluster_617,617,Cluster 617: ECFP_1464 (n=1),ECFP_1464,ECFP_1464,1,"[""ECFP_1464""]",5,3156,1.0953844082063378e-06,1.095731598193091e-06,2.450130338654237e-06,7.392607468544154e-07,1.6530372830637368e-06,3.4366793267672397e-07,0.0,0.0,5.478657990965454e-06,0.2,1,1,439,438
lightgbm_mse_regression,cluster_1181,1181,Cluster 1181: ECFP_1972 (n=1),ECFP_1972,ECFP_1972,1,"[""ECFP_1972""]",5,3156,1.0784573617385978e-06,1.0787991865759159e-06,2.4122683152552264e-06,7.278369024761016e-07,1.6274927904694483e-06,-7.862264430020586e-08,0.0,0.0,5.39399593287958e-06,0.0,1,1,440,440
lightgbm_mse_regression,cluster_558,558,Cluster 558: ECFP_1410 (n=1),ECFP_1410,ECFP_1410,1,"[""ECFP_1410""]",5,3156,8.695345708375669e-07,8.698101760898133e-07,1.944954681257885e-06,5.868376174038317e-07,1.3122088042689813e-06,-3.6495893104618476e-08,0.0,0.0,4.3490508804490665e-06,0.0,1,1,441,441
lightgbm_mse_regression,cluster_747,747,Cluster 747: ECFP_1581 (n=1),ECFP_1581,ECFP_1581,1,"[""ECFP_1581""]",5,3156,7.179590501942845e-07,7.181866124922859e-07,1.6059140860630508e-06,4.845412621187634e-07,1.0834672000010987e-06,-1.8077870780845335e-07,0.0,0.0,3.5909330624614293e-06,0.0,1,1,442,442
lightgbm_mse_regression,cluster_773,773,Cluster 773: ECFP_1604 (n=1),ECFP_1604,ECFP_1604,1,"[""ECFP_1604""]",5,3156,5.780210086670785e-07,5.782042165937558e-07,1.2929039331806498e-06,3.900988907304904e-07,8.722876376206392e-07,-1.2079126942337826e-07,0.0,0.0,2.891021082968779e-06,0.0,1,1,443,443
lightgbm_mse_regression,cluster_1763,1763,Cluster 1763: ECFP_656 (n=2),ECFP_656,ECFP_656,2,"[""ECFP_656"", ""MACCS_57""]",5,3156,3.7560348216526855e-07,3.757225323973336e-07,8.401411231188048e-07,2.534899243282921e-07,5.668207024093388e-07,-4.454891358157811e-08,0.0,0.0,1.878612661986668e-06,0.0,2,2,444,444
lightgbm_mse_regression,cluster_1115,1115,Cluster 1115: ECFP_1912 (n=1),ECFP_1912,ECFP_1912,1,"[""ECFP_1912""]",5,3156,3.3158609207701687e-07,3.316911906798939e-07,7.416840498980875e-07,2.2378315798449597e-07,5.003943534729078e-07,2.0188387588642247e-07,0.0,0.0,1.6584559533994695e-06,0.2,1,1,445,445
lightgbm_mse_regression,cluster_1860,1860,Cluster 1860: ECFP_745 (n=1),ECFP_745,ECFP_745,1,"[""ECFP_745""]",5,3156,3.130493177149687e-07,3.1314854095354715e-07,7.002214246270083e-07,2.1127292910366076e-07,4.724206312812792e-07,1.1641985575574205e-07,0.0,0.0,1.5657427047677356e-06,0.2,1,1,446,446
lightgbm_mse_regression,cluster_728,728,Cluster 728: ECFP_1564 (n=1),ECFP_1564,ECFP_1564,1,"[""ECFP_1564""]",5,3156,2.781843784339948e-07,2.782725509786649e-07,6.222363402605704e-07,1.877430332435478e-07,4.198061846345758e-07,-1.1866991834049503e-07,0.0,0.0,1.3913627548933245e-06,0.0,1,1,447,447
lightgbm_mse_regression,cluster_1210,1210,Cluster 1210: ECFP_1999 (n=1),ECFP_1999,ECFP_1999,1,"[""ECFP_1999""]",5,3156,2.0200454972945415e-07,2.0206857652810056e-07,4.518390732334513e-07,1.3633025372847567e-07,3.0484371472666575e-07,5.508366144735482e-08,0.0,0.0,1.0103428826405028e-06,0.2,1,1,448,448
lightgbm_mse_regression,cluster_2242,2242,Cluster 2242: MACCS_37 (n=1),MACCS_37,MACCS_37,1,"[""MACCS_37""]",5,3156,1.6528265433767884e-07,1.6533504186678746e-07,3.697003926769105e-07,1.1154712224526779e-07,2.494269480348978e-07,7.3635662992372275e-09,0.0,0.0,8.266752093339373e-07,0.2,1,1,449,449
lightgbm_mse_regression,cluster_215,215,Cluster 215: ECFP_1101 (n=1),ECFP_1101,ECFP_1101,1,"[""ECFP_1101""]",5,3156,1.475398965562293e-07,1.4758666039032003e-07,3.3001380520493127e-07,9.957276486852795e-08,2.226514709536314e-07,-5.2429057763354545e-09,0.0,0.0,7.379333019516002e-07,0.0,1,1,450,450
lightgbm_mse_regression,cluster_1644,1644,Cluster 1644: ECFP_548 (n=1),ECFP_548,ECFP_548,1,"[""ECFP_548""]",5,3156,1.4485323089746772e-07,1.4489914317350495e-07,3.2400433401743166e-07,9.775956902005272e-08,2.1859704177992038e-07,4.9163091794441394e-08,0.0,0.0,7.244957158675247e-07,0.2,1,1,451,451
lightgbm_mse_regression,cluster_823,823,Cluster 823: ECFP_165 (n=1),ECFP_165,ECFP_165,1,"[""ECFP_165""]",5,3156,1.2943941334891152e-07,1.2948044010433114e-07,2.895270658298744e-07,8.735698323605195e-08,1.953361528251217e-07,2.7696729356118538e-08,0.0,0.0,6.474022005216557e-07,0.2,1,1,452,452
lightgbm_mse_regression,cluster_2255,2255,Cluster 2255: MACCS_59 (n=1),MACCS_59,MACCS_59,1,"[""MACCS_59""]",5,3156,1.0356272083132045e-07,1.0359554578245559e-07,2.3164668253576234e-07,6.989313867759172e-08,1.5628580924391486e-07,1.9987895700780642e-08,0.0,0.0,5.179777289122779e-07,0.2,1,1,453,453
lightgbm_mse_regression,cluster_1466,1466,Cluster 1466: ECFP_387 (n=1),ECFP_387,ECFP_387,1,"[""ECFP_387""]",5,3156,9.176522559376199e-08,9.179431124371247e-08,2.0525831988871437e-07,6.193116197334962e-08,1.3848228809795975e-07,2.2349574794867822e-08,0.0,0.0,4.5897155621856237e-07,0.2,1,1,454,454
lightgbm_mse_regression,cluster_545,545,Cluster 545: ECFP_14 (n=1),ECFP_14,ECFP_14,1,"[""ECFP_14""]",5,3156,8.167610432882114e-08,8.17019921590363e-08,1.8269120836475999e-07,5.5122144731961253e-08,1.2325686268624728e-07,-1.9474554880514063e-08,0.0,0.0,4.0850996079518147e-07,0.0,1,1,455,455
lightgbm_mse_regression,cluster_261,261,Cluster 261: ECFP_1143 (n=1),ECFP_1143,ECFP_1143,1,"[""ECFP_1143""]",5,3156,5.868516636910938e-08,5.870376705575569e-08,1.312656136719824e-07,3.960585854087787e-08,8.856139200464355e-08,-1.5540450825542557e-08,0.0,0.0,2.9351883527877845e-07,0.0,1,1,456,456
lightgbm_mse_regression,cluster_624,624,Cluster 624: ECFP_1470 (n=1),ECFP_1470,ECFP_1470,1,"[""ECFP_1470""]",5,3156,5.4647290564003267e-08,5.466461141679693e-08,1.2223378709156903e-07,3.6880748468993564e-08,8.24678606377409e-08,-3.4512215578998103e-09,0.0,0.0,2.7332305708398463e-07,0.0,1,1,457,457
lightgbm_mse_regression,cluster_564,564,Cluster 564: ECFP_1416 (n=1),ECFP_1416,ECFP_1416,1,"[""ECFP_1416""]",5,3156,3.8885564809803475e-08,3.889788986996506e-08,8.697832593054232e-08,2.624336394400832e-08,5.868194573706958e-08,1.0151707580758604e-08,0.0,0.0,1.944894493498253e-07,0.2,1,1,458,458
lightgbm_mse_regression,cluster_820,820,Cluster 820: ECFP_1647 (n=1),ECFP_1647,ECFP_1647,1,"[""ECFP_1647""]",5,3156,3.728407806389581e-08,3.729589552128531e-08,8.339615766732391e-08,2.516254128578208e-08,5.6265152801653696e-08,-1.1867737131902693e-08,0.0,0.0,1.8647947760642656e-07,0.0,1,1,459,459
lightgbm_mse_regression,cluster_2355,2355,Cluster 2355: n10FARing (n=2),n10FARing,n10FARing,2,"[""n10FARing"", ""n10FAHRing""]",5,3156,2.9152842652173318e-08,2.916208285586656e-08,6.520839963119883e-08,1.9674875843143497e-08,4.399435983413735e-08,7.973893864093335e-09,0.7917647499054805,0.0,1.458104142793328e-07,0.2,2,2,460,460
lightgbm_mse_regression,cluster_316,316,Cluster 316: ECFP_1193 (n=1),ECFP_1193,ECFP_1193,1,"[""ECFP_1193""]",5,3156,0.0,0.0,0.0,0.0,0.0,0.0,,0.0,0.0,0.0,1,1,461,461
lightgbm_mse_regression,cluster_311,311,Cluster 311: ECFP_1189 (n=1),ECFP_1189,ECFP_1189,1,"[""ECFP_1189""]",5,3156,0.0,0.0,0.0,0.0,0.0,0.0,,0.0,0.0,0.0,1,1,461,461
lightgbm_mse_regression,cluster_312,312,Cluster 312: ECFP_119 (n=1),ECFP_119,ECFP_119,1,"[""ECFP_119""]",5,3156,0.0,0.0,0.0,0.0,0.0,0.0,,0.0,0.0,0.0,1,1,461,461
lightgbm_mse_regression,cluster_313,313,Cluster 313: ECFP_1190 (n=1),ECFP_1190,ECFP_1190,1,"[""ECFP_1190""]",5,3156,0.0,0.0,0.0,0.0,0.0,0.0,,0.0,0.0,0.0,1,1,461,461
lightgbm_mse_regression,cluster_314,314,Cluster 314: ECFP_1191 (n=1),ECFP_1191,ECFP_1191,1,"[""ECFP_1191""]",5,3156,0.0,0.0,0.0,0.0,0.0,0.0,,0.0,0.0,0.0,1,1,461,461
lightgbm_mse_regression,cluster_315,315,Cluster 315: ECFP_1192 (n=1),ECFP_1192,ECFP_1192,1,"[""ECFP_1192""]",5,3156,0.0,0.0,0.0,0.0,0.0,0.0,,0.0,0.0,0.0,1,1,461,461
lightgbm_mse_regression,cluster_318,318,Cluster 318: ECFP_1195 (n=1),ECFP_1195,ECFP_1195,1,"[""ECFP_1195""]",5,3156,0.0,0.0,0.0,0.0,0.0,0.0,,0.0,0.0,0.0,1,1,461,461
lightgbm_mse_regression,cluster_317,317,Cluster 317: ECFP_1194 (n=1),ECFP_1194,ECFP_1194,1,"[""ECFP_1194""]",4,2525,0.0,0.0,0.0,0.0,0.0,0.0,,0.0,0.0,0.0,1,1,461,461
lightgbm_mse_regression,cluster_309,309,Cluster 309: ECFP_1187 (n=1),ECFP_1187,ECFP_1187,1,"[""ECFP_1187""]",5,3156,0.0,0.0,0.0,0.0,0.0,0.0,,0.0,0.0,0.0,1,1,461,461
lightgbm_mse_regression,cluster_319,319,Cluster 319: ECFP_1196 (n=1),ECFP_1196,ECFP_1196,1,"[""ECFP_1196""]",5,3156,0.0,0.0,0.0,0.0,0.0,0.0,,0.0,0.0,0.0,1,1,461,461
lightgbm_mse_regression,cluster_320,320,Cluster 320: ECFP_1197 (n=1),ECFP_1197,ECFP_1197,1,"[""ECFP_1197""]",5,3156,0.0,0.0,0.0,0.0,0.0,0.0,,0.0,0.0,0.0,1,1,461,461
lightgbm_mse_regression,cluster_323,323,Cluster 323: ECFP_12 (n=1),ECFP_12,ECFP_12,1,"[""ECFP_12""]",5,3156,0.0,0.0,0.0,0.0,0.0,0.0,,0.0,0.0,0.0,1,1,461,461
lightgbm_mse_regression,cluster_310,310,Cluster 310: ECFP_1188 (n=1),ECFP_1188,ECFP_1188,1,"[""ECFP_1188""]",5,3156,0.0,0.0,0.0,0.0,0.0,0.0,,0.0,0.0,0.0,1,1,461,461
lightgbm_mse_regression,cluster_306,306,Cluster 306: ECFP_1184 (n=1),ECFP_1184,ECFP_1184,1,"[""ECFP_1184""]",5,3156,0.0,0.0,0.0,0.0,0.0,0.0,,0.0,0.0,0.0,1,1,461,461
lightgbm_mse_regression,cluster_308,308,Cluster 308: ECFP_1186 (n=1),ECFP_1186,ECFP_1186,1,"[""ECFP_1186""]",5,3156,0.0,0.0,0.0,0.0,0.0,0.0,,0.0,0.0,0.0,1,1,461,461
lightgbm_mse_regression,cluster_325,325,Cluster 325: ECFP_1200 (n=1),ECFP_1200,ECFP_1200,1,"[""ECFP_1200""]",5,3156,0.0,0.0,0.0,0.0,0.0,0.0,,0.0,0.0,0.0,1,1,461,461
lightgbm_mse_regression,cluster_305,305,Cluster 305: ECFP_1183 (n=1),ECFP_1183,ECFP_1183,1,"[""ECFP_1183""]",4,2524,0.0,0.0,0.0,0.0,0.0,0.0,,0.0,0.0,0.0,1,1,461,461
lightgbm_mse_regression,cluster_304,304,Cluster 304: ECFP_1182 (n=1),ECFP_1182,ECFP_1182,1,"[""ECFP_1182""]",5,3156,0.0,0.0,0.0,0.0,0.0,0.0,,0.0,0.0,0.0,1,1,461,461
lightgbm_mse_regression,cluster_303,303,Cluster 303: ECFP_1181 (n=1),ECFP_1181,ECFP_1181,1,"[""ECFP_1181""]",5,3156,0.0,0.0,0.0,0.0,0.0,0.0,,0.0,0.0,0.0,1,1,461,461
lightgbm_mse_regression,cluster_301,301,Cluster 301: ECFP_118 (n=1),ECFP_118,ECFP_118,1,"[""ECFP_118""]",5,3156,0.0,0.0,0.0,0.0,0.0,0.0,,0.0,0.0,0.0,1,1,461,461
lightgbm_mse_regression,cluster_300,300,Cluster 300: ECFP_1179 (n=1),ECFP_1179,ECFP_1179,1,"[""ECFP_1179""]",5,3156,0.0,0.0,0.0,0.0,0.0,0.0,,0.0,0.0,0.0,1,1,461,461
lightgbm_mse_regression,cluster_299,299,Cluster 299: ECFP_1178 (n=1),ECFP_1178,ECFP_1178,1,"[""ECFP_1178""]",5,3156,0.0,0.0,0.0,0.0,0.0,0.0,,0.0,0.0,0.0,1,1,461,461
lightgbm_mse_regression,cluster_298,298,Cluster 298: ECFP_1177 (n=1),ECFP_1177,ECFP_1177,1,"[""ECFP_1177""]",5,3156,0.0,0.0,0.0,0.0,0.0,0.0,,0.0,0.0,0.0,1,1,461,461
lightgbm_mse_regression,cluster_297,297,Cluster 297: ECFP_1176 (n=1),ECFP_1176,ECFP_1176,1,"[""ECFP_1176""]",5,3156,0.0,0.0,0.0,0.0,0.0,0.0,,0.0,0.0,0.0,1,1,461,461
lightgbm_mse_regression,cluster_296,296,Cluster 296: ECFP_1175 (n=1),ECFP_1175,ECFP_1175,1,"[""ECFP_1175""]",5,3156,0.0,0.0,0.0,0.0,0.0,0.0,,0.0,0.0,0.0,1,1,461,461
lightgbm_mse_regression,cluster_295,295,Cluster 295: ECFP_1174 (n=1),ECFP_1174,ECFP_1174,1,"[""ECFP_1174""]",5,3156,0.0,0.0,0.0,0.0,0.0,0.0,,0.0,0.0,0.0,1,1,461,461
lightgbm_mse_regression,cluster_324,324,Cluster 324: ECFP_120 (n=1),ECFP_120,ECFP_120,1,"[""ECFP_120""]",5,3156,0.0,0.0,0.0,0.0,0.0,0.0,,0.0,0.0,0.0,1,1,461,461
lightgbm_mse_regression,cluster_328,328,Cluster 328: ECFP_1203 (n=1),ECFP_1203,ECFP_1203,1,"[""ECFP_1203""]",5,3156,0.0,0.0,0.0,0.0,0.0,0.0,,0.0,0.0,0.0,1,1,461,461
lightgbm_mse_regression,cluster_326,326,Cluster 326: ECFP_1201 (n=1),ECFP_1201,ECFP_1201,1,"[""ECFP_1201""]",4,2525,0.0,0.0,0.0,0.0,0.0,0.0,,0.0,0.0,0.0,1,1,461,461
lightgbm_mse_regression,cluster_342,342,Cluster 342: ECFP_1216 (n=1),ECFP_1216,ECFP_1216,1,"[""ECFP_1216""]",4,2525,0.0,0.0,0.0,0.0,0.0,0.0,,0.0,0.0,0.0,1,1,461,461
lightgbm_mse_regression,cluster_353,353,Cluster 353: ECFP_1226 (n=1),ECFP_1226,ECFP_1226,1,"[""ECFP_1226""]",5,3156,0.0,0.0,0.0,0.0,0.0,0.0,,0.0,0.0,0.0,1,1,461,461
lightgbm_mse_regression,cluster_352,352,Cluster 352: ECFP_1225 (n=1),ECFP_1225,ECFP_1225,1,"[""ECFP_1225""]",5,3156,0.0,0.0,0.0,0.0,0.0,0.0,,0.0,0.0,0.0,1,1,461,461
lightgbm_mse_regression,cluster_351,351,Cluster 351: ECFP_1224 (n=1),ECFP_1224,ECFP_1224,1,"[""ECFP_1224""]",5,3156,0.0,0.0,0.0,0.0,0.0,0.0,,0.0,0.0,0.0,1,1,461,461
lightgbm_mse_regression,cluster_350,350,Cluster 350: ECFP_1223 (n=1),ECFP_1223,ECFP_1223,1,"[""ECFP_1223""]",5,3156,0.0,0.0,0.0,0.0,0.0,0.0,,0.0,0.0,0.0,1,1,461,461
lightgbm_mse_regression,cluster_349,349,Cluster 349: ECFP_1222 (n=1),ECFP_1222,ECFP_1222,1,"[""ECFP_1222""]",5,3156,0.0,0.0,0.0,0.0,0.0,0.0,,0.0,0.0,0.0,1,1,461,461
lightgbm_mse_regression,cluster_348,348,Cluster 348: ECFP_1221 (n=1),ECFP_1221,ECFP_1221,1,"[""ECFP_1221""]",5,3156,0.0,0.0,0.0,0.0,0.0,0.0,,0.0,0.0,0.0,1,1,461,461
lightgbm_mse_regression,cluster_347,347,Cluster 347: ECFP_1220 (n=1),ECFP_1220,ECFP_1220,1,"[""ECFP_1220""]",5,3156,0.0,0.0,0.0,0.0,0.0,0.0,,0.0,0.0,0.0,1,1,461,461
lightgbm_mse_regression,cluster_346,346,Cluster 346: ECFP_122 (n=1),ECFP_122,ECFP_122,1,"[""ECFP_122""]",5,3156,0.0,0.0,0.0,0.0,0.0,0.0,,0.0,0.0,0.0,1,1,461,461
lightgbm_mse_regression,cluster_345,345,Cluster 345: ECFP_1219 (n=1),ECFP_1219,ECFP_1219,1,"[""ECFP_1219""]",5,3156,0.0,0.0,0.0,0.0,0.0,0.0,,0.0,0.0,0.0,1,1,461,461
lightgbm_mse_regression,cluster_344,344,Cluster 344: ECFP_1218 (n=1),ECFP_1218,ECFP_1218,1,"[""ECFP_1218""]",5,3156,0.0,0.0,0.0,0.0,0.0,0.0,,0.0,0.0,0.0,1,1,461,461
lightgbm_mse_regression,cluster_343,343,Cluster 343: ECFP_1217 (n=1),ECFP_1217,ECFP_1217,1,"[""ECFP_1217""]",5,3156,0.0,0.0,0.0,0.0,0.0,0.0,,0.0,0.0,0.0,1,1,461,461
lightgbm_mse_regression,cluster_340,340,Cluster 340: ECFP_1214 (n=1),ECFP_1214,ECFP_1214,1,"[""ECFP_1214""]",5,3156,0.0,0.0,0.0,0.0,0.0,0.0,,0.0,0.0,0.0,1,1,461,461
lightgbm_mse_regression,cluster_293,293,Cluster 293: ECFP_1172 (n=1),ECFP_1172,ECFP_1172,1,"[""ECFP_1172""]",5,3156,0.0,0.0,0.0,0.0,0.0,0.0,,0.0,0.0,0.0,1,1,461,461
lightgbm_mse_regression,cluster_339,339,Cluster 339: ECFP_1213 (n=1),ECFP_1213,ECFP_1213,1,"[""ECFP_1213""]",5,3156,0.0,0.0,0.0,0.0,0.0,0.0,,0.0,0.0,0.0,1,1,461,461
lightgbm_mse_regression,cluster_338,338,Cluster 338: ECFP_1212 (n=1),ECFP_1212,ECFP_1212,1,"[""ECFP_1212""]",4,2525,0.0,0.0,0.0,0.0,0.0,0.0,,0.0,0.0,0.0,1,1,461,461
lightgbm_mse_regression,cluster_337,337,Cluster 337: ECFP_1211 (n=1),ECFP_1211,ECFP_1211,1,"[""ECFP_1211""]",5,3156,0.0,0.0,0.0,0.0,0.0,0.0,,0.0,0.0,0.0,1,1,461,461
lightgbm_mse_regression,cluster_336,336,Cluster 336: ECFP_1210 (n=1),ECFP_1210,ECFP_1210,1,"[""ECFP_1210""]",5,3156,0.0,0.0,0.0,0.0,0.0,0.0,,0.0,0.0,0.0,1,1,461,461
lightgbm_mse_regression,cluster_335,335,Cluster 335: ECFP_121 (n=1),ECFP_121,ECFP_121,1,"[""ECFP_121""]",5,3156,0.0,0.0,0.0,0.0,0.0,0.0,,0.0,0.0,0.0,1,1,461,461
lightgbm_mse_regression,cluster_334,334,Cluster 334: ECFP_1209 (n=1),ECFP_1209,ECFP_1209,1,"[""ECFP_1209""]",5,3156,0.0,0.0,0.0,0.0,0.0,0.0,,0.0,0.0,0.0,1,1,461,461
lightgbm_mse_regression,cluster_333,333,Cluster 333: ECFP_1208 (n=1),ECFP_1208,ECFP_1208,1,"[""ECFP_1208""]",5,3156,0.0,0.0,0.0,0.0,0.0,0.0,,0.0,0.0,0.0,1,1,461,461
lightgbm_mse_regression,cluster_332,332,Cluster 332: ECFP_1207 (n=1),ECFP_1207,ECFP_1207,1,"[""ECFP_1207""]",4,2524,0.0,0.0,0.0,0.0,0.0,0.0,,0.0,0.0,0.0,1,1,461,461
lightgbm_mse_regression,cluster_331,331,Cluster 331: ECFP_1206 (n=1),ECFP_1206,ECFP_1206,1,"[""ECFP_1206""]",4,2525,0.0,0.0,0.0,0.0,0.0,0.0,,0.0,0.0,0.0,1,1,461,461
lightgbm_mse_regression,cluster_330,330,Cluster 330: ECFP_1205 (n=1),ECFP_1205,ECFP_1205,1,"[""ECFP_1205""]",5,3156,0.0,0.0,0.0,0.0,0.0,0.0,,0.0,0.0,0.0,1,1,461,461
lightgbm_mse_regression,cluster_329,329,Cluster 329: ECFP_1204 (n=1),ECFP_1204,ECFP_1204,1,"[""ECFP_1204""]",4,2524,0.0,0.0,0.0,0.0,0.0,0.0,,0.0,0.0,0.0,1,1,461,461
lightgbm_mse_regression,cluster_294,294,Cluster 294: ECFP_1173 (n=1),ECFP_1173,ECFP_1173,1,"[""ECFP_1173""]",5,3156,0.0,0.0,0.0,0.0,0.0,0.0,,0.0,0.0,0.0,1,1,461,461
lightgbm_mse_regression,cluster_290,290,Cluster 290: ECFP_117 (n=1),ECFP_117,ECFP_117,1,"[""ECFP_117""]",5,3156,0.0,0.0,0.0,0.0,0.0,0.0,,0.0,0.0,0.0,1,1,461,461
lightgbm_mse_regression,cluster_291,291,Cluster 291: ECFP_1170 (n=1),ECFP_1170,ECFP_1170,1,"[""ECFP_1170""]",4,2525,0.0,0.0,0.0,0.0,0.0,0.0,,0.0,0.0,0.0,1,1,461,461
lightgbm_mse_regression,cluster_2389,2389,Cluster 2389: nG12FaRing (n=2),nG12FaRing,nG12FaRing,2,"[""nG12FaRing"", ""nG12FaHRing""]",5,3156,0.0,0.0,0.0,0.0,0.0,0.0,,0.0,0.0,0.0,2,2,461,461
lightgbm_mse_regression,cluster_247,247,Cluster 247: ECFP_1130 (n=1),ECFP_1130,ECFP_1130,1,"[""ECFP_1130""]",5,3156,0.0,0.0,0.0,0.0,0.0,0.0,,0.0,0.0,0.0,1,1,461,461
lightgbm_mse_regression,cluster_246,246,Cluster 246: ECFP_113 (n=1),ECFP_113,ECFP_113,1,"[""ECFP_113""]",4,2525,0.0,0.0,0.0,0.0,0.0,0.0,,0.0,0.0,0.0,1,1,461,461
lightgbm_mse_regression,cluster_245,245,Cluster 245: ECFP_1129 (n=1),ECFP_1129,ECFP_1129,1,"[""ECFP_1129""]",5,3156,0.0,0.0,0.0,0.0,0.0,0.0,,0.0,0.0,0.0,1,1,461,461
lightgbm_mse_regression,cluster_244,244,Cluster 244: ECFP_1128 (n=1),ECFP_1128,ECFP_1128,1,"[""ECFP_1128""]",5,3156,0.0,0.0,0.0,0.0,0.0,0.0,,0.0,0.0,0.0,1,1,461,461
lightgbm_mse_regression,cluster_243,243,Cluster 243: ECFP_1127 (n=1),ECFP_1127,ECFP_1127,1,"[""ECFP_1127""]",4,2525,0.0,0.0,0.0,0.0,0.0,0.0,,0.0,0.0,0.0,1,1,461,461
lightgbm_mse_regression,cluster_242,242,Cluster 242: ECFP_1126 (n=1),ECFP_1126,ECFP_1126,1,"[""ECFP_1126""]",5,3156,0.0,0.0,0.0,0.0,0.0,0.0,,0.0,0.0,0.0,1,1,461,461
lightgbm_mse_regression,cluster_241,241,Cluster 241: ECFP_1125 (n=1),ECFP_1125,ECFP_1125,1,"[""ECFP_1125""]",5,3156,0.0,0.0,0.0,0.0,0.0,0.0,,0.0,0.0,0.0,1,1,461,461
lightgbm_mse_regression,cluster_240,240,Cluster 240: ECFP_1124 (n=1),ECFP_1124,ECFP_1124,1,"[""ECFP_1124""]",5,3156,0.0,0.0,0.0,0.0,0.0,0.0,,0.0,0.0,0.0,1,1,461,461
lightgbm_mse_regression,cluster_239,239,Cluster 239: ECFP_1123 (n=1),ECFP_1123,ECFP_1123,1,"[""ECFP_1123""]",5,3156,0.0,0.0,0.0,0.0,0.0,0.0,,0.0,0.0,0.0,1,1,461,461
lightgbm_mse_regression,cluster_2392,2392,Cluster 2392: nSpiro (n=1),nSpiro,nSpiro,1,"[""nSpiro""]",5,3156,0.0,0.0,0.0,0.0,0.0,0.0,,0.0,0.0,0.0,1,1,461,461
lightgbm_mse_regression,cluster_238,238,Cluster 238: ECFP_1122 (n=1),ECFP_1122,ECFP_1122,1,"[""ECFP_1122""]",5,3156,0.0,0.0,0.0,0.0,0.0,0.0,,0.0,0.0,0.0,1,1,461,461
lightgbm_mse_regression,cluster_2386,2386,Cluster 2386: nG12ARing (n=4),nG12ARing,nG12ARing,4,"[""nG12ARing"", ""nG12Ring"", ""nG12AHRing"", ""nG12HRing""]",4,2525,0.0,0.0,0.0,0.0,0.0,0.0,,0.0,0.0,0.0,4,4,461,461
lightgbm_mse_regression,cluster_250,250,Cluster 250: ECFP_1133 (n=1),ECFP_1133,ECFP_1133,1,"[""ECFP_1133""]",5,3156,0.0,0.0,0.0,0.0,0.0,0.0,,0.0,0.0,0.0,1,1,461,461
lightgbm_mse_regression,cluster_2382,2382,Cluster 2382: nBridgehead (n=1),nBridgehead,nBridgehead,1,"[""nBridgehead""]",5,3156,0.0,0.0,0.0,0.0,0.0,0.0,,0.0,0.0,0.0,1,1,461,461
lightgbm_mse_regression,cluster_237,237,Cluster 237: ECFP_1121 (n=1),ECFP_1121,ECFP_1121,1,"[""ECFP_1121""]",5,3156,0.0,0.0,0.0,0.0,0.0,0.0,,0.0,0.0,0.0,1,1,461,461
lightgbm_mse_regression,cluster_2374,2374,Cluster 2374: n9FARing (n=2),n9FARing,n9FARing,2,"[""n9FARing"", ""n9FAHRing""]",5,3156,0.0,0.0,0.0,0.0,0.0,0.0,,0.0,0.0,0.0,2,2,461,461
lightgbm_mse_regression,cluster_2372,2372,Cluster 2372: n8FARing (n=4),n8FARing,n8FARing,4,"[""n8FARing"", ""n8FRing"", ""n8FAHRing"", ""n8FHRing""]",5,3156,0.0,0.0,0.0,0.0,0.0,0.0,,0.0,0.0,0.0,4,4,461,461
lightgbm_mse_regression,cluster_236,236,Cluster 236: ECFP_1120 (n=1),ECFP_1120,ECFP_1120,1,"[""ECFP_1120""]",5,3156,0.0,0.0,0.0,0.0,0.0,0.0,,0.0,0.0,0.0,1,1,461,461
lightgbm_mse_regression,cluster_2369,2369,Cluster 2369: n7aRing (n=1),n7aRing,n7aRing,1,"[""n7aRing""]",4,2524,0.0,0.0,0.0,0.0,0.0,0.0,,0.0,0.0,0.0,1,1,461,461
lightgbm_mse_regression,cluster_2368,2368,Cluster 2368: n7FARing (n=4),n7FARing,n7FARing,4,"[""n7FARing"", ""n7FRing"", ""n7FAHRing"", ""n7FHRing""]",5,3156,0.0,0.0,0.0,0.0,0.0,0.0,,0.0,0.0,0.0,2,4,461,461
lightgbm_mse_regression,cluster_2360,2360,Cluster 2360: n12FAHRing (n=4),n12FAHRing,n12FAHRing,4,"[""n12FAHRing"", ""n12FARing"", ""n12FHRing"", ""n12FRing""]",5,3156,0.0,0.0,0.0,0.0,0.0,0.0,,0.0,0.0,0.0,4,4,461,461
lightgbm_mse_regression,cluster_235,235,Cluster 235: ECFP_112 (n=1),ECFP_112,ECFP_112,1,"[""ECFP_112""]",5,3156,0.0,0.0,0.0,0.0,0.0,0.0,,0.0,0.0,0.0,1,1,461,461
lightgbm_mse_regression,cluster_479,479,Cluster 479: ECFP_134 (n=1),ECFP_134,ECFP_134,1,"[""ECFP_134""]",5,3156,0.0,0.0,0.0,0.0,0.0,0.0,,0.0,0.0,0.0,1,1,461,461
lightgbm_mse_regression,cluster_2358,2358,Cluster 2358: n11FHRing (n=4),n11FHRing,n11FHRing,4,"[""n11FHRing"", ""n11FRing"", ""n11FAHRing"", ""n11FARing""]",5,3156,0.0,0.0,0.0,0.0,0.0,0.0,,0.0,0.0,0.0,4,4,461,461
lightgbm_mse_regression,cluster_248,248,Cluster 248: ECFP_1131 (n=1),ECFP_1131,ECFP_1131,1,"[""ECFP_1131""]",4,2525,0.0,0.0,0.0,0.0,0.0,0.0,,0.0,0.0,0.0,1,1,461,461
lightgbm_mse_regression,cluster_251,251,Cluster 251: ECFP_1134 (n=1),ECFP_1134,ECFP_1134,1,"[""ECFP_1134""]",5,3156,0.0,0.0,0.0,0.0,0.0,0.0,,0.0,0.0,0.0,1,1,461,461
lightgbm_mse_regression,cluster_355,355,Cluster 355: ECFP_1228 (n=1),ECFP_1228,ECFP_1228,1,"[""ECFP_1228""]",5,3156,0.0,0.0,0.0,0.0,0.0,0.0,,0.0,0.0,0.0,1,1,461,461
lightgbm_mse_regression,cluster_272,272,Cluster 272: ECFP_1153 (n=1),ECFP_1153,ECFP_1153,1,"[""ECFP_1153""]",5,3156,0.0,0.0,0.0,0.0,0.0,0.0,,0.0,0.0,0.0,1,1,461,461
lightgbm_mse_regression,cluster_289,289,Cluster 289: ECFP_1169 (n=1),ECFP_1169,ECFP_1169,1,"[""ECFP_1169""]",5,3156,0.0,0.0,0.0,0.0,0.0,0.0,,0.0,0.0,0.0,1,1,461,461
lightgbm_mse_regression,cluster_288,288,Cluster 288: ECFP_1168 (n=1),ECFP_1168,ECFP_1168,1,"[""ECFP_1168""]",5,3156,0.0,0.0,0.0,0.0,0.0,0.0,,0.0,0.0,0.0,1,1,461,461
lightgbm_mse_regression,cluster_286,286,Cluster 286: ECFP_1166 (n=1),ECFP_1166,ECFP_1166,1,"[""ECFP_1166""]",5,3156,0.0,0.0,0.0,0.0,0.0,0.0,,0.0,0.0,0.0,1,1,461,461
lightgbm_mse_regression,cluster_285,285,Cluster 285: ECFP_1165 (n=1),ECFP_1165,ECFP_1165,1,"[""ECFP_1165""]",4,2525,0.0,0.0,0.0,0.0,0.0,0.0,,0.0,0.0,0.0,1,1,461,461
lightgbm_mse_regression,cluster_284,284,Cluster 284: ECFP_1164 (n=1),ECFP_1164,ECFP_1164,1,"[""ECFP_1164""]",5,3156,0.0,0.0,0.0,0.0,0.0,0.0,,0.0,0.0,0.0,1,1,461,461
lightgbm_mse_regression,cluster_282,282,Cluster 282: ECFP_1162 (n=1),ECFP_1162,ECFP_1162,1,"[""ECFP_1162""]",5,3156,0.0,0.0,0.0,0.0,0.0,0.0,,0.0,0.0,0.0,1,1,461,461
lightgbm_mse_regression,cluster_279,279,Cluster 279: ECFP_116 (n=1),ECFP_116,ECFP_116,1,"[""ECFP_116""]",5,3156,0.0,0.0,0.0,0.0,0.0,0.0,,0.0,0.0,0.0,1,1,461,461
lightgbm_mse_regression,cluster_277,277,Cluster 277: ECFP_1158 (n=1),ECFP_1158,ECFP_1158,1,"[""ECFP_1158""]",5,3156,0.0,0.0,0.0,0.0,0.0,0.0,,0.0,0.0,0.0,1,1,461,461
lightgbm_mse_regression,cluster_276,276,Cluster 276: ECFP_1157 (n=1),ECFP_1157,ECFP_1157,1,"[""ECFP_1157""]",5,3156,0.0,0.0,0.0,0.0,0.0,0.0,,0.0,0.0,0.0,1,1,461,461
lightgbm_mse_regression,cluster_275,275,Cluster 275: ECFP_1156 (n=1),ECFP_1156,ECFP_1156,1,"[""ECFP_1156""]",5,3156,0.0,0.0,0.0,0.0,0.0,0.0,,0.0,0.0,0.0,1,1,461,461
lightgbm_mse_regression,cluster_274,274,Cluster 274: ECFP_1155 (n=1),ECFP_1155,ECFP_1155,1,"[""ECFP_1155""]",5,3156,0.0,0.0,0.0,0.0,0.0,0.0,,0.0,0.0,0.0,1,1,461,461
lightgbm_mse_regression,cluster_269,269,Cluster 269: ECFP_1150 (n=1),ECFP_1150,ECFP_1150,1,"[""ECFP_1150""]",5,3156,0.0,0.0,0.0,0.0,0.0,0.0,,0.0,0.0,0.0,1,1,461,461
lightgbm_mse_regression,cluster_252,252,Cluster 252: ECFP_1135 (n=1),ECFP_1135,ECFP_1135,1,"[""ECFP_1135""]",5,3156,0.0,0.0,0.0,0.0,0.0,0.0,,0.0,0.0,0.0,1,1,461,461
lightgbm_mse_regression,cluster_268,268,Cluster 268: ECFP_115 (n=1),ECFP_115,ECFP_115,1,"[""ECFP_115""]",5,3156,0.0,0.0,0.0,0.0,0.0,0.0,,0.0,0.0,0.0,1,1,461,461
lightgbm_mse_regression,cluster_267,267,Cluster 267: ECFP_1149 (n=1),ECFP_1149,ECFP_1149,1,"[""ECFP_1149""]",5,3156,0.0,0.0,0.0,0.0,0.0,0.0,,0.0,0.0,0.0,1,1,461,461
lightgbm_mse_regression,cluster_266,266,Cluster 266: ECFP_1148 (n=1),ECFP_1148,ECFP_1148,1,"[""ECFP_1148""]",5,3156,0.0,0.0,0.0,0.0,0.0,0.0,,0.0,0.0,0.0,1,1,461,461
lightgbm_mse_regression,cluster_265,265,Cluster 265: ECFP_1147 (n=1),ECFP_1147,ECFP_1147,1,"[""ECFP_1147""]",5,3156,0.0,0.0,0.0,0.0,0.0,0.0,,0.0,0.0,0.0,1,1,461,461
lightgbm_mse_regression,cluster_264,264,Cluster 264: ECFP_1146 (n=1),ECFP_1146,ECFP_1146,1,"[""ECFP_1146""]",5,3156,0.0,0.0,0.0,0.0,0.0,0.0,,0.0,0.0,0.0,1,1,461,461
lightgbm_mse_regression,cluster_262,262,Cluster 262: ECFP_1144 (n=1),ECFP_1144,ECFP_1144,1,"[""ECFP_1144""]",5,3156,0.0,0.0,0.0,0.0,0.0,0.0,,0.0,0.0,0.0,1,1,461,461
lightgbm_mse_regression,cluster_260,260,Cluster 260: ECFP_1142 (n=1),ECFP_1142,ECFP_1142,1,"[""ECFP_1142""]",5,3156,0.0,0.0,0.0,0.0,0.0,0.0,,0.0,0.0,0.0,1,1,461,461
lightgbm_mse_regression,cluster_258,258,Cluster 258: ECFP_1140 (n=1),ECFP_1140,ECFP_1140,1,"[""ECFP_1140""]",5,3156,0.0,0.0,0.0,0.0,0.0,0.0,,0.0,0.0,0.0,1,1,461,461
lightgbm_mse_regression,cluster_256,256,Cluster 256: ECFP_1139 (n=1),ECFP_1139,ECFP_1139,1,"[""ECFP_1139""]",5,3156,0.0,0.0,0.0,0.0,0.0,0.0,,0.0,0.0,0.0,1,1,461,461
lightgbm_mse_regression,cluster_255,255,Cluster 255: ECFP_1138 (n=1),ECFP_1138,ECFP_1138,1,"[""ECFP_1138""]",5,3156,0.0,0.0,0.0,0.0,0.0,0.0,,0.0,0.0,0.0,1,1,461,461
lightgbm_mse_regression,cluster_254,254,Cluster 254: ECFP_1137 (n=1),ECFP_1137,ECFP_1137,1,"[""ECFP_1137""]",5,3156,0.0,0.0,0.0,0.0,0.0,0.0,,0.0,0.0,0.0,1,1,461,461
lightgbm_mse_regression,cluster_354,354,Cluster 354: ECFP_1227 (n=1),ECFP_1227,ECFP_1227,1,"[""ECFP_1227""]",5,3156,0.0,0.0,0.0,0.0,0.0,0.0,,0.0,0.0,0.0,1,1,461,461
lightgbm_mse_regression,cluster_357,357,Cluster 357: ECFP_123 (n=1),ECFP_123,ECFP_123,1,"[""ECFP_123""]",5,3156,0.0,0.0,0.0,0.0,0.0,0.0,,0.0,0.0,0.0,1,1,461,461
lightgbm_mse_regression,cluster_356,356,Cluster 356: ECFP_1229 (n=1),ECFP_1229,ECFP_1229,1,"[""ECFP_1229""]",4,2525,0.0,0.0,0.0,0.0,0.0,0.0,,0.0,0.0,0.0,1,1,461,461
lightgbm_mse_regression,cluster_419,419,Cluster 419: ECFP_1286 (n=1),ECFP_1286,ECFP_1286,1,"[""ECFP_1286""]",5,3156,0.0,0.0,0.0,0.0,0.0,0.0,,0.0,0.0,0.0,1,1,461,461
lightgbm_mse_regression,cluster_448,448,Cluster 448: ECFP_1311 (n=1),ECFP_1311,ECFP_1311,1,"[""ECFP_1311""]",5,3156,0.0,0.0,0.0,0.0,0.0,0.0,,0.0,0.0,0.0,1,1,461,461
lightgbm_mse_regression,cluster_447,447,Cluster 447: ECFP_1310 (n=1),ECFP_1310,ECFP_1310,1,"[""ECFP_1310""]",5,3156,0.0,0.0,0.0,0.0,0.0,0.0,,0.0,0.0,0.0,1,1,461,461
lightgbm_mse_regression,cluster_446,446,Cluster 446: ECFP_131 (n=1),ECFP_131,ECFP_131,1,"[""ECFP_131""]",5,3156,0.0,0.0,0.0,0.0,0.0,0.0,,0.0,0.0,0.0,1,1,461,461
lightgbm_mse_regression,cluster_445,445,Cluster 445: ECFP_1309 (n=1),ECFP_1309,ECFP_1309,1,"[""ECFP_1309""]",5,3156,0.0,0.0,0.0,0.0,0.0,0.0,,0.0,0.0,0.0,1,1,461,461
lightgbm_mse_regression,cluster_443,443,Cluster 443: ECFP_1307 (n=1),ECFP_1307,ECFP_1307,1,"[""ECFP_1307""]",5,3156,0.0,0.0,0.0,0.0,0.0,0.0,,0.0,0.0,0.0,1,1,461,461
lightgbm_mse_regression,cluster_442,442,Cluster 442: ECFP_1306 (n=1),ECFP_1306,ECFP_1306,1,"[""ECFP_1306""]",5,3156,0.0,0.0,0.0,0.0,0.0,0.0,,0.0,0.0,0.0,1,1,461,461
lightgbm_mse_regression,cluster_441,441,Cluster 441: ECFP_1305 (n=1),ECFP_1305,ECFP_1305,1,"[""ECFP_1305""]",5,3156,0.0,0.0,0.0,0.0,0.0,0.0,,0.0,0.0,0.0,1,1,461,461
lightgbm_mse_regression,cluster_440,440,Cluster 440: ECFP_1304 (n=1),ECFP_1304,ECFP_1304,1,"[""ECFP_1304""]",5,3156,0.0,0.0,0.0,0.0,0.0,0.0,,0.0,0.0,0.0,1,1,461,461
lightgbm_mse_regression,cluster_439,439,Cluster 439: ECFP_1303 (n=1),ECFP_1303,ECFP_1303,1,"[""ECFP_1303""]",5,3156,0.0,0.0,0.0,0.0,0.0,0.0,,0.0,0.0,0.0,1,1,461,461
lightgbm_mse_regression,cluster_438,438,Cluster 438: ECFP_1302 (n=1),ECFP_1302,ECFP_1302,1,"[""ECFP_1302""]",5,3156,0.0,0.0,0.0,0.0,0.0,0.0,,0.0,0.0,0.0,1,1,461,461
lightgbm_mse_regression,cluster_437,437,Cluster 437: ECFP_1301 (n=1),ECFP_1301,ECFP_1301,1,"[""ECFP_1301""]",5,3156,0.0,0.0,0.0,0.0,0.0,0.0,,0.0,0.0,0.0,1,1,461,461
lightgbm_mse_regression,cluster_436,436,Cluster 436: ECFP_1300 (n=1),ECFP_1300,ECFP_1300,1,"[""ECFP_1300""]",5,3156,0.0,0.0,0.0,0.0,0.0,0.0,,0.0,0.0,0.0,1,1,461,461
lightgbm_mse_regression,cluster_435,435,Cluster 435: ECFP_130 (n=1),ECFP_130,ECFP_130,1,"[""ECFP_130""]",5,3156,0.0,0.0,0.0,0.0,0.0,0.0,,0.0,0.0,0.0,1,1,461,461
lightgbm_mse_regression,cluster_433,433,Cluster 433: ECFP_1299 (n=1),ECFP_1299,ECFP_1299,1,"[""ECFP_1299""]",5,3156,0.0,0.0,0.0,0.0,0.0,0.0,,0.0,0.0,0.0,1,1,461,461
lightgbm_mse_regression,cluster_432,432,Cluster 432: ECFP_1298 (n=1),ECFP_1298,ECFP_1298,1,"[""ECFP_1298""]",5,3156,0.0,0.0,0.0,0.0,0.0,0.0,,0.0,0.0,0.0,1,1,461,461
lightgbm_mse_regression,cluster_431,431,Cluster 431: ECFP_1297 (n=1),ECFP_1297,ECFP_1297,1,"[""ECFP_1297""]",5,3156,0.0,0.0,0.0,0.0,0.0,0.0,,0.0,0.0,0.0,1,1,461,461
lightgbm_mse_regression,cluster_430,430,Cluster 430: ECFP_1296 (n=1),ECFP_1296,ECFP_1296,1,"[""ECFP_1296""]",5,3156,0.0,0.0,0.0,0.0,0.0,0.0,,0.0,0.0,0.0,1,1,461,461
lightgbm_mse_regression,cluster_428,428,Cluster 428: ECFP_1294 (n=1),ECFP_1294,ECFP_1294,1,"[""ECFP_1294""]",5,3156,0.0,0.0,0.0,0.0,0.0,0.0,,0.0,0.0,0.0,1,1,461,461
lightgbm_mse_regression,cluster_427,427,Cluster 427: ECFP_1293 (n=1),ECFP_1293,ECFP_1293,1,"[""ECFP_1293""]",5,3156,0.0,0.0,0.0,0.0,0.0,0.0,,0.0,0.0,0.0,1,1,461,461
lightgbm_mse_regression,cluster_426,426,Cluster 426: ECFP_1292 (n=1),ECFP_1292,ECFP_1292,1,"[""ECFP_1292""]",5,3156,0.0,0.0,0.0,0.0,0.0,0.0,,0.0,0.0,0.0,1,1,461,461
lightgbm_mse_regression,cluster_425,425,Cluster 425: ECFP_1291 (n=1),ECFP_1291,ECFP_1291,1,"[""ECFP_1291""]",5,3156,0.0,0.0,0.0,0.0,0.0,0.0,,0.0,0.0,0.0,1,1,461,461
lightgbm_mse_regression,cluster_424,424,Cluster 424: ECFP_1290 (n=1),ECFP_1290,ECFP_1290,1,"[""ECFP_1290""]",5,3156,0.0,0.0,0.0,0.0,0.0,0.0,,0.0,0.0,0.0,1,1,461,461
lightgbm_mse_regression,cluster_423,423,Cluster 423: ECFP_129 (n=1),ECFP_129,ECFP_129,1,"[""ECFP_129""]",5,3156,0.0,0.0,0.0,0.0,0.0,0.0,,0.0,0.0,0.0,1,1,461,461
lightgbm_mse_regression,cluster_422,422,Cluster 422: ECFP_1289 (n=1),ECFP_1289,ECFP_1289,1,"[""ECFP_1289""]",5,3156,0.0,0.0,0.0,0.0,0.0,0.0,,0.0,0.0,0.0,1,1,461,461
lightgbm_mse_regression,cluster_421,421,Cluster 421: ECFP_1288 (n=1),ECFP_1288,ECFP_1288,1,"[""ECFP_1288""]",5,3156,0.0,0.0,0.0,0.0,0.0,0.0,,0.0,0.0,0.0,1,1,461,461
lightgbm_mse_regression,cluster_449,449,Cluster 449: ECFP_1312 (n=1),ECFP_1312,ECFP_1312,1,"[""ECFP_1312""]",5,3156,0.0,0.0,0.0,0.0,0.0,0.0,,0.0,0.0,0.0,1,1,461,461
lightgbm_mse_regression,cluster_450,450,Cluster 450: ECFP_1313 (n=1),ECFP_1313,ECFP_1313,1,"[""ECFP_1313""]",5,3156,0.0,0.0,0.0,0.0,0.0,0.0,,0.0,0.0,0.0,1,1,461,461
lightgbm_mse_regression,cluster_451,451,Cluster 451: ECFP_1314 (n=1),ECFP_1314,ECFP_1314,1,"[""ECFP_1314""]",5,3156,0.0,0.0,0.0,0.0,0.0,0.0,,0.0,0.0,0.0,1,1,461,461
lightgbm_mse_regression,cluster_466,466,Cluster 466: ECFP_1328 (n=1),ECFP_1328,ECFP_1328,1,"[""ECFP_1328""]",5,3156,0.0,0.0,0.0,0.0,0.0,0.0,,0.0,0.0,0.0,1,1,461,461
lightgbm_mse_regression,cluster_477,477,Cluster 477: ECFP_1338 (n=1),ECFP_1338,ECFP_1338,1,"[""ECFP_1338""]",4,2525,0.0,0.0,0.0,0.0,0.0,0.0,,0.0,0.0,0.0,1,1,461,461
lightgbm_mse_regression,cluster_476,476,Cluster 476: ECFP_1337 (n=1),ECFP_1337,ECFP_1337,1,"[""ECFP_1337""]",4,2525,0.0,0.0,0.0,0.0,0.0,0.0,,0.0,0.0,0.0,1,1,461,461
lightgbm_mse_regression,cluster_475,475,Cluster 475: ECFP_1336 (n=1),ECFP_1336,ECFP_1336,1,"[""ECFP_1336""]",5,3156,0.0,0.0,0.0,0.0,0.0,0.0,,0.0,0.0,0.0,1,1,461,461
lightgbm_mse_regression,cluster_474,474,Cluster 474: ECFP_1335 (n=1),ECFP_1335,ECFP_1335,1,"[""ECFP_1335""]",5,3156,0.0,0.0,0.0,0.0,0.0,0.0,,0.0,0.0,0.0,1,1,461,461
lightgbm_mse_regression,cluster_473,473,Cluster 473: ECFP_1334 (n=1),ECFP_1334,ECFP_1334,1,"[""ECFP_1334""]",5,3156,0.0,0.0,0.0,0.0,0.0,0.0,,0.0,0.0,0.0,1,1,461,461
lightgbm_mse_regression,cluster_472,472,Cluster 472: ECFP_1333 (n=1),ECFP_1333,ECFP_1333,1,"[""ECFP_1333""]",5,3156,0.0,0.0,0.0,0.0,0.0,0.0,,0.0,0.0,0.0,1,1,461,461
lightgbm_mse_regression,cluster_471,471,Cluster 471: ECFP_1332 (n=1),ECFP_1332,ECFP_1332,1,"[""ECFP_1332""]",5,3156,0.0,0.0,0.0,0.0,0.0,0.0,,0.0,0.0,0.0,1,1,461,461
lightgbm_mse_regression,cluster_470,470,Cluster 470: ECFP_1331 (n=1),ECFP_1331,ECFP_1331,1,"[""ECFP_1331""]",4,2525,0.0,0.0,0.0,0.0,0.0,0.0,,0.0,0.0,0.0,1,1,461,461
lightgbm_mse_regression,cluster_469,469,Cluster 469: ECFP_1330 (n=1),ECFP_1330,ECFP_1330,1,"[""ECFP_1330""]",5,3156,0.0,0.0,0.0,0.0,0.0,0.0,,0.0,0.0,0.0,1,1,461,461
lightgbm_mse_regression,cluster_468,468,Cluster 468: ECFP_133 (n=1),ECFP_133,ECFP_133,1,"[""ECFP_133""]",4,2524,0.0,0.0,0.0,0.0,0.0,0.0,,0.0,0.0,0.0,1,1,461,461
lightgbm_mse_regression,cluster_467,467,Cluster 467: ECFP_1329 (n=1),ECFP_1329,ECFP_1329,1,"[""ECFP_1329""]",5,3156,0.0,0.0,0.0,0.0,0.0,0.0,,0.0,0.0,0.0,1,1,461,461
lightgbm_mse_regression,cluster_465,465,Cluster 465: ECFP_1327 (n=1),ECFP_1327,ECFP_1327,1,"[""ECFP_1327""]",5,3156,0.0,0.0,0.0,0.0,0.0,0.0,,0.0,0.0,0.0,1,1,461,461
lightgbm_mse_regression,cluster_452,452,Cluster 452: ECFP_1315 (n=1),ECFP_1315,ECFP_1315,1,"[""ECFP_1315""]",4,2524,0.0,0.0,0.0,0.0,0.0,0.0,,0.0,0.0,0.0,1,1,461,461
lightgbm_mse_regression,cluster_464,464,Cluster 464: ECFP_1326 (n=1),ECFP_1326,ECFP_1326,1,"[""ECFP_1326""]",5,3156,0.0,0.0,0.0,0.0,0.0,0.0,,0.0,0.0,0.0,1,1,461,461
lightgbm_mse_regression,cluster_462,462,Cluster 462: ECFP_1324 (n=1),ECFP_1324,ECFP_1324,1,"[""ECFP_1324""]",5,3156,0.0,0.0,0.0,0.0,0.0,0.0,,0.0,0.0,0.0,1,1,461,461
lightgbm_mse_regression,cluster_461,461,Cluster 461: ECFP_1323 (n=1),ECFP_1323,ECFP_1323,1,"[""ECFP_1323""]",5,3156,0.0,0.0,0.0,0.0,0.0,0.0,,0.0,0.0,0.0,1,1,461,461
lightgbm_mse_regression,cluster_460,460,Cluster 460: ECFP_1322 (n=1),ECFP_1322,ECFP_1322,1,"[""ECFP_1322""]",5,3156,0.0,0.0,0.0,0.0,0.0,0.0,,0.0,0.0,0.0,1,1,461,461
lightgbm_mse_regression,cluster_459,459,Cluster 459: ECFP_1321 (n=1),ECFP_1321,ECFP_1321,1,"[""ECFP_1321""]",5,3156,0.0,0.0,0.0,0.0,0.0,0.0,,0.0,0.0,0.0,1,1,461,461
lightgbm_mse_regression,cluster_458,458,Cluster 458: ECFP_1320 (n=1),ECFP_1320,ECFP_1320,1,"[""ECFP_1320""]",5,3156,0.0,0.0,0.0,0.0,0.0,0.0,,0.0,0.0,0.0,1,1,461,461
lightgbm_mse_regression,cluster_457,457,Cluster 457: ECFP_132 (n=1),ECFP_132,ECFP_132,1,"[""ECFP_132""]",5,3156,0.0,0.0,0.0,0.0,0.0,0.0,,0.0,0.0,0.0,1,1,461,461
lightgbm_mse_regression,cluster_456,456,Cluster 456: ECFP_1319 (n=1),ECFP_1319,ECFP_1319,1,"[""ECFP_1319""]",4,2525,0.0,0.0,0.0,0.0,0.0,0.0,,0.0,0.0,0.0,1,1,461,461
lightgbm_mse_regression,cluster_455,455,Cluster 455: ECFP_1318 (n=1),ECFP_1318,ECFP_1318,1,"[""ECFP_1318""]",5,3156,0.0,0.0,0.0,0.0,0.0,0.0,,0.0,0.0,0.0,1,1,461,461
lightgbm_mse_regression,cluster_454,454,Cluster 454: ECFP_1317 (n=1),ECFP_1317,ECFP_1317,1,"[""ECFP_1317""]",5,3156,0.0,0.0,0.0,0.0,0.0,0.0,,0.0,0.0,0.0,1,1,461,461
lightgbm_mse_regression,cluster_453,453,Cluster 453: ECFP_1316 (n=1),ECFP_1316,ECFP_1316,1,"[""ECFP_1316""]",4,2524,0.0,0.0,0.0,0.0,0.0,0.0,,0.0,0.0,0.0,1,1,461,461
lightgbm_mse_regression,cluster_420,420,Cluster 420: ECFP_1287 (n=1),ECFP_1287,ECFP_1287,1,"[""ECFP_1287""]",5,3156,0.0,0.0,0.0,0.0,0.0,0.0,,0.0,0.0,0.0,1,1,461,461
lightgbm_mse_regression,cluster_418,418,Cluster 418: ECFP_1285 (n=1),ECFP_1285,ECFP_1285,1,"[""ECFP_1285""]",5,3156,0.0,0.0,0.0,0.0,0.0,0.0,,0.0,0.0,0.0,1,1,461,461
lightgbm_mse_regression,cluster_2336,2336,Cluster 2336: SssssN (n=1),SssssN,SssssN,1,"[""SssssN""]",4,2525,0.0,0.0,0.0,0.0,0.0,0.0,,0.0,0.0,0.0,1,1,461,461
lightgbm_mse_regression,cluster_416,416,Cluster 416: ECFP_1283 (n=1),ECFP_1283,ECFP_1283,1,"[""ECFP_1283""]",5,3156,0.0,0.0,0.0,0.0,0.0,0.0,,0.0,0.0,0.0,1,1,461,461
lightgbm_mse_regression,cluster_384,384,Cluster 384: ECFP_1254 (n=1),ECFP_1254,ECFP_1254,1,"[""ECFP_1254""]",5,3156,0.0,0.0,0.0,0.0,0.0,0.0,,0.0,0.0,0.0,1,1,461,461
lightgbm_mse_regression,cluster_383,383,Cluster 383: ECFP_1253 (n=1),ECFP_1253,ECFP_1253,1,"[""ECFP_1253""]",4,2525,0.0,0.0,0.0,0.0,0.0,0.0,,0.0,0.0,0.0,1,1,461,461
lightgbm_mse_regression,cluster_382,382,Cluster 382: ECFP_1252 (n=1),ECFP_1252,ECFP_1252,1,"[""ECFP_1252""]",4,2525,0.0,0.0,0.0,0.0,0.0,0.0,,0.0,0.0,0.0,1,1,461,461
lightgbm_mse_regression,cluster_381,381,Cluster 381: ECFP_1251 (n=1),ECFP_1251,ECFP_1251,1,"[""ECFP_1251""]",4,2525,0.0,0.0,0.0,0.0,0.0,0.0,,0.0,0.0,0.0,1,1,461,461
lightgbm_mse_regression,cluster_380,380,Cluster 380: ECFP_1250 (n=1),ECFP_1250,ECFP_1250,1,"[""ECFP_1250""]",5,3156,0.0,0.0,0.0,0.0,0.0,0.0,,0.0,0.0,0.0,1,1,461,461
lightgbm_mse_regression,cluster_379,379,Cluster 379: ECFP_125 (n=1),ECFP_125,ECFP_125,1,"[""ECFP_125""]",5,3156,0.0,0.0,0.0,0.0,0.0,0.0,,0.0,0.0,0.0,1,1,461,461
lightgbm_mse_regression,cluster_378,378,Cluster 378: ECFP_1249 (n=1),ECFP_1249,ECFP_1249,1,"[""ECFP_1249""]",5,3156,0.0,0.0,0.0,0.0,0.0,0.0,,0.0,0.0,0.0,1,1,461,461
lightgbm_mse_regression,cluster_377,377,Cluster 377: ECFP_1248 (n=1),ECFP_1248,ECFP_1248,1,"[""ECFP_1248""]",4,2525,0.0,0.0,0.0,0.0,0.0,0.0,,0.0,0.0,0.0,1,1,461,461
lightgbm_mse_regression,cluster_376,376,Cluster 376: ECFP_1247 (n=1),ECFP_1247,ECFP_1247,1,"[""ECFP_1247""]",5,3156,0.0,0.0,0.0,0.0,0.0,0.0,,0.0,0.0,0.0,1,1,461,461
lightgbm_mse_regression,cluster_375,375,Cluster 375: ECFP_1246 (n=1),ECFP_1246,ECFP_1246,1,"[""ECFP_1246""]",5,3156,0.0,0.0,0.0,0.0,0.0,0.0,,0.0,0.0,0.0,1,1,461,461
lightgbm_mse_regression,cluster_374,374,Cluster 374: ECFP_1245 (n=1),ECFP_1245,ECFP_1245,1,"[""ECFP_1245""]",5,3156,0.0,0.0,0.0,0.0,0.0,0.0,,0.0,0.0,0.0,1,1,461,461
lightgbm_mse_regression,cluster_373,373,Cluster 373: ECFP_1244 (n=1),ECFP_1244,ECFP_1244,1,"[""ECFP_1244""]",5,3156,0.0,0.0,0.0,0.0,0.0,0.0,,0.0,0.0,0.0,1,1,461,461
lightgbm_mse_regression,cluster_371,371,Cluster 371: ECFP_1242 (n=1),ECFP_1242,ECFP_1242,1,"[""ECFP_1242""]",4,2525,0.0,0.0,0.0,0.0,0.0,0.0,,0.0,0.0,0.0,1,1,461,461
lightgbm_mse_regression,cluster_370,370,Cluster 370: ECFP_1241 (n=1),ECFP_1241,ECFP_1241,1,"[""ECFP_1241""]",4,2524,0.0,0.0,0.0,0.0,0.0,0.0,,0.0,0.0,0.0,1,1,461,461
lightgbm_mse_regression,cluster_369,369,Cluster 369: ECFP_1240 (n=1),ECFP_1240,ECFP_1240,1,"[""ECFP_1240""]",5,3156,0.0,0.0,0.0,0.0,0.0,0.0,,0.0,0.0,0.0,1,1,461,461
lightgbm_mse_regression,cluster_368,368,Cluster 368: ECFP_124 (n=1),ECFP_124,ECFP_124,1,"[""ECFP_124""]",5,3156,0.0,0.0,0.0,0.0,0.0,0.0,,0.0,0.0,0.0,1,1,461,461
lightgbm_mse_regression,cluster_367,367,Cluster 367: ECFP_1239 (n=1),ECFP_1239,ECFP_1239,1,"[""ECFP_1239""]",5,3156,0.0,0.0,0.0,0.0,0.0,0.0,,0.0,0.0,0.0,1,1,461,461
lightgbm_mse_regression,cluster_366,366,Cluster 366: ECFP_1238 (n=1),ECFP_1238,ECFP_1238,1,"[""ECFP_1238""]",5,3156,0.0,0.0,0.0,0.0,0.0,0.0,,0.0,0.0,0.0,1,1,461,461
lightgbm_mse_regression,cluster_365,365,Cluster 365: ECFP_1237 (n=1),ECFP_1237,ECFP_1237,1,"[""ECFP_1237""]",5,3156,0.0,0.0,0.0,0.0,0.0,0.0,,0.0,0.0,0.0,1,1,461,461
lightgbm_mse_regression,cluster_363,363,Cluster 363: ECFP_1235 (n=1),ECFP_1235,ECFP_1235,1,"[""ECFP_1235""]",5,3156,0.0,0.0,0.0,0.0,0.0,0.0,,0.0,0.0,0.0,1,1,461,461
lightgbm_mse_regression,cluster_362,362,Cluster 362: ECFP_1234 (n=1),ECFP_1234,ECFP_1234,1,"[""ECFP_1234""]",4,2525,0.0,0.0,0.0,0.0,0.0,0.0,,0.0,0.0,0.0,1,1,461,461
lightgbm_mse_regression,cluster_361,361,Cluster 361: ECFP_1233 (n=1),ECFP_1233,ECFP_1233,1,"[""ECFP_1233""]",5,3156,0.0,0.0,0.0,0.0,0.0,0.0,,0.0,0.0,0.0,1,1,461,461
lightgbm_mse_regression,cluster_360,360,Cluster 360: ECFP_1232 (n=1),ECFP_1232,ECFP_1232,1,"[""ECFP_1232""]",5,3156,0.0,0.0,0.0,0.0,0.0,0.0,,0.0,0.0,0.0,1,1,461,461
lightgbm_mse_regression,cluster_359,359,Cluster 359: ECFP_1231 (n=1),ECFP_1231,ECFP_1231,1,"[""ECFP_1231""]",5,3156,0.0,0.0,0.0,0.0,0.0,0.0,,0.0,0.0,0.0,1,1,461,461
lightgbm_mse_regression,cluster_358,358,Cluster 358: ECFP_1230 (n=1),ECFP_1230,ECFP_1230,1,"[""ECFP_1230""]",5,3156,0.0,0.0,0.0,0.0,0.0,0.0,,0.0,0.0,0.0,1,1,461,461
lightgbm_mse_regression,cluster_385,385,Cluster 385: ECFP_1255 (n=1),ECFP_1255,ECFP_1255,1,"[""ECFP_1255""]",5,3156,0.0,0.0,0.0,0.0,0.0,0.0,,0.0,0.0,0.0,1,1,461,461
lightgbm_mse_regression,cluster_386,386,Cluster 386: ECFP_1256 (n=1),ECFP_1256,ECFP_1256,1,"[""ECFP_1256""]",5,3156,0.0,0.0,0.0,0.0,0.0,0.0,,0.0,0.0,0.0,1,1,461,461
lightgbm_mse_regression,cluster_387,387,Cluster 387: ECFP_1257 (n=1),ECFP_1257,ECFP_1257,1,"[""ECFP_1257""]",5,3156,0.0,0.0,0.0,0.0,0.0,0.0,,0.0,0.0,0.0,1,1,461,461
lightgbm_mse_regression,cluster_402,402,Cluster 402: ECFP_1270 (n=1),ECFP_1270,ECFP_1270,1,"[""ECFP_1270""]",5,3156,0.0,0.0,0.0,0.0,0.0,0.0,,0.0,0.0,0.0,1,1,461,461
lightgbm_mse_regression,cluster_415,415,Cluster 415: ECFP_1282 (n=1),ECFP_1282,ECFP_1282,1,"[""ECFP_1282""]",4,2525,0.0,0.0,0.0,0.0,0.0,0.0,,0.0,0.0,0.0,1,1,461,461
lightgbm_mse_regression,cluster_414,414,Cluster 414: ECFP_1281 (n=1),ECFP_1281,ECFP_1281,1,"[""ECFP_1281""]",5,3156,0.0,0.0,0.0,0.0,0.0,0.0,,0.0,0.0,0.0,1,1,461,461
lightgbm_mse_regression,cluster_413,413,Cluster 413: ECFP_1280 (n=1),ECFP_1280,ECFP_1280,1,"[""ECFP_1280""]",5,3156,0.0,0.0,0.0,0.0,0.0,0.0,,0.0,0.0,0.0,1,1,461,461
lightgbm_mse_regression,cluster_412,412,Cluster 412: ECFP_128 (n=1),ECFP_128,ECFP_128,1,"[""ECFP_128""]",5,3156,0.0,0.0,0.0,0.0,0.0,0.0,,0.0,0.0,0.0,1,1,461,461
lightgbm_mse_regression,cluster_410,410,Cluster 410: ECFP_1278 (n=1),ECFP_1278,ECFP_1278,1,"[""ECFP_1278""]",5,3156,0.0,0.0,0.0,0.0,0.0,0.0,,0.0,0.0,0.0,1,1,461,461
lightgbm_mse_regression,cluster_409,409,Cluster 409: ECFP_1277 (n=1),ECFP_1277,ECFP_1277,1,"[""ECFP_1277""]",5,3156,0.0,0.0,0.0,0.0,0.0,0.0,,0.0,0.0,0.0,1,1,461,461
lightgbm_mse_regression,cluster_408,408,Cluster 408: ECFP_1276 (n=1),ECFP_1276,ECFP_1276,1,"[""ECFP_1276""]",5,3156,0.0,0.0,0.0,0.0,0.0,0.0,,0.0,0.0,0.0,1,1,461,461
lightgbm_mse_regression,cluster_407,407,Cluster 407: ECFP_1275 (n=1),ECFP_1275,ECFP_1275,1,"[""ECFP_1275""]",4,2525,0.0,0.0,0.0,0.0,0.0,0.0,,0.0,0.0,0.0,1,1,461,461
lightgbm_mse_regression,cluster_406,406,Cluster 406: ECFP_1274 (n=1),ECFP_1274,ECFP_1274,1,"[""ECFP_1274""]",5,3156,0.0,0.0,0.0,0.0,0.0,0.0,,0.0,0.0,0.0,1,1,461,461
lightgbm_mse_regression,cluster_405,405,Cluster 405: ECFP_1273 (n=1),ECFP_1273,ECFP_1273,1,"[""ECFP_1273""]",5,3156,0.0,0.0,0.0,0.0,0.0,0.0,,0.0,0.0,0.0,1,1,461,461
lightgbm_mse_regression,cluster_404,404,Cluster 404: ECFP_1272 (n=1),ECFP_1272,ECFP_1272,1,"[""ECFP_1272""]",5,3156,0.0,0.0,0.0,0.0,0.0,0.0,,0.0,0.0,0.0,1,1,461,461
lightgbm_mse_regression,cluster_400,400,Cluster 400: ECFP_1269 (n=1),ECFP_1269,ECFP_1269,1,"[""ECFP_1269""]",5,3156,0.0,0.0,0.0,0.0,0.0,0.0,,0.0,0.0,0.0,1,1,461,461
lightgbm_mse_regression,cluster_388,388,Cluster 388: ECFP_1258 (n=1),ECFP_1258,ECFP_1258,1,"[""ECFP_1258""]",5,3156,0.0,0.0,0.0,0.0,0.0,0.0,,0.0,0.0,0.0,1,1,461,461
lightgbm_mse_regression,cluster_399,399,Cluster 399: ECFP_1268 (n=1),ECFP_1268,ECFP_1268,1,"[""ECFP_1268""]",5,3156,0.0,0.0,0.0,0.0,0.0,0.0,,0.0,0.0,0.0,1,1,461,461
lightgbm_mse_regression,cluster_398,398,Cluster 398: ECFP_1267 (n=1),ECFP_1267,ECFP_1267,1,"[""ECFP_1267""]",5,3156,0.0,0.0,0.0,0.0,0.0,0.0,,0.0,0.0,0.0,1,1,461,461
lightgbm_mse_regression,cluster_397,397,Cluster 397: ECFP_1266 (n=1),ECFP_1266,ECFP_1266,1,"[""ECFP_1266""]",5,3156,0.0,0.0,0.0,0.0,0.0,0.0,,0.0,0.0,0.0,1,1,461,461
lightgbm_mse_regression,cluster_396,396,Cluster 396: ECFP_1265 (n=1),ECFP_1265,ECFP_1265,1,"[""ECFP_1265""]",5,3156,0.0,0.0,0.0,0.0,0.0,0.0,,0.0,0.0,0.0,1,1,461,461
lightgbm_mse_regression,cluster_395,395,Cluster 395: ECFP_1264 (n=1),ECFP_1264,ECFP_1264,1,"[""ECFP_1264""]",5,3156,0.0,0.0,0.0,0.0,0.0,0.0,,0.0,0.0,0.0,1,1,461,461
lightgbm_mse_regression,cluster_394,394,Cluster 394: ECFP_1263 (n=1),ECFP_1263,ECFP_1263,1,"[""ECFP_1263""]",5,3156,0.0,0.0,0.0,0.0,0.0,0.0,,0.0,0.0,0.0,1,1,461,461
lightgbm_mse_regression,cluster_393,393,Cluster 393: ECFP_1262 (n=1),ECFP_1262,ECFP_1262,1,"[""ECFP_1262""]",5,3156,0.0,0.0,0.0,0.0,0.0,0.0,,0.0,0.0,0.0,1,1,461,461
lightgbm_mse_regression,cluster_392,392,Cluster 392: ECFP_1261 (n=1),ECFP_1261,ECFP_1261,1,"[""ECFP_1261""]",5,3156,0.0,0.0,0.0,0.0,0.0,0.0,,0.0,0.0,0.0,1,1,461,461
lightgbm_mse_regression,cluster_391,391,Cluster 391: ECFP_1260 (n=1),ECFP_1260,ECFP_1260,1,"[""ECFP_1260""]",5,3156,0.0,0.0,0.0,0.0,0.0,0.0,,0.0,0.0,0.0,1,1,461,461
lightgbm_mse_regression,cluster_390,390,Cluster 390: ECFP_126 (n=1),ECFP_126,ECFP_126,1,"[""ECFP_126""]",5,3156,0.0,0.0,0.0,0.0,0.0,0.0,,0.0,0.0,0.0,1,1,461,461
lightgbm_mse_regression,cluster_389,389,Cluster 389: ECFP_1259 (n=1),ECFP_1259,ECFP_1259,1,"[""ECFP_1259""]",4,2525,0.0,0.0,0.0,0.0,0.0,0.0,,0.0,0.0,0.0,1,1,461,461
lightgbm_mse_regression,cluster_233,233,Cluster 233: ECFP_1118 (n=1),ECFP_1118,ECFP_1118,1,"[""ECFP_1118""]",5,3156,0.0,0.0,0.0,0.0,0.0,0.0,,0.0,0.0,0.0,1,1,461,461
lightgbm_mse_regression,cluster_231,231,Cluster 231: ECFP_1116 (n=1),ECFP_1116,ECFP_1116,1,"[""ECFP_1116""]",5,3156,0.0,0.0,0.0,0.0,0.0,0.0,,0.0,0.0,0.0,1,1,461,461
lightgbm_mse_regression,cluster_232,232,Cluster 232: ECFP_1117 (n=1),ECFP_1117,ECFP_1117,1,"[""ECFP_1117""]",5,3156,0.0,0.0,0.0,0.0,0.0,0.0,,0.0,0.0,0.0,1,1,461,461
lightgbm_mse_regression,cluster_2071,2071,Cluster 2071: ECFP_939 (n=1),ECFP_939,ECFP_939,1,"[""ECFP_939""]",5,3156,0.0,0.0,0.0,0.0,0.0,0.0,,0.0,0.0,0.0,1,1,461,461
lightgbm_mse_regression,cluster_2039,2039,Cluster 2039: ECFP_91 (n=1),ECFP_91,ECFP_91,1,"[""ECFP_91""]",5,3156,0.0,0.0,0.0,0.0,0.0,0.0,,0.0,0.0,0.0,1,1,461,461
lightgbm_mse_regression,cluster_2038,2038,Cluster 2038: ECFP_909 (n=1),ECFP_909,ECFP_909,1,"[""ECFP_909""]",5,3156,0.0,0.0,0.0,0.0,0.0,0.0,,0.0,0.0,0.0,1,1,461,461
lightgbm_mse_regression,cluster_2037,2037,Cluster 2037: ECFP_908 (n=1),ECFP_908,ECFP_908,1,"[""ECFP_908""]",5,3156,0.0,0.0,0.0,0.0,0.0,0.0,,0.0,0.0,0.0,1,1,461,461
lightgbm_mse_regression,cluster_2036,2036,Cluster 2036: ECFP_907 (n=1),ECFP_907,ECFP_907,1,"[""ECFP_907""]",5,3156,0.0,0.0,0.0,0.0,0.0,0.0,,0.0,0.0,0.0,1,1,461,461
lightgbm_mse_regression,cluster_2035,2035,Cluster 2035: ECFP_906 (n=1),ECFP_906,ECFP_906,1,"[""ECFP_906""]",5,3156,0.0,0.0,0.0,0.0,0.0,0.0,,0.0,0.0,0.0,1,1,461,461
lightgbm_mse_regression,cluster_2034,2034,Cluster 2034: ECFP_905 (n=1),ECFP_905,ECFP_905,1,"[""ECFP_905""]",5,3156,0.0,0.0,0.0,0.0,0.0,0.0,,0.0,0.0,0.0,1,1,461,461
lightgbm_mse_regression,cluster_2033,2033,Cluster 2033: ECFP_904 (n=1),ECFP_904,ECFP_904,1,"[""ECFP_904""]",5,3156,0.0,0.0,0.0,0.0,0.0,0.0,,0.0,0.0,0.0,1,1,461,461
lightgbm_mse_regression,cluster_2032,2032,Cluster 2032: ECFP_903 (n=1),ECFP_903,ECFP_903,1,"[""ECFP_903""]",4,2525,0.0,0.0,0.0,0.0,0.0,0.0,,0.0,0.0,0.0,1,1,461,461
lightgbm_mse_regression,cluster_2031,2031,Cluster 2031: ECFP_902 (n=1),ECFP_902,ECFP_902,1,"[""ECFP_902""]",5,3156,0.0,0.0,0.0,0.0,0.0,0.0,,0.0,0.0,0.0,1,1,461,461
lightgbm_mse_regression,cluster_2030,2030,Cluster 2030: ECFP_901 (n=1),ECFP_901,ECFP_901,1,"[""ECFP_901""]",5,3156,0.0,0.0,0.0,0.0,0.0,0.0,,0.0,0.0,0.0,1,1,461,461
lightgbm_mse_regression,cluster_202,202,Cluster 202: ECFP_1090 (n=1),ECFP_1090,ECFP_1090,1,"[""ECFP_1090""]",4,2525,0.0,0.0,0.0,0.0,0.0,0.0,,0.0,0.0,0.0,1,1,461,461
lightgbm_mse_regression,cluster_2029,2029,Cluster 2029: ECFP_900 (n=1),ECFP_900,ECFP_900,1,"[""ECFP_900""]",5,3156,0.0,0.0,0.0,0.0,0.0,0.0,,0.0,0.0,0.0,1,1,461,461
lightgbm_mse_regression,cluster_2028,2028,Cluster 2028: ECFP_90 (n=1),ECFP_90,ECFP_90,1,"[""ECFP_90""]",5,3156,0.0,0.0,0.0,0.0,0.0,0.0,,0.0,0.0,0.0,1,1,461,461
lightgbm_mse_regression,cluster_2027,2027,Cluster 2027: ECFP_9 (n=1),ECFP_9,ECFP_9,1,"[""ECFP_9""]",5,3156,0.0,0.0,0.0,0.0,0.0,0.0,,0.0,0.0,0.0,1,1,461,461
lightgbm_mse_regression,cluster_2026,2026,Cluster 2026: ECFP_899 (n=1),ECFP_899,ECFP_899,1,"[""ECFP_899""]",5,3156,0.0,0.0,0.0,0.0,0.0,0.0,,0.0,0.0,0.0,1,1,461,461
lightgbm_mse_regression,cluster_2025,2025,Cluster 2025: ECFP_898 (n=1),ECFP_898,ECFP_898,1,"[""ECFP_898""]",5,3156,0.0,0.0,0.0,0.0,0.0,0.0,,0.0,0.0,0.0,1,1,461,461
lightgbm_mse_regression,cluster_2024,2024,Cluster 2024: ECFP_897 (n=1),ECFP_897,ECFP_897,1,"[""ECFP_897""]",5,3156,0.0,0.0,0.0,0.0,0.0,0.0,,0.0,0.0,0.0,1,1,461,461
lightgbm_mse_regression,cluster_2023,2023,Cluster 2023: ECFP_896 (n=1),ECFP_896,ECFP_896,1,"[""ECFP_896""]",5,3156,0.0,0.0,0.0,0.0,0.0,0.0,,0.0,0.0,0.0,1,1,461,461
lightgbm_mse_regression,cluster_2022,2022,Cluster 2022: ECFP_895 (n=1),ECFP_895,ECFP_895,1,"[""ECFP_895""]",4,2525,0.0,0.0,0.0,0.0,0.0,0.0,,0.0,0.0,0.0,1,1,461,461
lightgbm_mse_regression,cluster_2021,2021,Cluster 2021: ECFP_894 (n=1),ECFP_894,ECFP_894,1,"[""ECFP_894""]",5,3156,0.0,0.0,0.0,0.0,0.0,0.0,,0.0,0.0,0.0,1,1,461,461
lightgbm_mse_regression,cluster_2020,2020,Cluster 2020: ECFP_893 (n=1),ECFP_893,ECFP_893,1,"[""ECFP_893""]",5,3156,0.0,0.0,0.0,0.0,0.0,0.0,,0.0,0.0,0.0,1,1,461,461
lightgbm_mse_regression,cluster_201,201,Cluster 201: ECFP_109 (n=1),ECFP_109,ECFP_109,1,"[""ECFP_109""]",5,3156,0.0,0.0,0.0,0.0,0.0,0.0,,0.0,0.0,0.0,1,1,461,461
lightgbm_mse_regression,cluster_2019,2019,Cluster 2019: ECFP_892 (n=1),ECFP_892,ECFP_892,1,"[""ECFP_892""]",5,3156,0.0,0.0,0.0,0.0,0.0,0.0,,0.0,0.0,0.0,1,1,461,461
lightgbm_mse_regression,cluster_2018,2018,Cluster 2018: ECFP_891 (n=1),ECFP_891,ECFP_891,1,"[""ECFP_891""]",5,3156,0.0,0.0,0.0,0.0,0.0,0.0,,0.0,0.0,0.0,1,1,461,461
lightgbm_mse_regression,cluster_2017,2017,Cluster 2017: ECFP_890 (n=1),ECFP_890,ECFP_890,1,"[""ECFP_890""]",5,3156,0.0,0.0,0.0,0.0,0.0,0.0,,0.0,0.0,0.0,1,1,461,461
lightgbm_mse_regression,cluster_203,203,Cluster 203: ECFP_1091 (n=1),ECFP_1091,ECFP_1091,1,"[""ECFP_1091""]",5,3156,0.0,0.0,0.0,0.0,0.0,0.0,,0.0,0.0,0.0,1,1,461,461
lightgbm_mse_regression,cluster_2040,2040,Cluster 2040: ECFP_910 (n=1),ECFP_910,ECFP_910,1,"[""ECFP_910""]",5,3156,0.0,0.0,0.0,0.0,0.0,0.0,,0.0,0.0,0.0,1,1,461,461
lightgbm_mse_regression,cluster_2041,2041,Cluster 2041: ECFP_911 (n=1),ECFP_911,ECFP_911,1,"[""ECFP_911""]",5,3156,0.0,0.0,0.0,0.0,0.0,0.0,,0.0,0.0,0.0,1,1,461,461
lightgbm_mse_regression,cluster_2055,2055,Cluster 2055: ECFP_924 (n=1),ECFP_924,ECFP_924,1,"[""ECFP_924""]",5,3156,0.0,0.0,0.0,0.0,0.0,0.0,,0.0,0.0,0.0,1,1,461,461
lightgbm_mse_regression,cluster_2069,2069,Cluster 2069: ECFP_937 (n=1),ECFP_937,ECFP_937,1,"[""ECFP_937""]",5,3156,0.0,0.0,0.0,0.0,0.0,0.0,,0.0,0.0,0.0,1,1,461,461
lightgbm_mse_regression,cluster_2068,2068,Cluster 2068: ECFP_936 (n=1),ECFP_936,ECFP_936,1,"[""ECFP_936""]",5,3156,0.0,0.0,0.0,0.0,0.0,0.0,,0.0,0.0,0.0,1,1,461,461
lightgbm_mse_regression,cluster_2066,2066,Cluster 2066: ECFP_934 (n=1),ECFP_934,ECFP_934,1,"[""ECFP_934""]",5,3156,0.0,0.0,0.0,0.0,0.0,0.0,,0.0,0.0,0.0,1,1,461,461
lightgbm_mse_regression,cluster_2065,2065,Cluster 2065: ECFP_933 (n=1),ECFP_933,ECFP_933,1,"[""ECFP_933""]",5,3156,0.0,0.0,0.0,0.0,0.0,0.0,,0.0,0.0,0.0,1,1,461,461
lightgbm_mse_regression,cluster_2063,2063,Cluster 2063: ECFP_931 (n=1),ECFP_931,ECFP_931,1,"[""ECFP_931""]",4,2525,0.0,0.0,0.0,0.0,0.0,0.0,,0.0,0.0,0.0,1,1,461,461
lightgbm_mse_regression,cluster_2062,2062,Cluster 2062: ECFP_930 (n=1),ECFP_930,ECFP_930,1,"[""ECFP_930""]",5,3156,0.0,0.0,0.0,0.0,0.0,0.0,,0.0,0.0,0.0,1,1,461,461
lightgbm_mse_regression,cluster_2060,2060,Cluster 2060: ECFP_929 (n=1),ECFP_929,ECFP_929,1,"[""ECFP_929""]",5,3156,0.0,0.0,0.0,0.0,0.0,0.0,,0.0,0.0,0.0,1,1,461,461
lightgbm_mse_regression,cluster_205,205,Cluster 205: ECFP_1093 (n=1),ECFP_1093,ECFP_1093,1,"[""ECFP_1093""]",5,3156,0.0,0.0,0.0,0.0,0.0,0.0,,0.0,0.0,0.0,1,1,461,461
lightgbm_mse_regression,cluster_2059,2059,Cluster 2059: ECFP_928 (n=1),ECFP_928,ECFP_928,1,"[""ECFP_928""]",5,3156,0.0,0.0,0.0,0.0,0.0,0.0,,0.0,0.0,0.0,1,1,461,461
lightgbm_mse_regression,cluster_2058,2058,Cluster 2058: ECFP_927 (n=1),ECFP_927,ECFP_927,1,"[""ECFP_927""]",5,3156,0.0,0.0,0.0,0.0,0.0,0.0,,0.0,0.0,0.0,1,1,461,461
lightgbm_mse_regression,cluster_2056,2056,Cluster 2056: ECFP_925 (n=1),ECFP_925,ECFP_925,1,"[""ECFP_925""]",5,3156,0.0,0.0,0.0,0.0,0.0,0.0,,0.0,0.0,0.0,1,1,461,461
lightgbm_mse_regression,cluster_2053,2053,Cluster 2053: ECFP_922 (n=1),ECFP_922,ECFP_922,1,"[""ECFP_922""]",5,3156,0.0,0.0,0.0,0.0,0.0,0.0,,0.0,0.0,0.0,1,1,461,461
lightgbm_mse_regression,cluster_2042,2042,Cluster 2042: ECFP_912 (n=1),ECFP_912,ECFP_912,1,"[""ECFP_912""]",4,2525,0.0,0.0,0.0,0.0,0.0,0.0,,0.0,0.0,0.0,1,1,461,461
lightgbm_mse_regression,cluster_2052,2052,Cluster 2052: ECFP_921 (n=1),ECFP_921,ECFP_921,1,"[""ECFP_921""]",5,3156,0.0,0.0,0.0,0.0,0.0,0.0,,0.0,0.0,0.0,1,1,461,461
lightgbm_mse_regression,cluster_2051,2051,Cluster 2051: ECFP_920 (n=1),ECFP_920,ECFP_920,1,"[""ECFP_920""]",5,3156,0.0,0.0,0.0,0.0,0.0,0.0,,0.0,0.0,0.0,1,1,461,461
lightgbm_mse_regression,cluster_2050,2050,Cluster 2050: ECFP_92 (n=1),ECFP_92,ECFP_92,1,"[""ECFP_92""]",5,3156,0.0,0.0,0.0,0.0,0.0,0.0,,0.0,0.0,0.0,1,1,461,461
lightgbm_mse_regression,cluster_204,204,Cluster 204: ECFP_1092 (n=1),ECFP_1092,ECFP_1092,1,"[""ECFP_1092""]",5,3156,0.0,0.0,0.0,0.0,0.0,0.0,,0.0,0.0,0.0,1,1,461,461
lightgbm_mse_regression,cluster_2049,2049,Cluster 2049: ECFP_919 (n=1),ECFP_919,ECFP_919,1,"[""ECFP_919""]",5,3156,0.0,0.0,0.0,0.0,0.0,0.0,,0.0,0.0,0.0,1,1,461,461
lightgbm_mse_regression,cluster_2048,2048,Cluster 2048: ECFP_918 (n=1),ECFP_918,ECFP_918,1,"[""ECFP_918""]",5,3156,0.0,0.0,0.0,0.0,0.0,0.0,,0.0,0.0,0.0,1,1,461,461
lightgbm_mse_regression,cluster_2047,2047,Cluster 2047: ECFP_917 (n=1),ECFP_917,ECFP_917,1,"[""ECFP_917""]",5,3156,0.0,0.0,0.0,0.0,0.0,0.0,,0.0,0.0,0.0,1,1,461,461
lightgbm_mse_regression,cluster_2046,2046,Cluster 2046: ECFP_916 (n=1),ECFP_916,ECFP_916,1,"[""ECFP_916""]",5,3156,0.0,0.0,0.0,0.0,0.0,0.0,,0.0,0.0,0.0,1,1,461,461
lightgbm_mse_regression,cluster_2045,2045,Cluster 2045: ECFP_915 (n=1),ECFP_915,ECFP_915,1,"[""ECFP_915""]",5,3156,0.0,0.0,0.0,0.0,0.0,0.0,,0.0,0.0,0.0,1,1,461,461
lightgbm_mse_regression,cluster_2044,2044,Cluster 2044: ECFP_914 (n=1),ECFP_914,ECFP_914,1,"[""ECFP_914""]",5,3156,0.0,0.0,0.0,0.0,0.0,0.0,,0.0,0.0,0.0,1,1,461,461
lightgbm_mse_regression,cluster_2043,2043,Cluster 2043: ECFP_913 (n=1),ECFP_913,ECFP_913,1,"[""ECFP_913""]",5,3156,0.0,0.0,0.0,0.0,0.0,0.0,,0.0,0.0,0.0,1,1,461,461
lightgbm_mse_regression,cluster_2016,2016,Cluster 2016: ECFP_89 (n=1),ECFP_89,ECFP_89,1,"[""ECFP_89""]",5,3156,0.0,0.0,0.0,0.0,0.0,0.0,,0.0,0.0,0.0,1,1,461,461
lightgbm_mse_regression,cluster_2015,2015,Cluster 2015: ECFP_889 (n=1),ECFP_889,ECFP_889,1,"[""ECFP_889""]",5,3156,0.0,0.0,0.0,0.0,0.0,0.0,,0.0,0.0,0.0,1,1,461,461
lightgbm_mse_regression,cluster_2014,2014,Cluster 2014: ECFP_888 (n=1),ECFP_888,ECFP_888,1,"[""ECFP_888""]",5,3156,0.0,0.0,0.0,0.0,0.0,0.0,,0.0,0.0,0.0,1,1,461,461
lightgbm_mse_regression,cluster_1971,1971,Cluster 1971: ECFP_849 (n=1),ECFP_849,ECFP_849,1,"[""ECFP_849""]",5,3156,0.0,0.0,0.0,0.0,0.0,0.0,,0.0,0.0,0.0,1,1,461,461
lightgbm_mse_regression,cluster_1982,1982,Cluster 1982: ECFP_859 (n=1),ECFP_859,ECFP_859,1,"[""ECFP_859""]",5,3156,0.0,0.0,0.0,0.0,0.0,0.0,,0.0,0.0,0.0,1,1,461,461
lightgbm_mse_regression,cluster_1981,1981,Cluster 1981: ECFP_858 (n=1),ECFP_858,ECFP_858,1,"[""ECFP_858""]",5,3156,0.0,0.0,0.0,0.0,0.0,0.0,,0.0,0.0,0.0,1,1,461,461
lightgbm_mse_regression,cluster_1980,1980,Cluster 1980: ECFP_857 (n=1),ECFP_857,ECFP_857,1,"[""ECFP_857""]",5,3156,0.0,0.0,0.0,0.0,0.0,0.0,,0.0,0.0,0.0,1,1,461,461
lightgbm_mse_regression,cluster_197,197,Cluster 197: ECFP_1086 (n=1),ECFP_1086,ECFP_1086,1,"[""ECFP_1086""]",5,3156,0.0,0.0,0.0,0.0,0.0,0.0,,0.0,0.0,0.0,1,1,461,461
lightgbm_mse_regression,cluster_1979,1979,Cluster 1979: ECFP_856 (n=1),ECFP_856,ECFP_856,1,"[""ECFP_856""]",5,3156,0.0,0.0,0.0,0.0,0.0,0.0,,0.0,0.0,0.0,1,1,461,461
lightgbm_mse_regression,cluster_1978,1978,Cluster 1978: ECFP_855 (n=1),ECFP_855,ECFP_855,1,"[""ECFP_855""]",5,3156,0.0,0.0,0.0,0.0,0.0,0.0,,0.0,0.0,0.0,1,1,461,461
lightgbm_mse_regression,cluster_1977,1977,Cluster 1977: ECFP_854 (n=1),ECFP_854,ECFP_854,1,"[""ECFP_854""]",5,3156,0.0,0.0,0.0,0.0,0.0,0.0,,0.0,0.0,0.0,1,1,461,461
lightgbm_mse_regression,cluster_1976,1976,Cluster 1976: ECFP_853 (n=1),ECFP_853,ECFP_853,1,"[""ECFP_853""]",4,2525,0.0,0.0,0.0,0.0,0.0,0.0,,0.0,0.0,0.0,1,1,461,461
lightgbm_mse_regression,cluster_1975,1975,Cluster 1975: ECFP_852 (n=1),ECFP_852,ECFP_852,1,"[""ECFP_852""]",5,3156,0.0,0.0,0.0,0.0,0.0,0.0,,0.0,0.0,0.0,1,1,461,461
lightgbm_mse_regression,cluster_1973,1973,Cluster 1973: ECFP_850 (n=1),ECFP_850,ECFP_850,1,"[""ECFP_850""]",4,2525,0.0,0.0,0.0,0.0,0.0,0.0,,0.0,0.0,0.0,1,1,461,461
lightgbm_mse_regression,cluster_1972,1972,Cluster 1972: ECFP_85 (n=1),ECFP_85,ECFP_85,1,"[""ECFP_85""]",4,2525,0.0,0.0,0.0,0.0,0.0,0.0,,0.0,0.0,0.0,1,1,461,461
lightgbm_mse_regression,cluster_1970,1970,Cluster 1970: ECFP_848 (n=1),ECFP_848,ECFP_848,1,"[""ECFP_848""]",5,3156,0.0,0.0,0.0,0.0,0.0,0.0,,0.0,0.0,0.0,1,1,461,461
lightgbm_mse_regression,cluster_1984,1984,Cluster 1984: ECFP_860 (n=1),ECFP_860,ECFP_860,1,"[""ECFP_860""]",4,2525,0.0,0.0,0.0,0.0,0.0,0.0,,0.0,0.0,0.0,1,1,461,461
lightgbm_mse_regression,cluster_196,196,Cluster 196: ECFP_1085 (n=1),ECFP_1085,ECFP_1085,1,"[""ECFP_1085""]",5,3156,0.0,0.0,0.0,0.0,0.0,0.0,,0.0,0.0,0.0,1,1,461,461
lightgbm_mse_regression,cluster_1969,1969,Cluster 1969: ECFP_847 (n=1),ECFP_847,ECFP_847,1,"[""ECFP_847""]",5,3156,0.0,0.0,0.0,0.0,0.0,0.0,,0.0,0.0,0.0,1,1,461,461
lightgbm_mse_regression,cluster_1968,1968,Cluster 1968: ECFP_846 (n=1),ECFP_846,ECFP_846,1,"[""ECFP_846""]",5,3156,0.0,0.0,0.0,0.0,0.0,0.0,,0.0,0.0,0.0,1,1,461,461
lightgbm_mse_regression,cluster_1967,1967,Cluster 1967: ECFP_845 (n=1),ECFP_845,ECFP_845,1,"[""ECFP_845""]",5,3156,0.0,0.0,0.0,0.0,0.0,0.0,,0.0,0.0,0.0,1,1,461,461
lightgbm_mse_regression,cluster_1966,1966,Cluster 1966: ECFP_844 (n=1),ECFP_844,ECFP_844,1,"[""ECFP_844""]",5,3156,0.0,0.0,0.0,0.0,0.0,0.0,,0.0,0.0,0.0,1,1,461,461
lightgbm_mse_regression,cluster_1964,1964,Cluster 1964: ECFP_842 (n=1),ECFP_842,ECFP_842,1,"[""ECFP_842""]",4,2524,0.0,0.0,0.0,0.0,0.0,0.0,,0.0,0.0,0.0,1,1,461,461
lightgbm_mse_regression,cluster_1962,1962,Cluster 1962: ECFP_840 (n=1),ECFP_840,ECFP_840,1,"[""ECFP_840""]",5,3156,0.0,0.0,0.0,0.0,0.0,0.0,,0.0,0.0,0.0,1,1,461,461
lightgbm_mse_regression,cluster_1960,1960,Cluster 1960: ECFP_839 (n=1),ECFP_839,ECFP_839,1,"[""ECFP_839""]",5,3156,0.0,0.0,0.0,0.0,0.0,0.0,,0.0,0.0,0.0,1,1,461,461
lightgbm_mse_regression,cluster_195,195,Cluster 195: ECFP_1084 (n=1),ECFP_1084,ECFP_1084,1,"[""ECFP_1084""]",4,2525,0.0,0.0,0.0,0.0,0.0,0.0,,0.0,0.0,0.0,1,1,461,461
lightgbm_mse_regression,cluster_1959,1959,Cluster 1959: ECFP_837 (n=1),ECFP_837,ECFP_837,1,"[""ECFP_837""]",5,3156,0.0,0.0,0.0,0.0,0.0,0.0,,0.0,0.0,0.0,1,1,461,461
lightgbm_mse_regression,cluster_1958,1958,Cluster 1958: ECFP_836 (n=1),ECFP_836,ECFP_836,1,"[""ECFP_836""]",5,3156,0.0,0.0,0.0,0.0,0.0,0.0,,0.0,0.0,0.0,1,1,461,461
lightgbm_mse_regression,cluster_1983,1983,Cluster 1983: ECFP_86 (n=1),ECFP_86,ECFP_86,1,"[""ECFP_86""]",4,2524,0.0,0.0,0.0,0.0,0.0,0.0,,0.0,0.0,0.0,1,1,461,461
lightgbm_mse_regression,cluster_1985,1985,Cluster 1985: ECFP_861 (n=1),ECFP_861,ECFP_861,1,"[""ECFP_861""]",4,2525,0.0,0.0,0.0,0.0,0.0,0.0,,0.0,0.0,0.0,1,1,461,461
lightgbm_mse_regression,cluster_2013,2013,Cluster 2013: ECFP_887 (n=1),ECFP_887,ECFP_887,1,"[""ECFP_887""]",5,3156,0.0,0.0,0.0,0.0,0.0,0.0,,0.0,0.0,0.0,1,1,461,461
lightgbm_mse_regression,cluster_2001,2001,Cluster 2001: ECFP_876 (n=1),ECFP_876,ECFP_876,1,"[""ECFP_876""]",5,3156,0.0,0.0,0.0,0.0,0.0,0.0,,0.0,0.0,0.0,1,1,461,461
lightgbm_mse_regression,cluster_2012,2012,Cluster 2012: ECFP_886 (n=1),ECFP_886,ECFP_886,1,"[""ECFP_886""]",5,3156,0.0,0.0,0.0,0.0,0.0,0.0,,0.0,0.0,0.0,1,1,461,461
lightgbm_mse_regression,cluster_2011,2011,Cluster 2011: ECFP_885 (n=1),ECFP_885,ECFP_885,1,"[""ECFP_885""]",5,3156,0.0,0.0,0.0,0.0,0.0,0.0,,0.0,0.0,0.0,1,1,461,461
lightgbm_mse_regression,cluster_2010,2010,Cluster 2010: ECFP_884 (n=1),ECFP_884,ECFP_884,1,"[""ECFP_884""]",5,3156,0.0,0.0,0.0,0.0,0.0,0.0,,0.0,0.0,0.0,1,1,461,461
lightgbm_mse_regression,cluster_200,200,Cluster 200: ECFP_1089 (n=1),ECFP_1089,ECFP_1089,1,"[""ECFP_1089""]",5,3156,0.0,0.0,0.0,0.0,0.0,0.0,,0.0,0.0,0.0,1,1,461,461
lightgbm_mse_regression,cluster_2009,2009,Cluster 2009: ECFP_883 (n=1),ECFP_883,ECFP_883,1,"[""ECFP_883""]",5,3156,0.0,0.0,0.0,0.0,0.0,0.0,,0.0,0.0,0.0,1,1,461,461
lightgbm_mse_regression,cluster_2008,2008,Cluster 2008: ECFP_882 (n=1),ECFP_882,ECFP_882,1,"[""ECFP_882""]",5,3156,0.0,0.0,0.0,0.0,0.0,0.0,,0.0,0.0,0.0,1,1,461,461
lightgbm_mse_regression,cluster_2006,2006,Cluster 2006: ECFP_880 (n=1),ECFP_880,ECFP_880,1,"[""ECFP_880""]",5,3156,0.0,0.0,0.0,0.0,0.0,0.0,,0.0,0.0,0.0,1,1,461,461
lightgbm_mse_regression,cluster_2005,2005,Cluster 2005: ECFP_88 (n=1),ECFP_88,ECFP_88,1,"[""ECFP_88""]",5,3156,0.0,0.0,0.0,0.0,0.0,0.0,,0.0,0.0,0.0,1,1,461,461
lightgbm_mse_regression,cluster_2004,2004,Cluster 2004: ECFP_879 (n=1),ECFP_879,ECFP_879,1,"[""ECFP_879""]",5,3156,0.0,0.0,0.0,0.0,0.0,0.0,,0.0,0.0,0.0,1,1,461,461
lightgbm_mse_regression,cluster_2003,2003,Cluster 2003: ECFP_878 (n=1),ECFP_878,ECFP_878,1,"[""ECFP_878""]",5,3156,0.0,0.0,0.0,0.0,0.0,0.0,,0.0,0.0,0.0,1,1,461,461
lightgbm_mse_regression,cluster_2002,2002,Cluster 2002: ECFP_877 (n=1),ECFP_877,ECFP_877,1,"[""ECFP_877""]",4,2524,0.0,0.0,0.0,0.0,0.0,0.0,,0.0,0.0,0.0,1,1,461,461
lightgbm_mse_regression,cluster_1999,1999,Cluster 1999: ECFP_874 (n=1),ECFP_874,ECFP_874,1,"[""ECFP_874""]",5,3156,0.0,0.0,0.0,0.0,0.0,0.0,,0.0,0.0,0.0,1,1,461,461
lightgbm_mse_regression,cluster_1986,1986,Cluster 1986: ECFP_862 (n=1),ECFP_862,ECFP_862,1,"[""ECFP_862""]",5,3156,0.0,0.0,0.0,0.0,0.0,0.0,,0.0,0.0,0.0,1,1,461,461
lightgbm_mse_regression,cluster_1998,1998,Cluster 1998: ECFP_873 (n=1),ECFP_873,ECFP_873,1,"[""ECFP_873""]",5,3156,0.0,0.0,0.0,0.0,0.0,0.0,,0.0,0.0,0.0,1,1,461,461
lightgbm_mse_regression,cluster_1997,1997,Cluster 1997: ECFP_872 (n=1),ECFP_872,ECFP_872,1,"[""ECFP_872""]",5,3156,0.0,0.0,0.0,0.0,0.0,0.0,,0.0,0.0,0.0,1,1,461,461
lightgbm_mse_regression,cluster_1996,1996,Cluster 1996: ECFP_871 (n=1),ECFP_871,ECFP_871,1,"[""ECFP_871""]",5,3156,0.0,0.0,0.0,0.0,0.0,0.0,,0.0,0.0,0.0,1,1,461,461
lightgbm_mse_regression,cluster_1995,1995,Cluster 1995: ECFP_870 (n=1),ECFP_870,ECFP_870,1,"[""ECFP_870""]",5,3156,0.0,0.0,0.0,0.0,0.0,0.0,,0.0,0.0,0.0,1,1,461,461
lightgbm_mse_regression,cluster_1994,1994,Cluster 1994: ECFP_87 (n=1),ECFP_87,ECFP_87,1,"[""ECFP_87""]",5,3156,0.0,0.0,0.0,0.0,0.0,0.0,,0.0,0.0,0.0,1,1,461,461
lightgbm_mse_regression,cluster_1993,1993,Cluster 1993: ECFP_869 (n=1),ECFP_869,ECFP_869,1,"[""ECFP_869""]",4,2524,0.0,0.0,0.0,0.0,0.0,0.0,,0.0,0.0,0.0,1,1,461,461
lightgbm_mse_regression,cluster_1992,1992,Cluster 1992: ECFP_868 (n=1),ECFP_868,ECFP_868,1,"[""ECFP_868""]",4,2525,0.0,0.0,0.0,0.0,0.0,0.0,,0.0,0.0,0.0,1,1,461,461
lightgbm_mse_regression,cluster_1990,1990,Cluster 1990: ECFP_866 (n=1),ECFP_866,ECFP_866,1,"[""ECFP_866""]",4,2525,0.0,0.0,0.0,0.0,0.0,0.0,,0.0,0.0,0.0,1,1,461,461
lightgbm_mse_regression,cluster_198,198,Cluster 198: ECFP_1087 (n=1),ECFP_1087,ECFP_1087,1,"[""ECFP_1087""]",5,3156,0.0,0.0,0.0,0.0,0.0,0.0,,0.0,0.0,0.0,1,1,461,461
lightgbm_mse_regression,cluster_1989,1989,Cluster 1989: ECFP_865 (n=1),ECFP_865,ECFP_865,1,"[""ECFP_865""]",4,2525,0.0,0.0,0.0,0.0,0.0,0.0,,0.0,0.0,0.0,1,1,461,461
lightgbm_mse_regression,cluster_1988,1988,Cluster 1988: ECFP_864 (n=1),ECFP_864,ECFP_864,1,"[""ECFP_864""]",5,3156,0.0,0.0,0.0,0.0,0.0,0.0,,0.0,0.0,0.0,1,1,461,461
lightgbm_mse_regression,cluster_2070,2070,Cluster 2070: ECFP_938 (n=1),ECFP_938,ECFP_938,1,"[""ECFP_938""]",5,3156,0.0,0.0,0.0,0.0,0.0,0.0,,0.0,0.0,0.0,1,1,461,461
lightgbm_mse_regression,cluster_2072,2072,Cluster 2072: ECFP_94 (n=1),ECFP_94,ECFP_94,1,"[""ECFP_94""]",5,3156,0.0,0.0,0.0,0.0,0.0,0.0,,0.0,0.0,0.0,1,1,461,461
lightgbm_mse_regression,cluster_230,230,Cluster 230: ECFP_1115 (n=1),ECFP_1115,ECFP_1115,1,"[""ECFP_1115""]",5,3156,0.0,0.0,0.0,0.0,0.0,0.0,,0.0,0.0,0.0,1,1,461,461
lightgbm_mse_regression,cluster_2073,2073,Cluster 2073: ECFP_940 (n=1),ECFP_940,ECFP_940,1,"[""ECFP_940""]",5,3156,0.0,0.0,0.0,0.0,0.0,0.0,,0.0,0.0,0.0,1,1,461,461
lightgbm_mse_regression,cluster_2226,2226,Cluster 2226: MACCS_163 (n=1),MACCS_163,MACCS_163,1,"[""MACCS_163""]",5,3156,0.0,0.0,0.0,0.0,0.0,0.0,,0.0,0.0,0.0,1,1,461,461
lightgbm_mse_regression,cluster_2225,2225,Cluster 2225: MACCS_162 (n=1),MACCS_162,MACCS_162,1,"[""MACCS_162""]",5,3156,0.0,0.0,0.0,0.0,0.0,0.0,,0.0,0.0,0.0,1,1,461,461
lightgbm_mse_regression,cluster_2224,2224,Cluster 2224: MACCS_16 (n=3),MACCS_16,MACCS_16,3,"[""MACCS_16"", ""n3AHRing"", ""n3HRing""]",5,3156,0.0,0.0,0.0,0.0,0.0,0.0,,0.0,0.0,0.0,3,3,461,461
lightgbm_mse_regression,cluster_221,221,Cluster 221: ECFP_1107 (n=1),ECFP_1107,ECFP_1107,1,"[""ECFP_1107""]",5,3156,0.0,0.0,0.0,0.0,0.0,0.0,,0.0,0.0,0.0,1,1,461,461
lightgbm_mse_regression,cluster_220,220,Cluster 220: ECFP_1106 (n=1),ECFP_1106,ECFP_1106,1,"[""ECFP_1106""]",5,3156,0.0,0.0,0.0,0.0,0.0,0.0,,0.0,0.0,0.0,1,1,461,461
lightgbm_mse_regression,cluster_2207,2207,Cluster 2207: MACCS_140 (n=1),MACCS_140,MACCS_140,1,"[""MACCS_140""]",5,3156,0.0,0.0,0.0,0.0,0.0,0.0,,0.0,0.0,0.0,1,1,461,461
lightgbm_mse_regression,cluster_219,219,Cluster 219: ECFP_1105 (n=1),ECFP_1105,ECFP_1105,1,"[""ECFP_1105""]",5,3156,0.0,0.0,0.0,0.0,0.0,0.0,,0.0,0.0,0.0,1,1,461,461
lightgbm_mse_regression,cluster_2198,2198,Cluster 2198: MACCS_13 (n=1),MACCS_13,MACCS_13,1,"[""MACCS_13""]",5,3156,0.0,0.0,0.0,0.0,0.0,0.0,,0.0,0.0,0.0,1,1,461,461
lightgbm_mse_regression,cluster_218,218,Cluster 218: ECFP_1104 (n=1),ECFP_1104,ECFP_1104,1,"[""ECFP_1104""]",5,3156,0.0,0.0,0.0,0.0,0.0,0.0,,0.0,0.0,0.0,1,1,461,461
lightgbm_mse_regression,cluster_2180,2180,Cluster 2180: MACCS_11 (n=6),MACCS_11,MACCS_11,6,"[""MACCS_11"", ""n4AHRing"", ""n4HRing"", ""MACCS_8"", ""n4ARing"", ""n4Ring""]",5,3156,0.0,0.0,0.0,0.0,0.0,0.0,,0.0,0.0,0.0,6,6,461,461
lightgbm_mse_regression,cluster_217,217,Cluster 217: ECFP_1103 (n=1),ECFP_1103,ECFP_1103,1,"[""ECFP_1103""]",5,3156,0.0,0.0,0.0,0.0,0.0,0.0,,0.0,0.0,0.0,1,1,461,461
lightgbm_mse_regression,cluster_2171,2171,Cluster 2171: Lipinski (n=1),Lipinski,Lipinski,1,"[""Lipinski""]",5,3156,0.0,0.0,0.0,0.0,0.0,0.0,,0.0,0.0,0.0,1,1,461,461
lightgbm_mse_regression,cluster_216,216,Cluster 216: ECFP_1102 (n=1),ECFP_1102,ECFP_1102,1,"[""ECFP_1102""]",5,3156,0.0,0.0,0.0,0.0,0.0,0.0,,0.0,0.0,0.0,1,1,461,461
lightgbm_mse_regression,cluster_213,213,Cluster 213: ECFP_110 (n=1),ECFP_110,ECFP_110,1,"[""ECFP_110""]",5,3156,0.0,0.0,0.0,0.0,0.0,0.0,,0.0,0.0,0.0,1,1,461,461
lightgbm_mse_regression,cluster_2137,2137,Cluster 2137: ECFP_999 (n=1),ECFP_999,ECFP_999,1,"[""ECFP_999""]",4,2525,0.0,0.0,0.0,0.0,0.0,0.0,,0.0,0.0,0.0,1,1,461,461
lightgbm_mse_regression,cluster_2136,2136,Cluster 2136: ECFP_998 (n=1),ECFP_998,ECFP_998,1,"[""ECFP_998""]",4,2525,0.0,0.0,0.0,0.0,0.0,0.0,,0.0,0.0,0.0,1,1,461,461
lightgbm_mse_regression,cluster_2135,2135,Cluster 2135: ECFP_997 (n=1),ECFP_997,ECFP_997,1,"[""ECFP_997""]",5,3156,0.0,0.0,0.0,0.0,0.0,0.0,,0.0,0.0,0.0,1,1,461,461
lightgbm_mse_regression,cluster_2134,2134,Cluster 2134: ECFP_996 (n=1),ECFP_996,ECFP_996,1,"[""ECFP_996""]",4,2525,0.0,0.0,0.0,0.0,0.0,0.0,,0.0,0.0,0.0,1,1,461,461
lightgbm_mse_regression,cluster_2132,2132,Cluster 2132: ECFP_994 (n=1),ECFP_994,ECFP_994,1,"[""ECFP_994""]",5,3156,0.0,0.0,0.0,0.0,0.0,0.0,,0.0,0.0,0.0,1,1,461,461
lightgbm_mse_regression,cluster_2131,2131,Cluster 2131: ECFP_993 (n=1),ECFP_993,ECFP_993,1,"[""ECFP_993""]",5,3156,0.0,0.0,0.0,0.0,0.0,0.0,,0.0,0.0,0.0,1,1,461,461
lightgbm_mse_regression,cluster_2130,2130,Cluster 2130: ECFP_992 (n=1),ECFP_992,ECFP_992,1,"[""ECFP_992""]",5,3156,0.0,0.0,0.0,0.0,0.0,0.0,,0.0,0.0,0.0,1,1,461,461
lightgbm_mse_regression,cluster_212,212,Cluster 212: ECFP_11 (n=1),ECFP_11,ECFP_11,1,"[""ECFP_11""]",5,3156,0.0,0.0,0.0,0.0,0.0,0.0,,0.0,0.0,0.0,1,1,461,461
lightgbm_mse_regression,cluster_2129,2129,Cluster 2129: ECFP_991 (n=1),ECFP_991,ECFP_991,1,"[""ECFP_991""]",5,3156,0.0,0.0,0.0,0.0,0.0,0.0,,0.0,0.0,0.0,1,1,461,461
lightgbm_mse_regression,cluster_2128,2128,Cluster 2128: ECFP_990 (n=1),ECFP_990,ECFP_990,1,"[""ECFP_990""]",5,3156,0.0,0.0,0.0,0.0,0.0,0.0,,0.0,0.0,0.0,1,1,461,461
lightgbm_mse_regression,cluster_2127,2127,Cluster 2127: ECFP_99 (n=1),ECFP_99,ECFP_99,1,"[""ECFP_99""]",5,3156,0.0,0.0,0.0,0.0,0.0,0.0,,0.0,0.0,0.0,1,1,461,461
lightgbm_mse_regression,cluster_2227,2227,Cluster 2227: MACCS_164 (n=1),MACCS_164,MACCS_164,1,"[""MACCS_164""]",5,3156,0.0,0.0,0.0,0.0,0.0,0.0,,0.0,0.0,0.0,1,1,461,461
lightgbm_mse_regression,cluster_222,222,Cluster 222: ECFP_1108 (n=1),ECFP_1108,ECFP_1108,1,"[""ECFP_1108""]",5,3156,0.0,0.0,0.0,0.0,0.0,0.0,,0.0,0.0,0.0,1,1,461,461
lightgbm_mse_regression,cluster_2231,2231,Cluster 2231: MACCS_21 (n=1),MACCS_21,MACCS_21,1,"[""MACCS_21""]",5,3156,0.0,0.0,0.0,0.0,0.0,0.0,,0.0,0.0,0.0,1,1,461,461
lightgbm_mse_regression,cluster_2257,2257,Cluster 2257: MACCS_64 (n=1),MACCS_64,MACCS_64,1,"[""MACCS_64""]",5,3156,0.0,0.0,0.0,0.0,0.0,0.0,,0.0,0.0,0.0,1,1,461,461
lightgbm_mse_regression,cluster_2291,2291,Cluster 2291: SdssS (n=2),SdssS,SdssS,2,"[""SdssS"", ""NdssS""]",5,3156,0.0,0.0,0.0,0.0,0.0,0.0,,0.0,0.0,0.0,2,2,461,461
lightgbm_mse_regression,cluster_228,228,Cluster 228: ECFP_1113 (n=1),ECFP_1113,ECFP_1113,1,"[""ECFP_1113""]",5,3156,0.0,0.0,0.0,0.0,0.0,0.0,,0.0,0.0,0.0,1,1,461,461
lightgbm_mse_regression,cluster_2289,2289,Cluster 2289: SddC (n=2),SddC,SddC,2,"[""SddC"", ""NddC""]",4,2525,0.0,0.0,0.0,0.0,0.0,0.0,,0.0,0.0,0.0,2,2,461,461
lightgbm_mse_regression,cluster_2284,2284,Cluster 2284: SaaO (n=2),SaaO,SaaO,2,"[""SaaO"", ""NaaO""]",5,3156,0.0,0.0,0.0,0.0,0.0,0.0,,0.0,0.0,0.0,2,2,461,461
lightgbm_mse_regression,cluster_227,227,Cluster 227: ECFP_1112 (n=1),ECFP_1112,ECFP_1112,1,"[""ECFP_1112""]",5,3156,0.0,0.0,0.0,0.0,0.0,0.0,,0.0,0.0,0.0,1,1,461,461
lightgbm_mse_regression,cluster_226,226,Cluster 226: ECFP_1111 (n=1),ECFP_1111,ECFP_1111,1,"[""ECFP_1111""]",5,3156,0.0,0.0,0.0,0.0,0.0,0.0,,0.0,0.0,0.0,1,1,461,461
lightgbm_mse_regression,cluster_2262,2262,Cluster 2262: MACCS_70 (n=1),MACCS_70,MACCS_70,1,"[""MACCS_70""]",5,3156,0.0,0.0,0.0,0.0,0.0,0.0,,0.0,0.0,0.0,1,1,461,461
lightgbm_mse_regression,cluster_2261,2261,Cluster 2261: MACCS_69 (n=1),MACCS_69,MACCS_69,1,"[""MACCS_69""]",5,3156,0.0,0.0,0.0,0.0,0.0,0.0,,0.0,0.0,0.0,1,1,461,461
lightgbm_mse_regression,cluster_2260,2260,Cluster 2260: MACCS_68 (n=1),MACCS_68,MACCS_68,1,"[""MACCS_68""]",5,3156,0.0,0.0,0.0,0.0,0.0,0.0,,0.0,0.0,0.0,1,1,461,461
lightgbm_mse_regression,cluster_225,225,Cluster 225: ECFP_1110 (n=1),ECFP_1110,ECFP_1110,1,"[""ECFP_1110""]",5,3156,0.0,0.0,0.0,0.0,0.0,0.0,,0.0,0.0,0.0,1,1,461,461
lightgbm_mse_regression,cluster_2259,2259,Cluster 2259: NssssC (n=2),NssssC,NssssC,2,"[""NssssC"", ""MACCS_66""]",5,3156,0.0,0.0,0.0,0.0,0.0,0.0,,0.0,0.0,0.0,2,2,461,461
lightgbm_mse_regression,cluster_2250,2250,Cluster 2250: MACCS_76 (n=2),MACCS_76,MACCS_76,2,"[""MACCS_76"", ""MACCS_50""]",5,3156,0.0,0.0,0.0,0.0,0.0,0.0,,0.0,0.0,0.0,2,2,461,461
lightgbm_mse_regression,cluster_2232,2232,Cluster 2232: SRW03 (n=6),SRW03,SRW03,6,"[""SRW03"", ""n3ARing"", ""n3Ring"", ""MACCS_22"", ""Xch-3d"", ""Xch-3dv""]",5,3156,0.0,0.0,0.0,0.0,0.0,0.0,,0.0,0.0,0.0,6,6,461,461
lightgbm_mse_regression,cluster_224,224,Cluster 224: ECFP_111 (n=1),ECFP_111,ECFP_111,1,"[""ECFP_111""]",4,2525,0.0,0.0,0.0,0.0,0.0,0.0,,0.0,0.0,0.0,1,1,461,461
lightgbm_mse_regression,cluster_2249,2249,Cluster 2249: MACCS_49 (n=1),MACCS_49,MACCS_49,1,"[""MACCS_49""]",5,3156,0.0,0.0,0.0,0.0,0.0,0.0,,0.0,0.0,0.0,1,1,461,461
lightgbm_mse_regression,cluster_2246,2246,Cluster 2246: MACCS_45 (n=1),MACCS_45,MACCS_45,1,"[""MACCS_45""]",5,3156,0.0,0.0,0.0,0.0,0.0,0.0,,0.0,0.0,0.0,1,1,461,461
lightgbm_mse_regression,cluster_2244,2244,Cluster 2244: MACCS_40 (n=2),MACCS_40,MACCS_40,2,"[""MACCS_40"", ""MACCS_39""]",5,3156,0.0,0.0,0.0,0.0,0.0,0.0,,0.0,0.0,0.0,1,1,461,461
lightgbm_mse_regression,cluster_2241,2241,Cluster 2241: MACCS_33 (n=2),MACCS_33,MACCS_33,2,"[""MACCS_33"", ""MACCS_32""]",5,3156,0.0,0.0,0.0,0.0,0.0,0.0,,0.0,0.0,0.0,2,2,461,461
lightgbm_mse_regression,cluster_2240,2240,Cluster 2240: MACCS_31 (n=1),MACCS_31,MACCS_31,1,"[""MACCS_31""]",4,2524,0.0,0.0,0.0,0.0,0.0,0.0,,0.0,0.0,0.0,1,1,461,461
lightgbm_mse_regression,cluster_223,223,Cluster 223: ECFP_1109 (n=1),ECFP_1109,ECFP_1109,1,"[""ECFP_1109""]",5,3156,0.0,0.0,0.0,0.0,0.0,0.0,,0.0,0.0,0.0,1,1,461,461
lightgbm_mse_regression,cluster_2239,2239,Cluster 2239: NssssN (n=2),NssssN,NssssN,2,"[""NssssN"", ""MACCS_30""]",5,3156,0.0,0.0,0.0,0.0,0.0,0.0,,0.0,0.0,0.0,1,2,461,461
lightgbm_mse_regression,cluster_2237,2237,Cluster 2237: MACCS_28 (n=1),MACCS_28,MACCS_28,1,"[""MACCS_28""]",5,3156,0.0,0.0,0.0,0.0,0.0,0.0,,0.0,0.0,0.0,1,1,461,461
lightgbm_mse_regression,cluster_2236,2236,Cluster 2236: MACCS_26 (n=1),MACCS_26,MACCS_26,1,"[""MACCS_26""]",5,3156,0.0,0.0,0.0,0.0,0.0,0.0,,0.0,0.0,0.0,1,1,461,461
lightgbm_mse_regression,cluster_2234,2234,Cluster 2234: MACCS_71 (n=2),MACCS_71,MACCS_71,2,"[""MACCS_71"", ""MACCS_24""]",5,3156,0.0,0.0,0.0,0.0,0.0,0.0,,0.0,0.0,0.0,2,2,461,461
lightgbm_mse_regression,cluster_2126,2126,Cluster 2126: ECFP_989 (n=1),ECFP_989,ECFP_989,1,"[""ECFP_989""]",5,3156,0.0,0.0,0.0,0.0,0.0,0.0,,0.0,0.0,0.0,1,1,461,461
lightgbm_mse_regression,cluster_2125,2125,Cluster 2125: ECFP_988 (n=1),ECFP_988,ECFP_988,1,"[""ECFP_988""]",5,3156,0.0,0.0,0.0,0.0,0.0,0.0,,0.0,0.0,0.0,1,1,461,461
lightgbm_mse_regression,cluster_2124,2124,Cluster 2124: ECFP_987 (n=1),ECFP_987,ECFP_987,1,"[""ECFP_987""]",5,3156,0.0,0.0,0.0,0.0,0.0,0.0,,0.0,0.0,0.0,1,1,461,461
lightgbm_mse_regression,cluster_2086,2086,Cluster 2086: ECFP_952 (n=1),ECFP_952,ECFP_952,1,"[""ECFP_952""]",5,3156,0.0,0.0,0.0,0.0,0.0,0.0,,0.0,0.0,0.0,1,1,461,461
lightgbm_mse_regression,cluster_2096,2096,Cluster 2096: ECFP_961 (n=1),ECFP_961,ECFP_961,1,"[""ECFP_961""]",5,3156,0.0,0.0,0.0,0.0,0.0,0.0,,0.0,0.0,0.0,1,1,461,461
lightgbm_mse_regression,cluster_2095,2095,Cluster 2095: ECFP_960 (n=1),ECFP_960,ECFP_960,1,"[""ECFP_960""]",5,3156,0.0,0.0,0.0,0.0,0.0,0.0,,0.0,0.0,0.0,1,1,461,461
lightgbm_mse_regression,cluster_2094,2094,Cluster 2094: ECFP_96 (n=1),ECFP_96,ECFP_96,1,"[""ECFP_96""]",5,3156,0.0,0.0,0.0,0.0,0.0,0.0,,0.0,0.0,0.0,1,1,461,461
lightgbm_mse_regression,cluster_2093,2093,Cluster 2093: ECFP_959 (n=1),ECFP_959,ECFP_959,1,"[""ECFP_959""]",5,3156,0.0,0.0,0.0,0.0,0.0,0.0,,0.0,0.0,0.0,1,1,461,461
lightgbm_mse_regression,cluster_2092,2092,Cluster 2092: ECFP_958 (n=1),ECFP_958,ECFP_958,1,"[""ECFP_958""]",4,2525,0.0,0.0,0.0,0.0,0.0,0.0,,0.0,0.0,0.0,1,1,461,461
lightgbm_mse_regression,cluster_2091,2091,Cluster 2091: ECFP_957 (n=1),ECFP_957,ECFP_957,1,"[""ECFP_957""]",4,2525,0.0,0.0,0.0,0.0,0.0,0.0,,0.0,0.0,0.0,1,1,461,461
lightgbm_mse_regression,cluster_2090,2090,Cluster 2090: ECFP_956 (n=1),ECFP_956,ECFP_956,1,"[""ECFP_956""]",5,3156,0.0,0.0,0.0,0.0,0.0,0.0,,0.0,0.0,0.0,1,1,461,461
lightgbm_mse_regression,cluster_208,208,Cluster 208: ECFP_1096 (n=1),ECFP_1096,ECFP_1096,1,"[""ECFP_1096""]",5,3156,0.0,0.0,0.0,0.0,0.0,0.0,,0.0,0.0,0.0,1,1,461,461
lightgbm_mse_regression,cluster_2089,2089,Cluster 2089: ECFP_955 (n=1),ECFP_955,ECFP_955,1,"[""ECFP_955""]",5,3156,0.0,0.0,0.0,0.0,0.0,0.0,,0.0,0.0,0.0,1,1,461,461
lightgbm_mse_regression,cluster_2088,2088,Cluster 2088: ECFP_954 (n=1),ECFP_954,ECFP_954,1,"[""ECFP_954""]",5,3156,0.0,0.0,0.0,0.0,0.0,0.0,,0.0,0.0,0.0,1,1,461,461
lightgbm_mse_regression,cluster_2087,2087,Cluster 2087: ECFP_953 (n=1),ECFP_953,ECFP_953,1,"[""ECFP_953""]",5,3156,0.0,0.0,0.0,0.0,0.0,0.0,,0.0,0.0,0.0,1,1,461,461
lightgbm_mse_regression,cluster_2085,2085,Cluster 2085: ECFP_951 (n=1),ECFP_951,ECFP_951,1,"[""ECFP_951""]",5,3156,0.0,0.0,0.0,0.0,0.0,0.0,,0.0,0.0,0.0,1,1,461,461
lightgbm_mse_regression,cluster_2098,2098,Cluster 2098: ECFP_963 (n=1),ECFP_963,ECFP_963,1,"[""ECFP_963""]",5,3156,0.0,0.0,0.0,0.0,0.0,0.0,,0.0,0.0,0.0,1,1,461,461
lightgbm_mse_regression,cluster_2084,2084,Cluster 2084: ECFP_950 (n=1),ECFP_950,ECFP_950,1,"[""ECFP_950""]",5,3156,0.0,0.0,0.0,0.0,0.0,0.0,,0.0,0.0,0.0,1,1,461,461
lightgbm_mse_regression,cluster_2083,2083,Cluster 2083: ECFP_95 (n=1),ECFP_95,ECFP_95,1,"[""ECFP_95""]",5,3156,0.0,0.0,0.0,0.0,0.0,0.0,,0.0,0.0,0.0,1,1,461,461
lightgbm_mse_regression,cluster_2082,2082,Cluster 2082: ECFP_949 (n=1),ECFP_949,ECFP_949,1,"[""ECFP_949""]",5,3156,0.0,0.0,0.0,0.0,0.0,0.0,,0.0,0.0,0.0,1,1,461,461
lightgbm_mse_regression,cluster_2081,2081,Cluster 2081: ECFP_948 (n=1),ECFP_948,ECFP_948,1,"[""ECFP_948""]",5,3156,0.0,0.0,0.0,0.0,0.0,0.0,,0.0,0.0,0.0,1,1,461,461
lightgbm_mse_regression,cluster_207,207,Cluster 207: ECFP_1095 (n=1),ECFP_1095,ECFP_1095,1,"[""ECFP_1095""]",5,3156,0.0,0.0,0.0,0.0,0.0,0.0,,0.0,0.0,0.0,1,1,461,461
lightgbm_mse_regression,cluster_2079,2079,Cluster 2079: ECFP_946 (n=1),ECFP_946,ECFP_946,1,"[""ECFP_946""]",5,3156,0.0,0.0,0.0,0.0,0.0,0.0,,0.0,0.0,0.0,1,1,461,461
lightgbm_mse_regression,cluster_2078,2078,Cluster 2078: ECFP_945 (n=1),ECFP_945,ECFP_945,1,"[""ECFP_945""]",5,3156,0.0,0.0,0.0,0.0,0.0,0.0,,0.0,0.0,0.0,1,1,461,461
lightgbm_mse_regression,cluster_2077,2077,Cluster 2077: ECFP_944 (n=1),ECFP_944,ECFP_944,1,"[""ECFP_944""]",5,3156,0.0,0.0,0.0,0.0,0.0,0.0,,0.0,0.0,0.0,1,1,461,461
lightgbm_mse_regression,cluster_2076,2076,Cluster 2076: ECFP_943 (n=1),ECFP_943,ECFP_943,1,"[""ECFP_943""]",5,3156,0.0,0.0,0.0,0.0,0.0,0.0,,0.0,0.0,0.0,1,1,461,461
lightgbm_mse_regression,cluster_2075,2075,Cluster 2075: ECFP_942 (n=1),ECFP_942,ECFP_942,1,"[""ECFP_942""]",5,3156,0.0,0.0,0.0,0.0,0.0,0.0,,0.0,0.0,0.0,1,1,461,461
lightgbm_mse_regression,cluster_2074,2074,Cluster 2074: ECFP_941 (n=1),ECFP_941,ECFP_941,1,"[""ECFP_941""]",5,3156,0.0,0.0,0.0,0.0,0.0,0.0,,0.0,0.0,0.0,1,1,461,461
lightgbm_mse_regression,cluster_2097,2097,Cluster 2097: ECFP_962 (n=1),ECFP_962,ECFP_962,1,"[""ECFP_962""]",4,2525,0.0,0.0,0.0,0.0,0.0,0.0,,0.0,0.0,0.0,1,1,461,461
lightgbm_mse_regression,cluster_2099,2099,Cluster 2099: ECFP_964 (n=1),ECFP_964,ECFP_964,1,"[""ECFP_964""]",5,3156,0.0,0.0,0.0,0.0,0.0,0.0,,0.0,0.0,0.0,1,1,461,461
lightgbm_mse_regression,cluster_2123,2123,Cluster 2123: ECFP_986 (n=1),ECFP_986,ECFP_986,1,"[""ECFP_986""]",4,2525,0.0,0.0,0.0,0.0,0.0,0.0,,0.0,0.0,0.0,1,1,461,461
lightgbm_mse_regression,cluster_2111,2111,Cluster 2111: ECFP_975 (n=1),ECFP_975,ECFP_975,1,"[""ECFP_975""]",5,3156,0.0,0.0,0.0,0.0,0.0,0.0,,0.0,0.0,0.0,1,1,461,461
lightgbm_mse_regression,cluster_2122,2122,Cluster 2122: ECFP_985 (n=1),ECFP_985,ECFP_985,1,"[""ECFP_985""]",5,3156,0.0,0.0,0.0,0.0,0.0,0.0,,0.0,0.0,0.0,1,1,461,461
lightgbm_mse_regression,cluster_2120,2120,Cluster 2120: ECFP_983 (n=1),ECFP_983,ECFP_983,1,"[""ECFP_983""]",4,2525,0.0,0.0,0.0,0.0,0.0,0.0,,0.0,0.0,0.0,1,1,461,461
lightgbm_mse_regression,cluster_211,211,Cluster 211: ECFP_1099 (n=1),ECFP_1099,ECFP_1099,1,"[""ECFP_1099""]",5,3156,0.0,0.0,0.0,0.0,0.0,0.0,,0.0,0.0,0.0,1,1,461,461
lightgbm_mse_regression,cluster_2119,2119,Cluster 2119: ECFP_982 (n=1),ECFP_982,ECFP_982,1,"[""ECFP_982""]",5,3156,0.0,0.0,0.0,0.0,0.0,0.0,,0.0,0.0,0.0,1,1,461,461
lightgbm_mse_regression,cluster_2118,2118,Cluster 2118: ECFP_981 (n=1),ECFP_981,ECFP_981,1,"[""ECFP_981""]",5,3156,0.0,0.0,0.0,0.0,0.0,0.0,,0.0,0.0,0.0,1,1,461,461
lightgbm_mse_regression,cluster_2117,2117,Cluster 2117: ECFP_980 (n=1),ECFP_980,ECFP_980,1,"[""ECFP_980""]",5,3156,0.0,0.0,0.0,0.0,0.0,0.0,,0.0,0.0,0.0,1,1,461,461
lightgbm_mse_regression,cluster_2116,2116,Cluster 2116: ECFP_98 (n=1),ECFP_98,ECFP_98,1,"[""ECFP_98""]",5,3156,0.0,0.0,0.0,0.0,0.0,0.0,,0.0,0.0,0.0,1,1,461,461
lightgbm_mse_regression,cluster_2115,2115,Cluster 2115: ECFP_979 (n=1),ECFP_979,ECFP_979,1,"[""ECFP_979""]",5,3156,0.0,0.0,0.0,0.0,0.0,0.0,,0.0,0.0,0.0,1,1,461,461
lightgbm_mse_regression,cluster_2114,2114,Cluster 2114: ECFP_978 (n=1),ECFP_978,ECFP_978,1,"[""ECFP_978""]",5,3156,0.0,0.0,0.0,0.0,0.0,0.0,,0.0,0.0,0.0,1,1,461,461
lightgbm_mse_regression,cluster_2113,2113,Cluster 2113: ECFP_977 (n=1),ECFP_977,ECFP_977,1,"[""ECFP_977""]",5,3156,0.0,0.0,0.0,0.0,0.0,0.0,,0.0,0.0,0.0,1,1,461,461
lightgbm_mse_regression,cluster_2112,2112,Cluster 2112: ECFP_976 (n=1),ECFP_976,ECFP_976,1,"[""ECFP_976""]",5,3156,0.0,0.0,0.0,0.0,0.0,0.0,,0.0,0.0,0.0,1,1,461,461
lightgbm_mse_regression,cluster_2110,2110,Cluster 2110: ECFP_974 (n=1),ECFP_974,ECFP_974,1,"[""ECFP_974""]",5,3156,0.0,0.0,0.0,0.0,0.0,0.0,,0.0,0.0,0.0,1,1,461,461
lightgbm_mse_regression,cluster_209,209,Cluster 209: ECFP_1097 (n=1),ECFP_1097,ECFP_1097,1,"[""ECFP_1097""]",5,3156,0.0,0.0,0.0,0.0,0.0,0.0,,0.0,0.0,0.0,1,1,461,461
lightgbm_mse_regression,cluster_210,210,Cluster 210: ECFP_1098 (n=1),ECFP_1098,ECFP_1098,1,"[""ECFP_1098""]",5,3156,0.0,0.0,0.0,0.0,0.0,0.0,,0.0,0.0,0.0,1,1,461,461
lightgbm_mse_regression,cluster_2109,2109,Cluster 2109: ECFP_973 (n=1),ECFP_973,ECFP_973,1,"[""ECFP_973""]",5,3156,0.0,0.0,0.0,0.0,0.0,0.0,,0.0,0.0,0.0,1,1,461,461
lightgbm_mse_regression,cluster_2108,2108,Cluster 2108: ECFP_972 (n=1),ECFP_972,ECFP_972,1,"[""ECFP_972""]",5,3156,0.0,0.0,0.0,0.0,0.0,0.0,,0.0,0.0,0.0,1,1,461,461
lightgbm_mse_regression,cluster_2107,2107,Cluster 2107: ECFP_971 (n=1),ECFP_971,ECFP_971,1,"[""ECFP_971""]",5,3156,0.0,0.0,0.0,0.0,0.0,0.0,,0.0,0.0,0.0,1,1,461,461
lightgbm_mse_regression,cluster_2106,2106,Cluster 2106: ECFP_970 (n=1),ECFP_970,ECFP_970,1,"[""ECFP_970""]",5,3156,0.0,0.0,0.0,0.0,0.0,0.0,,0.0,0.0,0.0,1,1,461,461
lightgbm_mse_regression,cluster_2105,2105,Cluster 2105: NdS (n=3),NdS,NdS,3,"[""NdS"", ""SdS"", ""ECFP_97""]",5,3156,0.0,0.0,0.0,0.0,0.0,0.0,,0.0,0.0,0.0,3,3,461,461
lightgbm_mse_regression,cluster_2104,2104,Cluster 2104: ECFP_969 (n=1),ECFP_969,ECFP_969,1,"[""ECFP_969""]",5,3156,0.0,0.0,0.0,0.0,0.0,0.0,,0.0,0.0,0.0,1,1,461,461
lightgbm_mse_regression,cluster_2103,2103,Cluster 2103: ECFP_968 (n=1),ECFP_968,ECFP_968,1,"[""ECFP_968""]",5,3156,0.0,0.0,0.0,0.0,0.0,0.0,,0.0,0.0,0.0,1,1,461,461
lightgbm_mse_regression,cluster_2102,2102,Cluster 2102: ECFP_967 (n=1),ECFP_967,ECFP_967,1,"[""ECFP_967""]",5,3156,0.0,0.0,0.0,0.0,0.0,0.0,,0.0,0.0,0.0,1,1,461,461
lightgbm_mse_regression,cluster_2101,2101,Cluster 2101: ECFP_966 (n=1),ECFP_966,ECFP_966,1,"[""ECFP_966""]",5,3156,0.0,0.0,0.0,0.0,0.0,0.0,,0.0,0.0,0.0,1,1,461,461
lightgbm_mse_regression,cluster_2100,2100,Cluster 2100: ECFP_965 (n=1),ECFP_965,ECFP_965,1,"[""ECFP_965""]",5,3156,0.0,0.0,0.0,0.0,0.0,0.0,,0.0,0.0,0.0,1,1,461,461
lightgbm_mse_regression,cluster_478,478,Cluster 478: ECFP_1339 (n=1),ECFP_1339,ECFP_1339,1,"[""ECFP_1339""]",5,3156,0.0,0.0,0.0,0.0,0.0,0.0,,0.0,0.0,0.0,1,1,461,461
lightgbm_mse_regression,cluster_746,746,Cluster 746: ECFP_1580 (n=1),ECFP_1580,ECFP_1580,1,"[""ECFP_1580""]",5,3156,0.0,0.0,0.0,0.0,0.0,0.0,,0.0,0.0,0.0,1,1,461,461
lightgbm_mse_regression,cluster_480,480,Cluster 480: ECFP_1340 (n=1),ECFP_1340,ECFP_1340,1,"[""ECFP_1340""]",5,3156,0.0,0.0,0.0,0.0,0.0,0.0,,0.0,0.0,0.0,1,1,461,461
lightgbm_mse_regression,cluster_808,808,Cluster 808: ECFP_1636 (n=1),ECFP_1636,ECFP_1636,1,"[""ECFP_1636""]",4,2524,0.0,0.0,0.0,0.0,0.0,0.0,,0.0,0.0,0.0,1,1,461,461
lightgbm_mse_regression,cluster_839,839,Cluster 839: ECFP_1664 (n=1),ECFP_1664,ECFP_1664,1,"[""ECFP_1664""]",5,3156,0.0,0.0,0.0,0.0,0.0,0.0,,0.0,0.0,0.0,1,1,461,461
lightgbm_mse_regression,cluster_838,838,Cluster 838: ECFP_1663 (n=1),ECFP_1663,ECFP_1663,1,"[""ECFP_1663""]",5,3156,0.0,0.0,0.0,0.0,0.0,0.0,,0.0,0.0,0.0,1,1,461,461
lightgbm_mse_regression,cluster_837,837,Cluster 837: ECFP_1662 (n=1),ECFP_1662,ECFP_1662,1,"[""ECFP_1662""]",5,3156,0.0,0.0,0.0,0.0,0.0,0.0,,0.0,0.0,0.0,1,1,461,461
lightgbm_mse_regression,cluster_836,836,Cluster 836: ECFP_1661 (n=1),ECFP_1661,ECFP_1661,1,"[""ECFP_1661""]",5,3156,0.0,0.0,0.0,0.0,0.0,0.0,,0.0,0.0,0.0,1,1,461,461
lightgbm_mse_regression,cluster_835,835,Cluster 835: ECFP_1660 (n=1),ECFP_1660,ECFP_1660,1,"[""ECFP_1660""]",5,3156,0.0,0.0,0.0,0.0,0.0,0.0,,0.0,0.0,0.0,1,1,461,461
lightgbm_mse_regression,cluster_834,834,Cluster 834: ECFP_166 (n=1),ECFP_166,ECFP_166,1,"[""ECFP_166""]",4,2525,0.0,0.0,0.0,0.0,0.0,0.0,,0.0,0.0,0.0,1,1,461,461
lightgbm_mse_regression,cluster_833,833,Cluster 833: ECFP_1659 (n=1),ECFP_1659,ECFP_1659,1,"[""ECFP_1659""]",5,3156,0.0,0.0,0.0,0.0,0.0,0.0,,0.0,0.0,0.0,1,1,461,461
lightgbm_mse_regression,cluster_832,832,Cluster 832: ECFP_1658 (n=1),ECFP_1658,ECFP_1658,1,"[""ECFP_1658""]",4,2524,0.0,0.0,0.0,0.0,0.0,0.0,,0.0,0.0,0.0,1,1,461,461
lightgbm_mse_regression,cluster_831,831,Cluster 831: ECFP_1657 (n=1),ECFP_1657,ECFP_1657,1,"[""ECFP_1657""]",5,3156,0.0,0.0,0.0,0.0,0.0,0.0,,0.0,0.0,0.0,1,1,461,461
lightgbm_mse_regression,cluster_830,830,Cluster 830: ECFP_1656 (n=1),ECFP_1656,ECFP_1656,1,"[""ECFP_1656""]",5,3156,0.0,0.0,0.0,0.0,0.0,0.0,,0.0,0.0,0.0,1,1,461,461
lightgbm_mse_regression,cluster_829,829,Cluster 829: ECFP_1655 (n=1),ECFP_1655,ECFP_1655,1,"[""ECFP_1655""]",5,3156,0.0,0.0,0.0,0.0,0.0,0.0,,0.0,0.0,0.0,1,1,461,461
lightgbm_mse_regression,cluster_828,828,Cluster 828: ECFP_1654 (n=1),ECFP_1654,ECFP_1654,1,"[""ECFP_1654""]",5,3156,0.0,0.0,0.0,0.0,0.0,0.0,,0.0,0.0,0.0,1,1,461,461
lightgbm_mse_regression,cluster_827,827,Cluster 827: ECFP_1653 (n=1),ECFP_1653,ECFP_1653,1,"[""ECFP_1653""]",5,3156,0.0,0.0,0.0,0.0,0.0,0.0,,0.0,0.0,0.0,1,1,461,461
lightgbm_mse_regression,cluster_826,826,Cluster 826: ECFP_1652 (n=1),ECFP_1652,ECFP_1652,1,"[""ECFP_1652""]",5,3156,0.0,0.0,0.0,0.0,0.0,0.0,,0.0,0.0,0.0,1,1,461,461
lightgbm_mse_regression,cluster_825,825,Cluster 825: ECFP_1651 (n=1),ECFP_1651,ECFP_1651,1,"[""ECFP_1651""]",5,3156,0.0,0.0,0.0,0.0,0.0,0.0,,0.0,0.0,0.0,1,1,461,461
lightgbm_mse_regression,cluster_824,824,Cluster 824: ECFP_1650 (n=1),ECFP_1650,ECFP_1650,1,"[""ECFP_1650""]",5,3156,0.0,0.0,0.0,0.0,0.0,0.0,,0.0,0.0,0.0,1,1,461,461
lightgbm_mse_regression,cluster_822,822,Cluster 822: ECFP_1649 (n=1),ECFP_1649,ECFP_1649,1,"[""ECFP_1649""]",5,3156,0.0,0.0,0.0,0.0,0.0,0.0,,0.0,0.0,0.0,1,1,461,461
lightgbm_mse_regression,cluster_821,821,Cluster 821: ECFP_1648 (n=1),ECFP_1648,ECFP_1648,1,"[""ECFP_1648""]",5,3156,0.0,0.0,0.0,0.0,0.0,0.0,,0.0,0.0,0.0,1,1,461,461
lightgbm_mse_regression,cluster_819,819,Cluster 819: ECFP_1646 (n=1),ECFP_1646,ECFP_1646,1,"[""ECFP_1646""]",5,3156,0.0,0.0,0.0,0.0,0.0,0.0,,0.0,0.0,0.0,1,1,461,461
lightgbm_mse_regression,cluster_815,815,Cluster 815: ECFP_1642 (n=1),ECFP_1642,ECFP_1642,1,"[""ECFP_1642""]",4,2525,0.0,0.0,0.0,0.0,0.0,0.0,,0.0,0.0,0.0,1,1,461,461
lightgbm_mse_regression,cluster_814,814,Cluster 814: ECFP_1641 (n=1),ECFP_1641,ECFP_1641,1,"[""ECFP_1641""]",5,3156,0.0,0.0,0.0,0.0,0.0,0.0,,0.0,0.0,0.0,1,1,461,461
lightgbm_mse_regression,cluster_813,813,Cluster 813: ECFP_1640 (n=1),ECFP_1640,ECFP_1640,1,"[""ECFP_1640""]",5,3156,0.0,0.0,0.0,0.0,0.0,0.0,,0.0,0.0,0.0,1,1,461,461
lightgbm_mse_regression,cluster_812,812,Cluster 812: ECFP_164 (n=1),ECFP_164,ECFP_164,1,"[""ECFP_164""]",5,3156,0.0,0.0,0.0,0.0,0.0,0.0,,0.0,0.0,0.0,1,1,461,461
lightgbm_mse_regression,cluster_811,811,Cluster 811: ECFP_1639 (n=1),ECFP_1639,ECFP_1639,1,"[""ECFP_1639""]",5,3156,0.0,0.0,0.0,0.0,0.0,0.0,,0.0,0.0,0.0,1,1,461,461
lightgbm_mse_regression,cluster_810,810,Cluster 810: ECFP_1638 (n=1),ECFP_1638,ECFP_1638,1,"[""ECFP_1638""]",5,3156,0.0,0.0,0.0,0.0,0.0,0.0,,0.0,0.0,0.0,1,1,461,461
lightgbm_mse_regression,cluster_840,840,Cluster 840: ECFP_1665 (n=1),ECFP_1665,ECFP_1665,1,"[""ECFP_1665""]",5,3156,0.0,0.0,0.0,0.0,0.0,0.0,,0.0,0.0,0.0,1,1,461,461
lightgbm_mse_regression,cluster_841,841,Cluster 841: ECFP_1666 (n=1),ECFP_1666,ECFP_1666,1,"[""ECFP_1666""]",4,2525,0.0,0.0,0.0,0.0,0.0,0.0,,0.0,0.0,0.0,1,1,461,461
lightgbm_mse_regression,cluster_842,842,Cluster 842: ECFP_1667 (n=1),ECFP_1667,ECFP_1667,1,"[""ECFP_1667""]",5,3156,0.0,0.0,0.0,0.0,0.0,0.0,,0.0,0.0,0.0,1,1,461,461
lightgbm_mse_regression,cluster_857,857,Cluster 857: ECFP_1680 (n=1),ECFP_1680,ECFP_1680,1,"[""ECFP_1680""]",5,3156,0.0,0.0,0.0,0.0,0.0,0.0,,0.0,0.0,0.0,1,1,461,461
lightgbm_mse_regression,cluster_870,870,Cluster 870: ECFP_1692 (n=1),ECFP_1692,ECFP_1692,1,"[""ECFP_1692""]",5,3156,0.0,0.0,0.0,0.0,0.0,0.0,,0.0,0.0,0.0,1,1,461,461
lightgbm_mse_regression,cluster_869,869,Cluster 869: ECFP_1691 (n=1),ECFP_1691,ECFP_1691,1,"[""ECFP_1691""]",5,3156,0.0,0.0,0.0,0.0,0.0,0.0,,0.0,0.0,0.0,1,1,461,461
lightgbm_mse_regression,cluster_868,868,Cluster 868: ECFP_1690 (n=1),ECFP_1690,ECFP_1690,1,"[""ECFP_1690""]",5,3156,0.0,0.0,0.0,0.0,0.0,0.0,,0.0,0.0,0.0,1,1,461,461
lightgbm_mse_regression,cluster_867,867,Cluster 867: ECFP_169 (n=1),ECFP_169,ECFP_169,1,"[""ECFP_169""]",5,3156,0.0,0.0,0.0,0.0,0.0,0.0,,0.0,0.0,0.0,1,1,461,461
lightgbm_mse_regression,cluster_866,866,Cluster 866: ECFP_1689 (n=1),ECFP_1689,ECFP_1689,1,"[""ECFP_1689""]",5,3156,0.0,0.0,0.0,0.0,0.0,0.0,,0.0,0.0,0.0,1,1,461,461
lightgbm_mse_regression,cluster_864,864,Cluster 864: ECFP_1687 (n=1),ECFP_1687,ECFP_1687,1,"[""ECFP_1687""]",5,3156,0.0,0.0,0.0,0.0,0.0,0.0,,0.0,0.0,0.0,1,1,461,461
lightgbm_mse_regression,cluster_863,863,Cluster 863: ECFP_1686 (n=1),ECFP_1686,ECFP_1686,1,"[""ECFP_1686""]",5,3156,0.0,0.0,0.0,0.0,0.0,0.0,,0.0,0.0,0.0,1,1,461,461
lightgbm_mse_regression,cluster_862,862,Cluster 862: ECFP_1685 (n=1),ECFP_1685,ECFP_1685,1,"[""ECFP_1685""]",5,3156,0.0,0.0,0.0,0.0,0.0,0.0,,0.0,0.0,0.0,1,1,461,461
lightgbm_mse_regression,cluster_861,861,Cluster 861: ECFP_1684 (n=1),ECFP_1684,ECFP_1684,1,"[""ECFP_1684""]",5,3156,0.0,0.0,0.0,0.0,0.0,0.0,,0.0,0.0,0.0,1,1,461,461
lightgbm_mse_regression,cluster_859,859,Cluster 859: ECFP_1682 (n=1),ECFP_1682,ECFP_1682,1,"[""ECFP_1682""]",5,3156,0.0,0.0,0.0,0.0,0.0,0.0,,0.0,0.0,0.0,1,1,461,461
lightgbm_mse_regression,cluster_858,858,Cluster 858: ECFP_1681 (n=1),ECFP_1681,ECFP_1681,1,"[""ECFP_1681""]",5,3156,0.0,0.0,0.0,0.0,0.0,0.0,,0.0,0.0,0.0,1,1,461,461
lightgbm_mse_regression,cluster_856,856,Cluster 856: ECFP_168 (n=1),ECFP_168,ECFP_168,1,"[""ECFP_168""]",5,3156,0.0,0.0,0.0,0.0,0.0,0.0,,0.0,0.0,0.0,1,1,461,461
lightgbm_mse_regression,cluster_843,843,Cluster 843: ECFP_1668 (n=1),ECFP_1668,ECFP_1668,1,"[""ECFP_1668""]",5,3156,0.0,0.0,0.0,0.0,0.0,0.0,,0.0,0.0,0.0,1,1,461,461
lightgbm_mse_regression,cluster_855,855,Cluster 855: ECFP_1679 (n=1),ECFP_1679,ECFP_1679,1,"[""ECFP_1679""]",5,3156,0.0,0.0,0.0,0.0,0.0,0.0,,0.0,0.0,0.0,1,1,461,461
lightgbm_mse_regression,cluster_853,853,Cluster 853: ECFP_1677 (n=1),ECFP_1677,ECFP_1677,1,"[""ECFP_1677""]",5,3156,0.0,0.0,0.0,0.0,0.0,0.0,,0.0,0.0,0.0,1,1,461,461
lightgbm_mse_regression,cluster_852,852,Cluster 852: ECFP_1676 (n=1),ECFP_1676,ECFP_1676,1,"[""ECFP_1676""]",5,3156,0.0,0.0,0.0,0.0,0.0,0.0,,0.0,0.0,0.0,1,1,461,461
lightgbm_mse_regression,cluster_851,851,Cluster 851: ECFP_1675 (n=1),ECFP_1675,ECFP_1675,1,"[""ECFP_1675""]",5,3156,0.0,0.0,0.0,0.0,0.0,0.0,,0.0,0.0,0.0,1,1,461,461
lightgbm_mse_regression,cluster_850,850,Cluster 850: ECFP_1674 (n=1),ECFP_1674,ECFP_1674,1,"[""ECFP_1674""]",5,3156,0.0,0.0,0.0,0.0,0.0,0.0,,0.0,0.0,0.0,1,1,461,461
lightgbm_mse_regression,cluster_849,849,Cluster 849: ECFP_1673 (n=1),ECFP_1673,ECFP_1673,1,"[""ECFP_1673""]",5,3156,0.0,0.0,0.0,0.0,0.0,0.0,,0.0,0.0,0.0,1,1,461,461
lightgbm_mse_regression,cluster_848,848,Cluster 848: ECFP_1672 (n=1),ECFP_1672,ECFP_1672,1,"[""ECFP_1672""]",5,3156,0.0,0.0,0.0,0.0,0.0,0.0,,0.0,0.0,0.0,1,1,461,461
lightgbm_mse_regression,cluster_847,847,Cluster 847: ECFP_1671 (n=1),ECFP_1671,ECFP_1671,1,"[""ECFP_1671""]",5,3156,0.0,0.0,0.0,0.0,0.0,0.0,,0.0,0.0,0.0,1,1,461,461
lightgbm_mse_regression,cluster_846,846,Cluster 846: ECFP_1670 (n=1),ECFP_1670,ECFP_1670,1,"[""ECFP_1670""]",5,3156,0.0,0.0,0.0,0.0,0.0,0.0,,0.0,0.0,0.0,1,1,461,461
lightgbm_mse_regression,cluster_845,845,Cluster 845: ECFP_167 (n=1),ECFP_167,ECFP_167,1,"[""ECFP_167""]",5,3156,0.0,0.0,0.0,0.0,0.0,0.0,,0.0,0.0,0.0,1,1,461,461
lightgbm_mse_regression,cluster_844,844,Cluster 844: ECFP_1669 (n=1),ECFP_1669,ECFP_1669,1,"[""ECFP_1669""]",5,3156,0.0,0.0,0.0,0.0,0.0,0.0,,0.0,0.0,0.0,1,1,461,461
lightgbm_mse_regression,cluster_809,809,Cluster 809: ECFP_1637 (n=1),ECFP_1637,ECFP_1637,1,"[""ECFP_1637""]",5,3156,0.0,0.0,0.0,0.0,0.0,0.0,,0.0,0.0,0.0,1,1,461,461
lightgbm_mse_regression,cluster_807,807,Cluster 807: ECFP_1635 (n=1),ECFP_1635,ECFP_1635,1,"[""ECFP_1635""]",4,2524,0.0,0.0,0.0,0.0,0.0,0.0,,0.0,0.0,0.0,1,1,461,461
lightgbm_mse_regression,cluster_481,481,Cluster 481: ECFP_1341 (n=1),ECFP_1341,ECFP_1341,1,"[""ECFP_1341""]",5,3156,0.0,0.0,0.0,0.0,0.0,0.0,,0.0,0.0,0.0,1,1,461,461
lightgbm_mse_regression,cluster_806,806,Cluster 806: ECFP_1634 (n=1),ECFP_1634,ECFP_1634,1,"[""ECFP_1634""]",5,3156,0.0,0.0,0.0,0.0,0.0,0.0,,0.0,0.0,0.0,1,1,461,461
lightgbm_mse_regression,cluster_777,777,Cluster 777: ECFP_1608 (n=1),ECFP_1608,ECFP_1608,1,"[""ECFP_1608""]",5,3156,0.0,0.0,0.0,0.0,0.0,0.0,,0.0,0.0,0.0,1,1,461,461
lightgbm_mse_regression,cluster_775,775,Cluster 775: ECFP_1606 (n=1),ECFP_1606,ECFP_1606,1,"[""ECFP_1606""]",5,3156,0.0,0.0,0.0,0.0,0.0,0.0,,0.0,0.0,0.0,1,1,461,461
lightgbm_mse_regression,cluster_774,774,Cluster 774: ECFP_1605 (n=1),ECFP_1605,ECFP_1605,1,"[""ECFP_1605""]",5,3156,0.0,0.0,0.0,0.0,0.0,0.0,,0.0,0.0,0.0,1,1,461,461
lightgbm_mse_regression,cluster_770,770,Cluster 770: ECFP_1601 (n=1),ECFP_1601,ECFP_1601,1,"[""ECFP_1601""]",5,3156,0.0,0.0,0.0,0.0,0.0,0.0,,0.0,0.0,0.0,1,1,461,461
lightgbm_mse_regression,cluster_769,769,Cluster 769: ECFP_1600 (n=1),ECFP_1600,ECFP_1600,1,"[""ECFP_1600""]",4,2525,0.0,0.0,0.0,0.0,0.0,0.0,,0.0,0.0,0.0,1,1,461,461
lightgbm_mse_regression,cluster_768,768,Cluster 768: ECFP_160 (n=1),ECFP_160,ECFP_160,1,"[""ECFP_160""]",5,3156,0.0,0.0,0.0,0.0,0.0,0.0,,0.0,0.0,0.0,1,1,461,461
lightgbm_mse_regression,cluster_767,767,Cluster 767: ECFP_16 (n=1),ECFP_16,ECFP_16,1,"[""ECFP_16""]",5,3156,0.0,0.0,0.0,0.0,0.0,0.0,,0.0,0.0,0.0,1,1,461,461
lightgbm_mse_regression,cluster_766,766,Cluster 766: ECFP_1599 (n=1),ECFP_1599,ECFP_1599,1,"[""ECFP_1599""]",5,3156,0.0,0.0,0.0,0.0,0.0,0.0,,0.0,0.0,0.0,1,1,461,461
lightgbm_mse_regression,cluster_765,765,Cluster 765: ECFP_1598 (n=1),ECFP_1598,ECFP_1598,1,"[""ECFP_1598""]",5,3156,0.0,0.0,0.0,0.0,0.0,0.0,,0.0,0.0,0.0,1,1,461,461
lightgbm_mse_regression,cluster_764,764,Cluster 764: ECFP_1597 (n=1),ECFP_1597,ECFP_1597,1,"[""ECFP_1597""]",5,3156,0.0,0.0,0.0,0.0,0.0,0.0,,0.0,0.0,0.0,1,1,461,461
lightgbm_mse_regression,cluster_763,763,Cluster 763: ECFP_1596 (n=1),ECFP_1596,ECFP_1596,1,"[""ECFP_1596""]",5,3156,0.0,0.0,0.0,0.0,0.0,0.0,,0.0,0.0,0.0,1,1,461,461
lightgbm_mse_regression,cluster_761,761,Cluster 761: ECFP_1594 (n=1),ECFP_1594,ECFP_1594,1,"[""ECFP_1594""]",5,3156,0.0,0.0,0.0,0.0,0.0,0.0,,0.0,0.0,0.0,1,1,461,461
lightgbm_mse_regression,cluster_760,760,Cluster 760: ECFP_1593 (n=1),ECFP_1593,ECFP_1593,1,"[""ECFP_1593""]",5,3156,0.0,0.0,0.0,0.0,0.0,0.0,,0.0,0.0,0.0,1,1,461,461
lightgbm_mse_regression,cluster_759,759,Cluster 759: ECFP_1592 (n=1),ECFP_1592,ECFP_1592,1,"[""ECFP_1592""]",5,3156,0.0,0.0,0.0,0.0,0.0,0.0,,0.0,0.0,0.0,1,1,461,461
lightgbm_mse_regression,cluster_758,758,Cluster 758: ECFP_1591 (n=1),ECFP_1591,ECFP_1591,1,"[""ECFP_1591""]",4,2525,0.0,0.0,0.0,0.0,0.0,0.0,,0.0,0.0,0.0,1,1,461,461
lightgbm_mse_regression,cluster_757,757,Cluster 757: ECFP_1590 (n=1),ECFP_1590,ECFP_1590,1,"[""ECFP_1590""]",5,3156,0.0,0.0,0.0,0.0,0.0,0.0,,0.0,0.0,0.0,1,1,461,461
lightgbm_mse_regression,cluster_756,756,Cluster 756: ECFP_159 (n=1),ECFP_159,ECFP_159,1,"[""ECFP_159""]",5,3156,0.0,0.0,0.0,0.0,0.0,0.0,,0.0,0.0,0.0,1,1,461,461
lightgbm_mse_regression,cluster_755,755,Cluster 755: ECFP_1589 (n=1),ECFP_1589,ECFP_1589,1,"[""ECFP_1589""]",5,3156,0.0,0.0,0.0,0.0,0.0,0.0,,0.0,0.0,0.0,1,1,461,461
lightgbm_mse_regression,cluster_753,753,Cluster 753: ECFP_1587 (n=1),ECFP_1587,ECFP_1587,1,"[""ECFP_1587""]",4,2525,0.0,0.0,0.0,0.0,0.0,0.0,,0.0,0.0,0.0,1,1,461,461
lightgbm_mse_regression,cluster_752,752,Cluster 752: ECFP_1586 (n=1),ECFP_1586,ECFP_1586,1,"[""ECFP_1586""]",5,3156,0.0,0.0,0.0,0.0,0.0,0.0,,0.0,0.0,0.0,1,1,461,461
lightgbm_mse_regression,cluster_751,751,Cluster 751: ECFP_397 (n=2),ECFP_397,ECFP_397,2,"[""ECFP_397"", ""ECFP_1585""]",5,3156,0.0,0.0,0.0,0.0,0.0,0.0,,0.0,0.0,0.0,2,2,461,461
lightgbm_mse_regression,cluster_750,750,Cluster 750: ECFP_1584 (n=1),ECFP_1584,ECFP_1584,1,"[""ECFP_1584""]",4,2525,0.0,0.0,0.0,0.0,0.0,0.0,,0.0,0.0,0.0,1,1,461,461
lightgbm_mse_regression,cluster_749,749,Cluster 749: ECFP_1583 (n=1),ECFP_1583,ECFP_1583,1,"[""ECFP_1583""]",5,3156,0.0,0.0,0.0,0.0,0.0,0.0,,0.0,0.0,0.0,1,1,461,461
lightgbm_mse_regression,cluster_748,748,Cluster 748: ECFP_1582 (n=1),ECFP_1582,ECFP_1582,1,"[""ECFP_1582""]",5,3156,0.0,0.0,0.0,0.0,0.0,0.0,,0.0,0.0,0.0,1,1,461,461
lightgbm_mse_regression,cluster_1956,1956,Cluster 1956: ECFP_834 (n=1),ECFP_834,ECFP_834,1,"[""ECFP_834""]",5,3156,0.0,0.0,0.0,0.0,0.0,0.0,,0.0,0.0,0.0,1,1,461,461
lightgbm_mse_regression,cluster_778,778,Cluster 778: ECFP_1609 (n=1),ECFP_1609,ECFP_1609,1,"[""ECFP_1609""]",5,3156,0.0,0.0,0.0,0.0,0.0,0.0,,0.0,0.0,0.0,1,1,461,461
lightgbm_mse_regression,cluster_779,779,Cluster 779: ECFP_161 (n=1),ECFP_161,ECFP_161,1,"[""ECFP_161""]",4,2525,0.0,0.0,0.0,0.0,0.0,0.0,,0.0,0.0,0.0,1,1,461,461
lightgbm_mse_regression,cluster_780,780,Cluster 780: ECFP_1610 (n=1),ECFP_1610,ECFP_1610,1,"[""ECFP_1610""]",5,3156,0.0,0.0,0.0,0.0,0.0,0.0,,0.0,0.0,0.0,1,1,461,461
lightgbm_mse_regression,cluster_794,794,Cluster 794: ECFP_1623 (n=1),ECFP_1623,ECFP_1623,1,"[""ECFP_1623""]",5,3156,0.0,0.0,0.0,0.0,0.0,0.0,,0.0,0.0,0.0,1,1,461,461
lightgbm_mse_regression,cluster_805,805,Cluster 805: ECFP_1633 (n=1),ECFP_1633,ECFP_1633,1,"[""ECFP_1633""]",5,3156,0.0,0.0,0.0,0.0,0.0,0.0,,0.0,0.0,0.0,1,1,461,461
lightgbm_mse_regression,cluster_804,804,Cluster 804: ECFP_1632 (n=1),ECFP_1632,ECFP_1632,1,"[""ECFP_1632""]",5,3156,0.0,0.0,0.0,0.0,0.0,0.0,,0.0,0.0,0.0,1,1,461,461
lightgbm_mse_regression,cluster_803,803,Cluster 803: ECFP_1631 (n=1),ECFP_1631,ECFP_1631,1,"[""ECFP_1631""]",5,3156,0.0,0.0,0.0,0.0,0.0,0.0,,0.0,0.0,0.0,1,1,461,461
lightgbm_mse_regression,cluster_802,802,Cluster 802: ECFP_1630 (n=1),ECFP_1630,ECFP_1630,1,"[""ECFP_1630""]",5,3156,0.0,0.0,0.0,0.0,0.0,0.0,,0.0,0.0,0.0,1,1,461,461
lightgbm_mse_regression,cluster_801,801,Cluster 801: ECFP_163 (n=1),ECFP_163,ECFP_163,1,"[""ECFP_163""]",4,2525,0.0,0.0,0.0,0.0,0.0,0.0,,0.0,0.0,0.0,1,1,461,461
lightgbm_mse_regression,cluster_800,800,Cluster 800: ECFP_1629 (n=1),ECFP_1629,ECFP_1629,1,"[""ECFP_1629""]",5,3156,0.0,0.0,0.0,0.0,0.0,0.0,,0.0,0.0,0.0,1,1,461,461
lightgbm_mse_regression,cluster_799,799,Cluster 799: ECFP_1628 (n=1),ECFP_1628,ECFP_1628,1,"[""ECFP_1628""]",5,3156,0.0,0.0,0.0,0.0,0.0,0.0,,0.0,0.0,0.0,1,1,461,461
lightgbm_mse_regression,cluster_798,798,Cluster 798: ECFP_1627 (n=1),ECFP_1627,ECFP_1627,1,"[""ECFP_1627""]",5,3156,0.0,0.0,0.0,0.0,0.0,0.0,,0.0,0.0,0.0,1,1,461,461
lightgbm_mse_regression,cluster_797,797,Cluster 797: ECFP_1626 (n=1),ECFP_1626,ECFP_1626,1,"[""ECFP_1626""]",5,3156,0.0,0.0,0.0,0.0,0.0,0.0,,0.0,0.0,0.0,1,1,461,461
lightgbm_mse_regression,cluster_796,796,Cluster 796: ECFP_1625 (n=1),ECFP_1625,ECFP_1625,1,"[""ECFP_1625""]",5,3156,0.0,0.0,0.0,0.0,0.0,0.0,,0.0,0.0,0.0,1,1,461,461
lightgbm_mse_regression,cluster_795,795,Cluster 795: ECFP_1624 (n=1),ECFP_1624,ECFP_1624,1,"[""ECFP_1624""]",5,3156,0.0,0.0,0.0,0.0,0.0,0.0,,0.0,0.0,0.0,1,1,461,461
lightgbm_mse_regression,cluster_793,793,Cluster 793: ECFP_1622 (n=1),ECFP_1622,ECFP_1622,1,"[""ECFP_1622""]",5,3156,0.0,0.0,0.0,0.0,0.0,0.0,,0.0,0.0,0.0,1,1,461,461
lightgbm_mse_regression,cluster_781,781,Cluster 781: ECFP_1611 (n=1),ECFP_1611,ECFP_1611,1,"[""ECFP_1611""]",5,3156,0.0,0.0,0.0,0.0,0.0,0.0,,0.0,0.0,0.0,1,1,461,461
lightgbm_mse_regression,cluster_792,792,Cluster 792: ECFP_1621 (n=1),ECFP_1621,ECFP_1621,1,"[""ECFP_1621""]",5,3156,0.0,0.0,0.0,0.0,0.0,0.0,,0.0,0.0,0.0,1,1,461,461
lightgbm_mse_regression,cluster_791,791,Cluster 791: ECFP_1620 (n=1),ECFP_1620,ECFP_1620,1,"[""ECFP_1620""]",5,3156,0.0,0.0,0.0,0.0,0.0,0.0,,0.0,0.0,0.0,1,1,461,461
lightgbm_mse_regression,cluster_790,790,Cluster 790: ECFP_162 (n=1),ECFP_162,ECFP_162,1,"[""ECFP_162""]",5,3156,0.0,0.0,0.0,0.0,0.0,0.0,,0.0,0.0,0.0,1,1,461,461
lightgbm_mse_regression,cluster_789,789,Cluster 789: ECFP_1619 (n=1),ECFP_1619,ECFP_1619,1,"[""ECFP_1619""]",5,3156,0.0,0.0,0.0,0.0,0.0,0.0,,0.0,0.0,0.0,1,1,461,461
lightgbm_mse_regression,cluster_788,788,Cluster 788: ECFP_1618 (n=1),ECFP_1618,ECFP_1618,1,"[""ECFP_1618""]",5,3156,0.0,0.0,0.0,0.0,0.0,0.0,,0.0,0.0,0.0,1,1,461,461
lightgbm_mse_regression,cluster_787,787,Cluster 787: ECFP_1617 (n=1),ECFP_1617,ECFP_1617,1,"[""ECFP_1617""]",5,3156,0.0,0.0,0.0,0.0,0.0,0.0,,0.0,0.0,0.0,1,1,461,461
lightgbm_mse_regression,cluster_786,786,Cluster 786: ECFP_1616 (n=1),ECFP_1616,ECFP_1616,1,"[""ECFP_1616""]",5,3156,0.0,0.0,0.0,0.0,0.0,0.0,,0.0,0.0,0.0,1,1,461,461
lightgbm_mse_regression,cluster_785,785,Cluster 785: ECFP_1615 (n=1),ECFP_1615,ECFP_1615,1,"[""ECFP_1615""]",5,3156,0.0,0.0,0.0,0.0,0.0,0.0,,0.0,0.0,0.0,1,1,461,461
lightgbm_mse_regression,cluster_784,784,Cluster 784: ECFP_1614 (n=1),ECFP_1614,ECFP_1614,1,"[""ECFP_1614""]",5,3156,0.0,0.0,0.0,0.0,0.0,0.0,,0.0,0.0,0.0,1,1,461,461
lightgbm_mse_regression,cluster_783,783,Cluster 783: ECFP_1613 (n=1),ECFP_1613,ECFP_1613,1,"[""ECFP_1613""]",5,3156,0.0,0.0,0.0,0.0,0.0,0.0,,0.0,0.0,0.0,1,1,461,461
lightgbm_mse_regression,cluster_782,782,Cluster 782: ECFP_1612 (n=1),ECFP_1612,ECFP_1612,1,"[""ECFP_1612""]",5,3156,0.0,0.0,0.0,0.0,0.0,0.0,,0.0,0.0,0.0,1,1,461,461
lightgbm_mse_regression,cluster_872,872,Cluster 872: ECFP_1694 (n=1),ECFP_1694,ECFP_1694,1,"[""ECFP_1694""]",4,2525,0.0,0.0,0.0,0.0,0.0,0.0,,0.0,0.0,0.0,1,1,461,461
lightgbm_mse_regression,cluster_873,873,Cluster 873: ECFP_1695 (n=1),ECFP_1695,ECFP_1695,1,"[""ECFP_1695""]",4,2525,0.0,0.0,0.0,0.0,0.0,0.0,,0.0,0.0,0.0,1,1,461,461
lightgbm_mse_regression,cluster_874,874,Cluster 874: ECFP_1696 (n=1),ECFP_1696,ECFP_1696,1,"[""ECFP_1696""]",5,3156,0.0,0.0,0.0,0.0,0.0,0.0,,0.0,0.0,0.0,1,1,461,461
lightgbm_mse_regression,cluster_876,876,Cluster 876: ECFP_1698 (n=1),ECFP_1698,ECFP_1698,1,"[""ECFP_1698""]",4,2525,0.0,0.0,0.0,0.0,0.0,0.0,,0.0,0.0,0.0,1,1,461,461
lightgbm_mse_regression,cluster_969,969,Cluster 969: ECFP_1781 (n=1),ECFP_1781,ECFP_1781,1,"[""ECFP_1781""]",5,3156,0.0,0.0,0.0,0.0,0.0,0.0,,0.0,0.0,0.0,1,1,461,461
lightgbm_mse_regression,cluster_968,968,Cluster 968: ECFP_1780 (n=1),ECFP_1780,ECFP_1780,1,"[""ECFP_1780""]",5,3156,0.0,0.0,0.0,0.0,0.0,0.0,,0.0,0.0,0.0,1,1,461,461
lightgbm_mse_regression,cluster_967,967,Cluster 967: ECFP_178 (n=1),ECFP_178,ECFP_178,1,"[""ECFP_178""]",5,3156,0.0,0.0,0.0,0.0,0.0,0.0,,0.0,0.0,0.0,1,1,461,461
lightgbm_mse_regression,cluster_966,966,Cluster 966: ECFP_1779 (n=1),ECFP_1779,ECFP_1779,1,"[""ECFP_1779""]",4,2524,0.0,0.0,0.0,0.0,0.0,0.0,,0.0,0.0,0.0,1,1,461,461
lightgbm_mse_regression,cluster_965,965,Cluster 965: ECFP_1778 (n=1),ECFP_1778,ECFP_1778,1,"[""ECFP_1778""]",5,3156,0.0,0.0,0.0,0.0,0.0,0.0,,0.0,0.0,0.0,1,1,461,461
lightgbm_mse_regression,cluster_964,964,Cluster 964: ECFP_1777 (n=1),ECFP_1777,ECFP_1777,1,"[""ECFP_1777""]",5,3156,0.0,0.0,0.0,0.0,0.0,0.0,,0.0,0.0,0.0,1,1,461,461
lightgbm_mse_regression,cluster_963,963,Cluster 963: ECFP_1776 (n=1),ECFP_1776,ECFP_1776,1,"[""ECFP_1776""]",4,2524,0.0,0.0,0.0,0.0,0.0,0.0,,0.0,0.0,0.0,1,1,461,461
lightgbm_mse_regression,cluster_962,962,Cluster 962: ECFP_1775 (n=1),ECFP_1775,ECFP_1775,1,"[""ECFP_1775""]",5,3156,0.0,0.0,0.0,0.0,0.0,0.0,,0.0,0.0,0.0,1,1,461,461
lightgbm_mse_regression,cluster_961,961,Cluster 961: ECFP_748 (n=2),ECFP_748,ECFP_748,2,"[""ECFP_748"", ""ECFP_1774""]",5,3156,0.0,0.0,0.0,0.0,0.0,0.0,,0.0,0.0,0.0,2,2,461,461
lightgbm_mse_regression,cluster_960,960,Cluster 960: ECFP_1773 (n=1),ECFP_1773,ECFP_1773,1,"[""ECFP_1773""]",5,3156,0.0,0.0,0.0,0.0,0.0,0.0,,0.0,0.0,0.0,1,1,461,461
lightgbm_mse_regression,cluster_959,959,Cluster 959: ECFP_1772 (n=1),ECFP_1772,ECFP_1772,1,"[""ECFP_1772""]",5,3156,0.0,0.0,0.0,0.0,0.0,0.0,,0.0,0.0,0.0,1,1,461,461
lightgbm_mse_regression,cluster_958,958,Cluster 958: ECFP_1771 (n=1),ECFP_1771,ECFP_1771,1,"[""ECFP_1771""]",5,3156,0.0,0.0,0.0,0.0,0.0,0.0,,0.0,0.0,0.0,1,1,461,461
lightgbm_mse_regression,cluster_957,957,Cluster 957: ECFP_1770 (n=1),ECFP_1770,ECFP_1770,1,"[""ECFP_1770""]",5,3156,0.0,0.0,0.0,0.0,0.0,0.0,,0.0,0.0,0.0,1,1,461,461
lightgbm_mse_regression,cluster_956,956,Cluster 956: ECFP_177 (n=1),ECFP_177,ECFP_177,1,"[""ECFP_177""]",5,3156,0.0,0.0,0.0,0.0,0.0,0.0,,0.0,0.0,0.0,1,1,461,461
lightgbm_mse_regression,cluster_955,955,Cluster 955: ECFP_1769 (n=1),ECFP_1769,ECFP_1769,1,"[""ECFP_1769""]",4,2525,0.0,0.0,0.0,0.0,0.0,0.0,,0.0,0.0,0.0,1,1,461,461
lightgbm_mse_regression,cluster_954,954,Cluster 954: ECFP_1768 (n=1),ECFP_1768,ECFP_1768,1,"[""ECFP_1768""]",5,3156,0.0,0.0,0.0,0.0,0.0,0.0,,0.0,0.0,0.0,1,1,461,461
lightgbm_mse_regression,cluster_952,952,Cluster 952: ECFP_1766 (n=1),ECFP_1766,ECFP_1766,1,"[""ECFP_1766""]",5,3156,0.0,0.0,0.0,0.0,0.0,0.0,,0.0,0.0,0.0,1,1,461,461
lightgbm_mse_regression,cluster_950,950,Cluster 950: ECFP_1764 (n=1),ECFP_1764,ECFP_1764,1,"[""ECFP_1764""]",5,3156,0.0,0.0,0.0,0.0,0.0,0.0,,0.0,0.0,0.0,1,1,461,461
lightgbm_mse_regression,cluster_94,94,Cluster 94: C4SP3 (n=1),C4SP3,C4SP3,1,"[""C4SP3""]",5,3156,0.0,0.0,0.0,0.0,0.0,0.0,,0.0,0.0,0.0,1,1,461,461
lightgbm_mse_regression,cluster_949,949,Cluster 949: ECFP_1763 (n=1),ECFP_1763,ECFP_1763,1,"[""ECFP_1763""]",5,3156,0.0,0.0,0.0,0.0,0.0,0.0,,0.0,0.0,0.0,1,1,461,461
lightgbm_mse_regression,cluster_948,948,Cluster 948: ECFP_1762 (n=1),ECFP_1762,ECFP_1762,1,"[""ECFP_1762""]",5,3156,0.0,0.0,0.0,0.0,0.0,0.0,,0.0,0.0,0.0,1,1,461,461
lightgbm_mse_regression,cluster_947,947,Cluster 947: ECFP_1761 (n=1),ECFP_1761,ECFP_1761,1,"[""ECFP_1761""]",5,3156,0.0,0.0,0.0,0.0,0.0,0.0,,0.0,0.0,0.0,1,1,461,461
lightgbm_mse_regression,cluster_946,946,Cluster 946: ECFP_1760 (n=1),ECFP_1760,ECFP_1760,1,"[""ECFP_1760""]",5,3156,0.0,0.0,0.0,0.0,0.0,0.0,,0.0,0.0,0.0,1,1,461,461
lightgbm_mse_regression,cluster_945,945,Cluster 945: ECFP_176 (n=1),ECFP_176,ECFP_176,1,"[""ECFP_176""]",5,3156,0.0,0.0,0.0,0.0,0.0,0.0,,0.0,0.0,0.0,1,1,461,461
lightgbm_mse_regression,cluster_944,944,Cluster 944: ECFP_1759 (n=1),ECFP_1759,ECFP_1759,1,"[""ECFP_1759""]",4,2524,0.0,0.0,0.0,0.0,0.0,0.0,,0.0,0.0,0.0,1,1,461,461
lightgbm_mse_regression,cluster_970,970,Cluster 970: ECFP_1782 (n=1),ECFP_1782,ECFP_1782,1,"[""ECFP_1782""]",5,3156,0.0,0.0,0.0,0.0,0.0,0.0,,0.0,0.0,0.0,1,1,461,461
lightgbm_mse_regression,cluster_971,971,Cluster 971: ECFP_1783 (n=1),ECFP_1783,ECFP_1783,1,"[""ECFP_1783""]",5,3156,0.0,0.0,0.0,0.0,0.0,0.0,,0.0,0.0,0.0,1,1,461,461
lightgbm_mse_regression,cluster_972,972,Cluster 972: ECFP_1784 (n=1),ECFP_1784,ECFP_1784,1,"[""ECFP_1784""]",4,2525,0.0,0.0,0.0,0.0,0.0,0.0,,0.0,0.0,0.0,1,1,461,461
lightgbm_mse_regression,cluster_987,987,Cluster 987: ECFP_1798 (n=1),ECFP_1798,ECFP_1798,1,"[""ECFP_1798""]",5,3156,0.0,0.0,0.0,0.0,0.0,0.0,,0.0,0.0,0.0,1,1,461,461
lightgbm_mse_regression,cluster_999,999,Cluster 999: ECFP_1808 (n=1),ECFP_1808,ECFP_1808,1,"[""ECFP_1808""]",5,3156,0.0,0.0,0.0,0.0,0.0,0.0,,0.0,0.0,0.0,1,1,461,461
lightgbm_mse_regression,cluster_998,998,Cluster 998: ECFP_1807 (n=1),ECFP_1807,ECFP_1807,1,"[""ECFP_1807""]",4,2524,0.0,0.0,0.0,0.0,0.0,0.0,,0.0,0.0,0.0,1,1,461,461
lightgbm_mse_regression,cluster_996,996,Cluster 996: ECFP_1805 (n=1),ECFP_1805,ECFP_1805,1,"[""ECFP_1805""]",5,3156,0.0,0.0,0.0,0.0,0.0,0.0,,0.0,0.0,0.0,1,1,461,461
lightgbm_mse_regression,cluster_995,995,Cluster 995: ECFP_1804 (n=1),ECFP_1804,ECFP_1804,1,"[""ECFP_1804""]",5,3156,0.0,0.0,0.0,0.0,0.0,0.0,,0.0,0.0,0.0,1,1,461,461
lightgbm_mse_regression,cluster_994,994,Cluster 994: ECFP_1803 (n=1),ECFP_1803,ECFP_1803,1,"[""ECFP_1803""]",5,3156,0.0,0.0,0.0,0.0,0.0,0.0,,0.0,0.0,0.0,1,1,461,461
lightgbm_mse_regression,cluster_993,993,Cluster 993: ECFP_1802 (n=1),ECFP_1802,ECFP_1802,1,"[""ECFP_1802""]",4,2525,0.0,0.0,0.0,0.0,0.0,0.0,,0.0,0.0,0.0,1,1,461,461
lightgbm_mse_regression,cluster_992,992,Cluster 992: ECFP_1801 (n=1),ECFP_1801,ECFP_1801,1,"[""ECFP_1801""]",4,2525,0.0,0.0,0.0,0.0,0.0,0.0,,0.0,0.0,0.0,1,1,461,461
lightgbm_mse_regression,cluster_991,991,Cluster 991: ECFP_1800 (n=1),ECFP_1800,ECFP_1800,1,"[""ECFP_1800""]",5,3156,0.0,0.0,0.0,0.0,0.0,0.0,,0.0,0.0,0.0,1,1,461,461
lightgbm_mse_regression,cluster_990,990,Cluster 990: ECFP_180 (n=1),ECFP_180,ECFP_180,1,"[""ECFP_180""]",5,3156,0.0,0.0,0.0,0.0,0.0,0.0,,0.0,0.0,0.0,1,1,461,461
lightgbm_mse_regression,cluster_989,989,Cluster 989: ECFP_18 (n=1),ECFP_18,ECFP_18,1,"[""ECFP_18""]",5,3156,0.0,0.0,0.0,0.0,0.0,0.0,,0.0,0.0,0.0,1,1,461,461
lightgbm_mse_regression,cluster_988,988,Cluster 988: ECFP_1799 (n=1),ECFP_1799,ECFP_1799,1,"[""ECFP_1799""]",5,3156,0.0,0.0,0.0,0.0,0.0,0.0,,0.0,0.0,0.0,1,1,461,461
lightgbm_mse_regression,cluster_986,986,Cluster 986: ECFP_1797 (n=1),ECFP_1797,ECFP_1797,1,"[""ECFP_1797""]",5,3156,0.0,0.0,0.0,0.0,0.0,0.0,,0.0,0.0,0.0,1,1,461,461
lightgbm_mse_regression,cluster_973,973,Cluster 973: ECFP_1785 (n=1),ECFP_1785,ECFP_1785,1,"[""ECFP_1785""]",4,2525,0.0,0.0,0.0,0.0,0.0,0.0,,0.0,0.0,0.0,1,1,461,461
lightgbm_mse_regression,cluster_985,985,Cluster 985: ECFP_1796 (n=1),ECFP_1796,ECFP_1796,1,"[""ECFP_1796""]",4,2525,0.0,0.0,0.0,0.0,0.0,0.0,,0.0,0.0,0.0,1,1,461,461
lightgbm_mse_regression,cluster_984,984,Cluster 984: ECFP_1795 (n=1),ECFP_1795,ECFP_1795,1,"[""ECFP_1795""]",5,3156,0.0,0.0,0.0,0.0,0.0,0.0,,0.0,0.0,0.0,1,1,461,461
lightgbm_mse_regression,cluster_983,983,Cluster 983: ECFP_1794 (n=1),ECFP_1794,ECFP_1794,1,"[""ECFP_1794""]",5,3156,0.0,0.0,0.0,0.0,0.0,0.0,,0.0,0.0,0.0,1,1,461,461
lightgbm_mse_regression,cluster_982,982,Cluster 982: ECFP_1793 (n=1),ECFP_1793,ECFP_1793,1,"[""ECFP_1793""]",5,3156,0.0,0.0,0.0,0.0,0.0,0.0,,0.0,0.0,0.0,1,1,461,461
lightgbm_mse_regression,cluster_981,981,Cluster 981: ECFP_1792 (n=1),ECFP_1792,ECFP_1792,1,"[""ECFP_1792""]",5,3156,0.0,0.0,0.0,0.0,0.0,0.0,,0.0,0.0,0.0,1,1,461,461
lightgbm_mse_regression,cluster_980,980,Cluster 980: ECFP_1791 (n=1),ECFP_1791,ECFP_1791,1,"[""ECFP_1791""]",5,3156,0.0,0.0,0.0,0.0,0.0,0.0,,0.0,0.0,0.0,1,1,461,461
lightgbm_mse_regression,cluster_979,979,Cluster 979: ECFP_1790 (n=1),ECFP_1790,ECFP_1790,1,"[""ECFP_1790""]",5,3156,0.0,0.0,0.0,0.0,0.0,0.0,,0.0,0.0,0.0,1,1,461,461
lightgbm_mse_regression,cluster_978,978,Cluster 978: ECFP_179 (n=1),ECFP_179,ECFP_179,1,"[""ECFP_179""]",5,3156,0.0,0.0,0.0,0.0,0.0,0.0,,0.0,0.0,0.0,1,1,461,461
lightgbm_mse_regression,cluster_977,977,Cluster 977: ECFP_1789 (n=1),ECFP_1789,ECFP_1789,1,"[""ECFP_1789""]",4,2524,0.0,0.0,0.0,0.0,0.0,0.0,,0.0,0.0,0.0,1,1,461,461
lightgbm_mse_regression,cluster_975,975,Cluster 975: ECFP_1787 (n=1),ECFP_1787,ECFP_1787,1,"[""ECFP_1787""]",4,2525,0.0,0.0,0.0,0.0,0.0,0.0,,0.0,0.0,0.0,1,1,461,461
lightgbm_mse_regression,cluster_974,974,Cluster 974: ECFP_1786 (n=1),ECFP_1786,ECFP_1786,1,"[""ECFP_1786""]",5,3156,0.0,0.0,0.0,0.0,0.0,0.0,,0.0,0.0,0.0,1,1,461,461
lightgbm_mse_regression,cluster_943,943,Cluster 943: ECFP_1758 (n=1),ECFP_1758,ECFP_1758,1,"[""ECFP_1758""]",5,3156,0.0,0.0,0.0,0.0,0.0,0.0,,0.0,0.0,0.0,1,1,461,461
lightgbm_mse_regression,cluster_942,942,Cluster 942: ECFP_1757 (n=1),ECFP_1757,ECFP_1757,1,"[""ECFP_1757""]",5,3156,0.0,0.0,0.0,0.0,0.0,0.0,,0.0,0.0,0.0,1,1,461,461
lightgbm_mse_regression,cluster_941,941,Cluster 941: ECFP_1756 (n=1),ECFP_1756,ECFP_1756,1,"[""ECFP_1756""]",5,3156,0.0,0.0,0.0,0.0,0.0,0.0,,0.0,0.0,0.0,1,1,461,461
lightgbm_mse_regression,cluster_890,890,Cluster 890: ECFP_171 (n=1),ECFP_171,ECFP_171,1,"[""ECFP_171""]",4,2525,0.0,0.0,0.0,0.0,0.0,0.0,,0.0,0.0,0.0,1,1,461,461
lightgbm_mse_regression,cluster_901,901,Cluster 901: ECFP_172 (n=1),ECFP_172,ECFP_172,1,"[""ECFP_172""]",5,3156,0.0,0.0,0.0,0.0,0.0,0.0,,0.0,0.0,0.0,1,1,461,461
lightgbm_mse_regression,cluster_89,89,Cluster 89: MACCS_17 (n=4),MACCS_17,MACCS_17,4,"[""MACCS_17"", ""NtCH"", ""StCH"", ""C2SP1""]",5,3156,0.0,0.0,0.0,0.0,0.0,0.0,,0.0,0.0,0.0,4,4,461,461
lightgbm_mse_regression,cluster_899,899,Cluster 899: ECFP_1718 (n=1),ECFP_1718,ECFP_1718,1,"[""ECFP_1718""]",5,3156,0.0,0.0,0.0,0.0,0.0,0.0,,0.0,0.0,0.0,1,1,461,461
lightgbm_mse_regression,cluster_898,898,Cluster 898: ECFP_1717 (n=1),ECFP_1717,ECFP_1717,1,"[""ECFP_1717""]",5,3156,0.0,0.0,0.0,0.0,0.0,0.0,,0.0,0.0,0.0,1,1,461,461
lightgbm_mse_regression,cluster_897,897,Cluster 897: ECFP_1716 (n=1),ECFP_1716,ECFP_1716,1,"[""ECFP_1716""]",5,3156,0.0,0.0,0.0,0.0,0.0,0.0,,0.0,0.0,0.0,1,1,461,461
lightgbm_mse_regression,cluster_896,896,Cluster 896: ECFP_1715 (n=1),ECFP_1715,ECFP_1715,1,"[""ECFP_1715""]",5,3156,0.0,0.0,0.0,0.0,0.0,0.0,,0.0,0.0,0.0,1,1,461,461
lightgbm_mse_regression,cluster_895,895,Cluster 895: ECFP_1714 (n=1),ECFP_1714,ECFP_1714,1,"[""ECFP_1714""]",5,3156,0.0,0.0,0.0,0.0,0.0,0.0,,0.0,0.0,0.0,1,1,461,461
lightgbm_mse_regression,cluster_894,894,Cluster 894: ECFP_1713 (n=1),ECFP_1713,ECFP_1713,1,"[""ECFP_1713""]",5,3156,0.0,0.0,0.0,0.0,0.0,0.0,,0.0,0.0,0.0,1,1,461,461
lightgbm_mse_regression,cluster_893,893,Cluster 893: ECFP_1712 (n=1),ECFP_1712,ECFP_1712,1,"[""ECFP_1712""]",5,3156,0.0,0.0,0.0,0.0,0.0,0.0,,0.0,0.0,0.0,1,1,461,461
lightgbm_mse_regression,cluster_892,892,Cluster 892: ECFP_1711 (n=1),ECFP_1711,ECFP_1711,1,"[""ECFP_1711""]",4,2525,0.0,0.0,0.0,0.0,0.0,0.0,,0.0,0.0,0.0,1,1,461,461
lightgbm_mse_regression,cluster_891,891,Cluster 891: ECFP_1710 (n=1),ECFP_1710,ECFP_1710,1,"[""ECFP_1710""]",5,3156,0.0,0.0,0.0,0.0,0.0,0.0,,0.0,0.0,0.0,1,1,461,461
lightgbm_mse_regression,cluster_889,889,Cluster 889: ECFP_1709 (n=1),ECFP_1709,ECFP_1709,1,"[""ECFP_1709""]",4,2525,0.0,0.0,0.0,0.0,0.0,0.0,,0.0,0.0,0.0,1,1,461,461
lightgbm_mse_regression,cluster_905,905,Cluster 905: ECFP_1723 (n=1),ECFP_1723,ECFP_1723,1,"[""ECFP_1723""]",5,3156,0.0,0.0,0.0,0.0,0.0,0.0,,0.0,0.0,0.0,1,1,461,461
lightgbm_mse_regression,cluster_888,888,Cluster 888: ECFP_1708 (n=1),ECFP_1708,ECFP_1708,1,"[""ECFP_1708""]",5,3156,0.0,0.0,0.0,0.0,0.0,0.0,,0.0,0.0,0.0,1,1,461,461
lightgbm_mse_regression,cluster_887,887,Cluster 887: ECFP_1707 (n=1),ECFP_1707,ECFP_1707,1,"[""ECFP_1707""]",5,3156,0.0,0.0,0.0,0.0,0.0,0.0,,0.0,0.0,0.0,1,1,461,461
lightgbm_mse_regression,cluster_886,886,Cluster 886: ECFP_1706 (n=1),ECFP_1706,ECFP_1706,1,"[""ECFP_1706""]",5,3156,0.0,0.0,0.0,0.0,0.0,0.0,,0.0,0.0,0.0,1,1,461,461
lightgbm_mse_regression,cluster_885,885,Cluster 885: ECFP_1705 (n=1),ECFP_1705,ECFP_1705,1,"[""ECFP_1705""]",4,2525,0.0,0.0,0.0,0.0,0.0,0.0,,0.0,0.0,0.0,1,1,461,461
lightgbm_mse_regression,cluster_884,884,Cluster 884: ECFP_1704 (n=1),ECFP_1704,ECFP_1704,1,"[""ECFP_1704""]",5,3156,0.0,0.0,0.0,0.0,0.0,0.0,,0.0,0.0,0.0,1,1,461,461
lightgbm_mse_regression,cluster_883,883,Cluster 883: ECFP_1703 (n=1),ECFP_1703,ECFP_1703,1,"[""ECFP_1703""]",5,3156,0.0,0.0,0.0,0.0,0.0,0.0,,0.0,0.0,0.0,1,1,461,461
lightgbm_mse_regression,cluster_882,882,Cluster 882: ECFP_1702 (n=1),ECFP_1702,ECFP_1702,1,"[""ECFP_1702""]",5,3156,0.0,0.0,0.0,0.0,0.0,0.0,,0.0,0.0,0.0,1,1,461,461
lightgbm_mse_regression,cluster_881,881,Cluster 881: ECFP_1701 (n=1),ECFP_1701,ECFP_1701,1,"[""ECFP_1701""]",5,3156,0.0,0.0,0.0,0.0,0.0,0.0,,0.0,0.0,0.0,1,1,461,461
lightgbm_mse_regression,cluster_880,880,Cluster 880: ECFP_1700 (n=1),ECFP_1700,ECFP_1700,1,"[""ECFP_1700""]",5,3156,0.0,0.0,0.0,0.0,0.0,0.0,,0.0,0.0,0.0,1,1,461,461
lightgbm_mse_regression,cluster_879,879,Cluster 879: ECFP_170 (n=1),ECFP_170,ECFP_170,1,"[""ECFP_170""]",5,3156,0.0,0.0,0.0,0.0,0.0,0.0,,0.0,0.0,0.0,1,1,461,461
lightgbm_mse_regression,cluster_877,877,Cluster 877: ECFP_1699 (n=1),ECFP_1699,ECFP_1699,1,"[""ECFP_1699""]",4,2524,0.0,0.0,0.0,0.0,0.0,0.0,,0.0,0.0,0.0,1,1,461,461
lightgbm_mse_regression,cluster_903,903,Cluster 903: ECFP_1721 (n=1),ECFP_1721,ECFP_1721,1,"[""ECFP_1721""]",5,3156,0.0,0.0,0.0,0.0,0.0,0.0,,0.0,0.0,0.0,1,1,461,461
lightgbm_mse_regression,cluster_906,906,Cluster 906: ECFP_1724 (n=1),ECFP_1724,ECFP_1724,1,"[""ECFP_1724""]",5,3156,0.0,0.0,0.0,0.0,0.0,0.0,,0.0,0.0,0.0,1,1,461,461
lightgbm_mse_regression,cluster_940,940,Cluster 940: ECFP_1755 (n=1),ECFP_1755,ECFP_1755,1,"[""ECFP_1755""]",5,3156,0.0,0.0,0.0,0.0,0.0,0.0,,0.0,0.0,0.0,1,1,461,461
lightgbm_mse_regression,cluster_925,925,Cluster 925: ECFP_1741 (n=1),ECFP_1741,ECFP_1741,1,"[""ECFP_1741""]",5,3156,0.0,0.0,0.0,0.0,0.0,0.0,,0.0,0.0,0.0,1,1,461,461
lightgbm_mse_regression,cluster_938,938,Cluster 938: ECFP_1753 (n=1),ECFP_1753,ECFP_1753,1,"[""ECFP_1753""]",5,3156,0.0,0.0,0.0,0.0,0.0,0.0,,0.0,0.0,0.0,1,1,461,461
lightgbm_mse_regression,cluster_937,937,Cluster 937: ECFP_1752 (n=1),ECFP_1752,ECFP_1752,1,"[""ECFP_1752""]",5,3156,0.0,0.0,0.0,0.0,0.0,0.0,,0.0,0.0,0.0,1,1,461,461
lightgbm_mse_regression,cluster_936,936,Cluster 936: ECFP_1751 (n=1),ECFP_1751,ECFP_1751,1,"[""ECFP_1751""]",5,3156,0.0,0.0,0.0,0.0,0.0,0.0,,0.0,0.0,0.0,1,1,461,461
lightgbm_mse_regression,cluster_934,934,Cluster 934: ECFP_175 (n=1),ECFP_175,ECFP_175,1,"[""ECFP_175""]",5,3156,0.0,0.0,0.0,0.0,0.0,0.0,,0.0,0.0,0.0,1,1,461,461
lightgbm_mse_regression,cluster_933,933,Cluster 933: ECFP_1749 (n=1),ECFP_1749,ECFP_1749,1,"[""ECFP_1749""]",5,3156,0.0,0.0,0.0,0.0,0.0,0.0,,0.0,0.0,0.0,1,1,461,461
lightgbm_mse_regression,cluster_932,932,Cluster 932: ECFP_1748 (n=1),ECFP_1748,ECFP_1748,1,"[""ECFP_1748""]",5,3156,0.0,0.0,0.0,0.0,0.0,0.0,,0.0,0.0,0.0,1,1,461,461
lightgbm_mse_regression,cluster_931,931,Cluster 931: ECFP_1747 (n=1),ECFP_1747,ECFP_1747,1,"[""ECFP_1747""]",5,3156,0.0,0.0,0.0,0.0,0.0,0.0,,0.0,0.0,0.0,1,1,461,461
lightgbm_mse_regression,cluster_930,930,Cluster 930: ECFP_1746 (n=1),ECFP_1746,ECFP_1746,1,"[""ECFP_1746""]",5,3156,0.0,0.0,0.0,0.0,0.0,0.0,,0.0,0.0,0.0,1,1,461,461
lightgbm_mse_regression,cluster_928,928,Cluster 928: ECFP_1744 (n=1),ECFP_1744,ECFP_1744,1,"[""ECFP_1744""]",5,3156,0.0,0.0,0.0,0.0,0.0,0.0,,0.0,0.0,0.0,1,1,461,461
lightgbm_mse_regression,cluster_927,927,Cluster 927: ECFP_1743 (n=1),ECFP_1743,ECFP_1743,1,"[""ECFP_1743""]",4,2525,0.0,0.0,0.0,0.0,0.0,0.0,,0.0,0.0,0.0,1,1,461,461
lightgbm_mse_regression,cluster_926,926,Cluster 926: ECFP_1742 (n=1),ECFP_1742,ECFP_1742,1,"[""ECFP_1742""]",5,3156,0.0,0.0,0.0,0.0,0.0,0.0,,0.0,0.0,0.0,1,1,461,461
lightgbm_mse_regression,cluster_923,923,Cluster 923: ECFP_174 (n=1),ECFP_174,ECFP_174,1,"[""ECFP_174""]",5,3156,0.0,0.0,0.0,0.0,0.0,0.0,,0.0,0.0,0.0,1,1,461,461
lightgbm_mse_regression,cluster_907,907,Cluster 907: ECFP_1725 (n=1),ECFP_1725,ECFP_1725,1,"[""ECFP_1725""]",5,3156,0.0,0.0,0.0,0.0,0.0,0.0,,0.0,0.0,0.0,1,1,461,461
lightgbm_mse_regression,cluster_922,922,Cluster 922: ECFP_1739 (n=1),ECFP_1739,ECFP_1739,1,"[""ECFP_1739""]",5,3156,0.0,0.0,0.0,0.0,0.0,0.0,,0.0,0.0,0.0,1,1,461,461
lightgbm_mse_regression,cluster_921,921,Cluster 921: ECFP_1738 (n=1),ECFP_1738,ECFP_1738,1,"[""ECFP_1738""]",5,3156,0.0,0.0,0.0,0.0,0.0,0.0,,0.0,0.0,0.0,1,1,461,461
lightgbm_mse_regression,cluster_919,919,Cluster 919: ECFP_1736 (n=1),ECFP_1736,ECFP_1736,1,"[""ECFP_1736""]",5,3156,0.0,0.0,0.0,0.0,0.0,0.0,,0.0,0.0,0.0,1,1,461,461
lightgbm_mse_regression,cluster_917,917,Cluster 917: ECFP_1734 (n=1),ECFP_1734,ECFP_1734,1,"[""ECFP_1734""]",5,3156,0.0,0.0,0.0,0.0,0.0,0.0,,0.0,0.0,0.0,1,1,461,461
lightgbm_mse_regression,cluster_916,916,Cluster 916: ECFP_1733 (n=1),ECFP_1733,ECFP_1733,1,"[""ECFP_1733""]",5,3156,0.0,0.0,0.0,0.0,0.0,0.0,,0.0,0.0,0.0,1,1,461,461
lightgbm_mse_regression,cluster_914,914,Cluster 914: ECFP_1731 (n=1),ECFP_1731,ECFP_1731,1,"[""ECFP_1731""]",5,3156,0.0,0.0,0.0,0.0,0.0,0.0,,0.0,0.0,0.0,1,1,461,461
lightgbm_mse_regression,cluster_913,913,Cluster 913: ECFP_1730 (n=1),ECFP_1730,ECFP_1730,1,"[""ECFP_1730""]",5,3156,0.0,0.0,0.0,0.0,0.0,0.0,,0.0,0.0,0.0,1,1,461,461
lightgbm_mse_regression,cluster_911,911,Cluster 911: ECFP_1729 (n=1),ECFP_1729,ECFP_1729,1,"[""ECFP_1729""]",5,3156,0.0,0.0,0.0,0.0,0.0,0.0,,0.0,0.0,0.0,1,1,461,461
lightgbm_mse_regression,cluster_910,910,Cluster 910: ECFP_1728 (n=1),ECFP_1728,ECFP_1728,1,"[""ECFP_1728""]",5,3156,0.0,0.0,0.0,0.0,0.0,0.0,,0.0,0.0,0.0,1,1,461,461
lightgbm_mse_regression,cluster_909,909,Cluster 909: ECFP_1727 (n=1),ECFP_1727,ECFP_1727,1,"[""ECFP_1727""]",5,3156,0.0,0.0,0.0,0.0,0.0,0.0,,0.0,0.0,0.0,1,1,461,461
lightgbm_mse_regression,cluster_908,908,Cluster 908: ECFP_1726 (n=1),ECFP_1726,ECFP_1726,1,"[""ECFP_1726""]",5,3156,0.0,0.0,0.0,0.0,0.0,0.0,,0.0,0.0,0.0,1,1,461,461
lightgbm_mse_regression,cluster_745,745,Cluster 745: ECFP_158 (n=1),ECFP_158,ECFP_158,1,"[""ECFP_158""]",5,3156,0.0,0.0,0.0,0.0,0.0,0.0,,0.0,0.0,0.0,1,1,461,461
lightgbm_mse_regression,cluster_744,744,Cluster 744: ECFP_1579 (n=1),ECFP_1579,ECFP_1579,1,"[""ECFP_1579""]",5,3156,0.0,0.0,0.0,0.0,0.0,0.0,,0.0,0.0,0.0,1,1,461,461
lightgbm_mse_regression,cluster_742,742,Cluster 742: ECFP_1577 (n=1),ECFP_1577,ECFP_1577,1,"[""ECFP_1577""]",5,3156,0.0,0.0,0.0,0.0,0.0,0.0,,0.0,0.0,0.0,1,1,461,461
lightgbm_mse_regression,cluster_611,611,Cluster 611: ECFP_1459 (n=1),ECFP_1459,ECFP_1459,1,"[""ECFP_1459""]",5,3156,0.0,0.0,0.0,0.0,0.0,0.0,,0.0,0.0,0.0,1,1,461,461
lightgbm_mse_regression,cluster_578,578,Cluster 578: ECFP_1429 (n=1),ECFP_1429,ECFP_1429,1,"[""ECFP_1429""]",5,3156,0.0,0.0,0.0,0.0,0.0,0.0,,0.0,0.0,0.0,1,1,461,461
lightgbm_mse_regression,cluster_577,577,Cluster 577: ECFP_1428 (n=1),ECFP_1428,ECFP_1428,1,"[""ECFP_1428""]",5,3156,0.0,0.0,0.0,0.0,0.0,0.0,,0.0,0.0,0.0,1,1,461,461
lightgbm_mse_regression,cluster_576,576,Cluster 576: ECFP_1427 (n=1),ECFP_1427,ECFP_1427,1,"[""ECFP_1427""]",5,3156,0.0,0.0,0.0,0.0,0.0,0.0,,0.0,0.0,0.0,1,1,461,461
lightgbm_mse_regression,cluster_575,575,Cluster 575: ECFP_1426 (n=1),ECFP_1426,ECFP_1426,1,"[""ECFP_1426""]",5,3156,0.0,0.0,0.0,0.0,0.0,0.0,,0.0,0.0,0.0,1,1,461,461
lightgbm_mse_regression,cluster_574,574,Cluster 574: ECFP_1425 (n=1),ECFP_1425,ECFP_1425,1,"[""ECFP_1425""]",5,3156,0.0,0.0,0.0,0.0,0.0,0.0,,0.0,0.0,0.0,1,1,461,461
lightgbm_mse_regression,cluster_572,572,Cluster 572: ECFP_1423 (n=1),ECFP_1423,ECFP_1423,1,"[""ECFP_1423""]",5,3156,0.0,0.0,0.0,0.0,0.0,0.0,,0.0,0.0,0.0,1,1,461,461
lightgbm_mse_regression,cluster_571,571,Cluster 571: ECFP_1422 (n=1),ECFP_1422,ECFP_1422,1,"[""ECFP_1422""]",5,3156,0.0,0.0,0.0,0.0,0.0,0.0,,0.0,0.0,0.0,1,1,461,461
lightgbm_mse_regression,cluster_570,570,Cluster 570: ECFP_1421 (n=1),ECFP_1421,ECFP_1421,1,"[""ECFP_1421""]",5,3156,0.0,0.0,0.0,0.0,0.0,0.0,,0.0,0.0,0.0,1,1,461,461
lightgbm_mse_regression,cluster_569,569,Cluster 569: ECFP_1420 (n=1),ECFP_1420,ECFP_1420,1,"[""ECFP_1420""]",5,3156,0.0,0.0,0.0,0.0,0.0,0.0,,0.0,0.0,0.0,1,1,461,461
lightgbm_mse_regression,cluster_568,568,Cluster 568: ECFP_142 (n=1),ECFP_142,ECFP_142,1,"[""ECFP_142""]",5,3156,0.0,0.0,0.0,0.0,0.0,0.0,,0.0,0.0,0.0,1,1,461,461
lightgbm_mse_regression,cluster_567,567,Cluster 567: ECFP_1419 (n=1),ECFP_1419,ECFP_1419,1,"[""ECFP_1419""]",5,3156,0.0,0.0,0.0,0.0,0.0,0.0,,0.0,0.0,0.0,1,1,461,461
lightgbm_mse_regression,cluster_566,566,Cluster 566: ECFP_1418 (n=1),ECFP_1418,ECFP_1418,1,"[""ECFP_1418""]",5,3156,0.0,0.0,0.0,0.0,0.0,0.0,,0.0,0.0,0.0,1,1,461,461
lightgbm_mse_regression,cluster_565,565,Cluster 565: ECFP_1417 (n=1),ECFP_1417,ECFP_1417,1,"[""ECFP_1417""]",5,3156,0.0,0.0,0.0,0.0,0.0,0.0,,0.0,0.0,0.0,1,1,461,461
lightgbm_mse_regression,cluster_563,563,Cluster 563: ECFP_1415 (n=1),ECFP_1415,ECFP_1415,1,"[""ECFP_1415""]",5,3156,0.0,0.0,0.0,0.0,0.0,0.0,,0.0,0.0,0.0,1,1,461,461
lightgbm_mse_regression,cluster_562,562,Cluster 562: ECFP_1414 (n=1),ECFP_1414,ECFP_1414,1,"[""ECFP_1414""]",5,3156,0.0,0.0,0.0,0.0,0.0,0.0,,0.0,0.0,0.0,1,1,461,461
lightgbm_mse_regression,cluster_560,560,Cluster 560: ECFP_1412 (n=1),ECFP_1412,ECFP_1412,1,"[""ECFP_1412""]",5,3156,0.0,0.0,0.0,0.0,0.0,0.0,,0.0,0.0,0.0,1,1,461,461
lightgbm_mse_regression,cluster_559,559,Cluster 559: ECFP_1411 (n=1),ECFP_1411,ECFP_1411,1,"[""ECFP_1411""]",4,2525,0.0,0.0,0.0,0.0,0.0,0.0,,0.0,0.0,0.0,1,1,461,461
lightgbm_mse_regression,cluster_557,557,Cluster 557: ECFP_141 (n=1),ECFP_141,ECFP_141,1,"[""ECFP_141""]",5,3156,0.0,0.0,0.0,0.0,0.0,0.0,,0.0,0.0,0.0,1,1,461,461
lightgbm_mse_regression,cluster_556,556,Cluster 556: ECFP_1409 (n=1),ECFP_1409,ECFP_1409,1,"[""ECFP_1409""]",5,3156,0.0,0.0,0.0,0.0,0.0,0.0,,0.0,0.0,0.0,1,1,461,461
lightgbm_mse_regression,cluster_555,555,Cluster 555: ECFP_1408 (n=1),ECFP_1408,ECFP_1408,1,"[""ECFP_1408""]",5,3156,0.0,0.0,0.0,0.0,0.0,0.0,,0.0,0.0,0.0,1,1,461,461
lightgbm_mse_regression,cluster_554,554,Cluster 554: ECFP_1407 (n=1),ECFP_1407,ECFP_1407,1,"[""ECFP_1407""]",5,3156,0.0,0.0,0.0,0.0,0.0,0.0,,0.0,0.0,0.0,1,1,461,461
lightgbm_mse_regression,cluster_553,553,Cluster 553: ECFP_1406 (n=1),ECFP_1406,ECFP_1406,1,"[""ECFP_1406""]",5,3156,0.0,0.0,0.0,0.0,0.0,0.0,,0.0,0.0,0.0,1,1,461,461
lightgbm_mse_regression,cluster_552,552,Cluster 552: ECFP_1405 (n=1),ECFP_1405,ECFP_1405,1,"[""ECFP_1405""]",5,3156,0.0,0.0,0.0,0.0,0.0,0.0,,0.0,0.0,0.0,1,1,461,461
lightgbm_mse_regression,cluster_551,551,Cluster 551: ECFP_1404 (n=1),ECFP_1404,ECFP_1404,1,"[""ECFP_1404""]",5,3156,0.0,0.0,0.0,0.0,0.0,0.0,,0.0,0.0,0.0,1,1,461,461
lightgbm_mse_regression,cluster_550,550,Cluster 550: ECFP_1403 (n=1),ECFP_1403,ECFP_1403,1,"[""ECFP_1403""]",5,3156,0.0,0.0,0.0,0.0,0.0,0.0,,0.0,0.0,0.0,1,1,461,461
lightgbm_mse_regression,cluster_579,579,Cluster 579: ECFP_143 (n=1),ECFP_143,ECFP_143,1,"[""ECFP_143""]",5,3156,0.0,0.0,0.0,0.0,0.0,0.0,,0.0,0.0,0.0,1,1,461,461
lightgbm_mse_regression,cluster_581,581,Cluster 581: ECFP_1431 (n=1),ECFP_1431,ECFP_1431,1,"[""ECFP_1431""]",5,3156,0.0,0.0,0.0,0.0,0.0,0.0,,0.0,0.0,0.0,1,1,461,461
lightgbm_mse_regression,cluster_582,582,Cluster 582: ECFP_1432 (n=1),ECFP_1432,ECFP_1432,1,"[""ECFP_1432""]",5,3156,0.0,0.0,0.0,0.0,0.0,0.0,,0.0,0.0,0.0,1,1,461,461
lightgbm_mse_regression,cluster_596,596,Cluster 596: ECFP_1445 (n=1),ECFP_1445,ECFP_1445,1,"[""ECFP_1445""]",5,3156,0.0,0.0,0.0,0.0,0.0,0.0,,0.0,0.0,0.0,1,1,461,461
lightgbm_mse_regression,cluster_609,609,Cluster 609: ECFP_1457 (n=1),ECFP_1457,ECFP_1457,1,"[""ECFP_1457""]",5,3156,0.0,0.0,0.0,0.0,0.0,0.0,,0.0,0.0,0.0,1,1,461,461
lightgbm_mse_regression,cluster_608,608,Cluster 608: ECFP_1456 (n=1),ECFP_1456,ECFP_1456,1,"[""ECFP_1456""]",5,3156,0.0,0.0,0.0,0.0,0.0,0.0,,0.0,0.0,0.0,1,1,461,461
lightgbm_mse_regression,cluster_607,607,Cluster 607: ECFP_1455 (n=1),ECFP_1455,ECFP_1455,1,"[""ECFP_1455""]",5,3156,0.0,0.0,0.0,0.0,0.0,0.0,,0.0,0.0,0.0,1,1,461,461
lightgbm_mse_regression,cluster_606,606,Cluster 606: ECFP_1454 (n=1),ECFP_1454,ECFP_1454,1,"[""ECFP_1454""]",5,3156,0.0,0.0,0.0,0.0,0.0,0.0,,0.0,0.0,0.0,1,1,461,461
lightgbm_mse_regression,cluster_605,605,Cluster 605: ECFP_1453 (n=1),ECFP_1453,ECFP_1453,1,"[""ECFP_1453""]",5,3156,0.0,0.0,0.0,0.0,0.0,0.0,,0.0,0.0,0.0,1,1,461,461
lightgbm_mse_regression,cluster_603,603,Cluster 603: ECFP_1451 (n=1),ECFP_1451,ECFP_1451,1,"[""ECFP_1451""]",5,3156,0.0,0.0,0.0,0.0,0.0,0.0,,0.0,0.0,0.0,1,1,461,461
lightgbm_mse_regression,cluster_602,602,Cluster 602: ECFP_1450 (n=1),ECFP_1450,ECFP_1450,1,"[""ECFP_1450""]",4,2525,0.0,0.0,0.0,0.0,0.0,0.0,,0.0,0.0,0.0,1,1,461,461
lightgbm_mse_regression,cluster_601,601,Cluster 601: ECFP_145 (n=1),ECFP_145,ECFP_145,1,"[""ECFP_145""]",5,3156,0.0,0.0,0.0,0.0,0.0,0.0,,0.0,0.0,0.0,1,1,461,461
lightgbm_mse_regression,cluster_599,599,Cluster 599: ECFP_1448 (n=1),ECFP_1448,ECFP_1448,1,"[""ECFP_1448""]",5,3156,0.0,0.0,0.0,0.0,0.0,0.0,,0.0,0.0,0.0,1,1,461,461
lightgbm_mse_regression,cluster_598,598,Cluster 598: ECFP_1447 (n=1),ECFP_1447,ECFP_1447,1,"[""ECFP_1447""]",5,3156,0.0,0.0,0.0,0.0,0.0,0.0,,0.0,0.0,0.0,1,1,461,461
lightgbm_mse_regression,cluster_597,597,Cluster 597: ECFP_1446 (n=1),ECFP_1446,ECFP_1446,1,"[""ECFP_1446""]",5,3156,0.0,0.0,0.0,0.0,0.0,0.0,,0.0,0.0,0.0,1,1,461,461
lightgbm_mse_regression,cluster_595,595,Cluster 595: ECFP_1444 (n=1),ECFP_1444,ECFP_1444,1,"[""ECFP_1444""]",5,3156,0.0,0.0,0.0,0.0,0.0,0.0,,0.0,0.0,0.0,1,1,461,461
lightgbm_mse_regression,cluster_583,583,Cluster 583: ECFP_1433 (n=1),ECFP_1433,ECFP_1433,1,"[""ECFP_1433""]",5,3156,0.0,0.0,0.0,0.0,0.0,0.0,,0.0,0.0,0.0,1,1,461,461
lightgbm_mse_regression,cluster_594,594,Cluster 594: ECFP_1443 (n=1),ECFP_1443,ECFP_1443,1,"[""ECFP_1443""]",5,3156,0.0,0.0,0.0,0.0,0.0,0.0,,0.0,0.0,0.0,1,1,461,461
lightgbm_mse_regression,cluster_593,593,Cluster 593: ECFP_1442 (n=1),ECFP_1442,ECFP_1442,1,"[""ECFP_1442""]",5,3156,0.0,0.0,0.0,0.0,0.0,0.0,,0.0,0.0,0.0,1,1,461,461
lightgbm_mse_regression,cluster_592,592,Cluster 592: ECFP_1441 (n=1),ECFP_1441,ECFP_1441,1,"[""ECFP_1441""]",5,3156,0.0,0.0,0.0,0.0,0.0,0.0,,0.0,0.0,0.0,1,1,461,461
lightgbm_mse_regression,cluster_591,591,Cluster 591: ECFP_1440 (n=1),ECFP_1440,ECFP_1440,1,"[""ECFP_1440""]",5,3156,0.0,0.0,0.0,0.0,0.0,0.0,,0.0,0.0,0.0,1,1,461,461
lightgbm_mse_regression,cluster_590,590,Cluster 590: ECFP_144 (n=1),ECFP_144,ECFP_144,1,"[""ECFP_144""]",5,3156,0.0,0.0,0.0,0.0,0.0,0.0,,0.0,0.0,0.0,1,1,461,461
lightgbm_mse_regression,cluster_589,589,Cluster 589: ECFP_1439 (n=1),ECFP_1439,ECFP_1439,1,"[""ECFP_1439""]",4,2525,0.0,0.0,0.0,0.0,0.0,0.0,,0.0,0.0,0.0,1,1,461,461
lightgbm_mse_regression,cluster_588,588,Cluster 588: ECFP_1438 (n=1),ECFP_1438,ECFP_1438,1,"[""ECFP_1438""]",5,3156,0.0,0.0,0.0,0.0,0.0,0.0,,0.0,0.0,0.0,1,1,461,461
lightgbm_mse_regression,cluster_587,587,Cluster 587: ECFP_1437 (n=1),ECFP_1437,ECFP_1437,1,"[""ECFP_1437""]",5,3156,0.0,0.0,0.0,0.0,0.0,0.0,,0.0,0.0,0.0,1,1,461,461
lightgbm_mse_regression,cluster_586,586,Cluster 586: ECFP_1436 (n=1),ECFP_1436,ECFP_1436,1,"[""ECFP_1436""]",5,3156,0.0,0.0,0.0,0.0,0.0,0.0,,0.0,0.0,0.0,1,1,461,461
lightgbm_mse_regression,cluster_585,585,Cluster 585: ECFP_1435 (n=1),ECFP_1435,ECFP_1435,1,"[""ECFP_1435""]",5,3156,0.0,0.0,0.0,0.0,0.0,0.0,,0.0,0.0,0.0,1,1,461,461
lightgbm_mse_regression,cluster_584,584,Cluster 584: ECFP_1434 (n=1),ECFP_1434,ECFP_1434,1,"[""ECFP_1434""]",5,3156,0.0,0.0,0.0,0.0,0.0,0.0,,0.0,0.0,0.0,1,1,461,461
lightgbm_mse_regression,cluster_549,549,Cluster 549: ECFP_1402 (n=1),ECFP_1402,ECFP_1402,1,"[""ECFP_1402""]",5,3156,0.0,0.0,0.0,0.0,0.0,0.0,,0.0,0.0,0.0,1,1,461,461
lightgbm_mse_regression,cluster_548,548,Cluster 548: ECFP_1401 (n=1),ECFP_1401,ECFP_1401,1,"[""ECFP_1401""]",4,2524,0.0,0.0,0.0,0.0,0.0,0.0,,0.0,0.0,0.0,1,1,461,461
lightgbm_mse_regression,cluster_547,547,Cluster 547: ECFP_1400 (n=1),ECFP_1400,ECFP_1400,1,"[""ECFP_1400""]",4,2525,0.0,0.0,0.0,0.0,0.0,0.0,,0.0,0.0,0.0,1,1,461,461
lightgbm_mse_regression,cluster_497,497,Cluster 497: ECFP_1356 (n=1),ECFP_1356,ECFP_1356,1,"[""ECFP_1356""]",5,3156,0.0,0.0,0.0,0.0,0.0,0.0,,0.0,0.0,0.0,1,1,461,461
lightgbm_mse_regression,cluster_512,512,Cluster 512: ECFP_137 (n=1),ECFP_137,ECFP_137,1,"[""ECFP_137""]",4,2524,0.0,0.0,0.0,0.0,0.0,0.0,,0.0,0.0,0.0,1,1,461,461
lightgbm_mse_regression,cluster_511,511,Cluster 511: ECFP_1369 (n=1),ECFP_1369,ECFP_1369,1,"[""ECFP_1369""]",5,3156,0.0,0.0,0.0,0.0,0.0,0.0,,0.0,0.0,0.0,1,1,461,461
lightgbm_mse_regression,cluster_510,510,Cluster 510: ECFP_1368 (n=1),ECFP_1368,ECFP_1368,1,"[""ECFP_1368""]",4,2525,0.0,0.0,0.0,0.0,0.0,0.0,,0.0,0.0,0.0,1,1,461,461
lightgbm_mse_regression,cluster_509,509,Cluster 509: ECFP_1367 (n=1),ECFP_1367,ECFP_1367,1,"[""ECFP_1367""]",5,3156,0.0,0.0,0.0,0.0,0.0,0.0,,0.0,0.0,0.0,1,1,461,461
lightgbm_mse_regression,cluster_507,507,Cluster 507: ECFP_1365 (n=1),ECFP_1365,ECFP_1365,1,"[""ECFP_1365""]",5,3156,0.0,0.0,0.0,0.0,0.0,0.0,,0.0,0.0,0.0,1,1,461,461
lightgbm_mse_regression,cluster_506,506,Cluster 506: ECFP_1364 (n=1),ECFP_1364,ECFP_1364,1,"[""ECFP_1364""]",5,3156,0.0,0.0,0.0,0.0,0.0,0.0,,0.0,0.0,0.0,1,1,461,461
lightgbm_mse_regression,cluster_505,505,Cluster 505: ECFP_1363 (n=1),ECFP_1363,ECFP_1363,1,"[""ECFP_1363""]",4,2525,0.0,0.0,0.0,0.0,0.0,0.0,,0.0,0.0,0.0,1,1,461,461
lightgbm_mse_regression,cluster_504,504,Cluster 504: ECFP_1362 (n=1),ECFP_1362,ECFP_1362,1,"[""ECFP_1362""]",5,3156,0.0,0.0,0.0,0.0,0.0,0.0,,0.0,0.0,0.0,1,1,461,461
lightgbm_mse_regression,cluster_502,502,Cluster 502: ECFP_1360 (n=1),ECFP_1360,ECFP_1360,1,"[""ECFP_1360""]",5,3156,0.0,0.0,0.0,0.0,0.0,0.0,,0.0,0.0,0.0,1,1,461,461
lightgbm_mse_regression,cluster_501,501,Cluster 501: ECFP_136 (n=1),ECFP_136,ECFP_136,1,"[""ECFP_136""]",5,3156,0.0,0.0,0.0,0.0,0.0,0.0,,0.0,0.0,0.0,1,1,461,461
lightgbm_mse_regression,cluster_499,499,Cluster 499: ECFP_1358 (n=1),ECFP_1358,ECFP_1358,1,"[""ECFP_1358""]",5,3156,0.0,0.0,0.0,0.0,0.0,0.0,,0.0,0.0,0.0,1,1,461,461
lightgbm_mse_regression,cluster_496,496,Cluster 496: ECFP_1355 (n=1),ECFP_1355,ECFP_1355,1,"[""ECFP_1355""]",4,2525,0.0,0.0,0.0,0.0,0.0,0.0,,0.0,0.0,0.0,1,1,461,461
lightgbm_mse_regression,cluster_514,514,Cluster 514: ECFP_1371 (n=1),ECFP_1371,ECFP_1371,1,"[""ECFP_1371""]",5,3156,0.0,0.0,0.0,0.0,0.0,0.0,,0.0,0.0,0.0,1,1,461,461
lightgbm_mse_regression,cluster_495,495,Cluster 495: ECFP_1354 (n=1),ECFP_1354,ECFP_1354,1,"[""ECFP_1354""]",4,2524,0.0,0.0,0.0,0.0,0.0,0.0,,0.0,0.0,0.0,1,1,461,461
lightgbm_mse_regression,cluster_494,494,Cluster 494: ECFP_1353 (n=1),ECFP_1353,ECFP_1353,1,"[""ECFP_1353""]",5,3156,0.0,0.0,0.0,0.0,0.0,0.0,,0.0,0.0,0.0,1,1,461,461
lightgbm_mse_regression,cluster_492,492,Cluster 492: ECFP_1351 (n=1),ECFP_1351,ECFP_1351,1,"[""ECFP_1351""]",5,3156,0.0,0.0,0.0,0.0,0.0,0.0,,0.0,0.0,0.0,1,1,461,461
lightgbm_mse_regression,cluster_491,491,Cluster 491: ECFP_1350 (n=1),ECFP_1350,ECFP_1350,1,"[""ECFP_1350""]",4,2524,0.0,0.0,0.0,0.0,0.0,0.0,,0.0,0.0,0.0,1,1,461,461
lightgbm_mse_regression,cluster_490,490,Cluster 490: ECFP_135 (n=1),ECFP_135,ECFP_135,1,"[""ECFP_135""]",5,3156,0.0,0.0,0.0,0.0,0.0,0.0,,0.0,0.0,0.0,1,1,461,461
lightgbm_mse_regression,cluster_487,487,Cluster 487: ECFP_1347 (n=1),ECFP_1347,ECFP_1347,1,"[""ECFP_1347""]",5,3156,0.0,0.0,0.0,0.0,0.0,0.0,,0.0,0.0,0.0,1,1,461,461
lightgbm_mse_regression,cluster_486,486,Cluster 486: ECFP_1346 (n=1),ECFP_1346,ECFP_1346,1,"[""ECFP_1346""]",5,3156,0.0,0.0,0.0,0.0,0.0,0.0,,0.0,0.0,0.0,1,1,461,461
lightgbm_mse_regression,cluster_485,485,Cluster 485: ECFP_1345 (n=1),ECFP_1345,ECFP_1345,1,"[""ECFP_1345""]",4,2525,0.0,0.0,0.0,0.0,0.0,0.0,,0.0,0.0,0.0,1,1,461,461
lightgbm_mse_regression,cluster_484,484,Cluster 484: ECFP_1344 (n=1),ECFP_1344,ECFP_1344,1,"[""ECFP_1344""]",5,3156,0.0,0.0,0.0,0.0,0.0,0.0,,0.0,0.0,0.0,1,1,461,461
lightgbm_mse_regression,cluster_483,483,Cluster 483: ECFP_1343 (n=1),ECFP_1343,ECFP_1343,1,"[""ECFP_1343""]",4,2525,0.0,0.0,0.0,0.0,0.0,0.0,,0.0,0.0,0.0,1,1,461,461
lightgbm_mse_regression,cluster_482,482,Cluster 482: ECFP_1342 (n=1),ECFP_1342,ECFP_1342,1,"[""ECFP_1342""]",5,3156,0.0,0.0,0.0,0.0,0.0,0.0,,0.0,0.0,0.0,1,1,461,461
lightgbm_mse_regression,cluster_513,513,Cluster 513: ECFP_1370 (n=1),ECFP_1370,ECFP_1370,1,"[""ECFP_1370""]",5,3156,0.0,0.0,0.0,0.0,0.0,0.0,,0.0,0.0,0.0,1,1,461,461
lightgbm_mse_regression,cluster_515,515,Cluster 515: ECFP_1372 (n=1),ECFP_1372,ECFP_1372,1,"[""ECFP_1372""]",5,3156,0.0,0.0,0.0,0.0,0.0,0.0,,0.0,0.0,0.0,1,1,461,461
lightgbm_mse_regression,cluster_546,546,Cluster 546: ECFP_140 (n=1),ECFP_140,ECFP_140,1,"[""ECFP_140""]",5,3156,0.0,0.0,0.0,0.0,0.0,0.0,,0.0,0.0,0.0,1,1,461,461
lightgbm_mse_regression,cluster_532,532,Cluster 532: ECFP_1388 (n=1),ECFP_1388,ECFP_1388,1,"[""ECFP_1388""]",5,3156,0.0,0.0,0.0,0.0,0.0,0.0,,0.0,0.0,0.0,1,1,461,461
lightgbm_mse_regression,cluster_544,544,Cluster 544: ECFP_1399 (n=1),ECFP_1399,ECFP_1399,1,"[""ECFP_1399""]",5,3156,0.0,0.0,0.0,0.0,0.0,0.0,,0.0,0.0,0.0,1,1,461,461
lightgbm_mse_regression,cluster_543,543,Cluster 543: ECFP_1398 (n=1),ECFP_1398,ECFP_1398,1,"[""ECFP_1398""]",5,3156,0.0,0.0,0.0,0.0,0.0,0.0,,0.0,0.0,0.0,1,1,461,461
lightgbm_mse_regression,cluster_542,542,Cluster 542: ECFP_1397 (n=1),ECFP_1397,ECFP_1397,1,"[""ECFP_1397""]",4,2525,0.0,0.0,0.0,0.0,0.0,0.0,,0.0,0.0,0.0,1,1,461,461
lightgbm_mse_regression,cluster_541,541,Cluster 541: ECFP_1396 (n=1),ECFP_1396,ECFP_1396,1,"[""ECFP_1396""]",4,2525,0.0,0.0,0.0,0.0,0.0,0.0,,0.0,0.0,0.0,1,1,461,461
lightgbm_mse_regression,cluster_540,540,Cluster 540: ECFP_1395 (n=1),ECFP_1395,ECFP_1395,1,"[""ECFP_1395""]",5,3156,0.0,0.0,0.0,0.0,0.0,0.0,,0.0,0.0,0.0,1,1,461,461
lightgbm_mse_regression,cluster_539,539,Cluster 539: ECFP_1394 (n=1),ECFP_1394,ECFP_1394,1,"[""ECFP_1394""]",5,3156,0.0,0.0,0.0,0.0,0.0,0.0,,0.0,0.0,0.0,1,1,461,461
lightgbm_mse_regression,cluster_538,538,Cluster 538: ECFP_1393 (n=1),ECFP_1393,ECFP_1393,1,"[""ECFP_1393""]",4,2524,0.0,0.0,0.0,0.0,0.0,0.0,,0.0,0.0,0.0,1,1,461,461
lightgbm_mse_regression,cluster_537,537,Cluster 537: ECFP_1392 (n=1),ECFP_1392,ECFP_1392,1,"[""ECFP_1392""]",5,3156,0.0,0.0,0.0,0.0,0.0,0.0,,0.0,0.0,0.0,1,1,461,461
lightgbm_mse_regression,cluster_535,535,Cluster 535: ECFP_1390 (n=1),ECFP_1390,ECFP_1390,1,"[""ECFP_1390""]",5,3156,0.0,0.0,0.0,0.0,0.0,0.0,,0.0,0.0,0.0,1,1,461,461
lightgbm_mse_regression,cluster_534,534,Cluster 534: ECFP_139 (n=1),ECFP_139,ECFP_139,1,"[""ECFP_139""]",5,3156,0.0,0.0,0.0,0.0,0.0,0.0,,0.0,0.0,0.0,1,1,461,461
lightgbm_mse_regression,cluster_533,533,Cluster 533: ECFP_1389 (n=1),ECFP_1389,ECFP_1389,1,"[""ECFP_1389""]",5,3156,0.0,0.0,0.0,0.0,0.0,0.0,,0.0,0.0,0.0,1,1,461,461
lightgbm_mse_regression,cluster_531,531,Cluster 531: ECFP_1387 (n=1),ECFP_1387,ECFP_1387,1,"[""ECFP_1387""]",5,3156,0.0,0.0,0.0,0.0,0.0,0.0,,0.0,0.0,0.0,1,1,461,461
lightgbm_mse_regression,cluster_516,516,Cluster 516: ECFP_1373 (n=1),ECFP_1373,ECFP_1373,1,"[""ECFP_1373""]",5,3156,0.0,0.0,0.0,0.0,0.0,0.0,,0.0,0.0,0.0,1,1,461,461
lightgbm_mse_regression,cluster_530,530,Cluster 530: ECFP_1386 (n=1),ECFP_1386,ECFP_1386,1,"[""ECFP_1386""]",5,3156,0.0,0.0,0.0,0.0,0.0,0.0,,0.0,0.0,0.0,1,1,461,461
lightgbm_mse_regression,cluster_527,527,Cluster 527: ECFP_1383 (n=1),ECFP_1383,ECFP_1383,1,"[""ECFP_1383""]",5,3156,0.0,0.0,0.0,0.0,0.0,0.0,,0.0,0.0,0.0,1,1,461,461
lightgbm_mse_regression,cluster_526,526,Cluster 526: ECFP_1382 (n=1),ECFP_1382,ECFP_1382,1,"[""ECFP_1382""]",5,3156,0.0,0.0,0.0,0.0,0.0,0.0,,0.0,0.0,0.0,1,1,461,461
lightgbm_mse_regression,cluster_525,525,Cluster 525: ECFP_1381 (n=1),ECFP_1381,ECFP_1381,1,"[""ECFP_1381""]",4,2524,0.0,0.0,0.0,0.0,0.0,0.0,,0.0,0.0,0.0,1,1,461,461
lightgbm_mse_regression,cluster_524,524,Cluster 524: ECFP_1380 (n=2),ECFP_1380,ECFP_1380,2,"[""ECFP_1380"", ""MACCS_165""]",5,3156,0.0,0.0,0.0,0.0,0.0,0.0,,0.0,0.0,0.0,2,2,461,461
lightgbm_mse_regression,cluster_523,523,Cluster 523: ECFP_138 (n=1),ECFP_138,ECFP_138,1,"[""ECFP_138""]",5,3156,0.0,0.0,0.0,0.0,0.0,0.0,,0.0,0.0,0.0,1,1,461,461
lightgbm_mse_regression,cluster_522,522,Cluster 522: ECFP_1379 (n=1),ECFP_1379,ECFP_1379,1,"[""ECFP_1379""]",5,3156,0.0,0.0,0.0,0.0,0.0,0.0,,0.0,0.0,0.0,1,1,461,461
lightgbm_mse_regression,cluster_521,521,Cluster 521: ECFP_1378 (n=1),ECFP_1378,ECFP_1378,1,"[""ECFP_1378""]",5,3156,0.0,0.0,0.0,0.0,0.0,0.0,,0.0,0.0,0.0,1,1,461,461
lightgbm_mse_regression,cluster_520,520,Cluster 520: ECFP_1377 (n=1),ECFP_1377,ECFP_1377,1,"[""ECFP_1377""]",5,3156,0.0,0.0,0.0,0.0,0.0,0.0,,0.0,0.0,0.0,1,1,461,461
lightgbm_mse_regression,cluster_518,518,Cluster 518: ECFP_1375 (n=1),ECFP_1375,ECFP_1375,1,"[""ECFP_1375""]",5,3156,0.0,0.0,0.0,0.0,0.0,0.0,,0.0,0.0,0.0,1,1,461,461
lightgbm_mse_regression,cluster_517,517,Cluster 517: ECFP_1374 (n=1),ECFP_1374,ECFP_1374,1,"[""ECFP_1374""]",5,3156,0.0,0.0,0.0,0.0,0.0,0.0,,0.0,0.0,0.0,1,1,461,461
lightgbm_mse_regression,cluster_610,610,Cluster 610: ECFP_1458 (n=1),ECFP_1458,ECFP_1458,1,"[""ECFP_1458""]",5,3156,0.0,0.0,0.0,0.0,0.0,0.0,,0.0,0.0,0.0,1,1,461,461
lightgbm_mse_regression,cluster_612,612,Cluster 612: ECFP_146 (n=1),ECFP_146,ECFP_146,1,"[""ECFP_146""]",5,3156,0.0,0.0,0.0,0.0,0.0,0.0,,0.0,0.0,0.0,1,1,461,461
lightgbm_mse_regression,cluster_739,739,Cluster 739: ECFP_1574 (n=1),ECFP_1574,ECFP_1574,1,"[""ECFP_1574""]",5,3156,0.0,0.0,0.0,0.0,0.0,0.0,,0.0,0.0,0.0,1,1,461,461
lightgbm_mse_regression,cluster_613,613,Cluster 613: ECFP_1460 (n=1),ECFP_1460,ECFP_1460,1,"[""ECFP_1460""]",5,3156,0.0,0.0,0.0,0.0,0.0,0.0,,0.0,0.0,0.0,1,1,461,461
lightgbm_mse_regression,cluster_706,706,Cluster 706: ECFP_1544 (n=1),ECFP_1544,ECFP_1544,1,"[""ECFP_1544""]",5,3156,0.0,0.0,0.0,0.0,0.0,0.0,,0.0,0.0,0.0,1,1,461,461
lightgbm_mse_regression,cluster_704,704,Cluster 704: ECFP_1542 (n=1),ECFP_1542,ECFP_1542,1,"[""ECFP_1542""]",5,3156,0.0,0.0,0.0,0.0,0.0,0.0,,0.0,0.0,0.0,1,1,461,461
lightgbm_mse_regression,cluster_703,703,Cluster 703: ECFP_1541 (n=1),ECFP_1541,ECFP_1541,1,"[""ECFP_1541""]",4,2525,0.0,0.0,0.0,0.0,0.0,0.0,,0.0,0.0,0.0,1,1,461,461
lightgbm_mse_regression,cluster_702,702,Cluster 702: ECFP_1540 (n=1),ECFP_1540,ECFP_1540,1,"[""ECFP_1540""]",5,3156,0.0,0.0,0.0,0.0,0.0,0.0,,0.0,0.0,0.0,1,1,461,461
lightgbm_mse_regression,cluster_701,701,Cluster 701: ECFP_154 (n=1),ECFP_154,ECFP_154,1,"[""ECFP_154""]",4,2525,0.0,0.0,0.0,0.0,0.0,0.0,,0.0,0.0,0.0,1,1,461,461
lightgbm_mse_regression,cluster_700,700,Cluster 700: ECFP_1539 (n=1),ECFP_1539,ECFP_1539,1,"[""ECFP_1539""]",5,3156,0.0,0.0,0.0,0.0,0.0,0.0,,0.0,0.0,0.0,1,1,461,461
lightgbm_mse_regression,cluster_699,699,Cluster 699: ECFP_1538 (n=1),ECFP_1538,ECFP_1538,1,"[""ECFP_1538""]",4,2524,0.0,0.0,0.0,0.0,0.0,0.0,,0.0,0.0,0.0,1,1,461,461
lightgbm_mse_regression,cluster_698,698,Cluster 698: ECFP_1537 (n=1),ECFP_1537,ECFP_1537,1,"[""ECFP_1537""]",5,3156,0.0,0.0,0.0,0.0,0.0,0.0,,0.0,0.0,0.0,1,1,461,461
lightgbm_mse_regression,cluster_697,697,Cluster 697: ECFP_1536 (n=1),ECFP_1536,ECFP_1536,1,"[""ECFP_1536""]",5,3156,0.0,0.0,0.0,0.0,0.0,0.0,,0.0,0.0,0.0,1,1,461,461
lightgbm_mse_regression,cluster_695,695,Cluster 695: ECFP_1534 (n=1),ECFP_1534,ECFP_1534,1,"[""ECFP_1534""]",5,3156,0.0,0.0,0.0,0.0,0.0,0.0,,0.0,0.0,0.0,1,1,461,461
lightgbm_mse_regression,cluster_694,694,Cluster 694: ECFP_1533 (n=1),ECFP_1533,ECFP_1533,1,"[""ECFP_1533""]",4,2525,0.0,0.0,0.0,0.0,0.0,0.0,,0.0,0.0,0.0,1,1,461,461
lightgbm_mse_regression,cluster_693,693,Cluster 693: ECFP_1532 (n=1),ECFP_1532,ECFP_1532,1,"[""ECFP_1532""]",4,2525,0.0,0.0,0.0,0.0,0.0,0.0,,0.0,0.0,0.0,1,1,461,461
lightgbm_mse_regression,cluster_692,692,Cluster 692: ECFP_1531 (n=1),ECFP_1531,ECFP_1531,1,"[""ECFP_1531""]",5,3156,0.0,0.0,0.0,0.0,0.0,0.0,,0.0,0.0,0.0,1,1,461,461
lightgbm_mse_regression,cluster_691,691,Cluster 691: ECFP_1530 (n=1),ECFP_1530,ECFP_1530,1,"[""ECFP_1530""]",5,3156,0.0,0.0,0.0,0.0,0.0,0.0,,0.0,0.0,0.0,1,1,461,461
lightgbm_mse_regression,cluster_690,690,Cluster 690: ECFP_153 (n=1),ECFP_153,ECFP_153,1,"[""ECFP_153""]",4,2524,0.0,0.0,0.0,0.0,0.0,0.0,,0.0,0.0,0.0,1,1,461,461
lightgbm_mse_regression,cluster_689,689,Cluster 689: ECFP_1529 (n=1),ECFP_1529,ECFP_1529,1,"[""ECFP_1529""]",5,3156,0.0,0.0,0.0,0.0,0.0,0.0,,0.0,0.0,0.0,1,1,461,461
lightgbm_mse_regression,cluster_688,688,Cluster 688: ECFP_1528 (n=1),ECFP_1528,ECFP_1528,1,"[""ECFP_1528""]",5,3156,0.0,0.0,0.0,0.0,0.0,0.0,,0.0,0.0,0.0,1,1,461,461
lightgbm_mse_regression,cluster_687,687,Cluster 687: ECFP_1527 (n=1),ECFP_1527,ECFP_1527,1,"[""ECFP_1527""]",5,3156,0.0,0.0,0.0,0.0,0.0,0.0,,0.0,0.0,0.0,1,1,461,461
lightgbm_mse_regression,cluster_686,686,Cluster 686: ECFP_1526 (n=1),ECFP_1526,ECFP_1526,1,"[""ECFP_1526""]",5,3156,0.0,0.0,0.0,0.0,0.0,0.0,,0.0,0.0,0.0,1,1,461,461
lightgbm_mse_regression,cluster_685,685,Cluster 685: ECFP_1525 (n=1),ECFP_1525,ECFP_1525,1,"[""ECFP_1525""]",5,3156,0.0,0.0,0.0,0.0,0.0,0.0,,0.0,0.0,0.0,1,1,461,461
lightgbm_mse_regression,cluster_684,684,Cluster 684: ECFP_1524 (n=1),ECFP_1524,ECFP_1524,1,"[""ECFP_1524""]",5,3156,0.0,0.0,0.0,0.0,0.0,0.0,,0.0,0.0,0.0,1,1,461,461
lightgbm_mse_regression,cluster_683,683,Cluster 683: ECFP_1523 (n=1),ECFP_1523,ECFP_1523,1,"[""ECFP_1523""]",4,2525,0.0,0.0,0.0,0.0,0.0,0.0,,0.0,0.0,0.0,1,1,461,461
lightgbm_mse_regression,cluster_682,682,Cluster 682: ECFP_1522 (n=1),ECFP_1522,ECFP_1522,1,"[""ECFP_1522""]",5,3156,0.0,0.0,0.0,0.0,0.0,0.0,,0.0,0.0,0.0,1,1,461,461
lightgbm_mse_regression,cluster_681,681,Cluster 681: ECFP_1521 (n=1),ECFP_1521,ECFP_1521,1,"[""ECFP_1521""]",4,2524,0.0,0.0,0.0,0.0,0.0,0.0,,0.0,0.0,0.0,1,1,461,461
lightgbm_mse_regression,cluster_680,680,Cluster 680: ECFP_1520 (n=1),ECFP_1520,ECFP_1520,1,"[""ECFP_1520""]",5,3156,0.0,0.0,0.0,0.0,0.0,0.0,,0.0,0.0,0.0,1,1,461,461
lightgbm_mse_regression,cluster_708,708,Cluster 708: ECFP_1546 (n=1),ECFP_1546,ECFP_1546,1,"[""ECFP_1546""]",5,3156,0.0,0.0,0.0,0.0,0.0,0.0,,0.0,0.0,0.0,1,1,461,461
lightgbm_mse_regression,cluster_709,709,Cluster 709: ECFP_1547 (n=1),ECFP_1547,ECFP_1547,1,"[""ECFP_1547""]",5,3156,0.0,0.0,0.0,0.0,0.0,0.0,,0.0,0.0,0.0,1,1,461,461
lightgbm_mse_regression,cluster_710,710,Cluster 710: ECFP_1548 (n=1),ECFP_1548,ECFP_1548,1,"[""ECFP_1548""]",5,3156,0.0,0.0,0.0,0.0,0.0,0.0,,0.0,0.0,0.0,1,1,461,461
lightgbm_mse_regression,cluster_725,725,Cluster 725: ECFP_1561 (n=1),ECFP_1561,ECFP_1561,1,"[""ECFP_1561""]",4,2525,0.0,0.0,0.0,0.0,0.0,0.0,,0.0,0.0,0.0,1,1,461,461
lightgbm_mse_regression,cluster_737,737,Cluster 737: ECFP_1572 (n=1),ECFP_1572,ECFP_1572,1,"[""ECFP_1572""]",5,3156,0.0,0.0,0.0,0.0,0.0,0.0,,0.0,0.0,0.0,1,1,461,461
lightgbm_mse_regression,cluster_736,736,Cluster 736: ECFP_1571 (n=1),ECFP_1571,ECFP_1571,1,"[""ECFP_1571""]",5,3156,0.0,0.0,0.0,0.0,0.0,0.0,,0.0,0.0,0.0,1,1,461,461
lightgbm_mse_regression,cluster_735,735,Cluster 735: ECFP_1570 (n=1),ECFP_1570,ECFP_1570,1,"[""ECFP_1570""]",5,3156,0.0,0.0,0.0,0.0,0.0,0.0,,0.0,0.0,0.0,1,1,461,461
lightgbm_mse_regression,cluster_734,734,Cluster 734: ECFP_157 (n=1),ECFP_157,ECFP_157,1,"[""ECFP_157""]",5,3156,0.0,0.0,0.0,0.0,0.0,0.0,,0.0,0.0,0.0,1,1,461,461
lightgbm_mse_regression,cluster_733,733,Cluster 733: ECFP_1569 (n=1),ECFP_1569,ECFP_1569,1,"[""ECFP_1569""]",5,3156,0.0,0.0,0.0,0.0,0.0,0.0,,0.0,0.0,0.0,1,1,461,461
lightgbm_mse_regression,cluster_732,732,Cluster 732: ECFP_1568 (n=1),ECFP_1568,ECFP_1568,1,"[""ECFP_1568""]",4,2525,0.0,0.0,0.0,0.0,0.0,0.0,,0.0,0.0,0.0,1,1,461,461
lightgbm_mse_regression,cluster_731,731,Cluster 731: ECFP_1567 (n=1),ECFP_1567,ECFP_1567,1,"[""ECFP_1567""]",5,3156,0.0,0.0,0.0,0.0,0.0,0.0,,0.0,0.0,0.0,1,1,461,461
lightgbm_mse_regression,cluster_730,730,Cluster 730: ECFP_1566 (n=1),ECFP_1566,ECFP_1566,1,"[""ECFP_1566""]",5,3156,0.0,0.0,0.0,0.0,0.0,0.0,,0.0,0.0,0.0,1,1,461,461
lightgbm_mse_regression,cluster_729,729,Cluster 729: ECFP_1565 (n=1),ECFP_1565,ECFP_1565,1,"[""ECFP_1565""]",5,3156,0.0,0.0,0.0,0.0,0.0,0.0,,0.0,0.0,0.0,1,1,461,461
lightgbm_mse_regression,cluster_727,727,Cluster 727: ECFP_1563 (n=1),ECFP_1563,ECFP_1563,1,"[""ECFP_1563""]",5,3156,0.0,0.0,0.0,0.0,0.0,0.0,,0.0,0.0,0.0,1,1,461,461
lightgbm_mse_regression,cluster_726,726,Cluster 726: ECFP_1562 (n=1),ECFP_1562,ECFP_1562,1,"[""ECFP_1562""]",5,3156,0.0,0.0,0.0,0.0,0.0,0.0,,0.0,0.0,0.0,1,1,461,461
lightgbm_mse_regression,cluster_724,724,Cluster 724: ECFP_1560 (n=1),ECFP_1560,ECFP_1560,1,"[""ECFP_1560""]",4,2524,0.0,0.0,0.0,0.0,0.0,0.0,,0.0,0.0,0.0,1,1,461,461
lightgbm_mse_regression,cluster_711,711,Cluster 711: ECFP_1549 (n=1),ECFP_1549,ECFP_1549,1,"[""ECFP_1549""]",5,3156,0.0,0.0,0.0,0.0,0.0,0.0,,0.0,0.0,0.0,1,1,461,461
lightgbm_mse_regression,cluster_723,723,Cluster 723: ECFP_156 (n=1),ECFP_156,ECFP_156,1,"[""ECFP_156""]",4,2524,0.0,0.0,0.0,0.0,0.0,0.0,,0.0,0.0,0.0,1,1,461,461
lightgbm_mse_regression,cluster_722,722,Cluster 722: ECFP_1559 (n=1),ECFP_1559,ECFP_1559,1,"[""ECFP_1559""]",5,3156,0.0,0.0,0.0,0.0,0.0,0.0,,0.0,0.0,0.0,1,1,461,461
lightgbm_mse_regression,cluster_720,720,Cluster 720: ECFP_1557 (n=1),ECFP_1557,ECFP_1557,1,"[""ECFP_1557""]",5,3156,0.0,0.0,0.0,0.0,0.0,0.0,,0.0,0.0,0.0,1,1,461,461
lightgbm_mse_regression,cluster_719,719,Cluster 719: ECFP_1556 (n=1),ECFP_1556,ECFP_1556,1,"[""ECFP_1556""]",5,3156,0.0,0.0,0.0,0.0,0.0,0.0,,0.0,0.0,0.0,1,1,461,461
lightgbm_mse_regression,cluster_718,718,Cluster 718: ECFP_1555 (n=1),ECFP_1555,ECFP_1555,1,"[""ECFP_1555""]",5,3156,0.0,0.0,0.0,0.0,0.0,0.0,,0.0,0.0,0.0,1,1,461,461
lightgbm_mse_regression,cluster_717,717,Cluster 717: ECFP_1554 (n=1),ECFP_1554,ECFP_1554,1,"[""ECFP_1554""]",5,3156,0.0,0.0,0.0,0.0,0.0,0.0,,0.0,0.0,0.0,1,1,461,461
lightgbm_mse_regression,cluster_716,716,Cluster 716: ECFP_1553 (n=1),ECFP_1553,ECFP_1553,1,"[""ECFP_1553""]",4,2525,0.0,0.0,0.0,0.0,0.0,0.0,,0.0,0.0,0.0,1,1,461,461
lightgbm_mse_regression,cluster_715,715,Cluster 715: ECFP_1552 (n=1),ECFP_1552,ECFP_1552,1,"[""ECFP_1552""]",5,3156,0.0,0.0,0.0,0.0,0.0,0.0,,0.0,0.0,0.0,1,1,461,461
lightgbm_mse_regression,cluster_714,714,Cluster 714: ECFP_1551 (n=1),ECFP_1551,ECFP_1551,1,"[""ECFP_1551""]",5,3156,0.0,0.0,0.0,0.0,0.0,0.0,,0.0,0.0,0.0,1,1,461,461
lightgbm_mse_regression,cluster_713,713,Cluster 713: ECFP_1550 (n=1),ECFP_1550,ECFP_1550,1,"[""ECFP_1550""]",5,3156,0.0,0.0,0.0,0.0,0.0,0.0,,0.0,0.0,0.0,1,1,461,461
lightgbm_mse_regression,cluster_712,712,Cluster 712: ECFP_155 (n=1),ECFP_155,ECFP_155,1,"[""ECFP_155""]",5,3156,0.0,0.0,0.0,0.0,0.0,0.0,,0.0,0.0,0.0,1,1,461,461
lightgbm_mse_regression,cluster_679,679,Cluster 679: ECFP_152 (n=1),ECFP_152,ECFP_152,1,"[""ECFP_152""]",4,2525,0.0,0.0,0.0,0.0,0.0,0.0,,0.0,0.0,0.0,1,1,461,461
lightgbm_mse_regression,cluster_678,678,Cluster 678: ECFP_1519 (n=1),ECFP_1519,ECFP_1519,1,"[""ECFP_1519""]",5,3156,0.0,0.0,0.0,0.0,0.0,0.0,,0.0,0.0,0.0,1,1,461,461
lightgbm_mse_regression,cluster_677,677,Cluster 677: ECFP_1518 (n=1),ECFP_1518,ECFP_1518,1,"[""ECFP_1518""]",5,3156,0.0,0.0,0.0,0.0,0.0,0.0,,0.0,0.0,0.0,1,1,461,461
lightgbm_mse_regression,cluster_631,631,Cluster 631: ECFP_1477 (n=1),ECFP_1477,ECFP_1477,1,"[""ECFP_1477""]",5,3156,0.0,0.0,0.0,0.0,0.0,0.0,,0.0,0.0,0.0,1,1,461,461
lightgbm_mse_regression,cluster_645,645,Cluster 645: ECFP_149 (n=1),ECFP_149,ECFP_149,1,"[""ECFP_149""]",4,2525,0.0,0.0,0.0,0.0,0.0,0.0,,0.0,0.0,0.0,1,1,461,461
lightgbm_mse_regression,cluster_644,644,Cluster 644: ECFP_1489 (n=1),ECFP_1489,ECFP_1489,1,"[""ECFP_1489""]",5,3156,0.0,0.0,0.0,0.0,0.0,0.0,,0.0,0.0,0.0,1,1,461,461
lightgbm_mse_regression,cluster_643,643,Cluster 643: ECFP_1488 (n=1),ECFP_1488,ECFP_1488,1,"[""ECFP_1488""]",5,3156,0.0,0.0,0.0,0.0,0.0,0.0,,0.0,0.0,0.0,1,1,461,461
lightgbm_mse_regression,cluster_642,642,Cluster 642: ECFP_1487 (n=1),ECFP_1487,ECFP_1487,1,"[""ECFP_1487""]",5,3156,0.0,0.0,0.0,0.0,0.0,0.0,,0.0,0.0,0.0,1,1,461,461
lightgbm_mse_regression,cluster_641,641,Cluster 641: ECFP_1486 (n=1),ECFP_1486,ECFP_1486,1,"[""ECFP_1486""]",5,3156,0.0,0.0,0.0,0.0,0.0,0.0,,0.0,0.0,0.0,1,1,461,461
lightgbm_mse_regression,cluster_640,640,Cluster 640: ECFP_1485 (n=1),ECFP_1485,ECFP_1485,1,"[""ECFP_1485""]",5,3156,0.0,0.0,0.0,0.0,0.0,0.0,,0.0,0.0,0.0,1,1,461,461
lightgbm_mse_regression,cluster_639,639,Cluster 639: ECFP_1484 (n=1),ECFP_1484,ECFP_1484,1,"[""ECFP_1484""]",5,3156,0.0,0.0,0.0,0.0,0.0,0.0,,0.0,0.0,0.0,1,1,461,461
lightgbm_mse_regression,cluster_638,638,Cluster 638: ECFP_1483 (n=1),ECFP_1483,ECFP_1483,1,"[""ECFP_1483""]",5,3156,0.0,0.0,0.0,0.0,0.0,0.0,,0.0,0.0,0.0,1,1,461,461
lightgbm_mse_regression,cluster_636,636,Cluster 636: ECFP_1481 (n=1),ECFP_1481,ECFP_1481,1,"[""ECFP_1481""]",5,3156,0.0,0.0,0.0,0.0,0.0,0.0,,0.0,0.0,0.0,1,1,461,461
lightgbm_mse_regression,cluster_634,634,Cluster 634: ECFP_148 (n=1),ECFP_148,ECFP_148,1,"[""ECFP_148""]",4,2524,0.0,0.0,0.0,0.0,0.0,0.0,,0.0,0.0,0.0,1,1,461,461
lightgbm_mse_regression,cluster_633,633,Cluster 633: ECFP_1479 (n=1),ECFP_1479,ECFP_1479,1,"[""ECFP_1479""]",5,3156,0.0,0.0,0.0,0.0,0.0,0.0,,0.0,0.0,0.0,1,1,461,461
lightgbm_mse_regression,cluster_629,629,Cluster 629: ECFP_1475 (n=1),ECFP_1475,ECFP_1475,1,"[""ECFP_1475""]",5,3156,0.0,0.0,0.0,0.0,0.0,0.0,,0.0,0.0,0.0,1,1,461,461
lightgbm_mse_regression,cluster_647,647,Cluster 647: ECFP_1491 (n=1),ECFP_1491,ECFP_1491,1,"[""ECFP_1491""]",5,3156,0.0,0.0,0.0,0.0,0.0,0.0,,0.0,0.0,0.0,1,1,461,461
lightgbm_mse_regression,cluster_628,628,Cluster 628: ECFP_1474 (n=1),ECFP_1474,ECFP_1474,1,"[""ECFP_1474""]",4,2525,0.0,0.0,0.0,0.0,0.0,0.0,,0.0,0.0,0.0,1,1,461,461
lightgbm_mse_regression,cluster_626,626,Cluster 626: ECFP_1472 (n=1),ECFP_1472,ECFP_1472,1,"[""ECFP_1472""]",5,3156,0.0,0.0,0.0,0.0,0.0,0.0,,0.0,0.0,0.0,1,1,461,461
lightgbm_mse_regression,cluster_625,625,Cluster 625: ECFP_1471 (n=1),ECFP_1471,ECFP_1471,1,"[""ECFP_1471""]",5,3156,0.0,0.0,0.0,0.0,0.0,0.0,,0.0,0.0,0.0,1,1,461,461
lightgbm_mse_regression,cluster_622,622,Cluster 622: ECFP_1469 (n=1),ECFP_1469,ECFP_1469,1,"[""ECFP_1469""]",4,2525,0.0,0.0,0.0,0.0,0.0,0.0,,0.0,0.0,0.0,1,1,461,461
lightgbm_mse_regression,cluster_621,621,Cluster 621: ECFP_1468 (n=1),ECFP_1468,ECFP_1468,1,"[""ECFP_1468""]",5,3156,0.0,0.0,0.0,0.0,0.0,0.0,,0.0,0.0,0.0,1,1,461,461
lightgbm_mse_regression,cluster_620,620,Cluster 620: ECFP_1467 (n=1),ECFP_1467,ECFP_1467,1,"[""ECFP_1467""]",4,2525,0.0,0.0,0.0,0.0,0.0,0.0,,0.0,0.0,0.0,1,1,461,461
lightgbm_mse_regression,cluster_619,619,Cluster 619: ECFP_1466 (n=1),ECFP_1466,ECFP_1466,1,"[""ECFP_1466""]",5,3156,0.0,0.0,0.0,0.0,0.0,0.0,,0.0,0.0,0.0,1,1,461,461
lightgbm_mse_regression,cluster_618,618,Cluster 618: ECFP_1465 (n=1),ECFP_1465,ECFP_1465,1,"[""ECFP_1465""]",4,2525,0.0,0.0,0.0,0.0,0.0,0.0,,0.0,0.0,0.0,1,1,461,461
lightgbm_mse_regression,cluster_616,616,Cluster 616: ECFP_1463 (n=1),ECFP_1463,ECFP_1463,1,"[""ECFP_1463""]",5,3156,0.0,0.0,0.0,0.0,0.0,0.0,,0.0,0.0,0.0,1,1,461,461
lightgbm_mse_regression,cluster_615,615,Cluster 615: ECFP_1462 (n=1),ECFP_1462,ECFP_1462,1,"[""ECFP_1462""]",4,2525,0.0,0.0,0.0,0.0,0.0,0.0,,0.0,0.0,0.0,1,1,461,461
lightgbm_mse_regression,cluster_614,614,Cluster 614: ECFP_1461 (n=1),ECFP_1461,ECFP_1461,1,"[""ECFP_1461""]",4,2525,0.0,0.0,0.0,0.0,0.0,0.0,,0.0,0.0,0.0,1,1,461,461
lightgbm_mse_regression,cluster_646,646,Cluster 646: ECFP_1490 (n=1),ECFP_1490,ECFP_1490,1,"[""ECFP_1490""]",4,2525,0.0,0.0,0.0,0.0,0.0,0.0,,0.0,0.0,0.0,1,1,461,461
lightgbm_mse_regression,cluster_648,648,Cluster 648: ECFP_1492 (n=1),ECFP_1492,ECFP_1492,1,"[""ECFP_1492""]",4,2525,0.0,0.0,0.0,0.0,0.0,0.0,,0.0,0.0,0.0,1,1,461,461
lightgbm_mse_regression,cluster_676,676,Cluster 676: ECFP_1517 (n=1),ECFP_1517,ECFP_1517,1,"[""ECFP_1517""]",5,3156,0.0,0.0,0.0,0.0,0.0,0.0,,0.0,0.0,0.0,1,1,461,461
lightgbm_mse_regression,cluster_663,663,Cluster 663: ECFP_1505 (n=1),ECFP_1505,ECFP_1505,1,"[""ECFP_1505""]",5,3156,0.0,0.0,0.0,0.0,0.0,0.0,,0.0,0.0,0.0,1,1,461,461
lightgbm_mse_regression,cluster_675,675,Cluster 675: ECFP_1516 (n=1),ECFP_1516,ECFP_1516,1,"[""ECFP_1516""]",5,3156,0.0,0.0,0.0,0.0,0.0,0.0,,0.0,0.0,0.0,1,1,461,461
lightgbm_mse_regression,cluster_674,674,Cluster 674: ECFP_1515 (n=1),ECFP_1515,ECFP_1515,1,"[""ECFP_1515""]",5,3156,0.0,0.0,0.0,0.0,0.0,0.0,,0.0,0.0,0.0,1,1,461,461
lightgbm_mse_regression,cluster_673,673,Cluster 673: ECFP_1514 (n=1),ECFP_1514,ECFP_1514,1,"[""ECFP_1514""]",5,3156,0.0,0.0,0.0,0.0,0.0,0.0,,0.0,0.0,0.0,1,1,461,461
lightgbm_mse_regression,cluster_672,672,Cluster 672: ECFP_1513 (n=1),ECFP_1513,ECFP_1513,1,"[""ECFP_1513""]",5,3156,0.0,0.0,0.0,0.0,0.0,0.0,,0.0,0.0,0.0,1,1,461,461
lightgbm_mse_regression,cluster_671,671,Cluster 671: ECFP_1512 (n=1),ECFP_1512,ECFP_1512,1,"[""ECFP_1512""]",5,3156,0.0,0.0,0.0,0.0,0.0,0.0,,0.0,0.0,0.0,1,1,461,461
lightgbm_mse_regression,cluster_670,670,Cluster 670: ECFP_1511 (n=1),ECFP_1511,ECFP_1511,1,"[""ECFP_1511""]",5,3156,0.0,0.0,0.0,0.0,0.0,0.0,,0.0,0.0,0.0,1,1,461,461
lightgbm_mse_regression,cluster_668,668,Cluster 668: ECFP_151 (n=1),ECFP_151,ECFP_151,1,"[""ECFP_151""]",5,3156,0.0,0.0,0.0,0.0,0.0,0.0,,0.0,0.0,0.0,1,1,461,461
lightgbm_mse_regression,cluster_667,667,Cluster 667: ECFP_1509 (n=1),ECFP_1509,ECFP_1509,1,"[""ECFP_1509""]",5,3156,0.0,0.0,0.0,0.0,0.0,0.0,,0.0,0.0,0.0,1,1,461,461
lightgbm_mse_regression,cluster_666,666,Cluster 666: ECFP_1508 (n=1),ECFP_1508,ECFP_1508,1,"[""ECFP_1508""]",5,3156,0.0,0.0,0.0,0.0,0.0,0.0,,0.0,0.0,0.0,1,1,461,461
lightgbm_mse_regression,cluster_665,665,Cluster 665: ECFP_1507 (n=1),ECFP_1507,ECFP_1507,1,"[""ECFP_1507""]",5,3156,0.0,0.0,0.0,0.0,0.0,0.0,,0.0,0.0,0.0,1,1,461,461
lightgbm_mse_regression,cluster_664,664,Cluster 664: ECFP_1506 (n=1),ECFP_1506,ECFP_1506,1,"[""ECFP_1506""]",5,3156,0.0,0.0,0.0,0.0,0.0,0.0,,0.0,0.0,0.0,1,1,461,461
lightgbm_mse_regression,cluster_662,662,Cluster 662: ECFP_1504 (n=1),ECFP_1504,ECFP_1504,1,"[""ECFP_1504""]",5,3156,0.0,0.0,0.0,0.0,0.0,0.0,,0.0,0.0,0.0,1,1,461,461
lightgbm_mse_regression,cluster_649,649,Cluster 649: ECFP_1493 (n=1),ECFP_1493,ECFP_1493,1,"[""ECFP_1493""]",5,3156,0.0,0.0,0.0,0.0,0.0,0.0,,0.0,0.0,0.0,1,1,461,461
lightgbm_mse_regression,cluster_661,661,Cluster 661: ECFP_1503 (n=1),ECFP_1503,ECFP_1503,1,"[""ECFP_1503""]",5,3156,0.0,0.0,0.0,0.0,0.0,0.0,,0.0,0.0,0.0,1,1,461,461
lightgbm_mse_regression,cluster_660,660,Cluster 660: ECFP_1502 (n=1),ECFP_1502,ECFP_1502,1,"[""ECFP_1502""]",5,3156,0.0,0.0,0.0,0.0,0.0,0.0,,0.0,0.0,0.0,1,1,461,461
lightgbm_mse_regression,cluster_659,659,Cluster 659: ECFP_1501 (n=1),ECFP_1501,ECFP_1501,1,"[""ECFP_1501""]",5,3156,0.0,0.0,0.0,0.0,0.0,0.0,,0.0,0.0,0.0,1,1,461,461
lightgbm_mse_regression,cluster_658,658,Cluster 658: ECFP_1500 (n=1),ECFP_1500,ECFP_1500,1,"[""ECFP_1500""]",5,3156,0.0,0.0,0.0,0.0,0.0,0.0,,0.0,0.0,0.0,1,1,461,461
lightgbm_mse_regression,cluster_657,657,Cluster 657: ECFP_150 (n=1),ECFP_150,ECFP_150,1,"[""ECFP_150""]",5,3156,0.0,0.0,0.0,0.0,0.0,0.0,,0.0,0.0,0.0,1,1,461,461
lightgbm_mse_regression,cluster_656,656,Cluster 656: ECFP_15 (n=1),ECFP_15,ECFP_15,1,"[""ECFP_15""]",5,3156,0.0,0.0,0.0,0.0,0.0,0.0,,0.0,0.0,0.0,1,1,461,461
lightgbm_mse_regression,cluster_654,654,Cluster 654: ECFP_1498 (n=1),ECFP_1498,ECFP_1498,1,"[""ECFP_1498""]",5,3156,0.0,0.0,0.0,0.0,0.0,0.0,,0.0,0.0,0.0,1,1,461,461
lightgbm_mse_regression,cluster_653,653,Cluster 653: ECFP_1497 (n=1),ECFP_1497,ECFP_1497,1,"[""ECFP_1497""]",5,3156,0.0,0.0,0.0,0.0,0.0,0.0,,0.0,0.0,0.0,1,1,461,461
lightgbm_mse_regression,cluster_652,652,Cluster 652: ECFP_1496 (n=1),ECFP_1496,ECFP_1496,1,"[""ECFP_1496""]",5,3156,0.0,0.0,0.0,0.0,0.0,0.0,,0.0,0.0,0.0,1,1,461,461
lightgbm_mse_regression,cluster_651,651,Cluster 651: ECFP_1495 (n=1),ECFP_1495,ECFP_1495,1,"[""ECFP_1495""]",4,2524,0.0,0.0,0.0,0.0,0.0,0.0,,0.0,0.0,0.0,1,1,461,461
lightgbm_mse_regression,cluster_650,650,Cluster 650: ECFP_1494 (n=1),ECFP_1494,ECFP_1494,1,"[""ECFP_1494""]",5,3156,0.0,0.0,0.0,0.0,0.0,0.0,,0.0,0.0,0.0,1,1,461,461
lightgbm_mse_regression,cluster_1957,1957,Cluster 1957: ECFP_835 (n=1),ECFP_835,ECFP_835,1,"[""ECFP_835""]",5,3156,0.0,0.0,0.0,0.0,0.0,0.0,,0.0,0.0,0.0,1,1,461,461
lightgbm_mse_regression,cluster_1713,1713,Cluster 1713: ECFP_610 (n=1),ECFP_610,ECFP_610,1,"[""ECFP_610""]",4,2525,0.0,0.0,0.0,0.0,0.0,0.0,,0.0,0.0,0.0,1,1,461,461
lightgbm_mse_regression,cluster_1955,1955,Cluster 1955: ECFP_833 (n=1),ECFP_833,ECFP_833,1,"[""ECFP_833""]",5,3156,0.0,0.0,0.0,0.0,0.0,0.0,,0.0,0.0,0.0,1,1,461,461
lightgbm_mse_regression,cluster_1308,1308,Cluster 1308: ECFP_243 (n=1),ECFP_243,ECFP_243,1,"[""ECFP_243""]",5,3156,0.0,0.0,0.0,0.0,0.0,0.0,,0.0,0.0,0.0,1,1,461,461
lightgbm_mse_regression,cluster_1331,1331,Cluster 1331: ECFP_264 (n=1),ECFP_264,ECFP_264,1,"[""ECFP_264""]",5,3156,0.0,0.0,0.0,0.0,0.0,0.0,,0.0,0.0,0.0,1,1,461,461
lightgbm_mse_regression,cluster_1330,1330,Cluster 1330: ECFP_263 (n=1),ECFP_263,ECFP_263,1,"[""ECFP_263""]",5,3156,0.0,0.0,0.0,0.0,0.0,0.0,,0.0,0.0,0.0,1,1,461,461
lightgbm_mse_regression,cluster_132,132,Cluster 132: ECFP_1027 (n=1),ECFP_1027,ECFP_1027,1,"[""ECFP_1027""]",5,3156,0.0,0.0,0.0,0.0,0.0,0.0,,0.0,0.0,0.0,1,1,461,461
lightgbm_mse_regression,cluster_1329,1329,Cluster 1329: ECFP_262 (n=1),ECFP_262,ECFP_262,1,"[""ECFP_262""]",5,3156,0.0,0.0,0.0,0.0,0.0,0.0,,0.0,0.0,0.0,1,1,461,461
lightgbm_mse_regression,cluster_1328,1328,Cluster 1328: ECFP_261 (n=1),ECFP_261,ECFP_261,1,"[""ECFP_261""]",5,3156,0.0,0.0,0.0,0.0,0.0,0.0,,0.0,0.0,0.0,1,1,461,461
lightgbm_mse_regression,cluster_1327,1327,Cluster 1327: ECFP_260 (n=1),ECFP_260,ECFP_260,1,"[""ECFP_260""]",4,2525,0.0,0.0,0.0,0.0,0.0,0.0,,0.0,0.0,0.0,1,1,461,461
lightgbm_mse_regression,cluster_1326,1326,Cluster 1326: ECFP_26 (n=1),ECFP_26,ECFP_26,1,"[""ECFP_26""]",5,3156,0.0,0.0,0.0,0.0,0.0,0.0,,0.0,0.0,0.0,1,1,461,461
lightgbm_mse_regression,cluster_1325,1325,Cluster 1325: ECFP_259 (n=1),ECFP_259,ECFP_259,1,"[""ECFP_259""]",5,3156,0.0,0.0,0.0,0.0,0.0,0.0,,0.0,0.0,0.0,1,1,461,461
lightgbm_mse_regression,cluster_1324,1324,Cluster 1324: ECFP_258 (n=1),ECFP_258,ECFP_258,1,"[""ECFP_258""]",4,2525,0.0,0.0,0.0,0.0,0.0,0.0,,0.0,0.0,0.0,1,1,461,461
lightgbm_mse_regression,cluster_1323,1323,Cluster 1323: ECFP_257 (n=1),ECFP_257,ECFP_257,1,"[""ECFP_257""]",5,3156,0.0,0.0,0.0,0.0,0.0,0.0,,0.0,0.0,0.0,1,1,461,461
lightgbm_mse_regression,cluster_1322,1322,Cluster 1322: ECFP_256 (n=1),ECFP_256,ECFP_256,1,"[""ECFP_256""]",4,2525,0.0,0.0,0.0,0.0,0.0,0.0,,0.0,0.0,0.0,1,1,461,461
lightgbm_mse_regression,cluster_1321,1321,Cluster 1321: ECFP_255 (n=1),ECFP_255,ECFP_255,1,"[""ECFP_255""]",5,3156,0.0,0.0,0.0,0.0,0.0,0.0,,0.0,0.0,0.0,1,1,461,461
lightgbm_mse_regression,cluster_1320,1320,Cluster 1320: ECFP_254 (n=1),ECFP_254,ECFP_254,1,"[""ECFP_254""]",5,3156,0.0,0.0,0.0,0.0,0.0,0.0,,0.0,0.0,0.0,1,1,461,461
lightgbm_mse_regression,cluster_131,131,Cluster 131: ECFP_1026 (n=1),ECFP_1026,ECFP_1026,1,"[""ECFP_1026""]",4,2524,0.0,0.0,0.0,0.0,0.0,0.0,,0.0,0.0,0.0,1,1,461,461
lightgbm_mse_regression,cluster_1319,1319,Cluster 1319: ECFP_253 (n=1),ECFP_253,ECFP_253,1,"[""ECFP_253""]",4,2525,0.0,0.0,0.0,0.0,0.0,0.0,,0.0,0.0,0.0,1,1,461,461
lightgbm_mse_regression,cluster_1318,1318,Cluster 1318: ECFP_252 (n=1),ECFP_252,ECFP_252,1,"[""ECFP_252""]",5,3156,0.0,0.0,0.0,0.0,0.0,0.0,,0.0,0.0,0.0,1,1,461,461
lightgbm_mse_regression,cluster_1317,1317,Cluster 1317: ECFP_251 (n=1),ECFP_251,ECFP_251,1,"[""ECFP_251""]",5,3156,0.0,0.0,0.0,0.0,0.0,0.0,,0.0,0.0,0.0,1,1,461,461
lightgbm_mse_regression,cluster_1316,1316,Cluster 1316: ECFP_250 (n=1),ECFP_250,ECFP_250,1,"[""ECFP_250""]",5,3156,0.0,0.0,0.0,0.0,0.0,0.0,,0.0,0.0,0.0,1,1,461,461
lightgbm_mse_regression,cluster_1315,1315,Cluster 1315: ECFP_25 (n=1),ECFP_25,ECFP_25,1,"[""ECFP_25""]",5,3156,0.0,0.0,0.0,0.0,0.0,0.0,,0.0,0.0,0.0,1,1,461,461
lightgbm_mse_regression,cluster_1314,1314,Cluster 1314: ECFP_249 (n=1),ECFP_249,ECFP_249,1,"[""ECFP_249""]",5,3156,0.0,0.0,0.0,0.0,0.0,0.0,,0.0,0.0,0.0,1,1,461,461
lightgbm_mse_regression,cluster_1313,1313,Cluster 1313: ECFP_248 (n=1),ECFP_248,ECFP_248,1,"[""ECFP_248""]",5,3156,0.0,0.0,0.0,0.0,0.0,0.0,,0.0,0.0,0.0,1,1,461,461
lightgbm_mse_regression,cluster_1312,1312,Cluster 1312: ECFP_247 (n=1),ECFP_247,ECFP_247,1,"[""ECFP_247""]",5,3156,0.0,0.0,0.0,0.0,0.0,0.0,,0.0,0.0,0.0,1,1,461,461
lightgbm_mse_regression,cluster_1311,1311,Cluster 1311: ECFP_246 (n=1),ECFP_246,ECFP_246,1,"[""ECFP_246""]",5,3156,0.0,0.0,0.0,0.0,0.0,0.0,,0.0,0.0,0.0,1,1,461,461
lightgbm_mse_regression,cluster_1310,1310,Cluster 1310: ECFP_245 (n=1),ECFP_245,ECFP_245,1,"[""ECFP_245""]",5,3156,0.0,0.0,0.0,0.0,0.0,0.0,,0.0,0.0,0.0,1,1,461,461
lightgbm_mse_regression,cluster_130,130,Cluster 130: ECFP_1025 (n=1),ECFP_1025,ECFP_1025,1,"[""ECFP_1025""]",5,3156,0.0,0.0,0.0,0.0,0.0,0.0,,0.0,0.0,0.0,1,1,461,461
lightgbm_mse_regression,cluster_1332,1332,Cluster 1332: ECFP_265 (n=1),ECFP_265,ECFP_265,1,"[""ECFP_265""]",5,3156,0.0,0.0,0.0,0.0,0.0,0.0,,0.0,0.0,0.0,1,1,461,461
lightgbm_mse_regression,cluster_1333,1333,Cluster 1333: ECFP_266 (n=1),ECFP_266,ECFP_266,1,"[""ECFP_266""]",5,3156,0.0,0.0,0.0,0.0,0.0,0.0,,0.0,0.0,0.0,1,1,461,461
lightgbm_mse_regression,cluster_1334,1334,Cluster 1334: ECFP_267 (n=1),ECFP_267,ECFP_267,1,"[""ECFP_267""]",4,2525,0.0,0.0,0.0,0.0,0.0,0.0,,0.0,0.0,0.0,1,1,461,461
lightgbm_mse_regression,cluster_1348,1348,Cluster 1348: ECFP_28 (n=1),ECFP_28,ECFP_28,1,"[""ECFP_28""]",5,3156,0.0,0.0,0.0,0.0,0.0,0.0,,0.0,0.0,0.0,1,1,461,461
lightgbm_mse_regression,cluster_1360,1360,Cluster 1360: ECFP_290 (n=1),ECFP_290,ECFP_290,1,"[""ECFP_290""]",5,3156,0.0,0.0,0.0,0.0,0.0,0.0,,0.0,0.0,0.0,1,1,461,461
lightgbm_mse_regression,cluster_135,135,Cluster 135: ECFP_103 (n=1),ECFP_103,ECFP_103,1,"[""ECFP_103""]",5,3156,0.0,0.0,0.0,0.0,0.0,0.0,,0.0,0.0,0.0,1,1,461,461
lightgbm_mse_regression,cluster_1358,1358,Cluster 1358: ECFP_289 (n=1),ECFP_289,ECFP_289,1,"[""ECFP_289""]",5,3156,0.0,0.0,0.0,0.0,0.0,0.0,,0.0,0.0,0.0,1,1,461,461
lightgbm_mse_regression,cluster_1357,1357,Cluster 1357: ECFP_288 (n=1),ECFP_288,ECFP_288,1,"[""ECFP_288""]",5,3156,0.0,0.0,0.0,0.0,0.0,0.0,,0.0,0.0,0.0,1,1,461,461
lightgbm_mse_regression,cluster_1356,1356,Cluster 1356: ECFP_287 (n=1),ECFP_287,ECFP_287,1,"[""ECFP_287""]",4,2525,0.0,0.0,0.0,0.0,0.0,0.0,,0.0,0.0,0.0,1,1,461,461
lightgbm_mse_regression,cluster_1355,1355,Cluster 1355: ECFP_286 (n=1),ECFP_286,ECFP_286,1,"[""ECFP_286""]",5,3156,0.0,0.0,0.0,0.0,0.0,0.0,,0.0,0.0,0.0,1,1,461,461
lightgbm_mse_regression,cluster_1354,1354,Cluster 1354: ECFP_285 (n=1),ECFP_285,ECFP_285,1,"[""ECFP_285""]",5,3156,0.0,0.0,0.0,0.0,0.0,0.0,,0.0,0.0,0.0,1,1,461,461
lightgbm_mse_regression,cluster_1353,1353,Cluster 1353: ECFP_284 (n=1),ECFP_284,ECFP_284,1,"[""ECFP_284""]",5,3156,0.0,0.0,0.0,0.0,0.0,0.0,,0.0,0.0,0.0,1,1,461,461
lightgbm_mse_regression,cluster_1351,1351,Cluster 1351: ECFP_282 (n=1),ECFP_282,ECFP_282,1,"[""ECFP_282""]",5,3156,0.0,0.0,0.0,0.0,0.0,0.0,,0.0,0.0,0.0,1,1,461,461
lightgbm_mse_regression,cluster_1350,1350,Cluster 1350: ECFP_281 (n=1),ECFP_281,ECFP_281,1,"[""ECFP_281""]",5,3156,0.0,0.0,0.0,0.0,0.0,0.0,,0.0,0.0,0.0,1,1,461,461
lightgbm_mse_regression,cluster_1349,1349,Cluster 1349: ECFP_280 (n=1),ECFP_280,ECFP_280,1,"[""ECFP_280""]",4,2524,0.0,0.0,0.0,0.0,0.0,0.0,,0.0,0.0,0.0,1,1,461,461
lightgbm_mse_regression,cluster_1347,1347,Cluster 1347: ECFP_279 (n=1),ECFP_279,ECFP_279,1,"[""ECFP_279""]",4,2525,0.0,0.0,0.0,0.0,0.0,0.0,,0.0,0.0,0.0,1,1,461,461
lightgbm_mse_regression,cluster_1335,1335,Cluster 1335: ECFP_268 (n=1),ECFP_268,ECFP_268,1,"[""ECFP_268""]",5,3156,0.0,0.0,0.0,0.0,0.0,0.0,,0.0,0.0,0.0,1,1,461,461
lightgbm_mse_regression,cluster_1346,1346,Cluster 1346: ECFP_278 (n=1),ECFP_278,ECFP_278,1,"[""ECFP_278""]",5,3156,0.0,0.0,0.0,0.0,0.0,0.0,,0.0,0.0,0.0,1,1,461,461
lightgbm_mse_regression,cluster_1345,1345,Cluster 1345: ECFP_277 (n=1),ECFP_277,ECFP_277,1,"[""ECFP_277""]",5,3156,0.0,0.0,0.0,0.0,0.0,0.0,,0.0,0.0,0.0,1,1,461,461
lightgbm_mse_regression,cluster_1344,1344,Cluster 1344: ECFP_276 (n=1),ECFP_276,ECFP_276,1,"[""ECFP_276""]",5,3156,0.0,0.0,0.0,0.0,0.0,0.0,,0.0,0.0,0.0,1,1,461,461
lightgbm_mse_regression,cluster_1343,1343,Cluster 1343: ECFP_275 (n=1),ECFP_275,ECFP_275,1,"[""ECFP_275""]",5,3156,0.0,0.0,0.0,0.0,0.0,0.0,,0.0,0.0,0.0,1,1,461,461
lightgbm_mse_regression,cluster_1342,1342,Cluster 1342: ECFP_274 (n=1),ECFP_274,ECFP_274,1,"[""ECFP_274""]",5,3156,0.0,0.0,0.0,0.0,0.0,0.0,,0.0,0.0,0.0,1,1,461,461
lightgbm_mse_regression,cluster_1341,1341,Cluster 1341: ECFP_273 (n=1),ECFP_273,ECFP_273,1,"[""ECFP_273""]",5,3156,0.0,0.0,0.0,0.0,0.0,0.0,,0.0,0.0,0.0,1,1,461,461
lightgbm_mse_regression,cluster_1340,1340,Cluster 1340: ECFP_272 (n=1),ECFP_272,ECFP_272,1,"[""ECFP_272""]",5,3156,0.0,0.0,0.0,0.0,0.0,0.0,,0.0,0.0,0.0,1,1,461,461
lightgbm_mse_regression,cluster_1339,1339,Cluster 1339: ECFP_271 (n=1),ECFP_271,ECFP_271,1,"[""ECFP_271""]",5,3156,0.0,0.0,0.0,0.0,0.0,0.0,,0.0,0.0,0.0,1,1,461,461
lightgbm_mse_regression,cluster_1338,1338,Cluster 1338: ECFP_270 (n=1),ECFP_270,ECFP_270,1,"[""ECFP_270""]",5,3156,0.0,0.0,0.0,0.0,0.0,0.0,,0.0,0.0,0.0,1,1,461,461
lightgbm_mse_regression,cluster_1337,1337,Cluster 1337: ECFP_27 (n=1),ECFP_27,ECFP_27,1,"[""ECFP_27""]",5,3156,0.0,0.0,0.0,0.0,0.0,0.0,,0.0,0.0,0.0,1,1,461,461
lightgbm_mse_regression,cluster_1336,1336,Cluster 1336: ECFP_269 (n=1),ECFP_269,ECFP_269,1,"[""ECFP_269""]",5,3156,0.0,0.0,0.0,0.0,0.0,0.0,,0.0,0.0,0.0,1,1,461,461
lightgbm_mse_regression,cluster_1309,1309,Cluster 1309: ECFP_244 (n=1),ECFP_244,ECFP_244,1,"[""ECFP_244""]",5,3156,0.0,0.0,0.0,0.0,0.0,0.0,,0.0,0.0,0.0,1,1,461,461
lightgbm_mse_regression,cluster_1307,1307,Cluster 1307: ECFP_242 (n=1),ECFP_242,ECFP_242,1,"[""ECFP_242""]",5,3156,0.0,0.0,0.0,0.0,0.0,0.0,,0.0,0.0,0.0,1,1,461,461
lightgbm_mse_regression,cluster_1954,1954,Cluster 1954: ECFP_832 (n=1),ECFP_832,ECFP_832,1,"[""ECFP_832""]",5,3156,0.0,0.0,0.0,0.0,0.0,0.0,,0.0,0.0,0.0,1,1,461,461
lightgbm_mse_regression,cluster_1306,1306,Cluster 1306: ECFP_241 (n=1),ECFP_241,ECFP_241,1,"[""ECFP_241""]",5,3156,0.0,0.0,0.0,0.0,0.0,0.0,,0.0,0.0,0.0,1,1,461,461
lightgbm_mse_regression,cluster_1275,1275,Cluster 1275: ECFP_213 (n=1),ECFP_213,ECFP_213,1,"[""ECFP_213""]",5,3156,0.0,0.0,0.0,0.0,0.0,0.0,,0.0,0.0,0.0,1,1,461,461
lightgbm_mse_regression,cluster_1274,1274,Cluster 1274: ECFP_212 (n=1),ECFP_212,ECFP_212,1,"[""ECFP_212""]",5,3156,0.0,0.0,0.0,0.0,0.0,0.0,,0.0,0.0,0.0,1,1,461,461
lightgbm_mse_regression,cluster_1273,1273,Cluster 1273: ECFP_211 (n=1),ECFP_211,ECFP_211,1,"[""ECFP_211""]",5,3156,0.0,0.0,0.0,0.0,0.0,0.0,,0.0,0.0,0.0,1,1,461,461
lightgbm_mse_regression,cluster_1272,1272,Cluster 1272: ECFP_210 (n=1),ECFP_210,ECFP_210,1,"[""ECFP_210""]",4,2525,0.0,0.0,0.0,0.0,0.0,0.0,,0.0,0.0,0.0,1,1,461,461
lightgbm_mse_regression,cluster_1271,1271,Cluster 1271: ECFP_21 (n=1),ECFP_21,ECFP_21,1,"[""ECFP_21""]",5,3156,0.0,0.0,0.0,0.0,0.0,0.0,,0.0,0.0,0.0,1,1,461,461
lightgbm_mse_regression,cluster_1270,1270,Cluster 1270: ECFP_209 (n=1),ECFP_209,ECFP_209,1,"[""ECFP_209""]",5,3156,0.0,0.0,0.0,0.0,0.0,0.0,,0.0,0.0,0.0,1,1,461,461
lightgbm_mse_regression,cluster_126,126,Cluster 126: ECFP_1021 (n=1),ECFP_1021,ECFP_1021,1,"[""ECFP_1021""]",5,3156,0.0,0.0,0.0,0.0,0.0,0.0,,0.0,0.0,0.0,1,1,461,461
lightgbm_mse_regression,cluster_1269,1269,Cluster 1269: ECFP_208 (n=1),ECFP_208,ECFP_208,1,"[""ECFP_208""]",4,2524,0.0,0.0,0.0,0.0,0.0,0.0,,0.0,0.0,0.0,1,1,461,461
lightgbm_mse_regression,cluster_1267,1267,Cluster 1267: ECFP_206 (n=1),ECFP_206,ECFP_206,1,"[""ECFP_206""]",5,3156,0.0,0.0,0.0,0.0,0.0,0.0,,0.0,0.0,0.0,1,1,461,461
lightgbm_mse_regression,cluster_1266,1266,Cluster 1266: ECFP_205 (n=1),ECFP_205,ECFP_205,1,"[""ECFP_205""]",5,3156,0.0,0.0,0.0,0.0,0.0,0.0,,0.0,0.0,0.0,1,1,461,461
lightgbm_mse_regression,cluster_1265,1265,Cluster 1265: ECFP_2047 (n=1),ECFP_2047,ECFP_2047,1,"[""ECFP_2047""]",4,2524,0.0,0.0,0.0,0.0,0.0,0.0,,0.0,0.0,0.0,1,1,461,461
lightgbm_mse_regression,cluster_1264,1264,Cluster 1264: ECFP_2046 (n=1),ECFP_2046,ECFP_2046,1,"[""ECFP_2046""]",5,3156,0.0,0.0,0.0,0.0,0.0,0.0,,0.0,0.0,0.0,1,1,461,461
lightgbm_mse_regression,cluster_1263,1263,Cluster 1263: ECFP_2045 (n=1),ECFP_2045,ECFP_2045,1,"[""ECFP_2045""]",5,3156,0.0,0.0,0.0,0.0,0.0,0.0,,0.0,0.0,0.0,1,1,461,461
lightgbm_mse_regression,cluster_1261,1261,Cluster 1261: ECFP_2043 (n=1),ECFP_2043,ECFP_2043,1,"[""ECFP_2043""]",5,3156,0.0,0.0,0.0,0.0,0.0,0.0,,0.0,0.0,0.0,1,1,461,461
lightgbm_mse_regression,cluster_1260,1260,Cluster 1260: ECFP_2042 (n=1),ECFP_2042,ECFP_2042,1,"[""ECFP_2042""]",5,3156,0.0,0.0,0.0,0.0,0.0,0.0,,0.0,0.0,0.0,1,1,461,461
lightgbm_mse_regression,cluster_125,125,Cluster 125: ECFP_1020 (n=1),ECFP_1020,ECFP_1020,1,"[""ECFP_1020""]",5,3156,0.0,0.0,0.0,0.0,0.0,0.0,,0.0,0.0,0.0,1,1,461,461
lightgbm_mse_regression,cluster_1259,1259,Cluster 1259: ECFP_2041 (n=1),ECFP_2041,ECFP_2041,1,"[""ECFP_2041""]",5,3156,0.0,0.0,0.0,0.0,0.0,0.0,,0.0,0.0,0.0,1,1,461,461
lightgbm_mse_regression,cluster_1257,1257,Cluster 1257: ECFP_204 (n=1),ECFP_204,ECFP_204,1,"[""ECFP_204""]",5,3156,0.0,0.0,0.0,0.0,0.0,0.0,,0.0,0.0,0.0,1,1,461,461
lightgbm_mse_regression,cluster_1256,1256,Cluster 1256: ECFP_2039 (n=1),ECFP_2039,ECFP_2039,1,"[""ECFP_2039""]",5,3156,0.0,0.0,0.0,0.0,0.0,0.0,,0.0,0.0,0.0,1,1,461,461
lightgbm_mse_regression,cluster_1255,1255,Cluster 1255: ECFP_2038 (n=1),ECFP_2038,ECFP_2038,1,"[""ECFP_2038""]",5,3156,0.0,0.0,0.0,0.0,0.0,0.0,,0.0,0.0,0.0,1,1,461,461
lightgbm_mse_regression,cluster_1254,1254,Cluster 1254: ECFP_2037 (n=1),ECFP_2037,ECFP_2037,1,"[""ECFP_2037""]",5,3156,0.0,0.0,0.0,0.0,0.0,0.0,,0.0,0.0,0.0,1,1,461,461
lightgbm_mse_regression,cluster_1253,1253,Cluster 1253: ECFP_2036 (n=1),ECFP_2036,ECFP_2036,1,"[""ECFP_2036""]",5,3156,0.0,0.0,0.0,0.0,0.0,0.0,,0.0,0.0,0.0,1,1,461,461
lightgbm_mse_regression,cluster_1252,1252,Cluster 1252: ECFP_2035 (n=1),ECFP_2035,ECFP_2035,1,"[""ECFP_2035""]",5,3156,0.0,0.0,0.0,0.0,0.0,0.0,,0.0,0.0,0.0,1,1,461,461
lightgbm_mse_regression,cluster_1251,1251,Cluster 1251: ECFP_2034 (n=1),ECFP_2034,ECFP_2034,1,"[""ECFP_2034""]",5,3156,0.0,0.0,0.0,0.0,0.0,0.0,,0.0,0.0,0.0,1,1,461,461
lightgbm_mse_regression,cluster_1250,1250,Cluster 1250: ECFP_2033 (n=1),ECFP_2033,ECFP_2033,1,"[""ECFP_2033""]",5,3156,0.0,0.0,0.0,0.0,0.0,0.0,,0.0,0.0,0.0,1,1,461,461
lightgbm_mse_regression,cluster_1276,1276,Cluster 1276: ECFP_214 (n=1),ECFP_214,ECFP_214,1,"[""ECFP_214""]",4,2525,0.0,0.0,0.0,0.0,0.0,0.0,,0.0,0.0,0.0,1,1,461,461
lightgbm_mse_regression,cluster_1277,1277,Cluster 1277: ECFP_215 (n=1),ECFP_215,ECFP_215,1,"[""ECFP_215""]",5,3156,0.0,0.0,0.0,0.0,0.0,0.0,,0.0,0.0,0.0,1,1,461,461
lightgbm_mse_regression,cluster_1279,1279,Cluster 1279: ECFP_217 (n=1),ECFP_217,ECFP_217,1,"[""ECFP_217""]",5,3156,0.0,0.0,0.0,0.0,0.0,0.0,,0.0,0.0,0.0,1,1,461,461
lightgbm_mse_regression,cluster_1292,1292,Cluster 1292: ECFP_229 (n=1),ECFP_229,ECFP_229,1,"[""ECFP_229""]",4,2525,0.0,0.0,0.0,0.0,0.0,0.0,,0.0,0.0,0.0,1,1,461,461
lightgbm_mse_regression,cluster_1305,1305,Cluster 1305: ECFP_240 (n=1),ECFP_240,ECFP_240,1,"[""ECFP_240""]",5,3156,0.0,0.0,0.0,0.0,0.0,0.0,,0.0,0.0,0.0,1,1,461,461
lightgbm_mse_regression,cluster_1304,1304,Cluster 1304: ECFP_24 (n=1),ECFP_24,ECFP_24,1,"[""ECFP_24""]",5,3156,0.0,0.0,0.0,0.0,0.0,0.0,,0.0,0.0,0.0,1,1,461,461
lightgbm_mse_regression,cluster_1303,1303,Cluster 1303: ECFP_239 (n=1),ECFP_239,ECFP_239,1,"[""ECFP_239""]",5,3156,0.0,0.0,0.0,0.0,0.0,0.0,,0.0,0.0,0.0,1,1,461,461
lightgbm_mse_regression,cluster_1301,1301,Cluster 1301: ECFP_237 (n=1),ECFP_237,ECFP_237,1,"[""ECFP_237""]",5,3156,0.0,0.0,0.0,0.0,0.0,0.0,,0.0,0.0,0.0,1,1,461,461
lightgbm_mse_regression,cluster_1300,1300,Cluster 1300: ECFP_236 (n=1),ECFP_236,ECFP_236,1,"[""ECFP_236""]",4,2525,0.0,0.0,0.0,0.0,0.0,0.0,,0.0,0.0,0.0,1,1,461,461
lightgbm_mse_regression,cluster_129,129,Cluster 129: ECFP_1024 (n=1),ECFP_1024,ECFP_1024,1,"[""ECFP_1024""]",4,2525,0.0,0.0,0.0,0.0,0.0,0.0,,0.0,0.0,0.0,1,1,461,461
lightgbm_mse_regression,cluster_1298,1298,Cluster 1298: ECFP_234 (n=1),ECFP_234,ECFP_234,1,"[""ECFP_234""]",5,3156,0.0,0.0,0.0,0.0,0.0,0.0,,0.0,0.0,0.0,1,1,461,461
lightgbm_mse_regression,cluster_1297,1297,Cluster 1297: ECFP_233 (n=1),ECFP_233,ECFP_233,1,"[""ECFP_233""]",5,3156,0.0,0.0,0.0,0.0,0.0,0.0,,0.0,0.0,0.0,1,1,461,461
lightgbm_mse_regression,cluster_1296,1296,Cluster 1296: ECFP_232 (n=1),ECFP_232,ECFP_232,1,"[""ECFP_232""]",4,2524,0.0,0.0,0.0,0.0,0.0,0.0,,0.0,0.0,0.0,1,1,461,461
lightgbm_mse_regression,cluster_1294,1294,Cluster 1294: ECFP_230 (n=1),ECFP_230,ECFP_230,1,"[""ECFP_230""]",5,3156,0.0,0.0,0.0,0.0,0.0,0.0,,0.0,0.0,0.0,1,1,461,461
lightgbm_mse_regression,cluster_1293,1293,Cluster 1293: ECFP_23 (n=1),ECFP_23,ECFP_23,1,"[""ECFP_23""]",5,3156,0.0,0.0,0.0,0.0,0.0,0.0,,0.0,0.0,0.0,1,1,461,461
lightgbm_mse_regression,cluster_1291,1291,Cluster 1291: ECFP_228 (n=1),ECFP_228,ECFP_228,1,"[""ECFP_228""]",5,3156,0.0,0.0,0.0,0.0,0.0,0.0,,0.0,0.0,0.0,1,1,461,461
lightgbm_mse_regression,cluster_127,127,Cluster 127: ECFP_1022 (n=1),ECFP_1022,ECFP_1022,1,"[""ECFP_1022""]",5,3156,0.0,0.0,0.0,0.0,0.0,0.0,,0.0,0.0,0.0,1,1,461,461
lightgbm_mse_regression,cluster_1290,1290,Cluster 1290: ECFP_227 (n=1),ECFP_227,ECFP_227,1,"[""ECFP_227""]",5,3156,0.0,0.0,0.0,0.0,0.0,0.0,,0.0,0.0,0.0,1,1,461,461
lightgbm_mse_regression,cluster_128,128,Cluster 128: ECFP_1023 (n=1),ECFP_1023,ECFP_1023,1,"[""ECFP_1023""]",5,3156,0.0,0.0,0.0,0.0,0.0,0.0,,0.0,0.0,0.0,1,1,461,461
lightgbm_mse_regression,cluster_1289,1289,Cluster 1289: ECFP_226 (n=1),ECFP_226,ECFP_226,1,"[""ECFP_226""]",4,2525,0.0,0.0,0.0,0.0,0.0,0.0,,0.0,0.0,0.0,1,1,461,461
lightgbm_mse_regression,cluster_1288,1288,Cluster 1288: ECFP_225 (n=1),ECFP_225,ECFP_225,1,"[""ECFP_225""]",5,3156,0.0,0.0,0.0,0.0,0.0,0.0,,0.0,0.0,0.0,1,1,461,461
lightgbm_mse_regression,cluster_1287,1287,Cluster 1287: ECFP_224 (n=1),ECFP_224,ECFP_224,1,"[""ECFP_224""]",5,3156,0.0,0.0,0.0,0.0,0.0,0.0,,0.0,0.0,0.0,1,1,461,461
lightgbm_mse_regression,cluster_1286,1286,Cluster 1286: ECFP_223 (n=1),ECFP_223,ECFP_223,1,"[""ECFP_223""]",4,2524,0.0,0.0,0.0,0.0,0.0,0.0,,0.0,0.0,0.0,1,1,461,461
lightgbm_mse_regression,cluster_1284,1284,Cluster 1284: ECFP_221 (n=1),ECFP_221,ECFP_221,1,"[""ECFP_221""]",5,3156,0.0,0.0,0.0,0.0,0.0,0.0,,0.0,0.0,0.0,1,1,461,461
lightgbm_mse_regression,cluster_1283,1283,Cluster 1283: ECFP_220 (n=1),ECFP_220,ECFP_220,1,"[""ECFP_220""]",5,3156,0.0,0.0,0.0,0.0,0.0,0.0,,0.0,0.0,0.0,1,1,461,461
lightgbm_mse_regression,cluster_1282,1282,Cluster 1282: ECFP_22 (n=1),ECFP_22,ECFP_22,1,"[""ECFP_22""]",5,3156,0.0,0.0,0.0,0.0,0.0,0.0,,0.0,0.0,0.0,1,1,461,461
lightgbm_mse_regression,cluster_1281,1281,Cluster 1281: ECFP_219 (n=1),ECFP_219,ECFP_219,1,"[""ECFP_219""]",5,3156,0.0,0.0,0.0,0.0,0.0,0.0,,0.0,0.0,0.0,1,1,461,461
lightgbm_mse_regression,cluster_1280,1280,Cluster 1280: ECFP_218 (n=1),ECFP_218,ECFP_218,1,"[""ECFP_218""]",5,3156,0.0,0.0,0.0,0.0,0.0,0.0,,0.0,0.0,0.0,1,1,461,461
lightgbm_mse_regression,cluster_1361,1361,Cluster 1361: ECFP_291 (n=1),ECFP_291,ECFP_291,1,"[""ECFP_291""]",5,3156,0.0,0.0,0.0,0.0,0.0,0.0,,0.0,0.0,0.0,1,1,461,461
lightgbm_mse_regression,cluster_1362,1362,Cluster 1362: ECFP_292 (n=1),ECFP_292,ECFP_292,1,"[""ECFP_292""]",5,3156,0.0,0.0,0.0,0.0,0.0,0.0,,0.0,0.0,0.0,1,1,461,461
lightgbm_mse_regression,cluster_1365,1365,Cluster 1365: ECFP_295 (n=1),ECFP_295,ECFP_295,1,"[""ECFP_295""]",5,3156,0.0,0.0,0.0,0.0,0.0,0.0,,0.0,0.0,0.0,1,1,461,461
lightgbm_mse_regression,cluster_1366,1366,Cluster 1366: ECFP_296 (n=1),ECFP_296,ECFP_296,1,"[""ECFP_296""]",5,3156,0.0,0.0,0.0,0.0,0.0,0.0,,0.0,0.0,0.0,1,1,461,461
lightgbm_mse_regression,cluster_1448,1448,Cluster 1448: ECFP_370 (n=1),ECFP_370,ECFP_370,1,"[""ECFP_370""]",5,3156,0.0,0.0,0.0,0.0,0.0,0.0,,0.0,0.0,0.0,1,1,461,461
lightgbm_mse_regression,cluster_1447,1447,Cluster 1447: ECFP_37 (n=1),ECFP_37,ECFP_37,1,"[""ECFP_37""]",5,3156,0.0,0.0,0.0,0.0,0.0,0.0,,0.0,0.0,0.0,1,1,461,461
lightgbm_mse_regression,cluster_1446,1446,Cluster 1446: ECFP_369 (n=1),ECFP_369,ECFP_369,1,"[""ECFP_369""]",5,3156,0.0,0.0,0.0,0.0,0.0,0.0,,0.0,0.0,0.0,1,1,461,461
lightgbm_mse_regression,cluster_1445,1445,Cluster 1445: ECFP_368 (n=1),ECFP_368,ECFP_368,1,"[""ECFP_368""]",5,3156,0.0,0.0,0.0,0.0,0.0,0.0,,0.0,0.0,0.0,1,1,461,461
lightgbm_mse_regression,cluster_1444,1444,Cluster 1444: ECFP_367 (n=1),ECFP_367,ECFP_367,1,"[""ECFP_367""]",4,2525,0.0,0.0,0.0,0.0,0.0,0.0,,0.0,0.0,0.0,1,1,461,461
lightgbm_mse_regression,cluster_1443,1443,Cluster 1443: ECFP_366 (n=1),ECFP_366,ECFP_366,1,"[""ECFP_366""]",5,3156,0.0,0.0,0.0,0.0,0.0,0.0,,0.0,0.0,0.0,1,1,461,461
lightgbm_mse_regression,cluster_1442,1442,Cluster 1442: ECFP_365 (n=1),ECFP_365,ECFP_365,1,"[""ECFP_365""]",4,2524,0.0,0.0,0.0,0.0,0.0,0.0,,0.0,0.0,0.0,1,1,461,461
lightgbm_mse_regression,cluster_1441,1441,Cluster 1441: ECFP_364 (n=1),ECFP_364,ECFP_364,1,"[""ECFP_364""]",5,3156,0.0,0.0,0.0,0.0,0.0,0.0,,0.0,0.0,0.0,1,1,461,461
lightgbm_mse_regression,cluster_1440,1440,Cluster 1440: ECFP_363 (n=1),ECFP_363,ECFP_363,1,"[""ECFP_363""]",4,2525,0.0,0.0,0.0,0.0,0.0,0.0,,0.0,0.0,0.0,1,1,461,461
lightgbm_mse_regression,cluster_143,143,Cluster 143: ECFP_1037 (n=1),ECFP_1037,ECFP_1037,1,"[""ECFP_1037""]",4,2525,0.0,0.0,0.0,0.0,0.0,0.0,,0.0,0.0,0.0,1,1,461,461
lightgbm_mse_regression,cluster_1439,1439,Cluster 1439: ECFP_362 (n=2),ECFP_362,ECFP_362,2,"[""ECFP_362"", ""ECFP_697""]",5,3156,0.0,0.0,0.0,0.0,0.0,0.0,,0.0,0.0,0.0,1,2,461,461
lightgbm_mse_regression,cluster_1438,1438,Cluster 1438: ECFP_361 (n=1),ECFP_361,ECFP_361,1,"[""ECFP_361""]",5,3156,0.0,0.0,0.0,0.0,0.0,0.0,,0.0,0.0,0.0,1,1,461,461
lightgbm_mse_regression,cluster_1437,1437,Cluster 1437: ECFP_360 (n=1),ECFP_360,ECFP_360,1,"[""ECFP_360""]",5,3156,0.0,0.0,0.0,0.0,0.0,0.0,,0.0,0.0,0.0,1,1,461,461
lightgbm_mse_regression,cluster_1436,1436,Cluster 1436: ECFP_36 (n=1),ECFP_36,ECFP_36,1,"[""ECFP_36""]",5,3156,0.0,0.0,0.0,0.0,0.0,0.0,,0.0,0.0,0.0,1,1,461,461
lightgbm_mse_regression,cluster_1435,1435,Cluster 1435: ECFP_359 (n=1),ECFP_359,ECFP_359,1,"[""ECFP_359""]",5,3156,0.0,0.0,0.0,0.0,0.0,0.0,,0.0,0.0,0.0,1,1,461,461
lightgbm_mse_regression,cluster_1434,1434,Cluster 1434: ECFP_358 (n=1),ECFP_358,ECFP_358,1,"[""ECFP_358""]",5,3156,0.0,0.0,0.0,0.0,0.0,0.0,,0.0,0.0,0.0,1,1,461,461
lightgbm_mse_regression,cluster_1433,1433,Cluster 1433: ECFP_357 (n=1),ECFP_357,ECFP_357,1,"[""ECFP_357""]",5,3156,0.0,0.0,0.0,0.0,0.0,0.0,,0.0,0.0,0.0,1,1,461,461
lightgbm_mse_regression,cluster_1431,1431,Cluster 1431: ECFP_355 (n=1),ECFP_355,ECFP_355,1,"[""ECFP_355""]",5,3156,0.0,0.0,0.0,0.0,0.0,0.0,,0.0,0.0,0.0,1,1,461,461
lightgbm_mse_regression,cluster_1430,1430,Cluster 1430: ECFP_354 (n=1),ECFP_354,ECFP_354,1,"[""ECFP_354""]",5,3156,0.0,0.0,0.0,0.0,0.0,0.0,,0.0,0.0,0.0,1,1,461,461
lightgbm_mse_regression,cluster_1429,1429,Cluster 1429: ECFP_353 (n=1),ECFP_353,ECFP_353,1,"[""ECFP_353""]",4,2524,0.0,0.0,0.0,0.0,0.0,0.0,,0.0,0.0,0.0,1,1,461,461
lightgbm_mse_regression,cluster_1427,1427,Cluster 1427: ECFP_351 (n=1),ECFP_351,ECFP_351,1,"[""ECFP_351""]",5,3156,0.0,0.0,0.0,0.0,0.0,0.0,,0.0,0.0,0.0,1,1,461,461
lightgbm_mse_regression,cluster_1426,1426,Cluster 1426: ECFP_35 (n=1),ECFP_35,ECFP_35,1,"[""ECFP_35""]",4,2525,0.0,0.0,0.0,0.0,0.0,0.0,,0.0,0.0,0.0,1,1,461,461
lightgbm_mse_regression,cluster_1425,1425,Cluster 1425: ECFP_349 (n=1),ECFP_349,ECFP_349,1,"[""ECFP_349""]",4,2525,0.0,0.0,0.0,0.0,0.0,0.0,,0.0,0.0,0.0,1,1,461,461
lightgbm_mse_regression,cluster_1424,1424,Cluster 1424: ECFP_348 (n=1),ECFP_348,ECFP_348,1,"[""ECFP_348""]",5,3156,0.0,0.0,0.0,0.0,0.0,0.0,,0.0,0.0,0.0,1,1,461,461
lightgbm_mse_regression,cluster_1423,1423,Cluster 1423: ECFP_347 (n=1),ECFP_347,ECFP_347,1,"[""ECFP_347""]",4,2525,0.0,0.0,0.0,0.0,0.0,0.0,,0.0,0.0,0.0,1,1,461,461
lightgbm_mse_regression,cluster_1449,1449,Cluster 1449: ECFP_371 (n=1),ECFP_371,ECFP_371,1,"[""ECFP_371""]",5,3156,0.0,0.0,0.0,0.0,0.0,0.0,,0.0,0.0,0.0,1,1,461,461
lightgbm_mse_regression,cluster_144,144,Cluster 144: ECFP_1038 (n=1),ECFP_1038,ECFP_1038,1,"[""ECFP_1038""]",5,3156,0.0,0.0,0.0,0.0,0.0,0.0,,0.0,0.0,0.0,1,1,461,461
lightgbm_mse_regression,cluster_1450,1450,Cluster 1450: ECFP_372 (n=1),ECFP_372,ECFP_372,1,"[""ECFP_372""]",5,3156,0.0,0.0,0.0,0.0,0.0,0.0,,0.0,0.0,0.0,1,1,461,461
lightgbm_mse_regression,cluster_1469,1469,Cluster 1469: ECFP_39 (n=1),ECFP_39,ECFP_39,1,"[""ECFP_39""]",5,3156,0.0,0.0,0.0,0.0,0.0,0.0,,0.0,0.0,0.0,1,1,461,461
lightgbm_mse_regression,cluster_147,147,Cluster 147: ECFP_1040 (n=1),ECFP_1040,ECFP_1040,1,"[""ECFP_1040""]",5,3156,0.0,0.0,0.0,0.0,0.0,0.0,,0.0,0.0,0.0,1,1,461,461
lightgbm_mse_regression,cluster_1479,1479,Cluster 1479: ECFP_4 (n=1),ECFP_4,ECFP_4,1,"[""ECFP_4""]",5,3156,0.0,0.0,0.0,0.0,0.0,0.0,,0.0,0.0,0.0,1,1,461,461
lightgbm_mse_regression,cluster_1478,1478,Cluster 1478: ECFP_399 (n=1),ECFP_399,ECFP_399,1,"[""ECFP_399""]",4,2525,0.0,0.0,0.0,0.0,0.0,0.0,,0.0,0.0,0.0,1,1,461,461
lightgbm_mse_regression,cluster_1477,1477,Cluster 1477: ECFP_398 (n=1),ECFP_398,ECFP_398,1,"[""ECFP_398""]",5,3156,0.0,0.0,0.0,0.0,0.0,0.0,,0.0,0.0,0.0,1,1,461,461
lightgbm_mse_regression,cluster_1475,1475,Cluster 1475: ECFP_395 (n=1),ECFP_395,ECFP_395,1,"[""ECFP_395""]",5,3156,0.0,0.0,0.0,0.0,0.0,0.0,,0.0,0.0,0.0,1,1,461,461
lightgbm_mse_regression,cluster_1474,1474,Cluster 1474: ECFP_394 (n=1),ECFP_394,ECFP_394,1,"[""ECFP_394""]",5,3156,0.0,0.0,0.0,0.0,0.0,0.0,,0.0,0.0,0.0,1,1,461,461
lightgbm_mse_regression,cluster_1473,1473,Cluster 1473: ECFP_393 (n=1),ECFP_393,ECFP_393,1,"[""ECFP_393""]",4,2525,0.0,0.0,0.0,0.0,0.0,0.0,,0.0,0.0,0.0,1,1,461,461
lightgbm_mse_regression,cluster_1472,1472,Cluster 1472: ECFP_392 (n=1),ECFP_392,ECFP_392,1,"[""ECFP_392""]",5,3156,0.0,0.0,0.0,0.0,0.0,0.0,,0.0,0.0,0.0,1,1,461,461
lightgbm_mse_regression,cluster_1471,1471,Cluster 1471: ECFP_391 (n=1),ECFP_391,ECFP_391,1,"[""ECFP_391""]",4,2525,0.0,0.0,0.0,0.0,0.0,0.0,,0.0,0.0,0.0,1,1,461,461
lightgbm_mse_regression,cluster_1470,1470,Cluster 1470: ECFP_390 (n=1),ECFP_390,ECFP_390,1,"[""ECFP_390""]",5,3156,0.0,0.0,0.0,0.0,0.0,0.0,,0.0,0.0,0.0,1,1,461,461
lightgbm_mse_regression,cluster_146,146,Cluster 146: ECFP_104 (n=1),ECFP_104,ECFP_104,1,"[""ECFP_104""]",5,3156,0.0,0.0,0.0,0.0,0.0,0.0,,0.0,0.0,0.0,1,1,461,461
lightgbm_mse_regression,cluster_1467,1467,Cluster 1467: ECFP_388 (n=1),ECFP_388,ECFP_388,1,"[""ECFP_388""]",4,2525,0.0,0.0,0.0,0.0,0.0,0.0,,0.0,0.0,0.0,1,1,461,461
lightgbm_mse_regression,cluster_1451,1451,Cluster 1451: ECFP_373 (n=1),ECFP_373,ECFP_373,1,"[""ECFP_373""]",5,3156,0.0,0.0,0.0,0.0,0.0,0.0,,0.0,0.0,0.0,1,1,461,461
lightgbm_mse_regression,cluster_1465,1465,Cluster 1465: ECFP_386 (n=1),ECFP_386,ECFP_386,1,"[""ECFP_386""]",5,3156,0.0,0.0,0.0,0.0,0.0,0.0,,0.0,0.0,0.0,1,1,461,461
lightgbm_mse_regression,cluster_1464,1464,Cluster 1464: ECFP_385 (n=1),ECFP_385,ECFP_385,1,"[""ECFP_385""]",5,3156,0.0,0.0,0.0,0.0,0.0,0.0,,0.0,0.0,0.0,1,1,461,461
lightgbm_mse_regression,cluster_1463,1463,Cluster 1463: ECFP_384 (n=1),ECFP_384,ECFP_384,1,"[""ECFP_384""]",5,3156,0.0,0.0,0.0,0.0,0.0,0.0,,0.0,0.0,0.0,1,1,461,461
lightgbm_mse_regression,cluster_1461,1461,Cluster 1461: ECFP_382 (n=1),ECFP_382,ECFP_382,1,"[""ECFP_382""]",4,2524,0.0,0.0,0.0,0.0,0.0,0.0,,0.0,0.0,0.0,1,1,461,461
lightgbm_mse_regression,cluster_1459,1459,Cluster 1459: ECFP_380 (n=1),ECFP_380,ECFP_380,1,"[""ECFP_380""]",5,3156,0.0,0.0,0.0,0.0,0.0,0.0,,0.0,0.0,0.0,1,1,461,461
lightgbm_mse_regression,cluster_1458,1458,Cluster 1458: ECFP_38 (n=1),ECFP_38,ECFP_38,1,"[""ECFP_38""]",5,3156,0.0,0.0,0.0,0.0,0.0,0.0,,0.0,0.0,0.0,1,1,461,461
lightgbm_mse_regression,cluster_1457,1457,Cluster 1457: ECFP_379 (n=1),ECFP_379,ECFP_379,1,"[""ECFP_379""]",5,3156,0.0,0.0,0.0,0.0,0.0,0.0,,0.0,0.0,0.0,1,1,461,461
lightgbm_mse_regression,cluster_1455,1455,Cluster 1455: ECFP_377 (n=1),ECFP_377,ECFP_377,1,"[""ECFP_377""]",5,3156,0.0,0.0,0.0,0.0,0.0,0.0,,0.0,0.0,0.0,1,1,461,461
lightgbm_mse_regression,cluster_1454,1454,Cluster 1454: ECFP_376 (n=1),ECFP_376,ECFP_376,1,"[""ECFP_376""]",5,3156,0.0,0.0,0.0,0.0,0.0,0.0,,0.0,0.0,0.0,1,1,461,461
lightgbm_mse_regression,cluster_1453,1453,Cluster 1453: ECFP_375 (n=1),ECFP_375,ECFP_375,1,"[""ECFP_375""]",5,3156,0.0,0.0,0.0,0.0,0.0,0.0,,0.0,0.0,0.0,1,1,461,461
lightgbm_mse_regression,cluster_1452,1452,Cluster 1452: ECFP_374 (n=1),ECFP_374,ECFP_374,1,"[""ECFP_374""]",5,3156,0.0,0.0,0.0,0.0,0.0,0.0,,0.0,0.0,0.0,1,1,461,461
lightgbm_mse_regression,cluster_1422,1422,Cluster 1422: ECFP_346 (n=1),ECFP_346,ECFP_346,1,"[""ECFP_346""]",5,3156,0.0,0.0,0.0,0.0,0.0,0.0,,0.0,0.0,0.0,1,1,461,461
lightgbm_mse_regression,cluster_1421,1421,Cluster 1421: ECFP_345 (n=1),ECFP_345,ECFP_345,1,"[""ECFP_345""]",5,3156,0.0,0.0,0.0,0.0,0.0,0.0,,0.0,0.0,0.0,1,1,461,461
lightgbm_mse_regression,cluster_1420,1420,Cluster 1420: ECFP_344 (n=1),ECFP_344,ECFP_344,1,"[""ECFP_344""]",5,3156,0.0,0.0,0.0,0.0,0.0,0.0,,0.0,0.0,0.0,1,1,461,461
lightgbm_mse_regression,cluster_1379,1379,Cluster 1379: ECFP_307 (n=1),ECFP_307,ECFP_307,1,"[""ECFP_307""]",5,3156,0.0,0.0,0.0,0.0,0.0,0.0,,0.0,0.0,0.0,1,1,461,461
lightgbm_mse_regression,cluster_138,138,Cluster 138: ECFP_1032 (n=1),ECFP_1032,ECFP_1032,1,"[""ECFP_1032""]",5,3156,0.0,0.0,0.0,0.0,0.0,0.0,,0.0,0.0,0.0,1,1,461,461
lightgbm_mse_regression,cluster_1389,1389,Cluster 1389: ECFP_316 (n=1),ECFP_316,ECFP_316,1,"[""ECFP_316""]",5,3156,0.0,0.0,0.0,0.0,0.0,0.0,,0.0,0.0,0.0,1,1,461,461
lightgbm_mse_regression,cluster_1388,1388,Cluster 1388: ECFP_315 (n=1),ECFP_315,ECFP_315,1,"[""ECFP_315""]",5,3156,0.0,0.0,0.0,0.0,0.0,0.0,,0.0,0.0,0.0,1,1,461,461
lightgbm_mse_regression,cluster_1386,1386,Cluster 1386: ECFP_313 (n=1),ECFP_313,ECFP_313,1,"[""ECFP_313""]",5,3156,0.0,0.0,0.0,0.0,0.0,0.0,,0.0,0.0,0.0,1,1,461,461
lightgbm_mse_regression,cluster_1385,1385,Cluster 1385: ECFP_312 (n=1),ECFP_312,ECFP_312,1,"[""ECFP_312""]",5,3156,0.0,0.0,0.0,0.0,0.0,0.0,,0.0,0.0,0.0,1,1,461,461
lightgbm_mse_regression,cluster_1384,1384,Cluster 1384: ECFP_311 (n=1),ECFP_311,ECFP_311,1,"[""ECFP_311""]",5,3156,0.0,0.0,0.0,0.0,0.0,0.0,,0.0,0.0,0.0,1,1,461,461
lightgbm_mse_regression,cluster_1383,1383,Cluster 1383: ECFP_310 (n=1),ECFP_310,ECFP_310,1,"[""ECFP_310""]",5,3156,0.0,0.0,0.0,0.0,0.0,0.0,,0.0,0.0,0.0,1,1,461,461
lightgbm_mse_regression,cluster_1382,1382,Cluster 1382: ECFP_31 (n=1),ECFP_31,ECFP_31,1,"[""ECFP_31""]",5,3156,0.0,0.0,0.0,0.0,0.0,0.0,,0.0,0.0,0.0,1,1,461,461
lightgbm_mse_regression,cluster_1381,1381,Cluster 1381: ECFP_309 (n=1),ECFP_309,ECFP_309,1,"[""ECFP_309""]",5,3156,0.0,0.0,0.0,0.0,0.0,0.0,,0.0,0.0,0.0,1,1,461,461
lightgbm_mse_regression,cluster_1380,1380,Cluster 1380: ECFP_308 (n=1),ECFP_308,ECFP_308,1,"[""ECFP_308""]",4,2525,0.0,0.0,0.0,0.0,0.0,0.0,,0.0,0.0,0.0,1,1,461,461
lightgbm_mse_regression,cluster_137,137,Cluster 137: ECFP_1031 (n=1),ECFP_1031,ECFP_1031,1,"[""ECFP_1031""]",5,3156,0.0,0.0,0.0,0.0,0.0,0.0,,0.0,0.0,0.0,1,1,461,461
lightgbm_mse_regression,cluster_1378,1378,Cluster 1378: ECFP_306 (n=1),ECFP_306,ECFP_306,1,"[""ECFP_306""]",5,3156,0.0,0.0,0.0,0.0,0.0,0.0,,0.0,0.0,0.0,1,1,461,461
lightgbm_mse_regression,cluster_1391,1391,Cluster 1391: ECFP_318 (n=1),ECFP_318,ECFP_318,1,"[""ECFP_318""]",5,3156,0.0,0.0,0.0,0.0,0.0,0.0,,0.0,0.0,0.0,1,1,461,461
lightgbm_mse_regression,cluster_1376,1376,Cluster 1376: ECFP_304 (n=1),ECFP_304,ECFP_304,1,"[""ECFP_304""]",4,2525,0.0,0.0,0.0,0.0,0.0,0.0,,0.0,0.0,0.0,1,1,461,461
lightgbm_mse_regression,cluster_1375,1375,Cluster 1375: ECFP_303 (n=1),ECFP_303,ECFP_303,1,"[""ECFP_303""]",5,3156,0.0,0.0,0.0,0.0,0.0,0.0,,0.0,0.0,0.0,1,1,461,461
lightgbm_mse_regression,cluster_1374,1374,Cluster 1374: ECFP_302 (n=1),ECFP_302,ECFP_302,1,"[""ECFP_302""]",5,3156,0.0,0.0,0.0,0.0,0.0,0.0,,0.0,0.0,0.0,1,1,461,461
lightgbm_mse_regression,cluster_1373,1373,Cluster 1373: ECFP_301 (n=1),ECFP_301,ECFP_301,1,"[""ECFP_301""]",5,3156,0.0,0.0,0.0,0.0,0.0,0.0,,0.0,0.0,0.0,1,1,461,461
lightgbm_mse_regression,cluster_1372,1372,Cluster 1372: ECFP_300 (n=1),ECFP_300,ECFP_300,1,"[""ECFP_300""]",5,3156,0.0,0.0,0.0,0.0,0.0,0.0,,0.0,0.0,0.0,1,1,461,461
lightgbm_mse_regression,cluster_1371,1371,Cluster 1371: ECFP_30 (n=1),ECFP_30,ECFP_30,1,"[""ECFP_30""]",5,3156,0.0,0.0,0.0,0.0,0.0,0.0,,0.0,0.0,0.0,1,1,461,461
lightgbm_mse_regression,cluster_1370,1370,Cluster 1370: ECFP_3 (n=1),ECFP_3,ECFP_3,1,"[""ECFP_3""]",4,2525,0.0,0.0,0.0,0.0,0.0,0.0,,0.0,0.0,0.0,1,1,461,461
lightgbm_mse_regression,cluster_136,136,Cluster 136: ECFP_1030 (n=1),ECFP_1030,ECFP_1030,1,"[""ECFP_1030""]",4,2524,0.0,0.0,0.0,0.0,0.0,0.0,,0.0,0.0,0.0,1,1,461,461
lightgbm_mse_regression,cluster_1369,1369,Cluster 1369: ECFP_299 (n=1),ECFP_299,ECFP_299,1,"[""ECFP_299""]",5,3156,0.0,0.0,0.0,0.0,0.0,0.0,,0.0,0.0,0.0,1,1,461,461
lightgbm_mse_regression,cluster_1368,1368,Cluster 1368: ECFP_298 (n=1),ECFP_298,ECFP_298,1,"[""ECFP_298""]",5,3156,0.0,0.0,0.0,0.0,0.0,0.0,,0.0,0.0,0.0,1,1,461,461
lightgbm_mse_regression,cluster_1367,1367,Cluster 1367: ECFP_297 (n=1),ECFP_297,ECFP_297,1,"[""ECFP_297""]",5,3156,0.0,0.0,0.0,0.0,0.0,0.0,,0.0,0.0,0.0,1,1,461,461
lightgbm_mse_regression,cluster_1390,1390,Cluster 1390: ECFP_317 (n=1),ECFP_317,ECFP_317,1,"[""ECFP_317""]",5,3156,0.0,0.0,0.0,0.0,0.0,0.0,,0.0,0.0,0.0,1,1,461,461
lightgbm_mse_regression,cluster_1392,1392,Cluster 1392: ECFP_319 (n=1),ECFP_319,ECFP_319,1,"[""ECFP_319""]",5,3156,0.0,0.0,0.0,0.0,0.0,0.0,,0.0,0.0,0.0,1,1,461,461
lightgbm_mse_regression,cluster_141,141,Cluster 141: ECFP_1035 (n=1),ECFP_1035,ECFP_1035,1,"[""ECFP_1035""]",5,3156,0.0,0.0,0.0,0.0,0.0,0.0,,0.0,0.0,0.0,1,1,461,461
lightgbm_mse_regression,cluster_1408,1408,Cluster 1408: ECFP_333 (n=1),ECFP_333,ECFP_333,1,"[""ECFP_333""]",5,3156,0.0,0.0,0.0,0.0,0.0,0.0,,0.0,0.0,0.0,1,1,461,461
lightgbm_mse_regression,cluster_1419,1419,Cluster 1419: ECFP_343 (n=1),ECFP_343,ECFP_343,1,"[""ECFP_343""]",5,3156,0.0,0.0,0.0,0.0,0.0,0.0,,0.0,0.0,0.0,1,1,461,461
lightgbm_mse_regression,cluster_1418,1418,Cluster 1418: ECFP_342 (n=1),ECFP_342,ECFP_342,1,"[""ECFP_342""]",5,3156,0.0,0.0,0.0,0.0,0.0,0.0,,0.0,0.0,0.0,1,1,461,461
lightgbm_mse_regression,cluster_1417,1417,Cluster 1417: ECFP_341 (n=1),ECFP_341,ECFP_341,1,"[""ECFP_341""]",5,3156,0.0,0.0,0.0,0.0,0.0,0.0,,0.0,0.0,0.0,1,1,461,461
lightgbm_mse_regression,cluster_1416,1416,Cluster 1416: ECFP_340 (n=1),ECFP_340,ECFP_340,1,"[""ECFP_340""]",4,2524,0.0,0.0,0.0,0.0,0.0,0.0,,0.0,0.0,0.0,1,1,461,461
lightgbm_mse_regression,cluster_1415,1415,Cluster 1415: ECFP_34 (n=1),ECFP_34,ECFP_34,1,"[""ECFP_34""]",5,3156,0.0,0.0,0.0,0.0,0.0,0.0,,0.0,0.0,0.0,1,1,461,461
lightgbm_mse_regression,cluster_1414,1414,Cluster 1414: ECFP_339 (n=1),ECFP_339,ECFP_339,1,"[""ECFP_339""]",5,3156,0.0,0.0,0.0,0.0,0.0,0.0,,0.0,0.0,0.0,1,1,461,461
lightgbm_mse_regression,cluster_1413,1413,Cluster 1413: ECFP_338 (n=1),ECFP_338,ECFP_338,1,"[""ECFP_338""]",5,3156,0.0,0.0,0.0,0.0,0.0,0.0,,0.0,0.0,0.0,1,1,461,461
lightgbm_mse_regression,cluster_1412,1412,Cluster 1412: ECFP_337 (n=1),ECFP_337,ECFP_337,1,"[""ECFP_337""]",4,2525,0.0,0.0,0.0,0.0,0.0,0.0,,0.0,0.0,0.0,1,1,461,461
lightgbm_mse_regression,cluster_1411,1411,Cluster 1411: ECFP_336 (n=1),ECFP_336,ECFP_336,1,"[""ECFP_336""]",5,3156,0.0,0.0,0.0,0.0,0.0,0.0,,0.0,0.0,0.0,1,1,461,461
lightgbm_mse_regression,cluster_1410,1410,Cluster 1410: ECFP_335 (n=1),ECFP_335,ECFP_335,1,"[""ECFP_335""]",5,3156,0.0,0.0,0.0,0.0,0.0,0.0,,0.0,0.0,0.0,1,1,461,461
lightgbm_mse_regression,cluster_1409,1409,Cluster 1409: ECFP_334 (n=1),ECFP_334,ECFP_334,1,"[""ECFP_334""]",4,2524,0.0,0.0,0.0,0.0,0.0,0.0,,0.0,0.0,0.0,1,1,461,461
lightgbm_mse_regression,cluster_1406,1406,Cluster 1406: ECFP_331 (n=1),ECFP_331,ECFP_331,1,"[""ECFP_331""]",5,3156,0.0,0.0,0.0,0.0,0.0,0.0,,0.0,0.0,0.0,1,1,461,461
lightgbm_mse_regression,cluster_1393,1393,Cluster 1393: ECFP_32 (n=1),ECFP_32,ECFP_32,1,"[""ECFP_32""]",5,3156,0.0,0.0,0.0,0.0,0.0,0.0,,0.0,0.0,0.0,1,1,461,461
lightgbm_mse_regression,cluster_1405,1405,Cluster 1405: ECFP_330 (n=1),ECFP_330,ECFP_330,1,"[""ECFP_330""]",4,2525,0.0,0.0,0.0,0.0,0.0,0.0,,0.0,0.0,0.0,1,1,461,461
lightgbm_mse_regression,cluster_1404,1404,Cluster 1404: ECFP_33 (n=1),ECFP_33,ECFP_33,1,"[""ECFP_33""]",5,3156,0.0,0.0,0.0,0.0,0.0,0.0,,0.0,0.0,0.0,1,1,461,461
lightgbm_mse_regression,cluster_1403,1403,Cluster 1403: ECFP_329 (n=1),ECFP_329,ECFP_329,1,"[""ECFP_329""]",5,3156,0.0,0.0,0.0,0.0,0.0,0.0,,0.0,0.0,0.0,1,1,461,461
lightgbm_mse_regression,cluster_1402,1402,Cluster 1402: ECFP_328 (n=1),ECFP_328,ECFP_328,1,"[""ECFP_328""]",5,3156,0.0,0.0,0.0,0.0,0.0,0.0,,0.0,0.0,0.0,1,1,461,461
lightgbm_mse_regression,cluster_1401,1401,Cluster 1401: ECFP_327 (n=1),ECFP_327,ECFP_327,1,"[""ECFP_327""]",5,3156,0.0,0.0,0.0,0.0,0.0,0.0,,0.0,0.0,0.0,1,1,461,461
lightgbm_mse_regression,cluster_1400,1400,Cluster 1400: ECFP_326 (n=1),ECFP_326,ECFP_326,1,"[""ECFP_326""]",5,3156,0.0,0.0,0.0,0.0,0.0,0.0,,0.0,0.0,0.0,1,1,461,461
lightgbm_mse_regression,cluster_139,139,Cluster 139: ECFP_1033 (n=1),ECFP_1033,ECFP_1033,1,"[""ECFP_1033""]",5,3156,0.0,0.0,0.0,0.0,0.0,0.0,,0.0,0.0,0.0,1,1,461,461
lightgbm_mse_regression,cluster_1399,1399,Cluster 1399: ECFP_325 (n=1),ECFP_325,ECFP_325,1,"[""ECFP_325""]",5,3156,0.0,0.0,0.0,0.0,0.0,0.0,,0.0,0.0,0.0,1,1,461,461
lightgbm_mse_regression,cluster_1398,1398,Cluster 1398: ECFP_324 (n=1),ECFP_324,ECFP_324,1,"[""ECFP_324""]",5,3156,0.0,0.0,0.0,0.0,0.0,0.0,,0.0,0.0,0.0,1,1,461,461
lightgbm_mse_regression,cluster_1397,1397,Cluster 1397: ECFP_323 (n=1),ECFP_323,ECFP_323,1,"[""ECFP_323""]",5,3156,0.0,0.0,0.0,0.0,0.0,0.0,,0.0,0.0,0.0,1,1,461,461
lightgbm_mse_regression,cluster_1395,1395,Cluster 1395: ECFP_321 (n=1),ECFP_321,ECFP_321,1,"[""ECFP_321""]",4,2525,0.0,0.0,0.0,0.0,0.0,0.0,,0.0,0.0,0.0,1,1,461,461
lightgbm_mse_regression,cluster_1249,1249,Cluster 1249: ECFP_2032 (n=1),ECFP_2032,ECFP_2032,1,"[""ECFP_2032""]",5,3156,0.0,0.0,0.0,0.0,0.0,0.0,,0.0,0.0,0.0,1,1,461,461
lightgbm_mse_regression,cluster_1248,1248,Cluster 1248: ECFP_2031 (n=1),ECFP_2031,ECFP_2031,1,"[""ECFP_2031""]",5,3156,0.0,0.0,0.0,0.0,0.0,0.0,,0.0,0.0,0.0,1,1,461,461
lightgbm_mse_regression,cluster_1247,1247,Cluster 1247: ECFP_2030 (n=1),ECFP_2030,ECFP_2030,1,"[""ECFP_2030""]",5,3156,0.0,0.0,0.0,0.0,0.0,0.0,,0.0,0.0,0.0,1,1,461,461
lightgbm_mse_regression,cluster_1127,1127,Cluster 1127: ECFP_1923 (n=1),ECFP_1923,ECFP_1923,1,"[""ECFP_1923""]",5,3156,0.0,0.0,0.0,0.0,0.0,0.0,,0.0,0.0,0.0,1,1,461,461
lightgbm_mse_regression,cluster_1092,1092,Cluster 1092: ECFP_1892 (n=1),ECFP_1892,ECFP_1892,1,"[""ECFP_1892""]",5,3156,0.0,0.0,0.0,0.0,0.0,0.0,,0.0,0.0,0.0,1,1,461,461
lightgbm_mse_regression,cluster_1091,1091,Cluster 1091: ECFP_1891 (n=1),ECFP_1891,ECFP_1891,1,"[""ECFP_1891""]",4,2525,0.0,0.0,0.0,0.0,0.0,0.0,,0.0,0.0,0.0,1,1,461,461
lightgbm_mse_regression,cluster_108,108,Cluster 108: ECFP_1005 (n=1),ECFP_1005,ECFP_1005,1,"[""ECFP_1005""]",5,3156,0.0,0.0,0.0,0.0,0.0,0.0,,0.0,0.0,0.0,1,1,461,461
lightgbm_mse_regression,cluster_1089,1089,Cluster 1089: ECFP_189 (n=1),ECFP_189,ECFP_189,1,"[""ECFP_189""]",5,3156,0.0,0.0,0.0,0.0,0.0,0.0,,0.0,0.0,0.0,1,1,461,461
lightgbm_mse_regression,cluster_1088,1088,Cluster 1088: ECFP_1889 (n=1),ECFP_1889,ECFP_1889,1,"[""ECFP_1889""]",5,3156,0.0,0.0,0.0,0.0,0.0,0.0,,0.0,0.0,0.0,1,1,461,461
lightgbm_mse_regression,cluster_1087,1087,Cluster 1087: ECFP_1888 (n=1),ECFP_1888,ECFP_1888,1,"[""ECFP_1888""]",5,3156,0.0,0.0,0.0,0.0,0.0,0.0,,0.0,0.0,0.0,1,1,461,461
lightgbm_mse_regression,cluster_1086,1086,Cluster 1086: ECFP_1887 (n=1),ECFP_1887,ECFP_1887,1,"[""ECFP_1887""]",5,3156,0.0,0.0,0.0,0.0,0.0,0.0,,0.0,0.0,0.0,1,1,461,461
lightgbm_mse_regression,cluster_1085,1085,Cluster 1085: ECFP_1886 (n=1),ECFP_1886,ECFP_1886,1,"[""ECFP_1886""]",5,3156,0.0,0.0,0.0,0.0,0.0,0.0,,0.0,0.0,0.0,1,1,461,461
lightgbm_mse_regression,cluster_1084,1084,Cluster 1084: ECFP_1885 (n=1),ECFP_1885,ECFP_1885,1,"[""ECFP_1885""]",5,3156,0.0,0.0,0.0,0.0,0.0,0.0,,0.0,0.0,0.0,1,1,461,461
lightgbm_mse_regression,cluster_1083,1083,Cluster 1083: ECFP_1884 (n=1),ECFP_1884,ECFP_1884,1,"[""ECFP_1884""]",5,3156,0.0,0.0,0.0,0.0,0.0,0.0,,0.0,0.0,0.0,1,1,461,461
lightgbm_mse_regression,cluster_1082,1082,Cluster 1082: ECFP_1883 (n=1),ECFP_1883,ECFP_1883,1,"[""ECFP_1883""]",4,2525,0.0,0.0,0.0,0.0,0.0,0.0,,0.0,0.0,0.0,1,1,461,461
lightgbm_mse_regression,cluster_1081,1081,Cluster 1081: ECFP_1882 (n=1),ECFP_1882,ECFP_1882,1,"[""ECFP_1882""]",4,2525,0.0,0.0,0.0,0.0,0.0,0.0,,0.0,0.0,0.0,1,1,461,461
lightgbm_mse_regression,cluster_1080,1080,Cluster 1080: ECFP_1881 (n=1),ECFP_1881,ECFP_1881,1,"[""ECFP_1881""]",5,3156,0.0,0.0,0.0,0.0,0.0,0.0,,0.0,0.0,0.0,1,1,461,461
lightgbm_mse_regression,cluster_107,107,Cluster 107: ECFP_1004 (n=1),ECFP_1004,ECFP_1004,1,"[""ECFP_1004""]",5,3156,0.0,0.0,0.0,0.0,0.0,0.0,,0.0,0.0,0.0,1,1,461,461
lightgbm_mse_regression,cluster_1078,1078,Cluster 1078: ECFP_188 (n=1),ECFP_188,ECFP_188,1,"[""ECFP_188""]",4,2525,0.0,0.0,0.0,0.0,0.0,0.0,,0.0,0.0,0.0,1,1,461,461
lightgbm_mse_regression,cluster_1077,1077,Cluster 1077: ECFP_1879 (n=1),ECFP_1879,ECFP_1879,1,"[""ECFP_1879""]",5,3156,0.0,0.0,0.0,0.0,0.0,0.0,,0.0,0.0,0.0,1,1,461,461
lightgbm_mse_regression,cluster_1076,1076,Cluster 1076: ECFP_1878 (n=1),ECFP_1878,ECFP_1878,1,"[""ECFP_1878""]",5,3156,0.0,0.0,0.0,0.0,0.0,0.0,,0.0,0.0,0.0,1,1,461,461
lightgbm_mse_regression,cluster_1075,1075,Cluster 1075: ECFP_1877 (n=1),ECFP_1877,ECFP_1877,1,"[""ECFP_1877""]",5,3156,0.0,0.0,0.0,0.0,0.0,0.0,,0.0,0.0,0.0,1,1,461,461
lightgbm_mse_regression,cluster_1074,1074,Cluster 1074: ECFP_1876 (n=1),ECFP_1876,ECFP_1876,1,"[""ECFP_1876""]",5,3156,0.0,0.0,0.0,0.0,0.0,0.0,,0.0,0.0,0.0,1,1,461,461
lightgbm_mse_regression,cluster_1073,1073,Cluster 1073: ECFP_1875 (n=1),ECFP_1875,ECFP_1875,1,"[""ECFP_1875""]",5,3156,0.0,0.0,0.0,0.0,0.0,0.0,,0.0,0.0,0.0,1,1,461,461
lightgbm_mse_regression,cluster_1072,1072,Cluster 1072: ECFP_1874 (n=1),ECFP_1874,ECFP_1874,1,"[""ECFP_1874""]",5,3156,0.0,0.0,0.0,0.0,0.0,0.0,,0.0,0.0,0.0,1,1,461,461
lightgbm_mse_regression,cluster_1071,1071,Cluster 1071: ECFP_1873 (n=1),ECFP_1873,ECFP_1873,1,"[""ECFP_1873""]",5,3156,0.0,0.0,0.0,0.0,0.0,0.0,,0.0,0.0,0.0,1,1,461,461
lightgbm_mse_regression,cluster_1070,1070,Cluster 1070: ECFP_1872 (n=1),ECFP_1872,ECFP_1872,1,"[""ECFP_1872""]",4,2525,0.0,0.0,0.0,0.0,0.0,0.0,,0.0,0.0,0.0,1,1,461,461
lightgbm_mse_regression,cluster_106,106,Cluster 106: ECFP_1003 (n=1),ECFP_1003,ECFP_1003,1,"[""ECFP_1003""]",5,3156,0.0,0.0,0.0,0.0,0.0,0.0,,0.0,0.0,0.0,1,1,461,461
lightgbm_mse_regression,cluster_1068,1068,Cluster 1068: ECFP_1870 (n=1),ECFP_1870,ECFP_1870,1,"[""ECFP_1870""]",5,3156,0.0,0.0,0.0,0.0,0.0,0.0,,0.0,0.0,0.0,1,1,461,461
lightgbm_mse_regression,cluster_1093,1093,Cluster 1093: ECFP_1893 (n=1),ECFP_1893,ECFP_1893,1,"[""ECFP_1893""]",5,3156,0.0,0.0,0.0,0.0,0.0,0.0,,0.0,0.0,0.0,1,1,461,461
lightgbm_mse_regression,cluster_1095,1095,Cluster 1095: ECFP_1895 (n=1),ECFP_1895,ECFP_1895,1,"[""ECFP_1895""]",5,3156,0.0,0.0,0.0,0.0,0.0,0.0,,0.0,0.0,0.0,1,1,461,461
lightgbm_mse_regression,cluster_1096,1096,Cluster 1096: ECFP_1896 (n=1),ECFP_1896,ECFP_1896,1,"[""ECFP_1896""]",5,3156,0.0,0.0,0.0,0.0,0.0,0.0,,0.0,0.0,0.0,1,1,461,461
lightgbm_mse_regression,cluster_1111,1111,Cluster 1111: ECFP_1909 (n=1),ECFP_1909,ECFP_1909,1,"[""ECFP_1909""]",5,3156,0.0,0.0,0.0,0.0,0.0,0.0,,0.0,0.0,0.0,1,1,461,461
lightgbm_mse_regression,cluster_1125,1125,Cluster 1125: ECFP_1921 (n=1),ECFP_1921,ECFP_1921,1,"[""ECFP_1921""]",5,3156,0.0,0.0,0.0,0.0,0.0,0.0,,0.0,0.0,0.0,1,1,461,461
lightgbm_mse_regression,cluster_1124,1124,Cluster 1124: ECFP_1920 (n=1),ECFP_1920,ECFP_1920,1,"[""ECFP_1920""]",5,3156,0.0,0.0,0.0,0.0,0.0,0.0,,0.0,0.0,0.0,1,1,461,461
lightgbm_mse_regression,cluster_1123,1123,Cluster 1123: ECFP_192 (n=1),ECFP_192,ECFP_192,1,"[""ECFP_192""]",5,3156,0.0,0.0,0.0,0.0,0.0,0.0,,0.0,0.0,0.0,1,1,461,461
lightgbm_mse_regression,cluster_1122,1122,Cluster 1122: ECFP_1919 (n=1),ECFP_1919,ECFP_1919,1,"[""ECFP_1919""]",5,3156,0.0,0.0,0.0,0.0,0.0,0.0,,0.0,0.0,0.0,1,1,461,461
lightgbm_mse_regression,cluster_1121,1121,Cluster 1121: ECFP_1918 (n=1),ECFP_1918,ECFP_1918,1,"[""ECFP_1918""]",5,3156,0.0,0.0,0.0,0.0,0.0,0.0,,0.0,0.0,0.0,1,1,461,461
lightgbm_mse_regression,cluster_111,111,Cluster 111: ECFP_1008 (n=1),ECFP_1008,ECFP_1008,1,"[""ECFP_1008""]",5,3156,0.0,0.0,0.0,0.0,0.0,0.0,,0.0,0.0,0.0,1,1,461,461
lightgbm_mse_regression,cluster_1119,1119,Cluster 1119: ECFP_1916 (n=1),ECFP_1916,ECFP_1916,1,"[""ECFP_1916""]",5,3156,0.0,0.0,0.0,0.0,0.0,0.0,,0.0,0.0,0.0,1,1,461,461
lightgbm_mse_regression,cluster_1118,1118,Cluster 1118: ECFP_1915 (n=1),ECFP_1915,ECFP_1915,1,"[""ECFP_1915""]",5,3156,0.0,0.0,0.0,0.0,0.0,0.0,,0.0,0.0,0.0,1,1,461,461
lightgbm_mse_regression,cluster_1117,1117,Cluster 1117: ECFP_1914 (n=1),ECFP_1914,ECFP_1914,1,"[""ECFP_1914""]",5,3156,0.0,0.0,0.0,0.0,0.0,0.0,,0.0,0.0,0.0,1,1,461,461
lightgbm_mse_regression,cluster_1116,1116,Cluster 1116: ECFP_1913 (n=1),ECFP_1913,ECFP_1913,1,"[""ECFP_1913""]",4,2524,0.0,0.0,0.0,0.0,0.0,0.0,,0.0,0.0,0.0,1,1,461,461
lightgbm_mse_regression,cluster_1113,1113,Cluster 1113: ECFP_1910 (n=1),ECFP_1910,ECFP_1910,1,"[""ECFP_1910""]",5,3156,0.0,0.0,0.0,0.0,0.0,0.0,,0.0,0.0,0.0,1,1,461,461
lightgbm_mse_regression,cluster_1110,1110,Cluster 1110: ECFP_1908 (n=1),ECFP_1908,ECFP_1908,1,"[""ECFP_1908""]",5,3156,0.0,0.0,0.0,0.0,0.0,0.0,,0.0,0.0,0.0,1,1,461,461
lightgbm_mse_regression,cluster_1097,1097,Cluster 1097: ECFP_1897 (n=1),ECFP_1897,ECFP_1897,1,"[""ECFP_1897""]",5,3156,0.0,0.0,0.0,0.0,0.0,0.0,,0.0,0.0,0.0,1,1,461,461
lightgbm_mse_regression,cluster_1109,1109,Cluster 1109: ECFP_1907 (n=1),ECFP_1907,ECFP_1907,1,"[""ECFP_1907""]",4,2525,0.0,0.0,0.0,0.0,0.0,0.0,,0.0,0.0,0.0,1,1,461,461
lightgbm_mse_regression,cluster_1108,1108,Cluster 1108: ECFP_1906 (n=1),ECFP_1906,ECFP_1906,1,"[""ECFP_1906""]",5,3156,0.0,0.0,0.0,0.0,0.0,0.0,,0.0,0.0,0.0,1,1,461,461
lightgbm_mse_regression,cluster_1107,1107,Cluster 1107: ECFP_1905 (n=1),ECFP_1905,ECFP_1905,1,"[""ECFP_1905""]",5,3156,0.0,0.0,0.0,0.0,0.0,0.0,,0.0,0.0,0.0,1,1,461,461
lightgbm_mse_regression,cluster_1106,1106,Cluster 1106: ECFP_1904 (n=1),ECFP_1904,ECFP_1904,1,"[""ECFP_1904""]",5,3156,0.0,0.0,0.0,0.0,0.0,0.0,,0.0,0.0,0.0,1,1,461,461
lightgbm_mse_regression,cluster_1105,1105,Cluster 1105: ECFP_1903 (n=1),ECFP_1903,ECFP_1903,1,"[""ECFP_1903""]",4,2525,0.0,0.0,0.0,0.0,0.0,0.0,,0.0,0.0,0.0,1,1,461,461
lightgbm_mse_regression,cluster_1104,1104,Cluster 1104: ECFP_1902 (n=1),ECFP_1902,ECFP_1902,1,"[""ECFP_1902""]",5,3156,0.0,0.0,0.0,0.0,0.0,0.0,,0.0,0.0,0.0,1,1,461,461
lightgbm_mse_regression,cluster_1103,1103,Cluster 1103: ECFP_1901 (n=1),ECFP_1901,ECFP_1901,1,"[""ECFP_1901""]",5,3156,0.0,0.0,0.0,0.0,0.0,0.0,,0.0,0.0,0.0,1,1,461,461
lightgbm_mse_regression,cluster_1102,1102,Cluster 1102: ECFP_1900 (n=1),ECFP_1900,ECFP_1900,1,"[""ECFP_1900""]",5,3156,0.0,0.0,0.0,0.0,0.0,0.0,,0.0,0.0,0.0,1,1,461,461
lightgbm_mse_regression,cluster_1101,1101,Cluster 1101: ECFP_190 (n=1),ECFP_190,ECFP_190,1,"[""ECFP_190""]",5,3156,0.0,0.0,0.0,0.0,0.0,0.0,,0.0,0.0,0.0,1,1,461,461
lightgbm_mse_regression,cluster_109,109,Cluster 109: ECFP_1006 (n=1),ECFP_1006,ECFP_1006,1,"[""ECFP_1006""]",5,3156,0.0,0.0,0.0,0.0,0.0,0.0,,0.0,0.0,0.0,1,1,461,461
lightgbm_mse_regression,cluster_1098,1098,Cluster 1098: ECFP_1898 (n=1),ECFP_1898,ECFP_1898,1,"[""ECFP_1898""]",5,3156,0.0,0.0,0.0,0.0,0.0,0.0,,0.0,0.0,0.0,1,1,461,461
lightgbm_mse_regression,cluster_1067,1067,Cluster 1067: ECFP_187 (n=1),ECFP_187,ECFP_187,1,"[""ECFP_187""]",4,2524,0.0,0.0,0.0,0.0,0.0,0.0,,0.0,0.0,0.0,1,1,461,461
lightgbm_mse_regression,cluster_1065,1065,Cluster 1065: ECFP_1868 (n=1),ECFP_1868,ECFP_1868,1,"[""ECFP_1868""]",5,3156,0.0,0.0,0.0,0.0,0.0,0.0,,0.0,0.0,0.0,1,1,461,461
lightgbm_mse_regression,cluster_1064,1064,Cluster 1064: ECFP_1867 (n=1),ECFP_1867,ECFP_1867,1,"[""ECFP_1867""]",5,3156,0.0,0.0,0.0,0.0,0.0,0.0,,0.0,0.0,0.0,1,1,461,461
lightgbm_mse_regression,cluster_1013,1013,Cluster 1013: ECFP_1820 (n=1),ECFP_1820,ECFP_1820,1,"[""ECFP_1820""]",5,3156,0.0,0.0,0.0,0.0,0.0,0.0,,0.0,0.0,0.0,1,1,461,461
lightgbm_mse_regression,cluster_1025,1025,Cluster 1025: ECFP_1831 (n=1),ECFP_1831,ECFP_1831,1,"[""ECFP_1831""]",5,3156,0.0,0.0,0.0,0.0,0.0,0.0,,0.0,0.0,0.0,1,1,461,461
lightgbm_mse_regression,cluster_1024,1024,Cluster 1024: ECFP_1830 (n=1),ECFP_1830,ECFP_1830,1,"[""ECFP_1830""]",4,2525,0.0,0.0,0.0,0.0,0.0,0.0,,0.0,0.0,0.0,1,1,461,461
lightgbm_mse_regression,cluster_1023,1023,Cluster 1023: ECFP_183 (n=1),ECFP_183,ECFP_183,1,"[""ECFP_183""]",4,2525,0.0,0.0,0.0,0.0,0.0,0.0,,0.0,0.0,0.0,1,1,461,461
lightgbm_mse_regression,cluster_1022,1022,Cluster 1022: ECFP_1829 (n=1),ECFP_1829,ECFP_1829,1,"[""ECFP_1829""]",4,2524,0.0,0.0,0.0,0.0,0.0,0.0,,0.0,0.0,0.0,1,1,461,461
lightgbm_mse_regression,cluster_1021,1021,Cluster 1021: ECFP_1828 (n=1),ECFP_1828,ECFP_1828,1,"[""ECFP_1828""]",5,3156,0.0,0.0,0.0,0.0,0.0,0.0,,0.0,0.0,0.0,1,1,461,461
lightgbm_mse_regression,cluster_1020,1020,Cluster 1020: ECFP_1827 (n=1),ECFP_1827,ECFP_1827,1,"[""ECFP_1827""]",5,3156,0.0,0.0,0.0,0.0,0.0,0.0,,0.0,0.0,0.0,1,1,461,461
lightgbm_mse_regression,cluster_101,101,Cluster 101: ECFP_10 (n=1),ECFP_10,ECFP_10,1,"[""ECFP_10""]",5,3156,0.0,0.0,0.0,0.0,0.0,0.0,,0.0,0.0,0.0,1,1,461,461
lightgbm_mse_regression,cluster_1019,1019,Cluster 1019: ECFP_1826 (n=1),ECFP_1826,ECFP_1826,1,"[""ECFP_1826""]",4,2525,0.0,0.0,0.0,0.0,0.0,0.0,,0.0,0.0,0.0,1,1,461,461
lightgbm_mse_regression,cluster_1017,1017,Cluster 1017: ECFP_1824 (n=1),ECFP_1824,ECFP_1824,1,"[""ECFP_1824""]",5,3156,0.0,0.0,0.0,0.0,0.0,0.0,,0.0,0.0,0.0,1,1,461,461
lightgbm_mse_regression,cluster_1015,1015,Cluster 1015: ECFP_1822 (n=1),ECFP_1822,ECFP_1822,1,"[""ECFP_1822""]",5,3156,0.0,0.0,0.0,0.0,0.0,0.0,,0.0,0.0,0.0,1,1,461,461
lightgbm_mse_regression,cluster_1014,1014,Cluster 1014: ECFP_1821 (n=1),ECFP_1821,ECFP_1821,1,"[""ECFP_1821""]",4,2525,0.0,0.0,0.0,0.0,0.0,0.0,,0.0,0.0,0.0,1,1,461,461
lightgbm_mse_regression,cluster_1012,1012,Cluster 1012: ECFP_182 (n=1),ECFP_182,ECFP_182,1,"[""ECFP_182""]",5,3156,0.0,0.0,0.0,0.0,0.0,0.0,,0.0,0.0,0.0,1,1,461,461
lightgbm_mse_regression,cluster_1027,1027,Cluster 1027: ECFP_1833 (n=1),ECFP_1833,ECFP_1833,1,"[""ECFP_1833""]",5,3156,0.0,0.0,0.0,0.0,0.0,0.0,,0.0,0.0,0.0,1,1,461,461
lightgbm_mse_regression,cluster_1011,1011,Cluster 1011: ECFP_1819 (n=1),ECFP_1819,ECFP_1819,1,"[""ECFP_1819""]",5,3156,0.0,0.0,0.0,0.0,0.0,0.0,,0.0,0.0,0.0,1,1,461,461
lightgbm_mse_regression,cluster_1010,1010,Cluster 1010: ECFP_1818 (n=1),ECFP_1818,ECFP_1818,1,"[""ECFP_1818""]",5,3156,0.0,0.0,0.0,0.0,0.0,0.0,,0.0,0.0,0.0,1,1,461,461
lightgbm_mse_regression,cluster_1009,1009,Cluster 1009: ECFP_1817 (n=1),ECFP_1817,ECFP_1817,1,"[""ECFP_1817""]",5,3156,0.0,0.0,0.0,0.0,0.0,0.0,,0.0,0.0,0.0,1,1,461,461
lightgbm_mse_regression,cluster_1008,1008,Cluster 1008: ECFP_1816 (n=1),ECFP_1816,ECFP_1816,1,"[""ECFP_1816""]",5,3156,0.0,0.0,0.0,0.0,0.0,0.0,,0.0,0.0,0.0,1,1,461,461
lightgbm_mse_regression,cluster_1007,1007,Cluster 1007: ECFP_1815 (n=1),ECFP_1815,ECFP_1815,1,"[""ECFP_1815""]",5,3156,0.0,0.0,0.0,0.0,0.0,0.0,,0.0,0.0,0.0,1,1,461,461
lightgbm_mse_regression,cluster_1006,1006,Cluster 1006: ECFP_1814 (n=1),ECFP_1814,ECFP_1814,1,"[""ECFP_1814""]",5,3156,0.0,0.0,0.0,0.0,0.0,0.0,,0.0,0.0,0.0,1,1,461,461
lightgbm_mse_regression,cluster_1005,1005,Cluster 1005: ECFP_1813 (n=1),ECFP_1813,ECFP_1813,1,"[""ECFP_1813""]",5,3156,0.0,0.0,0.0,0.0,0.0,0.0,,0.0,0.0,0.0,1,1,461,461
lightgbm_mse_regression,cluster_1004,1004,Cluster 1004: ECFP_1812 (n=1),ECFP_1812,ECFP_1812,1,"[""ECFP_1812""]",5,3156,0.0,0.0,0.0,0.0,0.0,0.0,,0.0,0.0,0.0,1,1,461,461
lightgbm_mse_regression,cluster_1003,1003,Cluster 1003: ECFP_1811 (n=1),ECFP_1811,ECFP_1811,1,"[""ECFP_1811""]",5,3156,0.0,0.0,0.0,0.0,0.0,0.0,,0.0,0.0,0.0,1,1,461,461
lightgbm_mse_regression,cluster_1001,1001,Cluster 1001: ECFP_181 (n=1),ECFP_181,ECFP_181,1,"[""ECFP_181""]",5,3156,0.0,0.0,0.0,0.0,0.0,0.0,,0.0,0.0,0.0,1,1,461,461
lightgbm_mse_regression,cluster_1000,1000,Cluster 1000: ECFP_1809 (n=1),ECFP_1809,ECFP_1809,1,"[""ECFP_1809""]",5,3156,0.0,0.0,0.0,0.0,0.0,0.0,,0.0,0.0,0.0,1,1,461,461
lightgbm_mse_regression,cluster_1026,1026,Cluster 1026: ECFP_1832 (n=1),ECFP_1832,ECFP_1832,1,"[""ECFP_1832""]",5,3156,0.0,0.0,0.0,0.0,0.0,0.0,,0.0,0.0,0.0,1,1,461,461
lightgbm_mse_regression,cluster_1028,1028,Cluster 1028: ECFP_1834 (n=1),ECFP_1834,ECFP_1834,1,"[""ECFP_1834""]",4,2525,0.0,0.0,0.0,0.0,0.0,0.0,,0.0,0.0,0.0,1,1,461,461
lightgbm_mse_regression,cluster_1060,1060,Cluster 1060: ECFP_1863 (n=1),ECFP_1863,ECFP_1863,1,"[""ECFP_1863""]",5,3156,0.0,0.0,0.0,0.0,0.0,0.0,,0.0,0.0,0.0,1,1,461,461
lightgbm_mse_regression,cluster_1046,1046,Cluster 1046: ECFP_1850 (n=1),ECFP_1850,ECFP_1850,1,"[""ECFP_1850""]",5,3156,0.0,0.0,0.0,0.0,0.0,0.0,,0.0,0.0,0.0,1,1,461,461
lightgbm_mse_regression,cluster_105,105,Cluster 105: ECFP_1002 (n=1),ECFP_1002,ECFP_1002,1,"[""ECFP_1002""]",5,3156,0.0,0.0,0.0,0.0,0.0,0.0,,0.0,0.0,0.0,1,1,461,461
lightgbm_mse_regression,cluster_1059,1059,Cluster 1059: ECFP_1862 (n=1),ECFP_1862,ECFP_1862,1,"[""ECFP_1862""]",5,3156,0.0,0.0,0.0,0.0,0.0,0.0,,0.0,0.0,0.0,1,1,461,461
lightgbm_mse_regression,cluster_1058,1058,Cluster 1058: ECFP_1861 (n=1),ECFP_1861,ECFP_1861,1,"[""ECFP_1861""]",5,3156,0.0,0.0,0.0,0.0,0.0,0.0,,0.0,0.0,0.0,1,1,461,461
lightgbm_mse_regression,cluster_1056,1056,Cluster 1056: ECFP_186 (n=1),ECFP_186,ECFP_186,1,"[""ECFP_186""]",5,3156,0.0,0.0,0.0,0.0,0.0,0.0,,0.0,0.0,0.0,1,1,461,461
lightgbm_mse_regression,cluster_1055,1055,Cluster 1055: ECFP_1859 (n=1),ECFP_1859,ECFP_1859,1,"[""ECFP_1859""]",5,3156,0.0,0.0,0.0,0.0,0.0,0.0,,0.0,0.0,0.0,1,1,461,461
lightgbm_mse_regression,cluster_1054,1054,Cluster 1054: ECFP_1858 (n=1),ECFP_1858,ECFP_1858,1,"[""ECFP_1858""]",5,3156,0.0,0.0,0.0,0.0,0.0,0.0,,0.0,0.0,0.0,1,1,461,461
lightgbm_mse_regression,cluster_1053,1053,Cluster 1053: ECFP_1857 (n=1),ECFP_1857,ECFP_1857,1,"[""ECFP_1857""]",5,3156,0.0,0.0,0.0,0.0,0.0,0.0,,0.0,0.0,0.0,1,1,461,461
lightgbm_mse_regression,cluster_1052,1052,Cluster 1052: ECFP_1856 (n=1),ECFP_1856,ECFP_1856,1,"[""ECFP_1856""]",5,3156,0.0,0.0,0.0,0.0,0.0,0.0,,0.0,0.0,0.0,1,1,461,461
lightgbm_mse_regression,cluster_1050,1050,Cluster 1050: ECFP_1854 (n=1),ECFP_1854,ECFP_1854,1,"[""ECFP_1854""]",5,3156,0.0,0.0,0.0,0.0,0.0,0.0,,0.0,0.0,0.0,1,1,461,461
lightgbm_mse_regression,cluster_1048,1048,Cluster 1048: ECFP_1852 (n=1),ECFP_1852,ECFP_1852,1,"[""ECFP_1852""]",5,3156,0.0,0.0,0.0,0.0,0.0,0.0,,0.0,0.0,0.0,1,1,461,461
lightgbm_mse_regression,cluster_1047,1047,Cluster 1047: ECFP_1851 (n=1),ECFP_1851,ECFP_1851,1,"[""ECFP_1851""]",5,3156,0.0,0.0,0.0,0.0,0.0,0.0,,0.0,0.0,0.0,1,1,461,461
lightgbm_mse_regression,cluster_1045,1045,Cluster 1045: ECFP_185 (n=1),ECFP_185,ECFP_185,1,"[""ECFP_185""]",5,3156,0.0,0.0,0.0,0.0,0.0,0.0,,0.0,0.0,0.0,1,1,461,461
lightgbm_mse_regression,cluster_102,102,Cluster 102: ECFP_100 (n=1),ECFP_100,ECFP_100,1,"[""ECFP_100""]",5,3156,0.0,0.0,0.0,0.0,0.0,0.0,,0.0,0.0,0.0,1,1,461,461
lightgbm_mse_regression,cluster_1044,1044,Cluster 1044: ECFP_1849 (n=1),ECFP_1849,ECFP_1849,1,"[""ECFP_1849""]",5,3156,0.0,0.0,0.0,0.0,0.0,0.0,,0.0,0.0,0.0,1,1,461,461
lightgbm_mse_regression,cluster_1043,1043,Cluster 1043: ECFP_1848 (n=1),ECFP_1848,ECFP_1848,1,"[""ECFP_1848""]",5,3156,0.0,0.0,0.0,0.0,0.0,0.0,,0.0,0.0,0.0,1,1,461,461
lightgbm_mse_regression,cluster_1041,1041,Cluster 1041: ECFP_1846 (n=1),ECFP_1846,ECFP_1846,1,"[""ECFP_1846""]",5,3156,0.0,0.0,0.0,0.0,0.0,0.0,,0.0,0.0,0.0,1,1,461,461
lightgbm_mse_regression,cluster_1040,1040,Cluster 1040: ECFP_1845 (n=1),ECFP_1845,ECFP_1845,1,"[""ECFP_1845""]",5,3156,0.0,0.0,0.0,0.0,0.0,0.0,,0.0,0.0,0.0,1,1,461,461
lightgbm_mse_regression,cluster_103,103,Cluster 103: ECFP_1000 (n=1),ECFP_1000,ECFP_1000,1,"[""ECFP_1000""]",5,3156,0.0,0.0,0.0,0.0,0.0,0.0,,0.0,0.0,0.0,1,1,461,461
lightgbm_mse_regression,cluster_1039,1039,Cluster 1039: ECFP_1844 (n=1),ECFP_1844,ECFP_1844,1,"[""ECFP_1844""]",5,3156,0.0,0.0,0.0,0.0,0.0,0.0,,0.0,0.0,0.0,1,1,461,461
lightgbm_mse_regression,cluster_1038,1038,Cluster 1038: ECFP_1843 (n=1),ECFP_1843,ECFP_1843,1,"[""ECFP_1843""]",5,3156,0.0,0.0,0.0,0.0,0.0,0.0,,0.0,0.0,0.0,1,1,461,461
lightgbm_mse_regression,cluster_1037,1037,Cluster 1037: ECFP_1842 (n=1),ECFP_1842,ECFP_1842,1,"[""ECFP_1842""]",4,2525,0.0,0.0,0.0,0.0,0.0,0.0,,0.0,0.0,0.0,1,1,461,461
lightgbm_mse_regression,cluster_1034,1034,Cluster 1034: ECFP_184 (n=1),ECFP_184,ECFP_184,1,"[""ECFP_184""]",5,3156,0.0,0.0,0.0,0.0,0.0,0.0,,0.0,0.0,0.0,1,1,461,461
lightgbm_mse_regression,cluster_1033,1033,Cluster 1033: ECFP_1839 (n=1),ECFP_1839,ECFP_1839,1,"[""ECFP_1839""]",5,3156,0.0,0.0,0.0,0.0,0.0,0.0,,0.0,0.0,0.0,1,1,461,461
lightgbm_mse_regression,cluster_1030,1030,Cluster 1030: ECFP_1836 (n=1),ECFP_1836,ECFP_1836,1,"[""ECFP_1836""]",5,3156,0.0,0.0,0.0,0.0,0.0,0.0,,0.0,0.0,0.0,1,1,461,461
lightgbm_mse_regression,cluster_1126,1126,Cluster 1126: ECFP_1922 (n=1),ECFP_1922,ECFP_1922,1,"[""ECFP_1922""]",5,3156,0.0,0.0,0.0,0.0,0.0,0.0,,0.0,0.0,0.0,1,1,461,461
lightgbm_mse_regression,cluster_1128,1128,Cluster 1128: ECFP_1924 (n=1),ECFP_1924,ECFP_1924,1,"[""ECFP_1924""]",5,3156,0.0,0.0,0.0,0.0,0.0,0.0,,0.0,0.0,0.0,1,1,461,461
lightgbm_mse_regression,cluster_1246,1246,Cluster 1246: ECFP_203 (n=1),ECFP_203,ECFP_203,1,"[""ECFP_203""]",5,3156,0.0,0.0,0.0,0.0,0.0,0.0,,0.0,0.0,0.0,1,1,461,461
lightgbm_mse_regression,cluster_1129,1129,Cluster 1129: ECFP_1925 (n=1),ECFP_1925,ECFP_1925,1,"[""ECFP_1925""]",5,3156,0.0,0.0,0.0,0.0,0.0,0.0,,0.0,0.0,0.0,1,1,461,461
lightgbm_mse_regression,cluster_1216,1216,Cluster 1216: ECFP_2002 (n=1),ECFP_2002,ECFP_2002,1,"[""ECFP_2002""]",5,3156,0.0,0.0,0.0,0.0,0.0,0.0,,0.0,0.0,0.0,1,1,461,461
lightgbm_mse_regression,cluster_1215,1215,Cluster 1215: ECFP_2001 (n=1),ECFP_2001,ECFP_2001,1,"[""ECFP_2001""]",4,2525,0.0,0.0,0.0,0.0,0.0,0.0,,0.0,0.0,0.0,1,1,461,461
lightgbm_mse_regression,cluster_1214,1214,Cluster 1214: ECFP_2000 (n=1),ECFP_2000,ECFP_2000,1,"[""ECFP_2000""]",5,3156,0.0,0.0,0.0,0.0,0.0,0.0,,0.0,0.0,0.0,1,1,461,461
lightgbm_mse_regression,cluster_1212,1212,Cluster 1212: ECFP_20 (n=1),ECFP_20,ECFP_20,1,"[""ECFP_20""]",5,3156,0.0,0.0,0.0,0.0,0.0,0.0,,0.0,0.0,0.0,1,1,461,461
lightgbm_mse_regression,cluster_1211,1211,Cluster 1211: ECFP_2 (n=1),ECFP_2,ECFP_2,1,"[""ECFP_2""]",5,3156,0.0,0.0,0.0,0.0,0.0,0.0,,0.0,0.0,0.0,1,1,461,461
lightgbm_mse_regression,cluster_1209,1209,Cluster 1209: ECFP_1998 (n=1),ECFP_1998,ECFP_1998,1,"[""ECFP_1998""]",5,3156,0.0,0.0,0.0,0.0,0.0,0.0,,0.0,0.0,0.0,1,1,461,461
lightgbm_mse_regression,cluster_1208,1208,Cluster 1208: ECFP_1997 (n=1),ECFP_1997,ECFP_1997,1,"[""ECFP_1997""]",5,3156,0.0,0.0,0.0,0.0,0.0,0.0,,0.0,0.0,0.0,1,1,461,461
lightgbm_mse_regression,cluster_1207,1207,Cluster 1207: ECFP_1996 (n=1),ECFP_1996,ECFP_1996,1,"[""ECFP_1996""]",5,3156,0.0,0.0,0.0,0.0,0.0,0.0,,0.0,0.0,0.0,1,1,461,461
lightgbm_mse_regression,cluster_1206,1206,Cluster 1206: ECFP_1995 (n=1),ECFP_1995,ECFP_1995,1,"[""ECFP_1995""]",5,3156,0.0,0.0,0.0,0.0,0.0,0.0,,0.0,0.0,0.0,1,1,461,461
lightgbm_mse_regression,cluster_1205,1205,Cluster 1205: ECFP_1994 (n=1),ECFP_1994,ECFP_1994,1,"[""ECFP_1994""]",5,3156,0.0,0.0,0.0,0.0,0.0,0.0,,0.0,0.0,0.0,1,1,461,461
lightgbm_mse_regression,cluster_1204,1204,Cluster 1204: ECFP_1993 (n=1),ECFP_1993,ECFP_1993,1,"[""ECFP_1993""]",5,3156,0.0,0.0,0.0,0.0,0.0,0.0,,0.0,0.0,0.0,1,1,461,461
lightgbm_mse_regression,cluster_1203,1203,Cluster 1203: ECFP_1992 (n=1),ECFP_1992,ECFP_1992,1,"[""ECFP_1992""]",5,3156,0.0,0.0,0.0,0.0,0.0,0.0,,0.0,0.0,0.0,1,1,461,461
lightgbm_mse_regression,cluster_1202,1202,Cluster 1202: ECFP_1991 (n=1),ECFP_1991,ECFP_1991,1,"[""ECFP_1991""]",5,3156,0.0,0.0,0.0,0.0,0.0,0.0,,0.0,0.0,0.0,1,1,461,461
lightgbm_mse_regression,cluster_1201,1201,Cluster 1201: ECFP_1990 (n=1),ECFP_1990,ECFP_1990,1,"[""ECFP_1990""]",5,3156,0.0,0.0,0.0,0.0,0.0,0.0,,0.0,0.0,0.0,1,1,461,461
lightgbm_mse_regression,cluster_119,119,Cluster 119: ECFP_1015 (n=1),ECFP_1015,ECFP_1015,1,"[""ECFP_1015""]",5,3156,0.0,0.0,0.0,0.0,0.0,0.0,,0.0,0.0,0.0,1,1,461,461
lightgbm_mse_regression,cluster_1199,1199,Cluster 1199: ECFP_1989 (n=1),ECFP_1989,ECFP_1989,1,"[""ECFP_1989""]",4,2525,0.0,0.0,0.0,0.0,0.0,0.0,,0.0,0.0,0.0,1,1,461,461
lightgbm_mse_regression,cluster_1198,1198,Cluster 1198: ECFP_1988 (n=1),ECFP_1988,ECFP_1988,1,"[""ECFP_1988""]",5,3156,0.0,0.0,0.0,0.0,0.0,0.0,,0.0,0.0,0.0,1,1,461,461
lightgbm_mse_regression,cluster_1196,1196,Cluster 1196: ECFP_1986 (n=1),ECFP_1986,ECFP_1986,1,"[""ECFP_1986""]",5,3156,0.0,0.0,0.0,0.0,0.0,0.0,,0.0,0.0,0.0,1,1,461,461
lightgbm_mse_regression,cluster_1195,1195,Cluster 1195: ECFP_1985 (n=1),ECFP_1985,ECFP_1985,1,"[""ECFP_1985""]",5,3156,0.0,0.0,0.0,0.0,0.0,0.0,,0.0,0.0,0.0,1,1,461,461
lightgbm_mse_regression,cluster_1194,1194,Cluster 1194: ECFP_1984 (n=1),ECFP_1984,ECFP_1984,1,"[""ECFP_1984""]",5,3156,0.0,0.0,0.0,0.0,0.0,0.0,,0.0,0.0,0.0,1,1,461,461
lightgbm_mse_regression,cluster_1193,1193,Cluster 1193: ECFP_1983 (n=1),ECFP_1983,ECFP_1983,1,"[""ECFP_1983""]",4,2525,0.0,0.0,0.0,0.0,0.0,0.0,,0.0,0.0,0.0,1,1,461,461
lightgbm_mse_regression,cluster_1191,1191,Cluster 1191: ECFP_1981 (n=1),ECFP_1981,ECFP_1981,1,"[""ECFP_1981""]",5,3156,0.0,0.0,0.0,0.0,0.0,0.0,,0.0,0.0,0.0,1,1,461,461
lightgbm_mse_regression,cluster_1190,1190,Cluster 1190: ECFP_1980 (n=1),ECFP_1980,ECFP_1980,1,"[""ECFP_1980""]",5,3156,0.0,0.0,0.0,0.0,0.0,0.0,,0.0,0.0,0.0,1,1,461,461
lightgbm_mse_regression,cluster_1189,1189,Cluster 1189: ECFP_198 (n=1),ECFP_198,ECFP_198,1,"[""ECFP_198""]",5,3156,0.0,0.0,0.0,0.0,0.0,0.0,,0.0,0.0,0.0,1,1,461,461
lightgbm_mse_regression,cluster_1188,1188,Cluster 1188: ECFP_1979 (n=1),ECFP_1979,ECFP_1979,1,"[""ECFP_1979""]",4,2525,0.0,0.0,0.0,0.0,0.0,0.0,,0.0,0.0,0.0,1,1,461,461
lightgbm_mse_regression,cluster_1217,1217,Cluster 1217: ECFP_2003 (n=1),ECFP_2003,ECFP_2003,1,"[""ECFP_2003""]",5,3156,0.0,0.0,0.0,0.0,0.0,0.0,,0.0,0.0,0.0,1,1,461,461
lightgbm_mse_regression,cluster_1218,1218,Cluster 1218: ECFP_2004 (n=1),ECFP_2004,ECFP_2004,1,"[""ECFP_2004""]",5,3156,0.0,0.0,0.0,0.0,0.0,0.0,,0.0,0.0,0.0,1,1,461,461
lightgbm_mse_regression,cluster_1219,1219,Cluster 1219: ECFP_2005 (n=1),ECFP_2005,ECFP_2005,1,"[""ECFP_2005""]",4,2524,0.0,0.0,0.0,0.0,0.0,0.0,,0.0,0.0,0.0,1,1,461,461
lightgbm_mse_regression,cluster_1231,1231,Cluster 1231: ECFP_2016 (n=1),ECFP_2016,ECFP_2016,1,"[""ECFP_2016""]",4,2525,0.0,0.0,0.0,0.0,0.0,0.0,,0.0,0.0,0.0,1,1,461,461
lightgbm_mse_regression,cluster_1245,1245,Cluster 1245: ECFP_2029 (n=1),ECFP_2029,ECFP_2029,1,"[""ECFP_2029""]",5,3156,0.0,0.0,0.0,0.0,0.0,0.0,,0.0,0.0,0.0,1,1,461,461
lightgbm_mse_regression,cluster_1244,1244,Cluster 1244: ECFP_2028 (n=1),ECFP_2028,ECFP_2028,1,"[""ECFP_2028""]",5,3156,0.0,0.0,0.0,0.0,0.0,0.0,,0.0,0.0,0.0,1,1,461,461
lightgbm_mse_regression,cluster_1242,1242,Cluster 1242: ECFP_2026 (n=1),ECFP_2026,ECFP_2026,1,"[""ECFP_2026""]",5,3156,0.0,0.0,0.0,0.0,0.0,0.0,,0.0,0.0,0.0,1,1,461,461
lightgbm_mse_regression,cluster_1241,1241,Cluster 1241: ECFP_2025 (n=1),ECFP_2025,ECFP_2025,1,"[""ECFP_2025""]",5,3156,0.0,0.0,0.0,0.0,0.0,0.0,,0.0,0.0,0.0,1,1,461,461
lightgbm_mse_regression,cluster_1239,1239,Cluster 1239: ECFP_2023 (n=1),ECFP_2023,ECFP_2023,1,"[""ECFP_2023""]",5,3156,0.0,0.0,0.0,0.0,0.0,0.0,,0.0,0.0,0.0,1,1,461,461
lightgbm_mse_regression,cluster_1238,1238,Cluster 1238: ECFP_2022 (n=1),ECFP_2022,ECFP_2022,1,"[""ECFP_2022""]",5,3156,0.0,0.0,0.0,0.0,0.0,0.0,,0.0,0.0,0.0,1,1,461,461
lightgbm_mse_regression,cluster_1236,1236,Cluster 1236: ECFP_2020 (n=1),ECFP_2020,ECFP_2020,1,"[""ECFP_2020""]",5,3156,0.0,0.0,0.0,0.0,0.0,0.0,,0.0,0.0,0.0,1,1,461,461
lightgbm_mse_regression,cluster_1235,1235,Cluster 1235: ECFP_202 (n=1),ECFP_202,ECFP_202,1,"[""ECFP_202""]",5,3156,0.0,0.0,0.0,0.0,0.0,0.0,,0.0,0.0,0.0,1,1,461,461
lightgbm_mse_regression,cluster_1234,1234,Cluster 1234: ECFP_2019 (n=1),ECFP_2019,ECFP_2019,1,"[""ECFP_2019""]",4,2525,0.0,0.0,0.0,0.0,0.0,0.0,,0.0,0.0,0.0,1,1,461,461
lightgbm_mse_regression,cluster_1233,1233,Cluster 1233: ECFP_2018 (n=1),ECFP_2018,ECFP_2018,1,"[""ECFP_2018""]",5,3156,0.0,0.0,0.0,0.0,0.0,0.0,,0.0,0.0,0.0,1,1,461,461
lightgbm_mse_regression,cluster_1232,1232,Cluster 1232: ECFP_2017 (n=1),ECFP_2017,ECFP_2017,1,"[""ECFP_2017""]",5,3156,0.0,0.0,0.0,0.0,0.0,0.0,,0.0,0.0,0.0,1,1,461,461
lightgbm_mse_regression,cluster_1230,1230,Cluster 1230: ECFP_2015 (n=1),ECFP_2015,ECFP_2015,1,"[""ECFP_2015""]",4,2525,0.0,0.0,0.0,0.0,0.0,0.0,,0.0,0.0,0.0,1,1,461,461
lightgbm_mse_regression,cluster_121,121,Cluster 121: ECFP_1017 (n=1),ECFP_1017,ECFP_1017,1,"[""ECFP_1017""]",5,3156,0.0,0.0,0.0,0.0,0.0,0.0,,0.0,0.0,0.0,1,1,461,461
lightgbm_mse_regression,cluster_122,122,Cluster 122: ECFP_1018 (n=1),ECFP_1018,ECFP_1018,1,"[""ECFP_1018""]",5,3156,0.0,0.0,0.0,0.0,0.0,0.0,,0.0,0.0,0.0,1,1,461,461
lightgbm_mse_regression,cluster_1229,1229,Cluster 1229: ECFP_2014 (n=1),ECFP_2014,ECFP_2014,1,"[""ECFP_2014""]",4,2525,0.0,0.0,0.0,0.0,0.0,0.0,,0.0,0.0,0.0,1,1,461,461
lightgbm_mse_regression,cluster_1228,1228,Cluster 1228: ECFP_2013 (n=1),ECFP_2013,ECFP_2013,1,"[""ECFP_2013""]",5,3156,0.0,0.0,0.0,0.0,0.0,0.0,,0.0,0.0,0.0,1,1,461,461
lightgbm_mse_regression,cluster_1227,1227,Cluster 1227: ECFP_2012 (n=1),ECFP_2012,ECFP_2012,1,"[""ECFP_2012""]",5,3156,0.0,0.0,0.0,0.0,0.0,0.0,,0.0,0.0,0.0,1,1,461,461
lightgbm_mse_regression,cluster_1226,1226,Cluster 1226: ECFP_2011 (n=1),ECFP_2011,ECFP_2011,1,"[""ECFP_2011""]",5,3156,0.0,0.0,0.0,0.0,0.0,0.0,,0.0,0.0,0.0,1,1,461,461
lightgbm_mse_regression,cluster_1225,1225,Cluster 1225: ECFP_2010 (n=1),ECFP_2010,ECFP_2010,1,"[""ECFP_2010""]",4,2525,0.0,0.0,0.0,0.0,0.0,0.0,,0.0,0.0,0.0,1,1,461,461
lightgbm_mse_regression,cluster_1224,1224,Cluster 1224: ECFP_201 (n=1),ECFP_201,ECFP_201,1,"[""ECFP_201""]",5,3156,0.0,0.0,0.0,0.0,0.0,0.0,,0.0,0.0,0.0,1,1,461,461
lightgbm_mse_regression,cluster_1223,1223,Cluster 1223: ECFP_2009 (n=1),ECFP_2009,ECFP_2009,1,"[""ECFP_2009""]",5,3156,0.0,0.0,0.0,0.0,0.0,0.0,,0.0,0.0,0.0,1,1,461,461
lightgbm_mse_regression,cluster_1222,1222,Cluster 1222: ECFP_2008 (n=1),ECFP_2008,ECFP_2008,1,"[""ECFP_2008""]",5,3156,0.0,0.0,0.0,0.0,0.0,0.0,,0.0,0.0,0.0,1,1,461,461
lightgbm_mse_regression,cluster_1221,1221,Cluster 1221: ECFP_2007 (n=1),ECFP_2007,ECFP_2007,1,"[""ECFP_2007""]",5,3156,0.0,0.0,0.0,0.0,0.0,0.0,,0.0,0.0,0.0,1,1,461,461
lightgbm_mse_regression,cluster_1220,1220,Cluster 1220: ECFP_2006 (n=1),ECFP_2006,ECFP_2006,1,"[""ECFP_2006""]",4,2524,0.0,0.0,0.0,0.0,0.0,0.0,,0.0,0.0,0.0,1,1,461,461
lightgbm_mse_regression,cluster_1187,1187,Cluster 1187: ECFP_1978 (n=1),ECFP_1978,ECFP_1978,1,"[""ECFP_1978""]",5,3156,0.0,0.0,0.0,0.0,0.0,0.0,,0.0,0.0,0.0,1,1,461,461
lightgbm_mse_regression,cluster_1186,1186,Cluster 1186: ECFP_1977 (n=1),ECFP_1977,ECFP_1977,1,"[""ECFP_1977""]",5,3156,0.0,0.0,0.0,0.0,0.0,0.0,,0.0,0.0,0.0,1,1,461,461
lightgbm_mse_regression,cluster_1185,1185,Cluster 1185: ECFP_1976 (n=1),ECFP_1976,ECFP_1976,1,"[""ECFP_1976""]",4,2525,0.0,0.0,0.0,0.0,0.0,0.0,,0.0,0.0,0.0,1,1,461,461
lightgbm_mse_regression,cluster_1142,1142,Cluster 1142: ECFP_1937 (n=1),ECFP_1937,ECFP_1937,1,"[""ECFP_1937""]",5,3156,0.0,0.0,0.0,0.0,0.0,0.0,,0.0,0.0,0.0,1,1,461,461
lightgbm_mse_regression,cluster_1152,1152,Cluster 1152: ECFP_1946 (n=1),ECFP_1946,ECFP_1946,1,"[""ECFP_1946""]",5,3156,0.0,0.0,0.0,0.0,0.0,0.0,,0.0,0.0,0.0,1,1,461,461
lightgbm_mse_regression,cluster_1151,1151,Cluster 1151: ECFP_1945 (n=1),ECFP_1945,ECFP_1945,1,"[""ECFP_1945""]",5,3156,0.0,0.0,0.0,0.0,0.0,0.0,,0.0,0.0,0.0,1,1,461,461
lightgbm_mse_regression,cluster_1150,1150,Cluster 1150: ECFP_1944 (n=1),ECFP_1944,ECFP_1944,1,"[""ECFP_1944""]",5,3156,0.0,0.0,0.0,0.0,0.0,0.0,,0.0,0.0,0.0,1,1,461,461
lightgbm_mse_regression,cluster_114,114,Cluster 114: ECFP_1010 (n=1),ECFP_1010,ECFP_1010,1,"[""ECFP_1010""]",5,3156,0.0,0.0,0.0,0.0,0.0,0.0,,0.0,0.0,0.0,1,1,461,461
lightgbm_mse_regression,cluster_1149,1149,Cluster 1149: ECFP_1943 (n=1),ECFP_1943,ECFP_1943,1,"[""ECFP_1943""]",5,3156,0.0,0.0,0.0,0.0,0.0,0.0,,0.0,0.0,0.0,1,1,461,461
lightgbm_mse_regression,cluster_1148,1148,Cluster 1148: ECFP_1942 (n=1),ECFP_1942,ECFP_1942,1,"[""ECFP_1942""]",5,3156,0.0,0.0,0.0,0.0,0.0,0.0,,0.0,0.0,0.0,1,1,461,461
lightgbm_mse_regression,cluster_1147,1147,Cluster 1147: ECFP_1941 (n=1),ECFP_1941,ECFP_1941,1,"[""ECFP_1941""]",5,3156,0.0,0.0,0.0,0.0,0.0,0.0,,0.0,0.0,0.0,1,1,461,461
lightgbm_mse_regression,cluster_1146,1146,Cluster 1146: ECFP_1940 (n=1),ECFP_1940,ECFP_1940,1,"[""ECFP_1940""]",5,3156,0.0,0.0,0.0,0.0,0.0,0.0,,0.0,0.0,0.0,1,1,461,461
lightgbm_mse_regression,cluster_1145,1145,Cluster 1145: ECFP_194 (n=1),ECFP_194,ECFP_194,1,"[""ECFP_194""]",5,3156,0.0,0.0,0.0,0.0,0.0,0.0,,0.0,0.0,0.0,1,1,461,461
lightgbm_mse_regression,cluster_1144,1144,Cluster 1144: ECFP_1939 (n=1),ECFP_1939,ECFP_1939,1,"[""ECFP_1939""]",5,3156,0.0,0.0,0.0,0.0,0.0,0.0,,0.0,0.0,0.0,1,1,461,461
lightgbm_mse_regression,cluster_1143,1143,Cluster 1143: ECFP_1938 (n=1),ECFP_1938,ECFP_1938,1,"[""ECFP_1938""]",5,3156,0.0,0.0,0.0,0.0,0.0,0.0,,0.0,0.0,0.0,1,1,461,461
lightgbm_mse_regression,cluster_1141,1141,Cluster 1141: ECFP_1936 (n=1),ECFP_1936,ECFP_1936,1,"[""ECFP_1936""]",5,3156,0.0,0.0,0.0,0.0,0.0,0.0,,0.0,0.0,0.0,1,1,461,461
lightgbm_mse_regression,cluster_1154,1154,Cluster 1154: ECFP_1948 (n=1),ECFP_1948,ECFP_1948,1,"[""ECFP_1948""]",5,3156,0.0,0.0,0.0,0.0,0.0,0.0,,0.0,0.0,0.0,1,1,461,461
lightgbm_mse_regression,cluster_1140,1140,Cluster 1140: ECFP_1935 (n=1),ECFP_1935,ECFP_1935,1,"[""ECFP_1935""]",5,3156,0.0,0.0,0.0,0.0,0.0,0.0,,0.0,0.0,0.0,1,1,461,461
lightgbm_mse_regression,cluster_113,113,Cluster 113: ECFP_101 (n=1),ECFP_101,ECFP_101,1,"[""ECFP_101""]",5,3156,0.0,0.0,0.0,0.0,0.0,0.0,,0.0,0.0,0.0,1,1,461,461
lightgbm_mse_regression,cluster_1139,1139,Cluster 1139: ECFP_1934 (n=1),ECFP_1934,ECFP_1934,1,"[""ECFP_1934""]",5,3156,0.0,0.0,0.0,0.0,0.0,0.0,,0.0,0.0,0.0,1,1,461,461
lightgbm_mse_regression,cluster_1138,1138,Cluster 1138: ECFP_1933 (n=1),ECFP_1933,ECFP_1933,1,"[""ECFP_1933""]",4,2524,0.0,0.0,0.0,0.0,0.0,0.0,,0.0,0.0,0.0,1,1,461,461
lightgbm_mse_regression,cluster_1137,1137,Cluster 1137: ECFP_1932 (n=1),ECFP_1932,ECFP_1932,1,"[""ECFP_1932""]",5,3156,0.0,0.0,0.0,0.0,0.0,0.0,,0.0,0.0,0.0,1,1,461,461
lightgbm_mse_regression,cluster_1135,1135,Cluster 1135: ECFP_1930 (n=1),ECFP_1930,ECFP_1930,1,"[""ECFP_1930""]",4,2525,0.0,0.0,0.0,0.0,0.0,0.0,,0.0,0.0,0.0,1,1,461,461
lightgbm_mse_regression,cluster_1134,1134,Cluster 1134: ECFP_193 (n=1),ECFP_193,ECFP_193,1,"[""ECFP_193""]",5,3156,0.0,0.0,0.0,0.0,0.0,0.0,,0.0,0.0,0.0,1,1,461,461
lightgbm_mse_regression,cluster_1133,1133,Cluster 1133: ECFP_1929 (n=1),ECFP_1929,ECFP_1929,1,"[""ECFP_1929""]",5,3156,0.0,0.0,0.0,0.0,0.0,0.0,,0.0,0.0,0.0,1,1,461,461
lightgbm_mse_regression,cluster_1131,1131,Cluster 1131: ECFP_1927 (n=1),ECFP_1927,ECFP_1927,1,"[""ECFP_1927""]",4,2525,0.0,0.0,0.0,0.0,0.0,0.0,,0.0,0.0,0.0,1,1,461,461
lightgbm_mse_regression,cluster_1130,1130,Cluster 1130: ECFP_1926 (n=1),ECFP_1926,ECFP_1926,1,"[""ECFP_1926""]",5,3156,0.0,0.0,0.0,0.0,0.0,0.0,,0.0,0.0,0.0,1,1,461,461
lightgbm_mse_regression,cluster_112,112,Cluster 112: ECFP_1009 (n=1),ECFP_1009,ECFP_1009,1,"[""ECFP_1009""]",5,3156,0.0,0.0,0.0,0.0,0.0,0.0,,0.0,0.0,0.0,1,1,461,461
lightgbm_mse_regression,cluster_1153,1153,Cluster 1153: ECFP_1947 (n=1),ECFP_1947,ECFP_1947,1,"[""ECFP_1947""]",5,3156,0.0,0.0,0.0,0.0,0.0,0.0,,0.0,0.0,0.0,1,1,461,461
lightgbm_mse_regression,cluster_1155,1155,Cluster 1155: ECFP_1949 (n=1),ECFP_1949,ECFP_1949,1,"[""ECFP_1949""]",5,3156,0.0,0.0,0.0,0.0,0.0,0.0,,0.0,0.0,0.0,1,1,461,461
lightgbm_mse_regression,cluster_1184,1184,Cluster 1184: ECFP_1975 (n=1),ECFP_1975,ECFP_1975,1,"[""ECFP_1975""]",5,3156,0.0,0.0,0.0,0.0,0.0,0.0,,0.0,0.0,0.0,1,1,461,461
lightgbm_mse_regression,cluster_1169,1169,Cluster 1169: ECFP_1961 (n=1),ECFP_1961,ECFP_1961,1,"[""ECFP_1961""]",5,3156,0.0,0.0,0.0,0.0,0.0,0.0,,0.0,0.0,0.0,1,1,461,461
lightgbm_mse_regression,cluster_1183,1183,Cluster 1183: ECFP_1974 (n=1),ECFP_1974,ECFP_1974,1,"[""ECFP_1974""]",5,3156,0.0,0.0,0.0,0.0,0.0,0.0,,0.0,0.0,0.0,1,1,461,461
lightgbm_mse_regression,cluster_1182,1182,Cluster 1182: ECFP_1973 (n=1),ECFP_1973,ECFP_1973,1,"[""ECFP_1973""]",5,3156,0.0,0.0,0.0,0.0,0.0,0.0,,0.0,0.0,0.0,1,1,461,461
lightgbm_mse_regression,cluster_1180,1180,Cluster 1180: ECFP_1971 (n=1),ECFP_1971,ECFP_1971,1,"[""ECFP_1971""]",5,3156,0.0,0.0,0.0,0.0,0.0,0.0,,0.0,0.0,0.0,1,1,461,461
lightgbm_mse_regression,cluster_117,117,Cluster 117: ECFP_1013 (n=1),ECFP_1013,ECFP_1013,1,"[""ECFP_1013""]",5,3156,0.0,0.0,0.0,0.0,0.0,0.0,,0.0,0.0,0.0,1,1,461,461
lightgbm_mse_regression,cluster_1177,1177,Cluster 1177: ECFP_1969 (n=1),ECFP_1969,ECFP_1969,1,"[""ECFP_1969""]",5,3156,0.0,0.0,0.0,0.0,0.0,0.0,,0.0,0.0,0.0,1,1,461,461
lightgbm_mse_regression,cluster_1176,1176,Cluster 1176: ECFP_1968 (n=1),ECFP_1968,ECFP_1968,1,"[""ECFP_1968""]",5,3156,0.0,0.0,0.0,0.0,0.0,0.0,,0.0,0.0,0.0,1,1,461,461
lightgbm_mse_regression,cluster_1175,1175,Cluster 1175: ECFP_1967 (n=1),ECFP_1967,ECFP_1967,1,"[""ECFP_1967""]",4,2525,0.0,0.0,0.0,0.0,0.0,0.0,,0.0,0.0,0.0,1,1,461,461
lightgbm_mse_regression,cluster_1174,1174,Cluster 1174: ECFP_1966 (n=1),ECFP_1966,ECFP_1966,1,"[""ECFP_1966""]",5,3156,0.0,0.0,0.0,0.0,0.0,0.0,,0.0,0.0,0.0,1,1,461,461
lightgbm_mse_regression,cluster_1172,1172,Cluster 1172: ECFP_1964 (n=1),ECFP_1964,ECFP_1964,1,"[""ECFP_1964""]",5,3156,0.0,0.0,0.0,0.0,0.0,0.0,,0.0,0.0,0.0,1,1,461,461
lightgbm_mse_regression,cluster_1170,1170,Cluster 1170: ECFP_1962 (n=1),ECFP_1962,ECFP_1962,1,"[""ECFP_1962""]",5,3156,0.0,0.0,0.0,0.0,0.0,0.0,,0.0,0.0,0.0,1,1,461,461
lightgbm_mse_regression,cluster_116,116,Cluster 116: ECFP_1012 (n=1),ECFP_1012,ECFP_1012,1,"[""ECFP_1012""]",5,3156,0.0,0.0,0.0,0.0,0.0,0.0,,0.0,0.0,0.0,1,1,461,461
lightgbm_mse_regression,cluster_1168,1168,Cluster 1168: ECFP_1960 (n=1),ECFP_1960,ECFP_1960,1,"[""ECFP_1960""]",5,3156,0.0,0.0,0.0,0.0,0.0,0.0,,0.0,0.0,0.0,1,1,461,461
lightgbm_mse_regression,cluster_1156,1156,Cluster 1156: ECFP_195 (n=1),ECFP_195,ECFP_195,1,"[""ECFP_195""]",5,3156,0.0,0.0,0.0,0.0,0.0,0.0,,0.0,0.0,0.0,1,1,461,461
lightgbm_mse_regression,cluster_1167,1167,Cluster 1167: ECFP_196 (n=1),ECFP_196,ECFP_196,1,"[""ECFP_196""]",5,3156,0.0,0.0,0.0,0.0,0.0,0.0,,0.0,0.0,0.0,1,1,461,461
lightgbm_mse_regression,cluster_1166,1166,Cluster 1166: ECFP_1959 (n=1),ECFP_1959,ECFP_1959,1,"[""ECFP_1959""]",4,2525,0.0,0.0,0.0,0.0,0.0,0.0,,0.0,0.0,0.0,1,1,461,461
lightgbm_mse_regression,cluster_1165,1165,Cluster 1165: ECFP_1958 (n=1),ECFP_1958,ECFP_1958,1,"[""ECFP_1958""]",5,3156,0.0,0.0,0.0,0.0,0.0,0.0,,0.0,0.0,0.0,1,1,461,461
lightgbm_mse_regression,cluster_1164,1164,Cluster 1164: ECFP_1957 (n=1),ECFP_1957,ECFP_1957,1,"[""ECFP_1957""]",5,3156,0.0,0.0,0.0,0.0,0.0,0.0,,0.0,0.0,0.0,1,1,461,461
lightgbm_mse_regression,cluster_1163,1163,Cluster 1163: ECFP_1956 (n=1),ECFP_1956,ECFP_1956,1,"[""ECFP_1956""]",5,3156,0.0,0.0,0.0,0.0,0.0,0.0,,0.0,0.0,0.0,1,1,461,461
lightgbm_mse_regression,cluster_1162,1162,Cluster 1162: ECFP_1955 (n=1),ECFP_1955,ECFP_1955,1,"[""ECFP_1955""]",4,2525,0.0,0.0,0.0,0.0,0.0,0.0,,0.0,0.0,0.0,1,1,461,461
lightgbm_mse_regression,cluster_1161,1161,Cluster 1161: ECFP_1954 (n=1),ECFP_1954,ECFP_1954,1,"[""ECFP_1954""]",5,3156,0.0,0.0,0.0,0.0,0.0,0.0,,0.0,0.0,0.0,1,1,461,461
lightgbm_mse_regression,cluster_1160,1160,Cluster 1160: ECFP_1953 (n=1),ECFP_1953,ECFP_1953,1,"[""ECFP_1953""]",5,3156,0.0,0.0,0.0,0.0,0.0,0.0,,0.0,0.0,0.0,1,1,461,461
lightgbm_mse_regression,cluster_115,115,Cluster 115: ECFP_1011 (n=1),ECFP_1011,ECFP_1011,1,"[""ECFP_1011""]",5,3156,0.0,0.0,0.0,0.0,0.0,0.0,,0.0,0.0,0.0,1,1,461,461
lightgbm_mse_regression,cluster_1159,1159,Cluster 1159: ECFP_1952 (n=1),ECFP_1952,ECFP_1952,1,"[""ECFP_1952""]",5,3156,0.0,0.0,0.0,0.0,0.0,0.0,,0.0,0.0,0.0,1,1,461,461
lightgbm_mse_regression,cluster_1157,1157,Cluster 1157: ECFP_1950 (n=1),ECFP_1950,ECFP_1950,1,"[""ECFP_1950""]",5,3156,0.0,0.0,0.0,0.0,0.0,0.0,,0.0,0.0,0.0,1,1,461,461
lightgbm_mse_regression,cluster_1480,1480,Cluster 1480: ECFP_40 (n=1),ECFP_40,ECFP_40,1,"[""ECFP_40""]",5,3156,0.0,0.0,0.0,0.0,0.0,0.0,,0.0,0.0,0.0,1,1,461,461
lightgbm_mse_regression,cluster_1481,1481,Cluster 1481: ECFP_400 (n=1),ECFP_400,ECFP_400,1,"[""ECFP_400""]",4,2525,0.0,0.0,0.0,0.0,0.0,0.0,,0.0,0.0,0.0,1,1,461,461
lightgbm_mse_regression,cluster_1482,1482,Cluster 1482: ECFP_401 (n=1),ECFP_401,ECFP_401,1,"[""ECFP_401""]",5,3156,0.0,0.0,0.0,0.0,0.0,0.0,,0.0,0.0,0.0,1,1,461,461
lightgbm_mse_regression,cluster_1834,1834,Cluster 1834: ECFP_721 (n=1),ECFP_721,ECFP_721,1,"[""ECFP_721""]",5,3156,0.0,0.0,0.0,0.0,0.0,0.0,,0.0,0.0,0.0,1,1,461,461
lightgbm_mse_regression,cluster_1801,1801,Cluster 1801: ECFP_691 (n=1),ECFP_691,ECFP_691,1,"[""ECFP_691""]",5,3156,0.0,0.0,0.0,0.0,0.0,0.0,,0.0,0.0,0.0,1,1,461,461
lightgbm_mse_regression,cluster_1800,1800,Cluster 1800: ECFP_690 (n=1),ECFP_690,ECFP_690,1,"[""ECFP_690""]",5,3156,0.0,0.0,0.0,0.0,0.0,0.0,,0.0,0.0,0.0,1,1,461,461
lightgbm_mse_regression,cluster_179,179,Cluster 179: ECFP_107 (n=1),ECFP_107,ECFP_107,1,"[""ECFP_107""]",5,3156,0.0,0.0,0.0,0.0,0.0,0.0,,0.0,0.0,0.0,1,1,461,461
lightgbm_mse_regression,cluster_1799,1799,Cluster 1799: ECFP_69 (n=1),ECFP_69,ECFP_69,1,"[""ECFP_69""]",5,3156,0.0,0.0,0.0,0.0,0.0,0.0,,0.0,0.0,0.0,1,1,461,461
lightgbm_mse_regression,cluster_1798,1798,Cluster 1798: ECFP_689 (n=1),ECFP_689,ECFP_689,1,"[""ECFP_689""]",5,3156,0.0,0.0,0.0,0.0,0.0,0.0,,0.0,0.0,0.0,1,1,461,461
lightgbm_mse_regression,cluster_1797,1797,Cluster 1797: ECFP_688 (n=1),ECFP_688,ECFP_688,1,"[""ECFP_688""]",5,3156,0.0,0.0,0.0,0.0,0.0,0.0,,0.0,0.0,0.0,1,1,461,461
lightgbm_mse_regression,cluster_1796,1796,Cluster 1796: ECFP_687 (n=1),ECFP_687,ECFP_687,1,"[""ECFP_687""]",5,3156,0.0,0.0,0.0,0.0,0.0,0.0,,0.0,0.0,0.0,1,1,461,461
lightgbm_mse_regression,cluster_1795,1795,Cluster 1795: ECFP_686 (n=1),ECFP_686,ECFP_686,1,"[""ECFP_686""]",4,2525,0.0,0.0,0.0,0.0,0.0,0.0,,0.0,0.0,0.0,1,1,461,461
lightgbm_mse_regression,cluster_1794,1794,Cluster 1794: ECFP_685 (n=1),ECFP_685,ECFP_685,1,"[""ECFP_685""]",4,2525,0.0,0.0,0.0,0.0,0.0,0.0,,0.0,0.0,0.0,1,1,461,461
lightgbm_mse_regression,cluster_1793,1793,Cluster 1793: ECFP_684 (n=1),ECFP_684,ECFP_684,1,"[""ECFP_684""]",5,3156,0.0,0.0,0.0,0.0,0.0,0.0,,0.0,0.0,0.0,1,1,461,461
lightgbm_mse_regression,cluster_1792,1792,Cluster 1792: ECFP_683 (n=1),ECFP_683,ECFP_683,1,"[""ECFP_683""]",4,2525,0.0,0.0,0.0,0.0,0.0,0.0,,0.0,0.0,0.0,1,1,461,461
lightgbm_mse_regression,cluster_1791,1791,Cluster 1791: ECFP_682 (n=1),ECFP_682,ECFP_682,1,"[""ECFP_682""]",5,3156,0.0,0.0,0.0,0.0,0.0,0.0,,0.0,0.0,0.0,1,1,461,461
lightgbm_mse_regression,cluster_1790,1790,Cluster 1790: ECFP_681 (n=1),ECFP_681,ECFP_681,1,"[""ECFP_681""]",5,3156,0.0,0.0,0.0,0.0,0.0,0.0,,0.0,0.0,0.0,1,1,461,461
lightgbm_mse_regression,cluster_178,178,Cluster 178: ECFP_1069 (n=1),ECFP_1069,ECFP_1069,1,"[""ECFP_1069""]",5,3156,0.0,0.0,0.0,0.0,0.0,0.0,,0.0,0.0,0.0,1,1,461,461
lightgbm_mse_regression,cluster_1789,1789,Cluster 1789: ECFP_680 (n=1),ECFP_680,ECFP_680,1,"[""ECFP_680""]",5,3156,0.0,0.0,0.0,0.0,0.0,0.0,,0.0,0.0,0.0,1,1,461,461
lightgbm_mse_regression,cluster_1788,1788,Cluster 1788: ECFP_68 (n=1),ECFP_68,ECFP_68,1,"[""ECFP_68""]",5,3156,0.0,0.0,0.0,0.0,0.0,0.0,,0.0,0.0,0.0,1,1,461,461
lightgbm_mse_regression,cluster_1787,1787,Cluster 1787: ECFP_679 (n=1),ECFP_679,ECFP_679,1,"[""ECFP_679""]",5,3156,0.0,0.0,0.0,0.0,0.0,0.0,,0.0,0.0,0.0,1,1,461,461
lightgbm_mse_regression,cluster_1786,1786,Cluster 1786: ECFP_678 (n=1),ECFP_678,ECFP_678,1,"[""ECFP_678""]",5,3156,0.0,0.0,0.0,0.0,0.0,0.0,,0.0,0.0,0.0,1,1,461,461
lightgbm_mse_regression,cluster_1785,1785,Cluster 1785: ECFP_677 (n=1),ECFP_677,ECFP_677,1,"[""ECFP_677""]",5,3156,0.0,0.0,0.0,0.0,0.0,0.0,,0.0,0.0,0.0,1,1,461,461
lightgbm_mse_regression,cluster_1782,1782,Cluster 1782: ECFP_673 (n=1),ECFP_673,ECFP_673,1,"[""ECFP_673""]",5,3156,0.0,0.0,0.0,0.0,0.0,0.0,,0.0,0.0,0.0,1,1,461,461
lightgbm_mse_regression,cluster_1781,1781,Cluster 1781: ECFP_672 (n=1),ECFP_672,ECFP_672,1,"[""ECFP_672""]",5,3156,0.0,0.0,0.0,0.0,0.0,0.0,,0.0,0.0,0.0,1,1,461,461
lightgbm_mse_regression,cluster_1780,1780,Cluster 1780: ECFP_671 (n=1),ECFP_671,ECFP_671,1,"[""ECFP_671""]",4,2525,0.0,0.0,0.0,0.0,0.0,0.0,,0.0,0.0,0.0,1,1,461,461
lightgbm_mse_regression,cluster_177,177,Cluster 177: ECFP_1068 (n=1),ECFP_1068,ECFP_1068,1,"[""ECFP_1068""]",5,3156,0.0,0.0,0.0,0.0,0.0,0.0,,0.0,0.0,0.0,1,1,461,461
lightgbm_mse_regression,cluster_1779,1779,Cluster 1779: ECFP_670 (n=1),ECFP_670,ECFP_670,1,"[""ECFP_670""]",5,3156,0.0,0.0,0.0,0.0,0.0,0.0,,0.0,0.0,0.0,1,1,461,461
lightgbm_mse_regression,cluster_1778,1778,Cluster 1778: ECFP_67 (n=1),ECFP_67,ECFP_67,1,"[""ECFP_67""]",5,3156,0.0,0.0,0.0,0.0,0.0,0.0,,0.0,0.0,0.0,1,1,461,461
lightgbm_mse_regression,cluster_1802,1802,Cluster 1802: ECFP_692 (n=1),ECFP_692,ECFP_692,1,"[""ECFP_692""]",5,3156,0.0,0.0,0.0,0.0,0.0,0.0,,0.0,0.0,0.0,1,1,461,461
lightgbm_mse_regression,cluster_1804,1804,Cluster 1804: ECFP_694 (n=1),ECFP_694,ECFP_694,1,"[""ECFP_694""]",5,3156,0.0,0.0,0.0,0.0,0.0,0.0,,0.0,0.0,0.0,1,1,461,461
lightgbm_mse_regression,cluster_1808,1808,Cluster 1808: ECFP_699 (n=1),ECFP_699,ECFP_699,1,"[""ECFP_699""]",5,3156,0.0,0.0,0.0,0.0,0.0,0.0,,0.0,0.0,0.0,1,1,461,461
lightgbm_mse_regression,cluster_1822,1822,Cluster 1822: ECFP_710 (n=1),ECFP_710,ECFP_710,1,"[""ECFP_710""]",4,2525,0.0,0.0,0.0,0.0,0.0,0.0,,0.0,0.0,0.0,1,1,461,461
lightgbm_mse_regression,cluster_1832,1832,Cluster 1832: ECFP_72 (n=1),ECFP_72,ECFP_72,1,"[""ECFP_72""]",5,3156,0.0,0.0,0.0,0.0,0.0,0.0,,0.0,0.0,0.0,1,1,461,461
lightgbm_mse_regression,cluster_1831,1831,Cluster 1831: ECFP_719 (n=1),ECFP_719,ECFP_719,1,"[""ECFP_719""]",5,3156,0.0,0.0,0.0,0.0,0.0,0.0,,0.0,0.0,0.0,1,1,461,461
lightgbm_mse_regression,cluster_1830,1830,Cluster 1830: ECFP_718 (n=1),ECFP_718,ECFP_718,1,"[""ECFP_718""]",5,3156,0.0,0.0,0.0,0.0,0.0,0.0,,0.0,0.0,0.0,1,1,461,461
lightgbm_mse_regression,cluster_182,182,Cluster 182: ECFP_1072 (n=1),ECFP_1072,ECFP_1072,1,"[""ECFP_1072""]",5,3156,0.0,0.0,0.0,0.0,0.0,0.0,,0.0,0.0,0.0,1,1,461,461
lightgbm_mse_regression,cluster_1829,1829,Cluster 1829: ECFP_717 (n=1),ECFP_717,ECFP_717,1,"[""ECFP_717""]",5,3156,0.0,0.0,0.0,0.0,0.0,0.0,,0.0,0.0,0.0,1,1,461,461
lightgbm_mse_regression,cluster_1828,1828,Cluster 1828: ECFP_716 (n=1),ECFP_716,ECFP_716,1,"[""ECFP_716""]",5,3156,0.0,0.0,0.0,0.0,0.0,0.0,,0.0,0.0,0.0,1,1,461,461
lightgbm_mse_regression,cluster_1827,1827,Cluster 1827: ECFP_715 (n=1),ECFP_715,ECFP_715,1,"[""ECFP_715""]",5,3156,0.0,0.0,0.0,0.0,0.0,0.0,,0.0,0.0,0.0,1,1,461,461
lightgbm_mse_regression,cluster_1826,1826,Cluster 1826: ECFP_714 (n=1),ECFP_714,ECFP_714,1,"[""ECFP_714""]",4,2525,0.0,0.0,0.0,0.0,0.0,0.0,,0.0,0.0,0.0,1,1,461,461
lightgbm_mse_regression,cluster_1825,1825,Cluster 1825: ECFP_713 (n=1),ECFP_713,ECFP_713,1,"[""ECFP_713""]",5,3156,0.0,0.0,0.0,0.0,0.0,0.0,,0.0,0.0,0.0,1,1,461,461
lightgbm_mse_regression,cluster_1824,1824,Cluster 1824: ECFP_712 (n=1),ECFP_712,ECFP_712,1,"[""ECFP_712""]",5,3156,0.0,0.0,0.0,0.0,0.0,0.0,,0.0,0.0,0.0,1,1,461,461
lightgbm_mse_regression,cluster_1823,1823,Cluster 1823: ECFP_711 (n=1),ECFP_711,ECFP_711,1,"[""ECFP_711""]",5,3156,0.0,0.0,0.0,0.0,0.0,0.0,,0.0,0.0,0.0,1,1,461,461
lightgbm_mse_regression,cluster_1821,1821,Cluster 1821: ECFP_71 (n=1),ECFP_71,ECFP_71,1,"[""ECFP_71""]",5,3156,0.0,0.0,0.0,0.0,0.0,0.0,,0.0,0.0,0.0,1,1,461,461
lightgbm_mse_regression,cluster_1809,1809,Cluster 1809: ECFP_7 (n=1),ECFP_7,ECFP_7,1,"[""ECFP_7""]",5,3156,0.0,0.0,0.0,0.0,0.0,0.0,,0.0,0.0,0.0,1,1,461,461
lightgbm_mse_regression,cluster_1820,1820,Cluster 1820: ECFP_709 (n=1),ECFP_709,ECFP_709,1,"[""ECFP_709""]",5,3156,0.0,0.0,0.0,0.0,0.0,0.0,,0.0,0.0,0.0,1,1,461,461
lightgbm_mse_regression,cluster_181,181,Cluster 181: ECFP_1071 (n=1),ECFP_1071,ECFP_1071,1,"[""ECFP_1071""]",5,3156,0.0,0.0,0.0,0.0,0.0,0.0,,0.0,0.0,0.0,1,1,461,461
lightgbm_mse_regression,cluster_1819,1819,Cluster 1819: ECFP_708 (n=1),ECFP_708,ECFP_708,1,"[""ECFP_708""]",5,3156,0.0,0.0,0.0,0.0,0.0,0.0,,0.0,0.0,0.0,1,1,461,461
lightgbm_mse_regression,cluster_1817,1817,Cluster 1817: ECFP_706 (n=1),ECFP_706,ECFP_706,1,"[""ECFP_706""]",5,3156,0.0,0.0,0.0,0.0,0.0,0.0,,0.0,0.0,0.0,1,1,461,461
lightgbm_mse_regression,cluster_1816,1816,Cluster 1816: ECFP_705 (n=1),ECFP_705,ECFP_705,1,"[""ECFP_705""]",5,3156,0.0,0.0,0.0,0.0,0.0,0.0,,0.0,0.0,0.0,1,1,461,461
lightgbm_mse_regression,cluster_1815,1815,Cluster 1815: ECFP_704 (n=1),ECFP_704,ECFP_704,1,"[""ECFP_704""]",5,3156,0.0,0.0,0.0,0.0,0.0,0.0,,0.0,0.0,0.0,1,1,461,461
lightgbm_mse_regression,cluster_1813,1813,Cluster 1813: ECFP_702 (n=1),ECFP_702,ECFP_702,1,"[""ECFP_702""]",5,3156,0.0,0.0,0.0,0.0,0.0,0.0,,0.0,0.0,0.0,1,1,461,461
lightgbm_mse_regression,cluster_1812,1812,Cluster 1812: ECFP_701 (n=1),ECFP_701,ECFP_701,1,"[""ECFP_701""]",5,3156,0.0,0.0,0.0,0.0,0.0,0.0,,0.0,0.0,0.0,1,1,461,461
lightgbm_mse_regression,cluster_1811,1811,Cluster 1811: ECFP_700 (n=1),ECFP_700,ECFP_700,1,"[""ECFP_700""]",5,3156,0.0,0.0,0.0,0.0,0.0,0.0,,0.0,0.0,0.0,1,1,461,461
lightgbm_mse_regression,cluster_1810,1810,Cluster 1810: ECFP_70 (n=1),ECFP_70,ECFP_70,1,"[""ECFP_70""]",4,2525,0.0,0.0,0.0,0.0,0.0,0.0,,0.0,0.0,0.0,1,1,461,461
lightgbm_mse_regression,cluster_180,180,Cluster 180: ECFP_1070 (n=1),ECFP_1070,ECFP_1070,1,"[""ECFP_1070""]",5,3156,0.0,0.0,0.0,0.0,0.0,0.0,,0.0,0.0,0.0,1,1,461,461
lightgbm_mse_regression,cluster_1777,1777,Cluster 1777: ECFP_669 (n=1),ECFP_669,ECFP_669,1,"[""ECFP_669""]",5,3156,0.0,0.0,0.0,0.0,0.0,0.0,,0.0,0.0,0.0,1,1,461,461
lightgbm_mse_regression,cluster_1776,1776,Cluster 1776: ECFP_668 (n=1),ECFP_668,ECFP_668,1,"[""ECFP_668""]",4,2525,0.0,0.0,0.0,0.0,0.0,0.0,,0.0,0.0,0.0,1,1,461,461
lightgbm_mse_regression,cluster_1774,1774,Cluster 1774: ECFP_666 (n=1),ECFP_666,ECFP_666,1,"[""ECFP_666""]",5,3156,0.0,0.0,0.0,0.0,0.0,0.0,,0.0,0.0,0.0,1,1,461,461
lightgbm_mse_regression,cluster_1730,1730,Cluster 1730: ECFP_626 (n=1),ECFP_626,ECFP_626,1,"[""ECFP_626""]",5,3156,0.0,0.0,0.0,0.0,0.0,0.0,,0.0,0.0,0.0,1,1,461,461
lightgbm_mse_regression,cluster_1740,1740,Cluster 1740: ECFP_635 (n=1),ECFP_635,ECFP_635,1,"[""ECFP_635""]",5,3156,0.0,0.0,0.0,0.0,0.0,0.0,,0.0,0.0,0.0,1,1,461,461
lightgbm_mse_regression,cluster_173,173,Cluster 173: ECFP_1064 (n=1),ECFP_1064,ECFP_1064,1,"[""ECFP_1064""]",5,3156,0.0,0.0,0.0,0.0,0.0,0.0,,0.0,0.0,0.0,1,1,461,461
lightgbm_mse_regression,cluster_1739,1739,Cluster 1739: ECFP_634 (n=1),ECFP_634,ECFP_634,1,"[""ECFP_634""]",5,3156,0.0,0.0,0.0,0.0,0.0,0.0,,0.0,0.0,0.0,1,1,461,461
lightgbm_mse_regression,cluster_1738,1738,Cluster 1738: ECFP_633 (n=1),ECFP_633,ECFP_633,1,"[""ECFP_633""]",4,2525,0.0,0.0,0.0,0.0,0.0,0.0,,0.0,0.0,0.0,1,1,461,461
lightgbm_mse_regression,cluster_1737,1737,Cluster 1737: ECFP_632 (n=1),ECFP_632,ECFP_632,1,"[""ECFP_632""]",5,3156,0.0,0.0,0.0,0.0,0.0,0.0,,0.0,0.0,0.0,1,1,461,461
lightgbm_mse_regression,cluster_1736,1736,Cluster 1736: ECFP_631 (n=1),ECFP_631,ECFP_631,1,"[""ECFP_631""]",5,3156,0.0,0.0,0.0,0.0,0.0,0.0,,0.0,0.0,0.0,1,1,461,461
lightgbm_mse_regression,cluster_1735,1735,Cluster 1735: ECFP_630 (n=1),ECFP_630,ECFP_630,1,"[""ECFP_630""]",5,3156,0.0,0.0,0.0,0.0,0.0,0.0,,0.0,0.0,0.0,1,1,461,461
lightgbm_mse_regression,cluster_1734,1734,Cluster 1734: ECFP_63 (n=1),ECFP_63,ECFP_63,1,"[""ECFP_63""]",5,3156,0.0,0.0,0.0,0.0,0.0,0.0,,0.0,0.0,0.0,1,1,461,461
lightgbm_mse_regression,cluster_1733,1733,Cluster 1733: ECFP_629 (n=1),ECFP_629,ECFP_629,1,"[""ECFP_629""]",5,3156,0.0,0.0,0.0,0.0,0.0,0.0,,0.0,0.0,0.0,1,1,461,461
lightgbm_mse_regression,cluster_1732,1732,Cluster 1732: ECFP_628 (n=1),ECFP_628,ECFP_628,1,"[""ECFP_628""]",5,3156,0.0,0.0,0.0,0.0,0.0,0.0,,0.0,0.0,0.0,1,1,461,461
lightgbm_mse_regression,cluster_1731,1731,Cluster 1731: ECFP_627 (n=1),ECFP_627,ECFP_627,1,"[""ECFP_627""]",4,2525,0.0,0.0,0.0,0.0,0.0,0.0,,0.0,0.0,0.0,1,1,461,461
lightgbm_mse_regression,cluster_172,172,Cluster 172: ECFP_1063 (n=1),ECFP_1063,ECFP_1063,1,"[""ECFP_1063""]",5,3156,0.0,0.0,0.0,0.0,0.0,0.0,,0.0,0.0,0.0,1,1,461,461
lightgbm_mse_regression,cluster_1742,1742,Cluster 1742: ECFP_637 (n=1),ECFP_637,ECFP_637,1,"[""ECFP_637""]",5,3156,0.0,0.0,0.0,0.0,0.0,0.0,,0.0,0.0,0.0,1,1,461,461
lightgbm_mse_regression,cluster_1729,1729,Cluster 1729: ECFP_625 (n=1),ECFP_625,ECFP_625,1,"[""ECFP_625""]",5,3156,0.0,0.0,0.0,0.0,0.0,0.0,,0.0,0.0,0.0,1,1,461,461
lightgbm_mse_regression,cluster_1727,1727,Cluster 1727: ECFP_623 (n=1),ECFP_623,ECFP_623,1,"[""ECFP_623""]",5,3156,0.0,0.0,0.0,0.0,0.0,0.0,,0.0,0.0,0.0,1,1,461,461
lightgbm_mse_regression,cluster_1726,1726,Cluster 1726: ECFP_622 (n=1),ECFP_622,ECFP_622,1,"[""ECFP_622""]",5,3156,0.0,0.0,0.0,0.0,0.0,0.0,,0.0,0.0,0.0,1,1,461,461
lightgbm_mse_regression,cluster_1725,1725,Cluster 1725: ECFP_621 (n=1),ECFP_621,ECFP_621,1,"[""ECFP_621""]",5,3156,0.0,0.0,0.0,0.0,0.0,0.0,,0.0,0.0,0.0,1,1,461,461
lightgbm_mse_regression,cluster_1724,1724,Cluster 1724: ECFP_620 (n=1),ECFP_620,ECFP_620,1,"[""ECFP_620""]",5,3156,0.0,0.0,0.0,0.0,0.0,0.0,,0.0,0.0,0.0,1,1,461,461
lightgbm_mse_regression,cluster_1723,1723,Cluster 1723: ECFP_62 (n=1),ECFP_62,ECFP_62,1,"[""ECFP_62""]",5,3156,0.0,0.0,0.0,0.0,0.0,0.0,,0.0,0.0,0.0,1,1,461,461
lightgbm_mse_regression,cluster_1722,1722,Cluster 1722: ECFP_619 (n=1),ECFP_619,ECFP_619,1,"[""ECFP_619""]",4,2525,0.0,0.0,0.0,0.0,0.0,0.0,,0.0,0.0,0.0,1,1,461,461
lightgbm_mse_regression,cluster_1721,1721,Cluster 1721: ECFP_618 (n=1),ECFP_618,ECFP_618,1,"[""ECFP_618""]",5,3156,0.0,0.0,0.0,0.0,0.0,0.0,,0.0,0.0,0.0,1,1,461,461
lightgbm_mse_regression,cluster_1720,1720,Cluster 1720: ECFP_617 (n=1),ECFP_617,ECFP_617,1,"[""ECFP_617""]",5,3156,0.0,0.0,0.0,0.0,0.0,0.0,,0.0,0.0,0.0,1,1,461,461
lightgbm_mse_regression,cluster_171,171,Cluster 171: ECFP_1062 (n=1),ECFP_1062,ECFP_1062,1,"[""ECFP_1062""]",4,2525,0.0,0.0,0.0,0.0,0.0,0.0,,0.0,0.0,0.0,1,1,461,461
lightgbm_mse_regression,cluster_1719,1719,Cluster 1719: ECFP_616 (n=1),ECFP_616,ECFP_616,1,"[""ECFP_616""]",5,3156,0.0,0.0,0.0,0.0,0.0,0.0,,0.0,0.0,0.0,1,1,461,461
lightgbm_mse_regression,cluster_1741,1741,Cluster 1741: ECFP_636 (n=1),ECFP_636,ECFP_636,1,"[""ECFP_636""]",5,3156,0.0,0.0,0.0,0.0,0.0,0.0,,0.0,0.0,0.0,1,1,461,461
lightgbm_mse_regression,cluster_1743,1743,Cluster 1743: ECFP_638 (n=1),ECFP_638,ECFP_638,1,"[""ECFP_638""]",5,3156,0.0,0.0,0.0,0.0,0.0,0.0,,0.0,0.0,0.0,1,1,461,461
lightgbm_mse_regression,cluster_1773,1773,Cluster 1773: ECFP_665 (n=1),ECFP_665,ECFP_665,1,"[""ECFP_665""]",5,3156,0.0,0.0,0.0,0.0,0.0,0.0,,0.0,0.0,0.0,1,1,461,461
lightgbm_mse_regression,cluster_1758,1758,Cluster 1758: ECFP_651 (n=1),ECFP_651,ECFP_651,1,"[""ECFP_651""]",5,3156,0.0,0.0,0.0,0.0,0.0,0.0,,0.0,0.0,0.0,1,1,461,461
lightgbm_mse_regression,cluster_1772,1772,Cluster 1772: ECFP_664 (n=1),ECFP_664,ECFP_664,1,"[""ECFP_664""]",5,3156,0.0,0.0,0.0,0.0,0.0,0.0,,0.0,0.0,0.0,1,1,461,461
lightgbm_mse_regression,cluster_1771,1771,Cluster 1771: ECFP_663 (n=1),ECFP_663,ECFP_663,1,"[""ECFP_663""]",4,2525,0.0,0.0,0.0,0.0,0.0,0.0,,0.0,0.0,0.0,1,1,461,461
lightgbm_mse_regression,cluster_176,176,Cluster 176: ECFP_1067 (n=1),ECFP_1067,ECFP_1067,1,"[""ECFP_1067""]",5,3156,0.0,0.0,0.0,0.0,0.0,0.0,,0.0,0.0,0.0,1,1,461,461
lightgbm_mse_regression,cluster_1769,1769,Cluster 1769: NsI (n=5),NsI,NsI,5,"[""NsI"", ""nI"", ""SsI"", ""MACCS_27"", ""ECFP_661""]",5,3156,0.0,0.0,0.0,0.0,0.0,0.0,,0.0,0.0,0.0,5,5,461,461
lightgbm_mse_regression,cluster_1768,1768,Cluster 1768: ECFP_660 (n=1),ECFP_660,ECFP_660,1,"[""ECFP_660""]",5,3156,0.0,0.0,0.0,0.0,0.0,0.0,,0.0,0.0,0.0,1,1,461,461
lightgbm_mse_regression,cluster_1767,1767,Cluster 1767: ECFP_66 (n=1),ECFP_66,ECFP_66,1,"[""ECFP_66""]",5,3156,0.0,0.0,0.0,0.0,0.0,0.0,,0.0,0.0,0.0,1,1,461,461
lightgbm_mse_regression,cluster_1766,1766,Cluster 1766: ECFP_659 (n=1),ECFP_659,ECFP_659,1,"[""ECFP_659""]",5,3156,0.0,0.0,0.0,0.0,0.0,0.0,,0.0,0.0,0.0,1,1,461,461
lightgbm_mse_regression,cluster_1764,1764,Cluster 1764: ECFP_657 (n=1),ECFP_657,ECFP_657,1,"[""ECFP_657""]",5,3156,0.0,0.0,0.0,0.0,0.0,0.0,,0.0,0.0,0.0,1,1,461,461
lightgbm_mse_regression,cluster_1762,1762,Cluster 1762: ECFP_655 (n=1),ECFP_655,ECFP_655,1,"[""ECFP_655""]",5,3156,0.0,0.0,0.0,0.0,0.0,0.0,,0.0,0.0,0.0,1,1,461,461
lightgbm_mse_regression,cluster_1761,1761,Cluster 1761: ECFP_654 (n=1),ECFP_654,ECFP_654,1,"[""ECFP_654""]",5,3156,0.0,0.0,0.0,0.0,0.0,0.0,,0.0,0.0,0.0,1,1,461,461
lightgbm_mse_regression,cluster_1760,1760,Cluster 1760: ECFP_653 (n=1),ECFP_653,ECFP_653,1,"[""ECFP_653""]",5,3156,0.0,0.0,0.0,0.0,0.0,0.0,,0.0,0.0,0.0,1,1,461,461
lightgbm_mse_regression,cluster_1756,1756,Cluster 1756: ECFP_65 (n=1),ECFP_65,ECFP_65,1,"[""ECFP_65""]",5,3156,0.0,0.0,0.0,0.0,0.0,0.0,,0.0,0.0,0.0,1,1,461,461
lightgbm_mse_regression,cluster_1745,1745,Cluster 1745: ECFP_64 (n=1),ECFP_64,ECFP_64,1,"[""ECFP_64""]",4,2525,0.0,0.0,0.0,0.0,0.0,0.0,,0.0,0.0,0.0,1,1,461,461
lightgbm_mse_regression,cluster_1755,1755,Cluster 1755: ECFP_649 (n=1),ECFP_649,ECFP_649,1,"[""ECFP_649""]",5,3156,0.0,0.0,0.0,0.0,0.0,0.0,,0.0,0.0,0.0,1,1,461,461
lightgbm_mse_regression,cluster_1754,1754,Cluster 1754: ECFP_648 (n=1),ECFP_648,ECFP_648,1,"[""ECFP_648""]",5,3156,0.0,0.0,0.0,0.0,0.0,0.0,,0.0,0.0,0.0,1,1,461,461
lightgbm_mse_regression,cluster_1753,1753,Cluster 1753: ECFP_647 (n=1),ECFP_647,ECFP_647,1,"[""ECFP_647""]",5,3156,0.0,0.0,0.0,0.0,0.0,0.0,,0.0,0.0,0.0,1,1,461,461
lightgbm_mse_regression,cluster_1752,1752,Cluster 1752: ECFP_646 (n=1),ECFP_646,ECFP_646,1,"[""ECFP_646""]",5,3156,0.0,0.0,0.0,0.0,0.0,0.0,,0.0,0.0,0.0,1,1,461,461
lightgbm_mse_regression,cluster_1751,1751,Cluster 1751: ECFP_645 (n=1),ECFP_645,ECFP_645,1,"[""ECFP_645""]",5,3156,0.0,0.0,0.0,0.0,0.0,0.0,,0.0,0.0,0.0,1,1,461,461
lightgbm_mse_regression,cluster_1750,1750,Cluster 1750: ECFP_644 (n=1),ECFP_644,ECFP_644,1,"[""ECFP_644""]",5,3156,0.0,0.0,0.0,0.0,0.0,0.0,,0.0,0.0,0.0,1,1,461,461
lightgbm_mse_regression,cluster_174,174,Cluster 174: ECFP_1065 (n=1),ECFP_1065,ECFP_1065,1,"[""ECFP_1065""]",5,3156,0.0,0.0,0.0,0.0,0.0,0.0,,0.0,0.0,0.0,1,1,461,461
lightgbm_mse_regression,cluster_1749,1749,Cluster 1749: ECFP_643 (n=1),ECFP_643,ECFP_643,1,"[""ECFP_643""]",4,2525,0.0,0.0,0.0,0.0,0.0,0.0,,0.0,0.0,0.0,1,1,461,461
lightgbm_mse_regression,cluster_1748,1748,Cluster 1748: ECFP_642 (n=1),ECFP_642,ECFP_642,1,"[""ECFP_642""]",5,3156,0.0,0.0,0.0,0.0,0.0,0.0,,0.0,0.0,0.0,1,1,461,461
lightgbm_mse_regression,cluster_1747,1747,Cluster 1747: ECFP_641 (n=1),ECFP_641,ECFP_641,1,"[""ECFP_641""]",5,3156,0.0,0.0,0.0,0.0,0.0,0.0,,0.0,0.0,0.0,1,1,461,461
lightgbm_mse_regression,cluster_1746,1746,Cluster 1746: ECFP_640 (n=1),ECFP_640,ECFP_640,1,"[""ECFP_640""]",5,3156,0.0,0.0,0.0,0.0,0.0,0.0,,0.0,0.0,0.0,1,1,461,461
lightgbm_mse_regression,cluster_1833,1833,Cluster 1833: ECFP_720 (n=1),ECFP_720,ECFP_720,1,"[""ECFP_720""]",5,3156,0.0,0.0,0.0,0.0,0.0,0.0,,0.0,0.0,0.0,1,1,461,461
lightgbm_mse_regression,cluster_1835,1835,Cluster 1835: ECFP_722 (n=1),ECFP_722,ECFP_722,1,"[""ECFP_722""]",5,3156,0.0,0.0,0.0,0.0,0.0,0.0,,0.0,0.0,0.0,1,1,461,461
lightgbm_mse_regression,cluster_1717,1717,Cluster 1717: ECFP_614 (n=1),ECFP_614,ECFP_614,1,"[""ECFP_614""]",4,2525,0.0,0.0,0.0,0.0,0.0,0.0,,0.0,0.0,0.0,1,1,461,461
lightgbm_mse_regression,cluster_1836,1836,Cluster 1836: ECFP_723 (n=1),ECFP_723,ECFP_723,1,"[""ECFP_723""]",5,3156,0.0,0.0,0.0,0.0,0.0,0.0,,0.0,0.0,0.0,1,1,461,461
lightgbm_mse_regression,cluster_1924,1924,Cluster 1924: ECFP_804 (n=1),ECFP_804,ECFP_804,1,"[""ECFP_804""]",5,3156,0.0,0.0,0.0,0.0,0.0,0.0,,0.0,0.0,0.0,1,1,461,461
lightgbm_mse_regression,cluster_1923,1923,Cluster 1923: ECFP_803 (n=1),ECFP_803,ECFP_803,1,"[""ECFP_803""]",5,3156,0.0,0.0,0.0,0.0,0.0,0.0,,0.0,0.0,0.0,1,1,461,461
lightgbm_mse_regression,cluster_1922,1922,Cluster 1922: ECFP_802 (n=1),ECFP_802,ECFP_802,1,"[""ECFP_802""]",5,3156,0.0,0.0,0.0,0.0,0.0,0.0,,0.0,0.0,0.0,1,1,461,461
lightgbm_mse_regression,cluster_191,191,Cluster 191: ECFP_1080 (n=1),ECFP_1080,ECFP_1080,1,"[""ECFP_1080""]",5,3156,0.0,0.0,0.0,0.0,0.0,0.0,,0.0,0.0,0.0,1,1,461,461
lightgbm_mse_regression,cluster_1918,1918,Cluster 1918: ECFP_8 (n=1),ECFP_8,ECFP_8,1,"[""ECFP_8""]",5,3156,0.0,0.0,0.0,0.0,0.0,0.0,,0.0,0.0,0.0,1,1,461,461
lightgbm_mse_regression,cluster_1917,1917,Cluster 1917: ECFP_799 (n=1),ECFP_799,ECFP_799,1,"[""ECFP_799""]",4,2525,0.0,0.0,0.0,0.0,0.0,0.0,,0.0,0.0,0.0,1,1,461,461
lightgbm_mse_regression,cluster_1916,1916,Cluster 1916: ECFP_798 (n=1),ECFP_798,ECFP_798,1,"[""ECFP_798""]",5,3156,0.0,0.0,0.0,0.0,0.0,0.0,,0.0,0.0,0.0,1,1,461,461
lightgbm_mse_regression,cluster_1915,1915,Cluster 1915: ECFP_797 (n=1),ECFP_797,ECFP_797,1,"[""ECFP_797""]",5,3156,0.0,0.0,0.0,0.0,0.0,0.0,,0.0,0.0,0.0,1,1,461,461
lightgbm_mse_regression,cluster_1914,1914,Cluster 1914: ECFP_796 (n=1),ECFP_796,ECFP_796,1,"[""ECFP_796""]",5,3156,0.0,0.0,0.0,0.0,0.0,0.0,,0.0,0.0,0.0,1,1,461,461
lightgbm_mse_regression,cluster_1913,1913,Cluster 1913: ECFP_795 (n=1),ECFP_795,ECFP_795,1,"[""ECFP_795""]",5,3156,0.0,0.0,0.0,0.0,0.0,0.0,,0.0,0.0,0.0,1,1,461,461
lightgbm_mse_regression,cluster_1912,1912,Cluster 1912: ECFP_794 (n=1),ECFP_794,ECFP_794,1,"[""ECFP_794""]",5,3156,0.0,0.0,0.0,0.0,0.0,0.0,,0.0,0.0,0.0,1,1,461,461
lightgbm_mse_regression,cluster_1910,1910,Cluster 1910: ECFP_792 (n=1),ECFP_792,ECFP_792,1,"[""ECFP_792""]",5,3156,0.0,0.0,0.0,0.0,0.0,0.0,,0.0,0.0,0.0,1,1,461,461
lightgbm_mse_regression,cluster_190,190,Cluster 190: ECFP_108 (n=1),ECFP_108,ECFP_108,1,"[""ECFP_108""]",5,3156,0.0,0.0,0.0,0.0,0.0,0.0,,0.0,0.0,0.0,1,1,461,461
lightgbm_mse_regression,cluster_1909,1909,Cluster 1909: ECFP_791 (n=1),ECFP_791,ECFP_791,1,"[""ECFP_791""]",5,3156,0.0,0.0,0.0,0.0,0.0,0.0,,0.0,0.0,0.0,1,1,461,461
lightgbm_mse_regression,cluster_1908,1908,Cluster 1908: ECFP_79 (n=1),ECFP_79,ECFP_79,1,"[""ECFP_79""]",5,3156,0.0,0.0,0.0,0.0,0.0,0.0,,0.0,0.0,0.0,1,1,461,461
lightgbm_mse_regression,cluster_1907,1907,Cluster 1907: ECFP_789 (n=1),ECFP_789,ECFP_789,1,"[""ECFP_789""]",5,3156,0.0,0.0,0.0,0.0,0.0,0.0,,0.0,0.0,0.0,1,1,461,461
lightgbm_mse_regression,cluster_1906,1906,Cluster 1906: ECFP_788 (n=1),ECFP_788,ECFP_788,1,"[""ECFP_788""]",5,3156,0.0,0.0,0.0,0.0,0.0,0.0,,0.0,0.0,0.0,1,1,461,461
lightgbm_mse_regression,cluster_1904,1904,Cluster 1904: ECFP_786 (n=1),ECFP_786,ECFP_786,1,"[""ECFP_786""]",5,3156,0.0,0.0,0.0,0.0,0.0,0.0,,0.0,0.0,0.0,1,1,461,461
lightgbm_mse_regression,cluster_1903,1903,Cluster 1903: ECFP_785 (n=1),ECFP_785,ECFP_785,1,"[""ECFP_785""]",5,3156,0.0,0.0,0.0,0.0,0.0,0.0,,0.0,0.0,0.0,1,1,461,461
lightgbm_mse_regression,cluster_1901,1901,Cluster 1901: ECFP_783 (n=1),ECFP_783,ECFP_783,1,"[""ECFP_783""]",5,3156,0.0,0.0,0.0,0.0,0.0,0.0,,0.0,0.0,0.0,1,1,461,461
lightgbm_mse_regression,cluster_1900,1900,Cluster 1900: ECFP_782 (n=1),ECFP_782,ECFP_782,1,"[""ECFP_782""]",5,3156,0.0,0.0,0.0,0.0,0.0,0.0,,0.0,0.0,0.0,1,1,461,461
lightgbm_mse_regression,cluster_189,189,Cluster 189: ECFP_1079 (n=1),ECFP_1079,ECFP_1079,1,"[""ECFP_1079""]",4,2525,0.0,0.0,0.0,0.0,0.0,0.0,,0.0,0.0,0.0,1,1,461,461
lightgbm_mse_regression,cluster_1899,1899,Cluster 1899: ECFP_781 (n=1),ECFP_781,ECFP_781,1,"[""ECFP_781""]",5,3156,0.0,0.0,0.0,0.0,0.0,0.0,,0.0,0.0,0.0,1,1,461,461
lightgbm_mse_regression,cluster_1898,1898,Cluster 1898: ECFP_780 (n=1),ECFP_780,ECFP_780,1,"[""ECFP_780""]",5,3156,0.0,0.0,0.0,0.0,0.0,0.0,,0.0,0.0,0.0,1,1,461,461
lightgbm_mse_regression,cluster_1897,1897,Cluster 1897: ECFP_78 (n=1),ECFP_78,ECFP_78,1,"[""ECFP_78""]",5,3156,0.0,0.0,0.0,0.0,0.0,0.0,,0.0,0.0,0.0,1,1,461,461
lightgbm_mse_regression,cluster_1928,1928,Cluster 1928: ECFP_808 (n=1),ECFP_808,ECFP_808,1,"[""ECFP_808""]",4,2525,0.0,0.0,0.0,0.0,0.0,0.0,,0.0,0.0,0.0,1,1,461,461
lightgbm_mse_regression,cluster_1929,1929,Cluster 1929: ECFP_809 (n=1),ECFP_809,ECFP_809,1,"[""ECFP_809""]",5,3156,0.0,0.0,0.0,0.0,0.0,0.0,,0.0,0.0,0.0,1,1,461,461
lightgbm_mse_regression,cluster_192,192,Cluster 192: ECFP_1081 (n=1),ECFP_1081,ECFP_1081,1,"[""ECFP_1081""]",5,3156,0.0,0.0,0.0,0.0,0.0,0.0,,0.0,0.0,0.0,1,1,461,461
lightgbm_mse_regression,cluster_1943,1943,Cluster 1943: ECFP_822 (n=1),ECFP_822,ECFP_822,1,"[""ECFP_822""]",5,3156,0.0,0.0,0.0,0.0,0.0,0.0,,0.0,0.0,0.0,1,1,461,461
lightgbm_mse_regression,cluster_1953,1953,Cluster 1953: ECFP_831 (n=1),ECFP_831,ECFP_831,1,"[""ECFP_831""]",5,3156,0.0,0.0,0.0,0.0,0.0,0.0,,0.0,0.0,0.0,1,1,461,461
lightgbm_mse_regression,cluster_1952,1952,Cluster 1952: ECFP_830 (n=1),ECFP_830,ECFP_830,1,"[""ECFP_830""]",4,2525,0.0,0.0,0.0,0.0,0.0,0.0,,0.0,0.0,0.0,1,1,461,461
lightgbm_mse_regression,cluster_1951,1951,Cluster 1951: ECFP_83 (n=1),ECFP_83,ECFP_83,1,"[""ECFP_83""]",5,3156,0.0,0.0,0.0,0.0,0.0,0.0,,0.0,0.0,0.0,1,1,461,461
lightgbm_mse_regression,cluster_1950,1950,Cluster 1950: ECFP_829 (n=1),ECFP_829,ECFP_829,1,"[""ECFP_829""]",5,3156,0.0,0.0,0.0,0.0,0.0,0.0,,0.0,0.0,0.0,1,1,461,461
lightgbm_mse_regression,cluster_194,194,Cluster 194: ECFP_1083 (n=1),ECFP_1083,ECFP_1083,1,"[""ECFP_1083""]",5,3156,0.0,0.0,0.0,0.0,0.0,0.0,,0.0,0.0,0.0,1,1,461,461
lightgbm_mse_regression,cluster_1949,1949,Cluster 1949: ECFP_828 (n=1),ECFP_828,ECFP_828,1,"[""ECFP_828""]",5,3156,0.0,0.0,0.0,0.0,0.0,0.0,,0.0,0.0,0.0,1,1,461,461
lightgbm_mse_regression,cluster_1948,1948,Cluster 1948: ECFP_827 (n=1),ECFP_827,ECFP_827,1,"[""ECFP_827""]",5,3156,0.0,0.0,0.0,0.0,0.0,0.0,,0.0,0.0,0.0,1,1,461,461
lightgbm_mse_regression,cluster_1947,1947,Cluster 1947: ECFP_826 (n=1),ECFP_826,ECFP_826,1,"[""ECFP_826""]",5,3156,0.0,0.0,0.0,0.0,0.0,0.0,,0.0,0.0,0.0,1,1,461,461
lightgbm_mse_regression,cluster_1946,1946,Cluster 1946: ECFP_825 (n=1),ECFP_825,ECFP_825,1,"[""ECFP_825""]",5,3156,0.0,0.0,0.0,0.0,0.0,0.0,,0.0,0.0,0.0,1,1,461,461
lightgbm_mse_regression,cluster_1945,1945,Cluster 1945: ECFP_824 (n=1),ECFP_824,ECFP_824,1,"[""ECFP_824""]",5,3156,0.0,0.0,0.0,0.0,0.0,0.0,,0.0,0.0,0.0,1,1,461,461
lightgbm_mse_regression,cluster_1944,1944,Cluster 1944: ECFP_823 (n=1),ECFP_823,ECFP_823,1,"[""ECFP_823""]",5,3156,0.0,0.0,0.0,0.0,0.0,0.0,,0.0,0.0,0.0,1,1,461,461
lightgbm_mse_regression,cluster_1942,1942,Cluster 1942: ECFP_821 (n=1),ECFP_821,ECFP_821,1,"[""ECFP_821""]",4,2525,0.0,0.0,0.0,0.0,0.0,0.0,,0.0,0.0,0.0,1,1,461,461
lightgbm_mse_regression,cluster_1930,1930,Cluster 1930: ECFP_81 (n=1),ECFP_81,ECFP_81,1,"[""ECFP_81""]",5,3156,0.0,0.0,0.0,0.0,0.0,0.0,,0.0,0.0,0.0,1,1,461,461
lightgbm_mse_regression,cluster_1941,1941,Cluster 1941: ECFP_820 (n=1),ECFP_820,ECFP_820,1,"[""ECFP_820""]",5,3156,0.0,0.0,0.0,0.0,0.0,0.0,,0.0,0.0,0.0,1,1,461,461
lightgbm_mse_regression,cluster_1940,1940,Cluster 1940: ECFP_82 (n=1),ECFP_82,ECFP_82,1,"[""ECFP_82""]",5,3156,0.0,0.0,0.0,0.0,0.0,0.0,,0.0,0.0,0.0,1,1,461,461
lightgbm_mse_regression,cluster_193,193,Cluster 193: ECFP_1082 (n=1),ECFP_1082,ECFP_1082,1,"[""ECFP_1082""]",5,3156,0.0,0.0,0.0,0.0,0.0,0.0,,0.0,0.0,0.0,1,1,461,461
lightgbm_mse_regression,cluster_1939,1939,Cluster 1939: ECFP_819 (n=1),ECFP_819,ECFP_819,1,"[""ECFP_819""]",5,3156,0.0,0.0,0.0,0.0,0.0,0.0,,0.0,0.0,0.0,1,1,461,461
lightgbm_mse_regression,cluster_1938,1938,Cluster 1938: ECFP_818 (n=1),ECFP_818,ECFP_818,1,"[""ECFP_818""]",5,3156,0.0,0.0,0.0,0.0,0.0,0.0,,0.0,0.0,0.0,1,1,461,461
lightgbm_mse_regression,cluster_1936,1936,Cluster 1936: ECFP_815 (n=1),ECFP_815,ECFP_815,1,"[""ECFP_815""]",5,3156,0.0,0.0,0.0,0.0,0.0,0.0,,0.0,0.0,0.0,1,1,461,461
lightgbm_mse_regression,cluster_1935,1935,Cluster 1935: ECFP_814 (n=1),ECFP_814,ECFP_814,1,"[""ECFP_814""]",5,3156,0.0,0.0,0.0,0.0,0.0,0.0,,0.0,0.0,0.0,1,1,461,461
lightgbm_mse_regression,cluster_1934,1934,Cluster 1934: ECFP_813 (n=1),ECFP_813,ECFP_813,1,"[""ECFP_813""]",5,3156,0.0,0.0,0.0,0.0,0.0,0.0,,0.0,0.0,0.0,1,1,461,461
lightgbm_mse_regression,cluster_1933,1933,Cluster 1933: ECFP_812 (n=1),ECFP_812,ECFP_812,1,"[""ECFP_812""]",5,3156,0.0,0.0,0.0,0.0,0.0,0.0,,0.0,0.0,0.0,1,1,461,461
lightgbm_mse_regression,cluster_1932,1932,Cluster 1932: ECFP_811 (n=1),ECFP_811,ECFP_811,1,"[""ECFP_811""]",5,3156,0.0,0.0,0.0,0.0,0.0,0.0,,0.0,0.0,0.0,1,1,461,461
lightgbm_mse_regression,cluster_1931,1931,Cluster 1931: ECFP_810 (n=1),ECFP_810,ECFP_810,1,"[""ECFP_810""]",4,2525,0.0,0.0,0.0,0.0,0.0,0.0,,0.0,0.0,0.0,1,1,461,461
lightgbm_mse_regression,cluster_1896,1896,Cluster 1896: ECFP_779 (n=1),ECFP_779,ECFP_779,1,"[""ECFP_779""]",5,3156,0.0,0.0,0.0,0.0,0.0,0.0,,0.0,0.0,0.0,1,1,461,461
lightgbm_mse_regression,cluster_1895,1895,Cluster 1895: ECFP_778 (n=1),ECFP_778,ECFP_778,1,"[""ECFP_778""]",5,3156,0.0,0.0,0.0,0.0,0.0,0.0,,0.0,0.0,0.0,1,1,461,461
lightgbm_mse_regression,cluster_1893,1893,Cluster 1893: ECFP_776 (n=1),ECFP_776,ECFP_776,1,"[""ECFP_776""]",5,3156,0.0,0.0,0.0,0.0,0.0,0.0,,0.0,0.0,0.0,1,1,461,461
lightgbm_mse_regression,cluster_184,184,Cluster 184: ECFP_1074 (n=1),ECFP_1074,ECFP_1074,1,"[""ECFP_1074""]",5,3156,0.0,0.0,0.0,0.0,0.0,0.0,,0.0,0.0,0.0,1,1,461,461
lightgbm_mse_regression,cluster_1863,1863,Cluster 1863: ECFP_749 (n=1),ECFP_749,ECFP_749,1,"[""ECFP_749""]",5,3156,0.0,0.0,0.0,0.0,0.0,0.0,,0.0,0.0,0.0,1,1,461,461
lightgbm_mse_regression,cluster_1862,1862,Cluster 1862: ECFP_747 (n=1),ECFP_747,ECFP_747,1,"[""ECFP_747""]",5,3156,0.0,0.0,0.0,0.0,0.0,0.0,,0.0,0.0,0.0,1,1,461,461
lightgbm_mse_regression,cluster_185,185,Cluster 185: ECFP_1075 (n=1),ECFP_1075,ECFP_1075,1,"[""ECFP_1075""]",5,3156,0.0,0.0,0.0,0.0,0.0,0.0,,0.0,0.0,0.0,1,1,461,461
lightgbm_mse_regression,cluster_1859,1859,Cluster 1859: ECFP_744 (n=1),ECFP_744,ECFP_744,1,"[""ECFP_744""]",5,3156,0.0,0.0,0.0,0.0,0.0,0.0,,0.0,0.0,0.0,1,1,461,461
lightgbm_mse_regression,cluster_1858,1858,Cluster 1858: ECFP_743 (n=1),ECFP_743,ECFP_743,1,"[""ECFP_743""]",5,3156,0.0,0.0,0.0,0.0,0.0,0.0,,0.0,0.0,0.0,1,1,461,461
lightgbm_mse_regression,cluster_1857,1857,Cluster 1857: ECFP_742 (n=1),ECFP_742,ECFP_742,1,"[""ECFP_742""]",5,3156,0.0,0.0,0.0,0.0,0.0,0.0,,0.0,0.0,0.0,1,1,461,461
lightgbm_mse_regression,cluster_1856,1856,Cluster 1856: ECFP_741 (n=1),ECFP_741,ECFP_741,1,"[""ECFP_741""]",4,2525,0.0,0.0,0.0,0.0,0.0,0.0,,0.0,0.0,0.0,1,1,461,461
lightgbm_mse_regression,cluster_1855,1855,Cluster 1855: ECFP_740 (n=1),ECFP_740,ECFP_740,1,"[""ECFP_740""]",4,2525,0.0,0.0,0.0,0.0,0.0,0.0,,0.0,0.0,0.0,1,1,461,461
lightgbm_mse_regression,cluster_1853,1853,Cluster 1853: ECFP_739 (n=1),ECFP_739,ECFP_739,1,"[""ECFP_739""]",5,3156,0.0,0.0,0.0,0.0,0.0,0.0,,0.0,0.0,0.0,1,1,461,461
lightgbm_mse_regression,cluster_1852,1852,Cluster 1852: ECFP_738 (n=1),ECFP_738,ECFP_738,1,"[""ECFP_738""]",5,3156,0.0,0.0,0.0,0.0,0.0,0.0,,0.0,0.0,0.0,1,1,461,461
lightgbm_mse_regression,cluster_1851,1851,Cluster 1851: ECFP_737 (n=1),ECFP_737,ECFP_737,1,"[""ECFP_737""]",4,2524,0.0,0.0,0.0,0.0,0.0,0.0,,0.0,0.0,0.0,1,1,461,461
lightgbm_mse_regression,cluster_1849,1849,Cluster 1849: ECFP_735 (n=1),ECFP_735,ECFP_735,1,"[""ECFP_735""]",5,3156,0.0,0.0,0.0,0.0,0.0,0.0,,0.0,0.0,0.0,1,1,461,461
lightgbm_mse_regression,cluster_1865,1865,Cluster 1865: ECFP_750 (n=1),ECFP_750,ECFP_750,1,"[""ECFP_750""]",5,3156,0.0,0.0,0.0,0.0,0.0,0.0,,0.0,0.0,0.0,1,1,461,461
lightgbm_mse_regression,cluster_1848,1848,Cluster 1848: ECFP_734 (n=1),ECFP_734,ECFP_734,1,"[""ECFP_734""]",5,3156,0.0,0.0,0.0,0.0,0.0,0.0,,0.0,0.0,0.0,1,1,461,461
lightgbm_mse_regression,cluster_1847,1847,Cluster 1847: ECFP_733 (n=1),ECFP_733,ECFP_733,1,"[""ECFP_733""]",4,2525,0.0,0.0,0.0,0.0,0.0,0.0,,0.0,0.0,0.0,1,1,461,461
lightgbm_mse_regression,cluster_1846,1846,Cluster 1846: ECFP_732 (n=1),ECFP_732,ECFP_732,1,"[""ECFP_732""]",5,3156,0.0,0.0,0.0,0.0,0.0,0.0,,0.0,0.0,0.0,1,1,461,461
lightgbm_mse_regression,cluster_1845,1845,Cluster 1845: ECFP_731 (n=1),ECFP_731,ECFP_731,1,"[""ECFP_731""]",5,3156,0.0,0.0,0.0,0.0,0.0,0.0,,0.0,0.0,0.0,1,1,461,461
lightgbm_mse_regression,cluster_1844,1844,Cluster 1844: ECFP_730 (n=1),ECFP_730,ECFP_730,1,"[""ECFP_730""]",5,3156,0.0,0.0,0.0,0.0,0.0,0.0,,0.0,0.0,0.0,1,1,461,461
lightgbm_mse_regression,cluster_1843,1843,Cluster 1843: ECFP_73 (n=1),ECFP_73,ECFP_73,1,"[""ECFP_73""]",5,3156,0.0,0.0,0.0,0.0,0.0,0.0,,0.0,0.0,0.0,1,1,461,461
lightgbm_mse_regression,cluster_1842,1842,Cluster 1842: ECFP_729 (n=1),ECFP_729,ECFP_729,1,"[""ECFP_729""]",5,3156,0.0,0.0,0.0,0.0,0.0,0.0,,0.0,0.0,0.0,1,1,461,461
lightgbm_mse_regression,cluster_1841,1841,Cluster 1841: nBr (n=5),nBr,nBr,5,"[""nBr"", ""NsBr"", ""MACCS_46"", ""SsBr"", ""ECFP_728""]",5,3156,0.0,0.0,0.0,0.0,0.0,0.0,,0.0,0.0,0.0,5,5,461,461
lightgbm_mse_regression,cluster_1840,1840,Cluster 1840: ECFP_727 (n=1),ECFP_727,ECFP_727,1,"[""ECFP_727""]",4,2524,0.0,0.0,0.0,0.0,0.0,0.0,,0.0,0.0,0.0,1,1,461,461
lightgbm_mse_regression,cluster_183,183,Cluster 183: ECFP_1073 (n=1),ECFP_1073,ECFP_1073,1,"[""ECFP_1073""]",5,3156,0.0,0.0,0.0,0.0,0.0,0.0,,0.0,0.0,0.0,1,1,461,461
lightgbm_mse_regression,cluster_1839,1839,Cluster 1839: ECFP_726 (n=1),ECFP_726,ECFP_726,1,"[""ECFP_726""]",5,3156,0.0,0.0,0.0,0.0,0.0,0.0,,0.0,0.0,0.0,1,1,461,461
lightgbm_mse_regression,cluster_1864,1864,Cluster 1864: ECFP_75 (n=1),ECFP_75,ECFP_75,1,"[""ECFP_75""]",5,3156,0.0,0.0,0.0,0.0,0.0,0.0,,0.0,0.0,0.0,1,1,461,461
lightgbm_mse_regression,cluster_1866,1866,Cluster 1866: ECFP_751 (n=1),ECFP_751,ECFP_751,1,"[""ECFP_751""]",5,3156,0.0,0.0,0.0,0.0,0.0,0.0,,0.0,0.0,0.0,1,1,461,461
lightgbm_mse_regression,cluster_1892,1892,Cluster 1892: ECFP_775 (n=1),ECFP_775,ECFP_775,1,"[""ECFP_775""]",5,3156,0.0,0.0,0.0,0.0,0.0,0.0,,0.0,0.0,0.0,1,1,461,461
lightgbm_mse_regression,cluster_187,187,Cluster 187: ECFP_1077 (n=1),ECFP_1077,ECFP_1077,1,"[""ECFP_1077""]",5,3156,0.0,0.0,0.0,0.0,0.0,0.0,,0.0,0.0,0.0,1,1,461,461
lightgbm_mse_regression,cluster_1891,1891,Cluster 1891: ECFP_774 (n=1),ECFP_774,ECFP_774,1,"[""ECFP_774""]",4,2525,0.0,0.0,0.0,0.0,0.0,0.0,,0.0,0.0,0.0,1,1,461,461
lightgbm_mse_regression,cluster_1890,1890,Cluster 1890: ECFP_773 (n=1),ECFP_773,ECFP_773,1,"[""ECFP_773""]",4,2525,0.0,0.0,0.0,0.0,0.0,0.0,,0.0,0.0,0.0,1,1,461,461
lightgbm_mse_regression,cluster_1889,1889,Cluster 1889: ECFP_772 (n=1),ECFP_772,ECFP_772,1,"[""ECFP_772""]",5,3156,0.0,0.0,0.0,0.0,0.0,0.0,,0.0,0.0,0.0,1,1,461,461
lightgbm_mse_regression,cluster_1888,1888,Cluster 1888: ECFP_771 (n=1),ECFP_771,ECFP_771,1,"[""ECFP_771""]",5,3156,0.0,0.0,0.0,0.0,0.0,0.0,,0.0,0.0,0.0,1,1,461,461
lightgbm_mse_regression,cluster_1887,1887,Cluster 1887: ECFP_770 (n=1),ECFP_770,ECFP_770,1,"[""ECFP_770""]",5,3156,0.0,0.0,0.0,0.0,0.0,0.0,,0.0,0.0,0.0,1,1,461,461
lightgbm_mse_regression,cluster_1886,1886,Cluster 1886: ECFP_77 (n=1),ECFP_77,ECFP_77,1,"[""ECFP_77""]",5,3156,0.0,0.0,0.0,0.0,0.0,0.0,,0.0,0.0,0.0,1,1,461,461
lightgbm_mse_regression,cluster_1885,1885,Cluster 1885: ECFP_769 (n=1),ECFP_769,ECFP_769,1,"[""ECFP_769""]",4,2525,0.0,0.0,0.0,0.0,0.0,0.0,,0.0,0.0,0.0,1,1,461,461
lightgbm_mse_regression,cluster_1884,1884,Cluster 1884: ECFP_768 (n=1),ECFP_768,ECFP_768,1,"[""ECFP_768""]",4,2524,0.0,0.0,0.0,0.0,0.0,0.0,,0.0,0.0,0.0,1,1,461,461
lightgbm_mse_regression,cluster_1882,1882,Cluster 1882: ECFP_766 (n=1),ECFP_766,ECFP_766,1,"[""ECFP_766""]",4,2525,0.0,0.0,0.0,0.0,0.0,0.0,,0.0,0.0,0.0,1,1,461,461
lightgbm_mse_regression,cluster_1881,1881,Cluster 1881: ECFP_765 (n=1),ECFP_765,ECFP_765,1,"[""ECFP_765""]",5,3156,0.0,0.0,0.0,0.0,0.0,0.0,,0.0,0.0,0.0,1,1,461,461
lightgbm_mse_regression,cluster_1880,1880,Cluster 1880: ECFP_764 (n=1),ECFP_764,ECFP_764,1,"[""ECFP_764""]",5,3156,0.0,0.0,0.0,0.0,0.0,0.0,,0.0,0.0,0.0,1,1,461,461
lightgbm_mse_regression,cluster_1879,1879,Cluster 1879: ECFP_763 (n=1),ECFP_763,ECFP_763,1,"[""ECFP_763""]",4,2524,0.0,0.0,0.0,0.0,0.0,0.0,,0.0,0.0,0.0,1,1,461,461
lightgbm_mse_regression,cluster_1867,1867,Cluster 1867: ECFP_752 (n=1),ECFP_752,ECFP_752,1,"[""ECFP_752""]",5,3156,0.0,0.0,0.0,0.0,0.0,0.0,,0.0,0.0,0.0,1,1,461,461
lightgbm_mse_regression,cluster_1878,1878,Cluster 1878: ECFP_762 (n=1),ECFP_762,ECFP_762,1,"[""ECFP_762""]",5,3156,0.0,0.0,0.0,0.0,0.0,0.0,,0.0,0.0,0.0,1,1,461,461
lightgbm_mse_regression,cluster_1876,1876,Cluster 1876: ECFP_760 (n=1),ECFP_760,ECFP_760,1,"[""ECFP_760""]",5,3156,0.0,0.0,0.0,0.0,0.0,0.0,,0.0,0.0,0.0,1,1,461,461
lightgbm_mse_regression,cluster_1875,1875,Cluster 1875: ECFP_76 (n=1),ECFP_76,ECFP_76,1,"[""ECFP_76""]",5,3156,0.0,0.0,0.0,0.0,0.0,0.0,,0.0,0.0,0.0,1,1,461,461
lightgbm_mse_regression,cluster_1874,1874,Cluster 1874: ECFP_759 (n=1),ECFP_759,ECFP_759,1,"[""ECFP_759""]",5,3156,0.0,0.0,0.0,0.0,0.0,0.0,,0.0,0.0,0.0,1,1,461,461
lightgbm_mse_regression,cluster_1873,1873,Cluster 1873: ECFP_758 (n=1),ECFP_758,ECFP_758,1,"[""ECFP_758""]",5,3156,0.0,0.0,0.0,0.0,0.0,0.0,,0.0,0.0,0.0,1,1,461,461
lightgbm_mse_regression,cluster_1872,1872,Cluster 1872: ECFP_757 (n=1),ECFP_757,ECFP_757,1,"[""ECFP_757""]",5,3156,0.0,0.0,0.0,0.0,0.0,0.0,,0.0,0.0,0.0,1,1,461,461
lightgbm_mse_regression,cluster_1871,1871,Cluster 1871: ECFP_756 (n=1),ECFP_756,ECFP_756,1,"[""ECFP_756""]",5,3156,0.0,0.0,0.0,0.0,0.0,0.0,,0.0,0.0,0.0,1,1,461,461
lightgbm_mse_regression,cluster_1870,1870,Cluster 1870: ECFP_755 (n=1),ECFP_755,ECFP_755,1,"[""ECFP_755""]",5,3156,0.0,0.0,0.0,0.0,0.0,0.0,,0.0,0.0,0.0,1,1,461,461
lightgbm_mse_regression,cluster_186,186,Cluster 186: ECFP_1076 (n=1),ECFP_1076,ECFP_1076,1,"[""ECFP_1076""]",5,3156,0.0,0.0,0.0,0.0,0.0,0.0,,0.0,0.0,0.0,1,1,461,461
lightgbm_mse_regression,cluster_1869,1869,Cluster 1869: ECFP_754 (n=1),ECFP_754,ECFP_754,1,"[""ECFP_754""]",5,3156,0.0,0.0,0.0,0.0,0.0,0.0,,0.0,0.0,0.0,1,1,461,461
lightgbm_mse_regression,cluster_1868,1868,Cluster 1868: ECFP_753 (n=1),ECFP_753,ECFP_753,1,"[""ECFP_753""]",5,3156,0.0,0.0,0.0,0.0,0.0,0.0,,0.0,0.0,0.0,1,1,461,461
lightgbm_mse_regression,cluster_1718,1718,Cluster 1718: ECFP_615 (n=1),ECFP_615,ECFP_615,1,"[""ECFP_615""]",5,3156,0.0,0.0,0.0,0.0,0.0,0.0,,0.0,0.0,0.0,1,1,461,461
lightgbm_mse_regression,cluster_1716,1716,Cluster 1716: ECFP_613 (n=1),ECFP_613,ECFP_613,1,"[""ECFP_613""]",4,2525,0.0,0.0,0.0,0.0,0.0,0.0,,0.0,0.0,0.0,1,1,461,461
lightgbm_mse_regression,cluster_1483,1483,Cluster 1483: ECFP_402 (n=1),ECFP_402,ECFP_402,1,"[""ECFP_402""]",5,3156,0.0,0.0,0.0,0.0,0.0,0.0,,0.0,0.0,0.0,1,1,461,461
lightgbm_mse_regression,cluster_1594,1594,Cluster 1594: ECFP_502 (n=1),ECFP_502,ECFP_502,1,"[""ECFP_502""]",5,3156,0.0,0.0,0.0,0.0,0.0,0.0,,0.0,0.0,0.0,1,1,461,461
lightgbm_mse_regression,cluster_1564,1564,Cluster 1564: ECFP_476 (n=1),ECFP_476,ECFP_476,1,"[""ECFP_476""]",5,3156,0.0,0.0,0.0,0.0,0.0,0.0,,0.0,0.0,0.0,1,1,461,461
lightgbm_mse_regression,cluster_1563,1563,Cluster 1563: ECFP_475 (n=1),ECFP_475,ECFP_475,1,"[""ECFP_475""]",4,2525,0.0,0.0,0.0,0.0,0.0,0.0,,0.0,0.0,0.0,1,1,461,461
lightgbm_mse_regression,cluster_1562,1562,Cluster 1562: ECFP_474 (n=1),ECFP_474,ECFP_474,1,"[""ECFP_474""]",5,3156,0.0,0.0,0.0,0.0,0.0,0.0,,0.0,0.0,0.0,1,1,461,461
lightgbm_mse_regression,cluster_1561,1561,Cluster 1561: ECFP_473 (n=1),ECFP_473,ECFP_473,1,"[""ECFP_473""]",5,3156,0.0,0.0,0.0,0.0,0.0,0.0,,0.0,0.0,0.0,1,1,461,461
lightgbm_mse_regression,cluster_1560,1560,Cluster 1560: ECFP_472 (n=1),ECFP_472,ECFP_472,1,"[""ECFP_472""]",5,3156,0.0,0.0,0.0,0.0,0.0,0.0,,0.0,0.0,0.0,1,1,461,461
lightgbm_mse_regression,cluster_155,155,Cluster 155: ECFP_1048 (n=1),ECFP_1048,ECFP_1048,1,"[""ECFP_1048""]",5,3156,0.0,0.0,0.0,0.0,0.0,0.0,,0.0,0.0,0.0,1,1,461,461
lightgbm_mse_regression,cluster_1559,1559,Cluster 1559: ECFP_471 (n=1),ECFP_471,ECFP_471,1,"[""ECFP_471""]",5,3156,0.0,0.0,0.0,0.0,0.0,0.0,,0.0,0.0,0.0,1,1,461,461
lightgbm_mse_regression,cluster_1558,1558,Cluster 1558: ECFP_470 (n=1),ECFP_470,ECFP_470,1,"[""ECFP_470""]",5,3156,0.0,0.0,0.0,0.0,0.0,0.0,,0.0,0.0,0.0,1,1,461,461
lightgbm_mse_regression,cluster_1557,1557,Cluster 1557: ECFP_47 (n=1),ECFP_47,ECFP_47,1,"[""ECFP_47""]",5,3156,0.0,0.0,0.0,0.0,0.0,0.0,,0.0,0.0,0.0,1,1,461,461
lightgbm_mse_regression,cluster_1556,1556,Cluster 1556: ECFP_469 (n=1),ECFP_469,ECFP_469,1,"[""ECFP_469""]",5,3156,0.0,0.0,0.0,0.0,0.0,0.0,,0.0,0.0,0.0,1,1,461,461
lightgbm_mse_regression,cluster_1555,1555,Cluster 1555: ECFP_468 (n=1),ECFP_468,ECFP_468,1,"[""ECFP_468""]",5,3156,0.0,0.0,0.0,0.0,0.0,0.0,,0.0,0.0,0.0,1,1,461,461
lightgbm_mse_regression,cluster_1554,1554,Cluster 1554: ECFP_467 (n=1),ECFP_467,ECFP_467,1,"[""ECFP_467""]",5,3156,0.0,0.0,0.0,0.0,0.0,0.0,,0.0,0.0,0.0,1,1,461,461
lightgbm_mse_regression,cluster_1553,1553,Cluster 1553: ECFP_466 (n=1),ECFP_466,ECFP_466,1,"[""ECFP_466""]",5,3156,0.0,0.0,0.0,0.0,0.0,0.0,,0.0,0.0,0.0,1,1,461,461
lightgbm_mse_regression,cluster_1552,1552,Cluster 1552: ECFP_465 (n=1),ECFP_465,ECFP_465,1,"[""ECFP_465""]",5,3156,0.0,0.0,0.0,0.0,0.0,0.0,,0.0,0.0,0.0,1,1,461,461
lightgbm_mse_regression,cluster_1551,1551,Cluster 1551: ECFP_464 (n=1),ECFP_464,ECFP_464,1,"[""ECFP_464""]",5,3156,0.0,0.0,0.0,0.0,0.0,0.0,,0.0,0.0,0.0,1,1,461,461
lightgbm_mse_regression,cluster_1550,1550,Cluster 1550: ECFP_463 (n=1),ECFP_463,ECFP_463,1,"[""ECFP_463""]",5,3156,0.0,0.0,0.0,0.0,0.0,0.0,,0.0,0.0,0.0,1,1,461,461
lightgbm_mse_regression,cluster_154,154,Cluster 154: ECFP_1047 (n=1),ECFP_1047,ECFP_1047,1,"[""ECFP_1047""]",5,3156,0.0,0.0,0.0,0.0,0.0,0.0,,0.0,0.0,0.0,1,1,461,461
lightgbm_mse_regression,cluster_1549,1549,Cluster 1549: ECFP_462 (n=1),ECFP_462,ECFP_462,1,"[""ECFP_462""]",5,3156,0.0,0.0,0.0,0.0,0.0,0.0,,0.0,0.0,0.0,1,1,461,461
lightgbm_mse_regression,cluster_1548,1548,Cluster 1548: ECFP_461 (n=1),ECFP_461,ECFP_461,1,"[""ECFP_461""]",5,3156,0.0,0.0,0.0,0.0,0.0,0.0,,0.0,0.0,0.0,1,1,461,461
lightgbm_mse_regression,cluster_1547,1547,Cluster 1547: ECFP_460 (n=1),ECFP_460,ECFP_460,1,"[""ECFP_460""]",5,3156,0.0,0.0,0.0,0.0,0.0,0.0,,0.0,0.0,0.0,1,1,461,461
lightgbm_mse_regression,cluster_1546,1546,Cluster 1546: ECFP_46 (n=1),ECFP_46,ECFP_46,1,"[""ECFP_46""]",5,3156,0.0,0.0,0.0,0.0,0.0,0.0,,0.0,0.0,0.0,1,1,461,461
lightgbm_mse_regression,cluster_1544,1544,Cluster 1544: ECFP_458 (n=1),ECFP_458,ECFP_458,1,"[""ECFP_458""]",5,3156,0.0,0.0,0.0,0.0,0.0,0.0,,0.0,0.0,0.0,1,1,461,461
lightgbm_mse_regression,cluster_1543,1543,Cluster 1543: ECFP_457 (n=1),ECFP_457,ECFP_457,1,"[""ECFP_457""]",4,2525,0.0,0.0,0.0,0.0,0.0,0.0,,0.0,0.0,0.0,1,1,461,461
lightgbm_mse_regression,cluster_1541,1541,Cluster 1541: ECFP_455 (n=1),ECFP_455,ECFP_455,1,"[""ECFP_455""]",5,3156,0.0,0.0,0.0,0.0,0.0,0.0,,0.0,0.0,0.0,1,1,461,461
lightgbm_mse_regression,cluster_1540,1540,Cluster 1540: ECFP_454 (n=1),ECFP_454,ECFP_454,1,"[""ECFP_454""]",5,3156,0.0,0.0,0.0,0.0,0.0,0.0,,0.0,0.0,0.0,1,1,461,461
lightgbm_mse_regression,cluster_1565,1565,Cluster 1565: ECFP_477 (n=1),ECFP_477,ECFP_477,1,"[""ECFP_477""]",4,2525,0.0,0.0,0.0,0.0,0.0,0.0,,0.0,0.0,0.0,1,1,461,461
lightgbm_mse_regression,cluster_1566,1566,Cluster 1566: ECFP_478 (n=1),ECFP_478,ECFP_478,1,"[""ECFP_478""]",5,3156,0.0,0.0,0.0,0.0,0.0,0.0,,0.0,0.0,0.0,1,1,461,461
lightgbm_mse_regression,cluster_1567,1567,Cluster 1567: ECFP_479 (n=1),ECFP_479,ECFP_479,1,"[""ECFP_479""]",5,3156,0.0,0.0,0.0,0.0,0.0,0.0,,0.0,0.0,0.0,1,1,461,461
lightgbm_mse_regression,cluster_1582,1582,Cluster 1582: ECFP_492 (n=1),ECFP_492,ECFP_492,1,"[""ECFP_492""]",4,2524,0.0,0.0,0.0,0.0,0.0,0.0,,0.0,0.0,0.0,1,1,461,461
lightgbm_mse_regression,cluster_1592,1592,Cluster 1592: ECFP_500 (n=1),ECFP_500,ECFP_500,1,"[""ECFP_500""]",5,3156,0.0,0.0,0.0,0.0,0.0,0.0,,0.0,0.0,0.0,1,1,461,461
lightgbm_mse_regression,cluster_1591,1591,Cluster 1591: ECFP_50 (n=1),ECFP_50,ECFP_50,1,"[""ECFP_50""]",5,3156,0.0,0.0,0.0,0.0,0.0,0.0,,0.0,0.0,0.0,1,1,461,461
lightgbm_mse_regression,cluster_1590,1590,Cluster 1590: ECFP_5 (n=1),ECFP_5,ECFP_5,1,"[""ECFP_5""]",5,3156,0.0,0.0,0.0,0.0,0.0,0.0,,0.0,0.0,0.0,1,1,461,461
lightgbm_mse_regression,cluster_158,158,Cluster 158: ECFP_1050 (n=1),ECFP_1050,ECFP_1050,1,"[""ECFP_1050""]",5,3156,0.0,0.0,0.0,0.0,0.0,0.0,,0.0,0.0,0.0,1,1,461,461
lightgbm_mse_regression,cluster_1589,1589,Cluster 1589: ECFP_499 (n=1),ECFP_499,ECFP_499,1,"[""ECFP_499""]",4,2525,0.0,0.0,0.0,0.0,0.0,0.0,,0.0,0.0,0.0,1,1,461,461
lightgbm_mse_regression,cluster_1588,1588,Cluster 1588: ECFP_498 (n=1),ECFP_498,ECFP_498,1,"[""ECFP_498""]",4,2525,0.0,0.0,0.0,0.0,0.0,0.0,,0.0,0.0,0.0,1,1,461,461
lightgbm_mse_regression,cluster_1587,1587,Cluster 1587: ECFP_497 (n=1),ECFP_497,ECFP_497,1,"[""ECFP_497""]",5,3156,0.0,0.0,0.0,0.0,0.0,0.0,,0.0,0.0,0.0,1,1,461,461
lightgbm_mse_regression,cluster_1586,1586,Cluster 1586: ECFP_496 (n=1),ECFP_496,ECFP_496,1,"[""ECFP_496""]",5,3156,0.0,0.0,0.0,0.0,0.0,0.0,,0.0,0.0,0.0,1,1,461,461
lightgbm_mse_regression,cluster_1585,1585,Cluster 1585: ECFP_495 (n=1),ECFP_495,ECFP_495,1,"[""ECFP_495""]",5,3156,0.0,0.0,0.0,0.0,0.0,0.0,,0.0,0.0,0.0,1,1,461,461
lightgbm_mse_regression,cluster_1584,1584,Cluster 1584: ECFP_494 (n=1),ECFP_494,ECFP_494,1,"[""ECFP_494""]",5,3156,0.0,0.0,0.0,0.0,0.0,0.0,,0.0,0.0,0.0,1,1,461,461
lightgbm_mse_regression,cluster_1583,1583,Cluster 1583: ECFP_493 (n=1),ECFP_493,ECFP_493,1,"[""ECFP_493""]",5,3156,0.0,0.0,0.0,0.0,0.0,0.0,,0.0,0.0,0.0,1,1,461,461
lightgbm_mse_regression,cluster_1580,1580,Cluster 1580: ECFP_490 (n=1),ECFP_490,ECFP_490,1,"[""ECFP_490""]",5,3156,0.0,0.0,0.0,0.0,0.0,0.0,,0.0,0.0,0.0,1,1,461,461
lightgbm_mse_regression,cluster_1568,1568,Cluster 1568: ECFP_48 (n=1),ECFP_48,ECFP_48,1,"[""ECFP_48""]",4,2525,0.0,0.0,0.0,0.0,0.0,0.0,,0.0,0.0,0.0,1,1,461,461
lightgbm_mse_regression,cluster_157,157,Cluster 157: ECFP_105 (n=1),ECFP_105,ECFP_105,1,"[""ECFP_105""]",5,3156,0.0,0.0,0.0,0.0,0.0,0.0,,0.0,0.0,0.0,1,1,461,461
lightgbm_mse_regression,cluster_1578,1578,Cluster 1578: ECFP_489 (n=1),ECFP_489,ECFP_489,1,"[""ECFP_489""]",5,3156,0.0,0.0,0.0,0.0,0.0,0.0,,0.0,0.0,0.0,1,1,461,461
lightgbm_mse_regression,cluster_1577,1577,Cluster 1577: ECFP_488 (n=1),ECFP_488,ECFP_488,1,"[""ECFP_488""]",5,3156,0.0,0.0,0.0,0.0,0.0,0.0,,0.0,0.0,0.0,1,1,461,461
lightgbm_mse_regression,cluster_1576,1576,Cluster 1576: ECFP_487 (n=1),ECFP_487,ECFP_487,1,"[""ECFP_487""]",5,3156,0.0,0.0,0.0,0.0,0.0,0.0,,0.0,0.0,0.0,1,1,461,461
lightgbm_mse_regression,cluster_1574,1574,Cluster 1574: ECFP_485 (n=1),ECFP_485,ECFP_485,1,"[""ECFP_485""]",5,3156,0.0,0.0,0.0,0.0,0.0,0.0,,0.0,0.0,0.0,1,1,461,461
lightgbm_mse_regression,cluster_1573,1573,Cluster 1573: ECFP_484 (n=1),ECFP_484,ECFP_484,1,"[""ECFP_484""]",5,3156,0.0,0.0,0.0,0.0,0.0,0.0,,0.0,0.0,0.0,1,1,461,461
lightgbm_mse_regression,cluster_1572,1572,Cluster 1572: ECFP_483 (n=1),ECFP_483,ECFP_483,1,"[""ECFP_483""]",5,3156,0.0,0.0,0.0,0.0,0.0,0.0,,0.0,0.0,0.0,1,1,461,461
lightgbm_mse_regression,cluster_1571,1571,Cluster 1571: ECFP_482 (n=1),ECFP_482,ECFP_482,1,"[""ECFP_482""]",5,3156,0.0,0.0,0.0,0.0,0.0,0.0,,0.0,0.0,0.0,1,1,461,461
lightgbm_mse_regression,cluster_1570,1570,Cluster 1570: ECFP_481 (n=1),ECFP_481,ECFP_481,1,"[""ECFP_481""]",5,3156,0.0,0.0,0.0,0.0,0.0,0.0,,0.0,0.0,0.0,1,1,461,461
lightgbm_mse_regression,cluster_156,156,Cluster 156: ECFP_1049 (n=1),ECFP_1049,ECFP_1049,1,"[""ECFP_1049""]",5,3156,0.0,0.0,0.0,0.0,0.0,0.0,,0.0,0.0,0.0,1,1,461,461
lightgbm_mse_regression,cluster_1569,1569,Cluster 1569: ECFP_480 (n=1),ECFP_480,ECFP_480,1,"[""ECFP_480""]",5,3156,0.0,0.0,0.0,0.0,0.0,0.0,,0.0,0.0,0.0,1,1,461,461
lightgbm_mse_regression,cluster_1539,1539,Cluster 1539: ECFP_453 (n=1),ECFP_453,ECFP_453,1,"[""ECFP_453""]",5,3156,0.0,0.0,0.0,0.0,0.0,0.0,,0.0,0.0,0.0,1,1,461,461
lightgbm_mse_regression,cluster_1538,1538,Cluster 1538: ECFP_452 (n=1),ECFP_452,ECFP_452,1,"[""ECFP_452""]",4,2524,0.0,0.0,0.0,0.0,0.0,0.0,,0.0,0.0,0.0,1,1,461,461
lightgbm_mse_regression,cluster_1537,1537,Cluster 1537: ECFP_451 (n=1),ECFP_451,ECFP_451,1,"[""ECFP_451""]",5,3156,0.0,0.0,0.0,0.0,0.0,0.0,,0.0,0.0,0.0,1,1,461,461
lightgbm_mse_regression,cluster_1495,1495,Cluster 1495: ECFP_413 (n=1),ECFP_413,ECFP_413,1,"[""ECFP_413""]",5,3156,0.0,0.0,0.0,0.0,0.0,0.0,,0.0,0.0,0.0,1,1,461,461
lightgbm_mse_regression,cluster_1505,1505,Cluster 1505: ECFP_422 (n=1),ECFP_422,ECFP_422,1,"[""ECFP_422""]",5,3156,0.0,0.0,0.0,0.0,0.0,0.0,,0.0,0.0,0.0,1,1,461,461
lightgbm_mse_regression,cluster_1504,1504,Cluster 1504: ECFP_421 (n=1),ECFP_421,ECFP_421,1,"[""ECFP_421""]",5,3156,0.0,0.0,0.0,0.0,0.0,0.0,,0.0,0.0,0.0,1,1,461,461
lightgbm_mse_regression,cluster_1503,1503,Cluster 1503: ECFP_420 (n=1),ECFP_420,ECFP_420,1,"[""ECFP_420""]",4,2525,0.0,0.0,0.0,0.0,0.0,0.0,,0.0,0.0,0.0,1,1,461,461
lightgbm_mse_regression,cluster_1502,1502,Cluster 1502: ECFP_42 (n=1),ECFP_42,ECFP_42,1,"[""ECFP_42""]",5,3156,0.0,0.0,0.0,0.0,0.0,0.0,,0.0,0.0,0.0,1,1,461,461
lightgbm_mse_regression,cluster_1501,1501,Cluster 1501: ECFP_419 (n=1),ECFP_419,ECFP_419,1,"[""ECFP_419""]",5,3156,0.0,0.0,0.0,0.0,0.0,0.0,,0.0,0.0,0.0,1,1,461,461
lightgbm_mse_regression,cluster_1500,1500,Cluster 1500: ECFP_418 (n=1),ECFP_418,ECFP_418,1,"[""ECFP_418""]",5,3156,0.0,0.0,0.0,0.0,0.0,0.0,,0.0,0.0,0.0,1,1,461,461
lightgbm_mse_regression,cluster_149,149,Cluster 149: ECFP_1042 (n=1),ECFP_1042,ECFP_1042,1,"[""ECFP_1042""]",4,2525,0.0,0.0,0.0,0.0,0.0,0.0,,0.0,0.0,0.0,1,1,461,461
lightgbm_mse_regression,cluster_1499,1499,Cluster 1499: ECFP_417 (n=1),ECFP_417,ECFP_417,1,"[""ECFP_417""]",4,2525,0.0,0.0,0.0,0.0,0.0,0.0,,0.0,0.0,0.0,1,1,461,461
lightgbm_mse_regression,cluster_1498,1498,Cluster 1498: ECFP_416 (n=1),ECFP_416,ECFP_416,1,"[""ECFP_416""]",5,3156,0.0,0.0,0.0,0.0,0.0,0.0,,0.0,0.0,0.0,1,1,461,461
lightgbm_mse_regression,cluster_1497,1497,Cluster 1497: ECFP_415 (n=1),ECFP_415,ECFP_415,1,"[""ECFP_415""]",5,3156,0.0,0.0,0.0,0.0,0.0,0.0,,0.0,0.0,0.0,1,1,461,461
lightgbm_mse_regression,cluster_1496,1496,Cluster 1496: ECFP_414 (n=1),ECFP_414,ECFP_414,1,"[""ECFP_414""]",5,3156,0.0,0.0,0.0,0.0,0.0,0.0,,0.0,0.0,0.0,1,1,461,461
lightgbm_mse_regression,cluster_1494,1494,Cluster 1494: ECFP_412 (n=1),ECFP_412,ECFP_412,1,"[""ECFP_412""]",5,3156,0.0,0.0,0.0,0.0,0.0,0.0,,0.0,0.0,0.0,1,1,461,461
lightgbm_mse_regression,cluster_1507,1507,Cluster 1507: ECFP_424 (n=1),ECFP_424,ECFP_424,1,"[""ECFP_424""]",5,3156,0.0,0.0,0.0,0.0,0.0,0.0,,0.0,0.0,0.0,1,1,461,461
lightgbm_mse_regression,cluster_1493,1493,Cluster 1493: ECFP_411 (n=1),ECFP_411,ECFP_411,1,"[""ECFP_411""]",5,3156,0.0,0.0,0.0,0.0,0.0,0.0,,0.0,0.0,0.0,1,1,461,461
lightgbm_mse_regression,cluster_1492,1492,Cluster 1492: ECFP_410 (n=1),ECFP_410,ECFP_410,1,"[""ECFP_410""]",4,2525,0.0,0.0,0.0,0.0,0.0,0.0,,0.0,0.0,0.0,1,1,461,461
lightgbm_mse_regression,cluster_1491,1491,Cluster 1491: ECFP_41 (n=1),ECFP_41,ECFP_41,1,"[""ECFP_41""]",5,3156,0.0,0.0,0.0,0.0,0.0,0.0,,0.0,0.0,0.0,1,1,461,461
lightgbm_mse_regression,cluster_1490,1490,Cluster 1490: ECFP_409 (n=1),ECFP_409,ECFP_409,1,"[""ECFP_409""]",5,3156,0.0,0.0,0.0,0.0,0.0,0.0,,0.0,0.0,0.0,1,1,461,461
lightgbm_mse_regression,cluster_148,148,Cluster 148: ECFP_1041 (n=1),ECFP_1041,ECFP_1041,1,"[""ECFP_1041""]",4,2525,0.0,0.0,0.0,0.0,0.0,0.0,,0.0,0.0,0.0,1,1,461,461
lightgbm_mse_regression,cluster_1489,1489,Cluster 1489: ECFP_408 (n=1),ECFP_408,ECFP_408,1,"[""ECFP_408""]",5,3156,0.0,0.0,0.0,0.0,0.0,0.0,,0.0,0.0,0.0,1,1,461,461
lightgbm_mse_regression,cluster_1488,1488,Cluster 1488: ECFP_407 (n=1),ECFP_407,ECFP_407,1,"[""ECFP_407""]",5,3156,0.0,0.0,0.0,0.0,0.0,0.0,,0.0,0.0,0.0,1,1,461,461
lightgbm_mse_regression,cluster_1487,1487,Cluster 1487: ECFP_406 (n=1),ECFP_406,ECFP_406,1,"[""ECFP_406""]",5,3156,0.0,0.0,0.0,0.0,0.0,0.0,,0.0,0.0,0.0,1,1,461,461
lightgbm_mse_regression,cluster_1486,1486,Cluster 1486: ECFP_405 (n=1),ECFP_405,ECFP_405,1,"[""ECFP_405""]",5,3156,0.0,0.0,0.0,0.0,0.0,0.0,,0.0,0.0,0.0,1,1,461,461
lightgbm_mse_regression,cluster_1485,1485,Cluster 1485: ECFP_404 (n=1),ECFP_404,ECFP_404,1,"[""ECFP_404""]",5,3156,0.0,0.0,0.0,0.0,0.0,0.0,,0.0,0.0,0.0,1,1,461,461
lightgbm_mse_regression,cluster_1484,1484,Cluster 1484: ECFP_403 (n=1),ECFP_403,ECFP_403,1,"[""ECFP_403""]",5,3156,0.0,0.0,0.0,0.0,0.0,0.0,,0.0,0.0,0.0,1,1,461,461
lightgbm_mse_regression,cluster_1506,1506,Cluster 1506: ECFP_423 (n=1),ECFP_423,ECFP_423,1,"[""ECFP_423""]",5,3156,0.0,0.0,0.0,0.0,0.0,0.0,,0.0,0.0,0.0,1,1,461,461
lightgbm_mse_regression,cluster_1508,1508,Cluster 1508: ECFP_425 (n=1),ECFP_425,ECFP_425,1,"[""ECFP_425""]",5,3156,0.0,0.0,0.0,0.0,0.0,0.0,,0.0,0.0,0.0,1,1,461,461
lightgbm_mse_regression,cluster_1534,1534,Cluster 1534: ECFP_449 (n=1),ECFP_449,ECFP_449,1,"[""ECFP_449""]",5,3156,0.0,0.0,0.0,0.0,0.0,0.0,,0.0,0.0,0.0,1,1,461,461
lightgbm_mse_regression,cluster_1522,1522,Cluster 1522: ECFP_438 (n=1),ECFP_438,ECFP_438,1,"[""ECFP_438""]",4,2525,0.0,0.0,0.0,0.0,0.0,0.0,,0.0,0.0,0.0,1,1,461,461
lightgbm_mse_regression,cluster_1532,1532,Cluster 1532: ECFP_447 (n=1),ECFP_447,ECFP_447,1,"[""ECFP_447""]",5,3156,0.0,0.0,0.0,0.0,0.0,0.0,,0.0,0.0,0.0,1,1,461,461
lightgbm_mse_regression,cluster_1531,1531,Cluster 1531: ECFP_446 (n=1),ECFP_446,ECFP_446,1,"[""ECFP_446""]",5,3156,0.0,0.0,0.0,0.0,0.0,0.0,,0.0,0.0,0.0,1,1,461,461
lightgbm_mse_regression,cluster_1530,1530,Cluster 1530: ECFP_445 (n=1),ECFP_445,ECFP_445,1,"[""ECFP_445""]",5,3156,0.0,0.0,0.0,0.0,0.0,0.0,,0.0,0.0,0.0,1,1,461,461
lightgbm_mse_regression,cluster_152,152,Cluster 152: ECFP_1045 (n=1),ECFP_1045,ECFP_1045,1,"[""ECFP_1045""]",5,3156,0.0,0.0,0.0,0.0,0.0,0.0,,0.0,0.0,0.0,1,1,461,461
lightgbm_mse_regression,cluster_1529,1529,Cluster 1529: ECFP_444 (n=1),ECFP_444,ECFP_444,1,"[""ECFP_444""]",5,3156,0.0,0.0,0.0,0.0,0.0,0.0,,0.0,0.0,0.0,1,1,461,461
lightgbm_mse_regression,cluster_1528,1528,Cluster 1528: ECFP_443 (n=1),ECFP_443,ECFP_443,1,"[""ECFP_443""]",4,2525,0.0,0.0,0.0,0.0,0.0,0.0,,0.0,0.0,0.0,1,1,461,461
lightgbm_mse_regression,cluster_1527,1527,Cluster 1527: ECFP_442 (n=1),ECFP_442,ECFP_442,1,"[""ECFP_442""]",4,2525,0.0,0.0,0.0,0.0,0.0,0.0,,0.0,0.0,0.0,1,1,461,461
lightgbm_mse_regression,cluster_1526,1526,Cluster 1526: ECFP_441 (n=1),ECFP_441,ECFP_441,1,"[""ECFP_441""]",5,3156,0.0,0.0,0.0,0.0,0.0,0.0,,0.0,0.0,0.0,1,1,461,461
lightgbm_mse_regression,cluster_1525,1525,Cluster 1525: ECFP_440 (n=1),ECFP_440,ECFP_440,1,"[""ECFP_440""]",5,3156,0.0,0.0,0.0,0.0,0.0,0.0,,0.0,0.0,0.0,1,1,461,461
lightgbm_mse_regression,cluster_1524,1524,Cluster 1524: ECFP_44 (n=1),ECFP_44,ECFP_44,1,"[""ECFP_44""]",5,3156,0.0,0.0,0.0,0.0,0.0,0.0,,0.0,0.0,0.0,1,1,461,461
lightgbm_mse_regression,cluster_1523,1523,Cluster 1523: ECFP_439 (n=1),ECFP_439,ECFP_439,1,"[""ECFP_439""]",5,3156,0.0,0.0,0.0,0.0,0.0,0.0,,0.0,0.0,0.0,1,1,461,461
lightgbm_mse_regression,cluster_1521,1521,Cluster 1521: ECFP_437 (n=1),ECFP_437,ECFP_437,1,"[""ECFP_437""]",5,3156,0.0,0.0,0.0,0.0,0.0,0.0,,0.0,0.0,0.0,1,1,461,461
lightgbm_mse_regression,cluster_1509,1509,Cluster 1509: ECFP_426 (n=1),ECFP_426,ECFP_426,1,"[""ECFP_426""]",5,3156,0.0,0.0,0.0,0.0,0.0,0.0,,0.0,0.0,0.0,1,1,461,461
lightgbm_mse_regression,cluster_1520,1520,Cluster 1520: ECFP_436 (n=1),ECFP_436,ECFP_436,1,"[""ECFP_436""]",4,2525,0.0,0.0,0.0,0.0,0.0,0.0,,0.0,0.0,0.0,1,1,461,461
lightgbm_mse_regression,cluster_1519,1519,Cluster 1519: ECFP_435 (n=1),ECFP_435,ECFP_435,1,"[""ECFP_435""]",5,3156,0.0,0.0,0.0,0.0,0.0,0.0,,0.0,0.0,0.0,1,1,461,461
lightgbm_mse_regression,cluster_1518,1518,Cluster 1518: ECFP_434 (n=1),ECFP_434,ECFP_434,1,"[""ECFP_434""]",4,2525,0.0,0.0,0.0,0.0,0.0,0.0,,0.0,0.0,0.0,1,1,461,461
lightgbm_mse_regression,cluster_1517,1517,Cluster 1517: ECFP_433 (n=1),ECFP_433,ECFP_433,1,"[""ECFP_433""]",5,3156,0.0,0.0,0.0,0.0,0.0,0.0,,0.0,0.0,0.0,1,1,461,461
lightgbm_mse_regression,cluster_1516,1516,Cluster 1516: ECFP_432 (n=1),ECFP_432,ECFP_432,1,"[""ECFP_432""]",5,3156,0.0,0.0,0.0,0.0,0.0,0.0,,0.0,0.0,0.0,1,1,461,461
lightgbm_mse_regression,cluster_1515,1515,Cluster 1515: ECFP_431 (n=1),ECFP_431,ECFP_431,1,"[""ECFP_431""]",5,3156,0.0,0.0,0.0,0.0,0.0,0.0,,0.0,0.0,0.0,1,1,461,461
lightgbm_mse_regression,cluster_1514,1514,Cluster 1514: ECFP_430 (n=1),ECFP_430,ECFP_430,1,"[""ECFP_430""]",5,3156,0.0,0.0,0.0,0.0,0.0,0.0,,0.0,0.0,0.0,1,1,461,461
lightgbm_mse_regression,cluster_1513,1513,Cluster 1513: ECFP_43 (n=1),ECFP_43,ECFP_43,1,"[""ECFP_43""]",5,3156,0.0,0.0,0.0,0.0,0.0,0.0,,0.0,0.0,0.0,1,1,461,461
lightgbm_mse_regression,cluster_1512,1512,Cluster 1512: ECFP_429 (n=1),ECFP_429,ECFP_429,1,"[""ECFP_429""]",5,3156,0.0,0.0,0.0,0.0,0.0,0.0,,0.0,0.0,0.0,1,1,461,461
lightgbm_mse_regression,cluster_1511,1511,Cluster 1511: ECFP_428 (n=1),ECFP_428,ECFP_428,1,"[""ECFP_428""]",5,3156,0.0,0.0,0.0,0.0,0.0,0.0,,0.0,0.0,0.0,1,1,461,461
lightgbm_mse_regression,cluster_1510,1510,Cluster 1510: ECFP_427 (n=1),ECFP_427,ECFP_427,1,"[""ECFP_427""]",5,3156,0.0,0.0,0.0,0.0,0.0,0.0,,0.0,0.0,0.0,1,1,461,461
lightgbm_mse_regression,cluster_1593,1593,Cluster 1593: ECFP_501 (n=1),ECFP_501,ECFP_501,1,"[""ECFP_501""]",5,3156,0.0,0.0,0.0,0.0,0.0,0.0,,0.0,0.0,0.0,1,1,461,461
lightgbm_mse_regression,cluster_1595,1595,Cluster 1595: ECFP_503 (n=1),ECFP_503,ECFP_503,1,"[""ECFP_503""]",5,3156,0.0,0.0,0.0,0.0,0.0,0.0,,0.0,0.0,0.0,1,1,461,461
lightgbm_mse_regression,cluster_1715,1715,Cluster 1715: ECFP_612 (n=1),ECFP_612,ECFP_612,1,"[""ECFP_612""]",5,3156,0.0,0.0,0.0,0.0,0.0,0.0,,0.0,0.0,0.0,1,1,461,461
lightgbm_mse_regression,cluster_1596,1596,Cluster 1596: ECFP_504 (n=1),ECFP_504,ECFP_504,1,"[""ECFP_504""]",5,3156,0.0,0.0,0.0,0.0,0.0,0.0,,0.0,0.0,0.0,1,1,461,461
lightgbm_mse_regression,cluster_1684,1684,Cluster 1684: ECFP_585 (n=1),ECFP_585,ECFP_585,1,"[""ECFP_585""]",5,3156,0.0,0.0,0.0,0.0,0.0,0.0,,0.0,0.0,0.0,1,1,461,461
lightgbm_mse_regression,cluster_1683,1683,Cluster 1683: ECFP_584 (n=1),ECFP_584,ECFP_584,1,"[""ECFP_584""]",5,3156,0.0,0.0,0.0,0.0,0.0,0.0,,0.0,0.0,0.0,1,1,461,461
lightgbm_mse_regression,cluster_1682,1682,Cluster 1682: ECFP_583 (n=1),ECFP_583,ECFP_583,1,"[""ECFP_583""]",5,3156,0.0,0.0,0.0,0.0,0.0,0.0,,0.0,0.0,0.0,1,1,461,461
lightgbm_mse_regression,cluster_1681,1681,Cluster 1681: ECFP_582 (n=1),ECFP_582,ECFP_582,1,"[""ECFP_582""]",5,3156,0.0,0.0,0.0,0.0,0.0,0.0,,0.0,0.0,0.0,1,1,461,461
lightgbm_mse_regression,cluster_1680,1680,Cluster 1680: ECFP_581 (n=1),ECFP_581,ECFP_581,1,"[""ECFP_581""]",5,3156,0.0,0.0,0.0,0.0,0.0,0.0,,0.0,0.0,0.0,1,1,461,461
lightgbm_mse_regression,cluster_167,167,Cluster 167: ECFP_1059 (n=1),ECFP_1059,ECFP_1059,1,"[""ECFP_1059""]",4,2524,0.0,0.0,0.0,0.0,0.0,0.0,,0.0,0.0,0.0,1,1,461,461
lightgbm_mse_regression,cluster_1679,1679,Cluster 1679: ECFP_580 (n=1),ECFP_580,ECFP_580,1,"[""ECFP_580""]",5,3156,0.0,0.0,0.0,0.0,0.0,0.0,,0.0,0.0,0.0,1,1,461,461
lightgbm_mse_regression,cluster_1678,1678,Cluster 1678: ECFP_58 (n=1),ECFP_58,ECFP_58,1,"[""ECFP_58""]",5,3156,0.0,0.0,0.0,0.0,0.0,0.0,,0.0,0.0,0.0,1,1,461,461
lightgbm_mse_regression,cluster_1677,1677,Cluster 1677: ECFP_579 (n=1),ECFP_579,ECFP_579,1,"[""ECFP_579""]",5,3156,0.0,0.0,0.0,0.0,0.0,0.0,,0.0,0.0,0.0,1,1,461,461
lightgbm_mse_regression,cluster_1676,1676,Cluster 1676: ECFP_578 (n=1),ECFP_578,ECFP_578,1,"[""ECFP_578""]",4,2524,0.0,0.0,0.0,0.0,0.0,0.0,,0.0,0.0,0.0,1,1,461,461
lightgbm_mse_regression,cluster_1675,1675,Cluster 1675: ECFP_577 (n=1),ECFP_577,ECFP_577,1,"[""ECFP_577""]",5,3156,0.0,0.0,0.0,0.0,0.0,0.0,,0.0,0.0,0.0,1,1,461,461
lightgbm_mse_regression,cluster_1674,1674,Cluster 1674: ECFP_576 (n=1),ECFP_576,ECFP_576,1,"[""ECFP_576""]",5,3156,0.0,0.0,0.0,0.0,0.0,0.0,,0.0,0.0,0.0,1,1,461,461
lightgbm_mse_regression,cluster_1673,1673,Cluster 1673: ECFP_575 (n=1),ECFP_575,ECFP_575,1,"[""ECFP_575""]",5,3156,0.0,0.0,0.0,0.0,0.0,0.0,,0.0,0.0,0.0,1,1,461,461
lightgbm_mse_regression,cluster_1672,1672,Cluster 1672: ECFP_574 (n=1),ECFP_574,ECFP_574,1,"[""ECFP_574""]",4,2525,0.0,0.0,0.0,0.0,0.0,0.0,,0.0,0.0,0.0,1,1,461,461
lightgbm_mse_regression,cluster_1670,1670,Cluster 1670: ECFP_572 (n=1),ECFP_572,ECFP_572,1,"[""ECFP_572""]",4,2525,0.0,0.0,0.0,0.0,0.0,0.0,,0.0,0.0,0.0,1,1,461,461
lightgbm_mse_regression,cluster_166,166,Cluster 166: ECFP_1058 (n=1),ECFP_1058,ECFP_1058,1,"[""ECFP_1058""]",5,3156,0.0,0.0,0.0,0.0,0.0,0.0,,0.0,0.0,0.0,1,1,461,461
lightgbm_mse_regression,cluster_1669,1669,Cluster 1669: ECFP_571 (n=1),ECFP_571,ECFP_571,1,"[""ECFP_571""]",5,3156,0.0,0.0,0.0,0.0,0.0,0.0,,0.0,0.0,0.0,1,1,461,461
lightgbm_mse_regression,cluster_1668,1668,Cluster 1668: ECFP_570 (n=1),ECFP_570,ECFP_570,1,"[""ECFP_570""]",5,3156,0.0,0.0,0.0,0.0,0.0,0.0,,0.0,0.0,0.0,1,1,461,461
lightgbm_mse_regression,cluster_1667,1667,Cluster 1667: ECFP_57 (n=1),ECFP_57,ECFP_57,1,"[""ECFP_57""]",5,3156,0.0,0.0,0.0,0.0,0.0,0.0,,0.0,0.0,0.0,1,1,461,461
lightgbm_mse_regression,cluster_1666,1666,Cluster 1666: ECFP_569 (n=1),ECFP_569,ECFP_569,1,"[""ECFP_569""]",5,3156,0.0,0.0,0.0,0.0,0.0,0.0,,0.0,0.0,0.0,1,1,461,461
lightgbm_mse_regression,cluster_1664,1664,Cluster 1664: ECFP_567 (n=1),ECFP_567,ECFP_567,1,"[""ECFP_567""]",5,3156,0.0,0.0,0.0,0.0,0.0,0.0,,0.0,0.0,0.0,1,1,461,461
lightgbm_mse_regression,cluster_1663,1663,Cluster 1663: ECFP_566 (n=1),ECFP_566,ECFP_566,1,"[""ECFP_566""]",4,2525,0.0,0.0,0.0,0.0,0.0,0.0,,0.0,0.0,0.0,1,1,461,461
lightgbm_mse_regression,cluster_1662,1662,Cluster 1662: ECFP_565 (n=1),ECFP_565,ECFP_565,1,"[""ECFP_565""]",5,3156,0.0,0.0,0.0,0.0,0.0,0.0,,0.0,0.0,0.0,1,1,461,461
lightgbm_mse_regression,cluster_1661,1661,Cluster 1661: ECFP_564 (n=1),ECFP_564,ECFP_564,1,"[""ECFP_564""]",5,3156,0.0,0.0,0.0,0.0,0.0,0.0,,0.0,0.0,0.0,1,1,461,461
lightgbm_mse_regression,cluster_1660,1660,Cluster 1660: ECFP_563 (n=1),ECFP_563,ECFP_563,1,"[""ECFP_563""]",4,2525,0.0,0.0,0.0,0.0,0.0,0.0,,0.0,0.0,0.0,1,1,461,461
lightgbm_mse_regression,cluster_1685,1685,Cluster 1685: ECFP_586 (n=1),ECFP_586,ECFP_586,1,"[""ECFP_586""]",5,3156,0.0,0.0,0.0,0.0,0.0,0.0,,0.0,0.0,0.0,1,1,461,461
lightgbm_mse_regression,cluster_1686,1686,Cluster 1686: ECFP_587 (n=1),ECFP_587,ECFP_587,1,"[""ECFP_587""]",5,3156,0.0,0.0,0.0,0.0,0.0,0.0,,0.0,0.0,0.0,1,1,461,461
lightgbm_mse_regression,cluster_1687,1687,Cluster 1687: ECFP_588 (n=1),ECFP_588,ECFP_588,1,"[""ECFP_588""]",5,3156,0.0,0.0,0.0,0.0,0.0,0.0,,0.0,0.0,0.0,1,1,461,461
lightgbm_mse_regression,cluster_1703,1703,Cluster 1703: ECFP_601 (n=1),ECFP_601,ECFP_601,1,"[""ECFP_601""]",5,3156,0.0,0.0,0.0,0.0,0.0,0.0,,0.0,0.0,0.0,1,1,461,461
lightgbm_mse_regression,cluster_1714,1714,Cluster 1714: ECFP_611 (n=1),ECFP_611,ECFP_611,1,"[""ECFP_611""]",5,3156,0.0,0.0,0.0,0.0,0.0,0.0,,0.0,0.0,0.0,1,1,461,461
lightgbm_mse_regression,cluster_1712,1712,Cluster 1712: ECFP_61 (n=1),ECFP_61,ECFP_61,1,"[""ECFP_61""]",5,3156,0.0,0.0,0.0,0.0,0.0,0.0,,0.0,0.0,0.0,1,1,461,461
lightgbm_mse_regression,cluster_1711,1711,Cluster 1711: ECFP_609 (n=1),ECFP_609,ECFP_609,1,"[""ECFP_609""]",5,3156,0.0,0.0,0.0,0.0,0.0,0.0,,0.0,0.0,0.0,1,1,461,461
lightgbm_mse_regression,cluster_1710,1710,Cluster 1710: ECFP_608 (n=1),ECFP_608,ECFP_608,1,"[""ECFP_608""]",5,3156,0.0,0.0,0.0,0.0,0.0,0.0,,0.0,0.0,0.0,1,1,461,461
lightgbm_mse_regression,cluster_170,170,Cluster 170: ECFP_1061 (n=1),ECFP_1061,ECFP_1061,1,"[""ECFP_1061""]",4,2525,0.0,0.0,0.0,0.0,0.0,0.0,,0.0,0.0,0.0,1,1,461,461
lightgbm_mse_regression,cluster_1709,1709,Cluster 1709: ECFP_607 (n=1),ECFP_607,ECFP_607,1,"[""ECFP_607""]",5,3156,0.0,0.0,0.0,0.0,0.0,0.0,,0.0,0.0,0.0,1,1,461,461
lightgbm_mse_regression,cluster_1708,1708,Cluster 1708: ECFP_606 (n=1),ECFP_606,ECFP_606,1,"[""ECFP_606""]",5,3156,0.0,0.0,0.0,0.0,0.0,0.0,,0.0,0.0,0.0,1,1,461,461
lightgbm_mse_regression,cluster_1707,1707,Cluster 1707: ECFP_605 (n=1),ECFP_605,ECFP_605,1,"[""ECFP_605""]",5,3156,0.0,0.0,0.0,0.0,0.0,0.0,,0.0,0.0,0.0,1,1,461,461
lightgbm_mse_regression,cluster_1706,1706,Cluster 1706: ECFP_604 (n=1),ECFP_604,ECFP_604,1,"[""ECFP_604""]",5,3156,0.0,0.0,0.0,0.0,0.0,0.0,,0.0,0.0,0.0,1,1,461,461
lightgbm_mse_regression,cluster_1705,1705,Cluster 1705: ECFP_603 (n=1),ECFP_603,ECFP_603,1,"[""ECFP_603""]",5,3156,0.0,0.0,0.0,0.0,0.0,0.0,,0.0,0.0,0.0,1,1,461,461
lightgbm_mse_regression,cluster_1704,1704,Cluster 1704: ECFP_602 (n=1),ECFP_602,ECFP_602,1,"[""ECFP_602""]",5,3156,0.0,0.0,0.0,0.0,0.0,0.0,,0.0,0.0,0.0,1,1,461,461
lightgbm_mse_regression,cluster_1702,1702,Cluster 1702: ECFP_600 (n=1),ECFP_600,ECFP_600,1,"[""ECFP_600""]",5,3156,0.0,0.0,0.0,0.0,0.0,0.0,,0.0,0.0,0.0,1,1,461,461
lightgbm_mse_regression,cluster_1688,1688,Cluster 1688: ECFP_589 (n=1),ECFP_589,ECFP_589,1,"[""ECFP_589""]",5,3156,0.0,0.0,0.0,0.0,0.0,0.0,,0.0,0.0,0.0,1,1,461,461
lightgbm_mse_regression,cluster_1701,1701,Cluster 1701: ECFP_60 (n=1),ECFP_60,ECFP_60,1,"[""ECFP_60""]",5,3156,0.0,0.0,0.0,0.0,0.0,0.0,,0.0,0.0,0.0,1,1,461,461
lightgbm_mse_regression,cluster_1700,1700,Cluster 1700: ECFP_6 (n=1),ECFP_6,ECFP_6,1,"[""ECFP_6""]",5,3156,0.0,0.0,0.0,0.0,0.0,0.0,,0.0,0.0,0.0,1,1,461,461
lightgbm_mse_regression,cluster_1699,1699,Cluster 1699: ECFP_599 (n=1),ECFP_599,ECFP_599,1,"[""ECFP_599""]",5,3156,0.0,0.0,0.0,0.0,0.0,0.0,,0.0,0.0,0.0,1,1,461,461
lightgbm_mse_regression,cluster_1697,1697,Cluster 1697: ECFP_597 (n=1),ECFP_597,ECFP_597,1,"[""ECFP_597""]",5,3156,0.0,0.0,0.0,0.0,0.0,0.0,,0.0,0.0,0.0,1,1,461,461
lightgbm_mse_regression,cluster_1695,1695,Cluster 1695: ECFP_595 (n=1),ECFP_595,ECFP_595,1,"[""ECFP_595""]",5,3156,0.0,0.0,0.0,0.0,0.0,0.0,,0.0,0.0,0.0,1,1,461,461
lightgbm_mse_regression,cluster_1694,1694,Cluster 1694: ECFP_594 (n=1),ECFP_594,ECFP_594,1,"[""ECFP_594""]",4,2525,0.0,0.0,0.0,0.0,0.0,0.0,,0.0,0.0,0.0,1,1,461,461
lightgbm_mse_regression,cluster_1693,1693,Cluster 1693: ECFP_593 (n=1),ECFP_593,ECFP_593,1,"[""ECFP_593""]",5,3156,0.0,0.0,0.0,0.0,0.0,0.0,,0.0,0.0,0.0,1,1,461,461
lightgbm_mse_regression,cluster_1691,1691,Cluster 1691: ECFP_591 (n=1),ECFP_591,ECFP_591,1,"[""ECFP_591""]",5,3156,0.0,0.0,0.0,0.0,0.0,0.0,,0.0,0.0,0.0,1,1,461,461
lightgbm_mse_regression,cluster_1690,1690,Cluster 1690: ECFP_590 (n=1),ECFP_590,ECFP_590,1,"[""ECFP_590""]",5,3156,0.0,0.0,0.0,0.0,0.0,0.0,,0.0,0.0,0.0,1,1,461,461
lightgbm_mse_regression,cluster_168,168,Cluster 168: ECFP_106 (n=1),ECFP_106,ECFP_106,1,"[""ECFP_106""]",5,3156,0.0,0.0,0.0,0.0,0.0,0.0,,0.0,0.0,0.0,1,1,461,461
lightgbm_mse_regression,cluster_1689,1689,Cluster 1689: ECFP_59 (n=1),ECFP_59,ECFP_59,1,"[""ECFP_59""]",5,3156,0.0,0.0,0.0,0.0,0.0,0.0,,0.0,0.0,0.0,1,1,461,461
lightgbm_mse_regression,cluster_1658,1658,Cluster 1658: ECFP_560 (n=1),ECFP_560,ECFP_560,1,"[""ECFP_560""]",4,2525,0.0,0.0,0.0,0.0,0.0,0.0,,0.0,0.0,0.0,1,1,461,461
lightgbm_mse_regression,cluster_1657,1657,Cluster 1657: ECFP_56 (n=1),ECFP_56,ECFP_56,1,"[""ECFP_56""]",5,3156,0.0,0.0,0.0,0.0,0.0,0.0,,0.0,0.0,0.0,1,1,461,461
lightgbm_mse_regression,cluster_1656,1656,Cluster 1656: ECFP_559 (n=1),ECFP_559,ECFP_559,1,"[""ECFP_559""]",5,3156,0.0,0.0,0.0,0.0,0.0,0.0,,0.0,0.0,0.0,1,1,461,461
lightgbm_mse_regression,cluster_160,160,Cluster 160: ECFP_1052 (n=1),ECFP_1052,ECFP_1052,1,"[""ECFP_1052""]",4,2525,0.0,0.0,0.0,0.0,0.0,0.0,,0.0,0.0,0.0,1,1,461,461
lightgbm_mse_regression,cluster_1621,1621,Cluster 1621: ECFP_527 (n=1),ECFP_527,ECFP_527,1,"[""ECFP_527""]",5,3156,0.0,0.0,0.0,0.0,0.0,0.0,,0.0,0.0,0.0,1,1,461,461
lightgbm_mse_regression,cluster_1620,1620,Cluster 1620: ECFP_526 (n=1),ECFP_526,ECFP_526,1,"[""ECFP_526""]",5,3156,0.0,0.0,0.0,0.0,0.0,0.0,,0.0,0.0,0.0,1,1,461,461
lightgbm_mse_regression,cluster_161,161,Cluster 161: ECFP_1053 (n=1),ECFP_1053,ECFP_1053,1,"[""ECFP_1053""]",4,2525,0.0,0.0,0.0,0.0,0.0,0.0,,0.0,0.0,0.0,1,1,461,461
lightgbm_mse_regression,cluster_1619,1619,Cluster 1619: ECFP_525 (n=1),ECFP_525,ECFP_525,1,"[""ECFP_525""]",5,3156,0.0,0.0,0.0,0.0,0.0,0.0,,0.0,0.0,0.0,1,1,461,461
lightgbm_mse_regression,cluster_1618,1618,Cluster 1618: ECFP_524 (n=1),ECFP_524,ECFP_524,1,"[""ECFP_524""]",5,3156,0.0,0.0,0.0,0.0,0.0,0.0,,0.0,0.0,0.0,1,1,461,461
lightgbm_mse_regression,cluster_1617,1617,Cluster 1617: ECFP_523 (n=1),ECFP_523,ECFP_523,1,"[""ECFP_523""]",5,3156,0.0,0.0,0.0,0.0,0.0,0.0,,0.0,0.0,0.0,1,1,461,461
lightgbm_mse_regression,cluster_1616,1616,Cluster 1616: ECFP_522 (n=1),ECFP_522,ECFP_522,1,"[""ECFP_522""]",5,3156,0.0,0.0,0.0,0.0,0.0,0.0,,0.0,0.0,0.0,1,1,461,461
lightgbm_mse_regression,cluster_1615,1615,Cluster 1615: ECFP_521 (n=1),ECFP_521,ECFP_521,1,"[""ECFP_521""]",5,3156,0.0,0.0,0.0,0.0,0.0,0.0,,0.0,0.0,0.0,1,1,461,461
lightgbm_mse_regression,cluster_1613,1613,Cluster 1613: ECFP_52 (n=1),ECFP_52,ECFP_52,1,"[""ECFP_52""]",5,3156,0.0,0.0,0.0,0.0,0.0,0.0,,0.0,0.0,0.0,1,1,461,461
lightgbm_mse_regression,cluster_1612,1612,Cluster 1612: ECFP_519 (n=1),ECFP_519,ECFP_519,1,"[""ECFP_519""]",5,3156,0.0,0.0,0.0,0.0,0.0,0.0,,0.0,0.0,0.0,1,1,461,461
lightgbm_mse_regression,cluster_1610,1610,Cluster 1610: ECFP_517 (n=1),ECFP_517,ECFP_517,1,"[""ECFP_517""]",5,3156,0.0,0.0,0.0,0.0,0.0,0.0,,0.0,0.0,0.0,1,1,461,461
lightgbm_mse_regression,cluster_1609,1609,Cluster 1609: ECFP_516 (n=1),ECFP_516,ECFP_516,1,"[""ECFP_516""]",5,3156,0.0,0.0,0.0,0.0,0.0,0.0,,0.0,0.0,0.0,1,1,461,461
lightgbm_mse_regression,cluster_1623,1623,Cluster 1623: ECFP_529 (n=1),ECFP_529,ECFP_529,1,"[""ECFP_529""]",5,3156,0.0,0.0,0.0,0.0,0.0,0.0,,0.0,0.0,0.0,1,1,461,461
lightgbm_mse_regression,cluster_1608,1608,Cluster 1608: ECFP_515 (n=1),ECFP_515,ECFP_515,1,"[""ECFP_515""]",5,3156,0.0,0.0,0.0,0.0,0.0,0.0,,0.0,0.0,0.0,1,1,461,461
lightgbm_mse_regression,cluster_1607,1607,Cluster 1607: ECFP_514 (n=1),ECFP_514,ECFP_514,1,"[""ECFP_514""]",4,2524,0.0,0.0,0.0,0.0,0.0,0.0,,0.0,0.0,0.0,1,1,461,461
lightgbm_mse_regression,cluster_1606,1606,Cluster 1606: ECFP_513 (n=1),ECFP_513,ECFP_513,1,"[""ECFP_513""]",5,3156,0.0,0.0,0.0,0.0,0.0,0.0,,0.0,0.0,0.0,1,1,461,461
lightgbm_mse_regression,cluster_1605,1605,Cluster 1605: ECFP_512 (n=1),ECFP_512,ECFP_512,1,"[""ECFP_512""]",4,2524,0.0,0.0,0.0,0.0,0.0,0.0,,0.0,0.0,0.0,1,1,461,461
lightgbm_mse_regression,cluster_1604,1604,Cluster 1604: ECFP_511 (n=1),ECFP_511,ECFP_511,1,"[""ECFP_511""]",5,3156,0.0,0.0,0.0,0.0,0.0,0.0,,0.0,0.0,0.0,1,1,461,461
lightgbm_mse_regression,cluster_1603,1603,Cluster 1603: ECFP_510 (n=1),ECFP_510,ECFP_510,1,"[""ECFP_510""]",5,3156,0.0,0.0,0.0,0.0,0.0,0.0,,0.0,0.0,0.0,1,1,461,461
lightgbm_mse_regression,cluster_1602,1602,Cluster 1602: ECFP_51 (n=1),ECFP_51,ECFP_51,1,"[""ECFP_51""]",5,3156,0.0,0.0,0.0,0.0,0.0,0.0,,0.0,0.0,0.0,1,1,461,461
lightgbm_mse_regression,cluster_1600,1600,Cluster 1600: ECFP_508 (n=1),ECFP_508,ECFP_508,1,"[""ECFP_508""]",5,3156,0.0,0.0,0.0,0.0,0.0,0.0,,0.0,0.0,0.0,1,1,461,461
lightgbm_mse_regression,cluster_159,159,Cluster 159: ECFP_1051 (n=1),ECFP_1051,ECFP_1051,1,"[""ECFP_1051""]",5,3156,0.0,0.0,0.0,0.0,0.0,0.0,,0.0,0.0,0.0,1,1,461,461
lightgbm_mse_regression,cluster_1598,1598,Cluster 1598: ECFP_506 (n=1),ECFP_506,ECFP_506,1,"[""ECFP_506""]",5,3156,0.0,0.0,0.0,0.0,0.0,0.0,,0.0,0.0,0.0,1,1,461,461
lightgbm_mse_regression,cluster_1597,1597,Cluster 1597: ECFP_505 (n=1),ECFP_505,ECFP_505,1,"[""ECFP_505""]",5,3156,0.0,0.0,0.0,0.0,0.0,0.0,,0.0,0.0,0.0,1,1,461,461
lightgbm_mse_regression,cluster_1622,1622,Cluster 1622: ECFP_528 (n=1),ECFP_528,ECFP_528,1,"[""ECFP_528""]",4,2525,0.0,0.0,0.0,0.0,0.0,0.0,,0.0,0.0,0.0,1,1,461,461
lightgbm_mse_regression,cluster_1624,1624,Cluster 1624: ECFP_53 (n=1),ECFP_53,ECFP_53,1,"[""ECFP_53""]",5,3156,0.0,0.0,0.0,0.0,0.0,0.0,,0.0,0.0,0.0,1,1,461,461
lightgbm_mse_regression,cluster_1655,1655,Cluster 1655: ECFP_558 (n=1),ECFP_558,ECFP_558,1,"[""ECFP_558""]",5,3156,0.0,0.0,0.0,0.0,0.0,0.0,,0.0,0.0,0.0,1,1,461,461
lightgbm_mse_regression,cluster_1639,1639,Cluster 1639: ECFP_543 (n=1),ECFP_543,ECFP_543,1,"[""ECFP_543""]",5,3156,0.0,0.0,0.0,0.0,0.0,0.0,,0.0,0.0,0.0,1,1,461,461
lightgbm_mse_regression,cluster_1654,1654,Cluster 1654: ECFP_557 (n=1),ECFP_557,ECFP_557,1,"[""ECFP_557""]",5,3156,0.0,0.0,0.0,0.0,0.0,0.0,,0.0,0.0,0.0,1,1,461,461
lightgbm_mse_regression,cluster_1653,1653,Cluster 1653: ECFP_556 (n=1),ECFP_556,ECFP_556,1,"[""ECFP_556""]",5,3156,0.0,0.0,0.0,0.0,0.0,0.0,,0.0,0.0,0.0,1,1,461,461
lightgbm_mse_regression,cluster_1651,1651,Cluster 1651: ECFP_554 (n=1),ECFP_554,ECFP_554,1,"[""ECFP_554""]",5,3156,0.0,0.0,0.0,0.0,0.0,0.0,,0.0,0.0,0.0,1,1,461,461
lightgbm_mse_regression,cluster_164,164,Cluster 164: ECFP_1056 (n=1),ECFP_1056,ECFP_1056,1,"[""ECFP_1056""]",5,3156,0.0,0.0,0.0,0.0,0.0,0.0,,0.0,0.0,0.0,1,1,461,461
lightgbm_mse_regression,cluster_1648,1648,Cluster 1648: ECFP_551 (n=1),ECFP_551,ECFP_551,1,"[""ECFP_551""]",5,3156,0.0,0.0,0.0,0.0,0.0,0.0,,0.0,0.0,0.0,1,1,461,461
lightgbm_mse_regression,cluster_1647,1647,Cluster 1647: ECFP_550 (n=1),ECFP_550,ECFP_550,1,"[""ECFP_550""]",5,3156,0.0,0.0,0.0,0.0,0.0,0.0,,0.0,0.0,0.0,1,1,461,461
lightgbm_mse_regression,cluster_1646,1646,Cluster 1646: ECFP_55 (n=1),ECFP_55,ECFP_55,1,"[""ECFP_55""]",4,2525,0.0,0.0,0.0,0.0,0.0,0.0,,0.0,0.0,0.0,1,1,461,461
lightgbm_mse_regression,cluster_1645,1645,Cluster 1645: ECFP_549 (n=1),ECFP_549,ECFP_549,1,"[""ECFP_549""]",4,2524,0.0,0.0,0.0,0.0,0.0,0.0,,0.0,0.0,0.0,1,1,461,461
lightgbm_mse_regression,cluster_1642,1642,Cluster 1642: ECFP_546 (n=1),ECFP_546,ECFP_546,1,"[""ECFP_546""]",4,2525,0.0,0.0,0.0,0.0,0.0,0.0,,0.0,0.0,0.0,1,1,461,461
lightgbm_mse_regression,cluster_1640,1640,Cluster 1640: ECFP_544 (n=1),ECFP_544,ECFP_544,1,"[""ECFP_544""]",5,3156,0.0,0.0,0.0,0.0,0.0,0.0,,0.0,0.0,0.0,1,1,461,461
lightgbm_mse_regression,cluster_163,163,Cluster 163: ECFP_1055 (n=1),ECFP_1055,ECFP_1055,1,"[""ECFP_1055""]",5,3156,0.0,0.0,0.0,0.0,0.0,0.0,,0.0,0.0,0.0,1,1,461,461
lightgbm_mse_regression,cluster_1638,1638,Cluster 1638: ECFP_542 (n=1),ECFP_542,ECFP_542,1,"[""ECFP_542""]",5,3156,0.0,0.0,0.0,0.0,0.0,0.0,,0.0,0.0,0.0,1,1,461,461
lightgbm_mse_regression,cluster_1625,1625,Cluster 1625: ECFP_530 (n=1),ECFP_530,ECFP_530,1,"[""ECFP_530""]",5,3156,0.0,0.0,0.0,0.0,0.0,0.0,,0.0,0.0,0.0,1,1,461,461
lightgbm_mse_regression,cluster_1637,1637,Cluster 1637: ECFP_541 (n=1),ECFP_541,ECFP_541,1,"[""ECFP_541""]",5,3156,0.0,0.0,0.0,0.0,0.0,0.0,,0.0,0.0,0.0,1,1,461,461
lightgbm_mse_regression,cluster_1636,1636,Cluster 1636: ECFP_540 (n=1),ECFP_540,ECFP_540,1,"[""ECFP_540""]",5,3156,0.0,0.0,0.0,0.0,0.0,0.0,,0.0,0.0,0.0,1,1,461,461
lightgbm_mse_regression,cluster_1635,1635,Cluster 1635: ECFP_54 (n=1),ECFP_54,ECFP_54,1,"[""ECFP_54""]",4,2525,0.0,0.0,0.0,0.0,0.0,0.0,,0.0,0.0,0.0,1,1,461,461
lightgbm_mse_regression,cluster_1634,1634,Cluster 1634: ECFP_539 (n=1),ECFP_539,ECFP_539,1,"[""ECFP_539""]",5,3156,0.0,0.0,0.0,0.0,0.0,0.0,,0.0,0.0,0.0,1,1,461,461
lightgbm_mse_regression,cluster_1633,1633,Cluster 1633: ECFP_538 (n=1),ECFP_538,ECFP_538,1,"[""ECFP_538""]",4,2525,0.0,0.0,0.0,0.0,0.0,0.0,,0.0,0.0,0.0,1,1,461,461
lightgbm_mse_regression,cluster_1630,1630,Cluster 1630: ECFP_535 (n=1),ECFP_535,ECFP_535,1,"[""ECFP_535""]",4,2525,0.0,0.0,0.0,0.0,0.0,0.0,,0.0,0.0,0.0,1,1,461,461
lightgbm_mse_regression,cluster_162,162,Cluster 162: ECFP_1054 (n=1),ECFP_1054,ECFP_1054,1,"[""ECFP_1054""]",5,3156,0.0,0.0,0.0,0.0,0.0,0.0,,0.0,0.0,0.0,1,1,461,461
lightgbm_mse_regression,cluster_1629,1629,Cluster 1629: ECFP_534 (n=1),ECFP_534,ECFP_534,1,"[""ECFP_534""]",5,3156,0.0,0.0,0.0,0.0,0.0,0.0,,0.0,0.0,0.0,1,1,461,461
lightgbm_mse_regression,cluster_1628,1628,Cluster 1628: ECFP_533 (n=1),ECFP_533,ECFP_533,1,"[""ECFP_533""]",5,3156,0.0,0.0,0.0,0.0,0.0,0.0,,0.0,0.0,0.0,1,1,461,461
lightgbm_mse_regression,cluster_1627,1627,Cluster 1627: ECFP_532 (n=1),ECFP_532,ECFP_532,1,"[""ECFP_532""]",5,3156,0.0,0.0,0.0,0.0,0.0,0.0,,0.0,0.0,0.0,1,1,461,461
lightgbm_mse_regression,cluster_1626,1626,Cluster 1626: ECFP_531 (n=1),ECFP_531,ECFP_531,1,"[""ECFP_531""]",5,3156,0.0,0.0,0.0,0.0,0.0,0.0,,0.0,0.0,0.0,1,1,461,461
lightgbm_mse_regression,cluster_99,99,Cluster 99: ECFP_0 (n=1),ECFP_0,ECFP_0,1,"[""ECFP_0""]",5,3156,0.0,0.0,0.0,0.0,0.0,0.0,,0.0,0.0,0.0,1,1,461,461
