,logbb,bbb_class,all_preds,all_trues_r,all_trues_c,full_set_scores_fold_0,full_set_scores_fold_1,full_set_scores_fold_2,full_set_scores_fold_3,full_set_scores_fold_4
0,-2.69,1.0,-0.823512125130468,-1.72,1.0,-2.654429855822849,-1.1806850424078092,-2.6646788360789246,-2.6714250508839754,-2.604194539699964
1,-2.4,1.0,-0.8011851023105431,-1.52,1.0,-2.2333101662857797,-2.3707086901858845,-2.2391226747643476,-0.18353389405807466,-2.178891512018988
2,-2.15,1.0,-0.7664712174203058,-1.52,1.0,-1.960456692012265,-0.7116713464960837,-2.0572248502443253,-2.102142715174369,-1.9222216666464935
3,-2.15,1.0,-1.1603069110493542,-1.52,1.0,-2.1047818972096946,-2.1273586133996396,-2.137514360538404,-2.133541410641786,-1.4420089269505005
4,-2.09,1.0,-0.5856680169121297,-1.4,1.0,-1.9941297632314303,-0.958048097873423,-2.079535551935046,-2.070335115055962,-2.007107822500145
5,-2.0,1.0,-0.6573773943859645,-1.35,1.0,-1.8011191630834518,-1.9214236047735798,-1.0200365864409424,-1.9431666092086797,-1.8734743763480115
6,-1.96,1.0,-1.25847417539941,-1.33,1.0,-1.850576978914568,-1.9534016674416388,-1.9022650004640353,-1.03386403608358,-1.890031535982609
7,-1.9,1.0,-0.326579393192956,-1.3,1.0,-1.8466594100868083,-1.256794091420353,-1.834195216365586,-1.8816332975652785,-1.8983380357254132
8,-1.89,1.0,-0.8241430510499672,-1.3,1.0,-1.549453301534075,-1.7464690744080273,-1.7242531844352762,-1.8276427884000375,-0.7102095824488631
9,-1.88,1.0,-0.7044636493159263,-1.26,1.0,-1.835940784836088,-1.855635568901325,-1.8697969783990178,-0.8895362976993115,-1.8502244205796397
10,-1.82,1.0,-1.2081073860264462,-1.23,1.0,-1.8051072807662139,-1.3824912151441118,-1.8156232767454261,-1.8093255332650466,-1.7239181551930858
11,-1.82,1.0,-1.173175010118005,-1.23,1.0,-1.7353019676076185,-1.8167632483723357,-1.79465994890174,-1.8079293738966393,-1.3512757252496161
12,-1.82,1.0,-0.36223292392788664,-1.19,1.0,-1.8178574119640434,-1.8138288718481552,-1.8259101374655848,-1.8165840879660866,-1.6934271903249167
13,-1.72,1.0,-0.49227708150665933,-1.17,1.0,-0.823512125130468,-1.7027085092289886,-1.7061590194468395,-1.6859983315470721,-1.5164928787641136
14,-1.7,1.0,-0.42384989258609057,-1.17,1.0,-1.5461191183395462,-0.04321935665277999,-1.637471010857128,-1.661435464826584,-1.545745055839893
15,-1.7,1.0,-1.0419725993678115,-1.12,1.0,-1.6657498094165213,-0.9908906349502536,-1.6765865181691053,-1.695878643590032,-1.6590217717354385
16,-1.68,1.0,-1.162363422953071,-1.06,1.0,-1.5028478458285826,-1.6250316307148063,-0.3947596681692276,-1.642328209664416,-1.525539528580275
17,-1.67,1.0,-0.23153592183934227,-1.0,0.0,-1.58915757308818,-1.6491124135004445,-1.6257475863766473,-1.6416092507841904,-0.9616643413508905
18,-1.57,1.0,-0.5750871091672927,-1.0,0.0,-1.480587738608357,-1.5368990333513388,-0.8718507236366362,-1.526680321328694,-1.4202069804066126
19,-1.57,1.0,-1.040402845671344,-1.0,0.0,-1.4589734820462585,-1.5551227326449624,-1.5412113079432659,-0.827767400426054,-1.4966927635406415
20,-1.54,1.0,-0.544109560007213,-1.0,0.0,-1.5141263229917514,-1.1970668422927337,-1.527187061398865,-1.5366099320195867,-1.5066178192768716
21,-1.54,1.0,0.1442549338313949,-0.95,0.0,-1.5521593733164294,-1.5311870943455503,-1.5257199745186178,-1.5370011479217915,-1.1940298061385362
22,-1.52,1.0,-1.0978107292784798,-0.9,0.0,-1.258047735253252,-1.4901466261892855,-1.4390642633743604,-0.35794936908792474,-1.3589544180915387
23,-1.52,1.0,-0.8385743397394928,-0.8,0.0,-0.8011851023105431,-1.5195966074799372,-1.539243394482023,-1.5304250898712095,-1.5347988363916567
24,-1.52,1.0,-0.22106130692943227,-0.8,0.0,-0.7664712174203058,-1.51520697420138,-1.4907630722833631,-1.4904945080072827,-1.4518918395013565
25,-1.52,1.0,-0.48149480069934064,-0.8,0.0,-1.1603069110493542,-1.5150250663904847,-1.4974761240767975,-1.5071334468834527,-1.4931495143058597
26,-1.52,1.0,-1.0712316963489807,-0.74,0.0,-1.2706641542020585,-1.4932511394576096,-1.459636572397809,-1.4875531804256095,-0.6604954418790311
27,-1.5,1.0,-0.40902277963210587,-0.73,0.0,-1.3599431174348526,-1.4728054061129594,-0.8515923372016131,-1.4745489563668763,-1.420172314721421
28,-1.48,1.0,-0.6271651844552322,-0.71,0.0,-1.211520526722775,-0.651400534070088,-1.3544891177797866,-1.4555428811526672,-1.2915365252916087
29,-1.42,1.0,-0.2400913971656045,-0.7,0.0,-1.238767768831737,-0.24104916432905535,-1.3286872148332005,-1.3994174447820489,-1.3494149536578341
30,-1.42,1.0,0.1048183060643434,-0.69,0.0,-1.2958094836648768,-1.4117468838252067,-0.8008274925035723,-1.3820092701772742,-1.3005380125926413
31,-1.42,1.0,-0.6108711429018681,-0.67,0.0,-1.45423350103389,-1.4243533141281612,-1.441159075362404,-1.3809869659534144,-1.4193105896769953
32,-1.4,1.0,-0.9247349955923021,-0.56,0.0,-1.4352551691716118,-1.4233864832770837,-1.4195284751748096,-1.4351675381348141,-1.5201951076154687
33,-1.4,1.0,-0.6725381445971996,-0.52,0.0,-1.3699118409283422,-1.3951156853640627,-1.0915619875364115,-1.3969820680545253,-1.3594321086800876
34,-1.4,1.0,0.1853064817313167,-0.51,0.0,-0.5856680169121297,-1.3761480426113222,-1.3451215815260478,-1.381354150280187,-1.2973737155788247
35,-1.4,1.0,-0.2797021517243659,-0.5,0.0,-1.3142890250700063,-1.393022696931912,-1.3968500877144294,-1.3851124230938612,-1.0335318890055138
36,-1.4,1.0,-0.7631678345319224,-0.44,0.0,-1.1863968214696587,-1.369449432436261,-1.3249342179290677,-0.3337675314066151,-1.2565699879426326
37,-1.4,1.0,-0.24040887175156095,-0.43,0.0,-1.3117935431616214,-1.3899625833718154,-1.3568033484326498,-0.7747097842634005,-1.2367577836503567
38,-1.4,1.0,-0.505497268077867,-0.43,0.0,-1.2367785645055027,-0.4773344836093232,-1.3023879944195167,-1.3591900933695085,-1.1557281312645873
39,-1.39,1.0,-0.40722968309460766,-0.4,0.0,-1.2910857747882012,-1.346027783815164,-1.3172571506573907,-1.3712545753947265,0.3827510014217247
40,-1.39,1.0,0.038657740216389756,-0.4,0.0,-1.286769758210599,-1.4160861586525568,-1.2448434651013238,-1.3952273921292213,-1.2362783573946932
41,-1.35,1.0,-0.6975883234855427,-0.39,0.0,-0.6573773943859645,-1.3358505964393006,-1.3352282634179347,-1.3248135992819978,-1.3039566388583934
42,-1.34,1.0,-0.272272576975707,-0.3,0.0,-1.3233283600576864,-1.2304812637424059,-1.3380071153685682,-1.3263067893500031,-1.3399084875100447
43,-1.33,1.0,-0.15850098867221854,-0.3,0.0,-1.25847417539941,-1.328040252179623,-1.334239469473392,-1.3217761180857388,-1.306593027442642
44,-1.3,1.0,-0.10957309418755444,-0.3,0.0,-0.326579393192956,-1.2843979987929854,-1.2406111752410602,-1.2545848094187189,-1.0814350203062069
45,-1.3,1.0,-0.37992290657091177,-0.27,0.0,-1.2349115091942167,-1.2821703638540096,-1.2699541442347078,-1.288016656923061,-1.2490295727150582
46,-1.3,1.0,-0.3546469142992475,-0.27,0.0,-1.30097411282724,-0.7869127557885445,-1.2906411709463066,-1.2919398762686578,-1.2873005606058587
47,-1.3,1.0,-0.2788163671894098,-0.25,0.0,-1.2249999547468713,-1.2933345536727021,-0.91087318884767,-1.298245846656698,-1.2171850238660025
48,-1.3,1.0,-0.33444649088090594,-0.25,0.0,-1.2339186226658192,-1.298943833640569,-1.2897649121688266,-1.30511890149313,-1.0759213410085262
49,-1.3,1.0,0.10802281335061367,-0.21,0.0,-1.3589196482311805,-1.3397783566227193,-1.2869291741949325,-1.33755749104462,-1.4595598140958554
50,-1.3,1.0,-0.20334081622783756,-0.2,0.0,-1.2252677589562806,-1.300694661916192,-1.2933406931480564,-1.2839535326051605,0.6492337688461685
51,-1.3,1.0,-0.25753889781219114,-0.2,0.0,-1.168258592372323,-1.2819822733130646,-1.2428830419793833,-1.0630385675772134,-1.1367624248610453
52,-1.3,1.0,-0.6307096424494145,-0.19,0.0,-1.2801955227340966,-1.2943119900957536,-1.2963406694387514,-1.3048697918728667,-0.9370170438797314
53,-1.3,1.0,0.4226448076403085,-0.17,0.0,-1.286196832316862,-1.3016253131197424,-1.2937691897131443,-1.0773533970926668,-1.3098374292455526
54,-1.3,1.0,-0.6759416119966752,-0.15,0.0,-1.0720647294127277,-0.38652661381671877,-1.2352856295480057,-1.2739571248293773,-1.1087259162272274
55,-1.3,1.0,-0.17836398396426914,-0.12,0.0,-1.1198840217976427,-1.2482197985034789,-1.1925644919600562,-1.266288213688627,0.009188955923780275
56,-1.3,1.0,-0.8055828172913261,-0.12,0.0,-0.8241430510499672,-1.2922538074532475,-1.284893636413974,-1.2803912152956722,-1.2318882778411373
57,-1.3,1.0,-0.24121153278677707,-0.1,0.0,-1.2132384875522306,-0.027851395094383755,-1.2649883388230352,-1.2769773050680233,-1.2165411447258407
58,-1.3,1.0,0.05555185691433901,-0.1,0.0,-1.1759220481630124,-1.2591994002554605,-0.43038344626455394,-1.2720074566376223,-1.1392479830558415
59,-1.26,1.0,-0.35383751620850584,-0.1,0.0,-0.7044636493159263,-1.2580364370949069,-1.2591823519561973,-1.2442847358593068,-1.2178400387583381
60,-1.26,1.0,-0.061880041908562534,-0.08,0.0,-1.2518397694804668,-0.561049164860152,-1.2341975020527198,-1.2440747953239548,-1.1992943350102165
61,-1.23,1.0,-0.5723690670453883,-0.07,0.0,-1.2132571678398367,-1.224379710819383,-1.2242579423621074,-1.2261059136953008,-1.1088140342035568
62,-1.23,1.0,0.27827328212885283,-0.06,0.0,-1.206957894225227,-1.230942871285383,-1.2413385866550302,-1.063995500620829,-1.2375165933586367
63,-1.23,1.0,0.07282479854327362,-0.05,0.0,-1.2081073860264462,-1.2299201962565323,-1.219353528542994,-1.215475904583105,-1.227925139029045
64,-1.23,1.0,0.15702186734959203,-0.05,0.0,-1.1836064009513059,-1.2381024189057634,-1.1893951756223826,-1.2317256858581183,-1.1644080071783214
65,-1.23,1.0,-0.622730702723464,-0.01,0.0,-1.2566727912065887,-1.2251418694776453,-1.2170606311024352,-1.1412574415003998,-1.211171261589194
66,-1.23,1.0,-0.005320513663621154,-0.01,0.0,-1.173175010118005,-1.2255924044745379,-1.2014899383188349,-1.2129864688873815,-1.1471153476302316
67,-1.22,1.0,-0.2362102755506263,-0.01,0.0,-1.046191585225797,-1.171848704650455,-1.1470374218085806,-1.1711774606728471,0.1881232009444452
68,-1.19,1.0,0.3590204044662288,0.0,0.0,-0.36223292392788664,-1.1840551311899803,-1.1882410819887603,-1.1723395621089763,-1.0464817277375202
69,-1.17,1.0,-0.0893681635173409,0.0,0.0,-0.49227708150665933,-1.1598829731544285,-1.1487048298465241,-1.1644897920485424,-1.1020965101310478
70,-1.17,1.0,-0.287217800325454,0.0,0.0,-0.42384989258609057,-1.1387759751404671,-1.1202605827940098,-1.1482404567098325,-1.0660503398852852
71,-1.15,1.0,-0.23688681688603527,0.0,0.0,-1.1295088406335225,-1.1500941754221696,-1.0825250863839304,-1.1554234655245454,-0.9189365880758464
72,-1.15,1.0,0.12653508797770743,0.03,0.0,-1.0926556007538994,-1.1431211439262052,-1.1202606747290766,-0.5842374375507554,-1.0955414183611514
73,-1.14,1.0,-0.21091873232792216,0.04,0.0,-1.1404520608250068,-1.1151029642386892,-1.1409152347266829,-0.7025133912311587,-1.064065257952445
74,-1.12,1.0,-0.16749647357940975,0.07,0.0,-1.1136282091209304,-1.1108831181000722,-1.1116227146858806,-1.1148972353439601,-1.0862455976612866
75,-1.12,1.0,0.8582185947639622,0.08,0.0,-1.0419725993678115,-1.1225076817747004,-1.1348120668914026,-1.1358044648947552,-1.1570970656621935
76,-1.12,1.0,0.27235755535671746,0.08,0.0,-0.9727861448111614,-1.1014780246694111,-1.0575682141954408,-1.1021532226764268,-0.7502588277437344
77,-1.11,1.0,-0.019079675350503433,0.09,0.0,-1.0312779318087757,-0.821817128331873,-1.108531407155163,-1.1058916633064095,-1.0299821394726913
78,-1.1,1.0,0.4807695162613441,0.09,0.0,-1.0370557382476326,-1.0856932758618825,-1.0614271603297825,-0.48996949000576423,-1.005646290509412
79,-1.1,1.0,-0.16612103088630284,0.1,0.0,-0.9597526142731326,-1.066599083193532,-1.0565047646499999,-1.0588549477709661,-0.6072665048961088
80,-1.1,1.0,-0.020270491125347977,0.1,0.0,-1.0764056031257234,-1.0857545497512968,-1.084383808976822,-1.0786601626761063,-0.9030131558936694
81,-1.1,1.0,0.3225961287168938,0.1,0.0,-1.0591815632928183,-1.1007373896764194,-1.105618836578103,-0.8999326074701915,-1.0798771275549996
82,-1.1,1.0,0.1942183748473745,0.11,0.0,-1.2349035840845308,-1.1267177307227259,-1.132621723794029,-1.1141254558022409,-1.4956346232170676
83,-1.09,1.0,0.02980223002006232,0.11,0.0,-0.8330683443585278,-1.0333194621389,-0.956499214085692,-1.0328655660505843,-0.1120751781524581
84,-1.06,1.0,0.11071064099489271,0.11,0.0,-1.162363422953071,-1.0599653499091815,-1.0678213805950894,-1.074675999873083,-1.0454230033040732
85,-1.04,1.0,0.2531222677048758,0.12,0.0,-0.8841148042016835,-0.2046111836418592,-0.9829451357392016,-1.0180245406227122,-0.8726198967375229
86,-1.03,1.0,0.4204298305332957,0.17,0.0,-1.0428307709636941,-1.0360775053598803,-1.0412473608517863,-0.8544051838995506,-1.0266185378933312
87,-1.0,0.0,-0.8461417159568316,0.2,0.0,-0.9440353361364093,-0.9887551504842014,-0.9843012666884737,-0.980241882399361,-0.1867469977639376
88,-1.0,0.0,0.22005844808162642,0.2,0.0,-0.9651358005232136,-1.005198664216069,-0.9850059652406201,-0.9808507620397052,-1.0939772044942386
89,-1.0,0.0,0.07387725239949766,0.2,0.0,-0.952255327080786,-0.8939106867584139,-0.968005826008349,-0.9908880639259703,-0.9748441773860402
90,-1.0,0.0,0.47667285825255523,0.2,0.0,-0.794721174514185,-0.967655653427387,-0.3518473537905392,-0.9531304598848345,-0.8028869695481611
91,-1.0,0.0,0.5171694341527028,0.23,0.0,-0.9410045868308375,-0.7283801212214988,-1.008729024739703,-0.98810311247569,-0.9946285574154469
92,-1.0,0.0,0.013144512308272955,0.24,0.0,-0.8880936162595219,-0.9950411165021813,-0.9970316362686986,-0.7036587785721893,-0.9531431264896089
93,-1.0,0.0,0.16696838503065892,0.28,0.0,-0.8681620280817203,-0.9929686520679907,-0.4689035596592326,-0.98511449079843,-0.8399543274654269
94,-1.0,0.0,0.2522414424702035,0.28,0.0,-0.23153592183934227,-0.9917444289070155,-0.967132940576852,-0.9813971710864542,-0.9225539582218703
95,-1.0,0.0,0.3539610390437884,0.28,0.0,-0.5750871091672927,-0.9914174042303235,-0.9817896974575742,-0.9890056230962491,-0.9758900850240598
96,-1.0,0.0,0.14113281780698986,0.3,0.0,-1.040402845671344,-1.000747684134271,-0.9840979685709997,-0.9936948666316211,-0.9567533613150172
97,-1.0,0.0,0.2815068561508588,0.3,0.0,-0.9838292941965863,-0.9922982779788814,-0.9806421390222962,-0.9875523777885523,-0.3291268125845485
98,-1.0,0.0,0.20435832901327675,0.3,0.0,-0.8385349984013847,-0.9710152538614291,0.03894394236043344,-0.9655822238643157,-0.7831766697217343
99,-1.0,0.0,0.04963026752005556,0.32,0.0,-0.9935526636320646,-1.0075419228167646,-0.7675673887320814,-1.001066244929278,-1.0424446687692865
100,-1.0,0.0,0.2380113655517816,0.33,0.0,-0.544109560007213,-0.9891153529114266,-0.9950141976469316,-1.0024242051925698,-0.9962702457984169
101,-0.95,0.0,0.3657184917301189,0.36,0.0,-0.8429100375485435,-0.9488404968437804,-0.5613218058553983,-0.9465015879917471,-0.9119341551231916
102,-0.95,0.0,-0.348425846740943,0.37,0.0,0.1442549338313949,-0.9265266268356952,-0.8709302059821822,-0.9069428537223083,-0.728636196837817
103,-0.93,0.0,0.40748195908050144,0.37,0.0,-0.9654156861041544,-0.9359144021882729,-0.9675000555433183,-1.1271359245778918,-0.9463623334441064
104,-0.93,0.0,0.18496719809620188,0.39,0.0,-0.927053406671228,-0.9281922709347179,-0.9179468511670527,-0.9258018217385072,-0.6749014797001766
105,-0.92,0.0,0.32211445344373624,0.4,0.0,-0.8968000954374848,-0.8876213228256099,-0.910009696389929,-0.9182679823973706,-0.8900139903847983
106,-0.9,0.0,0.18844189349354054,0.4,0.0,-0.949178458358836,-0.9720239801813161,-0.8791558984761152,-0.9117924876578569,-0.8884383343579337
107,-0.9,0.0,0.09226113993923664,0.4,0.0,-0.8755375243914015,-0.9027876903547188,-0.6717229191171505,-0.8936571320423404,-0.8022748773455013
108,-0.9,0.0,0.20926887096793576,0.4,0.0,-1.0978107292784798,-0.9065968740630217,-0.9136546176582787,-0.9042519075890175,-0.8906590425758492
109,-0.9,0.0,-0.4781242356092284,0.41,0.0,-0.7940875843371118,-0.901506651718771,-0.8381935211884994,-0.8727757600080064,-0.18144488613507753
110,-0.89,0.0,0.5819519718148993,0.43,0.0,-0.8368360376264191,-0.8305473746583206,-0.884196673057149,-0.8758893044675641,-0.8452469379812274
111,-0.89,0.0,-0.25494712452365886,0.43,0.0,-0.7375176381783753,-0.8568035097610536,-0.8755761689272697,-0.8511515293426264,-0.16705862813922295
112,-0.87,0.0,-0.1738456872707762,0.43,0.0,-0.8082927745737613,-0.8342041530796753,-0.5859345998950678,-0.8390945488215245,-0.8029757381948383
113,-0.85,0.0,0.2785828174642719,0.45,0.0,-0.8668847900511567,-0.8471277296773845,-0.8308066091615218,-0.8470160667401306,-1.0005254761792788
114,-0.85,0.0,0.0016972252688928792,0.46,0.0,-0.8870244763977827,-0.8650163123180783,-0.8963435611164354,-0.8860385736060241,-0.8624400536964067
115,-0.85,0.0,-0.5176967037535377,0.48,0.0,-0.8354019470661229,-0.8565102615767484,-1.1091362702068843,-0.861738013238805,-0.8500496559732806
116,-0.82,0.0,0.4806473775187939,0.48,0.0,-0.8007691850334422,-0.8200210029441192,-0.8670155007464904,-0.8246563688880036,-0.8173044279586175
117,-0.8,0.0,-0.08539461474538278,0.48,0.0,-0.8385743397394928,-0.7979704158523766,-0.809518325273625,-0.8088046074893317,-0.7952915760476338
118,-0.8,0.0,0.7817703127780112,0.5,0.0,-0.22106130692943227,-0.783245421216721,-0.7739868258355648,-0.7810881863070671,-0.6791280484466284
119,-0.8,0.0,0.18867723731504124,0.51,0.0,-0.7805256464443305,-0.7925288111819772,-0.4020153498015997,-0.8067454829095108,-0.7628768234857485
120,-0.8,0.0,-0.003957747593472038,0.55,0.0,-0.6901768175647846,-0.2575631695669144,-0.7473750135969902,-0.7864748019800615,-0.7097828202198327
121,-0.8,0.0,0.5153595332559917,0.55,0.0,-0.8160154838731478,-1.3082075615775624,-0.7979614777984863,-0.7966128728035611,-0.7832938521546656
122,-0.8,0.0,0.285757995271623,0.55,0.0,-0.8098294387025919,-0.8594606357843328,-0.7962094486957628,-0.7962551430190262,-0.7805686209686384
123,-0.8,0.0,-0.20047431078655129,0.56,0.0,-0.48149480069934064,-0.7898655673805732,-0.7721728413476053,-0.760615771399639,-0.7328562933688126
124,-0.8,0.0,1.1369899880906782,0.6,0.0,-0.7923116509095158,-0.9508493145236214,-0.8082411181092639,-0.8124217593979,-0.8182573767662273
125,-0.8,0.0,0.32577787533276176,0.7,0.0,-0.8170040027962293,-0.8022671736541683,-0.800417676091906,-0.7144612770142582,-0.78846597984483
126,-0.79,0.0,0.2174652895169916,0.77,0.0,-0.7003092168605495,-0.48861532266068625,-0.7740099329148097,-0.759766632032345,-0.7316834529867088
127,-0.78,0.0,0.942839932934422,0.8,0.0,-0.7346248589738734,-0.7787023690033614,-0.7746648942296543,-0.952617916461919,-0.7481702085435076
128,-0.76,0.0,0.1845442652935049,0.81,0.0,-0.7064719761887769,-0.7522506880083505,-0.3625605429538278,-0.7302177046683401,-0.6738798572584261
129,-0.74,0.0,0.2860842626283224,0.83,0.0,-1.0712316963489807,-0.7485099638556817,-0.7511063434057115,-0.7600292698178208,-0.7909581136579396
130,-0.73,0.0,0.7856040571162884,0.86,0.0,-0.7234895984367248,-0.7179000941100864,-0.7349861100875709,-0.72697231565835,-0.7676999152047109
131,-0.73,0.0,0.889010420563024,0.86,0.0,-0.7489694094395772,-0.7246920671387472,-0.7515877394626487,-0.9101946751709592,-0.7098109043313583
132,-0.73,0.0,0.6602162214050482,0.87,0.0,-0.40902277963210587,-0.7101678199313306,-0.6658587544524915,-0.706966546432079,-0.7142929159675591
133,-0.73,0.0,0.000937661641570892,0.88,0.0,-0.6008929111465522,-0.7286220574644788,-0.44640163464405364,-0.7211263592319096,-0.7272763933877453
134,-0.72,0.0,0.36346741574926683,0.89,0.0,-0.6356928375871076,-0.7189155785455178,-0.2359817524473499,-0.7026368106092322,-0.7110949169726334
135,-0.71,0.0,0.47566344720140247,0.89,0.0,-0.7175880441451935,-0.7047997683002017,-0.7015805176942139,-0.867241215146097,-0.7080090138717228
136,-0.71,0.0,0.5978918179199414,0.9,0.0,-0.6271651844552322,-0.7109150298205286,-0.7189934577005436,-0.6936673256001623,-0.7002351704064426
137,-0.7,0.0,0.7490080216297513,0.9,0.0,-0.5399168392874804,-0.6878433404704619,-0.6518675533507047,-0.6749295118390645,0.190156466179022
138,-0.7,0.0,0.8060533979131523,0.9,0.0,-0.6727879365604972,-0.47824130141006443,-0.6834264065358654,-0.6987133018229018,-0.7009471917453314
139,-0.7,0.0,0.8208175697754773,1.0,0.0,-0.5765932310749707,-0.675899386643165,-0.6724916741898708,-0.12498428045205509,-0.5711708373155076
140,-0.7,0.0,0.8516603026458386,1.0,0.0,-0.2400913971656045,-0.7007204656710251,-0.6906638634374861,-0.7235034115515239,-0.7102756840139023
141,-0.7,0.0,0.018849684530905967,1.0,0.0,-0.6282557904611736,-0.6922333288787623,-0.6524473564041166,-0.6727023790737942,-0.6661093003089197
142,-0.69,0.0,1.1343941653831364,1.06,0.0,0.1048183060643434,-0.6308157801280256,-0.610112841885676,-0.6396145668341008,-0.4786261443059611
143,-0.67,0.0,0.7715506776019672,1.06,0.0,-0.5701347053183841,-0.6467278025923635,-0.5726090727474064,0.16916496575056958,-0.4667641830193643
144,-0.67,0.0,0.529210541286551,1.11,0.0,-0.6108711429018681,-0.679559042406388,-0.6610888357226629,-0.6901753300381545,-0.7049570581585656
145,-0.67,0.0,-0.7727834580049436,1.11,0.0,-0.769402195235222,-0.6710891037786336,-0.7043212605069089,-0.6786791696545729,-0.8443018801271871
146,-0.67,0.0,0.15509552589285672,1.15,0.0,-0.6775119667457382,-0.6687401273306088,-0.6661646956703772,-0.6974405342880268,-0.7471102288225531
147,-0.67,0.0,0.453729728817023,1.26,0.0,-0.5945080833391092,-0.6544671143149308,-0.6539085360114057,-0.6578500982943228,-0.34931774252051045
148,-0.67,0.0,0.8464812447841162,1.3,0.0,-0.6380443017350188,-0.6046542994722878,-0.6679675088094305,-0.6500291956606051,-0.6243868621750802
149,-0.67,0.0,0.37800826507289353,1.38,0.0,-0.6680215671507251,-0.662505948517793,-0.6830315710569894,-0.7595606874214548,-0.7332275834832799
150,-0.66,0.0,0.995603515969174,1.38,0.0,-0.6106500920872283,-0.6629592844372555,-0.5831079500153203,-0.6613452700713249,-0.6572193354601072
151,-0.66,0.0,0.7703533396380404,1.53,0.0,-0.7464377809267485,-0.6706676245825929,-0.6530588295211408,-0.6541255268783394,-0.6855178922851954
152,-0.66,0.0,0.7820428322634626,1.7,0.0,-0.6657951702464507,-0.6073271817440874,-0.652302065671202,-0.6767969658858572,-0.6763604366836652
153,-0.66,0.0,0.23388332897841632,,0.0,-0.5970851683136617,0.030254594701826697,-0.6131636206134681,-0.6429857925435079,-0.5647614117391309
154,-0.66,0.0,-0.037088777765222875,,0.0,-0.6878343506857515,-0.6493054946028461,-0.6793748967518024,-0.6496952117933854,-0.6984303459259512
155,-0.65,0.0,0.06250360270410149,,0.0,-0.7336998791061903,-0.6778619612093334,-0.6818780646118953,-0.6891596323588232,-0.7974125516201738
156,-0.64,0.0,-0.2055772508481723,,0.0,-0.5909364131327401,-0.6394378844473598,-0.6250217388412723,-0.5752304214574507,-0.6153470244119414
157,-0.63,0.0,0.7542745050149112,,0.0,-0.6158356079658294,-0.7558435838469996,-0.6350194688005472,-0.6446114657569353,-0.6031858972164152
158,-0.63,0.0,0.42878698627774375,,0.0,-0.5495904985544702,-0.6220570743079898,-0.6078974141868482,-0.6189883553309081,-0.2121077781660142
159,-0.62,0.0,-0.6381562046510507,,0.0,-0.573789169393074,-0.6057245933604851,-0.6165942166135034,-0.6140814118299975,-0.29752928684865737
160,-0.62,0.0,0.058282244343726676,,0.0,-0.5576191771620869,-0.6178159758955368,-0.6195447428252719,-0.6088504853978333,-0.11737594382264797
161,-0.6,0.0,-0.9543643995181785,,1.0,-0.6552935372397506,-0.6087467824490023,-0.6236650887328544,-0.6456465585572881,-0.5824429070660164
162,-0.6,0.0,-0.9599717008087014,,0.0,-0.5477877567436564,-0.5856073991072247,-0.5861641784882483,-0.5770040238426655,-0.5301604509904904
163,-0.6,0.0,-0.09751699862628552,,0.0,-0.49574031713325195,-0.5742188568462455,-0.5836340370364463,-0.5792915904508826,-0.11841035823441938
164,-0.6,0.0,-0.10082024878364951,,0.0,-0.5386465300188951,-0.5901959911727599,-0.2667577903917156,-0.5764582148328343,-0.5501291906235914
165,-0.6,0.0,-0.03011323350631679,,0.0,-0.5268783771542869,-0.5906031955227681,-0.28134214908186433,-0.5781198562248798,-0.513883756411002
166,-0.59,0.0,-0.10610035339867958,,0.0,-0.6886375043439785,-0.613084004817083,-0.6557007788939502,-0.6210918110539659,-0.8630456065219241
167,-0.59,0.0,-0.6493222390484901,,0.0,-0.4788749235031683,-0.07607024419100851,-0.5310822400812432,-0.5482825260647778,-0.44371379350895895
168,-0.59,0.0,0.26610518780311965,,0.0,-0.4850682337396971,-0.18371883241594977,-0.5770645002903088,-0.564874700249034,-0.5666579875277349
169,-0.58,0.0,0.37372700041616586,,1.0,-0.5308181377131882,-0.578542805516337,-0.5863407767633841,-0.5914513390973798,-0.609915726164027
170,-0.56,0.0,-1.015399147511417,,1.0,-0.9247349955923021,-0.5628251320913751,-0.5735108770911612,-0.5648083591978584,-0.5567967279237783
171,-0.55,0.0,-0.3341102689617724,,0.0,-0.44975649402208445,-0.5119779304738188,-0.045436153003636535,-0.5105898446919043,-0.46022962611828994
172,-0.55,0.0,0.43689198082060554,,1.0,-0.5018246518595603,-0.5560445917206829,-0.5364497445885801,-0.8364485432668459,-0.5344413274801569
173,-0.54,0.0,-0.15250610555973534,,0.0,-0.5196487183506576,-0.25880968017273676,-0.5323576028999073,-0.5455259903147782,-0.4938267939615583
174,-0.54,0.0,0.12031414327458784,,1.0,-0.4827399101259346,-0.5334816013163814,-0.5479691943706909,-0.1243695286732475,-0.47516677966480164
175,-0.52,0.0,-0.7129853147207368,,0.0,-0.39567681448568187,-0.5095532036555668,-0.41999150393679874,-0.491277761172831,-0.35926690923068655
176,-0.52,0.0,-0.6585038244360969,,0.0,-0.5259990892299244,-0.528108036747086,-0.5007259846188896,-0.5200378687127672,-0.8365257588966305
177,-0.52,0.0,-0.8570449543600521,,1.0,-0.4707669747637175,-0.5155821368120026,-0.4874464686489251,-0.5222637921848164,0.04725502580711476
178,-0.52,0.0,-1.6694298299752905,,1.0,-0.46160974963727086,-0.5140013567751117,-0.4976474945097605,-0.507922478183279,0.016612895766765164
179,-0.52,0.0,-1.4047413962339796,,1.0,-0.6725381445971996,-0.5208781580731356,-0.5090666144134289,-0.5258982716074085,-0.5047552620249
180,-0.52,0.0,-0.8664995815305144,,1.0,-0.418989169905095,-0.22957909585488206,-0.5033100033166262,-0.5173978652528475,-0.4007387837801935
181,-0.52,0.0,-0.40643949271032664,,0.0,-0.47717501523986866,-0.5112856433342079,-0.6286427903470957,-0.5161384850603445,-0.48874336510711497
182,-0.52,0.0,-0.4800643545760124,,0.0,-0.5363696296232638,-0.40204821075307584,-0.5571104169968322,-0.5283515224481782,-0.5177372975413014
183,-0.51,0.0,-0.007689076922648188,,0.0,0.1853064817313167,-0.5021355800344061,-0.47856405446718975,-0.49816974034224487,-0.42373091246906114
184,-0.51,0.0,0.274452272824771,,0.0,-0.4910917375506183,-0.022408965819506906,-0.4843286204752448,-0.48793126710775175,-0.42351236126018654
185,-0.5,0.0,0.23551199049349655,,0.0,-0.5168586707743817,-0.5087433283106652,-0.42981312333792965,-0.49603578562646666,-0.5490571170408199
186,-0.5,0.0,0.1916741789117967,,1.0,-0.3987546569687218,-0.5000268187174679,-0.4579658298845848,-0.4880442075781324,0.10862352164735027
187,-0.5,0.0,0.46087164066871256,,0.0,-0.2797021517243659,-0.5018267564709226,-0.48421176420457473,-0.4869200607464242,-0.4906158611278952
188,-0.5,0.0,-0.7003036244211315,,0.0,-0.48816965744216156,-0.4655891735134021,-0.4861927924826399,-0.49006510934081926,-0.4661204100352002
189,-0.5,0.0,-0.007747075139726099,,1.0,-0.5832078368401791,-0.7573092217470432,-0.5355774343529119,-0.5237450912046366,-0.5656694279298521
190,-0.48,0.0,0.6903548747064677,,1.0,-0.503823182509444,-0.47899870988850585,-0.4584497265443422,-0.46480753869430286,-0.13414943039105479
191,-0.48,0.0,0.4886118697874597,,0.0,-0.2307141122559758,-0.4254473592659826,0.6366711544362595,-0.4293106969992174,-0.23120751284200688
192,-0.47,0.0,-0.24224003313169196,,0.0,-0.4539101263524056,0.06335860805338996,-0.4227953460286305,-0.4355456060719036,-0.3662540759337958
193,-0.47,0.0,-0.12909764090253906,,0.0,-0.4760429142707692,-0.4619846395648701,-0.4597650965791967,-0.6513066145992112,-0.4490599684714657
194,-0.46,0.0,-1.0215556869262268,,0.0,-0.34884332886347463,-0.4362268754653809,-0.43329340024919777,-0.42208175264295583,-0.11181531862038555
195,-0.46,0.0,-0.540040912795315,,0.0,-0.5272737475327107,-0.45826242985039767,-0.5014134174046397,-0.5846708515085953,-0.5045254746817831
196,-0.46,0.0,0.08224556865474979,,1.0,-0.45978385472165256,-0.4595598859628594,-0.45363341200252477,-0.31945117688714386,-0.45236976026066356
197,-0.45,0.0,-1.165483700261154,,0.0,-0.3542743062603324,-0.43195643218693547,-0.4238227159960586,-0.44269219572251467,-0.5360762866462396
198,-0.44,0.0,0.2689475427087708,,0.0,-0.7631678345319224,-0.4568540906484111,-0.48363007934728053,-0.4621271913264419,-0.5787977823789118
199,-0.43,0.0,0.8531693552472857,,0.0,-0.41912461161288966,-0.2866038650278916,-0.42942129434227616,-0.44368962690943464,-0.413441513145444
200,-0.43,0.0,0.22910053166807537,,0.0,-0.42208744370844076,-0.4286199111141395,-0.4439969304577687,-0.4207358775638968,-0.3115646614395532
201,-0.43,0.0,-0.3820525370355527,,0.0,-0.24040887175156095,-0.43590870851639546,-0.37784112818435284,-0.4179451894680845,-0.40811225579505456
202,-0.43,0.0,-0.6858197602132634,,0.0,-0.505497268077867,-0.4334873449782564,-0.39378689917782267,-0.4344401539464283,-0.4078199668807929
203,-0.43,0.0,-0.026182668117939192,,1.0,-0.37723044358843755,-0.4213681269811267,-0.4279663426522303,-0.4263363304050018,-0.4217240472872029
204,-0.42,0.0,-0.22362924774295395,,0.0,-0.39369900918742695,-0.41213397182762573,-0.4098933298422512,-0.3993041945018363,-0.40083391741350244
205,-0.42,0.0,-1.3392617737416808,,1.0,-0.47343295204740576,-1.1710511544085094,-0.4348555353654117,-0.43106446636197454,-0.4530817740998461
206,-0.42,0.0,-0.6622672307322388,,1.0,-0.4401872386915484,-1.2067465465473695,-0.42227336060922327,-0.44168964043361175,-0.43347920295181647
207,-0.42,0.0,-0.030477393688604925,,0.0,-0.4031725645023917,-0.41708284281836144,-0.5333401651139394,-0.40691964358502053,-0.4299328293637043
208,-0.4,0.0,-0.3633024684816751,,0.0,-0.4128136458277763,-0.40274808624971115,-0.4194875750122787,-0.42460807090158936,-0.6531934456755518
209,-0.4,0.0,0.14664800023548785,,0.0,-0.34447953992943725,-0.4155707029416305,-0.39550872691574224,-0.41732643186365204,-0.4078999613778671
210,-0.4,0.0,0.6750614738252596,,0.0,-0.26793818524832447,-0.39467612673365154,-0.13813357750404406,-0.37338817255277507,-0.34613049222123654
211,-0.4,0.0,0.2674995255897494,,0.0,-0.45948387111909367,-0.8607579853341117,-0.41924612502179154,-0.4029234273571919,-0.4405156237317796
212,-0.4,0.0,-0.4009061582740376,,0.0,-0.4174260520519869,-0.4091022081687297,-0.41690726354344665,-0.6541426151490213,-0.4463187503648298
213,-0.4,0.0,0.753197881187945,,0.0,-0.30020503164418627,-1.1365784483371684,-0.3533912986772706,-0.3769041901089326,-0.2895407536477709
214,-0.4,0.0,0.35162913062879353,,0.0,-0.40722968309460766,-0.39150774509100006,-0.3990327763960299,-0.4080349228376186,-0.40232796780141056
215,-0.4,0.0,0.13911643584220312,,1.0,0.038657740216389756,-0.41305782842533934,-0.4213917920497582,-0.3866281920583713,-0.3691332225519227
216,-0.39,0.0,0.09981608191328624,,0.0,-0.6975883234855427,-0.3957900832046785,-0.4179351444070739,-0.386670837970005,-0.397455574161231
217,-0.39,0.0,0.17494487912677698,,0.0,-0.3638609337862843,-0.026999376067437734,-0.34672061050423497,-0.3954846003198451,-0.35151745589044125
218,-0.38,0.0,0.5560421692100519,,0.0,-0.3723159380352332,-0.4089688733542961,-0.26693601741930734,-0.3813577037588598,-0.411888889716773
219,-0.38,0.0,-0.226348549811528,,0.0,-0.3796803779359014,-0.36142943930968585,-0.3956649058773318,-0.5261817682398245,-0.4062199232600152
220,-0.37,0.0,-0.02871199208330008,,0.0,-0.2114660979470229,0.323544604664079,-0.30131369456658036,-0.3344807029475746,-0.16281867867473446
221,-0.37,0.0,-0.5654264966288062,,0.0,-0.3606885458646546,-0.3837008078132734,-0.7125561767037825,-0.39838307650570587,-0.41707853507202663
222,-0.37,0.0,-0.5186182203598781,,0.0,-0.3475017553977321,-0.344631334340822,-0.32583922660796394,-0.3219359682429142,-0.19837158512970027
223,-0.36,0.0,-0.3542896243093738,,0.0,-0.18925571308751454,-0.32276189392853416,-0.29511197257705335,0.2669033512850469,-0.2144520524570279
224,-0.34,0.0,0.2914547347471932,,1.0,-0.3416344461251832,-0.3372137526540782,-0.345336705069804,-0.511305210527185,-0.3666119724546376
225,-0.34,0.0,-0.7366699250015432,,0.0,-0.30094306263399007,-0.11076826361480661,-0.3154963547904055,-0.32409883106428594,-0.28156436610750957
226,-0.34,0.0,0.29797633842226723,,0.0,-0.2922613791251091,-0.21166253937450055,-0.31881290067510376,-0.317963497618504,-0.26585451991644
227,-0.34,0.0,0.049868969077860426,,0.0,-0.29454395946539014,-0.3216825344656243,-0.3134230632076388,-0.3672242896949604,-0.40847749916831283
228,-0.32,0.0,-0.48342748526035484,,0.0,-0.3752137366792374,-0.448286440303291,-0.3409546864125297,-0.32119014111446464,-0.31212334270141606
229,-0.32,0.0,0.05169854227617218,,0.0,-0.23997695288446316,0.01681292023015085,-0.26671577353548254,-0.2982453840254213,-0.2463628631070767
230,-0.31,0.0,0.010610034352790905,,0.0,-0.3985146873275858,-0.45945175282921735,-0.32520440019314606,-0.33796677520826796,-0.3612847043761599
231,-0.3,0.0,-0.0975263951161621,,0.0,-0.272272576975707,-0.28878036892156583,-0.2968747679850411,-0.28734222951968635,-0.2768050453419327
232,-0.3,0.0,-0.4401908908038932,,0.0,-0.2562863725896371,-0.2915218732785877,-0.28393761029826037,-0.26794836650024717,-0.06637309361661496
233,-0.3,0.0,-0.5367946264454193,,0.0,-0.30612413966653645,-0.29724908134261696,-0.30130839919062197,-0.5235537530206595,-0.2838825914347245
234,-0.3,0.0,-0.581226714452486,,0.0,-0.25254926492226604,-0.2675414573148784,-0.2679038682856509,-0.277931326122398,0.055710150831028336
235,-0.3,0.0,-0.8515415240591422,,0.0,-0.20136856647317436,-0.28975676668821565,-0.23590483093613573,0.21480935651434624,-0.20992355534928653
236,-0.3,0.0,0.6323120222701734,,0.0,-0.15850098867221854,-0.3022182766497135,-0.31384257357148754,-0.29751317809816125,-0.29534815150558014
237,-0.3,0.0,-0.8100559139042263,,0.0,-0.1881497408139627,-0.01694082159683133,-0.20997427408758038,-0.26173795007004064,-0.20051654269993321
238,-0.3,0.0,-0.30911455214284744,,0.0,-0.3380103103628473,-0.3069607508048858,-0.3346289476273379,-0.46057995484119896,-0.36416045110075396
239,-0.3,0.0,0.15285710347960843,,0.0,-0.3511848429146378,-0.3141071774623802,-0.5866066802149074,-0.34868798314282184,-0.3527600036926862
240,-0.3,0.0,0.42215015218974905,,1.0,-0.10957309418755444,-0.2894219876538187,-0.265685452437645,-0.2890165282139833,-0.2536111634637312
241,-0.3,0.0,0.6615433328538828,,0.0,-0.2444092666290957,-0.2975056283973531,-0.2832494347855986,-0.30514366201947857,-0.2941018359454517
242,-0.3,0.0,-0.4003125444669923,,1.0,-0.3243753702913471,-0.2849741299861065,-0.3077980426427002,-0.21027805628853505,-0.2802546708810658
243,-0.3,0.0,-1.1144509061188468,,0.0,-0.31172555237039323,-0.3288053226693951,-0.30440712216416566,-0.2765862661837872,-0.23406027319542858
244,-0.3,0.0,-0.1488865072434472,,0.0,-0.23001869441852318,-0.29440850292708565,-0.2679810246215338,0.12661309466862658,-0.23233053566216438
245,-0.29,0.0,-0.6476557574291847,,0.0,-0.29571917256002633,-0.2961507771717001,-0.2811612970798213,-0.4103807733613491,-0.24493743383257183
246,-0.29,0.0,0.6566701815910262,,0.0,-0.3389361195870763,-0.2960382301799234,-0.31452167011522686,-0.3649339366704058,-0.2782783900860666
247,-0.28,0.0,-0.22879766956972764,,0.0,-0.35318326322073373,-0.2920308975184777,-0.3123221614493236,-0.8557364428918272,-0.41723220574841824
248,-0.28,0.0,0.08135225576694874,,0.0,-0.13788362900900059,-0.21995421114398134,-0.19634983858986577,-0.22764949129717565,0.14038730207564237
249,-0.28,0.0,-0.04825750184099494,,0.0,-0.28728280592571326,-0.2634265126735365,-0.29164265845360154,-0.281668383444137,-0.42393488989394024
250,-0.28,0.0,0.5708202426796183,,0.0,-0.27563731393491175,-0.28726121112249425,-0.4418985831073533,-0.2680620155131101,-0.3189615123629342
251,-0.28,0.0,0.42918180790831295,,0.0,-0.2807509601722612,-0.27642734998307184,-0.25642806670974094,-0.26216338162461766,-0.2896395306644039
252,-0.28,0.0,-0.15057853078723418,,0.0,-0.2875529198417045,-0.31345309524930465,-0.2944156065528787,-0.29146418601220536,0.05336397325828006
253,-0.27,0.0,-0.5059196080428869,,0.0,-0.2991630748352841,-0.3703624953128349,-0.3169286725402713,-0.2843655408242409,-0.3439343805165113
254,-0.27,0.0,0.7639902167442888,,0.0,-0.37992290657091177,-0.28024350285633126,-0.2975958805796953,-0.27810231482659276,-0.27004682684961734
255,-0.27,0.0,-0.03227345996744239,,0.0,-0.34562832879892386,-0.28125026278710114,-0.36999436379510725,-0.29463313036764033,-0.35793571453590467
256,-0.27,0.0,0.15521345595314903,,0.0,-0.3546469142992475,-0.26603043079554634,-0.2817139842549598,-0.28628916247592096,-0.2883002615659689
257,-0.25,0.0,-0.38199432357000696,,0.0,-0.2788163671894098,-0.2506259873650603,-0.24124571670082168,-0.24472047127018465,-0.20302611180399446
258,-0.25,0.0,-0.14053191823601238,,1.0,-0.19507600873430594,-0.2545773768814366,-0.22451726612093556,-0.20717928168917543,-0.2043315117471998
259,-0.25,0.0,-0.4637826503356748,,0.0,-0.33444649088090594,-0.2502457679696273,-0.2615170027345808,-0.25579303555890975,-0.29106906390199466
260,-0.24,0.0,0.45485212393925,,1.0,-0.24228758552240767,-0.2704075928893193,-0.24414060949085997,-0.247991443549297,-0.22349245116516966
261,-0.24,0.0,-0.08038212964232261,,0.0,-0.2862838346067323,-0.23467224887381533,-0.28682449324320863,-0.24544730035071113,-0.303511815732218
262,-0.24,0.0,-0.011286519428347177,,1.0,-0.11680079665210594,0.12772955099069042,-0.1925175346872383,-0.20322539340785184,-0.030841081551638633
263,-0.24,0.0,-0.08842168530891607,,0.0,-0.19473308771549647,-0.23691734906504053,-0.24144421145267722,-0.2382408818883774,-0.1911026350182815
264,-0.23,0.0,0.2348466248281809,,0.0,-0.10849138088806985,-0.1910289427662628,-0.16342622857869782,-0.18701526015748013,0.29537351227135394
265,-0.23,0.0,-0.775505181754907,,0.0,-0.28320847573872343,-0.24152276715789522,-0.25750046360848383,-0.4714157984773582,-0.3170033182086308
266,-0.22,0.0,0.7989808685931657,,0.0,-0.16623933933022722,-0.21296887102153683,-0.18580768198651756,-0.20742009557419264,-0.10671243938632988
267,-0.22,0.0,-0.21617300790008293,,0.0,-0.19868257440359144,-0.22864282061133528,-0.39046244848378586,-0.23234028111677255,-0.25303824184571777
268,-0.22,0.0,0.40550347794056824,,0.0,-0.14159726460708355,-0.19782245044098143,-0.20787140779307794,0.003982885068706177,-0.10364303038123274
269,-0.22,0.0,0.2922395076440346,,0.0,-0.26744805039321823,-0.23368885363842334,-0.22720185167069995,-0.22886037526005515,-0.36389479494504445
270,-0.22,0.0,0.3077684564594677,,0.0,-0.20262935816834915,-0.22386932017367622,-0.19249638812989386,-0.2151371338175389,-0.24058451333884934
271,-0.22,0.0,0.7431508997339134,,0.0,-0.2953351416041899,-0.23774907154526048,-0.8127415063401027,-0.24237173191610092,-0.2885020690574029
272,-0.22,0.0,0.33978046050195654,,0.0,-0.22101330064507668,-0.2190898469310471,-0.21416070437610893,-0.20906368485628782,-0.48198603706027787
273,-0.21,0.0,0.836762121524872,,0.0,0.10802281335061367,-0.2134982735736905,-0.22726347369610725,-0.2078693723115782,-0.12012925043614428
274,-0.2,0.0,0.8710227595188093,,0.0,-0.14940969343112837,-0.18286118106385255,-0.27386368296456653,-0.18602442693147184,-0.15307085577346677
275,-0.2,0.0,0.5261308882222869,,0.0,-0.24383829318744932,-0.20557640427468676,-0.18672738958416035,-0.22481095550725905,-0.7608874474732586
276,-0.2,0.0,0.8745740060131768,,0.0,-0.07688061110869666,-0.16065421257308118,-0.15655403818975722,-0.1678090162383678,0.21697082305346654
277,-0.2,0.0,0.2700311865422956,,0.0,-0.2254941679186185,-0.1966592675110957,-0.20682185104300366,-0.5295957609187801,-0.2583693025773062
278,-0.2,0.0,0.33554165371118816,,0.0,-0.22716329092423754,-0.19469273157851918,-0.05293576666334456,-0.19274391425626777,-0.19280402905062105
279,-0.2,0.0,0.8202034031175852,,0.0,-0.20334081622783756,-0.2057790750463666,-0.1865739502176093,-0.21502637332299554,-0.14829655092868854
280,-0.2,0.0,0.8349059197598304,,1.0,-0.1779192422294525,-0.20189076507152637,-0.21669491175532354,-0.20095736082804824,-0.21573081211557157
281,-0.2,0.0,0.2421586643226674,,0.0,-0.25753889781219114,-0.2245825982754498,-0.21790946303621028,-0.2204878448325691,-0.19331739081553467
282,-0.2,0.0,-0.034783757689700885,,0.0,-0.21568450179453544,-0.20760626370406948,-0.20334205064845623,-0.20318540889604386,-0.2202309072589759
283,-0.19,0.0,0.6291508490104382,,0.0,-0.2777004056837947,-0.19230532668668382,-0.4849698493608382,-0.20857957620540382,-0.23206753037425898
284,-0.19,0.0,0.3249275496029905,,1.0,-0.19033923892603039,-0.19806358275553188,-0.35323094010269807,-0.19088735896110837,-0.223551314773047
285,-0.19,0.0,-1.2797945911226853,,0.0,-0.6307096424494145,-0.19294488808914337,-0.20749040686786785,-0.20818243176151513,-0.19658748552682714
286,-0.18,0.0,0.5785728775345894,,0.0,-0.20107484296005568,-0.42348025714358173,-0.22349759745743206,-0.1982865614644628,-0.20703321708159383
287,-0.18,0.0,0.766050444971709,,0.0,-0.2586287155721792,-0.5740938045293524,-0.2454787137026815,-0.21395665472044179,-0.22959335657773045
288,-0.17,0.0,0.7940023647455312,,0.0,0.4226448076403085,-0.12059197881512632,-0.06597984467333348,-0.13086379808093548,-0.029859525672064353
289,-0.17,0.0,0.900969866768748,,0.0,-0.1672590686498421,-0.17155870572487392,-0.18404076000687292,-0.18229074814261095,-0.3225017515499539
290,-0.17,0.0,-0.8678211707725885,,0.0,-0.10710609506044047,-0.1466713917665433,-0.03338987206701547,-0.14586420918125975,-0.10429425326310841
291,-0.17,0.0,-0.03572703310098247,,0.0,-0.2093696534964369,-0.19180589695924513,-0.6970990608635751,-0.18558614958769024,-0.16610838303616143
292,-0.17,0.0,0.20703359175086491,,1.0,-0.16350032235862513,-0.16725537656737813,-0.42481116384151196,-0.17477189572644458,-0.17769382624734864
293,-0.17,0.0,0.5172988046214276,,0.0,-0.2138347614541797,-0.18877131535204744,-0.1904017627451665,-0.11113387239380614,-0.25237312653042693
294,-0.17,0.0,0.6212881095340841,,0.0,-0.1985881240552607,-0.1437184152377577,-0.17709013663880913,-0.17326666011652983,-0.19884658213698267
295,-0.16,0.0,0.3405312116401957,,0.0,-0.15406571312152811,-0.1534333624329266,-0.15587322958841493,-0.10439090569483588,-0.19431883666188107
296,-0.16,0.0,0.16560542050105556,,1.0,-0.29308911564983553,-0.6296377169772713,-0.19959272737569475,-0.20001892444472172,-0.16973579013904497
297,-0.16,0.0,0.07920000176256208,,0.0,-0.14179674258834665,-0.1549680892139408,-0.15197955710304709,-0.0870760611784776,-0.15962040865910226
298,-0.16,0.0,0.3646132962483466,,0.0,-0.17843031938707116,-0.16724430402278476,-0.18360542533128993,-0.32345174167872726,-0.1321205137328914
299,-0.15,0.0,0.7115250299257462,,0.0,-0.6759416119966752,-0.16062545355266117,-0.16482032316864495,-0.17159597833509926,-0.16286511463431386
300,-0.15,0.0,0.3270327582850681,,0.0,-0.1772438479997977,-0.15969800636205977,-0.135990512981184,-0.65516682666379,-0.14537097760138326
301,-0.15,0.0,0.9346515962184929,,0.0,-0.07190598606681191,-0.13175664057680575,-0.10274571392879953,-0.0076707474527342966,-0.09399958296169612
302,-0.15,0.0,-0.0720813355154426,,0.0,-0.0861716670428612,-0.14707774489590666,-0.12590585857274847,-0.1541208997395703,-0.015355838994693213
303,-0.15,0.0,-0.5703734160039083,,0.0,-0.2381491103681279,-0.1755697639575847,-0.19410212221828466,-0.913760955090181,-0.26949485620469904
304,-0.15,0.0,0.09940146789730436,,0.0,-0.13917076321811175,-0.14267477915884724,-0.14015468666271003,-0.15803600149386335,-0.1505947588806433
305,-0.15,0.0,-0.4021874005459214,,0.0,-0.17597095128300827,-0.1683424392060394,-0.17362875300697783,-0.36623495649815124,-0.25243305408477473
306,-0.14,0.0,0.2016034768117324,,0.0,-0.15675650078260162,-0.14847625167166315,-0.25392807039588167,-0.1428195755854865,-0.17699671659232452
307,-0.14,0.0,0.06335601658856578,,0.0,-0.18106427811793244,-0.2539279309636599,-0.14416364090006747,-0.15310953534739116,-0.14916738874473642
308,-0.14,0.0,0.6769850465368342,,1.0,-0.10231637725148628,-0.12617851452241363,0.06638846914349468,-0.10608670299562695,-0.08959742038978707
309,-0.14,0.0,0.0873653546401908,,0.0,-0.17138007379491796,-0.15526069016497776,-0.15033516942720487,-0.5706334193805792,-0.21993849850703628
310,-0.14,0.0,0.39659814074029665,,0.0,-0.1469511509518624,-0.15467852953805397,-0.1136642907840725,-0.15314737288178618,-0.10871074082431069
311,-0.14,0.0,0.042740458006188906,,0.0,-0.1499722306700214,-0.1335532397257827,-0.3447689823222868,-0.13170140105073336,-0.16911049045530388
312,-0.14,0.0,0.24955756981636756,,0.0,-0.13485416131926145,-0.14733888530090544,-0.1615981718060371,-0.14512983783463193,-0.009835132419683104
313,-0.13,0.0,0.686841662276101,,0.0,-0.08424732699164464,-0.18328252153562613,-0.13227387900969517,-0.12321452065892645,-0.0659834168499044
314,-0.13,0.0,-0.7293927282214555,,0.0,-0.13545744516935296,-0.12991043991078158,0.24069033554032918,-0.12365336165929745,-0.01212639058613744
315,-0.13,0.0,-0.9473958061488084,,0.0,0.08003038500969273,-0.10594080222890319,-0.04108525511000857,0.4167492494076047,0.08433188372815598
316,-0.13,0.0,0.8906205188794638,,0.0,-0.07624710236578094,-0.14400951161258455,0.028847718908199396,-0.12923583554781126,-0.05691211677402393
317,-0.12,0.0,-0.08581796360670306,,0.0,-0.12039396485748159,-0.11203003245376901,0.023567085331553557,-0.1207883071156469,-0.05071719151955327
318,-0.12,0.0,-0.3131920811757578,,0.0,-0.17836398396426914,-0.12802687068844154,-0.12104944104275973,-0.13049038835012153,-0.15623641273840785
319,-0.12,0.0,-1.4815341637943715,,0.0,-0.19614831101360966,-0.12390333124705481,-0.216565420962505,-0.5766454632346892,-0.2363313946306759
320,-0.12,0.0,-0.7075643859128878,,0.0,-0.13154337775197922,-0.12183672017669003,-0.13881016886496816,-0.20324252675106072,-0.16717820910341713
321,-0.12,0.0,-0.41296915736552126,,0.0,-0.8055828172913261,-0.16690528431744497,-0.20019460490723257,-0.1706470736363166,-0.2520184208726255
322,-0.11,0.0,-0.47756658346149816,,0.0,-0.03969794430227749,-0.1136623235909933,-0.10150726189938133,0.013365481482321197,-0.031848477026095084
323,-0.1,0.0,-0.4403535916008542,,0.0,-0.13447982393031885,-0.08929288691048372,-0.23478551787124932,-0.11409298272423064,-0.16248508867630398
324,-0.1,0.0,-0.7335871558881085,,0.0,-0.060962199555321075,-0.0893768059385394,-0.1625346943122507,-0.07982486327920267,-0.032780328142971396
325,-0.1,0.0,-0.5814410747893344,,0.0,-0.09801018539315234,-0.10138797931091112,-0.03925847005936614,-0.11190371994950918,-0.09249023148510016
326,-0.1,0.0,0.3298387437537315,,1.0,-0.053702917308058234,-0.09499879556482081,-0.09465209667080228,-0.10158324401955882,-0.05595878389442648
327,-0.1,0.0,-0.5887532128558042,,0.0,-0.06464756281380761,-0.10669459187333909,-0.07153794574304842,-0.103317877586527,-0.04233313522630082
328,-0.1,0.0,0.5385389536071217,,1.0,-0.031057482462107565,-0.09284876631815137,0.13999896779459065,-0.08955532656893476,-0.06845004481440976
329,-0.1,0.0,-0.5721495181766975,,1.0,-0.13010221295693955,-0.10680849823945412,-0.11806298660477436,-0.10774860340122447,-0.18849002065024012
330,-0.1,0.0,0.0452613326003633,,0.0,-0.06494899578724196,-0.10644081799981353,-0.12297409634558527,-0.1031252074112794,-0.30469042537546515
331,-0.1,0.0,-0.18799195612689917,,0.0,-0.09104046324944233,-0.17618679206550095,-0.11634764911645154,-0.10475666568933184,-0.12035964922807531
332,-0.1,0.0,0.5033409427593145,,0.0,-0.1809158632919774,-0.3240848671142155,-0.12473199837068023,-0.12762067364754012,-0.165898098437276
333,-0.1,0.0,-0.4381651780432255,,1.0,-0.04963069503446048,-0.10722639264128646,-0.11893995390042994,-0.10369303272694619,-0.06628038253978419
334,-0.1,0.0,-1.296230436663767,,0.0,-0.07624566529536694,-0.08948792710205604,-0.07262310969612029,-0.2830505631907824,-0.07816084586828041
335,-0.1,0.0,-0.27325096224515144,,0.0,-0.24121153278677707,-0.10373721548162065,-0.11012377516580461,-0.10872369047792331,-0.11868489364340076
336,-0.1,0.0,-0.06400211527816423,,0.0,-0.10577562939841165,-0.09911426875031845,-0.3297781742004749,-0.07707296099087643,-0.09790466408000056
337,-0.1,0.0,-1.341528508353275,,1.0,-0.08709163614408164,-0.3739037736724506,-0.11920664840830894,-0.11070621215049933,-0.16940028258500964
338,-0.1,0.0,-1.1866904141258212,,1.0,-0.06347697303802473,-0.0935439932729533,-0.11140869715266798,-0.09030813200468588,0.14438673619601886
339,-0.1,0.0,0.8913719788299487,,1.0,-0.09280356834860808,-0.08953117904781623,-0.09618659440893033,-0.007408870658089708,-0.012339478366279395
340,-0.1,0.0,0.9153544542110109,,0.0,0.05555185691433901,-0.09025787804517474,-0.09876160213610759,-0.1210061268080491,-0.08707307283337928
341,-0.1,0.0,0.2972643712211221,,0.0,-0.35383751620850584,-0.12248126315416888,-0.09018565331575569,-0.11108611491326643,-0.16803739655495237
342,-0.09,0.0,0.011770820591917459,,0.0,-0.09540176595044834,-0.0962314124947136,-0.38633067845646657,-0.09442133151774369,-0.1253295866148409
343,-0.09,0.0,0.36714258307043307,,0.0,-0.08555796720040583,-0.08186174105098078,-0.07818736960400265,-0.2789675550019761,-0.05224857665344515
344,-0.09,0.0,0.09610740733232423,,0.0,-0.16353869175758778,-0.09958569702255797,-0.906279409776986,-0.11583726129775271,-0.1766422992891892
345,-0.08,0.0,0.35321598081139083,,0.0,-0.061880041908562534,-0.10036350459821626,-0.11328947262311063,-0.0928784088171909,-0.12708388961829825
346,-0.08,0.0,0.4348353197648249,,0.0,-0.16643491700957794,-0.10287042736334018,-0.802036992829816,-0.11215377729103213,-0.11735476537786928
347,-0.07,0.0,0.07105844850094392,,0.0,-0.10574113091971692,-0.08352108630869873,-0.08262693568847472,-0.0829075665494185,-0.43538613534788334
348,-0.07,0.0,-0.05685351999072269,,0.0,-0.08708470380718371,-0.08460817079755314,-0.0874598748451429,-0.18512790530453385,-0.1344150779208839
349,-0.07,0.0,-0.19860694427097758,,0.0,-0.5723690670453883,-0.07105649844532903,-0.07991900903052213,-0.0800354449645142,-0.11972203553335362
350,-0.07,0.0,0.15743537546623768,,0.0,-0.06413714251370498,-0.06787592945112393,-0.05575179866862951,0.13623338175756247,-0.04956300629876326
351,-0.06,0.0,-0.5316340085095184,,0.0,0.27827328212885283,-0.06859513953190818,-0.045160114595859065,-0.04497218175455174,0.025391817394000808
352,-0.06,0.0,0.12841495722221186,,0.0,-0.07620606343490671,-0.08318450808048047,-0.04737058825920343,-0.05567010781835609,-0.002673014495321098
353,-0.06,0.0,-0.3191458484620002,,0.0,-0.013978382496788266,-0.060727309406193045,-0.05735461545383632,-0.09086196855287886,-0.08589274728748666
354,-0.05,0.0,0.6486506906381986,,1.0,0.07282479854327362,-0.03731312866084877,-0.022433218691034446,-0.028996836225203906,-0.05433274717494822
355,-0.05,0.0,-1.7260209529317792,,1.0,-0.0533039145511581,-0.0624051874500425,-0.040302147614768656,0.07379923374324839,-0.02885455980185957
356,-0.05,0.0,-0.9640679783073623,,0.0,-0.04093371956844539,-0.12869623537438205,-0.059352670213991585,-0.06164814616084813,-0.036138019528371146
357,-0.05,0.0,-1.1732274559953226,,0.0,-0.06963362870176992,-0.05736641506643671,-0.10452391460274718,0.04969231063951156,0.020449728500592994
358,-0.05,0.0,-0.8025664837021823,,1.0,-0.12225065410551603,-0.06942716665746415,-0.3861689299762223,-0.07772549091463868,-0.09400239945184403
359,-0.05,0.0,-1.5835651731406943,,0.0,0.15702186734959203,-0.02948895009824458,-0.02357374255805959,-0.004374413712109059,0.06816576626128643
360,-0.05,0.0,0.24650795204733217,,0.0,-0.10848169153208649,-0.4552286376975165,-0.10040524034745567,-0.08306731897333305,-0.11350414710270772
361,-0.05,0.0,0.24100468451515505,,0.0,-0.1768158785783525,-0.07483525687068679,-0.5808341387553148,-0.07914455214333176,-0.15488111355540893
362,-0.04,0.0,-0.8311665405715615,,0.0,0.008189297554507268,-0.025370705854511632,-0.04206699098295125,-0.03354734363458765,-0.012515010145424225
363,-0.04,0.0,0.0021596332767104616,,0.0,-0.03306331498348434,-0.06432522062504689,-0.22753916875502625,-0.03362678320059251,-0.05551548080544642
364,-0.04,0.0,-0.44801824465937806,,0.0,-0.08026318461235385,-0.05929211127066232,-0.07513325759095552,-0.06952193057797355,-0.06308609611149013
365,-0.04,0.0,0.18459616493432163,,1.0,-0.1789260463456507,-0.07978936630662294,-0.11478920112781461,-1.2242421562957917,-0.20325788844274956
366,-0.04,0.0,0.024341917565686596,,0.0,-0.05936447084299872,-0.05561364513980163,-0.06613517521612267,-0.3827492649330738,-0.06523855838667819
367,-0.03,0.0,0.2506422771206941,,0.0,-0.052294707942540854,-0.038571551704251805,-0.07398760566500781,-0.03902679467768201,-0.03801334316780149
368,-0.03,0.0,-0.026348479129462418,,0.0,0.14541448024238313,0.2290224156445792,0.0632390883993087,0.02575332287409282,0.1797357256134882
369,-0.02,0.0,-0.3633005133215872,,0.0,-0.056521285568420614,-0.07330680078138503,-0.014750962253990155,-0.014458054184013205,-0.07232694435974253
370,-0.02,0.0,-0.4022762585438073,,0.0,0.013772566603903356,-0.00034836945560100664,0.0023178767918287453,-0.011923976257842342,-0.015415959356160074
371,-0.02,0.0,-0.5494466058373044,,0.0,0.015805422325531112,-0.01207331109085717,-0.00044755236520126803,0.03915521391038909,0.03081311260798104
372,-0.02,0.0,0.2945548511066171,,0.0,0.0649614188283756,-0.01814881246574401,0.020925834388796086,0.011543028092129688,0.26611138445247695
373,-0.01,0.0,-0.17398423518113298,,0.0,-0.10787002042363537,-0.01848086561868029,-0.0519267954521559,-0.9874212554231588,-0.09723210983875302
374,-0.01,0.0,0.016077314030805447,,0.0,-0.622730702723464,-0.02986188498223004,-0.03484869390805247,-0.032407303198078795,-0.08697068713865307
375,-0.01,0.0,0.7230202938664364,,0.0,0.013043677239311505,-0.00089753034485599,0.01873304559162431,0.024077338490191627,0.026228134125157166
376,-0.01,0.0,0.557939918235242,,0.0,-0.005320513663621154,-0.0017612743456979383,-0.007847950877463246,0.016098644463853184,0.044680941436850065
377,-0.01,0.0,-0.4529593336170074,,0.0,-0.03420872873957369,-0.021881510240608776,-0.20712794497995857,-0.022105190013589893,-0.1013065655640654
378,-0.01,0.0,-0.25916377908434673,,0.0,-0.2362102755506263,-0.023006964861246926,-0.014258299197460954,-0.016615608110590034,-0.07418249662978511
379,-0.01,0.0,-0.0716175478963224,,0.0,-0.1105212167641073,-0.013838316912120745,-0.028491887596104184,-0.036704778610017794,-0.5370013768467318
380,-0.01,0.0,0.7580096808524108,,0.0,-0.06666613232163447,-0.25164666590148926,-0.03280594092700711,-0.027420889409328516,-0.06343945422559356
381,0.0,0.0,0.6141831980444717,,0.0,-0.07575640096071005,-0.3611292355293794,-0.03357616006608442,-0.027422841083464225,-0.07438442900513126
382,0.0,0.0,0.37891320666626616,,0.0,-0.006475049987747009,-0.004593851112719639,0.009939750869674661,-0.07494710243669742,0.05679202952853173
383,0.0,0.0,0.26284067168286823,,0.0,0.3590204044662288,0.028085045603847773,0.06816662591218813,0.016407104899721924,0.08800185445242423
384,0.0,0.0,0.6597250965206412,,0.0,-0.012262714540726475,0.02004099874507462,0.0062746803573563775,-0.050787734189022576,0.037475954380166626
385,0.0,0.0,0.6835697585752377,,0.0,-0.034750181854060334,-0.0017536194059960953,0.32423926742308057,-0.001021255160352384,0.06723730330135516
386,0.0,0.0,0.2401086354922013,,0.0,-0.10816735375592113,-1.186376651213435,-0.048424515475237025,-0.014989974338513316,-0.11211060464804386
387,0.0,0.0,0.05908381258705007,,0.0,-0.15688313875530244,-0.037643105267626945,-0.04012463315179287,-0.6334428279709128,-0.12072266854270226
388,0.0,0.0,-0.16597427061113806,,0.0,-0.0893681635173409,-0.016629899634378414,0.0062361552686203215,-0.003848832494099722,-0.009227712116496449
389,0.0,0.0,0.8874676726314343,,0.0,-0.017403803372532174,0.009024891652162558,0.013301831988940513,-0.02864610560331219,0.048472412703230223
390,0.0,0.0,0.8585232759270338,,0.0,0.038702033106904135,0.021568798708614223,0.19579596167381483,0.00694021730616662,-0.026186208078738258
391,0.0,0.0,-0.15012133566221733,,0.0,-0.287217800325454,-0.010936336737545859,-0.019477459008240307,-0.02435568480713409,-0.043517114643267386
392,0.0,0.0,-0.47552591985930076,,0.0,-0.029347209505353262,-0.009307572919143187,-0.027202415257456806,-0.010461138090708843,-0.24325321810314676
393,0.0,0.0,-1.0737784674097333,,1.0,-0.0691041145816876,-0.8411670391421088,-0.028800943545535803,-0.016571169663254646,-0.09464213141401435
394,0.0,0.0,-0.796389968112046,,0.0,-0.04984180637297173,-0.006727493460693803,-0.030264979301286472,-0.02047060157345515,-0.3079137248499482
395,0.0,0.0,-0.8905291190210473,,0.0,-0.03745109213379249,-0.0217367707935454,-0.0380582115725608,-0.556258009349698,-0.04988613991388968
396,0.0,0.0,-0.8914562294546564,,1.0,-0.23688681688603527,-0.015279702615607885,-0.04671105808565131,-0.01402644333116823,-0.030418974524869802
397,0.01,0.0,0.7859807421837457,,0.0,-0.0666163923074089,-0.012047792064726047,-0.02326259331242326,-0.020332546912218752,-0.05504133536007215
398,0.02,0.0,-0.1969978482183574,,0.0,-0.010301716661495425,-0.17303173241341002,0.02142821405168276,0.017663778281641736,-0.010648165046424072
399,0.02,0.0,-0.7275381403241368,,1.0,-0.006489744275958596,0.1919235429703536,0.03379322248007442,0.012620456943417752,0.0674722844444679
400,0.02,0.0,-0.6040463754473422,,0.0,0.12689410998235065,0.5423484883933027,0.11368662066002258,0.03717748324431641,0.18628537645174284
401,0.03,0.0,-0.996927245219632,,1.0,0.12653508797770743,0.04279658342595865,0.008651850577444989,0.027529353535056336,0.16167424807553213
402,0.03,0.0,-0.47926388097538974,,1.0,-0.02685033171263315,0.009209471355616798,-0.005299585211142472,-0.7005568601799504,-0.03171426054091141
403,0.04,0.0,-1.219266244466708,,0.0,0.003604990529822582,0.009926785659531203,0.03952715430428081,0.041382324791072456,0.07374706778062752
404,0.04,0.0,0.8828985105353377,,0.0,0.05987714458575523,0.02672416559980111,0.14886463637185166,0.03281641242519551,0.11946150439998086
405,0.04,0.0,-0.5460645027558004,,0.0,-0.05511570197641621,0.01609442151026408,-0.020042019571382626,-0.008183755210948147,-0.3478882259553955
406,0.04,0.0,-0.7441905628588494,,0.0,0.0022788839033330054,0.043379123371711625,0.03111085807153441,-0.028556307881993058,0.008096285734788307
407,0.04,0.0,-0.3488397293929264,,0.0,0.029259366363139278,0.03552557917655133,0.02811155787193225,-0.07009647601075684,-0.03126471397830026
408,0.04,0.0,-0.7906170175935936,,0.0,-0.21091873232792216,0.041438478286426564,0.01647814842539391,0.015645265896626286,-0.013524765977750586
409,0.05,0.0,-0.34278258773552384,,0.0,0.04017644454769267,0.04983137512654268,0.036648419177581666,0.05457274370819906,0.07833314679680908
410,0.06,0.0,0.1504447342641626,,0.0,0.04133970340948429,0.06628372517593414,-0.19894377994181778,0.06294647080049567,0.017665345638036276
411,0.07,0.0,0.5851681134893411,,0.0,0.10471479540720988,0.09922253259121339,0.043037928749114114,0.07406079157075006,0.07872110641551912
412,0.07,0.0,-0.2162300012500527,,0.0,0.0408758584322015,0.061140577523213745,0.0721191486638712,0.06678010298115655,0.20818693360787474
413,0.07,0.0,-0.3092459858054562,,0.0,-0.16749647357940975,0.05584878591239001,0.06496334762844069,0.06408159956532342,0.0425178862128767
414,0.08,0.0,-0.7816802019104936,,0.0,-0.02555934182722481,0.08461390274434279,-0.40461331421202035,0.0710316054344794,0.04964989724598696
415,0.08,0.0,-0.6692536683089282,,1.0,0.11825883986588422,0.09572713277186218,0.10364788764947197,-0.431632684003434,0.12956875592883393
416,0.08,0.0,-0.8096490054418516,,0.0,0.8582185947639622,0.09478386591251914,0.1347240408512782,0.11465144731405853,0.20356686408733704
417,0.08,0.0,-0.1397978303834371,,0.0,-0.047352830435623515,0.050512009024898115,0.023481332544338374,0.07082112143941881,-0.8318863011235249
418,0.08,0.0,-0.9003546432987479,,0.0,0.27235755535671746,0.0939342595006148,0.11713778571623898,0.1018080978023875,0.09419637080726638
419,0.09,0.0,-0.5162621370852952,,0.0,-0.019079675350503433,0.0644807966734203,0.08782865084980887,0.07562428787957172,0.06913687240339121
420,0.09,0.0,-0.3418963778196122,,0.0,0.04821274814636022,0.09135588288765978,0.08734768722741544,0.10018457094370828,0.021882037116951233
421,0.09,0.0,-0.6274003822407027,,0.0,0.4807695162613441,0.13749370993603327,0.14942320890058627,0.10151889888507819,0.26640222236037614
422,0.09,0.0,-0.9972920062633506,,0.0,0.05544564937168106,0.17915345831090393,0.04763988930875894,0.10356753214149433,0.13488052041478235
423,0.09,0.0,-0.9762751690969452,,1.0,-0.0951897225615894,0.06551813401304496,-0.02349281715285058,0.0472217001860957,-0.6818582181129558
424,0.1,0.0,-0.9275843328271938,,0.0,-0.16612103088630284,0.08739269067941711,0.06849070714277102,0.05833666414745532,-0.029108676956528374
425,0.1,0.0,-1.1070841912872684,,0.0,0.2576374513173612,0.14112214265369016,0.13020367885922288,0.12345811463323661,0.3647658299580589
426,0.1,0.0,-1.161215161480494,,1.0,0.0029537655335984694,0.0766982489656623,0.08965312551117732,0.07691103922574426,-0.035379154839945186
427,0.1,0.0,-0.847546566258845,,0.0,-0.020270491125347977,0.07840289553641058,0.10336589772416536,0.09663543040887505,0.09131356950948677
428,0.1,0.0,-0.5623260418850409,,0.0,0.09054421390058938,0.09344788337302602,0.07544522929044462,-0.21060021350424268,0.08318921669944576
429,0.1,0.0,-1.3005699412017044,,0.0,-0.05762754631619003,-0.7293891419104557,0.08474589929805636,0.07171433918795135,0.011741938310567492
430,0.1,0.0,-0.3259881973957512,,0.0,0.3225961287168938,0.12988562787422242,0.12285644670375348,0.09640090120275863,0.16503427607726154
431,0.1,0.0,-0.2540482457012796,,1.0,0.023631391791718703,0.09950925403443307,0.08373904106423197,0.10028824687517893,-0.08235322652035135
432,0.1,0.0,-0.4411219128927554,,0.0,0.0009942027559790754,0.0697826824984817,0.01810226127745144,0.04216728772979965,-0.6073071616713991
433,0.1,0.0,-0.03329705220654414,,1.0,0.06547972907667722,0.08688994098244494,-0.05467910770679599,0.09888987374450686,0.23298208268148457
434,0.11,0.0,0.10633991618738954,,0.0,0.0670331363321938,0.07009751380594252,0.08850949130561923,-0.08835882999497284,0.06048855488870263
435,0.11,0.0,-0.7036142408753118,,0.0,0.1942183748473745,0.10789017410458106,0.09505591856132088,0.1061181473322874,0.0789746202019725
436,0.11,0.0,-0.35203579190794265,,0.0,0.0958698461469376,0.10995933940311821,0.12170359045006222,0.23060289899425995,0.14836315207374579
437,0.11,0.0,-0.5664555306863499,,1.0,0.0726603266907161,0.0959798382273375,-0.18642286387067625,0.09797933632609354,0.13220970767124984
438,0.11,0.0,-0.6085250983961472,,1.0,0.02980223002006232,0.10959179550548558,0.11542285773098539,0.11127064107401745,0.18961163122539
439,0.11,0.0,-0.8372034444687264,,1.0,0.07155330603959459,0.0999456664681898,-0.19941679086974615,0.11426326715575705,0.1126682921469919
440,0.11,0.0,-0.6729322417093363,,0.0,0.07317353926649739,0.018644762059391154,0.08644949024827782,0.09215973576905034,0.09166551388686855
441,0.11,0.0,-0.7367658799679175,,1.0,0.1702163191409299,0.1242299016493519,0.23528830826421443,0.1230241384907661,0.1471055908021202
442,0.11,0.0,-0.806210477571933,,0.0,0.11071064099489271,0.09736850233253579,0.10960196390128303,0.0964148348099881,0.12243508660820528
443,0.12,0.0,-1.150744616730399,,1.0,0.08550920981885261,0.1698617930613716,0.133350009502832,0.1349867233996167,0.1358237064229356
444,0.12,0.0,-0.2067618168617435,,0.0,0.2531222677048758,0.11552050096830209,0.10699314781141578,0.1326063097816203,0.1276152861503388
445,0.13,0.0,-0.9763066337457101,,0.0,0.15411898882768874,0.11831475728123489,0.21196954655469305,0.12677692032372997,0.13017488580833197
446,0.13,0.0,-0.48240436597733016,,0.0,0.04266577824513568,-0.017270610064170026,0.09727584064490434,0.10139386165652486,0.07835262736791843
447,0.14,0.0,-1.099972804537516,,1.0,0.2495784651458469,0.14214238097472232,0.009527979996314575,0.1308540173743241,0.17636262357678084
448,0.15,0.0,-0.29965736720956027,,1.0,0.08530463474817954,0.14156630149318578,0.1317554286541919,-0.48470157133896286,0.0831291787575558
449,0.16,0.0,-0.30013726114050027,,0.0,0.25884000510825944,0.3743633452064029,0.17544776664646505,0.1931287914795717,0.301665718925342
450,0.16,0.0,-0.7558149402550147,,0.0,0.06229584516606408,0.16507933622899362,0.1426008933651034,-0.23269844478243543,0.02521520971187032
451,0.16,0.0,0.2839416860510665,,0.0,0.25193265576112933,0.16724614846398309,0.18185962128738106,0.17310589359640807,0.4715136975412389
452,0.16,0.0,-0.6744292660381246,,1.0,0.17883940543125856,0.16217014137535368,0.17504245283088946,0.13030410278810206,0.24349341905816774
453,0.17,0.0,-0.535254704192577,,1.0,0.25166408802752016,0.40353835003370614,0.20430298686195872,0.22203465756257387,0.2624387827409883
454,0.17,0.0,-0.4253346267402953,,1.0,0.4204298305332957,0.18191135233229563,0.12598422713018695,0.17766567148936732,0.19345375924830666
455,0.18,0.0,-0.6636607913354232,,1.0,0.1230164427858213,0.16163602304879068,0.16302580644369458,-0.05820773201239829,0.1365197463026789
456,0.18,0.0,-0.533896915004713,,1.0,0.04905804155019277,0.15393415767505989,-0.46600832428394867,0.15256482352399522,0.07019057812254935
457,0.18,0.0,-0.8598446022183429,,1.0,0.1738246474985546,0.1799578087342835,0.25754091518464267,0.18911096545541659,0.2047551278578457
458,0.18,0.0,-0.6131279663736529,,1.0,0.02773432797717913,0.1572300686716407,-0.420225410790847,0.138335602233282,0.041032224974919436
459,0.19,0.0,-0.08750820744471083,,0.0,0.06772363588143814,0.018643600459659904,0.12942957708911068,0.13772254150364896,0.10619492919041656
460,0.2,0.0,-0.17307525258510617,,0.0,-0.8461417159568316,0.17887998638114644,0.15107077635569466,0.1912721725966265,0.16176232215068737
461,0.2,0.0,0.2282351053931087,,1.0,0.20975229468263398,0.2419687516236139,0.2198196013264128,0.21473953433601708,0.20676077674637455
462,0.2,0.0,-1.1426149914999373,,1.0,0.22005844808162642,0.19525267276479988,0.19623994149041438,0.19008999931324164,0.20004479391014823
463,0.2,0.0,-0.9221508803034969,,1.0,0.1244036847914719,0.19536857553578243,0.1672181966274426,-0.10642815433285749,0.13462121929808452
464,0.2,0.0,0.06950228023143498,,0.0,0.3220727339106415,0.2629621695519104,0.32735281463257476,0.5003220498332566,0.4137116914894785
465,0.2,0.0,-1.0576355224299139,,1.0,0.10098127934599312,-0.05825331637673498,0.12530954025583846,0.13710417306097822,0.058489494052408365
466,0.2,0.0,-0.39050195985301417,,0.0,0.22657010087939775,0.196744722879389,0.19322978693766632,0.21168529423519736,0.34106302678029043
467,0.2,0.0,-0.6744160630355864,,0.0,0.07387725239949766,0.15548587936658742,0.14632695334902074,0.14461502809108057,0.09936526945776593
468,0.2,0.0,-0.012647017658652787,,0.0,0.47667285825255523,0.21613496639842608,0.21644569047738466,0.21961829466639357,0.2454860799972791
469,0.2,0.0,-1.45739902652863,,1.0,0.3026076879099658,0.21415983648180983,0.30167247480813847,0.2076350589838739,0.22842280896294836
470,0.2,0.0,-0.5956331179982055,,1.0,0.06953162537844013,0.18192541838709733,0.16641128681996578,0.16645460033338055,-0.3001191114760776
471,0.2,0.0,-0.8189996581986517,,1.0,0.18343591335855583,0.1268524263632837,0.23469406334186113,0.1929321295277736,0.1590502613563692
472,0.2,0.0,-0.8591616332077704,,1.0,0.22439652687215234,0.20654425922716424,0.22538767146653432,0.18649099516755982,0.21074909107539838
473,0.2,0.0,-0.051172581661226076,,1.0,0.29242074185538663,0.23001470782536923,0.2727901841141936,0.38620938234433755,0.24857558410393443
474,0.22,0.0,-1.562616309225947,,1.0,0.2816369614701368,0.24119202296519587,0.23762358540225442,0.38954761811851135,0.28816807001882233
475,0.22,0.0,0.20195849107640892,,1.0,0.26236684711819747,0.2281332928574723,0.24281100139930814,0.23043351324658376,0.6786862861474373
476,0.22,0.0,0.32060490473987513,,1.0,0.18353436644219476,0.20268351466680046,0.008195474906928004,0.21206504149926378,0.23493988845405273
477,0.23,0.0,-1.4276993422308406,,1.0,0.14893483015865006,0.21309499765580361,0.1898305049322909,0.19948661421603062,-0.3968079185962803
478,0.23,0.0,-0.002986631628993847,,1.0,0.17275486825802017,-0.23136517779418939,0.17246717892927513,0.20535988536576427,0.22503944829939895
479,0.23,0.0,-0.10413083322766427,,1.0,0.5171694341527028,0.2422546454911683,0.2179210312788195,0.24520891664866648,0.29980547358292
480,0.24,0.0,-0.6741398735725253,,1.0,0.013144512308272955,0.21840794179996412,0.25310400594882165,0.2198049410055503,0.21603275692778112
481,0.24,0.0,0.2867984604667018,,1.0,0.2642891173670558,0.23985047188394482,0.25017483255126816,0.23136992687187283,0.011713284997108919
482,0.25,0.0,-0.5121477597884437,,1.0,0.21424497444947235,0.2569232726998121,0.22582566742657714,0.23838265423511085,0.1753453670885117
483,0.25,0.0,-0.8413109911641176,,0.0,0.17084800689507643,0.21720958644523383,0.20094163379306904,0.23304807710753142,-0.07805307708480054
484,0.26,0.0,-0.38689259815717136,,1.0,0.18411166409007246,0.25193280339898777,0.0548021586033581,0.24016488923743198,0.1712403130003828
485,0.26,0.0,-1.0635647918572873,,1.0,0.270523856610657,0.26031454457520303,0.27623301629862745,0.27841730703705525,0.2592670163999002
486,0.27,0.0,-0.6635997862213624,,1.0,0.21435127393909004,0.25447763556579345,0.23429372934487025,-0.16237889617055887,0.2566956770740154
487,0.27,0.0,-0.3893163908897231,,1.0,0.23947333906310783,0.25000707996333155,0.24554035610218974,0.26309534843116067,0.24841188428008507
488,0.27,0.0,-0.6625262621466211,,1.0,0.1641115968982438,0.25903916522509873,0.22203054297389951,0.2640402430013061,-0.19463680811435807
489,0.27,0.0,-0.026604911130388313,,1.0,0.11168798775437402,0.25202331960064384,0.008132772558329844,0.2669756751294257,0.24548683271221514
490,0.27,0.0,0.2600711692365822,,1.0,0.22850382272310232,0.2773746836761153,0.26632175760121013,0.07356977024136672,0.23130796242860407
491,0.28,0.0,-0.7696181922674795,,1.0,0.2343468447984697,0.2893064613493649,0.3818170196951517,0.24412145838127808,0.3324487320400562
492,0.28,0.0,-1.0421120203125809,,1.0,0.16696838503065892,0.2977019385402229,0.2660558988709361,0.25211470165662475,0.29683211626319284
493,0.28,0.0,-1.2102336812379055,,1.0,0.29014389399819396,0.2700928631833327,0.26907723742637,0.28173230469229116,0.27340828265289335
494,0.28,0.0,-1.064013544091534,,1.0,0.2522414424702035,0.27177986403173504,0.25648013149467624,0.2776638494148896,0.22979482955125757
495,0.28,0.0,-0.31968660551328804,,1.0,0.16421864884868861,0.2500505363358448,0.24150844253909431,0.2277660125525199,-0.04159630111467974
496,0.28,0.0,-0.561620948960896,,1.0,0.3539610390437884,0.27332343575813706,0.23225994164113842,0.29845695424295765,0.2877178676033312
497,0.3,0.0,-0.7011012952675517,,1.0,0.24480175518974956,-0.5344693476955508,0.2801926528889888,0.2777928059820266,0.24139875455737192
498,0.3,0.0,-0.7674598707578469,,1.0,0.35871388025268625,0.2637623761249063,0.3197318493933093,0.30540699478055505,0.31712041324334495
499,0.3,0.0,-0.8602866803964887,,1.0,0.14113281780698986,0.27077990193743,0.28159499284955186,0.27461358899211635,0.27848979250548717
500,0.3,0.0,-0.5571973273250087,,0.0,0.26306258893516277,0.2757928890679558,0.2785244262748855,-0.5557547535696314,0.2199764674443886
501,0.3,0.0,-0.22297731655117825,,0.0,0.2815068561508588,0.30914054781241646,0.2847048811052744,0.30607086371022146,0.2931731929719957
502,0.3,0.0,-0.6464236070427112,,0.0,0.24338944685111058,0.2945031641003008,-0.15167221996697813,0.2801878995240621,0.25967987727022723
503,0.3,0.0,0.8646803046142969,,0.0,0.35241482249879946,0.2988947857465233,0.30611221675979533,0.4309785093094656,0.4221145946147114
504,0.3,0.0,0.812865066671018,,0.0,0.2374580519146345,-0.16078964286840614,0.2604369709201902,0.27569748532944544,0.17296996293331662
505,0.3,0.0,0.25612009221222154,,1.0,0.3102000999747728,0.29982870992436667,0.29772228132686246,0.3054188069692254,0.3069693400004321
506,0.3,0.0,-0.6209227795627748,,1.0,0.18275139841795773,0.2815651764564825,-0.2665358799089645,0.274651885709051,0.24334661031314897
507,0.3,0.0,0.05213344041666666,,1.0,0.20435832901327675,0.2932152605131259,0.3203499766233067,0.3153035146038524,0.34013249763255143
508,0.3,0.0,0.35600719436421846,,1.0,0.34238944286829076,0.2953142294411404,0.2890460881742837,0.08266315145181273,0.34334664533946574
509,0.31,0.0,-0.24264567434660295,,1.0,0.3313225214043487,0.3668809589654241,0.32898040296153036,0.32414819246341703,0.39951328323206997
510,0.32,0.0,-0.9315954619892086,,1.0,0.28721309100770864,0.330158212880087,0.31306976207970044,0.27380912684832837,0.29099911099015435
511,0.32,0.0,-1.0873845055501263,,1.0,0.30958238943614824,0.3192469518521301,0.18355677055373343,0.3199221510067176,0.34896983558058614
512,0.32,0.0,-0.7959610166019839,,1.0,0.2076174380432192,0.3002155306097161,0.2667834640808926,0.29643672909742164,0.20538702694162705
513,0.32,0.0,-1.329986469150989,,1.0,0.3489474061003325,0.5016385772198604,0.3348724994106538,0.35708067442727454,0.36192752267092937
514,0.32,0.0,-0.5851504212988267,,1.0,0.04963026752005556,0.3039453501246939,0.3377373571174116,0.3198968724910179,0.3413502186002645
515,0.32,0.0,0.03642048977559629,,1.0,0.14454005734580455,0.28296484205952327,-0.3524916844793323,0.2645901778876094,0.14498701711524845
516,0.32,0.0,-1.5400643520578516,,1.0,0.2318153737181864,0.2974118477735814,0.29186962161535585,0.30604980157889206,0.05565846368566089
517,0.33,0.0,-0.6546322241450725,,1.0,0.20588049475516026,0.2839382390468721,-0.3337330126974645,0.2998897592554803,0.23598330742847498
518,0.33,0.0,-1.2797848129979976,,1.0,0.2380113655517816,0.32948216928718754,0.31411445809730676,0.32050517408462653,0.3201567683503108
519,0.33,0.0,-1.0928427970546044,,1.0,0.3167359764532482,0.32846714900511104,0.32033021054772526,0.31405067247602514,0.316584618182314
520,0.34,0.0,-0.9356622261996662,,1.0,0.4159626905668728,0.3386673190247806,0.35123701707907407,0.3254175128778307,0.5937719776054871
521,0.35,0.0,-1.638432088077232,,1.0,0.3412295762057489,0.3471281561742534,0.32094593817407896,0.33149132289436095,0.33629543303214976
522,0.35,0.0,-0.9492982337173832,,1.0,0.17538466339386818,-0.6283703352255481,0.2581160582361951,0.30029879929682685,0.1771254785218009
523,0.35,0.0,-0.16680691395845768,,1.0,0.3463038116863238,0.34655419092710166,0.3426585966230351,0.16013417075286943,0.31333609385397854
524,0.36,0.0,-0.18923080217804555,,1.0,0.15748780343237975,0.3148721674488881,-1.0161629727605992,0.30775059007282984,0.15401539163698172
525,0.36,0.0,-0.820109558980988,,1.0,0.2964727901092265,0.33009207230907694,0.012305884343043746,0.31625170772947603,0.2707123000643462
526,0.36,0.0,-1.0908532615190047,,1.0,0.3657184917301189,0.3531277294584691,0.3766476680975506,0.379680287516897,0.36958316875373387
527,0.36,0.0,-1.2371299163158647,,1.0,0.4509180291315863,0.5447066261447439,0.4146654111664953,0.39149452184717676,0.4783525505663773
528,0.36,0.0,-0.4123363037115897,,1.0,0.363173510167975,0.3571425753792863,-0.02085570131242564,0.36854179855731123,0.38067916403649643
529,0.36,0.0,-0.156685919153061,,1.0,0.26382883728504125,0.025862887657454106,0.3074990676206069,0.3204008897892328,0.2723617770480775
530,0.37,0.0,-0.06707361661974547,,1.0,-0.348425846740943,0.3384174555159402,0.29974705189888207,0.355459788943002,0.23726807617428072
531,0.37,0.0,-0.8163117464387373,,1.0,0.40748195908050144,0.3696243114190117,0.39416717286075914,0.3870462582145963,0.36396659381009416
532,0.38,0.0,-1.3445670214999237,,1.0,0.3035686094672571,-0.08515473431140305,0.3640476674148363,0.368787321205613,0.304129346532639
533,0.38,0.0,-0.5742436371449318,,1.0,0.3301007401691995,0.3613446045382489,-0.25081402659892194,0.36556784394116315,0.21182336591122308
534,0.38,0.0,-0.11249235473648243,,1.0,0.29277033862867713,0.3617910773200824,0.3276282846831822,-0.08328664193358137,0.31721542136082825
535,0.38,0.0,-0.43144671942754065,,0.0,0.24161279857114307,0.3517637163471434,-0.10875026740049061,0.3458895380039996,0.3054485454736262
536,0.39,0.0,0.06376340952993087,,1.0,0.18496719809620188,0.39864306051903214,0.43517794335611604,0.4069563789483174,0.44453372101056504
537,0.39,0.0,-0.1770991476266688,,1.0,0.3983083656441034,0.3908098420483032,0.45429796547536316,0.4156077690658838,0.4675490433759029
538,0.39,0.0,0.02987865125903277,,1.0,0.4485626145866371,0.5019377065751158,0.43368364783321217,0.3962112733548022,0.4900162434612857
539,0.39,0.0,0.14896446707576944,,1.0,0.31639713180049117,0.3839224319133977,0.3949794642171117,0.3027092713897362,0.33838913581299085
540,0.39,0.0,-0.1478850257701789,,1.0,0.494470906974788,0.4191118526059095,0.859157840553065,0.43375020629740924,0.5127121521317766
541,0.39,0.0,-0.6624329204910248,,1.0,0.4389698480933454,0.41168345380415566,0.4382288098892066,0.4368282431827896,0.6626217064042714
542,0.39,0.0,-0.8192559363630364,,1.0,0.4420375821641198,0.3912040967953598,0.5052697659044565,0.40468023817573184,0.4097245129966322
543,0.4,0.0,-0.9254235591081643,,1.0,0.32383824567601655,0.36460009540592025,0.36868477572501956,0.37388501060275586,0.32340658948730605
544,0.4,0.0,-1.3442290930502765,,1.0,0.37350335812269386,0.39583378047574846,0.07995694815426022,0.3714396066453436,0.3422588089766154
545,0.4,0.0,0.03611687892163623,,1.0,0.3648337457324001,0.38300933360430295,0.3774500967029054,0.39327376764453054,0.18755882539483143
546,0.4,0.0,-0.9510779287646507,,1.0,0.32211445344373624,0.38406219182321666,0.4045120374725595,0.42381275241028854,0.34031236806631115
547,0.4,0.0,-0.13917971832507037,,1.0,0.39312677827847214,0.3831908572658815,0.3717260366078654,0.3991579668971442,0.33912310761916237
548,0.4,0.0,-0.07624331310574767,,1.0,0.37535171184363963,0.24672943604365108,0.37437656266963776,0.3980290122633425,0.3609243064409575
549,0.4,0.0,-0.655515552368728,,1.0,0.18844189349354054,0.4046859141152507,0.3885092952420777,0.41219743166796374,0.4326872420504628
550,0.4,0.0,-0.8768325359011937,,1.0,0.30209346703690426,0.39063232505558515,0.36947159558431464,0.3931268265023733,0.35929204564128053
551,0.4,0.0,-0.8134330232652142,,1.0,0.09226113993923664,0.37970659047742955,0.359241802699697,0.37059910229230963,0.26779416882862056
552,0.4,0.0,-0.3001283923927504,,1.0,0.36970539620023957,0.3795463415832733,0.2809032193077438,0.3866094570375824,0.2823915749811143
553,0.4,0.0,-0.22347128818948742,,1.0,0.3604627230624734,0.38085168930491226,0.35098251230633654,0.3733704522206772,0.1312136683388327
554,0.4,0.0,-0.3857675122242341,,1.0,0.20926887096793576,0.38587888234636336,0.35446356942031615,0.3598338384521257,0.3411175899878836
555,0.4,0.0,-0.9107687743618763,,1.0,0.4861396753871199,0.41687410280706116,0.8316100109598205,0.4185295980732733,0.49934212695959773
556,0.41,0.0,0.46339666304756394,,1.0,0.5122823182667088,0.43238877055852765,0.44108694300853485,0.6757113210456255,0.4824304842353942
557,0.41,0.0,-0.4351616056071264,,1.0,-0.4781242356092284,0.3777160821712384,0.37948920677801046,0.38595071732207953,0.32432826520075525
558,0.41,0.0,-0.7329046956697342,,1.0,0.5108039956056192,0.42541131322503717,0.43155531739074526,0.44246125059015096,0.44719736442384833
559,0.42,0.0,-0.845250195015535,,1.0,0.3912733904968516,0.3832519918493709,0.4083054116018985,0.15291717971834942,0.3818993109776015
560,0.42,0.0,-1.0701517955600284,,1.0,0.19206273060675227,0.4083360999844194,-0.15767330309288952,0.4106692809027797,0.26151314371449325
561,0.42,0.0,-1.2396069382452857,,1.0,0.42736578653827617,0.355043806899349,0.42430025604447075,0.42631810312525037,0.44783304257622525
562,0.42,0.0,-1.0634112056567249,,1.0,0.40396658721148554,0.22605419579913108,0.4287792137060883,0.42453277537691375,0.4316714879529887
563,0.42,0.0,-0.11460641701681669,,1.0,0.3980388963564556,0.421915756401156,0.5486141253326097,0.40422266574988863,0.3812021913581525
564,0.43,0.0,-1.5664160513759124,,1.0,0.5819519718148993,0.4310123039698133,0.42130572026598667,0.4302583129969896,0.4025325516395981
565,0.43,0.0,0.3394385049914198,,1.0,-0.25494712452365886,0.4117947885865035,0.4021105712298481,0.40748475893193403,0.34231044383733933
566,0.43,0.0,-0.5816467717317402,,1.0,-0.1738456872707762,0.4269776417424398,0.42409500612341755,0.4134943847217334,0.3871397427747739
567,0.43,0.0,-0.7687268183594546,,1.0,0.4344049360074981,0.43668707702167603,0.46052954715652206,0.4327208490666673,0.5659723567196431
568,0.44,0.0,-1.43347157620939,,1.0,0.4446491647665748,0.45345763512173753,0.4396415249042986,0.16674827254325386,0.4698181870787743
569,0.44,0.0,-1.0322101530047756,,1.0,0.4353099636541679,0.4328579743657032,0.42964072553250326,0.4498538081966002,-0.29041051045982286
570,0.44,0.0,-1.3568194115573855,,1.0,0.35318296775493224,-0.07522918229498267,0.39092797575935334,0.4298318347740586,0.3680474358194431
571,0.45,0.0,-1.036902145536736,,0.0,0.27743455815875095,0.4141917449549386,0.38621797558074633,0.1158851316659487,0.31285695900267363
572,0.45,0.0,0.3245780118263258,,1.0,0.2785828174642719,0.4340908950827883,0.3723036591315314,0.428369099831902,0.41301404836344896
573,0.46,0.0,-0.5603931661989894,,1.0,0.4582985676073561,0.45176745923507405,0.4504051140590238,0.4605198871466293,0.4349087242664288
574,0.46,0.0,-0.7646710372889092,,1.0,0.0016972252688928792,0.41354901400338306,0.3435918796126421,0.39022119070868194,0.2495088781081412
575,0.47,0.0,-0.010667851580258299,,0.0,0.4706883571592357,0.43273196008397535,0.4912699685134536,0.4595336247555977,0.47171455164501735
576,0.48,0.0,0.12567126709616214,,0.0,-0.5176967037535377,0.4733102626056755,0.45113610856960545,0.45508783120041607,0.4099388322414884
577,0.48,0.0,-0.14856941188269476,,0.0,0.4806473775187939,0.4851095035460289,0.4814659847171339,0.48545404521406466,0.5315747584659548
578,0.48,0.0,-0.9069423891318904,,0.0,0.4152853157960796,0.4717757655431542,0.46327497447600535,0.4880747526779105,0.32386231308582786
579,0.48,0.0,0.10654035470084901,,0.0,-0.08539461474538278,0.46104959475821483,0.439360595603672,0.4566121006966825,0.3716371917228649
580,0.48,0.0,0.3046456010743741,,0.0,0.3240479894995579,0.42344598240212566,-0.0761873211499544,0.44098590389133224,0.3087860858115881
581,0.49,0.0,0.2134147580748792,,0.0,0.4624480367814642,0.5006376517145944,0.39603239499203313,0.4810556201835619,0.4584540862884275
582,0.49,0.0,-0.2528923923888132,,0.0,0.37687121842161747,0.44502819519809145,0.423636595113313,0.12381465798461887,0.3580961453088887
583,0.5,0.0,0.16797778643236544,,0.0,0.7817703127780112,0.5011502457753527,0.5354294846876059,0.5055611501294183,0.5603605805937376
584,0.5,0.0,-0.18983136692075298,,0.0,0.3833868878493926,0.46861489005954055,0.4040291031412795,0.4632479514034162,-0.338523098255997
585,0.5,0.0,-0.09689866672604562,,0.0,0.5726586112889689,0.5248142421003629,0.5357512366366923,0.5234695375419536,0.703931125670764
586,0.5,0.0,0.24463192603784786,,0.0,0.4854954914554145,0.5027286707698164,0.4926608125252746,0.7213968529488581,0.5482024732836549
587,0.5,0.0,-0.23988318881099166,,0.0,0.48653072016717264,0.2890196509111484,0.4774611626099886,0.47929769917130505,0.3611753624467831
588,0.5,0.0,-0.3642672196653225,,0.0,0.5301763913634714,0.4911765372564865,0.4923514640595724,0.5049841601675042,0.29598166226997524
589,0.51,0.0,-0.7107377891082441,,0.0,0.46163568467590843,0.4890792390027877,0.46422503098184376,0.49520691821530977,0.13262857475818302
590,0.51,0.0,-0.966362869134112,,1.0,0.18867723731504124,0.49836602501595667,0.4864197825531838,0.5002391516775087,0.48633291407840473
591,0.52,0.0,-0.46990095073273913,,0.0,0.6803155867775186,0.7336819803126308,0.6176073683168906,0.5724985033008737,0.7000334585559398
592,0.52,0.0,0.8721057413576911,,0.0,0.5008749181315797,0.5189831992789447,0.49692761816697606,0.515551239800329,0.3006204663985465
593,0.52,0.0,-0.14547760628535952,,0.0,0.4862980199591148,0.517729829586078,0.40289984635720155,0.5128100898077862,0.4506475885318782
594,0.53,0.0,-0.7048808975643595,,0.0,0.41024146581615767,0.5016172015117739,0.49243275496701916,0.4974902360395058,0.017438846713668604
595,0.55,0.0,-1.0236422936043532,,0.0,-0.003957747593472038,0.49676704340160455,0.379215157391526,0.47416717811036213,0.3422020303021144
596,0.55,0.0,-0.778073111737059,,0.0,0.5153595332559917,0.5402586085890133,0.552232886991738,0.5434620160742897,0.5484128551222662
597,0.55,0.0,-0.6348016397737528,,0.0,0.4135327072686726,0.5243760056305297,0.266198764907831,0.5395962694558619,0.4485495631957208
598,0.55,0.0,-0.00468186389855447,,1.0,0.285757995271623,0.5212792462296526,0.5074633562365687,0.5314622195595009,0.4610243637744595
599,0.55,0.0,-1.163208402949174,,0.0,0.42875263830193805,0.3382343999072876,0.4980534913876927,0.5199507181707762,0.46258404025494493
600,0.56,0.0,0.23736414510948528,,0.0,0.5079735156393356,0.5293242349343728,0.5437720160723254,0.43224768733882235,0.5315357326779994
601,0.56,0.0,-0.2432648422529151,,0.0,0.5508889915311593,0.5587341849125301,0.10825856272108281,0.5432543616182821,0.5130636690732449
602,0.56,0.0,-0.20207985648954158,,0.0,0.45547906251459636,-0.38676796318257434,0.49267292907782867,0.5252562339143195,0.3685303898804253
603,0.56,0.0,-0.8313512574012886,,1.0,-0.20047431078655129,0.5365754399154004,0.4935297640569842,0.5248703864477653,0.4657940994078798
604,0.56,0.0,-0.5282209439945618,,0.0,0.5393246622514293,0.5969988614334193,0.6056588603696268,0.5744416690271802,0.5182866415804114
605,0.57,0.0,-1.5384598134020429,,0.0,0.6227018560298745,0.8855096919470063,0.6060902325137094,0.5947089503456467,0.615950159873077
606,0.57,0.0,1.0569773999107546,,1.0,0.5224003898962287,0.5586739407793984,0.269841738020841,0.5468323570362775,0.4990352384775841
607,0.57,0.0,-0.4271548565290185,,0.0,0.5262420980481646,0.5363505789730912,0.5300974174482466,-0.026709277561360673,0.5167522084908329
608,0.57,0.0,-0.05174825233435221,,0.0,0.5227424410629091,0.5763533876994361,0.5639976593267678,0.5722061563598666,0.4680452809503177
609,0.57,0.0,-0.514190031830855,,1.0,0.5719280013297442,0.5479688980761731,0.5453195204953455,0.5554088936299891,0.3667756552403413
610,0.57,0.0,-0.8880025222161024,,1.0,0.48306922311437517,0.5439973669143514,0.5124134825127912,0.5354017065684061,-0.5511001835988876
611,0.58,0.0,-0.01390365086524616,,1.0,0.5544845580679891,0.34006894291731193,0.5317161052320422,0.5502450993575076,0.4886388417746906
612,0.58,0.0,-0.19185477551516522,,1.0,0.5052485021574338,0.5588378537479533,0.5341940619269094,0.5653976151213166,0.14227049113933574
613,0.59,0.0,-0.2304728437019282,,1.0,0.591013611502142,0.5881093963239328,0.5668478229370456,0.5838005469348,0.3805240932100283
614,0.6,0.0,-0.5493068992237236,,1.0,0.5961771545117377,0.597255941359576,0.5514377927958563,0.5758848578315977,0.5912599905569675
615,0.6,0.0,-0.815319806035913,,1.0,0.5567084301917896,0.5828804747233537,0.551419150225022,0.2920800572966876,0.5450021567149499
616,0.6,0.0,-0.7321306367694792,,1.0,1.1369899880906782,0.6118018649084972,0.6968016535593073,0.6489519114825499,0.7300088313439826
617,0.6,0.0,1.0055285839576034,,0.0,0.4201112381725363,0.5486009882402817,-0.15994345983362485,0.5424842863163118,0.3577968818238387
618,0.6,0.0,-0.4057193672404645,,1.0,0.531972906149233,0.583621952677421,0.5649822530717863,-0.11210023408913222,0.5366910045836709
619,0.6,0.0,-0.7432470463885305,,1.0,0.5313472696411187,0.580157297164018,0.5613868259283056,0.5740742361749512,-0.10808830320636133
620,0.6,0.0,-0.7590131698659129,,1.0,0.6092084671013744,0.4590208228556317,0.5721688779096368,0.6049007734209372,0.6063833277544665
621,0.6,0.0,0.6416937433381298,,1.0,0.5456175363015882,0.435308821579525,0.5860339478275598,0.5729809876919587,0.5781877950970311
622,0.6,0.0,-1.1920029359965683,,1.0,0.5531777111002992,0.5788730946446652,0.5756279066998216,-0.5811303611246789,0.5440794204142061
623,0.6,0.0,0.48352827852511754,,0.0,0.5988467129934788,0.5854495311978694,0.5454702537777522,0.5996152041749837,0.6127212720986419
624,0.6,0.0,-1.1806850424078092,-2.69,1.0,0.47404924326471765,-0.0864135466294348,0.5281053967822585,0.5622755043066056,0.45427494337948654
625,0.61,0.0,-0.7116713464960837,-2.15,1.0,0.7561488429522235,0.8618459431162026,0.6925174848998268,0.6301404749677563,0.688632437739948
626,0.61,0.0,-0.958048097873423,-2.09,1.0,0.4729585226257791,0.5425105806514392,-0.3747234245001725,0.5482014435551609,0.4709584558417668
627,0.61,0.0,-1.256794091420353,-1.9,1.0,0.4132104484678387,0.5574436197096693,0.5123315194267454,0.5736989798221322,-0.16321996414706957
628,0.62,0.0,-1.3824912151441118,-1.82,1.0,0.5972131911531505,0.1623399497458695,0.6069028588592142,0.6132756122259931,0.5752314944211878
629,0.62,0.0,-0.04321935665277999,-1.7,1.0,0.6455143732624297,0.6143931152986357,0.5996721781863538,0.613662617014244,0.24612506242508536
630,0.63,0.0,-0.9908906349502536,-1.7,1.0,0.6292995850690355,0.6095380558903605,0.6149480993767398,0.6277632580854937,0.6191426807128829
631,0.63,0.0,-1.1970668422927337,-1.54,1.0,0.42239221819860373,-0.6984856726485442,0.5425095450837795,0.5732728229733189,0.471021424180372
632,0.63,0.0,-0.651400534070088,-1.48,1.0,0.6147102173831727,0.6218231320927777,0.6349763349314874,0.5453477136989736,0.6379069863029189
633,0.64,0.0,-0.24104916432905535,-1.42,1.0,0.7063892749487728,0.6397216739328833,0.6484872606157635,0.6562300626232281,0.6944413416406781
634,0.64,0.0,-1.4233864832770837,-1.4,1.0,0.6766459363924184,0.641775613338523,0.7318436096002547,0.6645041646715367,0.6728670176204333
635,0.64,0.0,-0.4773344836093232,-1.4,1.0,0.5630920189605837,0.6226073252543358,0.6219744802730413,0.28954869133829675,0.5501059366945261
636,0.64,0.0,-1.2304812637424059,-1.34,1.0,0.6597853013218412,0.6433870681382257,0.6230412373747191,0.6453224037644633,0.6408395433208792
637,0.65,0.0,-1.2821703638540096,-1.3,1.0,0.5681308591193087,0.6547607111240912,0.6535039215416336,0.6448592338042402,0.511226599267344
638,0.66,0.0,-0.7869127557885445,-1.3,1.0,0.6586817494157235,0.6504435345169574,0.7376269482790574,0.6613858693551898,0.6257603756627954
639,0.69,0.0,-0.38652661381671877,-1.3,1.0,0.5678526328800779,0.10333718337415178,0.6361338297734698,0.6448798680955912,0.6420982094578184
640,0.7,0.0,-0.027851395094383755,-1.3,1.0,0.6617212807787508,0.013520151385355231,0.6559488106699309,0.6813716999607685,0.6644045556549457
641,0.7,0.0,-0.561049164860152,-1.26,1.0,0.6254440582511291,0.6895269635223118,0.5855425186890754,0.6843211830191481,0.6364565133894342
642,0.7,0.0,-1.1108831181000722,-1.12,1.0,0.5889261293531625,0.6585386950913049,0.652237702480405,0.37525071133656807,0.5892828882319724
643,0.7,0.0,-0.821817128331873,-1.11,1.0,0.32577787533276176,0.6592560194892695,0.6097358458240195,0.7087672854543334,0.6260256300251306
644,0.7,0.0,-0.2046111836418592,-1.04,1.0,0.49058802096186155,-0.6861910841741602,0.5655447058317115,0.6661943540672622,0.48499523067230677
645,0.7,0.0,-0.8939106867584139,-1.0,0.0,0.7546347004431826,0.6983681393235694,0.8352382755592129,0.7058844089330805,0.7029583690495447
646,0.7,0.0,-0.7283801212214988,-1.0,0.0,0.6418268003299674,0.34057278302331073,0.6803934900089074,0.6952070802817856,0.692660880603737
647,0.71,0.0,-0.8876213228256099,-0.92,0.0,0.5363761737089179,0.6959611024075525,0.7062829786301689,0.698361055035532,0.06919178240764828
648,0.72,0.0,-0.9720239801813161,-0.9,0.0,0.8031324975113692,0.7258633732522721,0.966214541358378,0.737362452920895,0.7727826884460364
649,0.74,0.0,-0.8305473746583206,-0.89,0.0,0.7745309058952488,0.7849504399582163,0.7603847370771718,0.7859621021617258,0.8367770590417951
650,0.74,0.0,-0.2575631695669144,-0.8,0.0,0.7282780776355416,0.7350498707740671,0.8627075828647252,0.7351942036602314,0.715954794186111
651,0.74,0.0,-1.3082075615775624,-0.8,0.0,0.6949945393484788,0.7341171256491289,0.5365062734936472,0.69364742601982,0.6988814795425544
652,0.74,0.0,-0.8594606357843328,-0.8,0.0,0.5057553611798911,0.6892472419974043,-0.26235435533635176,0.6734707101835067,0.531313922722274
653,0.77,0.0,-0.9508493145236214,-0.8,0.0,0.2174652895169916,0.7559832429344515,0.758171632590055,0.7212861209145028,0.7395872033087475
654,0.77,0.0,-0.48861532266068625,-0.79,0.0,0.7330016214667313,1.0910798334889256,0.7615415939683194,0.7669346538327719,0.777387301633178
655,0.77,0.0,-0.47824130141006443,-0.7,0.0,0.6364438844868973,0.38881689427236793,0.724685643328424,0.7446355978699802,0.6769886000761522
656,0.78,0.0,-0.6046542994722878,-0.67,0.0,0.7475963377413617,0.7670483262390329,0.7597814820655351,0.6396271913322472,0.7949305100334026
657,0.78,0.0,-0.6073271817440874,-0.66,0.0,0.7491564459437141,0.74960172766809,0.2908000607566764,0.7717641013710781,0.6623387049180106
658,0.78,0.0,0.030254594701826697,-0.66,0.0,0.6918731786668184,0.759900463842195,0.24943174956271275,0.7498099112468484,0.6742623346946858
659,0.79,0.0,-0.7558435838469996,-0.63,0.0,0.6743205465320516,0.31379962996367533,0.7667701695434294,0.7688621680903048,0.7049081409014525
660,0.8,0.0,-0.5856073991072247,-0.6,0.0,0.7071899942739992,0.6481136920275584,0.8157985926194352,0.797231826602337,0.7825203792165893
661,0.8,0.0,-0.07607024419100851,-0.59,0.0,0.8268682510427933,0.8047412166323744,0.8054140376928162,0.7142450233444766,0.7895036559768458
662,0.8,0.0,-0.18371883241594977,-0.59,0.0,0.704895274543448,0.6295966320807854,0.7548352817150196,0.8016595447064789,0.79071071095383
663,0.8,0.0,-0.25880968017273676,-0.54,0.0,0.8353125745166936,0.8049374208754358,0.8275192685658729,0.8109508831889729,0.8284283440757223
664,0.8,0.0,-0.22957909585488206,-0.52,0.0,0.850129812311725,0.8020315170672413,0.8279132930381861,0.6135964054428444,0.800042463818918
665,0.8,0.0,-0.40204821075307584,-0.52,0.0,0.942839932934422,0.805149198843075,0.8084673606401297,0.8155380299806713,0.8397683745748064
666,0.81,0.0,-0.022408965819506906,-0.51,0.0,0.5990955161980859,0.7573474268971878,-0.6776494033662385,0.7604767307424459,0.6358681290657062
667,0.81,0.0,-0.4655891735134021,-0.5,0.0,0.1845442652935049,0.7848707058085914,0.778342608759914,0.7869517506559233,0.7006606671512352
668,0.81,0.0,-0.7573092217470432,-0.5,0.0,0.6389995627087945,0.7689271696644487,0.15348333906267222,0.7803274530039622,0.6103726146027684
669,0.82,0.0,0.06335860805338996,-0.47,0.0,0.7390861126,0.8208749596589271,0.8044388800500115,0.7853926100180367,0.6351853889006861
670,0.83,0.0,-0.2866038650278916,-0.43,0.0,0.2860842626283224,0.8129186106162557,0.8059475946537168,0.8116754551708157,0.7096057428586945
671,0.83,0.0,-1.1710511544085094,-0.42,0.0,0.8093393901667469,0.39765199688089276,0.813277960739021,0.8195582501739017,0.8146311091790055
672,0.83,0.0,-1.2067465465473695,-0.42,0.0,0.7971094175022073,0.8324045574863929,0.8135165972099068,0.8074799382591349,0.7869504014277379
673,0.83,0.0,-0.4155707029416305,-0.4,0.0,0.9250898152128667,0.8431127536885458,0.850858144430735,0.8516113125176196,0.96922883504198
674,0.83,0.0,-0.8607579853341117,-0.4,0.0,0.7314854439298931,0.1713461537197269,0.8060022581233799,0.7863387226851372,0.656099168319835
675,0.85,0.0,-1.1365784483371684,-0.4,0.0,0.7054475586360315,0.8210746890598997,0.7757995974563476,0.4398483356055386,0.7336420935074528
676,0.85,0.0,-0.026999376067437734,-0.39,0.0,0.8747421089084887,0.8570522018073402,0.8362088705459046,0.18516256017422308,0.9017457933612097
677,0.86,0.0,0.323544604664079,-0.37,0.0,0.7856040571162884,0.8633151690608313,0.7861713140080039,0.8572255465452752,0.809700020758426
678,0.86,0.0,-0.11076826361480661,-0.34,0.0,0.8867377915680448,0.8830215856537624,0.8905258124504872,0.8968948710911201,0.8988722682326532
679,0.86,0.0,-0.21166253937450055,-0.34,0.0,0.889010420563024,0.8776255346583473,0.892011922710035,0.8774477124681505,0.8939352307151119
680,0.87,0.0,-0.448286440303291,-0.32,0.0,0.6602162214050482,0.8580244457281704,0.8414541704125938,0.8481138233629463,0.7830316636917978
681,0.88,0.0,0.01681292023015085,-0.32,0.0,0.7724320046675813,0.8402219578126665,-0.02576837342032706,0.8449183365406889,0.7462847438563763
682,0.88,0.0,-0.45945175282921735,-0.31,0.0,0.7169757736325988,0.8492042169728247,0.8097594037728562,0.5206652054147352,0.76767400229944
683,0.88,0.0,-0.01694082159683133,-0.3,0.0,0.000937661641570892,0.8009782240391835,0.7403556963233234,0.8213910581095352,0.6477772220257545
684,0.88,0.0,-0.3288053226693951,-0.3,0.0,0.8109826339505491,0.8617110007090715,0.4302136935975359,0.8747913795024459,0.8564839564079676
685,0.89,0.0,-0.3703624953128349,-0.27,0.0,0.36346741574926683,0.8747028037542609,0.8207803244196766,0.844971447375487,0.8195513257426733
686,0.89,0.0,-0.2704075928893193,-0.24,0.0,0.47566344720140247,0.8585044558903265,0.8536575130342536,0.8443300397456562,0.8508351781100131
687,0.9,0.0,0.12772955099069042,-0.24,0.0,0.5978918179199414,0.891251547535109,0.886977214973727,0.8819472036408011,0.9071351782982691
688,0.9,0.0,-0.42348025714358173,-0.18,0.0,0.9506959246161285,0.9283030457346978,0.8538089909113825,0.9128792403253568,0.8958487085915192
689,0.9,0.0,-0.5740938045293524,-0.18,0.0,0.848617259208166,0.905773552279704,0.8965654657075108,0.9215586327283767,0.8969167814791509
690,0.9,0.0,-0.1437184152377577,-0.17,0.0,0.7490080216297513,0.8570314294811374,0.8605774896332765,0.8417867614143996,0.7791341344065885
691,0.9,0.0,-0.6296377169772713,-0.16,0.0,0.8404221555426094,0.875927785938691,0.8911876093271422,0.8779867370927883,0.8048811518562465
692,0.9,0.0,-0.14267477915884724,-0.15,0.0,0.8060533979131523,0.9098229972571263,0.9269754878237377,0.9245820236224146,0.8659772328794361
693,0.9,0.0,-0.2539279309636599,-0.14,0.0,0.9484801455312238,0.9096927249823782,0.8775055579993973,0.9204910770429943,0.8155745011828097
694,0.9,0.0,-0.18328252153562613,-0.13,0.0,0.6828585926954999,0.7851517599469473,0.7702190031499624,-0.19649609544192115,0.6221361714760453
695,0.9,0.0,-0.17618679206550095,-0.1,0.0,0.8343491087268049,0.8923882063364226,0.8947348153206374,0.8966268427946097,0.6875252415565749
696,0.9,0.0,-0.3240848671142155,-0.1,0.0,0.7894983546723143,0.2413209797025353,0.8450113177017934,0.887772888843876,0.7819524847910201
697,0.9,0.0,-0.3739037736724506,-0.1,0.0,0.8422407041286811,0.46639546334832604,0.866990451946915,0.8915937171043219,0.8525796505492783
698,0.92,0.0,-0.08318450808048047,-0.06,0.0,0.890602559298897,0.9059179063094859,0.7321124554597951,0.8977328477565482,0.8573642801904442
699,0.92,0.0,-0.12869623537438205,-0.05,0.0,0.6893650068837065,0.8432696340629164,0.8428469269393776,-0.6152462238679853,0.723266121925696
700,0.93,0.0,-0.4552286376975165,-0.05,0.0,0.8553703401138594,0.8966644009138922,0.8705609138110589,0.9096336422005508,0.33138924844212014
701,0.96,0.0,-0.05929211127066232,-0.04,0.0,0.8165404922355954,0.9156960070665662,0.7735675294615774,0.899755345648065,0.850772076103943
702,0.96,0.0,0.2290224156445792,-0.03,0.0,0.9353346205514974,0.8312737352363672,0.9647445525990256,0.9614824223949743,0.8743606938208743
703,0.97,0.0,-0.07330680078138503,-0.02,0.0,0.9574966386957349,0.9591995503416393,0.9629123271572856,0.49360982497054307,0.9283923121064653
704,0.98,0.0,-0.25164666590148926,-0.01,0.0,0.8985709882375371,0.9594454545912867,0.9158565713572219,0.9474723353204338,0.8824400667338607
705,0.98,0.0,-0.3611292355293794,0.0,0.0,0.89372319924004,0.9778268730843104,0.9348131220805175,0.9596008938681606,0.7034648057036035
706,0.98,0.0,-1.186376651213435,0.0,0.0,0.9933282791863599,0.9237148622825895,0.9989110933503377,0.9889358791711249,1.0248825767075098
707,0.99,0.0,-0.8411670391421088,0.0,0.0,0.9790898473898679,0.9772878094500242,0.9791260866285149,0.9768259550919091,0.9679827237316141
708,0.99,0.0,-0.17303173241341002,0.02,0.0,0.9234856617437538,0.9750066865017143,0.969315051919682,0.7571848808726702,0.9524444570512322
709,1.0,0.0,0.1919235429703536,0.02,0.0,0.741744713530709,0.9409499110632892,0.854322892779929,-0.3843021689626163,0.7670080084250545
710,1.0,0.0,0.5423484883933027,0.02,0.0,0.8208175697754773,0.9701614230140907,0.9864606503814423,0.9923936745764254,0.9231000969633467
711,1.0,0.0,0.009926785659531203,0.04,0.0,0.9127479095904427,0.9678866277152894,0.9311889602589953,0.9568109531207636,0.1554293266228605
712,1.0,0.0,0.17915345831090393,0.09,0.0,0.9018456052371294,0.9797238866608793,0.9209116860054555,0.9678999719560206,0.55261475858582
713,1.0,0.0,-0.7293891419104557,0.1,0.0,0.8516603026458386,1.0188253307579522,1.0113008447508536,0.994075231620224,0.9439795746174966
714,1.0,0.0,0.018644762059391154,0.11,0.0,0.9203812537868942,0.9839442366063749,0.7535110352394042,0.9699964489351367,0.8827765585207227
715,1.0,0.0,0.1698617930613716,0.12,0.0,0.8519943152214271,0.9753663116194037,0.9749164747113657,0.0144408886188138,0.9185154208385418
716,1.0,0.0,-0.017270610064170026,0.13,0.0,0.018849684530905967,0.9586804209709134,0.9353334040163642,0.9803495106226264,0.9058002153964767
717,1.01,0.0,0.3743633452064029,0.16,0.0,1.0830151615568082,1.0298438673913581,1.349984664940767,1.0180141873273552,1.0886390106755957
718,1.02,0.0,0.40353835003370614,0.17,0.0,0.9379205125322426,1.0258301309789326,0.9952081207476923,0.752859616751335,0.926329318978112
719,1.03,0.0,0.018643600459659904,0.19,0.0,0.9037672390708968,1.0211906937149553,0.9668859794222509,0.5310532568861394,0.9720380454557047
720,1.03,0.0,0.2419687516236139,0.2,0.0,0.9642351040692441,0.9893317901621664,1.009731171263621,0.5281607129038625,0.8524093363586024
721,1.04,0.0,-0.05825331637673498,0.2,0.0,1.018321534727865,1.0380431381633681,0.9967764265595785,1.0434691778454384,1.0459699456950826
722,1.04,0.0,0.1268524263632837,0.2,0.0,1.0389673539637587,1.0500207041753657,1.0284570240436592,0.8951712307297633,1.0585731189504366
723,1.04,0.0,0.20654425922716424,0.2,0.0,0.968788953779336,1.0166261573406181,0.11490696982786085,1.0126392398406292,0.9398451657707712
724,1.06,0.0,-0.23136517779418939,0.23,0.0,1.1343941653831364,1.0667941515791834,1.0992169612233265,1.0817969044552944,1.063591773548039
725,1.06,0.0,-0.5344693476955508,0.3,0.0,1.052514892818539,1.0409508991770258,0.922002220098498,1.0473855223922584,1.014917086315319
726,1.06,0.0,0.2637623761249063,0.3,0.0,0.7715506776019672,1.037018891459926,1.0786841068382858,1.02299614928545,0.9796830482675773
727,1.07,0.0,-0.16078964286840614,0.3,0.0,0.9877821288750558,1.0550647990730768,1.0435952405712505,1.0059852536152412,0.9296712873140226
728,1.08,0.0,0.3668809589654241,0.31,0.0,0.9799338867186997,1.0465026805719082,1.0621219688799741,1.0312101122199553,0.5307130903931621
729,1.08,0.0,0.5016385772198604,0.32,0.0,0.940226941258646,1.0494464658289697,1.0093351697863,0.36765646836223315,0.9485912776495515
730,1.08,0.0,-0.6283703352255481,0.35,0.0,0.9903383879059163,0.8416982488180528,1.021899197605767,1.0367475583303931,0.9995869087994382
731,1.1,0.0,0.5447066261447439,0.36,0.0,1.0823880046140426,0.9150744522092972,1.0534753466983164,1.0773838440680015,1.0225094835583546
732,1.11,0.0,0.025862887657454106,0.36,0.0,0.529210541286551,1.0853985424588146,1.0569902026214957,1.077367258489983,1.0345566799442287
733,1.11,0.0,-0.08515473431140305,0.38,0.0,-0.7727834580049436,1.0697562318615377,1.0385924266571749,1.0670857192768712,0.9520643979373071
734,1.13,0.0,0.5019377065751158,0.39,0.0,1.0673056488037802,0.5714265372727303,1.0953881815186228,1.1168071106625288,1.059362892831158
735,1.15,0.0,0.24672943604365108,0.4,0.0,0.15509552589285672,1.060876018681653,1.0215680722747227,1.081769123078915,0.8874058247121873
736,1.2,0.0,0.355043806899349,0.42,0.0,1.1189630663706025,1.1617249272730474,0.9794049807221282,1.1769831936020092,1.1173397026268244
737,1.2,0.0,0.22605419579913108,0.42,0.0,1.0326986725249891,1.1421089954844763,0.516503707057822,1.1556200568196868,1.0129459140658947
738,1.23,0.0,-0.07522918229498267,0.44,0.0,1.1024254133831983,0.7243322305603999,1.1842039784742697,1.1770931856423024,1.1297338260928573
739,1.26,0.0,0.43273196008397535,0.47,0.0,0.453729728817023,1.2340942466547862,1.1952992522364094,1.2216583195700674,1.1525784817452414
740,1.3,0.0,0.2890196509111484,0.5,0.0,1.1615889627162581,1.2631365929400586,1.2543150646267052,1.2546689487329892,0.6261447820567588
741,1.3,0.0,0.7336819803126308,0.52,0.0,1.2268909443739155,1.288376988659536,1.3167274861212017,0.8305520727399891,1.2972014243592034
742,1.3,0.0,0.3382343999072876,0.55,0.0,0.8464812447841162,1.2884615951766218,1.2564445178353936,1.2902255917997778,1.2547180886232874
743,1.3,0.0,-0.38676796318257434,0.56,0.0,1.2042765098643653,1.2683816358917284,1.2297616992945664,1.2549559570567606,0.7589560019679862
744,1.32,0.0,0.8855096919470063,0.57,0.0,1.15133940463494,1.2729380317906887,1.2684196905968845,0.3394867457963742,1.1477216975916364
745,1.37,0.0,0.34006894291731193,0.58,0.0,1.3369594126057818,0.7608827627150592,1.3571433963793005,1.358425646402901,1.2656699246441014
746,1.38,0.0,0.4590208228556317,0.6,0.0,1.3298947599251243,1.3719299229009707,1.0996998051163198,1.3612045190936546,1.2991223867725525
747,1.38,0.0,0.435308821579525,0.6,0.0,1.3664586094231406,1.3721913363406335,1.1239524128841636,1.3850131404334,1.3470029457766928
748,1.38,0.0,-0.0864135466294348,0.6,0.0,1.3257057539546184,1.3714968737396833,1.349186661535249,1.3629278450869131,1.190572029197619
749,1.38,0.0,0.8618459431162026,0.61,0.0,0.37800826507289353,1.3540796576938203,1.3416687648298689,1.3615640872507895,1.2255491950702178
750,1.38,0.0,0.1623399497458695,0.62,0.0,0.995603515969174,1.3629325813908022,1.363882385466418,1.3704129667998284,1.3495289632385963
751,1.38,0.0,0.6095380558903605,0.63,0.0,1.3055586319081394,1.0471557128591789,1.3566530846828808,1.3647875904876883,1.3752177607338296
752,1.4,0.0,-0.6984856726485442,0.63,0.0,1.3169707867680707,1.3567768217213265,1.3485619251359302,1.34585383897867,1.1432540842942431
753,1.4,0.0,0.10333718337415178,0.69,0.0,1.4132678567040964,1.4115962741160175,1.3907573087471952,1.3912757565210667,1.246291041543217
754,1.4,0.0,0.013520151385355231,0.7,0.0,1.2386283262215576,0.19961143427685488,1.3454575079815445,1.3400048537640088,1.2747103842034901
755,1.44,0.0,-0.6861910841741602,0.7,0.0,1.3865747037084228,1.4369032288354846,1.4125017644855666,1.1336413502687348,1.3642250658472825
756,1.48,0.0,0.34057278302331073,0.7,0.0,1.2594331798323808,0.43629551985577136,1.3898796478506097,1.4296494092210044,1.2800432923439173
757,1.5,0.0,1.0910798334889256,0.77,0.0,1.3989885458534927,1.460176896788306,0.6241225577124243,1.4728939928735414,1.4225144279730224
758,1.53,0.0,0.38881689427236793,0.77,0.0,0.7703533396380404,1.495471340965986,1.4656213844812738,1.4869323721245018,1.3441207666123156
759,1.64,0.0,0.31379962996367533,0.79,0.0,1.5022483079449893,0.1849508024800195,1.5517799859273742,1.595584216751107,1.5351848339134306
760,1.7,0.0,0.6481136920275584,0.8,0.0,0.7820428322634626,1.6436761187111788,1.5939817630855209,1.6498430766278054,1.5023359223489066
761,,0.0,0.6295966320807854,0.8,0.0,0.23388332897841632,-0.40173088300154997,0.3542676774502302,0.5802686726848614,0.4503126530691584
762,,0.0,0.39765199688089276,0.83,0.0,-0.037088777765222875,0.033431033343974945,0.006545969625465018,-0.11883363028889761,-0.05095958667367657
763,,0.0,0.1713461537197269,0.83,0.0,0.06250360270410149,0.04299981939722138,-0.05215502654272605,0.04318382354373382,-0.18523013219706688
764,,0.0,0.2413209797025353,0.9,0.0,-0.2055772508481723,-0.003556530985227886,-0.18674049243561158,-0.34991177705462734,-0.3343989619066653
765,,0.0,0.46639546334832604,0.9,0.0,0.6314753656814566,0.34568849962616555,0.44165929478602745,0.40051930795653856,0.5618855987946689
766,,0.0,0.8312737352363672,0.96,0.0,0.03988031841231437,0.03511492008138865,-0.03595204330472079,-0.19538555851546366,-0.31077404561227245
767,,0.0,0.9237148622825895,0.98,0.0,0.7542745050149112,0.523992724149946,0.9944289022310242,0.5667817525430341,0.6637331650222426
768,,0.0,0.8416982488180528,1.08,0.0,0.5579551251310467,0.6097750307721338,0.5796042425782308,0.5908238130125851,0.43627558403192757
769,,0.0,0.9150744522092972,1.1,0.0,0.4811399696810863,0.30906303861366,0.3734753512851064,0.3435396218537635,0.3527037202459171
770,,0.0,0.5714265372727303,1.13,0.0,0.42878698627774375,0.7954723165500679,0.7141946298920913,0.7899094842849078,0.4475980230937381
771,,1.0,0.7243322305603999,1.23,0.0,0.08434787769868089,-0.07990690185601888,-0.002876319641917701,-0.0996680158352983,0.07275318890761243
772,,1.0,0.7608827627150592,1.37,0.0,-0.004350038268702814,-0.20384150721967623,-0.10091725719363574,-0.20037371160351455,-0.1960848277353151
773,,0.0,1.0471557128591789,1.38,0.0,0.26125605111721023,0.014504089564475528,0.2911291333669579,0.05265036982793798,0.21347191781084165
774,,0.0,0.19961143427685488,1.4,0.0,-0.9048540432845306,-0.8339819757394966,-1.0387987594614847,-0.9638530505025721,-0.8729387371312362
775,,0.0,0.43629551985577136,1.48,0.0,-1.1831588101804604,-0.9187672698042894,-1.0450282429312816,-1.0215299469432715,-0.8492131719168311
776,,0.0,0.1849508024800195,1.64,0.0,0.2755114949279057,0.24387853005277263,0.06768048352660117,0.29921228224594215,0.30292225001964534
777,,0.0,0.014504089564475528,,0.0,-0.6381562046510507,-0.9291729223077775,-0.975384106048354,-0.9526903813748822,-0.6249794649009447
778,,0.0,0.24387853005277263,,0.0,-0.27221399222575393,-0.45006511340197775,-0.4527343565849444,-0.7789481874198456,-0.4397382807465867
779,,0.0,-0.5321473596546855,,0.0,0.058282244343726676,-0.15250701853611986,0.06253645095768398,-0.811750480252033,-0.061106591455288364
780,,1.0,-0.04247307375337482,,1.0,0.06419578824273266,-0.11597298390876773,0.12528889254597703,-0.8860106637267195,0.09891526412436988
781,,1.0,-0.12522922777961965,,0.0,-0.9543643995181785,-1.1864959012186067,-1.2514267712730103,-1.0209653790107824,-1.1075447478559788
782,,0.0,-0.35812724134880564,,0.0,-0.9599717008087014,-0.9358643178834555,-1.1133824415851072,-0.9798596943551553,-0.8087090059133255
783,,0.0,-0.7401026163156186,,1.0,0.3209179442143766,0.5595038730350546,0.4506046408750631,0.36272150526249736,0.4998306881428675
784,,0.0,0.27973819181404197,,0.0,0.2942094876201874,0.023652740649742283,0.24625377315370597,-0.08836085728458483,0.36368748558719827
785,,0.0,-0.4582415476264668,,1.0,0.3021859277224115,0.19267448387814282,0.42766773035842953,0.28523128563342165,0.42032398224975986
786,,0.0,-0.8322957180100459,,0.0,-0.5256339929059808,-0.6179119849515872,-0.3923605946855628,-0.7319950292620425,-0.5571474607053531
787,,0.0,-0.9943055494084327,,0.0,-0.6344442375940627,-0.5334000691622485,-0.45543972664519544,-0.45048487202899823,-0.24562428753509064
788,,0.0,-0.9070535534502314,,0.0,-0.569531239858518,-0.5321473596546855,-0.3836621908499521,-0.4353191831293174,-0.30874227016118194
789,,0.0,-0.9450379913804388,,0.0,0.10230662872666828,-0.703840751565065,0.05832602740111329,-0.32281308286253957,0.04015163219874928
790,,0.0,-0.8540701062110039,,0.0,0.15409395936263945,0.27336354008380515,0.24248820606124305,-0.23321388620128317,0.12541408527219056
791,,0.0,-0.8552436166749438,,0.0,-0.669250896923101,-0.4727686615783759,-0.35356551264539426,-0.48671189100090506,-0.36964414752750185
792,,1.0,-1.211184202112802,,0.0,0.048447372049102815,-0.038907235089469146,-0.07430060359565566,-0.044257359529039655,0.023962655296143855
793,,0.0,-0.3784293823599207,,0.0,0.7865666869652248,-0.8343258127318793,0.6641831247083444,0.600474154280298,0.8724588696526824
794,,0.0,-0.3500789404445137,,0.0,-0.6485560869153942,-0.4781465023706308,-0.9081013643811635,-0.9997359016504909,-0.7102465105460501
795,,1.0,-0.2883093877593721,,1.0,-0.05502596691754109,-0.04247307375337482,0.01953561291451082,-0.06210597899313194,-0.011246714645531898
796,,0.0,-1.2849064806216213,,0.0,0.3143478256251181,0.25361559889305146,0.06208489338316529,0.25560857070458176,0.37567418408926245
797,,0.0,-1.1626689168765252,,0.0,-0.6939090163172591,-0.6748330933097703,-0.8208134760094549,-0.5857458726600305,-0.6503984968157411
798,,0.0,0.2378669443628678,,0.0,-0.09751699862628552,-0.1889241850379846,-0.07773869526764574,-0.14856324373462512,0.04668844180038793
799,,0.0,-0.02699674391588061,,0.0,0.6016656757714133,0.817637058301647,0.507166982569225,0.6207956906264451,0.4404830359403124
800,,0.0,-0.8481637265056807,,1.0,-0.10082024878364951,-0.10139571558098653,-0.025212411302261248,-0.0657309411915139,-0.12184637307534198
801,,0.0,-0.4462366549612183,,0.0,-0.021582806205877245,-0.05423431489579439,0.006874347264859927,0.008897643893869154,0.012356665013047713
802,,0.0,-1.200657898816897,,1.0,-0.03011323350631679,-0.07437419855214977,-0.2468323918105388,-0.21250143296847823,-0.03213336737685313
803,,0.0,0.8208218818764345,,1.0,-0.17312167796277747,-0.1671032192434357,-0.22806821213570963,-0.22829646481270796,-0.17903359934000007
804,,0.0,-0.8438026115026945,,0.0,-0.4273419862066288,-0.3442339299289612,-0.1807418530332768,-0.5208011340675716,-0.21641456911566587
805,,0.0,0.01268150777282427,,1.0,0.02432745418741683,-0.20244559453136704,-0.24173695832278014,-0.742914230370081,-0.06907802495627326
806,,0.0,0.6208570085573112,,1.0,-0.051862158719123225,-0.17769875904055388,-0.04429440552891511,-0.14895602110920036,-0.18473643139142246
807,,0.0,0.024790997836981542,,0.0,-0.11550918912115629,-0.12522922777961965,-0.05260974923659338,-0.16113151514311938,-0.010068737378792944
808,,0.0,0.8079178214701974,,0.0,-0.2757302388242674,-0.35812724134880564,-0.348626023280303,-0.5615310708993977,-0.37649614777373247
809,,0.0,0.7907461555103259,,0.0,-0.10610035339867958,-0.640964049232469,-0.4443578252288528,-0.763124147789323,-0.20066276535323727
810,,0.0,-0.011930964323920486,,1.0,-0.28863373329396635,-0.46786540652139574,-0.6551988452466407,-0.46887364921487856,-0.4296648086141741
811,,0.0,0.22874804985341102,,0.0,-0.6493222390484901,-0.7346840060523034,-0.8786706131781538,-0.9389714929882697,-0.785568005195665
812,,0.0,0.9654471955019758,,0.0,-0.8474583528382542,-1.2176472405964895,-1.0170834635128005,-1.0262518633522428,-1.1012441543811475
813,,0.0,0.2656276212094872,,0.0,0.26610518780311965,0.21786968405187176,0.21403361375270438,0.07835739667292674,0.030957388768269634
814,,0.0,0.6191545342237998,,0.0,-0.2917533793815071,-0.2687759451967048,-0.1312399337030367,0.06806651238599215,-0.08188780995284282
815,,0.0,-0.08770755854783713,,0.0,-0.7474233591959968,-0.5771258052454731,-0.8369936116117914,-0.6944129189714309,-0.7905425821190889
816,,1.0,-1.1572789673219395,,0.0,0.37372700041616586,0.1072991136320545,0.35974820817574765,0.22739047534412457,0.22271869214325046
817,,1.0,0.5939129173617772,,0.0,-0.9989115673688874,-1.513669541386686,-1.2905574239625475,-1.2697634014063388,-1.2690279110760638
818,,1.0,0.006962822445479113,,0.0,-1.015399147511417,-1.1329500060552506,-1.2803926171371722,-1.3441233832799597,-1.0735677114435767
819,,0.0,-1.222713106914999,,1.0,-0.4259827812673794,-0.5123698818343653,-0.5879034920517165,-0.5998440329221167,-0.3848682081438629
820,,1.0,-1.2448692108710393,,1.0,-0.48686597436211226,-0.8761741847603619,-0.29010538365724825,-0.9026882398802965,-0.10166515561933136
821,,0.0,-1.0537910477377468,,1.0,-0.9598200075392324,-1.1173710478833963,-0.6964594428121125,-1.0417105680253398,-0.9625176784344857
822,,0.0,-1.1203950001136396,,1.0,-0.3341102689617724,-0.217035004412519,0.013855100499452022,-0.10877872055925046,-0.065804819022237
823,,1.0,-1.1890059930028403,,1.0,-0.8778085684097897,-1.079328852130705,-0.7746309099085245,-0.9538536920866845,-0.7824668810947306
824,,1.0,-1.450450971088302,,1.0,-0.4606301756214251,-0.4333067787633506,-0.5280386901393104,-0.57123284080624,-0.6807977977629144
825,,0.0,-1.1050221277447474,,1.0,-0.216975110579266,-0.4859308472997521,-0.39637006152402493,-0.45292429227114056,-0.571275195855055
826,,1.0,-0.6406617072861134,,0.0,0.43689198082060554,0.2014083255977371,0.25037945372450093,0.14078212639656726,0.11704712374818764
827,,1.0,-0.20618557543418786,,0.0,-0.36496907972587483,-0.4650374705031275,-0.691755645305502,-0.703752409822261,-0.7510754842706385
828,,1.0,-1.2763444229449308,,1.0,-0.6368261981253079,-0.7401026163156186,-0.8618248790485484,-0.5349785540296963,-1.0624353234855268
829,,1.0,-0.34538781277882324,,0.0,-0.7920571785264372,-0.9883128284081397,-1.0064919258579361,-0.9517433484364382,-0.9271872974757257
830,,1.0,0.406976073580502,,0.0,-0.7976449602151754,-0.8509964863294428,-0.8908040182174882,-0.8026724958931335,-1.07879403608959
831,,0.0,-1.0390938031009391,,0.0,-0.43924826668616557,-0.47202332698846017,-0.5561618197700071,-0.6102533662713143,-0.760381803400639
832,,0.0,-0.9388714165362734,,0.0,-0.004844878399988815,0.27973819181404197,0.3688646950808156,0.4048826695537887,0.16908997447657928
833,,0.0,-1.0026737674222137,,0.0,0.505747123411723,0.31934309769611363,0.13969820488075133,0.07646792797909037,0.16047542953259136
834,,0.0,0.46573964383154903,,0.0,-0.15250610555973534,-0.1813544669248216,-0.24409664696424463,-0.5132097698963316,-0.13699547912058363
835,,1.0,0.6964258808864824,,0.0,-0.4052097746962148,-0.4582415476264668,-0.6276170458517497,-0.5364966796641049,-0.4916390686780914
836,,0.0,-0.11940958096857764,,0.0,-1.0696825309061229,-1.1729561033225941,-1.194993682898639,-1.4853456014895512,-1.1364574087575539
837,,0.0,-0.14602639485909225,,0.0,-0.613069666240887,-0.8322957180100459,-0.6874886685220478,-0.920046202370058,-0.7890808740334653
838,,0.0,0.9242982519386713,,0.0,-0.5141795252379524,-0.5668042868523977,-0.5269533444010861,-0.45182936150167624,-0.6225378717673976
839,,0.0,-1.1615807930014057,,0.0,-0.10418752250481045,-0.21203202570202573,-0.04311815407099057,-0.31151464118442346,-0.22955427244111787
840,,0.0,-0.026868984786757602,,0.0,-0.34727853232250505,-0.2509870635661987,-0.35240265915035374,-0.28343984574411446,-0.3950235450449896
841,,1.0,-0.09503343859309302,,0.0,0.12031414327458784,0.407196751467564,0.09279557262525857,0.24123843428547578,0.06918783038749139
842,,0.0,-0.1408644444554501,,0.0,-0.7566887301300317,-1.2339853227354034,-0.9617401300129178,-0.7674365006462903,-0.620325634997714
843,,0.0,0.5751286113233683,,0.0,-0.5631881018163989,-0.9943055494084327,-0.6583598684237265,-0.811678096443234,-0.6502023051049024
844,,0.0,0.07138426548484843,,0.0,-0.7883335150460594,-0.8111498463548081,-0.9293535387586626,-0.9178398262905338,-0.8606096600463862
845,,0.0,-0.6170436245050912,,0.0,-0.5735373289078638,-1.0352642720012675,-0.9428556380412317,-0.8197636450780026,-0.43001221869844336
846,,0.0,-0.09854671937813572,,0.0,-0.703809601759632,-0.8385245986605445,-0.7626084616514789,-0.7315168588814144,-0.5542224653538699
847,,0.0,-0.26871894946721814,,0.0,-0.7147671244061291,-0.952354778695927,-0.8022414359742984,-0.8013371359877923,-0.51107333139164
848,,0.0,-0.606856444606113,,0.0,-0.7070632346981087,-0.8176977349898714,-0.7185326573393845,-0.7302155992831484,-0.599306148323252
849,,0.0,-0.08173736885259537,,0.0,-0.7129853147207368,-0.893184011663405,-0.6621593248668824,-0.8321678845533593,-0.7884342356634181
850,,0.0,-1.0437341597467875,,0.0,-0.6752236704679976,-0.928842746030157,-0.684527698131364,-0.7052647710034674,-0.7389867890641295
851,,0.0,-0.6496598529717178,,0.0,-0.6723564798221522,-0.8456349066330008,-0.675835438019675,-0.6519219227650918,-0.5273704512014076
852,,0.0,-1.0191328548840737,,0.0,-0.6108628586797338,-0.9070535534502314,-0.8535333300930843,-0.7982682320702208,-0.7509844497520642
853,,0.0,0.30687659769630116,,1.0,-0.7745943850406797,-0.9450379913804388,-0.8080363714580285,-1.126622592952393,-0.6582417074300548
854,,0.0,-0.5940243109448877,,0.0,-0.648913704349447,-0.8120113620308205,-0.6986771345605334,-0.6845726424630255,-0.4873117024187374
855,,0.0,-0.3566319077904116,,0.0,-0.6585038244360969,-0.8677081001782248,-0.7243667944684563,-0.7354655782348533,-0.706405116845178
856,,0.0,0.16829384892054228,,0.0,-0.820932890564838,-0.8910702133743132,-0.6657625772960145,-0.720615729919751,-0.6847841356866073
857,,0.0,-0.9225064793468721,,0.0,-0.857064928839164,-0.8357276325007975,-0.7111196274840939,-0.6531578434926281,-0.5584586571060226
858,,0.0,0.4601656613014039,,0.0,-0.6707819939661229,-0.8080349799958536,-0.9954129185717872,-0.9735785891104068,-0.8826856850287257
859,,0.0,0.20044988443562547,,0.0,-0.8354050001023995,-0.9011374028921204,-0.9462557794589777,-0.9951976427717397,-0.7627986161416128
860,,0.0,-0.02425724564919989,,0.0,-0.815742989653486,-0.8892610297027789,-1.0810881303511188,-1.0229618873987714,-0.9367652305117518
861,,0.0,-0.5174493209435633,,0.0,-0.7837731610414809,-0.9894706716712647,-1.015397954704841,-0.8957291636410638,-0.8872247600021491
862,,0.0,0.0029029541374955073,,0.0,-0.8703501209287885,-1.1218828463614072,-1.0788964501087621,-1.1533578591603513,-0.8768310631995619
863,,0.0,-0.9832675065042866,,0.0,-0.6751981909739434,-0.8508338290223286,-0.8571924101534399,-0.8169816680011371,-0.8089491297974336
864,,0.0,0.7541796602235993,,0.0,-0.7974286014075603,-0.9531983786048192,-0.7298915143401985,-0.8797585277825034,-0.8229799917141788
865,,0.0,0.2924816208299929,,0.0,-0.5216237001580661,-0.8540701062110039,-0.6526045104694745,-0.6096284480367492,-0.4198027115305772
866,,1.0,0.7975880322000558,,0.0,-0.8570449543600521,-1.182537567193854,-0.9162261634507187,-1.1273332905525335,-0.9317174935037476
867,,1.0,-1.2499741126487423,,0.0,-1.6694298299752905,-1.1433234680162228,-1.6182471233994917,-1.3989106624469907,-1.5545385917194983
868,,1.0,0.5342973137336577,,0.0,-1.4047413962339796,-1.2208266169315738,-1.4676120690247796,-1.260317246455631,-1.3984348556166575
869,,1.0,0.31368168584236156,,0.0,-1.5874760374760692,-1.218226650696836,-1.5076592221946894,-1.4990538330226457,-1.5791548786506107
870,,1.0,-0.4262742550277418,,0.0,-1.476502930591406,-1.2202678821388193,-1.4147532681709905,-1.4804904969076105,-1.3241502994921066
871,,0.0,-0.900785701239892,,0.0,-0.7906226752975498,-0.8552436166749438,-0.7862057560467554,-0.682265385437741,-0.9274115798323008
872,,0.0,-0.799408129557802,,1.0,-0.5021788676134139,-0.5589368925062655,-0.5312708296028752,-0.6031729092725904,-0.6590214132694999
873,,1.0,-0.5080809619107649,,0.0,0.359698955358554,0.4463023494795949,0.10892513369483,0.06581074648615699,0.1877185650383091
874,,0.0,0.426629734730279,,0.0,-0.7387882218343907,-1.211184202112802,-1.052769323053308,-0.993968050345312,-0.8910819310723457
875,,1.0,-1.218680761172055,,0.0,-0.8664995815305144,-0.8191407463110627,-0.7881139040398505,-0.8457663609422738,-0.7200244423240002
876,,1.0,-0.2278905867026157,,1.0,-0.6405619414167806,-0.5675027419796462,-0.5385689288916594,-0.7533253102603928,-0.6381336928232458
877,,0.0,-1.0687807140772019,,0.0,-0.5002990661418676,-0.8306674546253349,-0.8774402769848839,-0.8692391954473382,-0.6974549256187984
878,,0.0,-0.23101130832920236,,0.0,-0.2749938538439829,-0.4212304637978761,-0.6199400271706876,-0.5363329759967514,-0.42630782721942695
879,,0.0,-0.49740461841443223,,0.0,-0.40643949271032664,-0.45582677614459793,-0.5058152009265243,-0.46014778702367015,-0.2377001176834962
880,,0.0,-0.6876917908512448,,0.0,-0.47953375396609055,-0.3784293823599207,-0.47532002394071105,-0.5630320081422042,-0.2192838422600262
881,,0.0,-1.1873948702646488,,0.0,-0.7548838301735807,-0.4663463305390727,-0.35146097815517624,-0.5463830469967728,-0.3115278047147599
882,,0.0,0.5488555374116106,,0.0,-0.4800643545760124,-0.5434680599522623,-0.7103015738649201,-0.6682211896019755,-0.4544612741157364
883,,0.0,-0.25455378606184365,,1.0,-0.007689076922648188,-0.14667017110337707,-0.07283767204392361,-0.5680681156979157,-0.13596404247862331
884,,0.0,0.5695929185500165,,0.0,-0.18266249091401285,-0.3500789404445137,-0.08972717596214357,-0.36990963841469315,-0.16552602074062356
885,,0.0,0.4374353798807177,,0.0,0.07966508281147464,-0.4445255144802807,-0.09486360743558353,-0.5646766106844858,-0.08265476478911121
886,,0.0,0.30580487700954245,,0.0,0.07806816435372682,-0.7620809564569804,-0.013848995557878132,-0.6074720423723398,0.039014315536078044
887,,1.0,0.5615553564248409,,0.0,-0.4426167169579599,-0.2883093877593721,-0.09074420778183827,-0.426603330818828,-0.08497778882098425
888,,1.0,0.46899961800446593,,0.0,-0.4758701507017023,-1.1799908715764313,-0.2651175488237916,-0.4408254189403984,-0.4668636816373823
889,,0.0,0.40835606178031086,,0.0,-0.8742774688343994,-0.8183679445908191,-1.3589964541578134,-1.1612784288610463,-1.0744512814799316
890,,0.0,0.7775637305077946,,0.0,0.274452272824771,0.4534467275004162,0.58682015284157,0.3481618928234438,0.5055164469065474
891,,0.0,-0.96416861876293,,0.0,0.35916458550951175,0.3782217276469186,0.6920579560728798,0.5332972998542883,0.4759549109699017
892,,0.0,0.30315137553659166,,0.0,0.14396098753801975,0.0802937590964867,0.2353241086408795,0.03980616453499,0.2024217434599738
893,,0.0,-0.10101003951811474,,0.0,0.23551199049349655,0.19236727492900627,0.20159649418595318,0.15355092888786254,0.28559897523512345
894,,1.0,0.6967765132479913,,0.0,0.3903772404528011,0.26344123537350583,0.5372847446182855,0.23724610040283256,0.28001007996622235
895,,0.0,-0.23056543719193268,,0.0,-0.680251336947206,-0.6327004925894338,-0.5757240381466332,-0.9614320626745689,-0.5126118789663311
896,,1.0,0.9950565810472711,,0.0,0.1916741789117967,-0.3205409431478712,-0.2703524019373076,-0.6980549603237592,-0.1410984659161885
897,,1.0,0.6110433594594363,,0.0,-0.45992402822138345,-1.0922868905218532,-0.8622626021694177,-1.0275157043216425,-0.592764236014991
898,,0.0,-0.640762222921809,,0.0,-0.4649869900299798,-1.2849064806216213,-0.9124586801076872,-0.8613797502502383,-0.7218006800755616
899,,0.0,0.39003117941813054,,0.0,-0.731156876579496,-1.1626689168765252,-0.7349458405891013,-0.8166452086036009,-0.48234844625508533
900,,0.0,0.3464694682646651,,0.0,-0.05717326536068515,-0.1084536024321729,0.036635788316024626,-0.3278441773472164,0.1468047415546764
901,,0.0,0.7246353719850445,,0.0,-0.9209359564960007,-0.8374883694232798,-0.6760476771786121,-0.7690614890782106,-0.5250484019552668
902,,1.0,-0.9918036927738741,,0.0,-0.829359532193399,-0.7854391563118711,-0.6548412869707428,-0.8380068574557406,-0.7866174537067415
903,,0.0,0.14313144334051922,,0.0,-0.746417932025207,-0.5975243569598614,-0.5423879433396552,-0.9866807657958008,-0.7590964561732326
904,,0.0,0.8909628932705962,,0.0,0.6118083143693065,0.2378669443628678,0.1476386256354814,0.33033483517302437,0.13108827443903967
905,,1.0,0.3771037807149439,,0.0,0.6499759390994834,0.7645843055812533,0.6481332056216311,0.32053296112472307,0.7271208317140979
906,,0.0,0.2940153056843969,,1.0,0.46087164066871256,0.03972061531465442,0.2330620135034882,0.2775152131360718,0.17821281894693902
907,,0.0,0.891111299983368,,0.0,0.33132837596888365,-0.02699674391588061,0.21015058228564282,0.42070622722489576,0.15728666927535992
908,,1.0,0.3415160401945454,,0.0,0.33422887163635523,-0.03151740859284577,0.4222167050469503,0.3239085617583225,0.26201054187443645
909,,1.0,-0.1841828090715999,,1.0,-1.0958811179888797,-1.5554905611381273,-0.9762687414121005,-1.0612184543045105,-1.2522983517378763
910,,1.0,-1.0345455077292431,,0.0,-0.008201500588496096,-0.21452067541110548,-0.16256788313000206,-0.65951325442721,-0.18605261017689398
911,,0.0,-0.9678536508777575,,0.0,-0.7003036244211315,-1.1157278975085752,-1.1743633224608985,-1.2026116901865327,-1.100120184199906
912,,0.0,-1.284119676245487,,0.0,-0.3824937681576021,-0.6100499110411193,-0.41445007531749356,-0.3371042855683196,-0.40155235259401484
913,,1.0,-0.8234019935482896,,1.0,-0.8948246271045428,-0.8481637265056807,-0.9623384877583341,-0.8639912366957089,-0.7292542284905411
914,,0.0,-0.678547818397733,,0.0,-0.7996611852368306,-1.4957615854356454,-0.9712356068199922,-0.7845683882213571,-0.8861517189355063
915,,0.0,-1.0339003087348952,,0.0,-0.20905349297368148,-0.4027534557841081,-0.16081285665256548,-0.41208669121466845,-0.09287086111301564
916,,0.0,0.05695952672821825,,0.0,-0.8474449504181524,-0.4462366549612183,-0.7572875287734318,-0.8422212242695637,-1.0793123547403864
917,,0.0,-0.4837431471349396,,0.0,0.4680088954479311,0.1389327991487306,0.583357013510993,0.22022450356029008,0.3443929851584433
918,,1.0,0.016284067058978925,,0.0,-0.007747075139726099,-0.3377550540021637,-0.2261890615493502,-0.5762711512027878,0.0005340132966289538
919,,1.0,0.36664691478256484,,0.0,0.6903548747064677,0.5018018215387724,0.7280012483362311,-0.10697404543072334,0.6023571724865577
920,,1.0,-0.4411780219522042,,0.0,-0.867645892825944,-1.200657898816897,-1.0644497969905014,-0.9787088057270038,-1.30017513877064
921,,0.0,-0.9859514444586445,,0.0,0.4886118697874597,0.08283721011665351,0.3820614382454457,0.14205037713696805,0.42511997213837405
922,,1.0,0.4930054557432237,,0.0,0.7409592674266336,0.8208218818764345,0.985040713459464,0.2192022545221087,0.8579398875581771
923,,0.0,-0.8521605513530965,,0.0,0.688342119227438,-0.8438026115026945,0.5876370330362553,0.45201785346959916,0.6731567780460278
924,,1.0,0.43869660634228286,,0.0,-0.16458535170845867,0.01268150777282427,-0.19338012532285942,-0.6029448191843777,-0.2726875100262925
925,,0.0,0.39921828354958216,,0.0,-0.24224003313169196,-0.3897727118310104,-0.3032342351193406,-0.09755593333426882,-0.5593931082768502
926,,1.0,-0.018044989837572342,,0.0,0.8993474271780184,0.5949685428281893,0.7548573109612176,0.44597592037789785,0.6593071429003049
927,,1.0,-1.1292467615594408,,0.0,-0.15752380006414216,-0.10746720055030469,-0.2233419902468404,-0.09380027683927515,-0.3398240953370431
928,,0.0,-0.03299364671542795,,1.0,-0.2809075533161452,-0.8729250852450203,-0.7825598326738201,-1.0052852325666735,-0.6648121111836369
929,,0.0,-0.5830906639858637,,0.0,-0.0005310013174797613,0.11347417858900803,0.09815536104171758,0.0868798538077457,0.21750337489467933
930,,0.0,-1.1482398111062182,,0.0,-0.12909764090253906,-0.05780674068582448,-0.107301427888283,-0.16109282278823664,-0.29624351633813806
931,,0.0,-0.54223774450979,,0.0,-0.599841086608805,-0.2773206685622745,-0.4273197391372612,-0.7277145583157129,-0.5476129864522267
932,,1.0,-1.1230558548426068,,1.0,0.7563216834909944,0.6208570085573112,0.8307226561418699,0.23766075407804327,0.5141473940807006
933,,0.0,-0.6341405325966448,,1.0,-1.0215556869262268,-1.267715844322211,-1.1818002126030211,-1.4638901415695147,-1.4280568308938144
934,,0.0,0.13602285313790125,,1.0,-0.540040912795315,-0.44990150617855806,-0.2832711855997738,-0.8877980429914332,-0.6856882129261626
935,,0.0,-0.6709808025992118,,0.0,0.24996970490718404,0.5497330259051673,0.22275646729403534,0.27961524950925903,0.3515344087350287
936,,0.0,-1.1348682337447225,,0.0,0.7680292131836028,0.48620649012106776,0.7518145997220962,0.3641683960210333,0.6933030945872415
937,,0.0,0.13030398918341493,,0.0,0.5701133617569144,0.827647013434838,0.5678078438076672,0.5213751933749262,0.6082023088178654
938,,1.0,-0.15284757009172328,,1.0,0.44991537499989825,0.41577083410620996,0.1344455801566683,0.034566759444134086,0.5278751630011678
939,,1.0,-0.06123319890947059,,0.0,0.08224556865474979,-0.18120532153300853,-0.20059050706545448,-0.5322428231107612,0.061370540417660845
940,,1.0,0.46873394161371,,0.0,0.1263430668527972,-0.25925276325187036,0.15674078072321623,-0.2040618263986543,0.24963868865009406
941,,0.0,0.3792040837926136,,1.0,-1.165483700261154,-0.8846326902644439,-0.9293964302294104,-0.751520621416692,-1.2425058378945768
942,,0.0,0.6690807600775709,,1.0,-0.33618523776879056,-0.34094523127448373,-0.4753452873544811,-0.5868473248899891,-0.36422415950201426
943,,0.0,-0.935345013179371,,0.0,-0.10538114635699658,0.048384830277514314,0.009982573582532123,0.06400628791472607,0.08298433706354832
944,,0.0,0.8686545322550564,,0.0,0.11044540350747815,-0.005757545119465921,-0.2187470552245366,-0.3927447962878914,-0.25603250342524975
945,,0.0,-0.18211943103622633,,0.0,0.2689475427087708,-0.11476563420025757,0.03863440023120482,0.15248236521257547,0.06862359809289194
946,,0.0,0.33361393061750544,,0.0,0.8531693552472857,0.7980881845312413,0.9845730023075103,0.6762603505679752,0.9158881079236747
947,,1.0,-0.9413439579679033,,0.0,0.20686791657780573,0.01590419777066008,0.19821382554201672,0.04559435568143552,0.020174448500071083
948,,0.0,-0.14778243303439864,,0.0,0.20884022738707214,0.024790997836981542,-0.030010566964804558,0.10131437917899944,-0.0416434036700949
949,,0.0,-0.22420389382062036,,0.0,0.22910053166807537,0.10239782275890856,0.31545472164344984,-0.1983258155465457,0.4388388317154421
950,,0.0,0.00415353149320449,,0.0,0.881721480607491,0.8079178214701974,0.9434296868207208,0.8482793614359323,1.0575945439789527
951,,1.0,0.5333774586578177,,0.0,1.0470333444233795,0.7570284587478873,0.9791191471452357,0.45712634213521547,1.1691209714710478
952,,0.0,-0.03509644170352659,,0.0,0.7070791090634665,0.6482084380484042,0.9104722822218143,0.7004210866758293,0.8498904776690607
953,,0.0,-0.6376600710853066,,0.0,0.07977517520334092,0.0563472914881662,0.17903269952880108,0.05699700496201382,0.06722782115766107
954,,0.0,-0.4648254789553549,,0.0,0.45227762688872236,0.24799919782424645,0.4351257123162059,0.3817496811179323,0.4223359558592135
955,,0.0,-0.021577745277039827,,0.0,0.2641536903193132,0.22101401961496053,0.10154123946372633,-0.010189941139183997,0.36358080383742414
956,,1.0,-1.2646321428657847,,0.0,-0.9735171976944476,-1.0423215931605418,-1.173939946808323,-1.433726774660304,-0.9519799886762196
957,,0.0,0.21163393694266452,,0.0,0.7480265452372535,0.7907461555103259,0.8994575807140314,0.6513691972253838,0.6679802305828968
958,,1.0,-0.1878621821252316,,1.0,-0.158979381704161,-0.011930964323920486,0.21784866417706789,-0.03200190017192701,-0.04197999200461742
959,,1.0,0.16856293345746956,,0.0,-0.030395346738448573,-0.23594087348291004,-0.0946471983265493,-0.9657799450881885,0.03756865804928082
960,,0.0,0.1901536186169959,,0.0,-0.6561195814491815,-1.0451944078611295,-0.558471800113477,-0.9032333558246816,-0.8143413657217886
961,,0.0,-0.2493580420608667,,0.0,-0.04333670439010363,0.22874804985341102,-0.09492439261832684,0.15350448062578215,0.21851323895692765
962,,0.0,0.07181418009117407,,0.0,0.6455729890339431,0.9130528672618036,0.8345867538951506,0.5482229582746463,0.7958333588493485
963,,0.0,-0.15436457497834616,,0.0,0.6987313420433302,0.9654471955019758,0.8744426416086517,0.8432193999473913,0.7684008646627136
964,,0.0,0.31945428745867976,,0.0,0.3191817069539618,0.2656276212094872,0.37083837498975764,0.2600563561905487,0.26661534671137394
965,,0.0,-0.357793589685039,,1.0,0.4604629800374059,0.6233671882241802,0.6492056132562728,0.7210380853189648,0.5832513800202098
966,,0.0,-0.9820209262696338,,1.0,-0.3203853981114548,-0.4265396296492613,-0.3185380231673715,-0.5439976447395684,-0.5049992077009816
967,,1.0,-0.7378453869988906,,1.0,0.10391213757217019,-0.12161244784407424,0.010986175250833393,-0.21695344809474976,0.027229947159955678
968,,0.0,-0.7298111479725757,,0.0,0.15165601552165392,0.12027311042642709,0.17380348825825281,0.1407280094612141,0.13927338902008446
969,,0.0,-0.36590889783309855,,1.0,0.4250453560265956,0.6191545342237998,0.5339647714723066,0.28366701763379787,0.3312830087404456
970,,0.0,-0.2905760987510544,,0.0,-0.3820525370355527,-0.3685058473474562,-0.28829887551466293,-0.6242608501335927,-0.520235838307782
971,,0.0,0.7873014972752382,,0.0,0.2312230206675563,0.07420295291921415,0.049984438687805166,0.014440072663488865,0.19657596029877414
972,,0.0,-0.39628425046611815,,0.0,-0.6858197602132634,-0.7732083404175526,-0.7606185821722964,-0.4875666989844026,-0.7359332521779491
973,,0.0,0.40939997858237004,,0.0,-0.09940508097669967,-0.08770755854783713,0.05501929102721191,-0.17596875519052363,-0.06733987801007703
974,,0.0,0.2915768226250193,,0.0,0.014286169391185623,0.12367632265618705,0.1287055330512099,-0.036154936425974026,0.2233779494366762
975,,0.0,0.0965246299930942,,0.0,-0.12139955111314271,-0.30767331565721556,-0.21065820042465697,-0.4137939532645296,-0.07101774419755996
976,,1.0,0.3908394325148768,,0.0,-0.10239225018855741,-0.22764221877844373,-0.17124884212763372,-0.19051150991421043,-0.24385885419091605
977,,0.0,-0.06261697090811116,,1.0,-0.9802559755561927,-1.1572789673219395,-1.1026124737117022,-1.0751427088916654,-1.1996409542056643
978,,1.0,-0.7663850490897106,,0.0,-0.026182668117939192,-0.02397814461345173,0.2343168938751453,-0.030959329979235926,-0.025319962796554803
979,,0.0,0.15903980848635027,,0.0,-0.07346544960371414,0.026969666521434534,0.021276467262601403,-0.11763933895181021,0.01845880280976773
980,,0.0,-1.2388712057955547,,0.0,0.05848210862689335,-0.08691439511010428,0.008249551202349622,-0.23056393668263914,-0.5230111314994654
981,,0.0,-0.35857452040735854,,1.0,0.7383195321271796,0.5939129173617772,0.6818527743923062,0.32887652245381166,0.6486861719302908
982,,0.0,-0.23399008693470003,,0.0,0.560084861953656,0.2665583306744405,0.3047999630860426,0.19735962495607093,0.6555989608922795
983,,0.0,-0.01717046214439879,,0.0,-0.03626622844699708,0.006962822445479113,-0.1596574684777965,-0.3505257334885044,0.02908200642827817
984,,0.0,0.013330085889989983,,0.0,-0.02989445825807325,-0.2444340318356041,-0.20320307468258608,-0.11567321002016842,-0.16228129267927435
985,,0.0,-0.012309881471765477,,0.0,-0.06178457478866745,-0.1920138325532999,-0.1820056693525368,0.009166884599122557,-0.23076117637103377
986,,0.0,0.06381639549159787,,0.0,-0.6532293203845072,-0.8411004520029853,-0.9366636173108982,-0.9024733075492727,-0.706573941137792
987,,0.0,0.2344178421415759,,0.0,-0.22362924774295395,-0.2814908526409846,-0.24093445774570754,-0.7307354658468064,-0.008823309653848843
988,,0.0,0.42778408793752953,,0.0,-0.7903977417003801,-0.8988610319358907,-0.833932142801269,-0.8851250511173357,-0.7480701448811049
989,,0.0,-0.23842501475451874,,1.0,-0.6876391738452243,-0.9196821653244606,-0.6746657833870947,-0.8261399132167672,-0.6179376725441628
990,,0.0,-0.631278519864977,,0.0,-0.8241944823697387,-1.0172040508648912,-0.6303913735000979,-0.7006838789896166,-0.7560018955037368
991,,0.0,-0.20612855217653087,,0.0,-0.7020767561778072,-1.0150419531175858,-0.9425253993999297,-0.9165216666198936,-0.8425364191040021
992,,0.0,-0.7729044862097846,,0.0,-0.7654576342774272,-0.8739586470992825,-0.816331728280108,-0.877539548308088,-0.7682251367875176
993,,0.0,0.12828103539375466,,0.0,-0.5702258620257753,-0.8989209280952077,-0.6728513787169846,-0.8644821346123288,-0.8176415413779264
994,,0.0,0.19661931017200993,,0.0,-0.6957814111402097,-0.8392813654341275,-0.8872944619928594,-0.9057588236055412,-0.8213564090123237
995,,1.0,0.2748811278965152,,0.0,-0.753556054348168,-0.9586070298219445,-0.8203883709315943,-0.9162727276758503,-0.7651168367084245
996,,1.0,-0.6355505210631998,,0.0,-1.0214519828836608,-1.222713106914999,-1.1927231682600061,-1.107384755376649,-1.1968302130858457
997,,1.0,-0.10404136597390178,,1.0,-0.8674331782243769,-1.1635092088024113,-1.188793969299511,-1.2188368270803387,-0.7868473400057738
998,,1.0,-0.32286507632070327,,0.0,-0.9358782053228664,-1.2448692108710393,-1.0703851362423238,-1.124043754030031,-1.4095904413990217
999,,1.0,0.026536289960263082,,1.0,-0.8037513261060945,-1.0537910477377468,-1.07313033191714,-1.055393439556266,-1.1196893277195086
1000,,1.0,-0.05745332744682649,,0.0,-0.5109804161756484,-0.6811377778085937,-0.7281407116482904,-0.9160885574996,-0.6968844509440295
1001,,1.0,0.8809018936939377,,0.0,-0.9929538681292499,-1.1203950001136396,-1.0469520149899572,-1.0681378499365337,-1.2327999617067777
1002,,1.0,0.13086075872803948,,0.0,-1.0214484469988556,-1.1890059930028403,-1.0352576849830566,-1.236845248887939,-1.4097126376357352
1003,,1.0,0.18163710230190971,,0.0,-0.9798851146915482,-1.1403790956610593,-1.0172056942199825,-1.023476891651426,-1.2039755778076615
1004,,1.0,-0.3628594414563689,,0.0,-1.3392617737416808,-1.2906109185226362,-1.5141899914374628,-1.7747669176037042,-1.4740718603793448
1005,,1.0,1.0895243221728237,,0.0,-0.7370553803610532,-0.7913552399125592,-0.709495638779598,-1.0369898003138227,-0.9267716749040481
1006,,1.0,0.3262099851398857,,0.0,-0.6622672307322388,-1.4326021279815984,-0.805044749047733,-1.1162339865399205,-0.7019299699817368
1007,,1.0,-0.06330501929742935,,0.0,-1.1804438678332059,-1.2636994827700598,-1.1402966209977514,-1.265448878931594,-1.2742373039841046
1008,,1.0,0.10333265107787344,,0.0,-1.2404957348583507,-1.239024826938997,-1.1470512325631046,-1.4226544722643837,-1.302204402618517
1009,,1.0,-0.6236914697335018,,0.0,-0.8936562638978935,-1.450450971088302,-1.2284843450974274,-1.2526315235021086,-1.1632575319202065
1010,,1.0,-0.21596273078846984,,0.0,-1.1262420964394548,-1.1426811898799114,-1.3113155431613503,-1.369816867193349,-1.2442115345046532
1011,,1.0,-0.06240008808445177,,0.0,-0.9748467933782552,-1.1050221277447474,-1.1022198955135236,-1.196912924620151,-0.895032084049857
1012,,1.0,-0.7522517395760256,,0.0,-0.8615854463906679,-1.5345153483296492,-0.8561811817069199,-1.0427188021197704,-1.0912529462999212
1013,,1.0,0.761070160480354,,0.0,-1.3221848578566504,-1.1165430327622565,-1.1408717744820656,-1.100396555342253,-1.130163379085011
1014,,1.0,0.4534566263868829,,0.0,-1.2077662600235761,-1.4312488940928536,-1.2941189029015825,-1.2692557234548665,-1.405987761440127
1015,,0.0,0.44903754389222483,,0.0,-0.030477393688604925,0.13769807258931954,-0.20425104933795601,-0.11141075875395831,0.05582750296762812
1016,,0.0,0.49894327087465995,,1.0,-0.45780042096287754,-0.5912383862030749,-0.469834619449947,-0.5267775277499455,-0.341490672314644
1017,,0.0,-1.4152865995694321,,1.0,-0.3861999770144479,-0.6406617072861134,-0.7602262802961799,-0.6638987753319398,-0.37260329306320766
1018,,0.0,-0.1051585092891891,,0.0,0.7564366813772184,-0.20618557543418786,-0.28602358768193586,-0.404454278756411,0.43551666887048834
1019,,0.0,0.6655884203051334,,1.0,-0.3633024684816751,-0.5746581066005594,-0.7176322698402624,-0.662699824886309,-0.37887062505075186
1020,,0.0,-0.09810221815088334,,1.0,0.2682086732843422,-0.25326661287509256,0.2422546509208107,-0.48968898860466176,0.03198130433819687
1021,,0.0,-0.6361854206927043,,1.0,0.14664800023548785,-0.22974196320408366,0.08540663124320298,0.006711782420522849,-0.1459972445142027
1022,,1.0,-0.8905535665145508,,0.0,-0.9458854450418948,-0.853499357309267,-0.8895835079827535,-0.8601177337847137,-0.5620695794953086
1023,,1.0,-0.9776194741082861,,0.0,-1.1609545079266386,-1.0355876563268556,-1.456606550189009,-1.1461873211572227,-1.1283389297944957
1024,,1.0,-1.084309870873392,,0.0,-0.9852366908336023,-1.2763444229449308,-1.3005813401069757,-1.0974457001778772,-1.0815364756822703
1025,,1.0,-0.7255794068428794,,0.0,-1.2770192090369197,-1.127993383619319,-1.7735445675789803,-1.544634307802878,-1.4341868117769376
1026,,1.0,-0.9209367326732896,,0.0,-1.1956563378637899,-1.1484490617847845,-1.4809632630116047,-1.23966066276328,-1.306066002081405
1027,,1.0,-0.21052212179741658,,0.0,-1.1044343112313604,-1.0609306704303416,-1.4161333445401874,-1.1234222840466066,-1.0496654929822777
1028,,0.0,-0.12001580132283274,,0.0,-0.8140872628748602,-0.848801830179022,-0.9330796190867057,-0.6566472123828937,-0.7000927479820411
1029,,0.0,-0.32490457708144077,,0.0,0.028967779682830243,0.07882379573737151,-0.08417171018678268,-0.04516466196139643,-0.0005659670818203549
1030,,0.0,-0.47778769803604776,,0.0,0.05252999015731077,0.21242533945980138,0.17939090039792163,0.2525562367951147,0.26910171016024376
1031,,0.0,-0.6575258230592747,,0.0,-1.1087292378026663,-1.0254221485431405,-0.9580822166892364,-1.0969053496129726,-0.900015943212007
1032,,0.0,-0.6050344973956703,,0.0,-0.3362436074796172,-0.34538781277882324,-0.3450529532231936,-0.4188230302622242,-0.14473983058868276
1033,,0.0,0.5545876970802219,,0.0,0.6750614738252596,0.7877448318919251,0.5210680776219127,0.6166602197992239,0.8282584094307869
1034,,0.0,-0.37807202324796574,,0.0,0.0776549919251008,0.004226474865332592,0.1881801385758866,-0.1932853316487397,-0.006406808258203367
1035,,0.0,-0.570347093354678,,0.0,0.2674995255897494,0.30184595571245293,0.2806876179756476,0.22601350890318436,0.08501631319561924
1036,,0.0,-1.3541915761337446,,0.0,0.31517815621285533,0.406976073580502,0.3240988389161264,0.1612925291789111,0.14249707468197104
1037,,0.0,-0.04461947771463286,,0.0,-0.08083165309866364,-0.1555481808087065,-0.08257840279204408,-0.4037584822847565,-0.10323633795925945
1038,,0.0,-0.6546635420286288,,0.0,-0.4009061582740376,-0.7828781773490746,-0.6339932843701626,-0.6307898652394595,-0.488816055640032
1039,,0.0,-0.33050173099570984,,1.0,-0.38165910977789097,-0.7495250709358864,-0.5947509899957769,-0.8351784715396455,-0.403980488448552
1040,,0.0,-0.8921980888909983,,0.0,-0.5285535413467669,-0.8088175657998437,-0.6091635281041463,-0.765197327662805,-0.43821746461912126
1041,,0.0,-1.2607248904901507,,0.0,-0.5815552896534005,-0.5120208739836748,-0.5447522992902631,-0.4591532409549293,-0.32700513569856304
1042,,0.0,-1.058244546262188,,0.0,0.3653461033811973,0.3896117295471687,0.17846672187406953,0.35924755964154886,0.32408343798505795
1043,,0.0,-0.6227482340879614,,0.0,0.753197881187945,0.5740269438689187,0.534161842028773,0.7234583850668354,0.5454468896686449
1044,,1.0,-1.021384861587823,,1.0,0.11383550151890492,0.1397371171781948,-0.07941297236327866,0.17065617272226602,0.022541930981115395
1045,,0.0,-0.7766591506813799,,1.0,-0.0602087540426934,0.017987381543315122,-0.03066156152074433,-0.13167230374647865,-0.02212282205452754
1046,,0.0,-0.6387100148352466,,0.0,0.35162913062879353,0.36176898639561905,0.44031792255602836,0.41748286482658903,0.2722183311014058
1047,,1.0,-0.4600638133205522,,0.0,0.13911643584220312,-0.06245415031811495,0.0050888282245689495,-0.3029764126976885,0.13800210206249458
1048,,0.0,-1.0548503367837447,,0.0,-0.8053083265759293,-1.0390938031009391,-0.7310592811817822,-0.9004371602891647,-0.8637732921848928
1049,,0.0,-0.4897259547411812,,0.0,0.13294204261263276,0.13948774445061107,0.031253277564648164,-0.07028669383168903,0.0904329800642899
1050,,0.0,-0.9533944381630339,,1.0,0.06933571445188944,0.08691430857030724,0.40314692825608023,0.26291344895397023,0.37044368464654415
1051,,0.0,-0.4892656662346339,,0.0,0.09981608191328624,0.1621881781377628,-0.0032122779042988024,0.07346240859296177,-0.10450208258074288
1052,,0.0,-0.018461694786421134,,0.0,0.39623769981321794,0.21361728237171856,0.18677623882341443,0.3319492853221707,0.5387379817952562
1053,,0.0,-0.4410810554084226,,0.0,0.6373129306258832,0.6965181980761255,0.8594077012418139,0.5224048471744379,0.7545590255079703
1054,,0.0,-0.6347473060597498,,0.0,0.6514062628972839,0.5406014526364683,0.6816706154630443,0.3135853283192139,0.6929803976471087
1055,,0.0,-0.8994784565043956,,0.0,0.3523209599168167,-0.04267633179698854,0.4689269369971296,0.24250860037980185,0.43748103146455186
1056,,0.0,-1.1634266073071495,,0.0,-0.4982993817920491,-0.4949960795169821,-0.5545061475545677,-0.609717544177623,-0.3615984894823304
1057,,0.0,-0.8020410056619549,,0.0,0.17494487912677698,0.14694694154943758,-0.15722544587742449,0.03277353748562726,-0.18090935855762477
1058,,0.0,-0.4764810761857237,,0.0,0.5560421692100519,0.4291644177105089,0.8055208424541292,0.5237373640143789,0.7756610686480278
1059,,0.0,-1.1467482008574996,,1.0,-0.226348549811528,-0.5651769526736907,-0.556458294670431,-0.5804977524256968,-0.4480453432969461
1060,,0.0,0.017585846328301045,,0.0,-0.02871199208330008,0.08518569910722122,-0.05739737470563884,0.1475878202317813,0.19715406648057554
1061,,0.0,-0.9825006388560322,,0.0,-0.5654264966288062,-0.63904738322109,-0.6050520361194784,-0.8946026308680338,-0.7159608316981662
1062,,0.0,-0.9714638087580308,,1.0,0.07528843761239418,0.180407115699096,0.12144574491219691,0.19639636002183458,0.3156249996483378
1063,,0.0,-0.8767219838202083,,1.0,-0.5186182203598781,-0.5399963333212316,-0.5624845614090821,-0.5038030912856847,-0.7804729354137601
1064,,0.0,-0.4454297287323976,,0.0,-1.2539632111525396,-1.1540068862350905,-1.094965716195543,-1.1374402219412492,-1.158720006154102
1065,,0.0,0.06832599968448376,,1.0,-0.3542896243093738,-0.17271649882498122,-0.32854656365335866,-0.35523155644903864,-0.3764127271734865
1066,,1.0,-1.1566808649346643,,0.0,0.2914547347471932,0.21870204373879773,0.18798037238323537,0.23922597117227395,0.34829015161609783
1067,,0.0,-0.8362811493899437,,1.0,-0.9408526787585493,-0.9042293928021871,-1.0453176060752265,-0.9521891167908112,-0.8105551402770992
1068,,0.0,-0.9059418657907843,,0.0,-0.8928063717369287,-0.9388714165362734,-0.9031885150497971,-0.8203979835718195,-0.7811691880549949
1069,,0.0,-0.8959751310373479,,0.0,-0.9274754137029456,-1.0026737674222137,-0.9578177048341393,-0.8195134214588883,-0.9075126907714313
1070,,1.0,-0.93496820775932,,1.0,-0.7228927959074758,-0.8702531701292175,-0.9239715713841757,-0.9254685236586953,-0.817053673893315
1071,,0.0,-1.0646744024714725,,1.0,-0.62103046611,-0.6162219857390049,-0.8320832957109677,-0.7440119096298903,-0.5101784369735594
1072,,0.0,-0.8501782729854546,,0.0,-0.7366699250015432,-0.9414552016216456,-0.7222327027936591,-0.9202245090910784,-0.7211983039847033
1073,,0.0,-0.9275744704459115,,0.0,-0.8763246553359827,-0.9386484705446372,-0.856462842545828,-0.9410504738015132,-0.7847148459819179
1074,,0.0,-0.7303590797035913,,1.0,-0.5463943725176958,-0.5563316730122618,-0.6965772491919042,-0.5739855399685048,-0.542286557870641
1075,,0.0,-1.0921199830027462,,1.0,-0.6361261366095605,-0.8574562902931454,-0.8632275243698315,-1.06820624467959,-0.7143609416695078
1076,,0.0,-0.766486902852056,,0.0,-0.8537113148486873,-0.8272679503851259,-0.927080505345639,-1.1376263315318609,-0.7302957911774804
1077,,0.0,-1.1392873799032115,,1.0,-0.7464900271568777,-0.8640765640915588,-0.9547580252550036,-1.1009809977187064,-0.7433606178424632
1078,,0.0,0.0348772447491494,,0.0,0.34662138057457703,0.46573964383154903,0.28547100780151224,0.36438786615974383,0.48862477533071763
1079,,0.0,-0.39556363658646093,,1.0,0.43840458081391936,0.6964258808864824,0.8753085531857829,0.5773858639512709,0.8498379139913468
1080,,0.0,-0.46452555482161395,,1.0,0.23695055544053306,0.15538444918460012,0.18152369582068328,0.16619821857076605,0.4125543603946354
1081,,0.0,0.1835499076993841,,0.0,0.16428712420886074,-0.07797157196024651,0.08607655313032783,-0.2917323182584112,0.1526706583913923
1082,,0.0,0.182048739891407,,1.0,-0.22502139937150506,-0.14828985776749362,0.04271777214067192,-0.31942134166884756,0.10647497100675996
1083,,0.0,-0.101047283649777,,0.0,-0.12796414065859513,-0.35903002172187437,-0.15362807051386684,-0.7194859270444603,-0.05033171165316286
1084,,0.0,0.5930749442137463,,0.0,-0.3507431796826519,-0.11940958096857764,-0.28609838763766104,-0.3801937477945986,-0.3176467993790504
1085,,0.0,-0.4660889205212337,,0.0,0.29797633842226723,0.4395033243039884,0.27146219746454964,0.3396455761821669,0.38227182398080084
1086,,0.0,0.1140375012876866,,0.0,0.049868969077860426,0.025022336204266835,-0.0228275156223448,-0.32634257848808107,-0.13167191476801338
1087,,0.0,-0.5855889927413331,,0.0,0.07019877008952703,-0.14602639485909225,-0.01827964663489562,-0.5448048653145264,0.26913458942151797
1088,,0.0,-1.2351956661717394,,0.0,-0.48342748526035484,-0.42092517429910753,-0.4838023366169689,-0.8038656895142047,-0.4284121213777623
1089,,0.0,-0.44903397588364813,,1.0,-0.5225251165751678,-0.3898876979139613,-0.2223003928489446,-0.5749536037793086,-0.21233431113616072
1090,,0.0,0.2556451909827112,,1.0,-0.20473121044839274,-0.2854865139960142,-0.1115578622640638,-0.4039481945154484,-0.04086021160292942
1091,,0.0,-0.4674958286849401,,0.0,-0.18357080459461642,-0.045456947138016075,-0.15315589790283096,-0.45234777884788613,-0.10082282704407235
1092,,1.0,0.4326218851954089,,1.0,-0.011142037517650728,-0.1982850680036159,-0.09887176690267209,-0.19788417125780433,0.015253581852873534
1093,,1.0,-0.6637784961768037,,0.0,-0.00590050242578555,0.03897603585163324,0.09072300829568641,-0.12950562719087838,0.04723162469788384
1094,,0.0,-0.013279630023429408,,1.0,-0.2263746098136178,-0.24573347028752,-0.2631648833201639,-0.35963168178552957,-0.16535391926831125
1095,,0.0,-1.2553609745422873,,1.0,-0.4395533872634253,0.1568014664192322,-0.3215284632706668,-0.38176864375956227,-0.050060514893795725
1096,,0.0,-0.4287296401280806,,0.0,-0.16379685306841946,-0.4252930815295666,-0.48389645603399817,-0.5404849545800139,-0.40068816092252646
1097,,0.0,-0.017373617423985254,,0.0,0.6951985627506062,0.9242982519386713,1.0442378485543624,0.620154150599802,0.8881404562843495
1098,,0.0,-0.4232490205392971,,0.0,0.4293252437468561,0.43703055599273305,0.5352889693061126,0.4588378706048598,0.48352517877584916
1099,,1.0,-0.7961037613522259,,1.0,-0.03603916269336389,0.09365141831248805,-0.08345266751476797,-0.09374869905947583,-0.0865386041658263
1100,,0.0,0.23751058958974455,,1.0,-0.700435336791015,-1.1615807930014057,-1.1144536665746003,-1.1164116754906954,-0.9369562995133317
1101,,0.0,0.6303410032887193,,1.0,-0.029916693299711118,-0.13363163600602626,-0.16187018722157995,-0.1634310191760479,-0.26648730858765735
1102,,0.0,-0.5190832449698357,,1.0,-0.11851162056592399,-0.26530311137276524,-0.1712734748430127,-0.4485172001645064,-0.27718276063812836
1103,,0.0,-0.5748579098600684,,1.0,-0.13735334691686266,-0.026868984786757602,-0.06089774785746024,-0.09978710182619276,-0.13510776093542431
1104,,0.0,-0.04501145219642352,,1.0,0.05169854227617218,-0.15090468752219166,-0.134788231111174,-0.12436970557300392,-0.17025841039596404
1105,,0.0,0.7647406174282099,,1.0,-0.08059012106715982,-0.07163557999597163,-0.04602618476516156,-0.15685007517207064,-0.15793275511301835
1106,,0.0,0.09183829336090783,,1.0,-0.23354621228939096,-0.04377023885664892,-0.07575156511843682,-0.055279451651108424,-0.23651069360333607
1107,,0.0,0.25046670261323417,,1.0,0.010610034352790905,-0.1342186328768737,-0.09164324807889179,-0.12943243651365474,-0.168159350230882
1108,,0.0,-0.8153343567266116,,1.0,0.1246289660034062,-0.0826339743855031,-0.045483445415852426,-0.1928273931921679,-0.06702477255348502
1109,,0.0,0.12969242563481675,,1.0,-0.617056794830105,-0.7805024296883202,-0.5982287791385295,-0.634691296566744,-0.5144248962867468
1110,,0.0,-0.6459862224215812,,1.0,0.49987900410897645,0.5436152775019165,0.6192973601649034,0.6073729456488973,0.24553480999312632
1111,,0.0,-0.7065986018266843,,1.0,-0.0975263951161621,-0.3482691430452698,-0.2641269663977417,-0.594408403518205,-0.46692456385316816
1112,,0.0,-1.0015684600710002,,1.0,-0.4401908908038932,-0.2202287941979421,-0.5194103072395284,-0.21987147086687794,-0.3239977776010812
1113,,0.0,-0.6490817909840881,,1.0,-0.09669856866155066,-0.09503343859309302,-0.026736122384096447,-0.11887650767330374,-0.20159451915045423
1114,,0.0,-0.16445115503888993,,0.0,-0.07745271210596354,-0.16688101270557018,-0.2103083218591208,-0.20207841231259596,-0.04535786348507777
1115,,0.0,-0.5287614864955053,,1.0,-0.08257425978904999,-0.11311037660234083,-0.08604789381407242,-0.1641466759406777,-0.14123150199792084
1116,,0.0,-0.9862730082833159,,1.0,-0.09583942220445553,-0.1408644444554501,-0.23552038664913624,-0.12656878036534078,-0.007948503166795141
1117,,0.0,-0.6542060678459801,,1.0,0.015793403815483487,-0.10093543402482413,-0.2082032612470443,-0.1689486889499385,-0.08762860804479707
1118,,0.0,0.9337354715207948,,0.0,0.42665820084305683,0.4060391596833235,0.3582939795714709,0.20902881397846412,0.647083813652638
1119,,0.0,-0.8035214432505376,,1.0,0.5186275305968433,0.44467145519439655,0.523505495722158,0.30412716037263243,0.2798964539966135
1120,,0.0,-0.5922461117397028,,0.0,0.5756297825264973,0.5751286113233683,0.6623546956825688,0.17412094050301644,0.224383893447759
1121,,1.0,-0.48653058532428856,,1.0,-0.14996922144802116,-0.2239628469056466,-0.18211966659324408,-0.225464133616488,-0.0996856351877694
1122,,0.0,-1.1599502571797171,,1.0,0.09652418609143436,0.07138426548484843,0.10748799844461646,0.20834652755029104,0.3677085654948392
1123,,0.0,-0.6871837315829228,,1.0,-0.5367946264454193,-0.5636334697695217,-0.5689154350673891,-0.6598831854756129,-0.5365724317949457
1124,,0.0,-0.5869280679625304,,1.0,-0.581226714452486,-0.5719807828579657,-0.5487881938734577,-0.5874695130939357,-0.4901755951094313
1125,,0.0,-0.004405258879400739,,1.0,-0.8515415240591422,-0.7668174864262287,-0.8371391134279601,-0.719152203998703,-0.6977538405136725
1126,,0.0,-0.998000269332547,,1.0,-0.6923328145924648,-0.6616552881293176,-0.7333393283746158,-0.8019039271529927,-0.7048323233169311
1127,,0.0,-0.8568035897379707,,1.0,-0.97570131164284,-0.7495269003740926,-1.028878225007038,-0.9538276382604565,-0.8326911300348278
1128,,0.0,0.5594855686166903,,1.0,-0.713128522624541,-0.5577361431372551,-0.676343596371997,-0.7598397688461469,-0.49822544125616774
1129,,0.0,-0.07983600274456415,,1.0,0.6323120222701734,0.6761469090377696,0.8154143696071087,0.308743728805065,0.6368669671427215
1130,,0.0,-0.6667552052465594,,1.0,-0.07112547255948466,-0.6170436245050912,-0.4244383979732256,-0.8961468639032986,-0.1871976565235561
1131,,0.0,-0.5967293759098643,,1.0,-0.19431386634361295,-0.34916226446642057,-0.17387317684221987,-0.11341379894751331,0.006347686517210777
1132,,0.0,-1.0167124046468674,,1.0,-0.06723573396729472,-0.050871967965262124,0.016243578839609467,-0.1091908209434864,0.0032648927834578604
1133,,0.0,0.1019016181958971,,1.0,-0.10680661151826402,-0.06336993762407453,-0.11591476377752014,-0.1858748771848606,0.05409467866356213
1134,,0.0,0.12053301198365735,,0.0,0.07535226150132662,-0.26181662258306115,-0.11329807163111062,-0.22908299772411653,0.09289865550445141
1135,,0.0,-0.7719462806422001,,1.0,0.00811618370528195,-0.09854671937813572,-0.018951647838976626,-0.34854590391959395,0.1332943170265296
1136,,0.0,-0.8359271476325536,,1.0,-0.03096818399250867,-0.26871894946721814,-0.10570592316054989,-0.1532625205793847,-0.020651990432519206
1137,,0.0,0.4731150810567152,,1.0,0.6827760063308462,0.796186616487552,0.7936484368227257,0.8488673055053338,0.8148617407319259
1138,,0.0,-0.6409368802817837,,1.0,0.0619919292800653,0.007222620870127103,0.19478643492606676,-0.03733630339305028,0.04761161509828492
1139,,1.0,0.031118325144556987,,1.0,0.22507429886224192,-0.4209224668707339,0.1119084035516917,-0.0992560910474088,0.41243494110488904
1140,,0.0,-0.8640978301607337,,1.0,-0.6525816808852495,-0.606856444606113,-0.5878179391707943,-0.6196954659257667,-0.49853459142438156
1141,,0.0,0.035249646111370866,,1.0,-0.6758431336139664,-0.5999740983668779,-0.5908989705002085,-0.5214207929279012,-0.44657876885318404
1142,,0.0,-0.6486829386671779,,1.0,-0.6482282155284724,-0.6097866326372362,-0.5924764617114789,-0.5509903185079567,-0.4994134848336788
1143,,0.0,-0.9217421663315416,,1.0,-0.8100559139042263,-0.5665474850967571,-0.772793431535926,-0.8092564638836527,-0.6074806522223296
1144,,0.0,-1.0726213076934978,,1.0,-0.14537568424042108,-0.08173736885259537,-0.3047687638927828,-0.21805702820103703,-0.26617053660739415
1145,,0.0,0.20837778086859388,,1.0,-0.30911455214284744,-0.5142356618003326,-0.493993024103466,-0.46469192661376474,-0.2855991466792647
1146,,0.0,-0.15616925584758043,,1.0,-0.6057373366435275,-1.0437341597467875,-1.1964779658587648,-0.9537644810874183,-0.8366348851100954
1147,,0.0,0.4070115897325452,,1.0,0.15285710347960843,0.2737638051171332,0.16845388694090446,-0.15200267267664636,0.057087621495321164
1148,,0.0,-0.43290330436271296,,1.0,-0.6802437871247408,-0.6496598529717178,-0.7322828526914101,-0.6754948356258563,-0.5621052906281666
1149,,1.0,0.013614725395294828,,1.0,0.42215015218974905,0.2226850574793674,0.35622743078957686,0.0718847400491289,0.2909406868091968
1150,,0.0,-0.32033805189385406,,1.0,-0.6267615748923803,-1.0191328548840737,-0.8480294488341161,-0.8064069990057806,-0.8050266208670331
1151,,1.0,-0.0153037087393365,,1.0,0.07857666676886786,0.30687659769630116,0.06792040183911298,-0.08986451494395557,0.4194557212508005
1152,,0.0,-0.4230274668581752,,1.0,-0.4076995521170685,-0.5940243109448877,-0.37538461545504953,-0.687601973752659,-0.6844890744064571
1153,,0.0,-0.8354934914524347,,1.0,-0.3754635125500041,-0.6647791371794076,-0.44669680827467056,-0.5815024869901937,-0.5072761522344444
1154,,0.0,0.07676440221265902,,1.0,-0.35232724832267115,-0.3566319077904116,-0.21912621708788604,-0.4165256201891764,-0.02327203045059619
1155,,0.0,-0.8631941598537808,,1.0,0.12722289727156783,0.12782611153780146,0.07392311250025976,-0.3403476057770223,0.1663167848181783
1156,,0.0,-0.9092764842318546,,1.0,0.6615433328538828,0.565326966382617,0.6168994725810857,0.18587513226020944,0.6173684875635079
1157,,0.0,-0.7218390564869319,,1.0,0.10296399636557446,0.16829384892054228,0.0759258963003809,-0.015051675864932388,0.2753203672490809
1158,,0.0,-0.5502238698095595,,1.0,0.3828916238074041,0.34313856224219497,0.5288948087110332,0.07630534732918341,0.7588188617882555
1159,,0.0,0.08216341832394901,,1.0,-0.20393090941428124,-0.055846924089846955,-0.20111967185740368,-0.22311163864360586,-0.3011212565521125
1160,,1.0,-0.3542762653385841,,0.0,-0.4003125444669923,-0.4415444843181983,-0.46992276787602494,-0.411825644875168,-0.14571812178553412
1161,,0.0,-0.35286216853295055,,1.0,-1.1144509061188468,-1.366893054547944,-1.2390322241828358,-1.205582912990005,-1.0926979085844637
1162,,0.0,0.3981805643454728,,1.0,-0.1488865072434472,-0.15935312903770227,-0.0727186019171818,-0.10528373486444398,-0.02736623661926312
1163,,0.0,-0.47974693615218356,,1.0,-0.6011174471366213,-0.5896753709913924,-0.6052872773293799,-0.280715170155784,-0.7866235791019137
1164,,0.0,-1.0890946915896447,,1.0,-0.6476557574291847,-0.6253878768945674,-0.31471517801387244,-0.6753943033809692,-0.5355469084705478
1165,,0.0,-0.36071863705813273,,1.0,0.3124902914478148,0.2452395065547238,0.2933922789628966,0.17608626722794993,0.2967598882996004
1166,,0.0,-0.5897709879364598,,1.0,0.3033288976024846,0.12898628699784812,0.41868807324431,0.24553381986089892,0.4533131186059668
1167,,0.0,-1.054672145296217,,1.0,-0.3250204259565686,-0.1221129367573482,-0.19220390232277426,-0.2378658752784718,-0.057595626929378356
1168,,0.0,-0.008822082505347488,,1.0,-0.23084438045905412,-0.17784246801738388,-0.19353015619863087,-0.3248744915207016,-0.17537993498568352
1169,,0.0,-0.7664728292190809,,1.0,-0.5435068460781531,-0.6053977853020707,-0.484963294106239,-0.47195890780049465,-0.2772278657894505
1170,,1.0,-0.9617614892877325,,1.0,-0.6563879156123493,-0.7349901989328876,-1.0510235983196436,-0.8367832831905955,-1.0931640738617696
1171,,0.0,-1.0355065805103927,,1.0,0.43039387317510625,0.32275255739764147,0.3517085313083501,0.41242361375704195,0.31116955277685093
1172,,0.0,-0.7779600818367566,,1.0,-0.6816690809349913,-0.9225064793468721,-0.7309245284409178,-0.9019230561297177,-0.7744753573622286
1173,,0.0,-0.10820154801893005,,1.0,0.030226936090508506,-0.19661832049705727,-0.11579960253955894,-0.04923564907004788,-0.08461345173184193
1174,,0.0,0.18425312155411147,,1.0,0.49054789419064276,0.4601656613014039,0.5659275788840841,0.18078318700185134,0.24771515983621104
1175,,0.0,-0.7868157874928714,,1.0,-0.16190011860860026,-0.13140806198979552,-0.3374176357658347,-0.03423683765371723,-0.041746206270140085
1176,,0.0,-0.08590600694035141,,0.0,0.20699677088882606,0.3244797662922631,0.3317291171011176,0.28988484243232293,0.4913547765720688
1177,,0.0,-0.4989201216467519,,1.0,-0.34222531549725504,-0.3256234739471935,-0.6381223245037385,-0.49674092828731337,-0.28020219685919273
1178,,0.0,-1.245337634143121,,1.0,0.6566701815910262,0.8619668446850571,0.6677720152650316,0.6845946710088279,0.6401767935937343
1179,,0.0,-0.5012012920477169,,1.0,-0.8988143648216093,-0.8710629578742133,-0.9347771194676723,-0.9898930243863072,-0.8762481685697894
1180,,0.0,-2.2240821649646523,,1.0,-0.22879766956972764,-0.11308577627707642,-0.31403445131270263,-0.4233690311830962,-0.30392751574836185
1181,,0.0,0.11465302833769823,,1.0,0.2936404483142132,0.20044988443562547,0.28434539119181784,0.2606002904175305,0.46402843238325214
1182,,0.0,-0.19618538905747376,,0.0,0.19602078440901982,0.16005632432360734,0.17887139963240944,0.030876786221051646,0.1127966561598324
1183,,0.0,-0.807038658770994,,1.0,0.2085340046063065,-0.02425724564919989,-0.24207056343042324,-0.06899108251670336,0.192435400336105
1184,,0.0,-0.9423493217392698,,1.0,0.08135225576694874,0.0826683554816236,0.19389037614098628,-0.04090153355568642,0.16705118086293508
1185,,1.0,0.12191337575294274,,1.0,-0.28378799930651877,-0.10182834555120551,-0.411803642456313,-0.232114513706843,-0.17630580415116132
1186,,1.0,-1.5464466614612864,,1.0,-0.750787969909806,-0.9436948735339677,-1.051418926848094,-0.8847980015625334,-0.8259740823242673
1187,,0.0,-0.8152125064066044,,1.0,-0.7671046193629741,-0.7711005252783976,-0.8582627492487597,-0.9603976716748959,-0.6029469810443557
1188,,0.0,-0.12930238907293348,,1.0,-0.684162540636801,-0.5815034894395396,-0.5981240772848705,-0.6393058042787958,-0.5791387589978021
1189,,0.0,0.6336612133551873,,1.0,-0.1848162497435262,-0.46636567560585046,-0.5733928600173567,-0.788908472657335,-0.44690837779622006
1190,,0.0,-0.7194142615200229,,1.0,0.6116749013079623,0.4238481252312268,0.5505581190425397,0.14873007400548804,0.23861646199778078
1191,,0.0,-0.3517250661222163,,1.0,-0.04825750184099494,0.0001668084736251596,-0.05765953534257831,0.0005442705315054994,-0.03134176745194246
1192,,0.0,-0.7752623008327408,,1.0,-0.32674440606498983,-0.3177727323455625,-0.2378346806827895,-0.3285408690360785,-0.12871124915743604
1193,,0.0,-0.5190324208175353,,1.0,-0.33199511693118966,-0.5174493209435633,-0.4446579360488307,-0.32324392381170336,-0.6139324194141847
1194,,1.0,-0.31235894136338366,,0.0,-0.3862889117060843,-0.6980430655977325,-0.5554925384710432,-0.7409158553099082,-0.7900069429234361
1195,,0.0,-0.02679997037795174,,1.0,-0.19434800764715687,-0.1396440672237093,-0.4071041775792836,-0.2690427827138164,-0.3959659851470208
1196,,0.0,-0.17477242934903064,,1.0,-0.1765396348050537,-0.11642843812070731,-0.32720294322595567,-0.19067612456399494,-0.37036718632407617
1197,,0.0,-0.03382195149545373,,0.0,-0.06659854869087703,-0.05793134477420298,-0.21802138245969477,-0.3906622202685493,0.0953391577931759
1198,,0.0,-0.2083988845094294,,1.0,0.18232680473416124,0.0029029541374955073,0.0329766411240956,-0.1391586268398771,0.2592923507138779
1199,,1.0,-0.4694392586867494,,1.0,-0.22623747345469294,-0.2469538456864749,-0.044987934867124636,-0.14359591065128138,0.07960650589073869
1200,,0.0,-0.08353272111875003,,0.0,-0.7253050285968917,-0.9275039694707499,-0.7849709118001241,-0.5504867430968021,-0.5488322292837914
1201,,0.0,-0.3713119603834729,,0.0,-0.703048460307091,-0.9832675065042866,-0.8232004453719485,-0.5290785954098458,-0.5043232349095754
1202,,0.0,-0.24665179245261992,,1.0,0.14595395121978413,-0.024382873696605877,-0.08138453488270529,-0.34317822436613127,-0.10562344121399113
1203,,0.0,0.37588965568157934,,1.0,0.5708202426796183,0.3455909268605307,0.4813358722922425,0.3636220165326072,0.47230335467422135
1204,,0.0,-0.46200107539053764,,0.0,0.8777518291544023,0.7541796602235993,0.8101060164355832,0.7453785997192176,0.8512988076447019
1205,,0.0,0.21110249171838671,,1.0,0.270401096849463,0.2924816208299929,0.3953516029674914,0.05500225415154551,0.2308823715305875
1206,,0.0,-1.1159598139892557,,0.0,0.069055177704533,0.21331149954702355,0.16518824239587154,0.031107429019801573,0.03475128577875778
1207,,0.0,-1.0959704513306487,,1.0,0.42918180790831295,0.48191326347797536,0.6790386946486893,-0.24190075155728039,0.33790507865123154
1208,,0.0,0.77151916857304,,0.0,0.5694142547529913,0.4342572845002848,0.5622173975350341,0.16606430395258215,0.6407069970470578
1209,,0.0,-0.9798433892930619,,0.0,-0.6457855773041908,-0.6169742209026025,-0.6896624811351695,-0.7126069259974911,-0.9378148500374542
1210,,0.0,0.3734281266237195,,0.0,0.0909728701763837,0.2746848014471876,0.08776984336210086,0.07236354631538912,0.26577435188236226
1211,,0.0,0.40872020196648734,,0.0,0.8228779872885358,0.7975880322000558,0.9311198822709841,0.5917958849332244,0.7919362032897018
1212,,0.0,-0.5185782137734166,,1.0,-0.15057853078723418,-0.2826263917476297,-0.371259625441265,-0.601917202226873,-0.5230447582922303
1213,,1.0,-0.7408802694327961,,1.0,0.268403345000097,0.175988084504458,0.015237323851491711,0.09022422899009583,0.18799755717189837
1214,,0.0,-0.11024072242772096,,0.0,-0.3415995111289603,-0.23869366067846579,-0.39936085249696573,-0.3050390589763401,-0.3834134153897811
1215,,0.0,-1.0745895585686855,,0.0,0.2965157656817366,0.1715687375983988,-0.10838881530405481,0.05833790442132841,0.2933645216106172
1216,,0.0,-0.9553583809999014,,0.0,0.9041962549658612,0.9278204935066955,0.7428884656981567,0.7440990722231878,0.8432743686061658
1217,,0.0,-0.30356200247357373,,0.0,0.1515366821046425,-0.05149688993861659,-0.16109366157370986,-0.1477914377187968,0.12865019115138984
1218,,0.0,-0.27244597104453755,,0.0,-0.5059196080428869,-0.8042454750233403,-0.6469795526962183,-0.8940193034245557,-0.6295537940215536
1219,,0.0,0.08098766734461862,,0.0,-0.4005265884380631,-0.5548908868194841,-0.7245876922787067,-0.430529524237672,-0.4051159318900751
1220,,0.0,0.11288145622344255,,1.0,0.34427690695045077,0.07372129881454302,0.40364977555164666,0.15813582278602223,0.2499079698273601
1221,,0.0,0.4197618902866381,,1.0,0.5595917472392433,0.5932593095578602,0.5768210430684607,0.5526236345950073,0.7603338070057034
1222,,0.0,0.49090125048888067,,1.0,0.12516587572676904,0.25467924085454396,0.08525425373696076,-0.019095291347758208,0.21485145149959103
1223,,0.0,-0.28473886289214784,,0.0,-0.3153474582143291,-0.2550044031810459,-0.39246375216979285,-0.3470042577944503,-0.22664659137233548
1224,,0.0,-0.04313743775048961,,0.0,0.7380702131881339,0.5375416865447008,0.5726730953137279,0.6079288575168981,0.5167873913202774
1225,,0.0,-1.0490497769806018,,0.0,0.26648937175929566,0.08689418043460308,0.1011388677284643,0.13323317384127387,0.0885670227514626
1226,,0.0,-0.8058474336942882,,0.0,0.1891064128224592,0.3674256069478708,0.2639646470164613,0.3746838305252425,0.05109175756448677
1227,,0.0,-0.9636681731261011,,0.0,0.7639902167442888,0.5672454586712372,0.8968939396247515,0.5910429423701051,0.7805404480807593
1228,,0.0,-0.4818465092542569,,0.0,0.045126210395110194,-0.0772652046050342,0.17754937945312843,-0.08730451594936263,-0.027733737730124813
1229,,1.0,-0.9130554994477416,,0.0,0.36035985342087606,0.318416257725511,-0.021471599998487072,0.3105006927439424,0.3497553460856924
1230,,0.0,-0.9058633617962931,,0.0,-0.20619942726796225,-0.30383064158380135,-0.16705451890812067,-0.37676202927625874,-0.4068621546661205
1231,,1.0,-0.3677286698566371,,0.0,-0.19766277494269494,-0.3798253068521436,-0.09582542374851034,-0.1538765564459601,-0.27979330945756
1232,,1.0,-0.05219996279480582,,1.0,0.5234639403818477,0.4467044484104951,0.7239265790680093,0.47246572379219937,0.5534902298708395
1233,,0.0,-0.9258271535175425,,0.0,-1.0580241836364606,-1.2499741126487423,-1.1085016108199162,-1.1980028480027405,-1.2462875102796225
1234,,0.0,-0.8555848971203668,,1.0,0.033643897335342794,-0.00933950164137308,-0.300273125812328,-0.05385804823620092,-0.21581612403720282
1235,,0.0,-0.900017502509013,,1.0,0.36581961519314615,0.5342973137336577,0.4782086203057386,0.3835759298417429,0.37181465495643007
1236,,0.0,-0.09609314572675752,,0.0,0.3322543925737387,0.31368168584236156,-0.015268587641165135,0.15650670510332437,0.44881705849153464
1237,,1.0,-0.43640101669726356,,0.0,0.04799345412167467,0.0788031202649924,-0.06422948917412512,0.05038385347823022,0.3509749180212641
1238,,0.0,-0.6076075972131306,,0.0,-0.18618347021697954,-0.32302972612221814,-0.44711962382580206,-0.5677032201418202,-0.25596811994811564
1239,,0.0,-1.149127949202866,,0.0,-0.5885801974033514,-0.4262742550277418,-0.7437179432884192,-0.6987210060392958,-0.5071171282856975
1240,,0.0,-0.6548209117807121,,0.0,-0.7408758863904719,-0.900785701239892,-0.8350108707386218,-0.7528644181130495,-1.0450511582852127
1241,,0.0,0.15546290197775586,,0.0,0.5985830150817048,0.40605931535138495,0.3938709433452591,0.33919467728872466,0.46152655268877235
1242,,0.0,0.821314015250737,,0.0,-0.03227345996744239,0.130557529228617,-0.15707511157561505,0.13396076623156195,0.0923284182697508
1243,,0.0,-0.45559366606631413,,1.0,0.15521345595314903,0.08562605403352054,-0.16541169383478457,0.09956709855049241,0.06030620536994824
1244,,0.0,-1.0012532834692274,,1.0,0.14252017054235025,-0.01859205127722828,-0.191589544891376,-0.08918817350308056,-0.029860318104305953
1245,,0.0,-0.8106027605321572,,1.0,0.01888144452695074,-0.09836074731394163,-0.24334944562717092,-0.1620793590607536,0.03451339142557485
1246,,0.0,-0.0785955237317066,,1.0,-0.0616038885893273,0.18910167625802352,-0.1486458050216674,0.11845274513544478,-0.002981464800768696
1247,,1.0,-0.2975279997535138,,1.0,-0.4324563767595392,-0.799408129557802,-0.6697384795589812,-0.7452891971067247,-0.6515837605528639
1248,,0.0,-1.0200365864409424,-2.0,1.0,-0.4091738786541199,-0.5080809619107649,-0.5116278955011231,-0.8340948003078159,-0.7064103355832209
1249,,0.0,-0.3947596681692276,-1.68,1.0,-0.755303826952758,-0.7973632120650592,-0.8309106471784561,-0.9227919958339608,-0.5997138125564844
1250,,0.0,-0.8718507236366362,-1.57,1.0,-0.8540278365529562,-1.0401239239230937,-1.065563752571455,-1.4127829652647508,-1.0410036422167597
1251,,1.0,-0.8515923372016131,-1.5,1.0,-0.8706218200524671,-0.719371364714591,-0.9646059670284775,-0.7428916929559451,-0.6750053371190714
1252,,0.0,-0.8008274925035723,-1.42,1.0,-1.1482566767687792,-1.0403417600001204,-1.123702222787714,-1.146924113374821,-1.4083037597141934
1253,,0.0,-1.0915619875364115,-1.4,1.0,-0.3465176502270598,-0.5910170438415936,-0.666283255327701,-0.7003236408126767,-0.48400243111051106
1254,,0.0,-1.2448434651013238,-1.39,1.0,-0.3312899443070742,-0.34454609900127686,-0.5110746778506063,-0.54622493655273,-0.27695407560544666
1255,,0.0,-0.91087318884767,-1.3,1.0,-0.018744486526134693,-0.10339615933675597,0.1458890498726525,-0.04668805836624761,-0.10382399482908566
1256,,0.0,-0.43038344626455394,-1.3,1.0,0.06506188194588225,0.00386864876263775,0.06891895345691552,0.03010449923202004,0.10842682832579587
1257,,1.0,-1.1893951756223826,-1.23,1.0,0.021268392232924406,-0.25841541529559303,-0.16024198885733848,-0.26449130393441483,-0.2271046381507927
1258,,0.0,-0.3518473537905392,-1.0,0.0,0.4599175115565425,0.426629734730279,0.4205718250120209,0.37232047838616183,0.4138834570256395
1259,,0.0,-0.4689035596592326,-1.0,0.0,-0.38199432357000696,-0.12881804445589395,-0.27530476713162677,-0.13951250737149337,-0.025351452154023183
1260,,1.0,0.03894394236043344,-1.0,0.0,-0.14053191823601238,-0.28967356715060943,-0.1952915367944096,-0.715474301711331,-0.12521633237439095
1261,,0.0,-0.7675673887320814,-1.0,0.0,-0.86128683897872,-1.218680761172055,-1.0287048375666015,-0.9867089087470675,-1.0257399272448762
1262,,0.0,-0.5613218058553983,-0.95,0.0,0.1527742101017512,0.32560199200718465,0.29899942284296455,0.008875418974020399,0.25632733685292247
1263,,0.0,-0.6717229191171505,-0.9,0.0,0.40985669017630466,0.5033131049779778,0.41574237057163543,0.5653497861512602,0.43840697474815465
1264,,0.0,-0.5859345998950678,-0.87,0.0,-0.4828562113101887,-0.8943772945421048,-0.476617312842891,-0.875509366592317,-0.375957939655646
1265,,0.0,-0.8963435611164354,-0.85,0.0,-0.4637826503356748,-0.23734128751024383,-0.3214486268594267,-0.5684461344638521,0.054258974066077235
1266,,0.0,-1.1091362702068843,-0.85,0.0,-0.021570234183361965,-0.028457100020552285,0.047556905953599994,-0.052371999377448325,-0.07479353435736638
1267,,1.0,-0.8670155007464904,-0.82,0.0,-0.4343431823103509,-0.2278905867026157,-0.297917744336576,-0.13235259284228704,-0.3842451561067335
1268,,1.0,-0.4020153498015997,-0.8,0.0,0.1300796489515858,-0.16898213632440678,-0.005029112030056875,-0.3223361368891317,0.12830891359529295
1269,,1.0,-0.3625605429538278,-0.76,0.0,0.1071133250267791,-0.3170766788988334,-0.03472385408020746,-0.2643574617579985,-0.05709499577341326
1270,,0.0,-0.7349861100875709,-0.73,0.0,-0.750205081008671,-1.0687807140772019,-0.9271624526081814,-0.8442093559548354,-0.6955828825416513
1271,,1.0,-0.44640163464405364,-0.73,0.0,0.45485212393925,0.4982036841852818,0.33050334936855863,0.09453694556274872,0.5638360864972249
1272,,0.0,-0.2359817524473499,-0.72,0.0,0.44001028287895305,0.4501966103648612,0.25872474543976615,0.4446854240711446,0.4983678297051563
1273,,0.0,-0.6524473564041166,-0.7,0.0,-0.1579325786113061,-0.23101130832920236,-0.3603044333757381,-0.32824915881248695,-0.43677591199739746
1274,,0.0,-0.5831079500153203,-0.66,0.0,-0.10130752649801769,0.058603176100996225,-0.04738407649489707,-0.10766835132366377,-0.1351398694691665
1275,,0.0,-0.6530588295211408,-0.66,0.0,-0.08038212964232261,-0.00440946038001957,-0.013099506222358807,-0.13940100688019985,-0.06257731738225684
1276,,1.0,-0.2667577903917156,-0.6,0.0,-0.011286519428347177,-0.24898818731452158,-0.0879443775733465,-0.07512636799073678,-0.04176146061218571
1277,,1.0,-0.28134214908186433,-0.6,0.0,-0.2936220700821556,-0.5538680918463844,-0.33548273730882494,-0.47264609742233815,-0.5123333678679284
1278,,0.0,-0.045436153003636535,-0.55,0.0,-0.23546701257989025,-0.49740461841443223,-0.43661512244135037,-0.5745365617316415,-0.3517950855446471
1279,,0.0,-0.41999150393679874,-0.52,0.0,-0.21159173701937165,-0.41501860180216943,-0.340003018508888,-0.4133001214871455,-0.41668711715543805
1280,,0.0,-0.6286427903470957,-0.52,0.0,-0.15532721238266933,-0.10393651100361627,-0.17758553146280584,-0.12139801245255984,-0.052016274155149124
1281,,0.0,-0.42981312333792965,-0.5,0.0,0.017789492323058487,0.18829316023343406,0.16448765341439076,0.12863778306161938,0.24889852079889063
1282,,0.0,0.6366711544362595,-0.48,0.0,0.07530205847737928,0.11936600437142475,0.10997975598212184,0.17735369690876363,0.07001765740263277
1283,,0.0,-0.5333401651139394,-0.42,0.0,0.15848065384853002,0.04890712625476919,-0.11413932288636196,0.015797247149177886,0.2225890214638589
1284,,0.0,-0.13813357750404406,-0.4,0.0,-0.08842168530891607,0.08729596437330715,-0.3497050655283695,-0.10987617320328238,0.18182672068323755
1285,,0.0,-0.26693601741930734,-0.38,0.0,0.2348466248281809,0.3354156172869975,0.2711765133501972,-0.14341746184560727,0.4872273502900105
1286,,0.0,-0.7125561767037825,-0.37,0.0,-0.775505181754907,-0.5950574620003638,-0.6410950021603798,-0.5320864700664292,-0.5884663706169508
1287,,0.0,-0.5866066802149074,-0.3,0.0,-0.006063234086528214,-0.2961197109469584,-0.18827685858934112,-0.12242022238753002,-0.11192024399552765
1288,,0.0,-0.2832494347855986,-0.3,0.0,0.0501271035493267,0.11935839506672978,0.12177325118261807,-0.03298992190857737,0.1867906601815733
1289,,0.0,-0.4418985831073533,-0.28,0.0,-0.6115411877103394,-0.4452731817150832,-0.5937426181805928,-0.4296078228811624,-0.8255571620909502
1290,,0.0,-0.36999436379510725,-0.27,0.0,-0.6189377574594185,-0.6876917908512448,-0.6777964147635128,-0.8156640718541355,-0.737980316537626
1291,,0.0,-0.39046244848378586,-0.22,0.0,-0.6294430483539636,-0.8274593546188032,-0.7028460177723063,-0.7032127564925215,-0.6462313784531156
1292,,0.0,-0.19249638812989386,-0.22,0.0,-0.6639868086624483,-0.7936422664959327,-0.7390929991458137,-0.8388825717442973,-0.6686013703674737
1293,,0.0,-0.8127415063401027,-0.22,0.0,0.19374330924327346,0.15270462112483058,0.5127801254065885,0.25035011859822875,0.42059712671191246
1294,,0.0,-0.27386368296456653,-0.2,0.0,0.7989808685931657,0.5276009472217202,0.701601169503502,0.3897828499083887,0.5901594830254677
1295,,0.0,-0.05293576666334456,-0.2,0.0,0.7313588673001328,0.6257309432604526,0.7624101638692454,0.48712461841493226,0.6468615648972711
1296,,1.0,-0.4849698493608382,-0.19,0.0,0.5995131900603617,0.44743360823955347,0.31435447344656037,0.4699412955091807,0.3703501584495847
1297,,0.0,-0.35323094010269807,-0.19,0.0,-0.21617300790008293,-0.3475036086296313,-0.3871499120171685,-0.521457362235622,-0.4681047503800669
1298,,0.0,-0.03338987206701547,-0.17,0.0,0.3168302928730865,0.16893809651437075,0.5911442229836291,0.13748561498755177,0.5301362528863608
1299,,0.0,-0.6970990608635751,-0.17,0.0,0.2585099162483383,0.27597094078941076,0.007976123560442644,-0.1392115438253119,0.17610508581146941
1300,,0.0,-0.42481116384151196,-0.17,0.0,0.40550347794056824,0.5193378979500788,0.4703747009641214,0.4232996406786444,0.48828474504267483
1301,,0.0,-0.25392807039588167,-0.14,0.0,0.1446355738101399,-0.03828123775874176,-0.2636039032126917,-0.4192705205408197,0.18529570812922422
1302,,0.0,0.06638846914349468,-0.14,0.0,-1.335350992334516,-1.1873948702646488,-0.7787782005750469,-0.9913143170409164,-1.0014901375804133
1303,,0.0,-0.1136642907840725,-0.14,0.0,0.7019715741374751,0.5488555374116106,0.7966875121105393,0.5241538876668355,0.5923957945602335
1304,,0.0,-0.3447689823222868,-0.14,0.0,0.7037563440553045,0.8527897660570427,0.8808212682172435,0.8964397939350134,1.0684688726228488
1305,,1.0,0.24069033554032918,-0.13,0.0,-0.3196763843960457,-0.25455378606184365,-0.15728074690345506,-0.2804149564824439,-0.0511625972039558
1306,,0.0,0.028847718908199396,-0.13,0.0,0.2922395076440346,0.2696289781093058,0.10044329221903009,0.4859226494867883,0.23600526662463298
1307,,0.0,0.023567085331553557,-0.12,0.0,0.2198277866897868,0.8255026249826617,0.3587709343283985,0.5673269953890911,0.5304420637540516
1308,,0.0,-0.23478551787124932,-0.1,0.0,0.902227524701297,0.7711464752555722,0.6979625842507889,0.32232985919714746,0.8228308975064376
1309,,0.0,-0.1625346943122507,-0.1,0.0,0.5290928783351965,0.5695929185500165,0.6402291374120498,0.5161369778046458,0.5456046403031273
1310,,0.0,-0.03925847005936614,-0.1,0.0,0.3077684564594677,0.27236329022188266,0.547974899540666,0.29579027531946706,0.39159677039178303
1311,,0.0,-0.09465209667080228,-0.1,0.0,0.7431508997339134,-0.6418341721539603,0.7819885444169112,0.46264865182063375,0.421089784517911
1312,,0.0,0.13999896779459065,-0.1,0.0,0.7455568769842225,0.5924423239391962,0.9473375674545634,0.6029812212882869,0.4764011241398645
1313,,0.0,-0.11893995390042994,-0.1,0.0,0.5888205273947207,0.5179970517084316,0.341400498402249,0.7072186378845317,0.38573603458826344
1314,,0.0,-0.3297781742004749,-0.1,0.0,0.9256731290579945,0.8640425565349942,0.8784175734260268,0.291252405284111,1.0280318958290533
1315,,0.0,-0.38633067845646657,-0.09,0.0,0.7855925449104368,0.5839654500686937,0.7265835330675144,0.17362612268436195,1.0211676559064895
1316,,0.0,-0.906279409776986,-0.09,0.0,0.33978046050195654,0.4709379902406087,0.5715908091250999,0.6275870743552809,0.6348711310078046
1317,,0.0,-0.802036992829816,-0.08,0.0,0.8874412345428624,1.048122954339164,1.1018822199158078,0.7213093992164339,0.9869707614983366
1318,,0.0,-0.3861689299762223,-0.05,0.0,0.4031665584708873,0.566591535310715,0.38803534595168304,0.4691174489676431,0.3212624280859989
1319,,0.0,-0.5808341387553148,-0.05,0.0,0.9093307928760545,0.8770093637725095,0.7535028912892873,0.6164401499314619,1.007471133376794
1320,,0.0,-0.04206699098295125,-0.04,0.0,0.836762121524872,0.8043071324367324,0.6823817004982101,0.5798106119695641,0.7014284564383197
1321,,0.0,-0.22753916875502625,-0.04,0.0,0.8710227595188093,0.8073739021476927,0.9480846197697966,0.2799683362256221,1.0695514852883725
1322,,0.0,-0.07398760566500781,-0.03,0.0,0.9885038680523075,1.1726751688666848,1.1066596551304737,0.9906625394212418,1.055180057438116
1323,,0.0,-0.20712794497995857,-0.01,0.0,0.9146515793728758,0.4566883433479326,0.7411035153297375,0.5568052141142924,0.708140849915023
1324,,0.0,0.32423926742308057,0.0,0.0,0.5850199860885513,0.6226188660388307,0.6664568153319698,0.5473605582376265,0.7581307520171826
1325,,0.0,0.19579596167381483,0.0,0.0,0.9552431478450896,0.7982471042666459,0.8005019170611262,0.7809543074220695,0.9754336598150335
1326,,0.0,0.14886463637185166,0.04,0.0,0.7657184331024401,0.7227764337051629,0.8728859392151573,0.7248109963479508,1.06043041289773
1327,,0.0,0.036648419177581666,0.05,0.0,0.5261308882222869,0.40803274882695645,0.6111309448968816,0.3830433736871684,0.42685199056220363
1328,,0.0,-0.19894377994181778,0.06,0.0,0.8745740060131768,0.7788382733068466,0.779273988278718,0.8691426694362882,0.8825091863116192
1329,,0.0,0.043037928749114114,0.07,0.0,0.7362631558271284,0.4374353798807177,0.8579972610813797,0.7757386684095161,0.9165183431255072
1330,,0.0,-0.40461331421202035,0.08,0.0,0.5497271285997424,0.4066871284610772,0.6239576660901116,0.5049224908928546,0.5032267243234979
1331,,0.0,-0.05467910770679599,0.1,0.0,0.4316729863501776,0.30580487700954245,0.4105993161731753,0.262159682898713,0.45146491012544016
1332,,0.0,-0.18642286387067625,0.11,0.0,0.5590839091280566,0.7147132040453649,0.656302865105069,0.5327273111409789,0.7080033489358533
1333,,0.0,-0.19941679086974615,0.11,0.0,0.7530372237781051,0.778562665484676,0.5965604182181786,0.8606552912270987,0.7598393908921429
1334,,0.0,0.23528830826421443,0.11,0.0,0.4779871928428944,0.679613700376255,0.48105147168981255,0.5147987934104574,0.6356630183011557
1335,,0.0,0.21196954655469305,0.13,0.0,0.5964567485813326,0.5615553564248409,0.5284708640631459,0.5241909388537138,0.6359867644728521
1336,,0.0,0.009527979996314575,0.14,0.0,0.6125164331270527,0.46899961800446593,0.6526641230007136,0.5282377786670158,0.4523782057643365
1337,,0.0,-0.46600832428394867,0.18,0.0,0.40271602979262017,0.40835606178031086,0.4697199079132754,0.4654832457546545,0.5068035338246715
1338,,0.0,0.25754091518464267,0.18,0.0,0.19555669296355924,0.16097917161598377,0.05311737774285524,-0.06942389125711944,0.3055458165493639
1339,,0.0,-0.420225410790847,0.18,0.0,0.2700311865422956,0.44680279826771724,0.2339038660128054,0.1649066267640348,0.505270174906527
1340,,0.0,0.30167247480813847,0.2,0.0,0.33554165371118816,0.37962143138558996,0.27526734457701596,0.36013539725263244,0.33552422993732206
1341,,0.0,0.008195474906928004,0.22,0.0,0.9226151983706948,0.7775637305077946,0.958511404227761,0.8399674094315246,0.8558836877148931
1342,,0.0,0.0548021586033581,0.26,0.0,1.034262087845564,1.0500653553206922,1.2167123021348014,0.8876933486115527,0.6860410369955058
1343,,0.0,0.008132772558329844,0.27,0.0,0.8202034031175852,0.7951933634667183,0.8784041348171824,0.6477916224799736,0.9680074240022247
1344,,0.0,0.3818170196951517,0.28,0.0,0.6194149007728402,0.479876591280198,0.5074882947155251,-0.3263348972969453,0.7633967790538262
1345,,0.0,-0.15167221996697813,0.3,0.0,0.8885034581410493,0.7783803644496551,0.8558850661940455,0.45224920357679094,1.096649986911183
1346,,0.0,0.29772228132686246,0.3,0.0,0.6852884782027925,0.7385985016596226,0.6843702745432179,0.6804940274892006,0.7839553702950346
1347,,0.0,-0.2665358799089645,0.3,0.0,0.7234223711558935,0.8071265900879859,0.8570636354131087,0.5928251395377377,0.8073410756097852
1348,,0.0,0.18355677055373343,0.32,0.0,-0.9044621986757668,-0.96416861876293,-0.6156852028063104,-0.9105546991651939,-0.9220583489629816
1349,,0.0,-0.3524916844793323,0.32,0.0,0.2954614715626982,0.15169772454831204,0.07941111619116298,-0.05615648480091798,0.09720822781038582
1350,,0.0,-0.3337330126974645,0.33,0.0,0.34706200782570235,0.3905142605606631,0.45786277017057225,0.3225956342038045,0.6410435956077335
1351,,0.0,0.32094593817407896,0.35,0.0,-0.6624245257081663,-0.7515171033099163,-0.6177006626991749,-0.5132305147209894,-0.5653926218484676
1352,,1.0,-1.0161629727605992,0.36,0.0,0.8349059197598304,0.6542078095397486,0.7468261243470418,0.4883351151478496,0.6366928048045569
1353,,0.0,0.012305884343043746,0.36,0.0,-0.053739974182783166,-0.428309590228898,-0.3140363104203694,-0.3327881727875974,-0.2514517578921902
1354,,0.0,-0.02085570131242564,0.36,0.0,0.2617743020473815,0.30315137553659166,0.2559086367943698,0.2686294682990636,0.3689640835728488
1355,,0.0,-0.25081402659892194,0.38,0.0,0.35853024373374964,0.35708655088039093,0.3401279871649865,0.35077145756817063,0.5280286057694261
1356,,0.0,-0.10875026740049061,0.38,0.0,0.2421586643226674,0.17203268585168732,0.12312759290311816,0.34536477974731494,0.3717862674726749
1357,,0.0,0.45429796547536316,0.39,0.0,0.39382285793527655,0.28999576710084163,0.20960343525603245,-0.01560236608967121,0.23228607439183577
1358,,0.0,0.859157840553065,0.39,0.0,-0.1222048631179184,-0.20367958162604818,-0.137186383986143,-0.27525102766523746,-0.1031476988411032
1359,,0.0,0.5052697659044565,0.39,0.0,-0.4445246436353438,-0.3011869768884456,-0.34992624372593634,-0.2868801525683647,-0.38981760782610586
1360,,0.0,0.07995694815426022,0.4,0.0,-0.047621581427388204,-0.10101003951811474,-0.09217300281261272,-0.21778303061553114,-0.11695605752036518
1361,,0.0,0.2809032193077438,0.4,0.0,-0.09023600602322145,0.14880061493480456,0.26391934977602427,0.07455930839062538,0.36907524159921057
1362,,0.0,0.8316100109598205,0.4,0.0,-0.034783757689700885,0.02453591455292199,0.19603175052256064,-0.0438681429397847,0.17468501087619634
1363,,0.0,-0.15767330309288952,0.42,0.0,-0.09972889021340439,-0.3803492417030943,-0.43012441520172706,-0.6243067886187821,-0.1783440069636311
1364,,0.0,0.5486141253326097,0.42,0.0,0.6291508490104382,0.5815203737164981,0.6302474121688815,0.4604857964301829,0.59474327069279
1365,,0.0,-0.0761873211499544,0.48,0.0,0.5883878146192367,0.39055554333385556,0.3991595391115334,0.5726287776747783,0.42933594795110835
1366,,0.0,0.39603239499203313,0.49,0.0,0.021754151682596975,-0.12724061598319733,-0.10119178401917552,-0.28994353125076555,0.014036097643540153
1367,,0.0,0.40289984635720155,0.52,0.0,0.14319520040425682,0.0027965578838385886,-0.08761647182293107,-0.09040287722484044,0.05823580677975697
1368,,0.0,0.266198764907831,0.55,0.0,0.724482042298914,0.4610738163585402,0.5632310533279956,0.5800897549167128,0.5485398332095034
1369,,0.0,0.10825856272108281,0.56,0.0,-0.1853601869890267,-0.32212070174982904,-0.2187663088806829,-0.30414540543788315,-0.31861663676168517
1370,,1.0,0.269841738020841,0.57,0.0,0.7973260866305665,0.8145223274692379,0.7775249896688566,0.592745020541977,0.934431240785734
1371,,0.0,0.5514377927958563,0.6,0.0,-1.2660694774130807,-0.967683717953178,-1.36943814446871,-1.129870172813154,-1.0024616143698448
1372,,1.0,-0.15994345983362485,0.6,0.0,0.3249275496029905,0.24315530698867352,0.5445039823442411,0.30849590029725643,0.31893424293930595
1373,,1.0,0.5454702537777522,0.6,0.0,-1.2437603712986007,-1.3084778274008948,-1.4247537469604967,-1.258339260612649,-0.878037168903604
1374,,0.0,-0.3747234245001725,0.61,0.0,-1.2797945911226853,-1.485174852278139,-1.3141825582730375,-1.283099376445631,-0.8892753939570454
1375,,0.0,0.7318436096002547,0.64,0.0,0.10297171503678257,0.03921128532448515,0.020197458262657363,-0.22964886880198337,0.1706032673230205
1376,,0.0,0.6230412373747191,0.64,0.0,0.7081835588502522,0.6967765132479913,0.6528762203806916,0.5727735438408562,0.756881958046893
1377,,0.0,0.7376269482790574,0.66,0.0,-0.4401706075757449,-0.48445864476262634,-0.35454073448405,-0.3860107151395341,-0.5452125107311336
1378,,0.0,0.5855425186890754,0.7,0.0,0.3951013785577179,0.3481632971990989,0.2697739633921629,0.4189227585054708,0.3657496126348539
1379,,0.0,0.8352382755592129,0.7,0.0,0.5488991857245412,0.8667743737657645,0.7556625000501398,0.7128222123103389,0.6619388062148485
1380,,0.0,0.966214541358378,0.72,0.0,0.5785728775345894,0.4580502528968614,0.8223712993093241,0.039572267450269795,0.5212446852651486
1381,,0.0,0.8627075828647252,0.74,0.0,0.6026911783528013,0.7712433097745117,0.7131918870896403,-0.05151271122693767,0.9636803814924331
1382,,0.0,0.5365062734936472,0.74,0.0,0.8265513360680402,0.9196690598811885,0.9170886404387607,0.5655090728847441,0.7334728477352872
1383,,0.0,-0.26235435533635176,0.74,0.0,0.7129381288050062,0.6996263648666435,0.8681848130590119,0.2116235399996561,0.9264799313722747
1384,,0.0,0.2908000607566764,0.78,0.0,0.842529777677648,0.6987885059501436,0.7933943849176904,0.5935372662510536,1.1516185593228085
1385,,0.0,0.24943174956271275,0.78,0.0,0.7537207295647317,0.8424086564988172,0.8679437980232304,0.7297315775712444,0.9600026415909944
1386,,0.0,-0.6776494033662385,0.81,0.0,0.1338514914293415,-0.045216526929916054,0.23949716782994354,0.025428929358431673,-0.12749768256848495
1387,,0.0,0.15348333906267222,0.81,0.0,0.008721688345088022,-0.23056543719193268,-0.07760768284694781,0.18018623865852126,-0.07846254743831768
1388,,0.0,0.8135165972099068,0.83,0.0,0.14025174128491885,0.08681965154312772,0.1753520238128902,0.004724671513437128,0.06700979570987416
1389,,0.0,0.8905258124504872,0.86,0.0,0.766050444971709,0.845282288235162,0.7667370362812439,0.45005986749109617,0.9065367591563382
1390,,0.0,-0.02576837342032706,0.88,0.0,0.6586393006676691,0.6896609113918118,0.9052983866673795,0.006039385483760856,0.8964216774279473
1391,,0.0,0.4302136935975359,0.88,0.0,0.7940023647455312,0.7890032269631976,0.7521638604890201,0.6323552406858849,0.747097512946211
1392,,0.0,0.8538089909113825,0.9,0.0,0.900969866768748,0.8213471683988245,0.8274100501599191,0.5178528075098817,0.7489476643679526
1393,,0.0,0.8775055579993973,0.9,0.0,0.864886307645448,0.9046529389594231,1.0416666610072547,0.9325193692061615,1.0740366184126198
1394,,0.0,0.7321124554597951,0.92,0.0,0.9947220959205691,1.029642184532899,1.0893236173315077,0.7719556886492669,0.8892615943379191
1395,,0.0,0.7735675294615774,0.96,0.0,0.3351567963111199,0.3135135145274714,0.20543886459359958,0.24601681907783426,0.2616550808408432
1396,,0.0,0.7535110352394042,1.0,0.0,-0.8678211707725885,-1.0111604472530535,-0.5560849220159085,-0.7181210156343237,-0.5397209635393412
1397,,0.0,1.349984664940767,1.01,0.0,0.6977023629786694,0.5422919214225987,0.6887502666165948,0.4866892728942487,0.6249126684897147
1398,,0.0,0.9967764265595785,1.04,0.0,-0.6852741787538494,-1.033139063253,-1.1527596352974585,-0.9429114415730568,-0.9028925717238866
1399,,0.0,0.11490696982786085,1.04,0.0,0.9744677097418983,0.9950565810472711,1.1119664285425013,0.4909534857669721,0.794457681045364
1400,,0.0,0.922002220098498,1.06,0.0,0.7891060850255904,0.8638171876946973,0.7131641367701052,0.6915600188445786,1.0356976204779207
1401,,0.0,0.9794049807221282,1.2,0.0,0.8396400882381597,0.6358078109959134,0.7359767377846297,0.7048627910848032,0.7822115285605203
1402,,0.0,0.516503707057822,1.2,0.0,0.7056452249787293,0.6110433594594363,0.514166207515261,0.35993189521160757,0.6064979365011661
1403,,0.0,1.0996998051163198,1.38,0.0,0.7183510761073074,0.8874710848767418,0.5192312246714796,0.4667259336949102,0.9531036290628853
1404,,0.0,1.1239524128841636,1.38,0.0,0.9038266828382963,0.8998643190405785,0.859182846146892,0.7844961818670287,1.087483381568861
1405,,0.0,0.6241225577124243,1.5,0.0,0.17531702096268278,0.026021286210323596,0.02253613289641913,0.07818343707684804,0.3977532607560578
1406,,0.0,-0.03595204330472079,,0.0,0.1669494898031931,0.29201593900466705,0.32772939838091336,0.36197842418738235,0.6488132819130352
1407,,0.0,0.5796042425782308,,0.0,1.0065414504764458,0.8777364203033385,1.0967246471657872,0.7726722646345717,1.1242647952735763
1408,,0.0,-0.002876319641917701,,1.0,-0.45068918180372547,-0.640762222921809,-0.5215574945968531,-0.5194271582644452,-0.32774676426166643
1409,,0.0,-0.4527343565849444,,0.0,-0.03572703310098247,0.06926707086044877,0.0017669931660505142,-0.07278625807286335,0.11852956122918237
1410,,0.0,0.24625377315370597,,0.0,0.8610906112000192,0.8403636830819292,0.7006968930674516,0.8358855391669664,0.9492156384220298
1411,,0.0,-0.45543972664519544,,0.0,0.9624574409704151,-0.6827060778724695,0.9312053900749888,0.686222290200199,0.8378049073456019
1412,,0.0,0.05832602740111329,,0.0,0.0717861881645938,0.12907382116479274,0.10990629574876469,0.014165165083113366,0.10279239504739422
1413,,1.0,-0.35356551264539426,,0.0,0.20703359175086491,0.3918398079964023,-0.02061447286670198,0.026790974109194177,0.5267629959328446
1414,,1.0,0.006874347264859927,,0.0,-0.6093703284423166,-0.9683492300205344,-0.5634347201936125,-0.6354228949554134,-0.7184202038359628
1415,,0.0,-0.22806821213570963,,0.0,-0.6352062971359911,-0.6692767056644869,-0.5702205447255411,-0.6813325920126627,-0.6633566208052308
1416,,0.0,-0.24173695832278014,,0.0,0.4051147975038895,0.39003117941813054,0.372232424081788,0.29715457601593687,0.36901634637007097
1417,,0.0,-0.6551988452466407,,0.0,0.9870454808124643,0.9472541754455173,0.7870209335631586,0.5486877572872878,0.7708894924210261
1418,,0.0,-0.1312399337030367,,0.0,0.22442948172260696,0.24747159173948619,0.23371985078178395,0.281812758983169,0.3992225326580882
1419,,0.0,-1.2905574239625475,,1.0,0.411965365067529,0.3464694682646651,0.4284784699983987,0.2962331321978205,0.5311184613389778
1420,,0.0,-0.5879034920517165,,0.0,0.36776201423863175,0.4696954564499091,0.5316275433763448,0.21286446057585304,0.523984860368445
1421,,0.0,-0.7746309099085245,,1.0,0.8920635122889895,0.8708869647750812,0.7947569930121006,0.7068533068085657,0.9538117276638015
1422,,0.0,-0.691755645305502,,1.0,0.7011972240855077,0.7246353719850445,0.8018220243017707,0.43423458809683957,0.627104844671132
1423,,0.0,-0.5561618197700071,,0.0,0.14419645948806917,0.274693232639768,-0.03212652764152058,-0.21979934668251686,0.3875610608060033
1424,,0.0,-0.35240265915035374,,0.0,0.14970554094441574,0.1077011435831429,-0.13217420503462976,-0.24868201891318095,-0.20389505730275978
1425,,0.0,-0.6657625772960145,,0.0,-0.10760287216576402,-0.12693121497709314,0.05677511814412784,0.008509411551396099,0.37989857589562737
1426,,0.0,-1.0788964501087621,,0.0,0.07037209587133417,-0.13620647181432605,0.074716635728764,0.2695891556103236,0.16634050047844637
1427,,0.0,0.10892513369483,,1.0,-0.15996861215647085,-0.6937793623489035,-0.44778289880489963,-0.22516808580843634,-0.21131099574160372
1428,,0.0,-0.6199400271706876,,0.0,-0.6074552041551392,-0.6970012940051774,-0.7654448301271268,-0.5674559632016268,-0.47180384844920586
1429,,0.0,-0.2651175488237916,,1.0,0.5172988046214276,0.2718348880526118,0.27673677987952616,0.4813582937457399,0.6395507948592691
1430,,0.0,0.2353241086408795,,0.0,0.5361862034658808,0.5544022038688722,0.4917109932776781,0.5011579620169826,0.6869208150283459
1431,,0.0,-0.8622626021694177,,1.0,0.343186110465561,0.1840336933918223,0.23169690138786617,0.3546355432909225,0.07197279195407282
1432,,0.0,-0.6548412869707428,,1.0,0.2997145818533093,0.2853019590327805,0.17481941381936847,0.18257471976573983,0.09892881097617558
1433,,0.0,0.6481332056216311,,1.0,-0.045020519418867026,-0.010947797810458588,-0.11694961965231167,-0.36984812793543514,-0.16611632013372746
1434,,0.0,-0.16256788313000206,,1.0,0.8503662145458241,1.0459951941938779,0.8985570352093128,0.6512343737339155,1.0172774009082766
1435,,0.0,-0.16081285665256548,,0.0,-1.1033483038976002,-0.9918036927738741,-1.025218334087911,-0.9982550538431131,-1.143895848192253
1436,,0.0,0.583357013510993,,0.0,-0.6751602911752508,-0.5863912633009503,-0.5047109362739921,-0.5474485032471532,-0.6686411084475428
1437,,0.0,0.7548573109612176,,1.0,0.7772830368106346,0.8513498351810327,0.7458725088591602,0.8202202700480922,0.8038207323684912
1438,,0.0,-0.2233419902468404,,1.0,0.32630735379367687,0.04577057156915008,-0.043452430832842295,-0.3964771190498754,0.10945454267094502
1439,,0.0,0.09815536104171758,,0.0,-0.05943290556068412,-0.13551349775427513,-0.23711584912294714,-0.14735813981361232,0.08615637063423229
1440,,0.0,-0.4273197391372612,,0.0,-0.13468833412389244,-0.1261778422402771,-0.008850583353852897,-0.11022163373183715,-0.011130849044343603
1441,,0.0,0.7518145997220962,,0.0,-0.9976817614680896,-0.8048764208765556,-0.8153570960858805,-0.8058556733716137,-0.7836601511152452
1442,,0.0,0.15674078072321623,,1.0,0.6212881095340841,0.47703675073886137,0.5852044867269838,0.1642421470775926,0.5541893277436576
1443,,0.0,0.009982573582532123,,0.0,0.1467451287142179,0.07600816000164014,0.14143851268542112,0.21722887174769956,0.189716461504665
1444,,0.0,0.9791191471452357,,1.0,0.47969134246871303,0.6299468814056381,0.2748995206081689,0.5803069676259458,0.7790489957123666
1445,,0.0,-0.558471800113477,,0.0,0.2969104739620077,0.14313144334051922,0.18651436604172916,-0.054501644096794664,0.11692140136858385
1446,,1.0,0.17380348825825281,,0.0,0.4022291256125384,0.45192817907547594,0.5791197920427409,0.29762250169409704,0.38990357423256417
1447,,0.0,-0.17124884212763372,,1.0,0.3405312116401957,0.13646322828722315,0.4907474666834763,-0.05431391025097035,0.43849448882888703
1448,,0.0,0.3047999630860426,,0.0,-0.03613908409619042,-0.15394131956936632,-0.3634487984972501,-0.2633409171970685,-0.16885221324315458
1449,,1.0,-0.6303913735000979,,0.0,-0.2322692344434724,-0.4894729106554118,-0.29997002010429896,-0.5148883501904322,-0.3581665786283417
1450,,1.0,-0.9425253993999297,,0.0,0.16560542050105556,0.04944394228769246,0.12251701181785489,0.06532483060363266,0.16401264351268688
1451,,1.0,-1.188793969299511,,1.0,-0.04861798626793565,-0.303254996761138,-0.2138274361336228,-0.3640377269246163,-0.35644278017605263
1452,,0.0,-0.7281407116482904,,1.0,0.5159914792568361,0.538191702780866,0.6741079668511507,0.7441858454422355,0.7350039292711549
1453,,1.0,-0.709495638779598,,1.0,0.3491883093489803,0.09990935265204068,0.6855215615832753,0.20107373530785314,0.42881510022422137
1454,,0.0,-1.1402966209977514,,1.0,0.8274109636060287,1.0023345301427282,0.9672103398455514,1.030450481709316,0.9511909253626111
1455,,0.0,-1.3113155431613503,,1.0,0.7865143925413906,0.8496307059289687,0.8917599181999988,0.8195070269740309,0.7437401488262996
1456,,0.0,-1.2941189029015825,,1.0,0.07920000176256208,0.0073109730994942255,-0.04738595448081076,-0.15878038774694456,0.12162394865369287
1457,,1.0,-0.469834619449947,,0.0,0.6295993815433262,0.8343352798368875,0.7531568774515063,0.594867683361109,0.7969474628458605
1458,,1.0,0.2422546509208107,,0.0,-0.17564486614551036,-0.7140154115034424,-0.7755583409045225,-0.7928027095234642,-0.5605124038952303
1459,,0.0,-1.456606550189009,,1.0,0.3646132962483466,0.1679516150738163,0.043217878433171056,0.28313179243643277,0.37259561645792444
1460,,0.0,-1.4809632630116047,,1.0,0.7115250299257462,0.8951142548544213,0.9661236860778808,0.5825913046777302,0.6700619140163621
1461,,0.0,-0.9330796190867057,,0.0,0.7108117251484865,0.6850801973780085,0.8000179176321096,0.5413589571000131,0.6340166569617749
1462,,0.0,-0.08417171018678268,,0.0,0.7693472187052582,0.7634213469586302,0.6725837865201952,0.7780730496153094,0.6439540714615704
1463,,0.0,-0.08257840279204408,,0.0,0.8424369921554143,0.8285727252462219,0.8505441159959681,0.6630857845761258,0.5799071318370862
1464,,0.0,-0.5447522992902631,,0.0,0.9096941612872791,0.8909628932705962,0.7895344138637449,0.6635671584728515,0.9133872992392174
1465,,0.0,-0.03066156152074433,,0.0,0.3270327582850681,0.32274092000203003,0.43916711511498135,0.29463950183794657,0.5821783714942455
1466,,0.0,0.031253277564648164,,0.0,0.8039612034770182,0.8049045603751629,0.7978041484636927,0.7728404648971232,0.8777398723089977
1467,,0.0,0.6816706154630443,,0.0,0.5778972920361617,0.3771037807149439,0.3291324057598524,0.26521631231986803,0.5074238475149336
1468,,0.0,-0.5545061475545677,,0.0,1.041784918840518,1.1178934810637278,1.0670912284315703,1.0617539450338074,1.0052164531726473
1469,,0.0,-1.0453176060752265,,0.0,0.5282129240680706,0.7629402570028246,0.6113458967170389,0.5703745956879435,0.6741796568598262
1470,,0.0,-0.9239715713841757,,1.0,1.0027495874861831,0.9435622106647498,0.8621432837236574,1.0182389122215216,0.9871739419471898
1471,,0.0,-0.856462842545828,,0.0,0.9346515962184929,0.7839644855641411,0.8352657770113784,0.7976448987444592,0.6904256717332666
1472,,0.0,-0.8632275243698315,,0.0,1.0433645439529893,0.8501525594614223,1.0321826458207604,0.6491867697724568,0.7696309909294539
1473,,0.0,-0.9547580252550036,,0.0,0.6223287816043748,0.6646825973066792,0.5758347885840206,0.5494789649134301,0.556160265109906
1474,,1.0,0.18152369582068328,,0.0,0.3901768264535228,0.2940153056843969,0.43534694621282904,0.1882809378231348,0.5864206960636694
1475,,0.0,-0.1115578622640638,,0.0,0.8956053990870424,0.891111299983368,0.9445749057381873,0.8302995339960926,0.7655304251997277
1476,,0.0,0.09072300829568641,,1.0,0.2890003184171004,0.273745084374418,-0.01963258696708201,0.14727213232309724,0.21520983881736225
1477,,1.0,-0.2631648833201639,,0.0,0.7413402116884196,0.6980805498476571,0.8495963413756408,0.3340497102620454,0.4109213239617405
1478,,1.0,-0.3215284632706668,,0.0,-0.5516500412302335,-1.1439751453111764,-0.7606534179300122,-0.9882272002518832,-0.5081694410597698
1479,,0.0,-0.48389645603399817,,0.0,0.27793220943301816,0.13576797996282985,0.27000419687544336,0.055769198538831555,0.17512899757341277
1480,,1.0,-0.04602618476516156,,0.0,0.7808384612035241,0.8442794461216847,0.9443257293058429,0.4602139929611648,0.8036940887029419
1481,,0.0,0.6192973601649034,,0.0,0.26435006272979245,0.3415160401945454,0.21846995659026974,0.059500047703421925,0.5340309409089141
1482,,1.0,-0.2103083218591208,,0.0,0.21979778845517606,-0.1841828090715999,-0.05618114895085088,-0.3305259583254289,0.09718097773796376
1483,,0.0,-0.08604789381407242,,0.0,-0.0720813355154426,-0.0379909733210244,-0.0761918638984896,-0.3194700002438178,-0.06944315587106839
1484,,0.0,0.523505495722158,,0.0,0.07137832471490171,0.05007230290581644,0.011435216836975928,0.21256869463618483,0.13732097317482117
1485,,0.0,-0.7333393283746158,,0.0,-0.5703734160039083,-0.5529291857227586,-0.6015773653066198,-0.49795669245376384,-0.5876350243396162
1486,,0.0,-0.676343596371997,,0.0,0.09940146789730436,-0.013468921278461046,-0.1490174055738193,-0.1424934055425229,0.25771374544315767
1487,,1.0,0.016243578839609467,,0.0,-0.7545826263782445,-0.6530702259035844,-0.6137105917356771,-0.463312121316242,-0.6045933025736646
1488,,0.0,-0.44669680827467056,,0.0,-0.4021874005459214,-0.2813251984600789,-0.5707392379318296,-0.5552442615501378,-0.7832728040786541
1489,,0.0,0.5288948087110332,,0.0,-1.0347020662088449,-1.0345455077292431,-1.0028138504160786,-1.3063551847921284,-1.0871058046550282
1490,,0.0,-0.6052872773293799,,0.0,-1.0471986007661354,-0.8850783902364496,-0.974594976369733,-0.9260785914906393,-0.9601737799518105
1491,,0.0,0.2933922789628966,,0.0,-1.0193309994366115,-0.9794395474444454,-1.012752458547807,-1.1741762076503486,-0.9470655445665765
1492,,0.0,0.41868807324431,,0.0,-1.0255858646853355,-0.9678536508777575,-0.9416949673513879,-1.1394967651895496,-0.9243936459956377
1493,,0.0,-0.9347771194676723,,0.0,-0.12428956745482184,-0.26674071404626326,-0.13521461389072217,-0.2785642984329363,-0.34849424595806433
1494,,1.0,-1.051418926848094,,1.0,-0.0687426174475945,-0.21572340248930924,0.11930157450871977,-0.14418356615458564,0.07219326232178255
1495,,0.0,-0.5554925384710432,,1.0,-1.1967374445345187,-1.284119676245487,-1.3358261982307913,-1.6113878711182006,-1.2638179959816247
1496,,0.0,-0.21802138245969477,,0.0,0.2016034768117324,0.2061039350707687,0.2784651265837228,-0.0408827727046754,0.2747901152888657
1497,,0.0,-0.7849709118001241,,0.0,-0.5899853598174375,-0.7453883706466974,-0.5788798161742849,-0.689756534646819,-0.6018724018905924
1498,,0.0,-0.08138453488270529,,0.0,0.19530529485902393,-0.12882662453871496,0.1575437772351521,-0.40640770614710764,0.15572765727937454
1499,,1.0,0.16518824239587154,,0.0,-0.07096291832683436,-0.8234019935482896,-0.7769108664979726,-0.9279428175266328,-0.15295567056665582
1500,,0.0,0.015237323851491711,,1.0,0.06335601658856578,0.03418568685576953,0.11088412264250289,0.09138514440201316,0.20169243398693965
1501,,1.0,-0.16109366157370986,,0.0,0.16348136283688156,0.2578757652685668,0.29455112720037496,-0.06910965845044878,0.31050545260371015
1502,,0.0,0.5768210430684607,,0.0,-0.5100860801756083,-0.678547818397733,-0.8585473584509756,-0.7060680858306607,-0.7307157090839115
1503,,1.0,0.08525425373696076,,0.0,0.5200943099637316,0.4730658455901468,0.5092084870256551,0.46089692371095087,0.534667223952112
1504,,0.0,0.7239265790680093,,1.0,-0.1021607272927779,-0.3767568094966929,-0.43399830334483946,-0.6820165942582156,-0.3929509218876817
1505,,1.0,-0.1486458050216674,,0.0,0.6769850465368342,0.26126727126498694,0.8457754325126602,0.010022144152711875,0.6409402784128843
1506,,0.0,0.047556905953599994,,0.0,0.0873653546401908,0.2120250803679646,0.26354483516369204,0.059455732043009475,0.39274400230356576
1507,,0.0,-0.005029112030056875,,1.0,-0.38336967548698225,-0.6149259928457065,-0.5089971339919548,-0.2532894232702068,-0.3970184617732002
1508,,1.0,-0.03472385408020746,,1.0,-0.27583639273893723,-0.2856075440553081,-0.4039705654654959,-0.3057975673713305,-0.11332810782656742
1509,,1.0,-0.340003018508888,,0.0,-0.7734477647648553,-1.141827089805026,-1.0089654260097256,-0.9180503459469382,-1.1010227707914868
1510,,0.0,0.10997975598212184,,0.0,-0.5499262133431077,-1.10123716789524,-0.9119003903326982,-0.8514398986969227,-0.7997393190762467
1511,,0.0,-0.11413932288636196,,0.0,-0.1644276376896514,-0.53192915099041,-0.6302402024683509,-0.5035956258085866,-0.317972783393484
1512,,0.0,0.12177325118261807,,0.0,-0.8896512639924669,-1.0339003087348952,-0.8584059293967302,-0.7584421571662557,-0.9861389211026123
1513,,0.0,-0.7390929991458137,,0.0,-0.041430252966498465,0.05695952672821825,-0.0641545814330632,-0.1288331445434531,-0.117437818529659
1514,,1.0,0.7624101638692454,,0.0,0.08052796008272607,0.06464841044413386,0.04887916610752983,-0.44488978900567755,-0.11693909672036981
1515,,1.0,-0.2636039032126917,,0.0,0.3009677478629481,0.12158515039696988,0.2408892792541141,0.33540792686826737,0.38564240600083494
1516,,0.0,0.341400498402249,,0.0,-0.015672757700173713,-0.8968609650780927,-0.6332085121826151,-0.8969383626740469,-0.14485397713231196
1517,,0.0,1.1018822199158078,,0.0,0.0869409917646117,-0.7770178681445414,-0.43204450495596414,-0.6692167151515428,0.07985601050535147
1518,,0.0,1.1066596551304737,,0.0,0.39659814074029665,0.11301718832242319,0.21905163172109746,0.2344691075058293,0.13841977814895604
1519,,0.0,0.6664568153319698,,0.0,-0.31480041983015833,-0.4837431471349396,-0.3621791161835742,-0.3944252105476911,-0.3826049746421729
1520,,0.0,0.656302865105069,,0.0,0.46007892502103515,0.32149445423246004,0.33744035133194433,0.3806078078377295,0.4708148672798165
1521,,0.0,0.6843702745432179,,0.0,0.21273963875821503,0.06201009572937302,0.2960763598219722,0.04548996040389747,0.20721520793145598
1522,,0.0,-0.6177006626991749,,0.0,0.24250711777516093,0.1198392422621727,0.20260070722327383,0.11385232155301321,0.2198534338152172
1523,,0.0,-0.43012441520172706,,0.0,0.042740458006188906,0.01638649794466854,-0.004411555266082274,-0.32453628929350026,-0.05448717614211819
1524,,0.0,-0.08761647182293107,,0.0,-0.43259270238837605,-0.306998906875497,-0.24818244051914487,-0.30963841002997333,-0.5612806226160583
1525,,0.0,0.5632310533279956,,0.0,0.06815171029768753,-0.16411351341810657,-0.09865139103633881,-0.14798627669824432,-0.09294593022928499
1526,,0.0,0.2697739633921629,,0.0,0.22161027595011504,0.5725341766366745,0.17797887765538067,0.3383236783108881,0.524536901763966
1527,,0.0,0.7556625000501398,,0.0,0.01506950285698542,0.331313114673576,0.11161012144091709,0.18597853997125993,0.283186318162456
1528,,0.0,0.9170886404387607,,0.0,0.15642782064571417,0.016284067058978925,0.03428466760370752,-0.02009541603551734,0.1776784764461211
1529,,0.0,1.0416666610072547,,0.0,0.4840291744149686,0.36664691478256484,0.5678782473294428,0.18891985816955084,0.50874327114458
1530,,0.0,-1.1527596352974585,,0.0,0.24955756981636756,0.4444660370905123,0.28168934691298525,0.4461354832810547,0.20148553743402273
1531,,0.0,0.7131641367701052,,0.0,-0.4446339294924304,-0.4411780219522042,-0.4289098689158206,-0.7408289705148215,-0.5763499927577199
1532,,0.0,0.7359767377846297,,0.0,0.657425987694765,0.7324669903075698,0.6282888817137403,0.4839016464224564,0.644573784243892
1533,,0.0,0.859182846146892,,0.0,0.09643363023119493,0.07838463011598706,0.0945429448669172,0.3182686041925217,0.15825872837312754
1534,,1.0,0.02253613289641913,,0.0,-0.2412128353048973,-0.6078725236506155,-0.5512626468013123,-0.6178191205029023,-0.3652109333767048
1535,,0.0,0.7870209335631586,,0.0,-0.3755773329406,-0.39431500007676934,-0.4847521163570208,-0.39474934479891793,-0.5154649966602093
1536,,0.0,0.05677511814412784,,0.0,-0.33188706639827575,-0.3202009970432484,-0.1217399490163638,-0.24983799728649778,-0.28621576916796476
1537,,1.0,-0.44778289880489963,,0.0,0.3812822589607388,0.2792500287928772,0.13253213126076333,-0.056814650340673255,0.25368916850145523
1538,,0.0,0.17481941381936847,,0.0,-0.46975523845993683,-1.005720837054624,-0.7321343792852045,-0.7487407777928041,-0.8047831361475587
1539,,1.0,-0.5047109362739921,,0.0,0.849770524746731,0.6381175880700318,0.7934183050740523,0.4492258900627066,0.7158564778696014
1540,,0.0,0.14143851268542112,,0.0,0.322539536678648,0.18672580105682013,0.42238919110856715,0.269941642024436,0.4882992873792231
1541,,0.0,0.2748995206081689,,0.0,0.20922706790102882,0.009363955575534013,-0.06984003029902083,-0.0453864725623691,-0.10546025694280789
1542,,0.0,0.6855215615832753,,1.0,-0.6094755010845135,-0.9859514444586445,-0.7641543942908575,-0.7819466607476488,-0.7848288604409114
1543,,0.0,-0.7755583409045225,,1.0,0.686841662276101,0.6629638695798683,0.6228167788031183,0.7220973819638555,0.7031102264849706
1544,,0.0,0.8000179176321096,,0.0,-0.7293927282214555,-0.9028763346934071,-0.9718106478099368,-0.8901371571275026,-0.8957145363766129
1545,,0.0,0.6725837865201952,,0.0,-0.9473958061488084,-0.9348087853898479,-0.788031084762187,-0.7952320244274036,-0.968514331859652
1546,,0.0,1.0670912284315703,,0.0,-0.005056451306978199,-0.05667016965231413,-0.1430358919923514,-0.7240749196916337,-0.0964645965008433
1547,,0.0,0.6113458967170389,,0.0,0.34472008805553334,0.5669405878938868,0.5399021189964789,0.6890684430197173,0.4940770323659494
1548,,0.0,0.8495963413756408,,1.0,0.34886748020988956,0.4930054557432237,0.4035455398929147,0.5351111662396983,0.5589973501383636
1549,,0.0,0.9443257293058429,,1.0,0.42578264330908727,0.47957822636901437,0.5562800122087626,0.6073643770603031,0.766182498457325
1550,,0.0,0.5092084870256551,,1.0,0.8906205188794638,0.9131479557203411,0.7779449494900543,0.7467861342285842,0.7753768006517949
1551,,0.0,-0.5089971339919548,,0.0,0.46294172876653333,0.4177947527493947,0.530985880198864,0.5692699889522722,0.3898317678591857
1552,,0.0,-0.4039705654654959,,1.0,0.4191534864951118,0.478112418960457,0.7882043844505675,0.7996965439108995,0.801659159278516
1553,,0.0,-1.0089654260097256,,1.0,0.6831256875564827,0.5540365193740988,0.7258941735707788,0.6051108158093841,0.8954477664019409
1554,,0.0,0.04887916610752983,,1.0,-0.06833169727715048,-0.10400730124503187,0.08424133492012673,0.23992097043789218,0.15057950953604446
1555,,0.0,0.2408892792541141,,1.0,-0.5520499192598558,-0.8521605513530965,-0.6379067473824421,-0.810064294252359,-0.5663100971327696
1556,,0.0,-0.43204450495596414,,0.0,-0.012560149545192089,-0.20772024841666378,-0.31927054403679583,-0.5212924539397069,-0.3701257675444274
1557,,0.0,0.33744035133194433,,0.0,-0.033567950975709235,-0.04724003619086505,0.17354940292955148,0.13064686951608828,-0.049944307847080566
1558,,0.0,0.2960763598219722,,0.0,-0.08581796360670306,-0.10859207876731874,-0.1873398031437906,0.0482710060682644,-0.009745374537992532
1559,,0.0,-0.09865139103633881,,0.0,0.05380259804492646,0.13314551552316595,0.02642974543874513,0.22929615099557973,0.17117309586421564
1560,,1.0,0.17797887765538067,,0.0,0.20937648450287674,0.19015522314209146,0.24461935841148558,0.012907597732524046,0.2414538271946285
1561,,1.0,-0.5512626468013123,,1.0,-0.5379245551846489,-1.0015575493577875,-0.7207548080430242,-0.6421593836816608,-0.7769544798418349
1562,,1.0,-0.4847521163570208,,0.0,-0.7134104921376,-1.2345699506719865,-1.1971626254833836,-1.1139874024429073,-1.2041718346704944
1563,,1.0,0.7934183050740523,,1.0,-0.872048691972217,-1.1200231718613902,-0.8704540449279121,-0.9955603686093436,-0.9821881719324932
1564,,0.0,0.42238919110856715,,0.0,-0.1326466126540673,-0.6337595941620952,-0.35844723816397095,-0.5573920031599467,-0.5294800296241329
1565,,0.0,-0.06984003029902083,,0.0,0.6236942844770508,0.43869660634228286,0.44753580062890413,0.655179195404009,0.530414335658695
1566,,0.0,0.7258941735707788,,0.0,0.47659591427831227,0.39921828354958216,0.5986612097680778,0.33956987997808324,0.3741518788655698
1567,,0.0,0.08424133492012673,,0.0,-0.194606851026018,-0.11631542813766631,-0.16697224819392611,-0.3964575218227637,-0.11154928948407045
1568,,0.0,0.24461935841148558,,1.0,-0.8893127751519713,-1.028151512966103,-0.9226737183411203,-0.7889191284472642,-0.754283579038125
1569,,0.0,-0.07958158188387927,,0.0,-0.13536927509221924,-0.0379093077133123,-0.07958158188387927,-0.18415450425744298,-0.13143672208114313
1570,,0.0,-0.8055970168426492,,0.0,-0.3131920811757578,-0.48979001341796025,-0.4492955643279095,-0.5830612420079203,-0.40951212572272444
1571,,0.0,-0.7944872666090168,,0.0,0.16325707546275317,-0.018044989837572342,0.22165640007005807,-0.0035692491536976375,0.29443603499979504
1572,,0.0,0.8712791548969617,,0.0,-1.3178054466786417,-1.0364482588363149,-1.5262389979904534,-1.0677130799092946,-1.0414382627608356
1573,,0.0,-0.916156730812758,,0.0,-1.4815341637943715,-1.115624525758706,-1.6696307575229126,-1.7415912289505189,-1.2426507369720068
1574,,0.0,-0.02443622587176401,,0.0,-0.7860863909957024,-0.8027376896199584,-0.8055970168426492,-0.7328121175592502,-0.5484226604090164
1575,,0.0,0.052866204376996864,,0.0,-0.7075643859128878,-0.5408621281436822,-0.5181936639681298,-0.636931958929235,-0.4849942837490093
1576,,0.0,-0.5025446677191764,,0.0,-0.7343787815336477,-0.7472372246686715,-0.9119580371512903,-0.9487529787623487,-0.7905915862895467
1577,,0.0,0.04755630719397687,,0.0,-0.830896891381753,-1.1292467615594408,-1.117941064971213,-1.2073926505977488,-0.9600616130275617
1578,,1.0,-0.6841275094183845,,1.0,0.39340985300489756,-0.03299364671542795,0.18837508805817407,-0.09696669828786525,-0.0067019159489097955
1579,,0.0,0.885503476195967,,0.0,-0.5996197721912881,-0.5976396501426486,-0.7944872666090168,-0.7480545630504842,-1.0336683470453631
1580,,0.0,0.44673710846548725,,0.0,0.6562181087922643,0.9023610218260331,0.8712791548969617,0.4423754305669894,1.0691399737843092
1581,,1.0,0.004177400605158177,,1.0,-1.1723683993666467,-1.152967181100339,-1.1386182360559007,-1.1008722256769996,-1.251026796641736
1582,,0.0,-0.2836872704911362,,0.0,-0.7939050407854122,-1.0672161094421067,-0.916156730812758,-0.8880336184439205,-0.8880593788948428
1583,,0.0,-0.5152190282197773,,1.0,-0.48431548054350376,-0.5417360756321696,-0.7586997036658327,-0.5243999664515349,-0.22263642158475316
1584,,0.0,0.08765620449171145,,1.0,-0.5484277494967933,-0.8958047510821037,-0.8024017929382262,-0.8322551751660116,-0.5223944201616622
1585,,0.0,-0.38372256013221806,,0.0,-0.4377674084235463,-0.5565315431818402,-0.610155840512371,-0.45634903194295207,-0.26720467370049406
1586,,0.0,0.568237076865392,,0.0,-0.41296915736552126,-0.5973371120132474,-0.6090132607293423,-0.6067239704727985,-0.26252078466381784
1587,,0.0,0.039135047665420995,,0.0,0.10384641905627158,0.11779016914477032,-0.02443622587176401,-0.027501415975050198,0.005097403069286006
1588,,0.0,0.0042801152467641405,,0.0,-0.5855481659442497,-1.1236567879306796,-0.8959453803041731,-0.9075031272054727,-0.6749705814307229
1589,,0.0,-0.7229855035891394,,0.0,-0.7277000330101153,-0.49137331915106885,-0.6646651257300363,-0.46113428161810466,-0.21672219131002698
1590,,0.0,-0.039766075176576,,0.0,-0.49101141279938915,-0.5830906639858637,-0.5507834566225451,-0.5000733155793271,-0.24668385862489872
1591,,0.0,0.015033886388482774,,0.0,-0.47756658346149816,-0.4797650846279721,-0.42736179241835737,-0.40604736738147346,-0.12579997049399774
1592,,0.0,-0.13166225260039643,,0.0,-0.13668933194724686,-0.268121602286529,0.052866204376996864,-0.060412301014450255,-0.08193649524863351
1593,,0.0,-0.035380810221818486,,1.0,-0.5678804865378974,-0.49633176724393596,-0.5025446677191764,-0.5709949010648064,-0.23342987435942145
1594,,0.0,-0.5460719889402305,,1.0,-0.5237234098655584,-1.0915789770136985,-0.9332982106055567,-0.7855761389704217,-0.6558549754411028
1595,,0.0,0.3035467172263564,,0.0,-0.6552737976974019,-0.4114060705989947,-0.3709229659174711,-0.43758389198976877,-0.24859434020237003
1596,,0.0,-0.5454657370302205,,0.0,-0.4403535916008542,-0.5702193723632044,-0.6162713721128752,-0.5193998713733105,-0.18195726650814106
1597,,1.0,-0.5095351009502318,,0.0,-0.5883744510790379,-0.33470777966538984,-0.5842419999962187,-0.3795005243121449,-0.15101521501259269
1598,,0.0,-0.29892749881633757,,0.0,-0.7206775123902521,-1.1482398111062182,-0.8764922711002313,-0.8473608711030931,-0.6386979624384421
1599,,0.0,-0.2851321633465588,,0.0,0.16303112246275797,-0.052988786258225805,0.04755630719397687,0.1414098594669006,-0.06509829159411866
1600,,1.0,-0.3459582879982587,,0.0,-0.38401467679691065,-0.7515240112777184,-0.6841275094183845,-0.739194734409567,-0.6129992785835725
1601,,0.0,-0.8968216245404075,,1.0,0.28648658919737274,0.4449877914261266,0.885503476195967,0.23009956214481614,0.6016843794661604
1602,,0.0,-0.4875255538818673,,0.0,-0.5475646559165903,-0.54223774450979,-0.4010820609859479,-0.6630435122756055,-0.1746289530535011
1603,,0.0,-0.27501965146242563,,0.0,-0.9387695015003155,-0.7109901283055097,-0.8863343503422796,-0.7256939785978317,-0.4557675267615497
1604,,1.0,0.2554399275699875,,0.0,-0.9386042529475687,-1.1230558548426068,-1.1128704780494834,-0.8676875485076868,-0.8999883266448713
1605,,0.0,-0.7909942395047698,,1.0,0.23438497161406488,0.37856444053966254,0.44673710846548725,0.35597997936382664,0.407517951742041
1606,,0.0,-1.5387606578912993,,1.0,0.030710783699953604,-0.7306323476996426,-0.2594814791229316,-0.5801406872884852,-0.06725589633321175
1607,,1.0,-0.34474653144732165,,0.0,-0.859895393941973,-0.717853959444635,-0.7011902663927834,-0.9127144192175353,-0.4398022763603087
1608,,1.0,0.06069088829568445,,1.0,-0.4956765439858488,-0.6341405325966448,-0.6351763719920377,-0.4494661630641707,-0.47804446100542214
1609,,1.0,0.7752925957751783,,0.0,-0.017889719653145824,-0.09377513175024291,0.004177400605158177,-0.2805708957733135,-0.045467025298054145
1610,,1.0,0.49145156199980894,,0.0,-0.16008717467195915,0.13602285313790125,-0.07348844407734077,-0.27488079130922344,-0.014632857864348231
1611,,1.0,-0.059177982246359284,,0.0,-0.06097366945269606,-0.49740794013239503,-0.10630206534396289,-0.39851374705478326,-0.1772084773342262
1612,,0.0,0.16836622729798129,,0.0,0.0029542582345592214,-0.8450104205469148,-0.3740746837190636,-0.7122292344566724,-0.16952552828994852
1613,,0.0,0.17583588058602442,,0.0,-0.7335871558881085,-0.8314838539044309,-0.6472160997486189,-0.6411654316082448,-0.3905722431749104
1614,,0.0,0.7632730279278168,,1.0,-0.6142114388375942,-0.6709808025992118,-0.4833070958383091,-0.8909008372141591,-0.4428118412853871
1615,,0.0,-0.34168672587807497,,0.0,-0.5814410747893344,-0.6635407573101854,-0.49333203673007464,-0.5787863088299523,-0.17068469657119817
1616,,1.0,-1.0911344159324994,,1.0,-0.9956091522865071,-1.2039124493344522,-0.9870558058705373,-0.8864294953001464,-0.9097002998772722
1617,,0.0,-0.9102294790615316,,0.0,-1.0281421420999988,-1.1348682337447225,-1.0300178294697089,-0.9701858081095316,-1.1394951220337464
1618,,0.0,-0.7368069680314197,,1.0,-0.6827044285691031,-0.7014403075068386,-0.6322779291920041,-0.8026114844259745,-0.6756171606008473
1619,,0.0,-0.7294705435494059,,0.0,-0.08301251466211741,-0.7607195385904458,-0.23057354862113913,-0.9038107350982637,-0.29523935154301156
1620,,0.0,-0.32133544775069184,,0.0,0.4148271673959939,0.4231526319739826,0.3236927590342334,0.035063536274884004,0.3660988555337367
1621,,1.0,-0.1327478345965253,,0.0,0.3298387437537315,0.19582788444879998,0.3865371428112289,-0.013965305847972181,0.2804938516013361
1622,,1.0,-0.20818060206476877,,0.0,0.0626719047522842,-0.04930449853402549,0.08733119594499957,-0.09527350586229295,0.36301221864181193
1623,,0.0,-0.6582566164164882,,0.0,0.16128812260463288,0.13030398918341493,0.0461595102194426,0.11260191507021274,0.3434828410424532
1624,,1.0,-0.15609037998173705,,0.0,-0.2696770001319857,-0.41075781132605926,-0.2439873200716691,-0.4973351248554808,-0.5604236966821629
1625,,0.0,0.3853124914168752,,0.0,0.203430749477887,0.04651347945942808,-0.028756890734830506,0.03197309624987964,0.2116153531226503
1626,,0.0,-0.4987304074676759,,0.0,-0.5369013664526114,-0.3006187317831547,-0.5550832705328814,-0.30167753285510296,-0.44429743786458376
1627,,0.0,0.4503478923165619,,0.0,-0.2879799185499947,-0.22386859196536882,-0.2836872704911362,-0.48400868881363157,-0.4236555930529062
1628,,1.0,-0.12315780353115707,,0.0,-0.07442315136230448,-0.3270382316580008,-0.4073742614194542,-0.28841560947031986,0.01642249382153666
1629,,1.0,-0.4216832135162963,,0.0,-0.5879766678726536,-0.7243922673612575,-0.5152190282197773,-0.6183635322036747,-0.4329869844004117
1630,,1.0,-0.3906046190128149,,0.0,-0.1785733381436706,-0.5686539643914054,-0.4309818900273017,-0.6571529560930177,-0.3345921948189392
1631,,1.0,-0.8160237105637508,,0.0,0.09221114395737941,0.021724216054777576,0.08765620449171145,-0.03136921973138482,0.010378295145662889
1632,,1.0,-0.920701038004658,,0.0,0.07111264202588508,-0.15284757009172328,-0.09835506300409569,-0.1748356391628386,-0.09541276286182664
1633,,0.0,-1.7046898108801352,,0.0,-0.518659000353141,-0.6067154360768403,-0.4033284656699902,-0.2947194852253715,-0.3331755090164205
1634,,0.0,-0.0672606213029493,,0.0,-0.5887532128558042,-0.6437759530969939,-0.7633269380037887,-0.7262302338788669,-0.7191213679133573
1635,,0.0,-0.5421363522872094,,0.0,-0.37397887987102646,-0.3743713734499239,-0.38372256013221806,-0.39942158181264886,-0.366042477836872
1636,,0.0,-0.9070444534083094,,0.0,-0.33686341220765936,-0.28480978380565236,-0.28266308673340984,-0.3994728894651464,-0.24694292211404087
1637,,0.0,-0.08015653259600908,,0.0,-0.054657526865691,-0.06123319890947059,-0.12005552568151863,-0.1632970188091458,-0.16940335478163918
1638,,0.0,0.747376794076587,,0.0,0.5331287681778099,0.46873394161371,0.39339195029595986,0.38110332437025746,0.26458432110058255
1639,,1.0,0.741533262803048,,0.0,0.5385389536071217,0.22339367461002957,0.005285738010067078,0.09741306477474172,0.30001985788000385
1640,,0.0,-0.34291624625475464,,0.0,-1.1312962406784297,-1.0953052727120662,-1.3071758919208492,-1.2624566796428078,-0.8771111082332913
1641,,0.0,0.038919807018105164,,1.0,-0.11217093729963332,-0.24571115273351635,-0.14192505359288754,-0.30594772721656255,0.002861115852643168
1642,,1.0,0.7993281375347293,,0.0,0.37315468425448955,0.3792040837926136,0.3487103664511612,0.01952069205322564,0.5915333483364384
1643,,0.0,-0.054981594566765185,,0.0,0.21899750403956372,-0.01886018665519824,0.19936240570125943,0.08294715776170078,0.4641377899776256
1644,,1.0,0.8268369753674035,,0.0,0.4517402452449258,0.6690807600775709,0.5392999564574278,0.21505883448599458,0.7194412174814756
1645,,0.0,-0.592014785172942,,1.0,-0.9519170750970737,-0.935345013179371,-1.0245316583069448,-0.7714390215416118,-1.0319834460738633
1646,,0.0,-0.6113602680048377,,1.0,1.0195520971955478,0.8686545322550564,0.7719289672348654,0.8948186342573217,0.8523177483636102
1647,,1.0,0.31236703741706745,,0.0,-0.5721495181766975,-0.6853162632858387,-0.5884605867656066,-0.7545875606211476,-0.253618895677562
1648,,0.0,0.4665779958576212,,1.0,-0.35859434727335116,-0.18211943103622633,-0.3378202161961685,-0.6077910102232664,-0.34641621907613923
1649,,0.0,0.3716383020176565,,0.0,0.7613091724701043,0.8909349334401696,0.568237076865392,0.7162115481373716,0.9511033198430175
1650,,0.0,-0.6032953181580915,,1.0,0.2788815369893575,0.6092914665608775,0.31080781708898764,0.4208932075302072,0.6234236207587645
1651,,0.0,-0.3050885146226461,,0.0,0.3946522106560748,0.5515087726492455,0.6710834052259901,0.3334376918766309,0.5459654295368032
1652,,0.0,-0.7515840748073135,,1.0,0.47177359614093894,0.33361393061750544,0.37134526095746967,0.36068287206997657,0.5028936922741247
1653,,0.0,-0.12019130733630785,,0.0,0.39454340141384636,-0.9413439579679033,0.4209413184754617,0.23362228360032633,0.3055090681919051
1654,,0.0,0.19535431599127984,,0.0,-0.12314174384476385,-0.1552256272517638,-0.2578868369190928,-0.34310217174848734,-0.21642171926098086
1655,,0.0,-0.9551819907823301,,0.0,0.11715540169586963,0.028084355692354963,0.039135047665420995,0.08726870031277965,0.26444037637198553
1656,,0.0,-0.9943362712952336,,0.0,0.0452613326003633,0.49602355312241103,0.3420441076167809,0.5897705748733602,0.36279066185386316
1657,,0.0,-0.6602940724361429,,0.0,-0.05615233541848131,0.3184345870367598,-0.08663669386502228,-0.1721317702769757,0.014098773918183293
1658,,0.0,-0.9298288540172909,,1.0,-0.1453813736429257,-0.14778243303439864,-0.35036513743158904,-0.2704381239688334,-0.23126344893358788
1659,,0.0,-0.9452971968787885,,1.0,-0.31709096614391935,-0.22420389382062036,-0.39723917283397786,-0.3263339533248647,-0.2125838521253553
1660,,0.0,-0.6682051177379716,,0.0,0.41311188730849246,0.37604478578174233,0.1773298908376762,0.3071588518996924,0.15607667167406178
1661,,0.0,-0.41275742995764125,,0.0,0.21339529472635418,0.00415353149320449,0.3067793082887678,0.11656259124204266,0.2946189853058891
1662,,0.0,-0.0024847798751017587,,0.0,-0.18799195612689917,-0.07055039738392391,-0.11015196513269743,0.005590879798518669,-0.2248793447313163
1663,,0.0,-0.7791738248997252,,0.0,-0.0330551750885868,0.03220879302087755,0.0042801152467641405,0.2072789623269164,0.06551522851120099
1664,,0.0,0.8059181447538492,,1.0,0.5033409427593145,0.39079660392302223,0.328824453432087,0.6002417510787637,0.4629022539129303
1665,,0.0,0.8244860902726295,,0.0,-0.27872476913217675,-0.5821947905951522,-0.7229855035891394,-0.8823891299171115,-0.5022515976883216
1666,,1.0,-0.692798810940818,,1.0,-0.4381651780432255,-0.7879536443419861,-0.7493241304606599,-0.9785997669028635,-0.7916777029200177
1667,,0.0,-0.6352613270094094,,1.0,-1.296230436663767,-1.48857200085515,-1.3267293869209476,-1.3311683926148368,-1.274149624191681
1668,,0.0,0.5620981881766769,,0.0,0.2769100737841939,0.5333774586578177,0.26414362806722147,0.30800272428473996,0.4790265540790696
1669,,0.0,-0.7873413338859031,,0.0,-0.27325096224515144,-0.36934268786348484,-0.2584896908725675,-0.190871747527804,-0.24265056224652665
1670,,0.0,-0.39871497960354524,,0.0,0.045179806084295955,0.06239619980555327,0.02121098180260412,0.25982293603505,-0.062214185352249464
1671,,0.0,-0.8411480305464843,,0.0,-0.2423827048448731,-0.07857126352009983,-0.039766075176576,0.29400644818709826,-0.04243957455325124
1672,,0.0,-0.42440540275115984,,0.0,0.0563257792957997,-0.03509644170352659,-0.2325833321816857,-0.06881647143308155,0.020537109208914626
1673,,0.0,-0.6641289499574596,,0.0,-0.6372066023852659,-0.6376600710853066,-0.6664511382649914,-1.0399032289379917,-0.8319581494997147
1674,,0.0,-0.1711230242704029,,1.0,-0.4627879911604857,-0.4648254789553549,-0.6101746904441676,-0.5861560982264454,-0.4915568549587319
1675,,0.0,-0.45818650020529683,,0.0,-0.12608234781389768,-0.010484947349281742,0.015033886388482774,0.2042758181326926,0.22932514790083106
1676,,0.0,-0.9414241146355774,,0.0,0.09527703841282294,0.41616873924841413,0.2144979142001513,0.14098205863943972,0.4916012782710348
1677,,0.0,0.387541239473637,,0.0,-0.17356791487221976,-0.1170639659149684,-0.13166225260039643,-0.06129205385354739,0.09524574231415793
1678,,0.0,-0.7000346726144441,,1.0,-0.06400211527816423,0.005934307363477861,-0.08290208262027102,-0.007209887564215928,0.007633957435595542
1679,,0.0,-1.6971883583117364,,1.0,0.2431162845053128,0.10472298315842796,0.15100053559596138,0.037063262037949365,0.3015813542506939
1680,,0.0,-0.5911991969856966,,0.0,-0.08754143391397866,-0.021577745277039827,0.14986017149254827,0.023422905466742895,-0.03570298914413546
1681,,1.0,-1.0290407883664565,,0.0,-0.1866892749795492,-0.04411943176384017,-0.035380810221818486,-0.3520751576531637,-0.006486171617352137
1682,,1.0,0.003019053618982175,,0.0,0.24397766829596407,0.1448900259884241,0.348013103995645,0.011344583224825155,0.3677084499122443
1683,,1.0,-1.0196387546788959,,1.0,-1.0929136512039577,-1.240385933584521,-1.0630926688588067,-1.415529403040151,-1.2546045882648782
1684,,1.0,0.18419800082205356,,1.0,-1.341528508353275,-1.3705497349210114,-1.3657075932648155,-1.5743325837908844,-1.2816162101330892
1685,,1.0,0.20103060547374726,,1.0,-1.1866904141258212,-1.2876283666193233,-1.2202862376213768,-1.055684687657378,-1.3114668665170095
1686,,0.0,-1.0337260230886622,,1.0,-1.1453217276844267,-1.2646321428657847,-1.235167366142635,-1.3747781831052277,-1.187256055148462
1687,,1.0,-1.2849537325688152,,1.0,0.8913719788299487,0.5986347004375484,0.8958046796514151,0.1896344050330324,0.5546165058923926
1688,,0.0,-0.3924058994065758,,0.0,0.9153544542110109,0.6588740716839152,0.6191100984022173,0.48502693403800984,0.7284784457010757
1689,,0.0,-0.2731065807157785,,0.0,0.2972643712211221,-0.0008354119656272029,0.19552848895251093,-0.014255749185962395,0.3364546958407277
1690,,0.0,-0.7641594073887248,,0.0,0.5675180192878887,0.363724351592481,0.5696246658701957,-0.08868736987125,0.2979529776152971
1691,,0.0,-0.6018390057912747,,0.0,0.29981720232740694,0.21163393694266452,0.3032473938438627,0.12655857735298412,0.11461303581049888
1692,,1.0,-0.1181521405881622,,0.0,-0.23034856212968546,-0.07069084988457239,-0.12325524148540358,-0.07231873085405024,0.029591326665151744
1693,,0.0,0.1281979281560995,,0.0,0.11357316384837612,0.08612373496885244,0.1449069992946139,0.15865437304284263,0.19467011721648836
1694,,1.0,-0.2725933867006541,,0.0,-0.648610565301981,-0.5496191669797829,-0.5460719889402305,-0.47872694044118547,-0.5901312199746035
1695,,0.0,-0.36168231918097454,,0.0,0.589425192725389,0.20120840709005658,0.3035467172263564,0.14893482319822202,0.22108646143754143
1696,,0.0,-1.1332253460441013,,1.0,0.011770820591917459,-0.12333775090675154,-0.04786976581692564,-0.18034025538025314,0.09501858281725699
1697,,1.0,-0.8180626166891651,,1.0,-0.04223589264767661,-0.1878621821252316,-0.19769056825675427,-0.1504439658886255,-0.26866684097374255
1698,,0.0,-0.14926823443245596,,1.0,0.36714258307043307,0.19742423301347087,0.31997086344308623,-0.09849561998298763,0.3143082152485499
1699,,0.0,-0.7562353083032112,,1.0,0.09610740733232423,0.15147730722922736,0.11962016949514448,0.042226819883346346,0.02425652745014521
1700,,0.0,-0.5699958141321273,,0.0,0.7309145860627688,0.43183317614549865,0.48894064079019955,0.5264372713293598,0.6970573047530724
1701,,0.0,-0.09995688279353844,,1.0,0.21650138497272142,0.16856293345746956,0.14942250496526094,0.012676041482881926,0.12088699902893608
1702,,0.0,-0.36326157086728467,,1.0,0.35321598081139083,0.34123131201175166,0.41951758427215846,0.3882828786082407,0.2341831278556553
1703,,0.0,-0.3078940547201071,,0.0,0.3208911391019069,0.1901536186169959,0.17898660412491582,0.26296356343465616,-0.02150407649164809
1704,,0.0,-0.5009869931769533,,1.0,0.4348353197648249,0.24239668176256138,0.1693272025495841,0.41438309380693883,-0.013466353438763366
1705,,0.0,0.045788507867930754,,1.0,-0.16560472216605468,0.03927474169789104,-0.13485578990126137,0.05957419985429676,0.032158292963868046
1706,,0.0,0.03971321473264889,,1.0,0.7758477251608265,0.6828855281564915,0.5875667917793823,0.639886189017769,0.9929613663619167
1707,,0.0,-0.3901752051726279,,0.0,-0.030838431889378258,-0.08751768398874592,-0.21363702949066735,-0.35525207937050374,-0.021746258994531042
1708,,0.0,-0.2109451664214654,,0.0,-0.544950434863614,-0.4933826108973828,-0.5454657370302205,-0.7028281671938394,-0.34402895263449407
1709,,0.0,-0.9364487951707242,,1.0,0.07105844850094392,-0.01457009457893251,0.04873530768678911,-0.08634249637850971,0.022940900331662274
1710,,0.0,-0.01898449652625828,,0.0,0.2995375653297561,0.12341546305856924,0.6066241457482379,0.36287510314854987,0.4780562679354156
1711,,0.0,-0.6848709233980832,,0.0,-0.7940234594054363,-0.7861327942752183,-0.7039115978783885,-0.7921317070597388,-0.4908147939785354
1712,,0.0,-0.15219215951385898,,0.0,-0.6933127200390693,-0.7199619700009086,-0.5095351009502318,-0.5013115029373312,-0.6995795093059055
1713,,0.0,-1.071721354311089,,0.0,-0.45542152685089143,-0.2493580420608667,-0.34277418909733615,-0.37481992806411124,-0.15988048225887114
1714,,0.0,-0.24224325211609102,,1.0,-0.13407899741016088,-0.169216523307723,-0.29892749881633757,-0.23688629369320818,-0.09069350911633257
1715,,0.0,-0.8571214208964834,,0.0,0.17897979125840868,0.07181418009117407,-0.0015782250174674007,0.1354359016234484,0.2805697029410157
1716,,0.0,0.03306938071502081,,0.0,-0.05685351999072269,-0.10485448851930566,-0.03833525539532211,-0.06930171485271963,0.159715723562531
1717,,0.0,-1.1239939505451755,,0.0,-0.029196878584672365,-0.06006957014184229,-0.10435798258111724,-0.009796982273941558,-0.19766541469342258
1718,,0.0,-0.26268190764792493,,1.0,-0.19860694427097758,0.0055173089842892094,0.18674883562997502,0.007061013205400387,-0.0648157208255977
1719,,0.0,0.5276372915034545,,0.0,-0.2777232704480213,-0.18589978837507518,-0.2851321633465588,-0.30051361229981455,-0.3687131792479093
1720,,0.0,-0.3950907466940887,,0.0,-0.32576141937544756,-0.40673434049665275,-0.3269501889409059,-0.6019514079861501,-0.2073244280486986
1721,,0.0,-0.05829121900354879,,0.0,-0.46659030694847775,-0.24763008227507918,-0.3459582879982587,-0.3932911472681506,-0.10998264985468903
1722,,0.0,0.11580809997046226,,0.0,0.15743537546623768,0.057421136394793196,0.19368039199392068,-0.18265368878920588,0.20422574737566443
1723,,0.0,-0.6109075443030538,,1.0,-0.27767171346552033,-0.21291157813109807,-0.3182972332755037,-0.37563863292194727,-0.20165863907017373
1724,,0.0,0.017760500649025575,,1.0,-0.5497195554925934,-0.15436457497834616,-0.24975575403099323,-0.36114994614677276,-0.4266319290673167
1725,,0.0,-1.264965155648598,,1.0,0.2577816577512927,0.31945428745867976,0.1556730592655292,-0.09396201095219399,0.3526467838691006
1726,,1.0,-0.5181550518165928,,1.0,-0.8170481256545207,-0.930275755207035,-0.8968216245404075,-0.9558490736629772,-0.7974801165931733
1727,,0.0,0.2342587863220036,,1.0,-0.31759662116966964,0.046388646666979144,-0.2847050957443599,-0.28937422391646644,-0.36624646129880833
1728,,0.0,-0.5197344399876004,,1.0,-0.08289731192000852,-0.12900516099377896,-0.24230082768266928,-0.15173937533306509,0.03039643280679123
1729,,0.0,-0.24771843713148117,,1.0,-0.4767695214545746,-0.3260871607625487,-0.4875255538818673,-0.4770000334389562,-0.5870263178898816
1730,,0.0,-0.49288189315987097,,1.0,-0.5407896351159949,-0.5946972779145503,-0.27501965146242563,-0.4916260324191555,-0.6029188632015546
1731,,1.0,-1.4769277062774584,,1.0,-1.1803317885266729,-1.1406094354571827,-0.940125276902194,-1.0245306895946888,-0.9695670820906365
1732,,0.0,-0.9465914871725326,,1.0,-0.5316340085095184,-0.571330888274638,-0.6720057933119746,-0.6386511550473739,-0.6703975614176579
1733,,1.0,-0.18149538185375994,,1.0,-0.6131057991536649,-0.357793589685039,-0.5295179768218478,-0.6117450358604807,-0.5080069852090362
1734,,0.0,0.008180290254000905,,1.0,-0.3240870401678058,-0.3711415139397896,-0.45424009224975614,-0.569860078484293,-0.40357134106868137
1735,,0.0,0.5682274406368955,,0.0,-0.943793695977658,-0.6750540946745719,-0.7816634749867434,-0.6561009256558945,-0.5899026403951431
1736,,0.0,-0.032829449234386805,,1.0,0.12841495722221186,0.13250003815270656,0.2038434527991256,0.19730606884341503,0.14117092669011702
1737,,0.0,-0.658105021823746,,1.0,0.6319240437665553,0.43109696429915856,0.3925971786257562,0.014234346122818688,0.517865592768404
1738,,0.0,-0.49750255341131633,,1.0,-0.3191458484620002,-0.1697206282554479,-0.240579739229835,-0.39950678835951536,-0.26467047276909383
1739,,0.0,0.45167801697122073,,1.0,0.24542385810310882,-0.0069640195621144835,0.2554399275699875,-0.4279748149484514,0.30516903278191454
1740,,0.0,-0.6849377247427814,,0.0,0.6739520596409537,0.7701715612071326,0.6858205196041288,0.6967003298992293,0.5022984149588022
1741,,1.0,-0.14320960340969474,,1.0,-1.4655164919633186,-0.9820209262696338,-1.0002153346481106,-0.8385550180614052,-0.9240753540540054
1742,,1.0,0.7842933883084351,,0.0,-0.30849136421512896,-0.7378453869988906,-0.8736459437441499,-0.7708620485959919,-0.6269991435419043
1743,,0.0,0.9076659527903946,,1.0,-0.3978127229113476,-0.7298111479725757,-0.654114928616811,-0.8126862829153583,-0.5805197962217505
1744,,1.0,-0.7995602783785211,,1.0,-0.24339238478006128,-0.36590889783309855,-0.4022695723643404,-0.5701201051134324,-0.14341351438204966
1745,,1.0,-0.9803635346260199,,0.0,0.6486506906381986,0.39780523596299666,0.5698367322916449,0.45736242683542633,0.5552845603009481
1746,,0.0,-0.8373915444254206,,1.0,-0.8252802705491045,-1.056089022849446,-0.8506567832124752,-0.8889935241897363,-0.33617653412105164
1747,,1.0,-1.0864125400453333,,1.0,-0.6933822632386892,-0.663840023972975,-0.5122813184292804,-0.6827990709045753,-0.3109349086850781
1748,,0.0,0.0006096952939444518,,1.0,-0.37381505935830384,-0.2905760987510544,-0.5663501732930682,-0.445718446079765,-0.5023226944892482
1749,,0.0,-0.7490505592746581,,1.0,-0.06712293643174515,-0.08902821865354416,-0.009055899035544107,-0.17992739981686007,0.1237317470348387
1750,,1.0,-1.1990254204350077,,1.0,-0.8841760582939527,-1.0080039386715116,-0.7909942395047698,-0.7031337551179794,-0.55315222673152
1751,,1.0,-0.7801497139924669,,1.0,-1.7260209529317792,-1.1861292220091137,-1.8802558020448337,-1.8607845841810953,-1.7742866731881521
1752,,1.0,0.12984004206605576,,1.0,-1.202251956471008,-1.3171280093517916,-1.5387606578912993,-1.40265147669252,-1.0363794769477688
1753,,0.0,-1.1132318871877496,,1.0,-0.9640679783073623,-1.0564220689458153,-1.0116961233332182,-1.112657740613289,-1.03078635816639
1754,,0.0,0.09391736155698395,,1.0,-1.1732274559953226,-0.9939615850231119,-1.1482764625823976,-1.0170800722706979,-0.9586167763646135
1755,,0.0,-1.652598106544015,,1.0,-1.2210139824693018,-0.7899082280322084,-0.9039135941199091,-1.1546969377989336,-0.8106654698595512
1756,,1.0,-1.3176850712421462,,1.0,-0.8025664837021823,-0.9554271870683018,-0.8396855001032966,-0.9521324548225024,-0.728684092218311
1757,,1.0,-1.00318545837804,,1.0,-1.4013261496824203,-1.0971335091567276,-1.3673049953885463,-1.2046648410725362,-1.42662644149623
1758,,0.0,-0.8703712647934098,,1.0,-1.5835651731406943,-1.153668619537319,-1.460324430066052,-1.2958541714226748,-1.3971872697720462
1759,,0.0,-1.845822200861961,,1.0,-0.8798781836690096,-0.625940887924004,-0.9059895322840469,-0.9628470037460541,-0.9099560484295489
1760,,0.0,-0.41309951845738035,,1.0,0.6569281020655187,0.7873014972752382,0.5581288290616172,0.8030182501518889,0.4341267245559244
1761,,0.0,-0.20985349474084322,,1.0,-0.13298691052678596,0.1267298022225726,-0.4473410383226539,-0.05701452279503149,0.12321151050895451
1762,,0.0,-1.2736045465362522,,0.0,-0.15154704125565707,-0.42559564077970274,-0.34474653144732165,-0.029292043410418557,-0.2868029269764922
1763,,1.0,0.34245338530539543,,1.0,-0.052812477054929745,-0.046519694697566935,0.06069088829568445,-0.14439704803145917,-0.03658928932781257
1764,,0.0,-1.259500670244815,,1.0,-0.6663849654290116,-0.6490525716153126,-0.47233717721985524,-0.5761062871162671,-0.5844201405772051
1765,,0.0,0.10766554494541933,,0.0,-0.08449976758010663,-0.39628425046611815,-0.3226937024621005,-0.5405533370008592,-0.22888341544024676
1766,,1.0,-1.208250679823345,,1.0,-0.6604988216881847,-0.5030811461498744,-0.6337029890139315,-0.3938917028480405,-0.19577812588084875
1767,,1.0,0.6778516706585898,,1.0,-1.0633150122026913,-1.016028053223393,-1.133380442156603,-1.0658185376112563,-0.9483081204850206
1768,,0.0,-1.0291575011432519,,1.0,-0.4396575465045593,-0.9464915248932884,-0.5896270360438847,-0.43387743940448753,-0.4236668831697815
1769,,0.0,0.23643839200915612,,1.0,0.08299509084452869,-0.16649396665673313,-0.1843334880302229,0.007217982811533685,-0.2890851867601116
1770,,0.0,-0.09100658041915753,,1.0,-0.14760210903040882,0.06911074675842506,-0.1541423303779287,-0.07621474669909542,-0.08410032177796305
1771,,0.0,-0.046948672835623366,,1.0,-0.5922314546635847,-0.9150292656904142,-0.727508984368883,-0.9139205489494299,-0.732284561167319
1772,,0.0,-0.9324801673372907,,0.0,0.7534515972231516,0.226634186908629,0.669552238694811,0.6671766516967867,0.8094786724906776
1773,,0.0,0.18671911989870638,,1.0,-0.2983394899481708,-0.2640757882980268,-0.3414157432978323,-0.20789197711622037,-0.30256552255825575
1774,,0.0,0.5116773662563787,,1.0,0.5065334158101218,0.3479715058500756,0.7752925957751783,0.5553798496134192,0.7592550069419312
1775,,0.0,-0.8728032651013031,,1.0,0.42240728912905146,0.7026827562753645,0.49145156199980894,0.32118048902612034,0.44598577703518205
1776,,0.0,-1.5960619230114172,,1.0,-0.2528613384615819,-0.17272782245312637,-0.2601218490668599,-0.061942470708787896,-0.10243033144796228
1777,,0.0,-0.15451279355625,,1.0,0.0029872038381362266,0.024942946148943032,0.025509961352723813,-0.04687845614107562,0.01306636481295347
1778,,0.0,0.13146725500762474,,1.0,0.24650795204733217,0.03988477840902397,-0.02209846863971117,0.15185016040146543,0.04111980209267654
1779,,0.0,-0.512746773756525,,1.0,0.4541922820641718,0.40939997858237004,0.6243231315716687,0.5123346717326827,0.6286101258019168
1780,,0.0,-0.5749121779706368,,1.0,0.33435036165820164,0.2915768226250193,0.4167750104219663,0.3490615604406726,0.47334093357187496
1781,,0.0,-0.5827997788149223,,1.0,0.707399061797899,0.31990876450174416,0.5501712682871288,0.6246251755519944,0.6742009707084661
1782,,0.0,-1.188415004430504,,1.0,0.27660741722689686,0.23509136776323067,0.17806330933428324,0.30165691623980306,0.2894022319180758
1783,,0.0,-1.358802754882214,,1.0,0.16309060761134886,0.1525593822393049,-0.059177982246359284,0.016746550359646256,0.001844706445217675
1784,,0.0,-0.9557536109412484,,1.0,-0.010805289725621572,0.0965246299930942,-0.2264517218168163,-0.04873448149240665,-0.04871441581377561
1785,,0.0,-0.5463833664818669,,1.0,0.24100468451515505,0.35913562969075175,0.17905013006697929,0.5469130296455742,0.4798457996940611
1786,,0.0,-0.8511034753894652,,1.0,-0.8311665405715615,-0.7716449070166428,-0.824699392635656,-0.9097239911612693,-1.0618966625328923
1787,,0.0,-1.1101990156841344,,0.0,0.0021596332767104616,0.1023283751428758,0.07580350943434325,0.008786127448235622,0.0007005005299223557
1788,,0.0,-0.8886071290931523,,1.0,0.131415730511991,0.37539585626041716,0.16836622729798129,0.17063150034161656,0.1399109192303165
1789,,0.0,0.6649778095535976,,1.0,0.22837727506910285,-0.03939976837333144,0.17583588058602442,-0.19000386281063736,0.23746431137131088
1790,,0.0,-0.4530531344535047,,1.0,0.7480534804615022,0.5413423043702535,0.6421518839735426,0.5199321035643456,0.5226201346944084
1791,,1.0,-0.719804089339848,,0.0,0.7754104055900806,0.5275423906008133,0.7632730279278168,0.48163134903964244,0.6964916996783052
1792,,1.0,-0.6529921609775635,,1.0,-0.19117093543275165,-0.39153199126724725,-0.5397924308225945,-0.6237940187949814,-0.6588408496962919
1793,,1.0,-0.7432610637931163,,1.0,-0.06314672032298274,0.0066095734176267375,-0.2626406630307409,-0.016511258952693463,-0.2775412116108957
1794,,0.0,-0.6610723249853051,,1.0,-0.44801824465937806,-0.6033257349162922,-0.8025540363032806,-0.7358435062491496,-0.7861427159112604
1795,,0.0,0.44709971563857215,,1.0,0.6445262450968211,0.5444183735078935,0.49122784217514925,0.4524624951140012,0.5048188384184714
1796,,0.0,0.5952741459737951,,1.0,0.18603043594801671,0.21485271443379717,0.13849917448677682,0.2083333758520328,0.20577270895129182
1797,,0.0,-1.0891345948383777,,1.0,-0.06306176753699017,-0.1016219164355077,-0.32629106019624066,-0.08964561233584879,-0.13753728717426264
1798,,0.0,-0.8089609592992023,,1.0,0.4737475663686142,0.3908394325148768,0.5038598459048508,0.37763119467254463,0.5847402753617797
1799,,1.0,-0.7438015310603227,,1.0,0.18459616493432163,0.20140856739373555,0.022335616833563773,0.048199397407468966,0.2422463553901286
1800,,0.0,-0.7838140710711328,,1.0,0.024341917565686596,-0.12055452283344585,-0.35041061080089114,-0.33034318149655434,-0.09824887532278505
1801,,1.0,-0.2595584263292404,,1.0,0.16158909804832167,0.05856527995211104,-0.09078979904116184,0.07516057195108837,0.045965544037064134
1802,,1.0,0.06773706949908258,,1.0,0.14676471276312092,-0.06261697090811116,0.18430036221532922,-0.05334391729247189,0.04260494435597882
1803,,0.0,-0.33411421311233774,,1.0,-0.09411999693194918,-0.04608523621328789,-0.4930142058906071,-0.2099977164075912,-0.36934107146095363
1804,,0.0,-0.8342906208365822,,0.0,0.2506422771206941,0.20464372793037164,0.2606327720232415,0.1213678251829752,0.36191053174951354
1805,,0.0,-0.9734230109806193,,1.0,-0.4360432184261494,-0.7663850490897106,-0.4146032937937004,-0.5911600280075879,-0.5204421256444683
1806,,0.0,0.3847133224242349,,1.0,-0.026348479129462418,-0.02166834599990395,-0.16981645203831752,-0.4273895696131683,0.11601320212805596
1807,,0.0,-0.765593714763702,,1.0,0.17650739634390383,0.15903980848635027,0.17442801034240218,-0.08848965813284587,0.12599591337797073
1808,,0.0,-0.48163430144912023,,1.0,-0.3633005133215872,-0.5774221966905503,-0.786597839722652,-0.4345833209074908,-0.521422929755075
1809,,0.0,-0.8825487484669557,,1.0,-0.4022762585438073,-0.19822807497619854,-0.4366896936346707,-0.17674351966722707,-0.3414129462650326
1810,,0.0,-0.7327309327785251,,1.0,-0.033444685696365516,-0.012706114773586352,-0.32836356867786537,0.03141675380831746,-0.18891815410713825
1811,,0.0,-0.8645218411441609,,1.0,-0.28259245183408704,-0.3322362802936681,-0.34168672587807497,-0.8238345866413205,-0.31808042277265614
1812,,1.0,-0.7479634774883118,,1.0,-0.905877675162062,-0.8399416644291088,-1.0911344159324994,-1.0768225413446533,-1.0337072478840095
1813,,0.0,-1.0943087067013926,,1.0,-0.8970075609109388,-0.7018399880074911,-0.8092002849613523,-0.8351521413303674,-0.7834037654807842
1814,,0.0,-1.1214543678029276,,1.0,-0.6513167672402933,-0.28054784929720794,-0.9102294790615316,-0.6369447166158209,-0.9237057606366105
1815,,1.0,-0.39605858793495863,,1.0,-0.5190353192680188,-0.492350431281722,-0.7368069680314197,-0.48953296688182,-0.6083925930289344
1816,,0.0,0.22682720894682049,,1.0,-0.1267458359812137,0.08126128177549606,-0.08626659746530639,-0.293521938789066,-0.19247644395997776
1817,,0.0,0.20607651382681239,,1.0,-1.1989235116384587,-1.2388712057955547,-1.3187340389851583,-1.135391729733189,-1.1805827455627642
1818,,0.0,-0.7930147591690431,,1.0,-0.6397638238039105,-0.6369407258275904,-0.9219802401726602,-0.7564569485328604,-0.7356720171520426
1819,,0.0,-0.7606955433698155,,1.0,-0.5494466058373044,-0.5524463208912739,-0.6002738468679919,-0.4990899973147602,-0.5989151386433743
1820,,1.0,-1.0022536963614734,,1.0,-0.5953218183032737,-0.35857452040735854,-0.5695189679492191,-0.9188333665854994,-0.5808022796252196
1821,,0.0,-0.36037141845574244,,1.0,-0.6845811108622246,-0.7203710525463842,-0.7294705435494059,-0.6317638424682417,-0.5220652316100443
1822,,0.0,-1.3858813416307212,,1.0,0.23932640878854872,0.11167790691718461,0.21854837459187576,0.1066385023793487,0.4295084013239617
1823,,0.0,-0.7193098795436799,,0.0,0.5682983146344104,-0.37476325989772324,0.2001154721132849,-0.18283650318623387,0.183195098201881
1824,,0.0,-0.33296670864013483,,1.0,0.028687453981882074,0.049883755703117406,-0.0432326312818706,0.05994758731638805,0.181992358273766
1825,,0.0,-0.15647616297640735,,1.0,0.37084282594163903,0.40040458439639226,0.2562884142713739,0.28780051805005763,0.32202942685346436
1826,,0.0,0.5699446917445968,,0.0,-0.23692699835942493,-0.23399008693470003,-0.10911451155407005,-0.22257627127798035,-0.1876616106293048
1827,,0.0,-0.32505179540636164,,0.0,-0.3161852548065955,-0.3154850256551303,-0.31296961083538527,-0.1517711718259501,-0.2232548962195565
1828,,0.0,-0.5745184073112604,,0.0,0.2945548511066171,0.31906558436201715,0.24794141320411672,0.25245613188509847,0.26425950646630264
1829,,0.0,-0.44251448940300403,,1.0,-0.29841099853678765,-0.3519726566791028,-0.32133544775069184,-0.48506074657327297,-0.5051612928836513
1830,,0.0,-1.2536166015504953,,0.0,-0.26343388015754454,-0.1571008444873808,-0.2046064240426786,-0.21146343612730273,-0.24258826922955945
1831,,0.0,-1.0916028612894801,,1.0,0.049621517080280175,-0.01717046214439879,0.06337377800927269,0.007639667063283979,-0.1420981464408528
1832,,0.0,-0.3187469449922056,,0.0,-0.5933827584791859,-0.4940610964696349,-0.8328010107120876,-0.7567768740513097,-0.5306742318496454
1833,,0.0,-0.9653450599655421,,1.0,-0.08080980572798725,-0.01089345134409027,-0.29932464200206693,-0.042768906467568465,-0.2216991515432216
1834,,0.0,0.48837306538810615,,0.0,-0.10923598529970693,0.10314724667750524,-0.1327478345965253,-0.10766401596365065,-0.019151524380840574
1835,,0.0,-0.7791107063687837,,1.0,0.06631263022425599,0.013330085889989983,0.06284113563823866,-0.0009404215669805268,-0.3253978314915283
1836,,0.0,0.13744627622640482,,0.0,-0.44781092019631136,-0.23335252566525114,-0.28532090278725475,-0.5112961418318793,-0.6580423581293006
1837,,0.0,0.16311554175427706,,0.0,-0.06459000519662227,-0.012309881471765477,-0.2093776463554019,-0.3764502566458433,-0.28166971035152066
1838,,0.0,-0.3117977380834449,,0.0,0.015520705728163975,0.06381639549159787,-0.031009938277034788,-0.020321046316274148,-0.14910459501801412
1839,,0.0,-0.8135570016738424,,0.0,-0.14015280745829967,-0.3115815027559265,-0.2308518230676049,-0.3784801148218623,-0.21772917931952074
1840,,0.0,-0.6796932997516927,,0.0,-0.25154711790816153,-0.19062095249020297,-0.23121686828129984,-0.20305029195344435,-0.33896217987607125
1841,,0.0,-0.840328585533145,,0.0,-0.17398423518113298,-0.0731438342739422,-0.06774277234294689,-0.19718051121671762,-0.026891431350235452
1842,,0.0,-0.2894282576178068,,0.0,0.46921505198186586,0.4282096105328595,0.3311550313216021,0.33925234583760777,0.47818174905899463
1843,,0.0,0.5210867514573592,,0.0,-0.18710225375474257,-0.9418386240509734,-0.1934107273026357,-0.4585594167192465,-0.21973266620339227
1844,,0.0,0.2839057056648177,,0.0,-0.17590599628500717,-0.13074288346268928,-0.20818060206476877,-0.13363504963244058,-0.22898388968588815
1845,,0.0,-0.021072445139070382,,0.0,0.0664334837622547,0.13367360792771196,0.024488125208399793,-0.07855243693295362,-0.10662080406952151
1846,,0.0,0.4936312175116965,,0.0,0.3974803857598574,0.23187221186242543,0.13978809963548078,0.12958257748155538,0.014782148412542292
1847,,0.0,-0.8050551264682212,,0.0,-0.2929160789165497,-0.6114831905604201,-0.6582566164164882,-0.7645451723748529,-0.6401397211139943
1848,,0.0,-0.8529956755901109,,0.0,0.2727187499137312,0.2344178421415759,0.3308743400429623,0.1914330135346294,0.25352466080772434
1849,,0.0,0.8145668897173038,,0.0,0.016077314030805447,0.14004917880315265,-0.20791017029822884,0.08010187733235112,0.0978747218559863
1850,,0.0,-0.5792988073578138,,0.0,0.08752324539822978,0.08964211823369948,-0.525270234601266,-0.06407847181884968,-0.002122725358821953
1851,,0.0,-0.802147596380659,,0.0,-0.004075689573354514,-0.19554765328578957,-0.15609037998173705,-0.04619078197214623,-0.16685961868956908
1852,,0.0,-0.7460519270597752,,1.0,0.23523861027176735,0.10029607042648668,0.06738099916174213,0.29051664689872,0.12947806541795454
1853,,0.0,0.22502648945063522,,0.0,-0.27409434874317357,-0.052351371494955244,-0.03570559711881888,-0.20497326331262383,0.11230305310210519
1854,,0.0,-0.6750078112692866,,0.0,0.7230202938664364,0.6569092437178032,0.5672761001603468,0.6647719920330362,0.7849477246885781
1855,,0.0,-0.5660227546783162,,0.0,0.557939918235242,0.44580848592750016,0.5641711445731793,0.5935342509915356,0.6745366498426024
1856,,0.0,0.45443381343636785,,1.0,0.2719373514664073,0.20276000904268196,0.3853124914168752,0.34291480781824923,0.4240498598188873
1857,,0.0,-0.07145584798442035,,1.0,0.50625526008551,0.42778408793752953,0.3788115396095059,0.36249068452071104,0.1777209622980401
1858,,0.0,-0.3586749057209488,,0.0,-0.4529593336170074,-0.17059941435901413,-0.4770039443212135,-0.3163742133254246,-0.05130059180119187
1859,,0.0,-0.5514876236652674,,1.0,-0.5026948057629678,-0.4433902931150682,-0.4987304074676759,-0.6499617703352888,-0.34999307133732005
1860,,0.0,-1.0650614987146012,,0.0,0.49570633506522377,0.30453245174121685,0.4503478923165619,0.5586336663839745,0.5856802521800962
1861,,0.0,-0.7580336234695245,,0.0,0.04621677845099559,0.12980760057070875,-0.18706205112327082,0.0925111267831556,-0.016933608746612223
1862,,0.0,-1.0465253851248024,,0.0,0.002413607679895115,0.1307259680545729,-0.07820283631644805,0.08238933414231316,0.06648209372107368
1863,,0.0,-1.0352587669998679,,0.0,0.022655977807225395,0.3846175215265836,0.2329705760056426,0.12730386393874463,0.22398596141384414
1864,,0.0,0.0192965603664272,,0.0,0.11693349676274209,0.2797256537850878,0.18051822699679657,0.09778464108610158,0.10717458576723009
1865,,0.0,0.06113216413752138,,0.0,0.10263303033384039,0.07057148637230673,-0.037283680737293295,0.1986236405605065,0.1576244902774793
1866,,0.0,0.7573617419907008,,0.0,-0.19864428367411358,-0.2035598133506486,-0.12315780353115707,-0.035601809316163385,-0.0992577872886356
1867,,0.0,-0.37574905209729564,,0.0,-0.4445333780358123,-0.17320239920112498,-0.4216832135162963,-0.45877569647310856,-0.3326354284720036
1868,,0.0,-1.1378195775848812,,1.0,-0.4154877637491145,-0.33873419008781086,-0.44840970103667843,-0.4415711113078609,-0.526572125573435
1869,,0.0,0.09787255927073978,,0.0,-0.16509165843505688,-0.19999326361341552,-0.3906046190128149,-0.4543489181590492,-0.2682649097090007
1870,,1.0,-0.19990446484326346,,1.0,-0.08222381801997913,-0.23842501475451874,-0.2361679851843101,-0.39305865047335037,-0.18016206471286883
1871,,0.0,-0.18353389405807466,-2.4,1.0,-0.5049977643764354,-0.631278519864977,-0.6593553737695563,-0.774738831330224,-0.7888929364262202
1872,,0.0,-1.03386403608358,-1.96,1.0,-0.3767306326495563,-0.20612855217653087,-0.3264197211164411,-0.27666052578056677,-0.15561639353505688
1873,,0.0,-0.8895362976993115,-1.88,1.0,-1.2951450405968565,-0.7729044862097846,-1.005090094021424,-1.3621594657824305,-0.9942308140803486
1874,,0.0,-0.827767400426054,-1.57,1.0,0.2601032115129485,0.24180912807443353,-0.04803870241368332,0.14999753880824965,0.335703895510421
1875,,0.0,-0.35794936908792474,-1.52,1.0,-0.48834215053662616,-0.7552020756899687,-0.9224057931526349,-0.5551261479259209,-0.47130805237532336
1876,,0.0,-1.3809869659534144,-1.42,1.0,0.12385657811455655,0.12828103539375466,0.09027704672202568,0.07989380140424523,0.08547822610151608
1877,,0.0,-0.3337675314066151,-1.4,1.0,-0.049003092027078525,0.015434147374996248,-0.08280455501620017,0.026390262198745913,0.24189601157560195
1878,,0.0,-0.7747097842634005,-1.4,1.0,-0.4725183668236349,-0.3489784216825326,-0.10665643607529063,-0.17236805296387733,-0.2356777201194579
1879,,0.0,-1.0630385675772134,-1.3,1.0,0.25554442704006114,0.21280412304324586,-0.0526561661906957,0.1344973066714932,0.19453187072695488
1880,,0.0,-1.0773533970926668,-1.3,1.0,0.26108741573516187,0.19661931017200993,0.0663334392189212,0.10787116805470885,0.20945053860491197
1881,,1.0,-1.063995500620829,-1.23,1.0,-0.243922501426646,-0.18652701022765292,-0.032712708985420266,-0.3981605096689576,0.02840367388901514
1882,,0.0,-1.1412574415003998,-1.23,1.0,0.5726297591513042,0.2748811278965152,0.22753685454550868,0.08888152956110953,0.4857547718161423
1883,,1.0,-0.5842374375507554,-1.15,1.0,-0.2687075071876978,-0.2784171145725842,-0.37746180818760316,-0.639165823335007,-0.13668789269362872
1884,,0.0,-0.7025133912311587,-1.14,1.0,-0.6458401788914365,-0.6355505210631998,-0.7270945313890983,-0.7106851698155807,-0.6254060417363361
1885,,0.0,-0.48996949000576423,-1.1,1.0,-0.30126547422348965,-0.04037954412143666,-0.1703251431588113,-0.20238122928194058,0.012568915235837195
1886,,0.0,-0.8999326074701915,-1.1,1.0,-0.20071131918363005,0.04259545375037368,-0.0934841324807906,-0.10631965062955946,0.12555906101018613
1887,,0.0,-0.8544051838995506,-1.03,1.0,0.054427204596480865,-0.09115722995321775,-0.16060033040537602,-0.1203864136407139,-0.41114545863307234
1888,,0.0,-0.7036587785721893,-1.0,0.0,-0.08436113053834539,-0.23014495279204894,-0.3514514083226383,-0.1955033230505656,-0.39439628505479396
1889,,0.0,-1.1271359245778918,-0.93,0.0,-0.5927753531501726,-0.7909592929747269,-0.8160237105637508,-0.7117008350986431,-0.6715916524405406
1890,,0.0,-0.7144612770142582,-0.8,0.0,-0.8494452809830776,-0.7757494497238173,-0.920701038004658,-0.8157758521508682,-0.6678604793341916
1891,,1.0,-0.952617916461919,-0.78,0.0,-0.07263489789124371,-0.10404136597390178,-0.25997963015195463,-0.5109016184964115,-0.07373484870411777
1892,,0.0,-0.9101946751709592,-0.73,0.0,-1.4943438187369469,-1.2871054269116522,-1.7046898108801352,-1.5049869515682908,-1.118703117872459
1893,,0.0,-0.867241215146097,-0.71,0.0,0.08369631834523966,-0.012438014372544513,-0.0672606213029493,-0.11482065863707552,0.04858590674126581
1894,,0.0,-0.12498428045205509,-0.7,0.0,-0.3771746987436993,-0.32286507632070327,-0.22728045314441273,-0.4475666121468809,-0.3664315474168948
1895,,0.0,0.16916496575056958,-0.67,0.0,0.17394182307621822,0.19385150625067774,-0.2639891533330712,0.10603013915027676,0.21231305461811245
1896,,0.0,-0.7595606874214548,-0.67,0.0,-0.26005239396080304,-0.07222833950727856,-0.39813513604975015,-0.3186877063876913,-0.11657771711489401
1897,,0.0,-0.5752304214574507,-0.64,0.0,-0.42509670322616283,-0.47038819562907214,-0.5421363522872094,-0.4868610692764955,-0.2720264787499259
1898,,1.0,-0.6456465585572881,-0.6,0.0,-0.01630101849023472,0.026536289960263082,-0.03496743779126182,-0.021835946145510283,0.14739878166949613
1899,,0.0,-0.8364485432668459,-0.55,0.0,-1.2253552288276772,-1.253812154530073,-1.4631975208106094,-1.1263614393430696,-1.3444255503334697
1900,,0.0,-0.1243695286732475,-0.54,0.0,-0.25916377908434673,-0.7671564196879226,-0.08330916181132221,0.021181728628051188,-0.08379108422543939
1901,,0.0,-0.6513066145992112,-0.47,0.0,-0.2702229758247834,-0.05745332744682649,0.16550483969334234,-0.1917337469746841,-0.015256042057692838
1902,,0.0,-0.5846708515085953,-0.46,0.0,1.005155801477707,0.8809018936939377,1.053525383147091,0.2919308614135057,1.0021148281602767
1903,,0.0,-0.31945117688714386,-0.46,0.0,0.13268093935443448,0.13086075872803948,0.3225366445748481,0.04379088089883428,0.2549683620585952
1904,,0.0,-0.3993041945018363,-0.42,0.0,0.16019979244446392,0.14124751095680002,0.4335688346244847,-0.021146937445465735,0.17916944822283185
1905,,0.0,-0.6541426151490213,-0.4,0.0,-0.0716175478963224,-0.8418329190617719,0.006682338861842158,-0.19350401683481258,0.022259926030482744
1906,,0.0,-0.5261817682398245,-0.38,0.0,-0.6258805211355885,-1.2665548961417685,-0.9070444534083094,-1.3834111402095481,-0.7229285616201021
1907,,0.0,0.2669033512850469,-0.36,0.0,0.346023062855609,0.07204203097069616,0.32158486663740693,0.15265190975432227,0.11882372152607744
1908,,0.0,-0.511305210527185,-0.34,0.0,0.7580096808524108,0.6234515540146027,0.6394215774497426,0.541232022942112,0.6191935910468245
1909,,0.0,-0.3672242896949604,-0.34,0.0,0.6141831980444717,0.4784773829857931,0.7814899468264428,0.2799602572163652,0.47354228431715706
1910,,0.0,-0.5235537530206595,-0.3,0.0,-0.09257687349497996,-0.08008160984294152,-0.08015653259600908,-0.2558028445337009,0.11655070111379516
1911,,0.0,0.21480935651434624,-0.3,0.0,0.1858073670519149,0.18163710230190971,0.4040225859975755,0.1699267829073314,0.12540475235026494
1912,,0.0,-0.46057995484119896,-0.3,0.0,0.37891320666626616,0.3036950657568339,0.34339771598549146,0.35461623751605736,0.16055730572008137
1913,,0.0,-0.21027805628853505,-0.3,0.0,0.26284067168286823,0.19571561443826066,0.39347134156936775,0.2890586020505064,0.03835719796651182
1914,,0.0,0.12661309466862658,-0.3,0.0,0.14029446014175007,-0.3628594414563689,0.2579600179392757,-0.29388175891213775,0.3366986005171573
1915,,0.0,-0.4103807733613491,-0.29,0.0,0.6852257363004536,0.5868482378169846,0.747376794076587,0.6158189851572496,0.7818920612421668
1916,,0.0,-0.3649339366704058,-0.29,0.0,0.41568742526659763,0.3380803668231036,0.40753677710810243,0.3118002435070656,0.38107450680281113
1917,,0.0,-0.8557364428918272,-0.28,0.0,0.9548744375858093,1.0895243221728237,0.7577015597181651,0.7951557952720334,0.8460845130170142
1918,,0.0,-0.20717928168917543,-0.25,0.0,1.1508864359357969,1.1705853524600076,0.741533262803048,1.1805996421316463,1.210352709997756
1919,,0.0,-0.4714157984773582,-0.23,0.0,0.6793488698741841,0.48407549467128863,0.44430340538380375,0.5654801918258195,0.674990429328408
1920,,0.0,0.003982885068706177,-0.22,0.0,0.9318262149402804,1.16877261026583,0.5672483390657217,0.7425583451417379,1.1486561409795424
1921,,0.0,-0.5295957609187801,-0.2,0.0,0.729578869269995,0.6365342077893993,0.7953441331426644,0.5760082035144667,0.7694953076103458
1922,,0.0,-0.11113387239380614,-0.17,0.0,0.6527376673056536,0.9616393530667514,0.6254065347915537,0.8327587890851106,0.7085251827888004
1923,,0.0,-0.10439090569483588,-0.16,0.0,0.8674869234160889,0.7104190590057783,0.4144306732625986,1.0291399410448363,0.951856699579017
1924,,0.0,-0.0870760611784776,-0.16,0.0,0.6597250965206412,0.49690475879448537,0.3193319715781024,0.42066599075837596,0.5620974900679251
1925,,0.0,-0.32345174167872726,-0.16,0.0,0.504547574672391,0.3262099851398857,0.4904517794596075,0.6353121320084991,0.6453986200848956
1926,,0.0,-0.65516682666379,-0.15,0.0,0.6835697585752377,0.730081964614986,0.5125748736173181,0.9218449066434795,0.7478939856983425
1927,,0.0,-0.0076707474527342966,-0.15,0.0,0.4253044414733246,0.3768465734417574,0.5288513986770154,0.04853092080387467,0.5420546043047267
1928,,0.0,-0.913760955090181,-0.15,0.0,-0.12054218646541583,0.0467891805316381,-0.07529351344259914,-0.014009087340407922,-0.032835089118786936
1929,,0.0,-0.36623495649815124,-0.15,0.0,-0.45250616689805045,-0.3166452864807297,-0.16776757018699798,-0.20744413120331315,-0.4017600536859835
1930,,0.0,-0.5706334193805792,-0.14,0.0,0.2401086354922013,0.11881859530131507,0.2241427553956714,0.1291872429671148,0.29188936164943635
1931,,0.0,0.4167492494076047,-0.13,0.0,-0.06423694073952504,0.0028714337584943494,-0.3251167646234311,-0.3745797137022553,-0.1368974340896684
1932,,0.0,-0.5766454632346892,-0.12,0.0,0.257027541831649,0.5311134468654453,0.44055207689536413,0.17654480175475346,0.13039842148706043
1933,,0.0,-0.20324252675106072,-0.12,0.0,-0.036407535969168674,-0.06330501929742935,0.09709912636143163,-0.12652775157126697,-0.07441095726209981
1934,,0.0,0.013365481482321197,-0.11,0.0,0.37131786056439336,0.10333265107787344,0.17817822809823394,-0.09375378463447452,-0.058663306620006316
1935,,0.0,-0.2830505631907824,-0.1,0.0,0.05908381258705007,-0.13943925530771295,-0.057250214897730106,-0.2246078662085898,0.006168642343944111
1936,,0.0,-0.007408870658089708,-0.1,0.0,0.2090117908741013,-0.08688028166006483,-0.03193172814877773,-0.19126578703387104,0.0908715463590444
1937,,0.0,-0.2789675550019761,-0.09,0.0,-0.3614365932078234,-0.4446112005498551,-0.34291624625475464,-0.154905280790665,-0.460337405857804
1938,,0.0,-0.18512790530453385,-0.07,0.0,-0.16597427061113806,-0.7605910859216933,-0.3193228013681069,-0.29526595480949036,-0.19788807787842483
1939,,0.0,0.13623338175756247,-0.07,0.0,-0.5758277207293574,-0.6236914697335018,-0.4242800385953788,-0.41711817292465503,-0.4752076754062165
1940,,1.0,-0.09086196855287886,-0.06,0.0,0.16043091110079197,0.01740440543761045,0.038919807018105164,-0.13722914094038283,0.2074028653059618
1941,,0.0,0.07379923374324839,-0.05,0.0,-0.09248827468308721,-0.21596273078846984,-0.5752246344937632,-0.3338104200133746,-0.35943929330334756
1942,,0.0,0.04969231063951156,-0.05,0.0,-0.8224904604600664,-0.7587931148690692,-1.0840130931961913,-0.9309150661014642,-0.8277430425605312
1943,,0.0,-1.2242421562957917,-0.04,0.0,-0.056010449556966234,-0.06240008808445177,0.05761412865770234,-0.4329363656388522,-0.07888781872378074
1944,,0.0,-0.3827492649330738,-0.04,0.0,0.8641666048201957,0.9563583502180104,0.7993281375347293,0.8228430043367572,0.8508667861439201
1945,,0.0,0.03915521391038909,-0.02,0.0,0.8874676726314343,0.821198890544153,0.6730941856936293,0.8068601760267394,1.0084212682932772
1946,,0.0,-0.9874212554231588,-0.01,0.0,0.35542117756519315,0.41466931277899527,0.4521536828876254,0.24051393367611135,0.5983385763315654
1947,,0.0,-0.07494710243669742,0.0,0.0,0.5345861333165346,0.218300263809394,0.4768449742642949,0.1147400321148643,0.4734974792621409
1948,,0.0,-0.050787734189022576,0.0,0.0,-0.4345891400282035,-0.7522517395760256,-0.4299074045815356,-0.8948983174200374,-0.14992318107504563
1949,,0.0,-0.6334428279709128,0.0,0.0,0.665550345585215,0.6759109741507829,0.6495670277855211,0.5525237908586339,0.5230358111567978
1950,,0.0,-0.02864610560331219,0.0,0.0,0.31458861159629364,0.7082060789998228,0.5937823803362321,0.6514583648979103,0.5321390872558697
1951,,0.0,-0.556258009349698,0.0,0.0,0.2036185880465098,-0.24225112556446546,-0.054981594566765185,-0.5133814735212283,0.5219211266032813
1952,,0.0,-0.7005568601799504,0.03,0.0,0.47444498232325355,0.761070160480354,0.4563871828244939,0.5067588451859256,0.4898603386622066
1953,,0.0,-0.028556307881993058,0.04,0.0,0.5358017869420385,0.5416370504906105,0.3910339188413748,-0.08522937617345094,0.4525994153915963
1954,,0.0,-0.07009647601075684,0.04,0.0,0.8585232759270338,0.958341345362088,0.9200130184464476,0.5526616608573622,0.821831405685665
1955,,0.0,-0.431632684003434,0.08,0.0,0.8072268861532068,0.8385374157686725,0.8268369753674035,0.44427752232789475,0.9672710445060921
1956,,0.0,-0.21060021350424268,0.1,0.0,0.4912571486190615,0.4534566263868829,0.4376334202266722,0.14465895857891803,0.648720113011198
1957,,0.0,-0.08835882999497284,0.11,0.0,0.7149236544205416,0.44903754389222483,0.8255071451704478,0.43465139467112984,0.6551045585306903
1958,,0.0,0.23060289899425995,0.11,0.0,-0.15012133566221733,-0.14818432599142528,-0.019903364131282342,-0.05205950771337274,0.14655660808812665
1959,,0.0,-0.48470157133896286,0.15,0.0,-0.05507902076643344,-0.03575908314344533,-0.06698237167560658,-0.0898842750982903,0.10380849179009513
1960,,0.0,-0.23269844478243543,0.16,0.0,0.004616931784687739,-0.1257364536283699,0.0486212656875268,-0.39788769553891434,-0.04669961691105948
1961,,1.0,0.13030410278810206,0.16,0.0,0.27414021966228125,0.49894327087465995,0.7198362919535689,0.08510513213731946,0.5780350478604316
1962,,1.0,-0.05820773201239829,0.18,0.0,-0.5340668246682778,-0.2425257295843595,-0.38319531122073286,-0.7462928774237743,-0.5247444046093243
1963,,1.0,-0.10642815433285749,0.2,0.0,-0.7691239992740444,-0.6309006669188159,-0.592014785172942,-0.535263559623754,-0.6302105488839801
1964,,1.0,0.5003220498332566,0.2,0.0,0.3320043493721057,-0.040126385893438574,-0.06608387326664852,0.10128247439374476,-0.03344043726455957
1965,,1.0,0.38620938234433755,0.2,0.0,-0.4238665710215942,-0.998268696887961,-0.6113602680048377,-1.0354169199503032,-0.6366187199115959
1966,,1.0,0.38954761811851135,0.22,0.0,-1.0764144649995957,-1.4152865995694321,-1.0221324764699178,-1.0790795367598676,-0.9803934722530885
1967,,0.0,-0.16237889617055887,0.27,0.0,-0.47552591985930076,-0.6367435914955868,-0.8156300474497993,-0.6967316910608031,-0.7048774250447114
1968,,1.0,0.26309534843116067,0.27,0.0,-0.11641985972683874,-0.27965985281528455,-0.1459028555954078,-0.2083210267046558,-0.16574154405649516
1969,,1.0,0.07356977024136672,0.27,0.0,-1.0737784674097333,-0.8416948576558827,-0.7979227567252664,-0.6173188803149936,-0.8826877710934725
1970,,0.0,0.28173230469229116,0.28,0.0,0.17863038545807636,0.2851088069444255,0.31236703741706745,0.21543594170124625,0.3688273180379283
1971,,0.0,-0.5557547535696314,0.3,0.0,-0.01066127239472195,-0.154165333862166,0.06022499108548424,-0.005044132627614902,0.1485799475445292
1972,,0.0,0.4309785093094656,0.3,0.0,0.11564785941330892,-0.1051585092891891,-0.08079717926857934,-0.19864493309478973,0.0363225674052107
1973,,1.0,0.08266315145181273,0.3,0.0,0.24516293406465403,0.2752636801915701,0.4665779958576212,-0.022096511867623774,0.38538761193739546
1974,,0.0,0.27380912684832837,0.32,0.0,-0.796389968112046,-0.7225467248509198,-0.707188440356595,-0.8773965264958642,-0.8734551873005701
1975,,0.0,0.31405067247602514,0.33,0.0,0.3330499416810074,0.24847778895150985,0.3716383020176565,0.27792652030475956,0.5056660913224966
1976,,1.0,0.16013417075286943,0.35,0.0,0.7941738178089088,0.6655884203051334,0.6286009814819826,0.4789970216965537,0.43059548130928604
1977,,0.0,-0.08328664193358137,0.38,0.0,-0.42296941960712714,-0.42043432945390674,-0.5417299005775479,-0.3732582312063343,-0.38711839016984495
1978,,1.0,0.3027092713897362,0.39,0.0,-0.019293920771328053,-0.09810221815088334,-0.08110987377720436,-0.3604719477170792,-0.2017041384934934
1979,,1.0,0.3991579668971442,0.4,0.0,-0.23247986285678401,-0.17287177044911564,-0.2471988263051495,-0.03491057930417276,-0.04361173129124805
1980,,1.0,0.6757113210456255,0.41,0.0,-0.9179963904936793,-1.0020406392016046,-0.9399524413064739,-0.6622825199932546,-1.0770068195302065
1981,,1.0,0.15291717971834942,0.42,0.0,-0.5674335526988259,-0.37057760808665247,-0.6032953181580915,-0.6835747451973927,-0.5060567682689926
1982,,0.0,0.16674827254325386,0.44,0.0,-0.1208434591102528,-0.08198387541278897,-0.3050885146226461,-0.23260272162677692,0.10503226767329665
1983,,0.0,0.1158851316659487,0.45,0.0,-0.8905291190210473,-1.183083772244327,-1.2856763171682053,-1.1296797382171602,-0.7879941565856944
1984,,1.0,0.12381465798461887,0.49,0.0,-0.6052032714792857,-0.6361854206927043,-1.111748332585852,-0.9730335288429162,-0.6657643174994573
1985,,1.0,0.7213968529488581,0.5,0.0,-1.262011070097653,-0.7691456003323887,-1.2365019060278164,-1.7276863320123825,-1.5320846454398123
1986,,1.0,0.43224768733882235,0.56,0.0,-0.7499588523636347,-0.4088916781219909,-0.7515840748073135,-0.4786856735338178,-0.6258409644251316
1987,,1.0,0.5744416690271802,0.56,0.0,-0.07776176879917757,-0.12076313923164378,0.10202209258193343,-0.08106312734078425,0.2447623303599578
1988,,1.0,-0.026709277561360673,0.57,0.0,-0.8914562294546564,-1.0980552946485103,-0.8468914894070325,-1.085041559381577,-1.0137957900291523
1989,,0.0,0.2920800572966876,0.6,0.0,0.15081356500318124,0.3100587839063245,-0.12019130733630785,0.2004379879222936,0.41484285688846384
1990,,0.0,-0.11210023408913222,0.6,0.0,0.7859807421837457,0.6824381586429195,0.7059758950262802,0.4990993416908798,0.7259856951655355
1991,,0.0,-0.5811303611246789,0.6,0.0,0.28687837440290664,-0.026334898359899356,0.27350119113267696,-0.13885020343890153,0.2648102973075836
1992,,0.0,0.5453477136989736,0.63,0.0,0.0884750975915509,0.41057665676277466,0.19535431599127984,0.2396088891169816,0.5190149290871164
1993,,0.0,0.28954869133829675,0.64,0.0,-0.1969978482183574,-0.7021534432113845,-0.3615489572655176,-0.23564418932384912,-0.32419265421627397
1994,,0.0,0.37525071133656807,0.7,0.0,-0.4866241006383978,-0.9087545773553387,-0.9551819907823301,-0.8926501404403512,-0.707406824414342
1995,,0.0,0.6396271913322472,0.78,0.0,-0.37147722287728213,-0.8905535665145508,-0.5711523479220814,-0.5956069495401003,-0.3284519718233727
1996,,1.0,0.7142450233444766,0.8,0.0,-0.7275381403241368,-1.1130876367083227,-1.125928791154135,-0.9889992263306934,-0.6733998394584749
1997,,0.0,0.8109508831889729,0.8,0.0,-1.0477569547613543,-1.0252405642522227,-0.9943362712952336,-1.1204067643910618,-0.8335192656528227
1998,,0.0,0.6135964054428444,0.8,0.0,-0.7634699738370112,-0.9058766274968041,-0.6602940724361429,-0.6198016025163388,-0.9566473015006434
1999,,1.0,0.4398483356055386,0.85,0.0,-0.7587755200632191,-0.8958011645593801,-0.9298288540172909,-0.8841195091845492,-0.9282526101029627
2000,,0.0,0.18516256017422308,0.85,0.0,-0.5741435559419223,-0.9776194741082861,-0.4890938936370739,-0.8963088666960092,-0.09057476809853568
2001,,0.0,0.5206652054147352,0.88,0.0,-0.7411435034509158,-0.8206492699851239,-0.5341139435474184,-0.8363371655618678,-0.6283955047576878
2002,,0.0,0.9215586327283767,0.9,0.0,-0.6040463754473422,-1.0675055401456939,-1.0081789795328304,-1.0267905388569682,-0.949383425630617
2003,,0.0,-0.19649609544192115,0.9,0.0,0.15164748042331022,0.0639200571286861,0.1244594134905359,0.17869986033079424,0.13910314953651065
2004,,1.0,-0.6152462238679853,0.92,0.0,0.27363714389534255,-0.19726258284177287,0.10017311244947952,-0.37115613023493066,0.1618739176524201
2005,,0.0,0.49360982497054307,0.97,0.0,0.9761829416678585,0.6100081938057487,0.7025519003342126,0.7766565886793841,0.6774346683288731
2006,,1.0,0.7571848808726702,0.99,0.0,-0.2914291211275963,-0.24062479118989133,-0.2634388083524141,-0.5451399011738222,-0.556425528011329
2007,,0.0,-0.3843021689626163,1.0,0.0,-0.8575839915714206,-1.084309870873392,-0.8760450918090911,-0.8252623409470528,-0.8978553708980563
2008,,0.0,0.0144408886188138,1.0,0.0,-1.127457325677449,-1.1331842073945257,-1.0059204363363103,-1.2685344469586766,-0.7496608913449856
2009,,1.0,0.752859616751335,1.02,0.0,-0.9651520711964093,-1.3199220962012606,-0.9452971968787885,-1.0112663844837066,-1.0510745021705377
2010,,1.0,0.5310532568861394,1.03,0.0,-0.996927245219632,-1.2241141048700952,-1.3350781322235197,-1.3685986959006917,-1.3434082942125511
2011,,1.0,0.5281607129038625,1.03,0.0,-1.4699749697444757,-1.3204063145653162,-1.533855111823064,-1.7817119767573566,-1.6883887466946732
2012,,0.0,0.8951712307297633,1.04,0.0,-0.7598366075629499,-0.64467668109931,-0.6682051177379716,-0.8972588574428371,-0.6506469964930559
2013,,0.0,0.36765646836223315,1.08,0.0,-0.6708178986771509,-0.7867637950824958,-0.8020838928661872,-0.7882906833295765,-0.3632385470181346
2014,,0.0,0.8305520727399891,1.3,0.0,-0.7414235031072454,-0.7255794068428794,-0.4471615678020364,-0.8171643575306398,-0.5501535352845307
2015,,0.0,0.3394867457963742,1.32,0.0,-0.6646496467793622,-0.9627366644308798,-0.6143963154688911,-0.6308340842046188,-0.48696533548236287
2016,,1.0,1.1336413502687348,1.44,0.0,-0.47926388097538974,-0.7234681048519813,-0.6303964105559183,-0.5244206435819123,-0.40370473425496156
2017,,0.0,0.40051930795653856,,0.0,-0.7915382895803201,-0.9209367326732896,-0.7614071073306927,-0.5413923227359351,-0.5268961158175123
2018,,0.0,0.3435396218537635,,0.0,-0.5602831848368472,-0.8037310887630884,-0.5828896945684683,-0.6018257790862608,-0.40524388656522664
2019,,0.0,-0.20037371160351455,,1.0,-0.6576486355003599,-0.46868692687400837,-0.41275742995764125,-0.26632300431207534,-0.3830892143547001
2020,,0.0,-0.9638530505025721,,0.0,0.02883430109966446,-0.01691178088098214,0.006350069720386307,-0.25833806118830144,-0.02578607123238824
2021,,1.0,0.36272150526249736,,0.0,-0.7101269541348804,-1.1060855506639853,-0.8700126566646279,-0.7289713313886459,-0.7913463849806265
2022,,0.0,0.600474154280298,,0.0,0.05477738411736117,-0.21052212179741658,-0.18908644838454305,-0.29293116126742536,0.394560333025172
2023,,0.0,0.6207956906264451,,0.0,-0.17147875705004148,-0.12001580132283274,-0.20114126135479884,-0.2230818758233337,-0.35290460476538227
2024,,0.0,-0.9026882398802965,,1.0,-0.272405265843749,-0.32490457708144077,-0.0863403313570194,-0.4660654117813874,-0.08181409964323373
2025,,0.0,-1.0417105680253398,,0.0,-0.08871618856870957,-0.10977471254152059,-0.03096716257979773,-0.151661049237825,0.04836437881576192
2026,,0.0,-0.57123284080624,,1.0,0.08029853464014033,0.1259717121319036,0.057641090490814915,-0.03098646252510895,-0.03600109087194511
2027,,0.0,0.07646792797909037,,0.0,0.32948294259063926,0.36130233784576044,0.3765652646920421,0.35421222994232127,0.50844157697134
2028,,0.0,-0.45182936150167624,,0.0,-0.5051940403382881,-0.47778769803604776,-0.3782803794034617,-0.571097309430876,-0.6643292833370106
2029,,0.0,-0.9178398262905338,,0.0,0.0305714279132929,-0.1322649859973029,-0.0024847798751017587,-0.060090680493221,-0.08061707800555563
2030,,0.0,-0.8013371359877923,,0.0,-0.6339517363834822,-0.6575258230592747,-0.6525815387243318,-0.5198958191308968,-0.6379643005010632
2031,,0.0,-0.7302155992831484,,0.0,-0.3530103521541079,-0.6050344973956703,-0.3476501729801187,-0.9257500337917981,-0.5980080248204315
2032,,0.0,-0.6519219227650918,,0.0,-0.5672316595234368,-0.8910808819275303,-0.7791738248997252,-0.9108024708676382,-1.043388729962262
2033,,1.0,-0.6531578434926281,,0.0,0.589915173452259,0.3912217430490999,0.8059181447538492,0.39254366493538406,0.6782109192612181
2034,,1.0,-0.9951976427717397,,0.0,-0.5018207464879598,-0.8060243202381383,-0.6302768162728866,-0.7730435009212354,-0.5782882311689952
2035,,1.0,-0.8797585277825034,,0.0,0.0568631424609325,0.02975616871843703,-0.16632798488003003,0.044858133575270465,0.15227693573671353
2036,,0.0,-0.6031729092725904,,0.0,-1.219266244466708,-0.9156842487805577,-0.924419382289018,-1.0576979506388815,-1.2760938496784717
2037,,0.0,-0.5646766106844858,,0.0,0.8828985105353377,0.8831688964746728,0.8433245651045239,0.981076684351465,0.8974379611437798
2038,,0.0,-1.1612784288610463,,0.0,0.45976203588363523,0.4326038822885305,0.3512966094924689,0.3338320890458567,0.3719789524741644
2039,,0.0,0.5332972998542883,,0.0,0.3072887040872401,0.5545876970802219,0.35928735354261987,0.31797800944967525,0.29653836273071443
2040,,0.0,0.23724610040283256,,1.0,0.8645282603290614,0.6873502760464865,0.8244860902726295,0.7282756394223072,0.896448265450498
2041,,0.0,-0.9614320626745689,,0.0,0.9085843037935264,1.1826852613078895,1.008881047239787,0.9774825711432216,0.9124948605022976
2042,,0.0,-0.3278441773472164,,0.0,0.7716904170125519,0.5493935182451456,1.0858959556829435,0.6476390801438369,0.7128954335267134
2043,,1.0,-0.7690614890782106,,0.0,-0.6891205171289769,-1.0621509562389226,-0.692798810940818,-0.7062941001939534,-0.7962180009275993
2044,,1.0,-0.9866807657958008,,0.0,-0.6640111949132949,-1.0401575838716133,-0.6352613270094094,-0.6411885801581312,-0.6542433401825448
2045,,0.0,0.3239085617583225,,1.0,-0.5460645027558004,-0.5631131446419103,-0.5773940178471936,-0.5668040214350929,-0.8359203685387877
2046,,0.0,-0.7845683882213571,,0.0,0.020973200565648966,-0.37807202324796574,0.02588312458406565,0.20269939700452158,0.18313651468169811
2047,,0.0,-1.0052852325666735,,0.0,-0.7441905628588494,-1.0247112964978466,-0.9160467199016481,-1.1180978016437861,-0.8215086033811282
2048,,0.0,0.27961524950925903,,0.0,0.2172245868209024,0.1796884266002699,0.18144266845492446,0.005285490046459465,0.17223960325614307
2049,,0.0,0.5213751933749262,,0.0,0.5203733452745105,0.4942572949484718,0.5620981881766769,0.32258199071052784,0.49877749779467123
2050,,0.0,0.05699700496201382,,0.0,-0.4564509059506306,-0.3705514439794316,-0.42675178686818976,-0.3737678522322333,-0.4965195371225655
2051,,0.0,-1.433726774660304,,1.0,0.13384017550566063,-0.027886071495258517,0.20555317110467586,0.05123488579128888,0.02442462339322698
2052,,1.0,0.7210380853189648,,0.0,0.3499980961996541,0.280626470638257,0.46235965562800835,0.3248517882128704,0.5631098127042256
2053,,1.0,0.014440072663488865,,0.0,-0.36714682560181905,-1.1654767298241013,-0.8247715420274458,-1.1035392752974682,-0.6595751732644224
2054,,0.0,-0.23056393668263914,,0.0,-0.7655682331633983,-0.8887986200561193,-0.7873413338859031,-0.420941342517835,-0.6769469984360292
2055,,0.0,-0.11567321002016842,,0.0,-0.06732796265071607,-0.6835525707209312,-0.6674732156043692,-0.465702890956547,-0.6651088584314242
2056,,0.0,-0.8851250511173357,,0.0,-0.3488397293929264,-0.4956671107215238,-0.7524558482270406,-0.540980996247682,-0.4509938161363571
2057,,1.0,-0.8261399132167672,,0.0,-0.8635273863330346,-0.9952522547914252,-1.0746449316457345,-0.7730786986103396,-0.8249015765687742
2058,,0.0,-0.8644821346123288,,0.0,-0.19599793701612714,-0.4164196376151025,-0.39871497960354524,-0.4594196103543553,-0.5440781301518334
2059,,1.0,-0.9057588236055412,,0.0,-0.561840047225998,-0.7944373295415407,-0.7302109652153354,-0.7051002095620469,-0.5577699611394086
2060,,1.0,-0.9162727276758503,,1.0,0.770638114305698,0.4456286723692602,0.7209113175278882,0.4805170287298438,0.589519294684243
2061,,0.0,-1.0427188021197704,,1.0,-0.8406700127566817,-0.9031845335732475,-0.8411480305464843,-0.7749724371367257,-0.9253704630189707
2062,,0.0,-1.1234222840466066,,1.0,-0.3154216976037714,-0.38422570889774443,-0.42440540275115984,-0.03437340563890158,-0.41562009657006566
2063,,0.0,0.2525562367951147,,0.0,-0.5008189772367017,-0.6609492793064815,-0.679655152410563,-0.7530049295467467,-0.5977618242425544
2064,,0.0,-0.8351784715396455,,0.0,-0.8176346010218676,-0.49165944579526955,-0.6641289499574596,-0.9313190266337317,-0.9610415544410896
2065,,1.0,-0.765197327662805,,0.0,-0.08758207698967022,-0.3463983192933139,-0.1711230242704029,-0.3167461921917732,-0.44275459674263273
2066,,1.0,0.35924755964154886,,0.0,-0.9550285319690907,-1.0633715648598887,-1.4099191103960325,-0.9625741811384553,-1.0257198835906374
2067,,0.0,0.17065617272226602,,1.0,-0.7916525447147278,-0.570347093354678,-0.7340094359679292,-0.6364763421110159,-0.7037778989271779
2068,,0.0,0.26291344895397023,,0.0,-0.47498575595938514,-0.35131498449859283,-0.2514795668042846,-0.2329890132601117,-0.26947061813623374
2069,,0.0,0.5224048471744379,,0.0,-0.731319103580606,-0.44930596169122045,-0.45818650020529683,-0.3533326580280577,-0.20287073687775015
2070,,0.0,0.24250860037980185,,0.0,-0.9309370122236172,-0.7889155872524758,-0.9414241146355774,-0.8305877262928717,-0.7877621074214937
2071,,0.0,-1.1374402219412492,,0.0,-0.7906170175935936,-0.6376419593691617,-0.4335520615772019,-0.5500963299222775,-0.24200645232748857
2072,,1.0,-0.7440119096298903,,0.0,-0.19649398209959032,-0.6478008324253325,-0.4873974743210725,-0.3910211242332713,-0.604911029311391
2073,,0.0,-0.5739855399685048,,0.0,-0.43374527997849843,-0.3425907594416696,-0.15581071858738066,-0.3030107746080298,-0.13402835020083417
2074,,0.0,-0.5749536037793086,,0.0,0.09305166781025768,0.022025230213772912,0.387541239473637,0.2683992150045149,0.26433015149115324
2075,,1.0,0.4588378706048598,,0.0,-0.4565377299045059,-0.7719447730301039,-0.7000346726144441,-0.9593446386637553,-0.7132531241551614
2076,,1.0,-0.09374869905947583,,1.0,-0.3692801509782797,-1.0895744288880937,-0.5439538253594336,-1.3785931640765137,-0.2657118401713942
2077,,0.0,-0.1634310191760479,,0.0,-1.296898113800797,-1.3541915761337446,-1.2887157903926703,-1.4427333179492594,-1.2644545496118693
2078,,0.0,-0.055279451651108424,,0.0,-0.34278258773552384,-0.5537517282980448,-0.6740938880654619,-0.6859610957753639,-0.49708777687887057
2079,,0.0,-0.634691296566744,,0.0,0.1380208943717528,0.10672680314802695,0.3673750522263252,0.3273532491850385,0.2787125629775923
2080,,0.0,-0.225464133616488,,1.0,-0.38206110969366147,-0.16973878677944906,-0.23424913264855973,-0.4267628544696139,-0.3383171250002668
2081,,1.0,-0.9538276382604565,,0.0,0.01026088301273958,-0.2657942903269183,-0.13888344564910926,-0.08583891814013048,0.15705905514011878
2082,,0.0,-0.11341379894751331,,0.0,0.1504447342641626,0.002251489739773498,-0.09703202049964818,0.03769920873103537,0.10439538941974942
2083,,0.0,-0.22908299772411653,,0.0,0.3909299862392378,0.389385697124214,0.3735651374079935,0.3136543079474598,0.36566617997144824
2084,,1.0,0.8488673055053338,,0.0,-1.4846180278284673,-1.1490311609820671,-1.6971883583117364,-1.6874848637728077,-1.2672409155833402
2085,,0.0,-0.0992560910474088,,1.0,-0.4341536335442159,-0.39876268141095167,-0.5911991969856966,-0.3000206550027858,-0.400362307317166
2086,,0.0,-0.5214207929279012,,0.0,-0.12396593222786474,-0.09565871730876119,-0.17397337010443614,-0.24355593231041214,-0.38940512383890313
2087,,0.0,-0.3403476057770223,,0.0,-1.092391946080229,-0.8681416306633062,-1.0290407883664565,-1.4254708158968312,-0.9204608476070557
2088,,0.0,-0.22311163864360586,,0.0,0.217834020145961,0.21086011781859362,0.3011833444514221,0.09890396877835993,0.21455973400157796
2089,,0.0,-0.3248744915207016,,0.0,0.062193931901080766,-1.030288061513111,0.08256840871760994,-0.09022874528668395,0.21371553698380474
2090,,0.0,-0.47195890780049465,,0.0,0.5851681134893411,0.47684714134698647,0.4199503654902292,0.338258766164455,0.5055708496665977
2091,,0.0,-0.04923564907004788,,0.0,0.16457429264588183,-0.04461947771463286,0.22718938017991025,0.05661729678976422,0.2752116585358061
2092,,0.0,-0.03423683765371723,,0.0,0.09465245179086675,-0.15499183774730238,0.003019053618982175,-0.4875960516071381,-0.016272947109777124
2093,,1.0,0.030876786221051646,,0.0,-0.5702892685331662,-1.1012267534241027,-0.8153717468492018,-0.9686804859060277,-0.7362289908843574
2094,,1.0,-0.232114513706843,,1.0,-1.3536801779532412,-1.1412285725240525,-1.0196387546788959,-0.9985618323018782,-1.0577694813022434
2095,,0.0,-0.9603976716748959,,0.0,-0.6032206332007597,-0.6546635420286288,-0.9144852024799373,-0.6443158028539357,-0.6215797036299913
2096,,1.0,-0.6393058042787958,,0.0,-0.5035471011466855,-0.6739961220889201,-0.6881602866130003,-0.6674632791010751,-0.5689235092874086
2097,,0.0,-0.14359591065128138,,1.0,-0.2510329279614546,-0.8870848359168338,-0.42984236582105556,-1.0006078197885147,-0.3918197556728199
2098,,0.0,0.07236354631538912,,0.0,-0.4393067033983019,-0.44936532302014254,-0.6633832086619269,-1.1399954910466972,-0.6974634604614571
2099,,1.0,0.05833790442132841,,0.0,-0.4997671710937863,-0.6355264731678714,-0.7825130832749088,-1.0283822093716586,-0.8855122199371473
2100,,1.0,0.7440990722231878,,0.0,-0.044486730864717675,0.20795668108255996,-0.02412744909802947,0.10102185380910114,-0.08469227311686553
2101,,0.0,-0.430529524237672,,0.0,-0.3626998174432181,-0.5479491439638134,-0.6485903767291914,-0.5107249620581541,-0.400203175330437
2102,,1.0,0.6079288575168981,,0.0,-0.377187213827573,-0.6092820968438223,-0.33390094052040076,-0.6430861290429866,-0.29811943915322253
2103,,1.0,0.13323317384127387,,0.0,0.13654000197707164,-0.008794902932595038,0.18419800082205356,-0.024224228135093208,0.2688420181224013
2104,,1.0,0.3746838305252425,,0.0,0.0029932511047374858,0.04818967471618673,0.20103060547374726,0.06458646436569758,0.2867481831170313
2105,,0.0,-0.08730451594936263,,0.0,-0.2162300012500527,-0.13474259639807265,-0.16285681539501315,-0.12054991090377579,-0.365750532118578
2106,,0.0,-0.37676202927625874,,0.0,-0.3092459858054562,-0.6158395701220014,-0.8161524290385533,-0.4182503176850518,-0.8254540489256149
2107,,1.0,-0.1538765564459601,,1.0,-0.1874236457959426,-0.33050173099570984,0.013611267590649494,-0.40846350139528786,-0.44859817516223216
2108,,1.0,-0.5677032201418202,,0.0,-0.25162308397137617,-0.5126812090550316,-0.3060257281571005,-0.6228718257607901,-0.6857457997514019
2109,,0.0,-0.08918817350308056,,0.0,-0.6450292278891233,-0.8921980888909983,-0.5174740609619556,-1.0642339530737683,-0.8620784247832711
2110,,0.0,-1.4127829652647508,,0.0,-0.8240497736098169,-0.9210833218244461,-0.7623574849436825,-1.0853395758527704,-0.8143741313442073
2111,,0.0,-0.7003236408126767,,0.0,-0.7816802019104936,-0.962549646118605,-0.8185080229454075,-0.845465823034271,-0.7853420587600682
2112,,0.0,-0.54622493655273,,0.0,-0.7571949739196505,-0.9543370759701482,-0.8012572848328817,-0.8365107616034799,-0.7390073785180576
2113,,1.0,-0.04668805836624761,,0.0,-0.8435143886718655,-1.1821660564710845,-1.0115946675988865,-1.3341656378666935,-0.9732623509929265
2114,,1.0,0.03010449923202004,,0.0,-0.6692536683089282,-0.7994013604236608,-0.6570683635137522,-0.9580337135963162,-0.5375286679113296
2115,,1.0,0.008875418974020399,,0.0,-0.9205149234111082,-1.25129842223934,-1.0337260230886622,-1.3452628681440133,-0.9777064445763367
2116,,0.0,0.5653497861512602,,0.0,-0.9362362604867048,-1.2607248904901507,-1.002571653309845,-0.9828764928906301,-0.9885745357075951
2117,,1.0,-0.10766835132366377,,0.0,-1.3496589552642788,-1.1056681565172761,-1.2849537325688152,-1.53408576352051,-1.4298896291748062
2118,,0.0,-0.47264609742233815,,1.0,-0.6270600538168468,-1.058244546262188,-0.8003821705207227,-1.0456033385622443,-0.591278355730863
2119,,1.0,-0.12139801245255984,,0.0,-0.7033672499778715,-0.849286884036171,-0.5188367731749337,-0.906827250036164,-0.4330707831705881
2120,,0.0,-0.7032127564925215,,0.0,-0.48408575212485444,-0.8942971693458592,-0.612817600660336,-0.9100919972158933,-0.6583463588128399
2121,,1.0,0.25035011859822875,,0.0,-0.4288388028668545,-0.7163772464600277,-0.6236417768517691,-0.8659588934300119,-0.5760068939332755
2122,,0.0,0.4699412955091807,,1.0,-0.33060791675427553,-0.5023358829221726,-0.3924058994065758,-0.8933615759788207,-0.6251318147692285
2123,,0.0,0.4691174489676431,,0.0,-0.26097023112622514,-0.6227482340879614,-0.21139273609814116,-0.790934451118229,-0.10705541082886078
2124,,1.0,0.5147987934104574,,0.0,-0.592548581521406,-0.8849142460070815,-0.6731736469094767,-0.9129143009350233,-0.6621587743961951
2125,,0.0,-0.06942389125711944,,0.0,-0.8096490054418516,-1.0403971840506667,-0.9559162199209235,-1.0886298037012898,-0.7994592414907726
2126,,1.0,-0.3263348972969453,,0.0,-0.8429336131065229,-1.021384861587823,-0.9624021297307934,-1.072967230705293,-0.7815944665809341
2127,,1.0,0.45224920357679094,,0.0,-0.7373208514405407,-0.7766591506813799,-0.7987085074568916,-1.0324995729425495,-0.6344735516255758
2128,,0.0,-0.05615648480091798,,0.0,-0.1265695881902341,-0.02921164675446518,-0.146496664720301,-0.27934306624562744,-0.16406174729223927
2129,,0.0,0.3225956342038045,,0.0,-0.04242280546751357,0.07940285378739056,-0.2731065807157785,-0.11266946403351519,0.077415233983516
2130,,0.0,0.35077145756817063,,0.0,-0.531540784905549,-0.6387100148352466,-0.7885964828708621,-0.5816193669144474,-0.7795314558744632
2131,,0.0,-0.01560236608967121,,0.0,-0.6283283411139842,-0.6120615555552777,-0.6893627722704198,-0.9872982286865052,-0.717606390243942
2132,,1.0,-0.27525102766523746,,0.0,-0.5644028173762018,-0.8489230567880008,-0.821809172849155,-0.5173015205909338,-0.5639489941955647
2133,,0.0,0.07455930839062538,,0.0,-0.46889411687156657,-0.7533775797870385,-0.7922913342674566,-0.6387404193470225,-0.4758184698543648
2134,,0.0,0.5726287776747783,,0.0,-0.11947855418790479,-0.4600638133205522,-0.11297582754488913,-0.32061611888621744,-0.1293597079870322
2135,,0.0,-1.129870172813154,,0.0,-0.5561057545845589,-1.0548503367837447,-0.8149427153437404,-0.8683318491490221,-0.608086702600652
2136,,0.0,-1.258339260612649,,1.0,-0.8433090769867115,-1.0285881718662195,-0.9394792692626713,-0.9849611431647388,-0.9371187948507911
2137,,0.0,-0.22964886880198337,,0.0,-0.1397978303834371,-0.2931249590432916,0.07992935864420435,-0.43347148613524855,-0.011352700962805077
2138,,0.0,0.025428929358431673,,0.0,-0.9003546432987479,-1.15909551134858,-1.1315163055739326,-1.0947696315603421,-0.8042274997058081
2139,,0.0,0.006039385483760856,,0.0,-0.7313903945879175,-1.003824789896062,-0.923759423038787,-0.6823603666783201,-0.6246271520111326
2140,,0.0,0.24601681907783426,,0.0,-0.1462345177270079,-0.4897259547411812,-0.16188510449767685,-0.5371465513799747,-0.17521943680336655
2141,,0.0,0.4866892728942487,,0.0,-0.94393737209523,-0.8830248880521114,-0.8890457521586417,-0.814469479069729,-0.9949472312026721
2142,,0.0,0.4667259336949102,,0.0,-0.7227404436796975,-0.7236492141394951,-0.7641594073887248,-0.5865598861388813,-0.7441328489406601
2143,,0.0,0.36197842418738235,,0.0,-0.3597238344956218,-0.3589970574434667,-0.4453749161376491,-0.468930499707918,-0.08926507642536642
2144,,0.0,0.686222290200199,,0.0,-0.3653651463312263,-0.5320752526084235,-0.6018390057912747,-0.5794417075726818,-0.5818525338699793
2145,,1.0,0.014165165083113366,,0.0,-1.1600830677672544,-0.9533944381630339,-1.066314038799445,-1.0377387147235553,-0.7859296251437724
2146,,0.0,-0.6813325920126627,,0.0,-0.194033963100292,-0.4892656662346339,-0.37678054828066215,-0.6115021473127925,-0.3327820677507928
2147,,0.0,0.21286446057585304,,0.0,0.02533075523188553,0.14985767266080116,-0.1181521405881622,-0.06816151540956275,0.0029116557732262374
2148,,0.0,0.7068533068085657,,0.0,0.0993943286337971,0.19024665446334743,0.1281979281560995,0.20161526749193043,0.242156589960732
2149,,0.0,0.2695891556103236,,0.0,-0.46870470578431694,-0.6960339860409377,-0.707489311015928,-0.541567945069443,-0.615964793305105
2150,,0.0,-0.5674559632016268,,0.0,-0.5162621370852952,-0.6497592982049576,-0.6821873123106945,-0.6028398983561986,-0.3089834989769468
2151,,0.0,0.5011579620169826,,0.0,-0.027740879927880446,-0.30633993016214,-0.2725933867006541,-0.25378086710389847,-0.03774040307416009
2152,,0.0,0.6512343737339155,,0.0,0.03488591744869316,-0.018461694786421134,-0.09428337584209111,0.029767678811682893,0.043248286554250275
2153,,0.0,0.8202202700480922,,0.0,-0.38729685234172384,-0.2522334524077869,-0.36168231918097454,-0.582260084138457,-0.4531992331943695
2154,,0.0,-0.3964771190498754,,0.0,-0.3418963778196122,-0.1797919270548738,-0.294151265542757,-0.3148209451662066,-0.2190984356801546
2155,,0.0,-0.14735813981361232,,0.0,-0.6274003822407027,-0.7957640275652447,-0.9469782047765997,-0.6005717697618804,-1.1622234916781202
2156,,0.0,0.29762250169409704,,1.0,-0.48479421665453143,-0.4410810554084226,-0.6527172074826763,-0.4482227155040828,-0.7994212973692388
2157,,0.0,-0.2633409171970685,,0.0,-0.9972920062633506,-1.2716512546364802,-0.7721016433635941,-0.7385389424127456,-0.6668265130752461
2158,,0.0,-0.5148883501904322,,1.0,-0.3518694998893939,-0.6347473060597498,-0.3099623356996453,-0.3827253453689548,-0.5630049227810037
2159,,1.0,1.030450481709316,,0.0,-0.018539624376383013,-0.01610718468744488,-0.03817252253553666,-0.0974520168094089,0.04727983496564763
2160,,1.0,0.6491867697724568,,0.0,-0.9912493266912915,-0.9165994936179382,-0.9074200582711999,-0.9065430501154518,-0.8519985175527317
2161,,1.0,0.5494789649134301,,0.0,-0.9762751690969452,-0.9579159344395226,-0.9855018551567204,-1.0932057087501046,-1.106168953212487
2162,,1.0,0.14727213232309724,,0.0,-0.2624266932586468,-0.13134565007604934,-0.3989871138359907,-0.18542013511301975,-0.2126970027847391
2163,,0.0,-0.463312121316242,,1.0,0.11482593197018975,-0.08643512464355896,0.3000215754184204,-0.0008345519556074802,0.1997870661616849
2164,,1.0,-1.1741762076503486,,0.0,-1.2005954520191402,-1.1073558085894761,-0.8911081459945777,-1.1545194484616823,-1.053723736415481
2165,,0.0,-0.2785642984329363,,0.0,-0.9786876381905538,-0.8994784565043956,-1.0451069235169135,-1.1868507001046045,-1.0037855694256297
2166,,0.0,-0.40640770614710764,,0.0,-1.058581996690498,-1.138489229173706,-1.2574842952906997,-1.1092641451858203,-1.0156648322182305
2167,,0.0,-0.6820165942582156,,0.0,-0.9275843328271938,-0.9590556934206556,-0.8203748299176388,-0.8460172610229442,-1.005900622733731
2168,,0.0,-0.8969383626740469,,0.0,-0.6832806497505138,-1.1634266073071495,-1.1706526646551774,-0.9094736723183352,-0.8315684402965968
2169,,0.0,0.11385232155301321,,0.0,-1.1070841912872684,-1.0846617077158518,-0.9370917667142625,-0.9625837269332196,-0.9130755491441656
2170,,1.0,0.18597853997125993,,0.0,-1.161215161480494,-1.056612007115554,-0.9071553658178435,-1.131066843805155,-1.1248481559010086
2171,,0.0,0.4839016464224564,,0.0,-0.847546566258845,-0.955719682294065,-0.9634834272210426,-0.9180220961093571,-0.8849355991890546
2172,,1.0,-0.24983799728649778,,0.0,-0.8248908702002838,-0.9971747977845795,-1.0955253118112922,-0.9562791502905837,-0.8496561873667849
2173,,1.0,0.6890684430197173,,0.0,-1.0876272455761695,-1.12186820828984,-1.0130205125834082,-0.8296623573394352,-0.9249359131574726
2174,,0.0,0.6073643770603031,,0.0,-1.430569204085244,-1.153659415831142,-1.4188145479479222,-1.91611620593679,-1.4291619706837133
2175,,0.0,0.5692699889522722,,0.0,-0.6156627137585611,-0.8020410056619549,-0.535658775633969,-0.679346694914011,-0.8687891080994566
2176,,1.0,0.13064686951608828,,0.0,-1.133534643056228,-1.053854837021986,-0.9436237145352261,-1.076770489141129,-0.9017518526100581
2177,,1.0,-0.6421593836816608,,1.0,-0.8800313822473282,-0.9568793252186795,-0.9205782033936486,-0.7550772166285084,-0.7852785149758126
2178,,0.0,-1.1139874024429073,,1.0,-0.5831134247006232,-0.6836123892298683,-0.6622164741695518,-0.5336290078708605,-0.5623103445828712
2179,,1.0,-0.3964575218227637,,0.0,-0.9930663567236974,-1.0504393257872882,-1.1332253460441013,-1.0789895542194372,-1.0336520568270158
2180,,0.0,-0.7889191284472642,,0.0,-0.5623260418850409,-0.9131484969397073,-1.0000002643334798,-0.6996798511673502,-0.7373668692292731
2181,,1.0,-0.9487529787623487,,0.0,-1.156802033628533,-1.2655982392649927,-1.0103538967235237,-1.0980210802651098,-0.9103556098701997
2182,,0.0,-0.5243999664515349,,0.0,-1.3005699412017044,-1.1529586333822281,-1.213109327222876,-1.3338262052018317,-0.9006361572515534
2183,,0.0,-0.45634903194295207,,0.0,-0.31018844997130035,-0.4764810761857237,-0.5403671097178203,-0.5392724436008197,-0.5389568832922927
2184,,1.0,-0.7855761389704217,,0.0,-0.8096649974271075,-0.85623128971043,-0.884044603092906,-1.1272679362773201,-1.0118607602108913
2185,,0.0,-0.43758389198976877,,0.0,-0.7702056866987094,-0.7501450456268905,-0.7920536865005937,-0.6049276218777087,-0.574339958426903
2186,,0.0,-0.3795005243121449,,1.0,-1.0127278946441098,-1.1045759754771987,-1.1127011577082813,-1.3599610605726435,-1.0485532842628322
2187,,0.0,-0.5801406872884852,,0.0,-0.9185460804559259,-1.248405486782004,-1.1476453475189625,-1.2550837388569323,-1.0293449763529574
2188,,1.0,-0.7122292344566724,,0.0,-0.4654760897520376,-0.6310983331077858,-0.6035785707342542,-0.7487988867977745,-0.37860611928567134
2189,,0.0,-0.09527350586229295,,1.0,-0.3259881973957512,-0.6688492423692618,-0.5948193017500891,-0.8146415104440717,-0.6513281253489408
2190,,1.0,0.03197309624987964,,0.0,-0.3495598855164201,-0.5679506758120455,-0.45848063810297934,-0.4950438137845126,-0.3383591410645444
2191,,1.0,-0.30167753285510296,,0.0,-0.08233162321329164,-0.43265405056197237,-0.11175789861897484,-0.7561575959697575,-0.16458328177270967
2192,,1.0,-0.2947194852253715,,0.0,-0.2540482457012796,-0.5361836480229006,-0.3168768922106035,-0.7091705068054774,-0.10692015299521179
2193,,0.0,-1.2624566796428078,,0.0,-0.8290327066087586,-0.861630941223079,-0.6709888489512115,-0.8894792658875369,-0.9113293172740572
2194,,1.0,-0.30594772721656255,,0.0,-0.7422735335809647,-1.1467482008574996,-0.8667322076692552,-0.7718864474362724,-1.0051202260788787
2195,,1.0,0.3334376918766309,,0.0,-1.021138251836643,-1.0053846437744784,-1.0304768559524102,-0.9913484805215522,-1.0713769781857267
2196,,0.0,-0.1721317702769757,,0.0,-0.4411219128927554,-0.496698939428262,-0.40133454841987065,-0.5141160749241941,-0.519133486092673
2197,,0.0,0.3071588518996924,,0.0,0.06488052054687692,0.017585846328301045,0.005169688049581736,0.0999554479547244,0.17100696223576395
2198,,1.0,0.14098205863943972,,0.0,-0.03329705220654414,-0.3974095126228888,-0.42084204319052676,-0.43416716049401205,-0.3323284044687353
2199,,0.0,-0.07231873085405024,,1.0,0.10633991618738954,0.13097880532099593,0.2373434058683319,0.2394195852478972,0.0703452414998804
2200,,1.0,0.15865437304284263,,0.0,-1.0366312193058258,-1.032112737931402,-0.8180626166891651,-1.224835293171031,-1.0872614452565335
2201,,0.0,0.5264372713293598,,0.0,-0.981940880451111,-0.9825006388560322,-0.8178560217435291,-1.0788761398576938,-0.9477565630759898
2202,,0.0,0.05957419985429676,,0.0,-0.02115482825087083,-0.07864252732303714,-0.06850779112512562,-0.045197962250636214,-0.04175929741500256
2203,,1.0,0.639886189017769,,0.0,-0.5613559052982555,-0.7402746345769023,-0.6538261440674987,-0.714083697247141,-0.554940187514597
2204,,0.0,-0.7921317070597388,,0.0,-0.7036142408753118,-0.7617938803196704,-0.8115196812343033,-0.8307824088361173,-0.7286636914509982
2205,,1.0,-0.009796982273941558,,0.0,-0.7589184672556795,-0.9714638087580308,-1.0498580046317816,-0.7556918699340326,-0.8397664844603986
2206,,1.0,-0.37563863292194727,,0.0,-1.0811894216398223,-0.8767219838202083,-0.979066631313884,-0.9696922487201889,-1.0502050970497312
2207,,0.0,-0.28937422391646644,,0.0,-0.978852489686385,-0.9905753551450245,-0.9607762237554079,-0.9459247247312467,-0.8846204610892703
2208,,0.0,-0.15173937533306509,,0.0,-0.44505377094713217,-0.4454297287323976,-0.4211142277919701,-0.3989624921260676,-0.19985255540634594
2209,,1.0,-1.0245306895946888,,1.0,-0.297449019885224,0.06832599968448376,-0.2615039454641744,-0.26544543414027943,-0.179666794571717
2210,,1.0,-0.569860078484293,,0.0,0.43898506737722626,0.6222253833163479,0.23761355478781734,0.3137070824913542,0.6483692307283164
2211,,0.0,0.014234346122818688,,0.0,-0.11485287058788557,-0.21520285050250107,-0.09091664255433415,-0.1937141125382492,0.03778731891432439
2212,,0.0,-0.8889935241897363,,0.0,-0.35203579190794265,-0.37984359879754703,-0.4886783155802134,-0.4422271635349082,-0.48112858690280697
2213,,0.0,-0.17992739981686007,,0.0,-0.9778765136895802,-1.1566808649346643,-1.0351808078737634,-0.9035957759113749,-0.9768861002515662
2214,,1.0,-1.1546969377989336,,0.0,-0.6015307058300337,-0.9101654530243959,-0.6658900187174857,-0.7936137135224769,-0.7404617183373449
2215,,1.0,-1.2046648410725362,,1.0,-0.8465221815767229,-0.8362811493899437,-0.8965347243641067,-0.7919914170477084,-0.9531651314204467
2216,,0.0,-0.5761062871162671,,0.0,-0.8834712936142629,-0.9624376242673566,-0.9134225414068028,-0.7353323191851323,-0.8458336561253732
2217,,1.0,-0.3938917028480405,,1.0,-0.026291180302007923,-0.27396856404443193,-0.14926823443245596,-0.18387962897760232,-0.4925695618935769
2218,,1.0,-1.0658185376112563,,1.0,-0.7792024446472368,-0.8416900351751235,-0.7562353083032112,-0.6144869415224172,-0.7751213194313444
2219,,1.0,-0.43387743940448753,,0.0,-1.009181870327132,-1.1107168285369757,-0.6439769199204145,-0.7570991721817885,-0.8373072099776145
2220,,0.0,-0.9139205489494299,,0.0,-0.814501749838812,-0.9059418657907843,-0.9214847107046709,-0.8309441050158621,-0.8294038630804283
2221,,0.0,0.6671766516967867,,0.0,-0.896412099971456,-0.8959751310373479,-0.9095196198606659,-0.9164202022388875,-0.9127818570846742
2222,,0.0,-0.20789197711622037,,0.0,-0.10104194470281481,-0.5172823757239439,-0.13241984587084177,-0.51997716601075,-0.13266448422794141
2223,,1.0,0.5199321035643456,,0.0,-0.5664555306863499,-1.0404014350263078,-0.7159731724031505,-0.6973815598584425,-0.377394578222488
2224,,1.0,-0.016511258952693463,,1.0,-0.9568226208358338,-1.0758759243806453,-1.1220047251807956,-1.257467001139266,-1.0911222050647977
2225,,1.0,0.4524624951140012,,0.0,-0.6085250983961472,-0.778523869603527,-0.7104737241328055,-0.8925581310920695,-0.5960809881993285
2226,,1.0,0.2083333758520328,,0.0,-0.5789058911791211,-0.93496820775932,-0.6426018160437196,-0.9361874679090793,-0.3569667807462757
2227,,0.0,0.03141675380831746,,0.0,-0.5638496837298544,-0.7573064734941137,-0.5699958141321273,-1.1318427488197331,-0.4387592063404183
2228,,0.0,-0.7564569485328604,,0.0,-0.3657627766897296,-0.632832032118622,-0.41061675171206935,-0.5932900674503355,-0.4124701582880568
2229,,1.0,0.1066385023793487,,0.0,-0.07987708247235152,-0.5059531324947698,-0.09995688279353844,-0.5396941806760687,-0.21573335901049773
2230,,1.0,0.28780051805005763,,0.0,-0.8372034444687264,-0.9650312438790926,-0.7615355417420345,-1.2137142831065648,-0.852498481648033
2231,,1.0,-0.042768906467568465,,0.0,-0.5150419621496799,-1.0646744024714725,-0.8674285777193496,-0.8872384753351233,-0.7337304192053254
2232,,0.0,-0.20305029195344435,,0.0,-0.6305231917864087,-1.0115199446829857,-0.6925480077105719,-0.8069393091408366,-0.5142335631136559
2233,,1.0,0.33925234583760777,,0.0,-0.21678461110622047,-0.5416446003891131,-0.35374272222292036,-0.24382021460179765,-0.4151562519338264
2234,,0.0,-0.4585594167192465,,0.0,-0.2874250355496985,-0.5527858978217299,-0.3817018422291338,-0.6616398886706396,-0.080965949127167
2235,,0.0,-0.07855243693295362,,0.0,-0.6729322417093363,-0.8177668514924049,-0.5919370149337118,-0.7643614137246384,-0.5009125904274219
2236,,0.0,0.0925111267831556,,0.0,-0.4697126066126712,-0.8501782729854546,-0.5351334186433064,-1.0220848776765794,-0.2952445029611745
2237,,1.0,0.1986236405605065,,0.0,-0.7367658799679175,-0.8312206637685267,-0.631426714949054,-0.7373467649199499,-0.6210053184062584
2238,,0.0,0.026390262198745913,,0.0,-0.7694461993994853,-0.8405175048783626,-0.8180966313961366,-0.8393940666980529,-0.79950100883744
2239,,1.0,-0.17236805296387733,,0.0,-0.9418455997739867,-1.015693843960379,-0.923132498365986,-1.134250823031009,-0.9607889593356542
2240,,0.0,0.1344973066714932,,0.0,-0.755025937285298,-1.0313502343383913,-0.7668758532287919,-0.7331432517922619,-0.5638379180214067
2241,,1.0,-0.639165823335007,,1.0,-0.16844755880239087,-0.5406127174488911,-0.36326157086728467,-0.6132201965517614,-0.19688725533825627
2242,,0.0,-0.20238122928194058,,0.0,-0.34146320470722674,-0.5904287683574667,-0.42389454637286866,-0.6748457378659598,-0.47816293390221665
2243,,0.0,-0.10631965062955946,,0.0,-0.28117487720868,-0.5736744867184284,-0.3078940547201071,-0.5512319279252367,-0.3389376603462259
2244,,0.0,0.10603013915027676,,0.0,-0.6799243015182712,-0.9275744704459115,-0.8479531594461076,-0.8148514583614188,-0.5650861331559454
2245,,1.0,-0.3186877063876913,,0.0,-0.5952881862287169,-0.7303590797035913,-0.6451786079359864,-0.9071736780088839,-0.3460166391278185
2246,,1.0,-0.021146937445465735,,0.0,-1.0937470188669678,-1.0921199830027462,-1.2344462751890366,-1.2850067768668036,-1.1120039730151368
2247,,0.0,0.7425583451417379,,0.0,-0.806210477571933,-0.8200009838763094,-0.7342081615471989,-1.0012993666907806,-0.7261557330674382
2248,,1.0,0.5760082035144667,,0.0,-0.7424760303797396,-1.0119925180878293,-0.7168021974634631,-1.0369604985421506,-0.7363065232449935
2249,,0.0,1.0291399410448363,,0.0,-0.6640629574173743,-0.766486902852056,-0.7176920718682883,-0.7603995702328824,-0.6341073534387871
2250,,0.0,0.04853092080387467,,0.0,-0.9802352968178466,-1.3287766702585726,-1.1016719542264881,-1.4323864122122243,-0.9843188664663132
2251,,1.0,-0.014009087340407922,,0.0,-1.150744616730399,-1.2521838238766212,-0.9539091164518745,-1.5372635719143648,-1.2659844744475661
2252,,1.0,-0.3745797137022553,,0.0,-0.521033522437904,-0.5422566689179588,-0.5009869931769533,-0.6578863178604288,-0.3269048709227697
2253,,0.0,0.17654480175475346,,0.0,-0.7487160143856674,-0.8871834613933026,-0.9842483954051799,-0.8633939286097145,-0.7969961779158616
2254,,0.0,-0.9309150661014642,,0.0,-0.3788428213706565,-0.7469645001099177,-0.9353214475405366,-0.7290164248076788,-0.6431323592747831
2255,,1.0,0.24051393367611135,,0.0,-0.9434356419473808,-1.1392873799032115,-1.043419823136377,-0.9963573354020564,-0.8923965576175957
2256,,0.0,0.5525237908586339,,0.0,-0.5378440503493201,-0.9295594528197763,-0.5910028774265772,-0.968520794220799,-0.7586782263861299
2257,,0.0,0.6514583648979103,,0.0,-0.060911165281605,0.06135877116770575,0.025514529585359148,-0.15053885202323236,-0.031418295191348256
2258,,1.0,-0.7462928774237743,,1.0,-0.15183828368855087,0.0863051420638872,-0.0710790635934277,-0.09166643054054863,-0.15435051502338787
2259,,1.0,-0.3732582312063343,,0.0,0.03287174214358254,0.12651049077862395,0.045788507867930754,-0.21700374987495152,-0.11139256682131883
2260,,0.0,-0.03491057930417276,,1.0,0.33112322053820376,0.37311834216076106,0.29391874322109723,0.03650384069711608,0.22924113510095293
2261,,0.0,-0.6622825199932546,,1.0,-1.0549216437356372,-1.1527135320368702,-1.1500107832666047,-0.9940762471915573,-0.7747534636385482
2262,,0.0,-0.8363371655618678,,0.0,-0.633368048664851,-0.609006566215183,-0.5330768055007205,-0.6769395438883586,-0.25068361835936764
2263,,0.0,0.17869986033079424,,0.0,-0.2067618168617435,-0.3885069308948033,-0.15201158516131316,-0.37823936006881326,-0.2096872652456958
2264,,0.0,0.7766565886793841,,0.0,-0.9763066337457101,-1.134091734640143,-0.9506645829593274,-0.9291161511119445,-0.7821665009109323
2265,,1.0,-0.5451399011738222,,1.0,-0.7535184199968268,-1.076581868424248,-0.9368497141548603,-0.9359837232528794,-1.0428075299936295
2266,,0.0,-1.2685344469586766,,0.0,-0.11883647458313817,0.0348772447491494,-0.17153761393438263,-0.16352372970657142,-0.1465920809259515
2267,,0.0,-1.7817119767573566,,1.0,-0.48240436597733016,-0.7696042997905169,-0.6244232185240004,-0.6376570014261242,-0.6024002287833069
2268,,1.0,-0.7882906833295765,,0.0,-1.099972804537516,-1.076069959057251,-1.201069642343991,-0.8289008651776605,-0.8903496143712731
2269,,1.0,-0.6018257790862608,,0.0,0.2317358397821435,0.05957425975271407,0.03971321473264889,-0.06805177198111081,0.16636289446974828
2270,,1.0,-0.25833806118830144,,0.0,-0.21187282496210233,-0.3211678039136739,-0.1052143368063933,-0.24827928950544392,-0.18103134892295975
2271,,1.0,-0.151661049237825,,0.0,-0.29965736720956027,-0.6125480059098294,-0.5192239310709128,-0.7725142535632695,-0.6219320910967238
2272,,1.0,0.044858133575270465,,1.0,-1.0095696129480647,-1.22884005222009,-0.862021967034516,-1.1489024579974991,-0.9765512522169781
2273,,1.0,0.05123488579128888,,0.0,-0.5719315063504898,-0.7050534396791145,-0.6939612669049792,-0.6736667333206531,-0.5858282080242369
2274,,1.0,0.3248517882128704,,1.0,0.1485601628705397,0.1323170042788927,-0.2904989081680712,0.27921211164145626,0.2499073231942578
2275,,1.0,-1.1035392752974682,,1.0,-0.3578166755155786,-0.39556363658646093,-0.4584494420344496,-0.5807837534361644,-0.31145472735654395
2276,,0.0,-0.7730786986103396,,1.0,0.538707851919578,0.5359050659619432,0.4510283836196268,0.23143011925512022,0.47153851571319494
2277,,1.0,0.4805170287298438,,1.0,-0.4462565497443389,-0.46452555482161395,-0.639704011764196,-0.6262912788870533,-0.3670096134793462
2278,,0.0,-0.7530049295467467,,0.0,-0.13137720220151308,0.1835499076993841,-0.1739190883392579,-0.3133789969877067,-0.05006003323125653
2279,,1.0,-0.9625741811384553,,1.0,0.03586484576018869,0.182048739891407,-0.06039335033212696,-0.12359845649616336,0.02837643484030105
2280,,0.0,-0.2329890132601117,,0.0,-0.09273011192481388,-0.101047283649777,-0.035162330127421156,-0.19744977246281945,-0.16050668817660857
2281,,0.0,-0.3910211242332713,,1.0,-0.28637979785028794,-0.5100245336069715,-0.7107667698185057,-0.5335307752208049,-0.3699694752950934
2282,,0.0,-0.3030107746080298,,0.0,-0.30013726114050027,-0.9423928140825539,-0.582726985532416,-0.725161367375702,-0.31209833113181346
2283,,0.0,-1.3785931640765137,,1.0,-0.7558149402550147,-0.9606018765759072,-0.888278018409469,-0.9644126232569145,-0.7265675516946456
2284,,0.0,-0.4267628544696139,,0.0,-0.3065632150507401,-0.7700662089366161,-0.3901752051726279,-0.8326271623824709,-0.38770498796861397
2285,,1.0,-0.08583891814013048,,1.0,-0.19941825305461836,-0.5762321591455944,-0.335555543177597,-0.7737529246334062,-0.13383413594075666
2286,,0.0,0.3136543079474598,,0.0,-0.14648242220526564,-0.21545922591550165,-0.044764358029639566,-0.6174179003489562,-0.05651326958642494
2287,,0.0,-0.24355593231041214,,0.0,-0.060153911781420426,-0.3443253700273387,-0.2109451664214654,-0.4674600159473781,0.1364238325804224
2288,,0.0,0.09890396877835993,,0.0,-0.4156306375036336,-0.6911938785179004,-0.5110109053131965,-0.6994917834982837,-0.44524054462627854
2289,,0.0,-1.0006078197885147,,0.0,-0.3682323239025078,0.10280567095689923,-0.4071608565478361,0.044263195140874505,0.02625772216117333
2290,,0.0,-0.6430861290429866,,1.0,-0.573655782609391,-0.4566865392542723,-0.7321925094487077,-0.7114074614431422,-0.6333529880515514
2291,,1.0,-0.6228718257607901,,1.0,-0.7988903457166755,-0.4639412902395094,-0.6917640183215097,-0.5799766726875206,-0.3063089116863712
2292,,0.0,-1.0853395758527704,,0.0,0.5877080269663914,0.5930749442137463,0.5282678935801266,0.3867103419348601,0.47654805583659515
2293,,1.0,-0.8365107616034799,,0.0,-0.44031788239755437,-0.4251842637258619,-0.3822938109244606,-0.3441735411298208,-0.19169048226524002
2294,,1.0,-1.3341656378666935,,1.0,0.6156398211146911,0.493820938176393,0.3894891545777215,0.3359358345533449,0.43116174208468594
2295,,0.0,-0.906827250036164,,1.0,-0.5328224510754446,-0.4660889205212337,-0.6045778992122571,-0.7670822216081028,-1.1004102015375166
2296,,0.0,-0.9129143009350233,,1.0,0.3080344154510135,0.23335700885944435,0.15730256603534556,0.1553075032557462,0.12643977162764053
2297,,0.0,-0.9872982286865052,,0.0,-0.4007865297365249,-0.6883011988931038,-0.6677461487259574,-0.5918842211009697,-0.5352812211269312
2298,,0.0,-0.6387404193470225,,0.0,0.2839416860510665,0.25190729643990484,0.06820942673065394,0.16464310018426032,0.2429001407178971
2299,,1.0,-0.9849611431647388,,0.0,-0.6577551675772326,-0.646396894489426,-0.9364487951707242,-0.8201244379419147,-0.48270225097220226
2300,,1.0,-0.6823603666783201,,0.0,-0.4696061012341149,-0.8205997577349532,-0.9224311066488281,-0.8528373962012673,-1.0097331765521391
2301,,0.0,-0.468930499707918,,0.0,0.07281858233273392,0.1140375012876866,0.0007567223723976989,0.08659555708084064,0.20109768008060785
2302,,0.0,-0.0974520168094089,,1.0,-0.3283129733196723,-0.5069579674107355,-0.3720410074568381,-0.4716260232632173,-0.4860550709907999
2303,,0.0,-1.1545194484616823,,1.0,-0.6181324045559061,-1.0317120274295213,-0.8028523430781371,-0.6584255215818599,-0.8756764404276517
2304,,1.0,-1.91611620593679,,0.0,0.17039902723273603,0.12356110823637474,0.0750206143521838,0.05220422877884778,0.2048953112692623
2305,,0.0,-1.076770489141129,,1.0,-0.1919622862125706,-0.17324992715608414,-0.01898449652625828,-0.2743238097173356,0.008574799434200298
2306,,1.0,-0.7550772166285084,,1.0,-0.6744292660381246,-1.1340499173561394,-1.0163233475445945,-0.8626056379734278,-0.8469383681670778
2307,,1.0,-1.1272679362773201,,1.0,-0.9562369730915374,-1.1332346043229256,-0.9498970528477118,-0.8664572394335969,-0.8685842311965734
2308,,1.0,-0.6049276218777087,,0.0,-0.43619287857774497,-0.4961990437578103,-0.29203486700620046,-0.6588625082713688,-0.054507641105592405
2309,,0.0,-0.7487988867977745,,1.0,-0.46149984122083104,-0.4870891062379716,-0.32019383884037916,-0.6488272075911091,-0.07071707068162066
2310,,1.0,-0.4950438137845126,,1.0,-0.535254704192577,-0.5587735342796504,-0.5662978829955803,-0.6629588234823575,-0.34253415107907775
2311,,1.0,-0.8894792658875369,,0.0,-0.4253346267402953,-0.7577538530521838,-0.8301430530760328,-0.8478646839081416,-0.42467148107882324
2312,,1.0,-0.9913484805215522,,1.0,-0.7683842586519428,-0.7385854010391891,-0.6479021514593464,-0.8456627968218694,-0.4693828749417881
2313,,0.0,-0.045197962250636214,,0.0,-0.5432210630363391,-0.38350732063448856,-0.6848709233980832,-0.6781122730158381,-0.417104229940932
2314,,1.0,0.3137070824913542,,1.0,-0.6636607913354232,-0.5028009004904477,-0.734519714150616,-0.6174720306291465,-0.4632401195703277
2315,,0.0,-0.7353323191851323,,0.0,-0.10639414900174983,-0.1333651745812721,-0.153991340931982,-0.11618377951801247,-0.15969068381630588
2316,,0.0,-1.257467001139266,,1.0,-0.12443106395959239,-0.3787099535641082,-0.15219215951385898,-0.42442797023843937,-0.34512060547272727
2317,,1.0,-0.8069393091408366,,0.0,-0.533896915004713,-0.7154124146537861,-0.9559418456199248,-0.6489184190747029,-0.7550939325900708
2318,,0.0,-0.24382021460179765,,1.0,-0.7320268456437283,-0.7408833832405559,-1.071721354311089,-0.7620491401021431,-0.8941596926552675
2319,,0.0,-0.8393940666980529,,0.0,-0.10987799497764314,-0.24271592296222216,-0.4094457684500729,-0.2516684532708211,-0.04586720893864439
2320,,1.0,-0.6748457378659598,,0.0,-0.4176282028643511,-0.2280743174274011,-0.24224325211609102,-0.21984420629040322,-0.24003976919019868
2321,,0.0,-1.0369604985421506,,1.0,-0.5800263506930056,-0.21485603853482835,-0.2415547871613034,-0.10881349371346613,-0.4655983143582035
2322,,0.0,-1.4323864122122243,,0.0,-0.2583103314162132,-0.3832988822688459,-0.20315324822505626,-0.2765487044427321,0.013959351657229328
2323,,0.0,-0.8633939286097145,,0.0,-0.6586220923632263,-0.5855889927413331,-0.9230544486836203,-0.6170487494580327,-0.7482171721877324
2324,,1.0,-0.09166643054054863,,1.0,-0.5398292932454949,-0.5111405537706067,-0.6462460707149824,-0.47509045381887427,-0.8215705708048897
2325,,0.0,0.03650384069711608,,0.0,-0.6804746192017784,-0.5720908165782307,-0.6006807992119,-0.5387971630222188,-0.6215053199004543
2326,,0.0,-0.6769395438883586,,0.0,-1.0612745975313644,-1.2351956661717394,-1.2545147511529862,-1.3764250369599078,-1.0774645248923693
2327,,1.0,-0.24827928950544392,,1.0,-0.8598446022183429,-0.801936345864973,-1.1477568364058028,-1.144759806345967,-0.7783865056446636
2328,,0.0,-1.1489024579974991,,1.0,-0.8376324005064558,-0.7601084885316913,-0.8571214208964834,-0.9561209969910864,-0.6412446416339195
2329,,1.0,0.27921211164145626,,1.0,-0.02050283058177113,-0.05347889387830685,0.09942445419737517,-0.02269993922748007,0.21340989816796904
2330,,0.0,-0.7114074614431422,,0.0,-0.048478855857785816,-0.07335094976185785,-0.11671786964628802,-0.004103845150775778,0.03541472597514087
2331,,1.0,-0.5799766726875206,,1.0,-0.28648139102560755,-0.44903397588364813,-0.48219362618665573,-0.5031903682670703,-0.46334398006419053
2332,,0.0,-0.3441735411298208,,1.0,-0.2580546547695004,-0.06297966642379778,-0.10819337994071704,-0.26593232338770173,-0.1590214009496878
2333,,1.0,0.3359358345533449,,1.0,-0.6131279663736529,-0.6097037934694988,-0.8891900399235929,-0.6101695496278049,-0.5685002699828438
2334,,0.0,-0.4716260232632173,,0.0,-0.3250702764548977,-0.4251342940374658,-0.4048182693167327,-0.3385148855324216,-0.5131687865681239
2335,,0.0,-0.6584255215818599,,0.0,-0.08750820744471083,-0.03219189047310839,-0.042531867011954744,-0.5977309427690417,0.027998258878265597
2336,,0.0,0.05220422877884778,,1.0,-0.17307525258510617,-0.26106977806361104,0.025239308708130393,-0.4368537404729411,-0.11084096463868504
2337,,0.0,-0.8664572394335969,,1.0,-0.5590388797177968,-0.9747016260542413,-0.6339686776970781,-0.4377861965946318,-0.7922338566730226
2338,,0.0,-0.6488272075911091,,0.0,0.32000367224640136,0.43368615999591276,0.03306938071502081,0.27112800561204636,0.46367527139862225
2339,,1.0,-0.47509045381887427,,1.0,0.2282351053931087,0.09169266346509754,0.1711261409275774,-0.26667211644759353,-0.04053982304824538
2340,,1.0,-0.5387971630222188,,0.0,0.19777471002497146,0.2556451909827112,0.25679643179829564,-0.1140732635914446,0.1812010576064313
2341,,0.0,-0.02269993922748007,,1.0,0.09955392838933295,0.09641885002572766,0.13312335105035375,-0.23996712405911558,0.1914250562402451
2342,,0.0,-0.004103845150775778,,0.0,-1.0877973416005107,-1.201975729711883,-1.3942230118670909,-1.5650329496632402,-1.2904157595131378
2343,,0.0,0.597522552747664,,0.0,0.623710608624436,0.49597695856305607,0.48583078117442113,0.597522552747664,0.4821838712605181
2344,,0.0,0.3818876891747259,,0.0,-1.1237995376968812,-1.3612772309402972,-1.1239939505451755,-1.2266381136742706,-1.0834403393597196
2345,,0.0,-1.0727128461331095,,1.0,0.7090206331411582,0.366983881044044,0.6323821539881342,0.3818876891747259,0.6132883055957892
2346,,1.0,-0.8061146820510858,,0.0,-0.8369350373901152,-0.9209652721445654,-1.0055003003511371,-1.0727128461331095,-1.1933953391693415
2347,,1.0,-0.6190576838365982,,0.0,-1.1426149914999373,-0.25077001811051625,-0.2969230076018825,-0.5455977415923216,0.09291486590330736
2348,,1.0,-0.9142023246736204,,0.0,-0.9221508803034969,-1.0143187204452537,-1.246894696986928,-1.1544622925859582,-1.0524246384160174
2349,,0.0,-0.5281467324244553,,1.0,-0.6056317901167128,-0.4674958286849401,-0.4105883832391455,-0.8260692048825029,-0.62094741839338
2350,,0.0,-0.9639540951547636,,1.0,0.06950228023143498,-0.12234703966147843,0.14397722344909986,-0.3735651115968499,-0.05977465147201167
2351,,1.0,-0.7758272479841835,,1.0,-0.6129662281016223,-0.9418132894546168,-0.5761861028419866,-0.8107742957180962,-0.6974709106708613
2352,,1.0,-0.411765203947393,,1.0,-0.7297826249173888,-0.4821032104324524,-0.26268190764792493,-0.37170394523177513,-0.4443340570389913
2353,,1.0,-0.5361187792276829,,0.0,-1.0576355224299139,-1.123830574593847,-1.1533792709824213,-1.1765222422688948,-1.1681441101432855
2354,,0.0,-0.5901783776044763,,1.0,-0.4828863568495537,-0.7182294190597159,-0.9765526250649449,-0.7491872446647737,-0.5831996144222852
2355,,1.0,-0.7337449086683338,,1.0,0.5326657609772579,0.4326218851954089,0.26241069562571573,-0.012361480434229905,0.34590731025635973
2356,,0.0,-1.010461136322449,,1.0,-0.7470156640303158,-0.798857460035552,-0.7335907310908306,-0.7542558298621518,-0.7441252230275995
2357,,1.0,-1.0261058058805992,,1.0,0.6113759473456227,-0.5967719884145977,0.6277795622421563,-0.08671104878511528,0.9161984853893756
2358,,0.0,-0.6658047942275829,,0.0,-0.39050195985301417,-0.6481653169388202,-0.5287252426095196,-0.2540118335150374,-0.2676917471341424
2359,,0.0,-0.8292404510810351,,1.0,0.24359551235590388,0.1452303246320295,0.5276372915034545,0.35490816135551007,0.39192990939337546
2360,,0.0,-0.7099297083760812,,1.0,-0.6822348994773366,-0.6113181805481254,-0.6159445822181696,-0.8061146820510858,-0.4517727539361602
2361,,0.0,-0.9473163747307846,,1.0,-0.7339822415491261,-0.7053342319831627,-0.8252307696977148,-0.6190576838365982,-0.3343958591152394
2362,,0.0,0.11348040787296802,,1.0,-0.8290353690123001,-0.7343942725763345,-0.7913317679917518,-0.9142023246736204,-0.35796041923629723
2363,,0.0,-1.0245576480542788,,1.0,-0.581405799303639,-0.6637784961768037,-0.5582327755242721,-0.49314592833804144,-0.19243744454724213
2364,,1.0,-1.128969326887836,,1.0,0.07341652889815974,-0.013279630023429408,-0.04044243175758199,-0.11034959522739246,0.1687929429217472
2365,,0.0,-0.3901697605037158,,1.0,-0.6744160630355864,-1.071000173240825,-0.7538958109231958,-0.9172939077639547,-0.9281034077492396
2366,,0.0,-1.3865920644615932,,1.0,-0.012647017658652787,0.12766929954767606,-0.46882241440880307,0.06699360367111712,-0.07442159962902319
2367,,1.0,-0.6578592669759252,,1.0,-0.7508201539398844,-1.2553609745422873,-1.0971342142861875,-0.8407686023484933,-1.0808772874551897
2368,,1.0,-0.47523748501455043,,0.0,-1.0167245917793972,-1.0205919493782376,-0.649122608801758,-0.9958015261987896,-0.834266699559654
2369,,1.0,-0.10267563881474344,,1.0,-1.45739902652863,-1.0410658861879307,-1.144264505980438,-1.0309365524645429,-1.3972046544473868
2370,,0.0,-0.7407019355362395,,1.0,-0.32255829395738717,-0.28139031258636027,-0.3950907466940887,-0.35867892095475123,-0.43870729271996756
2371,,0.0,-0.4699871818381878,,1.0,-0.02179034480687741,-0.03465367296829797,-0.05829121900354879,-0.25278955784323653,-0.05623685815055033
2372,,0.0,-1.0865971829640888,,1.0,-0.5920484910444404,-0.4287296401280806,-0.4278271739126613,-0.22372712607147757,-0.3552957461109655
2373,,1.0,-1.2363412974557157,,1.0,-0.5956331179982055,-0.7503858909712937,-0.3268680314778238,-0.937849761591431,-0.6949599355541998
2374,,0.0,-1.02373078603824,,1.0,0.2491333557764618,-0.017373617423985254,0.031982633187393944,0.09139873782204304,0.3212155619293972
2375,,0.0,-0.9226986615818815,,1.0,0.33243736072843205,0.18325296804359179,0.11580809997046226,0.1169141887058442,-0.04402512608917358
2376,,0.0,-0.9386608860297012,,0.0,-0.774165133066224,-0.4232490205392971,-0.5030913238339688,-0.7890375512408707,-0.8807233115588343
2377,,1.0,-0.16529817292322868,,0.0,-0.057466154150287996,-0.7153101701755062,-0.09307702687277199,-0.5281467324244553,0.02972332357989957
2378,,1.0,-0.16568705374034612,,1.0,-0.40226474027602077,-0.6690606392882351,-0.7201747472916407,-0.9639540951547636,-0.4809845113985222
2379,,1.0,0.24816563718505907,,1.0,-0.4791081980807365,-0.7018972013200778,-0.6109075443030538,-0.7216072475325678,-0.4317949829119096
2380,,1.0,-0.611900166583289,,1.0,-0.7783975339657552,-0.48760761074784403,-0.7529070481735554,-0.7758272479841835,-0.8607985879878555
2381,,1.0,-1.0402011944736638,,1.0,-0.37435751931955985,-0.7961037613522259,-0.07120542457587975,-0.6375181045487942,-0.11554287952480577
2382,,1.0,1.2537646442716437,,1.0,-0.22249283866622782,-0.7655986918072983,-0.162895751552179,-0.411765203947393,-0.03410090999492686
2383,,1.0,0.681567268746237,,0.0,-0.04605733058995403,-0.18553416329055913,0.017760500649025575,-0.3035406260516927,-0.10484132767139366
2384,,1.0,0.9169043004786824,,0.0,-1.0219620384282715,-1.423031727322928,-1.264965155648598,-1.183222766347474,-1.0451013380204592
2385,,1.0,0.5159586180135894,,1.0,-0.8189996581986517,-0.8896397114449824,-0.5950432851817021,-0.8251914021904679,-0.6907091801648826
2386,,1.0,-0.21852636064928785,,0.0,-0.9389411523424559,-0.8354138723315419,-0.8689294059703725,-1.1302984654751693,-0.7643430360104779
2387,,1.0,-0.6034918349578575,,1.0,-0.8591616332077704,-0.9617186644453103,-0.8925224668657982,-0.7489147561436232,-0.830248732682671
2388,,1.0,-0.6191192941997594,,1.0,-0.051172581661226076,-0.12446097209084532,-0.254852038902463,-0.2496892533373069,-0.283467647282734
2389,,1.0,-0.11311768449295453,,1.0,-0.44140996991638715,-0.8567312143222318,-0.5181550518165928,-0.8721639209310966,-0.5226087374747862
2390,,1.0,0.045920632427908205,,1.0,-1.2347623199467157,-1.310262101975192,-1.3786843752419886,-0.8948298796978768,-1.1506188985882169
2391,,1.0,0.09629347063185836,,1.0,-1.562616309225947,-1.0201331544018926,-1.754828380527702,-1.724268908398183,-1.384602498831383
2392,,0.0,-0.44325608963567775,,1.0,-0.24165324055463056,-0.3835426919860631,-0.20611144679328186,-0.5361187792276829,-0.3400974152862523
2393,,1.0,-0.7848042462695899,,1.0,0.06134071038248523,0.14371292567505067,0.2342587863220036,0.10445064148500409,0.3248301587587848
2394,,1.0,-1.6985118668734465,,1.0,-0.7809322318403247,-0.8908984897316439,-0.5933051439296938,-1.1183640874516847,-0.947151825204205
2395,,1.0,-0.7581841972907634,,1.0,-1.3016533146040952,-0.7354955684496922,-0.8838722234650641,-0.9019587974026997,-1.0814370642194988
2396,,1.0,-1.2116553635157508,,1.0,-0.12755737414449927,-0.35817446647334344,-0.2846660169795146,-0.5901783776044763,-0.24985568345409423
2397,,1.0,0.24081993039090857,,1.0,-0.33487708506252734,-0.5913986664429223,-0.35862378886915197,-0.7337449086683338,-0.6180848220523949
2398,,1.0,-0.4266845949124662,,1.0,-0.11858463411519425,-0.4208699716929637,-0.16573893136829768,-1.010461136322449,-0.5248493913881531
2399,,1.0,-1.2011664119081593,,1.0,0.11737627789594628,0.06134466942826115,0.060273559166016275,-0.004438296449066399,0.20129322184736628
2400,,1.0,-0.6595708161057847,,1.0,0.36385631891354264,0.23751058958974455,0.2567790907918401,0.18014877765354573,0.029308335110626287
2401,,1.0,-1.2131412057196147,,1.0,0.7819716321194633,0.6303410032887193,0.7077844261720603,0.3239575194129082,0.4001514962607009
2402,,1.0,-1.3653735358499852,,1.0,-0.047956678620517425,-0.2417455484069746,-0.09786836414544013,-0.49442212942657643,-0.3906896384319832
2403,,1.0,-1.0359802125156776,,1.0,-0.5822092163525084,-0.7196650153697998,-0.6707256779176808,-1.0261058058805992,-0.952611635512194
2404,,1.0,-0.2272531740073552,,1.0,-0.48934343604915687,-0.5190832449698357,-0.42723539305548214,-0.9049199099603136,-0.515061034993154
2405,,0.0,-1.206108707202797,,1.0,-0.5727007202470289,-0.5202887092299348,-0.9013052507226962,-0.6658047942275829,-0.5868058290830159
2406,,1.0,-0.1831383862686736,,1.0,-0.975801782336015,-0.9043030936025944,-0.9219607565068598,-0.8292404510810351,-0.9942989071506644
2407,,1.0,-0.49662186362790406,,1.0,-0.8123494179609526,-0.7109173056538087,-0.5197344399876004,-0.9807087683380318,-0.34156036054513716
2408,,1.0,-0.08484146742199931,,1.0,-0.17753111011170278,-0.2354775818297061,-0.45354324814625924,-0.7099297083760812,-0.08866686101603234
2409,,1.0,-1.259590953273974,,1.0,-0.3894044020065318,-0.9397469460691885,-0.4929012129462559,-0.9473163747307846,-0.6993910047428431
2410,,1.0,-0.24128003356436453,,1.0,-0.36114658556679524,-0.5748579098600684,-0.602311520412073,-0.5866373921255562,-0.4275238427798342
2411,,1.0,-1.1905942665726796,,1.0,0.054324429490880795,-0.04501145219642352,-0.09100103210272201,-0.12409486992928558,-0.1084949277279662
2412,,1.0,-0.8997036502551301,,1.0,0.20195849107640892,-0.165193007561499,0.13363377393563705,-0.04941673862938563,0.0582827307183093
2413,,1.0,-0.20253443031997195,,0.0,0.2450458425776201,0.3318858003405919,0.30538707248540137,0.11348040787296802,0.28379911702369237
2414,,1.0,-0.5979845953917224,,1.0,0.32060490473987513,0.09809371700058735,-0.12930730205281615,-0.5468583885165846,0.48174550055905113
2415,,1.0,-0.9196961823347936,,1.0,-1.4276993422308406,-1.0768908926150134,-0.9879316403810678,-1.1060261438192587,-1.2706890615132296
2416,,1.0,-0.7747548674034735,,1.0,-0.733151658677158,-0.7262399923932443,-0.8546387699060876,-1.0245576480542788,-0.6770721772181847
2417,,1.0,0.26613601265326786,,1.0,0.8148130090405694,0.7647406174282099,0.6227021088777839,0.1550635692234612,0.4566248998147522
2418,,1.0,-0.6402582954965325,,1.0,-0.0052863968723785735,0.09183829336090783,0.1687518587865936,-0.006051824887708292,0.004901474573324861
2419,,1.0,-0.9749021127474519,,1.0,-0.41447840936319646,-0.8922526919305142,-0.9423231404594014,-0.7756190618803896,-0.7470527877315661
2420,,1.0,-1.0545316636422737,,1.0,0.5969466937350947,0.4933437802124419,0.46424989169576325,0.24539588901519363,0.6372123748064997
2421,,1.0,-0.08953521507737579,,1.0,-0.24443684720112277,-0.26175780470614307,-0.24771843713148117,-0.6902710515564155,-0.35090709415060645
2422,,1.0,0.17546726259428386,,1.0,-0.12853380144007903,-0.7412053276260352,-0.49288189315987097,-0.5829602796085842,-0.4179026712774851
2423,,1.0,-0.8894931520592324,,1.0,-1.5974250337041178,-1.1898292545153106,-1.4769277062774584,-1.5064156470306738,-1.1909102979501205
2424,,1.0,-0.716598274935309,,1.0,0.19306003049019002,0.25046670261323417,0.15678144363479815,0.09437264085057541,0.2716957755600196
2425,,1.0,-0.45337397072990887,,0.0,-1.0473642851339908,-0.8398908137320807,-1.108042759386871,-1.128969326887836,-0.5441049471104268
2426,,1.0,-0.5353523281522218,,1.0,-0.3555217566970374,-0.34782683091781635,-0.16097312446538034,-0.3901697605037158,-0.6601931524122489
2427,,1.0,0.09227872584652282,,1.0,-0.002986631628993847,-0.3491083669544348,-0.20675190929431053,-0.5694028357301594,-0.10883758070906979
2428,,1.0,-0.6817879089134334,,1.0,-0.34947928599271344,-1.1365675765907908,-0.5367099923716513,-1.3865920644615932,-0.10631767346350712
2429,,1.0,-0.38234304802674407,,1.0,-0.2921636592351078,-0.8697506153504423,-0.7234298877551765,-0.6578592669759252,-0.31781908250981916
2430,,1.0,-0.7778523549484296,,0.0,-0.10413083322766427,-0.20819759456540993,-0.2542779111967981,-0.3192146259852793,-0.251729647807247
2431,,1.0,-1.372382801650844,,1.0,-0.6741398735725253,-0.6351197798291658,-0.738161754607298,-0.8179430695763875,-0.8855523778781285
2432,,1.0,-1.130307716805277,,1.0,-0.7869299281886097,-0.8153343567266116,-0.5836862959609738,-0.6000132861182315,-0.6234577905549236
2433,,1.0,-0.6235917004486813,,1.0,0.2867984604667018,0.06956567098636089,0.18111890578335002,-0.2578379642259742,0.23953032552994294
2434,,1.0,-1.0641197662316122,,0.0,0.5017033415788474,0.33910703183159707,0.5863105640044263,0.21980793217693426,0.4247472658519804
2435,,1.0,-0.06704946770983217,,1.0,-0.5121477597884437,-0.28624414924199776,-0.5436384161576746,-0.6853449629560103,-0.6181827022907971
2436,,1.0,-0.044532328215208104,,1.0,-0.8437369266536926,-1.015072441608892,-0.9465914871725326,-1.0099440311790169,-0.6973736015461209
2437,,0.0,-1.0903602334879845,,1.0,-0.8413109911641176,-0.6389468375030003,-0.7709115415020688,-0.7793777681471706,-0.4974552091960845
2438,,0.0,-0.5197856999261149,,1.0,-0.5916570847804565,-0.40177001630575265,-0.6261234480595587,-0.47523748501455043,-0.5181335110791863
2439,,1.0,-0.9402500035235165,,1.0,-0.38689259815717136,-0.18020321060815186,-0.24583974248645984,-0.22691929404126956,-0.0031611679313524347
2440,,1.0,-0.5717095449180187,,1.0,-0.9991460268184735,-0.7782586238993017,-1.1069857291086687,-0.9485584604082828,-0.6494527919631239
2441,,1.0,-0.2772034501644909,,1.0,-0.10672882696287406,-0.15728305326483852,-0.2679349714987197,-0.10267563881474344,-0.09104869732357339
2442,,1.0,-0.29261660523401706,,1.0,0.4359963460091319,0.12969242563481675,0.5931236652699549,0.09008133184484532,0.18405458742424174
2443,,1.0,-0.2556848211172073,,1.0,-0.11089077854888166,-0.16023739922027494,-0.18149538185375994,-0.20494144805070247,-0.004057972438922662
2444,,1.0,-1.0637173073345207,,1.0,-1.0635647918572873,-1.0352223070106068,-0.93647022001835,-0.7058042991256895,-0.7402531825747034
2445,,1.0,-0.6684742773737267,,1.0,-0.697034386520041,-0.847564385524348,-0.917238092256545,-0.5841864152166646,-0.7553550439300254
2446,,1.0,-1.0361401006197104,,1.0,-0.5266676593301617,-0.6459862224215812,-0.6279994312284437,-0.4039859673135475,-0.2986205049617364
2447,,1.0,0.36880578178430845,,1.0,-1.008083126588294,-0.9500476663922992,-1.1467656260758863,-1.0347568671141079,-0.9371783459636123
2448,,1.0,-0.8656035968854678,,1.0,0.3299301635602429,-0.19274320828477984,0.008180290254000905,-0.6206639672698115,0.2916766594297728
2449,,1.0,-0.7518978718567012,,1.0,-0.7815243481168916,-0.9829818299992692,-0.9579418217812096,-0.7407019355362395,-0.6292477158129415
2450,,1.0,-0.20781013181655092,,1.0,-0.7120386575325561,-0.8625192734289643,-0.8281115477415223,-0.6915964780828774,-0.5845524176407347
2451,,1.0,-0.9769758200968313,,1.0,-0.6635997862213624,-0.8388482026222291,-0.9229596266130381,-0.5929590647596514,-0.8916410604083703
2452,,1.0,-1.4380567549425356,,1.0,-0.5650183056744802,-0.3888815676132151,-0.5852908790770949,-0.4699871818381878,-0.5937845321390703
2453,,1.0,-1.475317018552792,,1.0,-0.7644973480193471,-0.7065986018266843,-0.6730074610477165,-1.0098812716455474,-0.6987608138743785
2454,,1.0,-1.3286380934893751,,1.0,-0.7587552719985886,-0.7809619179835965,-1.217552692896671,-0.7693053888859825,-0.6954400690975869
2455,,1.0,-0.39188638947444987,,0.0,-1.131447503232518,-1.0295447997684326,-1.0309238022213563,-0.9345537947090784,-0.9691549776689894
2456,,1.0,-1.752627067842777,,1.0,-1.0525123685255402,-1.0967256201068167,-1.030224608536746,-1.0865971829640888,-1.194646599514973
2457,,0.0,0.7647742606906542,,0.0,0.4803756879431812,0.5288668041701539,0.5682274406368955,0.45287925235291265,0.7237310963530756
2458,,1.0,-0.8087101089109516,,0.0,-0.3893163908897231,-0.5138410142556602,-0.28684020850924513,-0.4167650264458126,-0.1401795243084304
2459,,1.0,-1.0426809095520682,,0.0,-0.8965625023201922,-1.0015684600710002,-0.9642976694762541,-0.9572703001006115,-0.9904913132127229
2460,,1.0,-1.247584826352597,,1.0,-1.3834592490896616,-1.1341602150117451,-1.119857570863842,-1.2363412974557157,-1.342713173331738
2461,,1.0,0.608692328200376,,0.0,-0.6625262621466211,-0.49046762860087073,-0.9010797087636467,-0.8940626720418747,-0.6920920696119434
2462,,1.0,0.02216075918281771,,0.0,-1.764596170501968e-05,-0.25086956608919236,-0.21540693628960814,-0.8050574808579293,0.03788912824760139
2463,,1.0,-0.2504935934934429,,0.0,-0.026604911130388313,-0.04797813936079573,-0.23375731475273484,-0.2221221013235486,-0.24326781265206174
2464,,1.0,-0.8944626771246168,,0.0,-0.09117443201443191,-0.03045455931729108,-0.032829449234386805,-0.33488830044488305,-0.2900293332167586
2465,,1.0,0.05379024110886783,,0.0,-0.6221831688742473,-0.6490817909840881,-0.535349863092597,-0.9076863507690454,-1.0598767047080209
2466,,1.0,-0.09303253934779047,,0.0,0.2600711692365822,0.3428273913619515,0.25797234255473833,0.14509574874702355,0.30540538447203536
2467,,1.0,0.08580089983295253,,0.0,-0.7696181922674795,-0.5269103703533587,-0.46657553193180995,-0.666005501219299,-0.5747150761046562
2468,,0.0,0.053171376018313496,,0.0,0.0184258220251962,-0.16445115503888993,0.06758793734739008,-0.08094392689955138,0.02863133076778941
2469,,1.0,-0.6048945338069154,,0.0,0.8100941435173518,0.42187640203689203,0.5923219551068566,0.0779053521009077,0.6309865557472478
2470,,1.0,-0.3612812500793015,,0.0,-1.1316782611825549,-0.8584642356055784,-0.8603751842001027,-1.02373078603824,-1.0926974092459925
2471,,1.0,0.9769079143501148,,0.0,-1.0755198082730009,-0.8354474897662326,-0.8530701273243874,-0.8808986462081816,-1.0700759857468867
2472,,1.0,-0.8705213345773695,,0.0,-1.0421120203125809,-1.0527289078129942,-1.0755202418431127,-1.0083165413825723,-1.0873687613671175
2473,,1.0,-0.6981456140952006,,0.0,-1.2102336812379055,-0.9238347483121088,-1.0935056614455112,-0.9291731908851975,-1.278840147757029
2474,,1.0,-0.8995964141694707,,1.0,-1.1628107934675729,-1.0633465390600574,-1.096044803031297,-0.9226986615818815,-1.275794761927901
2475,,1.0,-0.8619389848788941,,0.0,-1.064013544091534,-0.7785312927567171,-0.941520626123805,-0.7580779093606278,-1.0548686460251404
2476,,0.0,-1.1440704101904988,,1.0,-1.0451259511743136,-0.8840804586303302,-0.9940022077692423,-0.9386608860297012,-1.3884136782022332
2477,,1.0,-1.2773516231294886,,0.0,0.16233953811435986,0.2993692933240556,0.14640971378772724,-0.016508309819513428,0.30772787830324755
2478,,1.0,-0.46017895417532895,,0.0,-0.31968660551328804,-0.5209838939999288,-0.3843609371618446,-0.7913275355611502,-0.3911272149474049
2479,,1.0,-0.12060316235695592,,0.0,-0.561620948960896,-0.8054392411370879,-0.78044144910578,-0.6688374010702272,-0.6541017682594715
2480,,1.0,-0.20699686170977855,,0.0,-0.7011012952675517,-0.8789780059963902,-0.7153092669569151,-0.7802357409588194,-0.8963594600532004
2481,,0.0,-0.5723054055989854,,0.0,0.03297495624118212,-0.008008911927412689,-0.13070177559651364,-0.16529817292322868,0.0028795105584471705
2482,,1.0,-0.5887001652225394,,0.0,-0.4978336466034222,-0.8327219155314118,-0.658105021823746,-0.8457617682810225,-0.8374759198843124
2483,,1.0,-0.13503181647735427,,0.0,-0.7601955590389552,-0.9462261982865823,-0.9492361909190068,-0.903242401728696,-0.815732365829438
2484,,1.0,-1.5582082152588865,,0.0,-0.35896591141479495,-0.5287614864955053,-0.7898011346756341,-0.644664585899336,-0.7437597850688706
2485,,1.0,-1.453078558169438,,1.0,-0.7674598707578469,-1.1201494946066126,-1.0929247304805338,-0.9891967061842344,-0.9328897734236088
2486,,1.0,-0.5084885233948342,,1.0,-0.8602866803964887,-1.124838123781072,-1.109194593967607,-1.278090732788216,-1.2058523875460443
2487,,1.0,-0.6843413423666258,,1.0,0.14731533267323327,0.027307887636227136,0.09778163218645301,-0.16568705374034612,0.305306834645768
2488,,1.0,0.4228335995698781,,1.0,0.6171819662508807,0.6531167027359618,0.5564755919826246,0.24816563718505907,0.5729732464353102
2489,,1.0,-0.4057480370523635,,1.0,-0.5674136825127714,-0.5719494735164796,-0.6278116754261341,-0.611900166583289,-0.6660574041125473
2490,,1.0,-0.5697373351517915,,1.0,-0.7121265739779937,-0.9862730082833159,-0.9545676044317966,-0.8163998162938246,-0.631520423473359
2491,,1.0,-0.12913834677490033,,1.0,-0.7583661082090736,-0.6542060678459801,-0.7129945954188213,-0.599350444249813,-0.6520102605004474
2492,,1.0,-0.1800592715864263,,1.0,-0.8787844519849889,-0.9900560816354596,-1.002037103764103,-1.0402011944736638,-1.0382540247758896
2493,,0.0,-0.6188031498218278,,0.0,-0.5571973273250087,-0.3898480986138718,-0.5013830867522426,-0.8313699758847228,-0.895700279800414
2494,,1.0,-1.4420089269505005,-2.15,1.0,0.7637216429641746,1.1913945867045341,1.2910199361446884,1.2537646442716437,1.266047669084654
2495,,0.0,-0.7102095824488631,-1.89,1.0,1.0005305244033016,0.9337354715207948,0.9061331803938437,0.9289868290163561,1.0915951613793604
2496,,0.0,-1.3512757252496161,-1.82,1.0,0.7484208445875136,0.6878596164190862,0.6070420559726293,0.681567268746237,0.7089456402667209
2497,,0.0,-1.6934271903249167,-1.82,1.0,0.8777821526616145,0.7367196907120975,0.8359295135741863,0.3743243853081826,0.9422746142134557
2498,,0.0,-0.9616643413508905,-1.67,1.0,-0.22297731655117825,-0.03491029783145937,-0.31960112492781145,-0.3456171174989103,-0.3501332368845275
2499,,1.0,-1.1940298061385362,-1.54,1.0,-0.14311625279315873,-0.14260244123545798,-0.1527261479978908,-0.37985240399745196,-0.3234698467997299
2500,,1.0,-0.6604954418790311,-1.52,1.0,-0.22186826852546268,-0.8035214432505376,-0.619089127887025,-1.243091803462645,0.021744232443165024
2501,,1.0,-1.0335318890055138,-1.4,1.0,-0.5083045709431602,-1.1254710331494286,-0.49750255341131633,-1.3702074024131647,-0.4924795945852846
2502,,0.0,0.3827510014217247,-1.39,1.0,-0.6553590310182718,-0.5922461117397028,-0.7153780856556767,-0.8935501808202968,-0.6996924704334039
2503,,1.0,-1.0759213410085262,-1.3,1.0,0.6072260687465545,0.27613130285077137,0.45167801697122073,0.5170273424071115,0.6078047140458062
2504,,0.0,-1.4595598140958554,-1.3,1.0,-0.4668648965637879,-0.5245794353054163,-0.6849377247427814,-0.7738980654583127,-0.6139569728080179
2505,,1.0,0.6492337688461685,-1.3,1.0,0.023994880349443,-0.01420572702153516,-0.14320960340969474,-0.1484964092318901,-0.1211176685111387
2506,,0.0,-0.9370170438797314,-1.3,1.0,-0.6464236070427112,-0.7133882776215894,-0.7965096254416346,-0.6574287367675877,-0.6564578603249245
2507,,0.0,0.009188955923780275,-1.3,1.0,0.917981375027318,0.769500038390979,0.8044701643409934,0.17543988623950435,0.9071969340373491
2508,,0.0,-1.1088140342035568,-1.23,1.0,0.8646803046142969,0.7080851529391801,0.6619148501288364,0.5226304989789073,0.8526540908071187
2509,,0.0,0.1881232009444452,-1.22,1.0,0.9215701877646882,0.8442373119684117,0.9390194215025759,0.9169043004786824,1.1312359842552686
2510,,0.0,-0.9189365880758464,-1.15,1.0,0.812865066671018,0.926886553921542,1.067645766032919,0.7108732441186669,0.8695196209444263
2511,,0.0,-0.7502588277437344,-1.12,1.0,0.695686752252901,0.8584979522284182,0.7842933883084351,0.5089897976374842,0.8923993533714305
2512,,1.0,-0.6072665048961088,-1.1,1.0,0.25612009221222154,0.6248212317284836,0.29014153843234547,-0.0015322323294685114,0.37562193612827877
2513,,0.0,-0.9030131558936694,-1.1,1.0,-0.1616764950294036,-0.11321383901742368,-0.08421473535767612,-0.1203000201895357,-0.06056231254892848
2514,,1.0,-1.4956346232170676,-1.1,1.0,0.9034904081338561,0.8001745005006801,0.9076659527903946,0.21112897736961087,0.7499357453081619
2515,,1.0,-0.1120751781524581,-1.09,1.0,-0.7726120255466207,-0.48653058532428856,-0.4672550074310898,-0.551124814632476,-0.43498036351725644
2516,,1.0,-0.1867469977639376,-1.0,0.0,-1.1166417400390034,-1.1599502571797171,-1.186258030439403,-1.271860518692089,-1.2454093345901902
2517,,1.0,-1.0939772044942386,-1.0,0.0,0.22704195889611822,0.24280655969568607,0.3371816914463612,0.07380262254479447,0.3391321178817815
2518,,1.0,-0.3291268125845485,-1.0,0.0,0.30268544179056733,0.2613718156307431,0.2869881795474355,0.5159586180135894,0.4213427194839486
2519,,1.0,-0.6749014797001766,-0.93,0.0,-0.5705866416497214,-1.1943011842826345,-0.7995602783785211,-0.9310709408290396,-0.6495754158780536
2520,,0.0,-0.18144488613507753,-0.9,0.0,-0.6509799278613582,-0.9286407013023731,-0.9803635346260199,-0.9723112747401045,-0.9024962457565753
2521,,0.0,-0.16705862813922295,-0.89,0.0,-0.2768992997660711,-0.20305864786807168,-0.19377756623139866,-0.21852636064928785,0.032134231700010715
2522,,1.0,-1.0005254761792788,-0.85,0.0,-0.4965059744196801,-0.6871837315829228,-0.4489794314957791,-0.8128824836357047,-0.7560742664481921
2523,,1.0,0.190156466179022,-0.7,0.0,-0.7869193876753688,-1.0853047572596015,-0.8373915444254206,-0.7732631123070041,-0.7312634402160761
2524,,1.0,-0.8443018801271871,-0.67,0.0,-0.9468186461019261,-0.9280458271802902,-1.0864125400453333,-0.7090677316994399,-0.9093506192916312
2525,,1.0,-0.7471102288225531,-0.67,0.0,-0.6403030997508534,-0.893207583967378,-0.8422856016784539,-0.6034918349578575,-0.8618500817081229
2526,,1.0,-0.34931774252051045,-0.67,0.0,-0.6209227795627748,-0.6163589432835442,-0.3622625227563576,-0.45797567593011357,-0.439729880544888
2527,,1.0,-0.6984303459259512,-0.66,0.0,-0.63410279279878,-0.5795358087727855,-0.246776784033023,-0.6191192941997594,-0.5190091079795733
2528,,1.0,-0.7974125516201738,-0.65,0.0,-0.1463654673055439,-0.23191054660975757,0.0006096952939444518,-0.32301877861482114,-0.11287145249642168
2529,,1.0,-0.2121077781660142,-0.63,0.0,-0.5674028854817742,-0.5869280679625304,-0.674306432821705,-0.6500427050984152,-0.6468352912412894
2530,,1.0,-0.29752928684865737,-0.62,0.0,-0.6078310789459139,-0.806065017104747,-0.7490505592746581,-0.7986073712381712,-0.9310645026277139
2531,,1.0,-0.11737594382264797,-0.62,0.0,0.23332524488295817,-0.004405258879400739,-0.16718782752180272,-0.04893972882725929,0.33286759019735707
2532,,1.0,-0.11841035823441938,-0.6,0.0,0.05213344041666666,-0.167384056044036,0.022394765062922404,-0.213326411232927,-0.05815981898318978
2533,,1.0,-0.8630456065219241,-0.59,0.0,-0.7271802926588803,-0.998000269332547,-0.9262261738814747,-0.7875629725440594,-0.8607276641337529
2534,,1.0,-0.609915726164027,-0.58,0.0,0.35600719436421846,0.17036870728172498,0.3079567357937634,0.004552997114025932,0.3539129452284065
2535,,1.0,-0.8365257588966305,-0.52,0.0,-0.2882568788925855,-0.7462260076890767,-0.49080078498908525,-0.2861909797368711,-0.37185323128602266
2536,,1.0,0.04725502580711476,-0.52,0.0,-1.4810299565649059,-1.1700111120729186,-1.1990254204350077,-1.404290394372762,-1.3095121190980499
2537,,1.0,0.016612895766765164,-0.52,0.0,-0.8003341630929462,-0.8568035897379707,-0.8930687574332075,-0.9792791896519821,-1.0046676234954213
2538,,1.0,0.10862352164735027,-0.5,0.0,-0.24264567434660295,-0.6356045627215706,-0.3988754374846808,-0.3729992241802726,-0.6144629991885501
2539,,1.0,-0.13414943039105479,-0.48,0.0,-0.9606353544792271,-1.0288287013404815,-0.7801497139924669,-0.9011654307013854,-0.9916052530318802
2540,,1.0,-0.11181531862038555,-0.46,0.0,-0.9315954619892086,-1.0023295220804083,-1.0333932935365107,-1.0447550967893187,-0.9314914840892012
2541,,1.0,-0.5360762866462396,-0.45,0.0,-1.0873845055501263,-0.9646446871107809,-1.0117640016284937,-1.0556254947341515,-0.8930779673636148
2542,,1.0,-0.3115646614395532,-0.43,0.0,0.2907702187976928,0.006473254019538487,0.12984004206605576,-0.47814551771358743,0.09182564440019972
2543,,1.0,-0.4217240472872029,-0.43,0.0,0.5671552758994056,-0.8322034058193679,0.29001822159401,-0.11311768449295453,0.5510110321763142
2544,,1.0,-0.6531934456755518,-0.4,0.0,0.6843440935670224,0.5594855686166903,0.5467936894402866,-0.18041808098054885,0.6898647439062697
2545,,1.0,-0.19837158512970027,-0.37,0.0,0.044483529852517065,-0.07983600274456415,-0.3507246126244736,-0.06343966060721724,0.1074039608955993
2546,,1.0,-0.06637309361661496,-0.3,0.0,0.023057242914136633,0.09692010779174269,0.1922187403273392,0.045920632427908205,0.28672324162174967
2547,,1.0,0.055710150831028336,-0.3,0.0,-0.7959610166019839,-0.3934403090288374,-0.5908093601948098,-0.645087392521989,-0.5645236476931638
2548,,1.0,0.14038730207564237,-0.28,0.0,-0.617676170373595,-0.6667552052465594,-0.5925879579417924,-0.8964516648160409,-0.6290771476335898
2549,,1.0,-0.42393488989394024,-0.28,0.0,-0.5977226438486601,-0.5967293759098643,-0.698180107688827,-0.9145715947599262,-0.5953505133237585
2550,,1.0,-0.2896395306644039,-0.28,0.0,-0.8488314336739418,-1.0167124046468674,-1.0555898004613053,-1.2116181120428984,-1.0333423868481046
2551,,1.0,0.05336397325828006,-0.28,0.0,-0.8813201719477937,-0.9732234618735115,-1.1132318871877496,-1.1104499866511945,-0.9553080078371285
2552,,1.0,-0.303511815732218,-0.24,0.0,-0.362526749785655,-0.575618256157729,-0.32846700827460007,0.09629347063185836,-0.23819871070827817
2553,,1.0,-0.1911026350182815,-0.24,0.0,-0.41836866324243144,-0.4716974396398098,-0.29753447275380795,-0.44325608963567775,-0.30650921061177977
2554,,1.0,0.29537351227135394,-0.23,0.0,-0.17610223916697743,-0.06512135693670393,0.09391736155698395,-0.16962488550131327,0.28889330544469
2555,,0.0,-0.10671243938632988,-0.22,0.0,0.2630723287790311,0.17241715400117574,0.2580684276855253,0.45279958106270257,0.2444598256460411
2556,,1.0,-0.36389479494504445,-0.22,0.0,0.05367625799415036,0.3826983613494549,0.05946459406930845,0.2344326452884469,0.1586547348294274
2557,,1.0,-0.48198603706027787,-0.22,0.0,-1.1662645804494913,-0.7066304793596775,-0.8952600695746648,-0.7848042462695899,-0.5702887844634735
2558,,1.0,-0.7608874474732586,-0.2,0.0,0.19320528437760037,0.1019016181958971,-0.05230719660255609,-0.06055162918676417,-0.12341652883101624
2559,,0.0,0.21697082305346654,-0.2,0.0,0.015052391381871854,0.12053301198365735,0.08186490252303032,0.09337476420012045,0.2202036086732756
2560,,1.0,-0.21573081211557157,-0.2,0.0,-0.18649917718173573,-0.1448460209445233,-0.08098140595989048,-0.3509907224300564,-0.12978972686837092
2561,,1.0,-0.2202309072589759,-0.2,0.0,-0.9150922098638773,-0.7719462806422001,-0.99749141426843,-0.8367848634886866,-0.7851404376489505
2562,,1.0,-0.3225017515499539,-0.17,0.0,-0.8518065874428531,-0.8359271476325536,-0.949913922515487,-1.1176991411889359,-0.8385123487750937
2563,,1.0,-0.015355838994693213,-0.15,0.0,-1.4702564706910408,-2.0634810440180167,-1.652598106544015,-1.6270893383615577,-1.8750344675520123
2564,,1.0,-0.009835132419683104,-0.14,0.0,-1.608915323424823,-1.796505602783209,-1.7007330952136863,-1.6985118668734465,-1.9449865828250088
2565,,1.0,-0.04233313522630082,-0.1,0.0,-1.1104118601069437,-1.1735419465264938,-1.3176850712421462,-1.3098889705658407,-1.338096786656897
2566,,1.0,-0.18849002065024012,-0.1,0.0,-0.6305514082081191,-0.3398128466704077,-0.6035480590135914,-0.7581841972907634,-0.5802868068867062
2567,,1.0,-0.30469042537546515,-0.1,0.0,-0.9492475433592762,-0.9749754460121387,-1.00318545837804,-1.1086424352308348,-1.0212432418638884
2568,,1.0,0.14438673619601886,-0.1,0.0,-1.236834516878463,-1.2299923121383962,-1.2753969948439987,-1.3877492231094148,-0.8896416058285579
2569,,1.0,-0.43538613534788334,-0.07,0.0,-1.0045211279135653,-0.8297689665371438,-0.8539947707581567,-1.2116553635157508,-0.8474576063125409
2570,,1.0,-0.015415959356160074,-0.02,0.0,-1.2513552845084905,-0.9653114905663945,-1.4298585577439609,-1.266102381979741,-1.0572136337269737
2571,,1.0,0.26611138445247695,-0.02,0.0,-1.139898712066708,-0.7780272876740545,-0.8703712647934098,-0.9445382867990229,-0.6918433583033862
2572,,1.0,0.026228134125157166,-0.01,0.0,0.20550117194144307,-0.1791755435814507,-0.0006928656457996528,0.24081993039090857,-0.0467999071013651
2573,,1.0,-0.5370013768467318,-0.01,0.0,-1.329986469150989,-0.8844499907209227,-1.0086297738092382,-1.0255046013956766,-0.9444851853162637
2574,,1.0,-0.24325321810314676,0.0,0.0,-0.5851504212988267,-0.5250839357617803,-0.55184518613328,-0.45338046169790747,-0.45957796068414936
2575,,1.0,-0.3079137248499482,0.0,0.0,-1.0727941940809729,-0.7674159598719378,-0.8620658431277264,-0.8467842141943334,-0.9324354949480338
2576,,1.0,-0.05504133536007215,0.01,0.0,-0.7519170051060787,-0.6327042452300138,-0.5973592614910772,-0.5180248267280871,-0.5572529342927018
2577,,1.0,-0.3478882259553955,0.04,0.0,0.03642048977559629,-0.18019268440448438,-0.09804867045645507,-0.2490875232567861,0.030011106252469687
2578,,1.0,0.20818693360787474,0.07,0.0,-0.5209029300932572,-0.3564650409829903,-0.4937170047093225,-0.4266845949124662,-0.5647563372118526
2579,,1.0,-0.8318863011235249,0.08,0.0,-1.5400643520578516,-1.1935200136092559,-1.6237601408499234,-1.4422360138890016,-1.30805882431271
2580,,1.0,0.021882037116951233,0.09,0.0,0.4251753335366054,0.4731150810567152,0.21146525030350874,-0.296031488074864,0.632065744687313
2581,,1.0,-0.6818582181129558,0.09,0.0,-1.2952073480590296,-1.094083785733112,-1.2903981703653744,-1.2011664119081593,-1.2275338528764128
2582,,1.0,0.3647658299580589,0.1,0.0,-0.8694654225683572,-0.6409368802817837,-0.8992297112508796,-0.7842147021784786,-0.7327200781101603
2583,,1.0,-0.035379154839945186,0.1,0.0,-0.910326345784473,-0.5592191116268155,-0.7130311213621988,-1.2479511717669416,-0.8029621662872636
2584,,1.0,-0.08235322652035135,0.1,0.0,-0.7357114927146503,-0.6149338625478992,-0.672516771385767,-0.6595708161057847,-1.270549629092901
2585,,1.0,-0.6073071616713991,0.1,0.0,-0.6546322241450725,-0.18016104707253675,-0.6467174906593708,-0.7138766775137376,-0.6889664396118339
2586,,1.0,0.4715136975412389,0.16,0.0,-1.8326679932289855,-1.2434270808607344,-1.845822200861961,-1.6819942201462572,-1.787601972613575
2587,,1.0,0.34106302678029043,0.2,0.0,-1.351714039310743,-0.9972258176440073,-1.347834616668764,-1.2131412057196147,-1.4007299430895248
2588,,1.0,-0.3001191114760776,0.2,0.0,-1.2603983386031434,-1.007236848465669,-1.2875329050120763,-1.3653735358499852,-1.1187407993953713
2589,,1.0,0.6786862861474373,0.22,0.0,-1.3585857513284985,-0.4417934173216659,-0.7210705788684225,-1.0359802125156776,-1.0374623085284223
2590,,1.0,-0.3968079185962803,0.23,0.0,-0.8959835069626031,-0.26837366916874394,-0.41309951845738035,-0.46445195438875136,-0.9948596209221228
2591,,1.0,0.011713284997108919,0.24,0.0,-1.2797848129979976,-1.0677235774621996,-1.2770599519232813,-1.4086385182079408,-1.491453084744377
2592,,1.0,0.1753453670885117,0.25,0.0,-0.6625563416460287,0.031118325144556987,-0.11573918480551942,-0.28028160367067145,-0.5153497465713428
2593,,0.0,-0.07805307708480054,0.25,0.0,-0.9583176447223757,-0.5793513174851652,-0.5738040175564082,-0.44794497755916374,-0.80811856861123
2594,,1.0,0.2592670163999002,0.26,0.0,-0.17387264176704842,-0.19179981217423375,-0.3090097725901547,-0.4109783260585298,-0.4094083403894726
2595,,1.0,-0.19463680811435807,0.27,0.0,-1.0928427970546044,-1.035510332325028,-0.9627310675714402,-0.5603595772493407,-0.7277819110646944
2596,,1.0,-0.04159630111467974,0.28,0.0,0.10830459286179067,-0.1531450453333244,-0.20985349474084322,-0.17005465933969277,-0.12791631091625627
2597,,1.0,0.20538702694162705,0.32,0.0,-0.9356622261996662,-0.8954776704196542,-1.062504414257482,-0.9443713515643162,-0.7440125877609043
2598,,1.0,0.05565846368566089,0.32,0.0,-0.5685111462754434,-0.4585008092917794,-0.33045280797264814,-0.2272531740073552,-0.8473000337547681
2599,,1.0,0.5937719776054871,0.34,0.0,-0.38461296204746404,-0.29832411717445334,-0.24794273225991106,-0.4104783901086207,-0.21133953441435413
2600,,0.0,0.6626217064042714,0.39,0.0,-1.2776197127266053,-0.6634229092250931,-1.2736045465362522,-1.0102898047707431,-0.9855077519795953
2601,,1.0,0.32340658948730605,0.4,0.0,0.4284239861865063,0.15304338709270793,0.2814129677148328,-0.2053200631855426,0.3866842521771552
2602,,1.0,0.18755882539483143,0.4,0.0,-1.174613046939151,-1.2428151390750644,-1.2786457824134918,-1.206108707202797,-1.2799125964706317
2603,,1.0,0.35929204564128053,0.4,0.0,-1.2327290775872393,-0.8640978301607337,-1.1691789370839165,-1.76008633815093,-1.188217163716221
2604,,1.0,0.1312136683388327,0.4,0.0,-0.13363006708497588,0.035249646111370866,0.025163159964128722,-0.6001405798743809,-0.11191875123953947
2605,,1.0,0.44719736442384833,0.41,0.0,0.08298186241054908,0.049214954472465544,0.34245338530539543,-0.4579137128058482,0.12216125390687624
2606,,1.0,0.5659723567196431,0.43,0.0,-1.2685762275064807,-0.9904909634228728,-1.259500670244815,-1.4532774619465412,-1.7656072683984803
2607,,1.0,-0.29041051045982286,0.44,0.0,-0.485780571353793,-0.6486829386671779,-0.5236209994042677,-1.0399732813714448,-0.7325540091925038
2608,,0.0,0.4349087242664288,0.46,0.0,-0.08942962691253462,-0.03988688237046059,0.10766554494541933,-0.1508873304081929,0.16656442451008244
2609,,1.0,0.32386231308582786,0.48,0.0,0.01058920588344414,0.020084932337082365,0.16372745342564343,-0.1831383862686736,0.02901528580672062
2610,,1.0,-0.338523098255997,0.5,0.0,-1.638432088077232,-2.099071864770166,-1.3356216762820798,-0.41046839066773605,-1.6084019006891523
2611,,1.0,0.703931125670764,0.5,0.0,-0.4365910682000621,-0.5376105804615215,-0.8074082430560852,-0.49662186362790406,-0.5831566700283253
2612,,1.0,0.29598166226997524,0.5,0.0,-0.9506657970934865,-1.255165413193695,-1.208250679823345,-1.3302746655747852,-1.1674331020603772
2613,,1.0,0.13262857475818302,0.51,0.0,-0.9492982337173832,-0.9419544531581232,-0.8089280835502671,-0.9073193845062435,-0.8543803983341597
2614,,1.0,0.3006204663985465,0.52,0.0,-0.16680691395845768,-0.9931133395368607,-0.4591363226214303,-1.0243523728881845,-0.2344882354005368
2615,,1.0,0.017438846713668604,0.53,0.0,-0.5730752883332805,-0.9217421663315416,-0.5032664394492372,-0.9369170117224142,-0.38670858906821753
2616,,0.0,0.4680452809503177,0.57,0.0,0.1328014763603822,0.07137405217143265,0.010143587153492983,-0.04724320239902945,0.10147751367986234
2617,,1.0,0.3667756552403413,0.57,0.0,-0.047176930115284975,-0.46331738963899693,0.0838874643683844,-0.08484146742199931,-0.24985188636791034
2618,,1.0,-0.5511001835988876,0.57,0.0,-0.8079940992407073,-0.8380172242887218,-0.70578664227803,-0.6606886958450093,-0.45125305999363896
2619,,1.0,0.14227049113933574,0.58,0.0,-0.18923080217804555,-0.8131605938065418,-0.5847287059732335,-0.6379010325896337,-0.593712923896233
2620,,1.0,0.3805240932100283,0.59,0.0,-0.820109558980988,-1.1313831857384486,-1.0611887555706412,-1.087748804352881,-0.7824640000519383
2621,,1.0,-0.10808830320636133,0.6,0.0,-0.6689370733998065,-0.5347878713294995,-0.6064565993098666,-0.7809792101253483,-0.7147141814628284
2622,,1.0,-0.16321996414706957,0.61,0.0,-1.2213972621978197,-1.1929929345326193,-1.376693877157149,-1.259590953273974,-1.2417077253606956
2623,,1.0,0.24612506242508536,0.62,0.0,-1.0956164012827203,-1.0726213076934978,-1.0865548721013718,-1.2138902777672889,-0.9407715378474916
2624,,1.0,0.6944413416406781,0.64,0.0,0.6440127413811763,0.5044087755766933,0.6778516706585898,0.18416893595492767,0.6559398101983536
2625,,1.0,0.511226599267344,0.65,0.0,0.012879516157455341,-0.11963217495165392,-0.25672421741435236,-0.24128003356436453,0.23159683236755307
2626,,1.0,0.06919178240764828,0.71,0.0,-1.0908532615190047,-1.1895118718520705,-0.986685680071453,-0.7948220772910007,-1.1812489441429124
2627,,1.0,0.8367770590417951,0.74,0.0,-0.9873725600081712,-1.1398422565873447,-1.125672709171324,-1.1905942665726796,-1.0484246172705847
2628,,1.0,0.6351853889006861,0.82,0.0,-0.8565188796252838,-1.0545575297351668,-1.0291575011432519,-1.0123534303852546,-0.6446115490777405
2629,,1.0,0.96922883504198,0.83,0.0,-0.021935795887620735,0.20837778086859388,0.10681848538572523,0.0716409793358258,0.11516773633237551
2630,,1.0,0.8048811518562465,0.9,0.0,-1.2371299163158647,-1.141050655682895,-1.1123161063175306,-1.051535780177452,-1.0779124189720943
2631,,1.0,0.6875252415565749,0.9,0.0,0.08038693884877807,-0.15616925584758043,-0.0816481073241955,-0.05042568697420248,0.13402140851664301
2632,,1.0,0.33138924844212014,0.93,0.0,-0.9353786686111588,-1.0348563817086536,-0.9777766573321265,-0.8997036502551301,-0.7083006331367535
2633,,1.0,0.8824400667338607,0.98,0.0,-0.4123363037115897,-0.20899194067507068,-0.1381791498180488,-0.5870474647045603,-0.4622964165451623
2634,,1.0,0.7034648057036035,0.98,0.0,0.11591728838477632,0.0007192842606218538,0.23643839200915612,-0.07391522862961751,-0.08374807993886028
2635,,1.0,0.9679827237316141,0.99,0.0,0.7481950860177494,0.6102185728046026,0.5397879708870272,-0.03911294476010956,0.763657318614954
2636,,0.0,0.1554293266228605,1.0,0.0,0.16741881727652233,0.036757098540569376,0.21760029563343014,-0.11674686461067878,0.19283208659767342
2637,,1.0,0.55261475858582,1.0,0.0,-0.22836711170526722,-0.3412409498358815,-0.09100658041915753,-0.501385687269884,-0.3676205143075499
2638,,1.0,0.9296712873140226,1.07,0.0,-0.156685919153061,-0.5128527279460512,-0.24232597200342038,-0.7518685135828628,-0.3377257227355149
2639,,1.0,0.5307130903931621,1.08,0.0,-0.06707361661974547,-0.6120841225327166,-0.376522248131517,-0.6648900404184646,-0.42648222549732456
2640,,0.0,0.6261447820567588,1.3,0.0,-0.2977570252463361,-0.30299890842192195,-0.22590659941694255,-0.20253443031997195,-0.33834048329368055
2641,,1.0,0.7589560019679862,1.3,0.0,-0.8163117464387373,-0.9980715500911983,-0.8665611614247354,-1.0556841459339028,-0.850379271469583
2642,,1.0,1.190572029197619,1.38,0.0,-0.2764363716493353,-0.49950012309602876,-0.046948672835623366,-0.9530462971754917,-0.10677978646767926
2643,,1.0,1.1432540842942431,1.4,0.0,0.18314518901438126,-0.4309544273965019,-0.25436024060776213,-0.3682292100923358,0.16585635396869935
2644,,1.0,1.246291041543217,1.4,0.0,-0.197351098793739,-0.33945088424226355,-0.1994503053461675,-0.1811381516377435,-0.07796314293792418
2645,,0.0,-0.8492131719168311,,0.0,-1.0022436201079359,-0.8734792204470535,-0.9324801673372907,-1.082148768980768,-1.1353231615598347
2646,,1.0,0.09891526412436988,,1.0,-0.15064167348998453,-0.0034590853216164732,0.18671911989870638,-0.2582538838398093,0.3823391586926307
2647,,1.0,0.42032398224975986,,0.0,0.5883640727652631,0.4070115897325452,0.2754174148959867,0.10018000777961487,0.4035297740435657
2648,,1.0,-0.5571474607053531,,0.0,-0.6181736492012838,-0.43290330436271296,-0.8541641639092538,-0.7471907135823681,-0.9410437034981063
2649,,1.0,0.12541408527219056,,0.0,-0.25866225935700554,-0.6758778477727221,-0.5703399406015461,-0.5979845953917224,-0.5264208956449067
2650,,1.0,0.023962655296143855,,1.0,-0.3638175860316211,-0.9376806263169121,-0.46456031336419007,-0.9196961823347936,-0.5571144623682378
2651,,1.0,-0.7102465105460501,,0.0,0.27753624933428395,0.10374619944657473,0.5116773662563787,-0.6124856327202642,0.34667639306897424
2652,,1.0,0.37567418408926245,,0.0,-1.113131831009149,-1.2628509177011884,-1.5612007231706397,-1.6362006600616292,-1.1487373945602386
2653,,1.0,-0.6503984968157411,,0.0,-0.9541875292468462,-0.8569884644468025,-0.8728032651013031,-0.9699426008204495,-1.2013976199890697
2654,,1.0,-0.21641456911566587,,0.0,-1.3445670214999237,-1.3486654880060573,-1.557220457774933,-1.1861044208370517,-1.2650459225262864
2655,,1.0,-0.18473643139142246,,0.0,-1.7143428077652274,-1.016929176383256,-1.5960619230114172,-1.49154877688043,-1.2906170782190525
2656,,1.0,-1.1012441543811475,,0.0,-0.5742436371449318,-0.646857795544011,-0.6756527967576696,-0.38773045558395325,-0.35237392211302565
2657,,1.0,-0.7905425821190889,,0.0,-0.1688146586530999,0.013614725395294828,-0.2093833606566534,-0.8109729358570199,-0.13373244649601682
2658,,1.0,-0.571275195855055,,0.0,-0.6801401603433783,-0.8479226709605664,-0.898512153592806,-0.7747548674034735,-0.7640581924962703
2659,,1.0,-0.9271872974757257,,1.0,-0.11249235473648243,-0.5130692110405276,-0.4230602042771221,-0.38034614564664565,-0.31238051286873836
2660,,0.0,-1.07879403608959,,1.0,-0.43144671942754065,-0.06775715060408107,-0.14176407812733963,-0.12781101299299055,-0.41220872175174655
2661,,1.0,-1.1364574087575539,,0.0,-0.2302140224903518,-0.32033805189385406,-0.42927682217109336,-0.6590885469755098,0.1400961315412326
2662,,1.0,-0.22955427244111787,,0.0,0.2283243633723861,0.5063485099694455,0.12550958593579886,0.26613601265326786,0.6851258584054701
2663,,1.0,-0.620325634997714,,0.0,0.06784690209329264,-0.0153037087393365,0.14183402938129228,-0.4147097413410932,0.23776502644582365
2664,,1.0,-0.43001221869844336,,0.0,-0.13292002187478016,-0.3036753802034004,-0.15451279355625,-0.5374288566203358,-0.02361677520000082
2665,,1.0,-0.5542224653538699,,0.0,0.009218346040208023,0.10688025793827186,0.13146725500762474,-0.587695970295022,0.11366521039380072
2666,,1.0,-0.7389867890641295,,0.0,0.06376340952993087,-0.17976055519216877,0.12111334891697598,-0.4550358044173653,-0.05430925246991727
2667,,1.0,-0.4873117024187374,,0.0,0.29052546947711466,0.20789731327934832,0.4112333733135393,-0.36230750167079584,0.34717565893742064
2668,,1.0,-0.8826856850287257,,0.0,-0.41613569026116265,-0.4230274668581752,-0.41684545273420076,-0.6766528301290198,-0.07768464049364897
2669,,1.0,-0.9367652305117518,,0.0,-0.35572109944987196,-0.8354934914524347,-0.299968013803773,-0.9216607498555548,-0.40614355527823526
2670,,1.0,-0.8872247600021491,,0.0,-0.7477156661376432,-0.6155683233481913,-0.512746773756525,-1.112411451635075,-0.5113510244923818
2671,,1.0,-0.8089491297974336,,0.0,-1.0660974225488142,-1.0734248297947462,-0.750140400501219,-1.1767626568538232,-0.7765291722878825
2672,,1.0,-1.5791548786506107,,1.0,-0.1770991476266688,-0.269098726502808,-0.5215340167446221,-0.25340690545759587,-0.4321982043551481
2673,,1.0,-1.3241502994921066,,1.0,-0.5924698835008809,-0.8692398472629123,-0.5749121779706368,-0.7474399196148607,-0.37606297036337905
2674,,1.0,-0.6381336928232458,,1.0,0.1363256990489434,0.07676440221265902,0.2862328468398274,0.01771220973561719,0.4235948540611683
2675,,1.0,-0.6974549256187984,,0.0,-0.3123378061029211,-0.47003057237190793,-0.5827997788149223,-0.6832754112756318,-0.45934469542263473
2676,,1.0,-0.3115278047147599,,0.0,0.02987865125903277,-0.5946436757658631,-0.068631625720614,-0.6640072881493513,0.1387457122210263
2677,,1.0,0.039014315536078044,,0.0,0.14896446707576944,0.06782611578706277,0.14696334899525973,-0.22927386755038112,0.14620486226493645
2678,,1.0,-1.2522983517378763,,1.0,-0.1478850257701789,-0.3720181042169166,-0.41726783197918604,-0.8221338994765462,-0.16252666095191984
2679,,1.0,-0.40155235259401484,,0.0,-1.3869246901876904,-1.3061869578907745,-1.188415004430504,-1.069044596082809,-1.244862620244138
2680,,1.0,0.5278751630011678,,1.0,-1.0075392287752665,-1.1439940237944484,-1.1421020517210956,-1.097270951200304,-1.0112236378829282
2681,,1.0,-0.36422415950201426,,0.0,-1.1129659578188371,-0.8631941598537808,-0.9939247811858246,-0.7241328733772167,-0.7043012053048963
2682,,1.0,-0.25603250342524975,,0.0,-0.6624329204910248,-0.8495749171541922,-0.8891828577263463,-0.8998363484037916,-0.7846080251298989
2683,,1.0,0.020174448500071083,,1.0,-0.8192559363630364,-0.49361366510401283,-0.7869536625932714,-0.7984225264580908,-0.8778017357436678
2684,,1.0,0.8498904776690607,,0.0,-1.1953043092328746,-1.3735639108386863,-1.358802754882214,-1.4042481053176747,-1.3060463834758553
2685,,1.0,0.4223359558592135,,0.0,-1.170747548143535,-1.1103049902660844,-0.9557536109412484,-1.0244725101799677,-0.9594820798085755
2686,,1.0,0.36358080383742414,,0.0,-0.09169541096751063,-0.40620273837788545,-0.052500181659675314,-0.6402582954965325,0.08452771975790865
2687,,1.0,0.03756865804928082,,1.0,-0.4439847735082582,-0.9361695015862863,-0.4128735686223827,-0.9749021127474519,-0.18593219719636828
2688,,1.0,0.7958333588493485,,0.0,-0.4306166927021922,-0.7886689272304047,-0.32828658424628004,-0.715704586314984,-0.3510263029690812
2689,,1.0,-0.5049992077009816,,0.0,-0.4875836090550188,-0.8484627496932493,-0.5181753136488951,-1.0545316636422737,-0.29043791862086604
2690,,1.0,0.027229947159955678,,1.0,-0.6737604619914214,-0.6980023981718676,-0.5463833664818669,-0.6201311295625497,-0.7317736775912996
2691,,1.0,0.2233779494366762,,0.0,-0.11877224441199666,-0.17927351486247095,-0.2738153900491831,-0.08953521507737579,-0.20608659141689736
2692,,1.0,-0.07101774419755996,,0.0,-0.7151638833574858,-1.0542601052462077,-1.026605729485741,-1.0839695904299536,-0.7112039029100927
2693,,1.0,0.01845880280976773,,0.0,0.10712705587576535,-0.06654014425559429,0.22641889280923405,0.17546726259428386,0.4801613949727235
2694,,1.0,-0.23076117637103377,,0.0,-0.9254235591081643,-2.437626900050447,-0.8499367205931071,-0.9564695130039428,-1.079279920684754
2695,,1.0,-0.706573941137792,,0.0,-0.9726800084373065,-0.7687776361081038,-0.6531181628779283,-0.6068906741115694,-0.6973091184398424
2696,,1.0,-0.7682251367875176,,0.0,-1.0413976996389918,-0.9262990198770508,-0.8511034753894652,-1.1082492135776953,-0.9628480838673217
2697,,1.0,-1.2039755778076615,,1.0,-1.3442290930502765,-1.1627758352545725,-0.9741505808794779,-1.354111108500603,-1.1534191616905585
2698,,1.0,-1.302204402618517,,1.0,-0.5360627629952079,-0.9092764842318546,-0.5921447077581605,-0.9612484020874773,-0.94244965473153
2699,,1.0,-1.130163379085011,,1.0,-0.688708450321636,-0.7218390564869319,-0.8629505743171696,-0.7377618520058329,-0.9657101210688946
2700,,1.0,-0.5620695794953086,,1.0,-1.0446235168221023,-1.1379070966920473,-0.9611405608430604,-0.8894931520592324,-0.8973088284310226
2701,,1.0,-1.4341868117769376,,1.0,0.03611687892163623,-0.2033460400458325,-0.09463446944084632,-0.554100048024914,-0.09782512360840799
2702,,1.0,-0.900015943212007,,0.0,-0.7883852800957061,-0.8271776856560065,-0.8649454539084905,-0.716598274935309,-0.8506385346898164
2703,,1.0,-0.006406808258203367,,0.0,-0.9226550395886616,-1.1430199092166997,-0.6806941250010251,-0.8978612060718999,-0.7122241985732365
2704,,1.0,0.5387379817952562,,0.0,-0.9618162736201786,-1.1392325220648094,-0.9255526179017499,-1.0534566811244297,-0.9281476617836828
2705,,0.0,0.3156249996483378,,0.0,-0.6553817737766839,-0.6081335350304014,-0.7021115508331962,-0.45337397072990887,-0.7795946578816987
2706,,1.0,-0.7302957911774804,,0.0,-0.661357346399706,-0.5502238698095595,-0.6712770101048345,-0.4784706794071637,-0.660561588307299
2707,,0.0,0.1526706583913923,,0.0,-0.7543794987702351,-1.2370267617022066,-1.1101990156841344,-1.1319460055791593,-0.8504889226966224
2708,,1.0,0.10647497100675996,,0.0,-1.0756003236251113,-0.9299544740658826,-0.8886071290931523,-1.045635207719618,-1.1978388240259086
2709,,1.0,-0.05033171165316286,,0.0,-1.1672358689947524,-1.1468654297593959,-1.3220991244405107,-1.2773414283435622,-1.1484981265215173
2710,,1.0,-0.10082282704407235,,0.0,-0.9779374064930524,-1.379125614087925,-1.4403872268438593,-1.1856280418214933,-1.2568121640522771
2711,,1.0,0.015253581852873534,,1.0,-0.549079098364773,-0.4300185934569958,-0.6494803757411648,-0.5353523281522218,-0.650671505437123
2712,,1.0,-0.27718276063812836,,0.0,-0.09306967593356835,0.08216341832394901,0.11477614164234846,-0.366214426841025,-0.10260088563517904
2713,,1.0,-0.06702477255348502,,0.0,-0.9510779287646507,-1.1147602314917768,-1.0322415998268426,-1.1683739595319798,-1.2161716636782862
2714,,1.0,-0.08762860804479707,,0.0,-0.13917971832507037,-0.516544198380026,-0.3299977018963152,-0.4603071358915762,-0.10266991262113312
2715,,1.0,0.647083813652638,,0.0,-0.2561139945991833,-0.7658324700782714,-0.5777133817991329,-0.6824918509916289,-0.2850924771539949
2716,,0.0,0.05409467866356213,,0.0,-0.27106916905067374,-0.3542762653385841,-0.2776335335828098,-0.3874090700071002,-0.2654153921451008
2717,,1.0,0.04761161509828492,,0.0,-0.2554567826337288,-0.40675505247240784,-0.18650178958270958,0.09227872584652282,-0.31908495752998
2718,,1.0,-0.4994134848336788,,0.0,-0.5844075480738001,-0.8601580478031792,-0.6045376364153744,-0.6817879089134334,-0.5992685136516992
2719,,1.0,-0.057595626929378356,,0.0,-0.07781631301772744,-0.35286216853295055,-0.23364432307008043,-0.41589790525913867,-0.1738417920625714
2720,,1.0,-1.0931640738617696,,1.0,0.028489360105182174,-0.12926067015696682,-0.004437772347925695,-0.38234304802674407,0.027415401935817565
2721,,1.0,0.31116955277685093,,0.0,0.4969784476732896,0.28203233739700934,0.6649778095535976,0.1227776686368499,0.3314259639585116
2722,,1.0,0.4913547765720688,,0.0,-0.6510429319963497,-0.7279111565159971,-0.4530531344535047,-0.6529164094037969,-0.623702497714279
2723,,0.0,-0.28020219685919273,,0.0,0.27082761505255915,0.23369899381721912,0.22764928974198514,0.12821198836432546,0.2555570761396614
2724,,1.0,-0.44690837779622006,,0.0,-0.07624331310574767,-0.05373338742676849,-0.1895005462263388,-0.21810963461821528,-0.10402706049679154
2725,,0.0,0.23861646199778078,,0.0,-0.6959437674405483,-0.8057239421094284,-0.719804089339848,-0.7989855776580164,-0.6062488083561925
2726,,1.0,-0.12871124915743604,,0.0,0.4751951808283119,0.3981805643454728,0.6013941010252106,0.31541187560457024,0.32563029417798867
2727,,1.0,-0.3959659851470208,,0.0,-0.7831478900354253,-1.1447404416529638,-1.2450924566314852,-1.1378930365795943,-0.6678702283220879
2728,,1.0,-0.37036718632407617,,0.0,-0.31147926468950304,-0.31448221758512834,-0.3183692030751662,-0.4049765895281801,-0.257393552842826
2729,,1.0,0.6407069970470578,,0.0,-0.06353753467486169,-0.47974693615218356,-0.5415338252134857,-0.6030538582686045,-0.05108269869398121
2730,,0.0,-0.9378148500374542,,0.0,-0.7480321897772667,-1.0003050647655352,-0.9407573348615331,-0.7778523549484296,-0.7825158528602733
2731,,1.0,-0.3834134153897811,,0.0,-0.4511294628578613,-0.4467174711135566,-0.256130555599193,-0.6899103009630809,-0.2428901809261147
2732,,1.0,0.2499079698273601,,0.0,-0.8130264303507333,-1.0615167528759795,-0.9205167318579806,-0.8674797289575239,-0.656455724660647
2733,,1.0,-0.22664659137233548,,0.0,-0.17694927678046912,-0.3400944905252452,-0.2911183612933695,-0.3939726615814761,0.08694937940643133
2734,,1.0,0.3497553460856924,,1.0,-0.9663293665041122,-0.8188095219715591,-0.6529921609775635,-0.7514879580622209,-0.7020890934277225
2735,,1.0,-0.21581612403720282,,0.0,-0.655515552368728,-1.039950695115382,-0.5058713484273277,-0.6452562835201086,-0.5116575536723611
2736,,1.0,0.3509749180212641,,1.0,-0.8768325359011937,-0.7940004263964258,-0.9062585618788639,-0.5764565209868424,-0.7464240395316862
2737,,1.0,0.46152655268877235,,0.0,-0.8134330232652142,-0.8982343782554689,-0.682880331276163,-0.6657131149928543,-0.745338596746516
2738,,1.0,0.03451339142557485,,0.0,-0.3001283923927504,-0.7296825476231615,-0.44682545298955334,-0.8469977985621252,-0.35734974125547336
2739,,1.0,-0.5997138125564844,,0.0,-0.4009673107324458,-0.7049269676984999,-0.7432610637931163,-0.9502816808558419,-0.4617768629328595
2740,,1.0,-0.6750053371190714,,1.0,-0.8292435701307259,-1.0890946915896447,-0.8989494190594024,-0.9662591692011155,-0.8276991087318869
2741,,1.0,-1.4083037597141934,,0.0,-0.5906715854065817,-0.6509156624704944,-0.7851531152336602,-0.6395644572290244,-0.4956808203698436
2742,,1.0,-0.2271046381507927,,1.0,-0.014077589918879353,-0.07776263752087843,-0.08244264565914439,-0.211435008446347,0.103037367436127
2743,,0.0,-0.375957939655646,,0.0,-0.05027395402166094,0.18003802015771214,0.36775049685671135,0.14403438390898476,0.31687071133841904
2744,,1.0,0.4983678297051563,,0.0,0.02039400386484876,-0.36071863705813273,-0.14056252187381402,-0.5304845041059759,-0.2791124185005981
2745,,1.0,0.24889852079889063,,0.0,-0.9315342633078797,-1.3647389171842061,-1.3486828647383782,-1.0539003167230803,-1.0103151121974094
2746,,1.0,-0.11192024399552765,,0.0,-0.7435496867316143,-0.7630469903098341,-0.6610723249853051,-0.5785152587330886,-0.7827229244470443
2747,,1.0,-0.8255571620909502,,0.0,-0.7023465728016635,-0.7884882515569713,-0.6525030986797529,-0.6394334617851463,-0.5943993746782399
2748,,1.0,0.5301362528863608,,0.0,0.26159885505349456,0.1892334493107699,0.44709971563857215,0.11204596959243625,0.09741965005322027
2749,,1.0,0.17610508581146941,,0.0,-0.046578103440936276,-0.5897709879364598,-0.26437563138006653,-0.40953519164433866,-0.17860620242010852
2750,,1.0,1.0684688726228488,,0.0,-1.1492050246895242,-1.127183161934517,-1.0994890832149808,-1.372382801650844,-0.9727778302323509
2751,,1.0,0.5304420637540516,,0.0,-0.7054156589552224,-1.054672145296217,-0.33970736885579383,-0.6255488849798008,-0.7353988048482868
2752,,1.0,0.8228308975064376,,0.0,0.5050740881969306,0.48425290320212183,0.5952741459737951,0.33345449053004944,0.5418532282135587
2753,,0.0,0.4764011241398645,,0.0,-0.4967760891929222,-0.5396145755267385,-0.7067313789635565,-1.0598402535538018,-0.8248996244702427
2754,,1.0,1.0280318958290533,,0.0,0.5858621172576384,0.6948298820796404,0.7042335659742928,0.03958563297315718,0.4061576756046218
2755,,1.0,1.0211676559064895,,0.0,0.33413677644816947,-0.008822082505347488,0.34927612693491034,0.22690399209589143,0.19338256580476038
2756,,1.0,1.007471133376794,,0.0,-0.22347128818948742,-0.18505530903054793,-0.1074065015829556,-0.44410581775630104,-0.149395445190093
2757,,1.0,0.708140849915023,,0.0,-1.330612303219268,-1.0609078612450922,-1.0988710011273035,-1.130307716805277,-1.5075599016204928
2758,,1.0,0.9754336598150335,,0.0,-1.0586772091603365,-0.7664728292190809,-1.2541729056909743,-1.0353175967303023,-1.373999672349556
2759,,1.0,1.06043041289773,,0.0,-1.1285747262178427,-0.9617614892877325,-1.2236212109382514,-1.0177304362354735,-1.1711305976968793
2760,,1.0,0.5032267243234979,,0.0,-0.5961535721330499,-0.924119092658777,-0.6886679639948324,-1.1827070893100275,-0.5873400520879754
2761,,1.0,0.7598393908921429,,0.0,-0.9582937871859762,-1.0355065805103927,-1.0115374640613584,-0.8899806388242731,-1.0028368758617503
2762,,1.0,0.6860410369955058,,0.0,-0.9187345627731286,-0.7779600818367566,-0.9003458658899758,-0.8105342541049169,-0.9931018880923056
2763,,1.0,0.8073410756097852,,0.0,-0.9789880125068868,-1.0617889026275134,-1.0891345948383777,-1.0602328069829738,-1.2522756690452674
2764,,1.0,-0.2514517578921902,,0.0,-0.47010453436129634,-0.8921690092445929,-0.5870551120891652,-0.6235917004486813,-0.7677720807620175
2765,,1.0,-0.38981760782610586,,0.0,-0.7715571044031834,-0.7042085142664747,-0.8089609592992023,-0.6492178896212826,-0.6835712377788042
2766,,1.0,0.014036097643540153,,0.0,-0.11844579440407962,-0.10820154801893005,-0.18211658998539332,-0.6947309894058166,-0.022246290657953496
2767,,1.0,-0.31861663676168517,,0.0,0.15812086079494714,0.18425312155411147,0.10267782544031255,0.07826534958069599,0.21850447777238904
2768,,1.0,0.934431240785734,,1.0,-0.5324105407131157,-0.6426851739079766,-0.7438015310603227,-0.6903058433992341,-0.3986639795312098
2769,,1.0,-0.5452125107311336,,0.0,-0.6991877207332302,-0.9246263339866699,-0.7838140710711328,-0.9452566288836877,-0.7146686640311156
2770,,1.0,0.9636803814924331,,0.0,-0.6788942028843817,-0.7868157874928714,-0.7665686855867306,-0.7327696692157402,-0.5250691388566275
2771,,1.0,0.9264799313722747,,0.0,-0.1521878894927161,-0.8482918073130448,-0.2595584263292404,-1.4115960570112,-0.627239123136937
2772,,0.0,1.1516185593228085,,0.0,-0.8136210434756536,-1.1661599562364462,-0.5659669249239639,-1.0641197662316122,-1.1041841198575049
2773,,1.0,0.9600026415909944,,0.0,0.30460095533465187,-0.051919384364433746,-0.09283833239416356,-0.06704946770983217,-0.2650588519286898
2774,,1.0,0.06700979570987416,,0.0,-0.3857675122242341,-1.0710911685200026,-0.7512683785559392,-0.4957412596493452,-0.55104282811777
2775,,1.0,0.8892615943379191,,0.0,0.39725692281419084,0.2877262762776469,0.06773706949908258,-0.25130864519908325,0.648096556317023
2776,,1.0,1.1242647952735763,,0.0,0.07965224179047338,-0.2250787444576771,-0.33411421311233774,-0.48050731301046284,-0.5385076600364705
2777,,0.0,0.9492156384220298,,0.0,-0.5637265755392529,-0.7234505486632915,-0.8342906208365822,-0.7901446647577258,-0.6184388240464067
2778,,1.0,-0.7184202038359628,,1.0,-1.10862172168708,-1.0397803506792263,-0.9734230109806193,-0.9233411795950727,-1.077454753702045
2779,,0.0,0.3992225326580882,,0.0,0.07292379221434508,-0.08590600694035141,-0.12081869003671387,-0.8800834297445776,-0.3134667693582011
2780,,1.0,0.3875610608060033,,0.0,-0.9107687743618763,-1.0149406246085941,-0.8393782694543661,-0.8951969628780536,-0.8141047686007671
2781,,1.0,-0.20389505730275978,,0.0,-0.20480862088471724,-0.2965899302158224,-0.30322206238112626,-0.3798557435761931,-0.37361725167215276
2782,,1.0,0.07197279195407282,,0.0,-0.6903019300130642,-0.4989201216467519,-0.5242221223570147,-0.5587708845314201,-0.4501780988292979
2783,,1.0,-0.16611632013372746,,0.0,0.5992017275287234,0.6685939631418247,0.3847133224242349,0.42486877239651377,0.6557022509374457
2784,,1.0,-0.011130849044343603,,0.0,0.46339666304756394,0.22747565303499134,0.3199198045804384,-0.29384365724380596,0.5658343399154978
2785,,1.0,-0.7836601511152452,,0.0,-0.1981253641606031,-0.041849067588677326,-0.12624419841239867,-0.03610945841175784,-0.18424570780950783
2786,,1.0,-0.35644278017605263,,1.0,-0.9484052837166765,-1.04315618857473,-0.973964060421959,-1.0334217755555999,-0.8293486392067551
2787,,1.0,0.7350039292711549,,0.0,-0.4351616056071264,-0.6043718997384531,-0.5044619478327544,-0.5970567567486382,-0.5524916065728914
2788,,1.0,0.7437401488262996,,0.0,0.14936772305482396,0.07871317020576997,0.004245528626376452,-0.044532328215208104,0.1716181467050831
2789,,1.0,0.7969474628458605,,1.0,-1.0193516458260965,-1.0663874626295509,-1.0348207010195687,-1.0903602334879845,-0.7485191296832682
2790,,1.0,0.5799071318370862,,0.0,-1.3047317378665677,-1.1077717769613873,-1.0239721262712598,-0.9404498276244256,-1.5573115719431536
2791,,1.0,0.8777398723089977,,0.0,0.023076319815910514,-0.34338967561841416,-0.26915790413395774,-0.5197856999261149,-0.24672174172897407
2792,,1.0,0.9871739419471898,,0.0,-0.9083148452024983,-0.9708333271480362,-0.765593714763702,-0.9881377604785712,-1.0057369775174392
2793,,1.0,-0.5081694410597698,,1.0,-1.1486358508573349,-1.245337634143121,-1.1294751203801128,-1.0616533665302015,-0.9555036430121149
2794,,1.0,0.17512899757341277,,0.0,-0.70780204914541,-0.5012012920477169,-0.7862720035485111,-0.754087700523758,-0.7804267845377422
2795,,1.0,0.13732097317482117,,0.0,-0.3652909116325427,-2.2240821649646523,-0.5424186454491796,-0.6385811128504129,-0.40359212725978505
2796,,1.0,-0.9601737799518105,,0.0,-0.7329046956697342,-0.8246387196801231,-0.8995457796094279,-0.7656496641599102,-0.6611347900876059
2797,,1.0,0.07219326232178255,,1.0,-0.845250195015535,-0.9818950875202105,-0.897835114637588,-0.8225014620039353,-0.8755350188887787
2798,,1.0,-0.6018724018905924,,0.0,-0.4976413461709753,-0.4602731810095613,-0.48163430144912023,-0.6516800101981627,-0.5808279265397669
2799,,1.0,0.31050545260371015,,1.0,-1.0701517955600284,-1.0230004815492744,-1.1111055156903296,-0.9715028549475719,-0.8437630149384914
2800,,1.0,-0.7997393190762467,,0.0,-0.35595905859409227,-0.601416286611277,-0.36202484157522485,-0.44338509907026447,-0.6029527733352122
2801,,1.0,-0.317972783393484,,0.0,0.15984863242756714,0.11465302833769823,0.2434339000175769,-0.06861433381568374,0.15229722102608445
2802,,1.0,-0.5612806226160583,,0.0,-1.2396069382452857,-0.973369692715006,-1.051145452979866,-1.3019568445044636,-1.0592439845210644
2803,,0.0,0.15825872837312754,,0.0,-0.025845484660624165,-0.19618538905747376,-0.1662549052272778,-0.21522592079739197,-0.051216646050229554
2804,,1.0,0.25368916850145523,,1.0,-0.7286714034148067,-0.8328019463523604,-0.8825487484669557,-0.8498436051914626,-1.0263855494779057
2805,,1.0,-0.8047831361475587,,0.0,-0.7829557184488212,-0.807038658770994,-0.8841127835243915,-0.747552154238869,-0.8992207831973204
2806,,1.0,-0.0964645965008433,,0.0,-0.8715570342533306,-0.9423493217392698,-0.9217213098030538,-0.9457974115631731,-0.8962254194695324
2807,,1.0,0.801659159278516,,0.0,-1.0634112056567249,-1.1296921903663573,-1.0636508055059568,-0.8482161420335517,-0.9713982902782609
2808,,1.0,-0.3701257675444274,,0.0,-1.3562137516563286,-1.2217844833803493,-1.5070979538891938,-1.260103784199696,-1.246325117389344
2809,,1.0,0.17117309586421564,,0.0,-1.23582804607119,-0.9911549628383228,-1.260040162100394,-0.9402500035235165,-1.4203471862074444
2810,,1.0,-0.9821881719324932,,1.0,-0.03479059891504912,0.12191337575294274,0.09002505006935717,-0.21848855240222842,0.014168897062795114
2811,,1.0,-0.5294800296241329,,0.0,0.54720822317261,-1.5464466614612864,-0.12413101321980935,-1.18588387224126,0.17538143705464454
2812,,1.0,-1.0414382627608356,,0.0,0.2730666376304301,-1.4893238656457193,-0.12192633699828168,-0.5717095449180187,0.37476458615991676
2813,,1.0,-1.251026796641736,,1.0,-0.23032615932497474,-0.20610003731156745,-0.491023132098157,-0.3971929837908659,-0.49106550300564383
2814,,1.0,-0.5223944201616622,,0.0,-0.8150806155605568,-0.6583172934053244,-0.7327309327785251,-0.919530978021063,-0.5909537893048951
2815,,1.0,-0.6749705814307229,,0.0,-0.5948205916507495,-0.8152125064066044,-0.9235559233493876,-0.5782178049165156,-0.4894566784482755
2816,,1.0,-0.21672219131002698,,0.0,-0.08431615270535812,-0.12930238907293348,-0.32724216206423223,-0.2906710785247733,-0.2267034834180871
2817,,1.0,-0.4557675267615497,,0.0,0.4451137943738476,0.6336612133551873,0.37064581468584673,-0.35631346093325955,0.46822419287751715
2818,,1.0,-0.4398022763603087,,1.0,-0.2534741110001191,-0.3764117361690359,-0.055697067915464374,-0.23058485895571934,-0.21822052124776295
2819,,1.0,-0.1772084773342262,,1.0,-0.11460641701681669,-0.1660270974706098,-0.047865447577403214,-0.4872263053701234,-0.4286192103536457
2820,,1.0,-0.9097002998772722,,1.0,-1.5664160513759124,-1.4538039440537713,-1.5559186191889423,-1.865275125328488,-1.4026812616097335
2821,,1.0,-0.6756171606008473,,0.0,-0.3120672506087112,-0.38467650784899016,-0.09147409347584189,-0.2772034501644909,-0.012283816161345626
2822,,1.0,-0.29523935154301156,,0.0,-0.30990797449751584,-0.6834445320758734,-0.3757918617410765,-0.5433091792090092,-0.4133322731427666
2823,,1.0,0.3660988555337367,,0.0,0.03729796762748832,-0.1259666486688219,-0.45141287388507134,-0.29261660523401706,-0.360852510252993
2824,,1.0,-0.5604236966821629,,1.0,0.3394385049914198,-0.0012288945241591834,0.12796812636528426,0.21436700048035734,0.17649105217911898
2825,,1.0,0.01642249382153666,,1.0,-1.589227837262723,-1.252318650637476,-0.8645218411441609,-1.372580847650246,-1.0214288902926614
2826,,1.0,-0.3345921948189392,,1.0,-0.9845113763893044,-0.9502991978173361,-0.7479634774883118,-0.8641284595719267,-0.8115172994857129
2827,,1.0,-0.24694292211404087,,0.0,-0.268616354781241,-0.20778105285419027,-0.18377132300823018,-0.2556848211172073,-0.3165157757289315
2828,,1.0,0.4641377899776256,,0.0,-0.5554566163166429,-0.9371178126328802,-0.7235384379762766,-1.0637173073345207,-0.7220849238833285
2829,,1.0,0.6234236207587645,,0.0,-0.8577596923924553,-0.9594266928851974,-1.0943087067013926,-0.9031197755394981,-0.5242751342445318
2830,,1.0,-0.21642171926098086,,0.0,-0.8250065779299878,-0.8340768044877199,-0.6842759836775381,-0.8562437469618037,-0.8240205317341804
2831,,1.0,-0.062214185352249464,,0.0,-1.1434726908458532,-1.1695160121373767,-1.1214543678029276,-1.325399333774203,-0.8836772004892712
2832,,1.0,0.3015813542506939,,0.0,-0.19114528580679824,-0.6774393577978575,-0.6553426333070334,-0.6684742773737267,-0.5418582754713269
2833,,1.0,0.3677084499122443,,1.0,-0.28216378709903017,-0.31074676495640885,-0.39605858793495863,-0.6375007794462645,-0.31709885568919866
2834,,1.0,-1.2546045882648782,,1.0,-1.2632802702922008,-1.1263960193606501,-0.9762505380300086,-1.0361401006197104,-1.0480691515280385
2835,,1.0,0.2979529776152971,,0.0,0.6253143388498471,0.1201511527187473,0.3572915650181338,-0.5022676990821091,0.5585764035394933
2836,,1.0,-0.021746258994531042,,0.0,0.5196627054916714,0.6171522580589093,0.6095436684883871,0.36880578178430845,0.49747839703071983
2837,,1.0,0.4780562679354156,,0.0,-0.5816467717317402,-0.4917286219288968,-0.5186329016549701,-0.5885861724399447,-0.45828201771559784
2838,,1.0,-0.2073244280486986,,0.0,-0.7687268183594546,-0.9290440492142488,-0.9262748183347396,-0.6727024063440712,-0.8216184795455237
2839,,1.0,-0.5899026403951431,,0.0,-0.8139655781547454,-0.7194142615200229,-0.9032449584082544,-0.7655391151878043,-1.0643631139319554
2840,,1.0,0.5022984149588022,,0.0,-0.8827882745794887,-0.6521703044594503,-0.4697161350678001,-0.8656035968854678,-0.8766906521466811
2841,,1.0,-0.3109349086850781,,1.0,0.3414023753622998,-0.08664479550349778,0.22682720894682049,-0.5911431919208393,0.3676313547081103
2842,,1.0,-0.9099560484295489,,0.0,0.18436870698825175,0.10276812357870593,0.20607651382681239,-0.053972544165341294,0.15154852165126412
2843,,1.0,0.12321151050895451,,0.0,-0.433484447282363,-0.2963886161611576,-0.5380254820135271,-0.7169450165279961,-0.2216582346778614
2844,,1.0,-0.2890851867601116,,0.0,-0.477539233396693,-0.7125583034260137,-0.5698862651238221,-0.7518978718567012,-0.26057195547717205
2845,,1.0,-0.08410032177796305,,0.0,-0.24070350566056264,-0.3517250661222163,-0.32620213654770064,-0.544184039816712,-0.5301885338221642
2846,,0.0,-0.10243033144796228,,0.0,-0.4696067974859775,-0.359106330430641,-0.46457832471951904,-0.29050757157924467,-0.36574531409955297
2847,,1.0,0.01306636481295347,,0.0,-0.7796428512653348,-0.9278498857139081,-0.7043390620189288,-0.7003870792451308,-0.5314208482441267
2848,,1.0,0.6742009707084661,,0.0,-0.4439310368852139,-0.7439377043066228,-0.7930147591690431,-0.8109499187234401,-0.3364537275750458
2849,,1.0,0.2894022319180758,,0.0,-0.693972204517751,-1.0709221593273912,-0.9277043202944523,-0.8232282536342638,-0.679363499716321
2850,,1.0,-0.6588408496962919,,1.0,-0.7615192916148295,-0.7336688187640886,-0.7606955433698155,-1.394973566592926,-0.6993697975609797
2851,,1.0,-0.13753728717426264,,0.0,-1.2364863562036805,-0.7752623008327408,-1.1234743023268035,-0.85600263888331,-1.0068425663076963
2852,,1.0,0.045965544037064134,,1.0,-0.7150647324771199,-0.5268441229551414,-0.7411997453991583,-0.7607808170814364,-0.6312957499192833
2853,,1.0,-0.36934107146095363,,0.0,-0.006148242933769638,-0.30541398110219425,-0.08504788992185455,-0.20781013181655092,-0.03468517892682483
2854,,1.0,-0.7834037654807842,,0.0,-0.6902576271185351,-0.6560126060922922,-0.40335755752220326,-0.5166060023927532,-0.47467450875674466
2855,,1.0,-0.19247644395997776,,0.0,-1.43347157620939,-0.9988104019642452,-1.0570419067089512,-0.8730022405151933,-1.0838399925992865
2856,,1.0,0.183195098201881,,0.0,-0.8710283536991223,-1.0279739258424438,-1.034846576488696,-0.9769758200968313,-0.9776812492271191
2857,,1.0,0.181992358273766,,0.0,-1.1029943711853598,-0.9211456078153345,-1.0022536963614734,-1.0872832227264382,-1.063775640548582
2858,,1.0,-0.2232548962195565,,0.0,-0.31821616884621834,-0.2692536521277678,-0.36037141845574244,-0.1430869902908445,-0.05050978630071887
2859,,1.0,-0.24258826922955945,,0.0,-0.49180823279412583,-0.5190324208175353,-0.5270392341532715,-0.6985598273472151,-0.5219692321267585
2860,,1.0,-0.5306742318496454,,0.0,-1.2185539104583947,-0.9140256778709155,-1.103414332877689,-1.3959073518878378,-1.0544889974677414
2861,,1.0,-0.6580423581293006,,0.0,-1.5891893983154501,-1.3724541174604887,-1.611596769723381,-1.4380567549425356,-1.2628044479798974
2862,,1.0,-0.21772917931952074,,0.0,-1.0322101530047756,-0.984590512298612,-0.9344443981675336,-0.7745370681184293,-1.1248513819501242
2863,,1.0,0.014782148412542292,,0.0,-1.2968166289421321,-1.0200280817475909,-1.391140132742916,-1.475317018552792,-1.162877139671291
2864,,1.0,-0.002122725358821953,,0.0,-1.203044445765633,-1.100831818535339,-1.3858813416307212,-1.4257785506553389,-1.3127713818058862
2865,,1.0,0.12947806541795454,,0.0,-1.2835691005480272,-1.105806082605238,-1.1628556838029354,-1.3286380934893751,-1.2367067532493463
2866,,1.0,0.11230305310210519,,0.0,-1.1468732864914757,-0.7166990945285804,-0.7019380395492134,-1.1869522133590162,-1.0734193506735505
2867,,0.0,0.06648209372107368,,0.0,-0.5787501596319999,-0.3873183998692424,-0.7193098795436799,-0.6294704066772322,-0.6885804670461366
2868,,1.0,0.22398596141384414,,0.0,-1.3568194115573855,-1.1658425465135565,-1.1814081995755656,-1.4022624975391658,-1.8574278348148308
2869,,0.0,0.10717458576723009,,0.0,-1.036902145536736,-0.7633034855615703,-0.8342074835323321,-1.1039058328374105,-0.9283520696892772
2870,,0.0,-0.526572125573435,,0.0,0.17072240528614724,-0.31235894136338366,-0.2456118353804147,-0.4657070571161902,0.09136230873462571
2871,,1.0,0.335703895510421,,0.0,0.3245780118263258,0.30072425181023543,-0.15033999074532342,0.3138775774315797,0.38652476783372064
2872,,1.0,-0.47130805237532336,,0.0,-0.47725262244977423,-0.3882343022797503,-0.33296670864013483,-0.5038562037625597,0.1884135865301944
2873,,1.0,0.02840367388901514,,1.0,0.03732438192113509,-0.02679997037795174,0.15693728874079516,-0.2093889084158516,0.2605908512282069
2874,,1.0,-0.41114545863307234,,0.0,-0.11074525092868671,-0.17477242934903064,-0.0547042707778311,-0.5282247999045767,-0.05734959820012352
2875,,0.0,-0.39439628505479396,,0.0,-0.5312683085133956,-0.03382195149545373,-0.1905267139935176,-0.26637906275118317,-0.48821005863726197
2876,,0.0,-1.3444255503334697,,0.0,-0.42149356469184396,-0.32595857500573877,-0.2109946726635221,-0.39188638947444987,-0.06604436418129307
2877,,1.0,0.11882372152607744,,0.0,0.13392797019113736,-0.21137683589259423,-0.15647616297640735,-0.4701826130016882,0.5018088251190481
2878,,1.0,0.38107450680281113,,0.0,-0.9124251153900365,-1.1961046758186966,-0.9739146172402446,-1.752627067842777,-0.6129113969902554
2879,,1.0,0.674990429328408,,0.0,-0.425254867383406,-0.4790650382103315,-0.20024996655790472,-0.3904732571012166,-0.28825344678923887
2880,,1.0,0.7085251827888004,,0.0,-1.273679805527025,-0.8672682772615751,-0.8351511562289301,-0.20922419277125529,-1.1013447741621945
2881,,1.0,-0.4017600536859835,,0.0,-0.2710586660856292,-0.2083988845094294,-0.25376120105506644,-0.2959095773111153,-0.27214324563980613
2882,,1.0,0.0908715463590444,,0.0,-0.5892150336926705,-0.1045911826963176,-0.06287893388197567,-0.46072672331055886,0.09997921361329591
2883,,1.0,0.4734974792621409,,0.0,-0.5603931661989894,-2.0849326802404575,-0.7176741585513124,-1.1389630826053627,-0.40559096752319196
2884,,0.0,0.4525994153915963,,0.0,0.6224326708402969,0.6838899036536759,0.5699446917445968,0.36039503483324103,0.5712230546891508
2885,,0.0,0.10380849179009513,,0.0,-0.8724137226551141,-0.9935797068492028,-0.9264362024739375,-0.9312657050908866,-0.766473670546776
2886,,0.0,-0.04669961691105948,,0.0,-0.30927977229430864,-0.8460134695700781,-0.58422699230307,-0.9120406031808389,-0.304730111607988
2887,,0.0,-0.03344043726455957,,1.0,-0.1372686248151299,-0.2990011022847824,-0.32505179540636164,-0.1548179977872432,-0.38490327054273277
2888,,1.0,-0.16574154405649516,,1.0,-0.17125212577983825,-0.4694392586867494,-0.3897319643966626,-0.6616694976668589,-0.1492841056229021
2889,,1.0,0.1485799475445292,,0.0,-0.7646710372889092,-0.893942032084126,-0.7972861082658808,-1.047364034256344,-0.8468559768127951
2890,,0.0,-1.5320846454398123,,1.0,-0.5650434080893348,-0.36131053970960647,-0.2212979623142691,-0.9138302195259859,-0.5848577227690718
2891,,0.0,0.2447623303599578,,1.0,-0.2237213368912431,-0.08353272111875003,-0.25872446635286184,-0.313430172917012,-0.06904693521509718
2892,,0.0,0.2648102973075836,,0.0,0.057038230408157885,-0.22778332585857305,-0.237825538014247,-0.27799794306391146,0.40996324464745765
2893,,0.0,0.1618739176524201,,1.0,-0.010667851580258299,-0.07878212317792567,-0.2456112558630581,-0.09656564888487039,-0.195570073653198
2894,,0.0,-0.48696533548236287,,0.0,-0.19133683390573586,-0.2846598733118264,-0.4786353006127061,-0.45738017826160937,-0.27105276838781156
2895,,0.0,-0.7913463849806265,,1.0,-0.5317260066801912,-0.3713119603834729,-0.2675078849563055,-0.5092776932027163,-0.2529777400852899
2896,,0.0,-0.03600109087194511,,0.0,-0.2135098342077527,-0.6436630778308341,-0.5745184073112604,-0.940628614133913,-0.47735592674513644
2897,,1.0,0.50844157697134,,0.0,-0.32985258563616243,-0.19683202148713907,-0.44251448940300403,-0.2663742764156095,-0.23791510104024563
2898,,1.0,-0.5782882311689952,,1.0,-0.34670551702774094,-0.24665179245261992,-0.2478243476578187,-0.2685463024023615,-0.17636663509144337
2899,,1.0,0.3719789524741644,,0.0,0.3347194284459481,0.37588965568157934,-0.003595873157531121,0.2661882161239248,0.3249113406291915
2900,,0.0,0.9124948605022976,,0.0,-1.1645088764616522,-1.037904582901498,-1.2536166015504953,-1.0664506148762947,-1.3454716814970547
2901,,0.0,0.7128954335267134,,0.0,0.12567126709616214,-0.48629685833728287,-0.2327778346459264,-0.8961170710013551,0.3092145779553506
2902,,0.0,0.17223960325614307,,0.0,-0.14856941188269476,-0.1743384600524093,-0.22370693503219616,-0.41462570826517975,-0.25472347026817427
2903,,0.0,-0.4965195371225655,,0.0,0.8327209607530222,0.8739620886031942,0.6442781036992107,0.7647742606906542,0.6259628220349558
2904,,0.0,-0.6651088584314242,,0.0,-0.8421299032732673,-0.7034753883577636,-0.7553049081279608,-0.8087101089109516,-0.6326934573051891
2905,,0.0,-0.5577699611394086,,1.0,0.1387570146476713,0.19849712544609624,0.20507532254605415,0.09668707478824261,0.288282646765173
2906,,0.0,0.2787125629775923,,0.0,-0.1350582841023947,-0.46200107539053764,-0.256818814642753,-0.9163785777988305,0.055033625282770414
2907,,1.0,0.21371553698380474,,0.0,0.3344262859242142,0.21110249171838671,0.22469006120657653,-0.12873528296376444,0.014717110475682766
2908,,1.0,-0.7362289908843574,,1.0,-1.1224711523215853,-1.2392939399021272,-1.0916028612894801,-1.205036613411155,-1.2968898892626308
2909,,0.0,-0.5689235092874086,,1.0,-1.2092518434164536,-1.0993437051083232,-1.1458710162845211,-1.0426809095520682,-1.1050010249994249
2910,,1.0,-0.6974634604614571,,0.0,0.31072006625267884,0.015569654254862548,0.21654952699118168,-0.4936248689292954,0.5654161153909855
2911,,0.0,-0.8855122199371473,,1.0,-1.1695231162088662,-1.1159598139892557,-0.8452303395323582,-0.7920102386141715,-1.248999025828353
2912,,0.0,-0.08469227311686553,,1.0,-0.322423211106815,-0.19365788364940426,-0.3187469449922056,-0.6572112328524411,-0.5873626803894462
2913,,1.0,-0.400203175330437,,0.0,-1.1232761388737988,-0.959913682369545,-0.9653450599655421,-1.1016852004868911,-0.9671267813409351
2914,,0.0,-0.6583463588128399,,0.0,0.49456247877505144,0.23847013409533666,0.48837306538810615,0.15691025839729464,0.39749839672517157
2915,,0.0,-0.5760068939332755,,1.0,-0.9069423891318904,-1.2122445513058284,-0.8761248665796447,-1.2316945591834296,-0.8676405919291417
2916,,1.0,-0.16406174729223927,,0.0,-1.0889487739046009,-1.0421586959408682,-0.7791107063687837,-1.0925850536674144,-0.7811895080748049
2917,,1.0,-0.5639489941955647,,1.0,-1.2163080745369939,-1.0959704513306487,-1.218099599854325,-1.0428327174593695,-1.3956144970018614
2918,,1.0,-0.9949472312026721,,0.0,-1.0739807262516807,-1.310362269492496,-1.4348017189419278,-1.247584826352597,-0.96332295193319
2919,,0.0,-0.615964793305105,,0.0,0.024038504246634704,0.08601484211435825,0.13744627622640482,0.1222920533478756,-0.08549150880272083
2920,,0.0,-0.8519985175527317,,1.0,0.10654035470084901,0.017691546988091948,0.06544926157222,-0.03533614714128273,0.2343615409915652
2921,,0.0,-0.2126970027847391,,1.0,0.3046456010743741,0.10853284314591098,0.312306152035557,0.1187823360802508,0.3158953488542333
2922,,0.0,0.1997870661616849,,0.0,0.2134147580748792,0.2725448086116532,0.39065057581752666,0.21398216558987657,0.19728544480853988
2923,,0.0,-1.0156648322182305,,0.0,0.4459708302903905,0.41657063320261756,0.16311554175427706,-0.12302618741084914,0.544187358175369
2924,,0.0,-0.8496561873667849,,1.0,-0.2528923923888132,-0.5661370740630373,-0.19222881011485857,-0.6434205476386973,0.03683460674195684
2925,,0.0,-0.9249359131574726,,1.0,0.8502918679785822,0.7777907035667148,0.8714434454005849,0.608692328200376,1.0704403588937366
2926,,0.0,-0.5623103445828712,,0.0,-0.12054528040096592,-0.6262899975314143,-0.3117977380834449,-0.4949580452394292,-0.3512967469824341
2927,,0.0,-0.9103556098701997,,1.0,-0.9619461501126223,-1.1316056007113544,-0.8135570016738424,-1.271015637236264,-0.8954829966739689
2928,,0.0,-1.0485532842628322,,0.0,-0.5395210226429052,-0.700808156721583,-0.5141749934710215,-0.8550581672324018,-0.6166218718126935
2929,,0.0,-1.0293449763529574,,0.0,0.16797778643236544,0.21860835313508703,0.0793201916934889,-0.038901733348718104,0.04188266178532246
2930,,0.0,-0.16458328177270967,,1.0,0.8030557976600647,0.77151916857304,1.0422954443265704,0.7842713721983726,0.5625197535471316
2931,,0.0,-0.554940187514597,,1.0,-0.7882746435061947,-0.9798433892930619,-0.9380155106141121,-0.6864670442492311,-0.7817325604661853
2932,,0.0,-0.8846204610892703,,0.0,-0.3587943933431161,-0.17136864559812306,-0.4004798030649109,-0.42006688549799615,-0.5063331868556831
2933,,0.0,0.03778731891432439,,0.0,-0.18983136692075298,-0.13318675894015483,-0.13338118832543355,-0.2179084068821198,-0.37107124138693637
2934,,0.0,-0.7404617183373449,,1.0,-0.09689866672604562,-0.2312628267000024,-0.1791136005542715,-0.4215420761657054,-0.34211775389270344
2935,,0.0,-0.8373072099776145,,1.0,-0.3242903983937762,-0.23509639497137683,-0.23472728249000882,-0.3282980225311673,-0.2015869259511406
2936,,0.0,-0.13266448422794141,,0.0,0.6628004889212334,0.3734281266237195,0.7087063402839194,0.39973358500890427,0.5030312481499826
2937,,0.0,-0.4124701582880568,,0.0,0.24681718513347362,0.265372581822332,0.16650651001897113,0.02216075918281771,0.28584655062451314
2938,,0.0,-0.080965949127167,,0.0,0.09375596564990465,0.1700572008237983,0.1621470950676708,-0.2504935934934429,0.1923023022326924
2939,,0.0,-0.9607889593356542,,1.0,0.5202120902056169,0.40872020196648734,0.5195062257978003,-0.11214584181804622,0.5736208184382328
2940,,0.0,-0.5638379180214067,,0.0,-0.09964474807329456,-0.15338608040436302,-0.3198072462623044,-0.20117222653511643,-0.10886977133887067
2941,,0.0,-0.6431323592747831,,0.0,0.24463192603784786,0.05192507328485866,0.29282183835417624,0.08100635713886849,0.14769814418172744
2942,,0.0,-0.7586782263861299,,0.0,-0.7381746494590046,-1.1096660098406683,-0.9932170946851742,-0.8944626771246168,-0.9023369541344164
2943,,0.0,-0.031418295191348256,,0.0,-0.9488390968647362,-1.116222641359768,-0.6796932997516927,-1.1175186318578292,-0.9495638488268157
2944,,0.0,-0.7747534636385482,,0.0,-0.23988318881099166,-0.09772376261853785,-0.3820062478375955,-0.12239139378827808,-0.15645351696418425
2945,,0.0,-1.0428075299936295,,1.0,-0.11455032189417844,0.001547648403842401,0.024634128412637096,0.05379024110886783,-0.036034517773384574
2946,,1.0,-0.5858282080242369,,1.0,-0.3947859329861229,-0.5185782137734166,-0.5488229188362761,-0.9570175245509506,-0.32385024582149485
2947,,0.0,0.47153851571319494,,0.0,-0.3642672196653225,-0.4489286046906831,-0.7273412455504974,-0.5400764798977112,-0.44202857789229455
2948,,0.0,-0.3699694752950934,,0.0,-0.6399267410300411,-0.9060126526787674,-0.840328585533145,-0.8385319832381122,-0.836799947084735
2949,,1.0,-0.13383413594075666,,1.0,-0.5214891617188818,-0.7408802694327961,-0.587615834572703,-0.827301794356413,-0.7812977008141774
2950,,0.0,-0.05651326958642494,,0.0,-0.18436199051207228,-0.42019394555221884,-0.2894282576178068,-0.4282498496322826,-0.04403783664992525
2951,,0.0,-0.44524054462627854,,0.0,0.6265323192878678,-0.8284636817999399,0.5693483070211608,0.19063770928960438,0.6599776660338222
2952,,0.0,0.02625772216117333,,0.0,-0.11347451574692191,-0.11024072242772096,-0.04821449493727342,-0.4388176595019215,-0.1253026162086178
2953,,0.0,0.12643977162764053,,0.0,0.15949631786738858,0.43727886224149054,0.5210867514573592,0.3802315032641762,0.48102130145411026
2954,,0.0,-0.5352812211269312,,0.0,-0.8603470886323041,-1.0745895585686855,-0.931226423201482,-0.9739943499662748,-0.976029426685681
2955,,0.0,-1.0097331765521391,,1.0,0.5814949074082347,0.5213789642637349,0.8328758363545489,0.4007044971395839,0.532903938600141
2956,,0.0,-0.054507641105592405,,1.0,-0.3215584130301279,-0.8549603668816281,-0.7835816052981166,-0.9418048087599751,-0.7161056515494322
2957,,0.0,-0.4693828749417881,,1.0,-0.7876196047321425,-0.8012131926255117,-0.6933472976341781,-0.7105600958038341,-0.8042542927533926
2958,,0.0,-0.15969068381630588,,0.0,0.434871073054453,0.5416520044883718,0.2839057056648177,0.2964681489576592,0.28065098617031203
2959,,0.0,-0.04586720893864439,,0.0,-0.7107377891082441,-0.8544960416764849,-0.9673206184952013,-0.6693053076031678,-0.6763830590921793
2960,,0.0,-0.4655983143582035,,0.0,-1.0398590585473169,-0.9553583809999014,-1.0079437459509026,-0.9122949304347858,-0.9401737986351382
2961,,0.0,0.013959351657229328,,0.0,0.5388845231468623,0.5596220004136074,0.7107666373707135,0.18972163633932881,0.4347854330730661
2962,,0.0,-0.1590214009496878,,0.0,0.4225823877652998,0.2277981881817499,0.362461740536706,0.17958056583996532,0.29002756458938805
2963,,0.0,-0.5131687865681239,,0.0,-0.19514194700303347,-0.30356200247357373,-0.31136838387252763,-0.3885834153587338,0.03238923870546645
2964,,1.0,-0.7922338566730226,,0.0,-0.966362869134112,-0.8215185577468028,-0.6600464576953184,-0.785632833800423,-0.725906346689859
2965,,0.0,0.1914250562402451,,0.0,0.07414028493524882,-0.07548565789744086,-0.021072445139070382,-0.051855312094408385,0.006299513952942202
2966,,0.0,-1.2904157595131378,,0.0,-0.14992883606149282,0.004340559974554888,-0.018843091091213626,-0.09303253934779047,0.10249294264334839
2967,,0.0,-0.6974709106708613,,1.0,-0.46990095073273913,-0.19918861651123207,-0.5128215932347496,-0.262925604055358,-0.44135851295557316
2968,,0.0,-0.5831996144222852,,0.0,-0.22779501717433287,-0.27244597104453755,-0.21274273134580304,-0.23984662014168254,-0.09930433460228748
2969,,0.0,-0.7441252230275995,,0.0,0.19309182469136946,0.08098766734461862,0.04806388882144888,0.03762390137224107,0.32641164788980914
2970,,0.0,0.9161984853893756,,1.0,0.8721057413576911,0.6254785497688952,0.8187042499502672,0.7104421317236841,0.6729454887996135
2971,,0.0,-0.834266699559654,,1.0,0.6248873368718576,0.371211029660486,0.4936312175116965,0.11675036508948859,0.4940247518173887
2972,,1.0,-0.7643430360104779,,1.0,0.12796227479574776,0.11288145622344255,-0.019747823459962476,-0.09488234684083834,0.1394618861406144
2973,,0.0,-1.1506188985882169,,1.0,-0.023806674587248278,0.015788937914573354,-0.3290497408410535,-0.1455598351535099,-0.23731526533282687
2974,,1.0,-0.947151825204205,,1.0,0.507534579066765,0.4197618902866381,0.723194295835404,0.2668512763854006,0.578252317837346
2975,,0.0,-1.0814370642194988,,1.0,0.40680624197746257,0.01986818895959572,0.3408559992125553,0.23327269157702615,0.2026276638832616
2976,,0.0,0.20129322184736628,,1.0,-0.9487681671919965,-0.7771211492068472,-0.9027422617152884,-1.0093366657829157,-0.8684733212436015
2977,,0.0,-0.3906896384319832,,1.0,-0.14547760628535952,-0.32704415525120284,-0.11280234744731094,0.04485878093943195,-0.1419388570154226
2978,,0.0,-0.7470527877315661,,1.0,-0.5122525228690091,-0.539721831398958,-0.5446835897092016,-0.533811527193042,-0.623562386829282
2979,,1.0,0.6372123748064997,,1.0,0.7893734518727458,0.49090125048888067,0.5445700359676415,0.13087796242221802,0.7968109972353313
2980,,0.0,0.4247472658519804,,1.0,-0.7048808975643595,-0.6547201606184682,-0.6388669483973625,-0.43975123715686326,-0.8459339210344388
2981,,0.0,-0.6494527919631239,,1.0,-1.0236422936043532,-1.2705071836512274,-1.3271557193697094,-1.4679720618939953,-1.3705299778838553
2982,,0.0,-0.7553550439300254,,1.0,0.08367149845613482,0.263062744322211,0.2918916994817903,0.08580089983295253,0.23219287071441558
2983,,0.0,-0.9371783459636123,,1.0,-0.4726792737649126,-0.28473886289214784,-0.6068085751427577,-0.35954648283722174,-0.6864699174071025
2984,,0.0,-0.5845524176407347,,1.0,0.1494142954530268,-0.09453562885973626,-0.3463836946748751,-0.2887150836343281,0.20801618936621533
2985,,0.0,-0.6954400690975869,,1.0,0.10041120892055479,-0.04313743775048961,-0.05372425037682431,-0.4599588697942219,-0.07717992260803769
2986,,0.0,-0.9691549776689894,,1.0,-0.5843897050251917,-0.5835873443849459,-0.8050551264682212,-0.6927857728072842,-0.7766823077537311
2987,,0.0,0.03788912824760139,,1.0,-0.9556087913752846,-1.0062259768225685,-0.8529956755901109,-0.5705293628685754,-0.9519116944849739
2988,,0.0,0.6309865557472478,,1.0,0.5931488428099455,0.5670033174928611,0.4658932288025137,0.6013310509891233,0.5269498398308784
2989,,0.0,-1.0700759857468867,,1.0,0.9084429643844835,0.9144965706780759,0.8145668897173038,0.7882834926140749,0.8651391831732105
2990,,0.0,0.30772787830324755,,1.0,0.5771389852032804,0.7290696239394032,0.6968426256202841,0.9184289154163716,0.7289668234311236
2991,,0.0,-0.815732365829438,,1.0,-1.3340741605105289,-1.0490497769806018,-1.463096320672701,-1.3140438475206793,-1.117751895427093
2992,,0.0,0.9422746142134557,,0.0,-0.8310586101282313,-0.8058474336942882,-0.7475522590062367,-0.7363526167914907,-0.5355494023811194
2993,,0.0,-0.3234698467997299,,1.0,-1.5306576578401423,-0.9636681731261011,-1.4974460313201925,-1.4658500641267176,-0.9200315613856692
2994,,0.0,0.9071969340373491,,0.0,0.36903665968564,0.25715821933014343,0.392664420278578,0.4651693769510088,0.4390172591359076
2995,,0.0,-0.06056231254892848,,0.0,-0.22844925223115908,-0.6959599230065657,-0.5792988073578138,-0.686023759507598,-0.6994489556468174
2996,,0.0,0.3391321178817815,,1.0,0.3158711973526246,0.08623492710833838,0.004609385732525461,0.053171376018313496,0.22308256479689717
2997,,0.0,-0.37185323128602266,,1.0,-0.778073111737059,-0.5637760611424959,-0.6989803821533475,-0.7720607616807167,-0.7089853439466398
2998,,1.0,0.2444598256460411,,0.0,-0.46473492388374993,-0.3904586381580222,-0.523404113976703,-0.6387338143972127,-0.4668507666943354
2999,,0.0,0.1586547348294274,,1.0,-0.7613007631403625,-0.8602347276451324,-0.8988097830638282,-0.6286815564636415,-0.9382656092800625
3000,,0.0,-0.12978972686837092,,1.0,-0.49159845788201567,-0.41108253745311324,-0.47222269199276734,-0.6048945338069154,-0.6052310951947666
3001,,0.0,-0.8896416058285579,,1.0,-0.6348016397737528,-0.8804307697762863,-0.7767499922910951,-0.7957321356274335,-0.7285440486163094
3002,,0.0,-1.0572136337269737,,1.0,-0.7401796422871282,-0.8416477902936068,-0.802147596380659,-0.5648499130003488,-0.5301113788196958
3003,,1.0,-0.9324354949480338,,1.0,-0.6356469996402208,-1.1267577989890398,-0.7146400614364352,-1.1642346619616977,-0.5575685281294541
3004,,0.0,-0.5572529342927018,,1.0,-0.5632891428603722,-0.5806171934074678,-0.6686192494321188,-0.5665995177804671,-0.5701521541561057
3005,,1.0,-0.8029621662872636,,1.0,-0.00468186389855447,-0.17855095348485006,0.03657454927036478,-0.4489928250049514,-0.1715522203738792
3006,,0.0,-0.80811856861123,,0.0,-1.163208402949174,-0.9564373958337018,-1.0032035246730289,-0.7404458131197733,-1.2094114466894963
3007,,1.0,-0.4094083403894726,,1.0,-0.7487984512314352,-1.0146591594247063,-0.7460519270597752,-0.8647825976842435,-0.8411889535921964
3008,,0.0,-0.21133953441435413,,1.0,-0.6818537374412024,-0.4818465092542569,-0.6783193999112368,-0.5135631660379119,-0.7842758289579258
3009,,0.0,0.3866842521771552,,1.0,-0.523912573459447,-0.17764687703351095,0.000821685946588081,-0.3612812500793015,-0.30703345141986854
3010,,0.0,0.10147751367986234,,0.0,-0.8800724568379839,-0.9130554994477416,-1.0206433469319736,-0.9361993209683332,-0.9141928925847923
3011,,0.0,-0.45125305999363896,,1.0,0.23736414510948528,0.29238879001312323,0.31954075523995346,0.24635557628614857,0.3502240761833777
3012,,0.0,-0.7147141814628284,,1.0,0.17461533012085517,0.02155008925965602,0.22502648945063522,0.1342819563357239,0.08354549168299095
3013,,0.0,0.763657318614954,,1.0,-0.2432648422529151,-0.5658984878038956,-0.32438829345749015,-0.1916912108844896,-0.5688751231139002
3014,,0.0,0.19283208659767342,,0.0,-0.7740513583271287,-0.9760239518124015,-0.9537488726977305,-0.9752767707711858,-0.8860250378697146
3015,,0.0,0.16585635396869935,,1.0,-0.20207985648954158,-0.5862876302560879,-0.27592873648361127,-0.948857335033558,-0.36715478597048123
3016,,0.0,-0.07796314293792418,,1.0,-0.6829287334488636,-1.0503085079376377,-0.6750078112692866,-0.7151989412872739,-0.8883018179833889
3017,,0.0,-1.1487373945602386,,1.0,0.9437194482182376,0.23032665820669848,0.9042020000530747,0.9769079143501148,0.8404865776726868
3018,,0.0,0.34717565893742064,,1.0,-0.7195187434784698,-0.9058633617962931,-0.5905722177956577,-0.6301421469738803,-0.4928689630832377
3019,,0.0,-0.7765291722878825,,1.0,-1.0074319294182048,-0.7880883618219966,-0.11963913026906002,-0.8705213345773695,-1.1376018427504553
3020,,0.0,-1.0112236378829282,,1.0,-0.7207417120399753,-0.3677286698566371,-0.7952076456066527,-0.7446054864367986,-0.9063151140971125
3021,,0.0,-0.3510263029690812,,1.0,-0.7661037401209438,-0.7912794144640424,-0.8043725928113462,-0.6981456140952006,-0.8740994972222587
3022,,0.0,-0.7112039029100927,,1.0,-0.7453254200497819,-0.23399586604584935,-0.5660227546783162,-0.993708818446162,-0.9486868818252006
3023,,0.0,-0.6973091184398424,,1.0,0.021493157132695857,-0.3276140341511663,-0.02400692687111431,0.0906318644705156,-0.20453667182274504
3024,,1.0,-0.7122241985732365,,1.0,-0.8313512574012886,-1.1580211521538668,-1.0267125217313195,-1.0098548685303617,-0.9623861324088839
3025,,1.0,-0.9281476617836828,,1.0,0.6855460753487833,0.5774751107388101,0.45443381343636785,0.1622131444665993,0.414861407344616
3026,,1.0,-1.1484981265215173,,1.0,0.06650077083781326,0.033577255739261375,-0.07145584798442035,-0.25349580458515414,0.1486080517695487
3027,,1.0,-1.2568121640522771,,1.0,-0.23609227476660816,-0.05219996279480582,0.021909474878973052,-0.1371030763561562,-0.05022933530605236
3028,,0.0,-0.2850924771539949,,1.0,-1.0851479051714883,-0.9258271535175425,-1.0644455919646525,-1.1557710589425125,-0.8279258365008201
3029,,1.0,0.2555570761396614,,0.0,-0.833608154974465,-0.8751236092060267,-0.6211842807484633,-0.8995964141694707,-0.8201992718366768
3030,,0.0,-0.6678702283220879,,1.0,-0.8634399639791718,-0.4327223016725265,-0.6668569809265821,-0.8619389848788941,-0.49827429691299824
3031,,0.0,-0.257393552842826,,1.0,-0.32186156628738244,-0.21885082828745556,-0.3586749057209488,-0.5631225843904347,-0.2696908013100163
3032,,0.0,-0.2428901809261147,,1.0,-0.5282209439945618,-1.1570556566004357,-0.890773206249361,-0.923695255918836,-0.4803774125569148
3033,,1.0,-0.656455724660647,,1.0,-0.6435216779150512,-0.5523705238457579,-0.5514876236652674,-0.7322207193309354,-0.5565181194717103
3034,,1.0,0.08694937940643133,,1.0,-0.7486712274313958,-0.8555848971203668,-0.7318533497187558,-0.8113304931982696,-0.9120543181122037
3035,,1.0,-0.4956808203698436,,1.0,-0.871259009944578,-0.900017502509013,-0.7105069453087416,-0.9152476530689461,-0.6207997994641827
3036,,1.0,0.103037367436127,,1.0,0.0785518283570257,0.0902446796048903,0.15710407577248167,0.05801794672152461,0.014809934041121344
3037,,0.0,0.31687071133841904,,0.0,-0.2973125663153484,-0.09609314572675752,-0.3626339487090851,-0.3343140324859001,-0.3482586736548824
3038,,0.0,-1.0103151121974094,,1.0,-0.39901651256994786,-0.43640101669726356,-0.7401366953208723,-0.5968072248746472,-0.578694738026243
3039,,1.0,-0.5943993746782399,,1.0,-1.2301647553100266,-0.8273402099677045,-1.097010856872038,-0.9955767045403137,-0.5999093670949743
3040,,0.0,-0.8248996244702427,,0.0,-0.6058797030230356,-0.6076075972131306,-0.6750619286569874,-0.47973573653049245,-0.5255475100429906
3041,,0.0,0.4061576756046218,,1.0,-0.9484099234676149,-1.1084986510725567,-1.0650614987146012,-1.1742984861090997,-0.98188921866296
3042,,0.0,-0.5873400520879754,,1.0,-1.8489528042119907,-1.212943167768303,-1.9601712241981573,-1.9598897008902867,-1.844664968349408
3043,,0.0,-0.37361725167215276,,1.0,-1.5384598134020429,-0.8422854655283389,-1.3871603379170283,-1.26615298747673,-0.8886765589522485
3044,,1.0,-0.18424570780950783,,1.0,-0.8667428710832845,-0.7307286697166555,-0.6453716207372915,-1.1440704101904988,-0.7984136474609718
3045,,0.0,-0.8293486392067551,,1.0,-0.9731914523000026,-1.0975856941760391,-1.3025046642233369,-1.2773516231294886,-0.7472317452523178
3046,,0.0,-1.5573115719431536,,1.0,-0.8985239516103611,-0.7282089979542538,-0.7580336234695245,-0.7208300848764672,-0.7021231882339265
3047,,1.0,-0.6029527733352122,,1.0,1.0569773999107546,1.0710064706815121,1.2428509416991538,0.6049755992588453,1.0579244994048875
3048,,0.0,-1.246325117389344,,1.0,-2.1753915033389255,-1.224805224759873,-1.9067004549033717,-2.0037564334817244,-1.820942541607719
3049,,0.0,-0.49106550300564383,,1.0,-0.6928641243345838,-0.4783227475510017,-0.44781920143254433,-0.45243858075240806,-0.6446180156390741
3050,,0.0,-0.21822052124776295,,1.0,-0.969238270669542,0.02551771614662264,-0.7553023198343697,-0.6203876778335741,-0.9701876711296222
3051,,0.0,-0.4133322731427666,,1.0,-0.4271548565290185,-0.01428487387071524,-0.5035388041835117,-0.5052162872956802,-0.655565042848896
3052,,0.0,-0.8240205317341804,,1.0,-0.8692625158064028,-0.9552145523891529,-1.1387170559013804,-1.0128636860786022,-1.195574221645874
3053,,0.0,0.5585764035394933,,1.0,-1.9775426533144949,-1.149127949202866,-1.7871858925361033,-1.747983275095997,-1.9572803459184756
3054,,0.0,-0.2216582346778614,,1.0,-0.4023654923221357,-0.6512048064367774,-0.5474519021582808,-0.46017895417532895,-0.5117240889989345
3055,,0.0,-0.36574531409955297,,0.0,-0.2441023128750018,-0.1616553575062304,-0.11746206341244847,-0.12060316235695592,-0.10399678811429434
3056,,0.0,-0.5314208482441267,,1.0,-0.6014907671047482,-0.1931574053911528,-0.29987986935765076,-0.4922645502425989,-0.32647284011128436
3057,,0.0,-0.679363499716321,,1.0,-1.0254278602760079,-1.072213630157294,-1.0465253851248024,-1.5631769001086908,-1.0056471414544965
3058,,0.0,-0.6312957499192833,,1.0,-0.9184896063551098,-0.9675134593535036,-1.0352587669998679,-0.8532714555971385,-0.8147124192404278
3059,,0.0,-0.47467450875674466,,1.0,-0.06590078711129282,0.05603239108055616,-0.27462283987007,-0.20699686170977855,0.21341380043871738
3060,,0.0,-1.0544889974677414,,1.0,-0.759014489081712,-0.8123708681081544,-0.7194981140538534,-0.5723054055989854,-0.8821507879897333
3061,,0.0,-1.0734193506735505,,1.0,-0.3361053722130934,-0.6548209117807121,-0.6975132310653164,-0.7180456111691973,-0.6023215541293896
3062,,0.0,-0.28825344678923887,,1.0,-0.1568291048225584,-1.038632046177845,-0.7748074796718785,-0.6946032278538445,-0.11121694293996184
3063,,0.0,-1.1013447741621945,,1.0,0.363180812664929,0.15546290197775586,0.3298785679995705,0.10459231041305268,0.1920395865468527
3064,,0.0,0.09997921361329591,,1.0,-1.1678169634910631,-0.8515937754432613,-0.7982524732819525,-0.5887001652225394,-1.1093504783099988
3065,,0.0,-0.766473670546776,,0.0,-0.05837770894757844,-0.434468902079623,-0.10827679358683491,-0.13503181647735427,0.04549999133745441
3066,,0.0,-0.304730111607988,,0.0,-0.05174825233435221,-0.09817765696996328,-0.012200581747196055,0.13489094370305219,0.028404700047932593
3067,,0.0,-0.5848577227690718,,0.0,0.17891984149289192,0.25689827090058087,0.2015000908195138,-0.0156425384172126,0.18546130558230026
3068,,0.0,0.40996324464745765,,0.0,-0.10083041298541694,0.0811085093304155,0.0192965603664272,-0.017832748129873347,0.03663498916406109
3069,,0.0,-0.27105276838781156,,0.0,0.6893751959958536,0.821314015250737,0.48308731423996926,0.7045600957827747,0.8012538054619295
3070,,0.0,0.288282646765173,,0.0,0.16822509030409627,0.08647289127004752,0.06113216413752138,0.2921103951285003,0.1649681545869309
3071,,0.0,0.5654161153909855,,1.0,0.7910082061288972,-0.9154312416348509,0.7573617419907008,0.5353662479071817,0.5538994783475104
3072,,1.0,-0.6166218718126935,,0.0,-0.2927759925352286,-0.3874690539302556,-0.02636712403625885,-0.047061417991120805,0.05347523713469376
3073,,0.0,-0.5063331868556831,,0.0,-1.4730613333758407,-0.9702971550994972,-1.4608705599371923,-1.5582082152588865,-1.5192619772912135
3074,,1.0,-0.2015869259511406,,0.0,-0.514190031830855,-0.6284086484884094,-0.4938569839337202,-0.5108309185795322,-0.42361117948561816
3075,,1.0,-0.10886977133887067,,0.0,-0.8880025222161024,-1.0917785716136141,-1.2165990715666382,-0.924411909288223,-0.9838448500491233
3076,,1.0,0.6599776660338222,,0.0,-0.5671024374219976,-0.6965987707288933,-0.6356812439946784,-0.7469132625887109,-0.819325941600761
3077,,1.0,0.532903938600141,,0.0,-0.21119994330150985,-0.1810779609040865,-0.21716981661866824,-0.8673823373175362,-0.26797985782451317
3078,,1.0,-0.7161056515494322,,0.0,-0.01390365086524616,-0.2610870533643207,0.12216664009560045,-0.06650166263683663,-0.051065919136491694
3079,,1.0,-0.8042542927533926,,0.0,-0.19185477551516522,-0.5001222831058317,-0.508137558316765,-0.6916733002689195,-0.194650263260242
3080,,1.0,0.4347854330730661,,0.0,-0.687884208918181,-0.45559366606631413,-0.8972587179245954,-0.8558927289479535,-0.7926509602008724
3081,,1.0,0.29002756458938805,,0.0,-0.2304728437019282,-0.13639791821560285,-0.13990416954689425,-0.22444883204739308,-0.05789669706404932
3082,,1.0,-0.23731526533282687,,0.0,-0.8523284922641489,-0.8561214209849056,-0.8611515060192465,-0.8104618485373705,-0.6408511251673812
3083,,0.0,0.2026276638832616,,0.0,-0.6345240128606722,-0.4046107950993147,-0.37574905209729564,-0.6270037061059149,-0.38230276106049627
3084,,1.0,-0.8684733212436015,,0.0,-1.200766391635897,-1.11050576190753,-1.3782367844145356,-1.453078558169438,-1.382160527388552
3085,,1.0,-0.623562386829282,,0.0,-0.418772031022917,-0.3127714413909309,-0.3452646441799053,-0.36141447209439387,-0.4704085440262746
3086,,1.0,0.20801618936621533,,0.0,-0.5493068992237236,-0.7270559662739086,-0.8530575822828435,-0.5640549077594651,-0.7203087425500735
3087,,1.0,0.5269498398308784,,0.0,-0.18381722670264583,-0.5364010605763329,-0.4429094199242509,-0.5549891887706362,-0.19458774217555633
3088,,1.0,0.7289668234311236,,0.0,-0.815319806035913,-0.8174317347601167,-0.7448471056064523,-0.6312468438779216,-0.7484439904746201
3089,,1.0,0.4390172591359076,,0.0,-0.12481162961268029,-0.06426194093277461,-0.2825265376094614,-0.22972492106521233,-0.2686443173196517
3090,,1.0,-0.4668507666943354,,1.0,-0.7321306367694792,-1.112384041028983,-0.715426222712507,-1.451134744332775,-1.0191177609902207
3091,,0.0,-0.9382656092800625,,0.0,1.0055285839576034,0.8459342358698884,0.9399080172638296,0.845671340808451,1.0752290109452234
3092,,1.0,-0.5575685281294541,,1.0,-0.4057193672404645,-0.4497175246215856,-0.71231887655436,-0.6136934149015423,-0.6236300472274682
3093,,1.0,-0.5701521541561057,,0.0,-0.6955437539071422,-0.5876559467375903,-0.46789399588176744,-0.5084885233948342,-0.5824322927507539
3094,,1.0,-0.8860250378697146,,0.0,-0.829239740601174,-1.0012532834692274,-1.0049916926539701,-0.841521859662597,-0.6972899703226538
3095,,1.0,-0.20453667182274504,,0.0,-1.4699651134049896,-1.160252395946218,-1.1378195775848812,-1.3569795203543635,-1.2152187755462966
3096,,1.0,0.014809934041121344,,1.0,-0.7432470463885305,-0.8488467577196336,-0.9150050254506047,-0.8715053277754781,-0.9238495648968357
3097,,1.0,-0.5999093670949743,,1.0,-0.11616873090959566,-0.09448792419343478,-0.17564771861972006,-0.15856722627000006,0.0897184440428277
3098,,1.0,-1.844664968349408,,0.0,-0.2979695966568992,-0.1581284347858668,-0.1295063307924438,-0.6843413423666258,-0.46628755975879416
3099,,1.0,-1.820942541607719,,0.0,-0.7590131698659129,-0.8551023603628426,-0.9391516091822794,-1.0091764982881133,-0.9000100771393756
3100,,1.0,-0.6446180156390741,,0.0,-0.7728037056334314,-0.8106027605321572,-0.7915580982760935,-0.8731832565579508,-0.6480419744490058
3101,,1.0,-0.9701876711296222,,0.0,-1.136048678775797,-0.9040354891552085,-1.0121169761603566,-1.012198642014925,-0.7902293442623545
3102,,1.0,-1.195574221645874,,0.0,0.6405244987916202,0.6076628535743862,0.780249386126482,0.4228335995698781,0.6254127462484379
3103,,1.0,-0.32647284011128436,,0.0,0.6416937433381298,0.6109203862957444,0.8815798173386687,0.056569564738182,0.7472459196514766
3104,,1.0,-0.11121694293996184,,0.0,-0.21032657922819942,-0.5317747090892738,-0.18490098894239348,-0.4057480370523635,-0.15544073675335468
3105,,1.0,0.18546130558230026,,0.0,-0.0715156984967378,-0.0785955237317066,-0.21531244773900052,-0.29463769300999537,0.008129679860685505
3106,,1.0,0.05347523713469376,,1.0,-0.40729712886133523,-0.7487676048788853,-0.5928706626979783,-0.5697373351517915,-0.591248558312948
3107,,1.0,-0.819325941600761,,1.0,-1.1920029359965683,-0.8144282307216298,-0.9323380285245192,-0.8814528254152962,-0.9731402834765368
3108,,1.0,-0.26797985782451317,,1.0,-1.0998095665360548,-0.2975279997535138,-0.19081146691411202,-0.7040567093362073,-0.20415984241266374
3109,,1.0,-0.6408511251673812,,1.0,-0.2222776432369186,-0.5409122482653618,-0.6356670460977022,-0.5298335210790741,-0.1332791540800988
3110,,1.0,-0.4704085440262746,,1.0,-0.1141504039070547,0.08287990939553969,-0.5710008370384914,-0.12913834677490033,-0.2534629232340168
3111,,1.0,-0.19458774217555633,,1.0,-0.8637647602142623,-0.9241775418709756,-1.0652487489414404,-0.9722189499297801,-0.9362490052601207
3112,,0.0,-0.2686443173196517,,1.0,0.48352827852511754,0.5262750115465671,0.09154160773160694,0.22865806184463833,0.37520253943385756
3113,,0.0,0.0897184440428277,,1.0,0.14641049343668486,0.029513724119126776,0.09787255927073978,0.12350939455508757,0.3343170687369407
3114,,1.0,-0.7902293442623545,,1.0,0.19864146075978384,0.20920682821602787,0.41423384460223384,-0.1800592715864263,0.5934218646435964
3115,,1.0,-0.1332791540800988,,1.0,-0.1992830865282759,-0.3520422699814118,-0.19990446484326346,-0.39796374632015225,-0.22222586469492006
3116,,0.0,-0.9362490052601207,,1.0,-0.4236265122750415,-0.41326502291460393,-0.6099118866441955,-0.6188031498218278,-0.6431911954811983
